item,category,2004,2005,2006,2007,2008,2009,2010,2011,2012,2013,2014,2015,2016,2017,2018,2019,2020,2021,2022,2023
가평군 - 인구 천명당 의료기관병상수＜br＞(A÷B×1000),Statistics,15.6,18.4,18.1,17.8,18.5,17.2,13.4,19.7,20.7,20.5,21.2,19.7,16.8,12.8,13.4,13.2,13.5,13.7,13.8,14.1
가평군 - 주민등록인구＜br＞(B),Statistics,54845.0,54861.0,54855.0,55698.0,57108.0,57564.0,58890.0,59358.0,60794.0,61017.0,61213.0,62008.0,62448.0,62973.0,62918.0,62415.0,62377.0,62264.0,62150.0,62302.0
가평군 - 총병상수＜br＞(A),Statistics,855.0,1010.0,995.0,992.0,1059.0,991.0,790.0,1172.0,1260.0,1251.0,1298.0,1222.0,1051.0,806.0,841.0,821.0,839.0,855.0,855.0,880.0
강남구 - 인구 천명당 의료기관병상수＜br＞(A÷B×1000),Statistics,8.7,9.3,7.9,10.7,11.3,11.6,11.6,11.1,11.6,12.3,12.8,12.7,13.3,14.4,15.4,16.0,16.0,16.6,16.7,15.7
강남구 - 주민등록인구＜br＞(B),Statistics,531517.0,540909.0,556964.0,560958.0,557832.0,562138.0,570095.0,565710.0,564197.0,563599.0,578114.0,576495.0,567115.0,556164.0,542364.0,545169.0,539231.0,533042.0,529102.0,544873.0
강남구 - 총병상수＜br＞(A),Statistics,4629.0,5054.0,4390.0,5994.0,6293.0,6523.0,6585.0,6262.0,6546.0,6921.0,7409.0,7335.0,7564.0,7987.0,8368.0,8700.0,8637.0,8852.0,8856.0,8559.0
강동구 - 인구 천명당 의료기관병상수＜br＞(A÷B×1000),Statistics,6.4,6.4,8.5,9.8,9.9,9.8,10.6,11.1,11.5,11.7,13.4,12.7,13.2,13.6,13.5,13.5,12.9,13.6,13.8,13.5
강동구 - 주민등록인구＜br＞(B),Statistics,471145.0,464059.0,461760.0,464546.0,469024.0,484745.0,491871.0,495138.0,487905.0,483379.0,476597.0,458658.0,444168.0,436223.0,427573.0,436067.0,459970.0,462664.0,460067.0,459167.0
강동구 - 총병상수＜br＞(A),Statistics,3028.0,2978.0,3918.0,4533.0,4659.0,4747.0,5211.0,5481.0,5593.0,5675.0,6385.0,5843.0,5855.0,5941.0,5778.0,5890.0,5949.0,6276.0,6327.0,6207.0
강릉시 - 인구 천명당 의료기관병상수＜br＞(A÷B×1000),Statistics,10.9,10.3,11.0,12.5,12.8,12.8,12.6,12.8,12.5,12.3,13.7,14.0,14.1,13.4,13.2,12.7,12.5,12.4,11.8,11.3
강릉시 - 주민등록인구＜br＞(B),Statistics,227259.0,224391.0,222016.0,220484.0,218399.0,217464.0,218503.0,217571.0,217741.0,216806.0,215807.0,214560.0,213846.0,213952.0,212957.0,213442.0,213321.0,212965.0,211381.0,209439.0
강릉시 - 총병상수＜br＞(A),Statistics,2486.0,2319.0,2435.0,2759.0,2800.0,2786.0,2760.0,2792.0,2714.0,2677.0,2954.0,3013.0,3011.0,2864.0,2812.0,2716.0,2660.0,2648.0,2499.0,2376.0
강북구 - 인구 천명당 의료기관병상수＜br＞(A÷B×1000),Statistics,4.5,4.7,4.7,5.5,5.7,5.7,6.2,6.7,7.0,7.1,7.0,6.4,6.1,6.4,6.9,7.1,7.6,7.7,7.9,8.0
강북구 - 주민등록인구＜br＞(B),Statistics,360525.0,353260.0,348990.0,345478.0,342274.0,340367.0,346520.0,345054.0,343157.0,338707.0,335025.0,330873.0,327195.0,324479.0,319164.0,313954.0,308055.0,299182.0,293660.0,288113.0
강북구 - 총병상수＜br＞(A),Statistics,1618.0,1657.0,1625.0,1897.0,1951.0,1955.0,2136.0,2304.0,2411.0,2421.0,2339.0,2121.0,1989.0,2086.0,2205.0,2233.0,2355.0,2299.0,2334.0,2310.0
강서구 - 인구 천명당 의료기관병상수＜br＞(A÷B×1000),Statistics,4.4,4.6,4.7,5.1,5.1,5.4,5.7,6.5,6.7,6.9,6.5,5.7,6.0,5.9,6.1,6.7,8.2,8.4,9.1,9.2
강서구 - 주민등록인구＜br＞(B),Statistics,541671.0,553660.0,554945.0,560424.0,576848.0,572836.0,574127.0,569072.0,567431.0,569070.0,585160.0,589074.0,595485.0,601691.0,596949.0,591796.0,580185.0,574315.0,569166.0,563058.0
강서구 - 총병상수＜br＞(A),Statistics,2381.0,2521.0,2619.0,2853.0,2965.0,3102.0,3254.0,3689.0,3776.0,3921.0,3785.0,3377.0,3547.0,3538.0,3616.0,3976.0,4729.0,4802.0,5205.0,5152.0
강원특별자치도 - 인구 천명당 의료기관병상수＜br＞(A÷B×1000),Statistics,10.0,9.5,9.9,10.5,10.9,10.8,11.1,11.9,11.9,11.8,12.2,12.1,11.9,11.6,11.6,11.3,11.2,11.4,11.1,10.8
강원특별자치도 - 주민등록인구＜br＞(B),Statistics,1521375.0,1513110.0,1505420.0,1503806.0,1508575.0,1512870.0,1529818.0,1536448.0,1538630.0,1542263.0,1544442.0,1549507.0,1550806.0,1550142.0,1543052.0,1541502.0,1542840.0,1538492.0,1536498.0,1527807.0
강원특별자치도 - 총병상수＜br＞(A),Statistics,15196.0,14357.0,14921.0,15763.0,16468.0,16410.0,16946.0,18230.0,18269.0,18169.0,18839.0,18703.0,18519.0,17966.0,17852.0,17372.0,17216.0,17494.0,17017.0,16534.0
강진군 - 인구 천명당 의료기관병상수＜br＞(A÷B×1000),Statistics,5.8,5.9,5.9,5.3,5.2,5.2,5.2,5.5,8.6,10.3,10.0,10.6,14.7,15.6,12.6,12.6,13.3,13.8,14.0,14.2
강진군 - 주민등록인구＜br＞(B),Statistics,43550.0,42696.0,41938.0,41352.0,41153.0,41164.0,41624.0,41599.0,40241.0,40079.0,39861.0,38758.0,37753.0,36868.0,36144.0,35286.0,34597.0,33753.0,33177.0,32722.0
강진군 - 총병상수＜br＞(A),Statistics,254.0,254.0,248.0,221.0,215.0,215.0,215.0,228.0,348.0,414.0,397.0,411.0,555.0,575.0,455.0,443.0,461.0,465.0,465.0,465.0
강화군 - 인구 천명당 의료기관병상수＜br＞(A÷B×1000),Statistics,3.8,4.2,4.5,6.7,8.6,9.6,8.0,9.7,10.7,14.3,12.1,12.3,14.0,13.3,16.1,14.1,12.7,13.0,13.4,15.4
강화군 - 주민등록인구＜br＞(B),Statistics,65114.0,65389.0,65510.0,66466.0,67387.0,67049.0,67104.0,66779.0,66752.0,66735.0,67118.0,67667.0,68010.0,68754.0,68896.0,69178.0,69203.0,69693.0,69803.0,69005.0
강화군 - 총병상수＜br＞(A),Statistics,247.0,273.0,298.0,446.0,581.0,644.0,534.0,649.0,714.0,952.0,809.0,832.0,950.0,913.0,1112.0,977.0,882.0,904.0,938.0,1060.0
거제시 - 인구 천명당 의료기관병상수＜br＞(A÷B×1000),Statistics,5.4,6.6,6.5,7.3,8.7,8.2,8.4,9.3,8.8,9.1,9.2,9.1,9.4,9.4,9.5,9.5,9.4,9.5,9.7,10.1
거제시 - 주민등록인구＜br＞(B),Statistics,190141.0,195609.0,201412.0,208208.0,217211.0,225522.0,228355.0,232787.0,236944.0,242077.0,248287.0,255828.0,257183.0,254073.0,250516.0,248276.0,245754.0,241216.0,236662.0,234038.0
거제시 - 총병상수＜br＞(A),Statistics,1019.0,1295.0,1315.0,1510.0,1883.0,1855.0,1908.0,2171.0,2080.0,2206.0,2272.0,2330.0,2414.0,2380.0,2386.0,2356.0,2318.0,2283.0,2302.0,2359.0
거창군 - 인구 천명당 의료기관병상수＜br＞(A÷B×1000),Statistics,5.7,5.8,6.7,7.9,8.0,7.6,7.5,7.9,7.9,7.9,9.8,10.4,11.8,12.6,12.7,11.3,13.5,13.6,13.7,13.6
거창군 - 주민등록인구＜br＞(B),Statistics,65615.0,64735.0,63917.0,63979.0,63268.0,63180.0,63421.0,63146.0,63103.0,63177.0,63137.0,63232.0,63308.0,62763.0,62455.0,62179.0,61502.0,61073.0,60387.0,60047.0
거창군 - 총병상수＜br＞(A),Statistics,376.0,376.0,426.0,508.0,508.0,478.0,473.0,500.0,501.0,501.0,619.0,660.0,745.0,793.0,793.0,703.0,833.0,831.0,825.0,815.0
경기 여주군 - 인구 천명당 의료기관병상수＜br＞(A÷B×1000),Statistics,9.6,11.6,12.4,11.0,11.3,14.1,15.3,15.6,15.7,,,,,,,,,,,
경기 여주군 - 주민등록인구＜br＞(B),Statistics,103976.0,104260.0,105022.0,106926.0,107355.0,108088.0,109250.0,109120.0,109550.0,,,,,,,,,,,
경기 여주군 - 총병상수＜br＞(A),Statistics,994.0,1205.0,1301.0,1178.0,1212.0,1524.0,1671.0,1697.0,1719.0,,,,,,,,,,,
경기도 - 인구 천명당 의료기관병상수＜br＞(A÷B×1000),Statistics,6.3,6.4,6.7,7.4,7.8,8.1,8.1,9.0,9.3,9.7,10.2,10.1,10.2,10.2,10.2,10.1,10.4,10.4,10.5,10.3
경기도 - 주민등록인구＜br＞(B),Statistics,10462920.0,10697215.0,10906033.0,11106211.0,11292264.0,11460610.0,11786622.0,11937415.0,12093299.0,12234630.0,12357830.0,12522606.0,12716780.0,12873895.0,13077153.0,13239666.0,13427014.0,13565450.0,13589432.0,13630821.0
경기도 - 총병상수＜br＞(A),Statistics,65502.0,68774.0,73106.0,81962.0,87806.0,92759.0,95441.0,107524.0,112517.0,118519.0,126132.0,127026.0,129372.0,131236.0,133698.0,133118.0,139190.0,141282.0,143126.0,140056.0
경남 마산시 - 인구 천명당 의료기관병상수＜br＞(A÷B×1000),Statistics,14.1,15.1,16.3,18.2,19.9,19.2,,,,,,,,,,,,,,
경남 마산시 - 주민등록인구＜br＞(B),Statistics,427248.0,425018.0,421783.0,415805.0,411078.0,406307.0,,,,,,,,,,,,,,
경남 마산시 - 총병상수＜br＞(A),Statistics,6023.0,6436.0,6885.0,7559.0,8179.0,7797.0,,,,,,,,,,,,,,
경남 진해시 - 인구 천명당 의료기관병상수＜br＞(A÷B×1000),Statistics,7.0,7.4,9.7,12.6,11.0,12.2,,,,,,,,,,,,,,
경남 진해시 - 주민등록인구＜br＞(B),Statistics,151393.0,156992.0,161175.0,163108.0,168696.0,171407.0,,,,,,,,,,,,,,
경남 진해시 - 총병상수＜br＞(A),Statistics,1067.0,1157.0,1564.0,2063.0,1850.0,2086.0,,,,,,,,,,,,,,
경남 창원시 - 인구 천명당 의료기관병상수＜br＞(A÷B×1000),Statistics,5.3,6.4,6.7,6.9,8.6,9.5,,,,,,,,,,,,,,
경남 창원시 - 주민등록인구＜br＞(B),Statistics,507161.0,504520.0,503881.0,503930.0,503518.0,502727.0,,,,,,,,,,,,,,
경남 창원시 - 총병상수＜br＞(A),Statistics,2675.0,3230.0,3399.0,3481.0,4316.0,4751.0,,,,,,,,,,,,,,
경산시 - 인구 천명당 의료기관병상수＜br＞(A÷B×1000),Statistics,12.5,13.0,13.8,13.1,12.3,14.4,11.4,14.6,15.5,15.6,15.6,16.5,16.5,17.3,15.3,13.8,13.6,13.8,14.6,13.7
경산시 - 주민등록인구＜br＞(B),Statistics,219579.0,227766.0,234839.0,236881.0,237423.0,236459.0,240708.0,243684.0,246358.0,248805.0,253968.0,256888.0,258037.0,259485.0,261093.0,263185.0,263728.0,268369.0,267725.0,266205.0
경산시 - 총병상수＜br＞(A),Statistics,2742.0,2960.0,3246.0,3110.0,2923.0,3405.0,2748.0,3548.0,3809.0,3881.0,3964.0,4229.0,4260.0,4491.0,4005.0,3621.0,3595.0,3704.0,3907.0,3648.0
경상남도 - 인구 천명당 의료기관병상수＜br＞(A÷B×1000),Statistics,9.3,10.8,11.5,12.8,13.9,14.1,14.5,15.4,15.8,16.3,16.9,17.0,18.0,18.3,19.1,18.6,19.2,19.5,19.5,19.1
경상남도 - 주민등록인구＜br＞(B),Statistics,3143814.0,3160431.0,3172857.0,3196953.0,3225255.0,3250176.0,3290536.0,3308765.0,3319314.0,3333820.0,3350257.0,3364702.0,3373871.0,3380404.0,3373988.0,3362553.0,3340216.0,3314183.0,3280493.0,3251158.0
경상남도 - 총병상수＜br＞(A),Statistics,29281.0,34221.0,36607.0,41037.0,44767.0,45764.0,47741.0,50906.0,52541.0,54236.0,56659.0,57176.0,60888.0,61966.0,64346.0,62527.0,64261.0,64596.0,64050.0,62215.0
경상북도 - 인구 천명당 의료기관병상수＜br＞(A÷B×1000),Statistics,7.9,8.8,9.8,10.3,11.7,11.8,12.4,13.0,13.7,14.5,15.4,15.9,16.3,16.7,16.6,16.4,16.5,16.5,16.8,16.6
경상북도 - 주민등록인구＜br＞(B),Statistics,2695917.0,2688491.0,2688577.0,2681364.0,2673931.0,2669876.0,2689920.0,2699195.0,2698353.0,2699440.0,2700794.0,2702826.0,2700398.0,2691706.0,2676831.0,2665836.0,2639422.0,2626609.0,2600492.0,2554324.0
경상북도 - 총병상수＜br＞(A),Statistics,21312.0,23761.0,26426.0,27659.0,31283.0,31595.0,33349.0,35154.0,36856.0,39200.0,41659.0,42922.0,43982.0,44855.0,44396.0,43726.0,43676.0,43389.0,43561.0,42495.0
경주시 - 인구 천명당 의료기관병상수＜br＞(A÷B×1000),Statistics,7.1,7.5,8.8,8.8,16.5,12.3,13.2,15.4,16.7,17.1,17.8,18.1,19.6,18.3,16.9,16.7,17.3,17.4,16.1,15.4
경주시 - 주민등록인구＜br＞(B),Statistics,277870.0,275087.0,273419.0,272206.0,269343.0,267466.0,267098.0,265488.0,264091.0,263283.0,261535.0,259773.0,259452.0,257903.0,256864.0,255402.0,253502.0,251889.0,249607.0,247489.0
경주시 - 총병상수＜br＞(A),Statistics,1971.0,2051.0,2408.0,2408.0,4450.0,3286.0,3534.0,4097.0,4422.0,4497.0,4660.0,4714.0,5085.0,4709.0,4331.0,4254.0,4373.0,4384.0,4016.0,3799.0
계룡시 - 인구 천명당 의료기관병상수＜br＞(A÷B×1000),Statistics,3.6,3.3,2.9,2.6,2.4,2.3,3.8,4.7,4.9,4.9,5.0,4.5,6.7,7.3,7.4,6.4,6.5,6.4,6.2,5.9
계룡시 - 주민등록인구＜br＞(B),Statistics,31174.0,34370.0,36846.0,37775.0,41411.0,42760.0,43088.0,42942.0,41550.0,40957.0,40552.0,41730.0,42634.0,43967.0,43731.0,42971.0,42822.0,43331.0,44475.0,46667.0
계룡시 - 총병상수＜br＞(A),Statistics,112.0,112.0,108.0,99.0,99.0,99.0,164.0,202.0,202.0,202.0,202.0,187.0,287.0,322.0,322.0,276.0,277.0,277.0,275.0,275.0
계양구 - 인구 천명당 의료기관병상수＜br＞(A÷B×1000),Statistics,5.1,5.1,5.8,5.8,6.5,7.4,7.1,10.9,11.7,10.7,12.4,12.4,12.5,13.4,13.7,13.0,13.8,14.5,15.3,15.5
계양구 - 주민등록인구＜br＞(B),Statistics,337103.0,335435.0,342335.0,342564.0,342299.0,344039.0,347810.0,344299.0,342202.0,343806.0,339538.0,334332.0,330284.0,323784.0,312680.0,303471.0,296750.0,295696.0,288856.0,280266.0
계양구 - 총병상수＜br＞(A),Statistics,1720.0,1696.0,1993.0,1992.0,2213.0,2532.0,2460.0,3752.0,4018.0,3689.0,4197.0,4161.0,4117.0,4350.0,4290.0,3937.0,4084.0,4296.0,4410.0,4341.0
고령군 - 인구 천명당 의료기관병상수＜br＞(A÷B×1000),Statistics,4.5,5.0,5.0,4.8,4.3,8.3,8.9,8.5,8.5,9.1,9.2,9.4,9.5,9.6,9.1,8.9,9.2,6.2,6.5,6.5
고령군 - 주민등록인구＜br＞(B),Statistics,34522.0,34271.0,34777.0,34907.0,34770.0,34535.0,34678.0,35455.0,35343.0,35198.0,35033.0,34594.0,34257.0,33768.0,32969.0,32373.0,31361.0,30626.0,30353.0,30139.0
고령군 - 총병상수＜br＞(A),Statistics,154.0,173.0,173.0,167.0,148.0,287.0,309.0,302.0,302.0,321.0,321.0,324.0,324.0,324.0,299.0,288.0,288.0,191.0,197.0,195.0
고성군 - 인구 천명당 의료기관병상수＜br＞(A÷B×1000),Statistics,2.6,2.5,2.6,2.7,2.7,1.9,1.1,1.8,0.9,0.9,0.3,0.3,0.3,20.1,19.9,19.3,19.7,19.4,19.2,19.6
고성군 - 주민등록인구＜br＞(B),Statistics,32361.0,31964.0,31285.0,30383.0,30172.0,30272.0,30112.0,30057.0,30124.0,30398.0,30269.0,30060.0,30114.0,30029.0,28144.0,27260.0,26757.0,27249.0,27274.0,27305.0
고성군 - 총병상수＜br＞(A),Statistics,83.0,81.0,81.0,81.0,81.0,57.0,33.0,54.0,26.0,26.0,8.0,8.0,8.0,1085.0,1059.0,1011.0,1011.0,978.0,970.0,971.0
고양시 - 인구 천명당 의료기관병상수＜br＞(A÷B×1000),Statistics,6.6,7.1,7.9,9.1,9.2,10.0,10.5,11.2,11.2,11.8,12.6,12.5,12.5,12.4,12.2,11.8,12.2,12.1,12.0,12.2
고양시 - 주민등록인구＜br＞(B),Statistics,886000.0,904077.0,910206.0,924839.0,938831.0,938784.0,950115.0,961239.0,969916.0,990571.0,1006154.0,1027546.0,1039684.0,1041983.0,1044189.0,1066351.0,1079216.0,1079353.0,1076535.0,1074907.0
고양시 - 총병상수＜br＞(A),Statistics,5813.0,6458.0,7164.0,8418.0,8633.0,9380.0,9943.0,10771.0,10891.0,11732.0,12680.0,12798.0,12996.0,12922.0,12722.0,12596.0,13121.0,13029.0,12969.0,13152.0
고창군 - 인구 천명당 의료기관병상수＜br＞(A÷B×1000),Statistics,6.2,9.8,11.1,10.7,9.1,10.1,11.8,12.7,12.9,13.7,13.5,15.4,15.8,15.5,17.7,19.4,19.6,19.8,20.0,22.8
고창군 - 주민등록인구＜br＞(B),Statistics,65203.0,63676.0,62030.0,60962.0,60328.0,60102.0,60861.0,60065.0,60440.0,60522.0,60090.0,60046.0,60597.0,60472.0,57041.0,55504.0,54529.0,53386.0,52338.0,51750.0
고창군 - 총병상수＜br＞(A),Statistics,402.0,626.0,690.0,650.0,551.0,609.0,717.0,760.0,782.0,829.0,814.0,924.0,956.0,938.0,1009.0,1075.0,1068.0,1059.0,1049.0,1178.0
고흥군 - 인구 천명당 의료기관병상수＜br＞(A÷B×1000),Statistics,18.5,19.2,19.7,21.4,22.5,23.1,23.2,24.2,24.1,24.5,25.5,21.1,21.4,21.7,21.1,21.1,11.9,21.7,22.0,22.3
고흥군 - 주민등록인구＜br＞(B),Statistics,86747.0,83830.0,81068.0,78589.0,76605.0,75127.0,73924.0,72607.0,71560.0,70631.0,69641.0,68601.0,67656.0,66736.0,65777.0,64913.0,63922.0,62762.0,61880.0,61113.0
고흥군 - 총병상수＜br＞(A),Statistics,1606.0,1606.0,1601.0,1683.0,1720.0,1734.0,1712.0,1757.0,1727.0,1727.0,1776.0,1450.0,1445.0,1446.0,1386.0,1369.0,758.0,1361.0,1361.0,1361.0
곡성군 - 인구 천명당 의료기관병상수＜br＞(A÷B×1000),Statistics,3.4,3.4,4.5,4.6,4.7,7.3,7.3,9.7,12.1,12.4,12.5,13.7,13.8,13.3,12.5,12.8,9.5,9.6,9.8,9.6
곡성군 - 주민등록인구＜br＞(B),Statistics,34396.0,34157.0,33631.0,33311.0,32608.0,32084.0,31886.0,31332.0,30878.0,31009.0,30732.0,30672.0,30400.0,30131.0,29624.0,28887.0,28039.0,27535.0,27060.0,26905.0
곡성군 - 총병상수＜br＞(A),Statistics,117.0,117.0,152.0,152.0,152.0,234.0,234.0,303.0,373.0,383.0,383.0,421.0,421.0,400.0,371.0,370.0,265.0,265.0,265.0,257.0
공주시 - 인구 천명당 의료기관병상수＜br＞(A÷B×1000),Statistics,19.2,20.6,22.0,22.1,23.2,25.6,27.0,19.4,20.0,20.1,21.3,24.7,24.2,25.5,25.6,25.0,37.1,36.9,36.5,34.4
공주시 - 주민등록인구＜br＞(B),Statistics,130280.0,129489.0,128330.0,126612.0,125143.0,124172.0,124930.0,124748.0,117298.0,116369.0,113621.0,111261.0,109931.0,108432.0,107581.0,106474.0,104545.0,103145.0,102571.0,102104.0
공주시 - 총병상수＜br＞(A),Statistics,2504.0,2661.0,2825.0,2796.0,2903.0,3175.0,3373.0,2416.0,2341.0,2342.0,2421.0,2747.0,2664.0,2760.0,2751.0,2658.0,3876.0,3803.0,3739.0,3509.0
과천시 - 인구 천명당 의료기관병상수＜br＞(A÷B×1000),Statistics,0.3,0.2,0.2,0.2,0.2,0.2,0.2,0.3,0.3,0.3,0.3,0.3,0.3,0.0,0.0,,,,,
과천시 - 주민등록인구＜br＞(B),Statistics,68333.0,60956.0,60482.0,62291.0,69477.0,72049.0,72279.0,71955.0,71068.0,70578.0,70156.0,68946.0,63778.0,57527.0,58142.0,58289.0,63231.0,73345.0,78137.0,81000.0
과천시 - 총병상수＜br＞(A),Statistics,20.0,12.0,12.0,12.0,12.0,12.0,13.0,18.0,18.0,18.0,18.0,18.0,18.0,1.0,1.0,,,,,
관악구 - 인구 천명당 의료기관병상수＜br＞(A÷B×1000),Statistics,2.9,2.9,3.6,3.5,3.3,2.4,3.7,4.1,4.0,4.4,4.9,4.8,4.8,4.7,4.8,4.7,5.0,5.2,5.0,4.7
관악구 - 주민등록인구＜br＞(B),Statistics,530156.0,530020.0,535217.0,535571.0,534556.0,529869.0,531434.0,526397.0,523029.0,518028.0,513186.0,509663.0,506851.0,503297.0,501957.0,500094.0,495060.0,485699.0,486752.0,481956.0
관악구 - 총병상수＜br＞(A),Statistics,1521.0,1563.0,1921.0,1865.0,1773.0,1282.0,1952.0,2179.0,2087.0,2303.0,2495.0,2430.0,2446.0,2343.0,2406.0,2353.0,2459.0,2503.0,2430.0,2280.0
광명시 - 인구 천명당 의료기관병상수＜br＞(A÷B×1000),Statistics,4.0,4.1,4.4,4.5,4.5,4.0,4.0,4.8,5.3,5.9,6.0,6.0,6.3,6.3,6.9,6.8,6.8,7.3,9.1,9.0
광명시 - 주민등록인구＜br＞(B),Statistics,331419.0,327828.0,313372.0,313019.0,310501.0,314257.0,343982.0,355226.0,355560.0,353100.0,348560.0,344978.0,339484.0,332790.0,326841.0,316552.0,298599.0,292893.0,287945.0,280197.0
광명시 - 총병상수＜br＞(A),Statistics,1341.0,1350.0,1385.0,1418.0,1392.0,1268.0,1365.0,1722.0,1896.0,2091.0,2093.0,2076.0,2149.0,2085.0,2264.0,2165.0,2035.0,2140.0,2634.0,2514.0
광산구 - 인구 천명당 의료기관병상수＜br＞(A÷B×1000),Statistics,10.2,10.1,11.2,12.3,13.0,12.6,14.1,17.7,19.5,20.1,22.7,24.1,22.8,23.9,24.6,24.2,23.4,23.0,24.0,25.0
광산구 - 주민등록인구＜br＞(B),Statistics,296101.0,306989.0,311621.0,316101.0,320660.0,342936.0,363239.0,375509.0,385101.0,392875.0,397281.0,400753.0,403049.0,404131.0,404547.0,405315.0,405579.0,404221.0,400654.0,396741.0
광산구 - 총병상수＜br＞(A),Statistics,3035.0,3110.0,3475.0,3879.0,4172.0,4327.0,5116.0,6658.0,7492.0,7897.0,9012.0,9659.0,9206.0,9655.0,9936.0,9814.0,9477.0,9315.0,9614.0,9905.0
광양시 - 인구 천명당 의료기관병상수＜br＞(A÷B×1000),Statistics,5.7,5.9,6.2,6.7,3.5,3.5,3.7,3.4,4.9,4.8,6.1,6.6,7.0,7.8,7.3,10.0,9.9,10.7,10.8,11.1
광양시 - 주민등록인구＜br＞(B),Statistics,137601.0,138098.0,138237.0,138865.0,141388.0,143461.0,145512.0,150725.0,150837.0,151621.0,152097.0,153587.0,155580.0,155857.0,156564.0,156750.0,151769.0,150531.0,152168.0,152666.0
광양시 - 총병상수＜br＞(A),Statistics,783.0,812.0,860.0,931.0,499.0,499.0,545.0,519.0,740.0,731.0,929.0,1013.0,1093.0,1208.0,1146.0,1561.0,1496.0,1606.0,1638.0,1697.0
광주광역시 - 인구 천명당 의료기관병상수＜br＞(A÷B×1000),Statistics,9.5,9.5,10.2,11.9,13.0,13.8,14.6,17.2,19.1,21.1,23.6,25.5,26.7,28.2,27.9,27.6,27.4,27.2,27.4,27.6
광주광역시 - 주민등록인구＜br＞(B),Statistics,1401172.0,1401745.0,1407798.0,1413444.0,1422702.0,1433640.0,1454636.0,1463464.0,1469216.0,1472910.0,1475884.0,1472199.0,1469214.0,1463770.0,1459336.0,1456468.0,1450062.0,1441611.0,1431050.0,1419237.0
광주광역시 - 총병상수＜br＞(A),Statistics,13321.0,13262.0,14410.0,16863.0,18429.0,19844.0,21274.0,25193.0,28135.0,31086.0,34885.0,37471.0,39228.0,41267.0,40727.0,40206.0,39793.0,39187.0,39257.0,39172.0
광주시 - 인구 천명당 의료기관병상수＜br＞(A÷B×1000),Statistics,4.2,4.5,4.3,4.4,4.3,4.5,5.3,5.0,4.3,4.6,4.5,4.6,4.9,5.5,5.4,5.7,5.2,5.2,5.5,5.1
광주시 - 주민등록인구＜br＞(B),Statistics,205641.0,214498.0,222048.0,229319.0,234777.0,238583.0,249789.0,265222.0,275656.0,286699.0,298858.0,312579.0,327723.0,345947.0,363782.0,372654.0,382054.0,387289.0,391462.0,391377.0
광주시 - 총병상수＜br＞(A),Statistics,859.0,960.0,952.0,1013.0,1018.0,1076.0,1334.0,1330.0,1181.0,1313.0,1342.0,1424.0,1595.0,1902.0,1965.0,2119.0,1994.0,2001.0,2148.0,1991.0
광진구 - 인구 천명당 의료기관병상수＜br＞(A÷B×1000),Statistics,6.8,7.4,8.3,8.4,8.5,8.2,8.8,8.8,9.0,7.4,7.7,6.9,6.6,6.4,6.5,7.7,7.5,7.7,7.9,7.7
광진구 - 주민등록인구＜br＞(B),Statistics,380537.0,375613.0,374442.0,376572.0,375482.0,373998.0,375463.0,371936.0,371313.0,368927.0,363354.0,360369.0,357215.0,357703.0,355559.0,351350.0,346682.0,339996.0,337416.0,335554.0
광진구 - 총병상수＜br＞(A),Statistics,2594.0,2797.0,3103.0,3168.0,3190.0,3079.0,3293.0,3257.0,3335.0,2725.0,2780.0,2470.0,2360.0,2274.0,2322.0,2699.0,2591.0,2622.0,2650.0,2580.0
괴산군 - 인구 천명당 의료기관병상수＜br＞(A÷B×1000),Statistics,2.7,2.8,4.4,6.5,7.3,7.6,6.5,7.4,8.9,7.9,7.8,9.4,9.4,9.4,10.1,10.2,10.4,10.2,10.5,10.2
괴산군 - 주민등록인구＜br＞(B),Statistics,39586.0,38595.0,37570.0,36873.0,36566.0,36775.0,36827.0,37333.0,37713.0,38059.0,38351.0,38787.0,38973.0,39054.0,39133.0,39163.0,39393.0,38122.0,37055.0,36590.0
괴산군 - 총병상수＜br＞(A),Statistics,108.0,109.0,166.0,239.0,267.0,280.0,241.0,278.0,334.0,300.0,301.0,365.0,365.0,368.0,396.0,398.0,409.0,390.0,390.0,375.0
구례군 - 인구 천명당 의료기관병상수＜br＞(A÷B×1000),Statistics,9.0,11.2,11.4,15.2,17.1,16.5,18.2,17.1,23.0,23.2,24.1,24.4,23.9,23.7,24.3,23.9,24.7,24.9,25.3,17.8
구례군 - 주민등록인구＜br＞(B),Statistics,30232.0,29577.0,28837.0,28203.0,27703.0,27518.0,27375.0,27422.0,27077.0,27115.0,27170.0,27308.0,27412.0,27525.0,27117.0,26563.0,25719.0,25235.0,24655.0,24314.0
구례군 - 총병상수＜br＞(A),Statistics,271.0,331.0,330.0,428.0,473.0,453.0,497.0,470.0,624.0,628.0,654.0,666.0,654.0,652.0,658.0,635.0,635.0,629.0,625.0,433.0
구로구 - 인구 천명당 의료기관병상수＜br＞(A÷B×1000),Statistics,3.6,4.0,4.1,4.6,5.7,5.7,6.6,6.4,7.1,6.9,9.1,9.0,8.9,9.5,10.9,11.5,11.0,11.7,12.0,12.2
구로구 - 주민등록인구＜br＞(B),Statistics,416828.0,416405.0,419832.0,420542.0,420795.0,421967.0,423736.0,427468.0,427520.0,424964.0,425831.0,422092.0,417551.0,410742.0,404497.0,406664.0,404408.0,396754.0,395315.0,392405.0
구로구 - 총병상수＜br＞(A),Statistics,1510.0,1647.0,1710.0,1928.0,2390.0,2413.0,2815.0,2754.0,3022.0,2913.0,3856.0,3784.0,3721.0,3920.0,4403.0,4675.0,4433.0,4628.0,4744.0,4776.0
구리시 - 인구 천명당 의료기관병상수＜br＞(A÷B×1000),Statistics,5.8,6.6,6.7,7.1,8.6,8.1,8.3,9.3,10.4,11.2,13.2,13.0,12.2,13.6,13.7,13.0,12.4,13.5,14.3,14.5
구리시 - 주민등록인구＜br＞(B),Statistics,193438.0,192548.0,193847.0,196800.0,195874.0,195593.0,196398.0,194881.0,192341.0,189680.0,186820.0,186721.0,193763.0,200042.0,203553.0,199265.0,197454.0,191948.0,188701.0,187093.0
구리시 - 총병상수＜br＞(A),Statistics,1131.0,1262.0,1307.0,1393.0,1688.0,1576.0,1623.0,1813.0,2008.0,2115.0,2458.0,2427.0,2365.0,2720.0,2798.0,2597.0,2446.0,2590.0,2706.0,2711.0
구미시 - 인구 천명당 의료기관병상수＜br＞(A÷B×1000),Statistics,4.5,5.6,5.4,5.9,6.1,6.1,6.9,6.5,6.8,7.4,7.9,8.7,8.6,9.0,9.2,9.0,9.3,9.2,9.9,9.7
구미시 - 주민등록인구＜br＞(B),Statistics,365681.0,374614.0,386465.0,391897.0,393959.0,396419.0,404920.0,413446.0,416949.0,419428.0,420320.0,419915.0,419891.0,421799.0,421494.0,419742.0,416328.0,412581.0,408110.0,405506.0
구미시 - 총병상수＜br＞(A),Statistics,1656.0,2082.0,2089.0,2310.0,2421.0,2427.0,2811.0,2680.0,2823.0,3113.0,3333.0,3637.0,3610.0,3782.0,3887.0,3776.0,3892.0,3800.0,4033.0,3935.0
군산시 - 인구 천명당 의료기관병상수＜br＞(A÷B×1000),Statistics,6.5,8.3,9.1,9.5,9.9,10.8,9.7,11.5,12.6,12.2,13.3,14.8,14.8,14.3,14.9,16.7,17.1,17.6,17.9,17.6
군산시 - 주민등록인구＜br＞(B),Statistics,265168.0,263120.0,260989.0,260562.0,263845.0,266922.0,272601.0,275659.0,278341.0,278319.0,278098.0,278398.0,277551.0,274997.0,272645.0,270131.0,267859.0,265304.0,262467.0,259980.0
군산시 - 총병상수＜br＞(A),Statistics,1735.0,2174.0,2387.0,2486.0,2624.0,2893.0,2644.0,3157.0,3501.0,3393.0,3711.0,4128.0,4094.0,3938.0,4056.0,4508.0,4579.0,4665.0,4705.0,4578.0
군위군 - 인구 천명당 의료기관병상수＜br＞(A÷B×1000),Statistics,3.2,3.4,3.6,3.7,3.4,3.5,3.5,4.1,4.1,4.1,4.1,4.1,4.1,0.4,0.4,0.4,0.4,0.4,0.4,
군위군 - 주민등록인구＜br＞(B),Statistics,28825.0,27709.0,26687.0,25781.0,25309.0,24966.0,24736.0,24268.0,24119.0,24172.0,24170.0,24126.0,24171.0,24215.0,23919.0,23843.0,23256.0,22945.0,23340.0,22988.0
군위군 - 총병상수＜br＞(A),Statistics,91.0,95.0,95.0,95.0,87.0,87.0,87.0,100.0,100.0,100.0,100.0,100.0,100.0,10.0,10.0,10.0,10.0,10.0,10.0,10.0
군포시 - 인구 천명당 의료기관병상수＜br＞(A÷B×1000),Statistics,4.1,3.4,4.2,4.6,4.6,5.0,5.7,5.9,7.3,8.2,8.8,8.7,9.0,8.9,9.0,8.3,8.4,8.5,7.7,7.6
군포시 - 주민등록인구＜br＞(B),Statistics,275761.0,277781.0,274569.0,275351.0,277590.0,275731.0,287833.0,287294.0,286841.0,286344.0,288408.0,287519.0,284890.0,281205.0,276916.0,275852.0,273791.0,268535.0,266213.0,261229.0
군포시 - 총병상수＜br＞(A),Statistics,1124.0,951.0,1154.0,1260.0,1280.0,1365.0,1636.0,1683.0,2104.0,2355.0,2528.0,2507.0,2570.0,2512.0,2489.0,2288.0,2289.0,2280.0,2060.0,1986.0
금산군 - 인구 천명당 의료기관병상수＜br＞(A÷B×1000),Statistics,6.5,8.1,9.0,11.9,14.3,15.1,16.7,17.3,17.4,13.5,13.4,13.6,13.7,13.9,13.6,12.0,11.8,11.8,11.9,11.9
금산군 - 주민등록인구＜br＞(B),Statistics,60048.0,58378.0,57552.0,57690.0,56740.0,56220.0,56555.0,56030.0,55715.0,55441.0,55166.0,54879.0,54612.0,53894.0,53222.0,52257.0,51413.0,50477.0,50092.0,50093.0
금산군 - 총병상수＜br＞(A),Statistics,393.0,473.0,520.0,685.0,812.0,851.0,947.0,969.0,972.0,749.0,741.0,749.0,749.0,749.0,726.0,627.0,606.0,598.0,598.0,598.0
금정구 - 인구 천명당 의료기관병상수＜br＞(A÷B×1000),Statistics,10.7,12.2,13.3,14.6,15.2,17.3,16.3,18.1,20.2,21.5,22.4,22.1,23.3,23.8,25.6,25.2,25.2,24.2,24.2,24.2
금정구 - 주민등록인구＜br＞(B),Statistics,271046.0,264880.0,263338.0,258934.0,256398.0,252039.0,255419.0,254720.0,255692.0,253526.0,249856.0,246026.0,244624.0,244469.0,242956.0,239062.0,232666.0,228049.0,221256.0,215590.0
금정구 - 총병상수＜br＞(A),Statistics,2893.0,3220.0,3495.0,3792.0,3907.0,4355.0,4170.0,4620.0,5170.0,5451.0,5605.0,5448.0,5710.0,5824.0,6210.0,6019.0,5866.0,5514.0,5365.0,5217.0
금천구 - 인구 천명당 의료기관병상수＜br＞(A÷B×1000),Statistics,3.3,3.2,3.1,3.8,4.0,4.3,4.5,5.6,7.1,7.7,8.0,8.2,8.6,8.7,8.2,9.3,9.6,9.4,9.3,9.3
금천구 - 주민등록인구＜br＞(B),Statistics,259633.0,256902.0,253243.0,249108.0,247320.0,244835.0,245195.0,243438.0,243288.0,241020.0,238463.0,236284.0,235386.0,235154.0,233917.0,232810.0,231733.0,230811.0,229642.0,227481.0
금천구 - 총병상수＜br＞(A),Statistics,851.0,829.0,780.0,938.0,1000.0,1061.0,1113.0,1368.0,1724.0,1848.0,1899.0,1935.0,2031.0,2042.0,1911.0,2161.0,2220.0,2181.0,2136.0,2125.0
기장군 - 인구 천명당 의료기관병상수＜br＞(A÷B×1000),Statistics,4.3,5.2,8.1,9.1,9.5,9.4,11.8,13.3,14.6,12.0,12.6,13.5,13.4,12.3,12.3,10.7,10.0,9.7,9.9,9.9
기장군 - 주민등록인구＜br＞(B),Statistics,79788.0,80104.0,79334.0,79565.0,81159.0,89384.0,102557.0,108095.0,114566.0,132507.0,144748.0,153093.0,158527.0,161651.0,164864.0,164716.0,174545.0,177125.0,178614.0,178729.0
기장군 - 총병상수＜br＞(A),Statistics,342.0,419.0,643.0,724.0,768.0,844.0,1206.0,1437.0,1674.0,1594.0,1818.0,2066.0,2129.0,1995.0,2029.0,1768.0,1747.0,1722.0,1772.0,1771.0
김제시 - 인구 천명당 의료기관병상수＜br＞(A÷B×1000),Statistics,9.2,15.2,18.4,21.7,21.5,25.2,31.5,35.0,36.6,36.1,37.4,37.7,35.2,41.8,41.6,39.9,40.3,43.7,44.7,43.7
김제시 - 주민등록인구＜br＞(B),Statistics,105195.0,102720.0,100238.0,97615.0,95807.0,94770.0,94346.0,93111.0,92317.0,91218.0,90108.0,88721.0,87782.0,86926.0,85331.0,83895.0,82450.0,80913.0,81455.0,81430.0
김제시 - 총병상수＜br＞(A),Statistics,967.0,1562.0,1846.0,2120.0,2064.0,2388.0,2975.0,3257.0,3382.0,3290.0,3370.0,3344.0,3091.0,3630.0,3552.0,3348.0,3324.0,3532.0,3641.0,3555.0
김천시 - 인구 천명당 의료기관병상수＜br＞(A÷B×1000),Statistics,10.0,12.3,13.2,13.2,13.6,14.3,14.7,15.4,16.6,16.5,16.9,16.0,15.5,15.3,15.4,15.4,15.3,14.6,14.8,15.0
김천시 - 주민등록인구＜br＞(B),Statistics,143527.0,141632.0,139682.0,139084.0,138056.0,135918.0,136136.0,136185.0,135504.0,135259.0,135456.0,140132.0,142256.0,142908.0,141104.0,141229.0,140548.0,140239.0,139324.0,137515.0
김천시 - 총병상수＜br＞(A),Statistics,1440.0,1738.0,1842.0,1840.0,1877.0,1937.0,2003.0,2099.0,2249.0,2237.0,2287.0,2241.0,2205.0,2186.0,2179.0,2178.0,2152.0,2044.0,2058.0,2059.0
김포시 - 인구 천명당 의료기관병상수＜br＞(A÷B×1000),Statistics,8.3,9.4,9.9,8.9,9.6,10.1,9.9,9.8,8.7,8.3,7.9,8.4,8.5,7.5,7.3,9.0,9.0,8.8,8.9,9.4
김포시 - 주민등록인구＜br＞(B),Statistics,208192.0,207229.0,207824.0,205997.0,220418.0,225805.0,238339.0,256994.0,287432.0,312305.0,340310.0,349990.0,363443.0,392092.0,423170.0,437221.0,473970.0,486508.0,484267.0,486172.0
김포시 - 총병상수＜br＞(A),Statistics,1738.0,1943.0,2051.0,1842.0,2106.0,2285.0,2371.0,2529.0,2509.0,2589.0,2686.0,2927.0,3105.0,2943.0,3079.0,3940.0,4244.0,4259.0,4297.0,4584.0
김해시 - 인구 천명당 의료기관병상수＜br＞(A÷B×1000),Statistics,7.3,10.8,10.9,13.6,14.7,14.8,15.1,16.4,16.9,16.4,18.0,18.4,19.4,20.9,21.3,19.7,19.9,20.5,20.3,19.3
김해시 - 주민등록인구＜br＞(B),Statistics,427432.0,443017.0,453728.0,464964.0,477572.0,492413.0,503348.0,507062.0,513260.0,522049.0,527240.0,528865.0,529422.0,532132.0,533672.0,542455.0,542338.0,537673.0,535129.0,533659.0
김해시 - 총병상수＜br＞(A),Statistics,3103.0,4800.0,4930.0,6330.0,7005.0,7285.0,7621.0,8331.0,8653.0,8557.0,9474.0,9754.0,10262.0,11114.0,11388.0,10672.0,10795.0,11013.0,10863.0,10280.0
나주시 - 인구 천명당 의료기관병상수＜br＞(A÷B×1000),Statistics,18.5,21.5,27.6,28.4,29.0,28.6,30.7,37.8,42.2,42.2,43.6,40.7,37.0,36.3,36.6,37.0,34.8,33.8,33.8,32.1
나주시 - 주민등록인구＜br＞(B),Statistics,99308.0,97980.0,96417.0,95439.0,92884.0,90875.0,90118.0,88243.0,88067.0,87754.0,90669.0,98182.0,104376.0,110110.0,113839.0,114664.0,115613.0,116726.0,116456.0,117377.0
나주시 - 총병상수＜br＞(A),Statistics,1841.0,2110.0,2662.0,2708.0,2695.0,2600.0,2763.0,3335.0,3717.0,3702.0,3954.0,4000.0,3865.0,3998.0,4162.0,4240.0,4018.0,3940.0,3936.0,3763.0
남구 - 인구 천명당 의료기관병상수＜br＞(A÷B×1000),Statistics,3.0,3.1,5.7,6.8,6.6,7.0,7.7,8.9,9.6,10.4,11.2,11.6,13.0,12.7,12.4,12.2,12.6,13.0,13.3,14.1
남구 - 주민등록인구＜br＞(B),Statistics,304481.0,302257.0,297893.0,296666.0,298314.0,297963.0,298458.0,295121.0,291175.0,291770.0,286989.0,283101.0,278779.0,273854.0,279917.0,274480.0,267731.0,262069.0,256333.0,254185.0
남구 - 총병상수＜br＞(A),Statistics,914.0,944.0,1711.0,2014.0,1980.0,2084.0,2306.0,2620.0,2784.0,3041.0,3202.0,3271.0,3621.0,3481.0,3462.0,3361.0,3376.0,3405.0,3401.0,3576.0
남동구 - 인구 천명당 의료기관병상수＜br＞(A÷B×1000),Statistics,8.2,8.5,8.8,8.8,11.4,8.9,9.4,9.9,10.7,11.7,12.9,11.7,12.2,12.8,13.1,13.9,14.3,15.4,15.6,15.9
남동구 - 주민등록인구＜br＞(B),Statistics,384244.0,379310.0,390044.0,425217.0,450054.0,463414.0,473423.0,495469.0,503597.0,507021.0,514656.0,531395.0,530982.0,536578.0,537161.0,532704.0,525354.0,518272.0,506181.0,492415.0
남동구 - 총병상수＜br＞(A),Statistics,3155.0,3242.0,3449.0,3761.0,5111.0,4106.0,4465.0,4918.0,5369.0,5910.0,6629.0,6236.0,6488.0,6858.0,7014.0,7411.0,7508.0,7956.0,7883.0,7816.0
남양주시 - 인구 천명당 의료기관병상수＜br＞(A÷B×1000),Statistics,5.1,5.2,5.0,6.1,6.8,8.0,8.2,8.4,8.8,8.8,8.9,8.5,9.1,9.7,9.1,8.6,8.7,8.5,9.0,8.4
남양주시 - 주민등록인구＜br＞(B),Statistics,418360.0,450054.0,470617.0,492347.0,505867.0,525211.0,564141.0,578485.0,599539.0,618305.0,636256.0,653454.0,662154.0,665321.0,681828.0,701830.0,713321.0,733798.0,737353.0,732265.0
남양주시 - 총병상수＜br＞(A),Statistics,2153.0,2318.0,2372.0,3023.0,3433.0,4179.0,4650.0,4861.0,5269.0,5455.0,5688.0,5570.0,6015.0,6446.0,6227.0,6063.0,6212.0,6268.0,6620.0,6180.0
남원시 - 인구 천명당 의료기관병상수＜br＞(A÷B×1000),Statistics,9.9,11.5,11.8,14.4,15.6,17.3,19.5,19.5,20.3,20.6,23.6,18.1,21.2,20.9,21.9,21.6,19.8,19.7,19.2,18.6
남원시 - 주민등록인구＜br＞(B),Statistics,96243.0,93670.0,91265.0,89247.0,88356.0,87675.0,87775.0,87455.0,87000.0,86460.0,85643.0,84856.0,84188.0,83281.0,82554.0,81441.0,80662.0,79431.0,77948.0,76781.0
남원시 - 총병상수＜br＞(A),Statistics,954.0,1077.0,1077.0,1281.0,1375.0,1517.0,1713.0,1705.0,1768.0,1783.0,2018.0,1535.0,1786.0,1741.0,1809.0,1762.0,1600.0,1566.0,1498.0,1430.0
남해군 - 인구 천명당 의료기관병상수＜br＞(A÷B×1000),Statistics,3.2,3.2,3.2,3.0,5.1,5.0,5.7,5.7,5.9,6.1,6.1,6.1,6.2,6.5,6.5,6.0,6.8,7.2,7.3,7.2
남해군 - 주민등록인구＜br＞(B),Statistics,53129.0,51825.0,50792.0,55026.0,50698.0,50244.0,49328.0,50242.0,48223.0,47244.0,46638.0,45865.0,45129.0,44642.0,43990.0,43622.0,42958.0,42266.0,41579.0,40780.0
남해군 - 총병상수＜br＞(A),Statistics,168.0,168.0,164.0,164.0,259.0,253.0,282.0,286.0,286.0,286.0,286.0,282.0,282.0,288.0,288.0,261.0,290.0,305.0,305.0,295.0
노원구 - 인구 천명당 의료기관병상수＜br＞(A÷B×1000),Statistics,5.4,5.5,5.7,5.8,5.7,5.4,5.5,6.1,6.1,6.3,6.5,6.2,6.9,7.0,6.9,6.5,6.8,7.0,7.1,6.9
노원구 - 주민등록인구＜br＞(B),Statistics,628184.0,622003.0,618093.0,616753.0,615981.0,610616.0,611230.0,603930.0,597189.0,590479.0,582552.0,574583.0,567581.0,554403.0,543752.0,532905.0,523037.0,510956.0,503734.0,498213.0
노원구 - 총병상수＜br＞(A),Statistics,3372.0,3441.0,3554.0,3580.0,3515.0,3305.0,3363.0,3707.0,3643.0,3702.0,3796.0,3551.0,3924.0,3880.0,3773.0,3489.0,3582.0,3552.0,3557.0,3461.0
논산시 - 인구 천명당 의료기관병상수＜br＞(A÷B×1000),Statistics,11.4,8.8,12.4,11.6,14.3,16.5,16.9,19.7,20.9,21.7,25.6,27.2,27.0,27.3,27.2,25.4,24.1,24.3,25.2,24.7
논산시 - 주민등록인구＜br＞(B),Statistics,135572.0,134217.0,131466.0,129486.0,127797.0,127097.0,127507.0,127533.0,126653.0,125844.0,124784.0,124232.0,123213.0,122240.0,120230.0,118842.0,116675.0,114483.0,112617.0,110423.0
논산시 - 총병상수＜br＞(A),Statistics,1545.0,1179.0,1629.0,1501.0,1824.0,2096.0,2153.0,2513.0,2642.0,2730.0,3191.0,3373.0,3325.0,3335.0,3276.0,3018.0,2812.0,2787.0,2835.0,2727.0
단양군 - 인구 천명당 의료기관병상수＜br＞(A÷B×1000),Statistics,6.8,7.2,7.3,7.5,7.4,7.4,7.0,7.5,7.6,7.2,7.3,6.9,8.0,8.1,7.7,7.6,6.7,6.8,7.0,5.5
단양군 - 주민등록인구＜br＞(B),Statistics,34743.0,34122.0,33346.0,32399.0,31929.0,31842.0,31817.0,31595.0,31253.0,31171.0,30948.0,30761.0,30503.0,30215.0,30255.0,29756.0,29155.0,28331.0,27767.0,27701.0
단양군 - 총병상수＜br＞(A),Statistics,237.0,245.0,245.0,242.0,236.0,236.0,224.0,237.0,237.0,223.0,226.0,211.0,244.0,244.0,233.0,225.0,194.0,194.0,194.0,152.0
달서구 - 인구 천명당 의료기관병상수＜br＞(A÷B×1000),Statistics,6.2,7.1,7.6,8.4,9.9,10.1,10.2,10.6,10.4,11.4,12.5,13.5,13.7,13.3,13.6,15.3,16.5,17.1,17.6,16.8
달서구 - 주민등록인구＜br＞(B),Statistics,601467.0,595860.0,589041.0,591169.0,594616.0,598011.0,607083.0,606542.0,606557.0,610358.0,606433.0,602641.0,591891.0,578068.0,573413.0,568887.0,558631.0,544926.0,536989.0,527781.0
달서구 - 총병상수＜br＞(A),Statistics,3734.0,4202.0,4499.0,4972.0,5884.0,6027.0,6191.0,6422.0,6312.0,6930.0,7551.0,8113.0,8107.0,7714.0,7776.0,8703.0,9223.0,9316.0,9468.0,8868.0
달성군 - 인구 천명당 의료기관병상수＜br＞(A÷B×1000),Statistics,5.1,6.4,6.9,7.0,8.2,9.4,10.3,12.0,12.5,12.0,12.3,12.1,10.9,9.9,9.9,10.8,10.8,11.5,11.5,11.6
달성군 - 주민등록인구＜br＞(B),Statistics,155905.0,158353.0,158314.0,160443.0,171001.0,176135.0,178899.0,180351.0,184366.0,184358.0,184902.0,192747.0,218268.0,243375.0,250543.0,256540.0,259339.0,262451.0,263162.0,262084.0
달성군 - 총병상수＜br＞(A),Statistics,802.0,1018.0,1088.0,1120.0,1404.0,1656.0,1837.0,2172.0,2309.0,2204.0,2279.0,2333.0,2380.0,2399.0,2470.0,2758.0,2804.0,3013.0,3037.0,3050.0
담양군 - 인구 천명당 의료기관병상수＜br＞(A÷B×1000),Statistics,15.9,17.1,16.7,16.7,22.7,24.8,26.3,28.9,28.2,32.7,32.2,33.4,35.0,33.0,32.9,35.0,37.1,37.0,37.0,31.1
담양군 - 주민등록인구＜br＞(B),Statistics,50613.0,50364.0,50332.0,50441.0,48347.0,47286.0,47808.0,47819.0,47612.0,47365.0,47177.0,47009.0,47229.0,47285.0,46917.0,46535.0,46280.0,46180.0,45792.0,45373.0
담양군 - 총병상수＜br＞(A),Statistics,803.0,862.0,843.0,843.0,1098.0,1174.0,1255.0,1384.0,1342.0,1550.0,1519.0,1569.0,1654.0,1562.0,1545.0,1627.0,1716.0,1709.0,1693.0,1413.0
당진시 - 인구 천명당 의료기관병상수＜br＞(A÷B×1000),Statistics,,,,,,,,,5.1,6.8,6.9,7.2,7.2,7.8,7.1,7.3,8.1,8.0,7.0,6.8
당진시 - 주민등록인구＜br＞(B),Statistics,,,,,,,,,155104.0,159615.0,162844.0,165122.0,166630.0,167439.0,167770.0,167042.0,166249.0,167092.0,168253.0,170302.0
당진시 - 총병상수＜br＞(A),Statistics,,,,,,,,,797.0,1093.0,1130.0,1184.0,1202.0,1313.0,1186.0,1213.0,1339.0,1336.0,1172.0,1159.0
대구광역시 - 인구 천명당 의료기관병상수＜br＞(A÷B×1000),Statistics,7.0,7.6,8.6,9.7,10.5,11.2,11.4,12.0,12.9,13.6,14.3,14.6,14.8,14.7,15.0,15.6,16.3,16.7,17.4,17.1
대구광역시 - 주민등록인구＜br＞(B),Statistics,2524712.0,2511306.0,2496115.0,2493261.0,2492724.0,2489781.0,2511676.0,2507271.0,2505644.0,2501588.0,2493264.0,2487829.0,2484557.0,2475231.0,2461769.0,2438031.0,2418346.0,2385412.0,2363691.0,2374960.0
대구광역시 - 총병상수＜br＞(A),Statistics,17739.0,19161.0,21501.0,24217.0,26142.0,27904.0,28757.0,29980.0,32210.0,33927.0,35616.0,36303.0,36653.0,36380.0,36970.0,38132.0,39361.0,39753.0,41069.0,40594.0
대덕구 - 인구 천명당 의료기관병상수＜br＞(A÷B×1000),Statistics,8.8,9.7,10.1,10.6,11.0,11.5,11.5,11.6,11.5,13.5,14.8,15.2,14.6,15.0,15.1,14.2,14.0,14.0,13.5,13.0
대덕구 - 주민등록인구＜br＞(B),Statistics,226947.0,223287.0,217332.0,213275.0,211241.0,208147.0,207549.0,205339.0,205688.0,204360.0,201558.0,196839.0,192688.0,186902.0,181991.0,177031.0,176384.0,175046.0,172746.0,169853.0
대덕구 - 총병상수＜br＞(A),Statistics,2001.0,2169.0,2194.0,2259.0,2325.0,2399.0,2389.0,2373.0,2356.0,2751.0,2980.0,2983.0,2818.0,2811.0,2741.0,2514.0,2477.0,2445.0,2336.0,2214.0
대전광역시 - 인구 천명당 의료기관병상수＜br＞(A÷B×1000),Statistics,9.1,9.6,10.4,11.3,11.8,12.6,13.3,13.5,14.1,14.6,15.4,15.5,15.5,16.0,16.0,15.9,16.4,16.4,16.3,15.7
대전광역시 - 주민등록인구＜br＞(B),Statistics,1443471.0,1454638.0,1466158.0,1475659.0,1480895.0,1484180.0,1503664.0,1515603.0,1524583.0,1532811.0,1531809.0,1518775.0,1514370.0,1502227.0,1489936.0,1474870.0,1463882.0,1452251.0,1446072.0,1442216.0
대전광역시 - 총병상수＜br＞(A),Statistics,13127.0,13930.0,15218.0,16698.0,17421.0,18683.0,19993.0,20455.0,21536.0,22385.0,23560.0,23529.0,23427.0,23999.0,23865.0,23417.0,24003.0,23749.0,23559.0,22650.0
도봉구 - 인구 천명당 의료기관병상수＜br＞(A÷B×1000),Statistics,3.3,3.6,3.6,4.8,6.0,6.4,7.0,7.5,7.9,8.3,8.0,8.1,8.7,8.7,8.8,7.9,7.9,7.9,8.7,8.4
도봉구 - 주민등록인구＜br＞(B),Statistics,381939.0,381529.0,377534.0,375975.0,373936.0,369733.0,368298.0,365573.0,362270.0,358582.0,353709.0,351242.0,348220.0,344166.0,339413.0,333362.0,325257.0,317366.0,311694.0,306948.0
도봉구 - 총병상수＜br＞(A),Statistics,1247.0,1360.0,1377.0,1805.0,2259.0,2365.0,2584.0,2755.0,2878.0,2961.0,2845.0,2832.0,3022.0,3002.0,2988.0,2648.0,2582.0,2508.0,2708.0,2564.0
동구 - 인구 천명당 의료기관병상수＜br＞(A÷B×1000),Statistics,15.6,16.4,17.1,20.3,24.3,26.4,25.3,26.3,28.6,28.8,30.9,33.8,34.9,34.0,34.4,33.4,33.6,33.6,33.6,32.7
동구 - 주민등록인구＜br＞(B),Statistics,114204.0,109879.0,106890.0,104881.0,102764.0,101153.0,101514.0,100420.0,98529.0,96011.0,94565.0,92069.0,89826.0,88868.0,86912.0,88165.0,88901.0,87679.0,86462.0,87792.0
동구 - 총병상수＜br＞(A),Statistics,1784.0,1804.0,1823.0,2131.0,2495.0,2675.0,2566.0,2638.0,2819.0,2766.0,2921.0,3108.0,3137.0,3022.0,2992.0,2943.0,2988.0,2945.0,2908.0,2867.0
동대문구 - 인구 천명당 의료기관병상수＜br＞(A÷B×1000),Statistics,11.4,11.3,11.5,12.6,13.6,14.5,14.4,15.8,15.7,16.1,16.7,17.0,18.0,18.2,16.3,16.2,16.1,15.7,15.5,15.7
동대문구 - 주민등록인구＜br＞(B),Statistics,379404.0,381110.0,378860.0,376421.0,370250.0,362146.0,366786.0,365486.0,363258.0,364273.0,363687.0,360153.0,355069.0,350647.0,348052.0,346194.0,342837.0,337400.0,336644.0,341149.0
동대문구 - 총병상수＜br＞(A),Statistics,4319.0,4298.0,4341.0,4746.0,5022.0,5241.0,5285.0,5778.0,5715.0,5864.0,6076.0,6134.0,6376.0,6375.0,5688.0,5617.0,5509.0,5313.0,5233.0,5349.0
동두천시 - 인구 천명당 의료기관병상수＜br＞(A÷B×1000),Statistics,10.0,10.2,11.2,14.1,14.7,14.5,17.4,18.4,20.5,22.6,23.0,26.0,26.9,27.6,26.0,25.1,25.2,25.1,21.9,23.4
동두천시 - 주민등록인구＜br＞(B),Statistics,79214.0,82623.0,85803.0,88780.0,90835.0,93211.0,95653.0,96253.0,97175.0,97557.0,97595.0,97974.0,98277.0,97071.0,96226.0,94768.0,94353.0,93592.0,91546.0,88626.0
동두천시 - 총병상수＜br＞(A),Statistics,796.0,843.0,965.0,1252.0,1338.0,1355.0,1661.0,1771.0,1988.0,2209.0,2247.0,2549.0,2641.0,2675.0,2500.0,2381.0,2373.0,2349.0,2007.0,2070.0
동래구 - 인구 천명당 의료기관병상수＜br＞(A÷B×1000),Statistics,8.2,9.3,10.9,12.2,12.3,13.6,17.1,19.2,19.5,20.9,21.8,21.3,21.1,22.8,22.9,22.7,22.4,24.1,24.6,24.8
동래구 - 주민등록인구＜br＞(B),Statistics,279366.0,276095.0,279528.0,284901.0,282673.0,281644.0,282779.0,283742.0,278767.0,276689.0,275971.0,272837.0,272745.0,270727.0,266515.0,271247.0,270745.0,266866.0,273226.0,270815.0
동래구 - 총병상수＜br＞(A),Statistics,2303.0,2569.0,3039.0,3485.0,3482.0,3828.0,4848.0,5453.0,5443.0,5773.0,6019.0,5811.0,5743.0,6184.0,6091.0,6157.0,6052.0,6424.0,6719.0,6722.0
동작구 - 인구 천명당 의료기관병상수＜br＞(A÷B×1000),Statistics,5.3,5.2,5.1,4.9,5.2,5.4,6.1,7.3,7.1,7.2,7.7,7.4,7.3,7.3,7.4,6.9,7.1,7.3,7.3,6.6
동작구 - 주민등록인구＜br＞(B),Statistics,410945.0,410481.0,408582.0,405967.0,400866.0,397920.0,402709.0,401408.0,405491.0,410815.0,407470.0,400641.0,400997.0,396217.0,396203.0,395963.0,391220.0,385483.0,380596.0,378769.0
동작구 - 총병상수＜br＞(A),Statistics,2186.0,2143.0,2093.0,2007.0,2094.0,2161.0,2460.0,2934.0,2876.0,2946.0,3139.0,2947.0,2918.0,2894.0,2927.0,2747.0,2781.0,2826.0,2792.0,2483.0
동해시 - 인구 천명당 의료기관병상수＜br＞(A÷B×1000),Statistics,16.6,17.5,19.4,19.4,18.9,16.9,16.9,17.1,15.5,14.4,14.1,16.8,16.7,16.6,16.3,15.9,15.9,14.5,14.6,14.3
동해시 - 주민등록인구＜br＞(B),Statistics,100727.0,99230.0,97497.0,96652.0,95652.0,95271.0,95236.0,95804.0,93897.0,95143.0,94562.0,93895.0,93297.0,92851.0,91272.0,90522.0,90593.0,90081.0,89426.0,88625.0
동해시 - 총병상수＜br＞(A),Statistics,1673.0,1739.0,1889.0,1872.0,1804.0,1606.0,1605.0,1636.0,1458.0,1367.0,1335.0,1578.0,1557.0,1541.0,1490.0,1441.0,1439.0,1305.0,1308.0,1268.0
마포구 - 인구 천명당 의료기관병상수＜br＞(A÷B×1000),Statistics,2.3,2.4,2.7,2.5,2.7,2.7,2.5,2.2,2.3,2.0,1.8,1.6,1.9,2.0,1.9,2.1,2.5,2.8,2.8,2.8
마포구 - 주민등록인구＜br＞(B),Statistics,383457.0,388164.0,390583.0,392650.0,385119.0,384013.0,391865.0,389493.0,384644.0,381856.0,385439.0,387643.0,379892.0,374915.0,375077.0,374035.0,371890.0,368905.0,364638.0,363697.0
마포구 - 총병상수＜br＞(A),Statistics,900.0,921.0,1050.0,980.0,1023.0,1019.0,976.0,839.0,871.0,747.0,689.0,629.0,715.0,732.0,694.0,779.0,925.0,1015.0,1032.0,1032.0
목포시 - 인구 천명당 의료기관병상수＜br＞(A÷B×1000),Statistics,11.4,12.2,13.1,14.9,19.6,21.0,22.1,23.1,24.8,28.0,31.1,31.6,31.8,31.4,30.8,31.3,33.6,34.6,34.4,36.8
목포시 - 주민등록인구＜br＞(B),Statistics,241717.0,242988.0,241679.0,243312.0,245651.0,244339.0,245422.0,244871.0,245073.0,240936.0,239109.0,238382.0,237739.0,234379.0,232327.0,229861.0,224044.0,218589.0,216939.0,214156.0
목포시 - 총병상수＜br＞(A),Statistics,2758.0,2959.0,3176.0,3633.0,4824.0,5121.0,5426.0,5666.0,6077.0,6756.0,7426.0,7540.0,7560.0,7366.0,7147.0,7192.0,7533.0,7563.0,7460.0,7890.0
무안군 - 인구 천명당 의료기관병상수＜br＞(A÷B×1000),Statistics,5.9,7.7,9.2,8.9,7.9,7.4,7.6,8.1,8.3,8.9,9.2,8.9,11.0,13.0,15.1,16.1,15.7,14.9,15.0,13.0
무안군 - 주민등록인구＜br＞(B),Statistics,62472.0,61915.0,61766.0,63674.0,66598.0,72417.0,74475.0,75718.0,75741.0,79367.0,81696.0,82236.0,82109.0,82872.0,81991.0,81105.0,86132.0,91107.0,90608.0,90296.0
무안군 - 총병상수＜br＞(A),Statistics,371.0,477.0,567.0,567.0,529.0,534.0,566.0,614.0,630.0,709.0,748.0,729.0,904.0,1077.0,1234.0,1307.0,1352.0,1358.0,1358.0,1172.0
무주군 - 인구 천명당 의료기관병상수＜br＞(A÷B×1000),Statistics,3.7,1.8,1.8,1.7,4.3,4.8,5.2,5.3,5.4,5.4,4.4,5.5,5.5,5.5,6.1,2.4,2.4,2.4,2.5,2.5
무주군 - 주민등록인구＜br＞(B),Statistics,26183.0,25876.0,25417.0,26361.0,26017.0,25811.0,25578.0,25863.0,25321.0,25398.0,25390.0,25220.0,24949.0,24809.0,24589.0,24303.0,24036.0,23748.0,23489.0,23251.0
무주군 - 총병상수＜br＞(A),Statistics,96.0,46.0,46.0,46.0,111.0,125.0,132.0,137.0,137.0,137.0,111.0,138.0,138.0,137.0,149.0,58.0,58.0,58.0,58.0,58.0
문경시 - 인구 천명당 의료기관병상수＜br＞(A÷B×1000),Statistics,14.0,14.2,15.0,17.2,16.6,16.5,16.4,17.8,17.4,17.3,17.1,17.2,17.7,18.3,17.6,17.1,15.6,15.6,14.9,18.7
문경시 - 주민등록인구＜br＞(B),Statistics,79552.0,78058.0,76177.0,74780.0,75486.0,76645.0,77391.0,76727.0,75899.0,75664.0,75911.0,75784.0,74702.0,73294.0,71874.0,72242.0,71406.0,71154.0,70373.0,68755.0
문경시 - 총병상수＜br＞(A),Statistics,1114.0,1110.0,1143.0,1284.0,1252.0,1264.0,1270.0,1367.0,1317.0,1309.0,1298.0,1301.0,1325.0,1343.0,1264.0,1236.0,1116.0,1110.0,1052.0,1289.0
미추홀구 - 인구 천명당 의료기관병상수＜br＞(A÷B×1000),Statistics,,,,,,,,,,,,,,,14.3,14.9,15.8,16.6,16.2,15.8
미추홀구 - 주민등록인구＜br＞(B),Statistics,,,,,,,,,,,,,,,416542.0,408862.0,404343.0,407464.0,406004.0,405995.0
미추홀구 - 총병상수＜br＞(A),Statistics,,,,,,,,,,,,,,,5973.0,6093.0,6402.0,6749.0,6571.0,6431.0
밀양시 - 인구 천명당 의료기관병상수＜br＞(A÷B×1000),Statistics,8.9,11.3,12.9,15.4,15.6,16.1,18.4,15.9,20.0,19.4,19.5,21.9,23.1,22.6,22.7,19.6,20.3,19.9,20.3,19.7
밀양시 - 주민등록인구＜br＞(B),Statistics,115459.0,113636.0,112025.0,111473.0,110858.0,110170.0,110479.0,109329.0,108755.0,108342.0,107765.0,107896.0,108354.0,107898.0,106744.0,105552.0,104831.0,103525.0,102945.0,102084.0
밀양시 - 총병상수＜br＞(A),Statistics,1025.0,1284.0,1449.0,1714.0,1726.0,1777.0,2030.0,1742.0,2177.0,2106.0,2104.0,2367.0,2500.0,2437.0,2424.0,2070.0,2125.0,2061.0,2087.0,2011.0
보령시 - 인구 천명당 의료기관병상수＜br＞(A÷B×1000),Statistics,7.2,7.2,6.4,7.8,8.1,10.8,11.8,11.5,11.7,11.4,11.8,11.9,12.6,10.8,9.7,10.6,9.9,10.3,10.3,10.5
보령시 - 주민등록인구＜br＞(B),Statistics,108861.0,108056.0,107591.0,107637.0,106885.0,106754.0,107346.0,106421.0,105559.0,104938.0,104321.0,104754.0,103873.0,103198.0,101990.0,101114.0,100229.0,98408.0,97157.0,95772.0
보령시 - 총병상수＜br＞(A),Statistics,780.0,775.0,687.0,844.0,865.0,1148.0,1264.0,1223.0,1240.0,1198.0,1226.0,1244.0,1312.0,1110.0,990.0,1070.0,992.0,1011.0,1000.0,1008.0
보성군 - 인구 천명당 의료기관병상수＜br＞(A÷B×1000),Statistics,11.1,12.7,13.0,15.5,15.7,16.6,16.2,16.4,18.6,22.4,22.4,31.2,31.8,33.0,32.2,31.9,33.1,33.8,32.2,32.2
보성군 - 주민등록인구＜br＞(B),Statistics,54288.0,53145.0,51948.0,50921.0,50004.0,49048.0,48792.0,47894.0,47050.0,46385.0,45882.0,45349.0,44469.0,43755.0,42803.0,41420.0,40482.0,39375.0,38471.0,37686.0
보성군 - 총병상수＜br＞(A),Statistics,600.0,677.0,677.0,789.0,784.0,812.0,790.0,787.0,874.0,1039.0,1029.0,1415.0,1416.0,1443.0,1377.0,1321.0,1339.0,1331.0,1240.0,1214.0
보은군 - 인구 천명당 의료기관병상수＜br＞(A÷B×1000),Statistics,5.2,5.7,7.0,8.6,10.9,16.3,18.2,19.1,19.2,19.3,21.9,21.5,21.4,21.1,21.4,21.2,22.9,24.4,24.3,22.9
보은군 - 주민등록인구＜br＞(B),Statistics,38062.0,37114.0,36293.0,35354.0,35069.0,34845.0,34956.0,34717.0,34438.0,34318.0,34240.0,34296.0,34221.0,34053.0,33680.0,32949.0,32412.0,31878.0,31455.0,31010.0
보은군 - 총병상수＜br＞(A),Statistics,197.0,212.0,253.0,303.0,381.0,569.0,637.0,662.0,662.0,662.0,750.0,736.0,734.0,720.0,720.0,697.0,742.0,779.0,763.0,711.0
봉화군 - 인구 천명당 의료기관병상수＜br＞(A÷B×1000),Statistics,5.1,5.2,5.4,6.0,4.7,4.8,4.8,4.8,5.5,7.3,7.1,8.1,7.1,7.9,7.8,7.9,8.1,8.3,8.0,8.1
봉화군 - 주민등록인구＜br＞(B),Statistics,37526.0,36599.0,35608.0,35046.0,34628.0,34297.0,34567.0,34192.0,33934.0,33894.0,34023.0,33808.0,33539.0,33259.0,32843.0,32150.0,31494.0,30762.0,30139.0,29603.0
봉화군 - 총병상수＜br＞(A),Statistics,192.0,192.0,192.0,212.0,164.0,165.0,165.0,165.0,187.0,246.0,243.0,273.0,238.0,262.0,257.0,255.0,255.0,255.0,240.0,240.0
부산광역시 - 인구 천명당 의료기관병상수＜br＞(A÷B×1000),Statistics,8.0,8.9,9.8,11.1,12.0,12.9,14.3,15.9,16.7,17.7,19.2,19.5,20.3,20.4,20.5,20.5,20.9,21.1,21.0,21.2
부산광역시 - 주민등록인구＜br＞(B),Statistics,3666345.0,3638293.0,3611992.0,3587439.0,3564577.0,3543030.0,3567910.0,3550963.0,3538484.0,3527635.0,3519401.0,3513777.0,3498529.0,3470653.0,3441453.0,3413841.0,3391946.0,3350380.0,3317812.0,3293362.0
부산광역시 - 총병상수＜br＞(A),Statistics,29195.0,32433.0,35294.0,39970.0,42765.0,45831.0,50999.0,56507.0,59175.0,62445.0,67627.0,68654.0,71129.0,70767.0,70430.0,69862.0,70748.0,70710.0,69800.0,69827.0
부산진구 - 인구 천명당 의료기관병상수＜br＞(A÷B×1000),Statistics,8.1,9.6,10.1,10.4,10.9,11.4,13.1,15.0,15.0,16.4,16.8,17.3,17.8,18.6,19.3,19.9,21.0,21.3,21.2,21.8
부산진구 - 주민등록인구＜br＞(B),Statistics,405534.0,410610.0,405775.0,402359.0,400516.0,395689.0,395826.0,395044.0,392731.0,389765.0,387378.0,381572.0,376526.0,371703.0,362357.0,357880.0,359886.0,353159.0,355917.0,359508.0
부산진구 - 총병상수＜br＞(A),Statistics,3304.0,3933.0,4101.0,4169.0,4365.0,4515.0,5187.0,5937.0,5901.0,6382.0,6514.0,6586.0,6711.0,6898.0,6986.0,7139.0,7562.0,7526.0,7530.0,7828.0
부안군 - 인구 천명당 의료기관병상수＜br＞(A÷B×1000),Statistics,7.4,7.6,11.4,17.0,13.9,14.7,15.7,17.8,17.9,17.6,20.8,22.7,21.7,21.9,17.8,19.3,19.3,19.5,19.1,19.5
부안군 - 주민등록인구＜br＞(B),Statistics,66766.0,65018.0,63243.0,61879.0,60872.0,60204.0,60138.0,59080.0,58869.0,59164.0,57534.0,56848.0,57005.0,56086.0,54441.0,53295.0,52140.0,50795.0,50094.0,49187.0
부안군 - 총병상수＜br＞(A),Statistics,492.0,492.0,724.0,1051.0,848.0,884.0,942.0,1052.0,1055.0,1040.0,1198.0,1292.0,1238.0,1229.0,968.0,1027.0,1008.0,989.0,959.0,959.0
부여군 - 인구 천명당 의료기관병상수＜br＞(A÷B×1000),Statistics,9.6,11.7,13.7,14.6,15.9,15.7,16.5,17.9,18.5,19.6,18.9,18.1,17.4,17.6,17.3,17.0,17.5,18.1,18.0,17.0
부여군 - 주민등록인구＜br＞(B),Statistics,83260.0,81430.0,79595.0,77916.0,76687.0,75564.0,75029.0,74004.0,73259.0,72547.0,71754.0,71143.0,70187.0,69086.0,68078.0,66740.0,65354.0,63774.0,62343.0,61046.0
부여군 - 총병상수＜br＞(A),Statistics,803.0,951.0,1091.0,1136.0,1216.0,1188.0,1240.0,1323.0,1353.0,1419.0,1355.0,1285.0,1221.0,1217.0,1179.0,1134.0,1142.0,1155.0,1120.0,1038.0
부천시 - 인구 천명당 의료기관병상수＜br＞(A÷B×1000),Statistics,6.6,7.2,7.4,9.0,9.8,10.0,11.0,11.7,12.0,13.3,13.8,14.0,14.3,14.5,14.6,14.1,14.4,14.8,14.8,14.1
부천시 - 주민등록인구＜br＞(B),Statistics,855697.0,855359.0,860020.0,864037.0,867678.0,869944.0,875204.0,872452.0,869944.0,863720.0,855586.0,848987.0,851380.0,850329.0,843768.0,829996.0,818383.0,806067.0,790128.0,779968.0
부천시 - 총병상수＜br＞(A),Statistics,5686.0,6149.0,6331.0,7767.0,8499.0,8712.0,9585.0,10216.0,10433.0,11498.0,11847.0,11868.0,12183.0,12351.0,12333.0,11726.0,11815.0,11958.0,11727.0,11015.0
부평구 - 인구 천명당 의료기관병상수＜br＞(A÷B×1000),Statistics,6.2,6.7,6.7,7.6,9.2,8.6,8.1,8.8,9.5,9.4,10.2,9.9,10.1,10.6,10.4,9.9,9.8,10.0,9.9,8.6
부평구 - 주민등록인구＜br＞(B),Statistics,557144.0,567347.0,570283.0,568905.0,569246.0,563920.0,567493.0,560936.0,559047.0,556985.0,556992.0,555844.0,549716.0,539941.0,524640.0,511577.0,494962.0,486765.0,489118.0,494138.0
부평구 - 총병상수＜br＞(A),Statistics,3471.0,3826.0,3828.0,4336.0,5235.0,4826.0,4606.0,4920.0,5285.0,5214.0,5691.0,5510.0,5545.0,5721.0,5439.0,5084.0,4850.0,4884.0,4857.0,4271.0
북구 - 인구 천명당 의료기관병상수＜br＞(A÷B×1000),Statistics,4.9,5.5,6.9,7.2,7.7,8.8,10.1,10.9,10.6,12.2,14.4,14.8,15.3,15.8,15.0,15.9,16.1,16.2,15.7,15.6
북구 - 주민등록인구＜br＞(B),Statistics,333316.0,335699.0,330446.0,325302.0,318859.0,314227.0,312218.0,307988.0,312937.0,309719.0,306974.0,310484.0,310202.0,302924.0,296952.0,291132.0,283952.0,283211.0,278857.0,273596.0
북구 - 총병상수＜br＞(A),Statistics,1620.0,1861.0,2285.0,2333.0,2447.0,2752.0,3153.0,3357.0,3326.0,3788.0,4406.0,4580.0,4742.0,4783.0,4449.0,4618.0,4582.0,4597.0,4374.0,4267.0
사상구 - 인구 천명당 의료기관병상수＜br＞(A÷B×1000),Statistics,12.1,14.5,16.4,17.8,20.5,21.4,22.4,23.8,24.1,24.7,29.2,28.5,28.6,28.5,29.3,29.2,30.7,31.2,31.2,33.4
사상구 - 주민등록인구＜br＞(B),Statistics,282097.0,277481.0,271484.0,265512.0,260897.0,255274.0,257843.0,254413.0,250424.0,246797.0,242953.0,237711.0,232800.0,229219.0,223361.0,218094.0,212586.0,208298.0,203789.0,202932.0
사상구 - 총병상수＜br＞(A),Statistics,3404.0,4020.0,4451.0,4720.0,5357.0,5471.0,5785.0,6044.0,6041.0,6108.0,7088.0,6779.0,6648.0,6529.0,6543.0,6374.0,6522.0,6499.0,6359.0,6777.0
사천시 - 인구 천명당 의료기관병상수＜br＞(A÷B×1000),Statistics,16.3,19.1,20.9,22.5,24.2,23.1,22.1,24.1,25.1,25.0,24.2,25.0,26.9,25.5,26.5,27.1,27.4,28.8,27.5,26.5
사천시 - 주민등록인구＜br＞(B),Statistics,112670.0,111293.0,112300.0,112499.0,112828.0,112724.0,114148.0,114133.0,115321.0,116851.0,116485.0,115452.0,114912.0,114252.0,113888.0,111925.0,111105.0,109953.0,109369.0,109030.0
사천시 - 총병상수＜br＞(A),Statistics,1835.0,2127.0,2348.0,2528.0,2734.0,2600.0,2528.0,2748.0,2896.0,2926.0,2821.0,2885.0,3091.0,2917.0,3016.0,3032.0,3047.0,3172.0,3010.0,2891.0
사하구 - 인구 천명당 의료기관병상수＜br＞(A÷B×1000),Statistics,7.0,7.2,8.0,9.8,10.4,12.3,14.1,16.9,18.6,19.2,21.6,22.4,22.8,22.3,23.1,22.4,23.5,24.0,24.0,23.8
사하구 - 주민등록인구＜br＞(B),Statistics,374248.0,371909.0,366865.0,364693.0,365368.0,359800.0,358730.0,355443.0,352726.0,349110.0,343371.0,337781.0,334603.0,333301.0,327791.0,321004.0,311757.0,306003.0,301987.0,297831.0
사하구 - 총병상수＜br＞(A),Statistics,2606.0,2694.0,2949.0,3581.0,3794.0,4441.0,5050.0,5994.0,6546.0,6696.0,7424.0,7554.0,7631.0,7424.0,7587.0,7182.0,7315.0,7342.0,7245.0,7102.0
산청군 - 인구 천명당 의료기관병상수＜br＞(A÷B×1000),Statistics,0.3,0.3,0.1,0.1,0.1,0.1,0.1,1.1,1.1,1.1,1.0,1.0,1.0,1.0,0.3,4.9,4.5,5.2,6.7,6.8
산청군 - 주민등록인구＜br＞(B),Statistics,36849.0,36294.0,35704.0,35274.0,35043.0,34921.0,35591.0,35651.0,35691.0,35935.0,35849.0,36071.0,36098.0,36340.0,35952.0,35417.0,34857.0,34360.0,34028.0,33752.0
산청군 - 총병상수＜br＞(A),Statistics,11.0,11.0,2.0,2.0,2.0,2.0,2.0,39.0,39.0,39.0,37.0,37.0,37.0,37.0,9.0,174.0,158.0,179.0,229.0,229.0
삼척시 - 인구 천명당 의료기관병상수＜br＞(A÷B×1000),Statistics,6.6,5.8,5.3,5.6,5.3,5.7,7.0,6.6,6.2,6.1,6.3,6.0,6.5,6.6,6.3,6.1,6.2,6.5,6.5,6.7
삼척시 - 주민등록인구＜br＞(B),Statistics,74301.0,73134.0,71750.0,70791.0,70954.0,71935.0,72046.0,72312.0,72463.0,73023.0,72314.0,70839.0,69599.0,68514.0,68326.0,67228.0,65243.0,63429.0,63455.0,62651.0
삼척시 - 총병상수＜br＞(A),Statistics,489.0,422.0,382.0,395.0,376.0,407.0,507.0,477.0,447.0,447.0,458.0,424.0,454.0,454.0,432.0,407.0,406.0,412.0,412.0,420.0
상주시 - 인구 천명당 의료기관병상수＜br＞(A÷B×1000),Statistics,4.8,4.9,5.0,5.4,5.7,7.3,7.4,8.6,9.0,9.7,9.9,11.2,11.4,12.0,11.7,12.1,12.4,13.4,15.5,14.9
상주시 - 주민등록인구＜br＞(B),Statistics,112585.0,110444.0,108280.0,106600.0,105381.0,106208.0,105607.0,104685.0,104182.0,103346.0,102892.0,102374.0,101799.0,100947.0,100297.0,100688.0,97228.0,95566.0,94823.0,93858.0
상주시 - 총병상수＜br＞(A),Statistics,546.0,540.0,540.0,571.0,597.0,779.0,785.0,898.0,938.0,998.0,1016.0,1146.0,1160.0,1207.0,1173.0,1220.0,1210.0,1281.0,1473.0,1402.0
서구 - 인구 천명당 의료기관병상수＜br＞(A÷B×1000),Statistics,24.6,26.3,26.0,28.3,30.2,30.4,31.6,30.7,33.4,35.0,40.2,42.8,44.7,46.4,44.6,49.8,50.2,50.4,50.2,48.1
서구 - 주민등록인구＜br＞(B),Statistics,142460.0,139607.0,136226.0,132803.0,129385.0,125785.0,126040.0,123718.0,120828.0,118783.0,118115.0,115963.0,112973.0,110039.0,110534.0,108229.0,108135.0,105164.0,105192.0,104089.0
서구 - 총병상수＜br＞(A),Statistics,3498.0,3677.0,3544.0,3752.0,3906.0,3820.0,3978.0,3793.0,4041.0,4158.0,4751.0,4967.0,5051.0,5107.0,4928.0,5392.0,5432.0,5299.0,5284.0,5009.0
서귀포시 - 인구 천명당 의료기관병상수＜br＞(A÷B×1000),Statistics,,,2.9,4.0,3.2,3.9,3.5,3.9,3.8,3.5,3.6,3.7,3.6,3.1,2.9,2.7,2.9,3.0,3.0,3.0
서귀포시 - 주민등록인구＜br＞(B),Statistics,,,154895.0,153800.0,153120.0,152285.0,153716.0,153366.0,154057.0,155641.0,158512.0,164519.0,170932.0,178383.0,181245.0,181584.0,182169.0,183663.0,184770.0,183598.0
서귀포시 - 총병상수＜br＞(A),Statistics,,,443.0,608.0,492.0,600.0,538.0,601.0,579.0,537.0,577.0,605.0,620.0,547.0,524.0,491.0,530.0,553.0,555.0,551.0
서대문구 - 인구 천명당 의료기관병상수＜br＞(A÷B×1000),Statistics,7.1,8.1,9.0,9.6,10.5,10.1,9.7,11.0,10.8,10.5,12.9,11.7,12.6,12.4,12.2,12.1,12.0,13.1,13.5,13.4
서대문구 - 주민등록인구＜br＞(B),Statistics,352071.0,349163.0,349020.0,348575.0,331688.0,327451.0,324541.0,314852.0,315113.0,314110.0,310376.0,312141.0,314194.0,312800.0,310313.0,309397.0,312173.0,304819.0,306337.0,306231.0
서대문구 - 총병상수＜br＞(A),Statistics,2517.0,2841.0,3151.0,3363.0,3496.0,3309.0,3139.0,3466.0,3395.0,3313.0,3991.0,3641.0,3950.0,3889.0,3799.0,3742.0,3733.0,3980.0,4126.0,4114.0
서산시 - 인구 천명당 의료기관병상수＜br＞(A÷B×1000),Statistics,4.8,4.3,6.5,6.4,6.7,6.8,6.2,6.4,6.4,7.2,7.1,6.8,6.8,6.4,5.9,6.1,5.9,5.6,5.4,5.8
서산시 - 주민등록인구＜br＞(B),Statistics,150131.0,150294.0,150889.0,153569.0,156867.0,158886.0,160468.0,161489.0,163315.0,165837.0,167611.0,170099.0,170788.0,171678.0,174162.0,174690.0,175591.0,176645.0,176413.0,176011.0
서산시 - 총병상수＜br＞(A),Statistics,714.0,641.0,983.0,976.0,1046.0,1079.0,992.0,1028.0,1048.0,1192.0,1188.0,1164.0,1168.0,1107.0,1035.0,1068.0,1037.0,983.0,955.0,1020.0
서울특별시 - 인구 천명당 의료기관병상수＜br＞(A÷B×1000),Statistics,6.1,6.2,6.5,6.9,7.1,7.1,7.4,7.9,8.1,8.3,8.8,8.5,8.7,8.8,8.9,9.1,9.3,9.6,9.8,9.6
서울특별시 - 주민등록인구＜br＞(B),Statistics,10173162.0,10167344.0,10181166.0,10192710.0,10200827.0,10208302.0,10312545.0,10249679.0,10195318.0,10143645.0,10103233.0,10022181.0,9930616.0,9857426.0,9765623.0,9729107.0,9668465.0,9509458.0,9428372.0,9386034.0
서울특별시 - 총병상수＜br＞(A),Statistics,61556.0,62983.0,66232.0,70822.0,72705.0,72946.0,75984.0,80992.0,82992.0,83711.0,88509.0,84919.0,86420.0,86925.0,86566.0,88059.0,89744.0,91765.0,92577.0,90338.0
서천군 - 인구 천명당 의료기관병상수＜br＞(A÷B×1000),Statistics,8.0,8.2,10.5,14.9,16.7,18.9,19.3,13.7,18.4,20.4,23.1,22.1,24.0,23.7,23.7,22.0,21.9,22.4,19.8,20.5
서천군 - 주민등록인구＜br＞(B),Statistics,65650.0,64322.0,62629.0,61168.0,60507.0,60066.0,60085.0,59541.0,58920.0,58441.0,57713.0,56910.0,56012.0,55175.0,53922.0,52805.0,51866.0,50745.0,49964.0,49116.0
서천군 - 총병상수＜br＞(A),Statistics,528.0,528.0,658.0,911.0,1009.0,1133.0,1158.0,816.0,1084.0,1192.0,1335.0,1259.0,1345.0,1307.0,1276.0,1160.0,1136.0,1136.0,988.0,1006.0
서초구 - 인구 천명당 의료기관병상수＜br＞(A÷B×1000),Statistics,6.3,5.4,6.0,6.3,5.9,6.6,6.2,6.6,6.8,6.8,7.1,7.0,7.3,7.9,8.1,8.4,8.7,8.9,9.4,9.4
서초구 - 주민등록인구＜br＞(B),Statistics,400868.0,401736.0,408266.0,405969.0,406320.0,425481.0,434720.0,433564.0,435044.0,441763.0,449678.0,446764.0,447192.0,441102.0,433951.0,430826.0,425126.0,412279.0,404325.0,407664.0
서초구 - 총병상수＜br＞(A),Statistics,2527.0,2169.0,2458.0,2544.0,2378.0,2818.0,2685.0,2879.0,2955.0,3019.0,3210.0,3149.0,3274.0,3500.0,3501.0,3613.0,3682.0,3679.0,3783.0,3834.0
성남시 - 인구 천명당 의료기관병상수＜br＞(A÷B×1000),Statistics,6.1,6.2,6.6,7.4,7.5,7.4,6.5,8.0,8.5,8.7,9.5,9.4,9.7,10.1,10.3,10.6,11.6,11.7,11.7,11.5
성남시 - 주민등록인구＜br＞(B),Statistics,977166.0,983075.0,964831.0,953960.0,942447.0,962726.0,980190.0,979323.0,978615.0,979534.0,974608.0,971424.0,974580.0,967510.0,954347.0,942724.0,940064.0,930948.0,922518.0,919747.0
성남시 - 총병상수＜br＞(A),Statistics,5946.0,6130.0,6401.0,7019.0,7050.0,7170.0,6361.0,7856.0,8345.0,8530.0,9275.0,9131.0,9420.0,9788.0,9845.0,10040.0,10911.0,10932.0,10776.0,10593.0
성동구 - 인구 천명당 의료기관병상수＜br＞(A÷B×1000),Statistics,5.7,5.6,5.9,5.7,6.0,6.3,6.4,6.9,6.4,6.8,6.7,6.0,5.9,7.0,6.1,6.5,6.1,6.6,6.5,6.6
성동구 - 주민등록인구＜br＞(B),Statistics,339113.0,337744.0,334437.0,333535.0,314212.0,308058.0,309093.0,300711.0,299604.0,299337.0,296086.0,297003.0,299259.0,304808.0,308221.0,300889.0,293556.0,285990.0,281000.0,277361.0
성동구 - 총병상수＜br＞(A),Statistics,1933.0,1895.0,1975.0,1899.0,1882.0,1928.0,1978.0,2061.0,1923.0,2034.0,1998.0,1782.0,1764.0,2124.0,1874.0,1941.0,1803.0,1881.0,1835.0,1830.0
성북구 - 인구 천명당 의료기관병상수＜br＞(A÷B×1000),Statistics,5.1,5.6,6.0,6.1,5.7,5.5,5.3,6.4,7.2,7.1,7.6,7.1,7.0,7.1,7.8,7.9,8.0,8.2,8.6,8.5
성북구 - 주민등록인구＜br＞(B),Statistics,451122.0,462879.0,472843.0,469973.0,473357.0,476028.0,488932.0,485171.0,481857.0,476589.0,466706.0,459275.0,450355.0,444055.0,435868.0,442650.0,437153.0,430528.0,430397.0,425602.0
성북구 - 총병상수＜br＞(A),Statistics,2312.0,2572.0,2842.0,2882.0,2681.0,2617.0,2572.0,3098.0,3456.0,3371.0,3528.0,3273.0,3141.0,3154.0,3402.0,3499.0,3484.0,3519.0,3687.0,3604.0
성주군 - 인구 천명당 의료기관병상수＜br＞(A÷B×1000),Statistics,1.5,2.9,5.7,5.8,7.8,7.4,8.8,10.0,9.5,12.8,17.7,18.4,18.5,22.0,21.5,22.2,22.7,22.0,18.7,15.3
성주군 - 주민등록인구＜br＞(B),Statistics,47731.0,46960.0,46358.0,45680.0,45024.0,45616.0,45289.0,45640.0,45127.0,45067.0,44981.0,45029.0,45205.0,45138.0,44672.0,44015.0,43414.0,42842.0,42566.0,42086.0
성주군 - 총병상수＜br＞(A),Statistics,70.0,134.0,263.0,263.0,352.0,338.0,399.0,455.0,427.0,577.0,796.0,829.0,838.0,991.0,960.0,976.0,986.0,944.0,796.0,643.0
세종특별자치시 - 인구 천명당 의료기관병상수＜br＞(A÷B×1000),Statistics,,,,,,,,,9.1,8.7,8.1,5.8,5.1,4.8,4.0,4.2,5.6,5.6,5.4,5.5
세종특별자치시 - 주민등록인구＜br＞(B),Statistics,,,,,,,,,113117.0,122153.0,156125.0,210884.0,243048.0,280100.0,314126.0,340575.0,355831.0,371895.0,383591.0,386525.0
세종특별자치시 - 총병상수＜br＞(A),Statistics,,,,,,,,,1028.0,1068.0,1266.0,1229.0,1249.0,1342.0,1268.0,1440.0,1991.0,2082.0,2069.0,2145.0
속초시 - 인구 천명당 의료기관병상수＜br＞(A÷B×1000),Statistics,6.2,7.1,7.8,8.2,8.2,8.6,10.6,12.5,12.3,12.2,11.2,12.0,12.1,9.0,10.8,10.6,10.5,10.3,10.2,10.1
속초시 - 주민등록인구＜br＞(B),Statistics,87933.0,87124.0,86073.0,85370.0,84599.0,83822.0,84302.0,83745.0,83579.0,83109.0,82432.0,81992.0,81793.0,82273.0,81682.0,81786.0,82665.0,82791.0,82806.0,82054.0
속초시 - 총병상수＜br＞(A),Statistics,543.0,617.0,669.0,700.0,690.0,721.0,896.0,1050.0,1026.0,1016.0,926.0,987.0,989.0,739.0,885.0,871.0,872.0,853.0,848.0,827.0
송파구 - 인구 천명당 의료기관병상수＜br＞(A÷B×1000),Statistics,7.1,7.3,7.2,7.5,7.3,7.6,8.0,7.9,8.8,9.0,9.6,9.3,9.6,9.9,9.8,9.9,10.3,11.0,11.1,11.0
송파구 - 주민등록인구＜br＞(B),Statistics,604293.0,605840.0,607005.0,623876.0,668962.0,681476.0,685279.0,682209.0,673115.0,668415.0,664738.0,660302.0,657831.0,664496.0,666635.0,675961.0,667960.0,658338.0,658801.0,654166.0
송파구 - 총병상수＜br＞(A),Statistics,4293.0,4424.0,4391.0,4654.0,4909.0,5181.0,5466.0,5382.0,5945.0,6002.0,6361.0,6157.0,6342.0,6580.0,6513.0,6687.0,6879.0,7211.0,7345.0,7179.0
수성구 - 인구 천명당 의료기관병상수＜br＞(A÷B×1000),Statistics,4.2,4.6,4.6,5.2,5.2,5.5,5.6,6.3,7.6,7.5,7.3,7.9,8.1,8.3,8.0,9.2,9.8,10.9,11.3,11.0
수성구 - 주민등록인구＜br＞(B),Statistics,443881.0,437356.0,440172.0,447164.0,451732.0,456196.0,461988.0,461083.0,459779.0,461004.0,456505.0,451786.0,447011.0,439211.0,432759.0,428614.0,424314.0,417097.0,411553.0,407331.0
수성구 - 총병상수＜br＞(A),Statistics,1875.0,1994.0,2012.0,2312.0,2330.0,2518.0,2591.0,2897.0,3491.0,3474.0,3311.0,3578.0,3604.0,3666.0,3480.0,3952.0,4155.0,4550.0,4638.0,4498.0
수영구 - 인구 천명당 의료기관병상수＜br＞(A÷B×1000),Statistics,6.7,9.0,9.7,12.3,12.6,13.6,15.0,18.8,19.2,20.5,21.8,21.6,24.6,23.8,23.5,23.3,23.9,24.6,21.9,21.8
수영구 - 주민등록인구＜br＞(B),Statistics,180576.0,178684.0,177814.0,178253.0,177140.0,177292.0,178267.0,176691.0,176666.0,175098.0,178480.0,179795.0,179324.0,179996.0,176246.0,176148.0,176894.0,175095.0,174806.0,174518.0
수영구 - 총병상수＜br＞(A),Statistics,1208.0,1610.0,1717.0,2191.0,2235.0,2406.0,2671.0,3316.0,3395.0,3589.0,3899.0,3886.0,4411.0,4289.0,4150.0,4100.0,4219.0,4313.0,3830.0,3803.0
수원시 - 인구 천명당 의료기관병상수＜br＞(A÷B×1000),Statistics,5.9,6.0,6.1,6.8,7.1,7.3,7.6,8.3,8.5,8.7,9.2,8.9,8.8,9.7,9.8,10.0,10.8,10.7,10.8,10.7
수원시 - 주민등록인구＜br＞(B),Statistics,1033829.0,1045587.0,1068906.0,1067702.0,1067425.0,1073149.0,1077535.0,1088489.0,1120258.0,1148157.0,1174228.0,1184624.0,1194041.0,1202628.0,1201166.0,1194465.0,1186078.0,1183714.0,1190964.0,1197257.0
수원시 - 총병상수＜br＞(A),Statistics,6133.0,6292.0,6534.0,7226.0,7627.0,7811.0,8185.0,9001.0,9546.0,10011.0,10788.0,10526.0,10513.0,11683.0,11737.0,11913.0,12773.0,12703.0,12852.0,12788.0
순창군 - 인구 천명당 의료기관병상수＜br＞(A÷B×1000),Statistics,5.5,5.4,12.6,12.7,13.2,13.3,13.7,20.4,21.2,21.9,21.8,24.8,24.9,23.8,24.0,23.3,23.8,26.6,26.2,23.8
순창군 - 주민등록인구＜br＞(B),Statistics,31814.0,32012.0,32485.0,32035.0,30920.0,30179.0,30209.0,29497.0,30055.0,30272.0,30368.0,30248.0,29949.0,29698.0,29209.0,28382.0,27810.0,26855.0,26727.0,26764.0
순창군 - 총병상수＜br＞(A),Statistics,174.0,174.0,408.0,407.0,407.0,401.0,414.0,602.0,636.0,662.0,662.0,751.0,745.0,707.0,701.0,662.0,662.0,715.0,700.0,636.0
순천시 - 인구 천명당 의료기관병상수＜br＞(A÷B×1000),Statistics,8.7,8.5,10.4,11.6,13.6,12.8,12.7,15.9,16.8,17.8,19.5,21.0,22.0,21.4,21.8,21.1,21.6,22.0,22.8,22.6
순천시 - 주민등록인구＜br＞(B),Statistics,270059.0,270934.0,269940.0,270380.0,269429.0,269516.0,272620.0,272201.0,273798.0,275668.0,277188.0,278765.0,278548.0,279331.0,279389.0,279598.0,282189.0,281436.0,278737.0,278137.0
순천시 - 총병상수＜br＞(A),Statistics,2339.0,2314.0,2803.0,3127.0,3664.0,3444.0,3466.0,4328.0,4611.0,4916.0,5416.0,5858.0,6141.0,5989.0,6090.0,5893.0,6092.0,6205.0,6357.0,6273.0
시흥시 - 인구 천명당 의료기관병상수＜br＞(A÷B×1000),Statistics,4.1,4.4,5.2,6.1,7.4,7.9,8.4,8.6,9.7,10.1,11.1,10.5,10.3,9.3,9.1,9.2,9.0,9.4,10.1,9.9
시흥시 - 주민등록인구＜br＞(B),Statistics,378613.0,387239.0,390477.0,390564.0,392756.0,397912.0,403797.0,401149.0,399485.0,396765.0,394639.0,398256.0,402888.0,419664.0,448687.0,473682.0,500895.0,512030.0,512912.0,519715.0
시흥시 - 총병상수＜br＞(A),Statistics,1546.0,1713.0,2043.0,2387.0,2894.0,3130.0,3393.0,3430.0,3863.0,4002.0,4378.0,4199.0,4157.0,3903.0,4078.0,4367.0,4522.0,4827.0,5175.0,5122.0
신안군 - 인구 천명당 의료기관병상수＜br＞(A÷B×1000),Statistics,1.3,1.5,1.5,2.3,1.6,3.0,4.0,4.0,4.2,4.5,5.2,4.8,5.0,5.1,7.6,8.0,9.8,10.0,10.1,10.0
신안군 - 주민등록인구＜br＞(B),Statistics,47591.0,46451.0,46714.0,45968.0,45718.0,45294.0,45428.0,44355.0,43898.0,44162.0,43747.0,43294.0,42652.0,42070.0,41263.0,40274.0,38938.0,38217.0,37858.0,38037.0
신안군 - 총병상수＜br＞(A),Statistics,61.0,68.0,69.0,105.0,73.0,134.0,181.0,176.0,186.0,199.0,227.0,209.0,215.0,215.0,312.0,324.0,381.0,381.0,381.0,381.0
아산시 - 인구 천명당 의료기관병상수＜br＞(A÷B×1000),Statistics,7.5,7.7,7.7,8.6,8.6,8.9,8.5,8.8,9.5,9.3,10.9,11.4,11.3,11.7,11.0,11.8,10.7,10.5,10.6,9.5
아산시 - 주민등록인구＜br＞(B),Statistics,200938.0,204431.0,211560.0,221490.0,240942.0,256449.0,265191.0,274523.0,280490.0,287073.0,293954.0,297737.0,302929.0,311453.0,312822.0,314395.0,316129.0,324580.0,334539.0,345796.0
아산시 - 총병상수＜br＞(A),Statistics,1497.0,1568.0,1621.0,1894.0,2073.0,2277.0,2247.0,2415.0,2665.0,2680.0,3191.0,3391.0,3429.0,3633.0,3443.0,3705.0,3380.0,3400.0,3562.0,3291.0
안동시 - 인구 천명당 의료기관병상수＜br＞(A÷B×1000),Statistics,17.2,20.4,21.5,22.1,22.4,24.1,27.4,27.4,27.7,28.5,30.4,30.3,31.3,31.3,33.2,33.3,32.9,33.0,33.4,34.2
안동시 - 주민등록인구＜br＞(B),Statistics,174037.0,171387.0,168733.0,167916.0,167300.0,167432.0,167886.0,168157.0,168302.0,168461.0,168697.0,169221.0,168798.0,166272.0,162180.0,160052.0,158907.0,156972.0,154610.0,152935.0
안동시 - 총병상수＜br＞(A),Statistics,2995.0,3494.0,3621.0,3708.0,3748.0,4031.0,4603.0,4611.0,4654.0,4805.0,5133.0,5133.0,5290.0,5201.0,5379.0,5328.0,5231.0,5173.0,5165.0,5234.0
안산시 - 인구 천명당 의료기관병상수＜br＞(A÷B×1000),Statistics,5.7,6.2,8.0,8.7,9.8,10.5,9.7,11.8,12.0,12.3,12.9,13.6,14.2,14.7,14.9,14.4,14.6,14.6,15.0,15.4
안산시 - 주민등록인구＜br＞(B),Statistics,666784.0,679011.0,698819.0,705040.0,708257.0,705346.0,714891.0,715586.0,715108.0,713666.0,707876.0,697885.0,689859.0,677710.0,660343.0,650918.0,654915.0,652726.0,641660.0,629308.0
안산시 - 총병상수＜br＞(A),Statistics,3816.0,4203.0,5608.0,6129.0,6923.0,7377.0,6934.0,8425.0,8603.0,8809.0,9160.0,9492.0,9827.0,9940.0,9850.0,9388.0,9557.0,9498.0,9650.0,9690.0
안성시 - 인구 천명당 의료기관병상수＜br＞(A÷B×1000),Statistics,5.9,6.2,8.6,10.2,10.8,12.1,13.7,13.4,13.5,13.3,13.8,12.8,12.1,12.0,12.3,11.9,11.9,11.8,10.8,9.9
안성시 - 주민등록인구＜br＞(B),Statistics,154110.0,157130.0,159655.0,163733.0,169545.0,170919.0,177937.0,180743.0,181608.0,182173.0,181896.0,180199.0,182896.0,182786.0,183579.0,183405.0,187012.0,189534.0,188842.0,189034.0
안성시 - 총병상수＜br＞(A),Statistics,903.0,981.0,1374.0,1673.0,1834.0,2066.0,2430.0,2426.0,2450.0,2418.0,2514.0,2308.0,2209.0,2192.0,2260.0,2174.0,2234.0,2231.0,2046.0,1866.0
안양시 - 인구 천명당 의료기관병상수＜br＞(A÷B×1000),Statistics,5.6,5.7,5.6,5.8,6.4,6.5,6.5,6.9,7.1,7.4,7.8,8.0,8.0,8.0,8.2,8.0,8.3,8.2,8.3,8.3
안양시 - 주민등록인구＜br＞(B),Statistics,621047.0,625350.0,624280.0,624197.0,620279.0,616547.0,621714.0,615642.0,611412.0,607877.0,600809.0,597789.0,597414.0,587764.0,576831.0,567044.0,550027.0,547178.0,548228.0,544660.0
안양시 - 총병상수＜br＞(A),Statistics,3465.0,3547.0,3526.0,3595.0,3946.0,4029.0,4030.0,4263.0,4327.0,4523.0,4704.0,4785.0,4808.0,4731.0,4714.0,4508.0,4548.0,4502.0,4540.0,4535.0
양구군 - 인구 천명당 의료기관병상수＜br＞(A÷B×1000),Statistics,10.1,6.9,4.8,4.8,7.6,7.6,8.6,8.4,7.1,6.8,6.7,8.2,8.2,8.3,8.2,7.4,7.5,7.7,7.4,7.6
양구군 - 주민등록인구＜br＞(B),Statistics,21692.0,21480.0,21269.0,21401.0,21303.0,21323.0,21843.0,22285.0,22799.0,23594.0,23888.0,24089.0,24010.0,23835.0,23408.0,22764.0,22278.0,21748.0,21383.0,21056.0
양구군 - 총병상수＜br＞(A),Statistics,220.0,148.0,103.0,103.0,162.0,162.0,188.0,188.0,161.0,161.0,161.0,197.0,197.0,197.0,193.0,168.0,168.0,168.0,159.0,159.0
양산시 - 인구 천명당 의료기관병상수＜br＞(A÷B×1000),Statistics,13.9,15.4,16.7,17.7,19.5,21.2,20.9,21.5,21.8,22.7,22.9,22.0,21.8,21.3,22.5,22.0,22.6,22.5,22.5,22.2
양산시 - 주민등록인구＜br＞(B),Statistics,213695.0,222299.0,226425.0,231956.0,243012.0,250387.0,260239.0,266403.0,270460.0,279565.0,292376.0,301291.0,317037.0,338535.0,348639.0,350759.0,352229.0,354726.0,353792.0,355122.0
양산시 - 총병상수＜br＞(A),Statistics,2975.0,3427.0,3791.0,4114.0,4739.0,5300.0,5437.0,5723.0,5904.0,6336.0,6681.0,6637.0,6910.0,7208.0,7858.0,7711.0,7957.0,7972.0,7962.0,7877.0
양양군 - 인구 천명당 의료기관병상수＜br＞(A÷B×1000),Statistics,1.7,1.2,1.2,1.1,1.1,1.1,1.1,1.6,1.3,1.3,1.1,1.1,1.1,0.2,,,,,,
양양군 - 주민등록인구＜br＞(B),Statistics,29187.0,29132.0,28661.0,28472.0,28115.0,27957.0,27929.0,27942.0,27802.0,27659.0,27521.0,27479.0,27218.0,27207.0,27347.0,27726.0,27946.0,27913.0,27866.0,27710.0
양양군 - 총병상수＜br＞(A),Statistics,51.0,35.0,35.0,31.0,31.0,31.0,31.0,44.0,36.0,36.0,30.0,30.0,30.0,5.0,,,,,,
양주시 - 인구 천명당 의료기관병상수＜br＞(A÷B×1000),Statistics,7.4,7.0,8.1,9.2,8.9,9.4,6.0,9.3,9.7,10.1,11.1,10.7,12.1,12.9,15.2,12.5,12.7,13.4,13.0,11.8
양주시 - 주민등록인구＜br＞(B),Statistics,152596.0,160589.0,169806.0,179914.0,179914.0,182106.0,196706.0,200360.0,200310.0,199143.0,202072.0,205184.0,205513.0,212146.0,216951.0,222314.0,230359.0,236368.0,243432.0,268026.0
양주시 - 총병상수＜br＞(A),Statistics,1129.0,1131.0,1371.0,1653.0,1598.0,1708.0,1176.0,1863.0,1947.0,2014.0,2248.0,2194.0,2491.0,2729.0,3306.0,2787.0,2922.0,3156.0,3176.0,3173.0
양천구 - 인구 천명당 의료기관병상수＜br＞(A÷B×1000),Statistics,4.3,4.3,5.0,5.0,5.0,4.5,4.7,5.3,5.8,5.7,6.3,6.1,5.9,5.9,6.0,5.7,6.4,6.8,7.0,6.6
양천구 - 주민등록인구＜br＞(B),Statistics,495098.0,499755.0,501717.0,503650.0,502343.0,501395.0,500001.0,500210.0,495911.0,492528.0,486221.0,484532.0,477739.0,471154.0,464185.0,458165.0,454251.0,447302.0,440881.0,436028.0
양천구 - 총병상수＜br＞(A),Statistics,2115.0,2130.0,2507.0,2504.0,2505.0,2236.0,2348.0,2640.0,2861.0,2832.0,3066.0,2943.0,2823.0,2771.0,2791.0,2622.0,2886.0,3041.0,3092.0,2888.0
양평군 - 인구 천명당 의료기관병상수＜br＞(A÷B×1000),Statistics,6.6,7.8,4.0,8.9,8.0,7.9,7.7,7.4,8.3,8.7,12.5,11.0,10.3,10.4,11.4,10.9,11.4,11.3,11.4,11.2
양평군 - 주민등록인구＜br＞(B),Statistics,84673.0,85533.0,86298.0,87874.0,89812.0,91450.0,95833.0,99430.0,102193.0,103620.0,105379.0,108316.0,111367.0,115105.0,116095.0,116874.0,118810.0,121230.0,122323.0,125238.0
양평군 - 총병상수＜br＞(A),Statistics,556.0,665.0,341.0,783.0,720.0,725.0,735.0,734.0,848.0,905.0,1313.0,1187.0,1150.0,1193.0,1324.0,1269.0,1355.0,1371.0,1397.0,1397.0
여수시 - 인구 천명당 의료기관병상수＜br＞(A÷B×1000),Statistics,5.8,6.5,6.8,6.7,7.6,8.9,10.3,11.7,12.8,12.9,13.9,14.1,15.6,15.5,17.6,18.3,17.1,18.2,20.0,18.9
여수시 - 주민등록인구＜br＞(B),Statistics,305312.0,301389.0,297489.0,295439.0,295133.0,293546.0,293488.0,292750.0,292217.0,291366.0,290900.0,290168.0,288988.0,286382.0,283300.0,282786.0,280242.0,276762.0,274765.0,271696.0
여수시 - 총병상수＜br＞(A),Statistics,1765.0,1944.0,2031.0,1984.0,2254.0,2598.0,3014.0,3412.0,3750.0,3773.0,4038.0,4100.0,4500.0,4434.0,4976.0,5186.0,4792.0,5048.0,5489.0,5127.0
여주시 - 인구 천명당 의료기관병상수＜br＞(A÷B×1000),Statistics,,,,,,,,,,15.7,16.2,16.2,17.2,17.3,17.8,18.2,18.5,18.6,18.5,16.8
여주시 - 주민등록인구＜br＞(B),Statistics,,,,,,,,,,109343.0,110386.0,111033.0,111563.0,111984.0,111525.0,111083.0,111897.0,112150.0,113150.0,114412.0
여주시 - 총병상수＜br＞(A),Statistics,,,,,,,,,,1715.0,1786.0,1795.0,1923.0,1941.0,1983.0,2025.0,2066.0,2085.0,2089.0,1921.0
연수구 - 인구 천명당 의료기관병상수＜br＞(A÷B×1000),Statistics,3.8,3.8,4.3,5.5,4.4,6.2,6.5,6.4,5.7,5.7,5.7,5.6,5.3,5.2,5.0,5.2,4.9,5.0,5.8,5.2
연수구 - 주민등록인구＜br＞(B),Statistics,255998.0,265658.0,271010.0,268780.0,268668.0,271497.0,279230.0,287903.0,292589.0,300305.0,310703.0,319052.0,328627.0,335142.0,346359.0,366550.0,387450.0,389644.0,385796.0,392416.0
연수구 - 총병상수＜br＞(A),Statistics,985.0,1011.0,1161.0,1482.0,1185.0,1682.0,1823.0,1837.0,1658.0,1704.0,1771.0,1784.0,1727.0,1754.0,1738.0,1907.0,1902.0,1934.0,2246.0,2053.0
연제구 - 인구 천명당 의료기관병상수＜br＞(A÷B×1000),Statistics,9.0,9.7,8.0,12.6,13.1,14.1,14.7,15.8,16.6,18.4,22.3,24.1,25.4,24.7,24.0,22.9,23.4,24.2,23.7,22.8
연제구 - 주민등록인구＜br＞(B),Statistics,221853.0,217763.0,214809.0,212658.0,212810.0,210390.0,212696.0,213326.0,211536.0,209290.0,208012.0,210718.0,207268.0,206742.0,207840.0,209395.0,209157.0,207144.0,203536.0,205766.0
연제구 - 총병상수＜br＞(A),Statistics,2002.0,2111.0,1720.0,2689.0,2784.0,2965.0,3132.0,3375.0,3512.0,3852.0,4633.0,5083.0,5258.0,5106.0,4986.0,4800.0,4885.0,5008.0,4817.0,4691.0
연천군 - 인구 천명당 의료기관병상수＜br＞(A÷B×1000),Statistics,5.6,5.0,2.6,5.3,5.7,5.7,5.1,7.2,7.6,7.1,9.0,7.1,7.0,7.1,7.5,7.6,7.7,7.8,7.9,7.9
연천군 - 주민등록인구＜br＞(B),Statistics,48687.0,47123.0,46075.0,45603.0,45495.0,45241.0,45177.0,44900.0,45599.0,45610.0,45363.0,45725.0,45907.0,45431.0,44633.0,43824.0,43516.0,42721.0,42062.0,41584.0
연천군 - 총병상수＜br＞(A),Statistics,272.0,235.0,122.0,242.0,261.0,260.0,229.0,323.0,347.0,323.0,406.0,323.0,323.0,323.0,333.0,333.0,333.0,333.0,333.0,328.0
영광군 - 인구 천명당 의료기관병상수＜br＞(A÷B×1000),Statistics,17.7,18.0,18.4,19.7,18.8,19.4,18.3,20.1,20.0,20.5,20.9,20.8,21.3,22.5,22.1,22.6,22.9,23.0,22.9,22.0
영광군 - 주민등록인구＜br＞(B),Statistics,62959.0,61500.0,60045.0,58837.0,58075.0,57037.0,57362.0,56863.0,57224.0,57617.0,56833.0,56267.0,55618.0,54774.0,54127.0,53852.0,53099.0,51985.0,52197.0,51750.0
영광군 - 총병상수＜br＞(A),Statistics,1113.0,1109.0,1105.0,1159.0,1089.0,1107.0,1052.0,1145.0,1145.0,1180.0,1190.0,1168.0,1183.0,1235.0,1194.0,1218.0,1218.0,1198.0,1193.0,1138.0
영덕군 - 인구 천명당 의료기관병상수＜br＞(A÷B×1000),Statistics,6.1,6.2,7.8,10.0,11.7,12.7,12.2,13.0,12.3,13.4,13.8,14.4,14.5,6.0,6.2,7.5,7.7,9.7,9.9,11.2
영덕군 - 주민등록인구＜br＞(B),Statistics,45826.0,45003.0,46460.0,43470.0,42707.0,41710.0,41377.0,40794.0,40257.0,40142.0,39586.0,39191.0,39052.0,38529.0,38108.0,37361.0,36313.0,35314.0,34650.0,34055.0
영덕군 - 총병상수＜br＞(A),Statistics,280.0,280.0,362.0,436.0,501.0,531.0,505.0,529.0,495.0,538.0,547.0,565.0,568.0,232.0,236.0,281.0,281.0,342.0,342.0,381.0
영도구 - 인구 천명당 의료기관병상수＜br＞(A÷B×1000),Statistics,4.7,4.5,4.7,4.8,5.6,5.9,5.6,7.4,8.1,10.1,10.5,12.1,13.4,13.6,14.2,14.3,17.1,17.5,17.7,18.2
영도구 - 주민등록인구＜br＞(B),Statistics,166054.0,162961.0,158780.0,155273.0,152118.0,148139.0,146798.0,143205.0,139765.0,135816.0,132102.0,129385.0,126362.0,123521.0,120109.0,116711.0,113342.0,110638.0,108156.0,106548.0
영도구 - 총병상수＜br＞(A),Statistics,787.0,733.0,745.0,753.0,847.0,873.0,826.0,1055.0,1129.0,1365.0,1392.0,1570.0,1687.0,1686.0,1700.0,1668.0,1943.0,1931.0,1919.0,1941.0
영동군 - 인구 천명당 의료기관병상수＜br＞(A÷B×1000),Statistics,8.1,7.7,9.8,7.9,7.8,10.2,10.9,13.9,14.1,13.3,13.2,12.9,12.9,14.0,14.0,14.8,15.1,15.7,16.4,16.7
영동군 - 주민등록인구＜br＞(B),Statistics,52597.0,51800.0,50819.0,50131.0,50276.0,50426.0,50523.0,50621.0,50663.0,50539.0,50803.0,50693.0,50552.0,50240.0,49715.0,48738.0,47475.0,45773.0,44956.0,44195.0
영동군 - 총병상수＜br＞(A),Statistics,424.0,401.0,497.0,394.0,394.0,514.0,551.0,705.0,716.0,674.0,669.0,654.0,654.0,701.0,696.0,719.0,719.0,719.0,737.0,737.0
영등포구 - 인구 천명당 의료기관병상수＜br＞(A÷B×1000),Statistics,11.3,11.1,12.0,12.5,12.5,12.1,12.2,13.8,13.1,13.6,14.4,15.3,15.6,15.2,15.3,15.2,15.4,16.3,15.7,14.7
영등포구 - 주민등록인구＜br＞(B),Statistics,406261.0,408386.0,408698.0,408178.0,408099.0,405798.0,406833.0,397443.0,391408.0,386471.0,382352.0,378504.0,370613.0,368550.0,367778.0,367678.0,379480.0,376837.0,375675.0,374794.0
영등포구 - 총병상수＜br＞(A),Statistics,4589.0,4537.0,4911.0,5104.0,5118.0,4890.0,4977.0,5482.0,5130.0,5256.0,5511.0,5774.0,5782.0,5604.0,5642.0,5601.0,5837.0,6157.0,5914.0,5520.0
영암군 - 인구 천명당 의료기관병상수＜br＞(A÷B×1000),Statistics,7.3,7.4,7.4,9.2,9.1,11.3,14.0,13.4,13.2,19.6,18.7,19.6,18.9,19.2,18.9,17.8,18.1,11.5,9.9,10.5
영암군 - 주민등록인구＜br＞(B),Statistics,62336.0,62004.0,61546.0,60742.0,60106.0,59837.0,60082.0,60139.0,59997.0,59061.0,58852.0,58137.0,57045.0,55616.0,54731.0,54593.0,53699.0,52937.0,52395.0,52350.0
영암군 - 총병상수＜br＞(A),Statistics,458.0,458.0,458.0,560.0,548.0,675.0,844.0,806.0,794.0,1157.0,1103.0,1138.0,1078.0,1066.0,1037.0,972.0,970.0,607.0,519.0,548.0
영양군 - 인구 천명당 의료기관병상수＜br＞(A÷B×1000),Statistics,2.5,2.5,2.5,2.6,2.7,2.7,2.7,2.7,2.7,2.7,2.7,2.8,2.8,2.9,2.9,2.9,3.0,3.1,3.1,3.2
영양군 - 주민등록인구＜br＞(B),Statistics,20205.0,20025.0,19615.0,19119.0,18766.0,18553.0,18451.0,18241.0,18208.0,18297.0,18197.0,17898.0,17713.0,17479.0,17356.0,16993.0,16692.0,16320.0,16022.0,15661.0
영양군 - 총병상수＜br＞(A),Statistics,50.0,50.0,50.0,50.0,50.0,50.0,50.0,50.0,50.0,50.0,50.0,50.0,50.0,50.0,50.0,50.0,50.0,50.0,50.0,50.0
영월군 - 인구 천명당 의료기관병상수＜br＞(A÷B×1000),Statistics,9.9,10.4,9.3,10.6,10.5,11.2,10.8,11.6,11.4,11.4,11.6,9.7,9.9,9.8,9.5,8.8,8.6,8.5,8.4,8.3
영월군 - 주민등록인구＜br＞(B),Statistics,42406.0,41538.0,40511.0,40290.0,40201.0,40265.0,40407.0,40199.0,40155.0,40150.0,40191.0,40216.0,40073.0,40067.0,39730.0,39127.0,38662.0,37904.0,37728.0,37332.0
영월군 - 총병상수＜br＞(A),Statistics,421.0,432.0,377.0,426.0,423.0,450.0,438.0,467.0,457.0,457.0,467.0,390.0,397.0,391.0,379.0,345.0,334.0,322.0,316.0,308.0
영주시 - 인구 천명당 의료기관병상수＜br＞(A÷B×1000),Statistics,3.8,3.9,7.4,7.9,10.9,11.2,10.5,10.3,13.1,17.3,19.4,19.1,19.5,19.3,21.2,22.6,23.3,23.1,23.6,22.4
영주시 - 주민등록인구＜br＞(B),Statistics,121513.0,119098.0,116965.0,115083.0,113930.0,113309.0,113926.0,114148.0,113547.0,112625.0,110780.0,109735.0,109247.0,108371.0,106801.0,105067.0,103119.0,101942.0,100749.0,100199.0
영주시 - 총병상수＜br＞(A),Statistics,466.0,466.0,865.0,909.0,1247.0,1266.0,1196.0,1178.0,1490.0,1946.0,2153.0,2098.0,2130.0,2087.0,2259.0,2378.0,2404.0,2354.0,2376.0,2243.0
영천시 - 인구 천명당 의료기관병상수＜br＞(A÷B×1000),Statistics,12.4,14.4,15.2,14.2,19.8,19.7,20.0,19.9,21.0,21.3,21.1,20.9,21.1,21.0,18.1,18.4,18.8,18.6,20.7,20.8
영천시 - 주민등록인구＜br＞(B),Statistics,109520.0,107337.0,105029.0,105819.0,104022.0,103115.0,103190.0,104182.0,101798.0,100778.0,100689.0,100648.0,100521.0,100615.0,101595.0,102470.0,102015.0,101888.0,101088.0,100212.0
영천시 - 총병상수＜br＞(A),Statistics,1357.0,1547.0,1594.0,1507.0,2057.0,2036.0,2066.0,2074.0,2137.0,2143.0,2122.0,2104.0,2117.0,2113.0,1842.0,1884.0,1914.0,1893.0,2097.0,2083.0
예산군 - 인구 천명당 의료기관병상수＜br＞(A÷B×1000),Statistics,4.4,2.9,6.1,8.1,8.1,8.0,8.7,8.7,8.8,9.1,9.0,9.0,7.4,5.9,6.9,5.4,5.5,6.9,6.7,5.8
예산군 - 주민등록인구＜br＞(B),Statistics,91832.0,90740.0,89585.0,88670.0,88144.0,87163.0,87002.0,86421.0,85876.0,85205.0,84919.0,83484.0,81339.0,80338.0,80083.0,79238.0,78084.0,76801.0,77385.0,78354.0
예산군 - 총병상수＜br＞(A),Statistics,405.0,267.0,545.0,722.0,713.0,694.0,756.0,748.0,756.0,779.0,767.0,751.0,604.0,476.0,553.0,430.0,430.0,533.0,516.0,457.0
예천군 - 인구 천명당 의료기관병상수＜br＞(A÷B×1000),Statistics,3.6,3.8,5.4,7.4,8.4,8.5,7.9,8.2,8.3,10.7,11.5,13.1,15.0,13.1,12.2,13.0,13.1,12.9,11.8,13.0
예천군 - 주민등록인구＜br＞(B),Statistics,52132.0,50951.0,50218.0,48866.0,47993.0,47306.0,47049.0,46579.0,46027.0,45573.0,45104.0,44674.0,46166.0,49253.0,53274.0,55100.0,55613.0,55739.0,55755.0,55325.0
예천군 - 총병상수＜br＞(A),Statistics,190.0,194.0,273.0,364.0,404.0,404.0,372.0,381.0,380.0,488.0,520.0,586.0,694.0,646.0,650.0,714.0,730.0,719.0,660.0,719.0
오산시 - 인구 천명당 의료기관병상수＜br＞(A÷B×1000),Statistics,13.5,12.7,9.3,10.4,10.3,10.1,9.1,10.6,10.2,10.3,10.7,9.6,10.9,11.5,11.8,12.0,12.7,12.8,12.5,9.9
오산시 - 주민등록인구＜br＞(B),Statistics,121326.0,129843.0,136311.0,145825.0,150237.0,159734.0,182516.0,193892.0,200291.0,205460.0,208565.0,206828.0,208656.0,213437.0,220070.0,226379.0,229725.0,229983.0,229849.0,229656.0
오산시 - 총병상수＜br＞(A),Statistics,1632.0,1650.0,1261.0,1521.0,1548.0,1617.0,1665.0,2063.0,2040.0,2124.0,2241.0,1987.0,2275.0,2453.0,2593.0,2727.0,2919.0,2940.0,2866.0,2277.0
옥천군 - 인구 천명당 의료기관병상수＜br＞(A÷B×1000),Statistics,5.5,5.9,6.5,6.5,9.8,11.3,12.4,17.4,18.3,18.4,20.7,21.6,21.4,21.5,21.5,17.0,15.7,16.7,16.9,17.1
옥천군 - 주민등록인구＜br＞(B),Statistics,56634.0,55610.0,54923.0,54608.0,54475.0,54117.0,54025.0,53496.0,53244.0,52763.0,52469.0,52404.0,52267.0,51766.0,51465.0,51023.0,50527.0,50093.0,49520.0,48891.0
옥천군 - 총병상수＜br＞(A),Statistics,309.0,326.0,355.0,355.0,533.0,613.0,669.0,933.0,973.0,972.0,1084.0,1131.0,1119.0,1115.0,1107.0,868.0,794.0,838.0,838.0,838.0
옹진군 - 인구 천명당 의료기관병상수＜br＞(A÷B×1000),Statistics,2.4,2.3,2.2,3.6,2.6,3.6,2.5,3.7,3.5,3.4,2.8,2.8,2.7,3.1,3.6,3.6,3.6,4.2,4.2,4.2
옹진군 - 주민등록인구＜br＞(B),Statistics,14820.0,15609.0,16491.0,16980.0,17376.0,18221.0,18739.0,19485.0,20039.0,20698.0,20703.0,20962.0,21351.0,21573.0,21036.0,20566.0,20455.0,20342.0,20613.0,20377.0
옹진군 - 총병상수＜br＞(A),Statistics,36.0,36.0,36.0,61.0,46.0,66.0,46.0,73.0,70.0,70.0,58.0,58.0,58.0,66.0,75.0,74.0,74.0,85.0,86.0,86.0
완도군 - 인구 천명당 의료기관병상수＜br＞(A÷B×1000),Statistics,2.5,2.5,2.6,2.1,2.2,2.2,2.2,2.8,3.2,3.0,3.0,3.1,2.8,2.7,2.5,2.4,2.4,2.9,3.0,2.6
완도군 - 주민등록인구＜br＞(B),Statistics,59950.0,58841.0,57464.0,56201.0,54999.0,54301.0,54269.0,54037.0,53871.0,53619.0,53174.0,53014.0,52668.0,52109.0,51477.0,50689.0,49916.0,48631.0,47597.0,46641.0
완도군 - 총병상수＜br＞(A),Statistics,150.0,150.0,150.0,120.0,120.0,120.0,120.0,154.0,174.0,159.0,159.0,165.0,149.0,139.0,130.0,122.0,122.0,142.0,142.0,122.0
완주군 - 인구 천명당 의료기관병상수＜br＞(A÷B×1000),Statistics,13.5,15.0,14.1,12.2,18.0,19.4,19.8,23.8,25.0,25.9,25.3,24.1,24.4,24.5,23.9,21.9,22.0,21.9,21.1,19.0
완주군 - 주민등록인구＜br＞(B),Statistics,82482.0,83651.0,83199.0,82972.0,83757.0,83885.0,85119.0,84660.0,86164.0,86978.0,90377.0,95303.0,95480.0,95975.0,94444.0,92220.0,91609.0,91142.0,92422.0,97827.0
완주군 - 총병상수＜br＞(A),Statistics,1116.0,1254.0,1174.0,1010.0,1511.0,1627.0,1683.0,2017.0,2153.0,2249.0,2283.0,2301.0,2327.0,2350.0,2259.0,2016.0,2018.0,1994.0,1954.0,1861.0
용산구 - 인구 천명당 의료기관병상수＜br＞(A÷B×1000),Statistics,6.6,6.7,6.6,6.6,6.5,6.4,5.9,4.4,4.5,4.6,4.5,4.4,4.4,4.4,4.3,4.0,4.0,4.0,4.1,4.0
용산구 - 주민등록인구＜br＞(B),Statistics,230107.0,230260.0,232035.0,235832.0,238224.0,238708.0,244853.0,246501.0,243232.0,239740.0,235951.0,233342.0,230241.0,229161.0,228999.0,228670.0,230040.0,222953.0,218650.0,213151.0
용산구 - 총병상수＜br＞(A),Statistics,1515.0,1545.0,1528.0,1553.0,1558.0,1522.0,1454.0,1077.0,1101.0,1101.0,1072.0,1032.0,1005.0,1006.0,992.0,920.0,926.0,895.0,896.0,863.0
용인시 - 인구 천명당 의료기관병상수＜br＞(A÷B×1000),Statistics,7.6,7.3,6.6,7.1,7.6,7.6,7.8,9.1,8.5,8.9,9.0,9.2,8.5,8.1,8.5,7.6,8.2,8.4,8.8,8.7
용인시 - 주민등록인구＜br＞(B),Statistics,640452.0,693660.0,766569.0,800294.0,816763.0,839204.0,876550.0,896044.0,915959.0,941477.0,961026.0,975746.0,991126.0,1004081.0,1035126.0,1059609.0,1074176.0,1077508.0,1074971.0,1075566.0
용인시 - 총병상수＜br＞(A),Statistics,4845.0,5037.0,5062.0,5670.0,6212.0,6341.0,6826.0,8112.0,7807.0,8418.0,8676.0,8985.0,8387.0,8146.0,8796.0,8101.0,8773.0,9057.0,9513.0,9339.0
울릉군 - 인구 천명당 의료기관병상수＜br＞(A÷B×1000),Statistics,,2.1,,,,4.1,3.9,6.4,6.5,6.6,7.3,6.2,6.3,6.3,6.4,6.6,6.9,7.1,7.0,2.3
울릉군 - 주민등록인구＜br＞(B),Statistics,9191.0,9538.0,10235.0,10125.0,10168.0,10325.0,10701.0,10742.0,10673.0,10524.0,10264.0,10153.0,10001.0,9975.0,9832.0,9617.0,9077.0,8867.0,8996.0,9077.0
울릉군 - 총병상수＜br＞(A),Statistics,,20.0,,,,42.0,42.0,69.0,69.0,69.0,75.0,63.0,63.0,63.0,63.0,63.0,63.0,63.0,63.0,21.0
울산광역시 - 인구 천명당 의료기관병상수＜br＞(A÷B×1000),Statistics,6.7,7.5,8.0,9.5,9.4,9.7,10.2,10.6,11.4,11.7,12.5,12.2,13.1,13.3,13.4,13.3,13.5,13.8,13.7,14.3
울산광역시 - 주민등록인구＜br＞(B),Statistics,1081453.0,1087648.0,1092494.0,1099995.0,1112407.0,1114866.0,1126298.0,1135494.0,1147256.0,1156480.0,1166377.0,1173534.0,1172304.0,1165132.0,1155623.0,1148019.0,1136017.0,1121592.0,1110663.0,1103661.0
울산광역시 - 총병상수＜br＞(A),Statistics,7279.0,8125.0,8788.0,10452.0,10442.0,10803.0,11479.0,12046.0,13050.0,13482.0,14585.0,14343.0,15378.0,15502.0,15476.0,15284.0,15345.0,15469.0,15257.0,15776.0
울주군 - 인구 천명당 의료기관병상수＜br＞(A÷B×1000),Statistics,11.9,13.7,12.0,14.9,13.7,13.0,13.1,13.3,13.3,13.6,15.1,14.7,15.3,14.8,15.8,15.2,15.7,15.6,14.8,14.4
울주군 - 주민등록인구＜br＞(B),Statistics,174350.0,174353.0,177103.0,183261.0,191687.0,195399.0,201000.0,204680.0,207840.0,208646.0,214392.0,219429.0,219255.0,220718.0,221842.0,223167.0,222538.0,222059.0,221512.0,218997.0
울주군 - 총병상수＜br＞(A),Statistics,2075.0,2392.0,2128.0,2739.0,2625.0,2547.0,2636.0,2728.0,2773.0,2842.0,3244.0,3231.0,3353.0,3272.0,3506.0,3402.0,3503.0,3461.0,3278.0,3149.0
울진군 - 인구 천명당 의료기관병상수＜br＞(A÷B×1000),Statistics,4.1,4.2,4.7,4.4,4.4,5.8,7.6,6.8,7.1,7.0,6.6,6.2,7.4,7.4,7.2,6.8,6.3,6.7,7.3,6.9
울진군 - 주민등록인구＜br＞(B),Statistics,58590.0,56707.0,55076.0,53955.0,53042.0,52529.0,52430.0,52045.0,51844.0,51953.0,52104.0,51885.0,51738.0,50974.0,50036.0,49314.0,48716.0,47858.0,47030.0,46669.0
울진군 - 총병상수＜br＞(A),Statistics,238.0,238.0,258.0,235.0,235.0,305.0,399.0,352.0,369.0,362.0,342.0,323.0,384.0,376.0,361.0,333.0,309.0,323.0,344.0,321.0
원주시 - 인구 천명당 의료기관병상수＜br＞(A÷B×1000),Statistics,11.1,9.8,10.6,11.0,11.5,11.0,12.1,13.9,14.5,14.6,15.7,14.5,14.2,14.2,13.7,13.8,13.6,15.0,14.8,14.9
원주시 - 주민등록인구＜br＞(B),Statistics,284628.0,288454.0,294155.0,298762.0,303975.0,307882.0,314678.0,320536.0,323885.0,324837.0,327292.0,332995.0,337979.0,341337.0,344070.0,349215.0,354376.0,357757.0,360807.0,361503.0
원주시 - 총병상수＜br＞(A),Statistics,3150.0,2824.0,3110.0,3293.0,3493.0,3378.0,3802.0,4445.0,4683.0,4750.0,5125.0,4817.0,4804.0,4853.0,4725.0,4815.0,4826.0,5354.0,5330.0,5396.0
유성구 - 인구 천명당 의료기관병상수＜br＞(A÷B×1000),Statistics,7.7,7.8,8.4,9.7,10.4,10.4,11.5,11.7,11.9,11.9,11.6,11.6,11.5,11.8,12.1,13.1,13.1,13.2,12.9,11.8
유성구 - 주민등록인구＜br＞(B),Statistics,203478.0,220767.0,243130.0,250523.0,259831.0,266585.0,281692.0,294353.0,306312.0,313968.0,327461.0,335312.0,343222.0,348428.0,349790.0,349373.0,351047.0,351277.0,356093.0,366845.0
유성구 - 총병상수＜br＞(A),Statistics,1566.0,1730.0,2042.0,2435.0,2693.0,2765.0,3245.0,3456.0,3658.0,3742.0,3806.0,3884.0,3937.0,4112.0,4248.0,4592.0,4591.0,4625.0,4599.0,4341.0
은평구 - 인구 천명당 의료기관병상수＜br＞(A÷B×1000),Statistics,5.3,5.5,5.6,5.6,5.9,5.9,6.0,6.6,6.9,7.0,7.7,7.3,7.4,6.8,6.2,7.8,7.9,7.9,8.0,7.6
은평구 - 주민등록인구＜br＞(B),Statistics,478087.0,470751.0,464580.0,459196.0,458401.0,465895.0,488109.0,493634.0,501480.0,503660.0,498644.0,497920.0,491476.0,486794.0,483197.0,480032.0,479835.0,473307.0,466746.0,466770.0
은평구 - 총병상수＜br＞(A),Statistics,2532.0,2600.0,2581.0,2569.0,2709.0,2772.0,2908.0,3246.0,3444.0,3533.0,3817.0,3622.0,3613.0,3313.0,3013.0,3736.0,3812.0,3753.0,3740.0,3546.0
음성군 - 인구 천명당 의료기관병상수＜br＞(A÷B×1000),Statistics,25.8,26.1,26.8,24.1,29.8,26.6,26.4,28.3,27.7,28.5,26.1,26.2,22.8,22.5,23.2,22.3,20.2,20.8,20.5,19.1
음성군 - 주민등록인구＜br＞(B),Statistics,85638.0,85969.0,86789.0,88355.0,89542.0,89716.0,91093.0,91644.0,92980.0,93505.0,95324.0,96396.0,97787.0,97306.0,95830.0,94982.0,93153.0,92197.0,92058.0,91183.0
음성군 - 총병상수＜br＞(A),Statistics,2208.0,2240.0,2325.0,2129.0,2667.0,2385.0,2407.0,2593.0,2578.0,2662.0,2491.0,2522.0,2234.0,2191.0,2228.0,2122.0,1879.0,1914.0,1891.0,1743.0
의령군 - 인구 천명당 의료기관병상수＜br＞(A÷B×1000),Statistics,6.6,13.9,13.4,13.5,16.9,10.1,3.9,7.2,12.7,27.0,29.7,21.7,23.3,22.3,20.8,19.9,20.6,22.0,18.4,17.5
의령군 - 주민등록인구＜br＞(B),Statistics,32371.0,31099.0,31625.0,31418.0,30734.0,30496.0,30162.0,30045.0,30329.0,29417.0,29209.0,28544.0,28111.0,27849.0,27667.0,27168.0,26800.0,26322.0,26061.0,25475.0
의령군 - 총병상수＜br＞(A),Statistics,215.0,431.0,424.0,424.0,519.0,308.0,119.0,216.0,384.0,793.0,867.0,619.0,655.0,620.0,575.0,541.0,551.0,578.0,479.0,446.0
의성군 - 인구 천명당 의료기관병상수＜br＞(A÷B×1000),Statistics,7.0,7.7,10.3,12.5,12.6,13.6,15.5,15.4,17.4,23.7,24.6,22.0,22.9,26.3,26.8,27.8,26.8,27.1,24.5,23.4
의성군 - 주민등록인구＜br＞(B),Statistics,66124.0,64457.0,62947.0,61366.0,60033.0,59109.0,58832.0,57744.0,57043.0,56064.0,55212.0,54477.0,54014.0,53474.0,52944.0,52595.0,51724.0,50632.0,50186.0,50086.0
의성군 - 총병상수＜br＞(A),Statistics,462.0,497.0,649.0,765.0,759.0,803.0,914.0,892.0,991.0,1326.0,1356.0,1196.0,1236.0,1404.0,1418.0,1464.0,1386.0,1370.0,1230.0,1173.0
의왕시 - 인구 천명당 의료기관병상수＜br＞(A÷B×1000),Statistics,14.1,14.4,13.6,12.5,14.4,14.1,12.2,11.7,12.6,12.4,12.5,12.6,12.7,12.8,12.5,11.7,11.5,12.8,13.0,11.7
의왕시 - 주민등록인구＜br＞(B),Statistics,145535.0,145952.0,138253.0,135009.0,134488.0,140874.0,147443.0,149607.0,154757.0,159772.0,158482.0,157740.0,156763.0,155767.0,153932.0,161153.0,163795.0,163356.0,160221.0,158870.0
의왕시 - 총병상수＜br＞(A),Statistics,2052.0,2098.0,1887.0,1681.0,1931.0,1983.0,1800.0,1755.0,1956.0,1978.0,1984.0,1994.0,1998.0,1996.0,1923.0,1882.0,1882.0,2092.0,2087.0,1865.0
의정부시 - 인구 천명당 의료기관병상수＜br＞(A÷B×1000),Statistics,6.8,6.6,7.4,8.8,9.0,10.1,10.7,12.0,12.2,11.9,11.9,12.6,12.0,12.0,12.7,12.3,13.1,13.4,13.9,13.1
의정부시 - 주민등록인구＜br＞(B),Statistics,397612.0,402410.0,410938.0,421853.0,430849.0,431008.0,431801.0,430400.0,429147.0,430976.0,431112.0,433937.0,438457.0,441584.0,447026.0,451868.0,461710.0,463661.0,463724.0,464213.0
의정부시 - 총병상수＜br＞(A),Statistics,2702.0,2652.0,3049.0,3701.0,3860.0,4348.0,4622.0,5158.0,5254.0,5143.0,5145.0,5465.0,5267.0,5290.0,5687.0,5568.0,6056.0,6202.0,6464.0,6096.0
이천시 - 인구 천명당 의료기관병상수＜br＞(A÷B×1000),Statistics,6.8,7.1,7.5,7.6,7.7,7.9,8.0,8.9,8.7,9.3,9.5,9.1,9.3,9.1,9.9,10.8,10.8,10.7,9.0,8.6
이천시 - 주민등록인구＜br＞(B),Statistics,190808.0,192271.0,194369.0,195691.0,196633.0,197496.0,202595.0,204566.0,204917.0,205479.0,205014.0,204935.0,210359.0,213142.0,214206.0,215834.0,218388.0,223177.0,222721.0,222098.0
이천시 - 총병상수＜br＞(A),Statistics,1304.0,1371.0,1464.0,1479.0,1517.0,1565.0,1627.0,1827.0,1784.0,1918.0,1956.0,1867.0,1953.0,1944.0,2124.0,2332.0,2363.0,2393.0,2004.0,1901.0
익산시 - 인구 천명당 의료기관병상수＜br＞(A÷B×1000),Statistics,8.5,9.4,10.6,10.4,11.1,11.3,12.8,12.4,12.9,14.7,15.2,16.3,16.6,16.5,18.3,19.0,19.6,19.9,19.1,19.2
익산시 - 주민등록인구＜br＞(B),Statistics,322378.0,318506.0,315094.0,313590.0,309269.0,306669.0,307289.0,309804.0,306469.0,306539.0,304117.0,302061.0,300479.0,300187.0,294062.0,287771.0,282276.0,278113.0,273697.0,270036.0
익산시 - 총병상수＜br＞(A),Statistics,2735.0,2993.0,3344.0,3271.0,3436.0,3451.0,3944.0,3827.0,3955.0,4502.0,4635.0,4911.0,4990.0,4948.0,5372.0,5458.0,5540.0,5527.0,5239.0,5192.0
인제군 - 인구 천명당 의료기관병상수＜br＞(A÷B×1000),Statistics,5.8,5.6,4.2,4.7,5.8,4.4,4.3,4.8,5.3,6.4,5.9,5.7,4.4,4.2,4.3,4.4,4.4,4.3,3.9,3.9
인제군 - 주민등록인구＜br＞(B),Statistics,32443.0,32811.0,32493.0,32079.0,31620.0,31452.0,31842.0,31970.0,32456.0,32517.0,32475.0,33255.0,32720.0,32582.0,32136.0,31672.0,31694.0,32165.0,32206.0,32020.0
인제군 - 총병상수＜br＞(A),Statistics,189.0,184.0,138.0,150.0,184.0,138.0,138.0,153.0,173.0,208.0,191.0,191.0,143.0,138.0,138.0,138.0,138.0,138.0,124.0,124.0
인천광역시 - 인구 천명당 의료기관병상수＜br＞(A÷B×1000),Statistics,6.8,7.1,7.3,8.0,8.7,8.7,8.7,9.7,10.1,10.3,11.0,10.8,10.9,11.3,11.5,11.6,11.9,12.3,12.4,11.9
인천광역시 - 주민등록인구＜br＞(B),Statistics,2578817.0,2600495.0,2624391.0,2664576.0,2692696.0,2710579.0,2758296.0,2801274.0,2843981.0,2879782.0,2902608.0,2925815.0,2943069.0,2948542.0,2954642.0,2957026.0,2942828.0,2948375.0,2967314.0,2997410.0
인천광역시 - 총병상수＜br＞(A),Statistics,17439.0,18403.0,19133.0,21360.0,23403.0,23607.0,23953.0,27159.0,28601.0,29739.0,32064.0,31479.0,32093.0,33417.0,34021.0,34176.0,35078.0,36249.0,36651.0,35717.0
임실군 - 인구 천명당 의료기관병상수＜br＞(A÷B×1000),Statistics,3.3,3.4,3.9,5.7,7.8,5.5,5.5,9.0,9.3,9.3,9.3,8.3,10.4,14.0,13.9,9.0,16.5,16.2,16.0,15.1
임실군 - 주민등록인구＜br＞(B),Statistics,33008.0,32511.0,31976.0,31952.0,31133.0,30703.0,30593.0,30789.0,29956.0,29739.0,29966.0,30271.0,30197.0,30162.0,30072.0,28902.0,27314.0,26730.0,26508.0,25956.0
임실군 - 총병상수＜br＞(A),Statistics,110.0,110.0,126.0,181.0,242.0,169.0,169.0,278.0,278.0,278.0,280.0,250.0,313.0,422.0,417.0,261.0,450.0,434.0,425.0,393.0
장성군 - 인구 천명당 의료기관병상수＜br＞(A÷B×1000),Statistics,12.3,11.9,12.2,17.5,12.8,16.4,22.4,22.7,24.0,25.1,25.2,24.3,20.3,15.7,15.1,15.0,15.1,15.1,15.2,15.4
장성군 - 주민등록인구＜br＞(B),Statistics,50200.0,49165.0,47870.0,47410.0,46602.0,46214.0,46514.0,46245.0,46289.0,46292.0,46273.0,46360.0,46104.0,46111.0,45795.0,45739.0,44464.0,43365.0,43146.0,42543.0
장성군 - 총병상수＜br＞(A),Statistics,617.0,583.0,583.0,828.0,596.0,760.0,1042.0,1050.0,1111.0,1163.0,1166.0,1126.0,934.0,726.0,691.0,686.0,672.0,654.0,657.0,655.0
장수군 - 인구 천명당 의료기관병상수＜br＞(A÷B×1000),Statistics,1.6,2.2,2.2,1.5,1.7,1.7,1.7,1.6,1.6,1.6,1.6,1.5,1.4,1.7,1.6,1.7,1.7,1.8,1.8,1.8
장수군 - 주민등록인구＜br＞(B),Statistics,26788.0,24755.0,24209.0,26687.0,23864.0,23478.0,23386.0,23215.0,23191.0,23243.0,23335.0,23277.0,23628.0,23003.0,23221.0,22441.0,22085.0,21695.0,21336.0,20983.0
장수군 - 총병상수＜br＞(A),Statistics,44.0,54.0,54.0,40.0,40.0,40.0,40.0,37.0,37.0,37.0,38.0,34.0,34.0,38.0,38.0,38.0,38.0,38.0,38.0,38.0
장흥군 - 인구 천명당 의료기관병상수＜br＞(A÷B×1000),Statistics,7.2,7.4,7.6,7.7,7.9,8.0,7.9,8.8,8.6,8.5,8.6,8.4,9.0,9.0,13.9,14.2,14.8,15.3,15.7,16.0
장흥군 - 주민등록인구＜br＞(B),Statistics,46568.0,45542.0,44451.0,43468.0,42783.0,42097.0,42394.0,42552.0,42672.0,43004.0,43190.0,43513.0,40669.0,40136.0,39312.0,38563.0,37800.0,36547.0,35650.0,35046.0
장흥군 - 총병상수＜br＞(A),Statistics,336.0,336.0,336.0,336.0,336.0,336.0,336.0,375.0,367.0,367.0,371.0,367.0,367.0,361.0,548.0,546.0,559.0,559.0,559.0,559.0
전국 - 인구 천명당 의료기관병상수＜br＞(A÷B×1000),Statistics,7.3,7.7,8.3,9.1,9.7,10.1,10.4,11.3,11.8,12.3,13.1,13.1,13.4,13.6,13.6,13.6,13.8,14.0,14.1,13.8
전국 - 주민등록인구＜br＞(B),Statistics,48583805.0,48782274.0,48991779.0,49268928.0,49540367.0,49773145.0,50515666.0,50734284.0,50948272.0,51141463.0,51327916.0,51529338.0,51696216.0,51778544.0,51826059.0,51849861.0,51829023.0,51638809.0,51439038.0,51325329.0
전국 - 총병상수＜br＞(A),Statistics,355461.0,378047.0,407717.0,450010.0,481340.0,500671.0,527276.0,573566.0,601588.0,630114.0,670264.0,674646.0,692500.0,701744.0,707349.0,703468.0,716292.0,722671.0,724212.0,710552.0
전라남도 - 인구 천명당 의료기관병상수＜br＞(A÷B×1000),Statistics,9.3,10.0,11.2,12.7,13.7,14.1,15.3,16.8,18.0,19.3,20.4,21.0,21.5,21.5,22.1,22.4,22.1,22.5,22.8,22.4
전라남도 - 주민등록인구＜br＞(B),Statistics,1986192.0,1967205.0,1942925.0,1929836.0,1919000.0,1913004.0,1918485.0,1914339.0,1909618.0,1907172.0,1905780.0,1908996.0,1903914.0,1896424.0,1882970.0,1868745.0,1851549.0,1832803.0,1817697.0,1804217.0
전라남도 - 총병상수＜br＞(A),Statistics,18493.0,19648.0,21693.0,24446.0,26257.0,27046.0,29385.0,32150.0,34421.0,36856.0,38956.0,40089.0,40928.0,40816.0,41575.0,41844.0,40851.0,41276.0,41485.0,40464.0
전북특별자치도 - 인구 천명당 의료기관병상수＜br＞(A÷B×1000),Statistics,8.5,9.7,10.9,11.8,12.7,13.7,14.9,16.3,17.5,19.0,20.2,20.5,21.0,21.6,21.9,22.0,22.1,22.3,22.4,22.0
전북특별자치도 - 주민등록인구＜br＞(B),Statistics,1906742.0,1885335.0,1868365.0,1862277.0,1855772.0,1854508.0,1868963.0,1874031.0,1873341.0,1872965.0,1871560.0,1869711.0,1864791.0,1854607.0,1836832.0,1818917.0,1804104.0,1786855.0,1769607.0,1754757.0
전북특별자치도 - 총병상수＜br＞(A),Statistics,16282.0,18204.0,20388.0,22049.0,23573.0,25449.0,27846.0,30462.0,32747.0,35645.0,37760.0,38300.0,39165.0,39981.0,40291.0,39993.0,39878.0,39818.0,39581.0,38576.0
전주시 - 인구 천명당 의료기관병상수＜br＞(A÷B×1000),Statistics,9.9,10.4,11.6,12.9,13.9,15.0,15.9,17.4,19.5,23.1,25.0,24.8,25.8,26.5,26.6,26.4,26.0,25.6,25.6,25.2
전주시 - 주민등록인구＜br＞(B),Statistics,622472.0,621749.0,624849.0,623926.0,631532.0,635007.0,641525.0,645894.0,648863.0,650082.0,652877.0,652282.0,651744.0,648964.0,651091.0,654394.0,657432.0,657269.0,651495.0,642727.0
전주시 - 총병상수＜br＞(A),Statistics,6158.0,6465.0,7266.0,8067.0,8764.0,9499.0,10191.0,11249.0,12622.0,15010.0,16312.0,16155.0,16817.0,17181.0,17327.0,17283.0,17094.0,16824.0,16710.0,16207.0
정선군 - 인구 천명당 의료기관병상수＜br＞(A÷B×1000),Statistics,15.9,16.2,16.3,15.5,17.6,17.3,10.2,16.8,13.3,10.1,10.0,8.8,7.0,6.8,5.9,5.8,5.4,5.6,5.6,5.7
정선군 - 주민등록인구＜br＞(B),Statistics,45419.0,44203.0,43186.0,41806.0,41269.0,40708.0,41045.0,40181.0,39915.0,39985.0,39425.0,39197.0,38718.0,38173.0,37700.0,37271.0,36870.0,35675.0,34931.0,34202.0
정선군 - 총병상수＜br＞(A),Statistics,720.0,716.0,706.0,647.0,726.0,705.0,420.0,677.0,529.0,403.0,393.0,343.0,271.0,261.0,224.0,217.0,199.0,199.0,195.0,195.0
정읍시 - 인구 천명당 의료기관병상수＜br＞(A÷B×1000),Statistics,8.4,8.0,8.5,10.1,11.6,13.7,17.2,17.9,18.5,18.6,17.9,19.2,20.2,21.2,20.9,20.1,19.9,20.1,22.3,21.5
정읍시 - 주민등록인구＜br＞(B),Statistics,132285.0,129050.0,126249.0,124239.0,122842.0,121545.0,122000.0,120466.0,119392.0,118328.0,117183.0,115977.0,115173.0,113776.0,112169.0,110541.0,108508.0,106487.0,105081.0,103620.0
정읍시 - 총병상수＜br＞(A),Statistics,1113.0,1032.0,1067.0,1260.0,1421.0,1667.0,2103.0,2151.0,2208.0,2202.0,2095.0,2224.0,2323.0,2416.0,2347.0,2218.0,2156.0,2136.0,2343.0,2229.0
제주시 - 인구 천명당 의료기관병상수＜br＞(A÷B×1000),Statistics,,,6.2,7.4,8.0,8.2,8.8,8.4,8.5,9.3,9.5,9.2,9.4,9.0,9.1,8.9,8.9,9.2,9.4,9.3
제주시 - 주민등록인구＜br＞(B),Statistics,,,403601.0,405458.0,407498.0,410378.0,417539.0,422790.0,429656.0,438165.0,448834.0,459876.0,470665.0,478700.0,485946.0,489405.0,492466.0,493096.0,493389.0,491654.0
제주시 - 총병상수＜br＞(A),Statistics,,,2520.0,2990.0,3243.0,3352.0,3665.0,3534.0,3660.0,4079.0,4256.0,4248.0,4435.0,4316.0,4416.0,4363.0,4384.0,4537.0,4619.0,4583.0
제주특별자치도 - 인구 천명당 의료기관병상수＜br＞(A÷B×1000),Statistics,4.8,5.3,5.3,6.4,6.7,7.0,7.4,7.2,7.3,7.8,8.0,7.8,7.9,7.4,7.4,7.2,7.3,7.5,7.6,7.6
제주특별자치도 - 주민등록인구＜br＞(B),Statistics,555362.0,557569.0,558496.0,559258.0,560618.0,562663.0,571255.0,576156.0,583713.0,593806.0,607346.0,624395.0,641597.0,657083.0,667191.0,670989.0,674635.0,676759.0,678159.0,675252.0
제주특별자치도 - 총병상수＜br＞(A),Statistics,2666.0,2944.0,2963.0,3598.0,3735.0,3952.0,4203.0,4135.0,4239.0,4616.0,4833.0,4853.0,5055.0,4863.0,4940.0,4854.0,4914.0,5090.0,5174.0,5134.0
제천시 - 인구 천명당 의료기관병상수＜br＞(A÷B×1000),Statistics,10.8,12.8,13.4,14.1,15.0,14.5,16.4,19.1,19.0,19.6,19.1,18.8,18.5,17.6,17.1,17.6,17.8,16.8,16.0,15.5
제천시 - 주민등록인구＜br＞(B),Statistics,138872.0,138201.0,136398.0,136218.0,135738.0,135580.0,137264.0,137689.0,137521.0,137204.0,136805.0,136138.0,136517.0,136432.0,135386.0,134617.0,133018.0,131591.0,130988.0,130194.0
제천시 - 총병상수＜br＞(A),Statistics,1497.0,1775.0,1833.0,1926.0,2042.0,1968.0,2251.0,2636.0,2607.0,2683.0,2616.0,2556.0,2526.0,2402.0,2313.0,2364.0,2364.0,2217.0,2097.0,2020.0
종로구 - 인구 천명당 의료기관병상수＜br＞(A÷B×1000),Statistics,20.5,20.5,21.2,20.4,19.1,19.5,19.3,19.4,20.6,20.5,22.1,21.5,21.6,21.8,22.5,22.2,22.4,25.3,26.3,26.8
종로구 - 주민등록인구＜br＞(B),Statistics,174372.0,169315.0,166793.0,165846.0,170705.0,168603.0,170578.0,168382.0,165207.0,160070.0,156993.0,154986.0,152737.0,154770.0,153065.0,151290.0,149384.0,144683.0,141379.0,139417.0
종로구 - 총병상수＜br＞(A),Statistics,3566.0,3472.0,3537.0,3386.0,3254.0,3284.0,3284.0,3270.0,3402.0,3288.0,3476.0,3327.0,3295.0,3379.0,3438.0,3364.0,3347.0,3666.0,3716.0,3741.0
중구 - 인구 천명당 의료기관병상수＜br＞(A÷B×1000),Statistics,13.4,13.2,13.0,12.7,12.8,12.9,13.0,13.0,12.6,12.7,13.1,12.4,13.2,12.5,11.7,10.7,10.9,10.5,9.7,8.2
중구 - 주민등록인구＜br＞(B),Statistics,131971.0,130027.0,130649.0,130044.0,130362.0,129465.0,132822.0,133193.0,133360.0,130465.0,128065.0,125733.0,125249.0,125709.0,125725.0,126171.0,125240.0,122499.0,120437.0,121312.0
중구 - 총병상수＜br＞(A),Statistics,1766.0,1714.0,1698.0,1652.0,1666.0,1673.0,1730.0,1726.0,1683.0,1660.0,1679.0,1557.0,1649.0,1568.0,1473.0,1349.0,1365.0,1286.0,1166.0,992.0
중랑구 - 인구 천명당 의료기관병상수＜br＞(A÷B×1000),Statistics,4.0,4.4,5.1,5.7,5.6,5.8,5.7,7.9,7.7,8.0,7.9,7.9,8.1,7.4,7.6,7.6,8.2,8.6,8.5,8.8
중랑구 - 주민등록인구＜br＞(B),Statistics,433858.0,427373.0,426078.0,427071.0,427871.0,424761.0,427455.0,423706.0,419295.0,416798.0,418836.0,413909.0,411005.0,408226.0,403209.0,397015.0,394702.0,387350.0,385318.0,382155.0
중랑구 - 총병상수＜br＞(A),Statistics,1735.0,1875.0,2172.0,2418.0,2415.0,2463.0,2416.0,3358.0,3220.0,3355.0,3307.0,3274.0,3314.0,3023.0,3049.0,3018.0,3238.0,3320.0,3273.0,3349.0
증평군 - 인구 천명당 의료기관병상수＜br＞(A÷B×1000),Statistics,4.4,4.4,4.4,6.2,5.9,5.7,6.4,5.7,5.0,5.0,2.8,4.8,8.8,8.7,12.5,1.8,6.6,6.7,6.6,5.1
증평군 - 주민등록인구＜br＞(B),Statistics,30899.0,30607.0,30483.0,31145.0,32179.0,33164.0,33533.0,34009.0,34279.0,34546.0,34771.0,36671.0,37308.0,37783.0,37317.0,37392.0,36807.0,36426.0,37262.0,37484.0
증평군 - 총병상수＜br＞(A),Statistics,135.0,135.0,135.0,193.0,190.0,188.0,214.0,193.0,173.0,173.0,97.0,176.0,327.0,327.0,465.0,69.0,244.0,244.0,245.0,192.0
진도군 - 인구 천명당 의료기관병상수＜br＞(A÷B×1000),Statistics,4.4,4.5,6.0,6.4,5.9,6.0,6.0,6.3,6.4,6.4,6.4,6.7,6.6,3.8,7.0,6.5,6.4,6.7,6.8,6.9
진도군 - 주민등록인구＜br＞(B),Statistics,37329.0,36529.0,35953.0,35206.0,34412.0,33931.0,33743.0,33502.0,33208.0,32998.0,32746.0,32476.0,32078.0,31765.0,31219.0,30715.0,31227.0,30066.0,29507.0,28979.0
진도군 - 총병상수＜br＞(A),Statistics,164.0,164.0,214.0,224.0,204.0,204.0,204.0,211.0,211.0,211.0,211.0,217.0,213.0,120.0,220.0,201.0,201.0,201.0,201.0,201.0
진안군 - 인구 천명당 의료기관병상수＜br＞(A÷B×1000),Statistics,6.0,5.0,6.6,5.9,6.6,6.5,6.5,8.2,8.6,8.7,8.8,11.9,12.0,11.6,11.1,10.9,11.1,11.2,10.7,10.7
진안군 - 주민등록인구＜br＞(B),Statistics,30757.0,29021.0,27122.0,30250.0,27230.0,27558.0,27543.0,28473.0,26963.0,26703.0,26474.0,26203.0,26069.0,26271.0,25963.0,25697.0,25394.0,24987.0,24550.0,24465.0
진안군 - 총병상수＜br＞(A),Statistics,186.0,145.0,179.0,179.0,179.0,179.0,179.0,233.0,233.0,233.0,233.0,313.0,313.0,306.0,287.0,279.0,283.0,281.0,262.0,262.0
진주시 - 인구 천명당 의료기관병상수＜br＞(A÷B×1000),Statistics,12.4,13.7,14.5,15.7,15.5,15.5,16.5,16.4,16.3,14.7,15.0,14.7,16.7,17.7,17.9,18.5,19.3,19.1,19.7,19.2
진주시 - 주민등록인구＜br＞(B),Statistics,337425.0,336234.0,333554.0,330756.0,331222.0,331720.0,335037.0,335502.0,337314.0,337071.0,340241.0,344426.0,346739.0,346681.0,345987.0,347334.0,348096.0,347097.0,343782.0,341074.0
진주시 - 총병상수＜br＞(A),Statistics,4168.0,4605.0,4846.0,5180.0,5139.0,5127.0,5530.0,5503.0,5494.0,4951.0,5109.0,5071.0,5778.0,6140.0,6187.0,6424.0,6709.0,6638.0,6771.0,6542.0
진천군 - 인구 천명당 의료기관병상수＜br＞(A÷B×1000),Statistics,4.8,5.4,7.5,7.6,7.5,7.7,7.7,8.9,8.9,10.8,10.7,10.0,10.8,10.2,10.5,9.9,10.9,10.1,10.3,10.4
진천군 - 주민등록인구＜br＞(B),Statistics,60347.0,60155.0,60111.0,60154.0,60715.0,61456.0,62094.0,63051.0,63458.0,64606.0,65174.0,67981.0,69950.0,73677.0,78218.0,81084.0,83718.0,85176.0,86147.0,86254.0
진천군 - 총병상수＜br＞(A),Statistics,290.0,324.0,449.0,456.0,453.0,471.0,477.0,563.0,566.0,695.0,699.0,678.0,758.0,748.0,824.0,803.0,911.0,861.0,887.0,898.0
창녕군 - 인구 천명당 의료기관병상수＜br＞(A÷B×1000),Statistics,27.2,28.3,30.5,31.2,28.4,32.3,35.4,33.5,33.0,34.1,35.6,32.8,34.5,35.1,34.7,37.3,38.4,39.2,39.9,37.8
창녕군 - 주민등록인구＜br＞(B),Statistics,66074.0,64672.0,63476.0,62255.0,61603.0,61252.0,61714.0,62490.0,62966.0,63447.0,63502.0,63817.0,63982.0,64101.0,63396.0,62331.0,61301.0,60129.0,58372.0,57083.0
창녕군 - 총병상수＜br＞(A),Statistics,1797.0,1829.0,1934.0,1945.0,1750.0,1977.0,2183.0,2092.0,2081.0,2165.0,2261.0,2093.0,2210.0,2250.0,2198.0,2325.0,2355.0,2355.0,2330.0,2158.0
창원시 - 인구 천명당 의료기관병상수＜br＞(A÷B×1000),Statistics,,,,,,,14.0,15.2,15.9,16.9,17.4,17.7,18.7,18.6,19.5,18.8,19.9,20.1,20.6,20.5
창원시 - 주민등록인구＜br＞(B),Statistics,,,,,,,1090181.0,1091881.0,1091471.0,1083731.0,1075168.0,1070064.0,1063907.0,1057032.0,1053601.0,1044740.0,1036738.0,1032741.0,1021487.0,1009038.0
창원시 - 총병상수＜br＞(A),Statistics,,,,,,,15264.0,16600.0,17302.0,18277.0,18760.0,18956.0,19934.0,19643.0,20508.0,19626.0,20639.0,20750.0,21004.0,20706.0
천안시 - 인구 천명당 의료기관병상수＜br＞(A÷B×1000),Statistics,7.3,7.1,8.2,8.6,9.6,10.0,10.5,11.2,11.8,12.2,12.8,12.5,12.8,14.3,14.3,14.5,14.3,15.0,14.8,15.1
천안시 - 주민등록인구＜br＞(B),Statistics,503082.0,512482.0,523323.0,531956.0,537698.0,540832.0,557673.0,571377.0,581988.0,591089.0,598346.0,605776.0,617955.0,631531.0,646075.0,652258.0,658808.0,658486.0,657559.0,655959.0
천안시 - 총병상수＜br＞(A),Statistics,3664.0,3620.0,4293.0,4587.0,5154.0,5402.0,5876.0,6411.0,6845.0,7189.0,7635.0,7566.0,7901.0,9018.0,9225.0,9490.0,9426.0,9901.0,9752.0,9898.0
철원군 - 인구 천명당 의료기관병상수＜br＞(A÷B×1000),Statistics,5.5,5.2,7.0,6.3,5.0,7.2,5.8,7.0,8.8,10.1,9.5,9.1,9.0,7.8,7.9,7.7,7.9,7.7,7.2,7.4
철원군 - 주민등록인구＜br＞(B),Statistics,49650.0,48933.0,48024.0,47420.0,47724.0,47669.0,48928.0,48084.0,47968.0,47473.0,47590.0,48799.0,48013.0,47185.0,46413.0,45584.0,44699.0,43340.0,42256.0,41448.0
철원군 - 총병상수＜br＞(A),Statistics,275.0,256.0,338.0,301.0,238.0,345.0,284.0,335.0,423.0,481.0,453.0,445.0,432.0,368.0,368.0,352.0,355.0,334.0,306.0,306.0
청도군 - 인구 천명당 의료기관병상수＜br＞(A÷B×1000),Statistics,9.6,9.6,9.6,13.3,12.7,16.8,20.3,21.5,20.7,24.1,30.7,34.5,34.6,35.3,34.6,34.5,30.7,29.6,30.2,29.5
청도군 - 주민등록인구＜br＞(B),Statistics,47678.0,46748.0,46144.0,45515.0,44711.0,44279.0,44391.0,44298.0,43968.0,43788.0,43993.0,43724.0,43564.0,43346.0,43057.0,42910.0,42263.0,41891.0,41614.0,41316.0
청도군 - 총병상수＜br＞(A),Statistics,459.0,447.0,444.0,605.0,570.0,742.0,901.0,951.0,910.0,1057.0,1352.0,1508.0,1509.0,1529.0,1490.0,1480.0,1298.0,1242.0,1256.0,1217.0
청송군 - 인구 천명당 의료기관병상수＜br＞(A÷B×1000),Statistics,7.5,11.1,11.4,11.7,15.6,15.9,16.0,14.7,14.8,14.8,14.3,13.4,13.5,13.6,13.7,13.8,14.1,13.1,13.1,13.3
청송군 - 주민등록인구＜br＞(B),Statistics,30099.0,29298.0,28465.0,27862.0,27289.0,26917.0,26715.0,26569.0,26481.0,26470.0,26453.0,26384.0,26301.0,26006.0,25678.0,25416.0,25044.0,24539.0,24295.0,24019.0
청송군 - 총병상수＜br＞(A),Statistics,225.0,325.0,325.0,325.0,427.0,427.0,427.0,391.0,391.0,391.0,377.0,354.0,354.0,354.0,352.0,352.0,352.0,321.0,319.0,319.0
청양군 - 인구 천명당 의료기관병상수＜br＞(A÷B×1000),Statistics,4.4,5.4,4.6,4.5,4.6,4.6,7.6,5.6,6.9,7.0,8.5,8.2,8.3,7.9,8.8,8.2,7.1,7.0,7.0,7.1
청양군 - 주민등록인구＜br＞(B),Statistics,35626.0,34921.0,34086.0,33604.0,33062.0,32613.0,32541.0,32291.0,32087.0,32155.0,32248.0,32485.0,32753.0,32837.0,32296.0,31717.0,30948.0,30440.0,30266.0,30168.0
청양군 - 총병상수＜br＞(A),Statistics,158.0,188.0,158.0,152.0,151.0,151.0,247.0,181.0,222.0,226.0,273.0,265.0,273.0,258.0,284.0,260.0,219.0,213.0,213.0,213.0
청주시 - 인구 천명당 의료기관병상수＜br＞(A÷B×1000),Statistics,,,,,,,,,,,10.4,10.4,11.3,11.9,12.8,12.4,12.6,12.6,12.4,12.1
청주시 - 주민등록인구＜br＞(B),Statistics,,,,,,,,,,,831521.0,831912.0,835197.0,835590.0,837749.0,839566.0,844993.0,848482.0,849573.0,852189.0
청주시 - 총병상수＜br＞(A),Statistics,,,,,,,,,,,8609.0,8653.0,9449.0,9967.0,10725.0,10426.0,10617.0,10699.0,10516.0,10352.0
춘천시 - 인구 천명당 의료기관병상수＜br＞(A÷B×1000),Statistics,11.3,10.6,10.7,11.6,13.2,13.5,14.2,14.1,14.8,15.0,15.6,15.4,15.0,15.0,15.7,14.9,14.7,14.9,14.0,13.5
춘천시 - 주민등록인구＜br＞(B),Statistics,254323.0,254999.0,256239.0,258141.0,261975.0,264849.0,269950.0,272805.0,273364.0,274455.0,275791.0,277997.0,280707.0,280514.0,280640.0,281291.0,282765.0,284594.0,286664.0,286426.0
춘천시 - 총병상수＜br＞(A),Statistics,2884.0,2708.0,2735.0,2983.0,3461.0,3583.0,3826.0,3845.0,4047.0,4129.0,4289.0,4272.0,4219.0,4207.0,4419.0,4184.0,4164.0,4246.0,4007.0,3871.0
충남 당진군 - 인구 천명당 의료기관병상수＜br＞(A÷B×1000),Statistics,4.9,4.7,4.3,3.9,4.3,5.1,4.4,6.0,,,,,,,,,,,,
충남 당진군 - 주민등록인구＜br＞(B),Statistics,117510.0,120483.0,124925.0,136254.0,136432.0,138798.0,144903.0,150219.0,,,,,,,,,,,,
충남 당진군 - 총병상수＜br＞(A),Statistics,576.0,571.0,539.0,534.0,582.0,703.0,631.0,899.0,,,,,,,,,,,,
충남 연기군 - 인구 천명당 의료기관병상수＜br＞(A÷B×1000),Statistics,3.8,6.2,6.1,9.4,9.6,8.8,9.2,10.1,,,,,,,,,,,,
충남 연기군 - 주민등록인구＜br＞(B),Statistics,84455.0,84308.0,82747.0,79977.0,78645.0,79482.0,81871.0,82890.0,,,,,,,,,,,,
충남 연기군 - 총병상수＜br＞(A),Statistics,325.0,523.0,501.0,750.0,753.0,697.0,751.0,839.0,,,,,,,,,,,,
충북 청원군 - 인구 천명당 의료기관병상수＜br＞(A÷B×1000),Statistics,4.3,5.6,4.8,5.3,5.7,6.7,6.8,6.3,6.3,6.8,,,,,,,,,,
충북 청원군 - 주민등록인구＜br＞(B),Statistics,119745.0,119784.0,136538.0,143021.0,148063.0,149783.0,152944.0,158369.0,154780.0,155002.0,,,,,,,,,,
충북 청원군 - 총병상수＜br＞(A),Statistics,520.0,669.0,659.0,758.0,851.0,1006.0,1033.0,991.0,975.0,1055.0,,,,,,,,,,
충북 청주시 - 인구 천명당 의료기관병상수＜br＞(A÷B×1000),Statistics,7.7,7.8,8.2,8.3,8.5,9.0,9.0,10.0,10.0,10.5,,,,,,,,,,
충북 청주시 - 주민등록인구＜br＞(B),Statistics,624288.0,630939.0,626679.0,633286.0,638663.0,643161.0,655971.0,661946.0,666852.0,672904.0,,,,,,,,,,
충북 청주시 - 총병상수＜br＞(A),Statistics,4823.0,4915.0,5138.0,5286.0,5410.0,5791.0,5935.0,6600.0,6683.0,7044.0,,,,,,,,,,
충주시 - 인구 천명당 의료기관병상수＜br＞(A÷B×1000),Statistics,7.1,6.6,8.3,9.6,10.0,10.2,10.9,11.0,12.3,12.4,13.1,12.5,13.6,13.4,13.1,12.6,12.5,13.4,13.6,13.9
충주시 - 주민등록인구＜br＞(B),Statistics,207534.0,205907.0,204610.0,205064.0,206372.0,206613.0,208481.0,208433.0,208447.0,208115.0,208527.0,207913.0,208350.0,208316.0,210504.0,210737.0,210186.0,209358.0,208277.0,207778.0
충주시 - 총병상수＜br＞(A),Statistics,1475.0,1352.0,1693.0,1976.0,2067.0,2107.0,2282.0,2293.0,2557.0,2577.0,2724.0,2606.0,2842.0,2801.0,2764.0,2645.0,2630.0,2803.0,2825.0,2886.0
충청남도 - 인구 천명당 의료기관병상수＜br＞(A÷B×1000),Statistics,7.6,7.7,8.8,9.4,10.2,10.8,11.1,11.4,11.9,12.4,13.1,13.2,13.2,13.6,13.4,13.2,13.6,13.7,13.5,13.1
충청남도 - 주민등록인구＜br＞(B),Statistics,1953406.0,1962646.0,1974433.0,1995531.0,2018537.0,2037582.0,2075514.0,2101284.0,2028777.0,2047631.0,2062273.0,2077649.0,2096727.0,2116770.0,2126282.0,2123709.0,2121029.0,2119257.0,2123037.0,2130119.0
충청남도 - 총병상수＜br＞(A),Statistics,14850.0,15138.0,17289.0,18857.0,20653.0,21950.0,23005.0,23989.0,24210.0,25310.0,27048.0,27362.0,27762.0,28878.0,28457.0,28122.0,28740.0,29104.0,28596.0,27955.0
충청북도 - 인구 천명당 의료기관병상수＜br＞(A÷B×1000),Statistics,8.2,8.5,9.2,9.5,10.2,10.6,10.9,12.0,12.2,12.5,12.8,12.8,13.4,13.5,14.1,13.3,13.4,13.6,13.4,13.1
충청북도 - 주민등록인구＜br＞(B),Statistics,1488945.0,1488803.0,1494559.0,1506608.0,1519587.0,1527478.0,1549528.0,1562903.0,1565628.0,1572732.0,1578933.0,1583952.0,1591625.0,1594432.0,1599252.0,1600007.0,1600837.0,1597427.0,1595058.0,1593469.0
충청북도 - 총병상수＜br＞(A),Statistics,12223.0,12703.0,13748.0,14257.0,15491.0,16128.0,16921.0,18684.0,19061.0,19720.0,20266.0,20288.0,21252.0,21584.0,22471.0,21336.0,21503.0,21658.0,21383.0,20904.0
칠곡군 - 인구 천명당 의료기관병상수＜br＞(A÷B×1000),Statistics,9.6,12.6,12.2,12.5,13.1,12.7,14.0,13.6,13.5,13.7,13.7,15.8,15.6,15.5,16.1,15.6,16.7,16.0,15.9,14.8
칠곡군 - 주민등록인구＜br＞(B),Statistics,106475.0,107750.0,111390.0,113851.0,116472.0,117288.0,119087.0,118838.0,119786.0,121182.0,122058.0,122829.0,123199.0,120864.0,118828.0,117047.0,114758.0,113822.0,112487.0,110581.0
칠곡군 - 총병상수＜br＞(A),Statistics,1024.0,1357.0,1357.0,1418.0,1521.0,1492.0,1662.0,1622.0,1622.0,1658.0,1675.0,1946.0,1921.0,1868.0,1918.0,1827.0,1916.0,1826.0,1787.0,1642.0
태백시 - 인구 천명당 의료기관병상수＜br＞(A÷B×1000),Statistics,18.2,19.4,19.6,17.9,17.5,17.1,17.2,16.3,16.5,15.5,16.2,14.3,13.9,12.3,12.4,13.1,11.9,9.7,10.7,9.6
태백시 - 주민등록인구＜br＞(B),Statistics,53264.0,52463.0,51593.0,51490.0,51028.0,50424.0,50864.0,50176.0,49493.0,48794.0,48258.0,47501.0,47070.0,45888.0,44858.0,43866.0,42719.0,40844.0,39428.0,38702.0
태백시 - 총병상수＜br＞(A),Statistics,967.0,1019.0,1012.0,924.0,895.0,861.0,876.0,817.0,817.0,754.0,780.0,680.0,654.0,563.0,557.0,576.0,509.0,395.0,422.0,371.0
태안군 - 인구 천명당 의료기관병상수＜br＞(A÷B×1000),Statistics,2.3,4.6,5.1,7.3,7.7,4.5,3.8,8.9,8.9,10.8,10.0,8.0,9.5,9.2,8.8,6.9,7.0,6.0,5.7,5.7
태안군 - 주민등록인구＜br＞(B),Statistics,63764.0,63794.0,63754.0,63042.0,63401.0,63095.0,63247.0,62747.0,62548.0,62416.0,62574.0,63484.0,63900.0,63932.0,63238.0,62743.0,62214.0,61526.0,61335.0,60784.0
태안군 - 총병상수＜br＞(A),Statistics,144.0,292.0,323.0,462.0,488.0,285.0,241.0,556.0,556.0,676.0,624.0,510.0,609.0,590.0,558.0,436.0,436.0,372.0,349.0,349.0
통영시 - 인구 천명당 의료기관병상수＜br＞(A÷B×1000),Statistics,5.3,6.0,5.7,7.1,10.8,10.7,11.3,13.3,13.1,13.4,14.2,13.8,16.0,15.9,16.3,16.2,16.3,16.4,15.1,14.9
통영시 - 주민등록인구＜br＞(B),Statistics,132959.0,132795.0,133127.0,134431.0,136275.0,137415.0,140297.0,140195.0,139347.0,139719.0,139439.0,139168.0,138160.0,135833.0,133720.0,131404.0,128293.0,125383.0,122681.0,120551.0
통영시 - 총병상수＜br＞(A),Statistics,704.0,797.0,757.0,958.0,1478.0,1475.0,1580.0,1868.0,1832.0,1869.0,1978.0,1919.0,2206.0,2163.0,2186.0,2128.0,2087.0,2057.0,1850.0,1794.0
파주시 - 인구 천명당 의료기관병상수＜br＞(A÷B×1000),Statistics,4.9,5.0,4.9,4.9,5.5,5.5,4.8,6.0,6.8,7.4,9.1,8.9,9.0,9.7,10.1,10.4,10.8,10.9,11.1,11.5
파주시 - 주민등록인구＜br＞(B),Statistics,246323.0,261770.0,292752.0,303831.0,311164.0,323011.0,355632.0,378790.0,394201.0,401718.0,411348.0,423321.0,430781.0,437848.0,451848.0,454040.0,465617.0,483245.0,495315.0,497753.0
파주시 - 총병상수＜br＞(A),Statistics,1212.0,1315.0,1439.0,1500.0,1721.0,1776.0,1712.0,2278.0,2677.0,2953.0,3731.0,3764.0,3879.0,4243.0,4567.0,4705.0,5046.0,5248.0,5492.0,5710.0
평창군 - 인구 천명당 의료기관병상수＜br＞(A÷B×1000),Statistics,1.3,1.4,3.0,3.0,2.8,2.9,2.4,2.7,2.7,2.7,2.7,4.4,4.4,4.6,4.5,4.7,4.7,3.9,3.9,3.5
평창군 - 주민등록인구＜br＞(B),Statistics,45311.0,45033.0,44332.0,44003.0,43706.0,43634.0,43622.0,43577.0,43627.0,43666.0,43660.0,43500.0,43318.0,43092.0,42610.0,42106.0,41681.0,40996.0,40990.0,40659.0
평창군 - 총병상수＜br＞(A),Statistics,61.0,65.0,131.0,131.0,124.0,127.0,104.0,116.0,116.0,116.0,116.0,190.0,190.0,200.0,190.0,196.0,196.0,161.0,158.0,144.0
평택시 - 인구 천명당 의료기관병상수＜br＞(A÷B×1000),Statistics,7.6,6.8,6.6,7.4,7.2,7.4,7.3,8.0,8.4,8.2,8.9,9.1,9.1,8.3,7.4,7.8,8.3,8.0,8.2,8.1
평택시 - 주민등록인구＜br＞(B),Statistics,370653.0,383976.0,396765.0,402458.0,406721.0,410042.0,419457.0,426886.0,434305.0,442034.0,449555.0,460532.0,470832.0,481530.0,495642.0,513027.0,537307.0,564288.0,578529.0,591022.0
평택시 - 총병상수＜br＞(A),Statistics,2824.0,2606.0,2638.0,2980.0,2940.0,3030.0,3060.0,3425.0,3627.0,3615.0,3980.0,4171.0,4282.0,3990.0,3673.0,4022.0,4468.0,4531.0,4767.0,4805.0
포천시 - 인구 천명당 의료기관병상수＜br＞(A÷B×1000),Statistics,7.1,7.1,7.5,8.4,8.4,9.0,7.2,9.6,10.7,11.2,11.6,13.3,13.2,11.7,11.7,11.6,11.6,11.4,11.4,10.0
포천시 - 주민등록인구＜br＞(B),Statistics,150364.0,155242.0,157269.0,158156.0,160176.0,158931.0,158658.0,157967.0,157559.0,156603.0,155798.0,155192.0,154763.0,152925.0,150676.0,148379.0,147274.0,148939.0,146701.0,143323.0
포천시 - 총병상수＜br＞(A),Statistics,1069.0,1109.0,1174.0,1336.0,1352.0,1425.0,1138.0,1521.0,1693.0,1750.0,1806.0,2064.0,2040.0,1790.0,1767.0,1728.0,1712.0,1693.0,1674.0,1429.0
포항시 - 인구 천명당 의료기관병상수＜br＞(A÷B×1000),Statistics,7.1,7.4,9.2,10.0,10.8,10.8,11.9,12.3,13.0,13.6,15.3,15.8,16.5,18.7,19.6,19.2,19.6,19.8,20.3,20.0
포항시 - 주민등록인구＜br＞(B),Statistics,507129.0,507052.0,505008.0,505555.0,508119.0,509475.0,514755.0,517088.0,518913.0,519467.0,519368.0,519584.0,516775.0,513832.0,510013.0,507025.0,502916.0,503852.0,496650.0,493033.0
포항시 - 총병상수＜br＞(A),Statistics,3590.0,3771.0,4637.0,5077.0,5493.0,5491.0,6101.0,6343.0,6724.0,7088.0,7939.0,8202.0,8521.0,9627.0,10013.0,9758.0,9865.0,9990.0,10090.0,9882.0
하남시 - 인구 천명당 의료기관병상수＜br＞(A÷B×1000),Statistics,3.7,3.7,3.8,4.0,4.0,4.2,4.2,4.0,3.8,4.2,4.9,4.4,3.7,3.7,3.5,4.7,6.2,6.6,6.7,6.6
하남시 - 주민등록인구＜br＞(B),Statistics,129903.0,132850.0,134824.0,137131.0,143638.0,148566.0,150479.0,148397.0,146269.0,145096.0,148896.0,166713.0,211101.0,232487.0,254415.0,272455.0,293452.0,320087.0,326059.0,329861.0
하남시 - 총병상수＜br＞(A),Statistics,482.0,498.0,507.0,548.0,575.0,617.0,638.0,601.0,550.0,604.0,734.0,728.0,779.0,862.0,887.0,1267.0,1833.0,2123.0,2186.0,2186.0
하동군 - 인구 천명당 의료기관병상수＜br＞(A÷B×1000),Statistics,8.1,9.7,9.7,9.3,10.8,11.7,11.8,14.6,12.3,12.4,12.8,11.4,13.6,14.4,18.3,18.6,19.2,19.8,13.2,12.9
하동군 - 주민등록인구＜br＞(B),Statistics,54881.0,53131.0,52898.0,55526.0,53515.0,52010.0,51509.0,53975.0,50806.0,50177.0,49223.0,50259.0,49622.0,48831.0,47533.0,46574.0,44785.0,43449.0,42465.0,41606.0
하동군 - 총병상수＜br＞(A),Statistics,445.0,515.0,515.0,515.0,578.0,607.0,607.0,788.0,623.0,623.0,630.0,575.0,674.0,701.0,870.0,864.0,859.0,859.0,560.0,536.0
함안군 - 인구 천명당 의료기관병상수＜br＞(A÷B×1000),Statistics,6.6,6.7,6.5,8.4,7.7,7.3,10.7,10.8,10.8,13.4,14.4,16.3,16.6,17.8,24.2,24.4,24.5,24.5,25.0,23.0
함안군 - 주민등록인구＜br＞(B),Statistics,62081.0,61376.0,63460.0,64865.0,66050.0,66582.0,67207.0,66971.0,67425.0,67667.0,68741.0,69156.0,68937.0,68207.0,67025.0,65700.0,64182.0,62547.0,61456.0,60203.0
함안군 - 총병상수＜br＞(A),Statistics,408.0,412.0,412.0,542.0,508.0,484.0,718.0,722.0,727.0,904.0,991.0,1130.0,1141.0,1217.0,1624.0,1603.0,1570.0,1535.0,1535.0,1386.0
함양군 - 인구 천명당 의료기관병상수＜br＞(A÷B×1000),Statistics,3.0,3.1,3.1,3.1,3.1,3.1,3.1,3.1,3.1,3.1,3.2,3.4,2.7,2.6,2.6,3.0,4.1,4.2,4.3,4.4
함양군 - 주민등록인구＜br＞(B),Statistics,41922.0,41535.0,41162.0,40637.0,40447.0,40626.0,41197.0,41081.0,40714.0,40692.0,40584.0,40339.0,40241.0,40175.0,40044.0,39637.0,39080.0,38310.0,37708.0,36945.0
함양군 - 총병상수＜br＞(A),Statistics,127.0,127.0,127.0,127.0,127.0,127.0,127.0,128.0,128.0,128.0,128.0,136.0,107.0,106.0,106.0,118.0,159.0,162.0,162.0,162.0
함평군 - 인구 천명당 의료기관병상수＜br＞(A÷B×1000),Statistics,4.0,3.2,4.1,18.1,17.6,4.1,17.9,17.9,19.0,22.4,23.5,22.2,22.5,25.0,25.6,23.6,14.3,11.4,10.5,10.1
함평군 - 주민등록인구＜br＞(B),Statistics,40205.0,40189.0,38647.0,37998.0,37432.0,37089.0,36702.0,36134.0,35780.0,35610.0,35090.0,34876.0,34397.0,34328.0,33420.0,32861.0,32050.0,31274.0,30784.0,30601.0
함평군 - 총병상수＜br＞(A),Statistics,159.0,130.0,159.0,687.0,657.0,153.0,657.0,645.0,679.0,796.0,823.0,774.0,773.0,857.0,857.0,774.0,457.0,357.0,324.0,310.0
합천군 - 인구 천명당 의료기관병상수＜br＞(A÷B×1000),Statistics,8.9,9.3,9.3,9.2,11.4,12.3,13.0,13.1,13.2,14.6,14.6,16.3,18.0,18.4,19.0,20.1,18.1,20.2,19.1,18.4
합천군 - 주민등록인구＜br＞(B),Statistics,57909.0,58162.0,55104.0,55450.0,55677.0,52973.0,51092.0,50608.0,50279.0,50290.0,50457.0,49145.0,48026.0,47000.0,45916.0,45204.0,44006.0,42935.0,42142.0,41203.0
합천군 - 총병상수＜br＞(A),Statistics,517.0,540.0,515.0,510.0,633.0,652.0,662.0,662.0,662.0,732.0,736.0,801.0,866.0,867.0,871.0,908.0,798.0,868.0,806.0,757.0
해남군 - 인구 천명당 의료기관병상수＜br＞(A÷B×1000),Statistics,10.9,12.8,14.2,20.2,19.9,20.1,21.5,22.5,21.4,22.0,22.1,22.6,20.9,21.3,21.7,22.2,22.6,21.9,20.9,20.8
해남군 - 주민등록인구＜br＞(B),Statistics,87736.0,86238.0,84338.0,82529.0,81043.0,81148.0,79579.0,78346.0,78150.0,77684.0,76981.0,76194.0,75121.0,73604.0,71901.0,70354.0,68806.0,67166.0,65831.0,64575.0
해남군 - 총병상수＜br＞(A),Statistics,957.0,1107.0,1195.0,1664.0,1616.0,1632.0,1711.0,1759.0,1675.0,1707.0,1701.0,1723.0,1569.0,1568.0,1557.0,1559.0,1552.0,1470.0,1375.0,1340.0
해운대구 - 인구 천명당 의료기관병상수＜br＞(A÷B×1000),Statistics,4.5,5.0,5.3,6.6,8.2,8.4,11.6,12.6,13.7,14.3,14.4,14.5,15.3,15.5,15.3,15.4,14.9,15.0,15.2,15.3
해운대구 - 주민등록인구＜br＞(B),Statistics,403432.0,404599.0,418875.0,423816.0,424455.0,424974.0,426729.0,425618.0,428188.0,425536.0,423531.0,422818.0,419853.0,412039.0,409347.0,406102.0,402169.0,396438.0,386785.0,380448.0
해운대구 - 총병상수＜br＞(A),Statistics,1811.0,2005.0,2203.0,2796.0,3485.0,3583.0,4960.0,5371.0,5885.0,6087.0,6111.0,6125.0,6432.0,6374.0,6274.0,6270.0,5997.0,5940.0,5869.0,5828.0
홍성군 - 인구 천명당 의료기관병상수＜br＞(A÷B×1000),Statistics,7.7,8.7,9.0,9.1,10.9,11.1,11.0,16.5,16.8,18.3,19.3,17.8,16.7,16.6,16.4,15.7,16.3,16.1,15.5,14.4
홍성군 - 주민등록인구＜br＞(B),Statistics,91223.0,90931.0,89555.0,88685.0,88176.0,87631.0,88078.0,88108.0,88415.0,89704.0,91866.0,94553.0,99971.0,101570.0,101082.0,100423.0,100102.0,99324.0,98068.0,97524.0
홍성군 - 총병상수＜br＞(A),Statistics,702.0,789.0,808.0,808.0,965.0,972.0,965.0,1450.0,1487.0,1643.0,1769.0,1687.0,1673.0,1683.0,1653.0,1577.0,1632.0,1599.0,1522.0,1407.0
홍천군 - 인구 천명당 의료기관병상수＜br＞(A÷B×1000),Statistics,10.1,7.4,7.4,11.0,11.3,11.7,12.2,12.3,12.7,12.4,12.6,11.9,12.3,12.0,11.4,10.4,10.2,10.5,10.2,7.8
홍천군 - 주민등록인구＜br＞(B),Statistics,71907.0,70811.0,70037.0,70142.0,70360.0,69606.0,69893.0,69899.0,69727.0,70638.0,70451.0,70336.0,70076.0,70340.0,69949.0,69150.0,69242.0,68365.0,67977.0,67309.0
홍천군 - 총병상수＜br＞(A),Statistics,724.0,522.0,520.0,774.0,794.0,816.0,852.0,861.0,889.0,874.0,886.0,840.0,862.0,844.0,799.0,719.0,704.0,717.0,690.0,527.0
화성시 - 인구 천명당 의료기관병상수＜br＞(A÷B×1000),Statistics,4.1,3.6,4.2,3.4,3.6,4.2,4.4,5.6,6.8,7.8,8.2,7.8,7.8,6.9,6.6,6.5,6.5,6.4,6.6,6.3
화성시 - 주민등록인구＜br＞(B),Statistics,271563.0,296530.0,310171.0,371972.0,449354.0,491528.0,505838.0,516765.0,525490.0,530251.0,540862.0,596525.0,640890.0,691086.0,758722.0,815396.0,855248.0,887015.0,910814.0,944342.0
화성시 - 총병상수＜br＞(A),Statistics,1104.0,1080.0,1316.0,1271.0,1627.0,2058.0,2238.0,2880.0,3577.0,4140.0,4422.0,4675.0,5003.0,4736.0,5032.0,5286.0,5549.0,5636.0,6016.0,5952.0
화순군 - 인구 천명당 의료기관병상수＜br＞(A÷B×1000),Statistics,12.9,14.7,20.3,23.7,30.0,36.0,39.7,43.9,47.8,52.9,56.0,61.2,64.9,67.7,70.1,68.5,68.2,67.5,68.5,67.7
화순군 - 주민등록인구＜br＞(B),Statistics,75023.0,73673.0,72615.0,71551.0,70327.0,69675.0,69368.0,68985.0,68378.0,67829.0,66772.0,65848.0,65303.0,64680.0,63933.0,62737.0,62522.0,62624.0,62024.0,61254.0
화순군 - 총병상수＜br＞(A),Statistics,970.0,1080.0,1474.0,1697.0,2111.0,2507.0,2755.0,3026.0,3266.0,3589.0,3736.0,4030.0,4239.0,4379.0,4482.0,4298.0,4262.0,4227.0,4247.0,4145.0
화천군 - 인구 천명당 의료기관병상수＜br＞(A÷B×1000),Statistics,1.4,1.8,1.3,1.7,1.4,0.7,0.7,1.9,2.0,2.0,1.8,1.9,2.0,2.0,2.1,1.9,1.9,1.8,1.8,1.8
화천군 - 주민등록인구＜br＞(B),Statistics,24267.0,23732.0,23317.0,22944.0,24110.0,24216.0,24364.0,24945.0,25020.0,25079.0,27143.0,27020.0,26264.0,26022.0,25084.0,24917.0,24857.0,24195.0,23388.0,23007.0
화천군 - 총병상수＜br＞(A),Statistics,33.0,42.0,30.0,40.0,33.0,16.0,16.0,48.0,50.0,50.0,50.0,50.0,52.0,52.0,52.0,47.0,47.0,43.0,43.0,42.0
횡성군 - 인구 천명당 의료기관병상수＜br＞(A÷B×1000),Statistics,5.1,5.2,5.4,3.5,3.5,5.0,3.8,5.1,4.9,4.8,4.8,5.4,5.4,6.2,4.0,3.9,4.3,4.3,4.3,4.3
횡성군 - 주민등록인구＜br＞(B),Statistics,44297.0,43678.0,42982.0,43176.0,43413.0,44121.0,44254.0,44360.0,44615.0,44937.0,45373.0,45777.0,45991.0,46281.0,46726.0,46575.0,46472.0,46481.0,46532.0,46359.0
횡성군 - 총병상수＜br＞(A),Statistics,227.0,228.0,230.0,153.0,153.0,221.0,170.0,225.0,217.0,217.0,217.0,248.0,249.0,289.0,189.0,180.0,199.0,199.0,200.0,200.0
