item,category,2001,2002,2003,2004,2005,2006,2007,2008,2009,2010,2011,2012,2013,2014,2015,2016,2017,2018,2019,2020,2021,2022,2023
가평군 - 생활계폐기물 재활용률＜br＞(A÷B×100),Statistics,28.4,26.3,27.6,27.5,26.0,49.6,46.6,38.9,24.6,31.9,31.9,45.3,62.5,70.5,71.2,69.0,83.2,77.1,50.2,53.6,38.3,79.9,86.0
가평군 - 생활계폐기물 총발생량＜br＞(B),Statistics,41.2,40.3,43.4,44.4,46.1,65.1,64.1,56.0,50.1,59.5,59.5,60.5,74.6,68.7,132.1,76.5,75.7,74.6,95.5,112.9,102.6,110.1,92.8
가평군 - 총재활용량＜br＞(A),Statistics,11.7,10.6,12.0,12.2,12.0,32.3,29.9,21.8,12.3,19.0,19.0,27.4,46.6,48.4,94.0,52.8,63.0,57.5,47.9,60.5,39.3,88.0,79.8
강남구 - 생활계폐기물 재활용률＜br＞(A÷B×100),Statistics,63.9,65.9,63.6,64.8,65.9,65.0,63.3,61.7,61.8,63.8,64.9,69.0,67.0,68.8,66.0,67.1,67.0,65.8,58.9,65.5,65.2,62.0,61.8
강남구 - 생활계폐기물 총발생량＜br＞(B),Statistics,799.0,861.3,874.9,835.0,823.6,800.4,837.9,942.9,978.7,990.5,1017.3,984.9,745.2,808.2,713.2,707.2,708.3,677.1,591.2,694.9,679.5,721.4,716.2
강남구 - 총재활용량＜br＞(A),Statistics,510.7,567.9,556.8,541.4,542.7,520.4,530.8,581.5,605.1,632.2,660.5,679.8,499.5,556.2,470.5,474.7,474.8,445.5,348.2,455.5,442.8,447.2,442.3
강동구 - 생활계폐기물 재활용률＜br＞(A÷B×100),Statistics,59.6,55.7,52.0,56.7,64.3,62.6,62.4,70.7,67.7,52.8,53.7,56.9,53.5,69.9,73.9,78.2,74.6,72.5,67.4,67.5,66.7,71.4,71.4
강동구 - 생활계폐기물 총발생량＜br＞(B),Statistics,505.9,537.9,429.2,450.9,437.6,418.7,386.2,496.2,426.4,258.5,262.7,258.6,246.4,392.6,412.4,500.2,375.0,370.1,419.9,368.0,401.7,345.9,336.4
강동구 - 총재활용량＜br＞(A),Statistics,301.4,299.8,223.3,255.8,281.3,261.9,241.0,350.9,288.8,136.4,141.2,147.1,131.9,274.3,304.6,391.4,279.8,268.5,283.1,248.3,268.0,246.9,240.2
강릉시 - 생활계폐기물 재활용률＜br＞(A÷B×100),Statistics,31.7,33.0,34.6,35.4,35.0,39.3,49.0,46.9,51.0,65.3,65.1,64.6,65.0,64.2,62.3,58.6,49.8,51.7,52.2,45.9,45.9,43.8,59.4
강릉시 - 생활계폐기물 총발생량＜br＞(B),Statistics,305.0,304.0,299.7,250.8,295.1,338.7,361.7,307.3,311.1,336.1,350.5,369.3,371.1,370.0,355.8,384.0,358.3,386.7,294.4,280.1,257.0,230.3,292.7
강릉시 - 총재활용량＜br＞(A),Statistics,96.8,100.2,103.6,88.7,103.4,133.2,177.4,144.1,158.8,219.5,228.3,238.6,241.2,237.7,221.8,224.9,178.6,200.0,153.8,128.5,117.9,100.9,173.9
강북구 - 생활계폐기물 재활용률＜br＞(A÷B×100),Statistics,55.4,53.8,49.5,53.2,66.8,67.3,66.6,70.8,70.7,62.3,64.9,67.8,67.1,64.8,66.3,67.3,68.3,67.4,69.8,60.1,67.6,68.4,69.9
강북구 - 생활계폐기물 총발생량＜br＞(B),Statistics,428.5,432.3,387.8,374.9,354.0,350.4,346.0,327.3,315.7,233.4,242.9,242.5,232.6,232.0,230.2,230.0,224.9,230.6,251.2,243.1,258.6,245.6,243.5
강북구 - 총재활용량＜br＞(A),Statistics,237.5,232.7,191.8,199.5,236.6,235.9,230.5,231.8,223.3,145.4,157.6,164.4,156.1,150.3,152.7,154.8,153.7,155.4,175.3,146.0,174.8,167.9,170.2
강서구 - 생활계폐기물 재활용률＜br＞(A÷B×100),Statistics,50.6,52.8,60.2,58.7,66.6,63.7,63.1,72.7,78.8,67.0,73.5,71.7,65.6,69.9,70.6,68.4,71.0,70.1,74.4,69.4,28.3,46.8,45.2
강서구 - 생활계폐기물 총발생량＜br＞(B),Statistics,567.5,560.3,594.0,510.4,507.6,444.5,537.8,520.5,570.9,671.4,429.8,399.1,370.2,436.8,434.2,425.3,463.7,480.0,599.4,526.8,2059.7,1604.8,1343.3
강서구 - 총재활용량＜br＞(A),Statistics,287.3,295.7,357.6,299.5,338.3,283.3,339.2,378.3,449.7,450.0,316.1,286.1,242.7,305.4,306.7,290.8,329.4,336.4,446.2,365.7,583.2,751.4,607.7
강원특별자치도 - 생활계폐기물 재활용률＜br＞(A÷B×100),Statistics,33.9,29.9,31.6,32.0,41.2,41.7,50.2,50.2,57.5,57.8,53.6,52.2,50.3,51.5,50.1,53.5,55.3,55.9,50.2,51.4,51.5,54.5,55.1
강원특별자치도 - 생활계폐기물 총발생량＜br＞(B),Statistics,1738.2,2138.7,1993.9,1846.9,1898.8,2095.0,2274.3,2281.3,2429.7,2379.5,2208.5,2175.3,2100.6,2104.1,2031.6,2179.1,2333.5,2372.3,2250.9,2254.5,2274.6,2172.2,2230.1
강원특별자치도 - 총재활용량＜br＞(A),Statistics,590.0,638.6,630.7,590.8,781.6,872.9,1141.8,1146.3,1397.4,1375.2,1183.5,1135.1,1057.1,1082.8,1018.3,1166.8,1289.3,1326.5,1130.1,1159.7,1170.6,1182.9,1227.9
강진군 - 생활계폐기물 재활용률＜br＞(A÷B×100),Statistics,51.9,56.6,58.2,57.3,57.7,29.3,40.8,56.5,61.2,59.2,60.3,63.7,52.1,48.9,47.9,57.5,58.1,50.8,48.0,46.5,77.7,49.0,40.3
강진군 - 생활계폐기물 총발생량＜br＞(B),Statistics,44.9,42.9,42.1,41.7,41.6,23.9,17.9,25.5,28.9,26.5,24.2,26.2,28.8,28.0,28.8,36.7,36.3,29.5,29.4,31.6,35.8,33.7,32.5
강진군 - 총재활용량＜br＞(A),Statistics,23.3,24.3,24.5,23.9,24.0,7.0,7.3,14.4,17.7,15.7,14.6,16.7,15.0,13.7,13.8,21.1,21.1,15.0,14.1,14.7,27.8,16.5,13.1
강화군 - 생활계폐기물 재활용률＜br＞(A÷B×100),Statistics,53.4,60.2,62.9,63.2,75.9,46.6,47.2,69.7,62.2,65.4,65.5,72.0,54.3,42.5,46.5,50.9,45.8,72.7,67.7,41.8,41.3,58.2,41.3
강화군 - 생활계폐기물 총발생량＜br＞(B),Statistics,31.3,39.7,40.7,38.6,49.8,42.7,46.6,55.7,52.4,66.1,61.5,79.4,45.7,29.9,45.8,50.5,49.1,96.2,130.2,86.5,79.6,51.4,100.8
강화군 - 총재활용량＜br＞(A),Statistics,16.7,23.9,25.6,24.4,37.8,19.9,22.0,38.8,32.6,43.2,40.3,57.2,24.8,12.7,21.3,25.7,22.5,69.9,88.1,36.2,32.9,29.9,41.6
거제시 - 생활계폐기물 재활용률＜br＞(A÷B×100),Statistics,50.3,36.0,42.5,52.3,53.6,45.8,59.5,57.6,52.3,53.7,51.0,54.4,51.6,52.1,55.1,65.7,66.6,59.0,49.9,37.1,30.2,18.4,21.7
거제시 - 생활계폐기물 총발생량＜br＞(B),Statistics,150.3,193.1,234.3,249.7,284.9,276.2,321.6,299.0,306.6,286.9,280.2,235.5,195.2,250.2,264.8,350.4,369.1,352.7,355.0,378.9,268.4,261.0,259.5
거제시 - 총재활용량＜br＞(A),Statistics,75.6,69.6,99.5,130.5,152.7,126.4,191.3,172.3,160.4,154.2,142.8,128.1,100.8,130.3,146.0,230.3,246.0,208.2,177.2,140.5,81.0,48.0,56.4
거창군 - 생활계폐기물 재활용률＜br＞(A÷B×100),Statistics,41.7,37.7,40.0,41.3,42.8,39.9,32.4,30.6,27.7,29.1,28.2,51.3,50.6,43.7,46.0,54.5,56.6,52.1,55.3,51.9,38.6,36.3,94.2
거창군 - 생활계폐기물 총발생량＜br＞(B),Statistics,44.6,49.6,45.7,47.5,46.3,46.9,53.7,51.6,50.1,50.5,56.4,79.4,79.5,69.5,78.9,83.3,76.3,70.3,97.3,100.6,79.5,83.2,81.7
거창군 - 총재활용량＜br＞(A),Statistics,18.6,18.7,18.3,19.6,19.8,18.7,17.4,15.8,13.9,14.7,15.9,40.7,40.2,30.4,36.3,45.4,43.2,36.6,53.8,52.2,30.7,30.2,77.0
경기 여주군 - 생활계폐기물 재활용률＜br＞(A÷B×100),Statistics,59.4,55.9,57.0,61.6,61.6,65.2,64.9,75.9,75.7,85.6,89.1,79.6,,,,,,,,,,,
경기 여주군 - 생활계폐기물 총발생량＜br＞(B),Statistics,84.0,92.3,85.2,78.1,78.6,69.8,78.4,109.7,116.8,219.5,322.7,132.1,,,,,,,,,,,
경기 여주군 - 총재활용량＜br＞(A),Statistics,49.9,51.6,48.6,48.1,48.4,45.5,50.9,83.3,88.4,188.0,287.4,105.1,,,,,,,,,,,
경기도 - 생활계폐기물 재활용률＜br＞(A÷B×100),Statistics,44.2,47.3,48.6,52.5,57.9,58.0,57.9,61.7,62.0,61.9,60.3,61.3,58.3,57.5,58.9,59.1,61.0,60.7,59.3,58.8,61.3,63.8,60.7
경기도 - 생활계폐기물 총발생량＜br＞(B),Statistics,8742.9,9069.0,9354.5,9167.1,9286.7,9166.3,9790.0,10195.6,10213.6,10362.4,10798.2,10428.2,9919.2,10452.1,11467.1,12069.5,11605.3,12406.1,13196.9,15212.8,14992.6,15647.6,15325.3
경기도 - 총재활용량＜br＞(A),Statistics,3867.8,4294.1,4549.4,4812.3,5374.7,5317.6,5670.8,6289.4,6334.8,6411.6,6507.8,6389.5,5780.5,6012.8,6752.5,7133.1,7075.6,7530.7,7827.5,8949.2,9194.4,9981.3,9307.2
경남 마산시 - 생활계폐기물 재활용률＜br＞(A÷B×100),Statistics,28.9,32.2,31.6,34.4,48.4,51.1,51.0,55.5,54.1,,,,,,,,,,,,,,
경남 마산시 - 생활계폐기물 총발생량＜br＞(B),Statistics,439.0,442.0,445.0,439.0,446.0,500.7,487.4,432.6,421.9,,,,,,,,,,,,,,
경남 마산시 - 총재활용량＜br＞(A),Statistics,127.0,142.5,140.4,151.1,215.8,255.7,248.4,240.1,228.2,,,,,,,,,,,,,,
경남 진해시 - 생활계폐기물 재활용률＜br＞(A÷B×100),Statistics,44.2,50.3,43.4,50.5,53.4,52.5,54.1,62.9,61.8,,,,,,,,,,,,,,
경남 진해시 - 생활계폐기물 총발생량＜br＞(B),Statistics,128.4,129.3,130.0,133.8,135.8,151.9,180.9,178.8,183.5,,,,,,,,,,,,,,
경남 진해시 - 총재활용량＜br＞(A),Statistics,56.7,65.1,56.4,67.6,72.5,79.8,97.9,112.5,113.4,,,,,,,,,,,,,,
경남 창원시 - 생활계폐기물 재활용률＜br＞(A÷B×100),Statistics,32.6,35.0,34.1,31.5,35.6,42.5,43.8,48.7,46.4,,,,,,,,,,,,,,
경남 창원시 - 생활계폐기물 총발생량＜br＞(B),Statistics,501.7,638.6,556.6,490.5,497.8,514.4,535.4,457.9,532.0,,,,,,,,,,,,,,
경남 창원시 - 총재활용량＜br＞(A),Statistics,163.8,223.4,189.7,154.7,177.2,218.7,234.5,222.9,247.1,,,,,,,,,,,,,,
경산시 - 생활계폐기물 재활용률＜br＞(A÷B×100),Statistics,47.9,52.6,53.2,57.5,58.6,64.1,55.0,58.2,56.9,55.7,57.9,47.9,43.4,43.6,52.2,53.1,51.8,51.2,44.0,45.5,47.1,49.0,49.4
경산시 - 생활계폐기물 총발생량＜br＞(B),Statistics,188.8,193.3,196.9,195.9,190.8,176.7,250.4,200.2,201.9,202.6,187.7,170.3,172.0,181.8,218.9,235.5,239.0,268.8,256.1,321.8,283.2,303.1,303.2
경산시 - 총재활용량＜br＞(A),Statistics,90.5,101.6,104.8,112.6,111.9,113.2,137.8,116.6,114.9,112.9,108.7,81.6,74.6,79.2,114.3,125.1,123.7,137.7,112.8,146.4,133.3,148.4,149.9
경상남도 - 생활계폐기물 재활용률＜br＞(A÷B×100),Statistics,39.8,38.8,38.8,42.6,48.8,47.2,52.3,52.9,51.9,51.9,50.8,51.2,51.8,52.9,52.1,54.7,55.7,57.3,59.5,51.5,48.6,55.0,50.2
경상남도 - 생활계폐기물 총발생량＜br＞(B),Statistics,2691.2,3002.0,3010.3,2969.6,3043.1,3170.5,3336.4,3179.8,3300.8,3270.0,3274.6,3453.6,3176.2,3452.5,3496.4,3951.4,4003.9,3937.3,4471.8,4609.8,4683.6,4263.6,4142.2
경상남도 - 총재활용량＜br＞(A),Statistics,1070.9,1163.7,1168.2,1264.3,1485.9,1498.0,1744.0,1681.8,1712.8,1697.2,1664.2,1767.9,1644.6,1826.4,1822.7,2161.6,2229.7,2258.0,2661.2,2376.3,2274.7,2346.3,2080.9
경상북도 - 생활계폐기물 재활용률＜br＞(A÷B×100),Statistics,36.0,39.0,37.5,42.1,48.2,50.0,51.4,51.6,52.6,51.2,48.8,45.5,50.0,49.2,45.7,44.1,48.1,49.2,50.1,44.3,49.5,50.5,55.7
경상북도 - 생활계폐기물 총발생량＜br＞(B),Statistics,2134.0,2231.7,2340.0,2436.3,2430.0,2427.4,2676.7,2641.9,2673.5,2679.1,2594.2,2623.2,2804.4,2795.3,2805.0,2885.4,3163.5,3246.2,3569.4,3704.3,4023.3,3755.3,3660.7
경상북도 - 총재활용량＜br＞(A),Statistics,768.3,870.1,877.8,1026.0,1170.2,1214.7,1375.4,1363.8,1405.2,1370.5,1267.1,1192.8,1401.3,1375.0,1282.2,1273.7,1521.3,1597.7,1787.0,1641.8,1989.7,1896.6,2040.6
경주시 - 생활계폐기물 재활용률＜br＞(A÷B×100),Statistics,27.3,26.3,24.5,39.0,39.0,51.3,53.7,51.6,52.3,54.3,52.9,52.7,50.5,55.3,57.3,58.7,64.5,55.5,49.8,30.5,58.1,42.4,46.1
경주시 - 생활계폐기물 총발생량＜br＞(B),Statistics,221.3,248.2,260.6,260.1,262.0,231.0,257.8,300.8,290.1,272.9,268.8,277.4,272.4,269.3,287.3,300.7,410.6,582.0,378.6,282.8,635.9,521.3,399.8
경주시 - 총재활용량＜br＞(A),Statistics,60.4,65.2,63.9,101.4,102.2,118.6,138.5,155.1,151.6,148.3,142.2,146.1,137.5,149.0,164.5,176.4,265.0,322.8,188.4,86.3,369.7,220.8,184.5
계룡시 - 생활계폐기물 재활용률＜br＞(A÷B×100),Statistics,,,17.4,38.2,42.4,49.2,56.8,60.3,57.1,56.4,71.6,52.2,50.3,59.1,48.6,53.2,57.0,55.8,59.8,52.8,39.3,52.1,42.9
계룡시 - 생활계폐기물 총발생량＜br＞(B),Statistics,,,25.8,26.7,25.5,31.9,41.2,40.6,37.8,35.1,86.2,56.5,47.7,64.0,41.8,44.7,45.3,42.8,46.3,37.9,40.7,52.8,46.9
계룡시 - 총재활용량＜br＞(A),Statistics,,,4.5,10.2,10.8,15.7,23.4,24.5,21.6,19.8,61.7,29.5,24.0,37.8,20.3,23.8,25.8,23.9,27.7,20.0,16.0,27.5,20.1
계양구 - 생활계폐기물 재활용률＜br＞(A÷B×100),Statistics,51.6,51.1,54.6,50.8,64.3,50.8,66.4,66.1,71.4,69.7,67.0,68.8,67.3,57.5,59.3,61.2,59.3,61.5,59.9,70.2,53.2,49.2,45.9
계양구 - 생활계폐기물 총발생량＜br＞(B),Statistics,297.9,371.8,391.8,280.0,228.0,191.3,262.1,242.3,284.8,266.1,234.7,241.8,262.0,185.2,195.2,206.4,206.0,218.8,228.4,323.0,361.5,323.9,342.5
계양구 - 총재활용량＜br＞(A),Statistics,153.7,190.0,214.0,142.3,146.5,97.2,174.1,160.2,203.3,185.4,157.2,166.3,176.2,106.5,115.8,126.3,122.2,134.6,136.7,226.8,192.3,159.4,157.3
고령군 - 생활계폐기물 재활용률＜br＞(A÷B×100),Statistics,25.9,28.4,39.8,47.7,32.8,36.3,38.2,35.5,27.3,30.4,28.6,29.6,15.4,26.6,23.6,23.9,24.1,47.4,49.0,65.1,50.8,61.3,49.7
고령군 - 생활계폐기물 총발생량＜br＞(B),Statistics,15.8,21.5,24.9,23.7,18.9,21.2,23.3,22.8,20.9,20.4,19.6,19.6,17.5,20.3,23.7,25.5,27.0,39.0,53.9,90.3,73.0,66.4,76.4
고령군 - 총재활용량＜br＞(A),Statistics,4.1,6.1,9.9,11.3,6.2,7.7,8.9,8.1,5.7,6.2,5.6,5.8,2.7,5.4,5.6,6.1,6.5,18.5,26.4,58.8,37.1,40.7,38.0
고성군 - 생활계폐기물 재활용률＜br＞(A÷B×100),Statistics,33.6,28.3,29.0,20.5,33.8,35.1,64.6,34.4,28.6,34.7,32.1,30.4,27.4,13.6,13.2,20.2,33.8,47.4,36.1,50.8,38.2,60.1,54.6
고성군 - 생활계폐기물 총발생량＜br＞(B),Statistics,39.0,44.9,49.7,51.7,36.7,42.4,45.8,31.4,46.5,56.5,71.4,71.1,69.7,57.9,58.2,50.0,61.2,34.0,55.7,65.2,64.1,76.1,72.1
고성군 - 총재활용량＜br＞(A),Statistics,13.1,12.7,14.4,10.6,12.4,14.9,29.6,10.8,13.3,19.6,22.9,21.6,19.1,7.9,7.7,10.1,20.7,16.1,20.1,33.1,24.5,45.7,39.4
고양시 - 생활계폐기물 재활용률＜br＞(A÷B×100),Statistics,38.9,38.8,42.5,48.0,60.8,61.4,62.3,61.4,63.6,64.2,62.3,66.4,63.5,60.8,68.3,65.5,64.8,63.1,67.3,65.7,73.3,72.6,70.6
고양시 - 생활계폐기물 총발생량＜br＞(B),Statistics,679.6,707.3,707.7,695.8,690.2,646.7,724.0,783.7,832.9,843.5,877.2,845.6,895.9,874.2,913.0,885.6,953.4,924.3,936.9,993.9,1297.4,1338.6,1138.2
고양시 - 총재활용량＜br＞(A),Statistics,264.4,274.1,300.8,334.2,419.4,397.3,450.7,481.5,529.7,541.2,546.2,561.1,569.1,531.4,623.7,580.4,618.0,583.2,630.3,653.0,951.5,971.9,803.2
고창군 - 생활계폐기물 재활용률＜br＞(A÷B×100),Statistics,58.4,36.9,57.7,58.4,63.8,67.1,70.1,70.4,68.3,66.7,69.2,73.1,72.4,75.4,69.8,68.8,79.8,76.7,74.7,70.7,74.5,77.6,76.2
고창군 - 생활계폐기물 총발생량＜br＞(B),Statistics,49.7,49.9,48.7,48.6,49.2,49.2,52.1,50.7,47.9,45.7,41.5,45.0,45.6,54.1,43.7,44.3,80.8,63.1,62.0,63.5,64.8,69.5,60.5
고창군 - 총재활용량＜br＞(A),Statistics,29.0,18.4,28.1,28.4,31.4,33.0,36.5,35.7,32.7,30.5,28.7,32.9,33.0,40.8,30.5,30.5,64.5,48.4,46.3,44.9,48.3,53.9,46.1
고흥군 - 생활계폐기물 재활용률＜br＞(A÷B×100),Statistics,44.9,46.3,46.9,33.1,31.6,31.8,44.5,53.3,55.7,42.1,42.4,48.7,44.7,35.9,33.8,28.7,21.1,15.9,33.8,37.2,34.6,38.4,39.9
고흥군 - 생활계폐기물 총발생량＜br＞(B),Statistics,66.8,65.0,64.0,61.6,59.5,58.8,55.1,70.9,76.1,61.0,60.2,64.3,63.6,58.0,63.7,55.0,60.7,64.9,80.2,70.9,73.6,80.4,84.2
고흥군 - 총재활용량＜br＞(A),Statistics,30.0,30.1,30.0,20.4,18.8,18.7,24.5,37.8,42.4,25.7,25.5,31.3,28.4,20.8,21.5,15.8,12.8,10.3,27.1,26.4,25.5,30.9,33.6
곡성군 - 생활계폐기물 재활용률＜br＞(A÷B×100),Statistics,7.8,38.5,38.7,31.0,41.5,44.2,49.1,50.0,51.0,69.5,64.7,62.8,62.4,66.7,56.0,59.0,100.0,100.0,100.0,65.4,72.6,62.0,60.0
곡성군 - 생활계폐기물 총발생량＜br＞(B),Statistics,29.5,23.9,24.8,24.2,28.2,26.0,29.1,27.4,25.1,17.7,18.7,19.9,20.2,22.8,26.6,25.1,21.7,21.5,21.0,47.1,61.4,26.6,27.0
곡성군 - 총재활용량＜br＞(A),Statistics,2.3,9.2,9.6,7.5,11.7,11.5,14.3,13.7,12.8,12.3,12.1,12.5,12.6,15.2,14.9,14.8,21.7,21.5,21.0,30.8,44.6,16.5,16.2
공주시 - 생활계폐기물 재활용률＜br＞(A÷B×100),Statistics,38.4,40.9,22.7,30.9,33.8,28.8,47.5,59.6,59.9,60.3,60.8,62.9,63.7,58.1,68.9,67.0,69.8,71.7,57.7,31.1,45.3,42.5,41.7
공주시 - 생활계폐기물 총발생량＜br＞(B),Statistics,102.0,117.0,220.1,827.9,123.4,119.6,126.4,144.6,136.5,135.1,135.5,130.6,130.7,128.1,150.0,141.2,155.8,173.8,140.9,98.1,101.0,96.9,94.9
공주시 - 총재활용량＜br＞(A),Statistics,39.2,47.8,49.9,256.2,41.7,34.5,60.1,86.2,81.8,81.5,82.4,82.1,83.2,74.4,103.3,94.6,108.7,124.6,81.3,30.5,45.8,41.2,39.6
과천시 - 생활계폐기물 재활용률＜br＞(A÷B×100),Statistics,32.4,32.7,34.9,36.9,44.3,37.8,41.0,37.3,37.2,36.8,36.2,35.1,32.6,30.4,26.7,37.5,32.6,36.4,42.0,44.1,48.5,53.9,62.1
과천시 - 생활계폐기물 총발생량＜br＞(B),Statistics,77.4,85.3,83.3,82.6,73.1,51.8,70.3,82.4,80.1,79.8,78.2,79.5,76.8,73.6,73.5,89.6,70.3,88.7,89.2,74.4,87.6,94.4,92.9
과천시 - 총재활용량＜br＞(A),Statistics,25.1,27.9,29.1,30.5,32.4,19.6,28.8,30.7,29.8,29.4,28.3,27.9,25.0,22.4,19.6,33.6,22.9,32.3,37.5,32.8,42.5,50.9,57.7
관악구 - 생활계폐기물 재활용률＜br＞(A÷B×100),Statistics,34.5,41.6,49.8,57.8,65.7,65.3,68.0,71.3,68.7,47.9,49.0,59.0,57.0,61.6,62.1,62.7,64.0,72.3,72.0,70.4,60.1,67.8,66.3
관악구 - 생활계폐기물 총발생량＜br＞(B),Statistics,501.2,520.6,563.1,583.4,551.0,581.7,569.3,540.3,474.4,340.0,321.0,317.6,315.5,354.3,337.9,339.7,361.8,436.8,434.7,401.6,400.4,442.7,402.4
관악구 - 총재활용량＜br＞(A),Statistics,172.9,216.6,280.3,337.2,362.2,380.0,387.2,385.4,326.0,163.0,157.4,187.5,179.9,218.2,209.7,212.9,231.4,315.9,313.2,282.8,240.7,300.0,266.8
광명시 - 생활계폐기물 재활용률＜br＞(A÷B×100),Statistics,57.8,55.8,52.3,53.3,58.2,38.9,51.3,50.9,50.1,49.3,49.3,48.3,43.8,46.2,53.1,50.4,48.4,49.9,46.0,42.5,52.3,57.8,57.2
광명시 - 생활계폐기물 총발생량＜br＞(B),Statistics,360.6,379.4,371.1,366.9,340.0,237.3,250.1,278.8,266.0,271.8,276.1,268.1,256.7,251.5,250.0,244.3,255.9,268.1,282.0,263.1,269.9,281.5,277.5
광명시 - 총재활용량＜br＞(A),Statistics,208.6,211.6,194.0,195.6,197.9,92.2,128.4,142.0,133.3,134.0,136.2,129.4,112.5,116.1,132.8,123.1,123.8,133.7,129.8,111.8,141.2,162.7,158.6
광산구 - 생활계폐기물 재활용률＜br＞(A÷B×100),Statistics,29.7,35.3,37.0,44.1,54.8,58.7,61.5,69.5,68.6,67.7,68.9,58.7,61.0,66.8,70.6,67.4,83.3,56.6,61.0,63.4,63.9,70.7,87.6
광산구 - 생활계폐기물 총발생량＜br＞(B),Statistics,307.0,317.5,301.8,311.8,298.8,292.7,291.2,324.4,324.3,293.4,288.2,293.8,303.0,319.5,355.9,345.6,353.0,365.1,418.7,419.3,481.4,453.6,448.7
광산구 - 총재활용량＜br＞(A),Statistics,91.3,112.0,111.7,137.4,163.8,171.7,179.0,225.3,222.4,198.5,198.6,172.5,184.7,213.3,251.3,232.9,293.9,206.5,255.6,265.7,307.7,320.5,392.9
광양시 - 생활계폐기물 재활용률＜br＞(A÷B×100),Statistics,30.2,31.1,40.7,41.6,50.9,33.1,50.9,60.7,45.0,41.3,37.6,36.5,61.4,40.3,41.3,32.2,36.1,39.6,47.6,47.4,40.1,45.4,46.4
광양시 - 생활계폐기물 총발생량＜br＞(B),Statistics,118.0,131.1,125.7,118.7,132.6,132.2,127.1,188.6,125.9,131.0,144.0,155.5,264.9,196.0,220.6,244.0,233.6,243.8,236.6,230.8,214.0,208.1,195.8
광양시 - 총재활용량＜br＞(A),Statistics,35.6,40.8,51.1,49.4,67.5,43.8,64.7,114.5,56.7,54.1,54.1,56.7,162.6,79.0,91.1,78.6,84.4,96.5,112.6,109.4,85.8,94.4,90.8
광주광역시 - 생활계폐기물 재활용률＜br＞(A÷B×100),Statistics,34.9,35.4,37.1,42.5,58.4,58.0,60.6,60.8,61.0,63.0,65.5,62.2,62.2,63.9,61.9,59.2,85.5,56.9,57.9,58.9,62.4,71.6,90.2
광주광역시 - 생활계폐기물 총발생량＜br＞(B),Statistics,1468.8,1494.0,1487.9,1543.8,1503.5,1478.4,1449.4,1480.8,1430.0,1396.9,1333.9,1328.8,1327.0,1316.4,1272.9,1247.2,1269.1,1272.3,1368.3,1351.4,1553.5,1452.8,1446.4
광주광역시 - 총재활용량＜br＞(A),Statistics,513.3,528.6,552.6,656.4,877.4,857.0,878.4,900.0,872.0,880.5,873.8,826.8,825.6,841.6,787.3,737.9,1085.1,723.9,791.9,796.4,970.1,1040.1,1305.1
광주시 - 생활계폐기물 재활용률＜br＞(A÷B×100),Statistics,52.8,63.7,58.5,56.9,52.8,53.2,59.1,67.5,68.2,66.8,67.8,71.5,67.7,67.4,71.7,71.6,72.6,66.3,51.9,56.0,51.2,64.6,54.0
광주시 - 생활계폐기물 총발생량＜br＞(B),Statistics,163.0,185.7,197.3,198.0,223.8,186.7,234.3,245.1,247.1,262.1,233.8,250.6,257.6,271.2,292.7,295.9,301.0,366.7,312.2,347.9,392.2,397.4,418.3
광주시 - 총재활용량＜br＞(A),Statistics,86.0,118.3,115.4,112.6,118.2,99.3,138.4,165.5,168.6,175.2,158.4,179.3,174.5,182.9,210.0,211.8,218.4,243.2,162.0,194.9,200.8,256.9,225.9
광진구 - 생활계폐기물 재활용률＜br＞(A÷B×100),Statistics,37.2,52.1,61.4,64.7,73.7,70.4,63.4,65.5,72.7,73.6,74.1,75.1,75.3,73.0,73.8,73.8,75.0,76.9,75.8,69.6,68.5,78.9,64.4
광진구 - 생활계폐기물 총발생량＜br＞(B),Statistics,356.8,475.0,465.1,470.6,410.4,437.6,357.2,376.3,382.7,392.3,365.2,368.5,379.3,348.9,339.4,326.3,319.2,342.5,333.9,343.1,250.5,330.5,286.9
광진구 - 총재활용량＜br＞(A),Statistics,132.6,247.6,285.4,304.7,302.5,308.2,226.4,246.4,278.3,288.6,270.5,276.6,285.8,254.6,250.4,240.8,239.3,263.3,253.2,238.8,171.7,260.9,184.7
괴산군 - 생활계폐기물 재활용률＜br＞(A÷B×100),Statistics,40.8,34.9,32.7,36.5,30.3,27.1,55.8,54.3,52.7,45.3,40.3,63.9,65.7,69.7,57.5,53.2,42.7,40.8,22.1,47.6,71.3,49.1,36.0
괴산군 - 생활계폐기물 총발생량＜br＞(B),Statistics,37.3,34.4,34.6,35.3,32.7,72.2,34.2,34.1,33.6,33.8,31.3,47.6,46.9,44.2,49.2,58.6,70.1,71.0,39.9,54.0,76.2,46.2,68.0
괴산군 - 총재활용량＜br＞(A),Statistics,15.2,12.0,11.3,12.9,9.9,19.6,19.1,18.5,17.7,15.3,12.6,30.4,30.8,30.8,28.3,31.2,29.9,29.0,8.8,25.7,54.3,22.7,24.5
구례군 - 생활계폐기물 재활용률＜br＞(A÷B×100),Statistics,32.1,29.3,21.4,18.1,22.0,21.5,29.2,34.2,35.0,33.9,32.8,35.1,31.3,78.7,100.0,36.7,100.0,80.3,100.0,53.3,89.8,42.5,75.0
구례군 - 생활계폐기물 총발생량＜br＞(B),Statistics,23.4,22.2,25.2,24.8,21.8,22.3,23.6,21.9,22.0,23.9,19.5,19.4,17.6,15.5,15.8,16.9,16.0,17.3,18.4,62.8,76.4,20.7,22.8
구례군 - 총재활용량＜br＞(A),Statistics,7.5,6.5,5.4,4.5,4.8,4.8,6.9,7.5,7.7,8.1,6.4,6.8,5.5,12.2,15.8,6.2,16.0,13.9,18.4,33.5,68.6,8.8,17.1
구로구 - 생활계폐기물 재활용률＜br＞(A÷B×100),Statistics,53.2,54.5,58.4,59.0,59.1,63.7,64.9,66.9,67.6,55.2,50.2,53.3,50.2,58.0,56.1,55.7,56.1,54.1,52.4,52.3,56.4,59.8,69.6
구로구 - 생활계폐기물 총발생량＜br＞(B),Statistics,405.2,425.9,444.2,385.9,416.6,440.3,435.7,441.7,430.1,308.1,276.7,285.7,278.5,322.5,314.7,318.2,310.8,319.4,326.5,329.6,373.2,367.2,470.2
구로구 - 총재활용량＜br＞(A),Statistics,215.5,232.1,259.4,227.5,246.1,280.3,282.6,295.4,290.6,170.1,139.0,152.4,139.7,186.9,176.4,177.2,174.5,172.8,171.0,172.5,210.5,219.5,327.4
구리시 - 생활계폐기물 재활용률＜br＞(A÷B×100),Statistics,34.9,45.3,39.9,42.7,51.0,39.6,42.2,49.4,47.5,49.0,44.4,64.1,59.2,64.1,60.8,61.2,50.0,48.2,48.5,56.6,57.0,59.5,58.0
구리시 - 생활계폐기물 총발생량＜br＞(B),Statistics,219.2,249.6,253.8,237.3,209.9,142.0,227.2,210.9,214.5,209.6,195.6,192.0,176.7,209.3,192.9,222.2,156.9,165.9,187.4,255.8,220.4,231.3,196.8
구리시 - 총재활용량＜br＞(A),Statistics,76.4,113.1,101.2,101.4,107.1,56.3,95.9,104.2,101.8,102.7,86.8,123.0,104.6,134.1,117.2,136.0,78.4,80.0,90.9,144.8,125.7,137.6,114.1
구미시 - 생활계폐기물 재활용률＜br＞(A÷B×100),Statistics,57.1,61.0,57.0,47.2,45.6,47.7,44.9,47.4,45.8,46.6,46.9,45.5,40.9,41.3,47.0,40.8,43.1,50.2,71.2,48.5,49.6,45.7,94.6
구미시 - 생활계폐기물 총발생량＜br＞(B),Statistics,217.8,227.6,255.5,287.3,280.1,280.3,303.4,266.9,266.0,255.2,254.6,253.9,249.2,358.5,402.8,380.3,461.6,464.9,826.6,454.0,446.8,519.9,492.6
구미시 - 총재활용량＜br＞(A),Statistics,124.4,138.9,145.6,135.6,127.6,133.6,136.3,126.5,121.9,119.0,119.4,115.5,101.8,148.1,189.5,155.0,198.8,233.5,588.4,220.3,221.7,237.8,465.9
군산시 - 생활계폐기물 재활용률＜br＞(A÷B×100),Statistics,43.9,44.0,26.7,38.1,61.2,61.6,49.5,53.0,53.7,51.5,48.1,29.9,31.7,30.9,33.8,39.2,51.2,51.4,52.3,43.7,42.2,44.1,47.6
군산시 - 생활계폐기물 총발생량＜br＞(B),Statistics,302.3,206.9,255.2,270.9,237.9,273.3,238.7,243.6,252.2,245.6,319.8,313.6,289.8,289.0,299.6,302.7,327.8,442.3,444.7,473.0,344.9,340.5,374.0
군산시 - 총재활용량＜br＞(A),Statistics,132.7,91.0,68.1,103.3,145.6,168.3,118.2,129.2,135.4,126.4,153.8,93.9,91.8,89.4,101.4,118.6,167.9,227.2,232.7,206.7,145.7,150.2,178.0
군위군 - 생활계폐기물 재활용률＜br＞(A÷B×100),Statistics,36.4,38.3,30.3,31.8,40.0,39.4,44.7,41.7,41.5,42.4,45.5,35.6,40.8,27.7,23.8,24.8,13.9,15.2,34.0,58.1,71.5,47.4,30.5
군위군 - 생활계폐기물 총발생량＜br＞(B),Statistics,15.1,14.9,15.5,14.8,24.0,22.6,21.7,22.3,22.9,22.9,17.6,17.4,17.4,15.5,19.3,21.4,24.4,21.7,41.5,55.8,94.5,40.3,41.7
군위군 - 총재활용량＜br＞(A),Statistics,5.5,5.7,4.7,4.7,9.6,8.9,9.7,9.3,9.5,9.7,8.0,6.2,7.1,4.3,4.6,5.3,3.4,3.3,14.1,32.4,67.6,19.1,12.7
군포시 - 생활계폐기물 재활용률＜br＞(A÷B×100),Statistics,38.2,61.3,62.4,64.9,67.7,63.5,57.2,69.0,60.0,67.2,65.4,70.1,44.0,50.5,51.4,50.0,44.8,43.2,43.2,44.1,43.3,43.8,46.6
군포시 - 생활계폐기물 총발생량＜br＞(B),Statistics,258.7,341.2,343.7,323.8,325.9,301.5,323.4,315.5,196.5,305.0,314.1,301.0,201.3,181.3,193.1,219.5,229.7,252.6,262.5,265.4,264.3,250.2,267.8
군포시 - 총재활용량＜br＞(A),Statistics,98.8,209.1,214.5,210.3,220.5,191.4,185.1,217.8,117.9,205.1,205.3,210.9,88.6,91.6,99.2,109.8,102.9,109.1,113.3,117.0,114.4,109.7,124.8
금산군 - 생활계폐기물 재활용률＜br＞(A÷B×100),Statistics,21.3,23.4,22.3,28.5,28.2,24.4,16.4,28.4,27.5,26.7,28.2,42.6,42.2,52.9,45.7,34.5,38.9,55.0,41.2,42.4,39.0,41.2,39.7
금산군 - 생활계폐기물 총발생량＜br＞(B),Statistics,37.5,42.7,44.9,52.2,53.2,62.7,39.0,42.9,43.6,41.9,43.2,54.4,55.9,60.7,54.3,55.0,58.4,52.0,46.1,65.4,74.1,63.8,67.7
금산군 - 총재활용량＜br＞(A),Statistics,8.0,10.0,10.0,14.9,15.0,15.3,6.4,12.2,12.0,11.2,12.2,23.2,23.6,32.1,24.8,19.0,22.7,28.6,19.0,27.7,28.9,26.3,26.9
금정구 - 생활계폐기물 재활용률＜br＞(A÷B×100),Statistics,58.9,58.0,55.9,60.0,65.6,66.2,67.5,71.2,72.5,72.5,72.7,72.9,72.9,90.7,90.2,91.1,91.2,90.0,84.9,83.6,72.6,85.7,86.4
금정구 - 생활계폐기물 총발생량＜br＞(B),Statistics,269.3,279.3,280.3,268.5,249.6,255.2,252.3,241.0,229.9,220.0,219.1,219.9,217.4,228.3,228.1,229.0,232.5,234.6,233.0,255.0,169.5,181.2,188.3
금정구 - 총재활용량＜br＞(A),Statistics,158.5,162.0,156.6,161.0,163.8,168.9,170.4,171.6,166.6,159.6,159.3,160.4,158.5,207.0,205.8,208.7,212.1,211.2,197.9,213.2,123.1,155.2,162.7
금천구 - 생활계폐기물 재활용률＜br＞(A÷B×100),Statistics,56.0,55.0,58.3,59.1,66.2,64.2,63.4,60.1,70.4,69.4,57.9,61.4,54.9,66.4,71.4,71.0,70.3,70.4,69.1,68.7,63.1,65.3,64.2
금천구 - 생활계폐기물 총발생량＜br＞(B),Statistics,365.4,342.8,342.0,324.7,312.7,302.1,316.8,222.3,272.8,196.7,221.2,223.5,180.2,250.6,240.1,239.6,241.8,248.8,286.7,274.5,270.3,273.8,277.4
금천구 - 총재활용량＜br＞(A),Statistics,204.7,188.5,199.5,192.0,207.1,193.8,200.9,133.6,192.0,136.5,128.1,137.2,99.0,166.5,171.5,170.0,170.0,175.2,198.0,188.7,170.5,178.7,178.0
기장군 - 생활계폐기물 재활용률＜br＞(A÷B×100),Statistics,35.9,35.1,32.6,43.3,54.2,56.5,55.0,58.1,59.4,59.3,60.4,59.2,58.7,68.5,61.6,61.9,66.6,68.5,68.0,67.8,78.6,75.7,73.0
기장군 - 생활계폐기물 총발생량＜br＞(B),Statistics,50.1,55.2,70.9,59.3,71.6,80.3,81.8,79.8,80.5,81.8,86.4,92.5,99.2,137.9,124.9,131.9,131.0,130.3,129.8,176.3,233.0,245.3,185.7
기장군 - 총재활용량＜br＞(A),Statistics,18.0,19.4,23.1,25.7,38.8,45.4,45.0,46.4,47.8,48.5,52.2,54.8,58.2,94.4,77.0,81.6,87.2,89.2,88.2,119.5,183.1,185.7,135.5
김제시 - 생활계폐기물 재활용률＜br＞(A÷B×100),Statistics,31.3,36.8,34.1,40.1,44.5,56.2,70.6,66.3,61.4,63.9,59.2,60.3,61.6,65.1,64.7,63.1,60.5,63.7,48.5,37.3,70.9,65.9,65.6
김제시 - 생활계폐기물 총발생량＜br＞(B),Statistics,64.6,69.0,111.3,111.7,117.4,108.2,71.2,60.0,60.7,61.0,62.3,62.2,66.1,71.7,70.8,86.5,83.2,95.4,78.0,191.5,134.5,127.1,102.0
김제시 - 총재활용량＜br＞(A),Statistics,20.2,25.4,37.9,44.8,52.2,60.8,50.3,39.8,37.3,39.0,36.9,37.5,40.7,46.7,45.8,54.6,50.3,60.8,37.8,71.4,95.4,83.8,66.9
김천시 - 생활계폐기물 재활용률＜br＞(A÷B×100),Statistics,36.4,39.2,38.9,49.0,57.2,57.5,57.3,49.0,72.5,79.3,54.9,48.8,52.8,45.0,40.1,47.9,41.1,66.3,63.4,58.3,60.7,58.1,41.1
김천시 - 생활계폐기물 총발생량＜br＞(B),Statistics,102.4,109.1,115.7,109.5,109.5,114.1,108.8,175.1,174.4,208.7,113.2,108.3,119.0,106.1,111.1,136.9,125.0,125.2,129.6,169.6,187.2,214.6,177.3
김천시 - 총재활용량＜br＞(A),Statistics,37.3,42.8,45.0,53.7,62.6,65.6,62.3,85.8,126.5,165.4,62.2,52.9,62.8,47.7,44.6,65.6,51.4,83.0,82.2,98.9,113.6,124.6,72.9
김포시 - 생활계폐기물 재활용률＜br＞(A÷B×100),Statistics,56.8,58.3,58.1,67.0,67.0,66.0,64.7,66.5,66.3,68.4,69.6,69.5,62.1,58.0,56.7,45.5,54.0,55.4,39.5,40.8,60.2,59.7,67.6
김포시 - 생활계폐기물 총발생량＜br＞(B),Statistics,167.1,175.1,178.7,177.9,181.6,153.4,186.3,184.8,183.5,199.6,213.0,234.8,263.2,252.6,316.4,249.7,253.4,337.5,344.9,363.4,494.0,485.2,472.3
김포시 - 총재활용량＜br＞(A),Statistics,94.9,102.1,103.9,119.2,121.7,101.2,120.5,122.8,121.6,136.6,148.3,163.3,163.4,146.5,179.5,113.5,136.9,187.1,136.1,148.2,297.3,289.6,319.1
김해시 - 생활계폐기물 재활용률＜br＞(A÷B×100),Statistics,49.4,43.4,48.2,52.7,63.5,63.6,64.8,67.0,67.4,63.1,65.3,64.4,61.3,58.9,59.2,61.3,63.0,64.8,75.7,66.4,71.1,67.2,69.4
김해시 - 생활계폐기물 총발생량＜br＞(B),Statistics,307.1,349.6,367.1,390.0,399.1,401.0,460.8,485.7,501.6,453.9,448.7,443.6,449.4,437.0,455.3,498.8,481.7,494.6,725.3,655.1,585.1,588.4,561.4
김해시 - 총재활용량＜br＞(A),Statistics,151.6,151.6,177.1,205.4,253.5,255.1,298.7,325.3,338.1,286.3,293.0,285.7,275.4,257.6,269.7,305.7,303.4,320.5,549.0,434.9,416.1,395.3,389.8
나주시 - 생활계폐기물 재활용률＜br＞(A÷B×100),Statistics,14.4,25.6,29.9,40.4,65.0,40.4,54.6,70.2,71.7,66.8,65.7,63.2,62.3,62.7,62.4,60.4,64.8,51.7,53.0,52.0,46.3,58.1,54.1
나주시 - 생활계폐기물 총발생량＜br＞(B),Statistics,95.6,94.7,93.7,91.1,42.0,63.9,124.8,90.7,89.0,93.1,92.8,91.3,90.1,91.6,94.6,83.9,85.2,71.8,84.7,120.2,133.7,157.6,141.5
나주시 - 총재활용량＜br＞(A),Statistics,13.8,24.2,28.0,36.8,27.3,25.8,68.1,63.7,63.8,62.2,61.0,57.7,56.1,57.4,59.0,50.7,55.2,37.1,44.9,62.5,61.9,91.6,76.5
남구 - 생활계폐기물 재활용률＜br＞(A÷B×100),Statistics,62.7,58.7,62.6,62.5,67.7,67.5,68.1,70.2,71.0,71.1,71.8,72.9,72.3,88.7,87.3,90.4,90.0,89.2,83.1,80.1,70.7,81.4,82.9
남구 - 생활계폐기물 총발생량＜br＞(B),Statistics,328.3,327.0,297.0,283.2,267.2,262.6,252.7,243.6,244.3,235.3,229.0,223.5,219.4,228.0,238.2,231.6,223.7,230.1,234.9,278.0,170.2,187.5,185.5
남구 - 총재활용량＜br＞(A),Statistics,205.9,191.8,185.9,177.1,180.9,177.3,172.1,171.1,173.5,167.3,164.5,163.0,158.6,202.2,208.0,209.4,201.3,205.2,195.2,222.8,120.3,152.6,153.8
남동구 - 생활계폐기물 재활용률＜br＞(A÷B×100),Statistics,20.5,28.3,46.8,58.0,60.4,54.4,48.8,55.8,54.1,53.5,54.6,55.8,54.5,59.6,62.1,43.9,63.6,64.7,65.5,67.2,69.6,62.8,63.9
남동구 - 생활계폐기물 총발생량＜br＞(B),Statistics,307.4,347.3,366.6,492.6,337.2,311.0,391.3,337.6,337.1,277.0,281.5,282.2,267.7,308.3,330.1,551.8,473.2,521.9,469.3,457.7,478.3,619.7,560.5
남동구 - 총재활용량＜br＞(A),Statistics,63.0,98.4,171.4,285.7,203.8,169.1,191.0,188.3,182.3,148.1,153.6,157.4,145.8,183.9,204.9,242.2,300.8,337.5,307.4,307.8,333.0,389.4,358.1
남양주시 - 생활계폐기물 재활용률＜br＞(A÷B×100),Statistics,68.3,63.4,64.2,65.3,67.8,69.9,74.3,75.8,69.1,69.5,70.0,71.1,54.5,54.7,51.8,58.5,59.0,50.1,66.0,66.6,70.1,71.7,68.0
남양주시 - 생활계폐기물 총발생량＜br＞(B),Statistics,266.9,287.2,292.0,304.7,329.0,327.8,347.5,362.1,418.5,421.7,436.5,483.3,336.6,366.8,346.2,379.0,367.5,407.2,684.4,789.0,676.6,714.4,629.2
남양주시 - 총재활용량＜br＞(A),Statistics,182.2,182.0,187.4,198.9,223.0,229.1,258.1,274.5,289.3,293.0,305.4,343.6,183.4,200.6,179.4,221.8,217.0,203.9,451.5,525.5,474.1,512.2,428.0
남원시 - 생활계폐기물 재활용률＜br＞(A÷B×100),Statistics,37.1,20.8,51.2,52.5,59.5,58.4,65.8,61.0,54.7,56.7,39.8,33.0,28.6,37.3,36.5,54.3,43.9,47.6,66.6,39.2,32.2,43.4,37.6
남원시 - 생활계폐기물 총발생량＜br＞(B),Statistics,103.4,101.0,105.5,101.0,101.7,103.8,112.7,97.2,95.5,101.4,84.5,76.6,71.7,72.2,69.1,92.8,86.1,88.5,159.5,112.6,113.2,96.7,91.6
남원시 - 총재활용량＜br＞(A),Statistics,38.4,21.0,54.0,53.0,60.5,60.6,74.2,59.3,52.2,57.5,33.6,25.3,20.5,26.9,25.2,50.4,37.8,42.1,106.3,44.1,36.4,42.0,34.4
남해군 - 생활계폐기물 재활용률＜br＞(A÷B×100),Statistics,44.0,58.9,36.4,53.1,43.0,34.7,52.6,61.7,56.6,65.0,62.5,62.9,70.2,71.8,68.4,73.0,68.9,84.4,71.5,70.0,67.1,88.9,61.7
남해군 - 생활계폐기물 총발생량＜br＞(B),Statistics,30.7,30.9,36.5,37.3,38.8,47.8,46.8,46.7,47.5,40.3,37.6,38.3,39.3,35.8,55.0,67.9,61.5,67.5,61.1,63.7,63.0,184.2,44.9
남해군 - 총재활용량＜br＞(A),Statistics,13.5,18.2,13.3,19.8,16.7,16.6,24.6,28.8,26.9,26.2,23.5,24.1,27.6,25.7,37.6,49.6,42.4,57.0,43.7,44.6,42.3,163.8,27.7
노원구 - 생활계폐기물 재활용률＜br＞(A÷B×100),Statistics,52.0,58.9,61.9,64.5,65.0,65.7,65.0,64.8,63.8,64.1,60.2,60.8,60.5,66.5,75.6,73.8,74.2,77.1,65.4,71.0,70.3,73.3,73.3
노원구 - 생활계폐기물 총발생량＜br＞(B),Statistics,484.4,489.4,489.8,473.4,451.8,449.5,441.4,420.2,541.2,452.9,303.7,307.9,302.4,356.4,464.2,455.1,416.7,467.2,317.3,394.8,372.3,399.4,383.9
노원구 - 총재활용량＜br＞(A),Statistics,252.1,288.3,303.1,305.3,293.8,295.5,287.1,272.3,345.4,290.1,182.8,187.3,183.1,237.0,351.0,335.7,309.0,360.2,207.4,280.2,261.9,292.8,281.3
논산시 - 생활계폐기물 재활용률＜br＞(A÷B×100),Statistics,34.5,34.7,42.1,44.3,46.4,50.2,50.5,56.2,59.4,59.8,54.0,54.0,53.6,52.7,52.4,59.0,51.0,52.8,29.4,47.0,43.4,61.6,60.4
논산시 - 생활계폐기물 총발생량＜br＞(B),Statistics,139.9,126.7,128.5,127.9,128.9,122.4,148.9,167.9,150.1,169.7,174.5,174.6,176.0,175.8,184.3,173.3,173.7,170.6,144.8,190.8,164.1,164.4,222.6
논산시 - 총재활용량＜br＞(A),Statistics,48.3,44.0,54.1,56.7,59.8,61.4,75.2,94.4,89.1,101.4,94.3,94.3,94.4,92.7,96.5,102.3,88.6,90.1,42.5,89.6,71.2,101.3,134.4
단양군 - 생활계폐기물 재활용률＜br＞(A÷B×100),Statistics,38.5,30.2,33.1,43.0,48.9,52.4,47.3,45.7,51.6,53.4,47.4,49.6,45.0,34.9,38.2,28.2,21.9,20.3,20.3,31.9,38.1,56.5,24.4
단양군 - 생활계폐기물 총발생량＜br＞(B),Statistics,37.1,37.1,39.3,35.6,37.4,42.2,38.9,40.9,51.4,45.1,42.0,38.9,37.3,35.8,39.3,47.5,44.7,52.8,55.8,68.6,64.5,105.7,56.9
단양군 - 총재활용량＜br＞(A),Statistics,14.3,11.2,13.0,15.3,18.3,22.1,18.4,18.7,26.5,24.1,19.9,19.3,16.8,12.5,15.0,13.4,9.8,10.7,11.3,21.9,24.6,59.7,13.9
달서구 - 생활계폐기물 재활용률＜br＞(A÷B×100),Statistics,43.6,38.9,42.2,48.7,53.4,56.3,56.9,59.1,55.4,55.6,51.0,53.4,53.2,46.3,49.3,63.1,68.4,70.4,71.2,64.1,59.7,49.8,51.6
달서구 - 생활계폐기물 총발생량＜br＞(B),Statistics,512.1,516.7,525.1,526.3,500.6,491.3,505.3,525.8,529.0,535.3,582.6,587.4,622.0,733.0,707.4,679.3,666.3,637.0,657.5,640.2,527.5,633.0,602.9
달서구 - 총재활용량＜br＞(A),Statistics,223.4,200.9,221.6,256.1,267.4,276.7,287.3,310.5,293.2,297.7,297.3,313.6,331.2,339.4,348.5,428.6,455.8,448.2,468.4,410.6,315.0,315.3,311.0
달성군 - 생활계폐기물 재활용률＜br＞(A÷B×100),Statistics,49.2,45.3,62.0,63.5,73.5,61.6,61.2,60.7,68.6,67.6,65.8,64.1,58.6,58.1,42.5,59.9,78.7,75.5,69.3,65.7,64.8,62.0,63.4
달성군 - 생활계폐기물 총발생량＜br＞(B),Statistics,125.9,137.5,245.5,240.0,217.7,217.9,224.1,231.8,209.6,228.4,225.4,233.6,227.2,266.4,256.7,253.8,270.3,287.7,294.7,310.3,280.5,316.5,290.4
달성군 - 총재활용량＜br＞(A),Statistics,61.9,62.3,152.2,152.5,160.1,134.2,137.1,140.6,143.8,154.4,148.3,149.7,133.2,154.9,109.1,151.9,212.6,217.2,204.3,203.9,181.9,196.1,184.0
담양군 - 생활계폐기물 재활용률＜br＞(A÷B×100),Statistics,35.0,30.8,30.7,39.6,53.4,36.0,52.3,27.5,31.9,20.0,25.9,28.2,25.7,17.6,15.2,43.0,55.1,51.7,62.3,35.8,39.1,29.8,24.1
담양군 - 생활계폐기물 총발생량＜br＞(B),Statistics,26.6,25.0,28.0,41.9,36.9,40.5,57.2,46.1,45.5,49.5,37.5,32.3,33.4,31.3,34.1,14.9,22.7,20.7,15.4,61.5,67.7,54.4,55.6
담양군 - 총재활용량＜br＞(A),Statistics,9.3,7.7,8.6,16.6,19.7,14.6,29.9,12.7,14.5,9.9,9.7,9.1,8.6,5.5,5.2,6.4,12.5,10.7,9.6,22.0,26.5,16.2,13.4
당진시 - 생활계폐기물 재활용률＜br＞(A÷B×100),Statistics,,,,,,,,,,,,51.2,39.1,42.8,44.9,56.4,50.3,43.5,37.0,47.9,49.0,48.4,47.3
당진시 - 생활계폐기물 총발생량＜br＞(B),Statistics,,,,,,,,,,,,149.3,150.7,188.7,142.6,183.1,150.1,155.0,238.4,217.9,205.8,217.8,188.5
당진시 - 총재활용량＜br＞(A),Statistics,,,,,,,,,,,,76.5,58.9,80.7,64.0,103.3,75.5,67.5,88.2,104.4,100.9,105.5,89.1
대구광역시 - 생활계폐기물 재활용률＜br＞(A÷B×100),Statistics,42.0,42.1,44.3,47.8,56.1,51.2,56.8,56.8,55.5,55.9,55.0,52.5,50.2,49.8,48.3,64.2,76.6,76.0,72.7,69.8,61.6,53.0,54.8
대구광역시 - 생활계폐기물 총발생량＜br＞(B),Statistics,2640.0,2642.0,2641.0,2638.0,2635.0,2637.4,2635.4,2632.8,2548.0,2584.8,2625.0,2683.8,2789.7,2899.4,2966.5,2956.9,2895.4,3014.8,2938.1,3103.6,2598.3,2856.8,2745.0
대구광역시 - 총재활용량＜br＞(A),Statistics,1108.0,1112.0,1171.0,1261.0,1477.0,1349.4,1497.4,1496.0,1413.1,1445.4,1442.8,1408.4,1400.5,1444.1,1434.0,1897.4,2217.0,2292.4,2136.1,2165.3,1599.6,1513.8,1504.0
대덕구 - 생활계폐기물 재활용률＜br＞(A÷B×100),Statistics,47.6,42.5,44.1,45.2,50.7,65.4,63.3,59.3,60.7,65.3,62.5,67.5,58.4,57.9,71.8,69.8,66.2,73.4,54.2,70.1,63.7,66.4,65.0
대덕구 - 생활계폐기물 총발생량＜br＞(B),Statistics,324.9,287.6,291.4,231.5,264.0,237.7,239.8,248.4,261.6,254.9,242.7,235.1,250.6,226.7,293.5,273.6,298.2,258.5,210.6,228.6,212.2,197.4,190.9
대덕구 - 총재활용량＜br＞(A),Statistics,154.7,122.2,128.4,104.7,133.9,155.5,151.8,147.2,158.8,166.4,151.8,158.6,146.3,131.3,210.7,190.9,197.5,189.8,114.2,160.3,135.1,131.0,124.1
대전광역시 - 생활계폐기물 재활용률＜br＞(A÷B×100),Statistics,34.7,38.9,41.8,44.5,58.5,59.5,60.0,59.8,64.4,64.3,64.4,66.6,63.6,63.8,67.0,65.9,63.6,71.8,67.9,73.2,67.9,69.4,65.0
대전광역시 - 생활계폐기물 총발생량＜br＞(B),Statistics,1788.5,1640.3,1688.1,1461.4,1499.4,1503.1,1495.0,1577.6,1511.1,1557.6,1519.2,1468.9,1473.4,1451.2,1589.8,1628.5,1664.0,1611.3,1457.2,1491.2,1568.4,1503.8,1430.8
대전광역시 - 총재활용량＜br＞(A),Statistics,620.2,637.8,705.6,649.7,876.6,895.0,897.5,943.6,973.1,1000.9,977.7,978.0,937.2,925.8,1065.9,1072.7,1057.6,1156.7,988.9,1091.7,1064.8,1043.0,930.5
도봉구 - 생활계폐기물 재활용률＜br＞(A÷B×100),Statistics,49.2,39.5,44.8,51.8,61.2,77.7,78.3,78.2,76.0,81.3,81.2,81.6,82.5,80.4,77.8,78.4,70.8,73.6,64.0,66.1,58.2,74.3,56.7
도봉구 - 생활계폐기물 총발생량＜br＞(B),Statistics,298.1,257.2,286.8,242.0,229.9,416.1,412.5,398.0,307.4,400.6,404.3,400.4,386.2,348.1,314.7,315.1,243.6,255.7,345.1,300.9,251.9,258.3,280.6
도봉구 - 총재활용량＜br＞(A),Statistics,146.8,101.7,128.5,125.3,140.7,323.4,322.8,311.4,233.5,325.7,328.2,326.9,318.5,279.9,244.7,247.0,172.4,188.1,220.7,199.0,146.5,192.0,159.1
동구 - 생활계폐기물 재활용률＜br＞(A÷B×100),Statistics,56.8,54.9,53.8,55.7,62.8,60.5,64.1,67.9,67.8,66.9,67.5,69.5,68.2,74.0,69.4,71.2,71.1,85.6,80.6,81.3,67.4,76.6,81.6
동구 - 생활계폐기물 총발생량＜br＞(B),Statistics,178.0,176.4,154.2,146.4,125.2,119.1,116.0,106.7,104.0,100.8,98.1,94.3,94.7,100.7,99.9,97.9,94.0,95.2,92.9,113.6,72.4,86.4,87.3
동구 - 총재활용량＜br＞(A),Statistics,101.1,96.8,82.9,81.6,78.6,72.0,74.3,72.4,70.5,67.4,66.2,65.5,64.6,74.5,69.3,69.7,66.8,81.5,74.9,92.4,48.8,66.2,71.2
동대문구 - 생활계폐기물 재활용률＜br＞(A÷B×100),Statistics,39.2,38.2,40.9,50.0,64.8,67.6,66.7,62.3,63.2,68.2,70.0,70.7,70.4,71.1,71.4,72.9,73.5,73.5,72.6,75.2,64.6,63.2,64.0
동대문구 - 생활계폐기물 총발생량＜br＞(B),Statistics,485.7,487.3,512.1,552.4,523.8,538.4,486.8,421.7,378.1,409.4,444.5,400.0,396.8,414.7,408.3,426.6,422.5,416.3,411.2,440.1,320.2,296.1,310.5
동대문구 - 총재활용량＜br＞(A),Statistics,190.3,186.3,209.4,276.4,339.5,363.7,324.9,262.9,239.0,279.3,311.2,282.8,279.4,294.8,291.6,311.0,310.6,305.9,298.4,330.9,206.9,187.2,198.6
동두천시 - 생활계폐기물 재활용률＜br＞(A÷B×100),Statistics,59.0,61.1,63.9,28.7,54.5,56.5,52.5,54.5,52.0,48.8,38.1,52.7,55.3,60.1,59.4,59.2,53.0,49.6,35.1,51.7,48.3,53.1,41.1
동두천시 - 생활계폐기물 총발생량＜br＞(B),Statistics,65.4,65.6,65.6,70.3,111.4,84.6,86.8,79.5,72.9,78.9,105.2,73.0,65.3,71.2,72.1,79.5,75.6,76.8,76.9,104.8,113.1,132.0,93.6
동두천시 - 총재활용량＜br＞(A),Statistics,38.6,40.1,41.9,20.2,60.7,47.8,45.6,43.3,37.9,38.5,40.1,38.5,36.1,42.8,42.8,47.1,40.1,38.1,27.0,54.2,54.6,70.1,38.5
동래구 - 생활계폐기물 재활용률＜br＞(A÷B×100),Statistics,61.0,63.1,63.8,65.0,68.5,65.6,65.9,69.3,69.4,71.1,70.7,71.0,72.0,89.0,88.4,90.4,89.3,86.2,79.6,81.3,75.7,86.2,80.1
동래구 - 생활계폐기물 총발생량＜br＞(B),Statistics,346.3,330.1,330.8,312.6,275.4,264.0,263.7,243.2,251.8,236.9,235.9,234.2,227.9,241.2,240.8,242.0,235.2,235.7,228.6,246.1,176.6,203.0,188.1
동래구 - 총재활용량＜br＞(A),Statistics,211.4,208.4,210.9,203.1,188.6,173.1,173.8,168.6,174.8,168.5,166.8,166.2,164.2,214.6,212.8,218.8,210.0,203.1,182.0,200.0,133.6,174.9,150.7
동작구 - 생활계폐기물 재활용률＜br＞(A÷B×100),Statistics,43.3,43.3,45.5,54.0,63.4,63.0,59.7,56.0,64.7,63.9,62.2,71.3,69.3,70.3,70.5,67.2,66.3,68.9,71.3,73.0,66.3,65.3,68.3
동작구 - 생활계폐기물 총발생량＜br＞(B),Statistics,426.9,441.1,419.5,405.5,362.8,372.6,364.3,400.6,394.3,323.1,327.7,337.7,327.5,339.8,297.9,280.5,269.0,290.6,315.4,324.5,297.4,323.3,319.8
동작구 - 총재활용량＜br＞(A),Statistics,184.9,191.1,190.8,219.0,230.0,234.7,217.6,224.3,255.1,206.3,203.7,240.8,226.9,238.9,210.0,188.4,178.3,200.1,224.9,237.0,197.1,211.1,218.4
동해시 - 생활계폐기물 재활용률＜br＞(A÷B×100),Statistics,42.5,37.1,36.4,24.2,51.3,45.1,48.4,35.0,46.6,40.7,33.0,31.3,34.1,37.6,37.1,34.2,33.9,92.4,50.1,44.3,65.1,71.0,67.5
동해시 - 생활계폐기물 총발생량＜br＞(B),Statistics,125.9,158.4,150.7,138.2,143.2,110.8,112.3,113.8,129.8,108.6,117.8,110.2,107.2,122.3,125.4,130.9,128.9,113.7,135.0,147.2,115.6,122.9,118.6
동해시 - 총재활용량＜br＞(A),Statistics,53.5,58.8,54.9,33.4,73.4,50.0,54.4,39.8,60.5,44.2,38.9,34.5,36.6,46.0,46.5,44.8,43.7,105.1,67.7,65.2,75.3,87.3,80.0
마포구 - 생활계폐기물 재활용률＜br＞(A÷B×100),Statistics,46.6,46.6,51.8,54.2,68.8,64.3,64.8,64.5,68.4,54.8,56.7,55.5,55.9,72.2,71.8,70.4,69.7,66.9,59.9,59.6,40.1,57.8,61.6
마포구 - 생활계폐기물 총발생량＜br＞(B),Statistics,437.4,437.2,461.2,470.5,443.6,431.1,434.1,416.7,413.7,303.1,309.6,279.6,287.0,458.1,461.6,456.6,437.7,439.5,477.5,366.4,545.2,417.5,370.7
마포구 - 총재활용량＜br＞(A),Statistics,203.7,203.9,238.7,255.1,305.4,277.4,281.5,268.6,282.8,166.1,175.5,155.3,160.3,330.6,331.4,321.4,305.2,293.9,285.9,218.4,218.4,241.5,228.3
목포시 - 생활계폐기물 재활용률＜br＞(A÷B×100),Statistics,15.5,18.1,16.4,23.9,29.3,27.9,43.4,35.3,29.1,28.1,30.4,45.3,33.2,33.0,35.1,64.8,56.7,53.1,54.2,44.4,47.9,46.2,40.5
목포시 - 생활계폐기물 총발생량＜br＞(B),Statistics,240.3,252.4,274.6,212.8,247.1,256.7,301.7,281.4,276.3,292.3,302.3,305.9,247.4,237.8,257.8,268.6,237.2,256.3,262.5,270.5,303.9,283.8,294.2
목포시 - 총재활용량＜br＞(A),Statistics,37.2,45.8,44.9,50.8,72.4,71.5,131.0,99.4,80.3,82.0,92.0,138.7,82.2,78.5,90.5,174.0,134.5,136.1,142.2,120.0,145.5,131.0,119.1
무안군 - 생활계폐기물 재활용률＜br＞(A÷B×100),Statistics,30.2,31.8,36.2,51.6,44.2,46.5,52.0,57.2,47.0,44.7,46.8,44.1,45.7,38.7,30.2,32.1,34.4,26.4,41.2,26.9,40.2,42.0,34.0
무안군 - 생활계폐기물 총발생량＜br＞(B),Statistics,45.4,44.9,44.5,44.8,43.9,45.6,59.2,55.8,87.2,48.3,59.6,57.4,67.6,90.6,70.1,75.6,79.7,81.9,122.2,120.7,127.7,131.3,151.6
무안군 - 총재활용량＜br＞(A),Statistics,13.7,14.3,16.1,23.1,19.4,21.2,30.8,31.9,41.0,21.6,27.9,25.3,30.9,35.1,21.2,24.3,27.4,21.6,50.3,32.5,51.3,55.1,51.5
무주군 - 생활계폐기물 재활용률＜br＞(A÷B×100),Statistics,26.3,38.6,39.4,25.7,32.7,21.2,32.5,32.7,40.4,42.3,44.5,49.6,45.7,77.6,65.1,69.0,68.7,70.3,80.6,78.7,72.7,96.6,97.7
무주군 - 생활계폐기물 총발생량＜br＞(B),Statistics,39.2,28.0,25.1,20.6,21.1,18.9,20.6,20.5,22.5,23.4,22.0,24.4,23.4,24.1,26.9,28.7,29.1,29.0,56.6,37.5,34.4,26.7,22.0
무주군 - 총재활용량＜br＞(A),Statistics,10.3,10.8,9.9,5.3,6.9,4.0,6.7,6.7,9.1,9.9,9.8,12.1,10.7,18.7,17.5,19.8,20.0,20.4,45.6,29.5,25.0,25.8,21.5
문경시 - 생활계폐기물 재활용률＜br＞(A÷B×100),Statistics,34.2,35.1,33.8,54.6,36.6,46.5,44.3,55.2,57.3,37.2,27.6,31.3,33.6,38.3,35.4,36.2,24.3,43.5,38.4,26.3,15.7,19.8,22.0
문경시 - 생활계폐기물 총발생량＜br＞(B),Statistics,74.9,74.0,84.2,107.4,88.7,83.5,126.3,129.1,106.0,123.1,105.2,103.5,112.3,116.6,112.7,125.3,108.1,140.8,132.1,119.3,147.5,102.7,105.5
문경시 - 총재활용량＜br＞(A),Statistics,25.6,26.0,28.5,58.6,32.5,38.8,56.0,71.3,60.7,45.8,29.0,32.4,37.7,44.7,39.9,45.4,26.3,61.2,50.7,31.4,23.1,20.3,23.2
미추홀구 - 생활계폐기물 재활용률＜br＞(A÷B×100),Statistics,,,,,,,,,,,,,,,,,,54.0,52.8,48.9,36.6,38.6,33.9
미추홀구 - 생활계폐기물 총발생량＜br＞(B),Statistics,,,,,,,,,,,,,,,,,,259.4,310.6,320.7,1064.3,1305.2,1198.5
미추홀구 - 총재활용량＜br＞(A),Statistics,,,,,,,,,,,,,,,,,,140.2,163.9,156.8,389.5,504.0,406.1
밀양시 - 생활계폐기물 재활용률＜br＞(A÷B×100),Statistics,41.6,40.1,47.2,52.3,46.8,21.3,40.9,43.5,50.3,50.9,50.9,50.5,40.1,64.0,48.9,50.9,53.6,59.5,51.6,48.3,54.8,50.3,48.7
밀양시 - 생활계폐기물 총발생량＜br＞(B),Statistics,74.6,85.5,83.1,88.8,107.8,114.1,123.3,127.5,108.1,92.5,88.6,87.0,90.5,157.5,98.3,112.4,125.8,125.5,114.3,120.3,133.5,127.2,119.6
밀양시 - 총재활용량＜br＞(A),Statistics,31.0,34.3,39.2,46.4,50.4,24.3,50.4,55.4,54.4,47.1,45.1,43.9,36.3,100.8,48.1,57.2,67.4,74.7,59.0,58.1,73.2,64.0,58.2
보령시 - 생활계폐기물 재활용률＜br＞(A÷B×100),Statistics,39.5,39.6,29.9,31.5,43.2,42.1,41.6,47.1,46.2,46.8,47.0,41.6,45.9,53.5,56.6,46.9,44.3,41.0,44.7,41.8,45.9,33.6,32.3
보령시 - 생활계폐기물 총발생량＜br＞(B),Statistics,103.0,107.1,118.2,116.8,120.3,125.6,95.5,105.6,97.5,102.1,104.7,106.0,111.7,123.2,117.8,145.9,131.8,143.6,146.5,111.0,148.7,139.6,143.4
보령시 - 총재활용량＜br＞(A),Statistics,40.7,42.4,35.3,36.8,52.0,52.9,39.7,49.7,45.0,47.8,49.2,44.1,51.3,65.9,66.7,68.5,58.4,58.9,65.5,46.4,68.2,46.9,46.3
보성군 - 생활계폐기물 재활용률＜br＞(A÷B×100),Statistics,29.4,24.6,33.2,37.0,32.1,32.9,74.0,72.9,68.9,59.8,57.3,58.4,55.0,53.2,56.7,48.4,57.4,56.2,46.7,60.3,60.3,68.6,73.7
보성군 - 생활계폐기물 총발생량＜br＞(B),Statistics,35.7,35.3,38.8,30.8,22.4,24.6,66.5,68.7,48.2,35.1,32.8,32.7,32.9,35.9,37.4,30.8,29.1,30.6,27.0,49.4,56.7,58.9,67.4
보성군 - 총재활용량＜br＞(A),Statistics,10.5,8.7,12.9,11.4,7.2,8.1,49.2,50.1,33.2,21.0,18.8,19.1,18.1,19.1,21.2,14.9,16.7,17.2,12.6,29.8,34.2,40.4,49.7
보은군 - 생활계폐기물 재활용률＜br＞(A÷B×100),Statistics,31.5,40.2,39.0,28.5,64.3,65.3,38.9,59.7,61.8,53.4,61.3,60.6,34.1,31.7,27.9,22.6,21.2,15.6,25.6,24.7,36.4,38.0,41.1
보은군 - 생활계폐기물 총발생량＜br＞(B),Statistics,21.6,19.9,18.7,22.1,31.1,47.6,26.5,43.7,44.0,46.4,45.0,42.9,29.9,30.6,35.9,32.7,35.3,34.7,35.9,38.9,45.9,39.5,43.5
보은군 - 총재활용량＜br＞(A),Statistics,6.8,8.0,7.3,6.3,20.0,31.1,10.3,26.1,27.2,24.8,27.6,26.0,10.2,9.7,10.0,7.4,7.5,5.4,9.2,9.6,16.7,15.0,17.9
봉화군 - 생활계폐기물 재활용률＜br＞(A÷B×100),Statistics,19.8,32.9,43.1,41.2,41.0,44.1,54.3,52.4,55.0,51.9,50.7,52.9,43.0,34.8,47.0,42.0,41.5,44.0,34.4,45.8,36.8,45.7,36.7
봉화군 - 생활계폐기물 총발생량＜br＞(B),Statistics,24.2,25.5,31.1,29.1,29.5,29.9,37.6,38.9,45.3,38.5,37.5,41.8,40.7,50.6,64.1,56.7,54.7,53.6,41.3,47.2,45.7,43.8,37.3
봉화군 - 총재활용량＜br＞(A),Statistics,4.8,8.4,13.4,12.0,12.1,13.2,20.4,20.4,24.9,20.0,19.0,22.1,17.5,17.6,30.1,23.8,22.7,23.6,14.2,21.6,16.8,20.0,13.7
부산광역시 - 생활계폐기물 재활용률＜br＞(A÷B×100),Statistics,54.5,54.4,55.5,58.9,66.0,64.7,65.5,68.3,68.9,68.4,68.7,68.8,68.4,80.0,78.6,79.9,79.8,84.7,81.0,80.4,70.8,76.3,75.3
부산광역시 - 생활계폐기물 총발생량＜br＞(B),Statistics,4052.7,4031.5,3980.3,3814.5,3679.9,3618.6,3563.1,3371.0,3323.2,3221.9,3189.7,3189.0,3173.8,3397.8,3366.4,3352.2,3343.2,3337.2,3326.0,3990.4,2938.7,3263.9,3154.4
부산광역시 - 총재활용량＜br＞(A),Statistics,2210.0,2194.4,2209.1,2245.6,2430.1,2340.2,2333.2,2300.9,2289.2,2204.7,2191.3,2195.1,2170.2,2718.6,2647.1,2679.4,2666.9,2827.9,2694.0,3208.9,2081.3,2490.6,2375.3
부산진구 - 생활계폐기물 재활용률＜br＞(A÷B×100),Statistics,45.9,45.4,50.7,53.9,66.0,63.9,64.4,66.5,67.8,67.0,67.3,66.9,66.4,87.0,85.5,86.9,86.6,85.6,80.8,82.6,64.8,71.4,80.0
부산진구 - 생활계폐기물 총발생량＜br＞(B),Statistics,535.0,523.7,534.2,499.2,463.8,450.4,433.1,407.8,395.0,378.7,372.6,373.7,366.5,381.1,377.4,371.3,365.9,364.0,363.1,404.9,305.6,373.9,370.1
부산진구 - 총재활용량＜br＞(A),Statistics,245.4,238.0,270.7,269.3,306.3,288.0,278.8,271.2,267.8,253.8,250.8,250.1,243.3,331.4,322.8,322.7,316.7,311.5,293.3,334.5,198.1,266.8,295.9
부안군 - 생활계폐기물 재활용률＜br＞(A÷B×100),Statistics,39.2,51.1,18.6,17.9,22.4,37.5,44.0,44.8,47.2,67.2,65.7,55.6,58.0,59.5,67.9,71.3,70.4,74.2,55.5,55.4,51.4,46.2,48.7
부안군 - 생활계폐기물 총발생량＜br＞(B),Statistics,44.1,44.0,46.2,51.5,36.2,48.3,49.8,48.0,40.9,48.8,55.4,53.4,57.1,59.8,41.4,42.9,44.3,50.4,61.1,62.3,59.7,57.3,56.9
부안군 - 총재활용량＜br＞(A),Statistics,17.3,22.5,8.6,9.2,8.1,18.1,21.9,21.5,19.3,32.8,36.4,29.7,33.1,35.6,28.1,30.6,31.2,37.4,33.9,34.5,30.7,26.5,27.7
부여군 - 생활계폐기물 재활용률＜br＞(A÷B×100),Statistics,41.9,42.2,42.6,59.0,53.1,68.4,40.5,28.3,60.9,68.4,64.3,65.2,64.9,61.9,61.3,55.6,56.7,25.3,33.6,28.3,22.0,23.9,39.2
부여군 - 생활계폐기물 총발생량＜br＞(B),Statistics,86.0,83.0,82.1,83.4,82.3,76.6,58.2,38.1,53.5,61.3,58.0,58.7,75.2,77.1,77.2,77.5,79.5,79.5,69.9,91.6,88.0,78.1,80.6
부여군 - 총재활용량＜br＞(A),Statistics,36.0,35.0,35.0,49.2,43.7,52.4,23.6,10.8,32.6,41.9,37.3,38.3,48.8,47.7,47.3,43.1,45.1,20.1,23.5,25.9,19.4,18.7,31.6
부천시 - 생활계폐기물 재활용률＜br＞(A÷B×100),Statistics,35.2,48.3,49.4,60.2,56.5,67.9,66.7,69.3,71.9,68.9,68.1,68.3,63.2,65.4,57.9,61.1,65.5,70.7,61.4,47.1,57.3,67.1,70.9
부천시 - 생활계폐기물 총발생량＜br＞(B),Statistics,794.3,928.4,927.5,856.5,878.8,826.0,889.2,937.7,837.5,728.0,738.7,702.3,503.8,587.8,559.4,573.4,747.1,844.6,684.9,1005.4,655.6,826.0,849.5
부천시 - 총재활용량＜br＞(A),Statistics,279.3,448.8,458.2,515.2,496.2,560.6,593.4,649.8,602.2,501.8,502.8,479.7,318.3,384.6,324.1,350.3,489.5,597.3,420.8,473.4,375.4,554.3,602.7
부평구 - 생활계폐기물 재활용률＜br＞(A÷B×100),Statistics,42.0,39.4,31.3,49.3,56.3,52.3,50.0,39.5,49.8,65.4,67.8,52.0,47.5,51.0,51.9,57.9,56.8,58.7,50.3,59.0,59.3,61.3,65.4
부평구 - 생활계폐기물 총발생량＜br＞(B),Statistics,485.6,507.3,461.8,409.3,462.1,420.3,391.7,409.9,346.1,484.3,483.5,353.4,355.0,331.9,333.1,395.5,387.5,412.6,416.3,409.7,467.0,407.8,484.8
부평구 - 총재활용량＜br＞(A),Statistics,204.0,199.8,144.4,201.6,260.3,219.9,195.7,161.8,172.5,316.5,327.7,183.8,168.6,169.4,173.0,228.9,220.1,242.2,209.5,241.8,276.8,249.9,317.2
북구 - 생활계폐기물 재활용률＜br＞(A÷B×100),Statistics,49.1,49.1,53.6,58.6,70.3,71.3,72.9,75.6,76.0,74.1,74.6,74.6,73.5,88.2,87.9,89.9,89.3,88.0,82.2,87.5,77.0,82.7,87.1
북구 - 생활계폐기물 총발생량＜br＞(B),Statistics,227.4,232.5,243.0,245.3,273.7,285.6,286.5,273.4,266.4,261.4,256.8,258.5,261.9,280.8,280.7,277.7,270.3,268.3,263.9,299.9,215.4,191.0,211.1
북구 - 총재활용량＜br＞(A),Statistics,111.7,114.2,130.2,143.7,192.3,203.5,208.8,206.6,202.4,193.8,191.5,192.8,192.6,247.7,246.7,249.7,241.3,236.0,216.9,262.4,165.8,157.9,183.8
사상구 - 생활계폐기물 재활용률＜br＞(A÷B×100),Statistics,55.6,56.0,56.1,59.4,70.6,63.8,64.0,68.3,67.9,68.3,69.2,69.5,71.1,81.5,83.8,86.0,88.9,88.0,83.7,80.3,72.1,75.8,83.7
사상구 - 생활계폐기물 총발생량＜br＞(B),Statistics,408.7,386.9,367.1,362.1,351.6,345.4,320.1,296.6,289.7,279.2,273.2,267.2,265.7,275.1,273.8,264.9,250.4,252.2,254.2,326.7,194.1,200.6,183.4
사상구 - 총재활용량＜br＞(A),Statistics,227.1,216.6,205.8,215.0,248.3,220.3,204.8,202.6,196.8,190.7,189.1,185.8,188.8,224.3,229.5,227.7,222.6,221.9,212.7,262.2,139.9,152.0,153.5
사천시 - 생활계폐기물 재활용률＜br＞(A÷B×100),Statistics,43.0,32.8,29.0,43.0,41.9,24.1,53.5,51.2,48.2,44.6,37.7,34.1,40.7,38.7,39.1,35.9,51.7,52.1,51.6,51.8,52.7,52.2,46.5
사천시 - 생활계폐기물 총발생량＜br＞(B),Statistics,96.9,98.4,104.8,103.2,99.5,111.3,115.8,116.7,121.6,123.5,146.1,153.5,169.0,153.0,169.6,190.1,169.1,152.9,156.5,155.4,141.9,135.3,131.0
사천시 - 총재활용량＜br＞(A),Statistics,41.7,32.3,30.4,44.4,41.7,26.8,62.0,59.7,58.6,55.1,55.1,52.4,68.8,59.2,66.3,68.2,87.5,79.6,80.8,80.5,74.8,70.6,60.9
사하구 - 생활계폐기물 재활용률＜br＞(A÷B×100),Statistics,49.9,50.0,51.0,55.1,60.6,61.4,61.5,62.1,62.9,63.2,63.2,62.6,61.7,66.6,65.5,71.0,72.0,89.2,83.9,77.8,66.2,77.8,77.8
사하구 - 생활계폐기물 총발생량＜br＞(B),Statistics,359.0,358.9,363.9,356.2,351.3,360.7,359.5,335.9,338.5,324.7,321.5,323.7,323.3,330.4,329.1,312.8,350.6,341.1,337.7,421.3,251.7,256.1,258.0
사하구 - 총재활용량＜br＞(A),Statistics,179.2,179.6,185.7,196.3,213.0,221.3,221.1,208.5,212.9,205.2,203.2,202.5,199.6,220.1,215.4,222.1,252.5,304.1,283.2,327.7,166.6,199.2,200.6
산청군 - 생활계폐기물 재활용률＜br＞(A÷B×100),Statistics,45.8,34.6,39.4,35.9,28.5,31.6,31.6,33.5,29.0,34.0,55.5,42.4,53.2,31.7,28.7,31.3,26.6,30.5,29.0,27.1,44.0,41.8,23.6
산청군 - 생활계폐기물 총발생량＜br＞(B),Statistics,21.2,25.7,25.9,22.3,22.8,31.3,26.9,26.0,20.0,26.8,33.7,25.7,40.4,28.4,30.0,41.8,39.1,37.0,37.2,40.6,52.9,42.3,34.8
산청군 - 총재활용량＜br＞(A),Statistics,9.7,8.9,10.2,8.0,6.5,9.9,8.5,8.7,5.8,9.1,18.7,10.9,21.5,9.0,8.6,13.1,10.4,11.3,10.8,11.0,23.3,17.7,8.2
삼척시 - 생활계폐기물 재활용률＜br＞(A÷B×100),Statistics,30.4,10.0,11.8,22.8,31.3,31.1,27.1,27.2,30.4,30.4,21.2,27.9,33.1,39.5,40.5,55.7,41.2,43.0,33.3,62.8,48.6,52.2,79.6
삼척시 - 생활계폐기물 총발생량＜br＞(B),Statistics,91.7,266.0,139.7,107.0,101.0,98.1,93.7,101.0,103.6,102.5,104.4,104.3,106.2,110.1,108.8,144.5,105.7,104.3,121.3,186.8,119.3,124.7,123.5
삼척시 - 총재활용량＜br＞(A),Statistics,27.9,26.5,16.5,24.4,31.6,30.5,25.4,27.5,31.5,31.2,22.1,29.1,35.1,43.5,44.1,80.5,43.5,44.9,40.4,117.3,58.0,65.1,98.3
상주시 - 생활계폐기물 재활용률＜br＞(A÷B×100),Statistics,55.3,56.1,58.1,57.8,48.8,46.6,56.6,55.6,50.4,52.5,48.8,45.6,43.5,45.2,42.6,41.8,32.9,31.1,30.8,22.4,36.7,47.8,57.5
상주시 - 생활계폐기물 총발생량＜br＞(B),Statistics,87.3,85.5,84.4,81.5,74.4,73.0,89.0,80.8,86.7,94.1,96.5,87.3,85.0,90.1,95.9,95.6,108.3,86.3,102.9,130.8,101.4,98.1,126.7
상주시 - 총재활용량＜br＞(A),Statistics,48.3,48.0,49.0,47.1,36.3,34.0,50.4,44.9,43.7,49.4,47.1,39.8,37.0,40.7,40.9,40.0,35.6,26.8,31.7,29.3,37.2,46.9,72.8
서구 - 생활계폐기물 재활용률＜br＞(A÷B×100),Statistics,45.6,47.8,47.1,53.5,63.1,62.9,63.7,67.4,67.7,66.9,66.4,66.5,66.4,70.8,69.2,70.5,70.1,83.1,78.4,79.1,65.6,83.8,71.2
서구 - 생활계폐기물 총발생량＜br＞(B),Statistics,181.2,176.6,178.7,157.8,144.9,141.8,136.0,125.7,124.9,120.9,120.5,117.8,117.4,121.7,122.1,121.2,117.4,118.3,116.3,136.5,83.8,91.6,94.8
서구 - 총재활용량＜br＞(A),Statistics,82.7,84.5,84.1,84.4,91.4,89.2,86.6,84.7,84.6,80.9,80.0,78.3,78.0,86.2,84.5,85.5,82.3,98.3,91.2,108.0,55.0,76.8,67.5
서귀포시 - 생활계폐기물 재활용률＜br＞(A÷B×100),Statistics,,,,,,46.9,47.1,44.7,45.3,39.1,45.2,55.3,50.3,58.6,60.1,58.6,57.6,61.1,68.2,63.3,56.9,55.6,61.8
서귀포시 - 생활계폐기물 총발생량＜br＞(B),Statistics,,,,,,132.8,138.7,148.6,151.1,167.4,207.3,300.7,378.3,318.7,343.0,423.4,430.8,390.7,373.2,372.8,355.3,362.0,398.3
서귀포시 - 총재활용량＜br＞(A),Statistics,,,,,,62.3,65.3,66.4,68.5,65.5,93.7,166.4,190.2,186.6,206.3,248.1,248.1,238.7,254.4,235.9,202.2,201.2,246.0
서대문구 - 생활계폐기물 재활용률＜br＞(A÷B×100),Statistics,37.1,37.8,43.0,45.2,59.5,56.8,50.9,51.9,65.8,62.5,66.4,62.5,60.9,67.4,67.1,65.3,60.4,61.8,61.0,61.6,59.7,62.4,62.2
서대문구 - 생활계폐기물 총발생량＜br＞(B),Statistics,372.4,383.6,397.9,379.1,349.2,347.7,293.1,268.2,327.1,308.3,291.4,263.6,262.4,311.7,301.5,298.4,298.3,285.3,240.1,285.3,265.1,294.9,267.4
서대문구 - 총재활용량＜br＞(A),Statistics,138.2,145.1,170.9,171.2,207.7,197.5,149.3,139.3,215.2,192.8,193.6,164.8,159.8,210.0,202.4,194.8,180.2,176.3,146.5,175.8,158.3,184.1,166.2
서산시 - 생활계폐기물 재활용률＜br＞(A÷B×100),Statistics,53.7,56.0,49.1,41.5,49.4,62.4,56.7,50.6,51.0,57.0,55.9,54.8,54.7,54.7,39.2,51.0,48.4,47.7,47.2,49.7,46.7,46.6,45.5
서산시 - 생활계폐기물 총발생량＜br＞(B),Statistics,168.5,168.0,169.0,142.5,143.6,193.0,210.3,180.3,182.6,193.6,170.0,177.6,178.9,179.4,263.1,169.7,173.5,172.5,181.4,207.7,206.8,227.0,204.0
서산시 - 총재활용량＜br＞(A),Statistics,90.5,94.0,83.0,59.1,70.9,120.4,119.3,91.2,93.1,110.4,95.0,97.3,97.8,98.1,103.2,86.6,84.0,82.3,85.6,103.3,96.5,105.8,92.9
서울특별시 - 생활계폐기물 재활용률＜br＞(A÷B×100),Statistics,47.5,48.6,51.2,55.0,64.3,64.3,64.6,65.6,68.1,65.8,63.5,65.3,64.0,66.8,68.9,68.2,67.1,68.0,66.4,66.2,56.1,62.6,62.8
서울특별시 - 생활계폐기물 총발생량＜br＞(B),Statistics,11968.2,12052.3,12058.3,11672.7,11170.2,11420.0,11525.4,11446.5,11336.8,10020.4,9440.1,9189.3,8559.0,9613.8,9438.7,9608.0,9217.3,9492.9,9847.4,9673.4,10852.9,10913.8,10426.9
서울특별시 - 총재활용량＜br＞(A),Statistics,5681.9,5852.2,6175.7,6425.5,7187.1,7346.4,7445.8,7508.7,7721.6,6592.7,5993.2,6004.5,5481.4,6423.9,6501.4,6549.7,6180.2,6456.9,6535.4,6408.3,6084.5,6836.1,6544.7
서천군 - 생활계폐기물 재활용률＜br＞(A÷B×100),Statistics,43.0,36.9,37.2,41.0,44.7,39.4,34.0,51.4,35.6,31.2,40.6,41.5,44.5,36.5,38.7,41.3,42.2,34.2,34.6,24.6,29.0,17.0,29.7
서천군 - 생활계폐기물 총발생량＜br＞(B),Statistics,34.2,35.5,34.7,36.6,36.9,38.3,42.1,55.3,44.4,36.5,38.7,41.7,42.7,41.4,61.7,72.1,70.8,91.2,79.2,90.8,59.4,74.1,48.5
서천군 - 총재활용량＜br＞(A),Statistics,14.7,13.1,12.9,15.0,16.5,15.1,14.3,28.4,15.8,11.4,15.7,17.3,19.0,15.1,23.9,29.8,29.9,31.2,27.4,22.3,17.2,12.6,14.4
서초구 - 생활계폐기물 재활용률＜br＞(A÷B×100),Statistics,44.4,45.2,42.5,42.9,50.8,64.3,64.1,66.7,67.0,66.7,67.7,69.2,70.7,69.5,71.5,69.5,70.9,69.4,58.8,59.1,61.5,62.7,62.7
서초구 - 생활계폐기물 총발생량＜br＞(B),Statistics,521.1,495.5,445.1,411.9,394.2,557.3,563.7,570.6,608.9,589.1,588.0,578.1,552.3,546.3,562.3,570.1,571.7,563.7,498.3,504.8,485.2,493.9,487.9
서초구 - 총재활용량＜br＞(A),Statistics,231.5,224.2,189.0,176.6,200.3,358.3,361.6,380.6,407.7,393.0,398.0,400.2,390.5,379.5,402.3,396.1,405.1,391.3,293.2,298.4,298.2,309.6,306.0
성남시 - 생활계폐기물 재활용률＜br＞(A÷B×100),Statistics,36.4,38.0,41.4,47.3,50.0,62.8,49.8,55.9,56.5,55.9,51.6,52.7,52.1,50.2,55.1,56.5,47.6,48.8,48.3,52.2,57.0,45.3,39.5
성남시 - 생활계폐기물 총발생량＜br＞(B),Statistics,795.0,822.0,828.2,805.0,797.5,1153.4,817.4,755.6,765.9,755.7,772.0,773.5,775.3,827.1,791.0,873.8,864.2,918.4,851.4,856.4,956.0,927.1,842.8
성남시 - 총재활용량＜br＞(A),Statistics,289.0,312.0,343.0,380.7,398.6,724.1,406.7,422.5,433.1,422.1,398.7,407.7,403.8,415.2,436.2,493.4,411.5,448.2,411.0,446.7,544.9,420.3,333.2
성동구 - 생활계폐기물 재활용률＜br＞(A÷B×100),Statistics,41.4,46.1,52.2,50.0,56.3,59.7,61.1,60.0,64.4,62.8,62.6,64.7,66.3,65.1,69.0,68.5,65.5,66.3,69.7,67.0,68.8,63.7,63.9
성동구 - 생활계폐기물 총발생량＜br＞(B),Statistics,343.9,371.9,388.6,340.3,301.9,322.7,300.2,300.5,312.5,282.0,290.2,267.6,261.8,254.1,259.4,257.8,255.7,270.0,303.1,301.2,271.8,286.5,292.7
성동구 - 총재활용량＜br＞(A),Statistics,142.5,171.6,203.0,170.3,169.9,192.8,183.3,180.2,201.4,177.2,181.7,173.1,173.5,165.4,179.0,176.6,167.6,178.9,211.4,201.9,186.9,182.5,186.9
성북구 - 생활계폐기물 재활용률＜br＞(A÷B×100),Statistics,50.9,45.3,45.7,50.5,61.8,62.6,68.2,66.8,70.1,67.2,58.5,57.4,57.3,67.0,69.2,70.8,68.9,71.7,74.2,68.0,73.9,67.6,67.3
성북구 - 생활계폐기물 총발생량＜br＞(B),Statistics,504.7,472.8,445.4,429.3,399.2,393.7,417.0,425.2,401.7,357.8,297.5,300.6,274.9,366.6,359.2,358.3,345.5,348.5,371.3,361.6,372.6,345.0,339.0
성북구 - 총재활용량＜br＞(A),Statistics,256.7,214.4,203.6,216.6,246.6,246.4,284.5,283.9,281.4,240.4,173.9,172.6,157.6,245.6,248.6,253.8,238.0,249.8,275.6,245.9,275.5,233.1,228.0
성주군 - 생활계폐기물 재활용률＜br＞(A÷B×100),Statistics,32.6,44.2,30.7,31.3,33.5,23.0,22.2,29.4,31.7,21.8,22.9,28.4,25.0,28.0,47.8,28.1,44.0,45.3,50.7,48.5,47.6,48.5,50.7
성주군 - 생활계폐기물 총발생량＜br＞(B),Statistics,19.3,26.9,28.0,27.8,17.6,15.2,20.3,24.8,25.9,25.7,22.7,23.6,25.6,27.9,37.9,32.4,39.1,40.0,48.5,65.3,78.2,75.3,46.7
성주군 - 총재활용량＜br＞(A),Statistics,6.3,11.9,8.6,8.7,5.9,3.5,4.5,7.3,8.2,5.6,5.2,6.7,6.4,7.8,18.1,9.1,17.2,18.1,24.6,31.7,37.2,36.5,23.7
세종특별자치시 - 생활계폐기물 재활용률＜br＞(A÷B×100),Statistics,,,,,,,,,,,,29.5,94.1,47.3,61.3,69.7,56.3,71.3,55.3,72.2,57.0,73.2,69.1
세종특별자치시 - 생활계폐기물 총발생량＜br＞(B),Statistics,,,,,,,,,,,,74.0,724.2,120.2,161.6,176.8,241.9,404.3,435.4,375.8,388.4,340.9,328.1
세종특별자치시 - 총재활용량＜br＞(A),Statistics,,,,,,,,,,,,21.8,681.6,56.9,99.0,123.2,136.3,288.3,240.9,271.5,221.5,249.7,226.6
속초시 - 생활계폐기물 재활용률＜br＞(A÷B×100),Statistics,25.3,26.9,13.6,17.4,52.5,39.0,46.9,54.6,53.4,52.5,49.6,49.5,49.5,45.4,22.9,27.1,20.4,10.8,6.6,37.8,36.4,44.7,42.4
속초시 - 생활계폐기물 총발생량＜br＞(B),Statistics,127.7,132.2,110.2,106.1,88.8,185.6,189.1,197.3,179.0,182.9,168.2,165.9,165.3,183.2,150.9,156.2,146.0,132.8,126.5,118.7,153.5,161.2,109.6
속초시 - 총재활용량＜br＞(A),Statistics,32.3,35.5,15.0,18.5,46.6,72.4,88.7,107.7,95.5,96.1,83.4,82.2,81.8,83.1,34.6,42.4,29.8,14.4,8.4,44.9,55.8,72.1,46.5
송파구 - 생활계폐기물 재활용률＜br＞(A÷B×100),Statistics,53.3,56.2,60.8,64.0,72.8,72.4,76.2,74.4,73.8,74.3,70.8,72.6,71.0,65.0,69.1,70.0,67.3,68.1,74.8,74.4,68.4,58.7,59.5
송파구 - 생활계폐기물 총발생량＜br＞(B),Statistics,848.9,822.4,898.0,882.1,868.9,884.6,929.7,935.8,791.1,733.3,751.5,644.2,599.8,555.5,575.7,569.7,550.3,611.8,808.2,727.5,693.7,826.9,718.3
송파구 - 총재활용량＜br＞(A),Statistics,452.6,461.9,546.1,564.6,632.6,640.3,708.8,695.8,584.1,545.1,531.7,467.5,425.7,360.9,397.6,398.7,370.4,416.9,604.8,541.0,474.6,485.1,427.6
수성구 - 생활계폐기물 재활용률＜br＞(A÷B×100),Statistics,45.4,46.4,45.6,44.4,54.6,54.0,59.1,60.5,56.6,61.7,59.2,55.5,54.4,53.6,53.2,68.3,81.9,79.6,78.0,68.9,66.7,61.4,63.8
수성구 - 생활계폐기물 총발생량＜br＞(B),Statistics,429.5,437.8,410.4,362.3,384.9,352.7,398.1,409.8,399.4,373.4,404.9,415.1,448.7,420.6,441.3,459.6,442.7,465.3,444.2,455.3,416.2,419.5,383.8
수성구 - 총재활용량＜br＞(A),Statistics,195.1,203.1,187.1,160.9,210.0,190.6,235.1,247.8,225.9,230.3,239.8,230.5,244.0,225.4,234.9,313.7,362.4,370.2,346.3,313.9,277.4,257.4,244.7
수영구 - 생활계폐기물 재활용률＜br＞(A÷B×100),Statistics,67.5,65.5,64.9,68.6,72.3,69.6,70.5,74.1,74.5,72.1,73.8,73.5,71.8,90.7,89.2,79.1,74.5,88.7,84.2,83.7,73.4,68.0,84.0
수영구 - 생활계폐기물 총발생량＜br＞(B),Statistics,199.5,197.0,186.0,179.9,167.3,156.8,155.7,149.6,149.1,148.0,143.3,144.6,149.0,172.3,157.0,157.9,152.3,151.1,145.3,173.1,122.4,137.3,136.5
수영구 - 총재활용량＜br＞(A),Statistics,134.7,129.1,120.7,123.5,121.0,109.1,109.7,110.8,111.1,106.7,105.7,106.3,107.0,156.3,140.0,124.9,113.4,134.0,122.3,144.9,89.8,93.4,114.7
수원시 - 생활계폐기물 재활용률＜br＞(A÷B×100),Statistics,55.8,55.0,55.1,57.0,55.4,53.5,54.2,62.5,56.3,58.8,59.2,55.6,59.8,56.2,56.3,59.9,63.1,62.3,52.9,66.3,48.8,64.5,64.8
수원시 - 생활계폐기물 총발생량＜br＞(B),Statistics,876.0,921.0,991.1,970.1,934.0,852.8,995.5,1021.3,964.9,1024.8,1027.2,1074.7,1050.0,1028.6,1101.5,1241.0,1143.6,1134.5,1019.8,1292.7,1422.1,1074.8,1075.2
수원시 - 총재활용량＜br＞(A),Statistics,488.6,506.8,546.5,552.6,517.4,456.0,539.1,638.3,543.6,602.4,607.8,598.0,627.5,577.6,620.1,743.6,721.4,707.2,539.5,857.6,694.2,692.9,697.1
순창군 - 생활계폐기물 재활용률＜br＞(A÷B×100),Statistics,33.7,34.7,36.7,40.9,46.0,39.1,45.3,45.9,51.9,43.8,45.5,46.5,41.5,36.9,39.9,39.7,43.4,39.5,49.3,41.9,43.6,48.5,51.9
순창군 - 생활계폐기물 총발생량＜br＞(B),Statistics,19.3,19.0,16.9,17.6,17.6,19.2,23.2,19.6,21.4,22.4,22.4,22.6,17.6,13.0,14.3,15.1,15.9,15.7,20.1,20.3,25.0,24.1,21.4
순창군 - 총재활용량＜br＞(A),Statistics,6.5,6.6,6.2,7.2,8.1,7.5,10.5,9.0,11.1,9.8,10.2,10.5,7.3,4.8,5.7,6.0,6.9,6.2,9.9,8.5,10.9,11.7,11.1
순천시 - 생활계폐기물 재활용률＜br＞(A÷B×100),Statistics,20.1,19.5,29.8,57.9,58.5,61.0,36.7,40.5,35.3,28.9,38.1,63.3,62.8,60.2,86.0,93.6,77.5,77.0,60.6,69.4,93.2,86.3,87.2
순천시 - 생활계폐기물 총발생량＜br＞(B),Statistics,237.5,261.4,469.4,625.2,388.1,345.9,276.5,230.1,237.4,274.1,245.6,371.1,321.0,342.0,268.7,240.9,293.6,293.9,254.6,316.9,155.3,271.7,311.9
순천시 - 총재활용량＜br＞(A),Statistics,47.7,51.0,140.1,362.0,227.1,211.1,101.5,93.1,83.9,79.3,93.5,234.8,201.6,205.9,231.1,225.4,227.5,226.4,154.2,219.9,144.7,234.6,272.0
시흥시 - 생활계폐기물 재활용률＜br＞(A÷B×100),Statistics,42.0,42.7,40.9,45.5,61.6,62.5,66.4,55.6,55.6,58.9,60.7,59.5,61.6,48.4,50.5,70.3,71.5,68.1,51.1,54.3,60.5,57.5,54.8
시흥시 - 생활계폐기물 총발생량＜br＞(B),Statistics,221.1,269.7,301.5,298.0,270.9,312.2,314.2,272.5,319.5,303.0,300.4,302.4,312.3,349.2,371.2,465.7,479.5,432.1,479.4,490.9,541.2,623.3,561.6
시흥시 - 총재활용량＜br＞(A),Statistics,92.8,115.1,123.4,135.7,167.0,195.1,208.6,151.5,177.5,178.4,182.2,180.0,192.3,169.1,187.4,327.5,342.8,294.1,244.9,266.8,327.3,358.2,308.0
신안군 - 생활계폐기물 재활용률＜br＞(A÷B×100),Statistics,23.4,22.8,22.4,23.4,24.3,28.4,47.6,45.3,32.3,31.1,29.7,37.7,39.7,38.3,33.9,37.6,43.4,40.2,56.3,52.8,62.3,55.2,44.3
신안군 - 생활계폐기물 총발생량＜br＞(B),Statistics,30.8,28.1,25.5,28.6,22.6,27.1,40.1,39.1,33.1,41.8,42.1,44.0,42.3,40.2,39.8,41.0,41.0,39.8,60.8,64.8,72.6,63.4,51.7
신안군 - 총재활용량＜br＞(A),Statistics,7.2,6.4,5.7,6.7,5.5,7.7,19.1,17.7,10.7,13.0,12.5,16.6,16.8,15.4,13.5,15.4,17.8,16.0,34.2,34.2,45.2,35.0,22.9
아산시 - 생활계폐기물 재활용률＜br＞(A÷B×100),Statistics,31.0,31.3,24.4,29.3,35.6,43.8,43.0,61.8,64.3,62.1,48.7,56.7,63.5,58.0,63.7,50.7,63.1,76.5,69.4,66.0,51.3,49.8,62.6
아산시 - 생활계폐기물 총발생량＜br＞(B),Statistics,179.5,183.3,203.6,237.7,258.1,270.9,279.5,485.9,333.7,299.6,241.0,271.9,324.7,290.2,382.2,297.0,462.3,760.9,622.0,619.6,472.3,531.9,487.8
아산시 - 총재활용량＜br＞(A),Statistics,55.7,57.3,49.7,69.7,91.8,118.6,120.3,300.5,214.7,186.1,117.3,154.3,206.3,168.3,243.5,150.6,291.6,581.8,431.8,408.7,242.4,265.0,305.5
안동시 - 생활계폐기물 재활용률＜br＞(A÷B×100),Statistics,22.8,25.4,27.1,34.8,46.3,46.3,47.5,48.6,57.1,54.4,52.6,44.4,88.8,90.9,64.3,37.4,58.4,44.0,52.4,39.0,47.6,55.2,47.0
안동시 - 생활계폐기물 총발생량＜br＞(B),Statistics,157.8,189.7,186.1,175.8,180.2,155.0,163.5,162.7,186.2,208.9,192.7,165.9,278.2,300.0,282.9,199.5,296.8,184.6,265.4,237.0,273.9,235.0,359.7
안동시 - 총재활용량＜br＞(A),Statistics,35.9,48.1,50.4,61.2,83.5,71.7,77.7,79.0,106.4,113.6,101.3,73.6,247.0,272.6,182.0,74.6,173.3,81.2,139.0,92.5,130.5,129.7,169.2
안산시 - 생활계폐기물 재활용률＜br＞(A÷B×100),Statistics,49.7,35.7,36.2,40.6,51.1,50.1,52.4,52.2,61.0,57.5,50.7,52.4,51.4,56.9,57.8,56.4,54.9,56.7,51.8,50.0,55.2,49.3,51.2
안산시 - 생활계폐기물 총발생량＜br＞(B),Statistics,475.6,446.7,480.3,476.2,511.7,496.6,518.7,548.9,462.6,436.5,445.0,492.4,532.1,599.4,560.9,562.0,552.7,592.9,622.0,690.3,739.9,748.7,750.9
안산시 - 총재활용량＜br＞(A),Statistics,236.6,159.3,173.8,193.2,261.6,248.9,272.0,286.7,282.3,250.9,225.5,258.2,273.3,340.8,324.1,316.7,303.5,336.1,321.9,345.0,408.4,369.4,384.5
안성시 - 생활계폐기물 재활용률＜br＞(A÷B×100),Statistics,47.3,37.2,51.0,47.2,50.2,36.0,53.0,80.2,77.0,75.1,77.4,74.4,49.3,50.5,49.9,52.5,53.9,61.9,59.5,59.7,65.9,70.2,68.9
안성시 - 생활계폐기물 총발생량＜br＞(B),Statistics,113.2,125.6,130.4,135.2,145.3,173.1,176.5,341.5,329.8,322.6,292.6,293.5,249.1,231.5,231.3,222.5,230.8,234.9,220.8,205.3,231.5,290.3,281.6
안성시 - 총재활용량＜br＞(A),Statistics,53.6,46.7,66.5,63.8,72.9,62.4,93.5,273.9,254.0,242.2,226.5,218.3,122.9,117.0,115.4,116.9,124.4,145.5,131.3,122.5,152.6,203.8,193.9
안양시 - 생활계폐기물 재활용률＜br＞(A÷B×100),Statistics,33.5,33.8,38.4,43.5,56.3,58.8,46.7,54.0,54.1,55.9,58.6,51.7,57.8,48.2,59.0,55.7,44.7,34.1,33.1,45.8,46.4,53.1,88.4
안양시 - 생활계폐기물 총발생량＜br＞(B),Statistics,600.1,636.9,659.2,621.0,618.4,545.1,499.2,442.1,452.9,448.1,457.2,419.3,429.1,414.6,513.8,494.6,366.5,388.1,298.5,491.8,473.9,467.2,439.6
안양시 - 총재활용량＜br＞(A),Statistics,201.3,215.3,253.2,270.3,348.3,320.4,233.3,238.7,245.2,250.5,267.9,216.9,247.9,199.9,303.1,275.4,163.7,132.3,98.8,225.3,219.8,248.0,388.8
양구군 - 생활계폐기물 재활용률＜br＞(A÷B×100),Statistics,43.8,43.0,43.2,17.1,29.2,25.6,27.0,32.7,33.5,26.6,38.7,39.4,38.7,38.6,61.5,58.3,61.8,27.2,37.3,35.2,35.4,46.6,62.2
양구군 - 생활계폐기물 총발생량＜br＞(B),Statistics,25.6,25.6,25.7,34.6,38.0,35.9,36.6,35.2,34.9,36.8,35.4,35.3,35.4,35.5,28.6,36.0,39.3,31.3,30.3,34.9,25.7,33.5,44.2
양구군 - 총재활용량＜br＞(A),Statistics,11.2,11.0,11.1,5.9,11.1,9.2,9.9,11.5,11.7,9.8,13.7,13.9,13.7,13.7,17.6,21.0,24.3,8.5,11.3,12.3,9.1,15.6,27.5
양산시 - 생활계폐기물 재활용률＜br＞(A÷B×100),Statistics,39.7,43.5,38.1,39.5,59.3,66.4,72.4,56.4,47.6,50.7,44.9,56.5,58.3,59.0,52.5,55.1,59.4,61.0,58.4,62.1,61.3,61.0,58.6
양산시 - 생활계폐기물 총발생량＜br＞(B),Statistics,172.4,194.6,179.7,172.4,223.7,208.7,234.7,173.0,169.7,183.1,213.5,250.1,235.9,266.6,269.5,357.5,370.0,395.5,415.0,458.3,463.1,426.8,419.2
양산시 - 총재활용량＜br＞(A),Statistics,68.5,84.7,68.4,68.1,132.6,138.6,169.9,97.5,80.8,92.8,95.9,141.2,137.6,157.4,141.5,196.9,219.6,241.4,242.4,284.4,283.8,260.5,245.7
양양군 - 생활계폐기물 재활용률＜br＞(A÷B×100),Statistics,24.6,25.0,24.8,17.4,15.5,22.5,47.9,33.2,47.8,25.1,26.7,20.3,21.6,22.0,15.6,17.0,21.0,22.6,26.1,63.3,24.6,40.1,70.6
양양군 - 생활계폐기물 총발생량＜br＞(B),Statistics,44.8,45.2,45.2,47.6,47.2,51.0,69.3,71.1,44.6,39.8,38.2,34.4,36.6,37.7,42.3,47.0,52.9,59.3,59.7,71.3,78.9,79.1,145.4
양양군 - 총재활용량＜br＞(A),Statistics,11.0,11.3,11.2,8.3,7.3,11.5,33.2,23.6,21.3,10.0,10.2,7.0,7.9,8.3,6.6,8.0,11.1,13.4,15.6,45.1,19.4,31.7,102.7
양주시 - 생활계폐기물 재활용률＜br＞(A÷B×100),Statistics,,,52.0,61.4,68.4,70.0,64.4,59.6,71.9,72.9,64.5,72.7,74.2,74.0,68.3,72.7,75.6,67.8,53.5,49.0,56.0,45.9,54.0
양주시 - 생활계폐기물 총발생량＜br＞(B),Statistics,,,128.2,84.1,87.9,88.4,114.8,123.0,223.4,229.0,181.8,172.1,206.0,203.5,224.5,247.5,377.9,236.4,235.2,247.0,342.1,534.7,302.7
양주시 - 총재활용량＜br＞(A),Statistics,,,66.6,51.6,60.1,61.9,73.9,73.3,160.7,166.9,117.3,125.2,152.9,150.5,153.3,180.0,285.8,160.2,125.8,121.0,191.5,245.5,163.4
양천구 - 생활계폐기물 재활용률＜br＞(A÷B×100),Statistics,56.6,54.4,58.8,66.9,69.2,69.1,77.2,67.1,68.0,79.6,71.5,63.1,64.9,66.3,69.0,65.1,65.7,67.2,65.0,72.5,67.2,65.2,68.1
양천구 - 생활계폐기물 총발생량＜br＞(B),Statistics,581.8,466.3,432.3,470.7,446.7,463.4,624.2,505.4,534.7,277.4,257.4,274.5,276.1,347.9,322.5,287.9,295.4,297.7,340.8,394.4,353.1,338.9,316.9
양천구 - 총재활용량＜br＞(A),Statistics,329.2,253.9,254.2,314.9,308.9,320.1,481.7,339.1,363.8,220.8,184.1,173.2,179.1,230.7,222.5,187.4,194.2,200.0,221.5,285.9,237.3,220.8,215.7
양평군 - 생활계폐기물 재활용률＜br＞(A÷B×100),Statistics,50.3,53.3,55.9,54.0,59.3,59.0,53.6,63.3,62.2,57.2,60.1,55.5,49.8,39.5,41.0,39.9,37.0,39.0,50.2,53.4,82.6,57.3,93.7
양평군 - 생활계폐기물 총발생량＜br＞(B),Statistics,62.2,60.2,59.9,65.5,65.8,59.5,72.8,70.3,70.6,84.1,79.5,72.6,61.4,51.7,55.6,60.2,67.1,73.0,81.1,81.8,63.3,89.5,106.3
양평군 - 총재활용량＜br＞(A),Statistics,31.3,32.1,33.5,35.4,39.0,35.1,39.0,44.5,43.9,48.1,47.8,40.3,30.6,20.4,22.8,24.0,24.8,28.5,40.7,43.7,52.3,51.3,99.6
여수시 - 생활계폐기물 재활용률＜br＞(A÷B×100),Statistics,39.8,39.7,39.2,44.8,37.8,44.8,34.5,27.8,27.1,27.4,32.5,28.3,31.3,25.2,30.7,36.4,27.5,32.7,28.1,42.0,39.4,46.3,44.7
여수시 - 생활계폐기물 총발생량＜br＞(B),Statistics,498.0,540.9,535.7,508.3,420.5,326.3,297.3,473.4,386.1,359.2,405.8,484.5,384.4,381.7,378.2,426.7,428.7,435.1,523.0,528.9,498.3,488.9,431.7
여수시 - 총재활용량＜br＞(A),Statistics,198.2,215.0,209.8,227.6,158.9,146.3,102.6,131.6,104.5,98.4,131.9,137.1,120.5,96.0,116.2,155.5,118.1,142.4,146.9,222.4,196.1,226.4,192.9
여주시 - 생활계폐기물 재활용률＜br＞(A÷B×100),Statistics,,,,,,,,,,,,,67.8,68.8,76.6,76.3,77.7,82.3,65.8,65.9,61.2,73.1,68.9
여주시 - 생활계폐기물 총발생량＜br＞(B),Statistics,,,,,,,,,,,,,92.9,86.5,161.0,207.4,197.8,197.3,171.8,227.9,353.2,317.3,227.0
여주시 - 총재활용량＜br＞(A),Statistics,,,,,,,,,,,,,63.0,59.5,123.4,158.2,153.6,162.4,113.0,150.2,216.2,232.0,156.4
연수구 - 생활계폐기물 재활용률＜br＞(A÷B×100),Statistics,35.3,43.1,41.2,53.2,62.1,51.5,58.0,60.0,58.3,65.6,63.8,64.5,60.4,52.8,59.1,56.4,54.9,60.0,70.9,70.1,75.6,72.2,71.2
연수구 - 생활계폐기물 총발생량＜br＞(B),Statistics,176.9,198.8,217.3,192.4,188.6,146.7,190.6,165.1,148.2,191.7,147.7,152.6,142.6,133.6,135.0,229.7,246.2,269.6,237.4,243.1,353.1,378.7,373.9
연수구 - 총재활용량＜br＞(A),Statistics,62.5,85.7,89.5,102.4,117.1,75.5,110.5,99.1,86.4,125.8,94.3,98.4,86.2,70.5,79.8,129.5,135.1,161.7,168.4,170.5,267.1,273.4,266.1
연제구 - 생활계폐기물 재활용률＜br＞(A÷B×100),Statistics,57.3,59.0,57.3,59.4,69.3,67.1,68.2,69.8,71.6,71.3,72.3,72.1,72.3,90.0,89.2,79.6,75.8,89.7,85.3,86.9,73.7,81.8,83.9
연제구 - 생활계폐기물 총발생량＜br＞(B),Statistics,224.2,214.1,205.6,193.3,201.4,194.2,191.0,184.6,183.2,178.9,177.2,174.8,175.2,186.3,186.9,185.5,185.2,186.7,187.8,208.1,149.3,194.9,192.2
연제구 - 총재활용량＜br＞(A),Statistics,128.5,126.4,117.9,114.8,139.6,130.3,130.2,128.9,131.1,127.5,128.2,126.1,126.6,167.6,166.7,147.7,140.4,167.5,160.2,180.9,110.0,159.5,161.3
연천군 - 생활계폐기물 재활용률＜br＞(A÷B×100),Statistics,57.0,63.2,61.7,64.2,61.0,61.5,60.6,51.6,56.9,54.8,54.1,52.6,47.5,54.0,37.3,19.1,26.3,30.4,73.5,55.0,52.4,56.1,42.6
연천군 - 생활계폐기물 총발생량＜br＞(B),Statistics,45.3,53.5,53.3,52.5,57.4,51.7,54.1,55.0,58.3,59.3,56.2,54.0,61.2,43.5,43.4,52.9,36.9,58.8,71.8,100.4,73.6,68.4,62.4
연천군 - 총재활용량＜br＞(A),Statistics,25.8,33.8,32.9,33.7,35.0,31.8,32.8,28.4,33.2,32.5,30.4,28.4,29.1,23.5,16.2,10.1,9.7,17.9,52.8,55.2,38.6,38.4,26.6
영광군 - 생활계폐기물 재활용률＜br＞(A÷B×100),Statistics,37.1,39.6,40.0,37.2,39.2,42.6,45.1,32.8,35.9,32.9,33.6,35.8,37.4,14.1,6.4,9.9,10.1,61.7,11.0,29.9,31.1,34.5,39.1
영광군 - 생활계폐기물 총발생량＜br＞(B),Statistics,52.5,48.5,46.7,47.1,44.6,43.9,50.8,44.5,49.3,48.9,48.5,48.0,49.2,38.2,39.1,38.3,36.6,110.7,37.3,49.5,56.9,69.8,54.0
영광군 - 총재활용량＜br＞(A),Statistics,19.5,19.2,18.7,17.5,17.5,18.7,22.9,14.6,17.7,16.1,16.3,17.2,18.4,5.4,2.5,3.8,3.7,68.3,4.1,14.8,17.7,24.1,21.1
영덕군 - 생활계폐기물 재활용률＜br＞(A÷B×100),Statistics,44.7,45.9,43.4,46.5,38.5,34.0,32.5,29.2,30.6,26.9,13.1,28.7,19.6,26.8,24.9,38.6,50.5,30.5,39.8,26.9,27.3,13.2,17.0
영덕군 - 생활계폐기물 총발생량＜br＞(B),Statistics,35.1,35.5,33.9,40.0,46.0,30.3,31.1,30.5,52.7,38.3,42.6,55.1,50.0,51.9,51.9,58.5,66.4,52.2,74.3,73.7,70.0,66.9,70.0
영덕군 - 총재활용량＜br＞(A),Statistics,15.7,16.3,14.7,18.6,17.7,10.3,10.1,8.9,16.1,10.3,5.6,15.8,9.8,13.9,12.9,22.6,33.5,15.9,29.6,19.8,19.1,8.8,11.9
영도구 - 생활계폐기물 재활용률＜br＞(A÷B×100),Statistics,58.5,58.8,63.1,68.1,72.4,72.0,73.7,75.0,74.7,74.2,75.2,76.1,75.1,78.4,75.9,77.1,77.6,90.4,84.8,84.7,71.4,76.4,83.1
영도구 - 생활계폐기물 총발생량＜br＞(B),Statistics,184.7,179.4,167.3,160.9,150.1,149.5,146.1,139.3,132.2,128.0,123.2,120.1,117.8,129.0,124.6,126.3,120.5,121.1,118.5,134.3,84.4,92.7,91.2
영도구 - 총재활용량＜br＞(A),Statistics,108.0,105.5,105.5,109.5,108.6,107.6,107.7,104.5,98.8,95.0,92.7,91.4,88.5,101.1,94.6,97.4,93.5,109.5,100.5,113.8,60.3,70.8,75.8
영동군 - 생활계폐기물 재활용률＜br＞(A÷B×100),Statistics,41.2,20.5,44.9,38.7,43.5,50.2,50.0,53.8,58.9,46.0,47.3,42.7,38.4,42.1,42.0,42.2,40.7,35.0,36.0,46.1,20.3,26.4,26.4
영동군 - 생활계폐기물 총발생량＜br＞(B),Statistics,34.2,73.0,28.3,28.4,32.2,32.5,33.8,34.4,38.4,37.2,37.6,35.1,38.3,46.8,47.9,46.2,45.4,39.4,43.0,68.4,39.4,38.6,40.9
영동군 - 총재활용량＜br＞(A),Statistics,14.1,15.0,12.7,11.0,14.0,16.3,16.9,18.5,22.6,17.1,17.8,15.0,14.7,19.7,20.1,19.5,18.5,13.8,15.5,31.5,8.0,10.2,10.8
영등포구 - 생활계폐기물 재활용률＜br＞(A÷B×100),Statistics,36.1,37.6,39.7,48.2,61.6,65.5,64.2,68.6,75.8,78.0,62.1,61.1,53.5,55.1,63.9,70.7,67.6,64.6,63.8,66.1,69.5,67.7,69.0
영등포구 - 생활계폐기물 총발생량＜br＞(B),Statistics,628.0,670.3,686.4,658.2,559.5,540.4,561.9,599.8,537.0,541.1,366.0,403.2,305.8,356.1,389.9,406.8,340.7,335.3,417.3,449.4,441.7,458.4,456.7
영등포구 - 총재활용량＜br＞(A),Statistics,226.4,252.3,272.8,317.3,344.7,354.2,360.5,411.5,407.1,422.1,227.3,246.5,163.7,196.2,249.0,287.7,230.2,216.6,266.4,297.2,307.1,310.3,315.0
영암군 - 생활계폐기물 재활용률＜br＞(A÷B×100),Statistics,48.7,54.3,52.3,59.5,55.4,53.9,65.0,74.3,71.2,32.7,37.4,56.1,81.1,76.3,71.7,70.5,70.3,56.6,39.0,38.5,44.6,39.3,41.2
영암군 - 생활계폐기물 총발생량＜br＞(B),Statistics,53.4,53.4,53.5,57.5,44.4,45.3,52.9,49.9,42.4,39.7,35.0,48.7,111.5,118.9,113.4,99.0,101.0,73.2,49.5,98.0,77.6,71.8,66.2
영암군 - 총재활용량＜br＞(A),Statistics,26.0,29.0,28.0,34.2,24.6,24.4,34.4,37.1,30.2,13.0,13.1,27.3,90.4,90.7,81.3,69.8,71.0,41.4,19.3,37.7,34.6,28.2,27.3
영양군 - 생활계폐기물 재활용률＜br＞(A÷B×100),Statistics,62.0,63.4,52.9,38.1,39.1,39.8,37.6,37.3,28.2,24.5,24.1,27.0,19.1,21.8,20.7,20.9,16.9,17.9,13.0,29.1,49.1,50.8,49.1
영양군 - 생활계폐기물 총발생량＜br＞(B),Statistics,15.0,16.1,13.6,13.4,13.3,12.8,11.7,11.8,14.9,14.3,14.1,12.6,13.1,13.3,13.5,14.8,14.8,15.1,20.0,26.1,34.8,23.6,27.3
영양군 - 총재활용량＜br＞(A),Statistics,9.3,10.2,7.2,5.1,5.2,5.1,4.4,4.4,4.2,3.5,3.4,3.4,2.5,2.9,2.8,3.1,2.5,2.7,2.6,7.6,17.1,12.0,13.4
영월군 - 생활계폐기물 재활용률＜br＞(A÷B×100),Statistics,31.8,28.2,27.6,25.1,31.3,29.5,29.5,33.9,39.7,45.1,43.2,45.0,61.0,56.5,51.4,48.5,49.2,48.0,40.8,53.1,77.5,44.5,28.1
영월군 - 생활계폐기물 총발생량＜br＞(B),Statistics,40.3,42.2,41.6,42.7,40.6,40.4,40.3,38.7,40.1,40.6,41.4,40.0,43.9,35.2,32.3,32.6,30.9,34.6,31.4,46.5,135.8,40.2,66.8
영월군 - 총재활용량＜br＞(A),Statistics,12.8,11.9,11.5,10.7,12.7,11.9,11.9,13.1,15.9,18.3,17.9,18.0,26.8,19.9,16.6,15.8,15.2,16.6,12.8,24.7,105.3,17.9,18.8
영주시 - 생활계폐기물 재활용률＜br＞(A÷B×100),Statistics,18.8,23.2,23.4,25.1,44.9,52.9,64.1,58.7,46.6,44.3,45.6,47.6,45.7,46.4,47.4,40.2,33.6,30.4,39.0,43.1,34.9,41.8,64.9
영주시 - 생활계폐기물 총발생량＜br＞(B),Statistics,98.9,97.5,100.8,96.6,101.6,188.4,185.8,180.0,171.9,170.2,169.0,181.8,172.4,175.7,162.1,195.5,174.3,177.0,219.0,162.1,141.1,133.0,134.8
영주시 - 총재활용량＜br＞(A),Statistics,18.6,22.6,23.6,24.2,45.6,99.6,119.1,105.7,80.1,75.4,77.1,86.6,78.8,81.6,76.8,78.5,58.5,53.8,85.5,69.9,49.3,55.6,87.5
영천시 - 생활계폐기물 재활용률＜br＞(A÷B×100),Statistics,22.3,32.7,29.9,74.0,82.1,51.3,59.3,48.7,47.0,34.3,45.0,36.6,38.2,35.4,39.5,62.3,53.6,50.7,35.9,27.1,48.6,37.0,28.9
영천시 - 생활계폐기물 총발생량＜br＞(B),Statistics,78.1,76.1,76.0,68.2,68.6,55.2,62.1,62.2,60.4,88.4,65.4,59.9,61.2,66.4,81.0,129.0,128.8,115.1,148.3,155.6,247.2,191.7,172.5
영천시 - 총재활용량＜br＞(A),Statistics,17.4,24.9,22.7,50.5,56.3,28.3,36.8,30.3,28.4,30.3,29.4,21.9,23.4,23.5,32.0,80.4,69.0,58.4,53.3,42.2,120.1,70.9,49.8
예산군 - 생활계폐기물 재활용률＜br＞(A÷B×100),Statistics,42.4,49.3,48.5,49.4,53.5,47.5,26.5,24.7,40.8,47.6,53.0,40.3,21.9,36.5,40.1,47.2,42.2,48.1,48.8,45.4,37.8,48.1,88.5
예산군 - 생활계폐기물 총발생량＜br＞(B),Statistics,84.5,81.8,80.6,77.5,75.0,73.4,51.4,68.7,77.9,69.7,68.3,63.8,48.3,52.1,55.9,72.0,81.0,83.1,84.2,78.8,94.4,102.4,89.2
예산군 - 총재활용량＜br＞(A),Statistics,35.8,40.3,39.1,38.3,40.1,34.9,13.6,17.0,31.8,33.2,36.2,25.7,10.6,19.0,22.4,34.0,34.2,40.0,41.1,35.8,35.7,49.3,78.9
예천군 - 생활계폐기물 재활용률＜br＞(A÷B×100),Statistics,29.1,40.6,35.1,23.0,48.5,54.1,63.9,19.5,35.1,36.4,29.4,25.6,71.3,44.8,38.6,40.5,63.2,61.7,49.7,50.5,55.0,54.2,48.8
예천군 - 생활계폐기물 총발생량＜br＞(B),Statistics,33.3,34.5,36.8,37.0,40.2,39.0,56.0,40.1,51.6,46.1,30.9,28.1,90.4,47.8,33.2,34.8,46.2,53.5,34.2,39.0,48.0,48.7,57.0
예천군 - 총재활용량＜br＞(A),Statistics,9.7,14.0,12.9,8.5,19.5,21.1,35.8,7.8,18.1,16.8,9.1,7.2,64.5,21.4,12.8,14.1,29.2,33.0,17.0,19.7,26.4,26.4,27.8
오산시 - 생활계폐기물 재활용률＜br＞(A÷B×100),Statistics,45.4,53.9,52.4,55.1,61.3,25.9,58.1,58.6,60.9,59.3,64.9,65.1,69.9,65.2,62.0,60.9,56.9,58.9,57.0,50.7,54.7,67.3,72.2
오산시 - 생활계폐기물 총발생량＜br＞(B),Statistics,108.0,100.4,112.7,112.7,108.7,213.3,136.8,136.4,138.3,145.0,168.3,158.0,170.4,200.4,186.9,179.8,202.6,178.5,228.2,279.7,272.8,248.0,257.6
오산시 - 총재활용량＜br＞(A),Statistics,49.0,54.1,59.1,62.1,66.6,55.3,79.5,79.9,84.2,86.0,109.3,102.9,119.1,130.6,115.8,109.5,115.3,105.1,130.1,141.7,149.1,166.8,186.0
옥천군 - 생활계폐기물 재활용률＜br＞(A÷B×100),Statistics,33.2,25.0,28.1,27.8,27.8,28.4,22.7,35.4,41.4,30.6,43.2,39.3,28.9,33.1,9.8,37.3,41.7,43.3,47.4,60.1,40.5,32.4,30.3
옥천군 - 생활계폐기물 총발생량＜br＞(B),Statistics,43.1,40.8,36.7,39.2,38.8,35.9,39.2,44.6,43.0,46.8,46.5,46.8,43.9,44.4,43.7,60.9,65.5,69.5,56.1,104.3,64.9,63.0,112.2
옥천군 - 총재활용량＜br＞(A),Statistics,14.3,10.2,10.3,10.9,10.8,10.2,8.9,15.8,17.8,14.3,20.1,18.4,12.7,14.7,4.3,22.7,27.3,30.1,26.6,62.7,26.3,20.4,34.0
옹진군 - 생활계폐기물 재활용률＜br＞(A÷B×100),Statistics,32.7,41.3,34.6,27.8,32.9,35.8,51.0,27.0,66.1,63.5,63.3,60.6,49.6,51.6,56.1,52.0,50.3,57.6,60.7,57.1,45.2,47.8,28.5
옹진군 - 생활계폐기물 총발생량＜br＞(B),Statistics,11.3,12.6,20.5,19.4,8.5,10.6,29.0,18.9,22.7,19.7,23.7,22.6,13.7,12.6,15.5,17.9,17.9,18.4,20.1,18.9,30.3,34.1,44.5
옹진군 - 총재활용량＜br＞(A),Statistics,3.7,5.2,7.1,5.4,2.8,3.8,14.8,5.1,15.0,12.5,15.0,13.7,6.8,6.5,8.7,9.3,9.0,10.6,12.2,10.8,13.7,16.3,12.7
완도군 - 생활계폐기물 재활용률＜br＞(A÷B×100),Statistics,18.6,24.4,17.6,10.7,10.2,12.2,7.7,17.3,23.3,36.2,29.3,36.0,26.0,34.3,20.2,23.3,23.2,22.8,25.1,55.5,33.3,28.3,22.0
완도군 - 생활계폐기물 총발생량＜br＞(B),Statistics,49.9,47.6,47.1,41.1,41.0,37.7,44.0,56.8,47.6,53.8,61.4,65.3,52.4,62.6,52.0,43.0,43.1,43.9,37.8,81.4,46.8,42.0,49.0
완도군 - 총재활용량＜br＞(A),Statistics,9.3,11.6,8.3,4.4,4.2,4.6,3.4,9.8,11.1,19.5,18.0,23.5,13.6,21.5,10.5,10.0,10.0,10.0,9.5,45.2,15.6,11.9,10.8
완주군 - 생활계폐기물 재활용률＜br＞(A÷B×100),Statistics,24.0,25.3,28.7,46.2,61.7,28.9,46.0,60.0,61.0,61.9,81.8,61.3,66.9,68.7,74.0,79.1,73.6,65.9,77.7,64.0,63.0,69.7,61.5
완주군 - 생활계폐기물 총발생량＜br＞(B),Statistics,57.6,60.5,58.8,43.9,36.3,38.4,40.4,44.8,44.4,46.7,157.1,46.2,48.0,52.0,65.1,101.3,102.2,84.5,144.5,106.1,106.1,133.1,133.4
완주군 - 총재활용량＜br＞(A),Statistics,13.8,15.3,16.9,20.3,22.4,11.1,18.6,26.9,27.1,28.9,128.5,28.3,32.1,35.7,48.2,80.1,75.2,55.7,112.3,67.9,66.8,92.8,82.0
용산구 - 생활계폐기물 재활용률＜br＞(A÷B×100),Statistics,38.0,39.3,39.2,40.4,57.8,53.0,51.7,52.4,66.5,88.8,49.1,53.8,50.4,64.9,64.9,63.7,63.3,66.9,65.1,65.5,63.8,82.5,82.4
용산구 - 생활계폐기물 총발생량＜br＞(B),Statistics,351.0,350.8,346.2,343.1,300.8,326.2,286.1,284.4,326.7,203.7,214.2,227.9,193.2,273.0,255.1,262.1,262.7,288.4,305.2,301.2,293.6,592.8,571.9
용산구 - 총재활용량＜br＞(A),Statistics,133.3,137.7,135.6,138.5,173.8,172.8,148.0,148.9,217.1,180.8,105.1,122.5,97.3,177.3,165.5,166.9,166.2,193.0,198.6,197.2,187.2,489.0,471.2
용인시 - 생활계폐기물 재활용률＜br＞(A÷B×100),Statistics,38.0,41.3,47.8,51.7,61.3,62.7,52.5,51.6,52.2,49.9,42.6,41.0,46.0,57.1,59.6,56.9,64.1,71.3,72.4,68.1,61.6,64.1,60.7
용인시 - 생활계폐기물 총발생량＜br＞(B),Statistics,385.7,456.5,508.6,503.3,586.3,498.5,712.9,760.7,778.1,787.4,772.3,779.1,787.8,825.0,977.3,1062.0,874.3,1088.2,1526.9,1391.2,1070.4,1081.9,954.8
용인시 - 총재활용량＜br＞(A),Statistics,146.4,188.6,243.0,260.4,359.3,312.4,374.6,392.7,406.2,392.9,329.1,319.7,362.0,470.8,582.6,604.4,560.4,775.8,1105.8,947.9,659.6,693.2,579.9
울릉군 - 생활계폐기물 재활용률＜br＞(A÷B×100),Statistics,33.3,33.3,34.6,18.4,6.8,6.2,31.2,26.8,26.2,21.2,13.5,10.6,13.1,5.0,4.9,6.3,25.0,34.9,29.2,28.9,36.3,34.5,37.6
울릉군 - 생활계폐기물 총발생량＜br＞(B),Statistics,12.0,12.0,13.0,12.5,11.7,12.9,15.7,15.3,14.9,15.1,15.5,19.8,13.0,12.0,12.3,14.4,15.6,17.2,15.4,15.2,14.6,17.7,18.1
울릉군 - 총재활용량＜br＞(A),Statistics,4.0,4.0,4.5,2.3,0.8,0.8,4.9,4.1,3.9,3.2,2.1,2.1,1.7,0.6,0.6,0.9,3.9,6.0,4.5,4.4,5.3,6.1,6.8
울산광역시 - 생활계폐기물 재활용률＜br＞(A÷B×100),Statistics,38.6,40.7,42.0,43.8,45.9,58.4,59.3,62.5,63.0,67.3,61.8,59.7,62.0,54.2,54.2,52.7,54.5,52.4,48.5,51.0,48.2,55.4,51.1
울산광역시 - 생활계폐기물 총발생량＜br＞(B),Statistics,1408.1,1381.8,1330.4,1109.1,1071.5,1076.4,1097.9,1111.8,1114.1,1091.0,1191.3,1280.4,1234.2,1449.3,1551.5,1591.4,1509.8,1550.2,1622.3,1387.0,1193.3,1411.1,1184.8
울산광역시 - 총재활용량＜br＞(A),Statistics,543.3,562.0,558.7,485.8,491.8,628.1,651.1,694.8,701.8,733.8,736.5,764.1,765.1,785.2,841.6,839.3,823.1,812.8,786.3,707.6,575.7,781.8,606.0
울주군 - 생활계폐기물 재활용률＜br＞(A÷B×100),Statistics,34.7,38.4,36.2,43.7,45.9,58.1,61.6,62.5,63.0,63.3,59.1,64.8,70.2,55.3,53.9,55.3,55.3,54.2,40.8,51.0,47.8,47.7,55.0
울주군 - 생활계폐기물 총발생량＜br＞(B),Statistics,141.1,155.6,160.8,180.1,152.1,177.2,171.2,179.4,190.8,181.1,220.8,205.8,197.6,246.6,326.3,290.5,270.3,294.2,416.6,296.4,272.4,265.0,277.5
울주군 - 총재활용량＜br＞(A),Statistics,49.0,59.8,58.2,78.7,69.8,102.9,105.5,112.1,120.2,114.7,130.6,133.3,138.8,136.4,175.9,160.6,149.6,159.4,169.8,151.2,130.2,126.3,152.6
울진군 - 생활계폐기물 재활용률＜br＞(A÷B×100),Statistics,59.9,44.5,20.9,55.5,50.0,54.3,55.9,57.9,55.1,53.1,49.4,53.0,52.5,55.9,52.6,40.6,37.4,39.4,56.5,51.2,51.2,50.6,27.9
울진군 - 생활계폐기물 총발생량＜br＞(B),Statistics,44.9,45.6,49.7,58.6,57.8,55.2,53.8,53.7,57.7,53.5,55.7,54.7,53.7,46.5,56.1,59.6,63.6,66.0,91.7,93.1,85.5,93.6,119.4
울진군 - 총재활용량＜br＞(A),Statistics,26.9,20.3,10.4,32.5,28.9,30.0,30.1,31.1,31.8,28.4,27.5,29.0,28.2,26.0,29.5,24.2,23.8,26.0,51.8,47.7,43.8,47.4,33.3
원주시 - 생활계폐기물 재활용률＜br＞(A÷B×100),Statistics,33.9,28.4,32.7,32.6,39.9,41.9,77.2,60.9,64.8,67.5,69.7,67.1,63.9,71.4,74.6,88.5,93.4,89.0,85.1,78.8,74.8,78.8,79.5
원주시 - 생활계폐기물 총발생량＜br＞(B),Statistics,300.2,399.6,359.9,342.8,379.6,384.9,346.3,386.4,355.6,335.2,346.0,323.2,310.7,243.7,243.3,268.2,453.8,434.4,441.6,465.5,432.4,419.9,354.6
원주시 - 총재활용량＜br＞(A),Statistics,101.9,113.6,117.6,111.6,151.5,161.2,267.5,235.4,230.6,226.4,241.0,216.8,198.6,174.0,181.4,237.3,423.7,386.8,375.9,366.9,323.4,330.8,281.9
유성구 - 생활계폐기물 재활용률＜br＞(A÷B×100),Statistics,17.4,35.2,37.0,43.0,59.9,49.2,57.0,63.6,67.4,66.1,64.7,69.6,66.4,67.4,70.4,64.9,64.3,81.0,69.3,68.9,63.7,69.2,66.6
유성구 - 생활계폐기물 총발생량＜br＞(B),Statistics,410.9,260.8,269.1,232.1,256.4,247.3,252.7,257.0,252.5,274.6,271.7,282.7,284.9,295.8,325.9,350.8,353.6,323.7,342.8,373.6,429.5,399.8,410.3
유성구 - 총재활용량＜br＞(A),Statistics,71.7,91.8,99.7,99.9,153.6,121.6,144.1,163.5,170.2,181.5,175.8,196.9,189.2,199.3,229.3,227.6,227.3,262.2,237.7,257.3,273.6,276.5,273.2
은평구 - 생활계폐기물 재활용률＜br＞(A÷B×100),Statistics,44.3,44.2,40.2,40.8,56.9,54.1,50.0,48.6,62.5,49.3,50.4,52.1,52.2,52.7,70.2,52.4,57.4,58.5,60.9,58.6,60.4,56.3,59.8
은평구 - 생활계폐기물 총발생량＜br＞(B),Statistics,386.9,404.6,382.7,347.8,331.3,318.9,295.3,286.4,344.4,264.6,270.3,261.1,294.9,300.3,227.5,283.4,319.6,333.3,369.0,380.4,378.9,352.8,339.1
은평구 - 총재활용량＜br＞(A),Statistics,171.5,178.7,153.9,141.9,188.6,172.6,147.7,139.2,215.1,130.4,136.2,136.0,153.9,158.2,159.8,148.6,183.3,195.0,224.9,223.0,228.9,198.5,202.8
음성군 - 생활계폐기물 재활용률＜br＞(A÷B×100),Statistics,36.5,41.4,53.2,60.1,60.3,64.8,63.3,54.6,45.8,53.3,53.8,64.6,41.7,43.7,39.8,38.0,24.9,54.0,39.3,46.6,65.5,60.9,61.7
음성군 - 생활계폐기물 총발생량＜br＞(B),Statistics,117.4,106.3,79.3,98.9,98.9,103.7,110.3,153.5,142.3,94.9,99.0,93.2,76.1,87.9,71.3,81.1,85.4,154.0,156.6,154.2,238.6,174.5,294.4
음성군 - 총재활용량＜br＞(A),Statistics,42.8,44.0,42.2,59.4,59.6,67.2,69.8,83.8,65.2,50.6,53.3,60.2,31.7,38.4,28.4,30.8,21.3,83.2,61.5,71.8,156.2,106.3,181.6
의령군 - 생활계폐기물 재활용률＜br＞(A÷B×100),Statistics,40.7,40.1,41.4,56.8,54.3,37.1,51.8,44.9,42.6,43.3,45.5,42.6,27.2,50.0,89.4,85.0,86.4,86.3,84.9,92.5,54.2,83.9,75.2
의령군 - 생활계폐기물 총발생량＜br＞(B),Statistics,26.8,27.9,28.5,29.6,31.5,22.9,31.1,25.6,27.7,21.5,20.9,20.9,23.5,31.6,25.5,28.6,28.0,29.3,27.2,53.4,43.7,26.7,25.4
의령군 - 총재활용량＜br＞(A),Statistics,10.9,11.2,11.8,16.8,17.1,8.5,16.1,11.5,11.8,9.3,9.5,8.9,6.4,15.8,22.8,24.3,24.2,25.3,23.1,49.4,23.7,22.4,19.1
의성군 - 생활계폐기물 재활용률＜br＞(A÷B×100),Statistics,31.2,40.5,38.5,37.7,37.2,43.6,46.4,39.3,43.6,31.2,67.6,37.3,31.8,31.3,27.3,44.0,41.0,56.9,45.0,60.2,41.3,41.8,51.7
의성군 - 생활계폐기물 총발생량＜br＞(B),Statistics,35.6,36.3,35.3,34.2,34.1,33.5,37.5,33.1,46.1,38.2,86.4,41.8,42.4,46.0,39.5,42.7,50.3,58.0,50.9,67.6,56.9,47.1,45.1
의성군 - 총재활용량＜br＞(A),Statistics,11.1,14.7,13.6,12.9,12.7,14.6,17.4,13.0,20.1,11.9,58.4,15.6,13.5,14.4,10.8,18.8,20.6,33.0,22.9,40.7,23.5,19.7,23.3
의왕시 - 생활계폐기물 재활용률＜br＞(A÷B×100),Statistics,49.5,58.0,43.5,44.8,52.3,46.7,52.1,55.2,63.2,59.3,66.9,61.0,62.0,66.4,67.3,67.2,71.5,51.1,33.7,63.0,68.0,76.8,79.3
의왕시 - 생활계폐기물 총발생량＜br＞(B),Statistics,111.5,116.3,127.3,125.2,122.1,112.3,123.2,120.6,142.3,122.0,102.9,107.5,128.3,144.2,136.0,144.4,150.4,112.7,89.9,144.7,156.6,177.8,183.7
의왕시 - 총재활용량＜br＞(A),Statistics,55.2,67.4,55.4,56.1,63.8,52.5,64.2,66.6,89.9,72.3,68.8,65.6,79.5,95.8,91.5,97.0,107.5,57.6,30.3,91.1,106.5,136.5,145.7
의정부시 - 생활계폐기물 재활용률＜br＞(A÷B×100),Statistics,49.0,39.4,39.8,48.0,55.5,55.1,58.4,60.8,59.8,58.5,42.8,61.6,65.4,69.3,68.4,67.0,68.1,66.0,53.8,54.2,59.3,61.9,58.8
의정부시 - 생활계폐기물 총발생량＜br＞(B),Statistics,331.0,337.0,349.7,359.0,360.8,347.7,394.2,428.2,462.3,455.1,579.0,415.8,370.3,376.9,387.8,378.9,425.8,460.0,392.9,434.1,441.2,440.6,419.0
의정부시 - 총재활용량＜br＞(A),Statistics,162.3,132.7,139.1,172.4,200.4,191.6,230.3,260.4,276.3,266.4,247.8,256.1,242.1,261.3,265.3,253.8,289.9,303.4,211.2,235.2,261.7,272.7,246.5
이천시 - 생활계폐기물 재활용률＜br＞(A÷B×100),Statistics,32.9,43.3,42.2,43.2,50.5,48.9,59.6,63.7,68.8,68.9,76.1,74.9,43.6,55.0,57.3,72.7,72.3,68.7,76.4,70.1,75.1,77.4,77.5
이천시 - 생활계폐기물 총발생량＜br＞(B),Statistics,158.1,161.9,166.0,169.8,167.7,188.2,172.1,188.3,180.5,203.2,248.7,276.9,221.8,206.6,291.8,322.3,282.2,264.5,434.9,352.2,348.1,382.4,323.8
이천시 - 총재활용량＜br＞(A),Statistics,52.0,70.1,70.0,73.3,84.7,92.0,102.5,119.9,124.1,140.1,189.2,207.3,96.7,113.6,167.1,234.2,204.0,181.7,332.3,246.9,261.5,296.0,250.9
익산시 - 생활계폐기물 재활용률＜br＞(A÷B×100),Statistics,31.9,29.5,26.0,35.6,40.7,59.6,57.9,59.8,65.6,64.9,72.7,58.7,55.1,64.3,50.3,50.5,51.9,57.8,47.8,46.7,52.2,72.0,49.3
익산시 - 생활계폐기물 총발생량＜br＞(B),Statistics,257.6,304.2,327.2,313.1,288.7,329.2,311.4,299.9,293.3,257.2,316.4,383.1,201.0,221.3,260.3,265.3,253.5,241.3,239.1,287.1,565.2,551.3,339.2
익산시 - 총재활용량＜br＞(A),Statistics,82.1,89.7,85.0,111.4,117.5,196.1,180.2,179.2,192.5,166.8,230.0,224.8,110.8,142.4,130.9,133.9,131.6,139.5,114.2,134.1,295.2,396.7,167.3
인제군 - 생활계폐기물 재활용률＜br＞(A÷B×100),Statistics,32.4,25.3,22.1,27.9,26.6,23.7,17.8,25.6,38.9,31.5,26.5,32.0,26.5,36.0,38.8,19.0,23.8,21.7,17.9,40.9,19.2,18.4,18.1
인제군 - 생활계폐기물 총발생량＜br＞(B),Statistics,39.2,38.4,41.6,41.9,48.1,77.9,89.8,83.7,64.6,59.1,66.0,70.3,60.8,55.5,76.3,83.9,100.5,95.1,78.9,50.1,71.7,82.5,83.1
인제군 - 총재활용량＜br＞(A),Statistics,12.7,9.7,9.2,11.7,12.8,18.5,16.0,21.4,25.1,18.6,17.5,22.5,16.1,20.0,29.6,15.9,23.9,20.6,14.1,20.5,13.8,15.2,15.0
인천광역시 - 생활계폐기물 재활용률＜br＞(A÷B×100),Statistics,42.9,41.2,40.9,50.1,50.5,51.3,53.7,61.1,61.4,64.5,64.4,62.0,65.7,55.3,55.0,56.0,58.6,59.8,53.4,64.1,54.6,54.5,52.7
인천광역시 - 생활계폐기물 총발생량＜br＞(B),Statistics,2145.8,2312.9,2444.6,2314.0,2213.0,1912.5,2269.4,3618.2,2396.4,2317.4,2177.6,2070.7,2412.7,1746.0,1897.5,2389.5,2280.1,2775.4,2999.0,3169.7,3883.5,4189.2,4170.4
인천광역시 - 총재활용량＜br＞(A),Statistics,921.6,952.7,999.2,1159.9,1117.7,980.5,1219.2,2209.0,1470.9,1494.9,1402.1,1282.9,1585.4,965.2,1043.6,1339.3,1336.4,1659.6,1600.0,2031.4,2121.6,2282.1,2198.5
임실군 - 생활계폐기물 재활용률＜br＞(A÷B×100),Statistics,57.4,45.9,50.2,53.0,55.4,54.5,60.4,54.7,59.5,37.1,28.0,23.8,31.0,35.8,39.6,51.0,69.3,60.2,55.4,47.9,62.6,65.8,77.4
임실군 - 생활계폐기물 총발생량＜br＞(B),Statistics,16.2,20.9,21.7,23.0,23.1,19.1,23.5,20.1,20.5,20.5,16.4,14.7,12.6,14.8,15.4,15.1,12.7,10.3,13.0,16.5,23.0,27.2,37.1
임실군 - 총재활용량＜br＞(A),Statistics,9.3,9.6,10.9,12.2,12.8,10.4,14.2,11.0,12.2,7.6,4.6,3.5,3.9,5.3,6.1,7.7,8.8,6.2,7.2,7.9,14.4,17.9,28.7
장성군 - 생활계폐기물 재활용률＜br＞(A÷B×100),Statistics,69.0,59.6,55.8,65.6,67.5,62.8,11.9,19.8,15.3,24.5,10.2,17.6,16.7,10.6,19.4,43.0,45.6,49.2,53.7,47.4,61.3,59.7,50.9
장성군 - 생활계폐기물 총발생량＜br＞(B),Statistics,40.3,37.9,35.1,41.9,45.9,46.8,20.2,25.3,23.6,23.7,19.6,25.0,23.9,21.8,30.9,43.7,36.2,43.5,48.6,66.0,66.6,59.1,53.4
장성군 - 총재활용량＜br＞(A),Statistics,27.8,22.6,19.6,27.5,31.0,29.4,2.4,5.0,3.6,5.8,2.0,4.4,4.0,2.3,6.0,18.8,16.5,21.4,26.1,31.3,40.8,35.3,27.2
장수군 - 생활계폐기물 재활용률＜br＞(A÷B×100),Statistics,33.2,44.3,26.6,26.6,27.1,26.7,33.5,27.6,29.0,48.6,24.2,22.1,27.4,30.8,33.9,14.2,34.2,10.8,8.9,10.3,20.0,22.2,24.6
장수군 - 생활계폐기물 총발생량＜br＞(B),Statistics,21.4,17.4,15.4,15.4,15.5,15.0,16.7,19.2,18.6,25.5,19.8,19.0,19.7,25.0,23.6,21.8,24.3,28.6,22.5,29.1,38.5,32.9,34.1
장수군 - 총재활용량＜br＞(A),Statistics,7.1,7.7,4.1,4.1,4.2,4.0,5.6,5.3,5.4,12.4,4.8,4.2,5.4,7.7,8.0,3.1,8.3,3.1,2.0,3.0,7.7,7.3,8.4
장흥군 - 생활계폐기물 재활용률＜br＞(A÷B×100),Statistics,24.2,26.3,28.5,18.1,28.7,33.8,57.5,71.1,57.9,47.7,49.4,40.1,44.7,44.8,38.9,43.9,39.3,29.5,28.4,57.6,46.3,31.8,34.8
장흥군 - 생활계폐기물 총발생량＜br＞(B),Statistics,38.0,38.0,32.6,28.8,27.5,26.3,72.3,41.9,41.3,39.2,39.7,30.9,32.9,32.8,31.6,35.3,33.1,24.4,26.4,45.0,50.1,44.6,31.9
장흥군 - 총재활용량＜br＞(A),Statistics,9.2,10.0,9.3,5.2,7.9,8.9,41.6,29.8,23.9,18.7,19.6,12.4,14.7,14.7,12.3,15.5,13.0,7.2,7.5,25.9,23.2,14.2,11.1
전국 - 생활계폐기물 재활용률＜br＞(A÷B×100),Statistics,43.1,44.0,45.2,49.2,56.3,56.6,57.8,59.8,61.1,60.5,59.1,59.1,59.1,59.0,59.2,60.0,61.6,62.0,59.7,59.5,56.7,59.8,59.0
전국 - 생활계폐기물 총발생량＜br＞(B),Statistics,48498.6,49901.6,50736.8,50007.3,48398.3,48843.8,50346.3,52072.3,50906.2,49159.0,48934.4,48989.8,48728.2,49914.8,51246.8,53771.9,53489.5,56035.4,57961.4,61597.4,62178.2,63119.3,61404.7
전국 - 총재활용량＜br＞(A),Statistics,20922.1,21948.3,22938.4,24587.9,27243.4,27621.6,29078.3,31138.3,31126.6,29752.9,28938.9,28951.0,28783.9,29454.2,30352.2,32252.9,32931.4,34747.1,34613.3,36663.0,35247.4,37770.6,36233.6
전라남도 - 생활계폐기물 재활용률＜br＞(A÷B×100),Statistics,30.2,32.3,33.5,44.5,43.9,42.6,45.5,43.1,40.2,36.4,38.9,46.4,48.8,43.8,46.7,50.8,48.1,48.2,44.7,49.1,52.8,53.3,53.4
전라남도 - 생활계폐기물 총발생량＜br＞(B),Statistics,1910.5,1979.6,2194.0,2235.4,1879.6,1770.1,1930.4,2036.9,1899.6,1810.5,1828.8,2181.3,2046.6,2009.7,1948.6,1966.8,1983.0,2066.8,2097.8,2599.9,2485.6,2434.9,2461.5
전라남도 - 총재활용량＜br＞(A),Statistics,576.4,638.5,735.2,993.9,824.8,753.5,879.0,878.2,763.2,658.2,710.6,1012.0,998.9,881.2,909.8,999.6,954.5,996.6,936.8,1275.5,1311.4,1297.1,1315.5
전북특별자치도 - 생활계폐기물 재활용률＜br＞(A÷B×100),Statistics,38.9,40.1,38.5,43.3,55.7,59.0,59.3,63.5,63.7,64.4,64.5,56.4,57.3,57.0,58.4,60.0,60.7,60.9,56.4,53.4,56.5,59.3,54.0
전북특별자치도 - 생활계폐기물 총발생량＜br＞(B),Statistics,1667.5,1626.6,1754.2,1735.5,1625.4,1734.9,1731.7,1685.6,1644.9,1592.6,1830.6,1796.4,1656.3,1705.0,1831.2,1847.5,1916.2,2109.4,2050.6,2227.3,2353.1,2310.9,2066.5
전북특별자치도 - 총재활용량＜br＞(A),Statistics,647.9,652.8,675.4,752.1,905.3,1023.9,1027.5,1071.0,1047.0,1025.4,1180.2,1013.9,948.8,971.8,1069.8,1108.8,1162.8,1284.7,1157.5,1190.0,1328.7,1370.6,1116.8
전주시 - 생활계폐기물 재활용률＜br＞(A÷B×100),Statistics,39.4,47.6,49.2,51.0,66.4,66.2,66.8,75.9,75.1,77.5,74.9,73.7,73.4,67.6,73.1,72.2,68.4,68.9,55.6,65.0,65.5,61.0,57.3
전주시 - 생활계폐기물 총발생량＜br＞(B),Statistics,571.6,595.4,598.9,599.0,573.5,608.0,662.4,656.7,621.4,594.8,616.3,635.3,699.9,699.4,796.6,729.0,753.9,859.3,642.8,620.7,650.3,687.3,655.5
전주시 - 총재활용량＜br＞(A),Statistics,225.1,283.2,294.6,305.5,380.8,402.2,442.3,498.6,466.4,461.2,461.9,468.0,514.0,472.7,582.1,526.1,515.3,592.1,357.6,403.3,425.9,419.2,375.6
정선군 - 생활계폐기물 재활용률＜br＞(A÷B×100),Statistics,59.0,40.9,42.7,45.6,51.0,43.4,48.7,48.5,66.0,45.3,46.6,41.2,52.9,53.7,60.4,66.5,48.6,36.4,68.3,46.9,52.5,61.1,52.9
정선군 - 생활계폐기물 총발생량＜br＞(B),Statistics,17.3,38.1,37.0,32.7,25.3,32.7,48.5,48.2,69.9,57.9,48.5,49.0,53.7,54.6,55.6,66.2,52.1,40.4,75.1,50.3,54.3,53.2,50.5
정선군 - 총재활용량＜br＞(A),Statistics,10.2,15.6,15.8,14.9,12.9,14.2,23.6,23.4,46.1,26.2,22.6,20.2,28.4,29.3,33.6,44.0,25.3,14.7,51.3,23.6,28.5,32.5,26.7
정읍시 - 생활계폐기물 재활용률＜br＞(A÷B×100),Statistics,50.5,50.4,44.9,45.0,57.5,50.0,49.1,51.5,47.8,48.1,46.7,47.7,48.4,44.8,41.6,44.9,42.7,40.4,42.2,48.1,47.0,20.5,44.3
정읍시 - 생활계폐기물 총발생량＜br＞(B),Statistics,103.0,94.4,104.2,96.0,87.5,89.8,81.0,77.6,78.3,77.0,76.3,79.8,83.5,87.3,83.9,87.5,89.2,90.3,86.4,123.6,111.8,109.4,110.9
정읍시 - 총재활용량＜br＞(A),Statistics,52.0,47.6,46.8,43.2,50.3,44.9,39.8,40.0,37.4,37.0,35.6,38.1,40.4,39.1,34.9,39.3,38.1,36.5,36.5,59.4,52.5,22.4,49.1
제주시 - 생활계폐기물 재활용률＜br＞(A÷B×100),Statistics,,,,,,57.8,58.0,60.6,59.7,57.7,56.7,55.5,53.8,54.8,55.0,50.9,56.7,57.8,59.6,63.3,65.1,64.7,64.1
제주시 - 생활계폐기물 총발생량＜br＞(B),Statistics,,,,,,447.0,456.2,454.1,470.8,471.4,557.4,561.2,605.9,657.5,819.3,881.9,881.3,923.2,860.3,947.6,948.0,1029.0,1037.8
제주시 - 총재활용량＜br＞(A),Statistics,,,,,,258.3,264.6,275.2,281.3,272.0,316.3,311.7,326.0,360.5,450.9,449.2,499.9,533.3,512.5,599.5,617.6,665.3,665.4
제주특별자치도 - 생활계폐기물 재활용률＜br＞(A÷B×100),Statistics,44.3,45.0,46.6,54.6,55.1,55.3,55.5,56.7,56.2,52.8,53.6,55.5,52.4,56.0,56.5,53.4,57.0,58.8,62.2,63.3,62.9,62.3,63.5
제주특별자치도 - 생활계폐기물 총발생량＜br＞(B),Statistics,617.3,647.7,628.3,630.0,643.6,579.8,594.9,602.7,621.9,638.8,764.7,861.9,984.2,976.2,1162.3,1305.3,1312.1,1313.9,1233.5,1320.4,1303.3,1391.0,1436.1
제주특별자치도 - 총재활용량＜br＞(A),Statistics,273.5,291.4,292.6,344.0,354.6,320.6,329.9,341.6,349.8,337.5,410.0,478.1,516.2,547.1,657.2,697.3,748.0,772.0,766.9,835.3,819.8,866.5,911.4
제천시 - 생활계폐기물 재활용률＜br＞(A÷B×100),Statistics,21.0,20.7,30.9,37.6,36.7,25.0,24.8,36.9,40.7,35.6,31.2,30.7,28.3,27.6,33.7,35.9,37.2,52.6,36.1,56.6,65.0,56.7,47.0
제천시 - 생활계폐기물 총발생량＜br＞(B),Statistics,135.4,130.7,179.9,153.1,148.4,156.3,184.7,128.6,136.5,148.9,137.7,121.1,127.9,122.8,123.0,114.0,120.3,149.5,135.3,188.2,254.3,202.6,187.3
제천시 - 총재활용량＜br＞(A),Statistics,28.5,27.1,55.5,57.5,54.5,39.0,45.8,47.4,55.6,53.0,43.0,37.2,36.2,33.9,41.5,40.9,44.8,78.7,48.9,106.6,165.4,114.8,88.1
종로구 - 생활계폐기물 재활용률＜br＞(A÷B×100),Statistics,33.9,39.3,45.9,54.2,70.2,61.3,64.3,63.2,63.0,65.6,63.5,69.6,62.7,62.2,61.8,56.0,60.7,64.7,64.6,58.1,54.1,59.4,56.1
종로구 - 생활계폐기물 총발생량＜br＞(B),Statistics,445.8,455.8,479.1,498.6,564.9,442.8,467.0,432.6,385.4,439.0,411.0,386.6,354.7,365.4,324.4,406.0,375.1,362.7,339.9,264.2,229.8,285.9,266.9
종로구 - 총재활용량＜br＞(A),Statistics,151.3,179.3,220.1,270.0,396.7,271.5,300.4,273.4,242.9,288.0,261.1,268.9,222.5,227.4,200.5,227.2,227.7,234.7,219.6,153.5,124.4,169.9,149.7
중구 - 생활계폐기물 재활용률＜br＞(A÷B×100),Statistics,48.1,44.0,47.5,47.1,55.6,55.6,55.3,65.2,59.6,54.5,56.5,59.7,64.6,62.9,63.0,62.5,50.5,56.2,54.2,55.4,46.1,56.1,59.4
중구 - 생활계폐기물 총발생량＜br＞(B),Statistics,587.1,550.1,546.7,512.5,485.4,499.3,501.8,621.3,487.4,529.2,562.9,553.4,507.9,504.5,500.3,499.2,446.0,429.7,413.7,357.5,298.1,325.4,363.0
중구 - 총재활용량＜br＞(A),Statistics,282.4,241.9,259.7,241.3,269.7,277.7,277.7,405.3,290.7,288.4,318.2,330.5,327.9,317.1,315.1,312.2,225.4,241.5,224.3,198.0,137.3,182.4,215.7
중랑구 - 생활계폐기물 재활용률＜br＞(A÷B×100),Statistics,37.6,40.9,41.8,51.2,64.6,54.1,47.2,57.9,72.6,57.7,51.9,56.0,55.9,70.9,73.4,73.1,72.9,71.9,67.5,67.1,61.0,60.7,59.1
중랑구 - 생활계폐기물 총발생량＜br＞(B),Statistics,334.6,339.9,340.2,319.5,342.8,339.6,359.3,292.0,393.5,214.9,213.1,222.5,227.4,369.4,392.1,387.9,361.3,391.9,330.5,337.6,288.3,286.0,265.3
중랑구 - 총재활용량＜br＞(A),Statistics,125.9,139.0,142.2,163.6,221.4,183.7,169.7,169.1,285.5,124.0,110.5,124.5,127.1,262.0,287.9,283.6,263.5,281.7,223.1,226.6,175.9,173.7,156.9
증평군 - 생활계폐기물 재활용률＜br＞(A÷B×100),Statistics,,,37.6,41.9,31.1,39.4,38.0,51.4,53.7,57.9,56.8,39.3,48.9,51.4,51.3,52.7,45.6,41.1,34.1,60.1,57.1,39.9,54.8
증평군 - 생활계폐기물 총발생량＜br＞(B),Statistics,,,22.9,25.3,22.2,21.8,26.3,31.9,35.6,39.0,38.0,28.0,35.6,38.9,42.3,40.6,39.0,38.9,56.9,54.1,55.2,45.9,55.8
증평군 - 총재활용량＜br＞(A),Statistics,,,8.6,10.6,6.9,8.6,10.0,16.4,19.1,22.6,21.6,11.0,17.4,20.0,21.7,21.4,17.8,16.0,19.4,32.5,31.5,18.3,30.6
진도군 - 생활계폐기물 재활용률＜br＞(A÷B×100),Statistics,11.1,17.7,22.6,30.5,29.9,33.1,28.0,47.8,50.5,51.2,48.5,59.1,62.2,53.4,39.6,27.8,32.6,43.9,37.1,58.9,56.5,52.1,84.9
진도군 - 생활계폐기물 총발생량＜br＞(B),Statistics,42.2,36.2,36.8,35.1,33.8,36.6,23.2,26.8,38.2,38.5,23.7,35.9,46.5,49.1,32.3,29.9,29.8,35.5,42.8,52.5,55.2,43.2,127.1
진도군 - 총재활용량＜br＞(A),Statistics,4.7,6.4,8.3,10.7,10.1,12.1,6.5,12.8,19.3,19.7,11.5,21.2,28.9,26.2,12.8,8.3,9.7,15.6,15.9,30.9,31.2,22.5,107.9
진안군 - 생활계폐기물 재활용률＜br＞(A÷B×100),Statistics,23.4,25.0,22.5,18.1,22.8,20.0,30.4,31.9,32.6,24.8,26.5,24.9,25.1,28.2,26.3,55.9,52.3,85.0,74.9,89.6,90.6,73.1,71.2
진안군 - 생활계폐기물 총발생량＜br＞(B),Statistics,17.5,16.0,19.1,23.2,19.7,14.5,28.0,27.6,27.3,22.6,20.4,20.5,20.3,21.3,20.5,14.5,13.2,10.7,20.3,83.5,81.5,27.9,27.8
진안군 - 총재활용량＜br＞(A),Statistics,4.1,4.0,4.3,4.2,4.5,2.9,8.5,8.8,8.9,5.6,5.4,5.1,5.1,6.0,5.4,8.1,6.9,9.1,15.2,74.8,73.8,20.4,19.8
진주시 - 생활계폐기물 재활용률＜br＞(A÷B×100),Statistics,46.2,42.4,43.7,47.2,54.6,50.4,52.2,52.3,54.2,56.0,57.1,57.0,58.1,60.0,61.0,60.9,61.8,62.7,59.4,58.8,58.1,46.4,56.4
진주시 - 생활계폐기물 총발생량＜br＞(B),Statistics,367.0,422.7,431.0,417.0,353.3,381.4,377.7,359.4,373.1,376.7,376.3,376.1,415.1,413.2,427.8,401.7,425.5,447.7,461.0,468.1,461.9,507.4,470.2
진주시 - 총재활용량＜br＞(A),Statistics,169.7,179.4,188.5,196.9,193.0,192.4,197.1,188.0,202.3,211.0,214.8,214.2,241.2,247.9,260.9,244.6,263.0,280.6,274.0,275.1,268.5,235.4,265.1
진천군 - 생활계폐기물 재활용률＜br＞(A÷B×100),Statistics,58.6,54.7,67.1,68.5,63.2,57.8,23.1,34.7,55.9,39.7,75.4,70.4,68.6,77.8,75.1,53.7,63.0,60.4,79.9,47.4,52.8,55.7,67.2
진천군 - 생활계폐기물 총발생량＜br＞(B),Statistics,56.0,51.9,73.2,70.9,71.0,63.8,44.6,55.1,82.4,63.9,106.3,88.9,89.3,62.1,72.6,79.2,107.8,114.7,91.0,132.7,125.1,139.8,177.2
진천군 - 총재활용량＜br＞(A),Statistics,32.8,28.4,49.1,48.6,44.9,36.9,10.3,19.1,46.1,25.4,80.1,62.6,61.3,48.3,54.5,42.5,67.9,69.3,72.7,62.9,66.1,77.8,119.0
창녕군 - 생활계폐기물 재활용률＜br＞(A÷B×100),Statistics,50.6,44.7,42.3,45.8,43.5,44.6,49.8,59.1,59.5,62.7,61.8,61.4,64.3,63.2,55.8,55.5,55.5,54.2,92.6,60.3,60.3,61.7,64.7
창녕군 - 생활계폐기물 총발생량＜br＞(B),Statistics,50.0,48.8,52.0,48.3,48.3,51.6,62.4,54.3,55.3,43.4,46.9,49.5,49.6,51.4,50.7,51.5,53.0,56.6,303.8,68.6,83.9,77.6,73.7
창녕군 - 총재활용량＜br＞(A),Statistics,25.3,21.8,22.0,22.1,21.0,23.0,31.1,32.1,32.9,27.2,29.0,30.4,31.9,32.5,28.3,28.6,29.4,30.7,281.2,41.4,50.6,47.9,47.7
창원시 - 생활계폐기물 재활용률＜br＞(A÷B×100),Statistics,,,,,,,,,,52.8,51.6,49.2,51.1,52.9,52.1,54.6,52.4,56.4,53.7,51.9,50.1,56.9,45.2
창원시 - 생활계폐기물 총발생량＜br＞(B),Statistics,,,,,,,,,,1199.6,1156.0,1299.8,945.0,1121.7,1123.2,1245.7,1301.5,1232.9,1226.2,1252.2,1514.5,1329.6,1337.8
창원시 - 총재활용량＜br＞(A),Statistics,,,,,,,,,,632.8,596.9,639.0,483.3,593.2,584.9,680.6,682.5,695.7,658.7,650.2,759.4,756.3,605.1
천안시 - 생활계폐기물 재활용률＜br＞(A÷B×100),Statistics,51.1,43.0,43.4,49.1,49.7,59.9,55.2,58.9,72.8,75.4,69.9,70.4,72.0,64.7,65.3,54.0,48.9,46.3,53.2,47.5,44.9,48.1,37.6
천안시 - 생활계폐기물 총발생량＜br＞(B),Statistics,690.0,726.0,746.0,720.5,765.6,834.8,813.8,766.3,1036.0,954.6,932.1,981.9,1077.7,943.3,853.9,883.0,940.9,822.1,807.3,804.4,917.0,833.8,904.0
천안시 - 총재활용량＜br＞(A),Statistics,352.5,312.0,324.0,354.0,380.4,499.8,449.2,451.2,754.4,720.1,651.8,690.9,775.7,610.1,557.4,476.9,460.2,380.5,429.4,381.9,411.8,400.9,340.2
철원군 - 생활계폐기물 재활용률＜br＞(A÷B×100),Statistics,37.9,34.0,34.4,31.3,32.8,43.0,38.9,49.1,52.7,58.7,37.6,48.2,30.1,23.0,21.8,21.0,16.7,20.8,21.9,15.4,28.5,30.7,24.4
철원군 - 생활계폐기물 총발생량＜br＞(B),Statistics,43.0,43.5,43.0,43.4,43.9,49.5,47.8,42.4,48.4,43.8,47.9,66.2,55.2,60.8,57.9,55.7,55.7,53.8,56.2,57.9,64.1,56.3,57.7
철원군 - 총재활용량＜br＞(A),Statistics,16.3,14.8,14.8,13.6,14.4,21.3,18.6,20.8,25.5,25.7,18.0,31.9,16.6,14.0,12.6,11.7,9.3,11.2,12.3,8.9,18.3,17.3,14.1
청도군 - 생활계폐기물 재활용률＜br＞(A÷B×100),Statistics,37.7,57.9,66.8,76.1,65.9,68.9,57.2,60.3,74.2,66.9,61.6,35.1,62.6,59.1,58.6,26.6,45.1,47.1,44.6,37.0,44.2,59.2,54.7
청도군 - 생활계폐기물 총발생량＜br＞(B),Statistics,23.9,21.4,20.8,18.8,18.5,16.7,15.9,19.4,21.3,16.3,16.4,18.8,19.5,20.3,22.0,31.6,30.4,28.9,30.7,33.8,38.5,41.7,43.5
청도군 - 총재활용량＜br＞(A),Statistics,9.0,12.4,13.9,14.3,12.2,11.5,9.1,11.7,15.8,10.9,10.1,6.6,12.2,12.0,12.9,8.4,13.7,13.6,13.7,12.5,17.0,24.7,23.8
청송군 - 생활계폐기물 재활용률＜br＞(A÷B×100),Statistics,26.1,31.8,32.4,39.0,38.8,33.0,38.0,51.7,47.5,37.7,39.9,33.2,33.7,34.1,45.0,40.5,22.2,18.8,15.9,27.8,25.8,25.1,39.6
청송군 - 생활계폐기물 총발생량＜br＞(B),Statistics,23.0,24.2,24.4,24.9,26.3,18.8,24.2,31.7,33.5,26.0,27.6,24.7,24.9,27.0,32.0,27.4,30.6,30.8,37.1,41.0,37.6,36.2,39.6
청송군 - 총재활용량＜br＞(A),Statistics,6.0,7.7,7.9,9.7,10.2,6.2,9.2,16.4,15.9,9.8,11.0,8.2,8.4,9.2,14.4,11.1,6.8,5.8,5.9,11.4,9.7,9.1,15.7
청양군 - 생활계폐기물 재활용률＜br＞(A÷B×100),Statistics,48.0,78.7,77.5,48.3,57.2,58.6,64.8,66.6,43.9,30.9,43.7,44.1,44.2,37.1,31.0,30.8,51.5,56.4,48.2,31.5,27.1,35.6,40.0
청양군 - 생활계폐기물 총발생량＜br＞(B),Statistics,25.4,61.0,55.9,35.8,34.6,34.5,48.9,37.4,27.1,29.8,28.4,28.1,28.3,27.2,25.8,26.3,27.0,32.1,39.8,37.2,41.7,40.5,43.3
청양군 - 총재활용량＜br＞(A),Statistics,12.2,48.0,43.3,17.3,19.8,20.2,31.7,24.9,11.9,9.2,12.4,12.4,12.5,10.1,8.0,8.1,13.9,18.1,19.2,11.7,11.3,14.4,17.3
청주시 - 생활계폐기물 재활용률＜br＞(A÷B×100),Statistics,,,,,,,,,,,,,,69.2,66.4,60.4,56.3,64.3,55.7,52.2,49.4,50.3,50.5
청주시 - 생활계폐기물 총발생량＜br＞(B),Statistics,,,,,,,,,,,,,,1163.7,989.4,1212.7,1124.4,1083.0,1224.2,1096.8,1002.9,1056.1,1031.1
청주시 - 총재활용량＜br＞(A),Statistics,,,,,,,,,,,,,,804.8,656.5,732.5,632.8,696.6,682.3,572.1,495.6,531.4,520.4
춘천시 - 생활계폐기물 재활용률＜br＞(A÷B×100),Statistics,29.5,31.7,38.0,43.7,55.3,55.4,39.2,45.3,60.7,59.0,58.1,58.3,56.2,56.9,58.3,64.6,68.5,59.8,42.8,24.7,38.7,38.3,28.3
춘천시 - 생활계폐기물 총발생량＜br＞(B),Statistics,273.5,338.6,335.9,338.6,349.1,335.8,346.2,345.0,446.8,475.5,481.6,465.6,434.9,488.0,436.8,430.8,409.2,462.9,275.4,252.6,303.5,309.2,332.6
춘천시 - 총재활용량＜br＞(A),Statistics,80.8,107.2,127.7,148.1,193.0,186.0,135.7,156.4,271.4,280.5,280.0,271.3,244.3,277.6,254.7,278.5,280.1,276.9,118.0,62.4,117.4,118.3,94.2
충남 당진군 - 생활계폐기물 재활용률＜br＞(A÷B×100),Statistics,31.5,32.2,43.2,40.3,37.9,23.7,40.6,49.5,49.9,52.4,58.2,,,,,,,,,,,,
충남 당진군 - 생활계폐기물 총발생량＜br＞(B),Statistics,82.9,94.4,83.8,84.1,92.1,83.2,92.2,154.1,147.0,142.5,147.7,,,,,,,,,,,,
충남 당진군 - 총재활용량＜br＞(A),Statistics,26.1,30.4,36.2,33.9,34.9,19.7,37.4,76.3,73.4,74.7,86.0,,,,,,,,,,,,
충남 연기군 - 생활계폐기물 재활용률＜br＞(A÷B×100),Statistics,67.4,68.3,67.9,34.9,33.2,61.4,28.1,62.2,14.6,26.2,26.2,,,,,,,,,,,,
충남 연기군 - 생활계폐기물 총발생량＜br＞(B),Statistics,79.2,77.9,87.6,55.8,50.6,333.0,78.3,112.6,110.9,52.7,52.3,,,,,,,,,,,,
충남 연기군 - 총재활용량＜br＞(A),Statistics,53.4,53.2,59.5,19.5,16.8,204.6,22.0,70.0,16.2,13.8,13.7,,,,,,,,,,,,
충북 청원군 - 생활계폐기물 재활용률＜br＞(A÷B×100),Statistics,40.7,40.0,42.4,61.5,73.2,62.3,58.7,71.3,69.4,62.3,70.1,83.9,81.5,,,,,,,,,,
충북 청원군 - 생활계폐기물 총발생량＜br＞(B),Statistics,118.0,117.5,125.4,157.1,151.4,161.6,154.7,177.6,176.6,168.0,172.8,229.9,209.9,,,,,,,,,,
충북 청원군 - 총재활용량＜br＞(A),Statistics,48.0,47.0,53.2,96.6,110.8,100.6,90.8,126.6,122.5,104.7,121.1,192.9,171.0,,,,,,,,,,
충북 청주시 - 생활계폐기물 재활용률＜br＞(A÷B×100),Statistics,49.7,52.0,50.9,50.8,58.7,59.4,60.0,57.0,67.9,60.3,57.1,61.6,64.5,,,,,,,,,,
충북 청주시 - 생활계폐기물 총발생량＜br＞(B),Statistics,693.2,732.0,775.2,809.3,845.5,846.6,844.3,715.0,842.6,823.5,788.4,747.7,781.7,,,,,,,,,,
충북 청주시 - 총재활용량＜br＞(A),Statistics,344.4,381.0,394.3,411.5,495.9,502.5,506.8,407.4,572.5,496.3,450.3,460.4,504.5,,,,,,,,,,
충주시 - 생활계폐기물 재활용률＜br＞(A÷B×100),Statistics,44.0,44.5,47.8,47.0,49.2,39.2,50.4,51.3,50.1,65.2,56.1,45.9,51.8,56.0,39.2,60.2,54.8,28.8,43.3,50.2,46.5,61.6,55.2
충주시 - 생활계폐기물 총발생량＜br＞(B),Statistics,270.6,238.6,223.2,218.7,197.6,164.9,159.4,199.0,191.3,227.3,209.4,253.4,247.3,265.8,166.0,340.9,295.0,355.6,379.7,337.6,311.3,484.5,305.3
충주시 - 총재활용량＜br＞(A),Statistics,119.0,106.2,106.7,102.8,97.2,64.7,80.3,102.0,95.8,148.2,117.4,116.2,128.2,148.9,65.1,205.1,161.8,102.3,164.3,169.5,144.7,298.4,168.6
충청남도 - 생활계폐기물 재활용률＜br＞(A÷B×100),Statistics,43.3,42.1,39.8,39.3,44.8,52.3,48.2,55.4,60.0,62.1,58.8,59.3,60.2,57.0,57.2,52.2,51.8,54.9,51.5,49.1,44.5,46.8,47.2
충청남도 - 생활계폐기물 총발생량＜br＞(B),Statistics,1938.6,2047.5,2194.3,2739.1,2111.4,2500.9,2279.4,2551.4,2644.9,2461.3,2404.0,2411.5,2582.6,2482.8,2579.1,2502.0,2718.3,2961.9,2822.4,2827.8,2806.8,2815.3,2823.0
충청남도 - 총재활용량＜br＞(A),Statistics,840.0,862.1,873.0,1077.2,945.8,1307.8,1099.8,1413.0,1586.1,1528.0,1413.3,1430.5,1554.0,1414.1,1474.4,1305.7,1408.2,1627.3,1452.3,1387.3,1249.2,1317.4,1333.4
충청북도 - 생활계폐기물 재활용률＜br＞(A÷B×100),Statistics,43.4,43.5,46.7,49.8,55.2,52.5,52.3,54.3,59.9,56.1,56.1,59.2,58.7,60.8,56.3,55.2,51.1,52.5,49.3,50.8,52.2,53.2,51.0
충청북도 - 생활계폐기물 총발생량＜br＞(B),Statistics,1586.3,1604.0,1636.7,1693.9,1707.2,1750.0,1696.9,1658.4,1817.7,1774.8,1754.0,1773.5,1764.1,1943.0,1680.6,2114.4,2032.9,2163.1,2274.4,2297.8,2278.3,2396.3,2372.6
충청북도 - 총재활용량＜br＞(A),Statistics,689.0,697.3,764.2,843.4,942.8,918.8,887.4,900.2,1088.6,996.4,984.8,1049.6,1035.5,1181.7,945.4,1167.4,1039.4,1135.1,1120.5,1166.9,1189.4,1274.9,1209.4
칠곡군 - 생활계폐기물 재활용률＜br＞(A÷B×100),Statistics,33.0,45.9,47.5,52.7,49.9,47.1,36.0,35.6,33.2,29.7,28.6,26.0,23.5,21.9,15.3,19.7,16.5,17.2,16.2,11.3,12.4,10.6,10.1
칠곡군 - 생활계폐기물 총발생량＜br＞(B),Statistics,94.9,95.0,95.4,97.6,103.1,104.6,107.8,117.8,122.0,113.4,110.6,103.6,112.0,116.3,119.6,126.2,126.0,122.2,119.9,247.5,266.8,262.9,261.7
칠곡군 - 총재활용량＜br＞(A),Statistics,31.3,43.6,45.3,51.4,51.4,49.3,38.8,41.9,40.5,33.7,31.6,26.9,26.3,25.5,18.3,24.8,20.8,21.0,19.4,28.0,33.0,27.8,26.5
태백시 - 생활계폐기물 재활용률＜br＞(A÷B×100),Statistics,65.7,60.6,49.7,47.2,62.5,71.3,69.4,63.2,76.8,69.6,81.2,56.3,45.7,60.3,54.7,54.1,41.7,21.0,30.8,33.8,26.7,43.2,44.3
태백시 - 생활계폐기물 총발생량＜br＞(B),Statistics,82.9,81.8,122.8,100.8,80.3,97.6,126.5,120.7,125.7,120.8,86.6,83.0,76.3,58.5,64.0,45.8,93.0,87.3,97.3,94.1,84.2,78.2,82.6
태백시 - 총재활용량＜br＞(A),Statistics,54.5,49.6,61.0,47.6,50.2,69.6,87.8,76.3,96.6,84.1,70.3,46.7,34.9,35.3,35.0,24.8,38.8,18.3,30.0,31.8,22.5,33.8,36.6
태안군 - 생활계폐기물 재활용률＜br＞(A÷B×100),Statistics,29.1,32.2,42.6,41.0,45.4,54.2,49.0,53.0,51.8,57.0,52.7,48.9,44.3,42.4,55.6,26.9,26.7,32.3,26.2,33.6,39.1,55.9,44.8
태안군 - 생활계폐기물 총발생량＜br＞(B),Statistics,56.0,72.9,65.0,63.9,65.4,34.5,72.9,78.3,90.7,77.5,62.8,55.8,66.2,62.3,96.7,82.6,82.5,83.1,79.8,66.1,83.8,81.0,88.8
태안군 - 총재활용량＜br＞(A),Statistics,16.3,23.5,27.7,26.2,29.7,18.7,35.7,41.5,47.0,44.2,33.1,27.3,29.3,26.4,53.8,22.2,22.0,26.8,20.9,22.2,32.8,45.3,39.8
통영시 - 생활계폐기물 재활용률＜br＞(A÷B×100),Statistics,37.7,36.7,30.3,35.4,33.8,24.9,32.5,25.5,28.9,31.1,33.5,32.8,28.8,29.4,33.4,33.3,39.1,39.8,36.6,22.8,5.1,35.1,20.4
통영시 - 생활계폐기물 총발생량＜br＞(B),Statistics,133.8,120.2,128.3,143.2,144.9,135.6,116.1,174.2,190.6,192.9,191.0,190.5,191.4,192.6,208.0,229.8,232.8,214.8,202.5,529.2,509.7,137.2,279.4
통영시 - 총재활용량＜br＞(A),Statistics,50.4,44.1,38.9,50.7,49.0,33.7,37.7,44.5,55.1,60.0,63.9,62.4,55.2,56.7,69.5,76.5,91.1,85.5,74.1,120.8,26.1,48.1,56.9
파주시 - 생활계폐기물 재활용률＜br＞(A÷B×100),Statistics,67.0,68.3,70.6,71.0,71.9,56.1,67.2,72.5,75.3,77.3,70.8,70.9,69.6,66.8,63.9,61.0,47.6,62.6,63.2,69.3,69.1,68.7,54.3
파주시 - 생활계폐기물 총발생량＜br＞(B),Statistics,169.5,187.2,195.3,205.5,207.8,260.3,313.2,365.4,371.6,357.4,436.0,373.3,378.5,393.5,422.6,472.9,434.4,505.2,494.8,660.3,673.1,683.9,616.4
파주시 - 총재활용량＜br＞(A),Statistics,113.6,127.9,137.8,146.0,149.5,145.9,210.5,265.0,279.8,276.1,308.6,264.8,263.6,262.7,270.0,288.6,206.7,316.5,312.5,457.4,464.8,469.7,334.7
평창군 - 생활계폐기물 재활용률＜br＞(A÷B×100),Statistics,43.1,47.1,48.2,35.3,38.8,50.4,65.5,86.1,86.7,90.4,61.9,61.3,55.1,62.6,63.4,75.9,72.0,81.9,70.4,76.6,83.1,87.8,78.2
평창군 - 생활계폐기물 총발생량＜br＞(B),Statistics,36.4,35.7,35.7,36.0,37.9,46.2,97.2,180.0,178.0,171.9,45.2,44.5,49.0,55.9,45.6,58.1,59.0,78.1,72.4,89.2,88.9,83.4,77.7
평창군 - 총재활용량＜br＞(A),Statistics,15.7,16.8,17.2,12.7,14.7,23.3,63.7,155.0,154.3,155.4,28.0,27.3,27.0,35.0,28.9,44.1,42.5,64.0,51.0,68.3,73.9,73.2,60.8
평택시 - 생활계폐기물 재활용률＜br＞(A÷B×100),Statistics,25.5,56.7,58.1,53.5,61.4,59.2,61.3,61.2,65.1,68.3,66.4,71.3,67.4,62.6,61.7,55.8,63.2,65.5,76.7,93.9,90.8,89.4,39.8
평택시 - 생활계폐기물 총발생량＜br＞(B),Statistics,576.7,280.0,283.3,315.1,317.8,290.3,349.4,329.3,324.3,332.5,395.5,410.4,419.5,448.1,454.5,411.8,395.3,490.6,895.6,696.4,705.4,735.9,1615.5
평택시 - 총재활용량＜br＞(A),Statistics,147.2,158.7,164.6,168.5,195.1,172.0,214.3,201.4,211.0,227.2,262.7,292.6,282.9,280.6,280.4,229.8,249.9,321.3,687.0,653.9,640.7,657.8,642.9
포천시 - 생활계폐기물 재활용률＜br＞(A÷B×100),Statistics,,,46.3,56.6,64.1,63.6,64.8,65.2,62.6,62.1,62.8,58.3,62.3,61.4,82.5,63.4,47.3,22.7,68.4,47.3,58.8,59.8,57.7
포천시 - 생활계폐기물 총발생량＜br＞(B),Statistics,,,157.6,133.7,131.5,115.3,144.6,159.6,167.0,125.2,174.5,173.9,173.0,173.4,374.4,424.1,143.6,188.0,290.5,520.1,349.5,279.0,256.1
포천시 - 총재활용량＜br＞(A),Statistics,,,72.9,75.7,84.3,73.3,93.7,104.1,104.6,77.7,109.5,101.4,107.8,106.4,309.0,268.9,67.9,42.6,198.6,246.1,205.4,166.9,147.7
포항시 - 생활계폐기물 재활용률＜br＞(A÷B×100),Statistics,32.3,33.9,31.8,30.4,50.4,50.1,53.1,58.6,59.4,58.1,55.0,51.3,52.4,51.4,42.7,48.1,60.4,63.3,46.1,62.9,71.2,95.0,92.8
포항시 - 생활계폐기물 총발생량＜br＞(B),Statistics,514.6,521.3,557.4,621.6,633.1,657.5,673.0,621.9,600.2,586.3,643.9,753.3,762.5,635.4,525.2,541.1,521.9,503.3,451.4,775.8,614.7,571.7,546.4
포항시 - 총재활용량＜br＞(A),Statistics,166.2,176.7,177.3,189.1,319.3,329.1,357.2,364.2,356.3,340.4,354.1,386.8,399.9,326.9,224.3,260.4,315.1,318.8,208.3,488.3,437.9,542.9,506.9
하남시 - 생활계폐기물 재활용률＜br＞(A÷B×100),Statistics,44.2,42.4,41.5,42.1,57.8,61.1,59.4,60.0,66.3,51.1,65.3,62.4,70.7,32.7,26.7,26.2,64.7,81.9,49.6,53.2,63.9,66.9,57.3
하남시 - 생활계폐기물 총발생량＜br＞(B),Statistics,124.1,121.2,134.3,135.0,135.9,115.1,128.5,128.9,155.1,168.4,131.1,136.0,147.2,316.9,386.1,326.8,176.6,388.9,220.3,286.8,282.6,294.8,395.8
하남시 - 총재활용량＜br＞(A),Statistics,54.8,51.4,55.7,56.8,78.5,70.3,76.3,77.4,102.9,86.1,85.6,84.9,104.1,103.5,103.2,85.6,114.3,318.5,109.3,152.7,180.7,197.3,226.8
하동군 - 생활계폐기물 재활용률＜br＞(A÷B×100),Statistics,48.9,52.2,46.9,48.5,49.6,44.1,47.5,51.4,62.3,57.5,42.4,46.1,36.2,32.7,29.7,40.8,44.8,46.3,53.5,58.0,50.3,54.2,100.0
하동군 - 생활계폐기물 총발생량＜br＞(B),Statistics,31.3,30.1,33.9,33.6,34.5,32.4,35.6,39.3,53.1,45.9,40.1,44.0,42.8,44.1,46.4,56.1,56.2,53.3,41.9,41.2,35.2,33.0,42.2
하동군 - 총재활용량＜br＞(A),Statistics,15.3,15.7,15.9,16.3,17.1,14.3,16.9,20.2,33.1,26.4,17.0,20.3,15.5,14.4,13.8,22.9,25.2,24.7,22.4,23.9,17.7,17.9,42.2
함안군 - 생활계폐기물 재활용률＜br＞(A÷B×100),Statistics,44.1,45.5,37.6,34.8,30.8,15.4,27.4,19.5,24.1,23.5,17.2,43.0,57.2,55.7,52.2,51.2,50.7,45.1,52.9,25.8,34.6,50.0,38.7
함안군 - 생활계폐기물 총발생량＜br＞(B),Statistics,26.3,29.9,35.6,35.6,36.4,36.9,37.9,35.4,37.4,37.0,43.7,56.7,80.4,83.1,75.3,77.6,76.2,69.7,106.3,62.0,74.3,105.3,84.2
함안군 - 총재활용량＜br＞(A),Statistics,11.6,13.6,13.4,12.4,11.2,5.7,10.4,6.9,9.0,8.7,7.5,24.4,46.0,46.3,39.3,39.7,38.6,31.4,56.2,16.0,25.7,52.7,32.6
함양군 - 생활계폐기물 재활용률＜br＞(A÷B×100),Statistics,40.9,31.5,50.6,43.7,40.3,42.1,30.9,33.3,32.6,23.4,22.6,23.8,31.6,27.8,23.3,33.4,19.5,17.1,31.5,65.6,49.4,59.6,54.2
함양군 - 생활계폐기물 총발생량＜br＞(B),Statistics,23.7,20.3,26.1,22.9,23.8,27.8,24.3,26.1,30.1,27.3,26.5,26.1,31.0,37.8,33.0,46.7,43.0,43.2,53.3,67.1,64.4,71.0,51.7
함양군 - 총재활용량＜br＞(A),Statistics,9.7,6.4,13.2,10.0,9.6,11.7,7.5,8.7,9.8,6.4,6.0,6.2,9.8,10.5,7.7,15.6,8.4,7.4,16.8,44.0,31.8,42.3,28.0
함평군 - 생활계폐기물 재활용률＜br＞(A÷B×100),Statistics,18.9,42.3,39.4,20.3,21.4,17.2,14.6,25.7,18.8,30.9,34.8,45.8,29.1,10.5,10.1,6.5,16.1,19.9,36.6,69.0,71.7,73.5,59.8
함평군 - 생활계폐기물 총발생량＜br＞(B),Statistics,18.5,19.4,16.0,18.2,18.7,17.4,15.7,23.0,19.1,17.8,18.4,22.7,17.2,15.3,15.8,16.8,21.1,19.1,18.3,42.2,47.4,64.6,37.3
함평군 - 총재활용량＜br＞(A),Statistics,3.5,8.2,6.3,3.7,4.0,3.0,2.3,5.9,3.6,5.5,6.4,10.4,5.0,1.6,1.6,1.1,3.4,3.8,6.7,29.1,34.0,47.5,22.3
합천군 - 생활계폐기물 재활용률＜br＞(A÷B×100),Statistics,34.9,35.6,35.6,39.5,40.3,41.6,40.6,44.8,45.0,45.9,41.7,52.7,48.6,48.7,43.1,59.8,45.8,49.9,51.8,57.0,38.5,54.3,41.7
합천군 - 생활계폐기물 총발생량＜br＞(B),Statistics,39.0,39.0,39.0,38.0,37.0,36.1,38.2,39.1,38.9,35.3,36.2,41.4,61.3,41.5,45.9,60.5,48.0,42.7,56.0,64.6,44.9,56.9,63.1
합천군 - 총재활용량＜br＞(A),Statistics,13.6,13.9,13.9,15.0,14.9,15.0,15.5,17.5,17.5,16.2,15.1,21.8,29.8,20.2,19.8,36.2,22.0,21.3,29.0,36.8,17.3,30.9,26.3
해남군 - 생활계폐기물 재활용률＜br＞(A÷B×100),Statistics,35.3,42.2,45.4,61.3,63.3,61.1,64.9,65.6,64.3,63.5,70.1,66.9,65.2,66.8,72.1,69.4,67.8,66.5,66.8,53.6,67.3,67.6,68.8
해남군 - 생활계폐기물 총발생량＜br＞(B),Statistics,73.0,70.9,69.4,59.7,60.2,63.2,69.5,64.0,69.1,48.5,53.5,157.3,56.1,56.6,54.1,57.2,54.4,63.2,63.9,116.4,103.1,89.3,106.9
해남군 - 총재활용량＜br＞(A),Statistics,25.8,29.9,31.5,36.6,38.1,38.6,45.1,42.0,44.4,30.8,37.5,105.2,36.6,37.8,39.0,39.7,36.9,42.0,42.7,62.4,69.4,60.4,73.5
해운대구 - 생활계폐기물 재활용률＜br＞(A÷B×100),Statistics,59.6,61.7,62.3,65.2,65.9,64.7,67.2,71.5,71.8,71.2,71.5,72.0,70.3,73.1,72.2,73.7,73.8,73.7,75.2,74.3,73.2,77.3,69.8
해운대구 - 생활계폐기물 총발생량＜br＞(B),Statistics,371.0,418.8,433.1,430.2,426.9,390.6,401.1,384.2,379.2,371.4,370.8,383.2,375.2,394.9,393.5,400.6,388.7,383.8,385.6,428.7,332.3,360.2,356.5
해운대구 - 총재활용량＜br＞(A),Statistics,221.3,258.3,270.0,280.4,281.2,252.7,269.6,274.7,272.2,264.5,265.1,275.9,263.6,288.5,284.3,295.3,286.9,283.0,290.1,318.7,243.4,278.4,248.8
홍성군 - 생활계폐기물 재활용률＜br＞(A÷B×100),Statistics,14.7,15.5,18.1,40.6,39.2,35.5,34.6,47.0,60.4,35.7,24.8,28.5,27.4,51.5,54.7,54.6,55.5,53.1,51.4,51.5,46.8,51.0,50.0
홍성군 - 생활계폐기물 총발생량＜br＞(B),Statistics,45.0,45.7,48.5,49.8,55.9,66.4,81.0,73.0,75.6,59.6,60.6,60.6,67.9,69.3,71.8,78.6,85.7,99.6,95.8,110.7,109.3,111.2,112.8
홍성군 - 총재활용량＜br＞(A),Statistics,6.6,7.1,8.8,20.2,21.9,23.6,28.0,34.3,45.7,21.3,15.0,17.3,18.6,35.7,39.3,42.9,47.6,52.9,49.2,57.0,51.2,56.7,56.4
홍천군 - 생활계폐기물 재활용률＜br＞(A÷B×100),Statistics,31.8,34.6,23.0,26.4,29.1,24.0,54.0,42.6,61.4,58.1,44.7,37.8,14.5,23.5,31.9,39.6,42.3,60.2,59.9,51.1,54.3,66.1,63.0
홍천군 - 생활계폐기물 총발생량＜br＞(B),Statistics,58.8,59.0,60.8,50.3,62.9,78.0,128.0,73.3,137.2,113.3,68.2,57.4,42.9,49.8,60.1,80.1,76.2,112.2,180.4,122.5,114.4,119.9,113.9
홍천군 - 총재활용량＜br＞(A),Statistics,18.7,20.4,14.0,13.3,18.3,18.7,69.1,31.2,84.2,65.8,30.5,21.7,6.2,11.7,19.2,31.7,32.2,67.6,108.0,62.6,62.1,79.3,71.8
화성시 - 생활계폐기물 재활용률＜br＞(A÷B×100),Statistics,70.4,73.2,76.2,76.6,79.1,72.1,74.1,75.2,75.7,70.4,69.9,72.5,64.3,65.8,53.6,55.5,70.8,62.6,62.4,52.7,65.3,65.1,75.0
화성시 - 생활계폐기물 총발생량＜br＞(B),Statistics,148.9,167.1,138.3,163.9,170.8,199.9,270.3,301.8,329.8,324.1,327.4,320.0,244.5,323.3,454.1,603.7,716.6,656.1,614.3,1187.1,922.4,1320.8,1123.5
화성시 - 총재활용량＜br＞(A),Statistics,104.9,122.3,105.4,125.6,135.1,144.1,200.3,227.0,249.5,228.3,228.9,232.0,157.3,212.6,243.3,335.3,507.6,410.4,383.6,626.1,602.0,860.4,842.2
화순군 - 생활계폐기물 재활용률＜br＞(A÷B×100),Statistics,28.5,29.4,28.5,26.0,41.0,36.7,66.7,38.9,45.6,55.0,59.7,65.1,66.5,63.3,66.7,67.8,58.3,48.1,45.2,55.3,83.1,78.2,67.4
화순군 - 생활계폐기물 총발생량＜br＞(B),Statistics,50.2,59.9,64.8,51.5,56.3,59.1,105.7,85.1,88.2,46.9,43.9,43.0,42.7,43.0,43.2,43.5,42.2,46.2,37.4,72.9,105.2,71.1,67.7
화순군 - 총재활용량＜br＞(A),Statistics,14.3,17.6,18.5,13.4,23.1,21.7,70.5,33.1,40.2,25.8,26.2,28.0,28.4,27.2,28.8,29.5,24.6,22.2,16.9,40.3,87.4,55.6,45.6
화천군 - 생활계폐기물 재활용률＜br＞(A÷B×100),Statistics,28.6,36.1,3.3,18.1,15.2,26.5,17.9,44.7,43.7,35.4,33.6,31.1,28.1,25.6,25.1,24.4,24.7,16.0,9.6,12.6,11.7,11.3,16.8
화천군 - 생활계폐기물 총발생량＜br＞(B),Statistics,33.9,32.1,39.3,39.7,36.9,41.2,38.0,48.6,55.8,44.1,42.6,42.5,44.2,48.4,49.4,49.6,49.8,44.9,59.5,51.6,43.5,38.1,39.8
화천군 - 총재활용량＜br＞(A),Statistics,9.7,11.6,1.3,7.2,5.6,10.9,6.8,21.7,24.4,15.6,14.3,13.2,12.4,12.4,12.4,12.1,12.3,7.2,5.7,6.5,5.1,4.3,6.7
횡성군 - 생활계폐기물 재활용률＜br＞(A÷B×100),Statistics,20.6,21.3,25.1,22.9,21.9,32.3,39.3,46.5,52.8,52.1,49.2,43.2,27.7,36.2,38.2,32.3,56.2,60.5,56.4,53.1,59.3,65.8,50.3
횡성군 - 생활계폐기물 총발생량＜br＞(B),Statistics,53.0,53.4,55.4,42.0,44.2,48.3,57.2,57.2,58.1,54.1,48.6,43.1,37.5,37.0,40.3,59.5,61.0,66.5,59.8,70.1,67.6,63.5,65.0
횡성군 - 총재활용량＜br＞(A),Statistics,10.9,11.4,13.9,9.6,9.7,15.6,22.5,26.6,30.7,28.2,23.9,18.6,10.4,13.4,15.4,19.2,34.3,40.2,33.7,37.2,40.1,41.8,32.7
