item,category,2016,2017,2018,2019,2020,2021,2022,2023
가평군 - 전체인구 - 청년인구비율,Statistics,59391.0,59548.0,59957.0,59823.0,60233.0,59714.0,59755.0,59893.0
가평군 - 청년여성비율(19~39세) - 청년인구비율,Statistics,9.8,9.7,9.6,9.4,9.0,8.4,8.1,8.0
가평군 - 청년여성인구(19~39세) - 청년인구비율,Statistics,5827.0,5787.0,5731.0,5647.0,5439.0,5039.0,4849.0,4820.0
가평군 - 청년인구(19~34세) - 청년인구비율,Statistics,9508.0,9349.0,9343.0,9184.0,9184.0,8832.0,8559.0,8474.0
가평군 - 청년인구(19~39세) - 청년인구비율,Statistics,12845.0,12722.0,12666.0,12434.0,12200.0,11611.0,11203.0,11100.0
가평군 - 청년인구비율(19~34세) - 청년인구비율,Statistics,16.0,15.7,15.6,15.4,15.2,14.8,14.3,14.1
가평군 - 청년인구비율(19~39세) - 청년인구비율,Statistics,21.6,21.4,21.1,20.8,20.3,19.4,18.7,18.5
강남구 - 전체인구 - 청년인구비율,Statistics,532469.0,522514.0,507810.0,509199.0,508135.0,503019.0,500149.0,511084.0
강남구 - 청년여성비율(19~39세) - 청년인구비율,Statistics,17.1,16.7,16.4,16.1,16.0,15.2,14.7,14.5
강남구 - 청년여성인구(19~39세) - 청년인구비율,Statistics,90901.0,87211.0,83135.0,82152.0,81294.0,76575.0,73392.0,74240.0
강남구 - 청년인구(19~34세) - 청년인구비율,Statistics,125606.0,119529.0,113449.0,113156.0,112953.0,106807.0,103452.0,104461.0
강남구 - 청년인구(19~39세) - 청년인구비율,Statistics,171233.0,164817.0,157492.0,155767.0,153249.0,144303.0,138790.0,140143.0
강남구 - 청년인구비율(19~34세) - 청년인구비율,Statistics,23.6,22.9,22.3,22.2,22.2,21.2,20.7,20.4
강남구 - 청년인구비율(19~39세) - 청년인구비율,Statistics,32.2,31.5,31.0,30.6,30.2,28.7,27.7,27.4
강동구 - 전체인구 - 청년인구비율,Statistics,429416.0,423978.0,414231.0,415287.0,444434.0,451099.0,448655.0,446561.0
강동구 - 청년여성비율(19~39세) - 청년인구비율,Statistics,15.1,15.0,14.8,14.8,15.0,14.8,14.4,14.2
강동구 - 청년여성인구(19~39세) - 청년인구비율,Statistics,64683.0,63509.0,61477.0,61347.0,66776.0,66854.0,64575.0,63223.0
강동구 - 청년인구(19~34세) - 청년인구비율,Statistics,96690.0,92952.0,89011.0,88881.0,95670.0,95700.0,92856.0,91296.0
강동구 - 청년인구(19~39세) - 청년인구비율,Statistics,131865.0,129041.0,124428.0,123537.0,132482.0,131693.0,126711.0,123805.0
강동구 - 청년인구비율(19~34세) - 청년인구비율,Statistics,22.5,21.9,21.5,21.4,21.5,21.2,20.7,20.4
강동구 - 청년인구비율(19~39세) - 청년인구비율,Statistics,30.7,30.4,30.0,29.7,29.8,29.2,28.2,27.7
강릉시 - 전체인구 - 청년인구비율,Statistics,215977.0,215914.0,215528.0,216357.0,216542.0,216560.0,215128.0,213786.0
강릉시 - 청년여성비율(19~39세) - 청년인구비율,Statistics,11.9,11.8,11.7,11.7,11.6,11.3,10.9,10.6
강릉시 - 청년여성인구(19~39세) - 청년인구비율,Statistics,25618.0,25578.0,25267.0,25416.0,25109.0,24463.0,23514.0,22734.0
강릉시 - 청년인구(19~34세) - 청년인구비율,Statistics,44312.0,43821.0,43788.0,44234.0,43988.0,42977.0,41912.0,41046.0
강릉시 - 청년인구(19~39세) - 청년인구비율,Statistics,57777.0,57181.0,56879.0,56903.0,56053.0,54476.0,52737.0,51332.0
강릉시 - 청년인구비율(19~34세) - 청년인구비율,Statistics,20.5,20.3,20.3,20.4,20.3,19.8,19.5,19.2
강릉시 - 청년인구비율(19~39세) - 청년인구비율,Statistics,26.8,26.5,26.4,26.3,25.9,25.2,24.5,24.0
강북구 - 전체인구 - 청년인구비율,Statistics,316212.0,313698.0,309138.0,303871.0,299535.0,292611.0,287788.0,284155.0
강북구 - 청년여성비율(19~39세) - 청년인구비율,Statistics,14.3,14.3,14.3,14.2,14.0,13.8,13.7,13.7
강북구 - 청년여성인구(19~39세) - 청년인구비율,Statistics,45288.0,44882.0,44136.0,43107.0,42050.0,40289.0,39428.0,38992.0
강북구 - 청년인구(19~34세) - 청년인구비율,Statistics,68399.0,67120.0,65951.0,64848.0,64238.0,62137.0,61245.0,60464.0
강북구 - 청년인구(19~39세) - 청년인구비율,Statistics,92337.0,90775.0,89005.0,86450.0,84054.0,80455.0,78179.0,76502.0
강북구 - 청년인구비율(19~34세) - 청년인구비율,Statistics,21.6,21.4,21.3,21.3,21.4,21.2,21.3,21.3
강북구 - 청년인구비율(19~39세) - 청년인구비율,Statistics,29.2,28.9,28.8,28.4,28.1,27.5,27.2,26.9
강서구 - 전체인구 - 청년인구비율,Statistics,574287.0,581675.0,578539.0,574097.0,564854.0,559837.0,555999.0,549557.0
강서구 - 청년여성비율(19~39세) - 청년인구비율,Statistics,16.7,16.8,16.8,16.9,17.0,17.0,16.9,16.7
강서구 - 청년여성인구(19~39세) - 청년인구비율,Statistics,95885.0,97746.0,97227.0,96885.0,95870.0,95045.0,94024.0,91851.0
강서구 - 청년인구(19~34세) - 청년인구비율,Statistics,138590.0,139566.0,137557.0,137566.0,137764.0,137007.0,136318.0,133309.0
강서구 - 청년인구(19~39세) - 청년인구비율,Statistics,190506.0,193707.0,192118.0,189746.0,186327.0,183244.0,180321.0,175528.0
강서구 - 청년인구비율(19~34세) - 청년인구비율,Statistics,24.1,24.0,23.8,24.0,24.4,24.5,24.5,24.3
강서구 - 청년인구비율(19~39세) - 청년인구비율,Statistics,33.2,33.3,33.2,33.1,33.0,32.7,32.4,31.9
강원특별자치도 - 전체인구 - 청년인구비율,Statistics,1521751.0,1521386.0,1520391.0,1520127.0,1521763.0,1521890.0,1528037.0,1528014.0
강원특별자치도 - 청년여성비율(19~39세) - 청년인구비율,Statistics,11.8,11.6,11.5,11.4,11.0,10.8,10.6,10.4
강원특별자치도 - 청년여성인구(19~39세) - 청년인구비율,Statistics,179289.0,176828.0,174649.0,172607.0,167831.0,163645.0,161435.0,158994.0
강원특별자치도 - 청년인구(19~34세) - 청년인구비율,Statistics,297597.0,292579.0,289428.0,287370.0,282157.0,277008.0,277788.0,276227.0
강원특별자치도 - 청년인구(19~39세) - 청년인구비율,Statistics,395963.0,391258.0,387606.0,382702.0,372995.0,363704.0,360201.0,355979.0
강원특별자치도 - 청년인구비율(19~34세) - 청년인구비율,Statistics,19.6,19.2,19.0,18.9,18.5,18.2,18.2,18.1
강원특별자치도 - 청년인구비율(19~39세) - 청년인구비율,Statistics,26.0,25.7,25.5,25.2,24.5,23.9,23.6,23.3
강진군 - 전체인구 - 청년인구비율,Statistics,34102.0,33637.0,33298.0,32805.0,32778.0,31941.0,31476.0,31266.0
강진군 - 청년여성비율(19~39세) - 청년인구비율,Statistics,7.8,7.6,7.7,7.7,7.3,6.7,6.4,6.4
강진군 - 청년여성인구(19~39세) - 청년인구비율,Statistics,2675.0,2559.0,2576.0,2527.0,2391.0,2134.0,2013.0,1991.0
강진군 - 청년인구(19~34세) - 청년인구비율,Statistics,4278.0,4078.0,4054.0,3960.0,3943.0,3579.0,3380.0,3409.0
강진군 - 청년인구(19~39세) - 청년인구비율,Statistics,5763.0,5542.0,5550.0,5383.0,5276.0,4827.0,4516.0,4538.0
강진군 - 청년인구비율(19~34세) - 청년인구비율,Statistics,12.5,12.1,12.2,12.1,12.0,11.2,10.7,10.9
강진군 - 청년인구비율(19~39세) - 청년인구비율,Statistics,16.9,16.5,16.7,16.4,16.1,15.1,14.3,14.5
강화군 - 전체인구 - 청년인구비율,Statistics,62741.0,63737.0,64432.0,65235.0,66020.0,65834.0,66420.0,66246.0
강화군 - 청년여성비율(19~39세) - 청년인구비율,Statistics,7.5,7.4,7.2,7.1,7.0,6.7,6.4,6.1
강화군 - 청년여성인구(19~39세) - 청년인구비율,Statistics,4678.0,4708.0,4634.0,4653.0,4630.0,4404.0,4270.0,4042.0
강화군 - 청년인구(19~34세) - 청년인구비율,Statistics,8057.0,8084.0,7855.0,7821.0,7798.0,7382.0,7303.0,7120.0
강화군 - 청년인구(19~39세) - 청년인구비율,Statistics,10911.0,10961.0,10763.0,10791.0,10639.0,10035.0,9861.0,9560.0
강화군 - 청년인구비율(19~34세) - 청년인구비율,Statistics,12.8,12.7,12.2,12.0,11.8,11.2,11.0,10.7
강화군 - 청년인구비율(19~39세) - 청년인구비율,Statistics,17.4,17.2,16.7,16.5,16.1,15.2,14.8,14.4
거제시 - 전체인구 - 청년인구비율,Statistics,262986.0,257847.0,252889.0,251226.0,246965.0,242426.0,236686.0,238671.0
거제시 - 청년여성비율(19~39세) - 청년인구비율,Statistics,13.4,12.9,12.6,12.0,11.5,10.6,9.8,9.0
거제시 - 청년여성인구(19~39세) - 청년인구비율,Statistics,35203.0,33311.0,31824.0,30035.0,28472.0,25769.0,23192.0,21488.0
거제시 - 청년인구(19~34세) - 청년인구비율,Statistics,57912.0,51721.0,47109.0,44697.0,41583.0,36802.0,33686.0,34862.0
거제시 - 청년인구(19~39세) - 청년인구비율,Statistics,85445.0,79470.0,74642.0,71283.0,65881.0,58885.0,53048.0,52781.0
거제시 - 청년인구비율(19~34세) - 청년인구비율,Statistics,22.0,20.1,18.6,17.8,16.8,15.2,14.2,14.6
거제시 - 청년인구비율(19~39세) - 청년인구비율,Statistics,32.5,30.8,29.5,28.4,26.7,24.3,22.4,22.1
거창군 - 전체인구 - 청년인구비율,Statistics,60658.0,60083.0,60020.0,59888.0,59595.0,59238.0,58702.0,58588.0
거창군 - 청년여성비율(19~39세) - 청년인구비율,Statistics,8.6,8.3,8.3,8.1,7.9,7.5,7.2,7.2
거창군 - 청년여성인구(19~39세) - 청년인구비율,Statistics,5222.0,4995.0,4980.0,4838.0,4696.0,4434.0,4242.0,4199.0
거창군 - 청년인구(19~34세) - 청년인구비율,Statistics,8852.0,8538.0,8461.0,8375.0,8347.0,8148.0,7581.0,7532.0
거창군 - 청년인구(19~39세) - 청년인구비율,Statistics,11949.0,11658.0,11633.0,11363.0,11103.0,10805.0,10153.0,9974.0
거창군 - 청년인구비율(19~34세) - 청년인구비율,Statistics,14.6,14.2,14.1,14.0,14.0,13.8,12.9,12.9
거창군 - 청년인구비율(19~39세) - 청년인구비율,Statistics,19.7,19.4,19.4,19.0,18.6,18.2,17.3,17.0
경기도 - 전체인구 - 청년인구비율,Statistics,12671956.0,12851601.0,13103188.0,13300900.0,13511676.0,13652529.0,13717827.0,13815367.0
경기도 - 청년여성비율(19~39세) - 청년인구비율,Statistics,14.5,14.3,14.2,14.0,13.9,13.5,13.2,12.9
경기도 - 청년여성인구(19~39세) - 청년인구비율,Statistics,1831150.0,1838345.0,1858268.0,1859116.0,1873562.0,1847428.0,1804110.0,1779061.0
경기도 - 청년인구(19~34세) - 청년인구비율,Statistics,2781115.0,2785395.0,2816121.0,2849858.0,2897077.0,2882747.0,2858808.0,2846793.0
경기도 - 청년인구(19~39세) - 청년인구비율,Statistics,3854630.0,3887239.0,3947860.0,3968194.0,3980816.0,3930798.0,3861336.0,3826070.0
경기도 - 청년인구비율(19~34세) - 청년인구비율,Statistics,21.9,21.7,21.5,21.4,21.4,21.1,20.8,20.6
경기도 - 청년인구비율(19~39세) - 청년인구비율,Statistics,30.4,30.2,30.1,29.8,29.5,28.8,28.1,27.7
경산시 - 전체인구 - 청년인구비율,Statistics,279751.0,282626.0,284517.0,290088.0,283733.0,293418.0,295543.0,296453.0
경산시 - 청년여성비율(19~39세) - 청년인구비율,Statistics,15.8,15.8,15.7,15.7,14.8,15.1,14.9,14.4
경산시 - 청년여성인구(19~39세) - 청년인구비율,Statistics,44194.0,44786.0,44639.0,45672.0,41925.0,44234.0,44073.0,42795.0
경산시 - 청년인구(19~34세) - 청년인구비율,Statistics,74302.0,75377.0,74719.0,77954.0,72383.0,76620.0,77999.0,78298.0
경산시 - 청년인구(19~39세) - 청년인구비율,Statistics,94724.0,96109.0,95785.0,98432.0,91575.0,95226.0,95434.0,95088.0
경산시 - 청년인구비율(19~34세) - 청년인구비율,Statistics,26.6,26.7,26.3,26.9,25.5,26.1,26.4,26.4
경산시 - 청년인구비율(19~39세) - 청년인구비율,Statistics,33.9,34.0,33.7,33.9,32.3,32.5,32.3,32.1
경상남도 - 전체인구 - 청년인구비율,Statistics,3339633.0,3345293.0,3350350.0,3347209.0,3333056.0,3305931.0,3280829.0,3271148.0
경상남도 - 청년여성비율(19~39세) - 청년인구비율,Statistics,12.3,12.1,11.9,11.6,11.3,10.8,10.3,9.9
경상남도 - 청년여성인구(19~39세) - 청년인구비율,Statistics,409425.0,403626.0,399048.0,388671.0,375353.0,355541.0,337085.0,322959.0
경상남도 - 청년인구(19~34세) - 청년인구비율,Statistics,658546.0,638869.0,628300.0,617555.0,602551.0,577524.0,558279.0,549140.0
경상남도 - 청년인구(19~39세) - 청년인구비율,Statistics,918600.0,903710.0,894036.0,874960.0,841777.0,799729.0,764083.0,744740.0
경상남도 - 청년인구비율(19~34세) - 청년인구비율,Statistics,19.7,19.1,18.8,18.4,18.1,17.5,17.0,16.8
경상남도 - 청년인구비율(19~39세) - 청년인구비율,Statistics,27.5,27.0,26.7,26.1,25.3,24.2,23.3,22.8
경상북도 - 전체인구 - 청년인구비율,Statistics,2682169.0,2677058.0,2672902.0,2668154.0,2644757.0,2635314.0,2620373.0,2589880.0
경상북도 - 청년여성비율(19~39세) - 청년인구비율,Statistics,11.8,11.6,11.4,11.2,10.7,10.4,10.0,9.7
경상북도 - 청년여성인구(19~39세) - 청년인구비율,Statistics,317170.0,310171.0,305362.0,298132.0,284069.0,274578.0,262369.0,251508.0
경상북도 - 청년인구(19~34세) - 청년인구비율,Statistics,522559.0,508704.0,500982.0,494176.0,475505.0,463182.0,451810.0,444510.0
경상북도 - 청년인구(19~39세) - 청년인구비율,Statistics,705128.0,693453.0,686509.0,674272.0,643760.0,621957.0,600538.0,586044.0
경상북도 - 청년인구비율(19~34세) - 청년인구비율,Statistics,19.5,19.0,18.7,18.5,18.0,17.6,17.2,17.2
경상북도 - 청년인구비율(19~39세) - 청년인구비율,Statistics,26.3,25.9,25.7,25.3,24.3,23.6,22.9,22.6
경주시 - 전체인구 - 청년인구비율,Statistics,262769.0,262264.0,264282.0,264314.0,261778.0,261102.0,259674.0,259505.0
경주시 - 청년여성비율(19~39세) - 청년인구비율,Statistics,11.3,11.2,11.2,11.1,10.8,10.4,9.9,9.6
경주시 - 청년여성인구(19~39세) - 청년인구비율,Statistics,29739.0,29327.0,29576.0,29297.0,28205.0,27032.0,25801.0,24889.0
경주시 - 청년인구(19~34세) - 청년인구비율,Statistics,51591.0,50694.0,51390.0,51228.0,49151.0,47401.0,45423.0,45051.0
경주시 - 청년인구(19~39세) - 청년인구비율,Statistics,68775.0,67927.0,68830.0,68326.0,65157.0,62474.0,59696.0,58751.0
경주시 - 청년인구비율(19~34세) - 청년인구비율,Statistics,19.6,19.3,19.4,19.4,18.8,18.2,17.5,17.4
경주시 - 청년인구비율(19~39세) - 청년인구비율,Statistics,26.2,25.9,26.0,25.9,24.9,23.9,23.0,22.6
계룡시 - 전체인구 - 청년인구비율,Statistics,40576.0,41858.0,41557.0,41153.0,40854.0,41415.0,42416.0,44822.0
계룡시 - 청년여성비율(19~39세) - 청년인구비율,Statistics,11.7,11.3,11.0,10.7,10.5,9.9,9.8,9.9
계룡시 - 청년여성인구(19~39세) - 청년인구비율,Statistics,4736.0,4740.0,4578.0,4397.0,4287.0,4109.0,4136.0,4451.0
계룡시 - 청년인구(19~34세) - 청년인구비율,Statistics,6417.0,6445.0,6275.0,6362.0,6359.0,6185.0,6432.0,6923.0
계룡시 - 청년인구(19~39세) - 청년인구비율,Statistics,9732.0,9826.0,9600.0,9402.0,9149.0,8835.0,9073.0,9738.0
계룡시 - 청년인구비율(19~34세) - 청년인구비율,Statistics,15.8,15.4,15.1,15.5,15.6,14.9,15.2,15.4
계룡시 - 청년인구비율(19~39세) - 청년인구비율,Statistics,24.0,23.5,23.1,22.8,22.4,21.3,21.4,21.7
계양구 - 전체인구 - 청년인구비율,Statistics,323196.0,318104.0,307598.0,298912.0,292852.0,290967.0,288122.0,279818.0
계양구 - 청년여성비율(19~39세) - 청년인구비율,Statistics,15.2,14.9,14.7,14.3,13.9,13.5,13.4,12.7
계양구 - 청년여성인구(19~39세) - 청년인구비율,Statistics,48991.0,47500.0,45111.0,42627.0,40653.0,39260.0,38550.0,35560.0
계양구 - 청년인구(19~34세) - 청년인구비율,Statistics,75612.0,73128.0,69521.0,66592.0,64699.0,62855.0,62189.0,58038.0
계양구 - 청년인구(19~39세) - 청년인구비율,Statistics,100088.0,97167.0,92435.0,87858.0,84136.0,81492.0,79789.0,74412.0
계양구 - 청년인구비율(19~34세) - 청년인구비율,Statistics,23.4,23.0,22.6,22.3,22.1,21.6,21.6,20.7
계양구 - 청년인구비율(19~39세) - 청년인구비율,Statistics,31.0,30.5,30.1,29.4,28.7,28.0,27.7,26.6
고령군 - 전체인구 - 청년인구비율,Statistics,33417.0,33094.0,32660.0,32191.0,31419.0,30399.0,30142.0,30518.0
고령군 - 청년여성비율(19~39세) - 청년인구비율,Statistics,8.3,8.1,7.8,7.4,7.2,6.6,6.0,5.9
고령군 - 청년여성인구(19~39세) - 청년인구비율,Statistics,2766.0,2675.0,2546.0,2390.0,2272.0,1999.0,1809.0,1787.0
고령군 - 청년인구(19~34세) - 청년인구비율,Statistics,5273.0,5081.0,4967.0,4846.0,4542.0,4010.0,3929.0,4050.0
고령군 - 청년인구(19~39세) - 청년인구비율,Statistics,7206.0,6997.0,6828.0,6614.0,6145.0,5432.0,5227.0,5366.0
고령군 - 청년인구비율(19~34세) - 청년인구비율,Statistics,15.8,15.4,15.2,15.1,14.5,13.2,13.0,13.3
고령군 - 청년인구비율(19~39세) - 청년인구비율,Statistics,21.6,21.1,20.9,20.5,19.6,17.9,17.3,17.6
고성군 - 전체인구 - 청년인구비율,Statistics,28984.0,28621.0,28127.0,27144.0,26572.0,26650.0,27127.0,27811.0
고성군 - 청년여성비율(19~39세) - 청년인구비율,Statistics,10.3,9.4,9.2,8.7,7.9,7.7,7.7,8.2
고성군 - 청년여성인구(19~39세) - 청년인구비율,Statistics,2984.0,2703.0,2585.0,2351.0,2112.0,2043.0,2095.0,2289.0
고성군 - 청년인구(19~34세) - 청년인구비율,Statistics,7371.0,6865.0,6428.0,5639.0,5024.0,4672.0,4707.0,4990.0
고성군 - 청년인구(19~39세) - 청년인구비율,Statistics,8537.0,8051.0,7658.0,6881.0,6211.0,5892.0,5954.0,6293.0
고성군 - 청년인구비율(19~34세) - 청년인구비율,Statistics,25.4,24.0,22.9,20.8,18.9,17.5,17.4,17.9
고성군 - 청년인구비율(19~39세) - 청년인구비율,Statistics,29.5,28.1,27.2,25.3,23.4,22.1,21.9,22.6
고양시 - 전체인구 - 청년인구비율,Statistics,999098.0,1005102.0,1006992.0,1024645.0,1045497.0,1049513.0,1044242.0,1047592.0
고양시 - 청년여성비율(19~39세) - 청년인구비율,Statistics,14.2,14.1,13.9,13.7,13.8,13.4,13.1,12.9
고양시 - 청년여성인구(19~39세) - 청년인구비율,Statistics,141506.0,141225.0,139708.0,140841.0,143934.0,140942.0,137030.0,135461.0
고양시 - 청년인구(19~34세) - 청년인구비율,Statistics,206310.0,206564.0,204738.0,208535.0,215419.0,212953.0,208099.0,205544.0
고양시 - 청년인구(19~39세) - 청년인구비율,Statistics,282281.0,282641.0,280964.0,284709.0,290359.0,285701.0,277843.0,274104.0
고양시 - 청년인구비율(19~34세) - 청년인구비율,Statistics,20.6,20.6,20.3,20.4,20.6,20.3,19.9,19.6
고양시 - 청년인구비율(19~39세) - 청년인구비율,Statistics,28.3,28.1,27.9,27.8,27.8,27.2,26.6,26.2
고창군 - 전체인구 - 청년인구비율,Statistics,55326.0,54947.0,54425.0,53260.0,52608.0,51180.0,50784.0,50731.0
고창군 - 청년여성비율(19~39세) - 청년인구비율,Statistics,7.5,7.4,7.4,7.3,7.1,6.5,6.2,6.5
고창군 - 청년여성인구(19~39세) - 청년인구비율,Statistics,4165.0,4082.0,4054.0,3896.0,3724.0,3306.0,3128.0,3287.0
고창군 - 청년인구(19~34세) - 청년인구비율,Statistics,7233.0,7071.0,6934.0,6516.0,6169.0,5631.0,5375.0,5576.0
고창군 - 청년인구(19~39세) - 청년인구비율,Statistics,9658.0,9490.0,9341.0,8819.0,8371.0,7656.0,7371.0,7643.0
고창군 - 청년인구비율(19~34세) - 청년인구비율,Statistics,13.1,12.9,12.7,12.2,11.7,11.0,10.6,11.0
고창군 - 청년인구비율(19~39세) - 청년인구비율,Statistics,17.5,17.3,17.2,16.6,15.9,15.0,14.5,15.1
고흥군 - 전체인구 - 청년인구비율,Statistics,61690.0,60984.0,60664.0,60332.0,60045.0,58873.0,58630.0,58735.0
고흥군 - 청년여성비율(19~39세) - 청년인구비율,Statistics,6.0,5.8,5.8,5.7,5.5,5.1,4.9,4.8
고흥군 - 청년여성인구(19~39세) - 청년인구비율,Statistics,3717.0,3540.0,3548.0,3469.0,3289.0,2974.0,2894.0,2848.0
고흥군 - 청년인구(19~34세) - 청년인구비율,Statistics,6183.0,5936.0,6069.0,6113.0,5857.0,5284.0,5277.0,5512.0
고흥군 - 청년인구(19~39세) - 청년인구비율,Statistics,8537.0,8263.0,8336.0,8312.0,7938.0,7222.0,7112.0,7409.0
고흥군 - 청년인구비율(19~34세) - 청년인구비율,Statistics,10.0,9.7,10.0,10.1,9.8,9.0,9.0,9.4
고흥군 - 청년인구비율(19~39세) - 청년인구비율,Statistics,13.8,13.5,13.7,13.8,13.2,12.3,12.1,12.6
곡성군 - 전체인구 - 청년인구비율,Statistics,28718.0,28768.0,28116.0,27858.0,27349.0,26781.0,26454.0,26273.0
곡성군 - 청년여성비율(19~39세) - 청년인구비율,Statistics,8.7,8.6,8.5,8.2,8.0,7.5,7.1,6.7
곡성군 - 청년여성인구(19~39세) - 청년인구비율,Statistics,2489.0,2460.0,2397.0,2291.0,2196.0,2021.0,1890.0,1770.0
곡성군 - 청년인구(19~34세) - 청년인구비율,Statistics,4492.0,4439.0,4213.0,4272.0,4080.0,3855.0,3683.0,3562.0
곡성군 - 청년인구(19~39세) - 청년인구비율,Statistics,5654.0,5594.0,5319.0,5336.0,5068.0,4724.0,4536.0,4386.0
곡성군 - 청년인구비율(19~34세) - 청년인구비율,Statistics,15.6,15.4,15.0,15.3,14.9,14.4,13.9,13.6
곡성군 - 청년인구비율(19~39세) - 청년인구비율,Statistics,19.7,19.4,18.9,19.2,18.5,17.6,17.1,16.7
공주시 - 전체인구 - 청년인구비율,Statistics,112928.0,111017.0,110119.0,109877.0,108333.0,106915.0,106038.0,105498.0
공주시 - 청년여성비율(19~39세) - 청년인구비율,Statistics,12.7,12.4,12.3,12.1,11.3,11.4,11.2,11.1
공주시 - 청년여성인구(19~39세) - 청년인구비율,Statistics,14341.0,13787.0,13590.0,13290.0,12202.0,12187.0,11843.0,11729.0
공주시 - 청년인구(19~34세) - 청년인구비율,Statistics,23472.0,22538.0,22215.0,21822.0,20382.0,20282.0,19856.0,19792.0
공주시 - 청년인구(19~39세) - 청년인구비율,Statistics,29558.0,28437.0,28118.0,27477.0,25636.0,25185.0,24450.0,24295.0
공주시 - 청년인구비율(19~34세) - 청년인구비율,Statistics,20.8,20.3,20.2,19.9,18.8,19.0,18.7,18.8
공주시 - 청년인구비율(19~39세) - 청년인구비율,Statistics,26.2,25.6,25.5,25.0,23.7,23.6,23.1,23.0
과천시 - 전체인구 - 청년인구비율,Statistics,60923.0,53583.0,53740.0,53830.0,58018.0,65880.0,73406.0,76824.0
과천시 - 청년여성비율(19~39세) - 청년인구비율,Statistics,13.1,12.7,12.8,13.0,13.6,13.6,13.5,13.2
과천시 - 청년여성인구(19~39세) - 청년인구비율,Statistics,7955.0,6828.0,6888.0,6974.0,7898.0,8936.0,9895.0,10128.0
과천시 - 청년인구(19~34세) - 청년인구비율,Statistics,12488.0,10705.0,10786.0,10932.0,12228.0,13515.0,14475.0,14400.0
과천시 - 청년인구(19~39세) - 청년인구비율,Statistics,16311.0,14019.0,14265.0,14641.0,16402.0,18378.0,20104.0,20377.0
과천시 - 청년인구비율(19~34세) - 청년인구비율,Statistics,20.5,20.0,20.1,20.3,21.1,20.5,19.7,18.7
과천시 - 청년인구비율(19~39세) - 청년인구비율,Statistics,26.8,26.2,26.5,27.2,28.3,27.9,27.4,26.5
관악구 - 전체인구 - 청년인구비율,Statistics,515648.0,511222.0,510303.0,507828.0,502641.0,495777.0,496743.0,493677.0
관악구 - 청년여성비율(19~39세) - 청년인구비율,Statistics,19.0,19.1,19.6,19.9,20.1,20.2,20.6,20.7
관악구 - 청년여성인구(19~39세) - 청년인구비율,Statistics,97736.0,97886.0,99939.0,100939.0,101224.0,100109.0,102265.0,102281.0
관악구 - 청년인구(19~34세) - 청년인구비율,Statistics,161722.0,160851.0,163978.0,167026.0,169126.0,169015.0,174228.0,174707.0
관악구 - 청년인구(19~39세) - 청년인구비율,Statistics,205289.0,204661.0,207236.0,208180.0,207728.0,205423.0,209074.0,208830.0
관악구 - 청년인구비율(19~34세) - 청년인구비율,Statistics,31.4,31.5,32.1,32.9,33.6,34.1,35.1,35.4
관악구 - 청년인구비율(19~39세) - 청년인구비율,Statistics,39.8,40.0,40.6,41.0,41.3,41.4,42.1,42.3
광명시 - 전체인구 - 청년인구비율,Statistics,334361.0,328253.0,323460.0,313462.0,298116.0,290345.0,284031.0,275397.0
광명시 - 청년여성비율(19~39세) - 청년인구비율,Statistics,14.5,14.2,13.9,13.6,13.4,13.0,12.6,12.3
광명시 - 청년여성인구(19~39세) - 청년인구비율,Statistics,48416.0,46475.0,44891.0,42505.0,39891.0,37787.0,35671.0,33918.0
광명시 - 청년인구(19~34세) - 청년인구비율,Statistics,69673.0,66821.0,64936.0,62366.0,59340.0,56773.0,54300.0,51828.0
광명시 - 청년인구(19~39세) - 청년인구비율,Statistics,98677.0,95224.0,92361.0,87735.0,81950.0,77951.0,73830.0,69952.0
광명시 - 청년인구비율(19~34세) - 청년인구비율,Statistics,20.8,20.4,20.1,19.9,19.9,19.6,19.1,18.8
광명시 - 청년인구비율(19~39세) - 청년인구비율,Statistics,29.5,29.0,28.6,28.0,27.5,26.8,26.0,25.4
광산구 - 전체인구 - 청년인구비율,Statistics,417200.0,419625.0,420665.0,423310.0,422502.0,422758.0,421755.0,417491.0
광산구 - 청년여성비율(19~39세) - 청년인구비율,Statistics,15.4,15.3,15.1,15.0,14.6,14.4,14.2,13.8
광산구 - 청년여성인구(19~39세) - 청년인구비율,Statistics,64401.0,64129.0,63579.0,63503.0,61726.0,61085.0,59697.0,57570.0
광산구 - 청년인구(19~34세) - 청년인구비율,Statistics,93675.0,94154.0,94387.0,95872.0,95964.0,96360.0,96167.0,95116.0
광산구 - 청년인구(19~39세) - 청년인구비율,Statistics,132038.0,132567.0,132315.0,132270.0,129712.0,127922.0,125177.0,121930.0
광산구 - 청년인구비율(19~34세) - 청년인구비율,Statistics,22.5,22.4,22.4,22.6,22.7,22.8,22.8,22.8
광산구 - 청년인구비율(19~39세) - 청년인구비율,Statistics,31.6,31.6,31.5,31.2,30.7,30.3,29.7,29.2
광양시 - 전체인구 - 청년인구비율,Statistics,144364.0,144010.0,144027.0,143656.0,143928.0,144226.0,145926.0,147378.0
광양시 - 청년여성비율(19~39세) - 청년인구비율,Statistics,12.1,11.8,11.7,11.4,11.1,10.7,10.5,10.2
광양시 - 청년여성인구(19~39세) - 청년인구비율,Statistics,17401.0,16993.0,16920.0,16412.0,15985.0,15404.0,15324.0,15048.0
광양시 - 청년인구(19~34세) - 청년인구비율,Statistics,27592.0,26907.0,26695.0,26635.0,26612.0,25872.0,26028.0,26161.0
광양시 - 청년인구(19~39세) - 청년인구비율,Statistics,38543.0,37969.0,37838.0,37346.0,36798.0,35604.0,35295.0,34986.0
광양시 - 청년인구비율(19~34세) - 청년인구비율,Statistics,19.1,18.7,18.5,18.5,18.5,17.9,17.8,17.8
광양시 - 청년인구비율(19~39세) - 청년인구비율,Statistics,26.7,26.4,26.3,26.0,25.6,24.7,24.2,23.7
광주광역시 - 전체인구 - 청년인구비율,Statistics,1501557.0,1496172.0,1490092.0,1489730.0,1477573.0,1475262.0,1468972.0,1457090.0
광주광역시 - 청년여성비율(19~39세) - 청년인구비율,Statistics,14.8,14.7,14.6,14.5,14.1,14.0,13.7,13.3
광주광역시 - 청년여성인구(19~39세) - 청년인구비율,Statistics,222824.0,219836.0,216908.0,215469.0,208688.0,205970.0,200970.0,193907.0
광주광역시 - 청년인구(19~34세) - 청년인구비율,Statistics,339609.0,334623.0,330553.0,332594.0,326416.0,325701.0,322852.0,315907.0
광주광역시 - 청년인구(19~39세) - 청년인구비율,Statistics,457267.0,452782.0,448152.0,445955.0,432636.0,426014.0,416243.0,403570.0
광주광역시 - 청년인구비율(19~34세) - 청년인구비율,Statistics,22.6,22.4,22.2,22.3,22.1,22.1,22.0,21.7
광주광역시 - 청년인구비율(19~39세) - 청년인구비율,Statistics,30.5,30.3,30.1,29.9,29.3,28.9,28.3,27.7
광주시 - 전체인구 - 청년인구비율,Statistics,322302.0,341046.0,364178.0,375238.0,385141.0,387700.0,392926.0,394667.0
광주시 - 청년여성비율(19~39세) - 청년인구비율,Statistics,14.1,14.1,14.1,13.8,13.4,12.8,12.2,11.7
광주시 - 청년여성인구(19~39세) - 청년인구비율,Statistics,45498.0,48219.0,51483.0,51931.0,51711.0,49670.0,48019.0,46148.0
광주시 - 청년인구(19~34세) - 청년인구비율,Statistics,69896.0,73155.0,76910.0,77969.0,78352.0,75799.0,74865.0,74052.0
광주시 - 청년인구(19~39세) - 청년인구비율,Statistics,100226.0,106281.0,113446.0,114661.0,113587.0,108451.0,105640.0,102943.0
광주시 - 청년인구비율(19~34세) - 청년인구비율,Statistics,21.7,21.5,21.1,20.8,20.3,19.6,19.1,18.8
광주시 - 청년인구비율(19~39세) - 청년인구비율,Statistics,31.1,31.2,31.2,30.6,29.5,28.0,26.9,26.1
광진구 - 전체인구 - 청년인구비율,Statistics,363979.0,363934.0,362304.0,359766.0,353967.0,347099.0,346519.0,348160.0
광진구 - 청년여성비율(19~39세) - 청년인구비율,Statistics,18.5,18.8,19.0,19.0,19.2,19.1,19.2,19.2
광진구 - 청년여성인구(19~39세) - 청년인구비율,Statistics,67474.0,68303.0,68713.0,68519.0,67819.0,66414.0,66380.0,67008.0
광진구 - 청년인구(19~34세) - 청년인구비율,Statistics,103852.0,103882.0,103641.0,103805.0,102621.0,100980.0,101900.0,103572.0
광진구 - 청년인구(19~39세) - 청년인구비율,Statistics,133131.0,133749.0,133749.0,132775.0,129847.0,126744.0,126578.0,127855.0
광진구 - 청년인구비율(19~34세) - 청년인구비율,Statistics,28.5,28.5,28.6,28.9,29.0,29.1,29.4,29.7
광진구 - 청년인구비율(19~39세) - 청년인구비율,Statistics,36.6,36.8,36.9,36.9,36.7,36.5,36.5,36.7
괴산군 - 전체인구 - 청년인구비율,Statistics,38164.0,38579.0,38453.0,38808.0,38093.0,37526.0,37830.0,37607.0
괴산군 - 청년여성비율(19~39세) - 청년인구비율,Statistics,9.1,9.0,8.7,8.7,8.1,7.8,7.3,6.6
괴산군 - 청년여성인구(19~39세) - 청년인구비율,Statistics,3461.0,3471.0,3336.0,3392.0,3102.0,2913.0,2758.0,2487.0
괴산군 - 청년인구(19~34세) - 청년인구비율,Statistics,6771.0,6892.0,6813.0,7060.0,6313.0,5804.0,5712.0,5457.0
괴산군 - 청년인구(19~39세) - 청년인구비율,Statistics,8259.0,8401.0,8323.0,8604.0,7731.0,7107.0,6969.0,6745.0
괴산군 - 청년인구비율(19~34세) - 청년인구비율,Statistics,17.7,17.9,17.7,18.2,16.6,15.5,15.1,14.5
괴산군 - 청년인구비율(19~39세) - 청년인구비율,Statistics,21.6,21.8,21.6,22.2,20.3,18.9,18.4,17.9
구례군 - 전체인구 - 청년인구비율,Statistics,24278.0,24420.0,24246.0,23836.0,23907.0,23543.0,23165.0,22894.0
구례군 - 청년여성비율(19~39세) - 청년인구비율,Statistics,7.3,7.1,7.1,7.0,6.7,5.9,5.6,5.5
구례군 - 청년여성인구(19~39세) - 청년인구비율,Statistics,1781.0,1746.0,1717.0,1664.0,1591.0,1398.0,1305.0,1265.0
구례군 - 청년인구(19~34세) - 청년인구비율,Statistics,2810.0,2722.0,2635.0,2550.0,2471.0,2242.0,2127.0,2061.0
구례군 - 청년인구(19~39세) - 청년인구비율,Statistics,3930.0,3832.0,3724.0,3564.0,3398.0,3065.0,2848.0,2747.0
구례군 - 청년인구비율(19~34세) - 청년인구비율,Statistics,11.6,11.1,10.9,10.7,10.3,9.5,9.2,9.0
구례군 - 청년인구비율(19~39세) - 청년인구비율,Statistics,16.2,15.7,15.4,15.0,14.2,13.0,12.3,12.0
구로구 - 전체인구 - 청년인구비율,Statistics,442165.0,436869.0,433765.0,435560.0,435442.0,426220.0,424038.0,423397.0
구로구 - 청년여성비율(19~39세) - 청년인구비율,Statistics,15.6,15.2,15.0,14.9,14.8,14.5,14.4,14.1
구로구 - 청년여성인구(19~39세) - 청년인구비율,Statistics,68802.0,66514.0,64862.0,65033.0,64319.0,61713.0,60885.0,59863.0
구로구 - 청년인구(19~34세) - 청년인구비율,Statistics,100455.0,96515.0,94015.0,94234.0,94473.0,91510.0,90346.0,88802.0
구로구 - 청년인구(19~39세) - 청년인구비율,Statistics,139388.0,135242.0,131849.0,131164.0,129768.0,124503.0,122297.0,120327.0
구로구 - 청년인구비율(19~34세) - 청년인구비율,Statistics,22.7,22.1,21.7,21.6,21.7,21.5,21.3,21.0
구로구 - 청년인구비율(19~39세) - 청년인구비율,Statistics,31.5,31.0,30.4,30.1,29.8,29.2,28.8,28.4
구리시 - 전체인구 - 청년인구비율,Statistics,183905.0,189741.0,195868.0,192270.0,192051.0,187798.0,184114.0,183048.0
구리시 - 청년여성비율(19~39세) - 청년인구비율,Statistics,14.3,14.3,14.3,14.0,13.8,13.4,12.9,12.6
구리시 - 청년여성인구(19~39세) - 청년인구비율,Statistics,26275.0,27145.0,28094.0,26826.0,26553.0,25200.0,23838.0,23125.0
구리시 - 청년인구(19~34세) - 청년인구비율,Statistics,38780.0,39702.0,40380.0,39232.0,39636.0,38072.0,36511.0,35519.0
구리시 - 청년인구(19~39세) - 청년인구비율,Statistics,53193.0,55098.0,56893.0,54697.0,54066.0,51330.0,48623.0,47124.0
구리시 - 청년인구비율(19~34세) - 청년인구비율,Statistics,21.1,20.9,20.6,20.4,20.6,20.3,19.8,19.4
구리시 - 청년인구비율(19~39세) - 청년인구비율,Statistics,28.9,29.0,29.0,28.4,28.2,27.3,26.4,25.7
구미시 - 전체인구 - 청년인구비율,Statistics,422237.0,423003.0,422195.0,420319.0,416603.0,413963.0,409171.0,407458.0
구미시 - 청년여성비율(19~39세) - 청년인구비율,Statistics,15.7,15.2,14.9,14.4,13.9,13.3,12.8,12.2
구미시 - 청년여성인구(19~39세) - 청년인구비율,Statistics,66222.0,64249.0,62915.0,60648.0,58071.0,55142.0,52234.0,49682.0
구미시 - 청년인구(19~34세) - 청년인구비율,Statistics,105458.0,101854.0,99147.0,96494.0,92989.0,89275.0,85966.0,83723.0
구미시 - 청년인구(19~39세) - 청년인구비율,Statistics,144030.0,141354.0,139091.0,135202.0,129476.0,124244.0,118874.0,115022.0
구미시 - 청년인구비율(19~34세) - 청년인구비율,Statistics,25.0,24.1,23.5,23.0,22.3,21.6,21.0,20.5
구미시 - 청년인구비율(19~39세) - 청년인구비율,Statistics,34.1,33.4,32.9,32.2,31.1,30.0,29.1,28.2
군산시 - 전체인구 - 청년인구비율,Statistics,276394.0,273649.0,272204.0,270635.0,269023.0,267635.0,266438.0,265764.0
군산시 - 청년여성비율(19~39세) - 청년인구비율,Statistics,12.5,12.2,12.0,11.8,11.5,11.1,10.6,10.2
군산시 - 청년여성인구(19~39세) - 청년인구비율,Statistics,34418.0,33414.0,32635.0,31847.0,30900.0,29656.0,28334.0,27132.0
군산시 - 청년인구(19~34세) - 청년인구비율,Statistics,55919.0,53180.0,52003.0,51229.0,50165.0,49071.0,48132.0,47655.0
군산시 - 청년인구(19~39세) - 청년인구비율,Statistics,77152.0,74243.0,72844.0,71174.0,68702.0,66321.0,63871.0,62462.0
군산시 - 청년인구비율(19~34세) - 청년인구비율,Statistics,20.2,19.4,19.1,18.9,18.6,18.3,18.1,17.9
군산시 - 청년인구비율(19~39세) - 청년인구비율,Statistics,27.9,27.1,26.8,26.3,25.5,24.8,24.0,23.5
군위군 - 전체인구 - 청년인구비율,Statistics,22079.0,22230.0,22277.0,22206.0,22096.0,21285.0,21797.0,21799.0
군위군 - 청년여성비율(19~39세) - 청년인구비율,Statistics,6.3,6.1,6.0,5.7,5.2,4.8,4.7,4.3
군위군 - 청년여성인구(19~39세) - 청년인구비율,Statistics,1381.0,1354.0,1332.0,1258.0,1160.0,1016.0,1024.0,932.0
군위군 - 청년인구(19~34세) - 청년인구비율,Statistics,2719.0,2618.0,2601.0,2523.0,2348.0,2055.0,2003.0,1874.0
군위군 - 청년인구(19~39세) - 청년인구비율,Statistics,3554.0,3501.0,3494.0,3360.0,3093.0,2735.0,2734.0,2551.0
군위군 - 청년인구비율(19~34세) - 청년인구비율,Statistics,12.3,11.8,11.7,11.4,10.6,9.7,9.2,8.6
군위군 - 청년인구비율(19~39세) - 청년인구비율,Statistics,16.1,15.7,15.7,15.1,14.0,12.8,12.5,11.7
군포시 - 전체인구 - 청년인구비율,Statistics,284301.0,280913.0,276860.0,275154.0,275571.0,270443.0,267750.0,263939.0
군포시 - 청년여성비율(19~39세) - 청년인구비율,Statistics,14.9,14.6,14.3,14.0,13.9,13.6,13.2,12.9
군포시 - 청년여성인구(19~39세) - 청년인구비율,Statistics,42366.0,40979.0,39505.0,38573.0,38251.0,36721.0,35470.0,33967.0
군포시 - 청년인구(19~34세) - 청년인구비율,Statistics,63545.0,61365.0,59476.0,58863.0,59336.0,57540.0,56372.0,54283.0
군포시 - 청년인구(19~39세) - 청년인구비율,Statistics,87084.0,84612.0,82050.0,80562.0,79858.0,76756.0,74755.0,71765.0
군포시 - 청년인구비율(19~34세) - 청년인구비율,Statistics,22.4,21.8,21.5,21.4,21.5,21.3,21.1,20.6
군포시 - 청년인구비율(19~39세) - 청년인구비율,Statistics,30.6,30.1,29.6,29.3,29.0,28.4,27.9,27.2
금산군 - 전체인구 - 청년인구비율,Statistics,56697.0,55672.0,55015.0,54442.0,53758.0,52436.0,52399.0,53124.0
금산군 - 청년여성비율(19~39세) - 청년인구비율,Statistics,11.0,10.7,10.6,10.7,10.3,9.6,9.5,9.6
금산군 - 청년여성인구(19~39세) - 청년인구비율,Statistics,6244.0,5981.0,5839.0,5802.0,5539.0,5049.0,4977.0,5094.0
금산군 - 청년인구(19~34세) - 청년인구비율,Statistics,11288.0,10583.0,10101.0,9948.0,9421.0,8701.0,8710.0,8897.0
금산군 - 청년인구(19~39세) - 청년인구비율,Statistics,14079.0,13356.0,12848.0,12526.0,11823.0,10824.0,10733.0,10978.0
금산군 - 청년인구비율(19~34세) - 청년인구비율,Statistics,19.9,19.0,18.4,18.3,17.5,16.6,16.6,16.7
금산군 - 청년인구비율(19~39세) - 청년인구비율,Statistics,24.8,24.0,23.4,23.0,22.0,20.6,20.5,20.7
금정구 - 전체인구 - 청년인구비율,Statistics,247752.0,246891.0,247971.0,244726.0,237219.0,233596.0,227484.0,221890.0
금정구 - 청년여성비율(19~39세) - 청년인구비율,Statistics,14.4,14.4,14.3,14.1,13.7,13.4,13.2,12.9
금정구 - 청년여성인구(19~39세) - 청년인구비율,Statistics,35794.0,35464.0,35514.0,34387.0,32406.0,31339.0,29964.0,28514.0
금정구 - 청년인구(19~34세) - 청년인구비율,Statistics,59572.0,58681.0,58640.0,57469.0,54626.0,53667.0,52053.0,49732.0
금정구 - 청년인구(19~39세) - 청년인구비율,Statistics,75156.0,74375.0,74339.0,72259.0,67778.0,65868.0,63068.0,60097.0
금정구 - 청년인구비율(19~34세) - 청년인구비율,Statistics,24.0,23.8,23.6,23.5,23.0,23.0,22.9,22.4
금정구 - 청년인구비율(19~39세) - 청년인구비율,Statistics,30.3,30.1,30.0,29.5,28.6,28.2,27.7,27.1
금천구 - 전체인구 - 청년인구비율,Statistics,247819.0,249930.0,249344.0,249747.0,249419.0,247398.0,247185.0,245860.0
금천구 - 청년여성비율(19~39세) - 청년인구비율,Statistics,14.4,14.5,14.5,14.6,14.9,15.2,15.3,15.3
금천구 - 청년여성인구(19~39세) - 청년인구비율,Statistics,35681.0,36352.0,36118.0,36474.0,37252.0,37481.0,37851.0,37619.0
금천구 - 청년인구(19~34세) - 청년인구비율,Statistics,58240.0,58329.0,58234.0,58822.0,60164.0,60647.0,61260.0,60529.0
금천구 - 청년인구(19~39세) - 청년인구비율,Statistics,76989.0,77937.0,77841.0,78163.0,78801.0,78802.0,79051.0,78017.0
금천구 - 청년인구비율(19~34세) - 청년인구비율,Statistics,23.5,23.3,23.4,23.6,24.1,24.5,24.8,24.6
금천구 - 청년인구비율(19~39세) - 청년인구비율,Statistics,31.1,31.2,31.2,31.3,31.6,31.9,32.0,31.7
기장군 - 전체인구 - 청년인구비율,Statistics,154091.0,156561.0,160335.0,160732.0,169465.0,172902.0,174501.0,175691.0
기장군 - 청년여성비율(19~39세) - 청년인구비율,Statistics,13.9,13.4,13.0,12.4,12.2,11.7,11.1,10.6
기장군 - 청년여성인구(19~39세) - 청년인구비율,Statistics,21398.0,20982.0,20802.0,19886.0,20599.0,20184.0,19445.0,18576.0
기장군 - 청년인구(19~34세) - 청년인구비율,Statistics,27935.0,26788.0,26418.0,25848.0,27759.0,27747.0,27610.0,27391.0
기장군 - 청년인구(19~39세) - 청년인구비율,Statistics,44151.0,43340.0,43013.0,41452.0,42839.0,41890.0,40684.0,39676.0
기장군 - 청년인구비율(19~34세) - 청년인구비율,Statistics,18.1,17.1,16.5,16.1,16.4,16.0,15.8,15.6
기장군 - 청년인구비율(19~39세) - 청년인구비율,Statistics,28.7,27.7,26.8,25.8,25.3,24.2,23.3,22.6
김제시 - 전체인구 - 청년인구비율,Statistics,82888.0,82358.0,81410.0,80422.0,79733.0,77998.0,78277.0,79663.0
김제시 - 청년여성비율(19~39세) - 청년인구비율,Statistics,8.7,8.5,8.4,8.3,8.1,7.6,7.5,7.7
김제시 - 청년여성인구(19~39세) - 청년인구비율,Statistics,7206.0,7002.0,6862.0,6656.0,6432.0,5910.0,5879.0,6137.0
김제시 - 청년인구(19~34세) - 청년인구비율,Statistics,12551.0,12054.0,11870.0,11532.0,11133.0,10415.0,10629.0,11257.0
김제시 - 청년인구(19~39세) - 청년인구비율,Statistics,16885.0,16472.0,16177.0,15710.0,15001.0,13992.0,14084.0,14869.0
김제시 - 청년인구비율(19~34세) - 청년인구비율,Statistics,15.1,14.6,14.6,14.3,14.0,13.4,13.6,14.1
김제시 - 청년인구비율(19~39세) - 청년인구비율,Statistics,20.4,20.0,19.9,19.5,18.8,17.9,18.0,18.7
김천시 - 전체인구 - 청년인구비율,Statistics,139709.0,140765.0,139894.0,139902.0,139145.0,137962.0,137698.0,137413.0
김천시 - 청년여성비율(19~39세) - 청년인구비율,Statistics,11.7,11.6,11.4,11.0,10.6,10.0,9.6,9.4
김천시 - 청년여성인구(19~39세) - 청년인구비율,Statistics,16322.0,16336.0,15890.0,15433.0,14684.0,13829.0,13284.0,12964.0
김천시 - 청년인구(19~34세) - 청년인구비율,Statistics,26335.0,25975.0,25286.0,24632.0,23671.0,22549.0,22112.0,22064.0
김천시 - 청년인구(19~39세) - 청년인구비율,Statistics,35388.0,35320.0,34635.0,33850.0,32317.0,30629.0,29602.0,29261.0
김천시 - 청년인구비율(19~34세) - 청년인구비율,Statistics,18.8,18.5,18.1,17.6,17.0,16.3,16.1,16.1
김천시 - 청년인구비율(19~39세) - 청년인구비율,Statistics,25.3,25.1,24.8,24.2,23.2,22.2,21.5,21.3
김포시 - 전체인구 - 청년인구비율,Statistics,365770.0,392438.0,424865.0,442910.0,474546.0,491572.0,491249.0,496323.0
김포시 - 청년여성비율(19~39세) - 청년인구비율,Statistics,13.6,13.7,13.7,13.4,13.5,13.2,12.5,11.9
김포시 - 청년여성인구(19~39세) - 청년인구비율,Statistics,49759.0,53672.0,58312.0,59265.0,63977.0,64877.0,61346.0,59173.0
김포시 - 청년인구(19~34세) - 청년인구비율,Statistics,73179.0,76515.0,83290.0,85582.0,91509.0,92479.0,89951.0,90653.0
김포시 - 청년인구(19~39세) - 청년인구비율,Statistics,109780.0,117719.0,128926.0,131807.0,139477.0,139571.0,133140.0,131120.0
김포시 - 청년인구비율(19~34세) - 청년인구비율,Statistics,20.0,19.5,19.6,19.3,19.3,18.8,18.3,18.3
김포시 - 청년인구비율(19~39세) - 청년인구비율,Statistics,30.0,30.0,30.3,29.8,29.4,28.4,27.1,26.4
김해시 - 전체인구 - 청년인구비율,Statistics,532912.0,536456.0,539401.0,549331.0,552427.0,547995.0,547313.0,548672.0
김해시 - 청년여성비율(19~39세) - 청년인구비율,Statistics,13.4,13.2,13.1,12.9,12.6,12.1,11.6,11.1
김해시 - 청년여성인구(19~39세) - 청년인구비율,Statistics,71505.0,71006.0,70673.0,70955.0,69867.0,66196.0,63262.0,60763.0
김해시 - 청년인구(19~34세) - 청년인구비율,Statistics,111851.0,110846.0,110720.0,112707.0,112791.0,107988.0,105793.0,104481.0
김해시 - 청년인구(19~39세) - 청년인구비율,Statistics,158125.0,157534.0,157218.0,158740.0,156148.0,148399.0,143598.0,140952.0
김해시 - 청년인구비율(19~34세) - 청년인구비율,Statistics,21.0,20.7,20.5,20.5,20.4,19.7,19.3,19.0
김해시 - 청년인구비율(19~39세) - 청년인구비율,Statistics,29.7,29.4,29.1,28.9,28.3,27.1,26.2,25.7
나주시 - 전체인구 - 청년인구비율,Statistics,98221.0,105579.0,109862.0,112101.0,113293.0,115138.0,114785.0,117012.0
나주시 - 청년여성비율(19~39세) - 청년인구비율,Statistics,12.1,12.4,12.5,12.4,11.9,11.8,11.3,11.4
나주시 - 청년여성인구(19~39세) - 청년인구비율,Statistics,11893.0,13142.0,13780.0,13854.0,13520.0,13549.0,12972.0,13365.0
나주시 - 청년인구(19~34세) - 청년인구비율,Statistics,18426.0,19621.0,20425.0,20798.0,20848.0,20954.0,20531.0,21575.0
나주시 - 청년인구(19~39세) - 청년인구비율,Statistics,25284.0,27595.0,28985.0,29187.0,28854.0,28807.0,27918.0,28994.0
나주시 - 청년인구비율(19~34세) - 청년인구비율,Statistics,18.8,18.6,18.6,18.6,18.4,18.2,17.9,18.4
나주시 - 청년인구비율(19~39세) - 청년인구비율,Statistics,25.7,26.1,26.4,26.0,25.5,25.0,24.3,24.8
남구 - 전체인구 - 청년인구비율,Statistics,279802.0,275941.0,282645.0,278849.0,269111.0,264756.0,258062.0,258412.0
남구 - 청년여성비율(19~39세) - 청년인구비율,Statistics,13.9,13.8,13.9,13.8,13.4,13.0,12.5,12.8
남구 - 청년여성인구(19~39세) - 청년인구비율,Statistics,39029.0,38006.0,39197.0,38605.0,35976.0,34334.0,32224.0,33018.0
남구 - 청년인구(19~34세) - 청년인구비율,Statistics,61629.0,60533.0,62083.0,61780.0,57993.0,56328.0,53742.0,55751.0
남구 - 청년인구(19~39세) - 청년인구비율,Statistics,81079.0,79493.0,81965.0,80614.0,74736.0,71512.0,67480.0,68838.0
남구 - 청년인구비율(19~34세) - 청년인구비율,Statistics,22.0,21.9,22.0,22.2,21.5,21.3,20.8,21.6
남구 - 청년인구비율(19~39세) - 청년인구비율,Statistics,29.0,28.8,29.0,28.9,27.8,27.0,26.1,26.6
남동구 - 전체인구 - 청년인구비율,Statistics,528939.0,534050.0,537389.0,533119.0,528927.0,521165.0,511392.0,500087.0
남동구 - 청년여성비율(19~39세) - 청년인구비율,Statistics,14.7,14.5,14.3,13.9,13.6,13.2,12.7,12.1
남동구 - 청년여성인구(19~39세) - 청년인구비율,Statistics,77889.0,77451.0,76788.0,74267.0,72115.0,68746.0,64742.0,60509.0
남동구 - 청년인구(19~34세) - 청년인구비율,Statistics,117112.0,115385.0,114444.0,112117.0,110756.0,107143.0,103234.0,98602.0
남동구 - 청년인구(19~39세) - 청년인구비율,Statistics,164187.0,163392.0,162635.0,157376.0,152202.0,145176.0,137515.0,130007.0
남동구 - 청년인구비율(19~34세) - 청년인구비율,Statistics,22.1,21.6,21.3,21.0,20.9,20.6,20.2,19.7
남동구 - 청년인구비율(19~39세) - 청년인구비율,Statistics,31.0,30.6,30.3,29.5,28.8,27.9,26.9,26.0
남양주시 - 전체인구 - 청년인구비율,Statistics,641589.0,644936.0,661866.0,681077.0,696033.0,713549.0,719886.0,716123.0
남양주시 - 청년여성비율(19~39세) - 청년인구비율,Statistics,13.4,13.1,13.0,12.7,12.6,12.2,11.8,11.5
남양주시 - 청년여성인구(19~39세) - 청년인구비율,Statistics,86147.0,84580.0,85721.0,86638.0,87567.0,87404.0,85279.0,82456.0
남양주시 - 청년인구(19~34세) - 청년인구비율,Statistics,119637.0,117400.0,118568.0,121630.0,126064.0,127826.0,127109.0,125397.0
남양주시 - 청년인구(19~39세) - 청년인구비율,Statistics,175084.0,172390.0,174991.0,177457.0,178862.0,178595.0,174964.0,169607.0
남양주시 - 청년인구비율(19~34세) - 청년인구비율,Statistics,18.6,18.2,17.9,17.9,18.1,17.9,17.7,17.5
남양주시 - 청년인구비율(19~39세) - 청년인구비율,Statistics,27.3,26.7,26.4,26.1,25.7,25.0,24.3,23.7
남원시 - 전체인구 - 청년인구비율,Statistics,80076.0,79282.0,78487.0,77690.0,78097.0,76551.0,75259.0,74554.0
남원시 - 청년여성비율(19~39세) - 청년인구비율,Statistics,9.0,8.8,8.7,8.4,8.3,7.8,7.5,7.3
남원시 - 청년여성인구(19~39세) - 청년인구비율,Statistics,7233.0,6965.0,6797.0,6526.0,6450.0,5995.0,5671.0,5471.0
남원시 - 청년인구(19~34세) - 청년인구비율,Statistics,11324.0,11098.0,10696.0,10277.0,10352.0,9659.0,9217.0,8963.0
남원시 - 청년인구(19~39세) - 청년인구비율,Statistics,15576.0,15202.0,14689.0,14134.0,13970.0,13008.0,12343.0,11960.0
남원시 - 청년인구비율(19~34세) - 청년인구비율,Statistics,14.1,14.0,13.6,13.2,13.3,12.6,12.2,12.0
남원시 - 청년인구비율(19~39세) - 청년인구비율,Statistics,19.5,19.2,18.7,18.2,17.9,17.0,16.4,16.0
남해군 - 전체인구 - 청년인구비율,Statistics,43568.0,42986.0,42696.0,42169.0,41587.0,40870.0,40491.0,39706.0
남해군 - 청년여성비율(19~39세) - 청년인구비율,Statistics,6.2,6.1,6.1,5.8,5.6,5.2,4.9,4.7
남해군 - 청년여성인구(19~39세) - 청년인구비율,Statistics,2692.0,2629.0,2604.0,2438.0,2346.0,2123.0,1976.0,1855.0
남해군 - 청년인구(19~34세) - 청년인구비율,Statistics,5133.0,5040.0,4987.0,4890.0,4680.0,4367.0,4179.0,4021.0
남해군 - 청년인구(19~39세) - 청년인구비율,Statistics,6792.0,6672.0,6661.0,6514.0,6186.0,5755.0,5531.0,5301.0
남해군 - 청년인구비율(19~34세) - 청년인구비율,Statistics,11.8,11.7,11.7,11.6,11.3,10.7,10.3,10.1
남해군 - 청년인구비율(19~39세) - 청년인구비율,Statistics,15.6,15.5,15.6,15.4,14.9,14.1,13.7,13.4
노원구 - 전체인구 - 청년인구비율,Statistics,555420.0,543499.0,534096.0,522480.0,511982.0,503929.0,496423.0,492979.0
노원구 - 청년여성비율(19~39세) - 청년인구비율,Statistics,14.7,14.5,14.5,14.2,14.1,14.0,13.7,13.7
노원구 - 청년여성인구(19~39세) - 청년인구비율,Statistics,81411.0,78772.0,77235.0,74262.0,72008.0,70474.0,68157.0,67349.0
노원구 - 청년인구(19~34세) - 청년인구비율,Statistics,123198.0,119101.0,117199.0,114249.0,110719.0,109614.0,106700.0,107048.0
노원구 - 청년인구(19~39세) - 청년인구비율,Statistics,164083.0,158906.0,155852.0,150139.0,144448.0,141350.0,136631.0,135629.0
노원구 - 청년인구비율(19~34세) - 청년인구비율,Statistics,22.2,21.9,21.9,21.9,21.6,21.8,21.5,21.7
노원구 - 청년인구비율(19~39세) - 청년인구비율,Statistics,29.5,29.2,29.2,28.7,28.2,28.0,27.5,27.5
논산시 - 전체인구 - 청년인구비율,Statistics,124202.0,123774.0,122843.0,122111.0,119707.0,117262.0,116852.0,115925.0
논산시 - 청년여성비율(19~39세) - 청년인구비율,Statistics,11.3,11.1,11.1,10.9,10.3,9.9,9.8,10.0
논산시 - 청년여성인구(19~39세) - 청년인구비율,Statistics,14069.0,13762.0,13656.0,13278.0,12320.0,11653.0,11476.0,11546.0
논산시 - 청년인구(19~34세) - 청년인구비율,Statistics,23473.0,22875.0,22302.0,22092.0,20571.0,19622.0,19617.0,19870.0
논산시 - 청년인구(19~39세) - 청년인구비율,Statistics,30469.0,29879.0,29426.0,28929.0,26883.0,25531.0,25240.0,25433.0
논산시 - 청년인구비율(19~34세) - 청년인구비율,Statistics,18.9,18.5,18.2,18.1,17.2,16.7,16.8,17.1
논산시 - 청년인구비율(19~39세) - 청년인구비율,Statistics,24.5,24.1,24.0,23.7,22.5,21.8,21.6,21.9
단양군 - 전체인구 - 청년인구비율,Statistics,28503.0,28411.0,28444.0,28095.0,27640.0,26937.0,26466.0,26473.0
단양군 - 청년여성비율(19~39세) - 청년인구비율,Statistics,7.1,7.0,7.0,6.7,6.5,5.8,5.4,5.4
단양군 - 청년여성인구(19~39세) - 청년인구비율,Statistics,2012.0,1997.0,1989.0,1888.0,1792.0,1559.0,1427.0,1427.0
단양군 - 청년인구(19~34세) - 청년인구비율,Statistics,3386.0,3347.0,3276.0,3123.0,3019.0,2662.0,2475.0,2492.0
단양군 - 청년인구(19~39세) - 청년인구비율,Statistics,4712.0,4674.0,4574.0,4314.0,4102.0,3623.0,3381.0,3381.0
단양군 - 청년인구비율(19~34세) - 청년인구비율,Statistics,11.9,11.8,11.5,11.1,10.9,9.9,9.4,9.4
단양군 - 청년인구비율(19~39세) - 청년인구비율,Statistics,16.5,16.5,16.1,15.4,14.8,13.4,12.8,12.8
달서구 - 전체인구 - 청년인구비율,Statistics,596901.0,583043.0,576746.0,574390.0,566712.0,554702.0,545073.0,539884.0
달서구 - 청년여성비율(19~39세) - 청년인구비율,Statistics,13.9,13.6,13.5,13.5,13.4,13.0,12.6,12.4
달서구 - 청년여성인구(19~39세) - 청년인구비율,Statistics,83162.0,79541.0,77879.0,77343.0,75861.0,72246.0,68814.0,66688.0
달서구 - 청년인구(19~34세) - 청년인구비율,Statistics,132563.0,126739.0,124476.0,124872.0,124288.0,119687.0,115248.0,112286.0
달서구 - 청년인구(19~39세) - 청년인구비율,Statistics,176622.0,169172.0,166081.0,164667.0,160905.0,153219.0,146409.0,142124.0
달서구 - 청년인구비율(19~34세) - 청년인구비율,Statistics,22.2,21.7,21.6,21.7,21.9,21.6,21.1,20.8
달서구 - 청년인구비율(19~39세) - 청년인구비율,Statistics,29.6,29.0,28.8,28.7,28.4,27.6,26.9,26.3
달성군 - 전체인구 - 청년인구비율,Statistics,212895.0,239240.0,250753.0,258474.0,261013.0,264854.0,266123.0,267045.0
달성군 - 청년여성비율(19~39세) - 청년인구비율,Statistics,13.8,14.2,14.1,13.7,13.2,12.7,12.1,11.4
달성군 - 청년여성인구(19~39세) - 청년인구비율,Statistics,29286.0,33913.0,35380.0,35519.0,34568.0,33558.0,32188.0,30468.0
달성군 - 청년인구(19~34세) - 청년인구비율,Statistics,45239.0,51035.0,52411.0,52807.0,51528.0,50253.0,49006.0,47915.0
달성군 - 청년인구(19~39세) - 청년인구비율,Statistics,64934.0,74819.0,77964.0,78321.0,75988.0,73884.0,71193.0,68760.0
달성군 - 청년인구비율(19~34세) - 청년인구비율,Statistics,21.2,21.3,20.9,20.4,19.7,19.0,18.4,17.9
달성군 - 청년인구비율(19~39세) - 청년인구비율,Statistics,30.5,31.3,31.1,30.3,29.1,27.9,26.8,25.7
담양군 - 전체인구 - 청년인구비율,Statistics,43519.0,43781.0,43749.0,43804.0,44201.0,44034.0,43572.0,43763.0
담양군 - 청년여성비율(19~39세) - 청년인구비율,Statistics,9.2,9.2,9.2,8.9,8.6,8.3,7.7,7.9
담양군 - 청년여성인구(19~39세) - 청년인구비율,Statistics,4003.0,4022.0,4006.0,3888.0,3816.0,3651.0,3370.0,3457.0
담양군 - 청년인구(19~34세) - 청년인구비율,Statistics,6816.0,6776.0,6820.0,6941.0,6957.0,6520.0,6013.0,6012.0
담양군 - 청년인구(19~39세) - 청년인구비율,Statistics,8774.0,8792.0,8834.0,8941.0,8896.0,8421.0,7824.0,7814.0
담양군 - 청년인구비율(19~34세) - 청년인구비율,Statistics,15.7,15.5,15.6,15.8,15.7,14.8,13.8,13.7
담양군 - 청년인구비율(19~39세) - 청년인구비율,Statistics,20.2,20.1,20.2,20.4,20.1,19.1,18.0,17.9
당진시 - 전체인구 - 청년인구비율,Statistics,166043.0,168508.0,169965.0,169171.0,168955.0,169507.0,171192.0,174955.0
당진시 - 청년여성비율(19~39세) - 청년인구비율,Statistics,12.2,11.9,11.7,11.4,10.7,10.2,9.7,9.3
당진시 - 청년여성인구(19~39세) - 청년인구비율,Statistics,20205.0,20093.0,19900.0,19238.0,18100.0,17257.0,16616.0,16299.0
당진시 - 청년인구(19~34세) - 청년인구비율,Statistics,33400.0,33112.0,32629.0,31161.0,30193.0,28863.0,28311.0,28523.0
당진시 - 청년인구(19~39세) - 청년인구비율,Statistics,47658.0,47790.0,47622.0,45849.0,44043.0,42103.0,40786.0,40949.0
당진시 - 청년인구비율(19~34세) - 청년인구비율,Statistics,20.1,19.7,19.2,18.4,17.9,17.0,16.5,16.3
당진시 - 청년인구비율(19~39세) - 청년인구비율,Statistics,28.7,28.4,28.0,27.1,26.1,24.8,23.8,23.4
대구광역시 - 전체인구 - 청년인구비율,Statistics,2461002.0,2453041.0,2444412.0,2429940.0,2410700.0,2387911.0,2366852.0,2379188.0
대구광역시 - 청년여성비율(19~39세) - 청년인구비율,Statistics,13.4,13.2,13.1,13.0,12.8,12.5,12.2,11.8
대구광역시 - 청년여성인구(19~39세) - 청년인구비율,Statistics,328673.0,324121.0,321103.0,316346.0,309620.0,299038.0,288061.0,281268.0
대구광역시 - 청년인구(19~34세) - 청년인구비율,Statistics,517144.0,507168.0,502177.0,500339.0,495545.0,484150.0,471627.0,463817.0
대구광역시 - 청년인구(19~39세) - 청년인구비율,Statistics,696974.0,687892.0,682578.0,673072.0,656333.0,634839.0,613331.0,600884.0
대구광역시 - 청년인구비율(19~34세) - 청년인구비율,Statistics,21.0,20.7,20.5,20.6,20.6,20.3,19.9,19.5
대구광역시 - 청년인구비율(19~39세) - 청년인구비율,Statistics,28.3,28.0,27.9,27.7,27.2,26.6,25.9,25.3
대덕구 - 전체인구 - 청년인구비율,Statistics,194442.0,188469.0,184308.0,179107.0,176393.0,175734.0,174695.0,171779.0
대덕구 - 청년여성비율(19~39세) - 청년인구비율,Statistics,13.9,13.7,13.4,12.9,12.4,12.3,12.2,11.8
대덕구 - 청년여성인구(19~39세) - 청년인구비율,Statistics,26966.0,25771.0,24692.0,23173.0,21942.0,21637.0,21315.0,20260.0
대덕구 - 청년인구(19~34세) - 청년인구비율,Statistics,44171.0,42273.0,41051.0,39389.0,38001.0,37882.0,37470.0,36022.0
대덕구 - 청년인구(19~39세) - 청년인구비율,Statistics,57911.0,55236.0,53435.0,50709.0,48608.0,47945.0,47177.0,45290.0
대덕구 - 청년인구비율(19~34세) - 청년인구비율,Statistics,22.7,22.4,22.3,22.0,21.5,21.6,21.4,21.0
대덕구 - 청년인구비율(19~39세) - 청년인구비율,Statistics,29.8,29.3,29.0,28.3,27.6,27.3,27.0,26.4
대전광역시 - 전체인구 - 청년인구비율,Statistics,1535445.0,1525849.0,1511214.0,1498839.0,1488435.0,1479740.0,1473662.0,1470336.0
대전광역시 - 청년여성비율(19~39세) - 청년인구비율,Statistics,15.1,15.0,14.8,14.7,14.5,14.3,14.1,13.9
대전광역시 - 청년여성인구(19~39세) - 청년인구비율,Statistics,231764.0,228949.0,223961.0,219963.0,216538.0,211412.0,207552.0,204500.0
대전광역시 - 청년인구(19~34세) - 청년인구비율,Statistics,368149.0,363116.0,356741.0,354146.0,352475.0,349460.0,346859.0,344757.0
대전광역시 - 청년인구(19~39세) - 청년인구비율,Statistics,485760.0,480374.0,471936.0,464279.0,455938.0,446971.0,439157.0,434126.0
대전광역시 - 청년인구비율(19~34세) - 청년인구비율,Statistics,24.0,23.8,23.6,23.6,23.7,23.6,23.5,23.4
대전광역시 - 청년인구비율(19~39세) - 청년인구비율,Statistics,31.6,31.5,31.2,31.0,30.6,30.2,29.8,29.5
도봉구 - 전체인구 - 청년인구비율,Statistics,336745.0,332586.0,328243.0,323543.0,315979.0,309200.0,304137.0,299931.0
도봉구 - 청년여성비율(19~39세) - 청년인구비율,Statistics,14.3,14.1,13.9,13.9,13.5,13.2,13.0,12.8
도봉구 - 청년여성인구(19~39세) - 청년인구비율,Statistics,48100.0,46881.0,45685.0,44934.0,42618.0,40944.0,39481.0,38328.0
도봉구 - 청년인구(19~34세) - 청년인구비율,Statistics,72771.0,70201.0,68184.0,67418.0,64965.0,62592.0,60443.0,59104.0
도봉구 - 청년인구(19~39세) - 청년인구비율,Statistics,97083.0,94403.0,92108.0,90154.0,86014.0,82105.0,78617.0,76286.0
도봉구 - 청년인구비율(19~34세) - 청년인구비율,Statistics,21.6,21.1,20.8,20.8,20.6,20.2,19.9,19.7
도봉구 - 청년인구비율(19~39세) - 청년인구비율,Statistics,28.8,28.4,28.1,27.9,27.2,26.6,25.8,25.4
동구 - 전체인구 - 청년인구비율,Statistics,87065.0,86106.0,84557.0,85673.0,87246.0,86035.0,85918.0,87477.0
동구 - 청년여성비율(19~39세) - 청년인구비율,Statistics,11.5,11.6,11.6,11.8,12.1,12.0,12.0,12.1
동구 - 청년여성인구(19~39세) - 청년인구비율,Statistics,10021.0,9957.0,9790.0,10097.0,10527.0,10291.0,10285.0,10561.0
동구 - 청년인구(19~34세) - 청년인구비율,Statistics,15951.0,15663.0,15446.0,15842.0,16461.0,16066.0,16046.0,16186.0
동구 - 청년인구(19~39세) - 청년인구비율,Statistics,21526.0,21236.0,20853.0,21312.0,21896.0,21228.0,21046.0,21342.0
동구 - 청년인구비율(19~34세) - 청년인구비율,Statistics,18.3,18.2,18.3,18.5,18.9,18.7,18.7,18.5
동구 - 청년인구비율(19~39세) - 청년인구비율,Statistics,24.7,24.7,24.7,24.9,25.1,24.7,24.5,24.4
동대문구 - 전체인구 - 청년인구비율,Statistics,359935.0,357380.0,358141.0,355094.0,351057.0,348201.0,350709.0,355999.0
동대문구 - 청년여성비율(19~39세) - 청년인구비율,Statistics,17.1,17.4,17.7,17.9,18.0,18.2,18.6,18.6
동대문구 - 청년여성인구(19~39세) - 청년인구비율,Statistics,61692.0,62056.0,63311.0,63613.0,63054.0,63464.0,65237.0,66351.0
동대문구 - 청년인구(19~34세) - 청년인구비율,Statistics,97656.0,97795.0,98621.0,98997.0,98151.0,98813.0,101479.0,103269.0
동대문구 - 청년인구(19~39세) - 청년인구비율,Statistics,125284.0,125174.0,126782.0,126292.0,124193.0,123486.0,125248.0,126772.0
동대문구 - 청년인구비율(19~34세) - 청년인구비율,Statistics,27.1,27.4,27.5,27.9,28.0,28.4,28.9,29.0
동대문구 - 청년인구비율(19~39세) - 청년인구비율,Statistics,34.8,35.0,35.4,35.6,35.4,35.5,35.7,35.6
동두천시 - 전체인구 - 청년인구비율,Statistics,98625.0,97373.0,97535.0,96541.0,95239.0,94912.0,94142.0,91301.0
동두천시 - 청년여성비율(19~39세) - 청년인구비율,Statistics,12.7,12.3,12.0,11.9,11.5,11.3,11.0,10.6
동두천시 - 청년여성인구(19~39세) - 청년인구비율,Statistics,12519.0,11949.0,11741.0,11475.0,10963.0,10692.0,10323.0,9704.0
동두천시 - 청년인구(19~34세) - 청년인구비율,Statistics,18870.0,18113.0,18183.0,17951.0,17446.0,17279.0,17027.0,16207.0
동두천시 - 청년인구(19~39세) - 청년인구비율,Statistics,26039.0,25035.0,25118.0,24424.0,23460.0,22991.0,22285.0,21012.0
동두천시 - 청년인구비율(19~34세) - 청년인구비율,Statistics,19.1,18.6,18.6,18.6,18.3,18.2,18.1,17.8
동두천시 - 청년인구비율(19~39세) - 청년인구비율,Statistics,26.4,25.7,25.8,25.3,24.6,24.2,23.7,23.0
동래구 - 전체인구 - 청년인구비율,Statistics,262054.0,261671.0,258386.0,260986.0,263345.0,259838.0,267292.0,265047.0
동래구 - 청년여성비율(19~39세) - 청년인구비율,Statistics,12.9,12.6,12.5,12.4,12.2,11.7,11.5,11.1
동래구 - 청년여성인구(19~39세) - 청년인구비율,Statistics,33786.0,32955.0,32180.0,32302.0,32083.0,30524.0,30721.0,29365.0
동래구 - 청년인구(19~34세) - 청년인구비율,Statistics,50979.0,49136.0,47860.0,47972.0,48008.0,45999.0,46112.0,44097.0
동래구 - 청년인구(19~39세) - 청년인구비율,Statistics,69700.0,68212.0,66591.0,66547.0,65756.0,62510.0,62518.0,59657.0
동래구 - 청년인구비율(19~34세) - 청년인구비율,Statistics,19.5,18.8,18.5,18.4,18.2,17.7,17.3,16.6
동래구 - 청년인구비율(19~39세) - 청년인구비율,Statistics,26.6,26.1,25.8,25.5,25.0,24.1,23.4,22.5
동작구 - 전체인구 - 청년인구비율,Statistics,404076.0,400236.0,397980.0,400368.0,392772.0,388094.0,386605.0,384089.0
동작구 - 청년여성비율(19~39세) - 청년인구비율,Statistics,17.8,17.8,17.8,18.0,17.9,17.8,17.8,17.8
동작구 - 청년여성인구(19~39세) - 청년인구비율,Statistics,71838.0,71389.0,70902.0,72243.0,70232.0,68896.0,68829.0,68331.0
동작구 - 청년인구(19~34세) - 청년인구비율,Statistics,110642.0,109074.0,108305.0,110789.0,108038.0,106596.0,107523.0,107572.0
동작구 - 청년인구(19~39세) - 청년인구비율,Statistics,144299.0,142676.0,141547.0,142970.0,138102.0,135228.0,134937.0,134243.0
동작구 - 청년인구비율(19~34세) - 청년인구비율,Statistics,27.4,27.3,27.2,27.7,27.5,27.5,27.8,28.0
동작구 - 청년인구비율(19~39세) - 청년인구비율,Statistics,35.7,35.6,35.6,35.7,35.2,34.8,34.9,35.0
동해시 - 전체인구 - 청년인구비율,Statistics,89527.0,89151.0,87830.0,86780.0,87801.0,87264.0,86772.0,86222.0
동해시 - 청년여성비율(19~39세) - 청년인구비율,Statistics,10.3,10.0,9.6,9.1,8.9,8.5,8.2,7.9
동해시 - 청년여성인구(19~39세) - 청년인구비율,Statistics,9249.0,8924.0,8422.0,7905.0,7841.0,7454.0,7124.0,6775.0
동해시 - 청년인구(19~34세) - 청년인구비율,Statistics,14114.0,13870.0,13129.0,12542.0,12807.0,12386.0,12137.0,11930.0
동해시 - 청년인구(19~39세) - 청년인구비율,Statistics,20574.0,20201.0,19213.0,18298.0,18326.0,17392.0,16701.0,16262.0
동해시 - 청년인구비율(19~34세) - 청년인구비율,Statistics,15.8,15.6,14.9,14.5,14.6,14.2,14.0,13.8
동해시 - 청년인구비율(19~39세) - 청년인구비율,Statistics,23.0,22.7,21.9,21.1,20.9,19.9,19.2,18.9
마포구 - 전체인구 - 청년인구비율,Statistics,375142.0,368841.0,368181.0,369327.0,365612.0,365192.0,362408.0,361380.0
마포구 - 청년여성비율(19~39세) - 청년인구비율,Statistics,19.1,19.2,19.4,19.8,19.8,19.7,19.9,19.8
마포구 - 청년여성인구(19~39세) - 청년인구비율,Statistics,71507.0,70684.0,71541.0,73060.0,72525.0,72042.0,71965.0,71606.0
마포구 - 청년인구(19~34세) - 청년인구비율,Statistics,102309.0,99930.0,100385.0,102634.0,101359.0,101315.0,101538.0,101131.0
마포구 - 청년인구(19~39세) - 청년인구비율,Statistics,136010.0,133523.0,134072.0,135770.0,133570.0,132305.0,131072.0,130026.0
마포구 - 청년인구비율(19~34세) - 청년인구비율,Statistics,27.3,27.1,27.3,27.8,27.7,27.7,28.0,28.0
마포구 - 청년인구비율(19~39세) - 청년인구비율,Statistics,36.3,36.2,36.4,36.8,36.5,36.2,36.2,36.0
목포시 - 전체인구 - 청년인구비율,Statistics,237484.0,233948.0,231798.0,228876.0,224509.0,221178.0,219625.0,217950.0
목포시 - 청년여성비율(19~39세) - 청년인구비율,Statistics,12.7,12.3,12.2,11.9,11.5,11.0,10.7,10.4
목포시 - 청년여성인구(19~39세) - 청년인구비율,Statistics,30099.0,28814.0,28242.0,27229.0,25911.0,24332.0,23515.0,22582.0
목포시 - 청년인구(19~34세) - 청년인구비율,Statistics,45666.0,43326.0,42536.0,41583.0,40691.0,39094.0,38735.0,38459.0
목포시 - 청년인구(19~39세) - 청년인구비율,Statistics,64476.0,62002.0,60889.0,58901.0,56412.0,53313.0,51647.0,50271.0
목포시 - 청년인구비율(19~34세) - 청년인구비율,Statistics,19.2,18.5,18.4,18.2,18.1,17.7,17.6,17.6
목포시 - 청년인구비율(19~39세) - 청년인구비율,Statistics,27.1,26.5,26.3,25.7,25.1,24.1,23.5,23.1
무안군 - 전체인구 - 청년인구비율,Statistics,81280.0,81420.0,81324.0,81789.0,84637.0,90094.0,90630.0,90426.0
무안군 - 청년여성비율(19~39세) - 청년인구비율,Statistics,12.7,12.7,12.4,12.3,12.0,12.4,12.2,11.7
무안군 - 청년여성인구(19~39세) - 청년인구비율,Statistics,10308.0,10319.0,10098.0,10077.0,10184.0,11200.0,11027.0,10561.0
무안군 - 청년인구(19~34세) - 청년인구비율,Statistics,16288.0,16152.0,15903.0,16426.0,16119.0,17529.0,17896.0,17449.0
무안군 - 청년인구(19~39세) - 청년인구비율,Statistics,22282.0,22258.0,21957.0,22267.0,22212.0,24038.0,23948.0,23041.0
무안군 - 청년인구비율(19~34세) - 청년인구비율,Statistics,20.0,19.8,19.6,20.1,19.0,19.5,19.7,19.3
무안군 - 청년인구비율(19~39세) - 청년인구비율,Statistics,27.4,27.3,27.0,27.2,26.2,26.7,26.4,25.5
무주군 - 전체인구 - 청년인구비율,Statistics,23129.0,23195.0,23058.0,22852.0,22678.0,22305.0,22296.0,22401.0
무주군 - 청년여성비율(19~39세) - 청년인구비율,Statistics,7.6,7.4,7.2,7.0,6.8,6.4,5.9,6.0
무주군 - 청년여성인구(19~39세) - 청년인구비율,Statistics,1768.0,1708.0,1663.0,1610.0,1553.0,1424.0,1323.0,1341.0
무주군 - 청년인구(19~34세) - 청년인구비율,Statistics,2756.0,2699.0,2652.0,2576.0,2450.0,2277.0,2194.0,2248.0
무주군 - 청년인구(19~39세) - 청년인구비율,Statistics,3891.0,3783.0,3714.0,3545.0,3359.0,3125.0,3010.0,3081.0
무주군 - 청년인구비율(19~34세) - 청년인구비율,Statistics,11.9,11.6,11.5,11.3,10.8,10.2,9.8,10.0
무주군 - 청년인구비율(19~39세) - 청년인구비율,Statistics,16.8,16.3,16.1,15.5,14.8,14.0,13.5,13.8
문경시 - 전체인구 - 청년인구비율,Statistics,71038.0,70016.0,68895.0,68542.0,68212.0,67669.0,67515.0,66535.0
문경시 - 청년여성비율(19~39세) - 청년인구비율,Statistics,8.5,8.3,8.0,7.9,7.7,7.4,7.1,6.9
문경시 - 청년여성인구(19~39세) - 청년인구비율,Statistics,6062.0,5800.0,5515.0,5384.0,5271.0,5032.0,4820.0,4600.0
문경시 - 청년인구(19~34세) - 청년인구비율,Statistics,9495.0,9056.0,8782.0,8473.0,8429.0,8074.0,7828.0,7589.0
문경시 - 청년인구(19~39세) - 청년인구비율,Statistics,13239.0,12728.0,12290.0,11945.0,11605.0,11091.0,10685.0,10269.0
문경시 - 청년인구비율(19~34세) - 청년인구비율,Statistics,13.4,12.9,12.7,12.4,12.4,11.9,11.6,11.4
문경시 - 청년인구비율(19~39세) - 청년인구비율,Statistics,18.6,18.2,17.8,17.4,17.0,16.4,15.8,15.4
미추홀구 - 전체인구 - 청년인구비율,Statistics,,,415102.0,411612.0,405886.0,412022.0,415196.0,414941.0
미추홀구 - 청년여성비율(19~39세) - 청년인구비율,Statistics,,,14.3,14.2,14.0,13.9,13.6,13.3
미추홀구 - 청년여성인구(19~39세) - 청년인구비율,Statistics,,,59289.0,58250.0,56632.0,57099.0,56613.0,55168.0
미추홀구 - 청년인구(19~34세) - 청년인구비율,Statistics,,,93269.0,93701.0,91870.0,93574.0,93861.0,91787.0
미추홀구 - 청년인구(19~39세) - 청년인구비율,Statistics,,,127508.0,125951.0,121721.0,122652.0,121716.0,118738.0
미추홀구 - 청년인구비율(19~34세) - 청년인구비율,Statistics,,,22.5,22.8,22.6,22.7,22.6,22.1
미추홀구 - 청년인구비율(19~39세) - 청년인구비율,Statistics,,,30.7,30.6,30.0,29.8,29.3,28.6
밀양시 - 전체인구 - 청년인구비율,Statistics,103941.0,103894.0,103762.0,103402.0,103228.0,101837.0,101574.0,102738.0
밀양시 - 청년여성비율(19~39세) - 청년인구비율,Statistics,9.5,9.5,9.5,9.5,9.1,8.7,8.6,8.9
밀양시 - 청년여성인구(19~39세) - 청년인구비율,Statistics,9908.0,9854.0,9830.0,9856.0,9444.0,8856.0,8745.0,9126.0
밀양시 - 청년인구(19~34세) - 청년인구비율,Statistics,16483.0,16126.0,15877.0,15836.0,15409.0,14451.0,14233.0,14821.0
밀양시 - 청년인구(19~39세) - 청년인구비율,Statistics,22219.0,21885.0,21660.0,21425.0,20724.0,19393.0,18947.0,19498.0
밀양시 - 청년인구비율(19~34세) - 청년인구비율,Statistics,15.9,15.5,15.3,15.3,14.9,14.2,14.0,14.4
밀양시 - 청년인구비율(19~39세) - 청년인구비율,Statistics,21.4,21.1,20.9,20.7,20.1,19.0,18.7,19.0
보령시 - 전체인구 - 청년인구비율,Statistics,101161.0,100922.0,100229.0,99320.0,99088.0,97390.0,96511.0,96890.0
보령시 - 청년여성비율(19~39세) - 청년인구비율,Statistics,9.3,9.0,8.8,8.7,8.5,8.1,7.7,7.5
보령시 - 청년여성인구(19~39세) - 청년인구비율,Statistics,9363.0,9067.0,8834.0,8600.0,8442.0,7864.0,7468.0,7302.0
보령시 - 청년인구(19~34세) - 청년인구비율,Statistics,16565.0,16268.0,16006.0,15574.0,15422.0,14325.0,13957.0,14197.0
보령시 - 청년인구(19~39세) - 청년인구비율,Statistics,23065.0,22757.0,22485.0,21764.0,21235.0,19733.0,19037.0,19186.0
보령시 - 청년인구비율(19~34세) - 청년인구비율,Statistics,16.4,16.1,16.0,15.7,15.6,14.7,14.5,14.7
보령시 - 청년인구비율(19~39세) - 청년인구비율,Statistics,22.8,22.5,22.4,21.9,21.4,20.3,19.7,19.8
보성군 - 전체인구 - 청년인구비율,Statistics,40125.0,39942.0,39373.0,38339.0,37888.0,36981.0,36244.0,35955.0
보성군 - 청년여성비율(19~39세) - 청년인구비율,Statistics,7.1,6.9,6.9,6.6,6.3,5.8,5.5,5.7
보성군 - 청년여성인구(19~39세) - 청년인구비율,Statistics,2864.0,2753.0,2718.0,2527.0,2382.0,2158.0,1981.0,2042.0
보성군 - 청년인구(19~34세) - 청년인구비율,Statistics,4613.0,4357.0,4335.0,4123.0,3951.0,3586.0,3345.0,3444.0
보성군 - 청년인구(19~39세) - 청년인구비율,Statistics,6262.0,6000.0,5940.0,5586.0,5278.0,4836.0,4489.0,4606.0
보성군 - 청년인구비율(19~34세) - 청년인구비율,Statistics,11.5,10.9,11.0,10.8,10.4,9.7,9.2,9.6
보성군 - 청년인구비율(19~39세) - 청년인구비율,Statistics,15.6,15.0,15.1,14.6,13.9,13.1,12.4,12.8
보은군 - 전체인구 - 청년인구비율,Statistics,32517.0,32253.0,32507.0,32001.0,31543.0,30929.0,30636.0,30226.0
보은군 - 청년여성비율(19~39세) - 청년인구비율,Statistics,7.1,7.1,7.0,6.7,6.4,6.0,5.6,5.5
보은군 - 청년여성인구(19~39세) - 청년인구비율,Statistics,2323.0,2287.0,2275.0,2153.0,2029.0,1871.0,1727.0,1665.0
보은군 - 청년인구(19~34세) - 청년인구비율,Statistics,4097.0,3935.0,3941.0,3764.0,3559.0,3255.0,3050.0,2936.0
보은군 - 청년인구(19~39세) - 청년인구비율,Statistics,5431.0,5280.0,5405.0,5163.0,4852.0,4452.0,4189.0,4002.0
보은군 - 청년인구비율(19~34세) - 청년인구비율,Statistics,12.6,12.2,12.1,11.8,11.3,10.5,10.0,9.7
보은군 - 청년인구비율(19~39세) - 청년인구비율,Statistics,16.7,16.4,16.6,16.1,15.4,14.4,13.7,13.2
봉화군 - 전체인구 - 청년인구비율,Statistics,31262.0,31082.0,30872.0,30308.0,29945.0,29168.0,28798.0,28430.0
봉화군 - 청년여성비율(19~39세) - 청년인구비율,Statistics,6.5,6.2,6.3,6.0,5.6,5.0,4.7,4.6
봉화군 - 청년여성인구(19~39세) - 청년인구비율,Statistics,2018.0,1941.0,1935.0,1829.0,1673.0,1452.0,1355.0,1300.0
봉화군 - 청년인구(19~34세) - 청년인구비율,Statistics,3199.0,3058.0,3005.0,2807.0,2681.0,2360.0,2284.0,2245.0
봉화군 - 청년인구(19~39세) - 청년인구비율,Statistics,4533.0,4382.0,4304.0,4043.0,3777.0,3334.0,3186.0,3089.0
봉화군 - 청년인구비율(19~34세) - 청년인구비율,Statistics,10.2,9.8,9.7,9.3,9.0,8.1,7.9,7.9
봉화군 - 청년인구비율(19~39세) - 청년인구비율,Statistics,14.5,14.1,13.9,13.3,12.6,11.4,11.1,10.9
부산광역시 - 전체인구 - 청년인구비율,Statistics,3440484.0,3416918.0,3395278.0,3372692.0,3349016.0,3324335.0,3295760.0,3279604.0
부산광역시 - 청년여성비율(19~39세) - 청년인구비율,Statistics,13.7,13.6,13.4,13.2,13.0,12.7,12.3,12.1
부산광역시 - 청년여성인구(19~39세) - 청년인구비율,Statistics,470471.0,463501.0,455496.0,445483.0,433836.0,420612.0,405951.0,396016.0
부산광역시 - 청년인구(19~34세) - 청년인구비율,Statistics,729563.0,711789.0,697600.0,687235.0,674340.0,660678.0,644077.0,633070.0
부산광역시 - 청년인구(19~39세) - 청년인구비율,Statistics,982689.0,967213.0,951398.0,930199.0,901402.0,872794.0,842822.0,823314.0
부산광역시 - 청년인구비율(19~34세) - 청년인구비율,Statistics,21.2,20.8,20.5,20.4,20.1,19.9,19.5,19.3
부산광역시 - 청년인구비율(19~39세) - 청년인구비율,Statistics,28.6,28.3,28.0,27.6,26.9,26.3,25.6,25.1
부산진구 - 전체인구 - 청년인구비율,Statistics,370250.0,366492.0,357723.0,352390.0,351403.0,351201.0,350426.0,355644.0
부산진구 - 청년여성비율(19~39세) - 청년인구비율,Statistics,15.1,15.1,15.0,15.0,15.0,15.1,15.0,14.9
부산진구 - 청년여성인구(19~39세) - 청년인구비율,Statistics,55914.0,55390.0,53792.0,52691.0,52588.0,52980.0,52476.0,53031.0
부산진구 - 청년인구(19~34세) - 청년인구비율,Statistics,85459.0,83876.0,80877.0,79858.0,80334.0,81274.0,81003.0,81746.0
부산진구 - 청년인구(19~39세) - 청년인구비율,Statistics,112663.0,111185.0,107482.0,104851.0,104132.0,103816.0,102902.0,103934.0
부산진구 - 청년인구비율(19~34세) - 청년인구비율,Statistics,23.1,22.9,22.6,22.7,22.9,23.1,23.1,23.0
부산진구 - 청년인구비율(19~39세) - 청년인구비율,Statistics,30.4,30.3,30.0,29.8,29.6,29.6,29.4,29.2
부안군 - 전체인구 - 청년인구비율,Statistics,51855.0,51249.0,50501.0,49733.0,49326.0,47756.0,47372.0,46853.0
부안군 - 청년여성비율(19~39세) - 청년인구비율,Statistics,8.0,7.9,7.8,7.5,7.3,6.7,6.3,6.3
부안군 - 청년여성인구(19~39세) - 청년인구비율,Statistics,4128.0,4039.0,3921.0,3744.0,3580.0,3203.0,2995.0,2935.0
부안군 - 청년인구(19~34세) - 청년인구비율,Statistics,6867.0,6628.0,6446.0,6155.0,6048.0,5426.0,5257.0,5157.0
부안군 - 청년인구(19~39세) - 청년인구비율,Statistics,9405.0,9185.0,8912.0,8550.0,8281.0,7502.0,7198.0,6969.0
부안군 - 청년인구비율(19~34세) - 청년인구비율,Statistics,13.2,12.9,12.8,12.4,12.3,11.4,11.1,11.0
부안군 - 청년인구비율(19~39세) - 청년인구비율,Statistics,18.1,17.9,17.6,17.2,16.8,15.7,15.2,14.9
부여군 - 전체인구 - 청년인구비율,Statistics,68152.0,67028.0,66527.0,65337.0,64207.0,62415.0,61481.0,60991.0
부여군 - 청년여성비율(19~39세) - 청년인구비율,Statistics,8.3,8.0,8.1,7.8,7.5,7.0,6.9,6.9
부여군 - 청년여성인구(19~39세) - 청년인구비율,Statistics,5667.0,5389.0,5367.0,5094.0,4833.0,4389.0,4253.0,4215.0
부여군 - 청년인구(19~34세) - 청년인구비율,Statistics,9753.0,9276.0,9253.0,8767.0,8402.0,7605.0,7402.0,7381.0
부여군 - 청년인구(19~39세) - 청년인구비율,Statistics,12786.0,12217.0,12138.0,11555.0,10985.0,10018.0,9675.0,9625.0
부여군 - 청년인구비율(19~34세) - 청년인구비율,Statistics,14.3,13.8,13.9,13.4,13.1,12.2,12.0,12.1
부여군 - 청년인구비율(19~39세) - 청년인구비율,Statistics,18.8,18.2,18.2,17.7,17.1,16.1,15.7,15.8
부천시 - 전체인구 - 청년인구비율,Statistics,844043.0,845514.0,848756.0,836751.0,833148.0,822635.0,810142.0,803512.0
부천시 - 청년여성비율(19~39세) - 청년인구비율,Statistics,15.2,15.1,14.9,14.6,14.4,14.0,13.6,13.2
부천시 - 청년여성인구(19~39세) - 청년인구비율,Statistics,128519.0,127633.0,126720.0,122294.0,119975.0,115274.0,109868.0,106430.0
부천시 - 청년인구(19~34세) - 청년인구비율,Statistics,197379.0,194328.0,190823.0,185323.0,183348.0,177673.0,170321.0,164191.0
부천시 - 청년인구(19~39세) - 청년인구비율,Statistics,264995.0,263501.0,261669.0,252503.0,247241.0,237830.0,226905.0,219175.0
부천시 - 청년인구비율(19~34세) - 청년인구비율,Statistics,23.4,23.0,22.5,22.1,22.0,21.6,21.0,20.4
부천시 - 청년인구비율(19~39세) - 청년인구비율,Statistics,31.4,31.2,30.8,30.2,29.7,28.9,28.0,27.3
부평구 - 전체인구 - 청년인구비율,Statistics,544319.0,538236.0,525014.0,514385.0,500812.0,494641.0,498254.0,498558.0
부평구 - 청년여성비율(19~39세) - 청년인구비율,Statistics,15.1,15.0,14.6,14.3,14.1,13.8,13.6,13.4
부평구 - 청년여성인구(19~39세) - 청년인구비율,Statistics,82255.0,80666.0,76852.0,73710.0,70483.0,68195.0,67765.0,66627.0
부평구 - 청년인구(19~34세) - 청년인구비율,Statistics,125429.0,121871.0,116334.0,112133.0,108430.0,105575.0,105518.0,103377.0
부평구 - 청년인구(19~39세) - 청년인구비율,Statistics,169273.0,166062.0,158858.0,152312.0,145304.0,140662.0,140194.0,137752.0
부평구 - 청년인구비율(19~34세) - 청년인구비율,Statistics,23.0,22.6,22.2,21.8,21.7,21.3,21.2,20.7
부평구 - 청년인구비율(19~39세) - 청년인구비율,Statistics,31.1,30.9,30.3,29.6,29.0,28.4,28.1,27.6
북구 - 전체인구 - 청년인구비율,Statistics,303445.0,296945.0,291675.0,285098.0,280177.0,279815.0,275580.0,270951.0
북구 - 청년여성비율(19~39세) - 청년인구비율,Statistics,13.6,13.5,13.2,12.8,12.5,12.1,11.7,11.3
북구 - 청년여성인구(19~39세) - 청년인구비율,Statistics,41303.0,40005.0,38456.0,36555.0,34939.0,33838.0,32232.0,30527.0
북구 - 청년인구(19~34세) - 청년인구비율,Statistics,65862.0,63187.0,60940.0,58558.0,56608.0,55005.0,52470.0,49662.0
북구 - 청년인구(19~39세) - 청년인구비율,Statistics,86908.0,83999.0,81275.0,77492.0,74099.0,71881.0,68437.0,64778.0
북구 - 청년인구비율(19~34세) - 청년인구비율,Statistics,21.7,21.3,20.9,20.5,20.2,19.7,19.0,18.3
북구 - 청년인구비율(19~39세) - 청년인구비율,Statistics,28.6,28.3,27.9,27.2,26.4,25.7,24.8,23.9
사상구 - 전체인구 - 청년인구비율,Statistics,235080.0,231587.0,226961.0,222618.0,216350.0,211788.0,206948.0,208245.0
사상구 - 청년여성비율(19~39세) - 청년인구비율,Statistics,14.5,14.3,14.1,13.8,13.1,12.9,12.7,12.7
사상구 - 청년여성인구(19~39세) - 청년인구비율,Statistics,34003.0,33055.0,31937.0,30680.0,28319.0,27283.0,26278.0,26390.0
사상구 - 청년인구(19~34세) - 청년인구비율,Statistics,55832.0,53923.0,51919.0,50192.0,47292.0,46169.0,44871.0,45145.0
사상구 - 청년인구(19~39세) - 청년인구비율,Statistics,72489.0,70633.0,68172.0,65313.0,60881.0,58537.0,56225.0,56472.0
사상구 - 청년인구비율(19~34세) - 청년인구비율,Statistics,23.8,23.3,22.9,22.5,21.9,21.8,21.7,21.7
사상구 - 청년인구비율(19~39세) - 청년인구비율,Statistics,30.8,30.5,30.0,29.3,28.1,27.6,27.2,27.1
사천시 - 전체인구 - 청년인구비율,Statistics,112394.0,111655.0,112248.0,111110.0,111184.0,109646.0,109350.0,109008.0
사천시 - 청년여성비율(19~39세) - 청년인구비율,Statistics,10.2,9.8,9.5,9.1,8.8,8.2,7.8,7.6
사천시 - 청년여성인구(19~39세) - 청년인구비율,Statistics,11500.0,10979.0,10667.0,10103.0,9777.0,9034.0,8582.0,8246.0
사천시 - 청년인구(19~34세) - 청년인구비율,Statistics,18718.0,17806.0,17790.0,17502.0,16935.0,16205.0,15984.0,15953.0
사천시 - 청년인구(19~39세) - 청년인구비율,Statistics,27558.0,26649.0,26657.0,25730.0,24474.0,23097.0,22289.0,21872.0
사천시 - 청년인구비율(19~34세) - 청년인구비율,Statistics,16.7,15.9,15.8,15.8,15.2,14.8,14.6,14.6
사천시 - 청년인구비율(19~39세) - 청년인구비율,Statistics,24.5,23.9,23.7,23.2,22.0,21.1,20.4,20.1
사하구 - 전체인구 - 청년인구비율,Statistics,331881.0,330293.0,326655.0,319828.0,312057.0,305790.0,303000.0,298826.0
사하구 - 청년여성비율(19~39세) - 청년인구비율,Statistics,13.5,13.4,13.1,12.7,12.3,11.8,11.4,11.1
사하구 - 청년여성인구(19~39세) - 청년인구비율,Statistics,44714.0,44146.0,42837.0,40762.0,38254.0,36168.0,34675.0,33064.0
사하구 - 청년인구(19~34세) - 청년인구비율,Statistics,71144.0,69555.0,67700.0,64726.0,61826.0,59374.0,57886.0,55787.0
사하구 - 청년인구(19~39세) - 청년인구비율,Statistics,95754.0,94294.0,92171.0,87809.0,82622.0,78186.0,75267.0,72036.0
사하구 - 청년인구비율(19~34세) - 청년인구비율,Statistics,21.4,21.1,20.7,20.2,19.8,19.4,19.1,18.7
사하구 - 청년인구비율(19~39세) - 청년인구비율,Statistics,28.9,28.5,28.2,27.5,26.5,25.6,24.8,24.1
산청군 - 전체인구 - 청년인구비율,Statistics,33765.0,34033.0,34122.0,33579.0,33500.0,33014.0,32811.0,32892.0
산청군 - 청년여성비율(19~39세) - 청년인구비율,Statistics,6.9,6.9,6.9,6.6,6.3,5.7,5.5,5.7
산청군 - 청년여성인구(19~39세) - 청년인구비율,Statistics,2343.0,2351.0,2361.0,2215.0,2096.0,1881.0,1820.0,1873.0
산청군 - 청년인구(19~34세) - 청년인구비율,Statistics,3869.0,3856.0,3899.0,3545.0,3448.0,3167.0,3055.0,3132.0
산청군 - 청년인구(19~39세) - 청년인구비율,Statistics,5262.0,5293.0,5335.0,4902.0,4674.0,4231.0,4054.0,4146.0
산청군 - 청년인구비율(19~34세) - 청년인구비율,Statistics,11.5,11.3,11.4,10.6,10.3,9.6,9.3,9.5
산청군 - 청년인구비율(19~39세) - 청년인구비율,Statistics,15.6,15.6,15.6,14.6,14.0,12.8,12.4,12.6
삼척시 - 전체인구 - 청년인구비율,Statistics,69364.0,67860.0,67881.0,67210.0,65939.0,64464.0,64289.0,63542.0
삼척시 - 청년여성비율(19~39세) - 청년인구비율,Statistics,11.2,10.8,10.6,10.6,10.2,9.8,9.3,9.1
삼척시 - 청년여성인구(19~39세) - 청년인구비율,Statistics,7797.0,7327.0,7227.0,7099.0,6696.0,6288.0,6004.0,5787.0
삼척시 - 청년인구(19~34세) - 청년인구비율,Statistics,14772.0,13831.0,13677.0,13489.0,12996.0,12236.0,11973.0,11638.0
삼척시 - 청년인구(19~39세) - 청년인구비율,Statistics,18664.0,17621.0,17513.0,17109.0,16244.0,15175.0,14728.0,14240.0
삼척시 - 청년인구비율(19~34세) - 청년인구비율,Statistics,21.3,20.4,20.1,20.1,19.7,19.0,18.6,18.3
삼척시 - 청년인구비율(19~39세) - 청년인구비율,Statistics,26.9,26.0,25.8,25.5,24.6,23.5,22.9,22.4
상주시 - 전체인구 - 청년인구비율,Statistics,99484.0,98189.0,97558.0,96641.0,95473.0,93722.0,93208.0,92990.0
상주시 - 청년여성비율(19~39세) - 청년인구비율,Statistics,8.5,8.2,8.2,7.9,7.7,7.2,7.0,7.0
상주시 - 청년여성인구(19~39세) - 청년인구비율,Statistics,8411.0,8022.0,7986.0,7619.0,7330.0,6764.0,6510.0,6467.0
상주시 - 청년인구(19~34세) - 청년인구비율,Statistics,14903.0,14087.0,14010.0,13616.0,12978.0,12087.0,11667.0,11622.0
상주시 - 청년인구(19~39세) - 청년인구비율,Statistics,19553.0,18727.0,18668.0,18066.0,17188.0,15990.0,15439.0,15295.0
상주시 - 청년인구비율(19~34세) - 청년인구비율,Statistics,15.0,14.3,14.4,14.1,13.6,12.9,12.5,12.5
상주시 - 청년인구비율(19~39세) - 청년인구비율,Statistics,19.7,19.1,19.1,18.7,18.0,17.1,16.6,16.4
서구 - 전체인구 - 청년인구비율,Statistics,109916.0,106924.0,107028.0,105847.0,105303.0,104130.0,104824.0,103883.0
서구 - 청년여성비율(19~39세) - 청년인구비율,Statistics,12.2,12.2,12.3,12.5,12.4,12.1,12.0,12.1
서구 - 청년여성인구(19~39세) - 청년인구비율,Statistics,13463.0,13091.0,13150.0,13228.0,13062.0,12629.0,12583.0,12519.0
서구 - 청년인구(19~34세) - 청년인구비율,Statistics,21609.0,20797.0,20717.0,20833.0,20656.0,19915.0,20128.0,19898.0
서구 - 청년인구(19~39세) - 청년인구비율,Statistics,28496.0,27624.0,27700.0,27355.0,26702.0,25520.0,25418.0,24976.0
서구 - 청년인구비율(19~34세) - 청년인구비율,Statistics,19.7,19.5,19.4,19.7,19.6,19.1,19.2,19.2
서구 - 청년인구비율(19~39세) - 청년인구비율,Statistics,25.9,25.8,25.9,25.8,25.4,24.5,24.2,24.0
서귀포시 - 전체인구 - 청년인구비율,Statistics,161046.0,169358.0,175350.0,177360.0,178552.0,179238.0,181094.0,181214.0
서귀포시 - 청년여성비율(19~39세) - 청년인구비율,Statistics,10.9,11.1,11.3,11.1,10.8,10.3,9.8,9.3
서귀포시 - 청년여성인구(19~39세) - 청년인구비율,Statistics,17621.0,18845.0,19847.0,19675.0,19215.0,18462.0,17764.0,16884.0
서귀포시 - 청년인구(19~34세) - 청년인구비율,Statistics,27350.0,28756.0,30073.0,29871.0,29198.0,28094.0,27825.0,27524.0
서귀포시 - 청년인구(19~39세) - 청년인구비율,Statistics,38567.0,41135.0,43317.0,42906.0,41645.0,39867.0,39017.0,38120.0
서귀포시 - 청년인구비율(19~34세) - 청년인구비율,Statistics,17.0,17.0,17.2,16.8,16.4,15.7,15.4,15.2
서귀포시 - 청년인구비율(19~39세) - 청년인구비율,Statistics,23.9,24.3,24.7,24.2,23.3,22.2,21.5,21.0
서대문구 - 전체인구 - 청년인구비율,Statistics,320258.0,321345.0,318874.0,319394.0,317209.0,314547.0,318308.0,320168.0
서대문구 - 청년여성비율(19~39세) - 청년인구비율,Statistics,18.7,19.1,19.3,19.5,18.8,19.1,19.7,19.8
서대문구 - 청년여성인구(19~39세) - 청년인구비율,Statistics,59891.0,61387.0,61492.0,62208.0,59673.0,60216.0,62757.0,63504.0
서대문구 - 청년인구(19~34세) - 청년인구비율,Statistics,88955.0,89831.0,89443.0,90382.0,87124.0,87882.0,90918.0,91920.0
서대문구 - 청년인구(19~39세) - 청년인구비율,Statistics,112236.0,113425.0,113140.0,113664.0,110343.0,109945.0,112349.0,113227.0
서대문구 - 청년인구비율(19~34세) - 청년인구비율,Statistics,27.8,28.0,28.0,28.3,27.5,27.9,28.6,28.7
서대문구 - 청년인구비율(19~39세) - 청년인구비율,Statistics,35.0,35.3,35.5,35.6,34.8,35.0,35.3,35.4
서산시 - 전체인구 - 청년인구비율,Statistics,169643.0,171364.0,174177.0,175204.0,176379.0,177497.0,177947.0,178618.0
서산시 - 청년여성비율(19~39세) - 청년인구비율,Statistics,11.8,11.6,11.5,11.2,10.8,10.3,10.0,9.5
서산시 - 청년여성인구(19~39세) - 청년인구비율,Statistics,19982.0,19849.0,20036.0,19700.0,19123.0,18358.0,17756.0,17056.0
서산시 - 청년인구(19~34세) - 청년인구비율,Statistics,31799.0,31650.0,32159.0,32020.0,31975.0,31087.0,30895.0,30449.0
서산시 - 청년인구(19~39세) - 청년인구비율,Statistics,45114.0,45227.0,45871.0,45480.0,44697.0,43232.0,42301.0,41411.0
서산시 - 청년인구비율(19~34세) - 청년인구비율,Statistics,18.7,18.5,18.5,18.3,18.1,17.5,17.4,17.0
서산시 - 청년인구비율(19~39세) - 청년인구비율,Statistics,26.6,26.4,26.3,26.0,25.3,24.4,23.8,23.2
서울특별시 - 전체인구 - 청년인구비율,Statistics,9805506.0,9741871.0,9673936.0,9639541.0,9586195.0,9472127.0,9417469.0,9384512.0
서울특별시 - 청년여성비율(19~39세) - 청년인구비율,Statistics,16.4,16.4,16.4,16.5,16.4,16.3,16.2,16.2
서울특별시 - 청년여성인구(19~39세) - 청년인구비율,Statistics,1607352.0,1597033.0,1589116.0,1587991.0,1575508.0,1542502.0,1525281.0,1515891.0
서울특별시 - 청년인구(19~34세) - 청년인구비율,Statistics,2397917.0,2361731.0,2341942.0,2348076.0,2338802.0,2298838.0,2284941.0,2277364.0
서울특별시 - 청년인구(19~39세) - 청년인구비율,Statistics,3196861.0,3167944.0,3146403.0,3126914.0,3083919.0,3005539.0,2958184.0,2931861.0
서울특별시 - 청년인구비율(19~34세) - 청년인구비율,Statistics,24.5,24.2,24.2,24.4,24.4,24.3,24.3,24.3
서울특별시 - 청년인구비율(19~39세) - 청년인구비율,Statistics,32.6,32.5,32.5,32.4,32.2,31.7,31.4,31.2
서천군 - 전체인구 - 청년인구비율,Statistics,53880.0,53321.0,52604.0,51826.0,51039.0,50012.0,49509.0,49294.0
서천군 - 청년여성비율(19~39세) - 청년인구비율,Statistics,7.2,6.9,6.8,6.5,6.2,5.9,5.5,5.6
서천군 - 청년여성인구(19~39세) - 청년인구비율,Statistics,3863.0,3687.0,3556.0,3377.0,3180.0,2934.0,2735.0,2770.0
서천군 - 청년인구(19~34세) - 청년인구비율,Statistics,6840.0,6640.0,6533.0,6319.0,6015.0,5561.0,5368.0,5586.0
서천군 - 청년인구(19~39세) - 청년인구비율,Statistics,9400.0,9143.0,8983.0,8639.0,8101.0,7524.0,7199.0,7400.0
서천군 - 청년인구비율(19~34세) - 청년인구비율,Statistics,12.7,12.5,12.4,12.2,11.8,11.1,10.8,11.3
서천군 - 청년인구비율(19~39세) - 청년인구비율,Statistics,17.4,17.1,17.1,16.7,15.9,15.0,14.5,15.0
서초구 - 전체인구 - 청년인구비율,Statistics,419682.0,414550.0,409491.0,404960.0,401749.0,392302.0,383181.0,385267.0
서초구 - 청년여성비율(19~39세) - 청년인구비율,Statistics,16.4,16.2,15.9,15.7,15.4,14.9,14.3,14.2
서초구 - 청년여성인구(19~39세) - 청년인구비율,Statistics,68962.0,67151.0,65093.0,63561.0,62035.0,58426.0,54904.0,54649.0
서초구 - 청년인구(19~34세) - 청년인구비율,Statistics,93117.0,90131.0,87320.0,86444.0,85089.0,80369.0,76283.0,76456.0
서초구 - 청년인구(19~39세) - 청년인구비율,Statistics,129681.0,126327.0,122970.0,120460.0,116926.0,109923.0,103541.0,103114.0
서초구 - 청년인구비율(19~34세) - 청년인구비율,Statistics,22.2,21.7,21.3,21.3,21.2,20.5,19.9,19.8
서초구 - 청년인구비율(19~39세) - 청년인구비율,Statistics,30.9,30.5,30.0,29.7,29.1,28.0,27.0,26.8
성남시 - 전체인구 - 청년인구비율,Statistics,951518.0,944297.0,931393.0,919895.0,922025.0,913482.0,904690.0,903116.0
성남시 - 청년여성비율(19~39세) - 청년인구비율,Statistics,15.2,15.0,14.8,14.6,14.5,14.2,13.8,13.6
성남시 - 청년여성인구(19~39세) - 청년인구비율,Statistics,144554.0,142018.0,137941.0,133976.0,133922.0,129291.0,124759.0,122900.0
성남시 - 청년인구(19~34세) - 청년인구비율,Statistics,214639.0,208999.0,203714.0,200591.0,202996.0,197671.0,191904.0,189029.0
성남시 - 청년인구(19~39세) - 청년인구비율,Statistics,292656.0,287536.0,280669.0,273641.0,273289.0,264975.0,256255.0,252366.0
성남시 - 청년인구비율(19~34세) - 청년인구비율,Statistics,22.6,22.1,21.9,21.8,22.0,21.6,21.2,20.9
성남시 - 청년인구비율(19~39세) - 청년인구비율,Statistics,30.8,30.4,30.1,29.7,29.6,29.0,28.3,27.9
성동구 - 전체인구 - 청년인구비율,Statistics,294744.0,302367.0,306796.0,299688.0,291918.0,286469.0,282131.0,277683.0
성동구 - 청년여성비율(19~39세) - 청년인구비율,Statistics,16.9,17.3,17.5,17.5,17.5,17.3,17.2,17.1
성동구 - 청년여성인구(19~39세) - 청년인구비율,Statistics,49941.0,52235.0,53756.0,52510.0,51116.0,49620.0,48495.0,47556.0
성동구 - 청년인구(19~34세) - 청년인구비율,Statistics,76370.0,78743.0,79927.0,77829.0,75726.0,73931.0,72368.0,71119.0
성동구 - 청년인구(19~39세) - 청년인구비율,Statistics,101488.0,105355.0,107450.0,104285.0,100802.0,97585.0,94773.0,92814.0
성동구 - 청년인구비율(19~34세) - 청년인구비율,Statistics,25.9,26.0,26.1,26.0,25.9,25.8,25.7,25.6
성동구 - 청년인구비율(19~39세) - 청년인구비율,Statistics,34.4,34.8,35.0,34.8,34.5,34.1,33.6,33.4
성북구 - 전체인구 - 청년인구비율,Statistics,451800.0,445417.0,438734.0,445327.0,438833.0,435509.0,436113.0,432874.0
성북구 - 청년여성비율(19~39세) - 청년인구비율,Statistics,17.0,16.9,17.0,17.3,17.0,17.0,17.0,17.0
성북구 - 청년여성인구(19~39세) - 청년인구비율,Statistics,76718.0,75480.0,74743.0,76861.0,74789.0,74244.0,74033.0,73550.0
성북구 - 청년인구(19~34세) - 청년인구비율,Statistics,115367.0,112935.0,111407.0,114638.0,111657.0,111203.0,111911.0,111722.0
성북구 - 청년인구(19~39세) - 청년인구비율,Statistics,149429.0,146643.0,144620.0,147635.0,143094.0,141151.0,140458.0,138857.0
성북구 - 청년인구비율(19~34세) - 청년인구비율,Statistics,25.5,25.4,25.4,25.7,25.4,25.5,25.7,25.8
성북구 - 청년인구비율(19~39세) - 청년인구비율,Statistics,33.1,32.9,33.0,33.2,32.6,32.4,32.2,32.1
성주군 - 전체인구 - 청년인구비율,Statistics,41388.0,41225.0,41299.0,41314.0,41574.0,40804.0,40851.0,41073.0
성주군 - 청년여성비율(19~39세) - 청년인구비율,Statistics,7.9,7.8,7.7,7.4,6.9,6.5,6.1,5.8
성주군 - 청년여성인구(19~39세) - 청년인구비율,Statistics,3271.0,3201.0,3193.0,3042.0,2885.0,2665.0,2494.0,2386.0
성주군 - 청년인구(19~34세) - 청년인구비율,Statistics,6375.0,6226.0,6156.0,6062.0,5795.0,5171.0,5095.0,5083.0
성주군 - 청년인구(19~39세) - 청년인구비율,Statistics,8347.0,8243.0,8186.0,8063.0,7675.0,7011.0,6789.0,6881.0
성주군 - 청년인구비율(19~34세) - 청년인구비율,Statistics,15.4,15.1,14.9,14.7,13.9,12.7,12.5,12.4
성주군 - 청년인구비율(19~39세) - 청년인구비율,Statistics,20.2,20.0,19.8,19.5,18.5,17.2,16.6,16.8
세종시 - 전체인구 - 청년인구비율,Statistics,242507.0,276589.0,312374.0,338136.0,353933.0,366227.0,382589.0,386261.0
세종시 - 청년여성비율(19~39세) - 청년인구비율,Statistics,16.1,15.9,15.8,15.5,15.1,14.3,14.0,13.5
세종시 - 청년여성인구(19~39세) - 청년인구비율,Statistics,39141.0,44068.0,49372.0,52399.0,53335.0,52523.0,53609.0,52207.0
세종시 - 청년인구(19~34세) - 청년인구비율,Statistics,55712.0,60267.0,66396.0,71121.0,73235.0,71714.0,75881.0,74887.0
세종시 - 청년인구(19~39세) - 청년인구비율,Statistics,80610.0,89593.0,100132.0,106572.0,108234.0,106025.0,109279.0,107056.0
세종시 - 청년인구비율(19~34세) - 청년인구비율,Statistics,23.0,21.8,21.3,21.0,20.7,19.6,19.8,19.4
세종시 - 청년인구비율(19~39세) - 청년인구비율,Statistics,33.2,32.4,32.1,31.5,30.6,29.0,28.6,27.7
세종특별자치시 - 전체인구 - 청년인구비율,Statistics,242507.0,276589.0,312374.0,338136.0,353933.0,366227.0,382589.0,386261.0
세종특별자치시 - 청년여성비율(19~39세) - 청년인구비율,Statistics,16.1,15.9,15.8,15.5,15.1,14.3,14.0,13.5
세종특별자치시 - 청년여성인구(19~39세) - 청년인구비율,Statistics,39141.0,44068.0,49372.0,52399.0,53335.0,52523.0,53609.0,52207.0
세종특별자치시 - 청년인구(19~34세) - 청년인구비율,Statistics,55712.0,60267.0,66396.0,71121.0,73235.0,71714.0,75881.0,74887.0
세종특별자치시 - 청년인구(19~39세) - 청년인구비율,Statistics,80610.0,89593.0,100132.0,106572.0,108234.0,106025.0,109279.0,107056.0
세종특별자치시 - 청년인구비율(19~34세) - 청년인구비율,Statistics,23.0,21.8,21.3,21.0,20.7,19.6,19.8,19.4
세종특별자치시 - 청년인구비율(19~39세) - 청년인구비율,Statistics,33.2,32.4,32.1,31.5,30.6,29.0,28.6,27.7
속초시 - 전체인구 - 청년인구비율,Statistics,79109.0,78618.0,78312.0,78643.0,80054.0,80362.0,80903.0,80497.0
속초시 - 청년여성비율(19~39세) - 청년인구비율,Statistics,10.4,10.3,10.0,10.0,9.9,9.5,9.4,9.1
속초시 - 청년여성인구(19~39세) - 청년인구비율,Statistics,8263.0,8064.0,7869.0,7880.0,7927.0,7659.0,7575.0,7361.0
속초시 - 청년인구(19~34세) - 청년인구비율,Statistics,12551.0,12197.0,12007.0,12350.0,12868.0,12674.0,12870.0,12633.0
속초시 - 청년인구(19~39세) - 청년인구비율,Statistics,17956.0,17659.0,17377.0,17576.0,17968.0,17519.0,17493.0,17146.0
속초시 - 청년인구비율(19~34세) - 청년인구비율,Statistics,15.9,15.5,15.3,15.7,16.1,15.8,15.9,15.7
속초시 - 청년인구비율(19~39세) - 청년인구비율,Statistics,22.7,22.5,22.2,22.3,22.4,21.8,21.6,21.3
송파구 - 전체인구 - 청년인구비율,Statistics,628212.0,633953.0,638167.0,648600.0,643288.0,634720.0,635758.0,630744.0
송파구 - 청년여성비율(19~39세) - 청년인구비율,Statistics,16.4,16.5,16.6,16.6,16.5,16.0,15.6,15.5
송파구 - 청년여성인구(19~39세) - 청년인구비율,Statistics,103187.0,104564.0,105707.0,107660.0,106320.0,101677.0,99337.0,97569.0
송파구 - 청년인구(19~34세) - 청년인구비율,Statistics,146469.0,146694.0,147078.0,149927.0,148523.0,142403.0,139797.0,137828.0
송파구 - 청년인구(19~39세) - 청년인구비율,Statistics,200483.0,202928.0,204645.0,207548.0,203509.0,194547.0,189899.0,186044.0
송파구 - 청년인구비율(19~34세) - 청년인구비율,Statistics,23.3,23.1,23.0,23.1,23.1,22.4,22.0,21.9
송파구 - 청년인구비율(19~39세) - 청년인구비율,Statistics,31.9,32.0,32.1,32.0,31.6,30.7,29.9,29.5
수성구 - 전체인구 - 청년인구비율,Statistics,432714.0,425546.0,418834.0,415283.0,412912.0,408085.0,402458.0,396295.0
수성구 - 청년여성비율(19~39세) - 청년인구비율,Statistics,12.0,11.8,11.8,11.6,11.6,11.2,10.8,10.4
수성구 - 청년여성인구(19~39세) - 청년인구비율,Statistics,51825.0,50361.0,49419.0,48332.0,47932.0,45738.0,43338.0,41286.0
수성구 - 청년인구(19~34세) - 청년인구비율,Statistics,79215.0,76713.0,75274.0,74998.0,75099.0,72471.0,69875.0,66921.0
수성구 - 청년인구(19~39세) - 청년인구비율,Statistics,106533.0,103554.0,101563.0,100059.0,98641.0,94577.0,90340.0,86226.0
수성구 - 청년인구비율(19~34세) - 청년인구비율,Statistics,18.3,18.0,18.0,18.1,18.2,17.8,17.4,16.9
수성구 - 청년인구비율(19~39세) - 청년인구비율,Statistics,24.6,24.3,24.2,24.1,23.9,23.2,22.4,21.8
수영구 - 전체인구 - 청년인구비율,Statistics,172667.0,173059.0,170296.0,170414.0,171461.0,170720.0,170007.0,170220.0
수영구 - 청년여성비율(19~39세) - 청년인구비율,Statistics,14.2,14.2,14.1,14.0,14.1,14.0,13.9,13.7
수영구 - 청년여성인구(19~39세) - 청년인구비율,Statistics,24605.0,24526.0,24073.0,23891.0,24237.0,23852.0,23650.0,23342.0
수영구 - 청년인구(19~34세) - 청년인구비율,Statistics,36261.0,35882.0,35211.0,35294.0,35955.0,35481.0,35547.0,35244.0
수영구 - 청년인구(19~39세) - 청년인구비율,Statistics,49323.0,49193.0,48227.0,47882.0,47745.0,46746.0,46219.0,45532.0
수영구 - 청년인구비율(19~34세) - 청년인구비율,Statistics,21.0,20.7,20.7,20.7,21.0,20.8,20.9,20.7
수영구 - 청년인구비율(19~39세) - 청년인구비율,Statistics,28.6,28.4,28.3,28.1,27.8,27.4,27.2,26.7
수원시 - 전체인구 - 청년인구비율,Statistics,1207032.0,1216996.0,1218843.0,1214986.0,1210150.0,1208337.0,1216349.0,1226362.0
수원시 - 청년여성비율(19~39세) - 청년인구비율,Statistics,16.0,15.8,15.7,15.5,15.4,15.1,14.9,14.8
수원시 - 청년여성인구(19~39세) - 청년인구비율,Statistics,192760.0,192696.0,191390.0,187752.0,186090.0,182283.0,181265.0,181491.0
수원시 - 청년인구(19~34세) - 청년인구비율,Statistics,297762.0,297749.0,295063.0,293368.0,293043.0,291118.0,293419.0,294836.0
수원시 - 청년인구(19~39세) - 청년인구비율,Statistics,403339.0,405539.0,402672.0,396192.0,390306.0,383784.0,382979.0,383423.0
수원시 - 청년인구비율(19~34세) - 청년인구비율,Statistics,24.7,24.5,24.2,24.1,24.2,24.1,24.1,24.0
수원시 - 청년인구비율(19~39세) - 청년인구비율,Statistics,33.4,33.3,33.0,32.6,32.3,31.8,31.5,31.3
순창군 - 전체인구 - 청년인구비율,Statistics,26814.0,27017.0,27136.0,26642.0,26598.0,25483.0,25279.0,25368.0
순창군 - 청년여성비율(19~39세) - 청년인구비율,Statistics,8.1,8.1,8.1,8.0,7.6,6.7,6.3,6.4
순창군 - 청년여성인구(19~39세) - 청년인구비율,Statistics,2180.0,2186.0,2203.0,2127.0,2017.0,1714.0,1582.0,1635.0
순창군 - 청년인구(19~34세) - 청년인구비율,Statistics,3207.0,3173.0,3173.0,3050.0,2985.0,2612.0,2527.0,2624.0
순창군 - 청년인구(19~39세) - 청년인구비율,Statistics,4538.0,4490.0,4495.0,4296.0,4116.0,3626.0,3478.0,3548.0
순창군 - 청년인구비율(19~34세) - 청년인구비율,Statistics,12.0,11.7,11.7,11.4,11.2,10.2,10.0,10.3
순창군 - 청년인구비율(19~39세) - 청년인구비율,Statistics,16.9,16.6,16.6,16.1,15.5,14.2,13.8,14.0
순천시 - 전체인구 - 청년인구비율,Statistics,266519.0,266809.0,268284.0,270202.0,272449.0,273827.0,272085.0,272041.0
순천시 - 청년여성비율(19~39세) - 청년인구비율,Statistics,12.7,12.5,12.5,12.5,12.2,12.1,11.8,11.5
순천시 - 청년여성인구(19~39세) - 청년인구비율,Statistics,33718.0,33416.0,33561.0,33764.0,33147.0,33119.0,32050.0,31355.0
순천시 - 청년인구(19~34세) - 청년인구비율,Statistics,51975.0,51087.0,51444.0,52150.0,52642.0,52828.0,52043.0,51366.0
순천시 - 청년인구(19~39세) - 청년인구비율,Statistics,70269.0,69575.0,70194.0,70850.0,70682.0,70359.0,68390.0,67149.0
순천시 - 청년인구비율(19~34세) - 청년인구비율,Statistics,19.5,19.1,19.2,19.3,19.3,19.3,19.1,18.9
순천시 - 청년인구비율(19~39세) - 청년인구비율,Statistics,26.4,26.1,26.2,26.2,25.9,25.7,25.1,24.7
시흥시 - 전체인구 - 청년인구비율,Statistics,429321.0,446369.0,480201.0,508749.0,535147.0,554074.0,557663.0,568455.0
시흥시 - 청년여성비율(19~39세) - 청년인구비율,Statistics,14.1,14.1,14.3,14.3,14.2,13.8,13.3,12.9
시흥시 - 청년여성인구(19~39세) - 청년인구비율,Statistics,60411.0,63064.0,68702.0,72553.0,76124.0,76528.0,74036.0,73088.0
시흥시 - 청년인구(19~34세) - 청년인구비율,Statistics,99691.0,103152.0,110798.0,116161.0,120757.0,121670.0,119518.0,119008.0
시흥시 - 청년인구(19~39세) - 청년인구비율,Statistics,137584.0,143585.0,155870.0,164460.0,170126.0,171399.0,167111.0,166080.0
시흥시 - 청년인구비율(19~34세) - 청년인구비율,Statistics,23.2,23.1,23.1,22.8,22.6,22.0,21.4,20.9
시흥시 - 청년인구비율(19~39세) - 청년인구비율,Statistics,32.0,32.2,32.5,32.3,31.8,30.9,30.0,29.2
신안군 - 전체인구 - 청년인구비율,Statistics,35789.0,35592.0,35639.0,35432.0,35138.0,34000.0,34148.0,34858.0
신안군 - 청년여성비율(19~39세) - 청년인구비율,Statistics,6.1,6.0,5.9,5.9,5.3,4.7,4.5,4.7
신안군 - 청년여성인구(19~39세) - 청년인구비율,Statistics,2177.0,2143.0,2115.0,2103.0,1869.0,1600.0,1552.0,1630.0
신안군 - 청년인구(19~34세) - 청년인구비율,Statistics,4376.0,4193.0,4196.0,4162.0,3759.0,3279.0,3277.0,3463.0
신안군 - 청년인구(19~39세) - 청년인구비율,Statistics,5902.0,5796.0,5845.0,5797.0,5269.0,4618.0,4589.0,4883.0
신안군 - 청년인구비율(19~34세) - 청년인구비율,Statistics,12.2,11.8,11.8,11.7,10.7,9.6,9.6,9.9
신안군 - 청년인구비율(19~39세) - 청년인구비율,Statistics,16.5,16.3,16.4,16.4,15.0,13.6,13.4,14.0
아산시 - 전체인구 - 청년인구비율,Statistics,328287.0,338473.0,342272.0,347032.0,340518.0,348727.0,363197.0,376632.0
아산시 - 청년여성비율(19~39세) - 청년인구비율,Statistics,15.9,15.5,15.2,14.8,13.8,13.5,13.3,13.2
아산시 - 청년여성인구(19~39세) - 청년인구비율,Statistics,52196.0,52466.0,51900.0,51317.0,47004.0,47190.0,48450.0,49836.0
아산시 - 청년인구(19~34세) - 청년인구비율,Statistics,83227.0,83216.0,81995.0,82400.0,74936.0,75213.0,79069.0,82555.0
아산시 - 청년인구(19~39세) - 청년인구비율,Statistics,115032.0,117163.0,116509.0,116147.0,106403.0,105916.0,109226.0,113061.0
아산시 - 청년인구비율(19~34세) - 청년인구비율,Statistics,25.4,24.6,24.0,23.7,22.0,21.6,21.8,21.9
아산시 - 청년인구비율(19~39세) - 청년인구비율,Statistics,35.0,34.6,34.0,33.5,31.2,30.4,30.1,30.0
안동시 - 전체인구 - 청년인구비율,Statistics,167664.0,165704.0,162186.0,160344.0,159412.0,158064.0,156025.0,154581.0
안동시 - 청년여성비율(19~39세) - 청년인구비율,Statistics,11.8,11.5,11.2,11.0,10.6,10.6,10.1,9.9
안동시 - 청년여성인구(19~39세) - 청년인구비율,Statistics,19791.0,18988.0,18146.0,17633.0,16890.0,16749.0,15802.0,15332.0
안동시 - 청년인구(19~34세) - 청년인구비율,Statistics,30818.0,29732.0,28760.0,28098.0,27484.0,27370.0,26426.0,25878.0
안동시 - 청년인구(19~39세) - 청년인구비율,Statistics,41284.0,39812.0,38378.0,37352.0,36024.0,35471.0,33935.0,33032.0
안동시 - 청년인구비율(19~34세) - 청년인구비율,Statistics,18.4,17.9,17.7,17.5,17.2,17.3,16.9,16.7
안동시 - 청년인구비율(19~39세) - 청년인구비율,Statistics,24.6,24.0,23.7,23.3,22.6,22.4,21.7,21.4
안산시 - 전체인구 - 청년인구비율,Statistics,743072.0,733661.0,720105.0,714650.0,717345.0,718384.0,715088.0,709147.0
안산시 - 청년여성비율(19~39세) - 청년인구비율,Statistics,14.9,14.7,14.5,14.3,14.3,14.1,13.8,13.5
안산시 - 청년여성인구(19~39세) - 청년인구비율,Statistics,110558.0,108067.0,104411.0,102330.0,102920.0,101533.0,98870.0,95549.0
안산시 - 청년인구(19~34세) - 청년인구비율,Statistics,182291.0,178863.0,175343.0,173844.0,175201.0,173107.0,169798.0,165435.0
안산시 - 청년인구(19~39세) - 청년인구비율,Statistics,241596.0,237484.0,231626.0,228064.0,227548.0,224176.0,218799.0,213172.0
안산시 - 청년인구비율(19~34세) - 청년인구비율,Statistics,24.5,24.4,24.3,24.3,24.4,24.1,23.7,23.3
안산시 - 청년인구비율(19~39세) - 청년인구비율,Statistics,32.5,32.4,32.2,31.9,31.7,31.2,30.6,30.1
안성시 - 전체인구 - 청년인구비율,Statistics,196362.0,198832.0,201135.0,202284.0,203030.0,203897.0,208619.0,210390.0
안성시 - 청년여성비율(19~39세) - 청년인구비율,Statistics,13.9,13.7,13.5,13.2,12.6,12.1,12.4,12.2
안성시 - 청년여성인구(19~39세) - 청년인구비율,Statistics,27239.0,27270.0,27239.0,26650.0,25655.0,24667.0,25940.0,25737.0
안성시 - 청년인구(19~34세) - 청년인구비율,Statistics,44865.0,45508.0,45821.0,45581.0,44769.0,43276.0,46107.0,46599.0
안성시 - 청년인구(19~39세) - 청년인구비율,Statistics,61065.0,62064.0,62392.0,61591.0,59994.0,57815.0,60040.0,60267.0
안성시 - 청년인구비율(19~34세) - 청년인구비율,Statistics,22.8,22.9,22.8,22.5,22.1,21.2,22.1,22.1
안성시 - 청년인구비율(19~39세) - 청년인구비율,Statistics,31.1,31.2,31.0,30.4,29.5,28.4,28.8,28.6
안양시 - 전체인구 - 청년인구비율,Statistics,582049.0,576697.0,566574.0,557339.0,542336.0,538929.0,540789.0,537159.0
안양시 - 청년여성비율(19~39세) - 청년인구비율,Statistics,14.8,14.7,14.5,14.3,14.1,13.9,13.7,13.4
안양시 - 청년여성인구(19~39세) - 청년인구비율,Statistics,86194.0,84898.0,82315.0,79796.0,76436.0,74850.0,74028.0,71920.0
안양시 - 청년인구(19~34세) - 청년인구비율,Statistics,132865.0,129760.0,125719.0,122597.0,118442.0,116113.0,114454.0,110872.0
안양시 - 청년인구(19~39세) - 청년인구비율,Statistics,177009.0,174341.0,169485.0,164629.0,157432.0,154388.0,152568.0,148343.0
안양시 - 청년인구비율(19~34세) - 청년인구비율,Statistics,22.8,22.5,22.2,22.0,21.8,21.5,21.2,20.6
안양시 - 청년인구비율(19~39세) - 청년인구비율,Statistics,30.4,30.2,29.9,29.5,29.0,28.6,28.2,27.6
양구군 - 전체인구 - 청년인구비율,Statistics,22454.0,22355.0,22101.0,21780.0,21317.0,21121.0,20824.0,20943.0
양구군 - 청년여성비율(19~39세) - 청년인구비율,Statistics,10.4,10.0,10.0,10.0,9.8,9.5,9.0,8.7
양구군 - 청년여성인구(19~39세) - 청년인구비율,Statistics,2330.0,2243.0,2221.0,2180.0,2081.0,2008.0,1883.0,1831.0
양구군 - 청년인구(19~34세) - 청년인구비율,Statistics,5072.0,4885.0,4677.0,4480.0,4255.0,3980.0,3748.0,3700.0
양구군 - 청년인구(19~39세) - 청년인구비율,Statistics,6406.0,6243.0,6059.0,5859.0,5511.0,5264.0,4986.0,4956.0
양구군 - 청년인구비율(19~34세) - 청년인구비율,Statistics,22.6,21.9,21.2,20.6,20.0,18.8,18.0,17.7
양구군 - 청년인구비율(19~39세) - 청년인구비율,Statistics,28.5,27.9,27.4,26.9,25.9,24.9,23.9,23.7
양산시 - 전체인구 - 청년인구비율,Statistics,310731.0,332596.0,344993.0,347221.0,351206.0,352610.0,352842.0,355411.0
양산시 - 청년여성비율(19~39세) - 청년인구비율,Statistics,13.7,13.7,13.6,13.1,12.8,12.2,11.5,11.0
양산시 - 청년여성인구(19~39세) - 청년인구비율,Statistics,42627.0,45488.0,46924.0,45385.0,44809.0,42980.0,40500.0,39241.0
양산시 - 청년인구(19~34세) - 청년인구비율,Statistics,63398.0,66193.0,67883.0,66026.0,66510.0,64889.0,62328.0,61198.0
양산시 - 청년인구(19~39세) - 청년인구비율,Statistics,90819.0,96876.0,100101.0,97511.0,95870.0,92048.0,87524.0,85289.0
양산시 - 청년인구비율(19~34세) - 청년인구비율,Statistics,20.4,19.9,19.7,19.0,18.9,18.4,17.7,17.2
양산시 - 청년인구비율(19~39세) - 청년인구비율,Statistics,29.2,29.1,29.0,28.1,27.3,26.1,24.8,24.0
양양군 - 전체인구 - 청년인구비율,Statistics,25670.0,25556.0,25642.0,26280.0,26748.0,26632.0,26566.0,26577.0
양양군 - 청년여성비율(19~39세) - 청년인구비율,Statistics,7.9,7.5,7.4,7.5,7.4,6.8,6.5,6.2
양양군 - 청년여성인구(19~39세) - 청년인구비율,Statistics,2018.0,1916.0,1909.0,1976.0,1992.0,1807.0,1737.0,1649.0
양양군 - 청년인구(19~34세) - 청년인구비율,Statistics,3425.0,3235.0,3189.0,3287.0,3319.0,3153.0,3005.0,2977.0
양양군 - 청년인구(19~39세) - 청년인구비율,Statistics,4791.0,4599.0,4571.0,4674.0,4666.0,4388.0,4184.0,4097.0
양양군 - 청년인구비율(19~34세) - 청년인구비율,Statistics,13.3,12.7,12.4,12.5,12.4,11.8,11.3,11.2
양양군 - 청년인구비율(19~39세) - 청년인구비율,Statistics,18.7,18.0,17.8,17.8,17.4,16.5,15.7,15.4
양주시 - 전체인구 - 청년인구비율,Statistics,207009.0,212631.0,217776.0,224684.0,233286.0,239800.0,242995.0,269641.0
양주시 - 청년여성비율(19~39세) - 청년인구비율,Statistics,12.4,12.3,12.1,11.9,11.9,11.6,11.2,11.6
양주시 - 청년여성인구(19~39세) - 청년인구비율,Statistics,25600.0,26057.0,26435.0,26790.0,27728.0,27721.0,27219.0,31388.0
양주시 - 청년인구(19~34세) - 청년인구비율,Statistics,40179.0,40647.0,41718.0,42910.0,44802.0,45267.0,45265.0,51453.0
양주시 - 청년인구(19~39세) - 청년인구비율,Statistics,56457.0,57452.0,58646.0,60004.0,61492.0,61552.0,61027.0,69617.0
양주시 - 청년인구비율(19~34세) - 청년인구비율,Statistics,19.4,19.1,19.2,19.1,19.2,18.9,18.6,19.1
양주시 - 청년인구비율(19~39세) - 청년인구비율,Statistics,27.3,27.0,26.9,26.7,26.4,25.7,25.1,25.8
양천구 - 전체인구 - 청년인구비율,Statistics,460267.0,452111.0,445591.0,440354.0,439068.0,433373.0,426981.0,422248.0
양천구 - 청년여성비율(19~39세) - 청년인구비율,Statistics,14.1,13.9,13.7,13.5,13.4,13.0,12.6,12.4
양천구 - 청년여성인구(19~39세) - 청년인구비율,Statistics,64828.0,62892.0,61225.0,59583.0,58910.0,56381.0,53952.0,52287.0
양천구 - 청년인구(19~34세) - 청년인구비율,Statistics,96260.0,92130.0,89371.0,87589.0,87379.0,84270.0,81615.0,79469.0
양천구 - 청년인구(19~39세) - 청년인구비율,Statistics,130274.0,126174.0,123054.0,119614.0,117948.0,112782.0,108000.0,104459.0
양천구 - 청년인구비율(19~34세) - 청년인구비율,Statistics,20.9,20.4,20.1,19.9,19.9,19.4,19.1,18.8
양천구 - 청년인구비율(19~39세) - 청년인구비율,Statistics,28.3,27.9,27.6,27.2,26.9,26.0,25.3,24.7
양평군 - 전체인구 - 청년인구비율,Statistics,105709.0,109359.0,111094.0,111836.0,113844.0,115616.0,116950.0,119320.0
양평군 - 청년여성비율(19~39세) - 청년인구비율,Statistics,9.9,9.8,9.6,9.2,8.9,8.6,8.1,7.9
양평군 - 청년여성인구(19~39세) - 청년인구비율,Statistics,10498.0,10745.0,10670.0,10304.0,10173.0,9939.0,9462.0,9459.0
양평군 - 청년인구(19~34세) - 청년인구비율,Statistics,16530.0,16533.0,16391.0,15859.0,15967.0,15619.0,15273.0,15517.0
양평군 - 청년인구(19~39세) - 청년인구비율,Statistics,22649.0,22934.0,22829.0,22111.0,21830.0,21368.0,20582.0,20666.0
양평군 - 청년인구비율(19~34세) - 청년인구비율,Statistics,15.6,15.1,14.8,14.2,14.0,13.5,13.1,13.0
양평군 - 청년인구비율(19~39세) - 청년인구비율,Statistics,21.4,21.0,20.5,19.8,19.2,18.5,17.6,17.3
여수시 - 전체인구 - 청년인구비율,Statistics,273925.0,271741.0,270947.0,270283.0,271505.0,268687.0,268139.0,267392.0
여수시 - 청년여성비율(19~39세) - 청년인구비율,Statistics,11.1,10.9,10.7,10.4,10.3,9.9,9.7,9.4
여수시 - 청년여성인구(19~39세) - 청년인구비율,Statistics,30322.0,29523.0,28886.0,28207.0,27899.0,26679.0,26057.0,25215.0
여수시 - 청년인구(19~34세) - 청년인구비율,Statistics,49743.0,47755.0,47621.0,47627.0,48508.0,46544.0,46782.0,46406.0
여수시 - 청년인구(19~39세) - 청년인구비율,Statistics,68983.0,67237.0,67064.0,66299.0,66299.0,63287.0,62401.0,61083.0
여수시 - 청년인구비율(19~34세) - 청년인구비율,Statistics,18.2,17.6,17.6,17.6,17.9,17.3,17.4,17.4
여수시 - 청년인구비율(19~39세) - 청년인구비율,Statistics,25.2,24.7,24.8,24.5,24.4,23.6,23.3,22.8
여주시 - 전체인구 - 청년인구비율,Statistics,110273.0,111476.0,112096.0,111981.0,113352.0,113270.0,113831.0,116045.0
여주시 - 청년여성비율(19~39세) - 청년인구비율,Statistics,11.9,11.7,11.7,11.3,11.0,10.5,10.1,10.1
여주시 - 청년여성인구(19~39세) - 청년인구비율,Statistics,13072.0,13010.0,13090.0,12677.0,12434.0,11925.0,11467.0,11681.0
여주시 - 청년인구(19~34세) - 청년인구비율,Statistics,20972.0,20977.0,21113.0,20811.0,20713.0,20289.0,19947.0,20487.0
여주시 - 청년인구(19~39세) - 청년인구비율,Statistics,28456.0,28563.0,28636.0,28099.0,27622.0,26728.0,25987.0,26699.0
여주시 - 청년인구비율(19~34세) - 청년인구비율,Statistics,19.0,18.8,18.8,18.6,18.3,17.9,17.5,17.7
여주시 - 청년인구비율(19~39세) - 청년인구비율,Statistics,25.8,25.6,25.5,25.1,24.4,23.6,22.8,23.0
연수구 - 전체인구 - 청년인구비율,Statistics,329886.0,337595.0,349963.0,374413.0,390260.0,399594.0,400488.0,408476.0
연수구 - 청년여성비율(19~39세) - 청년인구비율,Statistics,15.3,15.3,15.3,15.4,15.1,14.6,14.1,13.8
연수구 - 청년여성인구(19~39세) - 청년인구비율,Statistics,50493.0,51507.0,53484.0,57766.0,58991.0,58364.0,56570.0,56500.0
연수구 - 청년인구(19~34세) - 청년인구비율,Statistics,76126.0,77306.0,79720.0,85913.0,86593.0,85899.0,85566.0,86345.0
연수구 - 청년인구(19~39세) - 청년인구비율,Statistics,102378.0,104978.0,108854.0,117462.0,119367.0,118469.0,116018.0,116593.0
연수구 - 청년인구비율(19~34세) - 청년인구비율,Statistics,23.1,22.9,22.8,22.9,22.2,21.5,21.4,21.1
연수구 - 청년인구비율(19~39세) - 청년인구비율,Statistics,31.0,31.1,31.1,31.4,30.6,29.6,29.0,28.5
연제구 - 전체인구 - 청년인구비율,Statistics,201181.0,201053.0,199887.0,203959.0,204947.0,201217.0,199751.0,198491.0
연제구 - 청년여성비율(19~39세) - 청년인구비율,Statistics,13.6,13.7,13.5,13.5,13.3,12.7,12.4,12.3
연제구 - 청년여성인구(19~39세) - 청년인구비율,Statistics,27353.0,27466.0,26999.0,27497.0,27201.0,25592.0,24770.0,24366.0
연제구 - 청년인구(19~34세) - 청년인구비율,Statistics,40307.0,40069.0,39310.0,40028.0,40087.0,38193.0,37066.0,36754.0
연제구 - 청년인구(19~39세) - 청년인구비율,Statistics,55340.0,55563.0,54612.0,55366.0,54547.0,51423.0,49576.0,48542.0
연제구 - 청년인구비율(19~34세) - 청년인구비율,Statistics,20.0,19.9,19.7,19.6,19.6,19.0,18.6,18.5
연제구 - 청년인구비율(19~39세) - 청년인구비율,Statistics,27.5,27.6,27.3,27.1,26.6,25.6,24.8,24.5
연천군 - 전체인구 - 청년인구비율,Statistics,44437.0,43990.0,43383.0,42540.0,42278.0,41642.0,41288.0,41007.0
연천군 - 청년여성비율(19~39세) - 청년인구비율,Statistics,9.7,9.5,9.3,9.0,9.0,8.7,8.1,8.0
연천군 - 청년여성인구(19~39세) - 청년인구비율,Statistics,4328.0,4190.0,4056.0,3835.0,3812.0,3603.0,3364.0,3289.0
연천군 - 청년인구(19~34세) - 청년인구비율,Statistics,8639.0,8411.0,8143.0,7890.0,7930.0,7556.0,7374.0,7245.0
연천군 - 청년인구(19~39세) - 청년인구비율,Statistics,11116.0,10883.0,10527.0,10175.0,10104.0,9580.0,9254.0,9067.0
연천군 - 청년인구비율(19~34세) - 청년인구비율,Statistics,19.4,19.1,18.8,18.5,18.8,18.1,17.9,17.7
연천군 - 청년인구비율(19~39세) - 청년인구비율,Statistics,25.0,24.7,24.3,23.9,23.9,23.0,22.4,22.1
영광군 - 전체인구 - 청년인구비율,Statistics,49992.0,49670.0,49570.0,50004.0,50196.0,48981.0,49323.0,49493.0
영광군 - 청년여성비율(19~39세) - 청년인구비율,Statistics,8.7,8.4,8.5,8.7,8.7,8.3,8.1,8.1
영광군 - 청년여성인구(19~39세) - 청년인구비율,Statistics,4365.0,4184.0,4226.0,4373.0,4370.0,4057.0,4001.0,4002.0
영광군 - 청년인구(19~34세) - 청년인구비율,Statistics,6955.0,6694.0,6876.0,7081.0,7129.0,6684.0,6590.0,6638.0
영광군 - 청년인구(19~39세) - 청년인구비율,Statistics,9705.0,9446.0,9549.0,9716.0,9727.0,9075.0,8958.0,8995.0
영광군 - 청년인구비율(19~34세) - 청년인구비율,Statistics,13.9,13.5,13.9,14.2,14.2,13.6,13.4,13.4
영광군 - 청년인구비율(19~39세) - 청년인구비율,Statistics,19.4,19.0,19.3,19.4,19.4,18.5,18.2,18.2
영덕군 - 전체인구 - 청년인구비율,Statistics,36765.0,36148.0,36096.0,35672.0,34893.0,33927.0,33516.0,33492.0
영덕군 - 청년여성비율(19~39세) - 청년인구비율,Statistics,6.7,6.5,6.6,6.3,6.0,5.4,5.3,5.2
영덕군 - 청년여성인구(19~39세) - 청년인구비율,Statistics,2446.0,2336.0,2392.0,2255.0,2081.0,1834.0,1785.0,1753.0
영덕군 - 청년인구(19~34세) - 청년인구비율,Statistics,4303.0,4097.0,4185.0,3923.0,3650.0,3286.0,3262.0,3387.0
영덕군 - 청년인구(19~39세) - 청년인구비율,Statistics,5975.0,5752.0,5899.0,5656.0,5207.0,4686.0,4567.0,4662.0
영덕군 - 청년인구비율(19~34세) - 청년인구비율,Statistics,11.7,11.3,11.6,11.0,10.5,9.7,9.7,10.1
영덕군 - 청년인구비율(19~39세) - 청년인구비율,Statistics,16.3,15.9,16.3,15.9,14.9,13.8,13.6,13.9
영도구 - 전체인구 - 청년인구비율,Statistics,126638.0,123531.0,120731.0,117959.0,113224.0,112834.0,109889.0,109389.0
영도구 - 청년여성비율(19~39세) - 청년인구비율,Statistics,11.4,11.3,11.1,10.8,10.3,10.3,9.6,9.6
영도구 - 청년여성인구(19~39세) - 청년인구비율,Statistics,14447.0,13978.0,13364.0,12770.0,11641.0,11631.0,10539.0,10477.0
영도구 - 청년인구(19~34세) - 청년인구비율,Statistics,26183.0,25161.0,24167.0,23436.0,21167.0,21727.0,20058.0,19977.0
영도구 - 청년인구(19~39세) - 청년인구비율,Statistics,33770.0,32513.0,31231.0,30014.0,27102.0,27202.0,25170.0,24912.0
영도구 - 청년인구비율(19~34세) - 청년인구비율,Statistics,20.7,20.4,20.0,19.9,18.7,19.3,18.3,18.3
영도구 - 청년인구비율(19~39세) - 청년인구비율,Statistics,26.7,26.3,25.9,25.4,23.9,24.1,22.9,22.8
영동군 - 전체인구 - 청년인구비율,Statistics,48879.0,49034.0,48475.0,48004.0,47016.0,45546.0,43813.0,44331.0
영동군 - 청년여성비율(19~39세) - 청년인구비율,Statistics,9.3,9.3,9.2,8.7,8.2,7.7,6.7,7.2
영동군 - 청년여성인구(19~39세) - 청년인구비율,Statistics,4568.0,4536.0,4458.0,4163.0,3873.0,3487.0,2943.0,3183.0
영동군 - 청년인구(19~34세) - 청년인구비율,Statistics,8330.0,8112.0,7978.0,7691.0,7288.0,6399.0,5237.0,5829.0
영동군 - 청년인구(19~39세) - 청년인구비율,Statistics,10498.0,10324.0,10101.0,9704.0,9100.0,8080.0,6747.0,7325.0
영동군 - 청년인구비율(19~34세) - 청년인구비율,Statistics,17.0,16.5,16.5,16.0,15.5,14.0,12.0,13.1
영동군 - 청년인구비율(19~39세) - 청년인구비율,Statistics,21.5,21.1,20.8,20.2,19.4,17.7,15.4,16.5
영등포구 - 전체인구 - 청년인구비율,Statistics,398120.0,393560.0,395286.0,394083.0,403619.0,402984.0,401805.0,400544.0
영등포구 - 청년여성비율(19~39세) - 청년인구비율,Statistics,16.3,16.3,16.4,16.6,17.0,17.0,17.0,17.1
영등포구 - 청년여성인구(19~39세) - 청년인구비율,Statistics,64913.0,64288.0,64930.0,65533.0,68529.0,68568.0,68204.0,68563.0
영등포구 - 청년인구(19~34세) - 청년인구비율,Statistics,97135.0,95594.0,96198.0,96957.0,101108.0,100357.0,99834.0,100217.0
영등포구 - 청년인구(19~39세) - 청년인구비율,Statistics,131126.0,130088.0,131488.0,131654.0,136397.0,135261.0,133707.0,133679.0
영등포구 - 청년인구비율(19~34세) - 청년인구비율,Statistics,24.4,24.3,24.3,24.6,25.1,24.9,24.8,25.0
영등포구 - 청년인구비율(19~39세) - 청년인구비율,Statistics,32.9,33.1,33.3,33.4,33.8,33.6,33.3,33.4
영암군 - 전체인구 - 청년인구비율,Statistics,60329.0,57679.0,57175.0,57476.0,57076.0,55998.0,56287.0,59689.0
영암군 - 청년여성비율(19~39세) - 청년인구비율,Statistics,10.3,9.9,9.8,9.2,9.3,8.7,8.0,8.0
영암군 - 청년여성인구(19~39세) - 청년인구비율,Statistics,6207.0,5726.0,5614.0,5304.0,5281.0,4883.0,4518.0,4773.0
영암군 - 청년인구(19~34세) - 청년인구비율,Statistics,12184.0,10570.0,10281.0,10448.0,10442.0,9605.0,9485.0,11465.0
영암군 - 청년인구(19~39세) - 청년인구비율,Statistics,16389.0,14571.0,14243.0,14364.0,14140.0,13039.0,12802.0,15061.0
영암군 - 청년인구비율(19~34세) - 청년인구비율,Statistics,20.2,18.3,18.0,18.2,18.3,17.2,16.9,19.2
영암군 - 청년인구비율(19~39세) - 청년인구비율,Statistics,27.2,25.3,24.9,25.0,24.8,23.3,22.7,25.2
영양군 - 전체인구 - 청년인구비율,Statistics,16755.0,16579.0,16559.0,16146.0,15743.0,15558.0,15333.0,15197.0
영양군 - 청년여성비율(19~39세) - 청년인구비율,Statistics,6.4,6.3,6.5,6.2,6.0,5.8,5.5,5.2
영양군 - 청년여성인구(19~39세) - 청년인구비율,Statistics,1079.0,1039.0,1069.0,995.0,946.0,899.0,848.0,783.0
영양군 - 청년인구(19~34세) - 청년인구비율,Statistics,1718.0,1625.0,1640.0,1537.0,1488.0,1390.0,1313.0,1237.0
영양군 - 청년인구(19~39세) - 청년인구비율,Statistics,2377.0,2282.0,2306.0,2159.0,2029.0,1964.0,1858.0,1757.0
영양군 - 청년인구비율(19~34세) - 청년인구비율,Statistics,10.3,9.8,9.9,9.5,9.5,8.9,8.6,8.1
영양군 - 청년인구비율(19~39세) - 청년인구비율,Statistics,14.2,13.8,13.9,13.4,12.9,12.6,12.1,11.6
영월군 - 전체인구 - 청년인구비율,Statistics,37019.0,36934.0,36762.0,36332.0,36282.0,35728.0,35654.0,35581.0
영월군 - 청년여성비율(19~39세) - 청년인구비율,Statistics,7.8,7.6,7.4,7.2,7.0,6.6,6.3,6.0
영월군 - 청년여성인구(19~39세) - 청년인구비율,Statistics,2882.0,2809.0,2704.0,2614.0,2545.0,2341.0,2233.0,2136.0
영월군 - 청년인구(19~34세) - 청년인구비율,Statistics,4973.0,4825.0,4673.0,4473.0,4359.0,4001.0,3852.0,3683.0
영월군 - 청년인구(19~39세) - 청년인구비율,Statistics,6697.0,6544.0,6325.0,6081.0,5884.0,5429.0,5183.0,4940.0
영월군 - 청년인구비율(19~34세) - 청년인구비율,Statistics,13.4,13.1,12.7,12.3,12.0,11.2,10.8,10.4
영월군 - 청년인구비율(19~39세) - 청년인구비율,Statistics,18.1,17.7,17.2,16.7,16.2,15.2,14.5,13.9
영주시 - 전체인구 - 청년인구비율,Statistics,108950.0,108443.0,107034.0,105235.0,103818.0,102414.0,101521.0,100479.0
영주시 - 청년여성비율(19~39세) - 청년인구비율,Statistics,9.5,9.4,9.2,9.0,8.7,8.7,8.2,7.9
영주시 - 청년여성인구(19~39세) - 청년인구비율,Statistics,10394.0,10198.0,9850.0,9446.0,9013.0,8880.0,8315.0,7910.0
영주시 - 청년인구(19~34세) - 청년인구비율,Statistics,18012.0,17567.0,16941.0,16513.0,15876.0,15454.0,14849.0,14516.0
영주시 - 청년인구(19~39세) - 청년인구비율,Statistics,23976.0,23492.0,22761.0,21827.0,20727.0,19888.0,19026.0,18516.0
영주시 - 청년인구비율(19~34세) - 청년인구비율,Statistics,16.5,16.2,15.8,15.7,15.3,15.1,14.6,14.4
영주시 - 청년인구비율(19~39세) - 청년인구비율,Statistics,22.0,21.7,21.3,20.7,20.0,19.4,18.7,18.4
영천시 - 전체인구 - 청년인구비율,Statistics,97295.0,97675.0,98686.0,100487.0,100353.0,99859.0,99741.0,100492.0
영천시 - 청년여성비율(19~39세) - 청년인구비율,Statistics,9.1,9.0,9.0,8.9,8.7,8.3,7.9,7.7
영천시 - 청년여성인구(19~39세) - 청년인구비율,Statistics,8876.0,8780.0,8850.0,8931.0,8734.0,8288.0,7907.0,7727.0
영천시 - 청년인구(19~34세) - 청년인구비율,Statistics,16078.0,15905.0,16268.0,16742.0,16178.0,15218.0,14691.0,15046.0
영천시 - 청년인구(19~39세) - 청년인구비율,Statistics,21676.0,21747.0,22214.0,22636.0,21657.0,20392.0,19672.0,19970.0
영천시 - 청년인구비율(19~34세) - 청년인구비율,Statistics,16.5,16.3,16.5,16.7,16.1,15.2,14.7,15.0
영천시 - 청년인구비율(19~39세) - 청년인구비율,Statistics,22.3,22.3,22.5,22.5,21.6,20.4,19.7,19.9
예산군 - 전체인구 - 청년인구비율,Statistics,79425.0,78678.0,79136.0,78963.0,77838.0,76490.0,76967.0,79229.0
예산군 - 청년여성비율(19~39세) - 청년인구비율,Statistics,8.8,8.6,8.5,8.3,7.9,7.6,7.4,7.6
예산군 - 청년여성인구(19~39세) - 청년인구비율,Statistics,7000.0,6737.0,6745.0,6586.0,6155.0,5828.0,5660.0,6033.0
예산군 - 청년인구(19~34세) - 청년인구비율,Statistics,12361.0,12070.0,12222.0,11942.0,11181.0,10669.0,10410.0,11099.0
예산군 - 청년인구(19~39세) - 청년인구비율,Statistics,16369.0,16000.0,16197.0,15929.0,14843.0,14005.0,13757.0,14736.0
예산군 - 청년인구비율(19~34세) - 청년인구비율,Statistics,15.6,15.3,15.4,15.1,14.4,13.9,13.5,14.0
예산군 - 청년인구비율(19~39세) - 청년인구비율,Statistics,20.6,20.3,20.5,20.2,19.1,18.3,17.9,18.6
예천군 - 전체인구 - 청년인구비율,Statistics,44212.0,46321.0,51082.0,53020.0,53718.0,54267.0,54448.0,54263.0
예천군 - 청년여성비율(19~39세) - 청년인구비율,Statistics,7.8,7.8,8.6,8.6,8.4,8.1,7.9,7.7
예천군 - 청년여성인구(19~39세) - 청년인구비율,Statistics,3442.0,3614.0,4369.0,4568.0,4511.0,4419.0,4303.0,4165.0
예천군 - 청년인구(19~34세) - 청년인구비율,Statistics,5467.0,5588.0,6305.0,6473.0,6541.0,6427.0,6505.0,6300.0
예천군 - 청년인구(19~39세) - 청년인구비율,Statistics,7583.0,8085.0,9448.0,9754.0,9653.0,9402.0,9313.0,9113.0
예천군 - 청년인구비율(19~34세) - 청년인구비율,Statistics,12.4,12.1,12.3,12.2,12.2,11.8,11.9,11.6
예천군 - 청년인구비율(19~39세) - 청년인구비율,Statistics,17.2,17.5,18.5,18.4,18.0,17.3,17.1,16.8
오산시 - 전체인구 - 청년인구비율,Statistics,215478.0,219877.0,228059.0,233998.0,240645.0,242297.0,242596.0,243832.0
오산시 - 청년여성비율(19~39세) - 청년인구비율,Statistics,16.1,15.8,15.6,15.1,14.8,14.3,13.6,13.1
오산시 - 청년여성인구(19~39세) - 청년인구비율,Statistics,34687.0,34663.0,35506.0,35321.0,35508.0,34589.0,32886.0,31890.0
오산시 - 청년인구(19~34세) - 청년인구비율,Statistics,49781.0,49161.0,50387.0,51585.0,53106.0,52582.0,51546.0,50683.0
오산시 - 청년인구(19~39세) - 청년인구비율,Statistics,73202.0,73271.0,75488.0,76229.0,77058.0,75319.0,72499.0,70777.0
오산시 - 청년인구비율(19~34세) - 청년인구비율,Statistics,23.1,22.4,22.1,22.0,22.1,21.7,21.2,20.8
오산시 - 청년인구비율(19~39세) - 청년인구비율,Statistics,34.0,33.3,33.1,32.6,32.0,31.1,29.9,29.0
옥천군 - 전체인구 - 청년인구비율,Statistics,50159.0,49898.0,49756.0,49117.0,48868.0,48507.0,48013.0,47771.0
옥천군 - 청년여성비율(19~39세) - 청년인구비율,Statistics,8.6,8.4,8.2,7.9,7.9,7.3,6.8,6.6
옥천군 - 청년여성인구(19~39세) - 청년인구비율,Statistics,4328.0,4199.0,4069.0,3892.0,3840.0,3561.0,3281.0,3146.0
옥천군 - 청년인구(19~34세) - 청년인구비율,Statistics,7214.0,6874.0,6834.0,6482.0,6439.0,5981.0,5702.0,5675.0
옥천군 - 청년인구(19~39세) - 청년인구비율,Statistics,9935.0,9605.0,9452.0,9013.0,8730.0,8126.0,7641.0,7464.0
옥천군 - 청년인구비율(19~34세) - 청년인구비율,Statistics,14.4,13.8,13.7,13.2,13.2,12.3,11.9,11.9
옥천군 - 청년인구비율(19~39세) - 청년인구비율,Statistics,19.8,19.2,19.0,18.4,17.9,16.8,15.9,15.6
옹진군 - 전체인구 - 청년인구비율,Statistics,18905.0,19294.0,19207.0,19040.0,19292.0,18984.0,19329.0,19286.0
옹진군 - 청년여성비율(19~39세) - 청년인구비율,Statistics,7.8,7.6,7.4,7.1,6.7,6.5,6.2,5.9
옹진군 - 청년여성인구(19~39세) - 청년인구비율,Statistics,1468.0,1468.0,1414.0,1357.0,1300.0,1225.0,1207.0,1138.0
옹진군 - 청년인구(19~34세) - 청년인구비율,Statistics,3589.0,3607.0,3569.0,3528.0,3517.0,3341.0,3478.0,3403.0
옹진군 - 청년인구(19~39세) - 청년인구비율,Statistics,4763.0,4838.0,4741.0,4602.0,4470.0,4210.0,4338.0,4208.0
옹진군 - 청년인구비율(19~34세) - 청년인구비율,Statistics,19.0,18.7,18.6,18.5,18.2,17.6,18.0,17.6
옹진군 - 청년인구비율(19~39세) - 청년인구비율,Statistics,25.2,25.1,24.7,24.2,23.2,22.2,22.4,21.8
완도군 - 전체인구 - 청년인구비율,Statistics,48349.0,48332.0,48340.0,48366.0,48269.0,47210.0,46863.0,47655.0
완도군 - 청년여성비율(19~39세) - 청년인구비율,Statistics,7.3,7.2,7.0,6.9,6.7,6.2,5.8,5.6
완도군 - 청년여성인구(19~39세) - 청년인구비율,Statistics,3545.0,3464.0,3379.0,3314.0,3220.0,2937.0,2722.0,2665.0
완도군 - 청년인구(19~34세) - 청년인구비율,Statistics,6342.0,6154.0,6223.0,6490.0,6453.0,5949.0,5996.0,6661.0
완도군 - 청년인구(19~39세) - 청년인구비율,Statistics,9080.0,8957.0,9093.0,9295.0,9095.0,8386.0,8351.0,9148.0
완도군 - 청년인구비율(19~34세) - 청년인구비율,Statistics,13.1,12.7,12.9,13.4,13.4,12.6,12.8,14.0
완도군 - 청년인구비율(19~39세) - 청년인구비율,Statistics,18.8,18.5,18.8,19.2,18.8,17.8,17.8,19.2
완주군 - 전체인구 - 청년인구비율,Statistics,97340.0,98528.0,98002.0,96212.0,95834.0,95029.0,94771.0,101002.0
완주군 - 청년여성비율(19~39세) - 청년인구비율,Statistics,12.8,12.6,12.3,11.9,11.4,10.9,10.9,11.1
완주군 - 청년여성인구(19~39세) - 청년인구비율,Statistics,12428.0,12379.0,12039.0,11417.0,10915.0,10349.0,10283.0,11222.0
완주군 - 청년인구(19~34세) - 청년인구비율,Statistics,20401.0,19948.0,19815.0,19110.0,18750.0,18095.0,17937.0,19749.0
완주군 - 청년인구(19~39세) - 청년인구비율,Statistics,27299.0,27132.0,26738.0,25489.0,24588.0,23417.0,23075.0,25359.0
완주군 - 청년인구비율(19~34세) - 청년인구비율,Statistics,21.0,20.2,20.2,19.9,19.6,19.0,18.9,19.6
완주군 - 청년인구비율(19~39세) - 청년인구비율,Statistics,28.0,27.5,27.3,26.5,25.7,24.6,24.3,25.1
용산구 - 전체인구 - 청년인구비율,Statistics,224993.0,223898.0,226938.0,227181.0,225882.0,221688.0,219289.0,214791.0
용산구 - 청년여성비율(19~39세) - 청년인구비율,Statistics,17.0,17.0,17.3,17.3,17.5,17.5,17.5,17.7
용산구 - 청년여성인구(19~39세) - 청년인구비율,Statistics,38152.0,38171.0,39182.0,39250.0,39482.0,38699.0,38389.0,38044.0
용산구 - 청년인구(19~34세) - 청년인구비율,Statistics,54375.0,54962.0,57580.0,57952.0,57361.0,55930.0,55548.0,54852.0
용산구 - 청년인구(19~39세) - 청년인구비율,Statistics,73813.0,74795.0,77928.0,78168.0,76927.0,74785.0,73766.0,72442.0
용산구 - 청년인구비율(19~34세) - 청년인구비율,Statistics,24.2,24.5,25.4,25.5,25.4,25.2,25.3,25.5
용산구 - 청년인구비율(19~39세) - 청년인구비율,Statistics,32.8,33.4,34.3,34.4,34.1,33.7,33.6,33.7
용인시 - 전체인구 - 청년인구비율,Statistics,982590.0,996260.0,1026126.0,1052529.0,1066975.0,1067347.0,1064500.0,1066979.0
용인시 - 청년여성비율(19~39세) - 청년인구비율,Statistics,14.6,14.4,14.3,14.2,13.9,13.4,13.0,12.7
용인시 - 청년여성인구(19~39세) - 청년인구비율,Statistics,143541.0,143299.0,146338.0,148971.0,148058.0,143112.0,138723.0,135824.0
용인시 - 청년인구(19~34세) - 청년인구비율,Statistics,204114.0,204953.0,210278.0,218199.0,220275.0,216287.0,215259.0,215679.0
용인시 - 청년인구(19~39세) - 청년인구비율,Statistics,291515.0,291894.0,299680.0,306405.0,304038.0,294533.0,287943.0,284193.0
용인시 - 청년인구비율(19~34세) - 청년인구비율,Statistics,20.8,20.6,20.5,20.7,20.6,20.3,20.2,20.2
용인시 - 청년인구비율(19~39세) - 청년인구비율,Statistics,29.7,29.3,29.2,29.1,28.5,27.6,27.0,26.6
울릉군 - 전체인구 - 청년인구비율,Statistics,8490.0,8702.0,8729.0,8704.0,8444.0,8169.0,8288.0,8418.0
울릉군 - 청년여성비율(19~39세) - 청년인구비율,Statistics,8.3,7.8,7.7,7.5,7.1,6.7,6.5,6.2
울릉군 - 청년여성인구(19~39세) - 청년인구비율,Statistics,706.0,675.0,671.0,655.0,598.0,549.0,538.0,523.0
울릉군 - 청년인구(19~34세) - 청년인구비율,Statistics,1300.0,1266.0,1281.0,1217.0,1151.0,1086.0,1091.0,1115.0
울릉군 - 청년인구(19~39세) - 청년인구비율,Statistics,1831.0,1813.0,1832.0,1794.0,1686.0,1546.0,1516.0,1522.0
울릉군 - 청년인구비율(19~34세) - 청년인구비율,Statistics,15.3,14.5,14.7,14.0,13.6,13.3,13.2,13.2
울릉군 - 청년인구비율(19~39세) - 청년인구비율,Statistics,21.6,20.8,21.0,20.6,20.0,18.9,18.3,18.1
울산광역시 - 전체인구 - 청년인구비율,Statistics,1166033.0,1157077.0,1150116.0,1143692.0,1135423.0,1120753.0,1110516.0,1107432.0
울산광역시 - 청년여성비율(19~39세) - 청년인구비율,Statistics,13.3,13.1,12.9,12.6,12.2,11.7,11.2,10.7
울산광역시 - 청년여성인구(19~39세) - 청년인구비율,Statistics,155507.0,151793.0,148445.0,144057.0,138921.0,131357.0,124190.0,118629.0
울산광역시 - 청년인구(19~34세) - 청년인구비율,Statistics,253802.0,243407.0,236207.0,230899.0,225336.0,215752.0,207836.0,203784.0
울산광역시 - 청년인구(19~39세) - 청년인구비율,Statistics,350215.0,340694.0,333130.0,324254.0,311911.0,295996.0,282442.0,275141.0
울산광역시 - 청년인구비율(19~34세) - 청년인구비율,Statistics,21.8,21.0,20.5,20.2,19.8,19.3,18.7,18.4
울산광역시 - 청년인구비율(19~39세) - 청년인구비율,Statistics,30.0,29.4,29.0,28.4,27.5,26.4,25.4,24.8
울주군 - 전체인구 - 청년인구비율,Statistics,222106.0,222164.0,224834.0,226501.0,225050.0,224164.0,223854.0,223372.0
울주군 - 청년여성비율(19~39세) - 청년인구비율,Statistics,12.0,11.8,11.6,11.3,10.9,10.6,10.2,9.7
울주군 - 청년여성인구(19~39세) - 청년인구비율,Statistics,26751.0,26219.0,26132.0,25681.0,24556.0,23651.0,22742.0,21632.0
울주군 - 청년인구(19~34세) - 청년인구비율,Statistics,45261.0,44645.0,44624.0,44530.0,42517.0,41857.0,40960.0,40000.0
울주군 - 청년인구(19~39세) - 청년인구비율,Statistics,62661.0,61804.0,61893.0,61225.0,57846.0,56130.0,54298.0,52720.0
울주군 - 청년인구비율(19~34세) - 청년인구비율,Statistics,20.4,20.1,19.8,19.7,18.9,18.7,18.3,17.9
울주군 - 청년인구비율(19~39세) - 청년인구비율,Statistics,28.2,27.8,27.5,27.0,25.7,25.0,24.3,23.6
울진군 - 전체인구 - 청년인구비율,Statistics,49043.0,48504.0,48057.0,47651.0,47151.0,46369.0,45954.0,45697.0
울진군 - 청년여성비율(19~39세) - 청년인구비율,Statistics,7.9,7.7,7.5,7.3,7.2,6.8,6.5,6.2
울진군 - 청년여성인구(19~39세) - 청년인구비율,Statistics,3897.0,3740.0,3610.0,3485.0,3400.0,3149.0,2991.0,2855.0
울진군 - 청년인구(19~34세) - 청년인구비율,Statistics,6844.0,6633.0,6643.0,6686.0,6599.0,6243.0,6106.0,6058.0
울진군 - 청년인구(19~39세) - 청년인구비율,Statistics,9897.0,9679.0,9601.0,9488.0,9143.0,8592.0,8351.0,8234.0
울진군 - 청년인구비율(19~34세) - 청년인구비율,Statistics,14.0,13.7,13.8,14.0,14.0,13.5,13.3,13.3
울진군 - 청년인구비율(19~39세) - 청년인구비율,Statistics,20.2,20.0,20.0,19.9,19.4,18.5,18.2,18.0
원주시 - 전체인구 - 청년인구비율,Statistics,337479.0,341338.0,344168.0,349319.0,352429.0,357224.0,361810.0,364912.0
원주시 - 청년여성비율(19~39세) - 청년인구비율,Statistics,13.8,13.7,13.6,13.5,13.2,13.0,12.7,12.6
원주시 - 청년여성인구(19~39세) - 청년인구비율,Statistics,46629.0,46677.0,46686.0,47100.0,46425.0,46503.0,45909.0,46115.0
원주시 - 청년인구(19~34세) - 청년인구비율,Statistics,72223.0,72523.0,72678.0,74030.0,72586.0,73105.0,73929.0,74883.0
원주시 - 청년인구(19~39세) - 청년인구비율,Statistics,97011.0,97632.0,98024.0,99134.0,97083.0,96994.0,96904.0,97143.0
원주시 - 청년인구비율(19~34세) - 청년인구비율,Statistics,21.4,21.2,21.1,21.2,20.6,20.5,20.4,20.5
원주시 - 청년인구비율(19~39세) - 청년인구비율,Statistics,28.7,28.6,28.5,28.4,27.5,27.2,26.8,26.6
유성구 - 전체인구 - 청년인구비율,Statistics,359057.0,366639.0,365833.0,366544.0,368895.0,367288.0,369281.0,379100.0
유성구 - 청년여성비율(19~39세) - 청년인구비율,Statistics,16.4,16.4,16.1,16.1,16.1,15.7,15.3,15.2
유성구 - 청년여성인구(19~39세) - 청년인구비율,Statistics,58754.0,60212.0,58899.0,58896.0,59511.0,57539.0,56547.0,57731.0
유성구 - 청년인구(19~34세) - 청년인구비율,Statistics,97172.0,98979.0,97687.0,98424.0,99166.0,97851.0,97386.0,99241.0
유성구 - 청년인구(19~39세) - 청년인구비율,Statistics,128254.0,131154.0,129693.0,129685.0,129260.0,126446.0,124708.0,127086.0
유성구 - 청년인구비율(19~34세) - 청년인구비율,Statistics,27.1,27.0,26.7,26.9,26.9,26.6,26.4,26.2
유성구 - 청년인구비율(19~39세) - 청년인구비율,Statistics,35.7,35.8,35.5,35.4,35.0,34.4,33.8,33.5
은평구 - 전체인구 - 청년인구비율,Statistics,472242.0,466243.0,462552.0,461530.0,463102.0,457385.0,454649.0,452988.0
은평구 - 청년여성비율(19~39세) - 청년인구비율,Statistics,15.0,14.8,14.8,14.9,15.1,14.9,14.7,14.7
은평구 - 청년여성인구(19~39세) - 청년인구비율,Statistics,70903.0,68945.0,68451.0,68929.0,69889.0,68292.0,66899.0,66707.0
은평구 - 청년인구(19~34세) - 청년인구비율,Statistics,101674.0,98482.0,97455.0,98448.0,100821.0,99041.0,97602.0,97386.0
은평구 - 청년인구(19~39세) - 청년인구비율,Statistics,140603.0,136866.0,135594.0,135319.0,136027.0,131931.0,128672.0,127204.0
은평구 - 청년인구비율(19~34세) - 청년인구비율,Statistics,21.5,21.1,21.1,21.3,21.8,21.7,21.5,21.5
은평구 - 청년인구비율(19~39세) - 청년인구비율,Statistics,29.8,29.4,29.3,29.3,29.4,28.8,28.3,28.1
음성군 - 전체인구 - 청년인구비율,Statistics,104635.0,104509.0,105539.0,104823.0,103725.0,100866.0,102564.0,104615.0
음성군 - 청년여성비율(19~39세) - 청년인구비율,Statistics,11.5,11.2,10.9,10.5,10.1,9.7,9.5,9.3
음성군 - 청년여성인구(19~39세) - 청년인구비율,Statistics,12065.0,11735.0,11523.0,11047.0,10501.0,9795.0,9733.0,9781.0
음성군 - 청년인구(19~34세) - 청년인구비율,Statistics,22527.0,21738.0,22542.0,22096.0,21144.0,19482.0,20089.0,21583.0
음성군 - 청년인구(19~39세) - 청년인구비율,Statistics,30499.0,29736.0,30491.0,29650.0,28277.0,26055.0,26677.0,28274.0
음성군 - 청년인구비율(19~34세) - 청년인구비율,Statistics,21.5,20.8,21.4,21.1,20.4,19.3,19.6,20.6
음성군 - 청년인구비율(19~39세) - 청년인구비율,Statistics,29.1,28.5,28.9,28.3,27.3,25.8,26.0,27.0
의령군 - 전체인구 - 청년인구비율,Statistics,26568.0,26292.0,26401.0,26040.0,25965.0,25325.0,25032.0,24827.0
의령군 - 청년여성비율(19~39세) - 청년인구비율,Statistics,7.3,7.3,7.6,7.3,7.0,6.3,5.9,5.7
의령군 - 청년여성인구(19~39세) - 청년인구비율,Statistics,1938.0,1927.0,2008.0,1893.0,1814.0,1588.0,1465.0,1410.0
의령군 - 청년인구(19~34세) - 청년인구비율,Statistics,3374.0,3274.0,3387.0,3209.0,3158.0,2812.0,2619.0,2640.0
의령군 - 청년인구(19~39세) - 청년인구비율,Statistics,4540.0,4424.0,4574.0,4363.0,4227.0,3819.0,3561.0,3551.0
의령군 - 청년인구비율(19~34세) - 청년인구비율,Statistics,12.7,12.5,12.8,12.3,12.2,11.1,10.5,10.6
의령군 - 청년인구비율(19~39세) - 청년인구비율,Statistics,17.1,16.8,17.3,16.8,16.3,15.1,14.2,14.3
의성군 - 전체인구 - 청년인구비율,Statistics,50683.0,50082.0,49621.0,49477.0,49243.0,48021.0,47775.0,47920.0
의성군 - 청년여성비율(19~39세) - 청년인구비율,Statistics,6.0,5.7,5.8,5.7,5.5,5.1,4.8,4.8
의성군 - 청년여성인구(19~39세) - 청년인구비율,Statistics,3041.0,2876.0,2867.0,2815.0,2704.0,2439.0,2281.0,2303.0
의성군 - 청년인구(19~34세) - 청년인구비율,Statistics,5445.0,5072.0,5011.0,4869.0,4656.0,4195.0,3988.0,4060.0
의성군 - 청년인구(19~39세) - 청년인구비율,Statistics,7282.0,6893.0,6785.0,6633.0,6370.0,5734.0,5470.0,5549.0
의성군 - 청년인구비율(19~34세) - 청년인구비율,Statistics,10.7,10.1,10.1,9.8,9.5,8.7,8.3,8.5
의성군 - 청년인구비율(19~39세) - 청년인구비율,Statistics,14.4,13.8,13.7,13.4,12.9,11.9,11.4,11.6
의왕시 - 전체인구 - 청년인구비율,Statistics,153629.0,151852.0,149599.0,155826.0,160230.0,160115.0,157318.0,154788.0
의왕시 - 청년여성비율(19~39세) - 청년인구비율,Statistics,14.1,13.8,13.5,13.5,14.0,13.7,13.2,13.0
의왕시 - 청년여성인구(19~39세) - 청년인구비율,Statistics,21627.0,20947.0,20239.0,21102.0,22512.0,21950.0,20778.0,20113.0
의왕시 - 청년인구(19~34세) - 청년인구비율,Statistics,33393.0,32536.0,31566.0,32985.0,35211.0,34618.0,32706.0,31456.0
의왕시 - 청년인구(19~39세) - 청년인구비율,Statistics,45150.0,43857.0,42591.0,44399.0,46897.0,45774.0,43329.0,41832.0
의왕시 - 청년인구비율(19~34세) - 청년인구비율,Statistics,21.7,21.4,21.1,21.2,22.0,21.6,20.8,20.3
의왕시 - 청년인구비율(19~39세) - 청년인구비율,Statistics,29.4,28.9,28.5,28.5,29.3,28.6,27.5,27.0
의정부시 - 전체인구 - 청년인구비율,Statistics,424722.0,426530.0,432286.0,440357.0,449572.0,455454.0,455128.0,458966.0
의정부시 - 청년여성비율(19~39세) - 청년인구비율,Statistics,13.9,13.8,13.9,13.9,13.8,13.7,13.4,13.2
의정부시 - 청년여성인구(19~39세) - 청년인구비율,Statistics,58940.0,58885.0,60048.0,61100.0,62249.0,62430.0,60930.0,60605.0
의정부시 - 청년인구(19~34세) - 청년인구비율,Statistics,87825.0,87410.0,88603.0,90851.0,93788.0,95059.0,93625.0,93725.0
의정부시 - 청년인구(19~39세) - 청년인구비율,Statistics,119770.0,119853.0,122145.0,124097.0,126140.0,126450.0,123425.0,122686.0
의정부시 - 청년인구비율(19~34세) - 청년인구비율,Statistics,20.7,20.5,20.5,20.6,20.9,20.9,20.6,20.4
의정부시 - 청년인구비율(19~39세) - 청년인구비율,Statistics,28.2,28.1,28.3,28.2,28.1,27.8,27.1,26.7
이천시 - 전체인구 - 청년인구비율,Statistics,214766.0,218798.0,220599.0,222995.0,226212.0,229321.0,227193.0,228695.0
이천시 - 청년여성비율(19~39세) - 청년인구비율,Statistics,14.9,14.5,14.3,14.1,14.0,13.8,13.0,12.8
이천시 - 청년여성인구(19~39세) - 청년인구비율,Statistics,32000.0,31710.0,31453.0,31364.0,31673.0,31718.0,29602.0,29208.0
이천시 - 청년인구(19~34세) - 청년인구비율,Statistics,50406.0,50759.0,51512.0,52637.0,54252.0,54669.0,52001.0,52191.0
이천시 - 청년인구(19~39세) - 청년인구비율,Statistics,67733.0,68858.0,69467.0,70376.0,71447.0,71687.0,68200.0,68182.0
이천시 - 청년인구비율(19~34세) - 청년인구비율,Statistics,23.5,23.2,23.4,23.6,24.0,23.8,22.9,22.8
이천시 - 청년인구비율(19~39세) - 청년인구비율,Statistics,31.5,31.5,31.5,31.6,31.6,31.3,30.0,29.8
익산시 - 전체인구 - 청년인구비율,Statistics,300929.0,298928.0,294787.0,290119.0,285312.0,280150.0,277030.0,274350.0
익산시 - 청년여성비율(19~39세) - 청년인구비율,Statistics,12.9,12.8,12.6,12.4,12.0,11.7,11.5,11.3
익산시 - 청년여성인구(19~39세) - 청년인구비율,Statistics,38820.0,38249.0,37206.0,35896.0,34267.0,32713.0,31781.0,30918.0
익산시 - 청년인구(19~34세) - 청년인구비율,Statistics,64579.0,63899.0,62430.0,60734.0,58926.0,56532.0,55670.0,54871.0
익산시 - 청년인구(19~39세) - 청년인구비율,Statistics,84090.0,83066.0,81016.0,78378.0,75040.0,71506.0,69621.0,68063.0
익산시 - 청년인구비율(19~34세) - 청년인구비율,Statistics,21.5,21.4,21.2,20.9,20.7,20.2,20.1,20.0
익산시 - 청년인구비율(19~39세) - 청년인구비율,Statistics,27.9,27.8,27.5,27.0,26.3,25.5,25.1,24.8
인제군 - 전체인구 - 청년인구비율,Statistics,30759.0,30524.0,30373.0,30133.0,30147.0,30670.0,30905.0,31490.0
인제군 - 청년여성비율(19~39세) - 청년인구비율,Statistics,10.3,10.4,10.0,9.8,9.7,9.4,9.1,8.9
인제군 - 청년여성인구(19~39세) - 청년인구비율,Statistics,3178.0,3169.0,3052.0,2967.0,2932.0,2870.0,2808.0,2805.0
인제군 - 청년인구(19~34세) - 청년인구비율,Statistics,6258.0,6037.0,5909.0,5801.0,5738.0,5843.0,5897.0,6192.0
인제군 - 청년인구(19~39세) - 청년인구비율,Statistics,8383.0,8169.0,8046.0,7876.0,7686.0,7759.0,7780.0,8127.0
인제군 - 청년인구비율(19~34세) - 청년인구비율,Statistics,20.3,19.8,19.5,19.3,19.0,19.1,19.1,19.7
인제군 - 청년인구비율(19~39세) - 청년인구비율,Statistics,27.3,26.8,26.5,26.1,25.5,25.3,25.2,25.8
인천광역시 - 전체인구 - 청년인구비율,Statistics,2913024.0,2925967.0,2936117.0,2952237.0,2945454.0,2957044.0,2989125.0,3025950.0
인천광역시 - 청년여성비율(19~39세) - 청년인구비율,Statistics,14.6,14.4,14.2,14.1,13.8,13.5,13.2,12.9
인천광역시 - 청년여성인구(19~39세) - 청년인구비율,Statistics,424273.0,421538.0,418287.0,414991.0,406921.0,398462.0,394282.0,390794.0
인천광역시 - 청년인구(19~34세) - 청년인구비율,Statistics,648172.0,640543.0,633163.0,634801.0,627912.0,619512.0,620464.0,617475.0
인천광역시 - 청년인구(19~39세) - 청년인구비율,Statistics,889483.0,886151.0,879748.0,874356.0,853655.0,836456.0,830502.0,825978.0
인천광역시 - 청년인구비율(19~34세) - 청년인구비율,Statistics,22.3,21.9,21.6,21.5,21.3,21.0,20.8,20.4
인천광역시 - 청년인구비율(19~39세) - 청년인구비율,Statistics,30.5,30.3,30.0,29.6,29.0,28.3,27.8,27.3
임실군 - 전체인구 - 청년인구비율,Statistics,26229.0,26409.0,26377.0,26144.0,26075.0,24997.0,24922.0,24509.0
임실군 - 청년여성비율(19~39세) - 청년인구비율,Statistics,8.0,8.4,8.4,8.3,7.9,7.2,7.1,6.9
임실군 - 청년여성인구(19~39세) - 청년인구비율,Statistics,2096.0,2215.0,2225.0,2171.0,2054.0,1807.0,1769.0,1693.0
임실군 - 청년인구(19~34세) - 청년인구비율,Statistics,3738.0,3826.0,3815.0,3665.0,3552.0,3140.0,3018.0,2985.0
임실군 - 청년인구(19~39세) - 청년인구비율,Statistics,4905.0,5060.0,4947.0,4758.0,4553.0,4042.0,3908.0,3838.0
임실군 - 청년인구비율(19~34세) - 청년인구비율,Statistics,14.3,14.5,14.5,14.0,13.6,12.6,12.1,12.2
임실군 - 청년인구비율(19~39세) - 청년인구비율,Statistics,18.7,19.2,18.8,18.2,17.5,16.2,15.7,15.7
장성군 - 전체인구 - 청년인구비율,Statistics,41159.0,41663.0,41850.0,42193.0,41443.0,40604.0,40266.0,40187.0
장성군 - 청년여성비율(19~39세) - 청년인구비율,Statistics,8.7,8.6,8.6,8.4,8.2,7.7,7.2,7.2
장성군 - 청년여성인구(19~39세) - 청년인구비율,Statistics,3598.0,3602.0,3587.0,3546.0,3384.0,3125.0,2880.0,2886.0
장성군 - 청년인구(19~34세) - 청년인구비율,Statistics,5938.0,5844.0,5819.0,6152.0,6057.0,5526.0,5337.0,5425.0
장성군 - 청년인구(19~39세) - 청년인구비율,Statistics,8264.0,8246.0,8179.0,8435.0,8110.0,7447.0,7080.0,7085.0
장성군 - 청년인구비율(19~34세) - 청년인구비율,Statistics,14.4,14.0,13.9,14.6,14.6,13.6,13.3,13.5
장성군 - 청년인구비율(19~39세) - 청년인구비율,Statistics,20.1,19.8,19.5,20.0,19.6,18.3,17.6,17.6
장수군 - 전체인구 - 청년인구비율,Statistics,21607.0,21395.0,21281.0,21267.0,20879.0,20335.0,20036.0,19914.0
장수군 - 청년여성비율(19~39세) - 청년인구비율,Statistics,7.8,7.6,7.5,7.5,7.0,6.4,5.9,5.9
장수군 - 청년여성인구(19~39세) - 청년인구비율,Statistics,1678.0,1631.0,1602.0,1605.0,1471.0,1307.0,1190.0,1177.0
장수군 - 청년인구(19~34세) - 청년인구비율,Statistics,2693.0,2644.0,2620.0,2531.0,2417.0,2121.0,1988.0,1959.0
장수군 - 청년인구(19~39세) - 청년인구비율,Statistics,3762.0,3675.0,3631.0,3520.0,3284.0,2918.0,2738.0,2697.0
장수군 - 청년인구비율(19~34세) - 청년인구비율,Statistics,12.5,12.4,12.3,11.9,11.6,10.4,9.9,9.8
장수군 - 청년인구비율(19~39세) - 청년인구비율,Statistics,17.4,17.2,17.1,16.6,15.7,14.3,13.7,13.5
장흥군 - 전체인구 - 청년인구비율,Statistics,36481.0,36275.0,35875.0,35494.0,35273.0,34268.0,33638.0,33396.0
장흥군 - 청년여성비율(19~39세) - 청년인구비율,Statistics,7.5,7.5,7.7,7.7,7.5,6.8,6.5,6.3
장흥군 - 청년여성인구(19~39세) - 청년인구비율,Statistics,2754.0,2711.0,2769.0,2744.0,2656.0,2335.0,2193.0,2113.0
장흥군 - 청년인구(19~34세) - 청년인구비율,Statistics,4438.0,4379.0,4399.0,4345.0,4283.0,3854.0,3658.0,3578.0
장흥군 - 청년인구(19~39세) - 청년인구비율,Statistics,6109.0,6064.0,6141.0,6055.0,5836.0,5231.0,4907.0,4819.0
장흥군 - 청년인구비율(19~34세) - 청년인구비율,Statistics,12.2,12.1,12.3,12.2,12.1,11.2,10.9,10.7
장흥군 - 청년인구비율(19~39세) - 청년인구비율,Statistics,16.7,16.7,17.1,17.1,16.5,15.3,14.6,14.4
전국 - 전체인구 - 청년인구비율,Statistics,51269554.0,51422507.0,51629512.0,51779203.0,51829136.0,51738071.0,51692272.0,51774521.0
전국 - 청년여성비율(19~39세) - 청년인구비율,Statistics,14.0,13.9,13.8,13.7,13.5,13.2,12.9,12.6
전국 - 청년여성인구(19~39세) - 청년인구비율,Statistics,7200668.0,7158325.0,7134659.0,7076676.0,6981872.0,6809384.0,6644574.0,6534466.0
전국 - 청년인구(19~34세) - 청년인구비율,Statistics,11153716.0,11014719.0,10963939.0,10969615.0,10911411.0,10721405.0,10602617.0,10541492.0
전국 - 청년인구(19~39세) - 청년인구비율,Statistics,15156183.0,15085400.0,15070861.0,14969359.0,14716881.0,14343752.0,14039981.0,13875399.0
전국 - 청년인구비율(19~34세) - 청년인구비율,Statistics,21.8,21.4,21.2,21.2,21.1,20.7,20.5,20.4
전국 - 청년인구비율(19~39세) - 청년인구비율,Statistics,29.6,29.3,29.2,28.9,28.4,27.7,27.2,26.8
전라남도 - 전체인구 - 청년인구비율,Statistics,1796017.0,1792319.0,1790352.0,1787543.0,1788807.0,1778124.0,1771431.0,1776668.0
전라남도 - 청년여성비율(19~39세) - 청년인구비율,Statistics,10.6,10.4,10.3,10.2,9.9,9.6,9.3,9.1
전라남도 - 청년여성인구(19~39세) - 청년인구비율,Statistics,189712.0,186324.0,185132.0,181934.0,177410.0,170755.0,164697.0,162140.0
전라남도 - 청년인구(19~34세) - 청년인구비율,Statistics,304598.0,295689.0,295272.0,296698.0,295680.0,286069.0,283020.0,286311.0
전라남도 - 청년인구(19~39세) - 청년인구비율,Statistics,419246.0,411817.0,411644.0,409245.0,402366.0,387056.0,377463.0,377695.0
전라남도 - 청년인구비율(19~34세) - 청년인구비율,Statistics,17.0,16.5,16.5,16.6,16.5,16.1,16.0,16.1
전라남도 - 청년인구비율(19~39세) - 청년인구비율,Statistics,23.3,23.0,23.0,22.9,22.5,21.8,21.3,21.3
전북특별자치도 - 전체인구 - 청년인구비율,Statistics,1833168.0,1826174.0,1818157.0,1807423.0,1802766.0,1787053.0,1774248.0,1768491.0
전북특별자치도 - 청년여성비율(19~39세) - 청년인구비율,Statistics,12.1,12.0,11.9,11.7,11.5,11.2,10.9,10.7
전북특별자치도 - 청년여성인구(19~39세) - 청년인구비율,Statistics,222411.0,218786.0,215732.0,211697.0,207793.0,200263.0,193297.0,189451.0
전북특별자치도 - 청년인구(19~34세) - 청년인구비율,Statistics,356063.0,349309.0,345608.0,342194.0,340108.0,331810.0,325638.0,323398.0
전북특별자치도 - 청년인구(19~39세) - 청년인구비율,Statistics,476705.0,469417.0,464208.0,456412.0,447389.0,432940.0,420350.0,414154.0
전북특별자치도 - 청년인구비율(19~34세) - 청년인구비율,Statistics,19.4,19.1,19.0,18.9,18.9,18.6,18.4,18.3
전북특별자치도 - 청년인구비율(19~39세) - 청년인구비율,Statistics,26.0,25.7,25.5,25.3,24.8,24.2,23.7,23.4
전주시 - 전체인구 - 청년인구비율,Statistics,657766.0,656956.0,658912.0,662086.0,666517.0,670411.0,665884.0,658032.0
전주시 - 청년여성비율(19~39세) - 청년인구비율,Statistics,14.3,14.2,14.1,14.0,14.0,13.8,13.5,13.2
전주시 - 청년여성인구(19~39세) - 청년인구비율,Statistics,94297.0,93017.0,92779.0,92786.0,93216.0,92526.0,89578.0,86913.0
전주시 - 청년인구(19~34세) - 청년인구비율,Statistics,145492.0,143970.0,144150.0,145835.0,148250.0,149223.0,146596.0,143486.0
전주시 - 청년인구(19~39세) - 청년인구비율,Statistics,192966.0,191368.0,191752.0,192511.0,193116.0,192596.0,187313.0,181585.0
전주시 - 청년인구비율(19~34세) - 청년인구비율,Statistics,22.1,21.9,21.9,22.0,22.2,22.3,22.0,21.8
전주시 - 청년인구비율(19~39세) - 청년인구비율,Statistics,29.3,29.1,29.1,29.1,29.0,28.7,28.1,27.6
정선군 - 전체인구 - 청년인구비율,Statistics,36233.0,36002.0,35580.0,35255.0,34524.0,33786.0,33354.0,32793.0
정선군 - 청년여성비율(19~39세) - 청년인구비율,Statistics,8.8,8.4,8.2,7.9,7.0,6.4,5.9,5.8
정선군 - 청년여성인구(19~39세) - 청년인구비율,Statistics,3173.0,3007.0,2931.0,2795.0,2427.0,2166.0,1971.0,1893.0
정선군 - 청년인구(19~34세) - 청년인구비율,Statistics,5049.0,4809.0,4575.0,4375.0,3909.0,3513.0,3266.0,3066.0
정선군 - 청년인구(19~39세) - 청년인구비율,Statistics,7347.0,7052.0,6788.0,6466.0,5641.0,5075.0,4699.0,4423.0
정선군 - 청년인구비율(19~34세) - 청년인구비율,Statistics,13.9,13.4,12.9,12.4,11.3,10.4,9.8,9.3
정선군 - 청년인구비율(19~39세) - 청년인구비율,Statistics,20.3,19.6,19.1,18.3,16.3,15.0,14.1,13.5
정읍시 - 전체인구 - 청년인구비율,Statistics,109968.0,109263.0,108271.0,107348.0,106706.0,104463.0,103255.0,102507.0
정읍시 - 청년여성비율(19~39세) - 청년인구비율,Statistics,9.4,9.3,9.2,9.0,9.0,8.5,8.1,7.9
정읍시 - 청년여성인구(19~39세) - 청년인구비율,Statistics,10292.0,10159.0,9981.0,9705.0,9575.0,8879.0,8381.0,8149.0
정읍시 - 청년인구(19~34세) - 청년인구비율,Statistics,16674.0,16436.0,16301.0,16346.0,16336.0,15293.0,14828.0,14535.0
정읍시 - 청년인구(19~39세) - 청년인구비율,Statistics,22931.0,22566.0,22233.0,21917.0,21543.0,20106.0,19319.0,18955.0
정읍시 - 청년인구비율(19~34세) - 청년인구비율,Statistics,15.2,15.0,15.1,15.2,15.3,14.6,14.4,14.2
정읍시 - 청년인구비율(19~39세) - 청년인구비율,Statistics,20.9,20.7,20.5,20.4,20.2,19.2,18.7,18.5
제주시 - 전체인구 - 청년인구비율,Statistics,462286.0,472399.0,482932.0,487688.0,492306.0,493869.0,495281.0,495553.0
제주시 - 청년여성비율(19~39세) - 청년인구비율,Statistics,13.5,13.5,13.5,13.3,13.2,12.8,12.5,12.1
제주시 - 청년여성인구(19~39세) - 청년인구비율,Statistics,62432.0,63707.0,65149.0,64757.0,65135.0,63420.0,61732.0,59764.0
제주시 - 청년인구(19~34세) - 청년인구비율,Statistics,93645.0,94973.0,97473.0,98209.0,99300.0,97653.0,96818.0,95349.0
제주시 - 청년인구(19~39세) - 청년인구비율,Statistics,130044.0,133069.0,137219.0,137245.0,136764.0,133195.0,130334.0,127247.0
제주시 - 청년인구비율(19~34세) - 청년인구비율,Statistics,20.3,20.1,20.2,20.1,20.2,19.8,19.5,19.2
제주시 - 청년인구비율(19~39세) - 청년인구비율,Statistics,28.1,28.2,28.4,28.1,27.8,27.0,26.3,25.7
제주특별자치도 - 전체인구 - 청년인구비율,Statistics,623332.0,641757.0,658282.0,665048.0,670858.0,673107.0,676375.0,676767.0
제주특별자치도 - 청년여성비율(19~39세) - 청년인구비율,Statistics,12.8,12.9,12.9,12.7,12.6,12.2,11.8,11.3
제주특별자치도 - 청년여성인구(19~39세) - 청년인구비율,Statistics,80053.0,82552.0,84996.0,84432.0,84350.0,81882.0,79496.0,76648.0
제주특별자치도 - 청년인구(19~34세) - 청년인구비율,Statistics,120995.0,123729.0,127546.0,128080.0,128498.0,125747.0,124643.0,122873.0
제주특별자치도 - 청년인구(19~39세) - 청년인구비율,Statistics,168611.0,174204.0,180536.0,180151.0,178409.0,173062.0,169351.0,165367.0
제주특별자치도 - 청년인구비율(19~34세) - 청년인구비율,Statistics,19.4,19.3,19.4,19.3,19.2,18.7,18.4,18.2
제주특별자치도 - 청년인구비율(19~39세) - 청년인구비율,Statistics,27.0,27.1,27.4,27.1,26.6,25.7,25.0,24.4
제천시 - 전체인구 - 청년인구비율,Statistics,137022.0,136929.0,136101.0,136093.0,134768.0,133750.0,130436.0,131583.0
제천시 - 청년여성비율(19~39세) - 청년인구비율,Statistics,11.9,11.7,11.4,11.4,11.2,10.9,9.9,10.2
제천시 - 청년여성인구(19~39세) - 청년인구비율,Statistics,16299.0,16037.0,15572.0,15538.0,15067.0,14625.0,12889.0,13386.0
제천시 - 청년인구(19~34세) - 청년인구비율,Statistics,27619.0,26941.0,26095.0,26049.0,25325.0,24710.0,22142.0,23623.0
제천시 - 청년인구(19~39세) - 청년인구비율,Statistics,35463.0,34953.0,34084.0,33792.0,32643.0,31577.0,28480.0,29706.0
제천시 - 청년인구비율(19~34세) - 청년인구비율,Statistics,20.2,19.7,19.2,19.1,18.8,18.5,17.0,18.0
제천시 - 청년인구비율(19~39세) - 청년인구비율,Statistics,25.9,25.5,25.0,24.8,24.2,23.6,21.8,22.6
종로구 - 전체인구 - 청년인구비율,Statistics,154398.0,157277.0,157967.0,154969.0,151291.0,148857.0,147512.0,146179.0
종로구 - 청년여성비율(19~39세) - 청년인구비율,Statistics,16.8,17.2,17.7,17.8,17.4,17.7,18.0,18.3
종로구 - 청년여성인구(19~39세) - 청년인구비율,Statistics,25916.0,27116.0,27903.0,27516.0,26313.0,26391.0,26604.0,26736.0
종로구 - 청년인구(19~34세) - 청년인구비율,Statistics,41254.0,42677.0,44132.0,42706.0,41116.0,40990.0,40950.0,41503.0
종로구 - 청년인구(19~39세) - 청년인구비율,Statistics,51480.0,53338.0,54964.0,53210.0,51181.0,50492.0,50152.0,50464.0
종로구 - 청년인구비율(19~34세) - 청년인구비율,Statistics,26.7,27.1,27.9,27.6,27.2,27.5,27.8,28.4
종로구 - 청년인구비율(19~39세) - 청년인구비율,Statistics,33.3,33.9,34.8,34.3,33.8,33.9,34.0,34.5
중구 - 전체인구 - 청년인구비율,Statistics,128160.0,127896.0,129797.0,130957.0,128744.0,126310.0,125257.0,127576.0
중구 - 청년여성비율(19~39세) - 청년인구비율,Statistics,17.1,17.5,17.9,18.1,18.1,18.2,18.1,18.7
중구 - 청년여성인구(19~39세) - 청년인구비율,Statistics,21926.0,22432.0,23255.0,23752.0,23292.0,23031.0,22703.0,23852.0
중구 - 청년인구(19~34세) - 청년인구비율,Statistics,33709.0,33908.0,34944.0,35647.0,34775.0,33833.0,33334.0,35459.0
중구 - 청년인구(19~39세) - 청년인구비율,Statistics,43896.0,44406.0,45826.0,46580.0,45249.0,44056.0,43128.0,45415.0
중구 - 청년인구비율(19~34세) - 청년인구비율,Statistics,26.3,26.5,26.9,27.2,27.0,26.8,26.6,27.8
중구 - 청년인구비율(19~39세) - 청년인구비율,Statistics,34.3,34.7,35.3,35.6,35.1,34.9,34.4,35.6
중랑구 - 전체인구 - 청년인구비율,Statistics,399317.0,396892.0,391668.0,386331.0,385663.0,380307.0,379127.0,376621.0
중랑구 - 청년여성비율(19~39세) - 청년인구비율,Statistics,15.3,15.2,15.1,15.0,15.1,14.9,14.9,14.8
중랑구 - 청년여성인구(19~39세) - 청년인구비율,Statistics,61017.0,60187.0,59098.0,58060.0,58119.0,56657.0,56535.0,55832.0
중랑구 - 청년인구(19~34세) - 청년인구비율,Statistics,93102.0,90799.0,88557.0,87132.0,87882.0,85896.0,85493.0,84169.0
중랑구 - 청년인구(19~39세) - 청년인구비율,Statistics,124855.0,122988.0,120645.0,117670.0,116933.0,113440.0,112233.0,110179.0
중랑구 - 청년인구비율(19~34세) - 청년인구비율,Statistics,23.3,22.9,22.6,22.6,22.8,22.6,22.5,22.3
중랑구 - 청년인구비율(19~39세) - 청년인구비율,Statistics,31.3,31.0,30.8,30.5,30.3,29.8,29.6,29.3
증평군 - 전체인구 - 청년인구비율,Statistics,37075.0,37625.0,37485.0,37493.0,37183.0,36652.0,37778.0,38122.0
증평군 - 청년여성비율(19~39세) - 청년인구비율,Statistics,13.7,13.3,13.0,12.7,12.4,11.6,11.6,11.1
증평군 - 청년여성인구(19~39세) - 청년인구비율,Statistics,5065.0,5020.0,4870.0,4753.0,4612.0,4266.0,4376.0,4247.0
증평군 - 청년인구(19~34세) - 청년인구비율,Statistics,7999.0,8074.0,7845.0,7675.0,7578.0,7100.0,7491.0,7448.0
증평군 - 청년인구(19~39세) - 청년인구비율,Statistics,10869.0,10989.0,10801.0,10531.0,10299.0,9635.0,9988.0,9821.0
증평군 - 청년인구비율(19~34세) - 청년인구비율,Statistics,21.6,21.5,20.9,20.5,20.4,19.4,19.8,19.5
증평군 - 청년인구비율(19~39세) - 청년인구비율,Statistics,29.3,29.2,28.8,28.1,27.7,26.3,26.4,25.8
진도군 - 전체인구 - 청년인구비율,Statistics,29504.0,29432.0,29366.0,29295.0,29297.0,29013.0,28945.0,29233.0
진도군 - 청년여성비율(19~39세) - 청년인구비율,Statistics,6.8,6.6,6.5,6.4,6.5,6.1,5.8,5.8
진도군 - 청년여성인구(19~39세) - 청년인구비율,Statistics,2018.0,1929.0,1918.0,1886.0,1902.0,1776.0,1672.0,1703.0
진도군 - 청년인구(19~34세) - 청년인구비율,Statistics,3909.0,3887.0,4026.0,4105.0,4128.0,3831.0,3909.0,4241.0
진도군 - 청년인구(19~39세) - 청년인구비율,Statistics,5368.0,5303.0,5490.0,5593.0,5525.0,5179.0,5179.0,5534.0
진도군 - 청년인구비율(19~34세) - 청년인구비율,Statistics,13.2,13.2,13.7,14.0,14.1,13.2,13.5,14.5
진도군 - 청년인구비율(19~39세) - 청년인구비율,Statistics,18.2,18.0,18.7,19.1,18.9,17.9,17.9,18.9
진안군 - 전체인구 - 청년인구비율,Statistics,22847.0,22998.0,23306.0,23013.0,23380.0,22760.0,22645.0,22843.0
진안군 - 청년여성비율(19~39세) - 청년인구비율,Statistics,7.4,7.6,7.6,7.4,7.0,6.5,6.2,6.3
진안군 - 청년여성인구(19~39세) - 청년인구비율,Statistics,1702.0,1740.0,1765.0,1711.0,1639.0,1474.0,1403.0,1441.0
진안군 - 청년인구(19~34세) - 청년인구비율,Statistics,2629.0,2683.0,2703.0,2638.0,2575.0,2315.0,2270.0,2333.0
진안군 - 청년인구(19~39세) - 청년인구비율,Statistics,3647.0,3685.0,3719.0,3611.0,3465.0,3125.0,3021.0,3125.0
진안군 - 청년인구비율(19~34세) - 청년인구비율,Statistics,11.5,11.7,11.6,11.5,11.0,10.2,10.0,10.2
진안군 - 청년인구비율(19~39세) - 청년인구비율,Statistics,16.0,16.0,16.0,15.7,14.8,13.7,13.3,13.7
진주시 - 전체인구 - 청년인구비율,Statistics,352807.0,353209.0,352333.0,354166.0,352403.0,353389.0,351119.0,348272.0
진주시 - 청년여성비율(19~39세) - 청년인구비율,Statistics,13.4,13.3,13.2,13.1,12.7,12.6,12.3,11.9
진주시 - 청년여성인구(19~39세) - 청년인구비율,Statistics,47416.0,47145.0,46432.0,46482.0,44913.0,44510.0,43176.0,41540.0
진주시 - 청년인구(19~34세) - 청년인구비율,Statistics,76695.0,76146.0,75123.0,75415.0,73725.0,73930.0,72835.0,70995.0
진주시 - 청년인구(19~39세) - 청년인구비율,Statistics,101708.0,101521.0,100316.0,100096.0,96987.0,96230.0,93879.0,91170.0
진주시 - 청년인구비율(19~34세) - 청년인구비율,Statistics,21.7,21.6,21.3,21.3,20.9,20.9,20.7,20.4
진주시 - 청년인구비율(19~39세) - 청년인구비율,Statistics,28.8,28.7,28.5,28.3,27.5,27.2,26.7,26.2
진천군 - 전체인구 - 청년인구비율,Statistics,74222.0,79186.0,83915.0,87525.0,89514.0,91779.0,93174.0,94405.0
진천군 - 청년여성비율(19~39세) - 청년인구비율,Statistics,11.3,11.6,11.7,11.7,11.6,11.3,10.6,10.2
진천군 - 청년여성인구(19~39세) - 청년인구비율,Statistics,8388.0,9223.0,9833.0,10219.0,10347.0,10349.0,9911.0,9633.0
진천군 - 청년인구(19~34세) - 청년인구비율,Statistics,15015.0,16246.0,17258.0,18032.0,18106.0,18166.0,18200.0,18509.0
진천군 - 청년인구(19~39세) - 청년인구비율,Statistics,21046.0,23034.0,24782.0,25815.0,25725.0,25670.0,25472.0,25580.0
진천군 - 청년인구비율(19~34세) - 청년인구비율,Statistics,20.2,20.5,20.6,20.6,20.2,19.8,19.5,19.6
진천군 - 청년인구비율(19~39세) - 청년인구비율,Statistics,28.4,29.1,29.5,29.5,28.7,28.0,27.3,27.1
창녕군 - 전체인구 - 청년인구비율,Statistics,61979.0,62544.0,62703.0,62370.0,61302.0,59664.0,58804.0,58475.0
창녕군 - 청년여성비율(19~39세) - 청년인구비율,Statistics,8.4,8.4,8.3,8.1,7.8,7.2,6.6,6.2
창녕군 - 청년여성인구(19~39세) - 청년인구비율,Statistics,5192.0,5266.0,5229.0,5032.0,4771.0,4304.0,3883.0,3649.0
창녕군 - 청년인구(19~34세) - 청년인구비율,Statistics,9582.0,9547.0,9557.0,9172.0,8670.0,7753.0,7290.0,7194.0
창녕군 - 청년인구(19~39세) - 청년인구비율,Statistics,12946.0,13072.0,13122.0,12732.0,11844.0,10685.0,10012.0,9874.0
창녕군 - 청년인구비율(19~34세) - 청년인구비율,Statistics,15.5,15.3,15.2,14.7,14.1,13.0,12.4,12.3
창녕군 - 청년인구비율(19~39세) - 청년인구비율,Statistics,20.9,20.9,20.9,20.4,19.3,17.9,17.0,16.9
창원시 - 전체인구 - 청년인구비율,Statistics,1053551.0,1045559.0,1044215.0,1036862.0,1029389.0,1025702.0,1016751.0,1007142.0
창원시 - 청년여성비율(19~39세) - 청년인구비율,Statistics,13.2,13.0,12.8,12.5,12.1,11.6,11.2,10.7
창원시 - 청년여성인구(19~39세) - 청년인구비율,Statistics,139424.0,135921.0,133972.0,129714.0,124651.0,119166.0,113523.0,108158.0
창원시 - 청년인구(19~34세) - 청년인구비율,Statistics,225231.0,216321.0,211605.0,206302.0,199919.0,194255.0,187890.0,181640.0
창원시 - 청년인구(19~39세) - 청년인구비율,Statistics,308799.0,300698.0,296363.0,287824.0,276003.0,265560.0,254290.0,244237.0
창원시 - 청년인구비율(19~34세) - 청년인구비율,Statistics,21.4,20.7,20.3,19.9,19.4,18.9,18.5,18.0
창원시 - 청년인구비율(19~39세) - 청년인구비율,Statistics,29.3,28.8,28.4,27.8,26.8,25.9,25.0,24.3
천안시 - 전체인구 - 청년인구비율,Statistics,638752.0,656294.0,671799.0,679743.0,682199.0,683888.0,687951.0,689851.0
천안시 - 청년여성비율(19~39세) - 청년인구비율,Statistics,16.3,16.3,16.2,16.0,15.8,15.3,15.0,14.6
천안시 - 청년여성인구(19~39세) - 청년인구비율,Statistics,104188.0,106754.0,108569.0,109098.0,107602.0,104931.0,103316.0,100527.0
천안시 - 청년인구(19~34세) - 청년인구비율,Statistics,165508.0,168665.0,170611.0,171809.0,169529.0,166043.0,166424.0,164993.0
천안시 - 청년인구(19~39세) - 청년인구비율,Statistics,221182.0,227563.0,232182.0,232720.0,228487.0,222941.0,220712.0,217188.0
천안시 - 청년인구비율(19~34세) - 청년인구비율,Statistics,25.9,25.7,25.4,25.3,24.9,24.3,24.2,23.9
천안시 - 청년인구비율(19~39세) - 청년인구비율,Statistics,34.6,34.7,34.6,34.2,33.5,32.6,32.1,31.5
철원군 - 전체인구 - 청년인구비율,Statistics,45433.0,44770.0,44346.0,43520.0,43042.0,41855.0,41145.0,40702.0
철원군 - 청년여성비율(19~39세) - 청년인구비율,Statistics,9.9,9.8,9.8,9.7,9.5,9.2,9.0,8.8
철원군 - 청년여성인구(19~39세) - 청년인구비율,Statistics,4496.0,4389.0,4345.0,4219.0,4089.0,3832.0,3685.0,3588.0
철원군 - 청년인구(19~34세) - 청년인구비율,Statistics,9617.0,9220.0,9047.0,8513.0,8175.0,7585.0,7309.0,7142.0
철원군 - 청년인구(19~39세) - 청년인구비율,Statistics,12415.0,11934.0,11696.0,11047.0,10607.0,9870.0,9460.0,9225.0
철원군 - 청년인구비율(19~34세) - 청년인구비율,Statistics,21.2,20.6,20.4,19.6,19.0,18.1,17.8,17.5
철원군 - 청년인구비율(19~39세) - 청년인구비율,Statistics,27.3,26.7,26.4,25.4,24.6,23.6,23.0,22.7
청도군 - 전체인구 - 청년인구비율,Statistics,41612.0,41278.0,40878.0,41054.0,41378.0,40071.0,40045.0,40008.0
청도군 - 청년여성비율(19~39세) - 청년인구비율,Statistics,7.4,7.4,7.4,7.3,6.9,6.4,6.1,6.0
청도군 - 청년여성인구(19~39세) - 청년인구비율,Statistics,3084.0,3043.0,3014.0,3010.0,2841.0,2560.0,2445.0,2414.0
청도군 - 청년인구(19~34세) - 청년인구비율,Statistics,5202.0,4954.0,4937.0,4871.0,4694.0,4242.0,4005.0,3999.0
청도군 - 청년인구(19~39세) - 청년인구비율,Statistics,6887.0,6754.0,6750.0,6667.0,6342.0,5701.0,5351.0,5353.0
청도군 - 청년인구비율(19~34세) - 청년인구비율,Statistics,12.5,12.0,12.1,11.9,11.3,10.6,10.0,10.0
청도군 - 청년인구비율(19~39세) - 청년인구비율,Statistics,16.6,16.4,16.5,16.2,15.3,14.2,13.4,13.4
청송군 - 전체인구 - 청년인구비율,Statistics,24593.0,24441.0,24160.0,23958.0,23761.0,23288.0,23173.0,23099.0
청송군 - 청년여성비율(19~39세) - 청년인구비율,Statistics,6.6,6.3,6.1,6.0,5.7,5.3,5.1,4.9
청송군 - 청년여성인구(19~39세) - 청년인구비율,Statistics,1611.0,1538.0,1476.0,1442.0,1365.0,1226.0,1191.0,1123.0
청송군 - 청년인구(19~34세) - 청년인구비율,Statistics,2799.0,2627.0,2526.0,2481.0,2418.0,2184.0,2106.0,2056.0
청송군 - 청년인구(19~39세) - 청년인구비율,Statistics,3796.0,3623.0,3515.0,3453.0,3317.0,2991.0,2942.0,2890.0
청송군 - 청년인구비율(19~34세) - 청년인구비율,Statistics,11.4,10.7,10.5,10.4,10.2,9.4,9.1,8.9
청송군 - 청년인구비율(19~39세) - 청년인구비율,Statistics,15.4,14.8,14.5,14.4,14.0,12.8,12.7,12.5
청양군 - 전체인구 - 청년인구비율,Statistics,31440.0,31299.0,31181.0,30783.0,30103.0,30103.0,29761.0,29972.0
청양군 - 청년여성비율(19~39세) - 청년인구비율,Statistics,8.1,8.0,8.1,7.9,7.2,7.1,6.7,6.8
청양군 - 청년여성인구(19~39세) - 청년인구비율,Statistics,2531.0,2506.0,2529.0,2436.0,2176.0,2151.0,1982.0,2040.0
청양군 - 청년인구(19~34세) - 청년인구비율,Statistics,4615.0,4630.0,4680.0,4517.0,3985.0,4078.0,3738.0,4014.0
청양군 - 청년인구(19~39세) - 청년인구비율,Statistics,5930.0,5899.0,5932.0,5714.0,5123.0,5178.0,4827.0,5127.0
청양군 - 청년인구비율(19~34세) - 청년인구비율,Statistics,14.7,14.8,15.0,14.7,13.2,13.5,12.6,13.4
청양군 - 청년인구비율(19~39세) - 청년인구비율,Statistics,18.9,18.8,19.0,18.6,17.0,17.2,16.2,17.1
청주시 - 전체인구 - 청년인구비율,Statistics,840338.0,842311.0,845036.0,850938.0,855326.0,856923.0,858500.0,870358.0
청주시 - 청년여성비율(19~39세) - 청년인구비율,Statistics,15.0,14.8,14.6,14.4,14.2,13.8,13.4,13.3
청주시 - 청년여성인구(19~39세) - 청년인구비율,Statistics,125831.0,124803.0,123360.0,122481.0,121103.0,118423.0,114968.0,116095.0
청주시 - 청년인구(19~34세) - 청년인구비율,Statistics,198128.0,195477.0,194349.0,195683.0,195681.0,191402.0,189750.0,195572.0
청주시 - 청년인구(19~39세) - 청년인구비율,Statistics,264616.0,263248.0,262685.0,263057.0,260714.0,254719.0,249947.0,254666.0
청주시 - 청년인구비율(19~34세) - 청년인구비율,Statistics,23.6,23.2,23.0,23.0,22.9,22.3,22.1,22.5
청주시 - 청년인구비율(19~39세) - 청년인구비율,Statistics,31.5,31.3,31.1,30.9,30.5,29.7,29.1,29.3
춘천시 - 전체인구 - 청년인구비율,Statistics,283027.0,283742.0,284985.0,284753.0,284645.0,287104.0,293124.0,292504.0
춘천시 - 청년여성비율(19~39세) - 청년인구비율,Statistics,14.3,14.3,14.2,14.0,13.4,13.3,13.6,13.4
춘천시 - 청년여성인구(19~39세) - 청년인구비율,Statistics,40475.0,40493.0,40461.0,39945.0,38245.0,38281.0,39901.0,39157.0
춘천시 - 청년인구(19~34세) - 청년인구비율,Statistics,62753.0,62887.0,63359.0,63229.0,61377.0,62265.0,66054.0,65176.0
춘천시 - 청년인구(19~39세) - 청년인구비율,Statistics,81778.0,82378.0,83078.0,82391.0,79900.0,80288.0,83306.0,81933.0
춘천시 - 청년인구비율(19~34세) - 청년인구비율,Statistics,22.2,22.2,22.2,22.2,21.6,21.7,22.5,22.3
춘천시 - 청년인구비율(19~39세) - 청년인구비율,Statistics,28.9,29.0,29.2,28.9,28.1,28.0,28.4,28.0
충주시 - 전체인구 - 청년인구비율,Statistics,211890.0,212274.0,215224.0,216446.0,218412.0,215349.0,215783.0,215990.0
충주시 - 청년여성비율(19~39세) - 청년인구비율,Statistics,12.2,12.0,12.0,11.7,11.6,11.1,10.9,10.7
충주시 - 청년여성인구(19~39세) - 청년인구비율,Statistics,25845.0,25511.0,25742.0,25429.0,25367.0,23996.0,23595.0,23163.0
충주시 - 청년인구(19~34세) - 청년인구비율,Statistics,44529.0,44002.0,44587.0,44857.0,46441.0,43095.0,42990.0,42929.0
충주시 - 청년인구(19~39세) - 청년인구비율,Statistics,57869.0,57516.0,58670.0,58797.0,59816.0,55850.0,55085.0,54665.0
충주시 - 청년인구비율(19~34세) - 청년인구비율,Statistics,21.0,20.7,20.7,20.7,21.3,20.0,19.9,19.9
충주시 - 청년인구비율(19~39세) - 청년인구비율,Statistics,27.3,27.1,27.3,27.2,27.4,25.9,25.5,25.3
충청남도 - 전체인구 - 청년인구비율,Statistics,2132566.0,2162426.0,2181416.0,2188649.0,2176636.0,2175960.0,2193214.0,2216332.0
충청남도 - 청년여성비율(19~39세) - 청년인구비율,Statistics,13.2,13.0,12.9,12.7,12.2,11.9,11.6,11.4
충청남도 - 청년여성인구(19~39세) - 청년인구비율,Statistics,281268.0,282035.0,281757.0,278433.0,266504.0,258571.0,254581.0,252280.0
충청남도 - 청년인구(19~34세) - 청년인구비율,Statistics,456560.0,456163.0,454385.0,451961.0,434881.0,423457.0,425256.0,429126.0
충청남도 - 청년인구(19~39세) - 청년인구비율,Statistics,618244.0,623899.0,625617.0,619382.0,593352.0,574978.0,570123.0,571791.0
충청남도 - 청년인구비율(19~34세) - 청년인구비율,Statistics,21.4,21.1,20.8,20.7,20.0,19.5,19.4,19.4
충청남도 - 청년인구비율(19~39세) - 청년인구비율,Statistics,29.0,28.9,28.7,28.3,27.3,26.4,26.0,25.8
충청북도 - 전체인구 - 청년인구비율,Statistics,1603404.0,1611009.0,1620935.0,1629343.0,1632088.0,1624764.0,1624993.0,1641481.0
충청북도 - 청년여성비율(19~39세) - 청년인구비율,Statistics,13.1,13.0,12.8,12.6,12.4,12.0,11.5,11.5
충청북도 - 청년여성인구(19~39세) - 청년인구비율,Statistics,210185.0,208819.0,207027.0,204955.0,201633.0,194845.0,187608.0,188213.0
충청북도 - 청년인구(19~34세) - 청년인구비율,Statistics,345615.0,341638.0,341518.0,342512.0,340893.0,328056.0,322838.0,332053.0
충청북도 - 청년인구(19~39세) - 청년인구비율,Statistics,459197.0,457760.0,459368.0,458440.0,451989.0,434894.0,424576.0,431629.0
충청북도 - 청년인구비율(19~34세) - 청년인구비율,Statistics,21.6,21.2,21.1,21.0,20.9,20.2,19.9,20.2
충청북도 - 청년인구비율(19~39세) - 청년인구비율,Statistics,28.6,28.4,28.3,28.1,27.7,26.8,26.1,26.3
칠곡군 - 전체인구 - 청년인구비율,Statistics,122613.0,121778.0,120983.0,118517.0,115756.0,114564.0,113549.0,112465.0
칠곡군 - 청년여성비율(19~39세) - 청년인구비율,Statistics,14.4,13.8,13.1,12.3,11.4,10.7,9.9,9.4
칠곡군 - 청년여성인구(19~39세) - 청년인구비율,Statistics,17698.0,16764.0,15841.0,14584.0,13178.0,12213.0,11244.0,10544.0
칠곡군 - 청년인구(19~34세) - 청년인구비율,Statistics,28396.0,27148.0,25937.0,23574.0,21525.0,19966.0,18935.0,18431.0
칠곡군 - 청년인구(19~39세) - 청년인구비율,Statistics,39538.0,38307.0,36824.0,33856.0,30776.0,28569.0,26833.0,25835.0
칠곡군 - 청년인구비율(19~34세) - 청년인구비율,Statistics,23.2,22.3,21.4,19.9,18.6,17.4,16.7,16.4
칠곡군 - 청년인구비율(19~39세) - 청년인구비율,Statistics,32.2,31.5,30.4,28.6,26.6,24.9,23.6,23.0
태백시 - 전체인구 - 청년인구비율,Statistics,45708.0,44733.0,43488.0,42474.0,41494.0,40395.0,39113.0,38425.0
태백시 - 청년여성비율(19~39세) - 청년인구비율,Statistics,10.1,9.6,9.0,8.7,8.3,7.5,7.0,6.8
태백시 - 청년여성인구(19~39세) - 청년인구비율,Statistics,4602.0,4284.0,3907.0,3703.0,3427.0,3025.0,2743.0,2608.0
태백시 - 청년인구(19~34세) - 청년인구비율,Statistics,6511.0,5963.0,5493.0,5276.0,5156.0,4751.0,4346.0,4201.0
태백시 - 청년인구(19~39세) - 청년인구비율,Statistics,9755.0,9123.0,8370.0,7911.0,7436.0,6732.0,6081.0,5769.0
태백시 - 청년인구비율(19~34세) - 청년인구비율,Statistics,14.2,13.3,12.6,12.4,12.4,11.8,11.1,10.9
태백시 - 청년인구비율(19~39세) - 청년인구비율,Statistics,21.3,20.4,19.2,18.6,17.9,16.7,15.5,15.0
태안군 - 전체인구 - 청년인구비율,Statistics,60641.0,61170.0,60948.0,60896.0,60901.0,60285.0,60654.0,60516.0
태안군 - 청년여성비율(19~39세) - 청년인구비율,Statistics,8.1,8.0,7.7,7.6,7.2,6.8,6.3,5.9
태안군 - 청년여성인구(19~39세) - 청년인구비율,Statistics,4940.0,4904.0,4720.0,4613.0,4409.0,4080.0,3807.0,3580.0
태안군 - 청년인구(19~34세) - 청년인구비율,Statistics,8893.0,9041.0,8672.0,8646.0,8359.0,8036.0,8176.0,8048.0
태안군 - 청년인구(19~39세) - 청년인구비율,Statistics,12405.0,12592.0,12148.0,12006.0,11433.0,10825.0,10752.0,10535.0
태안군 - 청년인구비율(19~34세) - 청년인구비율,Statistics,14.7,14.8,14.2,14.2,13.7,13.3,13.5,13.3
태안군 - 청년인구비율(19~39세) - 청년인구비율,Statistics,20.5,20.6,19.9,19.7,18.8,18.0,17.7,17.4
통영시 - 전체인구 - 청년인구비율,Statistics,136035.0,132962.0,131407.0,129931.0,127984.0,124829.0,123006.0,121626.0
통영시 - 청년여성비율(19~39세) - 청년인구비율,Statistics,11.0,10.5,10.2,9.7,9.1,8.4,7.8,7.2
통영시 - 청년여성인구(19~39세) - 청년인구비율,Statistics,14913.0,13919.0,13374.0,12581.0,11682.0,10464.0,9558.0,8766.0
통영시 - 청년인구(19~34세) - 청년인구비율,Statistics,23326.0,21136.0,20388.0,19665.0,18719.0,17125.0,16553.0,16081.0
통영시 - 청년인구(19~39세) - 청년인구비율,Statistics,34906.0,32452.0,31333.0,30095.0,28009.0,25381.0,23840.0,22825.0
통영시 - 청년인구비율(19~34세) - 청년인구비율,Statistics,17.1,15.9,15.5,15.1,14.6,13.7,13.5,13.2
통영시 - 청년인구비율(19~39세) - 청년인구비율,Statistics,25.7,24.4,23.8,23.2,21.9,20.3,19.4,18.8
파주시 - 전체인구 - 청년인구비율,Statistics,423957.0,430650.0,447906.0,454328.0,460541.0,475212.0,490765.0,495339.0
파주시 - 청년여성비율(19~39세) - 청년인구비율,Statistics,13.7,13.5,13.5,13.3,12.9,12.7,12.3,11.9
파주시 - 청년여성인구(19~39세) - 청년인구비율,Statistics,58094.0,58199.0,60586.0,60318.0,59258.0,60329.0,60351.0,59190.0
파주시 - 청년인구(19~34세) - 청년인구비율,Statistics,90038.0,90698.0,94187.0,95506.0,92414.0,94852.0,96084.0,95300.0
파주시 - 청년인구(19~39세) - 청년인구비율,Statistics,126637.0,128147.0,134114.0,135066.0,130714.0,132707.0,134173.0,132427.0
파주시 - 청년인구비율(19~34세) - 청년인구비율,Statistics,21.2,21.1,21.0,21.0,20.1,20.0,19.6,19.2
파주시 - 청년인구비율(19~39세) - 청년인구비율,Statistics,29.9,29.8,29.9,29.7,28.4,27.9,27.3,26.7
평창군 - 전체인구 - 청년인구비율,Statistics,40470.0,40264.0,40025.0,39657.0,39258.0,38613.0,38699.0,38959.0
평창군 - 청년여성비율(19~39세) - 청년인구비율,Statistics,8.2,8.0,7.7,7.3,7.0,6.3,6.0,6.3
평창군 - 청년여성인구(19~39세) - 청년인구비율,Statistics,3306.0,3214.0,3099.0,2890.0,2737.0,2435.0,2339.0,2437.0
평창군 - 청년인구(19~34세) - 청년인구비율,Statistics,5433.0,5218.0,5035.0,4813.0,4542.0,4219.0,4135.0,4332.0
평창군 - 청년인구(19~39세) - 청년인구비율,Statistics,7662.0,7399.0,7142.0,6737.0,6237.0,5743.0,5575.0,5750.0
평창군 - 청년인구비율(19~34세) - 청년인구비율,Statistics,13.4,13.0,12.6,12.1,11.6,10.9,10.7,11.1
평창군 - 청년인구비율(19~39세) - 청년인구비율,Statistics,18.9,18.4,17.8,17.0,15.9,14.9,14.4,14.8
평택시 - 전체인구 - 청년인구비율,Statistics,472254.0,486077.0,504485.0,521172.0,542522.0,571838.0,590205.0,605678.0
평택시 - 청년여성비율(19~39세) - 청년인구비율,Statistics,14.0,14.0,13.9,13.8,13.9,13.7,13.3,13.1
평택시 - 청년여성인구(19~39세) - 청년인구비율,Statistics,66320.0,67892.0,70313.0,71990.0,75319.0,78446.0,78494.0,79225.0
평택시 - 청년인구(19~34세) - 청년인구비율,Statistics,105048.0,107948.0,112223.0,116485.0,121706.0,129430.0,132725.0,136336.0
평택시 - 청년인구(19~39세) - 청년인구비율,Statistics,146210.0,151286.0,157556.0,162255.0,168037.0,177209.0,180721.0,184711.0
평택시 - 청년인구비율(19~34세) - 청년인구비율,Statistics,22.2,22.2,22.2,22.4,22.4,22.6,22.5,22.5
평택시 - 청년인구비율(19~39세) - 청년인구비율,Statistics,31.0,31.1,31.2,31.1,31.0,31.0,30.6,30.5
포천시 - 전체인구 - 청년인구비율,Statistics,162698.0,161239.0,161564.0,159871.0,157939.0,157602.0,163542.0,157111.0
포천시 - 청년여성비율(19~39세) - 청년인구비율,Statistics,12.1,11.9,11.6,11.2,10.8,10.6,11.6,10.3
포천시 - 청년여성인구(19~39세) - 청년인구비율,Statistics,19645.0,19169.0,18808.0,17889.0,16986.0,16650.0,19022.0,16157.0
포천시 - 청년인구(19~34세) - 청년인구비율,Statistics,37959.0,37414.0,37806.0,37073.0,35585.0,34491.0,40287.0,34699.0
포천시 - 청년인구(19~39세) - 청년인구비율,Statistics,48985.0,48090.0,48422.0,47291.0,45314.0,43858.0,49561.0,43870.0
포천시 - 청년인구비율(19~34세) - 청년인구비율,Statistics,23.3,23.2,23.4,23.2,22.5,21.9,24.6,22.1
포천시 - 청년인구비율(19~39세) - 청년인구비율,Statistics,30.1,29.8,30.0,29.6,28.7,27.8,30.3,27.9
포항시 - 전체인구 - 청년인구비율,Statistics,510360.0,506909.0,504382.0,502064.0,501109.0,501251.0,496608.0,493394.0
포항시 - 청년여성비율(19~39세) - 청년인구비율,Statistics,11.9,11.6,11.4,11.1,10.8,10.4,9.9,9.6
포항시 - 청년여성인구(19~39세) - 청년인구비율,Statistics,60719.0,58889.0,57676.0,55741.0,54332.0,52208.0,49312.0,47206.0
포항시 - 청년인구(19~34세) - 청년인구비율,Statistics,96527.0,92464.0,90485.0,88557.0,88278.0,86519.0,84227.0,82702.0
포항시 - 청년인구(19~39세) - 청년인구비율,Statistics,133677.0,129926.0,128085.0,125096.0,122821.0,118855.0,114038.0,110589.0
포항시 - 청년인구비율(19~34세) - 청년인구비율,Statistics,18.9,18.2,17.9,17.6,17.6,17.3,17.0,16.8
포항시 - 청년인구비율(19~39세) - 청년인구비율,Statistics,26.2,25.6,25.4,24.9,24.5,23.7,23.0,22.4
하남시 - 전체인구 - 청년인구비율,Statistics,195422.0,218994.0,238592.0,260544.0,279795.0,305470.0,315203.0,320562.0
하남시 - 청년여성비율(19~39세) - 청년인구비율,Statistics,14.3,14.3,14.2,14.4,14.8,14.5,13.9,13.6
하남시 - 청년여성인구(19~39세) - 청년인구비율,Statistics,27990.0,31369.0,33902.0,37567.0,41308.0,44399.0,43917.0,43462.0
하남시 - 청년인구(19~34세) - 청년인구비율,Statistics,38976.0,42344.0,45057.0,50310.0,56702.0,61139.0,60411.0,60017.0
하남시 - 청년인구(19~39세) - 청년인구비율,Statistics,57765.0,64426.0,69658.0,77059.0,84079.0,89439.0,87956.0,86399.0
하남시 - 청년인구비율(19~34세) - 청년인구비율,Statistics,19.9,19.3,18.9,19.3,20.3,20.0,19.2,18.7
하남시 - 청년인구비율(19~39세) - 청년인구비율,Statistics,29.6,29.4,29.2,29.6,30.1,29.3,27.9,27.0
하동군 - 전체인구 - 청년인구비율,Statistics,43927.0,43441.0,43001.0,42583.0,41772.0,40167.0,39542.0,39125.0
하동군 - 청년여성비율(19~39세) - 청년인구비율,Statistics,7.0,6.9,6.7,6.3,5.9,5.4,5.2,5.2
하동군 - 청년여성인구(19~39세) - 청년인구비율,Statistics,3058.0,2985.0,2888.0,2686.0,2472.0,2186.0,2046.0,2026.0
하동군 - 청년인구(19~34세) - 청년인구비율,Statistics,5282.0,5100.0,4966.0,4734.0,4482.0,3864.0,3635.0,3520.0
하동군 - 청년인구(19~39세) - 청년인구비율,Statistics,7131.0,6926.0,6696.0,6388.0,5948.0,5177.0,4874.0,4776.0
하동군 - 청년인구비율(19~34세) - 청년인구비율,Statistics,12.0,11.7,11.5,11.1,10.7,9.6,9.2,9.0
하동군 - 청년인구비율(19~39세) - 청년인구비율,Statistics,16.2,15.9,15.6,15.0,14.2,12.9,12.3,12.2
함안군 - 전체인구 - 청년인구비율,Statistics,68799.0,67906.0,67520.0,66611.0,65279.0,63233.0,62409.0,62173.0
함안군 - 청년여성비율(19~39세) - 청년인구비율,Statistics,9.8,9.5,9.1,8.7,8.2,7.5,6.9,6.5
함안군 - 청년여성인구(19~39세) - 청년인구비율,Statistics,6732.0,6437.0,6151.0,5801.0,5339.0,4740.0,4301.0,4025.0
함안군 - 청년인구(19~34세) - 청년인구비율,Statistics,12173.0,11496.0,11215.0,10778.0,10035.0,8991.0,8551.0,8784.0
함안군 - 청년인구(19~39세) - 청년인구비율,Statistics,17084.0,16298.0,15951.0,15236.0,13989.0,12552.0,11850.0,11942.0
함안군 - 청년인구비율(19~34세) - 청년인구비율,Statistics,17.7,16.9,16.6,16.2,15.4,14.2,13.7,14.1
함안군 - 청년인구비율(19~39세) - 청년인구비율,Statistics,24.8,24.0,23.6,22.9,21.4,19.9,19.0,19.2
함양군 - 전체인구 - 청년인구비율,Statistics,38076.0,37942.0,38005.0,37384.0,37114.0,36541.0,36017.0,35505.0
함양군 - 청년여성비율(19~39세) - 청년인구비율,Statistics,7.2,6.9,6.9,6.6,6.5,6.1,5.7,5.4
함양군 - 청년여성인구(19~39세) - 청년인구비율,Statistics,2734.0,2614.0,2615.0,2480.0,2403.0,2219.0,2044.0,1929.0
함양군 - 청년인구(19~34세) - 청년인구비율,Statistics,4277.0,4122.0,4182.0,4090.0,3979.0,3638.0,3408.0,3284.0
함양군 - 청년인구(19~39세) - 청년인구비율,Statistics,6035.0,5833.0,5863.0,5689.0,5508.0,5032.0,4680.0,4470.0
함양군 - 청년인구비율(19~34세) - 청년인구비율,Statistics,11.2,10.9,11.0,10.9,10.7,10.0,9.5,9.2
함양군 - 청년인구비율(19~39세) - 청년인구비율,Statistics,15.8,15.4,15.4,15.2,14.8,13.8,13.0,12.6
함평군 - 전체인구 - 청년인구비율,Statistics,30829.0,30948.0,30600.0,30556.0,30156.0,29369.0,29048.0,29259.0
함평군 - 청년여성비율(19~39세) - 청년인구비율,Statistics,6.9,6.8,6.8,6.8,6.7,6.2,5.8,6.1
함평군 - 청년여성인구(19~39세) - 청년인구비율,Statistics,2124.0,2109.0,2093.0,2080.0,2008.0,1814.0,1691.0,1794.0
함평군 - 청년인구(19~34세) - 청년인구비율,Statistics,3727.0,3681.0,3639.0,3696.0,3584.0,3271.0,3158.0,3372.0
함평군 - 청년인구(19~39세) - 청년인구비율,Statistics,5020.0,4983.0,4929.0,4916.0,4764.0,4276.0,4095.0,4356.0
함평군 - 청년인구비율(19~34세) - 청년인구비율,Statistics,12.1,11.9,11.9,12.1,11.9,11.1,10.9,11.5
함평군 - 청년인구비율(19~39세) - 청년인구비율,Statistics,16.3,16.1,16.1,16.1,15.8,14.6,14.1,14.9
합천군 - 전체인구 - 청년인구비율,Statistics,43813.0,43449.0,42856.0,42449.0,42140.0,40642.0,40082.0,39667.0
합천군 - 청년여성비율(19~39세) - 청년인구비율,Statistics,6.4,6.3,6.2,6.0,5.7,5.1,5.0,5.0
합천군 - 청년여성인구(19~39세) - 청년인구비율,Statistics,2805.0,2737.0,2640.0,2558.0,2408.0,2082.0,1986.0,1965.0
합천군 - 청년인구(19~34세) - 청년인구비율,Statistics,4655.0,4566.0,4489.0,4390.0,4258.0,3803.0,3613.0,3634.0
합천군 - 청년인구(19~39세) - 청년인구비율,Statistics,6446.0,6285.0,6194.0,5973.0,5727.0,5093.0,4864.0,4829.0
합천군 - 청년인구비율(19~34세) - 청년인구비율,Statistics,10.6,10.5,10.5,10.3,10.1,9.4,9.0,9.2
합천군 - 청년인구비율(19~39세) - 청년인구비율,Statistics,14.7,14.5,14.5,14.1,13.6,12.5,12.1,12.2
해남군 - 전체인구 - 청년인구비율,Statistics,68342.0,67123.0,66209.0,65175.0,65223.0,63242.0,62360.0,62459.0
해남군 - 청년여성비율(19~39세) - 청년인구비율,Statistics,8.5,8.1,8.0,7.8,7.5,6.9,6.4,6.3
해남군 - 청년여성인구(19~39세) - 청년인구비율,Statistics,5817.0,5425.0,5283.0,5054.0,4919.0,4343.0,3990.0,3944.0
해남군 - 청년인구(19~34세) - 청년인구비율,Statistics,8934.0,8334.0,8243.0,8065.0,8137.0,7327.0,7007.0,7265.0
해남군 - 청년인구(19~39세) - 청년인구비율,Statistics,12459.0,11772.0,11615.0,11320.0,11169.0,10015.0,9574.0,9829.0
해남군 - 청년인구비율(19~34세) - 청년인구비율,Statistics,13.1,12.4,12.4,12.4,12.5,11.6,11.2,11.6
해남군 - 청년인구비율(19~39세) - 청년인구비율,Statistics,18.2,17.5,17.5,17.4,17.1,15.8,15.4,15.7
해운대구 - 전체인구 - 청년인구비율,Statistics,408042.0,399363.0,396311.0,392846.0,389535.0,386064.0,377199.0,370849.0
해운대구 - 청년여성비율(19~39세) - 청년인구비율,Statistics,13.1,12.8,12.6,12.3,12.1,11.7,11.2,10.8
해운대구 - 청년여성인구(19~39세) - 청년인구비율,Statistics,53395.0,51262.0,50080.0,48399.0,47282.0,45266.0,42360.0,39941.0
해운대구 - 청년인구(19~34세) - 청년인구비율,Statistics,77086.0,73665.0,72319.0,71118.0,70459.0,68214.0,64418.0,61208.0
해운대구 - 청년인구(19~39세) - 청년인구비율,Statistics,107357.0,102996.0,101057.0,98240.0,95764.0,91970.0,86152.0,81606.0
해운대구 - 청년인구비율(19~34세) - 청년인구비율,Statistics,18.9,18.4,18.2,18.1,18.1,17.7,17.1,16.5
해운대구 - 청년인구비율(19~39세) - 청년인구비율,Statistics,26.3,25.8,25.5,25.0,24.6,23.8,22.8,22.0
홍성군 - 전체인구 - 청년인구비율,Statistics,100739.0,103048.0,103044.0,102791.0,102757.0,101618.0,100339.0,100015.0
홍성군 - 청년여성비율(19~39세) - 청년인구비율,Statistics,11.9,11.9,11.6,11.3,10.8,10.4,10.1,9.8
홍성군 - 청년여성인구(19~39세) - 청년인구비율,Statistics,11943.0,12313.0,11938.0,11607.0,11132.0,10591.0,10106.0,9802.0
홍성군 - 청년인구(19~34세) - 청년인구비율,Statistics,18949.0,19154.0,18732.0,18582.0,18151.0,17187.0,16891.0,16799.0
홍성군 - 청년인구(19~39세) - 청년인구비율,Statistics,25465.0,26050.0,25558.0,25245.0,24511.0,23128.0,22355.0,22129.0
홍성군 - 청년인구비율(19~34세) - 청년인구비율,Statistics,18.8,18.6,18.2,18.1,17.7,16.9,16.8,16.8
홍성군 - 청년인구비율(19~39세) - 청년인구비율,Statistics,25.3,25.3,24.8,24.6,23.9,22.8,22.3,22.1
홍천군 - 전체인구 - 청년인구비율,Statistics,66791.0,67168.0,67177.0,66634.0,66587.0,65658.0,65215.0,65109.0
홍천군 - 청년여성비율(19~39세) - 청년인구비율,Statistics,9.1,8.8,8.8,8.5,8.2,7.6,7.3,7.2
홍천군 - 청년여성인구(19~39세) - 청년인구비율,Statistics,6075.0,5924.0,5882.0,5654.0,5470.0,5007.0,4765.0,4697.0
홍천군 - 청년인구(19~34세) - 청년인구비율,Statistics,10501.0,10276.0,10033.0,9684.0,9886.0,9071.0,8704.0,8695.0
홍천군 - 청년인구(19~39세) - 청년인구비율,Statistics,14120.0,13908.0,13664.0,13236.0,13130.0,12081.0,11532.0,11428.0
홍천군 - 청년인구비율(19~34세) - 청년인구비율,Statistics,15.7,15.3,14.9,14.5,14.8,13.8,13.3,13.4
홍천군 - 청년인구비율(19~39세) - 청년인구비율,Statistics,21.1,20.7,20.3,19.9,19.7,18.4,17.7,17.6
화성시 - 전체인구 - 청년인구비율,Statistics,655350.0,708569.0,777295.0,838635.0,880859.0,906381.0,931472.0,974156.0
화성시 - 청년여성비율(19~39세) - 청년인구비율,Statistics,15.0,14.9,14.9,14.8,14.7,14.2,13.7,13.5
화성시 - 청년여성인구(19~39세) - 청년인구비율,Statistics,98305.0,105705.0,116032.0,123862.0,129238.0,128923.0,127409.0,131555.0
화성시 - 청년인구(19~34세) - 청년인구비율,Statistics,145877.0,157556.0,173246.0,187048.0,197556.0,199193.0,203516.0,215678.0
화성시 - 청년인구(19~39세) - 청년인구비율,Statistics,219221.0,237934.0,262038.0,280421.0,289887.0,288892.0,289635.0,303014.0
화성시 - 청년인구비율(19~34세) - 청년인구비율,Statistics,22.3,22.2,22.3,22.3,22.4,22.0,21.8,22.1
화성시 - 청년인구비율(19~39세) - 청년인구비율,Statistics,33.5,33.6,33.7,33.4,32.9,31.9,31.1,31.1
화순군 - 전체인구 - 청년인구비율,Statistics,61018.0,60566.0,60040.0,59671.0,60247.0,60136.0,59822.0,59354.0
화순군 - 청년여성비율(19~39세) - 청년인구비율,Statistics,9.6,9.5,9.5,9.4,9.1,8.8,8.5,8.6
화순군 - 청년여성인구(19~39세) - 청년인구비율,Statistics,5837.0,5744.0,5699.0,5621.0,5490.0,5266.0,5080.0,5131.0
화순군 - 청년인구(19~34세) - 청년인구비율,Statistics,8913.0,8797.0,8820.0,8976.0,9029.0,8856.0,8763.0,8787.0
화순군 - 청년인구(19~39세) - 청년인구비율,Statistics,12193.0,12020.0,11930.0,11782.0,11620.0,11287.0,11004.0,10961.0
화순군 - 청년인구비율(19~34세) - 청년인구비율,Statistics,14.6,14.5,14.7,15.0,15.0,14.7,14.6,14.8
화순군 - 청년인구비율(19~39세) - 청년인구비율,Statistics,20.0,19.8,19.9,19.7,19.3,18.8,18.4,18.5
화천군 - 전체인구 - 청년인구비율,Statistics,24820.0,24625.0,23950.0,23425.0,23733.0,23092.0,22545.0,22372.0
화천군 - 청년여성비율(19~39세) - 청년인구비율,Statistics,10.1,10.0,10.0,9.9,9.8,9.3,9.1,9.1
화천군 - 청년여성인구(19~39세) - 청년인구비율,Statistics,2506.0,2467.0,2400.0,2319.0,2333.0,2150.0,2061.0,2036.0
화천군 - 청년인구(19~34세) - 청년인구비율,Statistics,6390.0,6060.0,5536.0,5084.0,5356.0,4930.0,4548.0,4393.0
화천군 - 청년인구(19~39세) - 청년인구비율,Statistics,7812.0,7478.0,6910.0,6443.0,6658.0,6159.0,5683.0,5571.0
화천군 - 청년인구비율(19~34세) - 청년인구비율,Statistics,25.7,24.6,23.1,21.7,22.6,21.3,20.2,19.6
화천군 - 청년인구비율(19~39세) - 청년인구비율,Statistics,31.5,30.4,28.9,27.5,28.1,26.7,25.2,24.9
횡성군 - 전체인구 - 청년인구비율,Statistics,42927.0,43211.0,44116.0,44431.0,44649.0,44712.0,44864.0,45789.0
횡성군 - 청년여성비율(19~39세) - 청년인구비율,Statistics,8.6,8.4,8.3,8.1,7.7,7.4,6.9,6.8
횡성군 - 청년여성인구(19~39세) - 청년인구비율,Statistics,3708.0,3640.0,3682.0,3594.0,3443.0,3313.0,3088.0,3096.0
횡성군 - 청년인구(19~34세) - 청년인구비율,Statistics,6272.0,6057.0,6195.0,6071.0,5816.0,5647.0,5396.0,5550.0
횡성군 - 청년인구(19~39세) - 청년인구비율,Statistics,8278.0,8086.0,8293.0,8080.0,7754.0,7468.0,7215.0,7344.0
횡성군 - 청년인구비율(19~34세) - 청년인구비율,Statistics,14.6,14.0,14.0,13.7,13.0,12.6,12.0,12.1
횡성군 - 청년인구비율(19~39세) - 청년인구비율,Statistics,19.3,18.7,18.8,18.2,17.4,16.7,16.1,16.0
