item,category,2015,2016,2017,2018,2019,2020,2021,2022,2023,2024
가평군 - 계 - 건수,Statistics,73.0,78.0,82.0,73.0,72.0,73.0,82.0,81.0,77.0,87.0
가평군 - 계 - 농가수,Statistics,73.0,78.0,82.0,73.0,72.0,73.0,82.0,81.0,77.0,87.0
가평군 - 계 - 출하량,Statistics,1704.0,4429.0,2111.7,1528.0,5729.87,3531.12,5062.76,6273.6,6412.19,6956.85
가평군 - 무항생제축산물 - 건수,Statistics,73.0,78.0,82.0,73.0,72.0,73.0,82.0,81.0,77.0,87.0
가평군 - 무항생제축산물 - 농가수,Statistics,73.0,78.0,82.0,73.0,72.0,73.0,82.0,81.0,77.0,87.0
가평군 - 무항생제축산물 - 출하량,Statistics,1704.0,4429.0,2111.7,1528.0,5729.87,3531.12,5062.76,6273.6,6412.19,6956.85
강남구 - 계 - 건수,Statistics,3.0,3.0,2.0,1.0,1.0,1.0,1.0,1.0,1.0,2.0
강남구 - 계 - 농가수,Statistics,3.0,3.0,2.0,1.0,1.0,1.0,1.0,1.0,1.0,2.0
강남구 - 계 - 출하량,Statistics,2621.0,2933.0,462.0,2819.0,2742.56,2932.61,2896.8,3046.08,3062.83,3181.09
강남구 - 무항생제축산물 - 건수,Statistics,3.0,3.0,2.0,1.0,1.0,1.0,1.0,1.0,1.0,2.0
강남구 - 무항생제축산물 - 농가수,Statistics,3.0,3.0,2.0,1.0,1.0,1.0,1.0,1.0,1.0,2.0
강남구 - 무항생제축산물 - 출하량,Statistics,2621.0,2933.0,462.0,2819.0,2742.56,2932.61,2896.8,3046.08,3062.83,3181.09
강동구 - 계 - 건수,Statistics,,1.0,,,,,,,,
강동구 - 계 - 농가수,Statistics,,1.0,,,,,,,,
강동구 - 무항생제축산물 - 건수,Statistics,,1.0,,,,,,,,
강동구 - 무항생제축산물 - 농가수,Statistics,,1.0,,,,,,,,
강릉시 - 계 - 건수,Statistics,14.0,24.0,14.0,8.0,18.0,11.0,13.0,13.0,11.0,10.0
강릉시 - 계 - 농가수,Statistics,35.0,43.0,20.0,8.0,18.0,11.0,13.0,13.0,11.0,10.0
강릉시 - 계 - 출하량,Statistics,1184.0,2489.0,2773.6,1584.0,2882.88,1184.62,1929.17,2593.85,2259.31,2755.64
강릉시 - 무항생제축산물 - 건수,Statistics,14.0,24.0,13.0,7.0,17.0,11.0,13.0,13.0,11.0,10.0
강릉시 - 무항생제축산물 - 농가수,Statistics,35.0,43.0,19.0,7.0,17.0,11.0,13.0,13.0,11.0,10.0
강릉시 - 무항생제축산물 - 출하량,Statistics,1184.0,2489.0,2771.5,1582.0,2882.88,1184.62,1929.17,2593.85,2259.31,2755.64
강릉시 - 유기축산물 - 건수,Statistics,,,1.0,1.0,1.0,,,,,
강릉시 - 유기축산물 - 농가수,Statistics,,,1.0,1.0,1.0,,,,,
강릉시 - 유기축산물 - 출하량,Statistics,,,2.1,2.0,,,,,,
강원특별자치도 - 계 - 건수,Statistics,235.0,360.0,298.0,279.0,312.0,301.0,362.0,425.0,478.0,500.0
강원특별자치도 - 계 - 농가수,Statistics,519.0,602.0,533.0,329.0,312.0,301.0,362.0,425.0,478.0,500.0
강원특별자치도 - 계 - 출하량,Statistics,45653.0,57326.0,253297.9,32454.0,42769.09,35959.37,42948.89,65030.2,71354.71,79680.36
강원특별자치도 - 무항생제축산물 - 건수,Statistics,223.0,346.0,283.0,266.0,301.0,291.0,347.0,410.0,464.0,485.0
강원특별자치도 - 무항생제축산물 - 농가수,Statistics,507.0,588.0,518.0,316.0,301.0,291.0,347.0,410.0,464.0,485.0
강원특별자치도 - 무항생제축산물 - 출하량,Statistics,41858.0,52970.0,249080.5,29128.0,39858.59,33357.09,39332.86,61095.21,66526.66,73991.38
강원특별자치도 - 유기축산물 - 건수,Statistics,12.0,14.0,15.0,13.0,11.0,10.0,15.0,15.0,14.0,15.0
강원특별자치도 - 유기축산물 - 농가수,Statistics,12.0,14.0,15.0,13.0,11.0,10.0,15.0,15.0,14.0,15.0
강원특별자치도 - 유기축산물 - 출하량,Statistics,3795.0,4356.0,4217.4,3326.0,2910.51,2602.28,3616.03,3935.0,4828.06,5688.98
강진군 - 계 - 건수,Statistics,102.0,106.0,103.0,71.0,75.0,80.0,87.0,95.0,101.0,119.0
강진군 - 계 - 농가수,Statistics,109.0,112.0,109.0,77.0,81.0,87.0,93.0,101.0,107.0,123.0
강진군 - 계 - 출하량,Statistics,1880.0,2446.0,2943.8,3906.0,4585.47,3590.14,4642.38,8599.33,9088.63,10822.52
강진군 - 무항생제축산물 - 건수,Statistics,102.0,106.0,103.0,71.0,75.0,80.0,87.0,95.0,101.0,119.0
강진군 - 무항생제축산물 - 농가수,Statistics,109.0,112.0,109.0,77.0,81.0,87.0,93.0,101.0,107.0,123.0
강진군 - 무항생제축산물 - 출하량,Statistics,1880.0,2446.0,2943.8,3906.0,4585.47,3590.14,4642.38,8599.33,9088.63,10822.52
강화군 - 계 - 건수,Statistics,43.0,40.0,35.0,21.0,13.0,14.0,10.0,5.0,7.0,7.0
강화군 - 계 - 농가수,Statistics,43.0,40.0,35.0,21.0,13.0,14.0,10.0,5.0,7.0,7.0
강화군 - 계 - 출하량,Statistics,610.0,877.0,1150.8,972.0,863.88,263.97,178.25,1215.24,1210.71,618.49
강화군 - 무항생제축산물 - 건수,Statistics,43.0,40.0,35.0,21.0,13.0,14.0,10.0,5.0,7.0,7.0
강화군 - 무항생제축산물 - 농가수,Statistics,43.0,40.0,35.0,21.0,13.0,14.0,10.0,5.0,7.0,7.0
강화군 - 무항생제축산물 - 출하량,Statistics,610.0,877.0,1150.8,972.0,863.88,263.97,178.25,1215.24,1210.71,618.49
거제시 - 계 - 건수,Statistics,,3.0,2.0,2.0,2.0,,,1.0,1.0,1.0
거제시 - 계 - 농가수,Statistics,,3.0,2.0,2.0,2.0,,,1.0,1.0,1.0
거제시 - 계 - 출하량,Statistics,,99.0,340.6,362.0,,,,21.0,47.0,40.5
거제시 - 무항생제축산물 - 건수,Statistics,,3.0,2.0,2.0,2.0,,,1.0,1.0,1.0
거제시 - 무항생제축산물 - 농가수,Statistics,,3.0,2.0,2.0,2.0,,,1.0,1.0,1.0
거제시 - 무항생제축산물 - 출하량,Statistics,,99.0,340.6,362.0,,,,21.0,47.0,40.5
거창군 - 계 - 건수,Statistics,43.0,40.0,32.0,24.0,27.0,31.0,33.0,36.0,34.0,33.0
거창군 - 계 - 농가수,Statistics,112.0,107.0,34.0,102.0,103.0,109.0,111.0,113.0,117.0,111.0
거창군 - 계 - 출하량,Statistics,11633.0,15158.0,12416.9,4681.0,4699.05,7383.4,6962.3,9750.18,11372.16,11555.24
거창군 - 무항생제축산물 - 건수,Statistics,40.0,39.0,32.0,24.0,27.0,31.0,33.0,36.0,34.0,33.0
거창군 - 무항생제축산물 - 농가수,Statistics,109.0,106.0,34.0,102.0,103.0,109.0,111.0,113.0,117.0,111.0
거창군 - 무항생제축산물 - 출하량,Statistics,11633.0,15158.0,12416.9,4681.0,4699.05,7383.4,6962.3,9750.18,11372.16,11555.24
거창군 - 유기축산물 - 건수,Statistics,3.0,1.0,,,,,,,,
거창군 - 유기축산물 - 농가수,Statistics,3.0,1.0,,,,,,,,
경기 남양주시 - 계 - 건수,Statistics,52.0,49.0,46.0,41.0,37.0,36.0,32.0,31.0,30.0,29.0
경기 남양주시 - 계 - 농가수,Statistics,52.0,49.0,46.0,41.0,37.0,36.0,32.0,31.0,30.0,29.0
경기 남양주시 - 계 - 출하량,Statistics,2656.0,1935.0,583.8,5241.0,1817.81,1111.85,2158.3,2240.99,1973.46,3547.37
경기 남양주시 - 무항생제축산물 - 건수,Statistics,52.0,49.0,46.0,41.0,37.0,36.0,32.0,31.0,30.0,29.0
경기 남양주시 - 무항생제축산물 - 농가수,Statistics,52.0,49.0,46.0,41.0,37.0,36.0,32.0,31.0,30.0,29.0
경기 남양주시 - 무항생제축산물 - 출하량,Statistics,2656.0,1935.0,583.8,5241.0,1817.81,1111.85,2158.3,2240.99,1973.46,3547.37
경기 동두천시 - 계 - 건수,Statistics,11.0,12.0,12.0,11.0,9.0,8.0,8.0,8.0,8.0,6.0
경기 동두천시 - 계 - 농가수,Statistics,11.0,12.0,12.0,11.0,9.0,8.0,8.0,8.0,8.0,6.0
경기 동두천시 - 계 - 출하량,Statistics,660.0,613.0,1749.8,1283.0,,26.37,393.62,752.87,509.81,303.1
경기 동두천시 - 무항생제축산물 - 건수,Statistics,11.0,12.0,12.0,11.0,9.0,8.0,8.0,8.0,8.0,6.0
경기 동두천시 - 무항생제축산물 - 농가수,Statistics,11.0,12.0,12.0,11.0,9.0,8.0,8.0,8.0,8.0,6.0
경기 동두천시 - 무항생제축산물 - 출하량,Statistics,660.0,613.0,1749.8,1283.0,,26.37,393.62,752.87,509.81,303.1
경기 수원시 - 계 - 건수,Statistics,6.0,5.0,4.0,3.0,4.0,1.0,,,1.0,2.0
경기 수원시 - 계 - 농가수,Statistics,6.0,5.0,4.0,3.0,4.0,1.0,,,1.0,2.0
경기 수원시 - 계 - 출하량,Statistics,784.0,800.0,419.3,433.0,305.76,,,,,3.7
경기 수원시 - 무항생제축산물 - 건수,Statistics,6.0,5.0,4.0,3.0,4.0,1.0,,,1.0,2.0
경기 수원시 - 무항생제축산물 - 농가수,Statistics,6.0,5.0,4.0,3.0,4.0,1.0,,,1.0,2.0
경기 수원시 - 무항생제축산물 - 출하량,Statistics,784.0,800.0,419.3,433.0,305.76,,,,,3.7
경기도 소계 - 계 - 건수,Statistics,1583.0,1647.0,1672.0,1448.0,1445.0,1475.0,1501.0,1505.0,1530.0,1546.0
경기도 소계 - 계 - 농가수,Statistics,1660.0,1728.0,1678.0,1453.0,1449.0,1490.0,1528.0,1544.0,1548.0,1577.0
경기도 소계 - 계 - 출하량,Statistics,168533.0,231843.0,174902.6,194691.0,182777.19,197123.53,192606.65,348002.19,347269.43,368999.1
경기도 소계 - 무항생제축산물 - 건수,Statistics,1573.0,1638.0,1664.0,1439.0,1438.0,1468.0,1493.0,1498.0,1525.0,1540.0
경기도 소계 - 무항생제축산물 - 농가수,Statistics,1650.0,1719.0,1670.0,1444.0,1442.0,1483.0,1520.0,1537.0,1543.0,1571.0
경기도 소계 - 무항생제축산물 - 출하량,Statistics,166111.0,229139.0,170043.9,192035.0,180093.45,194530.05,189665.18,344662.43,344758.96,366435.31
경기도 소계 - 유기축산물 - 건수,Statistics,10.0,9.0,8.0,9.0,7.0,7.0,8.0,7.0,5.0,6.0
경기도 소계 - 유기축산물 - 농가수,Statistics,10.0,9.0,8.0,9.0,7.0,7.0,8.0,7.0,5.0,6.0
경기도 소계 - 유기축산물 - 출하량,Statistics,2422.0,2704.0,4858.7,2656.0,2683.74,2593.48,2941.47,3339.76,2510.46,2563.79
경남 창원시 - 계 - 건수,Statistics,11.0,12.0,12.0,9.0,8.0,13.0,14.0,12.0,10.0,10.0
경남 창원시 - 계 - 농가수,Statistics,11.0,12.0,22.0,19.0,17.0,13.0,14.0,12.0,10.0,10.0
경남 창원시 - 계 - 출하량,Statistics,2065.0,1806.0,1666.9,1834.0,975.12,664.66,675.35,617.7,613.63,582.49
경남 창원시 - 무항생제축산물 - 건수,Statistics,11.0,12.0,12.0,9.0,8.0,13.0,14.0,12.0,10.0,10.0
경남 창원시 - 무항생제축산물 - 농가수,Statistics,11.0,12.0,22.0,19.0,17.0,13.0,14.0,12.0,10.0,10.0
경남 창원시 - 무항생제축산물 - 출하량,Statistics,2065.0,1806.0,1666.9,1834.0,975.12,664.66,675.35,617.7,613.63,582.49
경남 통영시 - 계 - 건수,Statistics,1.0,1.0,1.0,,,,2.0,2.0,1.0,
경남 통영시 - 계 - 농가수,Statistics,1.0,1.0,1.0,,,,2.0,2.0,1.0,
경남 통영시 - 계 - 출하량,Statistics,,125.0,,,,,117.66,412.17,270.0,
경남 통영시 - 무항생제축산물 - 건수,Statistics,1.0,1.0,1.0,,,,2.0,2.0,1.0,
경남 통영시 - 무항생제축산물 - 농가수,Statistics,1.0,1.0,1.0,,,,2.0,2.0,1.0,
경남 통영시 - 무항생제축산물 - 출하량,Statistics,,125.0,,,,,117.66,412.17,270.0,
경산시 - 계 - 건수,Statistics,13.0,36.0,42.0,44.0,49.0,55.0,71.0,75.0,76.0,81.0
경산시 - 계 - 농가수,Statistics,55.0,52.0,47.0,47.0,49.0,55.0,71.0,75.0,76.0,81.0
경산시 - 계 - 출하량,Statistics,943.0,1022.0,5125.8,1643.0,4052.58,1359.09,1026.42,4654.15,6622.94,4252.85
경산시 - 무항생제축산물 - 건수,Statistics,13.0,36.0,42.0,44.0,49.0,55.0,71.0,75.0,76.0,81.0
경산시 - 무항생제축산물 - 농가수,Statistics,55.0,52.0,47.0,47.0,49.0,55.0,71.0,75.0,76.0,81.0
경산시 - 무항생제축산물 - 출하량,Statistics,943.0,1022.0,5125.8,1643.0,4052.58,1359.09,1026.42,4654.15,6622.94,4252.85
경상남도 소계 - 계 - 건수,Statistics,350.0,357.0,367.0,303.0,337.0,325.0,358.0,381.0,382.0,406.0
경상남도 소계 - 계 - 농가수,Statistics,717.0,841.0,654.0,578.0,534.0,506.0,542.0,576.0,577.0,595.0
경상남도 소계 - 계 - 출하량,Statistics,63142.0,79394.0,88984.4,73442.0,63681.27,64813.17,74351.4,105311.59,107061.34,124099.15
경상남도 소계 - 무항생제축산물 - 건수,Statistics,346.0,355.0,366.0,301.0,335.0,323.0,356.0,379.0,379.0,402.0
경상남도 소계 - 무항생제축산물 - 농가수,Statistics,693.0,823.0,640.0,568.0,518.0,490.0,526.0,557.0,565.0,582.0
경상남도 소계 - 무항생제축산물 - 출하량,Statistics,63022.0,79384.0,88891.3,73330.0,63674.7,64685.81,74258.3,105193.93,106920.5,123488.11
경상남도 소계 - 유기축산물 - 건수,Statistics,4.0,2.0,1.0,2.0,2.0,2.0,2.0,2.0,3.0,4.0
경상남도 소계 - 유기축산물 - 농가수,Statistics,24.0,18.0,14.0,10.0,16.0,16.0,16.0,19.0,12.0,13.0
경상남도 소계 - 유기축산물 - 출하량,Statistics,120.0,10.0,93.1,112.0,6.57,127.36,93.1,117.66,140.84,611.05
경상북도 소계 - 계 - 건수,Statistics,589.0,679.0,694.0,519.0,505.0,519.0,595.0,635.0,655.0,782.0
경상북도 소계 - 계 - 농가수,Statistics,937.0,890.0,853.0,642.0,601.0,617.0,689.0,726.0,735.0,811.0
경상북도 소계 - 계 - 출하량,Statistics,135052.0,157219.0,248499.7,104873.0,121045.68,136980.74,144541.58,201769.33,215973.3,223982.32
경상북도 소계 - 무항생제축산물 - 건수,Statistics,586.0,676.0,690.0,516.0,502.0,517.0,591.0,631.0,650.0,777.0
경상북도 소계 - 무항생제축산물 - 농가수,Statistics,934.0,887.0,849.0,639.0,598.0,615.0,685.0,722.0,730.0,806.0
경상북도 소계 - 무항생제축산물 - 출하량,Statistics,134967.0,157127.0,248232.5,104498.0,120814.08,136726.67,144252.33,201572.92,215750.77,223600.89
경상북도 소계 - 유기축산물 - 건수,Statistics,3.0,3.0,4.0,3.0,3.0,2.0,4.0,4.0,5.0,5.0
경상북도 소계 - 유기축산물 - 농가수,Statistics,3.0,3.0,4.0,3.0,3.0,2.0,4.0,4.0,5.0,5.0
경상북도 소계 - 유기축산물 - 출하량,Statistics,85.0,92.0,267.2,375.0,231.6,254.07,289.24,196.42,222.53,381.43
경주시 - 계 - 건수,Statistics,37.0,30.0,54.0,66.0,62.0,70.0,86.0,87.0,80.0,77.0
경주시 - 계 - 농가수,Statistics,67.0,54.0,77.0,66.0,62.0,70.0,86.0,87.0,80.0,77.0
경주시 - 계 - 출하량,Statistics,13832.0,14334.0,18325.8,5306.0,4022.35,5646.07,6139.0,7600.45,8218.26,7599.37
경주시 - 무항생제축산물 - 건수,Statistics,37.0,30.0,54.0,66.0,62.0,70.0,86.0,87.0,80.0,77.0
경주시 - 무항생제축산물 - 농가수,Statistics,67.0,54.0,77.0,66.0,62.0,70.0,86.0,87.0,80.0,77.0
경주시 - 무항생제축산물 - 출하량,Statistics,13832.0,14334.0,18325.8,5306.0,4022.35,5646.07,6139.0,7600.45,8218.26,7599.37
계양구 - 계 - 건수,Statistics,1.0,,,,1.0,,,,,
계양구 - 계 - 농가수,Statistics,1.0,,,,1.0,,,,,
계양구 - 계 - 출하량,Statistics,135.0,,,,,,,,,
계양구 - 무항생제축산물 - 건수,Statistics,1.0,,,,1.0,,,,,
계양구 - 무항생제축산물 - 농가수,Statistics,1.0,,,,1.0,,,,,
계양구 - 무항생제축산물 - 출하량,Statistics,135.0,,,,,,,,,
고령군 - 계 - 건수,Statistics,14.0,27.0,24.0,15.0,17.0,13.0,13.0,13.0,16.0,20.0
고령군 - 계 - 농가수,Statistics,31.0,28.0,24.0,15.0,17.0,13.0,13.0,13.0,16.0,20.0
고령군 - 계 - 출하량,Statistics,3854.0,2476.0,3214.8,1034.0,1592.37,829.48,1904.86,152.42,1246.79,2084.96
고령군 - 무항생제축산물 - 건수,Statistics,14.0,27.0,24.0,15.0,17.0,13.0,13.0,13.0,16.0,20.0
고령군 - 무항생제축산물 - 농가수,Statistics,31.0,28.0,24.0,15.0,17.0,13.0,13.0,13.0,16.0,20.0
고령군 - 무항생제축산물 - 출하량,Statistics,3854.0,2476.0,3214.8,1034.0,1592.37,829.48,1904.86,152.42,1246.79,2084.96
고성군 - 계 - 건수,Statistics,2.0,3.0,4.0,3.0,2.0,2.0,2.0,3.0,2.0,2.0
고성군 - 계 - 농가수,Statistics,2.0,3.0,4.0,3.0,2.0,2.0,2.0,3.0,2.0,2.0
고성군 - 계 - 출하량,Statistics,5.0,18.0,6.5,11.0,7.61,8.27,5.6,60.26,26.98,24.8
고성군 - 무항생제축산물 - 건수,Statistics,2.0,2.0,3.0,2.0,2.0,2.0,2.0,3.0,2.0,2.0
고성군 - 무항생제축산물 - 농가수,Statistics,2.0,2.0,3.0,2.0,2.0,2.0,2.0,3.0,2.0,2.0
고성군 - 무항생제축산물 - 출하량,Statistics,5.0,18.0,6.5,8.0,7.61,8.27,5.6,60.26,26.98,24.8
고성군 - 유기축산물 - 건수,Statistics,,1.0,1.0,1.0,,,,,,
고성군 - 유기축산물 - 농가수,Statistics,,1.0,1.0,1.0,,,,,,
고성군 - 유기축산물 - 출하량,Statistics,,,,3.0,,,,,,
고양시 - 계 - 건수,Statistics,41.0,47.0,46.0,41.0,40.0,38.0,38.0,36.0,36.0,39.0
고양시 - 계 - 농가수,Statistics,41.0,47.0,46.0,41.0,40.0,38.0,38.0,36.0,36.0,39.0
고양시 - 계 - 출하량,Statistics,380.0,1126.0,821.5,996.0,1090.85,781.62,388.59,897.46,1268.56,1622.36
고양시 - 무항생제축산물 - 건수,Statistics,41.0,47.0,46.0,41.0,40.0,38.0,38.0,36.0,36.0,39.0
고양시 - 무항생제축산물 - 농가수,Statistics,41.0,47.0,46.0,41.0,40.0,38.0,38.0,36.0,36.0,39.0
고양시 - 무항생제축산물 - 출하량,Statistics,380.0,1126.0,821.5,996.0,1090.85,781.62,388.59,897.46,1268.56,1622.36
고창군 - 계 - 건수,Statistics,67.0,73.0,72.0,64.0,71.0,79.0,77.0,84.0,89.0,91.0
고창군 - 계 - 농가수,Statistics,67.0,73.0,72.0,64.0,71.0,79.0,77.0,84.0,89.0,91.0
고창군 - 계 - 출하량,Statistics,17189.0,23495.0,29206.0,28225.0,32117.85,43330.61,38254.57,46919.05,49925.7,51530.11
고창군 - 무항생제축산물 - 건수,Statistics,49.0,52.0,51.0,43.0,49.0,57.0,55.0,63.0,68.0,73.0
고창군 - 무항생제축산물 - 농가수,Statistics,49.0,52.0,51.0,43.0,49.0,57.0,55.0,63.0,68.0,73.0
고창군 - 무항생제축산물 - 출하량,Statistics,5051.0,7722.0,11952.7,9309.0,10784.08,20406.05,15757.01,24625.66,27527.9,32259.85
고창군 - 유기축산물 - 건수,Statistics,18.0,21.0,21.0,21.0,22.0,22.0,22.0,21.0,21.0,18.0
고창군 - 유기축산물 - 농가수,Statistics,18.0,21.0,21.0,21.0,22.0,22.0,22.0,21.0,21.0,18.0
고창군 - 유기축산물 - 출하량,Statistics,12138.0,15773.0,17253.3,18916.0,21333.77,22924.56,22497.56,22293.38,22397.8,19270.26
고흥군 - 계 - 건수,Statistics,38.0,52.0,56.0,46.0,52.0,49.0,50.0,46.0,52.0,49.0
고흥군 - 계 - 농가수,Statistics,57.0,80.0,84.0,73.0,91.0,61.0,97.0,95.0,100.0,102.0
고흥군 - 계 - 출하량,Statistics,1043.0,1269.0,2619.7,5662.0,6381.11,6679.1,7295.25,7087.66,7254.52,10885.97
고흥군 - 무항생제축산물 - 건수,Statistics,37.0,51.0,55.0,45.0,51.0,48.0,49.0,46.0,52.0,49.0
고흥군 - 무항생제축산물 - 농가수,Statistics,56.0,79.0,83.0,72.0,90.0,60.0,96.0,95.0,100.0,102.0
고흥군 - 무항생제축산물 - 출하량,Statistics,985.0,1199.0,2482.5,5479.0,6282.98,6570.1,7295.25,7087.66,7254.52,10885.97
고흥군 - 유기축산물 - 건수,Statistics,1.0,1.0,1.0,1.0,1.0,1.0,1.0,,,
고흥군 - 유기축산물 - 농가수,Statistics,1.0,1.0,1.0,1.0,1.0,1.0,1.0,,,
고흥군 - 유기축산물 - 출하량,Statistics,58.0,70.0,137.2,183.0,98.13,109.0,,,,
곡성군 - 계 - 건수,Statistics,73.0,79.0,80.0,73.0,82.0,74.0,76.0,79.0,81.0,89.0
곡성군 - 계 - 농가수,Statistics,84.0,88.0,89.0,76.0,82.0,74.0,76.0,79.0,81.0,89.0
곡성군 - 계 - 출하량,Statistics,6660.0,8791.0,12106.9,13362.0,12142.45,13160.3,14032.95,17845.54,17656.87,19871.13
곡성군 - 무항생제축산물 - 건수,Statistics,73.0,79.0,80.0,73.0,82.0,74.0,76.0,79.0,81.0,88.0
곡성군 - 무항생제축산물 - 농가수,Statistics,84.0,88.0,89.0,76.0,82.0,74.0,76.0,79.0,81.0,88.0
곡성군 - 무항생제축산물 - 출하량,Statistics,6660.0,8791.0,12106.9,13362.0,12142.45,13160.3,14032.95,17845.54,17656.87,19860.13
곡성군 - 유기축산물 - 건수,Statistics,,,,,,,,,,1.0
곡성군 - 유기축산물 - 농가수,Statistics,,,,,,,,,,1.0
곡성군 - 유기축산물 - 출하량,Statistics,,,,,,,,,,11.0
공주시 - 계 - 건수,Statistics,29.0,35.0,31.0,27.0,30.0,30.0,35.0,36.0,40.0,43.0
공주시 - 계 - 농가수,Statistics,29.0,35.0,31.0,27.0,30.0,30.0,35.0,36.0,40.0,43.0
공주시 - 계 - 출하량,Statistics,9287.0,9418.0,8605.5,11393.0,5700.48,6231.81,7080.43,12212.26,11884.78,11793.33
공주시 - 무항생제축산물 - 건수,Statistics,29.0,35.0,31.0,27.0,30.0,30.0,35.0,36.0,40.0,43.0
공주시 - 무항생제축산물 - 농가수,Statistics,29.0,35.0,31.0,27.0,30.0,30.0,35.0,36.0,40.0,43.0
공주시 - 무항생제축산물 - 출하량,Statistics,9287.0,9418.0,8605.5,11393.0,5700.48,6231.81,7080.43,12212.26,11884.78,11793.33
과천시 - 계 - 건수,Statistics,4.0,3.0,3.0,1.0,,1.0,1.0,1.0,1.0,1.0
과천시 - 계 - 농가수,Statistics,4.0,3.0,3.0,1.0,,1.0,1.0,1.0,1.0,1.0
과천시 - 계 - 출하량,Statistics,5.0,,1.0,2.0,,2.54,7.11,6.12,6.99,7.05
과천시 - 무항생제축산물 - 건수,Statistics,4.0,3.0,3.0,1.0,,1.0,1.0,1.0,1.0,1.0
과천시 - 무항생제축산물 - 농가수,Statistics,4.0,3.0,3.0,1.0,,1.0,1.0,1.0,1.0,1.0
과천시 - 무항생제축산물 - 출하량,Statistics,5.0,,1.0,2.0,,2.54,7.11,6.12,6.99,7.05
관악구 - 계 - 건수,Statistics,1.0,1.0,1.0,2.0,2.0,2.0,3.0,3.0,3.0,3.0
관악구 - 계 - 농가수,Statistics,1.0,1.0,1.0,2.0,2.0,2.0,3.0,3.0,3.0,3.0
관악구 - 계 - 출하량,Statistics,90.0,,,159.0,49.6,54.36,1086.72,1248.15,1101.7,1029.44
관악구 - 무항생제축산물 - 건수,Statistics,1.0,1.0,1.0,2.0,2.0,2.0,3.0,3.0,3.0,3.0
관악구 - 무항생제축산물 - 농가수,Statistics,1.0,1.0,1.0,2.0,2.0,2.0,3.0,3.0,3.0,3.0
관악구 - 무항생제축산물 - 출하량,Statistics,90.0,,,159.0,49.6,54.36,1086.72,1248.15,1101.7,1029.44
광명시 - 계 - 건수,Statistics,2.0,3.0,2.0,,1.0,1.0,,,,
광명시 - 계 - 농가수,Statistics,2.0,3.0,2.0,,1.0,1.0,,,,
광명시 - 계 - 출하량,Statistics,1.0,2.0,8.1,,,,,,,
광명시 - 무항생제축산물 - 건수,Statistics,2.0,3.0,2.0,,1.0,1.0,,,,
광명시 - 무항생제축산물 - 농가수,Statistics,2.0,3.0,2.0,,1.0,1.0,,,,
광명시 - 무항생제축산물 - 출하량,Statistics,1.0,2.0,8.1,,,,,,,
광산구 - 계 - 건수,Statistics,3.0,4.0,5.0,4.0,5.0,5.0,5.0,5.0,5.0,4.0
광산구 - 계 - 농가수,Statistics,3.0,4.0,5.0,4.0,5.0,5.0,5.0,5.0,5.0,4.0
광산구 - 계 - 출하량,Statistics,187.0,253.0,2132.6,359.0,164.86,906.1,921.15,1025.29,989.41,1021.43
광산구 - 무항생제축산물 - 건수,Statistics,3.0,4.0,5.0,4.0,5.0,5.0,5.0,5.0,5.0,4.0
광산구 - 무항생제축산물 - 농가수,Statistics,3.0,4.0,5.0,4.0,5.0,5.0,5.0,5.0,5.0,4.0
광산구 - 무항생제축산물 - 출하량,Statistics,187.0,253.0,2132.6,359.0,164.86,906.1,921.15,1025.29,989.41,1021.43
광양시 - 계 - 건수,Statistics,7.0,18.0,21.0,20.0,20.0,21.0,21.0,21.0,23.0,22.0
광양시 - 계 - 농가수,Statistics,7.0,18.0,21.0,20.0,20.0,21.0,21.0,21.0,23.0,22.0
광양시 - 계 - 출하량,Statistics,507.0,358.0,345.3,497.0,394.71,564.01,578.29,472.61,770.31,1080.45
광양시 - 무항생제축산물 - 건수,Statistics,7.0,18.0,21.0,19.0,19.0,20.0,20.0,20.0,22.0,21.0
광양시 - 무항생제축산물 - 농가수,Statistics,7.0,18.0,21.0,19.0,19.0,20.0,20.0,20.0,22.0,21.0
광양시 - 무항생제축산물 - 출하량,Statistics,507.0,358.0,345.3,497.0,374.71,543.01,564.29,402.61,737.51,1040.45
광양시 - 유기축산물 - 건수,Statistics,,,,1.0,1.0,1.0,1.0,1.0,1.0,1.0
광양시 - 유기축산물 - 농가수,Statistics,,,,1.0,1.0,1.0,1.0,1.0,1.0,1.0
광양시 - 유기축산물 - 출하량,Statistics,,,,,20.0,21.0,14.0,70.0,32.8,40.0
광주광역시 소계 - 계 - 건수,Statistics,3.0,5.0,7.0,5.0,5.0,5.0,5.0,6.0,6.0,6.0
광주광역시 소계 - 계 - 농가수,Statistics,3.0,5.0,7.0,5.0,5.0,5.0,5.0,6.0,6.0,6.0
광주광역시 소계 - 계 - 출하량,Statistics,187.0,253.0,2132.6,359.0,164.86,906.1,921.15,1025.29,989.41,1160.77
광주광역시 소계 - 무항생제축산물 - 건수,Statistics,3.0,5.0,7.0,5.0,5.0,5.0,5.0,6.0,6.0,6.0
광주광역시 소계 - 무항생제축산물 - 농가수,Statistics,3.0,5.0,7.0,5.0,5.0,5.0,5.0,6.0,6.0,6.0
광주광역시 소계 - 무항생제축산물 - 출하량,Statistics,187.0,253.0,2132.6,359.0,164.86,906.1,921.15,1025.29,989.41,1160.77
광주시 - 계 - 건수,Statistics,29.0,29.0,28.0,19.0,21.0,20.0,18.0,16.0,16.0,16.0
광주시 - 계 - 농가수,Statistics,29.0,35.0,34.0,24.0,25.0,35.0,45.0,55.0,34.0,47.0
광주시 - 계 - 출하량,Statistics,3371.0,1920.0,5844.9,625.0,4193.9,1344.14,3977.27,4141.42,4517.83,4285.11
광주시 - 무항생제축산물 - 건수,Statistics,29.0,29.0,28.0,19.0,21.0,20.0,18.0,16.0,16.0,16.0
광주시 - 무항생제축산물 - 농가수,Statistics,29.0,35.0,34.0,24.0,25.0,35.0,45.0,55.0,34.0,47.0
광주시 - 무항생제축산물 - 출하량,Statistics,3371.0,1920.0,5844.9,625.0,4193.9,1344.14,3977.27,4141.42,4517.83,4285.11
괴산군 - 계 - 건수,Statistics,52.0,55.0,56.0,48.0,44.0,39.0,39.0,33.0,62.0,60.0
괴산군 - 계 - 농가수,Statistics,138.0,152.0,153.0,48.0,96.0,91.0,87.0,82.0,109.0,100.0
괴산군 - 계 - 출하량,Statistics,5362.0,8729.0,8915.0,8024.0,6720.6,10686.53,10004.93,10874.95,9010.26,10097.53
괴산군 - 무항생제축산물 - 건수,Statistics,50.0,53.0,54.0,46.0,42.0,37.0,37.0,31.0,60.0,60.0
괴산군 - 무항생제축산물 - 농가수,Statistics,136.0,150.0,151.0,46.0,94.0,89.0,85.0,80.0,107.0,100.0
괴산군 - 무항생제축산물 - 출하량,Statistics,5351.0,8704.0,8901.9,8012.0,6716.1,10632.74,9974.93,10814.95,8950.26,10097.53
괴산군 - 유기축산물 - 건수,Statistics,2.0,2.0,2.0,2.0,2.0,2.0,2.0,2.0,2.0,
괴산군 - 유기축산물 - 농가수,Statistics,2.0,2.0,2.0,2.0,2.0,2.0,2.0,2.0,2.0,
괴산군 - 유기축산물 - 출하량,Statistics,11.0,25.0,13.1,12.0,4.5,53.79,30.0,60.0,60.0,
구례군 - 계 - 건수,Statistics,30.0,26.0,31.0,26.0,28.0,27.0,28.0,35.0,36.0,34.0
구례군 - 계 - 농가수,Statistics,34.0,29.0,36.0,30.0,34.0,32.0,32.0,39.0,40.0,40.0
구례군 - 계 - 출하량,Statistics,2049.0,3258.0,3734.9,3474.0,3472.27,3591.28,5055.67,5232.96,6563.63,6120.89
구례군 - 무항생제축산물 - 건수,Statistics,30.0,26.0,31.0,26.0,28.0,27.0,28.0,35.0,36.0,34.0
구례군 - 무항생제축산물 - 농가수,Statistics,34.0,29.0,36.0,30.0,34.0,32.0,32.0,39.0,40.0,40.0
구례군 - 무항생제축산물 - 출하량,Statistics,2049.0,3258.0,3734.9,3474.0,3472.27,3591.28,5055.67,5232.96,6563.63,6120.89
구미시 - 계 - 건수,Statistics,31.0,34.0,34.0,19.0,20.0,15.0,21.0,29.0,37.0,36.0
구미시 - 계 - 농가수,Statistics,51.0,34.0,34.0,19.0,20.0,15.0,21.0,29.0,37.0,36.0
구미시 - 계 - 출하량,Statistics,2636.0,1350.0,2127.5,309.0,291.35,355.02,541.2,1226.91,908.74,1046.58
구미시 - 무항생제축산물 - 건수,Statistics,31.0,34.0,34.0,19.0,20.0,15.0,20.0,28.0,36.0,35.0
구미시 - 무항생제축산물 - 농가수,Statistics,51.0,34.0,34.0,19.0,20.0,15.0,20.0,28.0,36.0,35.0
구미시 - 무항생제축산물 - 출하량,Statistics,2636.0,1350.0,2127.5,309.0,291.35,355.02,516.84,1202.91,882.74,827.58
구미시 - 유기축산물 - 건수,Statistics,,,,,,,1.0,1.0,1.0,1.0
구미시 - 유기축산물 - 농가수,Statistics,,,,,,,1.0,1.0,1.0,1.0
구미시 - 유기축산물 - 출하량,Statistics,,,,,,,24.36,24.0,26.0,219.0
군산시 - 계 - 건수,Statistics,7.0,10.0,9.0,6.0,5.0,11.0,10.0,11.0,7.0,5.0
군산시 - 계 - 농가수,Statistics,7.0,10.0,9.0,6.0,5.0,11.0,10.0,11.0,7.0,5.0
군산시 - 계 - 출하량,Statistics,25.0,398.0,1177.7,1000.0,1819.14,6801.37,6868.95,7661.8,6488.77,5628.18
군산시 - 무항생제축산물 - 건수,Statistics,7.0,10.0,9.0,6.0,5.0,11.0,10.0,11.0,7.0,5.0
군산시 - 무항생제축산물 - 농가수,Statistics,7.0,10.0,9.0,6.0,5.0,11.0,10.0,11.0,7.0,5.0
군산시 - 무항생제축산물 - 출하량,Statistics,25.0,398.0,1177.7,1000.0,1819.14,6801.37,6868.95,7661.8,6488.77,5628.18
군위군 - 계 - 건수,Statistics,9.0,16.0,13.0,10.0,11.0,10.0,11.0,10.0,7.0,11.0
군위군 - 계 - 농가수,Statistics,9.0,16.0,13.0,10.0,11.0,10.0,11.0,10.0,7.0,11.0
군위군 - 계 - 출하량,Statistics,6474.0,7229.0,2699.4,3711.0,4910.02,3423.78,3948.05,6675.18,5456.22,6237.36
군위군 - 무항생제축산물 - 건수,Statistics,9.0,16.0,13.0,10.0,11.0,10.0,11.0,10.0,7.0,11.0
군위군 - 무항생제축산물 - 농가수,Statistics,9.0,16.0,13.0,10.0,11.0,10.0,11.0,10.0,7.0,11.0
군위군 - 무항생제축산물 - 출하량,Statistics,6474.0,7229.0,2699.4,3711.0,4910.02,3423.78,3948.05,6675.18,5456.22,6237.36
군포시 - 계 - 건수,Statistics,6.0,6.0,3.0,2.0,4.0,3.0,3.0,1.0,1.0,1.0
군포시 - 계 - 농가수,Statistics,6.0,6.0,3.0,2.0,4.0,3.0,3.0,1.0,1.0,1.0
군포시 - 계 - 출하량,Statistics,341.0,391.0,26.1,8.0,4.62,9.31,0.24,7.35,12.6,16.1
군포시 - 무항생제축산물 - 건수,Statistics,6.0,6.0,3.0,2.0,4.0,3.0,3.0,1.0,1.0,1.0
군포시 - 무항생제축산물 - 농가수,Statistics,6.0,6.0,3.0,2.0,4.0,3.0,3.0,1.0,1.0,1.0
군포시 - 무항생제축산물 - 출하량,Statistics,341.0,391.0,26.1,8.0,4.62,9.31,0.24,7.35,12.6,16.1
금산군 - 계 - 건수,Statistics,11.0,10.0,11.0,7.0,6.0,5.0,8.0,9.0,8.0,6.0
금산군 - 계 - 농가수,Statistics,11.0,10.0,11.0,7.0,6.0,5.0,8.0,9.0,8.0,6.0
금산군 - 계 - 출하량,Statistics,2381.0,3247.0,538.8,322.0,2353.86,107.35,477.46,2666.26,3277.82,3531.58
금산군 - 무항생제축산물 - 건수,Statistics,11.0,10.0,11.0,7.0,6.0,5.0,8.0,9.0,8.0,6.0
금산군 - 무항생제축산물 - 농가수,Statistics,11.0,10.0,11.0,7.0,6.0,5.0,8.0,9.0,8.0,6.0
금산군 - 무항생제축산물 - 출하량,Statistics,2381.0,3247.0,538.8,322.0,2353.86,107.35,477.46,2666.26,3277.82,3531.58
금정구 - 계 - 건수,Statistics,,,,,,,,1.0,1.0,1.0
금정구 - 계 - 농가수,Statistics,,,,,,,,1.0,1.0,1.0
금정구 - 계 - 출하량,Statistics,,,,,,,,530.0,500.0,530.0
금정구 - 무항생제축산물 - 건수,Statistics,,,,,,,,1.0,1.0,1.0
금정구 - 무항생제축산물 - 농가수,Statistics,,,,,,,,1.0,1.0,1.0
금정구 - 무항생제축산물 - 출하량,Statistics,,,,,,,,530.0,500.0,530.0
기장군 - 계 - 건수,Statistics,1.0,1.0,,,,,,,,
기장군 - 계 - 농가수,Statistics,1.0,1.0,,,,,,,,
기장군 - 무항생제축산물 - 건수,Statistics,1.0,1.0,,,,,,,,
기장군 - 무항생제축산물 - 농가수,Statistics,1.0,1.0,,,,,,,,
김제시 - 계 - 건수,Statistics,54.0,64.0,59.0,42.0,54.0,61.0,83.0,78.0,78.0,75.0
김제시 - 계 - 농가수,Statistics,135.0,138.0,127.0,59.0,70.0,61.0,83.0,78.0,78.0,75.0
김제시 - 계 - 출하량,Statistics,10602.0,13684.0,16742.8,12441.0,16459.11,18418.7,22395.48,32191.62,30159.83,31480.54
김제시 - 무항생제축산물 - 건수,Statistics,54.0,64.0,59.0,42.0,54.0,61.0,83.0,78.0,78.0,75.0
김제시 - 무항생제축산물 - 농가수,Statistics,135.0,138.0,127.0,59.0,70.0,61.0,83.0,78.0,78.0,75.0
김제시 - 무항생제축산물 - 출하량,Statistics,10602.0,13684.0,16742.8,12441.0,16459.11,18418.7,22395.48,32191.62,30159.83,31480.54
김천시 - 계 - 건수,Statistics,43.0,41.0,42.0,22.0,26.0,28.0,25.0,28.0,31.0,34.0
김천시 - 계 - 농가수,Statistics,44.0,42.0,43.0,22.0,26.0,28.0,25.0,28.0,31.0,34.0
김천시 - 계 - 출하량,Statistics,7060.0,12779.0,11503.2,4900.0,8557.26,12451.76,10052.28,13283.44,23285.65,26428.92
김천시 - 무항생제축산물 - 건수,Statistics,43.0,41.0,41.0,21.0,26.0,28.0,25.0,28.0,31.0,34.0
김천시 - 무항생제축산물 - 농가수,Statistics,44.0,42.0,42.0,21.0,26.0,28.0,25.0,28.0,31.0,34.0
김천시 - 무항생제축산물 - 출하량,Statistics,7060.0,12779.0,11503.2,4750.0,8557.26,12451.76,10052.28,13283.44,23285.65,26428.92
김천시 - 유기축산물 - 건수,Statistics,,,1.0,1.0,,,,,,
김천시 - 유기축산물 - 농가수,Statistics,,,1.0,1.0,,,,,,
김천시 - 유기축산물 - 출하량,Statistics,,,,150.0,,,,,,
김포시 - 계 - 건수,Statistics,34.0,31.0,33.0,24.0,22.0,17.0,20.0,23.0,25.0,31.0
김포시 - 계 - 농가수,Statistics,34.0,31.0,33.0,24.0,22.0,17.0,20.0,23.0,25.0,31.0
김포시 - 계 - 출하량,Statistics,5018.0,7293.0,3663.9,4351.0,6221.13,6486.19,2047.78,13072.1,11877.75,14460.48
김포시 - 무항생제축산물 - 건수,Statistics,34.0,31.0,33.0,24.0,22.0,17.0,20.0,23.0,25.0,31.0
김포시 - 무항생제축산물 - 농가수,Statistics,34.0,31.0,33.0,24.0,22.0,17.0,20.0,23.0,25.0,31.0
김포시 - 무항생제축산물 - 출하량,Statistics,5018.0,7293.0,3663.9,4351.0,6221.13,6486.19,2047.78,13072.1,11877.75,14460.48
김해시 - 계 - 건수,Statistics,18.0,31.0,41.0,22.0,57.0,51.0,71.0,86.0,87.0,90.0
김해시 - 계 - 농가수,Statistics,168.0,172.0,148.0,98.0,57.0,51.0,71.0,86.0,87.0,90.0
김해시 - 계 - 출하량,Statistics,4430.0,7375.0,10363.1,9199.0,6992.26,6446.84,8065.56,7204.52,8046.53,13159.44
김해시 - 무항생제축산물 - 건수,Statistics,18.0,31.0,41.0,22.0,57.0,51.0,71.0,86.0,87.0,90.0
김해시 - 무항생제축산물 - 농가수,Statistics,168.0,172.0,148.0,98.0,57.0,51.0,71.0,86.0,87.0,90.0
김해시 - 무항생제축산물 - 출하량,Statistics,4430.0,7375.0,10363.1,9199.0,6992.26,6446.84,8065.56,7204.52,8046.53,13159.44
나주시 - 계 - 건수,Statistics,177.0,210.0,197.0,154.0,180.0,200.0,213.0,232.0,282.0,289.0
나주시 - 계 - 농가수,Statistics,177.0,210.0,197.0,154.0,180.0,200.0,213.0,232.0,282.0,289.0
나주시 - 계 - 출하량,Statistics,26024.0,36642.0,32975.7,35956.0,37532.42,40563.18,45117.21,58508.46,64454.2,67842.09
나주시 - 무항생제축산물 - 건수,Statistics,177.0,210.0,197.0,154.0,180.0,200.0,213.0,231.0,281.0,288.0
나주시 - 무항생제축산물 - 농가수,Statistics,177.0,210.0,197.0,154.0,180.0,200.0,213.0,231.0,281.0,288.0
나주시 - 무항생제축산물 - 출하량,Statistics,26024.0,36642.0,32975.7,35956.0,37532.42,40563.18,45117.21,58508.46,64078.16,66900.74
나주시 - 유기축산물 - 건수,Statistics,,,,,,,,1.0,1.0,1.0
나주시 - 유기축산물 - 농가수,Statistics,,,,,,,,1.0,1.0,1.0
나주시 - 유기축산물 - 출하량,Statistics,,,,,,,,,376.04,941.35
남구 - 계 - 건수,Statistics,1.0,1.0,1.0,,,,,,,
남구 - 계 - 농가수,Statistics,1.0,1.0,1.0,,,,,,,
남구 - 계 - 출하량,Statistics,55.0,17.0,13.0,,,,,,,
남구 - 무항생제축산물 - 건수,Statistics,1.0,1.0,1.0,,,,,,,
남구 - 무항생제축산물 - 농가수,Statistics,1.0,1.0,1.0,,,,,,,
남구 - 무항생제축산물 - 출하량,Statistics,55.0,17.0,13.0,,,,,,,
남동구 - 계 - 건수,Statistics,,,,,,,,,,1.0
남동구 - 계 - 농가수,Statistics,,,,,,,,,,1.0
남동구 - 무항생제축산물 - 건수,Statistics,,,,,,,,,,1.0
남동구 - 무항생제축산물 - 농가수,Statistics,,,,,,,,,,1.0
남원시 - 계 - 건수,Statistics,76.0,76.0,78.0,76.0,80.0,89.0,93.0,98.0,108.0,111.0
남원시 - 계 - 농가수,Statistics,108.0,106.0,97.0,82.0,80.0,89.0,93.0,98.0,108.0,111.0
남원시 - 계 - 출하량,Statistics,9999.0,17201.0,19156.0,19043.0,24095.6,43688.62,41853.81,50766.5,60957.39,63520.36
남원시 - 무항생제축산물 - 건수,Statistics,76.0,76.0,78.0,76.0,80.0,89.0,93.0,98.0,108.0,111.0
남원시 - 무항생제축산물 - 농가수,Statistics,108.0,106.0,97.0,82.0,80.0,89.0,93.0,98.0,108.0,111.0
남원시 - 무항생제축산물 - 출하량,Statistics,9999.0,17201.0,19156.0,19043.0,24095.6,43688.62,41853.81,50766.5,60957.39,63520.36
남해군 - 계 - 건수,Statistics,6.0,6.0,8.0,4.0,2.0,3.0,3.0,3.0,3.0,3.0
남해군 - 계 - 농가수,Statistics,6.0,6.0,8.0,4.0,2.0,3.0,3.0,3.0,3.0,3.0
남해군 - 계 - 출하량,Statistics,293.0,475.0,937.5,460.0,243.47,247.25,660.02,926.57,770.56,443.65
남해군 - 무항생제축산물 - 건수,Statistics,6.0,6.0,8.0,4.0,2.0,3.0,3.0,3.0,3.0,3.0
남해군 - 무항생제축산물 - 농가수,Statistics,6.0,6.0,8.0,4.0,2.0,3.0,3.0,3.0,3.0,3.0
남해군 - 무항생제축산물 - 출하량,Statistics,293.0,475.0,937.5,460.0,243.47,247.25,660.02,926.57,770.56,443.65
논산시 - 계 - 건수,Statistics,14.0,16.0,11.0,8.0,10.0,13.0,22.0,28.0,29.0,29.0
논산시 - 계 - 농가수,Statistics,14.0,16.0,11.0,8.0,10.0,13.0,22.0,28.0,29.0,29.0
논산시 - 계 - 출하량,Statistics,6227.0,3847.0,3876.1,7880.0,11518.94,7250.98,9846.52,13858.89,25884.65,24450.99
논산시 - 무항생제축산물 - 건수,Statistics,13.0,15.0,10.0,8.0,10.0,13.0,22.0,28.0,29.0,29.0
논산시 - 무항생제축산물 - 농가수,Statistics,13.0,15.0,10.0,8.0,10.0,13.0,22.0,28.0,29.0,29.0
논산시 - 무항생제축산물 - 출하량,Statistics,6227.0,3844.0,3876.1,7880.0,11518.94,7250.98,9846.52,13858.89,25884.65,24450.99
논산시 - 유기축산물 - 건수,Statistics,1.0,1.0,1.0,,,,,,,
논산시 - 유기축산물 - 농가수,Statistics,1.0,1.0,1.0,,,,,,,
논산시 - 유기축산물 - 출하량,Statistics,,3.0,,,,,,,,
단양군 - 계 - 건수,Statistics,16.0,16.0,16.0,8.0,9.0,8.0,9.0,9.0,10.0,9.0
단양군 - 계 - 농가수,Statistics,16.0,16.0,16.0,8.0,9.0,8.0,9.0,9.0,10.0,9.0
단양군 - 계 - 출하량,Statistics,933.0,877.0,2246.5,790.0,825.08,1246.21,909.29,1759.8,1645.75,2050.31
단양군 - 무항생제축산물 - 건수,Statistics,14.0,14.0,14.0,6.0,7.0,7.0,8.0,8.0,8.0,8.0
단양군 - 무항생제축산물 - 농가수,Statistics,14.0,14.0,14.0,6.0,7.0,7.0,8.0,8.0,8.0,8.0
단양군 - 무항생제축산물 - 출하량,Statistics,868.0,865.0,2180.3,740.0,756.44,1216.21,859.97,1759.73,1609.75,1985.59
단양군 - 유기축산물 - 건수,Statistics,2.0,2.0,2.0,2.0,2.0,1.0,1.0,1.0,2.0,1.0
단양군 - 유기축산물 - 농가수,Statistics,2.0,2.0,2.0,2.0,2.0,1.0,1.0,1.0,2.0,1.0
단양군 - 유기축산물 - 출하량,Statistics,65.0,12.0,66.2,50.0,68.63,30.0,49.32,0.07,36.0,64.73
달서구 - 계 - 건수,Statistics,1.0,,,,,,,,,
달서구 - 계 - 농가수,Statistics,56.0,,,,,,,,,
달서구 - 계 - 출하량,Statistics,323.0,,,,,,,,,
달서구 - 무항생제축산물 - 건수,Statistics,1.0,,,,,,,,,
달서구 - 무항생제축산물 - 농가수,Statistics,56.0,,,,,,,,,
달서구 - 무항생제축산물 - 출하량,Statistics,323.0,,,,,,,,,
달성군 - 계 - 건수,Statistics,4.0,5.0,5.0,4.0,2.0,2.0,2.0,2.0,2.0,2.0
달성군 - 계 - 농가수,Statistics,4.0,5.0,5.0,4.0,2.0,2.0,2.0,2.0,2.0,2.0
달성군 - 계 - 출하량,Statistics,5392.0,1906.0,4831.4,3604.0,173.39,1525.64,1228.0,1793.54,1464.5,1103.4
달성군 - 무항생제축산물 - 건수,Statistics,4.0,5.0,5.0,4.0,2.0,2.0,2.0,2.0,2.0,2.0
달성군 - 무항생제축산물 - 농가수,Statistics,4.0,5.0,5.0,4.0,2.0,2.0,2.0,2.0,2.0,2.0
달성군 - 무항생제축산물 - 출하량,Statistics,5392.0,1906.0,4831.4,3604.0,173.39,1525.64,1228.0,1793.54,1464.5,1103.4
담양군 - 계 - 건수,Statistics,53.0,75.0,67.0,58.0,50.0,52.0,49.0,41.0,37.0,35.0
담양군 - 계 - 농가수,Statistics,53.0,75.0,67.0,58.0,50.0,52.0,49.0,41.0,37.0,35.0
담양군 - 계 - 출하량,Statistics,2954.0,8852.0,11361.2,10264.0,8208.46,6577.81,7138.93,8257.61,6876.61,6742.55
담양군 - 무항생제축산물 - 건수,Statistics,52.0,74.0,66.0,57.0,49.0,51.0,48.0,40.0,36.0,34.0
담양군 - 무항생제축산물 - 농가수,Statistics,52.0,74.0,66.0,57.0,49.0,51.0,48.0,40.0,36.0,34.0
담양군 - 무항생제축산물 - 출하량,Statistics,2904.0,8772.0,11289.4,10176.0,8126.16,6490.21,7052.21,8156.87,6787.33,6624.33
담양군 - 유기축산물 - 건수,Statistics,1.0,1.0,1.0,1.0,1.0,1.0,1.0,1.0,1.0,1.0
담양군 - 유기축산물 - 농가수,Statistics,1.0,1.0,1.0,1.0,1.0,1.0,1.0,1.0,1.0,1.0
담양군 - 유기축산물 - 출하량,Statistics,50.0,80.0,71.8,88.0,82.31,87.6,86.72,100.74,89.27,118.22
당진시 - 계 - 건수,Statistics,82.0,74.0,74.0,59.0,53.0,60.0,66.0,75.0,83.0,83.0
당진시 - 계 - 농가수,Statistics,82.0,74.0,74.0,59.0,53.0,60.0,66.0,75.0,83.0,83.0
당진시 - 계 - 출하량,Statistics,8682.0,9664.0,12158.1,12694.0,13351.29,20441.46,19386.65,29752.5,47732.35,45514.94
당진시 - 무항생제축산물 - 건수,Statistics,82.0,74.0,74.0,59.0,53.0,60.0,66.0,75.0,83.0,83.0
당진시 - 무항생제축산물 - 농가수,Statistics,82.0,74.0,74.0,59.0,53.0,60.0,66.0,75.0,83.0,83.0
당진시 - 무항생제축산물 - 출하량,Statistics,8682.0,9664.0,12158.1,12694.0,13351.29,20441.46,19386.65,29752.5,47732.35,45514.94
대구광역시 소계 - 계 - 건수,Statistics,8.0,12.0,11.0,9.0,7.0,10.0,11.0,10.0,18.0,24.0
대구광역시 소계 - 계 - 농가수,Statistics,63.0,12.0,11.0,9.0,7.0,10.0,11.0,10.0,18.0,24.0
대구광역시 소계 - 계 - 출하량,Statistics,5771.0,1988.0,5165.5,3634.0,210.74,1593.8,1325.9,1938.16,7063.87,7507.34
대구광역시 소계 - 무항생제축산물 - 건수,Statistics,8.0,12.0,11.0,9.0,7.0,10.0,11.0,10.0,18.0,24.0
대구광역시 소계 - 무항생제축산물 - 농가수,Statistics,63.0,12.0,11.0,9.0,7.0,10.0,11.0,10.0,18.0,24.0
대구광역시 소계 - 무항생제축산물 - 출하량,Statistics,5771.0,1988.0,5165.5,3634.0,210.74,1593.8,1325.9,1938.16,7063.87,7507.34
대덕구 - 계 - 건수,Statistics,1.0,1.0,,,,,,,,
대덕구 - 계 - 농가수,Statistics,1.0,1.0,,,,,,,,
대덕구 - 계 - 출하량,Statistics,,5.0,,,,,,,,
대덕구 - 무항생제축산물 - 건수,Statistics,1.0,1.0,,,,,,,,
대덕구 - 무항생제축산물 - 농가수,Statistics,1.0,1.0,,,,,,,,
대덕구 - 무항생제축산물 - 출하량,Statistics,,5.0,,,,,,,,
대전광역시 소계 - 계 - 건수,Statistics,1.0,2.0,1.0,1.0,1.0,1.0,1.0,2.0,2.0,2.0
대전광역시 소계 - 계 - 농가수,Statistics,1.0,2.0,1.0,1.0,1.0,1.0,1.0,2.0,2.0,2.0
대전광역시 소계 - 계 - 출하량,Statistics,,5.0,3.4,2.0,4.64,3.8,35.0,17.69,42.0,69.4
대전광역시 소계 - 무항생제축산물 - 건수,Statistics,1.0,2.0,1.0,1.0,1.0,1.0,1.0,2.0,2.0,2.0
대전광역시 소계 - 무항생제축산물 - 농가수,Statistics,1.0,2.0,1.0,1.0,1.0,1.0,1.0,2.0,2.0,2.0
대전광역시 소계 - 무항생제축산물 - 출하량,Statistics,,5.0,3.4,2.0,4.64,3.8,35.0,17.69,42.0,69.4
동구 - 계 - 건수,Statistics,,4.0,3.0,3.0,3.0,4.0,5.0,4.0,4.0,4.0
동구 - 계 - 농가수,Statistics,,4.0,3.0,3.0,3.0,4.0,5.0,4.0,4.0,4.0
동구 - 계 - 출하량,Statistics,,17.0,286.8,26.0,23.85,44.3,52.35,82.32,84.75,72.0
동구 - 무항생제축산물 - 건수,Statistics,,4.0,3.0,3.0,3.0,4.0,5.0,4.0,4.0,4.0
동구 - 무항생제축산물 - 농가수,Statistics,,4.0,3.0,3.0,3.0,4.0,5.0,4.0,4.0,4.0
동구 - 무항생제축산물 - 출하량,Statistics,,17.0,286.8,26.0,23.85,44.3,52.35,82.32,84.75,72.0
동해시 - 계 - 건수,Statistics,1.0,1.0,1.0,,,,,,,
동해시 - 계 - 농가수,Statistics,1.0,1.0,1.0,,,,,,,
동해시 - 계 - 출하량,Statistics,36.0,4.0,45.2,,,,,,,
동해시 - 무항생제축산물 - 건수,Statistics,1.0,1.0,1.0,,,,,,,
동해시 - 무항생제축산물 - 농가수,Statistics,1.0,1.0,1.0,,,,,,,
동해시 - 무항생제축산물 - 출하량,Statistics,36.0,4.0,45.2,,,,,,,
목포시 - 계 - 건수,Statistics,,1.0,,2.0,2.0,1.0,,,,2.0
목포시 - 계 - 농가수,Statistics,,1.0,,2.0,2.0,1.0,,,,2.0
목포시 - 계 - 출하량,Statistics,,,,1.0,0.5,1.5,,,,
목포시 - 무항생제축산물 - 건수,Statistics,,1.0,,2.0,2.0,1.0,,,,2.0
목포시 - 무항생제축산물 - 농가수,Statistics,,1.0,,2.0,2.0,1.0,,,,2.0
목포시 - 무항생제축산물 - 출하량,Statistics,,,,1.0,0.5,1.5,,,,
무안군 - 계 - 건수,Statistics,94.0,117.0,102.0,97.0,101.0,111.0,109.0,114.0,131.0,141.0
무안군 - 계 - 농가수,Statistics,94.0,117.0,102.0,97.0,101.0,111.0,109.0,114.0,131.0,141.0
무안군 - 계 - 출하량,Statistics,12067.0,14828.0,13695.6,13025.0,19076.66,19922.3,20463.51,26651.95,34052.29,35436.75
무안군 - 무항생제축산물 - 건수,Statistics,94.0,117.0,102.0,97.0,101.0,111.0,109.0,114.0,131.0,140.0
무안군 - 무항생제축산물 - 농가수,Statistics,94.0,117.0,102.0,97.0,101.0,111.0,109.0,114.0,131.0,140.0
무안군 - 무항생제축산물 - 출하량,Statistics,12067.0,14828.0,13695.6,13025.0,19076.66,19922.3,20463.51,26651.95,34052.29,35436.75
무안군 - 유기축산물 - 건수,Statistics,,,,,,,,,,1.0
무안군 - 유기축산물 - 농가수,Statistics,,,,,,,,,,1.0
무주군 - 계 - 건수,Statistics,3.0,5.0,7.0,5.0,4.0,3.0,2.0,2.0,2.0,2.0
무주군 - 계 - 농가수,Statistics,3.0,5.0,7.0,5.0,4.0,3.0,2.0,2.0,2.0,2.0
무주군 - 계 - 출하량,Statistics,657.0,801.0,1387.8,726.0,1494.33,1165.21,746.0,880.0,70.0,567.39
무주군 - 무항생제축산물 - 건수,Statistics,3.0,5.0,7.0,5.0,4.0,3.0,2.0,2.0,2.0,2.0
무주군 - 무항생제축산물 - 농가수,Statistics,3.0,5.0,7.0,5.0,4.0,3.0,2.0,2.0,2.0,2.0
무주군 - 무항생제축산물 - 출하량,Statistics,657.0,801.0,1387.8,726.0,1494.33,1165.21,746.0,880.0,70.0,567.39
문경시 - 계 - 건수,Statistics,41.0,41.0,37.0,39.0,29.0,23.0,24.0,31.0,28.0,81.0
문경시 - 계 - 농가수,Statistics,103.0,96.0,68.0,78.0,63.0,67.0,79.0,87.0,78.0,81.0
문경시 - 계 - 출하량,Statistics,5162.0,6262.0,7055.2,5445.0,4472.17,6344.6,5407.65,7893.99,7384.97,7447.42
문경시 - 무항생제축산물 - 건수,Statistics,41.0,41.0,37.0,39.0,29.0,23.0,24.0,31.0,27.0,80.0
문경시 - 무항생제축산물 - 농가수,Statistics,103.0,96.0,68.0,78.0,63.0,67.0,79.0,87.0,77.0,80.0
문경시 - 무항생제축산물 - 출하량,Statistics,5162.0,6262.0,7055.2,5445.0,4472.17,6344.6,5407.65,7893.99,7384.97,7446.84
문경시 - 유기축산물 - 건수,Statistics,,,,,,,,,1.0,1.0
문경시 - 유기축산물 - 농가수,Statistics,,,,,,,,,1.0,1.0
문경시 - 유기축산물 - 출하량,Statistics,,,,,,,,,,0.58
미추홀구 - 계 - 건수,Statistics,,,,,,1.0,1.0,1.0,1.0,1.0
미추홀구 - 계 - 농가수,Statistics,,,,,,1.0,1.0,1.0,1.0,1.0
미추홀구 - 계 - 출하량,Statistics,,,,,,,26.0,8.43,12.0,33.57
미추홀구 - 무항생제축산물 - 건수,Statistics,,,,,,1.0,1.0,1.0,1.0,1.0
미추홀구 - 무항생제축산물 - 농가수,Statistics,,,,,,1.0,1.0,1.0,1.0,1.0
미추홀구 - 무항생제축산물 - 출하량,Statistics,,,,,,,26.0,8.43,12.0,33.57
밀양시 - 계 - 건수,Statistics,13.0,17.0,18.0,12.0,9.0,5.0,9.0,10.0,10.0,13.0
밀양시 - 계 - 농가수,Statistics,13.0,17.0,18.0,12.0,9.0,5.0,9.0,10.0,10.0,13.0
밀양시 - 계 - 출하량,Statistics,5547.0,7765.0,7576.1,8260.0,5620.3,3581.19,4275.63,5159.13,3638.03,4357.86
밀양시 - 무항생제축산물 - 건수,Statistics,13.0,17.0,18.0,12.0,9.0,5.0,9.0,10.0,10.0,13.0
밀양시 - 무항생제축산물 - 농가수,Statistics,13.0,17.0,18.0,12.0,9.0,5.0,9.0,10.0,10.0,13.0
밀양시 - 무항생제축산물 - 출하량,Statistics,5547.0,7765.0,7576.1,8260.0,5620.3,3581.19,4275.63,5159.13,3638.03,4357.86
보령시 - 계 - 건수,Statistics,27.0,30.0,27.0,26.0,28.0,31.0,35.0,41.0,41.0,44.0
보령시 - 계 - 농가수,Statistics,27.0,30.0,27.0,26.0,28.0,31.0,35.0,41.0,41.0,44.0
보령시 - 계 - 출하량,Statistics,6191.0,9854.0,11045.2,14702.0,12979.28,15613.74,17370.3,15710.31,16634.63,17745.37
보령시 - 무항생제축산물 - 건수,Statistics,23.0,25.0,21.0,20.0,21.0,25.0,28.0,33.0,34.0,38.0
보령시 - 무항생제축산물 - 농가수,Statistics,23.0,25.0,21.0,20.0,21.0,25.0,28.0,33.0,34.0,38.0
보령시 - 무항생제축산물 - 출하량,Statistics,2364.0,3860.0,3696.7,6764.0,4975.56,6874.92,7101.66,6979.91,9108.27,10583.54
보령시 - 유기축산물 - 건수,Statistics,4.0,5.0,6.0,6.0,7.0,6.0,7.0,8.0,7.0,6.0
보령시 - 유기축산물 - 농가수,Statistics,4.0,5.0,6.0,6.0,7.0,6.0,7.0,8.0,7.0,6.0
보령시 - 유기축산물 - 출하량,Statistics,3827.0,5994.0,7348.5,7938.0,8003.71,8738.81,10268.64,8730.39,7526.36,7161.83
보성군 - 계 - 건수,Statistics,88.0,82.0,66.0,58.0,60.0,63.0,60.0,61.0,67.0,67.0
보성군 - 계 - 농가수,Statistics,88.0,82.0,66.0,58.0,60.0,63.0,60.0,61.0,67.0,67.0
보성군 - 계 - 출하량,Statistics,4314.0,12193.0,19061.7,8836.0,8449.01,9583.79,11338.94,10953.16,13951.0,12896.15
보성군 - 무항생제축산물 - 건수,Statistics,88.0,82.0,66.0,58.0,60.0,63.0,60.0,61.0,67.0,67.0
보성군 - 무항생제축산물 - 농가수,Statistics,88.0,82.0,66.0,58.0,60.0,63.0,60.0,61.0,67.0,67.0
보성군 - 무항생제축산물 - 출하량,Statistics,4314.0,12193.0,19061.7,8836.0,8449.01,9583.79,11338.94,10953.16,13951.0,12896.15
보은군 - 계 - 건수,Statistics,33.0,34.0,34.0,22.0,23.0,21.0,20.0,16.0,14.0,14.0
보은군 - 계 - 농가수,Statistics,64.0,57.0,55.0,40.0,37.0,32.0,34.0,27.0,23.0,22.0
보은군 - 계 - 출하량,Statistics,4961.0,6165.0,3451.1,2888.0,3527.14,704.67,3826.73,2970.02,2621.79,2687.34
보은군 - 무항생제축산물 - 건수,Statistics,33.0,34.0,34.0,22.0,23.0,21.0,20.0,16.0,14.0,14.0
보은군 - 무항생제축산물 - 농가수,Statistics,64.0,57.0,55.0,40.0,37.0,32.0,34.0,27.0,23.0,22.0
보은군 - 무항생제축산물 - 출하량,Statistics,4961.0,6165.0,3451.1,2888.0,3527.14,704.67,3826.73,2970.02,2621.79,2687.34
봉화군 - 계 - 건수,Statistics,53.0,57.0,61.0,40.0,35.0,34.0,34.0,30.0,33.0,34.0
봉화군 - 계 - 농가수,Statistics,53.0,57.0,61.0,40.0,35.0,34.0,34.0,30.0,33.0,34.0
봉화군 - 계 - 출하량,Statistics,8945.0,14882.0,16095.3,16074.0,15791.0,11662.76,17606.42,16281.51,17648.92,20501.11
봉화군 - 무항생제축산물 - 건수,Statistics,53.0,57.0,61.0,40.0,35.0,34.0,34.0,30.0,33.0,34.0
봉화군 - 무항생제축산물 - 농가수,Statistics,53.0,57.0,61.0,40.0,35.0,34.0,34.0,30.0,33.0,34.0
봉화군 - 무항생제축산물 - 출하량,Statistics,8945.0,14882.0,16095.3,16074.0,15791.0,11662.76,17606.42,16281.51,17648.92,20501.11
부산광역시 소계 - 계 - 건수,Statistics,2.0,1.0,,,,,,1.0,1.0,1.0
부산광역시 소계 - 계 - 농가수,Statistics,2.0,1.0,,,,,,1.0,1.0,1.0
부산광역시 소계 - 계 - 출하량,Statistics,2900.0,,,,,,,530.0,500.0,530.0
부산광역시 소계 - 무항생제축산물 - 건수,Statistics,2.0,1.0,,,,,,1.0,1.0,1.0
부산광역시 소계 - 무항생제축산물 - 농가수,Statistics,2.0,1.0,,,,,,1.0,1.0,1.0
부산광역시 소계 - 무항생제축산물 - 출하량,Statistics,2900.0,,,,,,,530.0,500.0,530.0
부안군 - 계 - 건수,Statistics,48.0,72.0,70.0,68.0,85.0,95.0,97.0,105.0,106.0,105.0
부안군 - 계 - 농가수,Statistics,48.0,72.0,70.0,68.0,85.0,95.0,97.0,105.0,106.0,105.0
부안군 - 계 - 출하량,Statistics,10324.0,19486.0,24373.9,20653.0,26109.01,39289.24,40021.21,45268.15,52010.81,51695.44
부안군 - 무항생제축산물 - 건수,Statistics,48.0,72.0,70.0,68.0,85.0,95.0,97.0,105.0,106.0,105.0
부안군 - 무항생제축산물 - 농가수,Statistics,48.0,72.0,70.0,68.0,85.0,95.0,97.0,105.0,106.0,105.0
부안군 - 무항생제축산물 - 출하량,Statistics,10324.0,19486.0,24373.9,20653.0,26109.01,39289.24,40021.21,45268.15,52010.81,51695.44
부여군 - 계 - 건수,Statistics,32.0,29.0,29.0,22.0,28.0,31.0,33.0,43.0,46.0,45.0
부여군 - 계 - 농가수,Statistics,38.0,37.0,32.0,25.0,28.0,31.0,33.0,43.0,46.0,45.0
부여군 - 계 - 출하량,Statistics,6377.0,5954.0,5598.8,9062.0,6841.88,9888.79,11103.03,20098.11,21215.0,22917.6
부여군 - 무항생제축산물 - 건수,Statistics,32.0,29.0,27.0,20.0,26.0,29.0,31.0,40.0,43.0,42.0
부여군 - 무항생제축산물 - 농가수,Statistics,38.0,37.0,30.0,23.0,26.0,29.0,31.0,40.0,43.0,42.0
부여군 - 무항생제축산물 - 출하량,Statistics,6377.0,5954.0,5508.8,7808.0,5500.66,8388.79,9723.49,18700.94,19673.67,21075.6
부여군 - 유기축산물 - 건수,Statistics,,,2.0,2.0,2.0,2.0,2.0,3.0,3.0,3.0
부여군 - 유기축산물 - 농가수,Statistics,,,2.0,2.0,2.0,2.0,2.0,3.0,3.0,3.0
부여군 - 유기축산물 - 출하량,Statistics,,,90.0,1254.0,1341.21,1500.0,1379.54,1397.17,1541.33,1842.0
북구 - 계 - 건수,Statistics,1.0,1.0,1.0,1.0,1.0,3.0,3.0,2.0,2.0,4.0
북구 - 계 - 농가수,Statistics,1.0,1.0,1.0,1.0,1.0,3.0,3.0,2.0,2.0,4.0
북구 - 계 - 출하량,Statistics,,11.0,25.5,4.0,13.5,16.5,33.65,31.5,31.5,36.0
북구 - 무항생제축산물 - 건수,Statistics,1.0,1.0,1.0,1.0,1.0,3.0,3.0,2.0,2.0,4.0
북구 - 무항생제축산물 - 농가수,Statistics,1.0,1.0,1.0,1.0,1.0,3.0,3.0,2.0,2.0,4.0
북구 - 무항생제축산물 - 출하량,Statistics,,11.0,25.5,4.0,13.5,16.5,33.65,31.5,31.5,36.0
사천시 - 계 - 건수,Statistics,4.0,4.0,13.0,8.0,7.0,7.0,3.0,3.0,4.0,4.0
사천시 - 계 - 농가수,Statistics,4.0,4.0,13.0,8.0,7.0,7.0,3.0,3.0,4.0,4.0
사천시 - 계 - 출하량,Statistics,147.0,131.0,1216.4,1031.0,2415.21,1806.44,680.68,845.96,843.28,968.86
사천시 - 무항생제축산물 - 건수,Statistics,4.0,4.0,13.0,8.0,7.0,7.0,3.0,3.0,4.0,4.0
사천시 - 무항생제축산물 - 농가수,Statistics,4.0,4.0,13.0,8.0,7.0,7.0,3.0,3.0,4.0,4.0
사천시 - 무항생제축산물 - 출하량,Statistics,147.0,131.0,1216.4,1031.0,2415.21,1806.44,680.68,845.96,843.28,968.86
사하구 - 계 - 건수,Statistics,1.0,,,,,,,,,
사하구 - 계 - 농가수,Statistics,1.0,,,,,,,,,
사하구 - 계 - 출하량,Statistics,2900.0,,,,,,,,,
사하구 - 무항생제축산물 - 건수,Statistics,1.0,,,,,,,,,
사하구 - 무항생제축산물 - 농가수,Statistics,1.0,,,,,,,,,
사하구 - 무항생제축산물 - 출하량,Statistics,2900.0,,,,,,,,,
산청군 - 계 - 건수,Statistics,13.0,12.0,15.0,13.0,14.0,14.0,19.0,19.0,16.0,20.0
산청군 - 계 - 농가수,Statistics,39.0,40.0,40.0,26.0,33.0,28.0,33.0,36.0,25.0,29.0
산청군 - 계 - 출하량,Statistics,5823.0,6111.0,5688.6,2404.0,1196.53,7219.56,5013.54,7472.1,6523.05,8559.9
산청군 - 무항생제축산물 - 건수,Statistics,12.0,11.0,14.0,12.0,13.0,13.0,18.0,18.0,15.0,19.0
산청군 - 무항생제축산물 - 농가수,Statistics,18.0,23.0,26.0,17.0,18.0,13.0,18.0,18.0,15.0,19.0
산청군 - 무항생제축산물 - 출하량,Statistics,5703.0,6101.0,5595.5,2292.0,1196.53,7102.06,4930.29,7374.1,6420.3,8069.9
산청군 - 유기축산물 - 건수,Statistics,1.0,1.0,1.0,1.0,1.0,1.0,1.0,1.0,1.0,1.0
산청군 - 유기축산물 - 농가수,Statistics,21.0,17.0,14.0,9.0,15.0,15.0,15.0,18.0,10.0,10.0
산청군 - 유기축산물 - 출하량,Statistics,120.0,10.0,93.1,112.0,,117.5,83.25,98.0,102.75,490.0
삼척시 - 계 - 건수,Statistics,10.0,10.0,4.0,1.0,8.0,9.0,9.0,11.0,12.0,12.0
삼척시 - 계 - 농가수,Statistics,11.0,11.0,5.0,1.0,8.0,9.0,9.0,11.0,12.0,12.0
삼척시 - 계 - 출하량,Statistics,8334.0,7324.0,9181.6,,64.12,238.78,339.27,360.85,281.69,511.52
삼척시 - 무항생제축산물 - 건수,Statistics,10.0,10.0,4.0,1.0,8.0,9.0,9.0,11.0,12.0,12.0
삼척시 - 무항생제축산물 - 농가수,Statistics,11.0,11.0,5.0,1.0,8.0,9.0,9.0,11.0,12.0,12.0
삼척시 - 무항생제축산물 - 출하량,Statistics,8334.0,7324.0,9181.6,,64.12,238.78,339.27,360.85,281.69,511.52
상주시 - 계 - 건수,Statistics,55.0,80.0,70.0,51.0,49.0,48.0,51.0,51.0,50.0,65.0
상주시 - 계 - 농가수,Statistics,116.0,80.0,70.0,51.0,49.0,48.0,51.0,51.0,50.0,65.0
상주시 - 계 - 출하량,Statistics,10292.0,14039.0,13665.7,6128.0,7854.69,12947.69,14119.94,24342.34,25297.23,26815.85
상주시 - 무항생제축산물 - 건수,Statistics,54.0,79.0,69.0,51.0,49.0,48.0,51.0,51.0,50.0,65.0
상주시 - 무항생제축산물 - 농가수,Statistics,115.0,79.0,69.0,51.0,49.0,48.0,51.0,51.0,50.0,65.0
상주시 - 무항생제축산물 - 출하량,Statistics,10292.0,14039.0,13629.2,6128.0,7854.69,12947.69,14119.94,24342.34,25297.23,26815.85
상주시 - 유기축산물 - 건수,Statistics,1.0,1.0,1.0,,,,,,,
상주시 - 유기축산물 - 농가수,Statistics,1.0,1.0,1.0,,,,,,,
상주시 - 유기축산물 - 출하량,Statistics,,,36.5,,,,,,,
서구 - 계 - 건수,Statistics,1.0,1.0,1.0,1.0,1.0,1.0,1.0,1.0,1.0,2.0
서구 - 계 - 농가수,Statistics,1.0,1.0,1.0,1.0,1.0,1.0,1.0,1.0,1.0,2.0
서구 - 계 - 출하량,Statistics,210.0,602.0,3.4,2.0,4.64,3.8,35.0,2.74,36.7,139.34
서구 - 무항생제축산물 - 건수,Statistics,1.0,1.0,1.0,1.0,1.0,1.0,1.0,1.0,1.0,2.0
서구 - 무항생제축산물 - 농가수,Statistics,1.0,1.0,1.0,1.0,1.0,1.0,1.0,1.0,1.0,2.0
서구 - 무항생제축산물 - 출하량,Statistics,210.0,602.0,3.4,2.0,4.64,3.8,35.0,2.74,36.7,139.34
서귀포시 - 계 - 건수,Statistics,25.0,26.0,25.0,24.0,20.0,19.0,17.0,15.0,21.0,21.0
서귀포시 - 계 - 농가수,Statistics,25.0,26.0,25.0,24.0,20.0,19.0,17.0,15.0,21.0,21.0
서귀포시 - 계 - 출하량,Statistics,1426.0,624.0,796.2,1581.0,2338.32,2227.78,2367.27,2883.78,3373.69,3283.46
서귀포시 - 무항생제축산물 - 건수,Statistics,23.0,24.0,23.0,22.0,19.0,18.0,16.0,14.0,17.0,17.0
서귀포시 - 무항생제축산물 - 농가수,Statistics,23.0,24.0,23.0,22.0,19.0,18.0,16.0,14.0,17.0,17.0
서귀포시 - 무항생제축산물 - 출하량,Statistics,1426.0,607.0,260.0,1427.0,1925.6,1727.88,1882.87,2413.78,2874.68,2740.11
서귀포시 - 유기축산물 - 건수,Statistics,2.0,2.0,2.0,2.0,1.0,1.0,1.0,1.0,4.0,4.0
서귀포시 - 유기축산물 - 농가수,Statistics,2.0,2.0,2.0,2.0,1.0,1.0,1.0,1.0,4.0,4.0
서귀포시 - 유기축산물 - 출하량,Statistics,,17.0,536.2,154.0,412.73,499.9,484.4,470.0,499.01,543.35
서산시 - 계 - 건수,Statistics,19.0,19.0,15.0,7.0,9.0,10.0,25.0,25.0,26.0,25.0
서산시 - 계 - 농가수,Statistics,19.0,19.0,15.0,7.0,9.0,10.0,25.0,25.0,26.0,25.0
서산시 - 계 - 출하량,Statistics,2068.0,2641.0,874.5,627.0,2905.73,3438.46,4069.35,6270.43,6809.92,4422.27
서산시 - 무항생제축산물 - 건수,Statistics,19.0,19.0,15.0,7.0,9.0,10.0,25.0,25.0,26.0,25.0
서산시 - 무항생제축산물 - 농가수,Statistics,19.0,19.0,15.0,7.0,9.0,10.0,25.0,25.0,26.0,25.0
서산시 - 무항생제축산물 - 출하량,Statistics,2068.0,2641.0,874.5,627.0,2905.73,3438.46,4069.35,6270.43,6809.92,4422.27
서울특별시 소계 - 계 - 건수,Statistics,8.0,9.0,7.0,8.0,8.0,8.0,9.0,9.0,9.0,10.0
서울특별시 소계 - 계 - 농가수,Statistics,8.0,9.0,7.0,8.0,8.0,8.0,9.0,9.0,9.0,10.0
서울특별시 소계 - 계 - 출하량,Statistics,2711.0,2933.0,462.0,3103.0,2895.48,3105.07,4245.83,4543.73,4476.95,4667.16
서울특별시 소계 - 무항생제축산물 - 건수,Statistics,8.0,9.0,7.0,8.0,8.0,8.0,9.0,9.0,9.0,10.0
서울특별시 소계 - 무항생제축산물 - 농가수,Statistics,8.0,9.0,7.0,8.0,8.0,8.0,9.0,9.0,9.0,10.0
서울특별시 소계 - 무항생제축산물 - 출하량,Statistics,2711.0,2933.0,462.0,3103.0,2895.48,3105.07,4245.83,4543.73,4476.95,4667.16
서천군 - 계 - 건수,Statistics,14.0,9.0,8.0,4.0,4.0,5.0,5.0,11.0,11.0,10.0
서천군 - 계 - 농가수,Statistics,14.0,9.0,8.0,4.0,4.0,5.0,5.0,11.0,11.0,10.0
서천군 - 계 - 출하량,Statistics,24.0,93.0,20.9,210.0,365.8,1484.95,1233.92,1776.03,3238.35,2204.31
서천군 - 무항생제축산물 - 건수,Statistics,14.0,9.0,8.0,4.0,4.0,5.0,5.0,11.0,10.0,9.0
서천군 - 무항생제축산물 - 농가수,Statistics,14.0,9.0,8.0,4.0,4.0,5.0,5.0,11.0,10.0,9.0
서천군 - 무항생제축산물 - 출하량,Statistics,24.0,93.0,20.9,210.0,365.8,1484.95,1233.92,1776.03,3218.27,2185.11
서천군 - 유기축산물 - 건수,Statistics,,,,,,,,,1.0,1.0
서천군 - 유기축산물 - 농가수,Statistics,,,,,,,,,1.0,1.0
서천군 - 유기축산물 - 출하량,Statistics,,,,,,,,,20.07,19.2
서초구 - 계 - 건수,Statistics,3.0,3.0,4.0,4.0,4.0,4.0,4.0,4.0,4.0,4.0
서초구 - 계 - 농가수,Statistics,3.0,3.0,4.0,4.0,4.0,4.0,4.0,4.0,4.0,4.0
서초구 - 계 - 출하량,Statistics,,,,,,15.6,32.83,74.72,88.5,188.2
서초구 - 무항생제축산물 - 건수,Statistics,3.0,3.0,4.0,4.0,4.0,4.0,4.0,4.0,4.0,4.0
서초구 - 무항생제축산물 - 농가수,Statistics,3.0,3.0,4.0,4.0,4.0,4.0,4.0,4.0,4.0,4.0
서초구 - 무항생제축산물 - 출하량,Statistics,,,,,,15.6,32.83,74.72,88.5,188.2
성주군 - 계 - 건수,Statistics,13.0,24.0,27.0,17.0,16.0,16.0,16.0,17.0,19.0,18.0
성주군 - 계 - 농가수,Statistics,13.0,24.0,27.0,17.0,16.0,16.0,16.0,17.0,19.0,18.0
성주군 - 계 - 출하량,Statistics,2001.0,7301.0,2548.0,618.0,668.07,406.16,538.96,1115.44,1016.38,546.98
성주군 - 무항생제축산물 - 건수,Statistics,13.0,24.0,27.0,17.0,16.0,16.0,16.0,17.0,19.0,18.0
성주군 - 무항생제축산물 - 농가수,Statistics,13.0,24.0,27.0,17.0,16.0,16.0,16.0,17.0,19.0,18.0
성주군 - 무항생제축산물 - 출하량,Statistics,2001.0,7301.0,2548.0,618.0,668.07,406.16,538.96,1115.44,1016.38,546.98
세종특별자치시 소계 - 계 - 건수,Statistics,73.0,67.0,52.0,23.0,17.0,15.0,18.0,17.0,19.0,19.0
세종특별자치시 소계 - 계 - 농가수,Statistics,73.0,67.0,52.0,23.0,17.0,15.0,18.0,17.0,19.0,19.0
세종특별자치시 소계 - 계 - 출하량,Statistics,19064.0,24825.0,21449.3,6738.0,6270.63,11317.3,8680.52,20279.78,18127.3,18688.65
세종특별자치시 소계 - 무항생제축산물 - 건수,Statistics,73.0,67.0,52.0,23.0,17.0,15.0,18.0,17.0,19.0,19.0
세종특별자치시 소계 - 무항생제축산물 - 농가수,Statistics,73.0,67.0,52.0,23.0,17.0,15.0,18.0,17.0,19.0,19.0
세종특별자치시 소계 - 무항생제축산물 - 출하량,Statistics,19064.0,24825.0,21449.3,6738.0,6270.63,11317.3,8680.52,20279.78,18127.3,18688.65
속초시 - 계 - 건수,Statistics,2.0,2.0,,,,,,,,
속초시 - 계 - 농가수,Statistics,2.0,2.0,,,,,,,,
속초시 - 계 - 출하량,Statistics,10.0,2.0,,,,,,,,
속초시 - 무항생제축산물 - 건수,Statistics,2.0,2.0,,,,,,,,
속초시 - 무항생제축산물 - 농가수,Statistics,2.0,2.0,,,,,,,,
속초시 - 무항생제축산물 - 출하량,Statistics,10.0,2.0,,,,,,,,
수성구 - 계 - 건수,Statistics,1.0,1.0,1.0,1.0,1.0,1.0,1.0,2.0,3.0,3.0
수성구 - 계 - 농가수,Statistics,1.0,1.0,1.0,1.0,1.0,1.0,1.0,2.0,3.0,3.0
수성구 - 계 - 출하량,Statistics,1.0,37.0,8.8,,,7.35,11.9,30.8,26.9,58.58
수성구 - 무항생제축산물 - 건수,Statistics,1.0,1.0,1.0,1.0,1.0,1.0,1.0,2.0,3.0,3.0
수성구 - 무항생제축산물 - 농가수,Statistics,1.0,1.0,1.0,1.0,1.0,1.0,1.0,2.0,3.0,3.0
수성구 - 무항생제축산물 - 출하량,Statistics,1.0,37.0,8.8,,,7.35,11.9,30.8,26.9,58.58
순창군 - 계 - 건수,Statistics,39.0,40.0,39.0,21.0,20.0,24.0,25.0,25.0,26.0,34.0
순창군 - 계 - 농가수,Statistics,56.0,58.0,62.0,37.0,20.0,24.0,25.0,25.0,26.0,34.0
순창군 - 계 - 출하량,Statistics,11508.0,10933.0,11643.9,6304.0,5219.32,5340.79,8083.46,7746.09,10127.99,17491.88
순창군 - 무항생제축산물 - 건수,Statistics,39.0,40.0,39.0,21.0,20.0,24.0,25.0,25.0,26.0,34.0
순창군 - 무항생제축산물 - 농가수,Statistics,56.0,58.0,62.0,37.0,20.0,24.0,25.0,25.0,26.0,34.0
순창군 - 무항생제축산물 - 출하량,Statistics,11508.0,10933.0,11643.9,6304.0,5219.32,5340.79,8083.46,7746.09,10127.99,17491.88
순천시 - 계 - 건수,Statistics,51.0,54.0,63.0,62.0,62.0,71.0,76.0,86.0,93.0,96.0
순천시 - 계 - 농가수,Statistics,70.0,75.0,84.0,82.0,81.0,89.0,94.0,103.0,111.0,118.0
순천시 - 계 - 출하량,Statistics,5042.0,5038.0,5770.0,9298.0,5776.0,9761.45,8272.88,9397.6,13163.16,15636.52
순천시 - 무항생제축산물 - 건수,Statistics,51.0,54.0,63.0,62.0,62.0,71.0,76.0,86.0,93.0,96.0
순천시 - 무항생제축산물 - 농가수,Statistics,70.0,75.0,84.0,82.0,81.0,89.0,94.0,103.0,111.0,118.0
순천시 - 무항생제축산물 - 출하량,Statistics,5042.0,5038.0,5770.0,9298.0,5776.0,9761.45,8272.88,9397.6,13163.16,15636.52
시흥시 - 계 - 건수,Statistics,1.0,5.0,6.0,,,,,,,
시흥시 - 계 - 농가수,Statistics,1.0,5.0,6.0,,,,,,,
시흥시 - 계 - 출하량,Statistics,,1.0,1.7,,,,,,,
시흥시 - 무항생제축산물 - 건수,Statistics,1.0,5.0,6.0,,,,,,,
시흥시 - 무항생제축산물 - 농가수,Statistics,1.0,5.0,6.0,,,,,,,
시흥시 - 무항생제축산물 - 출하량,Statistics,,1.0,1.7,,,,,,,
신안군 - 계 - 건수,Statistics,72.0,80.0,92.0,90.0,101.0,88.0,92.0,100.0,98.0,97.0
신안군 - 계 - 농가수,Statistics,72.0,80.0,92.0,90.0,101.0,88.0,92.0,100.0,98.0,97.0
신안군 - 계 - 출하량,Statistics,642.0,1214.0,1431.7,1393.0,3013.13,3429.69,6241.66,5251.34,4957.98,4912.9
신안군 - 무항생제축산물 - 건수,Statistics,72.0,80.0,92.0,90.0,101.0,88.0,92.0,100.0,98.0,97.0
신안군 - 무항생제축산물 - 농가수,Statistics,72.0,80.0,92.0,90.0,101.0,88.0,92.0,100.0,98.0,97.0
신안군 - 무항생제축산물 - 출하량,Statistics,642.0,1214.0,1431.7,1393.0,3013.13,3429.69,6241.66,5251.34,4957.98,4912.9
아산시 - 계 - 건수,Statistics,67.0,64.0,64.0,50.0,42.0,52.0,58.0,58.0,62.0,64.0
아산시 - 계 - 농가수,Statistics,67.0,64.0,64.0,50.0,42.0,52.0,58.0,58.0,62.0,64.0
아산시 - 계 - 출하량,Statistics,12634.0,14185.0,9672.1,7945.0,7613.32,9906.78,9980.69,18947.22,20688.25,19267.95
아산시 - 무항생제축산물 - 건수,Statistics,62.0,57.0,58.0,44.0,35.0,44.0,49.0,50.0,55.0,56.0
아산시 - 무항생제축산물 - 농가수,Statistics,62.0,57.0,58.0,44.0,35.0,44.0,49.0,50.0,55.0,56.0
아산시 - 무항생제축산물 - 출하량,Statistics,12588.0,13986.0,9610.8,7870.0,7541.31,9803.8,9666.25,18668.56,20425.46,18886.5
아산시 - 유기축산물 - 건수,Statistics,5.0,7.0,6.0,6.0,7.0,8.0,9.0,8.0,7.0,8.0
아산시 - 유기축산물 - 농가수,Statistics,5.0,7.0,6.0,6.0,7.0,8.0,9.0,8.0,7.0,8.0
아산시 - 유기축산물 - 출하량,Statistics,46.0,199.0,61.3,75.0,72.0,102.98,314.44,278.65,262.79,381.45
안동시 - 계 - 건수,Statistics,69.0,68.0,63.0,47.0,40.0,43.0,58.0,68.0,68.0,92.0
안동시 - 계 - 농가수,Statistics,69.0,87.0,82.0,63.0,53.0,56.0,70.0,80.0,80.0,105.0
안동시 - 계 - 출하량,Statistics,6574.0,7338.0,8063.7,5970.0,3615.23,5466.31,7549.68,12857.43,17053.25,18205.05
안동시 - 무항생제축산물 - 건수,Statistics,69.0,68.0,63.0,47.0,40.0,43.0,58.0,68.0,68.0,92.0
안동시 - 무항생제축산물 - 농가수,Statistics,69.0,87.0,82.0,63.0,53.0,56.0,70.0,80.0,80.0,105.0
안동시 - 무항생제축산물 - 출하량,Statistics,6574.0,7338.0,8063.7,5970.0,3615.23,5466.31,7549.68,12857.43,17053.25,18205.05
안산시 - 계 - 건수,Statistics,8.0,8.0,12.0,10.0,11.0,10.0,11.0,12.0,12.0,10.0
안산시 - 계 - 농가수,Statistics,8.0,8.0,12.0,10.0,11.0,10.0,11.0,12.0,12.0,10.0
안산시 - 계 - 출하량,Statistics,4.0,18.0,16.8,37.0,19.75,27.2,0.73,83.21,77.0,144.9
안산시 - 무항생제축산물 - 건수,Statistics,8.0,8.0,12.0,10.0,11.0,10.0,11.0,12.0,12.0,10.0
안산시 - 무항생제축산물 - 농가수,Statistics,8.0,8.0,12.0,10.0,11.0,10.0,11.0,12.0,12.0,10.0
안산시 - 무항생제축산물 - 출하량,Statistics,4.0,18.0,16.8,37.0,19.75,27.2,0.73,83.21,77.0,144.9
안성시 - 계 - 건수,Statistics,273.0,259.0,238.0,217.0,234.0,258.0,265.0,265.0,281.0,269.0
안성시 - 계 - 농가수,Statistics,273.0,259.0,238.0,217.0,234.0,258.0,265.0,265.0,281.0,269.0
안성시 - 계 - 출하량,Statistics,19427.0,37667.0,28484.5,29374.0,28396.63,33944.37,32150.71,42615.51,46613.02,49441.74
안성시 - 무항생제축산물 - 건수,Statistics,267.0,252.0,232.0,210.0,228.0,252.0,259.0,259.0,277.0,265.0
안성시 - 무항생제축산물 - 농가수,Statistics,267.0,252.0,232.0,210.0,228.0,252.0,259.0,259.0,277.0,265.0
안성시 - 무항생제축산물 - 출하량,Statistics,18177.0,35691.0,24314.0,27443.0,26259.35,31983.93,29898.25,40125.03,45008.77,47942.28
안성시 - 유기축산물 - 건수,Statistics,6.0,7.0,6.0,7.0,6.0,6.0,6.0,6.0,4.0,4.0
안성시 - 유기축산물 - 농가수,Statistics,6.0,7.0,6.0,7.0,6.0,6.0,6.0,6.0,4.0,4.0
안성시 - 유기축산물 - 출하량,Statistics,1250.0,1976.0,4170.5,1931.0,2137.28,1960.43,2252.45,2490.48,1604.25,1499.45
안양시 - 계 - 건수,Statistics,1.0,3.0,3.0,3.0,4.0,2.0,2.0,1.0,2.0,2.0
안양시 - 계 - 농가수,Statistics,1.0,3.0,3.0,3.0,4.0,2.0,2.0,1.0,2.0,2.0
안양시 - 계 - 출하량,Statistics,,39.0,46.6,1.0,125.44,22.05,,0.98,3.5,366.8
안양시 - 무항생제축산물 - 건수,Statistics,1.0,3.0,3.0,3.0,4.0,2.0,2.0,1.0,2.0,2.0
안양시 - 무항생제축산물 - 농가수,Statistics,1.0,3.0,3.0,3.0,4.0,2.0,2.0,1.0,2.0,2.0
안양시 - 무항생제축산물 - 출하량,Statistics,,39.0,46.6,1.0,125.44,22.05,,0.98,3.5,366.8
양구군 - 계 - 건수,Statistics,21.0,11.0,6.0,7.0,9.0,7.0,14.0,14.0,14.0,14.0
양구군 - 계 - 농가수,Statistics,21.0,11.0,6.0,7.0,9.0,7.0,14.0,14.0,14.0,14.0
양구군 - 계 - 출하량,Statistics,2792.0,1582.0,162884.0,1340.0,1146.74,430.58,1220.62,1131.76,1083.92,1493.99
양구군 - 무항생제축산물 - 건수,Statistics,19.0,9.0,4.0,6.0,8.0,6.0,13.0,13.0,13.0,14.0
양구군 - 무항생제축산물 - 농가수,Statistics,19.0,9.0,4.0,6.0,8.0,6.0,13.0,13.0,13.0,14.0
양구군 - 무항생제축산물 - 출하량,Statistics,2716.0,1428.0,162630.8,1101.0,935.21,430.58,1078.47,1011.12,920.72,1493.99
양구군 - 유기축산물 - 건수,Statistics,2.0,2.0,2.0,1.0,1.0,1.0,1.0,1.0,1.0,
양구군 - 유기축산물 - 농가수,Statistics,2.0,2.0,2.0,1.0,1.0,1.0,1.0,1.0,1.0,
양구군 - 유기축산물 - 출하량,Statistics,76.0,154.0,253.2,239.0,211.53,,142.16,120.64,163.2,
양산시 - 계 - 건수,Statistics,20.0,16.0,17.0,8.0,5.0,4.0,4.0,3.0,5.0,5.0
양산시 - 계 - 농가수,Statistics,23.0,16.0,17.0,8.0,5.0,4.0,4.0,3.0,5.0,5.0
양산시 - 계 - 출하량,Statistics,9997.0,2187.0,8606.3,1639.0,2670.13,2783.65,500.0,1865.16,2683.91,3018.3
양산시 - 무항생제축산물 - 건수,Statistics,20.0,16.0,17.0,8.0,5.0,4.0,4.0,3.0,5.0,5.0
양산시 - 무항생제축산물 - 농가수,Statistics,23.0,16.0,17.0,8.0,5.0,4.0,4.0,3.0,5.0,5.0
양산시 - 무항생제축산물 - 출하량,Statistics,9997.0,2187.0,8606.3,1639.0,2670.13,2783.65,500.0,1865.16,2683.91,3018.3
양양군 - 계 - 건수,Statistics,7.0,11.0,6.0,6.0,5.0,4.0,5.0,7.0,4.0,4.0
양양군 - 계 - 농가수,Statistics,7.0,11.0,6.0,6.0,5.0,4.0,5.0,7.0,4.0,4.0
양양군 - 계 - 출하량,Statistics,65.0,623.0,380.2,686.0,409.84,712.99,857.17,818.41,127.38,197.18
양양군 - 무항생제축산물 - 건수,Statistics,7.0,11.0,6.0,6.0,5.0,4.0,5.0,7.0,4.0,4.0
양양군 - 무항생제축산물 - 농가수,Statistics,7.0,11.0,6.0,6.0,5.0,4.0,5.0,7.0,4.0,4.0
양양군 - 무항생제축산물 - 출하량,Statistics,65.0,623.0,380.2,686.0,409.84,712.99,857.17,818.41,127.38,197.18
양주시 - 계 - 건수,Statistics,67.0,81.0,79.0,63.0,70.0,73.0,72.0,65.0,63.0,60.0
양주시 - 계 - 농가수,Statistics,67.0,81.0,79.0,63.0,70.0,73.0,72.0,65.0,63.0,60.0
양주시 - 계 - 출하량,Statistics,315.0,4852.0,2849.0,2918.0,2410.03,3145.74,2550.72,5262.94,3628.55,5726.05
양주시 - 무항생제축산물 - 건수,Statistics,67.0,81.0,79.0,63.0,70.0,73.0,72.0,65.0,63.0,60.0
양주시 - 무항생제축산물 - 농가수,Statistics,67.0,81.0,79.0,63.0,70.0,73.0,72.0,65.0,63.0,60.0
양주시 - 무항생제축산물 - 출하량,Statistics,315.0,4852.0,2849.0,2918.0,2410.03,3145.74,2550.72,5262.94,3628.55,5726.05
양평군 - 계 - 건수,Statistics,44.0,39.0,109.0,104.0,96.0,98.0,108.0,102.0,98.0,94.0
양평군 - 계 - 농가수,Statistics,121.0,114.0,109.0,104.0,96.0,98.0,108.0,102.0,98.0,94.0
양평군 - 계 - 출하량,Statistics,5955.0,6633.0,5824.0,6137.0,3542.25,5968.67,9657.07,18223.35,14903.31,14400.9
양평군 - 무항생제축산물 - 건수,Statistics,44.0,39.0,109.0,104.0,96.0,98.0,108.0,102.0,98.0,94.0
양평군 - 무항생제축산물 - 농가수,Statistics,121.0,114.0,109.0,104.0,96.0,98.0,108.0,102.0,98.0,94.0
양평군 - 무항생제축산물 - 출하량,Statistics,5955.0,6633.0,5824.0,6137.0,3542.25,5968.67,9657.07,18223.35,14903.31,14400.9
여수시 - 계 - 건수,Statistics,15.0,14.0,12.0,11.0,14.0,12.0,13.0,15.0,14.0,15.0
여수시 - 계 - 농가수,Statistics,16.0,15.0,13.0,11.0,14.0,12.0,13.0,15.0,14.0,15.0
여수시 - 계 - 출하량,Statistics,2624.0,3039.0,1859.5,1992.0,2573.28,2898.09,2139.6,3027.88,3285.1,4569.86
여수시 - 무항생제축산물 - 건수,Statistics,15.0,14.0,12.0,11.0,14.0,12.0,13.0,15.0,14.0,15.0
여수시 - 무항생제축산물 - 농가수,Statistics,16.0,15.0,13.0,11.0,14.0,12.0,13.0,15.0,14.0,15.0
여수시 - 무항생제축산물 - 출하량,Statistics,2624.0,3039.0,1859.5,1992.0,2573.28,2898.09,2139.6,3027.88,3285.1,4569.86
여주시 - 계 - 건수,Statistics,101.0,105.0,111.0,96.0,98.0,102.0,98.0,101.0,100.0,105.0
여주시 - 계 - 농가수,Statistics,101.0,105.0,111.0,96.0,98.0,102.0,98.0,101.0,100.0,105.0
여주시 - 계 - 출하량,Statistics,19345.0,17218.0,18506.7,26441.0,23887.33,21437.38,19022.96,33760.64,34273.64,34933.64
여주시 - 무항생제축산물 - 건수,Statistics,100.0,104.0,110.0,95.0,98.0,102.0,98.0,101.0,100.0,105.0
여주시 - 무항생제축산물 - 농가수,Statistics,100.0,104.0,110.0,95.0,98.0,102.0,98.0,101.0,100.0,105.0
여주시 - 무항생제축산물 - 출하량,Statistics,19281.0,17164.0,18457.7,26397.0,23887.33,21437.38,19022.96,33760.64,34273.64,34933.64
여주시 - 유기축산물 - 건수,Statistics,1.0,1.0,1.0,1.0,,,,,,
여주시 - 유기축산물 - 농가수,Statistics,1.0,1.0,1.0,1.0,,,,,,
여주시 - 유기축산물 - 출하량,Statistics,64.0,54.0,49.0,44.0,,,,,,
연천군 - 계 - 건수,Statistics,93.0,97.0,93.0,74.0,72.0,72.0,81.0,87.0,88.0,91.0
연천군 - 계 - 농가수,Statistics,93.0,97.0,93.0,74.0,72.0,72.0,81.0,87.0,88.0,91.0
연천군 - 계 - 출하량,Statistics,20218.0,23929.0,14425.4,13881.0,12718.34,14355.15,13402.45,30975.93,31939.5,33291.33
연천군 - 무항생제축산물 - 건수,Statistics,93.0,97.0,93.0,74.0,72.0,72.0,81.0,87.0,88.0,91.0
연천군 - 무항생제축산물 - 농가수,Statistics,93.0,97.0,93.0,74.0,72.0,72.0,81.0,87.0,88.0,91.0
연천군 - 무항생제축산물 - 출하량,Statistics,20218.0,23929.0,14425.4,13881.0,12718.34,14355.15,13402.45,30975.93,31939.5,33291.33
영광군 - 계 - 건수,Statistics,80.0,74.0,76.0,66.0,67.0,76.0,75.0,80.0,86.0,91.0
영광군 - 계 - 농가수,Statistics,80.0,74.0,76.0,66.0,67.0,76.0,75.0,80.0,86.0,91.0
영광군 - 계 - 출하량,Statistics,9329.0,11762.0,11378.7,7851.0,13513.81,17074.68,25827.44,28443.72,32947.49,33721.21
영광군 - 무항생제축산물 - 건수,Statistics,80.0,74.0,76.0,65.0,66.0,75.0,74.0,79.0,85.0,90.0
영광군 - 무항생제축산물 - 농가수,Statistics,80.0,74.0,76.0,65.0,66.0,75.0,74.0,79.0,85.0,90.0
영광군 - 무항생제축산물 - 출하량,Statistics,9329.0,11762.0,11378.7,7000.0,12227.32,15637.46,24326.69,26945.31,31507.84,32355.89
영광군 - 유기축산물 - 건수,Statistics,,,,1.0,1.0,1.0,1.0,1.0,1.0,1.0
영광군 - 유기축산물 - 농가수,Statistics,,,,1.0,1.0,1.0,1.0,1.0,1.0,1.0
영광군 - 유기축산물 - 출하량,Statistics,,,,851.0,1286.49,1437.22,1500.75,1498.41,1439.65,1365.32
영덕군 - 계 - 건수,Statistics,3.0,1.0,1.0,,,,,,,
영덕군 - 계 - 농가수,Statistics,3.0,1.0,1.0,,,,,,,
영덕군 - 계 - 출하량,Statistics,869.0,,60.5,,,,,,,
영덕군 - 무항생제축산물 - 건수,Statistics,3.0,1.0,1.0,,,,,,,
영덕군 - 무항생제축산물 - 농가수,Statistics,3.0,1.0,1.0,,,,,,,
영덕군 - 무항생제축산물 - 출하량,Statistics,869.0,,60.5,,,,,,,
영동군 - 계 - 건수,Statistics,14.0,12.0,11.0,8.0,7.0,9.0,12.0,10.0,11.0,12.0
영동군 - 계 - 농가수,Statistics,14.0,12.0,11.0,8.0,7.0,9.0,12.0,10.0,11.0,12.0
영동군 - 계 - 출하량,Statistics,2402.0,2315.0,2063.8,2603.0,2397.9,3132.71,2841.33,3761.06,4616.48,6513.42
영동군 - 무항생제축산물 - 건수,Statistics,14.0,12.0,11.0,8.0,7.0,8.0,10.0,8.0,10.0,11.0
영동군 - 무항생제축산물 - 농가수,Statistics,14.0,12.0,11.0,8.0,7.0,8.0,10.0,8.0,10.0,11.0
영동군 - 무항생제축산물 - 출하량,Statistics,2402.0,2315.0,2063.8,2603.0,2397.9,3032.71,2720.43,3608.83,4566.48,6457.53
영동군 - 유기축산물 - 건수,Statistics,,,,,,1.0,2.0,2.0,1.0,1.0
영동군 - 유기축산물 - 농가수,Statistics,,,,,,1.0,2.0,2.0,1.0,1.0
영동군 - 유기축산물 - 출하량,Statistics,,,,,,100.0,120.9,152.23,50.0,55.89
영암군 - 계 - 건수,Statistics,146.0,155.0,146.0,103.0,122.0,122.0,136.0,142.0,151.0,163.0
영암군 - 계 - 농가수,Statistics,146.0,155.0,146.0,103.0,122.0,122.0,136.0,142.0,151.0,163.0
영암군 - 계 - 출하량,Statistics,16689.0,12657.0,17795.1,15797.0,21359.99,21647.22,25788.81,33894.52,35608.92,44401.38
영암군 - 무항생제축산물 - 건수,Statistics,146.0,155.0,146.0,103.0,122.0,122.0,136.0,142.0,151.0,163.0
영암군 - 무항생제축산물 - 농가수,Statistics,146.0,155.0,146.0,103.0,122.0,122.0,136.0,142.0,151.0,163.0
영암군 - 무항생제축산물 - 출하량,Statistics,16689.0,12657.0,17795.1,15797.0,21359.99,21647.22,25788.81,33894.52,35608.92,44401.38
영양군 - 계 - 건수,Statistics,1.0,1.0,2.0,,1.0,1.0,1.0,1.0,1.0,1.0
영양군 - 계 - 농가수,Statistics,1.0,1.0,2.0,,1.0,1.0,1.0,1.0,1.0,1.0
영양군 - 계 - 출하량,Statistics,1.0,104.0,58.7,,,65.0,77.23,74.9,79.98,90.66
영양군 - 무항생제축산물 - 건수,Statistics,1.0,1.0,2.0,,1.0,1.0,1.0,1.0,1.0,1.0
영양군 - 무항생제축산물 - 농가수,Statistics,1.0,1.0,2.0,,1.0,1.0,1.0,1.0,1.0,1.0
영양군 - 무항생제축산물 - 출하량,Statistics,1.0,104.0,58.7,,,65.0,77.23,74.9,79.98,90.66
영월군 - 계 - 건수,Statistics,5.0,5.0,4.0,10.0,12.0,13.0,16.0,36.0,52.0,55.0
영월군 - 계 - 농가수,Statistics,5.0,5.0,4.0,10.0,12.0,13.0,16.0,36.0,52.0,55.0
영월군 - 계 - 출하량,Statistics,138.0,356.0,107.2,330.0,163.1,204.19,1911.62,2528.03,1093.7,2762.93
영월군 - 무항생제축산물 - 건수,Statistics,5.0,5.0,4.0,10.0,12.0,13.0,16.0,36.0,52.0,54.0
영월군 - 무항생제축산물 - 농가수,Statistics,5.0,5.0,4.0,10.0,12.0,13.0,16.0,36.0,52.0,54.0
영월군 - 무항생제축산물 - 출하량,Statistics,138.0,356.0,107.2,330.0,163.1,204.19,1911.62,2528.03,1093.7,2755.64
영월군 - 유기축산물 - 건수,Statistics,,,,,,,,,,1.0
영월군 - 유기축산물 - 농가수,Statistics,,,,,,,,,,1.0
영월군 - 유기축산물 - 출하량,Statistics,,,,,,,,,,7.3
영주시 - 계 - 건수,Statistics,49.0,48.0,46.0,27.0,28.0,34.0,43.0,54.0,63.0,74.0
영주시 - 계 - 농가수,Statistics,83.0,83.0,79.0,50.0,40.0,44.0,43.0,54.0,63.0,74.0
영주시 - 계 - 출하량,Statistics,20847.0,19947.0,111072.7,25632.0,17357.56,20120.13,18058.55,30288.25,39937.32,34579.83
영주시 - 무항생제축산물 - 건수,Statistics,49.0,48.0,46.0,27.0,28.0,34.0,43.0,54.0,63.0,74.0
영주시 - 무항생제축산물 - 농가수,Statistics,83.0,83.0,79.0,50.0,40.0,44.0,43.0,54.0,63.0,74.0
영주시 - 무항생제축산물 - 출하량,Statistics,20847.0,19947.0,111072.7,25632.0,17357.56,20120.13,18058.55,30288.25,39937.32,34579.83
영천시 - 계 - 건수,Statistics,41.0,55.0,67.0,41.0,34.0,34.0,34.0,31.0,37.0,43.0
영천시 - 계 - 농가수,Statistics,64.0,62.0,67.0,41.0,34.0,34.0,34.0,31.0,37.0,43.0
영천시 - 계 - 출하량,Statistics,17686.0,15158.0,19935.6,12131.0,31943.97,25505.61,23057.4,28360.91,23607.23,24533.0
영천시 - 무항생제축산물 - 건수,Statistics,41.0,55.0,67.0,41.0,34.0,34.0,34.0,31.0,37.0,43.0
영천시 - 무항생제축산물 - 농가수,Statistics,64.0,62.0,67.0,41.0,34.0,34.0,34.0,31.0,37.0,43.0
영천시 - 무항생제축산물 - 출하량,Statistics,17686.0,15158.0,19935.6,12131.0,31943.97,25505.61,23057.4,28360.91,23607.23,24533.0
예산군 - 계 - 건수,Statistics,60.0,60.0,64.0,48.0,49.0,52.0,53.0,49.0,52.0,53.0
예산군 - 계 - 농가수,Statistics,60.0,60.0,64.0,48.0,49.0,52.0,53.0,49.0,52.0,53.0
예산군 - 계 - 출하량,Statistics,8223.0,5405.0,12284.3,8302.0,11362.64,5068.86,16734.79,20930.93,31829.35,33086.48
예산군 - 무항생제축산물 - 건수,Statistics,59.0,59.0,63.0,47.0,49.0,51.0,52.0,48.0,51.0,53.0
예산군 - 무항생제축산물 - 농가수,Statistics,59.0,59.0,63.0,47.0,49.0,51.0,52.0,48.0,51.0,53.0
예산군 - 무항생제축산물 - 출하량,Statistics,7986.0,5255.0,12120.9,8155.0,11362.64,5044.53,16715.26,20930.93,31772.55,33086.48
예산군 - 유기축산물 - 건수,Statistics,1.0,1.0,1.0,1.0,,1.0,1.0,1.0,1.0,
예산군 - 유기축산물 - 농가수,Statistics,1.0,1.0,1.0,1.0,,1.0,1.0,1.0,1.0,
예산군 - 유기축산물 - 출하량,Statistics,237.0,150.0,163.4,147.0,,24.33,19.53,,56.8,
예천군 - 계 - 건수,Statistics,13.0,20.0,17.0,14.0,10.0,16.0,20.0,20.0,21.0,23.0
예천군 - 계 - 농가수,Statistics,21.0,20.0,17.0,14.0,10.0,16.0,20.0,20.0,21.0,23.0
예천군 - 계 - 출하량,Statistics,790.0,3572.0,1367.7,1386.0,2070.51,7639.6,8905.35,9200.64,9287.07,11760.95
예천군 - 무항생제축산물 - 건수,Statistics,12.0,19.0,16.0,13.0,9.0,15.0,18.0,18.0,19.0,21.0
예천군 - 무항생제축산물 - 농가수,Statistics,20.0,19.0,16.0,13.0,9.0,15.0,18.0,18.0,19.0,21.0
예천군 - 무항생제축산물 - 출하량,Statistics,790.0,3572.0,1221.7,1276.0,1951.68,7485.53,8733.72,9147.33,9169.53,11664.14
예천군 - 유기축산물 - 건수,Statistics,1.0,1.0,1.0,1.0,1.0,1.0,2.0,2.0,2.0,2.0
예천군 - 유기축산물 - 농가수,Statistics,1.0,1.0,1.0,1.0,1.0,1.0,2.0,2.0,2.0,2.0
예천군 - 유기축산물 - 출하량,Statistics,,,146.0,110.0,118.83,154.07,171.63,53.31,117.54,96.8
오산시 - 계 - 건수,Statistics,5.0,5.0,4.0,4.0,1.0,1.0,1.0,1.0,1.0,2.0
오산시 - 계 - 농가수,Statistics,5.0,5.0,4.0,4.0,1.0,1.0,1.0,1.0,1.0,2.0
오산시 - 계 - 출하량,Statistics,146.0,176.0,232.5,30.0,23.4,,17.25,18.75,,343.25
오산시 - 무항생제축산물 - 건수,Statistics,5.0,5.0,4.0,4.0,1.0,1.0,1.0,1.0,1.0,2.0
오산시 - 무항생제축산물 - 농가수,Statistics,5.0,5.0,4.0,4.0,1.0,1.0,1.0,1.0,1.0,2.0
오산시 - 무항생제축산물 - 출하량,Statistics,146.0,176.0,232.5,30.0,23.4,,17.25,18.75,,343.25
옥천군 - 계 - 건수,Statistics,56.0,55.0,47.0,47.0,42.0,39.0,36.0,33.0,29.0,30.0
옥천군 - 계 - 농가수,Statistics,57.0,55.0,47.0,47.0,42.0,39.0,36.0,33.0,29.0,30.0
옥천군 - 계 - 출하량,Statistics,3148.0,7034.0,3879.8,7706.0,10426.77,7213.21,9497.51,8916.64,6696.08,4632.9
옥천군 - 무항생제축산물 - 건수,Statistics,56.0,55.0,47.0,47.0,42.0,39.0,36.0,33.0,29.0,30.0
옥천군 - 무항생제축산물 - 농가수,Statistics,57.0,55.0,47.0,47.0,42.0,39.0,36.0,33.0,29.0,30.0
옥천군 - 무항생제축산물 - 출하량,Statistics,3148.0,7034.0,3879.8,7706.0,10426.77,7213.21,9497.51,8916.64,6696.08,4632.9
완도군 - 계 - 건수,Statistics,30.0,42.0,35.0,36.0,51.0,50.0,54.0,50.0,45.0,43.0
완도군 - 계 - 농가수,Statistics,30.0,42.0,35.0,36.0,51.0,50.0,54.0,50.0,45.0,43.0
완도군 - 계 - 출하량,Statistics,116.0,5.0,24.7,22.0,54.78,128.2,163.45,280.52,438.4,435.15
완도군 - 무항생제축산물 - 건수,Statistics,30.0,42.0,35.0,36.0,51.0,50.0,54.0,50.0,45.0,43.0
완도군 - 무항생제축산물 - 농가수,Statistics,30.0,42.0,35.0,36.0,51.0,50.0,54.0,50.0,45.0,43.0
완도군 - 무항생제축산물 - 출하량,Statistics,116.0,5.0,24.7,22.0,54.78,128.2,163.45,280.52,438.4,435.15
완주군 - 계 - 건수,Statistics,53.0,48.0,51.0,86.0,75.0,78.0,83.0,90.0,87.0,84.0
완주군 - 계 - 농가수,Statistics,99.0,94.0,98.0,86.0,75.0,78.0,83.0,90.0,87.0,84.0
완주군 - 계 - 출하량,Statistics,2604.0,4107.0,4694.2,5114.0,4650.51,4789.61,5159.3,6767.67,6851.88,6836.03
완주군 - 무항생제축산물 - 건수,Statistics,52.0,47.0,50.0,85.0,74.0,77.0,82.0,89.0,86.0,83.0
완주군 - 무항생제축산물 - 농가수,Statistics,98.0,93.0,97.0,85.0,74.0,77.0,82.0,89.0,86.0,83.0
완주군 - 무항생제축산물 - 출하량,Statistics,2604.0,3368.0,4035.2,4522.0,4093.81,4335.15,4754.43,6359.73,6817.16,6351.8
완주군 - 유기축산물 - 건수,Statistics,1.0,1.0,1.0,1.0,1.0,1.0,1.0,1.0,1.0,1.0
완주군 - 유기축산물 - 농가수,Statistics,1.0,1.0,1.0,1.0,1.0,1.0,1.0,1.0,1.0,1.0
완주군 - 유기축산물 - 출하량,Statistics,,739.0,659.0,592.0,556.7,454.46,404.87,407.94,34.72,484.24
용인시 - 계 - 건수,Statistics,89.0,97.0,105.0,101.0,98.0,96.0,94.0,97.0,96.0,97.0
용인시 - 계 - 농가수,Statistics,89.0,97.0,105.0,101.0,98.0,96.0,94.0,97.0,96.0,97.0
용인시 - 계 - 출하량,Statistics,7590.0,8571.0,8160.8,13841.0,9083.67,9768.81,9029.64,14118.14,17895.31,20669.33
용인시 - 무항생제축산물 - 건수,Statistics,89.0,97.0,105.0,101.0,98.0,96.0,94.0,97.0,96.0,97.0
용인시 - 무항생제축산물 - 농가수,Statistics,89.0,97.0,105.0,101.0,98.0,96.0,94.0,97.0,96.0,97.0
용인시 - 무항생제축산물 - 출하량,Statistics,7590.0,8571.0,8160.8,13841.0,9083.67,9768.81,9029.64,14118.14,17895.31,20669.33
울산광역시 소계 - 계 - 건수,Statistics,18.0,17.0,45.0,17.0,16.0,36.0,48.0,53.0,54.0,55.0
울산광역시 소계 - 계 - 농가수,Statistics,70.0,74.0,56.0,17.0,16.0,36.0,48.0,53.0,54.0,55.0
울산광역시 소계 - 계 - 출하량,Statistics,4173.0,10097.0,2145.3,5903.0,874.6,3956.4,907.2,1191.84,1080.37,3340.04
울산광역시 소계 - 무항생제축산물 - 건수,Statistics,18.0,17.0,45.0,17.0,16.0,36.0,48.0,53.0,54.0,55.0
울산광역시 소계 - 무항생제축산물 - 농가수,Statistics,70.0,74.0,56.0,17.0,16.0,36.0,48.0,53.0,54.0,55.0
울산광역시 소계 - 무항생제축산물 - 출하량,Statistics,4173.0,10097.0,2145.3,5903.0,874.6,3956.4,907.2,1191.84,1080.37,3340.04
울주군 - 계 - 건수,Statistics,16.0,16.0,44.0,17.0,16.0,35.0,46.0,50.0,51.0,52.0
울주군 - 계 - 농가수,Statistics,68.0,73.0,55.0,17.0,16.0,35.0,46.0,50.0,51.0,52.0
울주군 - 계 - 출하량,Statistics,4153.0,10079.0,2113.3,5903.0,874.6,3956.4,897.6,1157.84,1067.96,3306.04
울주군 - 무항생제축산물 - 건수,Statistics,16.0,16.0,44.0,17.0,16.0,35.0,46.0,50.0,51.0,52.0
울주군 - 무항생제축산물 - 농가수,Statistics,68.0,73.0,55.0,17.0,16.0,35.0,46.0,50.0,51.0,52.0
울주군 - 무항생제축산물 - 출하량,Statistics,4153.0,10079.0,2113.3,5903.0,874.6,3956.4,897.6,1157.84,1067.96,3306.04
울진군 - 계 - 건수,Statistics,3.0,3.0,3.0,1.0,1.0,,,,,
울진군 - 계 - 농가수,Statistics,3.0,3.0,3.0,1.0,1.0,,,,,
울진군 - 계 - 출하량,Statistics,94.0,116.0,109.3,4.0,1.1,,,,,
울진군 - 무항생제축산물 - 건수,Statistics,3.0,3.0,3.0,1.0,1.0,,,,,
울진군 - 무항생제축산물 - 농가수,Statistics,3.0,3.0,3.0,1.0,1.0,,,,,
울진군 - 무항생제축산물 - 출하량,Statistics,94.0,116.0,109.3,4.0,1.1,,,,,
원주시 - 계 - 건수,Statistics,28.0,47.0,41.0,24.0,24.0,16.0,18.0,13.0,15.0,30.0
원주시 - 계 - 농가수,Statistics,28.0,47.0,41.0,24.0,24.0,16.0,18.0,13.0,15.0,30.0
원주시 - 계 - 출하량,Statistics,4520.0,10349.0,12662.4,4153.0,8048.44,6964.81,2646.06,4363.13,5727.98,4061.01
원주시 - 무항생제축산물 - 건수,Statistics,27.0,46.0,40.0,23.0,23.0,15.0,17.0,13.0,15.0,30.0
원주시 - 무항생제축산물 - 농가수,Statistics,27.0,46.0,40.0,23.0,23.0,15.0,17.0,13.0,15.0,30.0
원주시 - 무항생제축산물 - 출하량,Statistics,4050.0,9835.0,12005.0,3603.0,7574.71,6479.13,2146.34,4363.13,5727.98,4061.01
원주시 - 유기축산물 - 건수,Statistics,1.0,1.0,1.0,1.0,1.0,1.0,1.0,,,
원주시 - 유기축산물 - 농가수,Statistics,1.0,1.0,1.0,1.0,1.0,1.0,1.0,,,
원주시 - 유기축산물 - 출하량,Statistics,470.0,514.0,657.4,550.0,473.73,485.68,499.71,,,
유성구 - 계 - 건수,Statistics,,1.0,,,,,,1.0,1.0,1.0
유성구 - 계 - 농가수,Statistics,,1.0,,,,,,1.0,1.0,1.0
유성구 - 계 - 출하량,Statistics,,,,,,,,14.95,5.3,21.4
유성구 - 무항생제축산물 - 건수,Statistics,,1.0,,,,,,1.0,1.0,1.0
유성구 - 무항생제축산물 - 농가수,Statistics,,1.0,,,,,,1.0,1.0,1.0
유성구 - 무항생제축산물 - 출하량,Statistics,,,,,,,,14.95,5.3,21.4
은평구 - 계 - 건수,Statistics,1.0,1.0,,,,,,,,
은평구 - 계 - 농가수,Statistics,1.0,1.0,,,,,,,,
은평구 - 무항생제축산물 - 건수,Statistics,1.0,1.0,,,,,,,,
은평구 - 무항생제축산물 - 농가수,Statistics,1.0,1.0,,,,,,,,
음성군 - 계 - 건수,Statistics,68.0,67.0,49.0,38.0,35.0,33.0,44.0,44.0,53.0,55.0
음성군 - 계 - 농가수,Statistics,70.0,68.0,50.0,38.0,35.0,33.0,44.0,44.0,53.0,55.0
음성군 - 계 - 출하량,Statistics,13773.0,16329.0,15575.2,10015.0,16769.84,14935.33,15225.77,22409.12,24737.47,24605.57
음성군 - 무항생제축산물 - 건수,Statistics,67.0,65.0,49.0,37.0,34.0,32.0,43.0,43.0,52.0,55.0
음성군 - 무항생제축산물 - 농가수,Statistics,69.0,66.0,50.0,37.0,34.0,32.0,43.0,43.0,52.0,55.0
음성군 - 무항생제축산물 - 출하량,Statistics,13773.0,16329.0,15575.2,10010.0,16634.84,14847.73,15137.21,22396.94,24737.47,24605.57
음성군 - 유기축산물 - 건수,Statistics,1.0,2.0,,1.0,1.0,1.0,1.0,1.0,1.0,
음성군 - 유기축산물 - 농가수,Statistics,1.0,2.0,,1.0,1.0,1.0,1.0,1.0,1.0,
음성군 - 유기축산물 - 출하량,Statistics,,,,5.0,135.0,87.6,88.56,12.18,,
의령군 - 계 - 건수,Statistics,41.0,23.0,20.0,37.0,35.0,28.0,25.0,23.0,24.0,24.0
의령군 - 계 - 농가수,Statistics,58.0,127.0,63.0,37.0,35.0,28.0,25.0,23.0,24.0,24.0
의령군 - 계 - 출하량,Statistics,3246.0,4880.0,6180.9,9361.0,8024.9,3497.19,13416.86,4125.06,7067.53,7937.82
의령군 - 무항생제축산물 - 건수,Statistics,41.0,23.0,20.0,37.0,35.0,28.0,25.0,23.0,24.0,24.0
의령군 - 무항생제축산물 - 농가수,Statistics,58.0,127.0,63.0,37.0,35.0,28.0,25.0,23.0,24.0,24.0
의령군 - 무항생제축산물 - 출하량,Statistics,3246.0,4880.0,6180.9,9361.0,8024.9,3497.19,13416.86,4125.06,7067.53,7937.82
의성군 - 계 - 건수,Statistics,28.0,28.0,30.0,21.0,26.0,28.0,34.0,35.0,36.0,38.0
의성군 - 계 - 농가수,Statistics,68.0,72.0,73.0,63.0,63.0,59.0,61.0,58.0,54.0,54.0
의성군 - 계 - 출하량,Statistics,14847.0,15002.0,15937.0,3845.0,3235.82,6656.87,9581.84,15435.16,15709.55,14678.0
의성군 - 무항생제축산물 - 건수,Statistics,27.0,27.0,29.0,20.0,25.0,27.0,33.0,34.0,35.0,37.0
의성군 - 무항생제축산물 - 농가수,Statistics,67.0,71.0,72.0,62.0,62.0,58.0,60.0,57.0,53.0,53.0
의성군 - 무항생제축산물 - 출하량,Statistics,14762.0,14910.0,15852.3,3730.0,3132.54,6556.87,9488.59,15316.06,15630.57,14612.95
의성군 - 유기축산물 - 건수,Statistics,1.0,1.0,1.0,1.0,1.0,1.0,1.0,1.0,1.0,1.0
의성군 - 유기축산물 - 농가수,Statistics,1.0,1.0,1.0,1.0,1.0,1.0,1.0,1.0,1.0,1.0
의성군 - 유기축산물 - 출하량,Statistics,85.0,92.0,84.7,115.0,103.28,100.0,93.25,119.11,78.98,65.05
의왕시 - 계 - 건수,Statistics,2.0,3.0,2.0,1.0,2.0,1.0,1.0,1.0,1.0,1.0
의왕시 - 계 - 농가수,Statistics,2.0,3.0,2.0,1.0,2.0,1.0,1.0,1.0,1.0,1.0
의왕시 - 계 - 출하량,Statistics,9.0,24.0,13.8,1.0,4.17,4.41,,4.9,21.7,9.1
의왕시 - 무항생제축산물 - 건수,Statistics,2.0,3.0,2.0,1.0,2.0,1.0,1.0,1.0,1.0,1.0
의왕시 - 무항생제축산물 - 농가수,Statistics,2.0,3.0,2.0,1.0,2.0,1.0,1.0,1.0,1.0,1.0
의왕시 - 무항생제축산물 - 출하량,Statistics,9.0,24.0,13.8,1.0,4.17,4.41,,4.9,21.7,9.1
의정부시 - 계 - 건수,Statistics,1.0,3.0,2.0,1.0,1.0,,,,,
의정부시 - 계 - 농가수,Statistics,1.0,3.0,2.0,1.0,1.0,,,,,
의정부시 - 계 - 출하량,Statistics,,1.0,,3.0,,,,,,
의정부시 - 무항생제축산물 - 건수,Statistics,1.0,3.0,2.0,1.0,1.0,,,,,
의정부시 - 무항생제축산물 - 농가수,Statistics,1.0,3.0,2.0,1.0,1.0,,,,,
의정부시 - 무항생제축산물 - 출하량,Statistics,,1.0,,3.0,,,,,,
이천시 - 계 - 건수,Statistics,163.0,194.0,183.0,152.0,142.0,145.0,146.0,142.0,139.0,136.0
이천시 - 계 - 농가수,Statistics,163.0,194.0,183.0,152.0,142.0,145.0,146.0,142.0,139.0,136.0
이천시 - 계 - 출하량,Statistics,15283.0,14269.0,11932.0,15512.0,21149.41,19911.13,14586.24,26645.23,30744.46,26377.95
이천시 - 무항생제축산물 - 건수,Statistics,163.0,194.0,183.0,152.0,142.0,145.0,145.0,142.0,139.0,136.0
이천시 - 무항생제축산물 - 농가수,Statistics,163.0,194.0,183.0,152.0,142.0,145.0,145.0,142.0,139.0,136.0
이천시 - 무항생제축산물 - 출하량,Statistics,15283.0,14269.0,11932.0,15512.0,21149.41,19911.13,14564.69,26645.23,30744.46,26377.95
이천시 - 유기축산물 - 건수,Statistics,,,,,,,1.0,,,
이천시 - 유기축산물 - 농가수,Statistics,,,,,,,1.0,,,
이천시 - 유기축산물 - 출하량,Statistics,,,,,,,21.55,,,
익산시 - 계 - 건수,Statistics,25.0,31.0,37.0,27.0,25.0,32.0,34.0,39.0,43.0,45.0
익산시 - 계 - 농가수,Statistics,25.0,31.0,37.0,27.0,25.0,32.0,34.0,39.0,43.0,45.0
익산시 - 계 - 출하량,Statistics,2840.0,4839.0,3781.3,4158.0,4289.83,17766.62,10834.24,20018.11,25155.04,27225.69
익산시 - 무항생제축산물 - 건수,Statistics,25.0,31.0,37.0,27.0,25.0,32.0,34.0,39.0,43.0,45.0
익산시 - 무항생제축산물 - 농가수,Statistics,25.0,31.0,37.0,27.0,25.0,32.0,34.0,39.0,43.0,45.0
익산시 - 무항생제축산물 - 출하량,Statistics,2840.0,4839.0,3781.3,4158.0,4289.83,17766.62,10834.24,20018.11,25155.04,27225.69
인제군 - 계 - 건수,Statistics,1.0,1.0,1.0,,,,,,,2.0
인제군 - 계 - 농가수,Statistics,1.0,1.0,1.0,,,,,,,2.0
인제군 - 계 - 출하량,Statistics,,,139.6,,,,,,,1483.83
인제군 - 무항생제축산물 - 건수,Statistics,1.0,1.0,1.0,,,,,,,2.0
인제군 - 무항생제축산물 - 농가수,Statistics,1.0,1.0,1.0,,,,,,,2.0
인제군 - 무항생제축산물 - 출하량,Statistics,,,139.6,,,,,,,1483.83
인천광역시 소계 - 계 - 건수,Statistics,45.0,41.0,35.0,21.0,14.0,15.0,11.0,6.0,8.0,9.0
인천광역시 소계 - 계 - 농가수,Statistics,45.0,41.0,35.0,21.0,14.0,15.0,11.0,6.0,8.0,9.0
인천광역시 소계 - 계 - 출하량,Statistics,955.0,1479.0,1150.8,972.0,863.88,263.97,204.25,1223.67,1222.71,652.06
인천광역시 소계 - 무항생제축산물 - 건수,Statistics,45.0,41.0,35.0,21.0,14.0,15.0,11.0,6.0,8.0,9.0
인천광역시 소계 - 무항생제축산물 - 농가수,Statistics,45.0,41.0,35.0,21.0,14.0,15.0,11.0,6.0,8.0,9.0
인천광역시 소계 - 무항생제축산물 - 출하량,Statistics,955.0,1479.0,1150.8,972.0,863.88,263.97,204.25,1223.67,1222.71,652.06
임실군 - 계 - 건수,Statistics,49.0,49.0,46.0,35.0,32.0,31.0,30.0,28.0,29.0,29.0
임실군 - 계 - 농가수,Statistics,49.0,49.0,46.0,35.0,32.0,31.0,30.0,28.0,29.0,29.0
임실군 - 계 - 출하량,Statistics,14491.0,12391.0,17215.7,10566.0,11480.4,11290.34,14620.1,9985.62,14229.41,15155.79
임실군 - 무항생제축산물 - 건수,Statistics,48.0,49.0,46.0,35.0,32.0,31.0,29.0,27.0,29.0,28.0
임실군 - 무항생제축산물 - 농가수,Statistics,48.0,49.0,46.0,35.0,32.0,31.0,29.0,27.0,29.0,28.0
임실군 - 무항생제축산물 - 출하량,Statistics,14450.0,12391.0,17215.7,10566.0,11480.4,11290.34,14523.24,9890.62,14229.41,15155.79
임실군 - 유기축산물 - 건수,Statistics,1.0,,,,,,1.0,1.0,,1.0
임실군 - 유기축산물 - 농가수,Statistics,1.0,,,,,,1.0,1.0,,1.0
임실군 - 유기축산물 - 출하량,Statistics,41.0,,,,,,96.86,95.0,,
장성군 - 계 - 건수,Statistics,72.0,60.0,55.0,45.0,44.0,45.0,44.0,45.0,44.0,39.0
장성군 - 계 - 농가수,Statistics,72.0,60.0,55.0,45.0,44.0,45.0,44.0,45.0,44.0,39.0
장성군 - 계 - 출하량,Statistics,3330.0,3879.0,3802.0,3915.0,6580.67,8882.32,7589.61,12056.34,12684.07,11081.2
장성군 - 무항생제축산물 - 건수,Statistics,72.0,60.0,55.0,44.0,43.0,44.0,43.0,44.0,43.0,38.0
장성군 - 무항생제축산물 - 농가수,Statistics,72.0,60.0,55.0,44.0,43.0,44.0,43.0,44.0,43.0,38.0
장성군 - 무항생제축산물 - 출하량,Statistics,3330.0,3879.0,3802.0,2385.0,4246.24,6250.62,4818.89,9188.95,9950.53,8229.12
장성군 - 유기축산물 - 건수,Statistics,,,,1.0,1.0,1.0,1.0,1.0,1.0,1.0
장성군 - 유기축산물 - 농가수,Statistics,,,,1.0,1.0,1.0,1.0,1.0,1.0,1.0
장성군 - 유기축산물 - 출하량,Statistics,,,,1530.0,2334.43,2631.7,2770.72,2867.39,2733.54,2852.08
장수군 - 계 - 건수,Statistics,35.0,41.0,43.0,39.0,60.0,79.0,88.0,86.0,73.0,72.0
장수군 - 계 - 농가수,Statistics,35.0,41.0,43.0,39.0,60.0,79.0,88.0,86.0,73.0,72.0
장수군 - 계 - 출하량,Statistics,3447.0,4602.0,3479.9,4170.0,5545.39,7371.32,7317.86,9672.47,10453.12,10241.0
장수군 - 무항생제축산물 - 건수,Statistics,35.0,41.0,43.0,39.0,60.0,79.0,87.0,85.0,72.0,71.0
장수군 - 무항생제축산물 - 농가수,Statistics,35.0,41.0,43.0,39.0,60.0,79.0,87.0,85.0,72.0,71.0
장수군 - 무항생제축산물 - 출하량,Statistics,3447.0,4602.0,3479.9,4170.0,5545.39,7371.32,7317.86,9672.47,10448.02,10236.55
장수군 - 유기축산물 - 건수,Statistics,,,,,,,1.0,1.0,1.0,1.0
장수군 - 유기축산물 - 농가수,Statistics,,,,,,,1.0,1.0,1.0,1.0
장수군 - 유기축산물 - 출하량,Statistics,,,,,,,,,5.1,4.45
장흥군 - 계 - 건수,Statistics,75.0,85.0,70.0,56.0,64.0,66.0,65.0,69.0,113.0,128.0
장흥군 - 계 - 농가수,Statistics,75.0,85.0,70.0,56.0,64.0,66.0,65.0,69.0,113.0,128.0
장흥군 - 계 - 출하량,Statistics,3944.0,4650.0,3662.7,5102.0,6642.79,7886.24,6814.5,10428.12,11450.04,10818.53
장흥군 - 무항생제축산물 - 건수,Statistics,75.0,85.0,70.0,56.0,64.0,66.0,65.0,69.0,113.0,128.0
장흥군 - 무항생제축산물 - 농가수,Statistics,75.0,85.0,70.0,56.0,64.0,66.0,65.0,69.0,113.0,128.0
장흥군 - 무항생제축산물 - 출하량,Statistics,3944.0,4650.0,3662.7,5102.0,6642.79,7886.24,6814.5,10428.12,11450.04,10818.53
전라남도 소계 - 계 - 건수,Statistics,1510.0,1694.0,1613.0,1359.0,1498.0,1559.0,1613.0,1685.0,1841.0,1945.0
전라남도 소계 - 계 - 농가수,Statistics,1571.0,1762.0,1683.0,1419.0,1568.0,1601.0,1688.0,1761.0,1917.0,2030.0
전라남도 소계 - 계 - 출하량,Statistics,118848.0,157309.0,175603.7,201565.0,213956.99,207919.34,234964.4,294237.8,332920.25,368641.85
전라남도 소계 - 무항생제축산물 - 건수,Statistics,1508.0,1692.0,1602.0,1345.0,1483.0,1544.0,1593.0,1667.0,1825.0,1929.0
전라남도 소계 - 무항생제축산물 - 농가수,Statistics,1569.0,1760.0,1672.0,1405.0,1553.0,1586.0,1668.0,1743.0,1901.0,2014.0
전라남도 소계 - 무항생제축산물 - 출하량,Statistics,118740.0,157159.0,175394.7,198912.0,210128.04,203631.11,230538.91,289652.97,328117.34,363167.59
전라남도 소계 - 유기축산물 - 건수,Statistics,2.0,2.0,11.0,14.0,15.0,15.0,20.0,18.0,16.0,16.0
전라남도 소계 - 유기축산물 - 농가수,Statistics,2.0,2.0,11.0,14.0,15.0,15.0,20.0,18.0,16.0,16.0
전라남도 소계 - 유기축산물 - 출하량,Statistics,108.0,150.0,209.0,2653.0,3828.95,4288.23,4425.49,4584.84,4802.9,5474.26
전라북도 소계 - 계 - 건수,Statistics,585.0,645.0,639.0,584.0,630.0,712.0,743.0,785.0,803.0,812.0
전라북도 소계 - 계 - 농가수,Statistics,790.0,836.0,803.0,628.0,650.0,712.0,743.0,785.0,803.0,812.0
전라북도 소계 - 계 - 출하량,Statistics,107735.0,145283.0,165914.9,140823.0,165948.46,245826.87,239771.23,292471.68,335842.01,357610.29
전라북도 소계 - 무항생제축산물 - 건수,Statistics,563.0,621.0,616.0,561.0,606.0,688.0,717.0,760.0,778.0,789.0
전라북도 소계 - 무항생제축산물 - 농가수,Statistics,768.0,812.0,780.0,605.0,626.0,688.0,717.0,760.0,778.0,789.0
전라북도 소계 - 무항생제축산물 - 출하량,Statistics,95430.0,128671.0,147735.3,120911.0,143741.96,222069.99,216478.84,269675.36,312962.1,336870.75
전라북도 소계 - 유기축산물 - 건수,Statistics,22.0,24.0,23.0,23.0,24.0,24.0,26.0,25.0,25.0,23.0
전라북도 소계 - 유기축산물 - 농가수,Statistics,22.0,24.0,23.0,23.0,24.0,24.0,26.0,25.0,25.0,23.0
전라북도 소계 - 유기축산물 - 출하량,Statistics,12305.0,16612.0,18179.6,19912.0,22206.49,23756.88,23292.39,22796.32,22879.91,20739.54
전주시 - 계 - 건수,Statistics,6.0,3.0,3.0,2.0,1.0,1.0,1.0,2.0,3.0,3.0
전주시 - 계 - 농가수,Statistics,16.0,7.0,3.0,2.0,1.0,1.0,1.0,2.0,3.0,3.0
전주시 - 계 - 출하량,Statistics,579.0,240.0,347.8,412.0,174.4,141.33,,157.51,1067.59,893.46
전주시 - 무항생제축산물 - 건수,Statistics,6.0,3.0,3.0,2.0,1.0,1.0,1.0,2.0,3.0,3.0
전주시 - 무항생제축산물 - 농가수,Statistics,16.0,7.0,3.0,2.0,1.0,1.0,1.0,2.0,3.0,3.0
전주시 - 무항생제축산물 - 출하량,Statistics,579.0,240.0,347.8,412.0,174.4,141.33,,157.51,1067.59,893.46
정선군 - 계 - 건수,Statistics,3.0,3.0,2.0,12.0,14.0,17.0,18.0,22.0,25.0,27.0
정선군 - 계 - 농가수,Statistics,3.0,3.0,2.0,12.0,14.0,17.0,18.0,22.0,25.0,27.0
정선군 - 계 - 출하량,Statistics,,,58.1,207.0,76.2,227.18,349.91,391.36,292.61,199.98
정선군 - 무항생제축산물 - 건수,Statistics,3.0,3.0,2.0,12.0,14.0,17.0,18.0,22.0,25.0,27.0
정선군 - 무항생제축산물 - 농가수,Statistics,3.0,3.0,2.0,12.0,14.0,17.0,18.0,22.0,25.0,27.0
정선군 - 무항생제축산물 - 출하량,Statistics,,,58.1,207.0,76.2,227.18,349.91,391.36,292.61,199.98
정읍시 - 계 - 건수,Statistics,95.0,92.0,84.0,88.0,91.0,98.0,88.0,102.0,112.0,114.0
정읍시 - 계 - 농가수,Statistics,114.0,110.0,91.0,93.0,95.0,98.0,88.0,102.0,112.0,114.0
정읍시 - 계 - 출하량,Statistics,14274.0,21291.0,18866.5,18983.0,21608.07,29525.47,26369.45,34856.74,43646.73,48094.81
정읍시 - 무항생제축산물 - 건수,Statistics,95.0,92.0,84.0,88.0,91.0,98.0,88.0,102.0,111.0,113.0
정읍시 - 무항생제축산물 - 농가수,Statistics,114.0,110.0,91.0,93.0,95.0,98.0,88.0,102.0,111.0,113.0
정읍시 - 무항생제축산물 - 출하량,Statistics,14274.0,21291.0,18866.5,18983.0,21608.07,29525.47,26369.45,34856.74,43204.44,47114.21
정읍시 - 유기축산물 - 건수,Statistics,,,,,,,,,1.0,1.0
정읍시 - 유기축산물 - 농가수,Statistics,,,,,,,,,1.0,1.0
정읍시 - 유기축산물 - 출하량,Statistics,,,,,,,,,442.29,980.59
제주시 - 계 - 건수,Statistics,65.0,68.0,73.0,65.0,68.0,67.0,67.0,65.0,69.0,68.0
제주시 - 계 - 농가수,Statistics,65.0,68.0,73.0,65.0,68.0,67.0,67.0,65.0,69.0,68.0
제주시 - 계 - 출하량,Statistics,12322.0,8978.0,11372.5,23494.0,26754.04,25352.64,19673.75,25308.76,26149.81,24551.15
제주시 - 무항생제축산물 - 건수,Statistics,63.0,67.0,71.0,63.0,66.0,65.0,64.0,61.0,65.0,64.0
제주시 - 무항생제축산물 - 농가수,Statistics,63.0,67.0,71.0,63.0,66.0,65.0,64.0,61.0,65.0,64.0
제주시 - 무항생제축산물 - 출하량,Statistics,8695.0,6278.0,9543.2,21675.0,23197.56,22302.96,16936.87,21624.54,23595.85,22848.92
제주시 - 유기축산물 - 건수,Statistics,2.0,1.0,2.0,2.0,2.0,2.0,3.0,4.0,4.0,4.0
제주시 - 유기축산물 - 농가수,Statistics,2.0,1.0,2.0,2.0,2.0,2.0,3.0,4.0,4.0,4.0
제주시 - 유기축산물 - 출하량,Statistics,3627.0,2700.0,1829.3,1819.0,3556.47,3049.68,2736.88,3684.21,2553.96,1702.24
제주특별자치도 소계 - 계 - 건수,Statistics,90.0,94.0,98.0,89.0,88.0,86.0,84.0,80.0,90.0,89.0
제주특별자치도 소계 - 계 - 농가수,Statistics,90.0,94.0,98.0,89.0,88.0,86.0,84.0,80.0,90.0,89.0
제주특별자치도 소계 - 계 - 출하량,Statistics,13748.0,9602.0,12168.7,25075.0,29092.36,27580.42,22041.02,28192.54,29523.5,27834.61
제주특별자치도 소계 - 무항생제축산물 - 건수,Statistics,86.0,91.0,94.0,85.0,85.0,83.0,80.0,75.0,82.0,81.0
제주특별자치도 소계 - 무항생제축산물 - 농가수,Statistics,86.0,91.0,94.0,85.0,85.0,83.0,80.0,75.0,82.0,81.0
제주특별자치도 소계 - 무항생제축산물 - 출하량,Statistics,10121.0,6885.0,9803.2,23102.0,25123.16,24030.84,18819.74,24038.32,26470.53,25589.03
제주특별자치도 소계 - 유기축산물 - 건수,Statistics,4.0,3.0,4.0,4.0,3.0,3.0,4.0,5.0,8.0,8.0
제주특별자치도 소계 - 유기축산물 - 농가수,Statistics,4.0,3.0,4.0,4.0,3.0,3.0,4.0,5.0,8.0,8.0
제주특별자치도 소계 - 유기축산물 - 출하량,Statistics,3627.0,2717.0,2365.5,1973.0,3969.2,3549.58,3221.28,4154.21,3052.96,2245.58
제천시 - 계 - 건수,Statistics,10.0,14.0,8.0,8.0,6.0,7.0,9.0,8.0,9.0,8.0
제천시 - 계 - 농가수,Statistics,10.0,14.0,8.0,8.0,6.0,7.0,9.0,8.0,9.0,8.0
제천시 - 계 - 출하량,Statistics,519.0,2149.0,496.0,1896.0,180.36,1300.41,972.63,2015.71,2411.94,1705.82
제천시 - 무항생제축산물 - 건수,Statistics,10.0,11.0,6.0,6.0,3.0,4.0,6.0,6.0,6.0,5.0
제천시 - 무항생제축산물 - 농가수,Statistics,10.0,11.0,6.0,6.0,3.0,4.0,6.0,6.0,6.0,5.0
제천시 - 무항생제축산물 - 출하량,Statistics,519.0,1985.0,418.4,1749.0,102.8,1150.96,866.97,1929.33,2166.0,1464.02
제천시 - 유기축산물 - 건수,Statistics,,3.0,2.0,2.0,3.0,3.0,3.0,2.0,3.0,3.0
제천시 - 유기축산물 - 농가수,Statistics,,3.0,2.0,2.0,3.0,3.0,3.0,2.0,3.0,3.0
제천시 - 유기축산물 - 출하량,Statistics,,164.0,77.6,147.0,77.56,149.45,105.66,86.38,245.94,241.8
중랑구 - 계 - 건수,Statistics,,,,1.0,1.0,1.0,1.0,1.0,1.0,1.0
중랑구 - 계 - 농가수,Statistics,,,,1.0,1.0,1.0,1.0,1.0,1.0,1.0
중랑구 - 계 - 출하량,Statistics,,,,125.0,103.32,102.5,229.48,174.78,223.92,268.43
중랑구 - 무항생제축산물 - 건수,Statistics,,,,1.0,1.0,1.0,1.0,1.0,1.0,1.0
중랑구 - 무항생제축산물 - 농가수,Statistics,,,,1.0,1.0,1.0,1.0,1.0,1.0,1.0
중랑구 - 무항생제축산물 - 출하량,Statistics,,,,125.0,103.32,102.5,229.48,174.78,223.92,268.43
증평군 - 계 - 건수,Statistics,4.0,6.0,9.0,5.0,3.0,4.0,4.0,5.0,4.0,6.0
증평군 - 계 - 농가수,Statistics,4.0,6.0,9.0,5.0,3.0,4.0,4.0,5.0,4.0,6.0
증평군 - 계 - 출하량,Statistics,415.0,384.0,894.2,490.0,408.96,454.67,483.33,599.85,570.18,586.75
증평군 - 무항생제축산물 - 건수,Statistics,4.0,6.0,9.0,5.0,3.0,4.0,4.0,5.0,4.0,6.0
증평군 - 무항생제축산물 - 농가수,Statistics,4.0,6.0,9.0,5.0,3.0,4.0,4.0,5.0,4.0,6.0
증평군 - 무항생제축산물 - 출하량,Statistics,415.0,384.0,894.2,490.0,408.96,454.67,483.33,599.85,570.18,586.75
진도군 - 계 - 건수,Statistics,23.0,37.0,38.0,35.0,29.0,34.0,35.0,38.0,40.0,44.0
진도군 - 계 - 농가수,Statistics,23.0,37.0,38.0,35.0,29.0,34.0,35.0,38.0,40.0,44.0
진도군 - 계 - 출하량,Statistics,394.0,787.0,357.7,788.0,1125.44,886.87,793.75,1196.83,1133.31,1904.17
진도군 - 무항생제축산물 - 건수,Statistics,23.0,37.0,38.0,35.0,29.0,34.0,35.0,38.0,40.0,44.0
진도군 - 무항생제축산물 - 농가수,Statistics,23.0,37.0,38.0,35.0,29.0,34.0,35.0,38.0,40.0,44.0
진도군 - 무항생제축산물 - 출하량,Statistics,394.0,787.0,357.7,788.0,1125.44,886.87,793.75,1196.83,1133.31,1904.17
진안군 - 계 - 건수,Statistics,28.0,41.0,41.0,25.0,27.0,31.0,32.0,35.0,40.0,42.0
진안군 - 계 - 농가수,Statistics,28.0,42.0,41.0,25.0,27.0,31.0,32.0,35.0,40.0,42.0
진안군 - 계 - 출하량,Statistics,9196.0,11815.0,13841.4,9028.0,10885.48,16907.62,17246.78,19580.35,24697.75,27249.61
진안군 - 무항생제축산물 - 건수,Statistics,26.0,39.0,40.0,24.0,26.0,30.0,31.0,34.0,39.0,41.0
진안군 - 무항생제축산물 - 농가수,Statistics,26.0,40.0,40.0,24.0,26.0,30.0,31.0,34.0,39.0,41.0
진안군 - 무항생제축산물 - 출하량,Statistics,9070.0,11715.0,13574.1,8624.0,10569.46,16529.76,16953.69,19580.35,24697.75,27249.61
진안군 - 유기축산물 - 건수,Statistics,2.0,2.0,1.0,1.0,1.0,1.0,1.0,1.0,1.0,1.0
진안군 - 유기축산물 - 농가수,Statistics,2.0,2.0,1.0,1.0,1.0,1.0,1.0,1.0,1.0,1.0
진안군 - 유기축산물 - 출하량,Statistics,126.0,100.0,267.3,404.0,316.03,377.87,293.1,,,
진주시 - 계 - 건수,Statistics,30.0,29.0,23.0,20.0,21.0,18.0,17.0,21.0,19.0,18.0
진주시 - 계 - 농가수,Statistics,46.0,45.0,33.0,29.0,29.0,25.0,24.0,28.0,26.0,24.0
진주시 - 계 - 출하량,Statistics,4159.0,7037.0,4746.6,7174.0,3800.39,5349.14,3831.42,6106.86,6429.85,5031.65
진주시 - 무항생제축산물 - 건수,Statistics,30.0,29.0,23.0,20.0,21.0,18.0,17.0,21.0,19.0,17.0
진주시 - 무항생제축산물 - 농가수,Statistics,46.0,45.0,33.0,29.0,29.0,25.0,24.0,28.0,26.0,23.0
진주시 - 무항생제축산물 - 출하량,Statistics,4159.0,7037.0,4746.6,7174.0,3800.39,5349.14,3831.42,6106.86,6429.85,4984.12
진주시 - 유기축산물 - 건수,Statistics,,,,,,,,,,1.0
진주시 - 유기축산물 - 농가수,Statistics,,,,,,,,,,1.0
진주시 - 유기축산물 - 출하량,Statistics,,,,,,,,,,47.53
진천군 - 계 - 건수,Statistics,58.0,66.0,62.0,52.0,52.0,52.0,48.0,57.0,58.0,63.0
진천군 - 계 - 농가수,Statistics,58.0,66.0,62.0,52.0,52.0,52.0,48.0,57.0,58.0,63.0
진천군 - 계 - 출하량,Statistics,11852.0,16505.0,13202.1,12656.0,12731.8,12012.93,12755.7,18261.86,21336.44,25420.64
진천군 - 무항생제축산물 - 건수,Statistics,58.0,66.0,62.0,52.0,52.0,52.0,48.0,57.0,57.0,62.0
진천군 - 무항생제축산물 - 농가수,Statistics,58.0,66.0,62.0,52.0,52.0,52.0,48.0,57.0,57.0,62.0
진천군 - 무항생제축산물 - 출하량,Statistics,11852.0,16505.0,13202.1,12656.0,12731.8,12012.93,12755.7,18261.86,21336.44,25420.64
진천군 - 유기축산물 - 건수,Statistics,,,,,,,,,1.0,1.0
진천군 - 유기축산물 - 농가수,Statistics,,,,,,,,,1.0,1.0
창녕군 - 계 - 건수,Statistics,34.0,41.0,40.0,39.0,39.0,46.0,52.0,53.0,55.0,65.0
창녕군 - 계 - 농가수,Statistics,41.0,49.0,47.0,46.0,46.0,53.0,59.0,61.0,62.0,72.0
창녕군 - 계 - 출하량,Statistics,2661.0,9914.0,7826.2,10106.0,6867.88,5471.52,7071.05,35104.76,31393.94,33831.45
창녕군 - 무항생제축산물 - 건수,Statistics,34.0,41.0,40.0,39.0,39.0,46.0,52.0,53.0,55.0,65.0
창녕군 - 무항생제축산물 - 농가수,Statistics,41.0,49.0,47.0,46.0,46.0,53.0,59.0,61.0,62.0,72.0
창녕군 - 무항생제축산물 - 출하량,Statistics,2661.0,9914.0,7826.2,10106.0,6867.88,5471.52,7071.05,35104.76,31393.94,33831.45
천안시 - 계 - 건수,Statistics,122.0,122.0,135.0,128.0,119.0,122.0,133.0,149.0,167.0,172.0
천안시 - 계 - 농가수,Statistics,146.0,144.0,139.0,128.0,119.0,122.0,133.0,149.0,167.0,172.0
천안시 - 계 - 출하량,Statistics,13633.0,19963.0,14899.5,17778.0,15733.52,20787.09,14480.09,38078.24,42840.31,47922.13
천안시 - 무항생제축산물 - 건수,Statistics,120.0,120.0,133.0,126.0,118.0,121.0,132.0,147.0,165.0,170.0
천안시 - 무항생제축산물 - 농가수,Statistics,144.0,142.0,137.0,126.0,118.0,121.0,132.0,147.0,165.0,170.0
천안시 - 무항생제축산물 - 출하량,Statistics,13095.0,19427.0,14523.2,17294.0,15710.4,20773.37,14466.86,38063.29,42653.54,47888.57
천안시 - 유기축산물 - 건수,Statistics,2.0,2.0,2.0,2.0,1.0,1.0,1.0,2.0,2.0,2.0
천안시 - 유기축산물 - 농가수,Statistics,2.0,2.0,2.0,2.0,1.0,1.0,1.0,2.0,2.0,2.0
천안시 - 유기축산물 - 출하량,Statistics,538.0,536.0,376.3,484.0,23.12,13.72,13.23,14.95,186.77,33.56
철원군 - 계 - 건수,Statistics,35.0,40.0,39.0,26.0,19.0,22.0,27.0,23.0,40.0,38.0
철원군 - 계 - 농가수,Statistics,35.0,40.0,39.0,26.0,19.0,22.0,27.0,23.0,40.0,38.0
철원군 - 계 - 출하량,Statistics,7160.0,6363.0,19129.5,6396.0,4669.67,4167.19,6869.25,11627.28,13194.79,18245.47
철원군 - 무항생제축산물 - 건수,Statistics,35.0,40.0,39.0,26.0,19.0,22.0,23.0,20.0,35.0,33.0
철원군 - 무항생제축산물 - 농가수,Statistics,35.0,40.0,39.0,26.0,19.0,22.0,23.0,20.0,35.0,33.0
철원군 - 무항생제축산물 - 출하량,Statistics,7160.0,6363.0,19129.5,6396.0,4669.67,4167.19,6163.57,10183.06,11013.95,15139.13
철원군 - 유기축산물 - 건수,Statistics,,,,,,,4.0,3.0,5.0,5.0
철원군 - 유기축산물 - 농가수,Statistics,,,,,,,4.0,3.0,5.0,5.0
철원군 - 유기축산물 - 출하량,Statistics,,,,,,,705.68,1444.22,2180.84,3106.34
청도군 - 계 - 건수,Statistics,5.0,9.0,5.0,4.0,4.0,3.0,3.0,5.0,7.0,6.0
청도군 - 계 - 농가수,Statistics,5.0,9.0,5.0,4.0,4.0,3.0,3.0,5.0,7.0,6.0
청도군 - 계 - 출하량,Statistics,838.0,1720.0,373.4,65.0,69.48,29.36,119.2,378.12,952.38,830.39
청도군 - 무항생제축산물 - 건수,Statistics,5.0,9.0,5.0,4.0,4.0,3.0,3.0,5.0,7.0,6.0
청도군 - 무항생제축산물 - 농가수,Statistics,5.0,9.0,5.0,4.0,4.0,3.0,3.0,5.0,7.0,6.0
청도군 - 무항생제축산물 - 출하량,Statistics,838.0,1720.0,373.4,65.0,69.48,29.36,119.2,378.12,952.38,830.39
청송군 - 계 - 건수,Statistics,6.0,6.0,6.0,3.0,3.0,3.0,4.0,4.0,4.0,6.0
청송군 - 계 - 농가수,Statistics,6.0,6.0,6.0,3.0,3.0,3.0,4.0,4.0,4.0,6.0
청송군 - 계 - 출하량,Statistics,154.0,146.0,112.8,863.0,1228.3,49.18,1051.7,1966.02,1007.75,2092.95
청송군 - 무항생제축산물 - 건수,Statistics,6.0,6.0,6.0,3.0,3.0,3.0,4.0,4.0,4.0,6.0
청송군 - 무항생제축산물 - 농가수,Statistics,6.0,6.0,6.0,3.0,3.0,3.0,4.0,4.0,4.0,6.0
청송군 - 무항생제축산물 - 출하량,Statistics,154.0,146.0,112.8,863.0,1228.3,49.18,1051.7,1966.02,1007.75,2092.95
청양군 - 계 - 건수,Statistics,30.0,27.0,28.0,19.0,21.0,24.0,29.0,37.0,35.0,36.0
청양군 - 계 - 농가수,Statistics,35.0,28.0,29.0,19.0,21.0,24.0,29.0,37.0,35.0,36.0
청양군 - 계 - 출하량,Statistics,3651.0,6131.0,7869.1,4499.0,4000.6,5608.67,4988.56,10425.29,13033.16,12011.84
청양군 - 무항생제축산물 - 건수,Statistics,30.0,27.0,28.0,19.0,21.0,24.0,29.0,36.0,35.0,36.0
청양군 - 무항생제축산물 - 농가수,Statistics,35.0,28.0,29.0,19.0,21.0,24.0,29.0,36.0,35.0,36.0
청양군 - 무항생제축산물 - 출하량,Statistics,3651.0,6131.0,7869.1,4499.0,4000.6,5608.67,4988.56,10425.29,13033.16,12011.84
청양군 - 유기축산물 - 건수,Statistics,,,,,,,,1.0,,
청양군 - 유기축산물 - 농가수,Statistics,,,,,,,,1.0,,
청주시 - 계 - 건수,Statistics,129.0,136.0,128.0,97.0,92.0,77.0,74.0,77.0,85.0,99.0
청주시 - 계 - 농가수,Statistics,129.0,136.0,128.0,97.0,92.0,77.0,74.0,77.0,85.0,99.0
청주시 - 계 - 출하량,Statistics,4872.0,8707.0,9942.2,7751.0,9955.58,7142.19,7424.71,15644.01,14382.97,14852.5
청주시 - 무항생제축산물 - 건수,Statistics,128.0,135.0,127.0,97.0,92.0,77.0,74.0,77.0,85.0,99.0
청주시 - 무항생제축산물 - 농가수,Statistics,128.0,135.0,127.0,97.0,92.0,77.0,74.0,77.0,85.0,99.0
청주시 - 무항생제축산물 - 출하량,Statistics,4872.0,8701.0,9934.5,7751.0,9955.58,7142.19,7424.71,15644.01,14382.97,14852.5
청주시 - 유기축산물 - 건수,Statistics,1.0,1.0,1.0,,,,,,,
청주시 - 유기축산물 - 농가수,Statistics,1.0,1.0,1.0,,,,,,,
청주시 - 유기축산물 - 출하량,Statistics,,6.0,7.7,,,,,,,
춘천시 - 계 - 건수,Statistics,11.0,8.0,10.0,15.0,31.0,18.0,27.0,26.0,28.0,25.0
춘천시 - 계 - 농가수,Statistics,153.0,154.0,199.0,65.0,31.0,18.0,27.0,26.0,28.0,25.0
춘천시 - 계 - 출하량,Statistics,960.0,3219.0,14439.4,1327.0,1831.03,1834.07,892.27,4984.95,5307.57,6841.74
춘천시 - 무항생제축산물 - 건수,Statistics,11.0,8.0,10.0,15.0,31.0,18.0,26.0,25.0,28.0,24.0
춘천시 - 무항생제축산물 - 농가수,Statistics,153.0,154.0,199.0,65.0,31.0,18.0,26.0,25.0,28.0,24.0
춘천시 - 무항생제축산물 - 출하량,Statistics,960.0,3219.0,14439.4,1327.0,1831.03,1834.07,892.27,4983.1,5307.57,6623.64
춘천시 - 유기축산물 - 건수,Statistics,,,,,,,1.0,1.0,,1.0
춘천시 - 유기축산물 - 농가수,Statistics,,,,,,,1.0,1.0,,1.0
춘천시 - 유기축산물 - 출하량,Statistics,,,,,,,,1.85,,218.1
충주시 - 계 - 건수,Statistics,63.0,64.0,69.0,62.0,56.0,50.0,46.0,54.0,51.0,50.0
충주시 - 계 - 농가수,Statistics,65.0,65.0,69.0,62.0,56.0,50.0,46.0,54.0,51.0,50.0
충주시 - 계 - 출하량,Statistics,7774.0,6700.0,8118.1,5927.0,6630.9,5368.62,6358.12,10320.67,10055.78,8956.04
충주시 - 무항생제축산물 - 건수,Statistics,62.0,63.0,69.0,62.0,55.0,50.0,45.0,53.0,50.0,49.0
충주시 - 무항생제축산물 - 농가수,Statistics,64.0,64.0,69.0,62.0,55.0,50.0,45.0,53.0,50.0,49.0
충주시 - 무항생제축산물 - 출하량,Statistics,7774.0,6700.0,8118.1,5927.0,6598.7,5368.62,6358.12,10319.67,10054.07,8954.15
충주시 - 유기축산물 - 건수,Statistics,1.0,1.0,,,1.0,,1.0,1.0,1.0,1.0
충주시 - 유기축산물 - 농가수,Statistics,1.0,1.0,,,1.0,,1.0,1.0,1.0,1.0
충주시 - 유기축산물 - 출하량,Statistics,,,,,32.2,,,1.0,1.71,1.89
충청남도 소계 - 계 - 건수,Statistics,567.0,558.0,564.0,465.0,466.0,517.0,599.0,672.0,728.0,733.0
충청남도 소계 - 계 - 농가수,Statistics,625.0,612.0,596.0,490.0,488.0,539.0,618.0,691.0,745.0,750.0
충청남도 소계 - 계 - 출하량,Statistics,87152.0,102800.0,108085.5,101849.0,101682.98,115462.08,125203.39,210942.68,264558.26,265148.3
충청남도 소계 - 무항생제축산물 - 건수,Statistics,553.0,541.0,545.0,447.0,448.0,498.0,578.0,648.0,705.0,711.0
충청남도 소계 - 무항생제축산물 - 농가수,Statistics,611.0,595.0,577.0,472.0,470.0,520.0,597.0,667.0,722.0,728.0
충청남도 소계 - 무항생제축산물 - 출하량,Statistics,82173.0,95662.0,99769.8,91621.0,91980.01,104830.73,112893.35,200213.92,254671.41,255364.7
충청남도 소계 - 유기축산물 - 건수,Statistics,14.0,17.0,19.0,18.0,18.0,19.0,21.0,24.0,23.0,22.0
충청남도 소계 - 유기축산물 - 농가수,Statistics,14.0,17.0,19.0,18.0,18.0,19.0,21.0,24.0,23.0,22.0
충청남도 소계 - 유기축산물 - 출하량,Statistics,4979.0,7138.0,8315.7,10228.0,9702.96,10631.34,12310.04,10728.76,9886.85,9783.6
충청북도 소계 - 계 - 건수,Statistics,503.0,525.0,489.0,395.0,369.0,339.0,341.0,346.0,386.0,406.0
충청북도 소계 - 계 - 농가수,Statistics,625.0,647.0,608.0,413.0,435.0,402.0,403.0,406.0,442.0,454.0
충청북도 소계 - 계 - 출하량,Statistics,56011.0,75894.0,68784.0,60746.0,70574.92,64197.48,70300.07,97533.69,98085.13,102108.81
충청북도 소계 - 무항생제축산물 - 건수,Statistics,496.0,514.0,482.0,388.0,360.0,331.0,331.0,337.0,375.0,399.0
충청북도 소계 - 무항생제축산물 - 농가수,Statistics,618.0,636.0,601.0,406.0,426.0,394.0,393.0,397.0,431.0,447.0
충청북도 소계 - 무항생제축산물 - 출하량,Statistics,55935.0,75687.0,68619.4,60532.0,70257.03,63776.64,69905.63,97221.83,97691.48,101744.5
충청북도 소계 - 유기축산물 - 건수,Statistics,7.0,11.0,7.0,7.0,9.0,8.0,10.0,9.0,11.0,7.0
충청북도 소계 - 유기축산물 - 농가수,Statistics,7.0,11.0,7.0,7.0,9.0,8.0,10.0,9.0,11.0,7.0
충청북도 소계 - 유기축산물 - 출하량,Statistics,76.0,207.0,164.6,214.0,317.89,420.84,394.44,311.87,393.65,364.31
칠곡군 - 계 - 건수,Statistics,29.0,23.0,24.0,17.0,26.0,27.0,29.0,29.0,31.0,37.0
칠곡군 - 계 - 농가수,Statistics,38.0,31.0,28.0,17.0,26.0,27.0,29.0,29.0,31.0,37.0
칠곡군 - 계 - 출하량,Statistics,6391.0,7755.0,4146.3,4325.0,3544.18,10058.14,10458.19,13255.4,11676.62,9341.18
칠곡군 - 무항생제축산물 - 건수,Statistics,29.0,23.0,24.0,17.0,26.0,27.0,29.0,29.0,31.0,37.0
칠곡군 - 무항생제축산물 - 농가수,Statistics,38.0,31.0,28.0,17.0,26.0,27.0,29.0,29.0,31.0,37.0
칠곡군 - 무항생제축산물 - 출하량,Statistics,6391.0,7755.0,4146.3,4325.0,3544.18,10058.14,10458.19,13255.4,11676.62,9341.18
태백시 - 계 - 건수,Statistics,2.0,4.0,1.0,,3.0,1.0,,1.0,1.0,1.0
태백시 - 계 - 농가수,Statistics,2.0,4.0,1.0,,3.0,1.0,,1.0,1.0,1.0
태백시 - 계 - 출하량,Statistics,658.0,482.0,700.0,,19.55,3.89,,2.97,3.5,27.0
태백시 - 무항생제축산물 - 건수,Statistics,2.0,4.0,1.0,,3.0,1.0,,,,
태백시 - 무항생제축산물 - 농가수,Statistics,2.0,4.0,1.0,,3.0,1.0,,,,
태백시 - 무항생제축산물 - 출하량,Statistics,658.0,482.0,700.0,,19.55,3.89,,,,
태백시 - 유기축산물 - 건수,Statistics,,,,,,,,1.0,1.0,1.0
태백시 - 유기축산물 - 농가수,Statistics,,,,,,,,1.0,1.0,1.0
태백시 - 유기축산물 - 출하량,Statistics,,,,,,,,2.97,3.5,27.0
태안군 - 계 - 건수,Statistics,1.0,1.0,1.0,,1.0,2.0,2.0,3.0,4.0,4.0
태안군 - 계 - 농가수,Statistics,1.0,1.0,1.0,,1.0,2.0,2.0,3.0,4.0,4.0
태안군 - 계 - 출하량,Statistics,8.0,32.0,28.6,,,1282.0,584.99,6206.05,2112.91,2818.05
태안군 - 무항생제축산물 - 건수,Statistics,1.0,1.0,1.0,,1.0,2.0,2.0,3.0,4.0,4.0
태안군 - 무항생제축산물 - 농가수,Statistics,1.0,1.0,1.0,,1.0,2.0,2.0,3.0,4.0,4.0
태안군 - 무항생제축산물 - 출하량,Statistics,8.0,32.0,28.6,,,1282.0,584.99,6206.05,2112.91,2818.05
파주시 - 계 - 건수,Statistics,91.0,95.0,85.0,70.0,70.0,66.0,61.0,66.0,71.0,70.0
파주시 - 계 - 농가수,Statistics,91.0,95.0,85.0,70.0,70.0,66.0,61.0,66.0,71.0,70.0
파주시 - 계 - 출하량,Statistics,2020.0,5325.0,4287.5,4209.0,1857.04,679.01,702.17,7815.46,8050.39,8734.97
파주시 - 무항생제축산물 - 건수,Statistics,91.0,95.0,85.0,70.0,70.0,66.0,61.0,66.0,71.0,70.0
파주시 - 무항생제축산물 - 농가수,Statistics,91.0,95.0,85.0,70.0,70.0,66.0,61.0,66.0,71.0,70.0
파주시 - 무항생제축산물 - 출하량,Statistics,2020.0,5325.0,4287.5,4209.0,1857.04,679.01,702.17,7815.46,8050.39,8734.97
평창군 - 계 - 건수,Statistics,26.0,27.0,24.0,40.0,39.0,57.0,59.0,64.0,69.0,68.0
평창군 - 계 - 농가수,Statistics,66.0,103.0,63.0,40.0,39.0,57.0,59.0,64.0,69.0,68.0
평창군 - 계 - 출하량,Statistics,8376.0,7570.0,8513.7,6630.0,7291.07,8040.95,9085.74,7811.53,9965.19,9233.27
평창군 - 무항생제축산물 - 건수,Statistics,23.0,24.0,21.0,38.0,37.0,55.0,56.0,61.0,67.0,67.0
평창군 - 무항생제축산물 - 농가수,Statistics,63.0,100.0,60.0,38.0,37.0,55.0,56.0,61.0,67.0,67.0
평창군 - 무항생제축산물 - 출하량,Statistics,6545.0,5924.0,7031.7,5308.0,6079.24,6918.33,7977.25,6731.53,8839.28,8244.07
평창군 - 유기축산물 - 건수,Statistics,3.0,3.0,3.0,2.0,2.0,2.0,3.0,3.0,2.0,1.0
평창군 - 유기축산물 - 농가수,Statistics,3.0,3.0,3.0,2.0,2.0,2.0,3.0,3.0,2.0,1.0
평창군 - 유기축산물 - 출하량,Statistics,1831.0,1646.0,1482.0,1322.0,1211.83,1122.62,1108.49,1080.0,1125.92,989.2
평택시 - 계 - 건수,Statistics,106.0,99.0,103.0,89.0,84.0,78.0,79.0,85.0,95.0,105.0
평택시 - 계 - 농가수,Statistics,106.0,99.0,103.0,89.0,84.0,78.0,79.0,85.0,95.0,105.0
평택시 - 계 - 출하량,Statistics,22176.0,24069.0,12504.4,12797.0,8755.55,19241.91,12488.65,29839.2,27648.39,33185.75
평택시 - 무항생제축산물 - 건수,Statistics,106.0,99.0,103.0,89.0,84.0,78.0,79.0,85.0,95.0,104.0
평택시 - 무항생제축산물 - 농가수,Statistics,106.0,99.0,103.0,89.0,84.0,78.0,79.0,85.0,95.0,104.0
평택시 - 무항생제축산물 - 출하량,Statistics,22176.0,24069.0,12504.4,12797.0,8755.55,19241.91,12488.65,29839.2,27648.39,33151.83
평택시 - 유기축산물 - 건수,Statistics,,,,,,,,,,1.0
평택시 - 유기축산물 - 농가수,Statistics,,,,,,,,,,1.0
평택시 - 유기축산물 - 출하량,Statistics,,,,,,,,,,33.91
포천시 - 계 - 건수,Statistics,126.0,137.0,133.0,113.0,113.0,123.0,129.0,130.0,127.0,127.0
포천시 - 계 - 농가수,Statistics,126.0,137.0,133.0,113.0,113.0,123.0,129.0,130.0,127.0,127.0
포천시 - 계 - 출하량,Statistics,23179.0,52372.0,36078.1,39868.0,32533.03,33089.82,40644.96,70258.72,63014.32,65548.47
포천시 - 무항생제축산물 - 건수,Statistics,126.0,137.0,133.0,113.0,113.0,123.0,129.0,130.0,127.0,127.0
포천시 - 무항생제축산물 - 농가수,Statistics,126.0,137.0,133.0,113.0,113.0,123.0,129.0,130.0,127.0,127.0
포천시 - 무항생제축산물 - 출하량,Statistics,23179.0,52372.0,36078.1,39868.0,32533.03,33089.82,40644.96,70258.72,63014.32,65548.47
포항시 - 계 - 건수,Statistics,33.0,31.0,26.0,21.0,18.0,18.0,17.0,17.0,17.0,16.0
포항시 - 계 - 농가수,Statistics,34.0,32.0,26.0,21.0,18.0,18.0,17.0,17.0,17.0,16.0
포항시 - 계 - 출하량,Statistics,4762.0,4687.0,4901.3,5484.0,5767.68,5964.14,4397.64,6726.66,5032.25,11146.29
포항시 - 무항생제축산물 - 건수,Statistics,33.0,31.0,26.0,21.0,17.0,18.0,17.0,17.0,17.0,16.0
포항시 - 무항생제축산물 - 농가수,Statistics,34.0,32.0,26.0,21.0,17.0,18.0,17.0,17.0,17.0,16.0
포항시 - 무항생제축산물 - 출하량,Statistics,4762.0,4687.0,4901.3,5484.0,5758.19,5964.14,4397.64,6726.66,5032.25,11146.29
포항시 - 유기축산물 - 건수,Statistics,,,,,1.0,,,,,
포항시 - 유기축산물 - 농가수,Statistics,,,,,1.0,,,,,
포항시 - 유기축산물 - 출하량,Statistics,,,,,9.49,,,,,
하동군 - 계 - 건수,Statistics,8.0,11.0,13.0,12.0,13.0,12.0,11.0,10.0,10.0,11.0
하동군 - 계 - 농가수,Statistics,87.0,131.0,96.0,94.0,91.0,87.0,89.0,96.0,99.0,100.0
하동군 - 계 - 출하량,Statistics,1318.0,2100.0,2187.0,2827.0,2450.2,3145.05,1396.15,2256.65,2804.68,3406.54
하동군 - 무항생제축산물 - 건수,Statistics,8.0,11.0,13.0,12.0,13.0,12.0,11.0,10.0,10.0,11.0
하동군 - 무항생제축산물 - 농가수,Statistics,87.0,131.0,96.0,94.0,91.0,87.0,89.0,96.0,99.0,100.0
하동군 - 무항생제축산물 - 출하량,Statistics,1318.0,2100.0,2187.0,2827.0,2450.2,3145.05,1396.15,2256.65,2804.68,3406.54
함안군 - 계 - 건수,Statistics,13.0,13.0,15.0,18.0,15.0,14.0,13.0,11.0,11.0,9.0
함안군 - 계 - 농가수,Statistics,13.0,13.0,15.0,18.0,15.0,14.0,13.0,11.0,11.0,9.0
함안군 - 계 - 출하량,Statistics,4705.0,2557.0,6574.7,3243.0,4229.08,3046.94,3408.72,3336.77,5129.92,5885.2
함안군 - 무항생제축산물 - 건수,Statistics,13.0,13.0,15.0,18.0,15.0,14.0,13.0,11.0,11.0,9.0
함안군 - 무항생제축산물 - 농가수,Statistics,13.0,13.0,15.0,18.0,15.0,14.0,13.0,11.0,11.0,9.0
함안군 - 무항생제축산물 - 출하량,Statistics,4705.0,2557.0,6574.7,3243.0,4229.08,3046.94,3408.72,3336.77,5129.92,5885.2
함양군 - 계 - 건수,Statistics,9.0,8.0,8.0,6.0,11.0,13.0,14.0,10.0,13.0,12.0
함양군 - 계 - 농가수,Statistics,9.0,8.0,8.0,6.0,11.0,13.0,14.0,10.0,13.0,12.0
함양군 - 계 - 출하량,Statistics,887.0,2186.0,1943.6,3137.0,2347.3,3753.1,6977.13,6218.3,8498.4,9076.89
함양군 - 무항생제축산물 - 건수,Statistics,9.0,8.0,8.0,5.0,10.0,12.0,13.0,9.0,12.0,11.0
함양군 - 무항생제축산물 - 농가수,Statistics,9.0,8.0,8.0,5.0,10.0,12.0,13.0,9.0,12.0,11.0
함양군 - 무항생제축산물 - 출하량,Statistics,887.0,2186.0,1943.6,3137.0,2340.73,3743.24,6967.28,6198.64,8476.5,9055.89
함양군 - 유기축산물 - 건수,Statistics,,,,1.0,1.0,1.0,1.0,1.0,1.0,1.0
함양군 - 유기축산물 - 농가수,Statistics,,,,1.0,1.0,1.0,1.0,1.0,1.0,1.0
함양군 - 유기축산물 - 출하량,Statistics,,,,,6.57,9.86,9.85,19.66,21.9,21.0
함평군 - 계 - 건수,Statistics,151.0,180.0,161.0,137.0,156.0,167.0,176.0,180.0,179.0,187.0
함평군 - 계 - 농가수,Statistics,151.0,180.0,161.0,137.0,156.0,167.0,176.0,180.0,179.0,187.0
함평군 - 계 - 출하량,Statistics,9869.0,16771.0,18166.4,16131.0,17024.02,19257.91,21322.41,29117.24,35793.71,45285.38
함평군 - 무항생제축산물 - 건수,Statistics,151.0,180.0,161.0,137.0,156.0,167.0,176.0,180.0,179.0,187.0
함평군 - 무항생제축산물 - 농가수,Statistics,151.0,180.0,161.0,137.0,156.0,167.0,176.0,180.0,179.0,187.0
함평군 - 무항생제축산물 - 출하량,Statistics,9869.0,16771.0,18166.4,16131.0,17024.02,19257.91,21322.41,29117.24,35793.71,45285.38
합천군 - 계 - 건수,Statistics,43.0,48.0,39.0,27.0,30.0,30.0,35.0,38.0,40.0,49.0
합천군 - 계 - 농가수,Statistics,43.0,48.0,39.0,27.0,30.0,30.0,35.0,38.0,40.0,49.0
합천군 - 계 - 출하량,Statistics,1684.0,4099.0,3034.2,2276.0,3862.86,5066.41,5887.05,9563.65,5469.26,9952.52
합천군 - 무항생제축산물 - 건수,Statistics,43.0,48.0,39.0,27.0,30.0,30.0,35.0,38.0,39.0,48.0
합천군 - 무항생제축산물 - 농가수,Statistics,43.0,48.0,39.0,27.0,30.0,30.0,35.0,38.0,39.0,48.0
합천군 - 무항생제축산물 - 출하량,Statistics,1684.0,4099.0,3034.2,2276.0,3862.86,5066.41,5887.05,9563.65,5453.07,9900.01
합천군 - 유기축산물 - 건수,Statistics,,,,,,,,,1.0,1.0
합천군 - 유기축산물 - 농가수,Statistics,,,,,,,,,1.0,1.0
합천군 - 유기축산물 - 출하량,Statistics,,,,,,,,,16.19,52.52
해남군 - 계 - 건수,Statistics,76.0,85.0,99.0,72.0,87.0,92.0,93.0,88.0,95.0,124.0
해남군 - 계 - 농가수,Statistics,76.0,85.0,99.0,72.0,87.0,92.0,93.0,88.0,95.0,124.0
해남군 - 계 - 출하량,Statistics,8024.0,7935.0,10409.9,10199.0,10179.68,8298.62,11203.19,13379.0,14683.85,16601.5
해남군 - 무항생제축산물 - 건수,Statistics,76.0,85.0,90.0,63.0,77.0,82.0,79.0,75.0,84.0,115.0
해남군 - 무항생제축산물 - 농가수,Statistics,76.0,85.0,90.0,63.0,77.0,82.0,79.0,75.0,84.0,115.0
해남군 - 무항생제축산물 - 출하량,Statistics,8024.0,7935.0,10409.9,10198.0,10172.09,8296.91,11161.89,13330.7,14552.25,16455.2
해남군 - 유기축산물 - 건수,Statistics,,,9.0,9.0,10.0,10.0,14.0,13.0,11.0,9.0
해남군 - 유기축산물 - 농가수,Statistics,,,9.0,9.0,10.0,10.0,14.0,13.0,11.0,9.0
해남군 - 유기축산물 - 출하량,Statistics,,,,1.0,7.59,1.72,41.3,48.3,131.6,146.3
홍성군 - 계 - 건수,Statistics,59.0,62.0,66.0,60.0,66.0,80.0,95.0,108.0,124.0,119.0
홍성군 - 계 - 농가수,Statistics,82.0,85.0,90.0,82.0,88.0,102.0,114.0,127.0,141.0,136.0
홍성군 - 계 - 출하량,Statistics,7766.0,12366.0,20614.0,6435.0,6955.65,8351.15,7866.6,14010.17,17376.81,17461.44
홍성군 - 무항생제축산물 - 건수,Statistics,58.0,61.0,65.0,59.0,65.0,79.0,94.0,107.0,122.0,117.0
홍성군 - 무항생제축산물 - 농가수,Statistics,81.0,84.0,89.0,81.0,87.0,101.0,113.0,126.0,139.0,134.0
홍성군 - 무항생제축산물 - 출하량,Statistics,7435.0,12110.0,20337.8,6105.0,6692.74,8099.65,7551.94,13702.57,17084.09,17115.88
홍성군 - 유기축산물 - 건수,Statistics,1.0,1.0,1.0,1.0,1.0,1.0,1.0,1.0,2.0,2.0
홍성군 - 유기축산물 - 농가수,Statistics,1.0,1.0,1.0,1.0,1.0,1.0,1.0,1.0,2.0,2.0
홍성군 - 유기축산물 - 출하량,Statistics,331.0,256.0,276.2,330.0,262.91,251.5,314.66,307.6,292.72,345.56
홍천군 - 계 - 건수,Statistics,23.0,95.0,93.0,92.0,91.0,89.0,108.0,119.0,124.0,130.0
홍천군 - 계 - 농가수,Statistics,96.0,95.0,93.0,92.0,91.0,89.0,108.0,119.0,124.0,130.0
홍천군 - 계 - 출하량,Statistics,2292.0,4113.0,7476.7,3161.0,4267.74,2875.21,5503.29,7647.9,12295.81,13072.03
홍천군 - 무항생제축산물 - 건수,Statistics,22.0,93.0,91.0,90.0,89.0,87.0,106.0,116.0,122.0,127.0
홍천군 - 무항생제축산물 - 농가수,Statistics,95.0,93.0,91.0,90.0,89.0,87.0,106.0,116.0,122.0,127.0
홍천군 - 무항생제축산물 - 출하량,Statistics,2243.0,3580.0,6973.6,2643.0,3823.66,2443.51,5012.73,7070.59,11653.8,12405.92
홍천군 - 유기축산물 - 건수,Statistics,1.0,2.0,2.0,2.0,2.0,2.0,2.0,3.0,2.0,3.0
홍천군 - 유기축산물 - 농가수,Statistics,1.0,2.0,2.0,2.0,2.0,2.0,2.0,3.0,2.0,3.0
홍천군 - 유기축산물 - 출하량,Statistics,49.0,533.0,503.1,518.0,444.09,431.7,490.57,577.31,642.01,666.11
화성시 - 계 - 건수,Statistics,154.0,154.0,145.0,135.0,139.0,152.0,151.0,153.0,161.0,165.0
화성시 - 계 - 농가수,Statistics,154.0,154.0,145.0,135.0,139.0,152.0,151.0,153.0,161.0,165.0
화성시 - 계 - 출하량,Statistics,17946.0,18170.0,16308.7,15174.0,18907.23,22234.75,24317.43,40987.33,41877.17,44622.83
화성시 - 무항생제축산물 - 건수,Statistics,151.0,153.0,144.0,134.0,138.0,151.0,150.0,152.0,160.0,164.0
화성시 - 무항생제축산물 - 농가수,Statistics,151.0,153.0,144.0,134.0,138.0,151.0,150.0,152.0,160.0,164.0
화성시 - 무항생제축산물 - 출하량,Statistics,16838.0,17496.0,15669.5,14493.0,18360.76,21601.7,23649.96,40138.05,40970.95,43592.41
화성시 - 유기축산물 - 건수,Statistics,3.0,1.0,1.0,1.0,1.0,1.0,1.0,1.0,1.0,1.0
화성시 - 유기축산물 - 농가수,Statistics,3.0,1.0,1.0,1.0,1.0,1.0,1.0,1.0,1.0,1.0
화성시 - 유기축산물 - 출하량,Statistics,1108.0,674.0,639.2,681.0,546.46,633.05,667.47,849.28,906.21,1030.43
화순군 - 계 - 건수,Statistics,57.0,62.0,43.0,41.0,51.0,58.0,61.0,68.0,73.0,71.0
화순군 - 계 - 농가수,Statistics,57.0,62.0,43.0,41.0,51.0,58.0,61.0,68.0,73.0,71.0
화순군 - 계 - 출하량,Statistics,1347.0,935.0,2100.5,34094.0,25870.33,3534.63,3143.98,4155.41,6106.14,7575.55
화순군 - 무항생제축산물 - 건수,Statistics,57.0,62.0,43.0,41.0,51.0,58.0,60.0,68.0,73.0,71.0
화순군 - 무항생제축산물 - 농가수,Statistics,57.0,62.0,43.0,41.0,51.0,58.0,60.0,68.0,73.0,71.0
화순군 - 무항생제축산물 - 출하량,Statistics,1347.0,935.0,2100.5,34094.0,25870.33,3534.63,3131.98,4155.41,6106.14,7575.55
화순군 - 유기축산물 - 건수,Statistics,,,,,,,1.0,,,
화순군 - 유기축산물 - 농가수,Statistics,,,,,,,1.0,,,
화순군 - 유기축산물 - 출하량,Statistics,,,,,,,12.0,,,
화천군 - 계 - 건수,Statistics,6.0,13.0,12.0,6.0,7.0,8.0,17.0,18.0,23.0,23.0
화천군 - 계 - 농가수,Statistics,6.0,13.0,12.0,6.0,7.0,8.0,17.0,18.0,23.0,23.0
화천군 - 계 - 출하량,Statistics,2349.0,1629.0,1845.0,258.0,1103.44,532.81,804.57,3172.12,2243.11,1535.04
화천군 - 무항생제축산물 - 건수,Statistics,5.0,12.0,11.0,5.0,6.0,7.0,16.0,17.0,22.0,22.0
화천군 - 무항생제축산물 - 농가수,Statistics,5.0,12.0,11.0,5.0,6.0,7.0,16.0,17.0,22.0,22.0
화천군 - 무항생제축산물 - 출하량,Statistics,2344.0,1612.0,1844.4,251.0,1103.44,526.81,798.35,3166.12,2240.11,1531.04
화천군 - 유기축산물 - 건수,Statistics,1.0,1.0,1.0,1.0,1.0,1.0,1.0,1.0,1.0,1.0
화천군 - 유기축산물 - 농가수,Statistics,1.0,1.0,1.0,1.0,1.0,1.0,1.0,1.0,1.0,1.0
화천군 - 유기축산물 - 출하량,Statistics,5.0,17.0,0.6,7.0,,6.0,6.22,6.0,3.0,4.0
횡성군 - 계 - 건수,Statistics,38.0,55.0,36.0,29.0,30.0,27.0,29.0,55.0,58.0,59.0
횡성군 - 계 - 농가수,Statistics,45.0,55.0,36.0,29.0,30.0,27.0,29.0,55.0,58.0,59.0
횡성군 - 계 - 출하량,Statistics,6774.0,11203.0,12955.2,6371.0,10787.66,8533.82,10534.34,17535.79,17451.17,17234.92
횡성군 - 무항생제축산물 - 건수,Statistics,34.0,51.0,32.0,25.0,27.0,24.0,27.0,53.0,56.0,57.0
횡성군 - 무항생제축산물 - 농가수,Statistics,41.0,51.0,32.0,25.0,27.0,24.0,27.0,53.0,56.0,57.0
횡성군 - 무항생제축산물 - 출하량,Statistics,5410.0,9711.0,11636.2,5686.0,10218.33,7977.55,9871.13,16833.78,16741.59,16564.0
횡성군 - 유기축산물 - 건수,Statistics,4.0,4.0,4.0,4.0,3.0,3.0,2.0,2.0,2.0,2.0
횡성군 - 유기축산물 - 농가수,Statistics,4.0,4.0,4.0,4.0,3.0,3.0,2.0,2.0,2.0,2.0
횡성군 - 유기축산물 - 출하량,Statistics,1364.0,1492.0,1319.0,685.0,569.33,556.28,663.21,702.01,709.58,670.92
