item,category,2009,2010,2011,2012,2013,2014,2015,2016,2017,2018,2019,2020,2021,2022
가평군 - 보건분야 예산액＜br＞(B),Statistics,7830.0,8292.0,5204.0,4078.0,4626.0,4736.0,5071.0,5010.0,6208.0,5639.0,7112.0,8818.0,8306.0,9478.0
가평군 - 사회복지분야 예산액＜br＞(A),Statistics,56135.0,54802.0,55598.0,64176.0,64458.0,78650.0,95401.0,95911.0,98559.0,107492.0,132914.0,138632.0,147643.0,163873.0
가평군 - 일반회계중 사회복지예산비중＜br＞{(A+B)÷C×100},Statistics,24.8,23.0,20.4,22.2,21.6,26.2,26.5,27.0,24.9,25.6,28.0,26.0,24.5,29.3
가평군 - 전체 예산액＜br＞(C),Statistics,258439.0,274069.0,297567.0,307360.0,319580.0,317911.0,378871.0,373862.0,420216.0,441627.0,500930.0,566323.0,635733.0,591578.0
강남구 - 보건분야 예산액＜br＞(B),Statistics,15196.0,14598.0,11228.0,12100.0,17269.0,16882.0,18836.0,19600.0,21943.0,20836.0,22148.0,30519.0,35738.0,49539.0
강남구 - 사회복지분야 예산액＜br＞(A),Statistics,155597.0,160335.0,169306.0,187998.0,223126.0,257838.0,281516.0,290953.0,299003.0,355093.0,389826.0,491295.0,480439.0,530005.0
강남구 - 일반회계중 사회복지예산비중＜br＞{(A+B)÷C×100},Statistics,26.6,30.1,35.1,36.8,42.9,45.2,47.3,45.5,43.4,45.7,43.9,38.0,38.2,42.0
강남구 - 전체 예산액＜br＞(C),Statistics,641054.0,580487.0,514739.0,543292.0,560746.0,607498.0,635452.0,682184.0,740088.0,822560.0,939174.0,1372238.0,1352314.0,1381110.0
강동구 - 보건분야 예산액＜br＞(B),Statistics,9521.0,7711.0,8247.0,11033.0,12868.0,13990.0,16962.0,17230.0,18960.0,20894.0,17251.0,21318.0,26603.0,39600.0
강동구 - 사회복지분야 예산액＜br＞(A),Statistics,111246.0,108757.0,125449.0,144898.0,191776.0,221717.0,245093.0,259438.0,290787.0,324341.0,385124.0,489553.0,504791.0,575084.0
강동구 - 일반회계중 사회복지예산비중＜br＞{(A+B)÷C×100},Statistics,35.4,37.8,42.8,45.9,52.4,55.7,55.9,51.7,52.6,53.2,50.0,48.9,51.3,54.8
강동구 - 전체 예산액＜br＞(C),Statistics,340768.0,308277.0,312312.0,339881.0,390491.0,423350.0,469043.0,535179.0,588808.0,648576.0,804295.0,1043970.0,1036255.0,1122005.0
강릉시 - 보건분야 예산액＜br＞(B),Statistics,7016.0,7463.0,7596.0,10982.0,10137.0,12341.0,14079.0,12923.0,15205.0,16422.0,17735.0,18765.0,23527.0,32187.0
강릉시 - 사회복지분야 예산액＜br＞(A),Statistics,124007.0,126693.0,131737.0,142164.0,163879.0,178668.0,193470.0,206088.0,224747.0,250434.0,318854.0,394004.0,445696.0,480364.0
강릉시 - 일반회계중 사회복지예산비중＜br＞{(A+B)÷C×100},Statistics,23.6,26.5,25.9,25.5,28.0,29.6,30.7,28.6,27.6,30.7,29.1,35.8,35.3,34.2
강릉시 - 전체 예산액＜br＞(C),Statistics,555837.0,505404.0,538022.0,601207.0,622040.0,644376.0,676382.0,766736.0,867897.0,869497.0,1158240.0,1153456.0,1331112.0,1500587.0
강북구 - 보건분야 예산액＜br＞(B),Statistics,11014.0,8696.0,8029.0,9820.0,10490.0,11328.0,14065.0,14111.0,15664.0,16858.0,18543.0,21449.0,22071.0,34353.0
강북구 - 사회복지분야 예산액＜br＞(A),Statistics,148566.0,134744.0,139767.0,153263.0,181529.0,208758.0,243077.0,255750.0,272315.0,307513.0,349698.0,441452.0,521504.0,495350.0
강북구 - 일반회계중 사회복지예산비중＜br＞{(A+B)÷C×100},Statistics,45.6,45.6,49.2,49.4,52.2,55.1,56.0,54.5,53.6,53.8,55.3,50.8,59.8,54.4
강북구 - 전체 예산액＜br＞(C),Statistics,349824.0,314400.0,300547.0,330246.0,368185.0,399531.0,458976.0,495284.0,537609.0,603059.0,666043.0,910423.0,909238.0,973657.0
강서구 - 보건분야 예산액＜br＞(B),Statistics,10195.0,9929.0,8848.0,11850.0,12707.0,13475.0,17862.0,18649.0,22371.0,22040.0,25079.0,27805.0,35599.0,51812.0
강서구 - 사회복지분야 예산액＜br＞(A),Statistics,204323.0,184781.0,205770.0,236480.0,280573.0,321023.0,371847.0,394991.0,431373.0,480569.0,571231.0,692827.0,812441.0,768123.0
강서구 - 일반회계중 사회복지예산비중＜br＞{(A+B)÷C×100},Statistics,48.0,48.2,53.2,53.4,58.2,61.6,63.4,61.3,58.0,59.4,59.6,53.1,64.8,60.7
강서구 - 전체 예산액＜br＞(C),Statistics,447053.0,403694.0,403335.0,464670.0,503489.0,543057.0,614258.0,675088.0,781776.0,845878.0,1000873.0,1356065.0,1308137.0,1350730.0
강원특별자치도 - 보건분야 예산액＜br＞(B),Statistics,163373.0,137598.0,138196.0,144249.0,149986.0,173886.0,197847.0,229562.0,273966.0,262996.0,306811.0,363348.0,439727.0,539138.0
강원특별자치도 - 사회복지분야 예산액＜br＞(A),Statistics,1682815.0,1616570.0,1697186.0,1821176.0,2088483.0,2313733.0,2622886.0,2775536.0,3091693.0,3455455.0,4232447.0,5323115.0,5586331.0,6117120.0
강원특별자치도 - 일반회계중 사회복지예산비중＜br＞{(A+B)÷C×100},Statistics,20.9,20.7,21.1,21.0,21.3,24.3,24.7,23.5,24.8,26.8,27.4,30.6,31.5,30.7
강원특별자치도 - 전체 예산액＜br＞(C),Statistics,8823735.0,8478232.0,8701344.0,9343974.0,10485873.0,10252740.0,11439056.0,12804414.0,13546742.0,13867190.0,16548002.0,18556903.0,19121554.0,21671945.0
강진군 - 보건분야 예산액＜br＞(B),Statistics,5283.0,5303.0,5124.0,5344.0,4733.0,6207.0,5418.0,5019.0,6030.0,6260.0,6950.0,7353.0,7218.0,9131.0
강진군 - 사회복지분야 예산액＜br＞(A),Statistics,38294.0,36905.0,38084.0,38816.0,43455.0,49590.0,56919.0,59970.0,62003.0,67153.0,75946.0,96006.0,101496.0,99555.0
강진군 - 일반회계중 사회복지예산비중＜br＞{(A+B)÷C×100},Statistics,15.3,15.8,16.1,14.2,16.0,16.8,18.5,18.7,16.4,17.0,17.8,20.3,19.5,16.6
강진군 - 전체 예산액＜br＞(C),Statistics,284206.0,266716.0,269064.0,310248.0,302085.0,332136.0,336851.0,347120.0,415137.0,431637.0,466131.0,509036.0,557200.0,654361.0
강화군 - 보건분야 예산액＜br＞(B),Statistics,6958.0,6584.0,7371.0,6769.0,6486.0,6795.0,6991.0,9560.0,13988.0,12577.0,11865.0,14710.0,19756.0,20190.0
강화군 - 사회복지분야 예산액＜br＞(A),Statistics,54827.0,49734.0,55022.0,55786.0,60634.0,66612.0,79810.0,80077.0,92115.0,103249.0,121530.0,150989.0,163177.0,166148.0
강화군 - 일반회계중 사회복지예산비중＜br＞{(A+B)÷C×100},Statistics,16.7,16.0,17.8,16.7,17.0,18.5,21.3,20.7,21.9,22.1,21.7,25.8,27.1,24.4
강화군 - 전체 예산액＜br＞(C),Statistics,370625.0,352357.0,350373.0,373884.0,394942.0,397679.0,407892.0,433985.0,483599.0,523950.0,613890.0,643455.0,674954.0,763926.0
거제시 - 보건분야 예산액＜br＞(B),Statistics,6135.0,6087.0,6063.0,6835.0,7282.0,9197.0,10171.0,10421.0,13041.0,13105.0,12189.0,21341.0,21254.0,25900.0
거제시 - 사회복지분야 예산액＜br＞(A),Statistics,84669.0,79403.0,82358.0,98636.0,129467.0,143223.0,160240.0,173432.0,174606.0,209279.0,258763.0,390341.0,371029.0,346690.0
거제시 - 일반회계중 사회복지예산비중＜br＞{(A+B)÷C×100},Statistics,19.4,19.3,19.2,21.6,27.2,27.6,28.1,28.2,29.4,34.3,34.6,39.3,37.1,29.7
거제시 - 전체 예산액＜br＞(C),Statistics,467533.0,443983.0,461249.0,487576.0,503114.0,553220.0,606630.0,651540.0,638907.0,648198.0,782223.0,1048085.0,1057964.0,1253171.0
거창군 - 보건분야 예산액＜br＞(B),Statistics,4688.0,4935.0,5660.0,9093.0,9895.0,7812.0,8090.0,7073.0,8751.0,7304.0,7775.0,7940.0,9790.0,12437.0
거창군 - 사회복지분야 예산액＜br＞(A),Statistics,53576.0,53115.0,60311.0,61308.0,66042.0,76301.0,87378.0,89890.0,89068.0,98333.0,115907.0,132032.0,138977.0,155485.0
거창군 - 일반회계중 사회복지예산비중＜br＞{(A+B)÷C×100},Statistics,18.3,17.6,18.5,15.3,18.5,19.8,22.2,22.2,19.3,17.2,18.1,22.7,21.0,21.2
거창군 - 전체 예산액＜br＞(C),Statistics,318248.0,329262.0,357295.0,458656.0,411436.0,424069.0,429437.0,436414.0,505735.0,613496.0,683358.0,616639.0,709517.0,793092.0
경기 여주군 - 보건분야 예산액＜br＞(B),Statistics,4391.0,3498.0,4645.0,4750.0,,,,,,,,,,
경기 여주군 - 사회복지분야 예산액＜br＞(A),Statistics,68929.0,68766.0,70093.0,70608.0,,,,,,,,,,
경기 여주군 - 일반회계중 사회복지예산비중＜br＞{(A+B)÷C×100},Statistics,20.5,21.0,21.7,20.4,,,,,,,,,,
경기 여주군 - 전체 예산액＜br＞(C),Statistics,356793.0,344862.0,343874.0,369410.0,,,,,,,,,,
경기도 - 보건분야 예산액＜br＞(B),Statistics,511475.0,469164.0,486222.0,574552.0,605724.0,656952.0,803629.0,882966.0,1073483.0,1088735.0,1235455.0,1538071.0,1715424.0,2394986.0
경기도 - 사회복지분야 예산액＜br＞(A),Statistics,6345340.0,6616266.0,7262848.0,8570299.0,10443946.0,11846156.0,13338554.0,14158719.0,15221757.0,17290284.0,21327868.0,32100825.0,31646076.0,30859199.0
경기도 - 일반회계중 사회복지예산비중＜br＞{(A+B)÷C×100},Statistics,23.9,25.3,25.9,27.8,32.8,35.3,34.0,33.9,33.3,34.9,37.2,45.3,40.4,41.1
경기도 - 전체 예산액＜br＞(C),Statistics,28648433.0,28036308.0,29934933.0,32877030.0,33672500.0,35413764.0,41539323.0,44364563.0,48907329.0,52669239.0,60577773.0,74305746.0,82602938.0,80994687.0
경남 마산시 - 보건분야 예산액＜br＞(B),Statistics,7984.0,,,,,,,,,,,,,
경남 마산시 - 사회복지분야 예산액＜br＞(A),Statistics,174278.0,,,,,,,,,,,,,
경남 마산시 - 일반회계중 사회복지예산비중＜br＞{(A+B)÷C×100},Statistics,27.4,,,,,,,,,,,,,
경남 마산시 - 전체 예산액＜br＞(C),Statistics,665736.0,,,,,,,,,,,,,
경남 진해시 - 보건분야 예산액＜br＞(B),Statistics,4137.0,,,,,,,,,,,,,
경남 진해시 - 사회복지분야 예산액＜br＞(A),Statistics,80467.0,,,,,,,,,,,,,
경남 진해시 - 일반회계중 사회복지예산비중＜br＞{(A+B)÷C×100},Statistics,26.7,,,,,,,,,,,,,
경남 진해시 - 전체 예산액＜br＞(C),Statistics,317075.0,,,,,,,,,,,,,
경남 창원시 - 보건분야 예산액＜br＞(B),Statistics,8861.0,,,,,,,,,,,,,
경남 창원시 - 사회복지분야 예산액＜br＞(A),Statistics,169569.0,,,,,,,,,,,,,
경남 창원시 - 일반회계중 사회복지예산비중＜br＞{(A+B)÷C×100},Statistics,23.1,,,,,,,,,,,,,
경남 창원시 - 전체 예산액＜br＞(C),Statistics,770954.0,,,,,,,,,,,,,
경산시 - 보건분야 예산액＜br＞(B),Statistics,8251.0,8193.0,7971.0,9470.0,10291.0,12072.0,13399.0,14425.0,17201.0,16380.0,16774.0,20091.0,20169.0,30926.0
경산시 - 사회복지분야 예산액＜br＞(A),Statistics,130085.0,128787.0,130093.0,138588.0,160942.0,176427.0,199323.0,211785.0,224588.0,256157.0,307033.0,402571.0,375368.0,423828.0
경산시 - 일반회계중 사회복지예산비중＜br＞{(A+B)÷C×100},Statistics,29.8,30.6,28.8,28.9,30.1,31.9,33.2,32.3,30.5,32.2,33.6,33.7,35.4,35.4
경산시 - 전체 예산액＜br＞(C),Statistics,463600.0,447700.0,480000.0,511600.0,568000.0,591200.0,640000.0,700600.0,793000.0,845500.0,965000.0,1255000.0,1117200.0,1283000.0
경상남도 - 보건분야 예산액＜br＞(B),Statistics,179372.0,188873.0,214364.0,253179.0,264051.0,297501.0,305548.0,300470.0,376056.0,333322.0,383777.0,490798.0,527076.0,748684.0
경상남도 - 사회복지분야 예산액＜br＞(A),Statistics,2950703.0,2937970.0,3106941.0,3377458.0,3824247.0,4290686.0,4780960.0,5031378.0,5274787.0,5987370.0,7129257.0,9579647.0,9746220.0,9675504.0
경상남도 - 일반회계중 사회복지예산비중＜br＞{(A+B)÷C×100},Statistics,23.0,23.5,23.3,24.0,25.9,28.4,29.0,28.7,28.5,30.3,31.9,36.4,34.9,32.4
경상남도 - 전체 예산액＜br＞(C),Statistics,13631421.0,13315865.0,14271735.0,15104284.0,15754682.0,16146636.0,17553313.0,18551278.0,19821968.0,20869954.0,23575148.0,27662576.0,29402723.0,32182965.0
경상북도 - 보건분야 예산액＜br＞(B),Statistics,231226.0,224575.0,231059.0,246958.0,288408.0,294880.0,324130.0,334285.0,403680.0,383932.0,460633.0,564312.0,602469.0,826057.0
경상북도 - 사회복지분야 예산액＜br＞(A),Statistics,2891062.0,2857786.0,2937003.0,3200752.0,3611216.0,3990456.0,4514974.0,4751673.0,5012451.0,5506594.0,6565119.0,8901038.0,8876572.0,8730472.0
경상북도 - 일반회계중 사회복지예산비중＜br＞{(A+B)÷C×100},Statistics,23.1,22.8,22.0,21.5,23.3,25.1,26.1,25.7,25.6,26.3,27.1,33.4,31.5,27.6
경상북도 - 전체 예산액＜br＞(C),Statistics,13542556.0,13512263.0,14407298.0,16064524.0,16737411.0,17073154.0,18538809.0,19815091.0,21123843.0,22418950.0,25940714.0,28379333.0,30083077.0,34671965.0
경주시 - 보건분야 예산액＜br＞(B),Statistics,9296.0,10280.0,11256.0,14169.0,12830.0,13116.0,13323.0,13189.0,16976.0,16203.0,17856.0,20822.0,29785.0,36280.0
경주시 - 사회복지분야 예산액＜br＞(A),Statistics,152016.0,169913.0,161623.0,167997.0,183849.0,201295.0,231210.0,244281.0,251019.0,277348.0,324154.0,395811.0,403402.0,440574.0
경주시 - 일반회계중 사회복지예산비중＜br＞{(A+B)÷C×100},Statistics,24.0,26.1,23.7,22.2,23.6,24.0,24.4,23.7,24.1,25.3,25.7,27.8,27.4,25.2
경주시 - 전체 예산액＜br＞(C),Statistics,671000.0,690000.0,728500.0,820600.0,835000.0,894000.0,1004000.0,1086500.0,1112200.0,1159000.0,1328500.0,1500000.0,1581000.0,1894700.0
계룡시 - 보건분야 예산액＜br＞(B),Statistics,1653.0,1974.0,2153.0,2661.0,3688.0,4321.0,3933.0,4071.0,4686.0,5116.0,5198.0,4846.0,5709.0,6481.0
계룡시 - 사회복지분야 예산액＜br＞(A),Statistics,16143.0,17724.0,18696.0,20528.0,26147.0,28123.0,31418.0,30715.0,34312.0,40125.0,55425.0,63550.0,61657.0,76254.0
계룡시 - 일반회계중 사회복지예산비중＜br＞{(A+B)÷C×100},Statistics,17.3,20.8,19.6,19.5,22.5,25.1,24.5,24.3,24.6,24.3,25.2,29.9,28.3,28.4
계룡시 - 전체 예산액＜br＞(C),Statistics,102700.0,94630.0,106459.0,118785.0,132392.0,129073.0,144136.0,143059.0,158420.0,186481.0,240387.0,228378.0,237917.0,291737.0
계양구 - 보건분야 예산액＜br＞(B),Statistics,5421.0,5627.0,7074.0,6863.0,8524.0,9791.0,10615.0,11445.0,21702.0,15827.0,14025.0,30454.0,19049.0,24685.0
계양구 - 사회복지분야 예산액＜br＞(A),Statistics,105803.0,103375.0,113949.0,130371.0,155794.0,176020.0,192747.0,200261.0,210412.0,240811.0,286906.0,351861.0,445015.0,417092.0
계양구 - 일반회계중 사회복지예산비중＜br＞{(A+B)÷C×100},Statistics,49.4,50.3,49.9,54.7,56.1,54.8,58.7,55.3,52.8,54.8,56.0,60.5,63.4,61.6
계양구 - 전체 예산액＜br＞(C),Statistics,225049.0,216823.0,242697.0,250658.0,293163.0,339217.0,346422.0,382573.0,439515.0,468250.0,537402.0,631816.0,731753.0,716888.0
고령군 - 보건분야 예산액＜br＞(B),Statistics,3636.0,3135.0,2778.0,4192.0,8705.0,5194.0,4244.0,4135.0,4772.0,4398.0,5130.0,7281.0,6166.0,9035.0
고령군 - 사회복지분야 예산액＜br＞(A),Statistics,28703.0,28795.0,28976.0,32733.0,35735.0,38290.0,44015.0,48544.0,50245.0,55993.0,64140.0,76437.0,85191.0,86323.0
고령군 - 일반회계중 사회복지예산비중＜br＞{(A+B)÷C×100},Statistics,16.1,15.8,14.6,12.9,16.6,17.3,17.6,18.4,18.1,19.8,20.2,23.0,23.6,20.3
고령군 - 전체 예산액＜br＞(C),Statistics,201199.0,202054.0,217055.0,285714.0,268462.0,251950.0,273675.0,285823.0,303858.0,304515.0,342780.0,363835.0,387260.0,470654.0
고성군 - 보건분야 예산액＜br＞(B),Statistics,4722.0,4104.0,3983.0,2424.0,2745.0,3055.0,4180.0,5040.0,4988.0,4542.0,6515.0,4949.0,6337.0,6366.0
고성군 - 사회복지분야 예산액＜br＞(A),Statistics,29066.0,27466.0,28034.0,29159.0,32443.0,36554.0,42911.0,41539.0,43431.0,48042.0,65847.0,74092.0,72091.0,80653.0
고성군 - 일반회계중 사회복지예산비중＜br＞{(A+B)÷C×100},Statistics,15.5,14.3,14.7,12.4,13.3,14.3,17.0,15.0,15.1,15.9,16.2,18.6,17.8,17.5
고성군 - 전체 예산액＜br＞(C),Statistics,218208.0,220810.0,217842.0,255214.0,264655.0,276664.0,277595.0,309788.0,321099.0,329786.0,446627.0,426076.0,440985.0,496668.0
고양시 - 보건분야 예산액＜br＞(B),Statistics,15912.0,17507.0,19049.0,22274.0,26262.0,27181.0,32102.0,35569.0,40200.0,39746.0,48928.0,61259.0,69471.0,108120.0
고양시 - 사회복지분야 예산액＜br＞(A),Statistics,274021.0,280822.0,293683.0,355269.0,429810.0,493354.0,564796.0,612257.0,640474.0,736884.0,909383.0,1386475.0,1349686.0,1302799.0
고양시 - 일반회계중 사회복지예산비중＜br＞{(A+B)÷C×100},Statistics,29.4,30.5,29.8,30.2,39.2,42.8,44.0,43.5,41.1,41.7,41.4,51.0,49.8,48.7
고양시 - 전체 예산액＜br＞(C),Statistics,987829.0,977791.0,1048884.0,1249975.0,1163131.0,1216987.0,1357427.0,1488300.0,1654690.0,1861535.0,2313801.0,2838487.0,2850063.0,2896555.0
고창군 - 보건분야 예산액＜br＞(B),Statistics,4195.0,5089.0,4888.0,6076.0,5341.0,6020.0,7184.0,6837.0,8431.0,8293.0,9412.0,9951.0,12152.0,12567.0
고창군 - 사회복지분야 예산액＜br＞(A),Statistics,54394.0,55929.0,52561.0,56065.0,63760.0,73614.0,88252.0,91826.0,93516.0,107276.0,117505.0,135693.0,149096.0,144709.0
고창군 - 일반회계중 사회복지예산비중＜br＞{(A+B)÷C×100},Statistics,15.1,16.0,13.8,14.6,16.2,18.0,20.8,20.0,17.7,18.6,19.0,20.0,20.3,18.5
고창군 - 전체 예산액＜br＞(C),Statistics,388717.0,382237.0,414939.0,424502.0,427554.0,443211.0,457846.0,492132.0,577532.0,619937.0,667623.0,727515.0,794281.0,850780.0
고흥군 - 보건분야 예산액＜br＞(B),Statistics,7675.0,8746.0,7701.0,8125.0,9446.0,7647.0,7853.0,7639.0,14434.0,12030.0,11758.0,11624.0,11114.0,14601.0
고흥군 - 사회복지분야 예산액＜br＞(A),Statistics,72988.0,68058.0,67847.0,66695.0,72537.0,85920.0,103854.0,109602.0,114001.0,126062.0,145456.0,175816.0,185508.0,193612.0
고흥군 - 일반회계중 사회복지예산비중＜br＞{(A+B)÷C×100},Statistics,19.7,19.5,18.7,15.8,15.8,18.6,19.5,19.8,19.5,20.2,19.2,21.6,22.1,22.0
고흥군 - 전체 예산액＜br＞(C),Statistics,409333.0,393763.0,403905.0,474839.0,519321.0,502896.0,571591.0,590694.0,659434.0,685236.0,817581.0,867188.0,890265.0,946145.0
곡성군 - 보건분야 예산액＜br＞(B),Statistics,3383.0,2931.0,7213.0,3956.0,3550.0,6232.0,5412.0,4686.0,7569.0,6366.0,6760.0,6214.0,7737.0,10046.0
곡성군 - 사회복지분야 예산액＜br＞(A),Statistics,32751.0,29801.0,33894.0,32790.0,37763.0,42572.0,49155.0,50159.0,54836.0,58643.0,71725.0,74821.0,82181.0,81854.0
곡성군 - 일반회계중 사회복지예산비중＜br＞{(A+B)÷C×100},Statistics,14.2,14.6,17.5,14.0,15.1,17.3,18.3,17.4,17.7,16.7,18.8,16.9,18.8,16.2
곡성군 - 전체 예산액＜br＞(C),Statistics,254037.0,223917.0,235543.0,262201.0,273651.0,282438.0,298742.0,315128.0,353312.0,388829.0,417564.0,478087.0,479476.0,567881.0
공주시 - 보건분야 예산액＜br＞(B),Statistics,5695.0,7379.0,7039.0,6516.0,8741.0,11669.0,9955.0,15257.0,12612.0,12330.0,13511.0,16589.0,21417.0,20673.0
공주시 - 사회복지분야 예산액＜br＞(A),Statistics,96601.0,99633.0,112483.0,100979.0,101176.0,117198.0,132416.0,131305.0,138912.0,151711.0,175110.0,206031.0,213442.0,250051.0
공주시 - 일반회계중 사회복지예산비중＜br＞{(A+B)÷C×100},Statistics,22.9,23.7,26.7,21.7,21.5,22.6,26.0,23.7,21.9,21.4,20.7,25.1,24.0,23.5
공주시 - 전체 예산액＜br＞(C),Statistics,446600.0,451800.0,448100.0,496000.0,512400.0,570951.0,548000.0,617400.0,692200.0,766455.0,910000.0,885879.0,978875.0,1151558.0
과천시 - 보건분야 예산액＜br＞(B),Statistics,2222.0,2407.0,2604.0,2556.0,2663.0,2580.0,3058.0,3399.0,4117.0,3885.0,6723.0,8901.0,7128.0,9492.0
과천시 - 사회복지분야 예산액＜br＞(A),Statistics,39107.0,48303.0,42927.0,46009.0,48958.0,47059.0,50352.0,51638.0,52165.0,59477.0,77455.0,103894.0,98883.0,187358.0
과천시 - 일반회계중 사회복지예산비중＜br＞{(A+B)÷C×100},Statistics,19.8,24.4,21.3,18.8,26.2,23.1,21.8,21.2,19.1,20.4,24.9,28.8,21.2,40.6
과천시 - 전체 예산액＜br＞(C),Statistics,208532.0,207734.0,213912.0,258209.0,197355.0,214918.0,245160.0,260061.0,294972.0,310333.0,337967.0,391572.0,500229.0,484274.0
관악구 - 보건분야 예산액＜br＞(B),Statistics,10794.0,8473.0,7340.0,9463.0,11899.0,13076.0,13088.0,14389.0,16547.0,16685.0,18173.0,20530.0,23554.0,40955.0
관악구 - 사회복지분야 예산액＜br＞(A),Statistics,150553.0,136240.0,143681.0,170267.0,203148.0,256464.0,270745.0,296118.0,312877.0,338936.0,403185.0,542887.0,636640.0,597708.0
관악구 - 일반회계중 사회복지예산비중＜br＞{(A+B)÷C×100},Statistics,42.3,42.0,45.7,48.1,52.0,56.4,57.3,56.9,53.8,54.0,55.2,51.2,60.4,55.3
관악구 - 전체 예산액＜br＞(C),Statistics,381726.0,344430.0,330189.0,373701.0,413225.0,477961.0,495431.0,545313.0,611775.0,658593.0,762869.0,1100648.0,1093158.0,1155314.0
광명시 - 보건분야 예산액＜br＞(B),Statistics,8945.0,10308.0,11317.0,9825.0,12874.0,11740.0,13096.0,13884.0,15648.0,14504.0,15346.0,19183.0,21224.0,26750.0
광명시 - 사회복지분야 예산액＜br＞(A),Statistics,103137.0,103816.0,117294.0,146766.0,181209.0,201647.0,220526.0,241882.0,245663.0,273150.0,316060.0,431967.0,433130.0,414065.0
광명시 - 일반회계중 사회복지예산비중＜br＞{(A+B)÷C×100},Statistics,31.5,31.9,31.7,34.7,40.8,43.1,40.9,41.3,39.8,40.2,42.4,48.5,47.6,39.8
광명시 - 전체 예산액＜br＞(C),Statistics,355305.0,358291.0,406229.0,451114.0,475176.0,495112.0,571594.0,618649.0,656051.0,715042.0,780894.0,929391.0,954565.0,1106489.0
광산구 - 보건분야 예산액＜br＞(B),Statistics,6204.0,6332.0,6667.0,9256.0,12291.0,11610.0,14392.0,14813.0,18446.0,16370.0,17785.0,19767.0,21761.0,30421.0
광산구 - 사회복지분야 예산액＜br＞(A),Statistics,151159.0,161494.0,180738.0,211522.0,240663.0,267040.0,295369.0,304718.0,307258.0,343728.0,413897.0,514471.0,514247.0,574177.0
광산구 - 일반회계중 사회복지예산비중＜br＞{(A+B)÷C×100},Statistics,52.4,55.7,54.3,56.7,59.9,59.9,61.2,61.4,58.5,58.9,59.0,55.2,52.0,58.2
광산구 - 전체 예산액＜br＞(C),Statistics,300408.0,301347.0,344892.0,389178.0,422290.0,464961.0,506531.0,520585.0,556304.0,611101.0,732085.0,968329.0,1030138.0,1039117.0
광양시 - 보건분야 예산액＜br＞(B),Statistics,6188.0,7143.0,8022.0,7791.0,9797.0,9817.0,11625.0,12526.0,16424.0,14519.0,19343.0,37878.0,34048.0,28565.0
광양시 - 사회복지분야 예산액＜br＞(A),Statistics,71070.0,73936.0,78414.0,85958.0,99791.0,109747.0,125137.0,132557.0,149946.0,173182.0,199060.0,248261.0,247855.0,255071.0
광양시 - 일반회계중 사회복지예산비중＜br＞{(A+B)÷C×100},Statistics,18.0,20.6,20.6,21.6,24.0,25.3,26.5,25.9,26.2,28.3,26.8,30.6,29.5,25.7
광양시 - 전체 예산액＜br＞(C),Statistics,429014.0,393241.0,419217.0,433212.0,457086.0,473010.0,516748.0,559158.0,634625.0,662524.0,815528.0,935068.0,957129.0,1102895.0
광주광역시 - 보건분야 예산액＜br＞(B),Statistics,49960.0,63537.0,63837.0,80520.0,98567.0,96944.0,112309.0,118056.0,150620.0,157586.0,170801.0,196893.0,232644.0,329273.0
광주광역시 - 사회복지분야 예산액＜br＞(A),Statistics,1400802.0,1404483.0,1492425.0,1659026.0,1889621.0,2106372.0,2369120.0,2466915.0,2536178.0,2817908.0,3372577.0,4781533.0,4798346.0,4761794.0
광주광역시 - 일반회계중 사회복지예산비중＜br＞{(A+B)÷C×100},Statistics,38.3,40.4,38.5,40.1,41.2,43.3,44.7,47.7,45.7,46.6,47.2,52.5,49.6,48.4
광주광역시 - 전체 예산액＜br＞(C),Statistics,3788925.0,3636873.0,4046578.0,4339006.0,4831014.0,5089104.0,5549418.0,5417334.0,5873671.0,6389194.0,7499770.0,9480839.0,10149444.0,10529367.0
광주시 - 보건분야 예산액＜br＞(B),Statistics,6590.0,6805.0,7227.0,10203.0,8903.0,9647.0,11532.0,14981.0,15878.0,14032.0,18390.0,21504.0,25546.0,32117.0
광주시 - 사회복지분야 예산액＜br＞(A),Statistics,88071.0,90541.0,102224.0,127690.0,161891.0,179435.0,204176.0,217075.0,238203.0,274899.0,349388.0,522647.0,528683.0,502341.0
광주시 - 일반회계중 사회복지예산비중＜br＞{(A+B)÷C×100},Statistics,21.3,22.4,22.7,28.0,34.1,38.6,38.5,33.5,30.6,29.8,34.0,43.8,40.9,36.4
광주시 - 전체 예산액＜br＞(C),Statistics,443984.0,435366.0,481356.0,493139.0,501296.0,489700.0,560978.0,692354.0,830182.0,968169.0,1080866.0,1241757.0,1353612.0,1468896.0
광진구 - 보건분야 예산액＜br＞(B),Statistics,9876.0,9236.0,8293.0,7599.0,10046.0,12472.0,13649.0,12217.0,14834.0,14047.0,14452.0,18528.0,23313.0,33752.0
광진구 - 사회복지분야 예산액＜br＞(A),Statistics,96969.0,91794.0,93601.0,113769.0,132195.0,150773.0,180133.0,186702.0,194888.0,220330.0,269664.0,355787.0,409386.0,379148.0
광진구 - 일반회계중 사회복지예산비중＜br＞{(A+B)÷C×100},Statistics,35.4,36.8,37.5,40.4,43.9,46.4,48.5,46.0,44.4,46.2,48.7,44.3,54.2,47.3
광진구 - 전체 예산액＜br＞(C),Statistics,301438.0,274872.0,271695.0,300706.0,323773.0,351455.0,399476.0,432653.0,472314.0,506946.0,583625.0,845646.0,799060.0,872843.0
괴산군 - 보건분야 예산액＜br＞(B),Statistics,4309.0,5066.0,4942.0,3786.0,4309.0,4930.0,4658.0,5086.0,6577.0,8551.0,8953.0,7505.0,6771.0,8529.0
괴산군 - 사회복지분야 예산액＜br＞(A),Statistics,37196.0,34492.0,36551.0,36170.0,40225.0,49258.0,54880.0,57554.0,59366.0,66640.0,78958.0,100678.0,97705.0,96271.0
괴산군 - 일반회계중 사회복지예산비중＜br＞{(A+B)÷C×100},Statistics,15.2,14.5,15.0,13.0,13.6,15.7,17.3,17.7,15.9,16.4,17.2,18.9,17.0,14.3
괴산군 - 전체 예산액＜br＞(C),Statistics,273551.0,272931.0,277164.0,308341.0,328364.0,344229.0,345006.0,353590.0,414857.0,459346.0,511654.0,573319.0,616133.0,735105.0
구례군 - 보건분야 예산액＜br＞(B),Statistics,2585.0,3224.0,3197.0,3999.0,3666.0,4025.0,3441.0,3408.0,4853.0,3489.0,4537.0,6761.0,6670.0,6356.0
구례군 - 사회복지분야 예산액＜br＞(A),Statistics,30353.0,25574.0,25724.0,27011.0,30098.0,36788.0,40018.0,38787.0,42316.0,48161.0,57250.0,80095.0,72983.0,70097.0
구례군 - 일반회계중 사회복지예산비중＜br＞{(A+B)÷C×100},Statistics,15.7,14.4,13.8,13.1,14.1,16.6,18.3,16.8,16.2,17.6,18.4,20.7,13.7,15.7
구례군 - 전체 예산액＜br＞(C),Statistics,209139.0,200012.0,209800.0,237122.0,239900.0,245464.0,237366.0,251092.0,291441.0,292715.0,335674.0,419140.0,580202.0,488028.0
구로구 - 보건분야 예산액＜br＞(B),Statistics,10673.0,8479.0,9747.0,10884.0,12580.0,14354.0,16582.0,17823.0,19711.0,20186.0,23680.0,21715.0,29407.0,39995.0
구로구 - 사회복지분야 예산액＜br＞(A),Statistics,118621.0,115740.0,126631.0,164314.0,197549.0,234453.0,250941.0,274706.0,288680.0,325657.0,381989.0,493435.0,499954.0,529442.0
구로구 - 일반회계중 사회복지예산비중＜br＞{(A+B)÷C×100},Statistics,37.9,38.7,43.4,48.7,52.8,55.1,56.8,55.4,53.2,55.0,55.1,49.7,52.3,54.8
구로구 - 전체 예산액＜br＞(C),Statistics,341163.0,320916.0,314117.0,359442.0,397987.0,451636.0,470961.0,528037.0,580170.0,629071.0,735768.0,1037380.0,1013046.0,1039024.0
구리시 - 보건분야 예산액＜br＞(B),Statistics,4142.0,5716.0,4825.0,5243.0,6016.0,6649.0,7706.0,8150.0,8917.0,9516.0,9982.0,12660.0,13844.0,17384.0
구리시 - 사회복지분야 예산액＜br＞(A),Statistics,64394.0,65534.0,71287.0,81621.0,96060.0,106874.0,118615.0,125770.0,139372.0,158976.0,202787.0,293963.0,272726.0,283582.0
구리시 - 일반회계중 사회복지예산비중＜br＞{(A+B)÷C×100},Statistics,26.8,28.9,28.6,28.9,31.9,33.9,32.9,33.7,34.0,37.4,37.1,47.9,37.7,42.2
구리시 - 전체 예산액＜br＞(C),Statistics,255421.0,246457.0,265663.0,300538.0,320146.0,335074.0,383684.0,397511.0,436089.0,450802.0,573280.0,640300.0,760485.0,712627.0
구미시 - 보건분야 예산액＜br＞(B),Statistics,9402.0,9945.0,10576.0,11250.0,13919.0,15464.0,17719.0,19633.0,21421.0,20732.0,22558.0,30501.0,34113.0,49773.0
구미시 - 사회복지분야 예산액＜br＞(A),Statistics,153389.0,171648.0,166729.0,195686.0,243830.0,257016.0,271485.0,283498.0,279954.0,318386.0,388213.0,497487.0,548649.0,548247.0
구미시 - 일반회계중 사회복지예산비중＜br＞{(A+B)÷C×100},Statistics,23.5,24.6,24.5,24.5,28.0,29.4,29.0,28.3,30.0,31.8,33.0,39.3,39.7,35.0
구미시 - 전체 예산액＜br＞(C),Statistics,691600.0,738300.0,724500.0,843125.0,920700.0,926500.0,998000.0,1072400.0,1003700.0,1066700.0,1245900.0,1344200.0,1466200.0,1710900.0
군산시 - 보건분야 예산액＜br＞(B),Statistics,9589.0,10158.0,15093.0,10647.0,11603.0,11207.0,12497.0,13107.0,14768.0,21943.0,17644.0,18667.0,18065.0,26120.0
군산시 - 사회복지분야 예산액＜br＞(A),Statistics,172919.0,164300.0,166408.0,187245.0,214589.0,238851.0,264025.0,281801.0,295070.0,339548.0,405889.0,538504.0,540777.0,560672.0
군산시 - 일반회계중 사회복지예산비중＜br＞{(A+B)÷C×100},Statistics,27.6,28.5,26.7,26.8,29.7,32.6,33.6,35.4,34.0,35.7,33.2,39.4,39.2,35.1
군산시 - 전체 예산액＜br＞(C),Statistics,661065.0,611323.0,680182.0,739778.0,761743.0,766246.0,822937.0,832280.0,910130.0,1012723.0,1275513.0,1413435.0,1426982.0,1672267.0
군위군 - 보건분야 예산액＜br＞(B),Statistics,8499.0,7164.0,3076.0,3427.0,4357.0,4208.0,4479.0,4149.0,5034.0,5022.0,6697.0,5876.0,6316.0,8208.0
군위군 - 사회복지분야 예산액＜br＞(A),Statistics,23106.0,20239.0,21732.0,23462.0,27185.0,31110.0,35416.0,37581.0,40168.0,41961.0,52486.0,59528.0,65201.0,68867.0
군위군 - 일반회계중 사회복지예산비중＜br＞{(A+B)÷C×100},Statistics,15.8,13.9,11.8,12.4,12.2,14.0,15.0,13.8,13.2,14.4,16.6,16.8,18.5,15.1
군위군 - 전체 예산액＜br＞(C),Statistics,200501.0,197181.0,210586.0,217667.0,259204.0,252948.0,265712.0,301731.0,343627.0,326517.0,356393.0,389568.0,387189.0,511240.0
군포시 - 보건분야 예산액＜br＞(B),Statistics,8610.0,9176.0,9849.0,10218.0,10139.0,9083.0,11964.0,11810.0,13924.0,18422.0,19085.0,23188.0,23921.0,25060.0
군포시 - 사회복지분야 예산액＜br＞(A),Statistics,82031.0,83080.0,96196.0,120627.0,138545.0,159304.0,173869.0,184065.0,191904.0,215054.0,274371.0,370885.0,377809.0,370723.0
군포시 - 일반회계중 사회복지예산비중＜br＞{(A+B)÷C×100},Statistics,28.7,30.1,31.3,36.4,40.3,40.1,41.1,38.6,37.3,41.1,43.1,49.4,48.4,46.5
군포시 - 전체 예산액＜br＞(C),Statistics,316134.0,306507.0,338410.0,359466.0,369032.0,419896.0,452337.0,507712.0,552519.0,568167.0,681290.0,798380.0,829632.0,851696.0
금산군 - 보건분야 예산액＜br＞(B),Statistics,5108.0,5218.0,5110.0,6231.0,6891.0,7275.0,6745.0,7334.0,9061.0,8412.0,10783.0,13748.0,14788.0,14870.0
금산군 - 사회복지분야 예산액＜br＞(A),Statistics,48580.0,51939.0,46268.0,50986.0,60690.0,63557.0,74182.0,71659.0,74260.0,82520.0,101738.0,122716.0,127794.0,142394.0
금산군 - 일반회계중 사회복지예산비중＜br＞{(A+B)÷C×100},Statistics,19.6,20.8,18.3,19.1,21.5,22.3,25.2,23.3,22.8,22.7,22.5,23.6,25.3,24.4
금산군 - 전체 예산액＜br＞(C),Statistics,274568.0,275224.0,280006.0,300044.0,314722.0,317961.0,320969.0,338653.0,364868.0,400266.0,499888.0,578069.0,564337.0,643371.0
금정구 - 보건분야 예산액＜br＞(B),Statistics,3968.0,3534.0,4172.0,4164.0,5474.0,5714.0,6318.0,7140.0,8935.0,8175.0,8370.0,10958.0,13781.0,19510.0
금정구 - 사회복지분야 예산액＜br＞(A),Statistics,96848.0,97794.0,101133.0,112307.0,126985.0,144076.0,164184.0,173457.0,183226.0,201620.0,242335.0,363206.0,345570.0,335424.0
금정구 - 일반회계중 사회복지예산비중＜br＞{(A+B)÷C×100},Statistics,49.0,49.6,45.1,47.7,51.3,52.1,54.9,52.5,50.1,52.5,52.5,60.7,58.1,55.1
금정구 - 전체 예산액＜br＞(C),Statistics,205912.0,204482.0,233749.0,244228.0,258066.0,287596.0,310673.0,343811.0,383757.0,399636.0,477413.0,616145.0,618812.0,643971.0
금천구 - 보건분야 예산액＜br＞(B),Statistics,6854.0,5316.0,5727.0,6943.0,7262.0,6720.0,8995.0,9354.0,11734.0,11450.0,12335.0,16016.0,20710.0,24665.0
금천구 - 사회복지분야 예산액＜br＞(A),Statistics,100926.0,102323.0,103997.0,128226.0,148752.0,149990.0,167263.0,182504.0,204598.0,210654.0,257795.0,326472.0,327566.0,370133.0
금천구 - 일반회계중 사회복지예산비중＜br＞{(A+B)÷C×100},Statistics,38.1,40.1,43.4,47.5,51.5,51.7,51.9,51.0,51.3,49.4,50.0,46.3,50.1,52.4
금천구 - 전체 예산액＜br＞(C),Statistics,282713.0,268615.0,252984.0,284524.0,303096.0,303024.0,339680.0,375843.0,421603.0,449523.0,540758.0,739812.0,695665.0,753864.0
기장군 - 보건분야 예산액＜br＞(B),Statistics,3029.0,2646.0,3682.0,4265.0,5465.0,7039.0,10196.0,15122.0,13116.0,11636.0,13153.0,15642.0,20695.0,24425.0
기장군 - 사회복지분야 예산액＜br＞(A),Statistics,57234.0,54532.0,61423.0,77011.0,93930.0,113504.0,135163.0,150560.0,161894.0,176816.0,222156.0,340190.0,321031.0,306314.0
기장군 - 일반회계중 사회복지예산비중＜br＞{(A+B)÷C×100},Statistics,20.4,23.7,25.6,28.1,30.6,25.0,36.1,39.7,37.6,39.4,43.9,54.7,47.6,40.4
기장군 - 전체 예산액＜br＞(C),Statistics,295424.0,241726.0,254534.0,288890.0,324970.0,482618.0,402691.0,416865.0,465827.0,478317.0,535566.0,650688.0,717259.0,818376.0
김제시 - 보건분야 예산액＜br＞(B),Statistics,6562.0,6244.0,6797.0,7737.0,8634.0,9480.0,8543.0,9383.0,12435.0,11857.0,13300.0,17290.0,23572.0,19126.0
김제시 - 사회복지분야 예산액＜br＞(A),Statistics,94168.0,90756.0,94904.0,94998.0,104885.0,118338.0,131869.0,131819.0,144203.0,156510.0,180845.0,240126.0,241950.0,243539.0
김제시 - 일반회계중 사회복지예산비중＜br＞{(A+B)÷C×100},Statistics,23.5,21.9,20.4,19.2,19.8,22.5,22.7,23.2,23.1,24.3,21.3,26.5,26.1,23.0
김제시 - 전체 예산액＜br＞(C),Statistics,428134.0,443657.0,497700.0,535206.0,574175.0,569204.0,617970.0,607565.0,678728.0,693039.0,909803.0,972908.0,1015816.0,1139661.0
김천시 - 보건분야 예산액＜br＞(B),Statistics,10280.0,7676.0,7313.0,8568.0,9982.0,10994.0,13220.0,19962.0,18065.0,15070.0,18799.0,26757.0,32059.0,43392.0
김천시 - 사회복지분야 예산액＜br＞(A),Statistics,97332.0,97982.0,97858.0,108466.0,115322.0,129648.0,154623.0,158540.0,166788.0,188466.0,204639.0,265098.0,283036.0,285219.0
김천시 - 일반회계중 사회복지예산비중＜br＞{(A+B)÷C×100},Statistics,23.3,23.2,21.3,18.5,21.5,22.6,24.3,23.6,21.4,21.9,24.0,28.1,27.6,23.7
김천시 - 전체 예산액＜br＞(C),Statistics,461900.0,455400.0,493600.0,633000.0,582000.0,623000.0,692000.0,756700.0,864000.0,929400.0,929400.0,1040000.0,1139800.0,1384300.0
김포시 - 보건분야 예산액＜br＞(B),Statistics,6911.0,7756.0,7786.0,9493.0,10717.0,12432.0,12388.0,14970.0,19071.0,16145.0,18391.0,27467.0,34590.0,51458.0
김포시 - 사회복지분야 예산액＜br＞(A),Statistics,83747.0,96337.0,102073.0,128361.0,164862.0,187437.0,218367.0,230303.0,258870.0,310152.0,400865.0,584529.0,667441.0,611870.0
김포시 - 일반회계중 사회복지예산비중＜br＞{(A+B)÷C×100},Statistics,16.3,18.9,23.6,28.2,29.8,36.1,35.0,33.2,34.6,34.1,36.0,42.3,42.5,40.5
김포시 - 전체 예산액＜br＞(C),Statistics,556853.0,551594.0,465933.0,488404.0,589490.0,554384.0,659890.0,739239.0,804173.0,957650.0,1165475.0,1445367.0,1651299.0,1636179.0
김해시 - 보건분야 예산액＜br＞(B),Statistics,14772.0,12171.0,13396.0,14919.0,14995.0,15896.0,18215.0,25119.0,23976.0,20126.0,24852.0,29672.0,28810.0,43791.0
김해시 - 사회복지분야 예산액＜br＞(A),Statistics,200272.0,213212.0,229743.0,251077.0,285190.0,314251.0,331574.0,348165.0,357733.0,417549.0,511642.0,619194.0,640960.0,706291.0
김해시 - 일반회계중 사회복지예산비중＜br＞{(A+B)÷C×100},Statistics,24.3,27.1,28.8,31.0,31.4,34.9,32.5,33.3,30.7,33.8,35.7,36.4,36.6,37.6
김해시 - 전체 예산액＜br＞(C),Statistics,885935.0,832553.0,843047.0,857311.0,955091.0,946420.0,1076457.0,1119494.0,1243971.0,1293441.0,1502223.0,1782346.0,1829695.0,1996539.0
나주시 - 보건분야 예산액＜br＞(B),Statistics,5019.0,5521.0,5457.0,5054.0,6863.0,7465.0,8916.0,9891.0,12989.0,11526.0,14486.0,15769.0,12532.0,17166.0
나주시 - 사회복지분야 예산액＜br＞(A),Statistics,86858.0,85363.0,87964.0,89826.0,96912.0,104757.0,123477.0,133278.0,144504.0,168218.0,200854.0,230876.0,237535.0,253270.0
나주시 - 일반회계중 사회복지예산비중＜br＞{(A+B)÷C×100},Statistics,19.0,19.4,18.6,18.4,20.1,22.0,23.6,21.4,21.7,24.1,25.9,27.0,25.2,25.4
나주시 - 전체 예산액＜br＞(C),Statistics,483075.0,469549.0,502028.0,514713.0,515263.0,510272.0,561273.0,669729.0,724691.0,747013.0,832445.0,915130.0,993262.0,1063458.0
남구 - 보건분야 예산액＜br＞(B),Statistics,4083.0,4273.0,4146.0,4448.0,6049.0,6298.0,7184.0,8021.0,9555.0,8489.0,11113.0,15620.0,15957.0,20067.0
남구 - 사회복지분야 예산액＜br＞(A),Statistics,85669.0,97383.0,102422.0,110335.0,129464.0,153985.0,178383.0,190551.0,196919.0,219755.0,271887.0,310674.0,378036.0,385628.0
남구 - 일반회계중 사회복지예산비중＜br＞{(A+B)÷C×100},Statistics,45.9,54.4,48.3,50.2,52.6,55.7,54.9,54.2,53.0,55.4,58.0,49.5,57.3,56.9
남구 - 전체 예산액＜br＞(C),Statistics,195522.0,186835.0,220412.0,228540.0,257730.0,287649.0,337785.0,366558.0,389771.0,412049.0,488339.0,659373.0,687408.0,712523.0
남동구 - 보건분야 예산액＜br＞(B),Statistics,6095.0,6641.0,12286.0,10999.0,12258.0,12620.0,14066.0,16048.0,20550.0,17425.0,20370.0,24219.0,23891.0,34786.0
남동구 - 사회복지분야 예산액＜br＞(A),Statistics,158388.0,154843.0,171678.0,211782.0,243232.0,277096.0,316387.0,337141.0,357993.0,415643.0,501223.0,606300.0,747799.0,709490.0
남동구 - 일반회계중 사회복지예산비중＜br＞{(A+B)÷C×100},Statistics,42.7,45.3,47.9,53.2,55.9,57.2,59.1,55.9,54.7,57.4,60.7,65.8,65.0,64.9
남동구 - 전체 예산액＜br＞(C),Statistics,384901.0,356402.0,384057.0,418565.0,457416.0,506819.0,558860.0,632105.0,692247.0,754895.0,858628.0,958139.0,1186403.0,1146331.0
남양주시 - 보건분야 예산액＜br＞(B),Statistics,9110.0,10321.0,13624.0,16528.0,23863.0,19221.0,22806.0,30635.0,31365.0,28672.0,34871.0,38323.0,45483.0,60858.0
남양주시 - 사회복지분야 예산액＜br＞(A),Statistics,177853.0,192447.0,210379.0,251708.0,299057.0,347127.0,395144.0,422963.0,457689.0,527775.0,675412.0,1004698.0,1023028.0,966492.0
남양주시 - 일반회계중 사회복지예산비중＜br＞{(A+B)÷C×100},Statistics,28.5,28.9,33.1,33.7,40.9,44.0,44.3,42.0,40.5,39.6,43.6,52.1,49.2,46.0
남양주시 - 전체 예산액＜br＞(C),Statistics,655026.0,702396.0,677597.0,795898.0,790421.0,833198.0,943269.0,1080632.0,1208280.0,1403782.0,1629006.0,2000756.0,2172530.0,2232227.0
남원시 - 보건분야 예산액＜br＞(B),Statistics,5914.0,6639.0,7782.0,6860.0,7346.0,6916.0,9219.0,8525.0,10253.0,10709.0,12750.0,14674.0,20279.0,23441.0
남원시 - 사회복지분야 예산액＜br＞(A),Statistics,86180.0,86856.0,86734.0,92559.0,95343.0,105038.0,122028.0,125759.0,128808.0,142476.0,162936.0,216307.0,224879.0,224583.0
남원시 - 일반회계중 사회복지예산비중＜br＞{(A+B)÷C×100},Statistics,22.1,20.9,21.7,21.5,21.4,22.6,25.2,23.6,21.5,21.7,21.6,25.7,25.4,22.3
남원시 - 전체 예산액＜br＞(C),Statistics,417301.0,448285.0,434625.0,461578.0,479565.0,494436.0,520081.0,568321.0,647134.0,705223.0,814337.0,900119.0,963542.0,1110845.0
남해군 - 보건분야 예산액＜br＞(B),Statistics,4196.0,4877.0,4153.0,4552.0,4698.0,5929.0,5334.0,5042.0,9195.0,7188.0,7632.0,8774.0,9776.0,12515.0
남해군 - 사회복지분야 예산액＜br＞(A),Statistics,51574.0,49181.0,52063.0,48892.0,51696.0,56813.0,67989.0,69336.0,71738.0,78495.0,94018.0,113882.0,122403.0,116354.0
남해군 - 일반회계중 사회복지예산비중＜br＞{(A+B)÷C×100},Statistics,20.0,21.7,19.2,17.9,18.9,20.7,23.0,22.4,20.8,21.4,22.4,25.2,26.8,21.3
남해군 - 전체 예산액＜br＞(C),Statistics,278789.0,249594.0,292316.0,298070.0,298642.0,302808.0,318415.0,331346.0,389507.0,400463.0,453096.0,487511.0,493506.0,603747.0
노원구 - 보건분야 예산액＜br＞(B),Statistics,9073.0,8871.0,10293.0,12569.0,16900.0,16850.0,20720.0,20731.0,21986.0,26123.0,25688.0,28939.0,35048.0,50803.0
노원구 - 사회복지분야 예산액＜br＞(A),Statistics,220608.0,210771.0,232465.0,258224.0,315149.0,357416.0,405946.0,423860.0,438524.0,499109.0,597576.0,733014.0,729249.0,787867.0
노원구 - 일반회계중 사회복지예산비중＜br＞{(A+B)÷C×100},Statistics,46.7,48.6,54.2,55.7,59.7,62.0,61.7,60.0,56.8,59.9,61.7,54.8,57.8,62.4
노원구 - 전체 예산액＜br＞(C),Statistics,491679.0,451519.0,448129.0,485748.0,556264.0,603797.0,690979.0,740956.0,811141.0,877263.0,1010932.0,1389224.0,1322779.0,1343099.0
논산시 - 보건분야 예산액＜br＞(B),Statistics,12424.0,12230.0,8006.0,9091.0,9779.0,11411.0,11320.0,17107.0,20508.0,20605.0,21445.0,25416.0,26493.0,46232.0
논산시 - 사회복지분야 예산액＜br＞(A),Statistics,92582.0,93828.0,102675.0,110369.0,124492.0,142728.0,156530.0,149629.0,160903.0,178456.0,204667.0,231282.0,255409.0,277197.0
논산시 - 일반회계중 사회복지예산비중＜br＞{(A+B)÷C×100},Statistics,23.7,25.3,26.0,25.9,27.2,30.7,31.7,27.1,26.4,27.4,26.9,28.8,28.4,28.4
논산시 - 전체 예산액＜br＞(C),Statistics,443552.0,419677.0,425761.0,460486.0,493109.0,502552.0,529382.0,615886.0,687240.0,726553.0,840951.0,892333.0,991566.0,1138832.0
단양군 - 보건분야 예산액＜br＞(B),Statistics,3528.0,4106.0,3463.0,3324.0,4357.0,7788.0,7088.0,7336.0,10495.0,6925.0,11287.0,12446.0,13102.0,13630.0
단양군 - 사회복지분야 예산액＜br＞(A),Statistics,35138.0,34239.0,35308.0,33529.0,34945.0,41320.0,46313.0,54273.0,52287.0,57310.0,63825.0,83445.0,77395.0,85364.0
단양군 - 일반회계중 사회복지예산비중＜br＞{(A+B)÷C×100},Statistics,15.6,16.5,16.6,14.1,14.9,18.4,19.6,20.7,18.1,17.1,18.9,22.0,17.9,19.5
단양군 - 전체 예산액＜br＞(C),Statistics,248287.0,232858.0,233721.0,261503.0,264025.0,267464.0,271861.0,297683.0,347441.0,376659.0,398123.0,436065.0,506596.0,507702.0
달서구 - 보건분야 예산액＜br＞(B),Statistics,7498.0,8717.0,12420.0,13917.0,15308.0,17483.0,19751.0,20101.0,23428.0,21017.0,20412.0,28971.0,26325.0,45885.0
달서구 - 사회복지분야 예산액＜br＞(A),Statistics,181408.0,198423.0,217989.0,238300.0,280268.0,316849.0,357276.0,372969.0,389652.0,422311.0,508934.0,655178.0,638369.0,706931.0
달서구 - 일반회계중 사회복지예산비중＜br＞{(A+B)÷C×100},Statistics,54.3,59.7,62.2,62.8,63.8,65.5,64.5,62.8,63.2,64.3,66.1,56.0,59.2,67.1
달서구 - 전체 예산액＜br＞(C),Statistics,347700.0,346700.0,370300.0,401824.0,463562.0,510065.0,584419.0,625844.0,653827.0,688976.0,800741.0,1221096.0,1123048.0,1122054.0
달성군 - 보건분야 예산액＜br＞(B),Statistics,5272.0,7199.0,7113.0,9055.0,12731.0,10490.0,11371.0,13638.0,33694.0,23769.0,17190.0,26948.0,20842.0,30679.0
달성군 - 사회복지분야 예산액＜br＞(A),Statistics,78451.0,84206.0,92961.0,105381.0,120603.0,136113.0,148262.0,168356.0,186303.0,221713.0,283133.0,350542.0,343209.0,386096.0
달성군 - 일반회계중 사회복지예산비중＜br＞{(A+B)÷C×100},Statistics,24.8,27.0,28.9,28.9,29.6,29.6,27.9,27.2,32.0,33.6,35.9,37.7,37.7,39.9
달성군 - 전체 예산액＜br＞(C),Statistics,337100.0,338700.0,346200.0,396300.0,450600.0,495200.0,571600.0,669000.0,686517.0,730000.0,837600.0,1002100.0,964928.0,1043500.0
담양군 - 보건분야 예산액＜br＞(B),Statistics,4311.0,4172.0,3869.0,3683.0,3351.0,4320.0,4750.0,5490.0,6414.0,6405.0,8121.0,9679.0,9989.0,12439.0
담양군 - 사회복지분야 예산액＜br＞(A),Statistics,38713.0,37541.0,39170.0,43271.0,46576.0,53864.0,62674.0,60712.0,64838.0,74910.0,91862.0,99510.0,118279.0,112427.0
담양군 - 일반회계중 사회복지예산비중＜br＞{(A+B)÷C×100},Statistics,15.9,14.8,15.4,15.0,16.7,18.1,20.9,19.3,19.1,19.7,23.5,20.8,21.1,20.5
담양군 - 전체 예산액＜br＞(C),Statistics,270221.0,281175.0,280115.0,313336.0,299461.0,321243.0,322802.0,342491.0,373330.0,412387.0,426333.0,524620.0,608850.0,608723.0
당진시 - 보건분야 예산액＜br＞(B),Statistics,,,,9250.0,9403.0,10885.0,11026.0,10723.0,12837.0,13266.0,12140.0,19675.0,22205.0,25392.0
당진시 - 사회복지분야 예산액＜br＞(A),Statistics,,,,85825.0,106157.0,121209.0,137004.0,143087.0,157886.0,180495.0,218309.0,254672.0,263683.0,286817.0
당진시 - 일반회계중 사회복지예산비중＜br＞{(A+B)÷C×100},Statistics,,,,17.9,20.1,22.4,22.9,22.0,23.4,25.2,25.0,27.5,26.5,26.0
당진시 - 전체 예산액＜br＞(C),Statistics,,,,532031.0,575902.0,589001.0,646482.0,700469.0,730686.0,768777.0,921696.0,998367.0,1079617.0,1202300.0
대구광역시 - 보건분야 예산액＜br＞(B),Statistics,161600.0,164613.0,184602.0,208065.0,238071.0,237641.0,278111.0,288205.0,339769.0,315308.0,328249.0,453819.0,424810.0,615635.0
대구광역시 - 사회복지분야 예산액＜br＞(A),Statistics,1981034.0,2005610.0,2101833.0,2289730.0,2653511.0,2983271.0,3390413.0,3636332.0,3804082.0,4200140.0,5010673.0,6625143.0,6348552.0,6879271.0
대구광역시 - 일반회계중 사회복지예산비중＜br＞{(A+B)÷C×100},Statistics,37.2,37.8,39.0,38.6,38.5,42.5,42.0,43.0,43.6,44.6,46.2,47.5,45.9,48.7
대구광역시 - 전체 예산액＜br＞(C),Statistics,5763488.0,5748003.0,5855326.0,6474386.0,7516142.0,7570024.0,8742737.0,9129264.0,9500539.0,10113346.0,11552931.0,14916364.0,14758843.0,15394475.0
대덕구 - 보건분야 예산액＜br＞(B),Statistics,4347.0,4405.0,4656.0,4843.0,5337.0,6044.0,6319.0,6943.0,8893.0,7601.0,8300.0,10922.0,12232.0,16859.0
대덕구 - 사회복지분야 예산액＜br＞(A),Statistics,98009.0,101674.0,108791.0,114797.0,130226.0,144566.0,159798.0,170055.0,176522.0,188408.0,224591.0,317553.0,328139.0,330957.0
대덕구 - 일반회계중 사회복지예산비중＜br＞{(A+B)÷C×100},Statistics,47.5,47.1,48.3,48.1,48.9,49.7,53.6,54.4,51.3,50.3,53.1,60.9,58.5,54.0
대덕구 - 전체 예산액＜br＞(C),Statistics,215260.0,225081.0,234960.0,248526.0,277290.0,302900.0,310160.0,325445.0,361313.0,389506.0,438950.0,539314.0,581840.0,643796.0
대전광역시 - 보건분야 예산액＜br＞(B),Statistics,69328.0,72725.0,75094.0,81416.0,92381.0,103198.0,120910.0,126676.0,135968.0,134603.0,156602.0,189594.0,197470.0,300110.0
대전광역시 - 사회복지분야 예산액＜br＞(A),Statistics,1161744.0,1184503.0,1333577.0,1477736.0,1748963.0,1919479.0,2123363.0,2156334.0,2277582.0,2587941.0,3127409.0,4105278.0,4067505.0,4408140.0
대전광역시 - 일반회계중 사회복지예산비중＜br＞{(A+B)÷C×100},Statistics,34.9,36.4,36.9,38.5,40.8,43.7,44.0,43.5,42.6,44.7,46.8,51.1,45.0,46.9
대전광역시 - 전체 예산액＜br＞(C),Statistics,3527106.0,3449541.0,3816522.0,4044750.0,4511707.0,4630192.0,5105466.0,5246135.0,5663569.0,6088775.0,7024315.0,8401021.0,9487828.0,10038651.0
도봉구 - 보건분야 예산액＜br＞(B),Statistics,7764.0,6038.0,5959.0,9258.0,9108.0,10076.0,12679.0,12678.0,13639.0,12097.0,13270.0,16411.0,18283.0,29173.0
도봉구 - 사회복지분야 예산액＜br＞(A),Statistics,111501.0,110669.0,114137.0,133621.0,164240.0,183414.0,223134.0,231793.0,246745.0,280738.0,334221.0,409737.0,400356.0,433131.0
도봉구 - 일반회계중 사회복지예산비중＜br＞{(A+B)÷C×100},Statistics,38.3,40.3,44.7,45.9,51.5,52.2,55.7,53.0,52.3,51.7,53.6,48.1,47.7,51.9
도봉구 - 전체 예산액＜br＞(C),Statistics,311443.0,289308.0,268480.0,311044.0,336671.0,370652.0,423436.0,461439.0,497680.0,566566.0,648295.0,886341.0,877996.0,891309.0
동구 - 보건분야 예산액＜br＞(B),Statistics,2385.0,2234.0,2597.0,2521.0,3039.0,3440.0,3807.0,3917.0,4964.0,4334.0,5941.0,6166.0,7649.0,11867.0
동구 - 사회복지분야 예산액＜br＞(A),Statistics,67179.0,68115.0,68345.0,70327.0,79786.0,91091.0,102876.0,109166.0,112817.0,122766.0,144539.0,202885.0,211799.0,205365.0
동구 - 일반회계중 사회복지예산비중＜br＞{(A+B)÷C×100},Statistics,48.8,49.3,46.7,47.1,47.6,49.2,51.0,50.8,50.2,51.0,52.1,58.8,55.8,52.6
동구 - 전체 예산액＜br＞(C),Statistics,142690.0,142675.0,151869.0,154646.0,173834.0,192158.0,209115.0,222411.0,234723.0,249295.0,288819.0,355733.0,393444.0,412825.0
동대문구 - 보건분야 예산액＜br＞(B),Statistics,8249.0,7165.0,6666.0,8579.0,10058.0,10570.0,12416.0,11508.0,14014.0,14853.0,15605.0,19283.0,22307.0,33671.0
동대문구 - 사회복지분야 예산액＜br＞(A),Statistics,117879.0,114545.0,115357.0,134309.0,161027.0,183324.0,223271.0,251050.0,264601.0,300280.0,339181.0,436700.0,425565.0,461167.0
동대문구 - 일반회계중 사회복지예산비중＜br＞{(A+B)÷C×100},Statistics,31.5,37.7,39.1,43.0,46.1,50.9,53.9,54.3,52.1,53.6,53.9,50.1,48.1,52.0
동대문구 - 전체 예산액＜br＞(C),Statistics,401013.0,323036.0,311904.0,332588.0,371173.0,381067.0,437083.0,483907.0,534996.0,587725.0,657998.0,910740.0,930655.0,952402.0
동두천시 - 보건분야 예산액＜br＞(B),Statistics,3662.0,4433.0,4093.0,4291.0,4774.0,5396.0,6731.0,7136.0,8145.0,7111.0,10308.0,10184.0,10495.0,15358.0
동두천시 - 사회복지분야 예산액＜br＞(A),Statistics,61915.0,59790.0,65168.0,71034.0,80703.0,91653.0,104084.0,109877.0,114473.0,123930.0,145445.0,200352.0,209580.0,207451.0
동두천시 - 일반회계중 사회복지예산비중＜br＞{(A+B)÷C×100},Statistics,28.9,28.7,26.9,27.3,29.4,37.8,34.9,30.8,28.7,32.0,31.9,42.7,40.7,37.7
동두천시 - 전체 예산액＜br＞(C),Statistics,227269.0,223512.0,257040.0,275456.0,290299.0,256777.0,317118.0,380417.0,427837.0,409890.0,488722.0,493432.0,540195.0,590727.0
동래구 - 보건분야 예산액＜br＞(B),Statistics,4982.0,4776.0,5248.0,5396.0,6999.0,8103.0,8678.0,9480.0,11870.0,10326.0,10499.0,12900.0,15254.0,23936.0
동래구 - 사회복지분야 예산액＜br＞(A),Statistics,88994.0,82468.0,92161.0,96788.0,113091.0,131035.0,151020.0,162631.0,170565.0,191999.0,240048.0,368638.0,374917.0,360513.0
동래구 - 일반회계중 사회복지예산비중＜br＞{(A+B)÷C×100},Statistics,53.0,54.1,50.8,50.6,52.2,54.3,55.5,53.9,54.0,52.9,54.2,62.6,61.9,61.8
동래구 - 전체 예산액＜br＞(C),Statistics,177430.0,161314.0,191759.0,202003.0,230081.0,256392.0,287502.0,319340.0,337933.0,382466.0,462266.0,609778.0,630353.0,622084.0
동작구 - 보건분야 예산액＜br＞(B),Statistics,9976.0,7773.0,7721.0,9248.0,12083.0,11277.0,15273.0,13326.0,15312.0,15018.0,13671.0,18983.0,25243.0,33137.0
동작구 - 사회복지분야 예산액＜br＞(A),Statistics,118657.0,113670.0,113423.0,137625.0,163439.0,184944.0,225293.0,234378.0,250542.0,289835.0,325464.0,546993.0,412847.0,456851.0
동작구 - 일반회계중 사회복지예산비중＜br＞{(A+B)÷C×100},Statistics,40.5,39.6,41.9,46.5,50.3,54.1,58.3,51.0,52.9,53.7,53.5,62.7,50.1,51.6
동작구 - 전체 예산액＜br＞(C),Statistics,317973.0,306839.0,289122.0,315712.0,348799.0,362916.0,412631.0,485303.0,502502.0,567464.0,633993.0,903230.0,874287.0,950138.0
동해시 - 보건분야 예산액＜br＞(B),Statistics,3142.0,4979.0,5706.0,4538.0,6362.0,10498.0,8144.0,6509.0,10508.0,6421.0,6889.0,7104.0,8080.0,11070.0
동해시 - 사회복지분야 예산액＜br＞(A),Statistics,64097.0,57566.0,59493.0,62259.0,69161.0,77401.0,89413.0,94562.0,102210.0,113412.0,143928.0,173627.0,182500.0,211412.0
동해시 - 일반회계중 사회복지예산비중＜br＞{(A+B)÷C×100},Statistics,24.4,24.2,25.6,26.2,26.3,33.1,35.2,31.6,32.4,33.6,30.9,37.9,39.4,35.9
동해시 - 전체 예산액＜br＞(C),Statistics,275241.0,258148.0,255074.0,254930.0,287402.0,265907.0,277141.0,319580.0,347746.0,357107.0,488535.0,476300.0,483583.0,619441.0
마포구 - 보건분야 예산액＜br＞(B),Statistics,8253.0,7483.0,6716.0,9147.0,11574.0,10818.0,13969.0,12803.0,16237.0,16798.0,18633.0,19638.0,23441.0,33615.0
마포구 - 사회복지분야 예산액＜br＞(A),Statistics,132583.0,116856.0,122600.0,132459.0,167919.0,191689.0,210414.0,231360.0,250758.0,275887.0,321830.0,404167.0,469287.0,428802.0
마포구 - 일반회계중 사회복지예산비중＜br＞{(A+B)÷C×100},Statistics,40.5,39.6,43.1,45.2,48.9,50.6,51.3,51.2,52.1,52.0,54.5,48.5,58.0,53.0
마포구 - 전체 예산액＜br＞(C),Statistics,347999.0,313890.0,300223.0,313185.0,366835.0,400227.0,437098.0,476776.0,512194.0,562316.0,624224.0,873958.0,850046.0,872304.0
목포시 - 보건분야 예산액＜br＞(B),Statistics,19798.0,9361.0,9088.0,8662.0,12779.0,12236.0,11743.0,10904.0,14790.0,14583.0,16442.0,20108.0,20382.0,33859.0
목포시 - 사회복지분야 예산액＜br＞(A),Statistics,157748.0,159861.0,162804.0,179885.0,206802.0,225082.0,241786.0,254010.0,267517.0,303631.0,367174.0,420284.0,415649.0,464494.0
목포시 - 일반회계중 사회복지예산비중＜br＞{(A+B)÷C×100},Statistics,37.0,39.0,37.4,38.8,41.5,45.9,46.3,44.9,45.5,45.6,42.4,43.5,38.4,41.8
목포시 - 전체 예산액＜br＞(C),Statistics,479361.0,433978.0,459920.0,485715.0,528743.0,517390.0,547037.0,589452.0,620306.0,697221.0,904445.0,1012941.0,1136837.0,1192198.0
무안군 - 보건분야 예산액＜br＞(B),Statistics,3306.0,3638.0,3380.0,4804.0,7140.0,4551.0,5518.0,5042.0,7719.0,6839.0,8372.0,12661.0,18574.0,20903.0
무안군 - 사회복지분야 예산액＜br＞(A),Statistics,48829.0,49164.0,51221.0,52985.0,60030.0,68176.0,78370.0,78582.0,82370.0,91051.0,104658.0,127707.0,155311.0,154516.0
무안군 - 일반회계중 사회복지예산비중＜br＞{(A+B)÷C×100},Statistics,15.8,17.5,17.6,15.9,19.4,20.0,20.3,20.3,21.1,20.3,16.5,20.1,24.0,22.2
무안군 - 전체 예산액＜br＞(C),Statistics,330239.0,301096.0,309642.0,364056.0,345495.0,364545.0,413359.0,412436.0,426043.0,481075.0,683325.0,700061.0,723748.0,789040.0
무주군 - 보건분야 예산액＜br＞(B),Statistics,4216.0,5137.0,4621.0,4989.0,4544.0,6751.0,6827.0,4980.0,7160.0,6119.0,7035.0,9482.0,11245.0,16303.0
무주군 - 사회복지분야 예산액＜br＞(A),Statistics,29568.0,26179.0,27547.0,31219.0,31872.0,35683.0,41084.0,41988.0,44082.0,50066.0,56913.0,78464.0,74538.0,74597.0
무주군 - 일반회계중 사회복지예산비중＜br＞{(A+B)÷C×100},Statistics,15.3,13.8,13.7,13.8,13.7,16.4,18.0,16.2,15.7,16.8,15.8,21.0,20.1,17.4
무주군 - 전체 예산액＜br＞(C),Statistics,221439.0,227123.0,235157.0,262435.0,265050.0,258794.0,265702.0,289803.0,326648.0,334890.0,404980.0,418744.0,426434.0,521757.0
문경시 - 보건분야 예산액＜br＞(B),Statistics,6361.0,8451.0,6919.0,5931.0,6060.0,8037.0,7584.0,7654.0,8650.0,10444.0,11041.0,20280.0,14369.0,24647.0
문경시 - 사회복지분야 예산액＜br＞(A),Statistics,69592.0,60637.0,64279.0,68749.0,79165.0,80782.0,94870.0,95538.0,103923.0,109767.0,131915.0,157677.0,154680.0,171824.0
문경시 - 일반회계중 사회복지예산비중＜br＞{(A+B)÷C×100},Statistics,19.8,18.9,18.2,18.4,19.1,19.8,21.1,21.0,18.8,19.2,20.3,23.9,21.9,20.3
문경시 - 전체 예산액＜br＞(C),Statistics,384300.0,364700.0,391261.0,406745.0,445147.0,449159.0,486000.0,491500.0,597500.0,624500.0,703400.0,743400.0,772000.0,970000.0
미추홀구 - 보건분야 예산액＜br＞(B),Statistics,,,,,,,,,,16261.0,17920.0,18658.0,19554.0,30678.0
미추홀구 - 사회복지분야 예산액＜br＞(A),Statistics,,,,,,,,,,360842.0,430685.0,632322.0,636310.0,620122.0
미추홀구 - 일반회계중 사회복지예산비중＜br＞{(A+B)÷C×100},Statistics,,,,,,,,,,63.1,65.9,71.5,67.3,64.5
미추홀구 - 전체 예산액＜br＞(C),Statistics,,,,,,,,,,597620.0,680493.0,910441.0,974466.0,1008509.0
밀양시 - 보건분야 예산액＜br＞(B),Statistics,4458.0,6180.0,5358.0,6127.0,8158.0,7310.0,6662.0,8299.0,10276.0,9894.0,14620.0,18551.0,13865.0,18359.0
밀양시 - 사회복지분야 예산액＜br＞(A),Statistics,83936.0,87806.0,80839.0,84389.0,92586.0,101980.0,120073.0,126826.0,134946.0,147660.0,181308.0,230792.0,237593.0,233445.0
밀양시 - 일반회계중 사회복지예산비중＜br＞{(A+B)÷C×100},Statistics,24.1,24.3,18.9,19.7,21.7,21.1,24.4,23.4,21.3,23.2,24.5,28.5,26.8,22.4
밀양시 - 전체 예산액＜br＞(C),Statistics,367517.0,387208.0,456766.0,458448.0,463798.0,517004.0,518998.0,576341.0,682392.0,679569.0,800296.0,875973.0,939761.0,1126461.0
보령시 - 보건분야 예산액＜br＞(B),Statistics,6436.0,6234.0,6265.0,5289.0,6243.0,6519.0,8173.0,8722.0,12041.0,11042.0,12753.0,12876.0,14269.0,17624.0
보령시 - 사회복지분야 예산액＜br＞(A),Statistics,80546.0,82425.0,82101.0,88589.0,98479.0,112227.0,120751.0,124849.0,132772.0,145007.0,167671.0,225642.0,234912.0,219122.0
보령시 - 일반회계중 사회복지예산비중＜br＞{(A+B)÷C×100},Statistics,21.3,21.2,20.7,21.3,22.0,23.8,24.4,22.3,21.7,22.4,22.8,26.7,26.3,21.4
보령시 - 전체 예산액＜br＞(C),Statistics,407865.0,417491.0,427711.0,440077.0,475788.0,498356.0,528509.0,598251.0,667696.0,697911.0,789799.0,894007.0,947956.0,1105062.0
보성군 - 보건분야 예산액＜br＞(B),Statistics,4226.0,6444.0,7126.0,5673.0,4493.0,5187.0,5299.0,5674.0,8969.0,8003.0,6863.0,7340.0,7602.0,8554.0
보성군 - 사회복지분야 예산액＜br＞(A),Statistics,43853.0,43033.0,47295.0,49423.0,52922.0,58436.0,68066.0,70155.0,73392.0,84103.0,94958.0,108948.0,121423.0,117901.0
보성군 - 일반회계중 사회복지예산비중＜br＞{(A+B)÷C×100},Statistics,15.3,16.2,17.7,15.3,16.1,17.3,19.3,18.8,17.6,17.8,17.6,19.4,20.3,17.7
보성군 - 전체 예산액＜br＞(C),Statistics,313464.0,306213.0,307190.0,359751.0,355532.0,367812.0,379972.0,403354.0,467150.0,518401.0,577020.0,599219.0,635109.0,714546.0
보은군 - 보건분야 예산액＜br＞(B),Statistics,3593.0,3244.0,3977.0,4945.0,9752.0,4895.0,5299.0,4402.0,5584.0,7313.0,6763.0,7738.0,9245.0,8247.0
보은군 - 사회복지분야 예산액＜br＞(A),Statistics,31279.0,31085.0,30213.0,30269.0,34156.0,39675.0,47374.0,48205.0,54758.0,57749.0,64611.0,84829.0,85452.0,95948.0
보은군 - 일반회계중 사회복지예산비중＜br＞{(A+B)÷C×100},Statistics,14.3,15.3,15.3,13.3,16.1,16.1,18.8,16.3,16.1,16.6,16.5,20.1,20.3,19.1
보은군 - 전체 예산액＜br＞(C),Statistics,243662.0,224863.0,222936.0,264602.0,273106.0,276921.0,279596.0,322327.0,374601.0,391186.0,431850.0,460143.0,466948.0,545093.0
봉화군 - 보건분야 예산액＜br＞(B),Statistics,5561.0,4715.0,4179.0,8512.0,8588.0,5587.0,5847.0,4966.0,6470.0,7516.0,10948.0,10691.0,7758.0,12955.0
봉화군 - 사회복지분야 예산액＜br＞(A),Statistics,28713.0,29017.0,30259.0,35039.0,40084.0,41444.0,45577.0,50730.0,51117.0,55628.0,65840.0,80091.0,89386.0,84966.0
봉화군 - 일반회계중 사회복지예산비중＜br＞{(A+B)÷C×100},Statistics,13.1,13.3,12.3,14.6,16.4,15.5,16.3,16.4,15.1,15.3,16.2,18.7,20.2,18.6
봉화군 - 전체 예산액＜br＞(C),Statistics,261028.0,254400.0,280500.0,297600.0,297340.0,303500.0,315200.0,338800.0,382488.0,414006.0,475332.0,485705.0,479779.0,526558.0
부산광역시 - 보건분야 예산액＜br＞(B),Statistics,142663.0,149071.0,165200.0,170544.0,178578.0,199744.0,229442.0,258435.0,312047.0,301871.0,326159.0,401581.0,458056.0,676985.0
부산광역시 - 사회복지분야 예산액＜br＞(A),Statistics,2971582.0,2983681.0,3117870.0,3409188.0,3889891.0,4434053.0,5069141.0,5435777.0,5689543.0,6297992.0,7592271.0,10598679.0,10593615.0,10380727.0
부산광역시 - 일반회계중 사회복지예산비중＜br＞{(A+B)÷C×100},Statistics,35.5,34.8,34.8,36.9,37.0,40.3,42.0,42.5,42.6,44.5,47.9,53.1,50.0,48.5
부산광역시 - 전체 예산액＜br＞(C),Statistics,8765504.0,8997546.0,9426558.0,9710677.0,10981923.0,11512067.0,12604494.0,13390350.0,14087255.0,14839667.0,16530606.0,20704835.0,22121058.0,22804854.0
부산진구 - 보건분야 예산액＜br＞(B),Statistics,5971.0,7457.0,6434.0,8771.0,9590.0,10212.0,9807.0,10927.0,13276.0,12760.0,12670.0,16784.0,21561.0,29837.0
부산진구 - 사회복지분야 예산액＜br＞(A),Statistics,134505.0,136033.0,145596.0,163270.0,190218.0,214378.0,247490.0,268942.0,273546.0,301654.0,369511.0,431778.0,557257.0,532880.0
부산진구 - 일반회계중 사회복지예산비중＜br＞{(A+B)÷C×100},Statistics,53.4,55.8,54.8,56.1,57.5,60.8,61.4,60.7,58.5,58.8,63.2,55.0,69.5,67.1
부산진구 - 전체 예산액＜br＞(C),Statistics,263047.0,257308.0,277179.0,306541.0,347393.0,369629.0,419159.0,461340.0,490680.0,534531.0,605070.0,816074.0,832619.0,838657.0
부안군 - 보건분야 예산액＜br＞(B),Statistics,3528.0,4493.0,5079.0,4031.0,4641.0,4921.0,6438.0,5659.0,8996.0,6924.0,9836.0,8247.0,9218.0,10431.0
부안군 - 사회복지분야 예산액＜br＞(A),Statistics,50372.0,47755.0,48279.0,49036.0,59740.0,61696.0,69676.0,76076.0,81478.0,89856.0,103067.0,111584.0,124248.0,125418.0
부안군 - 일반회계중 사회복지예산비중＜br＞{(A+B)÷C×100},Statistics,15.8,17.3,16.0,15.0,16.3,17.6,17.9,17.9,17.6,17.1,18.0,18.5,19.1,16.3
부안군 - 전체 예산액＜br＞(C),Statistics,341316.0,301567.0,332857.0,354417.0,394485.0,378418.0,425493.0,456782.0,513785.0,566964.0,626166.0,646640.0,697821.0,833342.0
부여군 - 보건분야 예산액＜br＞(B),Statistics,5652.0,9259.0,8939.0,11881.0,10785.0,9916.0,11312.0,9081.0,9917.0,9987.0,10919.0,15654.0,17046.0,18137.0
부여군 - 사회복지분야 예산액＜br＞(A),Statistics,66174.0,62966.0,62776.0,68256.0,73939.0,82384.0,94969.0,99828.0,104575.0,115650.0,135389.0,183517.0,185471.0,181121.0
부여군 - 일반회계중 사회복지예산비중＜br＞{(A+B)÷C×100},Statistics,19.5,17.9,19.5,19.3,19.2,20.5,21.5,22.1,21.2,18.1,18.6,24.3,24.1,22.5
부여군 - 전체 예산액＜br＞(C),Statistics,367838.0,402400.0,368554.0,416270.0,440300.0,450200.0,494300.0,492000.0,540340.0,693788.0,786200.0,818712.0,840601.0,886771.0
부천시 - 보건분야 예산액＜br＞(B),Statistics,11470.0,13875.0,16370.0,17675.0,21460.0,21863.0,25277.0,34152.0,34184.0,29343.0,37220.0,44864.0,46613.0,65525.0
부천시 - 사회복지분야 예산액＜br＞(A),Statistics,286935.0,268973.0,280325.0,318653.0,380039.0,426970.0,481348.0,522811.0,557272.0,619386.0,757190.0,1110065.0,1128825.0,1048337.0
부천시 - 일반회계중 사회복지예산비중＜br＞{(A+B)÷C×100},Statistics,32.0,33.8,35.8,36.8,42.7,44.8,42.2,41.5,44.7,46.9,48.4,54.8,55.3,51.5
부천시 - 전체 예산액＜br＞(C),Statistics,931962.0,836433.0,829583.0,915078.0,939859.0,1000865.0,1199421.0,1342767.0,1324058.0,1381966.0,1640841.0,2107629.0,2125307.0,2163152.0
부평구 - 보건분야 예산액＜br＞(B),Statistics,8923.0,9049.0,10463.0,10898.0,13127.0,14387.0,15931.0,17517.0,21058.0,20959.0,20860.0,24581.0,25807.0,35500.0
부평구 - 사회복지분야 예산액＜br＞(A),Statistics,203751.0,205921.0,217387.0,237092.0,277562.0,309130.0,357772.0,373390.0,384942.0,433680.0,511453.0,602094.0,782569.0,696803.0
부평구 - 일반회계중 사회복지예산비중＜br＞{(A+B)÷C×100},Statistics,50.8,54.0,57.3,60.6,58.6,61.6,66.3,63.6,61.1,60.7,63.2,64.8,67.9,64.2
부평구 - 전체 예산액＜br＞(C),Statistics,418250.0,398226.0,397865.0,409140.0,496144.0,525302.0,564032.0,614663.0,665008.0,748519.0,842525.0,967211.0,1189886.0,1140811.0
북구 - 보건분야 예산액＜br＞(B),Statistics,4637.0,4343.0,4593.0,5146.0,6195.0,7075.0,7957.0,9527.0,11750.0,11366.0,10577.0,13097.0,14694.0,22147.0
북구 - 사회복지분야 예산액＜br＞(A),Statistics,127583.0,135920.0,146401.0,158422.0,181265.0,200397.0,222576.0,232701.0,245250.0,271284.0,318444.0,469106.0,454162.0,436496.0
북구 - 일반회계중 사회복지예산비중＜br＞{(A+B)÷C×100},Statistics,56.5,58.7,60.8,63.2,64.4,63.3,64.8,62.6,63.1,64.8,62.9,70.8,68.2,63.0
북구 - 전체 예산액＜br＞(C),Statistics,234100.0,239109.0,248410.0,258945.0,290997.0,327964.0,355777.0,387116.0,407022.0,435890.0,523477.0,681258.0,687834.0,728048.0
사상구 - 보건분야 예산액＜br＞(B),Statistics,4373.0,4197.0,4398.0,4739.0,6068.0,6742.0,7580.0,8116.0,10178.0,9853.0,9955.0,12039.0,11741.0,18453.0
사상구 - 사회복지분야 예산액＜br＞(A),Statistics,102998.0,102422.0,109121.0,120013.0,134126.0,153286.0,170761.0,180821.0,186585.0,206336.0,244559.0,359112.0,301778.0,341186.0
사상구 - 일반회계중 사회복지예산비중＜br＞{(A+B)÷C×100},Statistics,51.8,49.0,51.1,52.5,54.4,57.6,57.2,57.0,55.8,58.0,58.8,65.5,54.8,59.5
사상구 - 전체 예산액＜br＞(C),Statistics,207263.0,217697.0,222164.0,237750.0,257866.0,277829.0,311722.0,331204.0,352591.0,372997.0,432952.0,566550.0,572135.0,604775.0
사천시 - 보건분야 예산액＜br＞(B),Statistics,4903.0,5733.0,6298.0,7683.0,8251.0,7998.0,8429.0,8786.0,10392.0,10525.0,12175.0,15453.0,15879.0,19259.0
사천시 - 사회복지분야 예산액＜br＞(A),Statistics,87472.0,80518.0,87101.0,93427.0,105858.0,116256.0,129554.0,137000.0,139285.0,156357.0,173081.0,199574.0,210492.0,221372.0
사천시 - 일반회계중 사회복지예산비중＜br＞{(A+B)÷C×100},Statistics,24.1,24.1,23.8,24.1,26.5,27.8,29.5,27.7,26.9,26.9,26.2,29.1,29.0,25.8
사천시 - 전체 예산액＜br＞(C),Statistics,383709.0,358507.0,391619.0,418732.0,430959.0,447364.0,467965.0,525422.0,556568.0,621116.0,707659.0,737977.0,780262.0,933915.0
사하구 - 보건분야 예산액＜br＞(B),Statistics,5208.0,5342.0,4853.0,5513.0,6882.0,7821.0,8078.0,9338.0,12784.0,13147.0,13461.0,14197.0,16665.0,27353.0
사하구 - 사회복지분야 예산액＜br＞(A),Statistics,131362.0,137431.0,153071.0,165573.0,190411.0,214269.0,246896.0,257482.0,266298.0,293775.0,359316.0,529683.0,517252.0,500248.0
사하구 - 일반회계중 사회복지예산비중＜br＞{(A+B)÷C×100},Statistics,53.7,57.2,55.4,54.5,59.5,61.1,63.3,61.9,58.4,60.8,63.8,71.2,67.5,63.7
사하구 - 전체 예산액＜br＞(C),Statistics,254424.0,249667.0,284936.0,314086.0,331740.0,363511.0,402763.0,431123.0,477624.0,504716.0,583881.0,764230.0,791512.0,827673.0
산청군 - 보건분야 예산액＜br＞(B),Statistics,7799.0,5154.0,5706.0,4946.0,6040.0,6127.0,7473.0,7460.0,7390.0,8768.0,8713.0,7894.0,9081.0,11166.0
산청군 - 사회복지분야 예산액＜br＞(A),Statistics,47909.0,44513.0,42694.0,46957.0,57425.0,61083.0,63478.0,61367.0,63533.0,72148.0,84038.0,94021.0,103488.0,104977.0
산청군 - 일반회계중 사회복지예산비중＜br＞{(A+B)÷C×100},Statistics,19.4,18.4,16.8,15.3,19.7,21.1,21.2,19.9,17.5,19.8,19.1,20.0,21.1,17.8
산청군 - 전체 예산액＜br＞(C),Statistics,287104.0,269738.0,287587.0,338183.0,321597.0,317968.0,334068.0,346558.0,405209.0,409249.0,485739.0,509068.0,533570.0,652508.0
삼척시 - 보건분야 예산액＜br＞(B),Statistics,7553.0,6722.0,4821.0,7540.0,5445.0,5186.0,6591.0,6249.0,9098.0,10243.0,9941.0,11298.0,11541.0,17398.0
삼척시 - 사회복지분야 예산액＜br＞(A),Statistics,54088.0,55049.0,58401.0,66939.0,77083.0,76460.0,81540.0,85518.0,99896.0,120341.0,138564.0,176910.0,185318.0,193861.0
삼척시 - 일반회계중 사회복지예산비중＜br＞{(A+B)÷C×100},Statistics,16.0,15.7,16.5,18.7,17.4,19.2,19.3,19.4,19.4,21.3,19.6,25.7,26.3,24.0
삼척시 - 전체 예산액＜br＞(C),Statistics,385237.0,393998.0,383686.0,399059.0,473210.0,425278.0,456621.0,472387.0,561625.0,614042.0,759177.0,732367.0,749569.0,881271.0
상주시 - 보건분야 예산액＜br＞(B),Statistics,7561.0,6537.0,8157.0,9102.0,11498.0,9282.0,10449.0,9287.0,12282.0,12203.0,16557.0,20003.0,19822.0,22718.0
상주시 - 사회복지분야 예산액＜br＞(A),Statistics,70942.0,72682.0,74376.0,79475.0,90274.0,104160.0,120512.0,120448.0,129630.0,142882.0,162867.0,205235.0,199465.0,209254.0
상주시 - 일반회계중 사회복지예산비중＜br＞{(A+B)÷C×100},Statistics,14.8,15.3,15.2,16.1,18.1,19.6,20.1,18.3,17.6,16.5,15.8,20.6,20.4,16.5
상주시 - 전체 예산액＜br＞(C),Statistics,529282.0,517965.0,543600.0,551600.0,560800.0,579400.0,652201.0,710100.0,805400.0,941600.0,1136400.0,1092000.0,1074700.0,1403200.0
서구 - 보건분야 예산액＜br＞(B),Statistics,5341.0,5320.0,5569.0,5269.0,6300.0,6962.0,7830.0,8121.0,8955.0,8977.0,9429.0,10938.0,13062.0,16929.0
서구 - 사회복지분야 예산액＜br＞(A),Statistics,80805.0,77809.0,77683.0,78615.0,86026.0,104097.0,115773.0,122852.0,135262.0,135659.0,156659.0,218662.0,221400.0,218901.0
서구 - 일반회계중 사회복지예산비중＜br＞{(A+B)÷C×100},Statistics,53.8,52.8,49.3,48.4,49.5,51.9,49.1,49.6,50.2,50.1,49.5,54.2,53.7,49.2
서구 - 전체 예산액＜br＞(C),Statistics,160241.0,157316.0,168768.0,173200.0,186341.0,213951.0,251526.0,263876.0,287454.0,288845.0,335363.0,423514.0,436448.0,479647.0
서대문구 - 보건분야 예산액＜br＞(B),Statistics,9228.0,7027.0,6524.0,10137.0,9487.0,9529.0,11295.0,11322.0,13258.0,14253.0,18128.0,18305.0,28961.0,33383.0
서대문구 - 사회복지분야 예산액＜br＞(A),Statistics,102405.0,91488.0,92436.0,111604.0,136268.0,149678.0,181689.0,197838.0,208463.0,225386.0,272721.0,354788.0,356343.0,392380.0
서대문구 - 일반회계중 사회복지예산비중＜br＞{(A+B)÷C×100},Statistics,34.7,32.7,37.0,40.0,43.5,46.0,49.1,47.0,43.9,45.2,47.7,44.9,48.5,52.0
서대문구 - 전체 예산액＜br＞(C),Statistics,322111.0,301693.0,267420.0,304390.0,335050.0,346099.0,392845.0,444791.0,505080.0,529951.0,610083.0,831495.0,794298.0,819265.0
서산시 - 보건분야 예산액＜br＞(B),Statistics,6328.0,8682.0,6866.0,9283.0,15156.0,15589.0,16379.0,12696.0,13888.0,13786.0,14807.0,18917.0,20860.0,30237.0
서산시 - 사회복지분야 예산액＜br＞(A),Statistics,85128.0,86959.0,94130.0,98940.0,117712.0,139193.0,149887.0,160941.0,166773.0,189591.0,226602.0,262481.0,281611.0,307086.0
서산시 - 일반회계중 사회복지예산비중＜br＞{(A+B)÷C×100},Statistics,21.6,21.0,20.6,19.3,23.9,24.7,26.2,25.1,23.4,25.1,26.0,28.3,29.0,28.6
서산시 - 전체 예산액＜br＞(C),Statistics,423365.0,455439.0,490231.0,560405.0,555509.0,626111.0,635056.0,692359.0,772325.0,810867.0,927386.0,993846.0,1042583.0,1180910.0
서울특별시 - 보건분야 예산액＜br＞(B),Statistics,554143.0,498814.0,465873.0,513512.0,574085.0,609736.0,775098.0,746743.0,831409.0,885000.0,908221.0,1104071.0,1329680.0,2028455.0
서울특별시 - 사회복지분야 예산액＜br＞(A),Statistics,6647606.0,6332782.0,6566827.0,7661955.0,9256408.0,10520389.0,12022394.0,12904795.0,13686390.0,15159985.0,17981757.0,24947712.0,24417704.0,24381000.0
서울특별시 - 일반회계중 사회복지예산비중＜br＞{(A+B)÷C×100},Statistics,27.4,28.5,31.2,33.8,38.6,40.2,42.0,40.6,39.8,39.6,42.5,45.8,45.2,42.0
서울특별시 - 전체 예산액＜br＞(C),Statistics,26298492.0,23973185.0,22568726.0,24206530.0,25498860.0,27713430.0,30473971.0,33618562.0,36443959.0,40484862.0,44425964.0,56843871.0,57009536.0,62834002.0
서천군 - 보건분야 예산액＜br＞(B),Statistics,3955.0,4649.0,5450.0,4711.0,6413.0,5089.0,5461.0,7052.0,6759.0,10368.0,9544.0,11430.0,12722.0,11876.0
서천군 - 사회복지분야 예산액＜br＞(A),Statistics,50334.0,51288.0,60020.0,57858.0,70376.0,77109.0,88632.0,89593.0,99898.0,115687.0,130810.0,145679.0,148319.0,153034.0
서천군 - 일반회계중 사회복지예산비중＜br＞{(A+B)÷C×100},Statistics,18.8,19.2,21.9,19.9,21.7,22.0,24.1,24.1,25.5,27.3,26.8,28.2,27.4,23.3
서천군 - 전체 예산액＜br＞(C),Statistics,288297.0,291554.0,299481.0,314062.0,353260.0,373395.0,390646.0,400752.0,418016.0,461754.0,523971.0,556641.0,587664.0,708366.0
서초구 - 보건분야 예산액＜br＞(B),Statistics,7968.0,8058.0,7533.0,9632.0,11839.0,13165.0,15314.0,14723.0,18229.0,20419.0,19899.0,22866.0,29988.0,40827.0
서초구 - 사회복지분야 예산액＜br＞(A),Statistics,76655.0,72582.0,72366.0,90119.0,135141.0,159207.0,189353.0,225517.0,215162.0,247440.0,284854.0,357292.0,401465.0,397034.0
서초구 - 일반회계중 사회복지예산비중＜br＞{(A+B)÷C×100},Statistics,22.8,24.3,28.3,32.2,38.9,42.9,46.7,48.7,42.0,44.7,45.9,42.1,50.4,46.2
서초구 - 전체 예산액＜br＞(C),Statistics,370658.0,332518.0,282590.0,309435.0,377850.0,401391.0,438079.0,492902.0,556100.0,599588.0,663785.0,904015.0,855995.0,946753.0
성남시 - 보건분야 예산액＜br＞(B),Statistics,33471.0,27381.0,34341.0,43355.0,42213.0,62179.0,79520.0,126918.0,144033.0,122483.0,76961.0,126146.0,126089.0,128485.0
성남시 - 사회복지분야 예산액＜br＞(A),Statistics,373279.0,327076.0,373225.0,384271.0,517050.0,550235.0,599899.0,648420.0,698277.0,776421.0,912675.0,1453220.0,1277380.0,1221575.0
성남시 - 일반회계중 사회복지예산비중＜br＞{(A+B)÷C×100},Statistics,27.1,29.8,30.2,32.0,35.5,41.3,40.7,41.9,40.6,39.4,42.3,49.4,39.5,34.8
성남시 - 전체 예산액＜br＞(C),Statistics,1502272.0,1190446.0,1348381.0,1335293.0,1575177.0,1481620.0,1671212.0,1851897.0,2074796.0,2279438.0,2340645.0,3199853.0,3556991.0,3882689.0
성동구 - 보건분야 예산액＜br＞(B),Statistics,7897.0,6485.0,6718.0,7773.0,9693.0,10728.0,12952.0,11943.0,14426.0,14461.0,17046.0,17500.0,25796.0,31614.0
성동구 - 사회복지분야 예산액＜br＞(A),Statistics,99875.0,89305.0,95350.0,106989.0,133494.0,146727.0,170631.0,188569.0,189200.0,215812.0,265005.0,314125.0,324830.0,371019.0
성동구 - 일반회계중 사회복지예산비중＜br＞{(A+B)÷C×100},Statistics,26.7,29.1,33.8,37.4,42.9,44.5,48.0,46.6,44.8,46.8,49.1,42.6,43.9,49.0
성동구 - 전체 예산액＜br＞(C),Statistics,403813.0,329623.0,302387.0,306819.0,333748.0,353544.0,382749.0,430434.0,454183.0,491975.0,574513.0,778187.0,798567.0,821717.0
성북구 - 보건분야 예산액＜br＞(B),Statistics,11032.0,7997.0,10266.0,11322.0,12210.0,12869.0,16684.0,17048.0,18859.0,22281.0,19307.0,20389.0,23133.0,35976.0
성북구 - 사회복지분야 예산액＜br＞(A),Statistics,133319.0,134459.0,144279.0,169235.0,208352.0,236030.0,269993.0,289092.0,308880.0,340597.0,389795.0,491653.0,486952.0,531149.0
성북구 - 일반회계중 사회복지예산비중＜br＞{(A+B)÷C×100},Statistics,37.1,39.0,43.6,46.5,51.2,52.9,54.3,53.8,52.8,51.8,52.4,47.3,48.8,50.6
성북구 - 전체 예산액＜br＞(C),Statistics,388958.0,365709.0,354151.0,388396.0,430497.0,470388.0,528290.0,569549.0,621200.0,700862.0,781260.0,1081834.0,1045963.0,1120806.0
성주군 - 보건분야 예산액＜br＞(B),Statistics,4228.0,4038.0,3933.0,4513.0,5532.0,5183.0,5763.0,5823.0,6786.0,6097.0,7693.0,10419.0,9788.0,10391.0
성주군 - 사회복지분야 예산액＜br＞(A),Statistics,30890.0,30650.0,32955.0,35225.0,35524.0,40461.0,49912.0,52505.0,56270.0,60059.0,69823.0,83443.0,89077.0,92132.0
성주군 - 일반회계중 사회복지예산비중＜br＞{(A+B)÷C×100},Statistics,13.4,14.7,14.9,11.6,13.7,15.1,17.2,16.4,15.1,15.7,16.1,19.2,18.6,16.7
성주군 - 전체 예산액＜br＞(C),Statistics,262400.0,236600.0,248023.0,342285.0,298700.0,302420.0,324150.0,356000.0,417190.0,422340.0,482600.0,490000.0,531020.0,615100.0
세종특별자치시 - 보건분야 예산액＜br＞(B),Statistics,,,,4400.0,14374.0,14471.0,20628.0,23724.0,33497.0,34207.0,38440.0,39088.0,46126.0,82017.0
세종특별자치시 - 사회복지분야 예산액＜br＞(A),Statistics,,,,41513.0,104544.0,127769.0,173997.0,183530.0,221292.0,273837.0,344563.0,509272.0,470292.0,416191.0
세종특별자치시 - 일반회계중 사회복지예산비중＜br＞{(A+B)÷C×100},Statistics,,,,20.9,23.1,19.0,21.0,19.5,23.2,24.6,30.3,38.0,30.2,28.5
세종특별자치시 - 전체 예산액＜br＞(C),Statistics,,,,219789.0,513921.0,750547.0,924911.0,1062071.0,1100441.0,1250798.0,1266034.0,1441589.0,1709846.0,1751097.0
속초시 - 보건분야 예산액＜br＞(B),Statistics,2991.0,2591.0,2701.0,2860.0,3167.0,3176.0,3906.0,4030.0,5536.0,5713.0,6157.0,8327.0,10678.0,14295.0
속초시 - 사회복지분야 예산액＜br＞(A),Statistics,57324.0,59040.0,59239.0,61970.0,71166.0,77715.0,90359.0,91194.0,96930.0,104785.0,129505.0,154487.0,165975.0,179507.0
속초시 - 일반회계중 사회복지예산비중＜br＞{(A+B)÷C×100},Statistics,26.6,28.8,29.6,28.4,31.2,33.9,35.8,35.3,32.0,34.6,32.8,34.9,38.8,38.8
속초시 - 전체 예산액＜br＞(C),Statistics,226456.0,214062.0,209463.0,228466.0,238313.0,238683.0,263646.0,270127.0,320292.0,319313.0,413287.0,465868.0,454855.0,499829.0
송파구 - 보건분야 예산액＜br＞(B),Statistics,9500.0,10395.0,10565.0,13195.0,14402.0,17115.0,21028.0,22080.0,23401.0,26284.0,25631.0,29385.0,33977.0,50978.0
송파구 - 사회복지분야 예산액＜br＞(A),Statistics,135438.0,126799.0,138123.0,168197.0,215604.0,252484.0,281594.0,301052.0,319755.0,371939.0,457572.0,759062.0,668347.0,629107.0
송파구 - 일반회계중 사회복지예산비중＜br＞{(A+B)÷C×100},Statistics,35.5,35.4,39.8,41.4,49.2,52.8,53.1,53.5,53.4,52.9,55.5,63.9,60.8,56.7
송파구 - 전체 예산액＜br＞(C),Statistics,407835.0,387102.0,373576.0,437958.0,467579.0,510237.0,569729.0,603795.0,642535.0,752270.0,871202.0,1234515.0,1155362.0,1200265.0
수성구 - 보건분야 예산액＜br＞(B),Statistics,7671.0,6773.0,7409.0,9265.0,13258.0,14145.0,16804.0,14452.0,15426.0,15533.0,14918.0,19628.0,20459.0,30200.0
수성구 - 사회복지분야 예산액＜br＞(A),Statistics,160400.0,158939.0,164857.0,184559.0,209557.0,235502.0,264730.0,280431.0,294631.0,309851.0,367424.0,465751.0,547875.0,509015.0
수성구 - 일반회계중 사회복지예산비중＜br＞{(A+B)÷C×100},Statistics,50.0,54.0,57.0,57.5,58.5,61.8,62.4,56.4,55.6,56.3,55.1,50.0,62.2,62.9
수성구 - 전체 예산액＜br＞(C),Statistics,336283.0,307068.0,302041.0,337250.0,380600.0,403670.0,451190.0,523100.0,557259.0,577900.0,693800.0,971486.0,913655.0,857486.0
수영구 - 보건분야 예산액＜br＞(B),Statistics,3597.0,4890.0,3939.0,6519.0,4602.0,4416.0,5288.0,5640.0,7919.0,7315.0,7843.0,9292.0,11301.0,16840.0
수영구 - 사회복지분야 예산액＜br＞(A),Statistics,59906.0,60925.0,62981.0,69666.0,80078.0,94984.0,112044.0,126746.0,137709.0,149007.0,176395.0,213538.0,227258.0,272237.0
수영구 - 일반회계중 사회복지예산비중＜br＞{(A+B)÷C×100},Statistics,46.3,49.6,44.5,46.4,48.5,49.3,49.9,49.2,53.7,51.8,55.5,50.2,53.5,60.9
수영구 - 전체 예산액＜br＞(C),Statistics,137252.0,132744.0,150237.0,164202.0,174676.0,201452.0,235012.0,268866.0,271158.0,302063.0,332117.0,443909.0,445832.0,474880.0
수원시 - 보건분야 예산액＜br＞(B),Statistics,18463.0,17946.0,24514.0,30799.0,28333.0,31279.0,48001.0,41767.0,47827.0,46824.0,47674.0,53025.0,58644.0,83819.0
수원시 - 사회복지분야 예산액＜br＞(A),Statistics,284676.0,292347.0,320961.0,393060.0,505442.0,585290.0,652600.0,685503.0,739290.0,828020.0,1018462.0,1437031.0,1397812.0,1296677.0
수원시 - 일반회계중 사회복지예산비중＜br＞{(A+B)÷C×100},Statistics,25.6,26.9,28.4,30.7,34.9,37.9,37.2,37.4,36.7,38.1,41.1,46.7,46.0,42.9
수원시 - 전체 예산액＜br＞(C),Statistics,1182526.0,1153279.0,1216857.0,1382885.0,1528174.0,1625015.0,1881082.0,1943914.0,2145033.0,2293292.0,2592791.0,3193860.0,3163346.0,3214303.0
순창군 - 보건분야 예산액＜br＞(B),Statistics,3819.0,3613.0,3541.0,3988.0,12646.0,5793.0,4688.0,4772.0,5798.0,6414.0,7484.0,7887.0,8403.0,7827.0
순창군 - 사회복지분야 예산액＜br＞(A),Statistics,29385.0,27896.0,33201.0,33720.0,37161.0,43676.0,53006.0,51470.0,56508.0,61660.0,78865.0,79216.0,94844.0,98427.0
순창군 - 일반회계중 사회복지예산비중＜br＞{(A+B)÷C×100},Statistics,12.9,13.4,15.7,14.8,16.9,16.9,18.8,17.4,17.4,17.3,19.7,19.7,20.6,18.2
순창군 - 전체 예산액＜br＞(C),Statistics,257888.0,234590.0,234220.0,254492.0,294673.0,293030.0,307140.0,323587.0,358688.0,394242.0,437749.0,443111.0,500303.0,582976.0
순천시 - 보건분야 예산액＜br＞(B),Statistics,6271.0,6400.0,7899.0,7853.0,9524.0,14018.0,12324.0,12283.0,19591.0,16904.0,20287.0,27539.0,26882.0,35766.0
순천시 - 사회복지분야 예산액＜br＞(A),Statistics,133192.0,141930.0,147882.0,154529.0,177933.0,195119.0,228364.0,240602.0,257965.0,284570.0,339962.0,401296.0,401194.0,430728.0
순천시 - 일반회계중 사회복지예산비중＜br＞{(A+B)÷C×100},Statistics,23.2,23.8,23.8,23.2,25.1,26.6,29.0,29.2,27.6,27.3,30.4,32.7,30.2,28.6
순천시 - 전체 예산액＜br＞(C),Statistics,600114.0,622298.0,653255.0,700416.0,745404.0,785192.0,829753.0,865834.0,1004164.0,1103673.0,1184565.0,1310990.0,1415613.0,1633363.0
시흥시 - 보건분야 예산액＜br＞(B),Statistics,8699.0,6860.0,7407.0,8636.0,10025.0,10632.0,12795.0,14005.0,18561.0,20928.0,26178.0,29918.0,33441.0,46244.0
시흥시 - 사회복지분야 예산액＜br＞(A),Statistics,130391.0,142569.0,154919.0,174956.0,211028.0,224776.0,243942.0,261694.0,287404.0,351470.0,432398.0,673159.0,707920.0,673013.0
시흥시 - 일반회계중 사회복지예산비중＜br＞{(A+B)÷C×100},Statistics,23.8,29.1,30.4,32.2,36.1,35.8,32.8,37.7,36.2,36.1,40.6,46.7,46.3,45.1
시흥시 - 전체 예산액＜br＞(C),Statistics,583979.0,513883.0,533757.0,569445.0,612907.0,656852.0,781846.0,731753.0,845792.0,1030793.0,1128938.0,1505559.0,1601914.0,1594566.0
신안군 - 보건분야 예산액＜br＞(B),Statistics,6604.0,6108.0,10161.0,8773.0,7249.0,7030.0,18517.0,18387.0,11729.0,15127.0,11424.0,11166.0,11821.0,12372.0
신안군 - 사회복지분야 예산액＜br＞(A),Statistics,45103.0,40241.0,40306.0,41067.0,48991.0,53059.0,62970.0,60721.0,67164.0,70729.0,97269.0,101778.0,113843.0,111768.0
신안군 - 일반회계중 사회복지예산비중＜br＞{(A+B)÷C×100},Statistics,11.9,11.4,12.3,10.6,12.9,13.5,16.9,14.2,12.8,13.9,14.8,13.8,16.5,13.5
신안군 - 전체 예산액＜br＞(C),Statistics,436064.0,407141.0,411890.0,471566.0,436950.0,444773.0,483050.0,556911.0,615537.0,619407.0,736579.0,818193.0,759929.0,920725.0
아산시 - 보건분야 예산액＜br＞(B),Statistics,9053.0,10663.0,10556.0,10195.0,12141.0,13859.0,15285.0,15722.0,18964.0,17647.0,19939.0,26946.0,30872.0,39225.0
아산시 - 사회복지분야 예산액＜br＞(A),Statistics,119944.0,127661.0,138817.0,166423.0,203757.0,220627.0,243631.0,255475.0,273877.0,313886.0,373173.0,422205.0,434099.0,501504.0
아산시 - 일반회계중 사회복지예산비중＜br＞{(A+B)÷C×100},Statistics,24.0,24.6,22.8,23.6,27.9,28.9,30.5,29.9,30.6,32.9,32.4,33.2,31.6,32.9
아산시 - 전체 예산액＜br＞(C),Statistics,537059.0,562730.0,655200.0,747705.0,774300.0,811600.0,849900.0,906892.0,955988.0,1006242.0,1213245.0,1354100.0,1472500.0,1646000.0
안동시 - 보건분야 예산액＜br＞(B),Statistics,11854.0,12863.0,15402.0,15583.0,18482.0,16150.0,15711.0,16443.0,17584.0,19141.0,17114.0,19692.0,22724.0,31571.0
안동시 - 사회복지분야 예산액＜br＞(A),Statistics,124843.0,124742.0,128672.0,138453.0,161279.0,183363.0,201406.0,207585.0,233175.0,239011.0,290461.0,342358.0,333962.0,360583.0
안동시 - 일반회계중 사회복지예산비중＜br＞{(A+B)÷C×100},Statistics,23.2,21.7,22.6,22.6,24.4,26.5,27.3,26.6,25.4,24.7,24.7,27.6,26.2,22.9
안동시 - 전체 예산액＜br＞(C),Statistics,588000.0,635100.0,637200.0,681200.0,736200.0,751700.0,795800.0,841200.0,987300.0,1045400.0,1243100.0,1311200.0,1359200.0,1715000.0
안산시 - 보건분야 예산액＜br＞(B),Statistics,14549.0,15775.0,14488.0,18014.0,20074.0,22254.0,28957.0,27618.0,34106.0,28785.0,32814.0,37540.0,37220.0,49647.0
안산시 - 사회복지분야 예산액＜br＞(A),Statistics,257872.0,279150.0,295698.0,326290.0,368498.0,400368.0,454275.0,474055.0,504073.0,551565.0,643177.0,760952.0,788131.0,869122.0
안산시 - 일반회계중 사회복지예산비중＜br＞{(A+B)÷C×100},Statistics,35.4,36.1,36.2,36.9,33.3,41.3,43.0,30.8,26.4,36.5,39.3,40.3,38.9,45.1
안산시 - 전체 예산액＜br＞(C),Statistics,770102.0,817982.0,858012.0,933984.0,1166262.0,1022385.0,1124033.0,1627543.0,2036602.0,1591538.0,1719162.0,1980593.0,2123799.0,2038801.0
안성시 - 보건분야 예산액＜br＞(B),Statistics,3990.0,3991.0,4773.0,6720.0,8433.0,6806.0,6761.0,7559.0,9041.0,7646.0,9525.0,14943.0,14243.0,21848.0
안성시 - 사회복지분야 예산액＜br＞(A),Statistics,91603.0,91706.0,100088.0,109228.0,134334.0,140595.0,157103.0,168373.0,181258.0,196381.0,229300.0,320438.0,343210.0,333386.0
안성시 - 일반회계중 사회복지예산비중＜br＞{(A+B)÷C×100},Statistics,23.0,24.6,24.1,26.2,27.6,29.3,31.9,32.7,26.7,26.2,26.4,30.0,33.8,29.8
안성시 - 전체 예산액＜br＞(C),Statistics,415223.0,388864.0,435678.0,442199.0,516817.0,503819.0,513896.0,537785.0,711678.0,777536.0,905043.0,1116993.0,1056721.0,1190182.0
안양시 - 보건분야 예산액＜br＞(B),Statistics,11072.0,11045.0,12049.0,12710.0,13891.0,15029.0,18381.0,20195.0,22628.0,26499.0,30242.0,35133.0,33778.0,51586.0
안양시 - 사회복지분야 예산액＜br＞(A),Statistics,176290.0,178325.0,182003.0,216848.0,255408.0,289467.0,330455.0,344181.0,374735.0,406004.0,496356.0,701116.0,702535.0,670632.0
안양시 - 일반회계중 사회복지예산비중＜br＞{(A+B)÷C×100},Statistics,30.0,29.7,29.6,32.0,34.8,38.3,40.3,37.5,37.4,39.2,42.1,48.1,46.1,44.1
안양시 - 전체 예산액＜br＞(C),Statistics,624345.0,638311.0,654637.0,717954.0,772943.0,795144.0,865948.0,972211.0,1061386.0,1104212.0,1250411.0,1530846.0,1598845.0,1636667.0
양구군 - 보건분야 예산액＜br＞(B),Statistics,5563.0,2687.0,3546.0,4356.0,4333.0,3898.0,5018.0,5407.0,7714.0,7869.0,7479.0,11404.0,9091.0,11019.0
양구군 - 사회복지분야 예산액＜br＞(A),Statistics,24902.0,23833.0,21695.0,24838.0,29295.0,31756.0,34327.0,37341.0,44360.0,43573.0,52149.0,59382.0,63271.0,72541.0
양구군 - 일반회계중 사회복지예산비중＜br＞{(A+B)÷C×100},Statistics,13.9,14.3,12.4,13.1,14.3,15.9,16.1,17.2,17.4,15.8,15.4,17.5,19.3,17.8
양구군 - 전체 예산액＜br＞(C),Statistics,219066.0,185131.0,202802.0,223610.0,235251.0,223972.0,244077.0,248342.0,299774.0,324818.0,386074.0,404802.0,374537.0,469187.0
양산시 - 보건분야 예산액＜br＞(B),Statistics,6020.0,7491.0,8918.0,9760.0,8866.0,9345.0,10875.0,13752.0,19382.0,15572.0,16633.0,21722.0,24307.0,33371.0
양산시 - 사회복지분야 예산액＜br＞(A),Statistics,108338.0,128842.0,134661.0,148525.0,171655.0,189798.0,215545.0,243135.0,257497.0,303700.0,372726.0,552630.0,461160.0,548764.0
양산시 - 일반회계중 사회복지예산비중＜br＞{(A+B)÷C×100},Statistics,20.1,24.5,25.3,25.1,26.4,29.8,31.1,28.7,29.0,32.1,35.5,44.6,32.5,35.2
양산시 - 전체 예산액＜br＞(C),Statistics,568506.0,555683.0,568016.0,630838.0,682551.0,668646.0,728654.0,896555.0,954083.0,994403.0,1097898.0,1288158.0,1495152.0,1653190.0
양양군 - 보건분야 예산액＜br＞(B),Statistics,2008.0,3225.0,3279.0,2724.0,2758.0,2900.0,3522.0,3643.0,4148.0,4548.0,4323.0,6344.0,5133.0,5668.0
양양군 - 사회복지분야 예산액＜br＞(A),Statistics,30514.0,29938.0,30016.0,30556.0,37487.0,36987.0,40453.0,41093.0,44798.0,50687.0,56903.0,70900.0,77415.0,83097.0
양양군 - 일반회계중 사회복지예산비중＜br＞{(A+B)÷C×100},Statistics,16.9,18.4,16.8,16.1,18.4,18.7,18.2,16.9,16.5,19.4,17.7,20.2,21.5,19.0
양양군 - 전체 예산액＜br＞(C),Statistics,192722.0,180053.0,197818.0,206285.0,219108.0,213439.0,242152.0,264017.0,297226.0,284296.0,346065.0,381465.0,383604.0,467626.0
양주시 - 보건분야 예산액＜br＞(B),Statistics,4288.0,4112.0,4274.0,4979.0,5291.0,7315.0,7564.0,8101.0,10241.0,12447.0,13425.0,19162.0,16388.0,21657.0
양주시 - 사회복지분야 예산액＜br＞(A),Statistics,84920.0,89909.0,104839.0,116304.0,124790.0,136883.0,153591.0,166867.0,174995.0,207646.0,255053.0,358148.0,384413.0,401099.0
양주시 - 일반회계중 사회복지예산비중＜br＞{(A+B)÷C×100},Statistics,19.9,23.7,23.5,26.1,28.2,30.1,31.2,30.7,30.4,33.7,35.1,40.2,38.2,39.2
양주시 - 전체 예산액＜br＞(C),Statistics,448652.0,397235.0,464223.0,464228.0,460925.0,479484.0,516976.0,570363.0,608485.0,653654.0,765454.0,938227.0,1048194.0,1077368.0
양천구 - 보건분야 예산액＜br＞(B),Statistics,8224.0,6230.0,6016.0,10910.0,9867.0,15314.0,16259.0,14724.0,15601.0,15566.0,17293.0,20622.0,23744.0,38647.0
양천구 - 사회복지분야 예산액＜br＞(A),Statistics,112178.0,117846.0,129744.0,156518.0,190263.0,212427.0,243118.0,271210.0,283431.0,327917.0,363517.0,443087.0,445982.0,510492.0
양천구 - 일반회계중 사회복지예산비중＜br＞{(A+B)÷C×100},Statistics,35.3,38.3,43.2,44.5,51.0,52.9,54.5,52.6,51.4,53.8,53.7,47.9,48.2,53.6
양천구 - 전체 예산액＜br＞(C),Statistics,341457.0,324122.0,314188.0,376057.0,392272.0,430215.0,475733.0,543954.0,581898.0,638799.0,709193.0,968293.0,973947.0,1025164.0
양평군 - 보건분야 예산액＜br＞(B),Statistics,6577.0,5750.0,7048.0,7749.0,9143.0,8934.0,10006.0,9863.0,11516.0,12741.0,11165.0,14425.0,15393.0,18843.0
양평군 - 사회복지분야 예산액＜br＞(A),Statistics,62431.0,64581.0,62697.0,72694.0,84993.0,96011.0,110359.0,118331.0,130385.0,149488.0,184827.0,229053.0,229873.0,246160.0
양평군 - 일반회계중 사회복지예산비중＜br＞{(A+B)÷C×100},Statistics,18.4,21.8,18.8,22.0,24.3,26.7,26.3,27.1,26.8,28.6,29.8,33.2,29.0,27.8
양평군 - 전체 예산액＜br＞(C),Statistics,375552.0,322238.0,370908.0,365583.0,387594.0,392735.0,457871.0,473437.0,529658.0,566298.0,658059.0,733105.0,845751.0,953189.0
여수시 - 보건분야 예산액＜br＞(B),Statistics,10990.0,10461.0,12210.0,18282.0,11803.0,14269.0,15758.0,15834.0,19470.0,20353.0,20763.0,27155.0,24665.0,44005.0
여수시 - 사회복지분야 예산액＜br＞(A),Statistics,156736.0,161019.0,167792.0,178681.0,210843.0,242847.0,268790.0,277886.0,300890.0,326188.0,386012.0,452210.0,469682.0,501063.0
여수시 - 일반회계중 사회복지예산비중＜br＞{(A+B)÷C×100},Statistics,23.2,23.5,22.0,22.6,27.6,31.3,32.9,31.8,30.2,29.1,29.2,35.2,33.4,31.6
여수시 - 전체 예산액＜br＞(C),Statistics,722076.0,730666.0,817854.0,872391.0,805479.0,822252.0,865476.0,923930.0,1059632.0,1191528.0,1394171.0,1361932.0,1480563.0,1726845.0
여주시 - 보건분야 예산액＜br＞(B),Statistics,,,,,5193.0,5184.0,5858.0,7714.0,8869.0,12702.0,9193.0,11388.0,15033.0,14177.0
여주시 - 사회복지분야 예산액＜br＞(A),Statistics,,,,,85665.0,97858.0,107768.0,121943.0,123643.0,139290.0,162196.0,201854.0,214946.0,245691.0
여주시 - 일반회계중 사회복지예산비중＜br＞{(A+B)÷C×100},Statistics,,,,,21.6,26.6,25.8,26.9,22.2,23.7,23.9,25.8,25.0,26.0
여주시 - 전체 예산액＜br＞(C),Statistics,,,,,420647.0,386731.0,441152.0,481658.0,597647.0,640970.0,716594.0,827506.0,920066.0,999206.0
연수구 - 보건분야 예산액＜br＞(B),Statistics,5031.0,5338.0,8147.0,6898.0,7976.0,9808.0,10390.0,11949.0,19281.0,14368.0,15766.0,18262.0,20953.0,29959.0
연수구 - 사회복지분야 예산액＜br＞(A),Statistics,99993.0,100120.0,112820.0,124036.0,149918.0,167163.0,185974.0,196584.0,208739.0,239098.0,305596.0,373474.0,455272.0,435726.0
연수구 - 일반회계중 사회복지예산비중＜br＞{(A+B)÷C×100},Statistics,42.3,46.9,46.1,46.7,54.3,53.5,54.0,49.4,47.1,46.9,52.7,57.7,61.2,57.2
연수구 - 전체 예산액＜br＞(C),Statistics,248286.0,224930.0,262174.0,280337.0,290933.0,330884.0,363919.0,422339.0,484496.0,540348.0,609914.0,679274.0,778493.0,814385.0
연제구 - 보건분야 예산액＜br＞(B),Statistics,3484.0,3619.0,3797.0,3732.0,4658.0,4904.0,5577.0,6219.0,7859.0,7436.0,8209.0,10937.0,14570.0,19206.0
연제구 - 사회복지분야 예산액＜br＞(A),Statistics,80437.0,82925.0,86284.0,91324.0,107643.0,124798.0,143626.0,152631.0,156218.0,170289.0,213412.0,326602.0,312274.0,301233.0
연제구 - 일반회계중 사회복지예산비중＜br＞{(A+B)÷C×100},Statistics,53.0,56.5,52.6,46.6,50.7,57.3,56.1,55.1,55.8,55.4,58.5,65.6,61.0,60.1
연제구 - 전체 예산액＜br＞(C),Statistics,158478.0,153249.0,171120.0,203989.0,221639.0,226508.0,266015.0,288535.0,293940.0,320543.0,378647.0,514494.0,536098.0,532926.0
연천군 - 보건분야 예산액＜br＞(B),Statistics,4184.0,5573.0,4882.0,6232.0,6069.0,5173.0,6643.0,6265.0,7060.0,7421.0,9793.0,12886.0,11559.0,14053.0
연천군 - 사회복지분야 예산액＜br＞(A),Statistics,36076.0,34885.0,38021.0,40293.0,42634.0,48207.0,55287.0,58857.0,66890.0,76152.0,87081.0,99263.0,98264.0,106393.0
연천군 - 일반회계중 사회복지예산비중＜br＞{(A+B)÷C×100},Statistics,14.1,13.8,13.5,13.7,13.1,16.5,17.4,18.3,18.4,17.8,15.3,19.4,17.2,18.0
연천군 - 전체 예산액＜br＞(C),Statistics,286349.0,293827.0,317859.0,340004.0,372773.0,323704.0,356173.0,356024.0,401819.0,469631.0,633648.0,579077.0,639899.0,670168.0
영광군 - 보건분야 예산액＜br＞(B),Statistics,3489.0,3606.0,4696.0,4357.0,4650.0,4664.0,7082.0,5158.0,6343.0,9509.0,12764.0,12636.0,14069.0,17910.0
영광군 - 사회복지분야 예산액＜br＞(A),Statistics,47862.0,47382.0,50217.0,50756.0,55566.0,65565.0,78992.0,79902.0,82376.0,91392.0,108939.0,123586.0,141820.0,139263.0
영광군 - 일반회계중 사회복지예산비중＜br＞{(A+B)÷C×100},Statistics,17.9,18.0,17.5,16.0,17.0,18.7,22.4,21.4,19.7,22.0,23.2,23.9,25.5,22.2
영광군 - 전체 예산액＜br＞(C),Statistics,287371.0,282899.0,313210.0,344837.0,355008.0,375926.0,384010.0,397051.0,451370.0,459487.0,523547.0,571009.0,612201.0,708011.0
영덕군 - 보건분야 예산액＜br＞(B),Statistics,3489.0,3776.0,3931.0,4150.0,5018.0,4786.0,5533.0,5639.0,16536.0,14170.0,8735.0,11596.0,9179.0,10286.0
영덕군 - 사회복지분야 예산액＜br＞(A),Statistics,44713.0,44729.0,48224.0,48079.0,55238.0,53486.0,61410.0,66527.0,67901.0,76314.0,87783.0,103711.0,119014.0,112279.0
영덕군 - 일반회계중 사회복지예산비중＜br＞{(A+B)÷C×100},Statistics,16.0,18.0,19.3,17.0,19.5,19.0,21.7,22.2,21.8,18.8,18.6,22.8,24.6,19.3
영덕군 - 전체 예산액＜br＞(C),Statistics,301517.0,269656.0,270465.0,306827.0,308240.0,307359.0,308296.0,325574.0,387220.0,482073.0,518215.0,505430.0,521255.0,634832.0
영도구 - 보건분야 예산액＜br＞(B),Statistics,2829.0,2643.0,2766.0,3129.0,3483.0,3868.0,4332.0,4820.0,6463.0,5817.0,6646.0,6975.0,8383.0,12563.0
영도구 - 사회복지분야 예산액＜br＞(A),Statistics,76955.0,79947.0,82364.0,84383.0,95523.0,111144.0,126694.0,134887.0,139936.0,154587.0,183341.0,251364.0,248000.0,246092.0
영도구 - 일반회계중 사회복지예산비중＜br＞{(A+B)÷C×100},Statistics,45.9,53.8,50.3,52.6,53.9,57.6,53.7,52.3,50.3,52.6,56.0,62.1,58.0,54.9
영도구 - 전체 예산액＜br＞(C),Statistics,173883.0,153460.0,169286.0,166371.0,183699.0,199826.0,244136.0,267161.0,291057.0,304821.0,339364.0,416238.0,441686.0,470819.0
영동군 - 보건분야 예산액＜br＞(B),Statistics,4998.0,5869.0,6321.0,6958.0,7027.0,6135.0,7832.0,6907.0,7909.0,8361.0,8153.0,10710.0,11070.0,11111.0
영동군 - 사회복지분야 예산액＜br＞(A),Statistics,40098.0,38953.0,37737.0,48438.0,44993.0,55624.0,63543.0,66383.0,69998.0,77354.0,95032.0,118840.0,127897.0,122681.0
영동군 - 일반회계중 사회복지예산비중＜br＞{(A+B)÷C×100},Statistics,15.7,16.9,15.5,18.4,15.3,17.4,19.4,18.3,18.7,18.0,19.0,22.8,23.0,18.9
영동군 - 전체 예산액＜br＞(C),Statistics,288027.0,265904.0,283364.0,301310.0,340551.0,355121.0,367293.0,401063.0,416608.0,475042.0,543351.0,568664.0,603592.0,709363.0
영등포구 - 보건분야 예산액＜br＞(B),Statistics,9478.0,7869.0,7025.0,9643.0,10510.0,11039.0,13591.0,13993.0,15410.0,16457.0,17091.0,20683.0,28578.0,38244.0
영등포구 - 사회복지분야 예산액＜br＞(A),Statistics,112037.0,109535.0,109583.0,136811.0,175596.0,185140.0,226938.0,232736.0,249260.0,269347.0,312988.0,409113.0,471700.0,460983.0
영등포구 - 일반회계중 사회복지예산비중＜br＞{(A+B)÷C×100},Statistics,35.7,34.0,37.2,40.6,46.7,46.8,52.8,51.1,50.7,49.4,49.9,45.7,55.5,50.4
영등포구 - 전체 예산액＜br＞(C),Statistics,340765.0,345681.0,313578.0,360760.0,398579.0,418971.0,455323.0,482433.0,521611.0,578110.0,661749.0,941133.0,900876.0,989810.0
영암군 - 보건분야 예산액＜br＞(B),Statistics,4998.0,4049.0,4407.0,3435.0,4203.0,4626.0,6104.0,5708.0,6375.0,8790.0,7901.0,7507.0,9702.0,13153.0
영암군 - 사회복지분야 예산액＜br＞(A),Statistics,52698.0,47533.0,49260.0,51900.0,59387.0,66667.0,76374.0,82119.0,86309.0,100055.0,124258.0,129840.0,141218.0,132700.0
영암군 - 일반회계중 사회복지예산비중＜br＞{(A+B)÷C×100},Statistics,16.3,17.3,16.3,15.4,18.2,20.3,22.4,22.4,21.2,22.9,23.3,23.0,23.5,20.1
영암군 - 전체 예산액＜br＞(C),Statistics,353101.0,297640.0,328833.0,358814.0,348658.0,351903.0,368380.0,392299.0,437343.0,475218.0,567965.0,596344.0,640931.0,725309.0
영양군 - 보건분야 예산액＜br＞(B),Statistics,3006.0,5007.0,4527.0,5050.0,4996.0,5641.0,4475.0,5182.0,5496.0,5358.0,5918.0,7462.0,9235.0,7425.0
영양군 - 사회복지분야 예산액＜br＞(A),Statistics,24248.0,22329.0,24112.0,24148.0,25525.0,27505.0,31457.0,33689.0,40090.0,49309.0,46860.0,57861.0,57947.0,60632.0
영양군 - 일반회계중 사회복지예산비중＜br＞{(A+B)÷C×100},Statistics,13.0,14.3,15.0,13.0,12.8,15.9,16.3,15.6,17.7,19.8,15.9,19.9,19.8,17.4
영양군 - 전체 예산액＜br＞(C),Statistics,209700.0,191340.0,190300.0,225414.0,238700.0,209100.0,219900.0,249600.0,257800.0,275980.0,332650.0,329000.0,339300.0,390600.0
영월군 - 보건분야 예산액＜br＞(B),Statistics,5372.0,4115.0,7488.0,4912.0,4205.0,4309.0,6548.0,6369.0,6550.0,5629.0,6610.0,6784.0,8275.0,14272.0
영월군 - 사회복지분야 예산액＜br＞(A),Statistics,38972.0,38301.0,42854.0,37438.0,40650.0,47708.0,61106.0,64943.0,89663.0,93689.0,94364.0,103580.0,104471.0,113774.0
영월군 - 일반회계중 사회복지예산비중＜br＞{(A+B)÷C×100},Statistics,17.7,16.2,18.9,15.1,14.5,17.9,20.0,20.9,23.5,23.3,20.0,21.9,23.1,19.9
영월군 - 전체 예산액＜br＞(C),Statistics,250187.0,262279.0,266793.0,279682.0,308783.0,290699.0,337433.0,341250.0,409077.0,426271.0,503943.0,503360.0,487968.0,644726.0
영주시 - 보건분야 예산액＜br＞(B),Statistics,5630.0,6736.0,7451.0,6616.0,9407.0,8170.0,7301.0,7378.0,10378.0,8630.0,11206.0,11588.0,12851.0,17373.0
영주시 - 사회복지분야 예산액＜br＞(A),Statistics,86843.0,89738.0,89054.0,95932.0,113534.0,111710.0,131927.0,145802.0,141370.0,156965.0,182561.0,229246.0,251260.0,237253.0
영주시 - 일반회계중 사회복지예산비중＜br＞{(A+B)÷C×100},Statistics,23.6,25.6,23.7,23.9,25.2,25.5,27.7,27.2,23.1,24.4,24.7,29.1,30.0,23.5
영주시 - 전체 예산액＜br＞(C),Statistics,391100.0,377200.0,406800.0,428900.0,487400.0,470100.0,503050.0,562600.0,656440.0,677500.0,785890.0,829000.0,880000.0,1082334.0
영천시 - 보건분야 예산액＜br＞(B),Statistics,8032.0,7563.0,8866.0,7283.0,9395.0,10997.0,9509.0,8447.0,9710.0,10496.0,14593.0,15544.0,14723.0,19989.0
영천시 - 사회복지분야 예산액＜br＞(A),Statistics,73346.0,73651.0,78175.0,83674.0,88387.0,101932.0,111729.0,118136.0,128121.0,137340.0,161906.0,206397.0,228977.0,224046.0
영천시 - 일반회계중 사회복지예산비중＜br＞{(A+B)÷C×100},Statistics,18.9,18.3,17.2,18.1,16.9,20.2,20.4,19.8,20.1,20.2,20.3,25.8,25.6,21.3
영천시 - 전체 예산액＜br＞(C),Statistics,429700.0,442700.0,506000.0,502200.0,578000.0,559257.0,593700.0,638800.0,687001.0,732000.0,870486.0,859000.0,953500.0,1143450.0
예산군 - 보건분야 예산액＜br＞(B),Statistics,5729.0,5893.0,5328.0,8574.0,8445.0,7607.0,7713.0,12565.0,15743.0,10029.0,10121.0,11821.0,11363.0,14795.0
예산군 - 사회복지분야 예산액＜br＞(A),Statistics,60752.0,58317.0,58653.0,58940.0,62238.0,72911.0,85870.0,91521.0,99959.0,105589.0,125310.0,167110.0,174368.0,170677.0
예산군 - 일반회계중 사회복지예산비중＜br＞{(A+B)÷C×100},Statistics,20.3,19.8,19.2,16.2,16.9,18.6,19.9,19.2,21.0,18.8,20.2,23.3,23.3,20.7
예산군 - 전체 예산액＜br＞(C),Statistics,327539.0,323951.0,334100.0,415817.0,417467.0,433559.0,469646.0,543278.0,551301.0,616311.0,670288.0,768089.0,798211.0,898005.0
예천군 - 보건분야 예산액＜br＞(B),Statistics,3849.0,5033.0,6861.0,6477.0,7477.0,7012.0,6227.0,6510.0,7527.0,9813.0,9062.0,10915.0,12503.0,14305.0
예천군 - 사회복지분야 예산액＜br＞(A),Statistics,42763.0,42740.0,41892.0,45231.0,48616.0,55489.0,62714.0,67560.0,68942.0,79353.0,95081.0,119879.0,131366.0,130137.0
예천군 - 일반회계중 사회복지예산비중＜br＞{(A+B)÷C×100},Statistics,17.1,19.1,17.0,17.0,16.9,19.0,18.8,19.5,17.6,19.6,21.6,24.9,26.0,22.8
예천군 - 전체 예산액＜br＞(C),Statistics,273067.0,249655.0,286379.0,303525.0,332401.0,329248.0,366392.0,379680.0,434610.0,456056.0,481913.0,524956.0,554383.0,634621.0
오산시 - 보건분야 예산액＜br＞(B),Statistics,34543.0,6302.0,6772.0,7391.0,8150.0,9422.0,11088.0,11648.0,13219.0,12785.0,15616.0,17705.0,18773.0,24299.0
오산시 - 사회복지분야 예산액＜br＞(A),Statistics,54432.0,61502.0,68841.0,87181.0,123672.0,122780.0,147124.0,151020.0,158629.0,191178.0,232367.0,273843.0,284515.0,303879.0
오산시 - 일반회계중 사회복지예산비중＜br＞{(A+B)÷C×100},Statistics,36.0,30.7,31.2,33.4,38.4,38.7,39.2,34.4,31.2,35.4,43.5,41.6,41.2,44.6
오산시 - 전체 예산액＜br＞(C),Statistics,247281.0,220748.0,241968.0,283202.0,343258.0,341579.0,403379.0,473408.0,550904.0,575366.0,570041.0,700876.0,735514.0,735841.0
옥천군 - 보건분야 예산액＜br＞(B),Statistics,3664.0,4074.0,5706.0,5769.0,4497.0,5042.0,8553.0,9513.0,9896.0,11130.0,12261.0,12306.0,13116.0,14638.0
옥천군 - 사회복지분야 예산액＜br＞(A),Statistics,48156.0,43519.0,45864.0,46934.0,53865.0,60570.0,68924.0,70012.0,74567.0,84828.0,110613.0,142860.0,144294.0,154679.0
옥천군 - 일반회계중 사회복지예산비중＜br＞{(A+B)÷C×100},Statistics,20.7,19.9,20.9,19.5,19.3,20.6,22.8,22.6,21.8,24.3,26.8,31.4,29.1,27.0
옥천군 - 전체 예산액＜br＞(C),Statistics,249829.0,239044.0,247005.0,270719.0,301718.0,318337.0,340100.0,351742.0,386799.0,394303.0,458726.0,494690.0,540711.0,626432.0
옹진군 - 보건분야 예산액＜br＞(B),Statistics,4442.0,4836.0,4377.0,5961.0,5650.0,5428.0,5188.0,5099.0,6190.0,7913.0,13336.0,8974.0,9585.0,12318.0
옹진군 - 사회복지분야 예산액＜br＞(A),Statistics,17939.0,20567.0,21545.0,23826.0,23223.0,32018.0,32476.0,39625.0,40480.0,43533.0,53308.0,58320.0,66063.0,66189.0
옹진군 - 일반회계중 사회복지예산비중＜br＞{(A+B)÷C×100},Statistics,9.9,11.6,10.1,13.1,11.6,14.7,14.6,14.4,14.5,17.1,18.9,17.5,19.0,15.9
옹진군 - 전체 예산액＜br＞(C),Statistics,227039.0,219223.0,256232.0,228213.0,248803.0,254836.0,257183.0,310149.0,320850.0,301618.0,353353.0,383621.0,397788.0,495098.0
완도군 - 보건분야 예산액＜br＞(B),Statistics,6478.0,7340.0,7631.0,6898.0,8063.0,8239.0,9711.0,10526.0,11777.0,10683.0,12393.0,11205.0,12078.0,17747.0
완도군 - 사회복지분야 예산액＜br＞(A),Statistics,55109.0,54406.0,50962.0,52736.0,56863.0,65104.0,79022.0,78083.0,78023.0,87762.0,98478.0,114931.0,132384.0,129555.0
완도군 - 일반회계중 사회복지예산비중＜br＞{(A+B)÷C×100},Statistics,19.0,19.7,17.5,14.1,17.2,18.6,21.6,21.5,19.7,21.2,20.5,20.8,23.5,19.8
완도군 - 전체 예산액＜br＞(C),Statistics,323666.0,313198.0,335444.0,422877.0,377154.0,394185.0,410110.0,412508.0,456005.0,463627.0,541324.0,606833.0,614941.0,745315.0
완주군 - 보건분야 예산액＜br＞(B),Statistics,4889.0,6116.0,5210.0,6108.0,6194.0,6520.0,8102.0,8922.0,13446.0,13969.0,15114.0,14728.0,13785.0,16828.0
완주군 - 사회복지분야 예산액＜br＞(A),Statistics,80601.0,78202.0,76499.0,80818.0,97564.0,102598.0,115413.0,122813.0,130988.0,143510.0,162506.0,218441.0,217512.0,230622.0
완주군 - 일반회계중 사회복지예산비중＜br＞{(A+B)÷C×100},Statistics,17.8,19.9,15.6,17.0,20.5,18.8,21.1,23.2,25.1,26.8,26.5,29.6,26.2,26.1
완주군 - 전체 예산액＜br＞(C),Statistics,480560.0,424099.0,523122.0,511917.0,507143.0,580017.0,585605.0,566619.0,574615.0,588706.0,671220.0,786749.0,881427.0,946829.0
용산구 - 보건분야 예산액＜br＞(B),Statistics,6880.0,5561.0,5454.0,6496.0,6930.0,7333.0,8817.0,8862.0,9802.0,10325.0,9956.0,12241.0,17355.0,22043.0
용산구 - 사회복지분야 예산액＜br＞(A),Statistics,83276.0,71960.0,72877.0,93757.0,100697.0,114814.0,130855.0,142278.0,142144.0,169431.0,201374.0,249423.0,287686.0,273311.0
용산구 - 일반회계중 사회복지예산비중＜br＞{(A+B)÷C×100},Statistics,24.5,30.2,31.4,38.5,40.7,43.2,45.1,45.2,41.6,44.2,43.6,40.3,49.9,42.9
용산구 - 전체 예산액＜br＞(C),Statistics,367709.0,257102.0,249500.0,260072.0,264653.0,282476.0,309445.0,334188.0,364963.0,406316.0,484673.0,649138.0,611821.0,688481.0
용인시 - 보건분야 예산액＜br＞(B),Statistics,18118.0,17383.0,18294.0,22832.0,24996.0,26550.0,31214.0,32378.0,38498.0,35214.0,43184.0,52062.0,56813.0,77067.0
용인시 - 사회복지분야 예산액＜br＞(A),Statistics,235533.0,244599.0,271539.0,359715.0,388518.0,471147.0,494360.0,530225.0,547818.0,630124.0,792136.0,947218.0,991514.0,1115637.0
용인시 - 일반회계중 사회복지예산비중＜br＞{(A+B)÷C×100},Statistics,19.9,21.7,21.7,20.7,29.2,31.3,29.6,29.9,30.8,30.8,35.5,35.3,37.3,37.7
용인시 - 전체 예산액＜br＞(C),Statistics,1275329.0,1208309.0,1336933.0,1850370.0,1417769.0,1589824.0,1774316.0,1881559.0,1902687.0,2159307.0,2350932.0,2830644.0,2812567.0,3163073.0
울릉군 - 보건분야 예산액＜br＞(B),Statistics,3399.0,3354.0,4317.0,4166.0,4128.0,4041.0,5202.0,4762.0,3907.0,4379.0,6254.0,5502.0,5724.0,7787.0
울릉군 - 사회복지분야 예산액＜br＞(A),Statistics,6895.0,6488.0,6280.0,7684.0,9347.0,11058.0,11783.0,12186.0,12878.0,12817.0,17665.0,18086.0,19346.0,18909.0
울릉군 - 일반회계중 사회복지예산비중＜br＞{(A+B)÷C×100},Statistics,6.3,6.9,7.8,8.0,8.6,9.3,11.2,10.5,9.7,10.5,11.4,9.2,10.1,9.1
울릉군 - 전체 예산액＜br＞(C),Statistics,162945.0,142150.0,135300.0,148960.0,155900.0,163000.0,152300.0,161500.0,172900.0,163400.0,208970.0,257300.0,248000.0,292150.0
울산광역시 - 보건분야 예산액＜br＞(B),Statistics,38884.0,41511.0,43739.0,57037.0,56529.0,62158.0,69161.0,78925.0,109383.0,98874.0,108355.0,131294.0,143655.0,215615.0
울산광역시 - 사회복지분야 예산액＜br＞(A),Statistics,654181.0,671860.0,726308.0,844954.0,1028577.0,1164717.0,1316771.0,1405685.0,1491139.0,1722999.0,2041401.0,2638230.0,2775911.0,2892748.0
울산광역시 - 일반회계중 사회복지예산비중＜br＞{(A+B)÷C×100},Statistics,24.6,26.2,26.0,26.9,30.0,31.5,32.7,30.6,31.8,33.9,37.9,42.7,43.2,41.4
울산광역시 - 전체 예산액＜br＞(C),Statistics,2822463.0,2724594.0,2957711.0,3357804.0,3616948.0,3896762.0,4235195.0,4846236.0,5033095.0,5366426.0,5665302.0,6479546.0,6757167.0,7502729.0
울주군 - 보건분야 예산액＜br＞(B),Statistics,6835.0,6768.0,7410.0,7326.0,8874.0,9555.0,8188.0,8819.0,12433.0,11076.0,14951.0,16133.0,16209.0,24850.0
울주군 - 사회복지분야 예산액＜br＞(A),Statistics,90353.0,91050.0,99564.0,107619.0,130504.0,140419.0,161369.0,174901.0,184973.0,210265.0,253203.0,382161.0,404668.0,364459.0
울주군 - 일반회계중 사회복지예산비중＜br＞{(A+B)÷C×100},Statistics,23.4,26.6,25.7,23.7,25.8,25.3,24.9,22.4,21.3,24.4,29.4,41.0,40.6,32.0
울주군 - 전체 예산액＜br＞(C),Statistics,415257.0,367524.0,416404.0,485782.0,540070.0,593235.0,680908.0,821609.0,927348.0,907754.0,911735.0,971586.0,1036814.0,1214992.0
울진군 - 보건분야 예산액＜br＞(B),Statistics,7039.0,6976.0,8929.0,7750.0,10369.0,12856.0,14245.0,10764.0,12708.0,11316.0,15954.0,22646.0,19754.0,23021.0
울진군 - 사회복지분야 예산액＜br＞(A),Statistics,54786.0,56027.0,52604.0,57589.0,65136.0,65243.0,71216.0,73062.0,76520.0,80377.0,97341.0,117558.0,126495.0,123706.0
울진군 - 일반회계중 사회복지예산비중＜br＞{(A+B)÷C×100},Statistics,19.4,20.2,20.4,19.9,19.0,21.3,21.6,19.3,18.3,20.9,17.7,25.7,26.6,18.0
울진군 - 전체 예산액＜br＞(C),Statistics,319198.0,311260.0,301245.0,327954.0,396653.0,366440.0,395436.0,435229.0,488128.0,438244.0,641580.0,545364.0,549654.0,817286.0
원주시 - 보건분야 예산액＜br＞(B),Statistics,8650.0,8870.0,8538.0,8799.0,10722.0,12166.0,12655.0,16640.0,19960.0,18773.0,21309.0,23821.0,33243.0,35625.0
원주시 - 사회복지분야 예산액＜br＞(A),Statistics,145450.0,153240.0,175133.0,184990.0,210554.0,233549.0,264720.0,281201.0,309933.0,349235.0,418777.0,637058.0,650024.0,682921.0
원주시 - 일반회계중 사회복지예산비중＜br＞{(A+B)÷C×100},Statistics,27.0,28.4,30.8,28.3,27.9,31.7,33.9,29.6,32.1,33.3,36.7,42.7,41.3,41.3
원주시 - 전체 예산액＜br＞(C),Statistics,569864.0,570908.0,596605.0,683714.0,794389.0,774259.0,818996.0,1006978.0,1027145.0,1104236.0,1200438.0,1549355.0,1653340.0,1739021.0
유성구 - 보건분야 예산액＜br＞(B),Statistics,8954.0,8663.0,10758.0,11093.0,12505.0,14800.0,22445.0,25301.0,20527.0,19236.0,21186.0,25437.0,26360.0,37608.0
유성구 - 사회복지분야 예산액＜br＞(A),Statistics,65686.0,75287.0,90727.0,117488.0,146182.0,161466.0,187130.0,192382.0,205955.0,230713.0,281871.0,424808.0,408441.0,429126.0
유성구 - 일반회계중 사회복지예산비중＜br＞{(A+B)÷C×100},Statistics,34.8,38.0,40.4,42.8,46.8,46.0,51.5,51.2,49.1,52.0,56.1,62.8,59.6,57.1
유성구 - 전체 예산액＜br＞(C),Statistics,214200.0,221105.0,251367.0,300147.0,339056.0,383154.0,406923.0,425058.0,461335.0,480491.0,540459.0,717344.0,730058.0,817846.0
은평구 - 보건분야 예산액＜br＞(B),Statistics,11051.0,10717.0,8201.0,14389.0,13986.0,14033.0,16637.0,17794.0,20127.0,20963.0,17834.0,24958.0,26417.0,40423.0
은평구 - 사회복지분야 예산액＜br＞(A),Statistics,153615.0,143927.0,159268.0,192285.0,225548.0,266013.0,308957.0,334614.0,370814.0,402559.0,481482.0,591724.0,604851.0,665791.0
은평구 - 일반회계중 사회복지예산비중＜br＞{(A+B)÷C×100},Statistics,41.9,44.0,48.6,54.2,55.8,60.1,62.7,60.2,58.3,58.2,60.3,53.8,54.8,59.6
은평구 - 전체 예산액＜br＞(C),Statistics,392972.0,351700.0,344415.0,381206.0,429413.0,465707.0,519137.0,585788.0,670393.0,727910.0,828273.0,1146307.0,1152544.0,1184700.0
음성군 - 보건분야 예산액＜br＞(B),Statistics,6812.0,8877.0,8324.0,8344.0,10313.0,9948.0,10013.0,10178.0,12922.0,13554.0,14315.0,17845.0,16303.0,19217.0
음성군 - 사회복지분야 예산액＜br＞(A),Statistics,73759.0,70724.0,75083.0,78942.0,87310.0,99580.0,111512.0,116018.0,125023.0,139176.0,156607.0,211483.0,209291.0,208591.0
음성군 - 일반회계중 사회복지예산비중＜br＞{(A+B)÷C×100},Statistics,26.6,28.3,27.0,24.8,25.6,27.1,28.6,28.5,25.8,27.1,27.9,31.7,27.9,26.5
음성군 - 전체 예산액＜br＞(C),Statistics,303016.0,281671.0,308403.0,352270.0,381035.0,403664.0,425003.0,442248.0,535267.0,564275.0,612840.0,722650.0,808055.0,860740.0
의령군 - 보건분야 예산액＜br＞(B),Statistics,2957.0,3386.0,5875.0,4814.0,4797.0,6174.0,5563.0,4869.0,6717.0,6154.0,6325.0,7287.0,12405.0,7826.0
의령군 - 사회복지분야 예산액＜br＞(A),Statistics,34906.0,35001.0,33847.0,38403.0,37887.0,44035.0,49153.0,49707.0,53990.0,55173.0,67493.0,80461.0,80648.0,80196.0
의령군 - 일반회계중 사회복지예산비중＜br＞{(A+B)÷C×100},Statistics,15.2,17.7,16.5,17.9,16.7,18.3,19.3,18.3,17.1,17.2,18.2,21.5,21.5,16.5
의령군 - 전체 예산액＜br＞(C),Statistics,248491.0,216307.0,241040.0,241084.0,255767.0,273742.0,283347.0,298050.0,355223.0,355610.0,406636.0,408423.0,431887.0,534382.0
의성군 - 보건분야 예산액＜br＞(B),Statistics,7631.0,5097.0,7084.0,4954.0,5797.0,7206.0,6838.0,7493.0,11883.0,14623.0,17284.0,13428.0,13083.0,15585.0
의성군 - 사회복지분야 예산액＜br＞(A),Statistics,63460.0,55145.0,54916.0,63346.0,65863.0,75125.0,86599.0,85641.0,92183.0,101166.0,129523.0,167812.0,158291.0,182091.0
의성군 - 일반회계중 사회복지예산비중＜br＞{(A+B)÷C×100},Statistics,19.3,16.8,16.7,16.0,16.8,18.7,18.8,18.2,19.0,19.6,22.0,27.2,25.0,25.5
의성군 - 전체 예산액＜br＞(C),Statistics,368712.0,357967.0,371553.0,426915.0,426800.0,441200.0,497600.0,511500.0,547900.0,590000.0,666416.0,667400.0,686785.0,773870.0
의왕시 - 보건분야 예산액＜br＞(B),Statistics,5182.0,3147.0,5468.0,4390.0,4321.0,5272.0,6529.0,6394.0,8339.0,9228.0,10993.0,14185.0,14323.0,19833.0
의왕시 - 사회복지분야 예산액＜br＞(A),Statistics,44026.0,48457.0,53061.0,70673.0,85083.0,94872.0,101018.0,106138.0,117433.0,136210.0,163641.0,234338.0,203414.0,220201.0
의왕시 - 일반회계중 사회복지예산비중＜br＞{(A+B)÷C×100},Statistics,22.4,21.5,24.3,30.0,33.7,34.0,34.5,35.1,34.6,37.1,40.1,43.6,36.3,40.2
의왕시 - 전체 예산액＜br＞(C),Statistics,219282.0,239823.0,241210.0,250100.0,265041.0,294629.0,312050.0,321040.0,363129.0,391693.0,435806.0,570115.0,599408.0,597601.0
의정부시 - 보건분야 예산액＜br＞(B),Statistics,7357.0,7552.0,7668.0,8945.0,9961.0,11321.0,13494.0,14487.0,17400.0,17085.0,19847.0,24192.0,28124.0,37385.0
의정부시 - 사회복지분야 예산액＜br＞(A),Statistics,169173.0,182427.0,189055.0,206392.0,232628.0,264037.0,298649.0,316688.0,337937.0,387512.0,486904.0,677093.0,621808.0,699429.0
의정부시 - 일반회계중 사회복지예산비중＜br＞{(A+B)÷C×100},Statistics,31.7,34.3,39.8,35.9,41.6,46.2,33.4,46.3,44.3,45.1,41.8,52.3,45.9,49.1
의정부시 - 전체 예산액＜br＞(C),Statistics,557286.0,553878.0,494852.0,599770.0,583706.0,596570.0,933966.0,715570.0,802405.0,896882.0,1211121.0,1342118.0,1417452.0,1500237.0
이천시 - 보건분야 예산액＜br＞(B),Statistics,5902.0,5724.0,7576.0,7713.0,8580.0,10350.0,11906.0,11377.0,13132.0,12723.0,21811.0,20279.0,22242.0,30333.0
이천시 - 사회복지분야 예산액＜br＞(A),Statistics,89143.0,97215.0,105477.0,129627.0,152560.0,149533.0,170856.0,176754.0,198865.0,217106.0,260004.0,354406.0,380788.0,367072.0
이천시 - 일반회계중 사회복지예산비중＜br＞{(A+B)÷C×100},Statistics,19.7,22.5,23.8,26.8,28.5,30.4,27.2,24.1,25.1,24.3,21.6,34.4,31.4,31.8
이천시 - 전체 예산액＜br＞(C),Statistics,482160.0,456778.0,474645.0,512129.0,565180.0,526053.0,671108.0,779371.0,844307.0,945523.0,1306968.0,1087954.0,1283122.0,1250014.0
익산시 - 보건분야 예산액＜br＞(B),Statistics,9898.0,11522.0,10326.0,11155.0,15727.0,13144.0,16421.0,14949.0,20781.0,21432.0,18950.0,24902.0,24701.0,32926.0
익산시 - 사회복지분야 예산액＜br＞(A),Statistics,204551.0,202558.0,213148.0,219990.0,251628.0,270712.0,301242.0,317891.0,334431.0,370728.0,437373.0,620907.0,599462.0,636079.0
익산시 - 일반회계중 사회복지예산비중＜br＞{(A+B)÷C×100},Statistics,31.1,32.2,32.3,32.6,32.4,33.7,35.7,36.9,33.3,35.3,35.7,45.0,40.2,38.8
익산시 - 전체 예산액＜br＞(C),Statistics,689595.0,665472.0,692180.0,708849.0,825074.0,842850.0,890152.0,902968.0,1066330.0,1110555.0,1277350.0,1434111.0,1554417.0,1725444.0
인제군 - 보건분야 예산액＜br＞(B),Statistics,2453.0,2846.0,2700.0,3262.0,3579.0,3559.0,4981.0,7000.0,6650.0,7036.0,6530.0,9185.0,10267.0,12017.0
인제군 - 사회복지분야 예산액＜br＞(A),Statistics,33497.0,31315.0,35696.0,35404.0,38483.0,39168.0,43696.0,44511.0,51028.0,56290.0,66472.0,78902.0,80998.0,97353.0
인제군 - 일반회계중 사회복지예산비중＜br＞{(A+B)÷C×100},Statistics,14.3,15.4,16.0,15.2,14.2,15.1,16.1,16.5,15.2,15.0,14.8,16.3,17.5,17.6
인제군 - 전체 예산액＜br＞(C),Statistics,252231.0,221358.0,240470.0,255043.0,295774.0,282753.0,301599.0,311816.0,380677.0,422991.0,491764.0,540094.0,521893.0,621099.0
인천광역시 - 보건분야 예산액＜br＞(B),Statistics,161472.0,157833.0,152987.0,165611.0,196190.0,197496.0,201988.0,152084.0,192098.0,173417.0,211787.0,268036.0,257011.0,331062.0
인천광역시 - 사회복지분야 예산액＜br＞(A),Statistics,2036702.0,1995956.0,2198157.0,2479231.0,2904531.0,3247741.0,3687801.0,3964640.0,4229498.0,4829309.0,5827802.0,7243776.0,8712356.0,8203949.0
인천광역시 - 일반회계중 사회복지예산비중＜br＞{(A+B)÷C×100},Statistics,29.0,32.0,32.9,34.3,34.1,38.6,38.6,39.0,38.0,42.4,43.8,47.4,47.7,45.1
인천광역시 - 전체 예산액＜br＞(C),Statistics,7587540.0,6737702.0,7140305.0,7707863.0,9100424.0,8915524.0,10077762.0,10544814.0,11621829.0,11802549.0,13776190.0,15860909.0,18816124.0,18920641.0
임실군 - 보건분야 예산액＜br＞(B),Statistics,5380.0,4083.0,5947.0,4597.0,5592.0,4560.0,5076.0,6163.0,6695.0,8977.0,7032.0,8106.0,8274.0,10151.0
임실군 - 사회복지분야 예산액＜br＞(A),Statistics,31484.0,30707.0,33357.0,32415.0,40689.0,46171.0,48417.0,49518.0,54087.0,63008.0,72278.0,86444.0,85720.0,91538.0
임실군 - 일반회계중 사회복지예산비중＜br＞{(A+B)÷C×100},Statistics,13.5,13.2,13.8,13.3,15.9,16.2,16.1,16.9,16.5,18.9,18.6,19.9,19.1,16.3
임실군 - 전체 예산액＜br＞(C),Statistics,273251.0,263233.0,285255.0,278354.0,290317.0,313579.0,331804.0,329888.0,369190.0,381827.0,426027.0,474717.0,491915.0,624312.0
장성군 - 보건분야 예산액＜br＞(B),Statistics,4817.0,4678.0,4326.0,6038.0,6954.0,6953.0,7917.0,6648.0,8396.0,10559.0,9365.0,9106.0,9622.0,10779.0
장성군 - 사회복지분야 예산액＜br＞(A),Statistics,40240.0,40097.0,43027.0,43483.0,51499.0,56462.0,69521.0,67888.0,69061.0,75751.0,87063.0,99333.0,108857.0,109709.0
장성군 - 일반회계중 사회복지예산비중＜br＞{(A+B)÷C×100},Statistics,16.6,16.2,15.2,15.3,17.2,18.1,20.0,20.4,18.2,19.9,21.7,21.5,22.4,20.4
장성군 - 전체 예산액＜br＞(C),Statistics,270814.0,276845.0,312237.0,324623.0,339356.0,350723.0,386276.0,365187.0,424496.0,433376.0,443371.0,504917.0,529387.0,590188.0
장수군 - 보건분야 예산액＜br＞(B),Statistics,2554.0,5154.0,3531.0,3523.0,4226.0,3890.0,6755.0,4824.0,7075.0,4843.0,4607.0,7676.0,10623.0,7831.0
장수군 - 사회복지분야 예산액＜br＞(A),Statistics,27565.0,29128.0,28256.0,30986.0,36149.0,35886.0,42513.0,45036.0,46115.0,51901.0,57491.0,72872.0,75955.0,70092.0
장수군 - 일반회계중 사회복지예산비중＜br＞{(A+B)÷C×100},Statistics,14.5,16.0,14.7,14.7,15.8,15.9,18.5,17.1,16.3,15.6,14.7,18.8,19.8,15.8
장수군 - 전체 예산액＜br＞(C),Statistics,208386.0,213661.0,216752.0,235271.0,255324.0,250173.0,266332.0,292399.0,326833.0,362675.0,422445.0,429109.0,436641.0,493657.0
장흥군 - 보건분야 예산액＜br＞(B),Statistics,3694.0,3962.0,4970.0,6336.0,7880.0,13505.0,19304.0,10056.0,9491.0,11055.0,13265.0,11315.0,12312.0,13280.0
장흥군 - 사회복지분야 예산액＜br＞(A),Statistics,42934.0,40275.0,46887.0,43163.0,50935.0,55099.0,62082.0,65902.0,70333.0,76216.0,94994.0,101942.0,114687.0,118318.0
장흥군 - 일반회계중 사회복지예산비중＜br＞{(A+B)÷C×100},Statistics,15.0,15.2,17.5,13.3,17.6,20.0,22.4,20.4,19.8,20.7,21.5,21.4,23.1,20.2
장흥군 - 전체 예산액＜br＞(C),Statistics,309821.0,291064.0,297172.0,372338.0,335007.0,343449.0,364075.0,373180.0,402737.0,421840.0,503677.0,528258.0,550932.0,653007.0
전국 - 보건분야 예산액＜br＞(B),Statistics,2921406.0,2847134.0,2927021.0,3253264.0,3643505.0,3857261.0,4478740.0,4626148.0,5487928.0,5361235.0,5998317.0,7358541.0,8197619.0,11419762.0
전국 - 사회복지분야 예산액＜br＞(A),Statistics,39417998.0,39099868.0,41366245.0,46110638.0,54101732.0,60923837.0,69030380.0,73069490.0,77586463.0,86918176.0,104436022.0,143491959.0,145044159.0,144355324.0
전국 - 일반회계중 사회복지예산비중＜br＞{(A+B)÷C×100},Statistics,25.8,26.3,26.6,27.4,30.1,32.6,33.3,33.0,32.7,34.0,35.7,40.9,38.9,37.1
전국 - 전체 예산액＜br＞(C),Statistics,164351164.0,159282397.0,166205913.0,179951349.0,191762267.0,198817024.0,220756353.0,235536627.0,254249527.0,271220188.0,309521951.0,369057873.0,394243227.0,419927152.0
전라남도 - 보건분야 예산액＜br＞(B),Statistics,181565.0,166791.0,185704.0,215102.0,235612.0,259605.0,314620.0,303777.0,341035.0,325831.0,375497.0,446397.0,477706.0,614579.0
전라남도 - 사회복지분야 예산액＜br＞(A),Statistics,2444475.0,2396836.0,2497090.0,2575498.0,2936844.0,3316338.0,3780796.0,3892708.0,4113818.0,4512845.0,5325624.0,6155538.0,6863811.0,6798950.0
전라남도 - 일반회계중 사회복지예산비중＜br＞{(A+B)÷C×100},Statistics,20.5,20.5,20.1,19.0,21.8,24.3,26.1,25.3,24.9,25.4,25.8,26.6,27.2,25.6
전라남도 - 전체 예산액＜br＞(C),Statistics,12824560.0,12495564.0,13319827.0,14656605.0,14541384.0,14711267.0,15712973.0,16578339.0,17903839.0,19034557.0,22110483.0,24790425.0,27031984.0,28911396.0
전북특별자치도 - 보건분야 예산액＜br＞(B),Statistics,135385.0,147487.0,158235.0,146390.0,192268.0,176866.0,218340.0,210809.0,277840.0,270494.0,291257.0,345934.0,383098.0,495670.0
전북특별자치도 - 사회복지분야 예산액＜br＞(A),Statistics,2318591.0,2249556.0,2304794.0,2446981.0,2763105.0,3071919.0,3458315.0,3635447.0,3832433.0,4288009.0,4971837.0,6663089.0,6848928.0,6694799.0
전북특별자치도 - 일반회계중 사회복지예산비중＜br＞{(A+B)÷C×100},Statistics,25.7,25.9,24.6,24.5,26.0,27.9,29.3,29.7,29.4,30.6,30.3,35.1,33.9,30.9
전북특별자치도 - 전체 예산액＜br＞(C),Statistics,9535947.0,9268892.0,10011060.0,10582158.0,11366294.0,11660485.0,12546961.0,12938117.0,13973411.0,14911566.0,17368957.0,19975413.0,21303469.0,23235242.0
전주시 - 보건분야 예산액＜br＞(B),Statistics,9947.0,10873.0,12388.0,14757.0,15654.0,19160.0,22038.0,26549.0,30359.0,25966.0,28402.0,36321.0,36567.0,52871.0
전주시 - 사회복지분야 예산액＜br＞(A),Statistics,300542.0,305531.0,312955.0,341489.0,391223.0,436143.0,479699.0,495868.0,525026.0,596980.0,690741.0,864979.0,1037703.0,986587.0
전주시 - 일반회계중 사회복지예산비중＜br＞{(A+B)÷C×100},Statistics,34.0,37.4,35.0,36.4,36.6,40.4,39.6,41.4,41.0,42.1,42.2,42.6,45.8,41.6
전주시 - 전체 예산액＜br＞(C),Statistics,913132.0,845504.0,929305.0,978788.0,1111203.0,1127195.0,1267360.0,1263129.0,1355449.0,1480296.0,1703172.0,2114783.0,2346357.0,2498823.0
정선군 - 보건분야 예산액＜br＞(B),Statistics,4831.0,3921.0,4658.0,5055.0,5176.0,13349.0,6553.0,19075.0,19274.0,19268.0,13949.0,15912.0,18396.0,22589.0
정선군 - 사회복지분야 예산액＜br＞(A),Statistics,43864.0,36992.0,38145.0,37009.0,41164.0,46653.0,53824.0,66837.0,70956.0,81945.0,100563.0,110263.0,118671.0,137250.0
정선군 - 일반회계중 사회복지예산비중＜br＞{(A+B)÷C×100},Statistics,15.8,12.8,15.8,14.6,14.3,18.5,17.6,22.2,20.5,22.0,23.0,25.3,26.3,25.5
정선군 - 전체 예산액＜br＞(C),Statistics,307713.0,318837.0,270529.0,288873.0,325179.0,325142.0,343551.0,387230.0,440239.0,459119.0,497387.0,498134.0,521114.0,626334.0
정읍시 - 보건분야 예산액＜br＞(B),Statistics,9072.0,8815.0,9530.0,9026.0,8827.0,8484.0,9583.0,10572.0,16586.0,11468.0,15135.0,14728.0,15579.0,19067.0
정읍시 - 사회복지분야 예산액＜br＞(A),Statistics,125354.0,118526.0,119538.0,121222.0,143675.0,147195.0,163956.0,166335.0,175452.0,194798.0,218941.0,278617.0,292245.0,277172.0
정읍시 - 일반회계중 사회복지예산비중＜br＞{(A+B)÷C×100},Statistics,27.3,28.4,22.9,23.5,27.2,27.1,27.6,27.0,25.3,25.7,24.6,29.6,30.3,24.2
정읍시 - 전체 예산액＜br＞(C),Statistics,491518.0,449009.0,562407.0,554551.0,561021.0,574764.0,628112.0,654091.0,759511.0,802439.0,950822.0,992480.0,1017112.0,1221988.0
제주특별자치도 - 보건분야 예산액＜br＞(B),Statistics,31601.0,35097.0,37003.0,38449.0,41044.0,59272.0,57716.0,67704.0,69974.0,66735.0,74870.0,93424.0,114605.0,127389.0
제주특별자치도 - 사회복지분야 예산액＜br＞(A),Statistics,337378.0,322859.0,307044.0,318411.0,411367.0,454543.0,676278.0,708245.0,798894.0,888429.0,1081070.0,1411261.0,1434412.0,1458056.0
제주특별자치도 - 일반회계중 사회복지예산비중＜br＞{(A+B)÷C×100},Statistics,15.4,15.4,13.9,13.1,14.7,16.9,20.9,20.1,20.4,21.7,23.5,28.0,27.5,24.5
제주특별자치도 - 전체 예산액＜br＞(C),Statistics,2398131.0,2322091.0,2474522.0,2728163.0,3080658.0,3044441.0,3505044.0,3858142.0,4267401.0,4399590.0,4914548.0,5368525.0,5622850.0,6478514.0
제천시 - 보건분야 예산액＜br＞(B),Statistics,6432.0,6039.0,5773.0,7788.0,7124.0,7796.0,7637.0,8264.0,15313.0,12545.0,14050.0,15685.0,16104.0,22628.0
제천시 - 사회복지분야 예산액＜br＞(A),Statistics,97901.0,100049.0,106312.0,107577.0,117392.0,128956.0,139785.0,144988.0,151981.0,170817.0,207070.0,299001.0,285654.0,289143.0
제천시 - 일반회계중 사회복지예산비중＜br＞{(A+B)÷C×100},Statistics,23.0,24.8,26.2,24.8,24.9,26.2,26.4,25.3,24.6,25.7,27.1,31.6,27.6,25.2
제천시 - 전체 예산액＜br＞(C),Statistics,454188.0,427065.0,427343.0,465600.0,500093.0,521811.0,558118.0,606051.0,680989.0,713311.0,815201.0,997390.0,1092872.0,1237544.0
종로구 - 보건분야 예산액＜br＞(B),Statistics,6240.0,4808.0,4391.0,5254.0,5949.0,6744.0,7541.0,7114.0,7978.0,8975.0,9676.0,11889.0,13814.0,18277.0
종로구 - 사회복지분야 예산액＜br＞(A),Statistics,55463.0,54416.0,57140.0,70070.0,80517.0,95445.0,107910.0,113339.0,120536.0,131862.0,153574.0,197422.0,213152.0,202474.0
종로구 - 일반회계중 사회복지예산비중＜br＞{(A+B)÷C×100},Statistics,21.6,23.8,26.8,27.1,30.8,33.5,35.5,34.2,33.3,35.4,34.6,36.0,41.2,34.3
종로구 - 전체 예산액＜br＞(C),Statistics,285754.0,249022.0,229406.0,277897.0,280768.0,305382.0,325169.0,351879.0,386083.0,397637.0,471514.0,582044.0,550876.0,643611.0
중구 - 보건분야 예산액＜br＞(B),Statistics,7413.0,5807.0,5683.0,6476.0,7979.0,7359.0,8084.0,7779.0,8907.0,10015.0,9186.0,15006.0,17011.0,19423.0
중구 - 사회복지분야 예산액＜br＞(A),Statistics,81392.0,69201.0,70297.0,74874.0,93625.0,90000.0,101785.0,111954.0,113762.0,127994.0,165326.0,215071.0,216735.0,228651.0
중구 - 일반회계중 사회복지예산비중＜br＞{(A+B)÷C×100},Statistics,29.1,29.0,29.6,31.6,35.3,33.9,35.4,32.3,30.6,33.0,38.0,37.6,40.5,39.6
중구 - 전체 예산액＜br＞(C),Statistics,305012.0,258691.0,256643.0,257815.0,287649.0,287335.0,310324.0,370608.0,400340.0,417631.0,459474.0,611982.0,577130.0,626513.0
중랑구 - 보건분야 예산액＜br＞(B),Statistics,9462.0,6630.0,6235.0,8502.0,10077.0,10127.0,12950.0,13198.0,16066.0,16851.0,17507.0,21599.0,33006.0,41154.0
중랑구 - 사회복지분야 예산액＜br＞(A),Statistics,147798.0,142744.0,144353.0,161461.0,186564.0,222803.0,252755.0,269214.0,298351.0,328611.0,391353.0,504073.0,601733.0,568965.0
중랑구 - 일반회계중 사회복지예산비중＜br＞{(A+B)÷C×100},Statistics,42.5,42.0,45.4,50.5,52.3,55.1,56.8,55.8,54.7,53.3,52.2,49.5,60.6,57.6
중랑구 - 전체 예산액＜br＞(C),Statistics,370407.0,355819.0,331734.0,336332.0,376183.0,422748.0,467774.0,506174.0,574458.0,648700.0,782797.0,1063016.0,1047021.0,1058602.0
증평군 - 보건분야 예산액＜br＞(B),Statistics,2808.0,2221.0,2186.0,2768.0,3302.0,3338.0,3794.0,3622.0,4097.0,3814.0,4005.0,4663.0,5242.0,6077.0
증평군 - 사회복지분야 예산액＜br＞(A),Statistics,25093.0,26050.0,23089.0,26082.0,30993.0,32981.0,35081.0,36891.0,40668.0,44932.0,58794.0,72992.0,70953.0,72565.0
증평군 - 일반회계중 사회복지예산비중＜br＞{(A+B)÷C×100},Statistics,18.8,21.5,17.1,19.2,20.5,19.6,22.2,23.5,22.8,24.7,28.0,30.6,28.3,25.4
증평군 - 전체 예산액＜br＞(C),Statistics,148334.0,131206.0,147793.0,150003.0,167121.0,185034.0,175216.0,172606.0,196185.0,197146.0,224110.0,253539.0,269255.0,309694.0
진도군 - 보건분야 예산액＜br＞(B),Statistics,3830.0,3298.0,3567.0,3442.0,5245.0,5123.0,6733.0,5613.0,4856.0,6217.0,6256.0,7320.0,12125.0,8930.0
진도군 - 사회복지분야 예산액＜br＞(A),Statistics,41114.0,35150.0,34363.0,34592.0,38157.0,46455.0,57141.0,52270.0,55135.0,60658.0,70235.0,86140.0,98116.0,96881.0
진도군 - 일반회계중 사회복지예산비중＜br＞{(A+B)÷C×100},Statistics,15.2,14.5,13.9,12.2,14.8,15.4,19.7,16.8,17.8,18.2,15.6,17.6,18.9,20.5
진도군 - 전체 예산액＜br＞(C),Statistics,295266.0,264745.0,273103.0,312180.0,294232.0,335019.0,323819.0,344056.0,336264.0,367405.0,489419.0,529927.0,583908.0,516675.0
진안군 - 보건분야 예산액＜br＞(B),Statistics,3589.0,7796.0,8177.0,4342.0,16556.0,8477.0,13447.0,10311.0,8997.0,12145.0,13759.0,12125.0,13662.0,12998.0
진안군 - 사회복지분야 예산액＜br＞(A),Statistics,33227.0,28707.0,30939.0,30369.0,33328.0,39081.0,45579.0,46032.0,53109.0,57983.0,69058.0,77219.0,80907.0,91880.0
진안군 - 일반회계중 사회복지예산비중＜br＞{(A+B)÷C×100},Statistics,15.0,14.7,16.7,13.4,17.1,15.3,18.9,17.5,17.5,18.8,19.7,20.3,20.0,18.8
진안군 - 전체 예산액＜br＞(C),Statistics,245214.0,248033.0,234419.0,258987.0,290942.0,309989.0,311518.0,321085.0,355562.0,373098.0,420144.0,440609.0,471976.0,557385.0
진주시 - 보건분야 예산액＜br＞(B),Statistics,9562.0,10609.0,10767.0,11800.0,10866.0,12469.0,12865.0,13107.0,15827.0,14218.0,16466.0,23520.0,26553.0,38326.0
진주시 - 사회복지분야 예산액＜br＞(A),Statistics,173092.0,169119.0,172063.0,193067.0,227486.0,245003.0,272579.0,275247.0,291195.0,324704.0,393271.0,556254.0,610052.0,550954.0
진주시 - 일반회계중 사회복지예산비중＜br＞{(A+B)÷C×100},Statistics,28.0,25.9,27.0,27.9,29.0,29.8,29.8,25.2,24.8,22.8,27.4,38.4,35.5,33.1
진주시 - 전체 예산액＜br＞(C),Statistics,651300.0,692924.0,676706.0,733195.0,822342.0,863358.0,958131.0,1143553.0,1240408.0,1484174.0,1495855.0,1509790.0,1794357.0,1779998.0
진천군 - 보건분야 예산액＜br＞(B),Statistics,4184.0,3960.0,5194.0,5271.0,6104.0,5471.0,6315.0,13484.0,7039.0,6789.0,9892.0,9797.0,9954.0,13381.0
진천군 - 사회복지분야 예산액＜br＞(A),Statistics,34870.0,36720.0,41102.0,43242.0,51107.0,56818.0,66387.0,71177.0,71986.0,88846.0,106625.0,152169.0,151583.0,150568.0
진천군 - 일반회계중 사회복지예산비중＜br＞{(A+B)÷C×100},Statistics,16.8,16.5,17.5,17.4,19.5,20.0,21.9,24.5,18.8,23.8,23.3,30.7,27.3,25.3
진천군 - 전체 예산액＜br＞(C),Statistics,232266.0,246867.0,265074.0,278272.0,292887.0,310762.0,331313.0,345226.0,420254.0,401679.0,499528.0,527261.0,591148.0,648939.0
창녕군 - 보건분야 예산액＜br＞(B),Statistics,5688.0,6648.0,9472.0,7027.0,10773.0,9112.0,8240.0,8080.0,8949.0,9667.0,9754.0,11892.0,13571.0,15922.0
창녕군 - 사회복지분야 예산액＜br＞(A),Statistics,52735.0,49382.0,54230.0,56458.0,61420.0,73510.0,85144.0,89198.0,97717.0,105254.0,120253.0,157832.0,160797.0,154502.0
창녕군 - 일반회계중 사회복지예산비중＜br＞{(A+B)÷C×100},Statistics,19.9,19.3,19.9,19.2,21.7,23.1,25.9,24.2,23.0,24.2,23.2,27.3,28.6,24.6
창녕군 - 전체 예산액＜br＞(C),Statistics,294065.0,289894.0,320342.0,331435.0,333428.0,358428.0,360612.0,401964.0,463472.0,475510.0,560062.0,621411.0,609783.0,692324.0
창원시 - 보건분야 예산액＜br＞(B),Statistics,,22806.0,26654.0,30563.0,28310.0,35431.0,37509.0,41806.0,53147.0,44154.0,46628.0,58821.0,54852.0,89818.0
창원시 - 사회복지분야 예산액＜br＞(A),Statistics,,435797.0,470026.0,525864.0,594807.0,632399.0,703075.0,737540.0,767209.0,874974.0,1068824.0,1251486.0,1324692.0,1487221.0
창원시 - 일반회계중 사회복지예산비중＜br＞{(A+B)÷C×100},Statistics,,26.1,26.2,29.4,31.4,34.6,36.7,34.9,33.2,35.6,38.2,37.5,38.6,39.6
창원시 - 전체 예산액＜br＞(C),Statistics,,1755691.0,1895718.0,1892453.0,1984209.0,1928073.0,2017692.0,2232082.0,2469506.0,2581501.0,2918293.0,3493612.0,3570180.0,3982456.0
천안시 - 보건분야 예산액＜br＞(B),Statistics,15424.0,15215.0,14649.0,19982.0,18991.0,24316.0,25626.0,27403.0,32190.0,30894.0,37377.0,43092.0,60173.0,76730.0
천안시 - 사회복지분야 예산액＜br＞(A),Statistics,217387.0,217106.0,223711.0,248816.0,336387.0,344204.0,380160.0,414227.0,434916.0,493124.0,616255.0,916099.0,918557.0,853234.0
천안시 - 일반회계중 사회복지예산비중＜br＞{(A+B)÷C×100},Statistics,31.0,30.3,29.4,28.8,34.2,34.3,34.4,34.2,32.3,34.4,37.3,44.1,42.9,37.9
천안시 - 전체 예산액＜br＞(C),Statistics,750300.0,766000.0,812000.0,933000.0,1039500.0,1073100.0,1179945.0,1291725.0,1445726.0,1524181.0,1753555.0,2174790.0,2280456.0,2453820.0
철원군 - 보건분야 예산액＜br＞(B),Statistics,3503.0,3638.0,3174.0,3354.0,3886.0,4094.0,6278.0,5159.0,10697.0,11434.0,9834.0,11001.0,12284.0,18611.0
철원군 - 사회복지분야 예산액＜br＞(A),Statistics,34299.0,33902.0,35326.0,38504.0,43574.0,46168.0,51286.0,52075.0,59532.0,68698.0,78601.0,103649.0,96517.0,108592.0
철원군 - 일반회계중 사회복지예산비중＜br＞{(A+B)÷C×100},Statistics,15.1,16.5,15.5,16.1,15.7,16.9,17.6,15.3,16.0,18.4,17.8,18.0,19.0,20.0
철원군 - 전체 예산액＜br＞(C),Statistics,249908.0,228196.0,248574.0,259229.0,301718.0,297288.0,327622.0,374892.0,438016.0,436431.0,495662.0,636329.0,573988.0,637368.0
청도군 - 보건분야 예산액＜br＞(B),Statistics,4111.0,4467.0,4651.0,3890.0,4729.0,5109.0,5539.0,5565.0,6870.0,7339.0,7657.0,11116.0,11139.0,14958.0
청도군 - 사회복지분야 예산액＜br＞(A),Statistics,36358.0,38193.0,36726.0,36216.0,41115.0,46980.0,55861.0,58803.0,62850.0,66854.0,76086.0,101867.0,106381.0,102705.0
청도군 - 일반회계중 사회복지예산비중＜br＞{(A+B)÷C×100},Statistics,17.6,17.4,14.4,12.7,14.0,15.9,18.3,20.3,19.9,20.2,21.1,24.1,22.2,19.9
청도군 - 전체 예산액＜br＞(C),Statistics,230000.0,245200.0,288100.0,316183.0,327252.0,327390.0,335600.0,317311.0,350221.0,367325.0,397358.0,469302.0,529369.0,589945.0
청송군 - 보건분야 예산액＜br＞(B),Statistics,4500.0,4966.0,4407.0,6867.0,7546.0,8020.0,8665.0,8995.0,9990.0,9790.0,12353.0,13970.0,15915.0,20280.0
청송군 - 사회복지분야 예산액＜br＞(A),Statistics,29636.0,28756.0,29784.0,31347.0,32105.0,35808.0,44021.0,47119.0,46455.0,53220.0,61521.0,75156.0,84359.0,80330.0
청송군 - 일반회계중 사회복지예산비중＜br＞{(A+B)÷C×100},Statistics,15.5,16.0,16.3,17.0,14.7,17.3,20.1,19.6,16.8,18.6,19.4,22.4,23.8,20.8
청송군 - 전체 예산액＜br＞(C),Statistics,220379.0,210129.0,210313.0,224498.0,270559.0,252944.0,262577.0,286629.0,335811.0,338085.0,380812.0,397093.0,422010.0,484604.0
청양군 - 보건분야 예산액＜br＞(B),Statistics,5830.0,5517.0,5815.0,5658.0,6757.0,7634.0,7251.0,6614.0,6873.0,7852.0,8234.0,9878.0,20226.0,12361.0
청양군 - 사회복지분야 예산액＜br＞(A),Statistics,25428.0,26766.0,27532.0,31861.0,33620.0,38368.0,45503.0,49976.0,49338.0,54581.0,61690.0,86624.0,93866.0,89837.0
청양군 - 일반회계중 사회복지예산비중＜br＞{(A+B)÷C×100},Statistics,12.7,13.2,13.8,12.7,14.3,15.8,17.4,18.5,15.6,16.6,15.9,21.3,22.6,16.2
청양군 - 전체 예산액＜br＞(C),Statistics,247070.0,245464.0,241380.0,295379.0,281425.0,290558.0,303804.0,305620.0,359365.0,376917.0,440728.0,453718.0,504558.0,630098.0
청주시 - 보건분야 예산액＜br＞(B),Statistics,,,,,,34449.0,38256.0,40840.0,50387.0,44900.0,45483.0,47044.0,53894.0,71856.0
청주시 - 사회복지분야 예산액＜br＞(A),Statistics,,,,,,571395.0,617783.0,627278.0,677388.0,745521.0,897999.0,1275055.0,1256811.0,1171357.0
청주시 - 일반회계중 사회복지예산비중＜br＞{(A+B)÷C×100},Statistics,,,,,,36.0,34.9,34.7,33.2,37.5,37.1,45.5,43.5,36.1
청주시 - 전체 예산액＜br＞(C),Statistics,,,,,,1680648.0,1879547.0,1925537.0,2194582.0,2106462.0,2543775.0,2905100.0,3016555.0,3444971.0
춘천시 - 보건분야 예산액＜br＞(B),Statistics,9045.0,9822.0,8071.0,8202.0,8984.0,10140.0,12539.0,11949.0,15662.0,15855.0,16087.0,18697.0,25662.0,31201.0
춘천시 - 사회복지분야 예산액＜br＞(A),Statistics,140960.0,149022.0,155870.0,179545.0,215576.0,221512.0,242009.0,254978.0,288157.0,318533.0,386573.0,575248.0,561933.0,616404.0
춘천시 - 일반회계중 사회복지예산비중＜br＞{(A+B)÷C×100},Statistics,24.2,27.8,25.8,28.0,30.5,32.3,33.3,32.6,33.3,30.9,32.3,43.1,39.7,38.5
춘천시 - 전체 예산액＜br＞(C),Statistics,620717.0,570937.0,634710.0,670087.0,735495.0,716892.0,764243.0,818154.0,911317.0,1081973.0,1244909.0,1376603.0,1480223.0,1682667.0
충남 당진군 - 보건분야 예산액＜br＞(B),Statistics,6493.0,6510.0,6699.0,,,,,,,,,,,
충남 당진군 - 사회복지분야 예산액＜br＞(A),Statistics,71531.0,73225.0,77216.0,,,,,,,,,,,
충남 당진군 - 일반회계중 사회복지예산비중＜br＞{(A+B)÷C×100},Statistics,16.6,17.3,16.8,,,,,,,,,,,
충남 당진군 - 전체 예산액＜br＞(C),Statistics,470630.0,460374.0,500742.0,,,,,,,,,,,
충남 연기군 - 보건분야 예산액＜br＞(B),Statistics,7073.0,6625.0,7209.0,,,,,,,,,,,
충남 연기군 - 사회복지분야 예산액＜br＞(A),Statistics,60394.0,61155.0,58533.0,,,,,,,,,,,
충남 연기군 - 일반회계중 사회복지예산비중＜br＞{(A+B)÷C×100},Statistics,23.6,24.2,26.2,,,,,,,,,,,
충남 연기군 - 전체 예산액＜br＞(C),Statistics,286240.0,280271.0,251048.0,,,,,,,,,,,
충북 청원군 - 보건분야 예산액＜br＞(B),Statistics,8109.0,9128.0,9853.0,9634.0,14169.0,,,,,,,,,
충북 청원군 - 사회복지분야 예산액＜br＞(A),Statistics,89627.0,86263.0,97271.0,102589.0,117661.0,,,,,,,,,
충북 청원군 - 일반회계중 사회복지예산비중＜br＞{(A+B)÷C×100},Statistics,24.3,22.9,24.6,22.0,22.2,,,,,,,,,
충북 청원군 - 전체 예산액＜br＞(C),Statistics,402263.0,416464.0,435377.0,511236.0,593914.0,,,,,,,,,
충북 청주시 - 보건분야 예산액＜br＞(B),Statistics,19361.0,15305.0,16524.0,20316.0,24687.0,,,,,,,,,
충북 청주시 - 사회복지분야 예산액＜br＞(A),Statistics,277785.0,280013.0,295505.0,348620.0,400384.0,,,,,,,,,
충북 청주시 - 일반회계중 사회복지예산비중＜br＞{(A+B)÷C×100},Statistics,35.1,36.8,37.9,39.7,41.8,,,,,,,,,
충북 청주시 - 전체 예산액＜br＞(C),Statistics,845768.0,803235.0,824237.0,928915.0,1016148.0,,,,,,,,,
충주시 - 보건분야 예산액＜br＞(B),Statistics,8064.0,11963.0,8981.0,9143.0,10373.0,10549.0,10877.0,13978.0,16887.0,15139.0,17550.0,21685.0,23912.0,31013.0
충주시 - 사회복지분야 예산액＜br＞(A),Statistics,117947.0,113348.0,124705.0,133894.0,148473.0,166760.0,190469.0,199987.0,219637.0,256896.0,293374.0,403854.0,394884.0,389723.0
충주시 - 일반회계중 사회복지예산비중＜br＞{(A+B)÷C×100},Statistics,24.1,22.5,21.3,22.7,23.4,27.0,28.4,27.2,26.5,27.6,30.1,33.6,31.4,29.8
충주시 - 전체 예산액＜br＞(C),Statistics,522221.0,556671.0,628589.0,630059.0,677765.0,656224.0,708320.0,786452.0,892089.0,986030.0,1032266.0,1268252.0,1332414.0,1410694.0
충청남도 - 보건분야 예산액＜br＞(B),Statistics,182449.0,199171.0,196188.0,198872.0,227585.0,254819.0,277795.0,311228.0,338566.0,319789.0,365930.0,438480.0,529544.0,686554.0
충청남도 - 사회복지분야 예산액＜br＞(A),Statistics,2032579.0,2003174.0,2094664.0,2161624.0,2533471.0,2859812.0,3159520.0,3316850.0,3524212.0,3975222.0,4806418.0,6650378.0,6700666.0,6696629.0
충청남도 - 일반회계중 사회복지예산비중＜br＞{(A+B)÷C×100},Statistics,23.0,22.4,22.5,21.6,24.6,26.3,26.7,26.7,26.5,27.6,28.9,33.9,32.5,30.3
충청남도 - 전체 예산액＜br＞(C),Statistics,9622238.0,9844026.0,10189880.0,10907954.0,11242360.0,11854813.0,12865494.0,13611865.0,14581624.0,15584521.0,17897185.0,20920729.0,22268691.0,24349178.0
충청북도 - 보건분야 예산액＜br＞(B),Statistics,126910.0,130273.0,128718.0,154408.0,190053.0,162092.0,171469.0,192497.0,228536.0,208539.0,255472.0,293398.0,318517.0,407557.0
충청북도 - 사회복지분야 예산액＜br＞(A),Statistics,1561403.0,1519975.0,1621679.0,1775108.0,2013007.0,2276404.0,2545098.0,2644926.0,2780713.0,3123857.0,3697930.0,5257443.0,5156863.0,5000773.0
충청북도 - 일반회계중 사회복지예산비중＜br＞{(A+B)÷C×100},Statistics,24.9,24.5,24.7,25.3,26.5,28.4,29.1,29.1,27.9,29.9,30.8,37.1,34.2,30.6
충청북도 - 전체 예산액＜br＞(C),Statistics,6770626.0,6741710.0,7083590.0,7625851.0,8310167.0,8582075.0,9341427.0,9760053.0,10799009.0,11129003.0,12848028.0,14969247.0,15996096.0,17655441.0
칠곡군 - 보건분야 예산액＜br＞(B),Statistics,5195.0,5705.0,5332.0,6167.0,6588.0,7453.0,7899.0,8133.0,10202.0,8959.0,10726.0,11456.0,10166.0,14334.0
칠곡군 - 사회복지분야 예산액＜br＞(A),Statistics,64387.0,69060.0,83747.0,99580.0,105000.0,98426.0,112188.0,112300.0,113218.0,129240.0,151932.0,184210.0,196836.0,188318.0
칠곡군 - 일반회계중 사회복지예산비중＜br＞{(A+B)÷C×100},Statistics,24.9,26.0,27.8,29.3,28.2,27.1,29.9,28.8,28.3,30.8,32.0,34.5,35.5,32.6
칠곡군 - 전체 예산액＜br＞(C),Statistics,279468.0,287521.0,320500.0,361000.0,395500.0,391400.0,401200.0,417900.0,435600.0,449200.0,508000.0,567800.0,582300.0,621100.0
태백시 - 보건분야 예산액＜br＞(B),Statistics,2733.0,2697.0,2714.0,4163.0,3190.0,4226.0,3972.0,4291.0,5717.0,5052.0,5598.0,9268.0,9139.0,13598.0
태백시 - 사회복지분야 예산액＜br＞(A),Statistics,39586.0,36287.0,36114.0,37285.0,45692.0,52812.0,56468.0,67182.0,68510.0,73543.0,90580.0,103142.0,106119.0,118113.0
태백시 - 일반회계중 사회복지예산비중＜br＞{(A+B)÷C×100},Statistics,17.0,16.3,17.1,17.5,20.2,21.9,21.9,20.4,22.7,23.9,23.6,27.7,28.1,29.2
태백시 - 전체 예산액＜br＞(C),Statistics,248930.0,239794.0,227698.0,236258.0,241642.0,260869.0,275560.0,350430.0,327150.0,328656.0,408176.0,405882.0,409626.0,451391.0
태안군 - 보건분야 예산액＜br＞(B),Statistics,8812.0,8497.0,8196.0,10011.0,9911.0,10873.0,11438.0,11817.0,15730.0,14455.0,15069.0,17711.0,17177.0,18857.0
태안군 - 사회복지분야 예산액＜br＞(A),Statistics,48542.0,43117.0,41333.0,44907.0,50209.0,60393.0,69350.0,73324.0,81938.0,90403.0,103470.0,122859.0,136129.0,150673.0
태안군 - 일반회계중 사회복지예산비중＜br＞{(A+B)÷C×100},Statistics,17.7,14.8,16.3,16.0,18.8,21.0,20.8,20.7,20.7,22.2,22.0,23.7,25.2,22.7
태안군 - 전체 예산액＜br＞(C),Statistics,323569.0,347926.0,303952.0,343375.0,319561.0,339712.0,387679.0,410951.0,472523.0,473075.0,538162.0,593907.0,608102.0,747023.0
통영시 - 보건분야 예산액＜br＞(B),Statistics,4754.0,5442.0,5422.0,7322.0,7235.0,8586.0,8386.0,8863.0,10532.0,11705.0,10434.0,11441.0,13298.0,18079.0
통영시 - 사회복지분야 예산액＜br＞(A),Statistics,68508.0,71260.0,78265.0,83941.0,92446.0,103990.0,121447.0,124325.0,127337.0,145146.0,168243.0,192739.0,237847.0,243531.0
통영시 - 일반회계중 사회복지예산비중＜br＞{(A+B)÷C×100},Statistics,17.7,19.3,19.1,20.4,22.0,24.5,26.1,26.1,25.7,26.6,25.5,26.7,30.2,26.7
통영시 - 전체 예산액＜br＞(C),Statistics,413909.0,396925.0,437540.0,448257.0,452391.0,459827.0,497972.0,511196.0,536893.0,590636.0,701965.0,763330.0,831029.0,979332.0
파주시 - 보건분야 예산액＜br＞(B),Statistics,6090.0,6723.0,8170.0,8477.0,10369.0,10794.0,13424.0,15293.0,17678.0,24987.0,21670.0,27097.0,38763.0,55166.0
파주시 - 사회복지분야 예산액＜br＞(A),Statistics,124648.0,134449.0,149023.0,176762.0,215478.0,242644.0,273162.0,293760.0,313168.0,367733.0,448394.0,591283.0,631577.0,689927.0
파주시 - 일반회계중 사회복지예산비중＜br＞{(A+B)÷C×100},Statistics,23.7,26.1,25.7,27.2,31.6,35.9,35.9,36.7,36.4,36.5,33.6,36.9,38.8,43.2
파주시 - 전체 예산액＜br＞(C),Statistics,551192.0,540632.0,611717.0,679891.0,715025.0,706861.0,797917.0,841393.0,909032.0,1076551.0,1399668.0,1675817.0,1728813.0,1725090.0
평창군 - 보건분야 예산액＜br＞(B),Statistics,3039.0,3700.0,3517.0,4741.0,4052.0,4271.0,5183.0,9480.0,15792.0,11075.0,8911.0,10121.0,12861.0,15284.0
평창군 - 사회복지분야 예산액＜br＞(A),Statistics,34807.0,28156.0,28613.0,35423.0,36988.0,43574.0,46367.0,50631.0,55705.0,59974.0,74058.0,88811.0,92451.0,105885.0
평창군 - 일반회계중 사회복지예산비중＜br＞{(A+B)÷C×100},Statistics,14.6,13.6,14.0,14.9,12.5,15.7,14.7,15.4,15.2,17.2,16.6,18.8,18.4,17.4
평창군 - 전체 예산액＜br＞(C),Statistics,259899.0,233571.0,229773.0,270293.0,328115.0,305248.0,350417.0,389274.0,471061.0,413511.0,499751.0,527527.0,571103.0,698253.0
평택시 - 보건분야 예산액＜br＞(B),Statistics,13073.0,11885.0,11389.0,12474.0,13741.0,14628.0,18607.0,19748.0,23381.0,24624.0,27443.0,36319.0,51799.0,63956.0
평택시 - 사회복지분야 예산액＜br＞(A),Statistics,159210.0,164106.0,169943.0,181394.0,217841.0,257741.0,297509.0,329238.0,341822.0,388450.0,489283.0,713196.0,633259.0,730545.0
평택시 - 일반회계중 사회복지예산비중＜br＞{(A+B)÷C×100},Statistics,20.9,22.6,23.7,23.6,26.8,29.4,29.4,30.8,27.2,30.2,31.5,38.7,33.1,34.9
평택시 - 전체 예산액＜br＞(C),Statistics,822358.0,778542.0,766720.0,822291.0,863468.0,926658.0,1075655.0,1134691.0,1344245.0,1366483.0,1641768.0,1939159.0,2070216.0,2274031.0
포천시 - 보건분야 예산액＜br＞(B),Statistics,5881.0,6127.0,5094.0,5762.0,5413.0,6366.0,7127.0,7419.0,8771.0,7788.0,12057.0,18123.0,20211.0,22109.0
포천시 - 사회복지분야 예산액＜br＞(A),Statistics,88977.0,89907.0,94225.0,99895.0,111025.0,129334.0,137846.0,145160.0,151840.0,169219.0,198423.0,238038.0,247580.0,286688.0
포천시 - 일반회계중 사회복지예산비중＜br＞{(A+B)÷C×100},Statistics,22.7,23.3,21.0,21.4,22.7,25.0,26.4,25.6,21.8,22.0,20.7,25.8,25.6,26.3
포천시 - 전체 예산액＜br＞(C),Statistics,417719.0,412581.0,472762.0,494042.0,513540.0,542896.0,549581.0,596116.0,738313.0,805726.0,1018501.0,992551.0,1045762.0,1174543.0
포항시 - 보건분야 예산액＜br＞(B),Statistics,11537.0,12165.0,12374.0,13163.0,15460.0,17333.0,19804.0,20614.0,29005.0,24970.0,27720.0,35456.0,41810.0,57326.0
포항시 - 사회복지분야 예산액＜br＞(A),Statistics,240874.0,262372.0,268530.0,302255.0,347524.0,360831.0,408085.0,427349.0,464161.0,515491.0,611139.0,772667.0,858931.0,833111.0
포항시 - 일반회계중 사회복지예산비중＜br＞{(A+B)÷C×100},Statistics,26.1,29.0,29.1,30.0,33.0,34.6,36.5,33.8,32.5,31.3,33.1,37.1,33.5,30.9
포항시 - 전체 예산액＜br＞(C),Statistics,965900.0,945100.0,964700.0,1052500.0,1101400.0,1094000.0,1173000.0,1325200.0,1518200.0,1729300.0,1930372.0,2176880.0,2690500.0,2880700.0
하남시 - 보건분야 예산액＜br＞(B),Statistics,3335.0,3825.0,5080.0,5276.0,5576.0,5683.0,6537.0,8753.0,13915.0,29884.0,28533.0,20636.0,20237.0,33908.0
하남시 - 사회복지분야 예산액＜br＞(A),Statistics,53540.0,54384.0,56757.0,65893.0,79727.0,90232.0,113685.0,125960.0,150325.0,188760.0,249458.0,381744.0,395996.0,409346.0
하남시 - 일반회계중 사회복지예산비중＜br＞{(A+B)÷C×100},Statistics,21.0,23.0,19.3,20.1,26.0,29.8,32.7,32.9,33.2,40.3,42.7,47.0,41.4,44.2
하남시 - 전체 예산액＜br＞(C),Statistics,270230.0,253608.0,320468.0,354779.0,328307.0,321365.0,367141.0,408963.0,494465.0,542404.0,651081.0,856619.0,1005976.0,1002386.0
하동군 - 보건분야 예산액＜br＞(B),Statistics,5384.0,5745.0,6069.0,7224.0,7064.0,6656.0,8265.0,7452.0,9580.0,11014.0,10014.0,10847.0,10964.0,14828.0
하동군 - 사회복지분야 예산액＜br＞(A),Statistics,53261.0,47949.0,48157.0,50338.0,53918.0,62286.0,68591.0,77121.0,81960.0,78895.0,92901.0,104302.0,104508.0,115430.0
하동군 - 일반회계중 사회복지예산비중＜br＞{(A+B)÷C×100},Statistics,17.3,19.1,16.5,17.0,17.8,19.6,20.7,20.2,19.2,17.9,20.1,19.9,16.3,17.8
하동군 - 전체 예산액＜br＞(C),Statistics,339136.0,281504.0,328508.0,338958.0,343394.0,351177.0,370640.0,418634.0,475922.0,501207.0,511838.0,579189.0,709861.0,730922.0
함안군 - 보건분야 예산액＜br＞(B),Statistics,5228.0,4248.0,4990.0,5078.0,6202.0,5067.0,8617.0,7303.0,7647.0,7181.0,8622.0,10094.0,10909.0,12464.0
함안군 - 사회복지분야 예산액＜br＞(A),Statistics,50847.0,52563.0,50852.0,52627.0,62241.0,74576.0,77247.0,78918.0,81307.0,90436.0,111254.0,145650.0,154459.0,141217.0
함안군 - 일반회계중 사회복지예산비중＜br＞{(A+B)÷C×100},Statistics,20.9,21.8,21.0,20.3,22.9,25.0,26.2,25.3,23.3,23.1,25.9,28.7,27.6,23.5
함안군 - 전체 예산액＜br＞(C),Statistics,268364.0,260837.0,265997.0,284255.0,299306.0,318755.0,327249.0,340260.0,381099.0,422312.0,463598.0,542249.0,598478.0,653657.0
함양군 - 보건분야 예산액＜br＞(B),Statistics,3839.0,4470.0,4218.0,4758.0,5450.0,4911.0,3940.0,4145.0,5793.0,5863.0,9189.0,10042.0,10790.0,11140.0
함양군 - 사회복지분야 예산액＜br＞(A),Statistics,47266.0,43275.0,49597.0,44641.0,48185.0,53328.0,60949.0,62063.0,63734.0,69236.0,78153.0,98022.0,106336.0,103530.0
함양군 - 일반회계중 사회복지예산비중＜br＞{(A+B)÷C×100},Statistics,16.3,16.1,16.9,14.3,15.5,16.9,19.3,18.3,16.3,15.8,17.1,19.7,21.2,18.0
함양군 - 전체 예산액＜br＞(C),Statistics,314255.0,296653.0,317727.0,344331.0,345905.0,344552.0,336206.0,362163.0,426869.0,473858.0,512100.0,547259.0,552325.0,636546.0
함평군 - 보건분야 예산액＜br＞(B),Statistics,4491.0,4653.0,5378.0,4658.0,5115.0,5409.0,6407.0,5725.0,6307.0,6303.0,6835.0,7480.0,9947.0,10568.0
함평군 - 사회복지분야 예산액＜br＞(A),Statistics,39940.0,36746.0,38722.0,41120.0,56209.0,52105.0,55762.0,56140.0,60550.0,66459.0,75575.0,87382.0,97211.0,98058.0
함평군 - 일반회계중 사회복지예산비중＜br＞{(A+B)÷C×100},Statistics,17.6,17.4,17.6,17.3,20.9,18.7,18.7,18.0,18.3,19.6,19.8,20.1,21.6,17.9
함평군 - 전체 예산액＜br＞(C),Statistics,252925.0,237478.0,250508.0,265211.0,293157.0,307982.0,332347.0,343766.0,364540.0,371108.0,415812.0,472666.0,496218.0,607913.0
합천군 - 보건분야 예산액＜br＞(B),Statistics,4884.0,5033.0,5282.0,6819.0,7778.0,7122.0,6731.0,6692.0,8739.0,8405.0,9172.0,10104.0,14331.0,16330.0
합천군 - 사회복지분야 예산액＜br＞(A),Statistics,55100.0,54817.0,56357.0,58628.0,60589.0,69143.0,76907.0,80589.0,87248.0,87700.0,100160.0,116098.0,128327.0,126155.0
합천군 - 일반회계중 사회복지예산비중＜br＞{(A+B)÷C×100},Statistics,16.9,17.2,17.6,14.7,16.4,17.5,17.8,17.7,17.5,17.3,17.2,18.3,21.1,17.2
합천군 - 전체 예산액＜br＞(C),Statistics,354794.0,347720.0,350924.0,445179.0,418084.0,436761.0,469219.0,493325.0,549761.0,554924.0,636264.0,689931.0,676265.0,829362.0
해남군 - 보건분야 예산액＜br＞(B),Statistics,5948.0,5251.0,6872.0,6712.0,13188.0,9383.0,10981.0,11002.0,11819.0,12195.0,14054.0,14102.0,15670.0,16694.0
해남군 - 사회복지분야 예산액＜br＞(A),Statistics,67671.0,66698.0,72360.0,70710.0,78884.0,95543.0,105225.0,106315.0,121412.0,119192.0,139455.0,169007.0,183598.0,172746.0
해남군 - 일반회계중 사회복지예산비중＜br＞{(A+B)÷C×100},Statistics,18.3,19.0,19.1,15.8,18.8,20.5,21.0,19.6,18.6,16.5,16.3,19.4,20.2,16.4
해남군 - 전체 예산액＜br＞(C),Statistics,402336.0,379651.0,414149.0,489181.0,489841.0,511867.0,554341.0,599747.0,715627.0,795579.0,943397.0,943878.0,985767.0,1152870.0
해운대구 - 보건분야 예산액＜br＞(B),Statistics,6809.0,7241.0,7467.0,7845.0,9565.0,10678.0,10604.0,12161.0,15712.0,15757.0,14754.0,19315.0,23426.0,34300.0
해운대구 - 사회복지분야 예산액＜br＞(A),Statistics,153828.0,157601.0,164280.0,179960.0,203353.0,228894.0,265919.0,290167.0,294618.0,322508.0,386722.0,467956.0,471250.0,536310.0
해운대구 - 일반회계중 사회복지예산비중＜br＞{(A+B)÷C×100},Statistics,55.5,57.1,56.0,53.6,56.0,57.9,59.8,58.8,58.6,60.6,60.2,54.7,55.6,62.4
해운대구 - 전체 예산액＜br＞(C),Statistics,289270.0,288927.0,306704.0,350518.0,380022.0,413928.0,462741.0,513833.0,529226.0,558197.0,666468.0,890914.0,889069.0,914730.0
홍성군 - 보건분야 예산액＜br＞(B),Statistics,6311.0,7901.0,7976.0,8698.0,9815.0,9587.0,10787.0,12365.0,13988.0,14385.0,14694.0,16820.0,19093.0,23169.0
홍성군 - 사회복지분야 예산액＜br＞(A),Statistics,61842.0,60651.0,62280.0,64585.0,74140.0,84524.0,98468.0,103927.0,112738.0,129787.0,167461.0,206336.0,216251.0,211346.0
홍성군 - 일반회계중 사회복지예산비중＜br＞{(A+B)÷C×100},Statistics,20.3,19.1,20.0,18.6,20.8,21.3,23.5,23.7,24.3,27.0,28.5,32.5,31.0,27.6
홍성군 - 전체 예산액＜br＞(C),Statistics,336345.0,359184.0,350854.0,394819.0,404228.0,440830.0,464615.0,491678.0,521681.0,533921.0,638591.0,685933.0,758747.0,850293.0
홍천군 - 보건분야 예산액＜br＞(B),Statistics,3536.0,4129.0,3489.0,4324.0,5464.0,6708.0,6628.0,8648.0,10505.0,8395.0,10230.0,10110.0,12642.0,12959.0
홍천군 - 사회복지분야 예산액＜br＞(A),Statistics,45431.0,44757.0,46951.0,51111.0,60674.0,67512.0,81172.0,78344.0,96524.0,116861.0,127447.0,145106.0,155332.0,170484.0
홍천군 - 일반회계중 사회복지예산비중＜br＞{(A+B)÷C×100},Statistics,16.7,17.1,15.8,14.4,15.1,17.4,20.3,19.5,20.1,22.5,20.9,22.9,23.1,20.0
홍천군 - 전체 예산액＜br＞(C),Statistics,292692.0,285756.0,318358.0,386103.0,437500.0,427180.0,432858.0,445542.0,532837.0,557716.0,659254.0,677568.0,728268.0,917327.0
화성시 - 보건분야 예산액＜br＞(B),Statistics,23985.0,23297.0,18715.0,21728.0,22381.0,24673.0,27744.0,32355.0,36809.0,43378.0,50854.0,62004.0,62291.0,84442.0
화성시 - 사회복지분야 예산액＜br＞(A),Statistics,166868.0,170972.0,179289.0,248448.0,280914.0,322059.0,377269.0,438117.0,495987.0,587434.0,719564.0,1076794.0,1074136.0,1042557.0
화성시 - 일반회계중 사회복지예산비중＜br＞{(A+B)÷C×100},Statistics,17.9,20.9,22.9,25.9,25.9,28.2,24.8,26.4,30.5,29.4,32.8,39.4,40.2,34.2
화성시 - 전체 예산액＜br＞(C),Statistics,1066914.0,930227.0,865797.0,1042696.0,1172709.0,1229562.0,1633171.0,1783429.0,1746394.0,2147484.0,2345264.0,2887818.0,2823958.0,3293177.0
화순군 - 보건분야 예산액＜br＞(B),Statistics,6220.0,6338.0,7918.0,12098.0,10585.0,9028.0,10710.0,10046.0,13290.0,11223.0,12630.0,13753.0,13390.0,15140.0
화순군 - 사회복지분야 예산액＜br＞(A),Statistics,64305.0,61723.0,56150.0,59697.0,63815.0,71803.0,79398.0,79006.0,84483.0,95199.0,113697.0,137170.0,144417.0,157321.0
화순군 - 일반회계중 사회복지예산비중＜br＞{(A+B)÷C×100},Statistics,16.7,17.5,16.4,17.7,18.4,19.9,21.5,19.8,19.5,19.8,19.8,22.4,23.6,21.8
화순군 - 전체 예산액＜br＞(C),Statistics,422428.0,389084.0,389537.0,406182.0,404466.0,406387.0,418295.0,449046.0,500217.0,536947.0,638002.0,674270.0,669450.0,790008.0
화천군 - 보건분야 예산액＜br＞(B),Statistics,7015.0,5224.0,2950.0,2657.0,2889.0,3016.0,3275.0,4435.0,5293.0,5277.0,4219.0,5399.0,9968.0,9607.0
화천군 - 사회복지분야 예산액＜br＞(A),Statistics,26007.0,21684.0,23835.0,24505.0,28612.0,33126.0,37338.0,45293.0,46737.0,54688.0,59103.0,73032.0,75511.0,77681.0
화천군 - 일반회계중 사회복지예산비중＜br＞{(A+B)÷C×100},Statistics,15.0,13.0,12.9,12.6,13.3,16.6,17.5,18.7,18.7,18.8,16.9,18.1,21.6,19.6
화천군 - 전체 예산액＜br＞(C),Statistics,220089.0,206834.0,207163.0,215301.0,236708.0,217599.0,232408.0,266307.0,277845.0,318298.0,374547.0,432417.0,395331.0,445026.0
횡성군 - 보건분야 예산액＜br＞(B),Statistics,2757.0,4074.0,6515.0,4035.0,4061.0,4702.0,5469.0,5547.0,6789.0,8179.0,8202.0,7487.0,8987.0,9305.0
횡성군 - 사회복지분야 예산액＜br＞(A),Statistics,37471.0,40796.0,37833.0,39225.0,45074.0,50022.0,57664.0,59322.0,65819.0,71669.0,93157.0,100143.0,107325.0,121674.0
횡성군 - 일반회계중 사회복지예산비중＜br＞{(A+B)÷C×100},Statistics,16.7,19.4,16.5,15.0,15.9,17.6,19.9,19.6,18.3,18.1,19.6,19.8,21.2,16.3
횡성군 - 전체 예산액＜br＞(C),Statistics,240310.0,230932.0,267978.0,287644.0,309352.0,310955.0,316729.0,331243.0,396172.0,440585.0,517134.0,544774.0,549402.0,801159.0
