item,category,2004,2005,2006,2007,2008,2009,2010,2011,2012,2013,2014,2015,2016,2017,2018,2019,2020,2021,2022
가평군 - 사회복지시설수＜br＞(A),Statistics,6.0,10.0,14.0,20.0,23.0,16.0,19.0,18.0,19.0,19.0,18.0,20.0,26.0,25.0,26.0,27.0,23.0,24.0,23.0
가평군 - 인구십만명당 사회복지시설수＜br＞(A÷B×100000),Statistics,10.9,18.2,25.5,35.9,40.3,27.8,32.3,30.3,31.3,31.1,29.4,32.3,41.6,39.7,41.3,43.3,36.9,38.5,37.0
가평군 - 주민등록인구＜br＞(B),Statistics,54845.0,54861.0,54855.0,55698.0,57108.0,57564.0,58890.0,59358.0,60794.0,61017.0,61213.0,62008.0,62448.0,62973.0,62918.0,62415.0,62377.0,62264.0,62150.0
강남구 - 사회복지시설수＜br＞(A),Statistics,6.0,8.0,8.0,10.0,14.0,14.0,17.0,15.0,16.0,16.0,21.0,18.0,15.0,16.0,17.0,15.0,13.0,15.0,16.0
강남구 - 인구십만명당 사회복지시설수＜br＞(A÷B×100000),Statistics,1.1,1.5,1.4,1.8,2.5,2.5,3.0,2.7,2.8,2.8,3.6,3.1,2.6,2.9,3.1,2.8,2.4,2.8,3.0
강남구 - 주민등록인구＜br＞(B),Statistics,531517.0,540909.0,556964.0,560958.0,557832.0,562138.0,570095.0,565710.0,564197.0,563599.0,578114.0,576495.0,567115.0,556164.0,542364.0,545169.0,539231.0,533042.0,529102.0
강동구 - 사회복지시설수＜br＞(A),Statistics,7.0,7.0,7.0,7.0,13.0,22.0,31.0,33.0,37.0,45.0,38.0,40.0,40.0,36.0,36.0,36.0,34.0,33.0,32.0
강동구 - 인구십만명당 사회복지시설수＜br＞(A÷B×100000),Statistics,1.5,1.5,1.5,1.5,2.8,4.5,6.3,6.7,7.6,9.3,8.0,8.7,9.0,8.3,8.4,8.3,7.4,7.1,7.0
강동구 - 주민등록인구＜br＞(B),Statistics,471145.0,464059.0,461760.0,464546.0,469024.0,484745.0,491871.0,495138.0,487905.0,483379.0,476597.0,458658.0,444168.0,436223.0,427573.0,436067.0,459970.0,462664.0,460067.0
강릉시 - 사회복지시설수＜br＞(A),Statistics,10.0,12.0,13.0,16.0,19.0,23.0,31.0,37.0,40.0,59.0,67.0,80.0,87.0,93.0,96.0,96.0,99.0,98.0,98.0
강릉시 - 인구십만명당 사회복지시설수＜br＞(A÷B×100000),Statistics,4.4,5.3,5.9,7.3,8.7,10.6,14.2,17.0,18.4,27.2,31.0,37.3,40.7,43.5,45.1,45.0,46.4,46.0,46.4
강릉시 - 주민등록인구＜br＞(B),Statistics,227259.0,224391.0,222016.0,220484.0,218399.0,217464.0,218503.0,217571.0,217741.0,216806.0,215807.0,214560.0,213846.0,213952.0,212957.0,213442.0,213321.0,212965.0,211381.0
강북구 - 사회복지시설수＜br＞(A),Statistics,3.0,4.0,4.0,4.0,13.0,24.0,33.0,33.0,30.0,38.0,38.0,40.0,40.0,41.0,42.0,41.0,41.0,41.0,41.0
강북구 - 인구십만명당 사회복지시설수＜br＞(A÷B×100000),Statistics,0.8,1.1,1.1,1.2,3.8,7.1,9.5,9.6,8.7,11.2,11.3,12.1,12.2,12.6,13.2,13.1,13.3,13.7,14.0
강북구 - 주민등록인구＜br＞(B),Statistics,360525.0,353260.0,348990.0,345478.0,342274.0,340367.0,346520.0,345054.0,343157.0,338707.0,335025.0,330873.0,327195.0,324479.0,319164.0,313954.0,308055.0,299182.0,293660.0
강서구 - 사회복지시설수＜br＞(A),Statistics,6.0,6.0,6.0,8.0,24.0,31.0,43.0,41.0,40.0,43.0,44.0,44.0,42.0,46.0,44.0,46.0,46.0,46.0,52.0
강서구 - 인구십만명당 사회복지시설수＜br＞(A÷B×100000),Statistics,1.1,1.1,1.1,1.4,4.2,5.4,7.5,7.2,7.0,7.6,7.5,7.5,7.1,7.6,7.4,7.8,7.9,8.0,9.1
강서구 - 주민등록인구＜br＞(B),Statistics,541671.0,553660.0,554945.0,560424.0,576848.0,572836.0,574127.0,569072.0,567431.0,569070.0,585160.0,589074.0,595485.0,601691.0,596949.0,591796.0,580185.0,574315.0,569166.0
강원특별자치도 - 사회복지시설수＜br＞(A),Statistics,53.0,94.0,119.0,144.0,178.0,230.0,267.0,295.0,312.0,368.0,395.0,411.0,424.0,437.0,435.0,432.0,447.0,442.0,442.0
강원특별자치도 - 인구십만명당 사회복지시설수＜br＞(A÷B×100000),Statistics,3.5,6.2,7.9,9.6,11.8,15.2,17.5,19.2,20.3,23.9,25.6,26.5,27.3,28.2,28.2,28.0,29.0,28.7,28.8
강원특별자치도 - 주민등록인구＜br＞(B),Statistics,1521375.0,1513110.0,1505420.0,1503806.0,1508575.0,1512870.0,1529818.0,1536448.0,1538630.0,1542263.0,1544442.0,1549507.0,1550806.0,1550142.0,1543052.0,1541502.0,1542840.0,1538492.0,1536498.0
강진군 - 사회복지시설수＜br＞(A),Statistics,1.0,3.0,2.0,2.0,5.0,5.0,7.0,8.0,9.0,9.0,8.0,8.0,8.0,8.0,8.0,8.0,8.0,9.0,13.0
강진군 - 인구십만명당 사회복지시설수＜br＞(A÷B×100000),Statistics,2.3,7.0,4.8,4.8,12.1,12.1,16.8,19.2,22.4,22.5,20.1,20.6,21.2,21.7,22.1,22.7,23.1,26.7,39.2
강진군 - 주민등록인구＜br＞(B),Statistics,43550.0,42696.0,41938.0,41352.0,41153.0,41164.0,41624.0,41599.0,40241.0,40079.0,39861.0,38758.0,37753.0,36868.0,36144.0,35286.0,34597.0,33753.0,33177.0
강화군 - 사회복지시설수＜br＞(A),Statistics,3.0,6.0,9.0,11.0,22.0,29.0,40.0,39.0,41.0,40.0,44.0,47.0,46.0,47.0,50.0,51.0,53.0,52.0,52.0
강화군 - 인구십만명당 사회복지시설수＜br＞(A÷B×100000),Statistics,4.6,9.2,13.7,16.5,32.6,43.3,59.6,58.4,61.4,59.9,65.6,69.5,67.6,68.4,72.6,73.7,76.6,74.6,74.5
강화군 - 주민등록인구＜br＞(B),Statistics,65114.0,65389.0,65510.0,66466.0,67387.0,67049.0,67104.0,66779.0,66752.0,66735.0,67118.0,67667.0,68010.0,68754.0,68896.0,69178.0,69203.0,69693.0,69803.0
거제시 - 사회복지시설수＜br＞(A),Statistics,7.0,7.0,7.0,8.0,8.0,12.0,10.0,10.0,10.0,10.0,11.0,12.0,12.0,12.0,21.0,26.0,25.0,27.0,30.0
거제시 - 인구십만명당 사회복지시설수＜br＞(A÷B×100000),Statistics,3.7,3.6,3.5,3.8,3.7,5.3,4.4,4.3,4.2,4.1,4.4,4.7,4.7,4.7,8.4,10.5,10.2,11.2,12.7
거제시 - 주민등록인구＜br＞(B),Statistics,190141.0,195609.0,201412.0,208208.0,217211.0,225522.0,228355.0,232787.0,236944.0,242077.0,248287.0,255828.0,257183.0,254073.0,250516.0,248276.0,245754.0,241216.0,236662.0
거창군 - 사회복지시설수＜br＞(A),Statistics,,,2.0,1.0,4.0,5.0,10.0,11.0,11.0,11.0,10.0,10.0,10.0,10.0,11.0,12.0,12.0,11.0,11.0
거창군 - 인구십만명당 사회복지시설수＜br＞(A÷B×100000),Statistics,,,3.1,1.6,6.3,7.9,15.8,17.4,17.4,17.4,15.8,15.8,15.8,15.9,17.6,19.3,19.5,18.0,18.2
거창군 - 주민등록인구＜br＞(B),Statistics,65615.0,64735.0,63917.0,63979.0,63268.0,63180.0,63421.0,63146.0,63103.0,63177.0,63137.0,63232.0,63308.0,62763.0,62455.0,62179.0,61502.0,61073.0,60387.0
경기 여주군 - 사회복지시설수＜br＞(A),Statistics,9.0,15.0,22.0,24.0,26.0,26.0,27.0,27.0,29.0,,,,,,,,,,
경기 여주군 - 인구십만명당 사회복지시설수＜br＞(A÷B×100000),Statistics,8.7,14.4,20.9,22.4,24.2,24.1,24.7,24.7,26.5,,,,,,,,,,
경기 여주군 - 주민등록인구＜br＞(B),Statistics,103976.0,104260.0,105022.0,106926.0,107355.0,108088.0,109250.0,109120.0,109550.0,,,,,,,,,,
경기도 - 사회복지시설수＜br＞(A),Statistics,207.0,312.0,444.0,564.0,729.0,1053.0,1392.0,1399.0,1556.0,1636.0,1760.0,1835.0,2110.0,2181.0,2191.0,2335.0,2432.0,2432.0,2577.0
경기도 - 인구십만명당 사회복지시설수＜br＞(A÷B×100000),Statistics,2.0,2.9,4.1,5.1,6.5,9.2,11.8,11.7,12.9,13.4,14.2,14.7,16.6,16.9,16.8,17.6,18.1,17.9,19.0
경기도 - 주민등록인구＜br＞(B),Statistics,10462920.0,10697215.0,10906033.0,11106211.0,11292264.0,11460610.0,11786622.0,11937415.0,12093299.0,12234630.0,12357830.0,12522606.0,12716780.0,12873895.0,13077153.0,13239666.0,13427014.0,13565450.0,13589432.0
경남 마산시 - 사회복지시설수＜br＞(A),Statistics,18.0,20.0,21.0,22.0,21.0,23.0,,,,,,,,,,,,,
경남 마산시 - 인구십만명당 사회복지시설수＜br＞(A÷B×100000),Statistics,4.2,4.7,5.0,5.3,5.1,5.7,,,,,,,,,,,,,
경남 마산시 - 주민등록인구＜br＞(B),Statistics,427248.0,425018.0,421783.0,415805.0,411078.0,406307.0,,,,,,,,,,,,,
경남 진해시 - 사회복지시설수＜br＞(A),Statistics,4.0,4.0,5.0,7.0,10.0,10.0,,,,,,,,,,,,,
경남 진해시 - 인구십만명당 사회복지시설수＜br＞(A÷B×100000),Statistics,2.6,2.5,3.1,4.3,5.9,5.8,,,,,,,,,,,,,
경남 진해시 - 주민등록인구＜br＞(B),Statistics,151393.0,156992.0,161175.0,163108.0,168696.0,171407.0,,,,,,,,,,,,,
경남 창원시 - 사회복지시설수＜br＞(A),Statistics,9.0,10.0,14.0,18.0,22.0,26.0,,,,,,,,,,,,,
경남 창원시 - 인구십만명당 사회복지시설수＜br＞(A÷B×100000),Statistics,1.8,2.0,2.8,3.6,4.4,5.2,,,,,,,,,,,,,
경남 창원시 - 주민등록인구＜br＞(B),Statistics,507161.0,504520.0,503881.0,503930.0,503518.0,502727.0,,,,,,,,,,,,,
경산시 - 사회복지시설수＜br＞(A),Statistics,5.0,7.0,9.0,8.0,14.0,13.0,26.0,26.0,30.0,39.0,40.0,49.0,50.0,55.0,56.0,57.0,59.0,60.0,72.0
경산시 - 인구십만명당 사회복지시설수＜br＞(A÷B×100000),Statistics,2.3,3.1,3.8,3.4,5.9,5.5,10.8,10.7,12.2,15.7,15.8,19.1,19.4,21.2,21.4,21.7,22.4,22.4,26.9
경산시 - 주민등록인구＜br＞(B),Statistics,219579.0,227766.0,234839.0,236881.0,237423.0,236459.0,240708.0,243684.0,246358.0,248805.0,253968.0,256888.0,258037.0,259485.0,261093.0,263185.0,263728.0,268369.0,267725.0
경상남도 - 사회복지시설수＜br＞(A),Statistics,94.0,111.0,135.0,165.0,198.0,238.0,295.0,307.0,243.0,323.0,331.0,328.0,330.0,336.0,386.0,426.0,430.0,426.0,441.0
경상남도 - 인구십만명당 사회복지시설수＜br＞(A÷B×100000),Statistics,3.0,3.5,4.3,5.2,6.1,7.3,9.0,9.3,7.3,9.7,9.9,9.7,9.8,9.9,11.4,12.7,12.9,12.9,13.4
경상남도 - 주민등록인구＜br＞(B),Statistics,3143814.0,3160431.0,3172857.0,3196953.0,3225255.0,3250176.0,3290536.0,3308765.0,3319314.0,3333820.0,3350257.0,3364702.0,3373871.0,3380404.0,3373988.0,3362553.0,3340216.0,3314183.0,3280493.0
경상북도 - 사회복지시설수＜br＞(A),Statistics,98.0,126.0,157.0,156.0,217.0,278.0,351.0,370.0,400.0,421.0,448.0,481.0,488.0,499.0,506.0,523.0,571.0,560.0,577.0
경상북도 - 인구십만명당 사회복지시설수＜br＞(A÷B×100000),Statistics,3.6,4.7,5.8,5.8,8.1,10.4,13.0,13.7,14.8,15.6,16.6,17.8,18.1,18.5,18.9,19.6,21.6,21.3,22.2
경상북도 - 주민등록인구＜br＞(B),Statistics,2695917.0,2688491.0,2688577.0,2681364.0,2673931.0,2669876.0,2689920.0,2699195.0,2698353.0,2699440.0,2700794.0,2702826.0,2700398.0,2691706.0,2676831.0,2665836.0,2639422.0,2626609.0,2600492.0
경주시 - 사회복지시설수＜br＞(A),Statistics,12.0,16.0,19.0,17.0,22.0,16.0,21.0,20.0,23.0,26.0,26.0,26.0,25.0,26.0,26.0,26.0,27.0,26.0,27.0
경주시 - 인구십만명당 사회복지시설수＜br＞(A÷B×100000),Statistics,4.3,5.8,6.9,6.2,8.2,6.0,7.9,7.5,8.7,9.9,9.9,10.0,9.6,10.1,10.1,10.2,10.7,10.3,10.8
경주시 - 주민등록인구＜br＞(B),Statistics,277870.0,275087.0,273419.0,272206.0,269343.0,267466.0,267098.0,265488.0,264091.0,263283.0,261535.0,259773.0,259452.0,257903.0,256864.0,255402.0,253502.0,251889.0,249607.0
계룡시 - 사회복지시설수＜br＞(A),Statistics,1.0,4.0,1.0,1.0,1.0,3.0,9.0,7.0,12.0,9.0,10.0,11.0,10.0,10.0,11.0,11.0,11.0,11.0,10.0
계룡시 - 인구십만명당 사회복지시설수＜br＞(A÷B×100000),Statistics,3.2,11.6,2.7,2.6,2.4,7.0,20.9,16.3,28.9,22.0,24.7,26.4,23.5,22.7,25.2,25.6,25.7,25.4,22.5
계룡시 - 주민등록인구＜br＞(B),Statistics,31174.0,34370.0,36846.0,37775.0,41411.0,42760.0,43088.0,42942.0,41550.0,40957.0,40552.0,41730.0,42634.0,43967.0,43731.0,42971.0,42822.0,43331.0,44475.0
계양구 - 사회복지시설수＜br＞(A),Statistics,1.0,1.0,1.0,2.0,5.0,14.0,25.0,28.0,31.0,35.0,41.0,51.0,54.0,54.0,57.0,60.0,62.0,75.0,75.0
계양구 - 인구십만명당 사회복지시설수＜br＞(A÷B×100000),Statistics,0.3,0.3,0.3,0.6,1.5,4.1,7.2,8.1,9.1,10.2,12.1,15.3,16.3,16.7,18.2,19.8,20.9,25.4,26.0
계양구 - 주민등록인구＜br＞(B),Statistics,337103.0,335435.0,342335.0,342564.0,342299.0,344039.0,347810.0,344299.0,342202.0,343806.0,339538.0,334332.0,330284.0,323784.0,312680.0,303471.0,296750.0,295696.0,288856.0
고령군 - 사회복지시설수＜br＞(A),Statistics,4.0,5.0,5.0,4.0,5.0,6.0,8.0,8.0,9.0,8.0,8.0,8.0,8.0,9.0,9.0,9.0,10.0,10.0,10.0
고령군 - 인구십만명당 사회복지시설수＜br＞(A÷B×100000),Statistics,11.6,14.6,14.4,11.5,14.4,17.4,23.1,22.6,25.5,22.7,22.8,23.1,23.4,26.7,27.3,27.8,31.9,32.7,32.9
고령군 - 주민등록인구＜br＞(B),Statistics,34522.0,34271.0,34777.0,34907.0,34770.0,34535.0,34678.0,35455.0,35343.0,35198.0,35033.0,34594.0,34257.0,33768.0,32969.0,32373.0,31361.0,30626.0,30353.0
고성군 - 사회복지시설수＜br＞(A),Statistics,1.0,1.0,2.0,2.0,3.0,4.0,4.0,7.0,7.0,7.0,6.0,6.0,7.0,6.0,7.0,6.0,6.0,6.0,6.0
고성군 - 인구십만명당 사회복지시설수＜br＞(A÷B×100000),Statistics,3.1,3.1,6.4,6.6,9.9,13.2,13.3,23.3,23.2,23.0,19.8,20.0,23.2,20.0,24.9,22.0,22.4,22.0,22.0
고성군 - 주민등록인구＜br＞(B),Statistics,32361.0,31964.0,31285.0,30383.0,30172.0,30272.0,30112.0,30057.0,30124.0,30398.0,30269.0,30060.0,30114.0,30029.0,28144.0,27260.0,26757.0,27249.0,27274.0
고양시 - 사회복지시설수＜br＞(A),Statistics,13.0,18.0,28.0,36.0,51.0,62.0,114.0,103.0,131.0,149.0,151.0,161.0,189.0,193.0,198.0,212.0,226.0,235.0,241.0
고양시 - 인구십만명당 사회복지시설수＜br＞(A÷B×100000),Statistics,1.5,2.0,3.1,3.9,5.4,6.6,12.0,10.7,13.5,15.0,15.0,15.7,18.2,18.5,19.0,19.9,20.9,21.8,22.4
고양시 - 주민등록인구＜br＞(B),Statistics,886000.0,904077.0,910206.0,924839.0,938831.0,938784.0,950115.0,961239.0,969916.0,990571.0,1006154.0,1027546.0,1039684.0,1041983.0,1044189.0,1066351.0,1079216.0,1079353.0,1076535.0
고창군 - 사회복지시설수＜br＞(A),Statistics,5.0,7.0,7.0,9.0,10.0,10.0,13.0,10.0,10.0,10.0,9.0,10.0,11.0,13.0,13.0,12.0,13.0,11.0,14.0
고창군 - 인구십만명당 사회복지시설수＜br＞(A÷B×100000),Statistics,7.7,11.0,11.3,14.8,16.6,16.6,21.4,16.6,16.5,16.5,15.0,16.7,18.2,21.5,22.8,21.6,23.8,20.6,26.7
고창군 - 주민등록인구＜br＞(B),Statistics,65203.0,63676.0,62030.0,60962.0,60328.0,60102.0,60861.0,60065.0,60440.0,60522.0,60090.0,60046.0,60597.0,60472.0,57041.0,55504.0,54529.0,53386.0,52338.0
고흥군 - 사회복지시설수＜br＞(A),Statistics,1.0,2.0,,1.0,6.0,7.0,11.0,14.0,15.0,15.0,15.0,16.0,16.0,16.0,14.0,14.0,16.0,14.0,18.0
고흥군 - 인구십만명당 사회복지시설수＜br＞(A÷B×100000),Statistics,1.2,2.4,,1.3,7.8,9.3,14.9,19.3,21.0,21.2,21.5,23.3,23.6,24.0,21.3,21.6,25.0,22.3,29.1
고흥군 - 주민등록인구＜br＞(B),Statistics,86747.0,83830.0,81068.0,78589.0,76605.0,75127.0,73924.0,72607.0,71560.0,70631.0,69641.0,68601.0,67656.0,66736.0,65777.0,64913.0,63922.0,62762.0,61880.0
곡성군 - 사회복지시설수＜br＞(A),Statistics,,4.0,5.0,4.0,6.0,5.0,9.0,9.0,10.0,10.0,12.0,11.0,11.0,12.0,11.0,11.0,11.0,11.0,9.0
곡성군 - 인구십만명당 사회복지시설수＜br＞(A÷B×100000),Statistics,,11.7,14.9,12.0,18.4,15.6,28.2,28.7,32.4,32.2,39.0,35.9,36.2,39.8,37.1,38.1,39.2,39.9,33.3
곡성군 - 주민등록인구＜br＞(B),Statistics,34396.0,34157.0,33631.0,33311.0,32608.0,32084.0,31886.0,31332.0,30878.0,31009.0,30732.0,30672.0,30400.0,30131.0,29624.0,28887.0,28039.0,27535.0,27060.0
공주시 - 사회복지시설수＜br＞(A),Statistics,9.0,11.0,10.0,14.0,21.0,23.0,29.0,31.0,31.0,31.0,32.0,31.0,32.0,31.0,30.0,31.0,33.0,37.0,36.0
공주시 - 인구십만명당 사회복지시설수＜br＞(A÷B×100000),Statistics,6.9,8.5,7.8,11.1,16.8,18.5,23.2,24.9,26.4,26.6,28.2,27.9,29.1,28.6,27.9,29.1,31.6,35.9,35.1
공주시 - 주민등록인구＜br＞(B),Statistics,130280.0,129489.0,128330.0,126612.0,125143.0,124172.0,124930.0,124748.0,117298.0,116369.0,113621.0,111261.0,109931.0,108432.0,107581.0,106474.0,104545.0,103145.0,102571.0
과천시 - 사회복지시설수＜br＞(A),Statistics,3.0,3.0,3.0,3.0,3.0,3.0,3.0,3.0,3.0,3.0,3.0,3.0,3.0,3.0,3.0,3.0,3.0,3.0,3.0
과천시 - 인구십만명당 사회복지시설수＜br＞(A÷B×100000),Statistics,4.4,4.9,5.0,4.8,4.3,4.2,4.2,4.2,4.2,4.3,4.3,4.4,4.7,5.2,5.2,5.1,4.7,4.1,3.8
과천시 - 주민등록인구＜br＞(B),Statistics,68333.0,60956.0,60482.0,62291.0,69477.0,72049.0,72279.0,71955.0,71068.0,70578.0,70156.0,68946.0,63778.0,57527.0,58142.0,58289.0,63231.0,73345.0,78137.0
관악구 - 사회복지시설수＜br＞(A),Statistics,6.0,6.0,6.0,7.0,20.0,27.0,35.0,37.0,42.0,42.0,43.0,45.0,45.0,42.0,44.0,46.0,46.0,43.0,42.0
관악구 - 인구십만명당 사회복지시설수＜br＞(A÷B×100000),Statistics,1.1,1.1,1.1,1.3,3.7,5.1,6.6,7.0,8.0,8.1,8.4,8.8,8.9,8.3,8.8,9.2,9.3,8.9,8.6
관악구 - 주민등록인구＜br＞(B),Statistics,530156.0,530020.0,535217.0,535571.0,534556.0,529869.0,531434.0,526397.0,523029.0,518028.0,513186.0,509663.0,506851.0,503297.0,501957.0,500094.0,495060.0,485699.0,486752.0
광명시 - 사회복지시설수＜br＞(A),Statistics,2.0,2.0,3.0,5.0,6.0,5.0,10.0,11.0,13.0,16.0,16.0,16.0,20.0,21.0,19.0,17.0,18.0,18.0,18.0
광명시 - 인구십만명당 사회복지시설수＜br＞(A÷B×100000),Statistics,0.6,0.6,1.0,1.6,1.9,1.6,2.9,3.1,3.7,4.5,4.6,4.6,5.9,6.3,5.8,5.4,6.0,6.1,6.3
광명시 - 주민등록인구＜br＞(B),Statistics,331419.0,327828.0,313372.0,313019.0,310501.0,314257.0,343982.0,355226.0,355560.0,353100.0,348560.0,344978.0,339484.0,332790.0,326841.0,316552.0,298599.0,292893.0,287945.0
광산구 - 사회복지시설수＜br＞(A),Statistics,5.0,7.0,9.0,11.0,18.0,26.0,31.0,34.0,34.0,36.0,36.0,36.0,36.0,37.0,37.0,38.0,37.0,47.0,63.0
광산구 - 인구십만명당 사회복지시설수＜br＞(A÷B×100000),Statistics,1.7,2.3,2.9,3.5,5.6,7.6,8.5,9.1,8.8,9.2,9.1,9.0,8.9,9.2,9.1,9.4,9.1,11.6,15.7
광산구 - 주민등록인구＜br＞(B),Statistics,296101.0,306989.0,311621.0,316101.0,320660.0,342936.0,363239.0,375509.0,385101.0,392875.0,397281.0,400753.0,403049.0,404131.0,404547.0,405315.0,405579.0,404221.0,400654.0
광양시 - 사회복지시설수＜br＞(A),Statistics,,,1.0,3.0,10.0,14.0,18.0,19.0,21.0,23.0,22.0,22.0,22.0,22.0,19.0,19.0,20.0,19.0,29.0
광양시 - 인구십만명당 사회복지시설수＜br＞(A÷B×100000),Statistics,,,0.7,2.2,7.1,9.8,12.4,12.6,13.9,15.2,14.5,14.3,14.1,14.1,12.1,12.1,13.2,12.6,19.1
광양시 - 주민등록인구＜br＞(B),Statistics,137601.0,138098.0,138237.0,138865.0,141388.0,143461.0,145512.0,150725.0,150837.0,151621.0,152097.0,153587.0,155580.0,155857.0,156564.0,156750.0,151769.0,150531.0,152168.0
광주광역시 - 사회복지시설수＜br＞(A),Statistics,44.0,51.0,57.0,73.0,92.0,110.0,136.0,142.0,143.0,153.0,160.0,161.0,152.0,153.0,152.0,152.0,148.0,158.0,237.0
광주광역시 - 인구십만명당 사회복지시설수＜br＞(A÷B×100000),Statistics,3.1,3.6,4.0,5.2,6.5,7.7,9.3,9.7,9.7,10.4,10.8,10.9,10.3,10.5,10.4,10.4,10.2,11.0,16.6
광주광역시 - 주민등록인구＜br＞(B),Statistics,1401172.0,1401745.0,1407798.0,1413444.0,1422702.0,1433640.0,1454636.0,1463464.0,1469216.0,1472910.0,1475884.0,1472199.0,1469214.0,1463770.0,1459336.0,1456468.0,1450062.0,1441611.0,1431050.0
광주시 - 사회복지시설수＜br＞(A),Statistics,14.0,16.0,17.0,19.0,21.0,18.0,20.0,18.0,24.0,29.0,33.0,34.0,49.0,49.0,49.0,48.0,48.0,50.0,55.0
광주시 - 인구십만명당 사회복지시설수＜br＞(A÷B×100000),Statistics,6.8,7.5,7.7,8.3,8.9,7.5,8.0,6.8,8.7,10.1,11.0,10.9,15.0,14.2,13.5,12.9,12.6,12.9,14.0
광주시 - 주민등록인구＜br＞(B),Statistics,205641.0,214498.0,222048.0,229319.0,234777.0,238583.0,249789.0,265222.0,275656.0,286699.0,298858.0,312579.0,327723.0,345947.0,363782.0,372654.0,382054.0,387289.0,391462.0
광진구 - 사회복지시설수＜br＞(A),Statistics,,,,1.0,5.0,15.0,24.0,24.0,25.0,25.0,25.0,28.0,26.0,23.0,24.0,24.0,24.0,24.0,23.0
광진구 - 인구십만명당 사회복지시설수＜br＞(A÷B×100000),Statistics,,,,0.3,1.3,4.0,6.4,6.5,6.7,6.8,6.9,7.8,7.3,6.4,6.7,6.8,6.9,7.1,6.8
광진구 - 주민등록인구＜br＞(B),Statistics,380537.0,375613.0,374442.0,376572.0,375482.0,373998.0,375463.0,371936.0,371313.0,368927.0,363354.0,360369.0,357215.0,357703.0,355559.0,351350.0,346682.0,339996.0,337416.0
괴산군 - 사회복지시설수＜br＞(A),Statistics,1.0,2.0,9.0,10.0,10.0,10.0,14.0,14.0,14.0,16.0,15.0,15.0,13.0,15.0,13.0,14.0,14.0,14.0,13.0
괴산군 - 인구십만명당 사회복지시설수＜br＞(A÷B×100000),Statistics,2.5,5.2,24.0,27.1,27.3,27.2,38.0,37.5,37.1,42.0,39.1,38.7,33.4,38.4,33.2,35.7,35.5,36.7,35.1
괴산군 - 주민등록인구＜br＞(B),Statistics,39586.0,38595.0,37570.0,36873.0,36566.0,36775.0,36827.0,37333.0,37713.0,38059.0,38351.0,38787.0,38973.0,39054.0,39133.0,39163.0,39393.0,38122.0,37055.0
구례군 - 사회복지시설수＜br＞(A),Statistics,,1.0,1.0,1.0,3.0,3.0,4.0,4.0,5.0,7.0,7.0,7.0,7.0,6.0,6.0,7.0,5.0,5.0,5.0
구례군 - 인구십만명당 사회복지시설수＜br＞(A÷B×100000),Statistics,,3.4,3.5,3.5,10.8,10.9,14.6,14.6,18.5,25.8,25.8,25.6,25.5,21.8,22.1,26.4,19.4,19.8,20.3
구례군 - 주민등록인구＜br＞(B),Statistics,30232.0,29577.0,28837.0,28203.0,27703.0,27518.0,27375.0,27422.0,27077.0,27115.0,27170.0,27308.0,27412.0,27525.0,27117.0,26563.0,25719.0,25235.0,24655.0
구로구 - 사회복지시설수＜br＞(A),Statistics,8.0,9.0,9.0,9.0,16.0,18.0,22.0,21.0,25.0,26.0,28.0,30.0,33.0,28.0,30.0,31.0,30.0,28.0,27.0
구로구 - 인구십만명당 사회복지시설수＜br＞(A÷B×100000),Statistics,1.9,2.2,2.1,2.1,3.8,4.3,5.2,4.9,5.8,6.1,6.6,7.1,7.9,6.8,7.4,7.6,7.4,7.1,6.8
구로구 - 주민등록인구＜br＞(B),Statistics,416828.0,416405.0,419832.0,420542.0,420795.0,421967.0,423736.0,427468.0,427520.0,424964.0,425831.0,422092.0,417551.0,410742.0,404497.0,406664.0,404408.0,396754.0,395315.0
구리시 - 사회복지시설수＜br＞(A),Statistics,,,1.0,,6.0,7.0,13.0,12.0,14.0,14.0,16.0,16.0,21.0,24.0,25.0,26.0,27.0,25.0,24.0
구리시 - 인구십만명당 사회복지시설수＜br＞(A÷B×100000),Statistics,,,0.5,,3.1,3.6,6.6,6.2,7.3,7.4,8.6,8.6,10.8,12.0,12.3,13.0,13.7,13.0,12.7
구리시 - 주민등록인구＜br＞(B),Statistics,193438.0,192548.0,193847.0,196800.0,195874.0,195593.0,196398.0,194881.0,192341.0,189680.0,186820.0,186721.0,193763.0,200042.0,203553.0,199265.0,197454.0,191948.0,188701.0
구미시 - 사회복지시설수＜br＞(A),Statistics,3.0,3.0,5.0,5.0,7.0,14.0,30.0,35.0,38.0,31.0,45.0,47.0,46.0,47.0,44.0,45.0,51.0,52.0,51.0
구미시 - 인구십만명당 사회복지시설수＜br＞(A÷B×100000),Statistics,0.8,0.8,1.3,1.3,1.8,3.5,7.4,8.5,9.1,7.4,10.7,11.2,11.0,11.1,10.4,10.7,12.2,12.6,12.5
구미시 - 주민등록인구＜br＞(B),Statistics,365681.0,374614.0,386465.0,391897.0,393959.0,396419.0,404920.0,413446.0,416949.0,419428.0,420320.0,419915.0,419891.0,421799.0,421494.0,419742.0,416328.0,412581.0,408110.0
군산시 - 사회복지시설수＜br＞(A),Statistics,19.0,22.0,24.0,29.0,29.0,31.0,32.0,32.0,32.0,38.0,40.0,37.0,42.0,39.0,42.0,43.0,44.0,44.0,45.0
군산시 - 인구십만명당 사회복지시설수＜br＞(A÷B×100000),Statistics,7.2,8.4,9.2,11.1,11.0,11.6,11.7,11.6,11.5,13.7,14.4,13.3,15.1,14.2,15.4,15.9,16.4,16.6,17.1
군산시 - 주민등록인구＜br＞(B),Statistics,265168.0,263120.0,260989.0,260562.0,263845.0,266922.0,272601.0,275659.0,278341.0,278319.0,278098.0,278398.0,277551.0,274997.0,272645.0,270131.0,267859.0,265304.0,262467.0
군위군 - 사회복지시설수＜br＞(A),Statistics,1.0,1.0,2.0,3.0,3.0,4.0,5.0,5.0,5.0,5.0,5.0,5.0,5.0,5.0,5.0,5.0,5.0,5.0,5.0
군위군 - 인구십만명당 사회복지시설수＜br＞(A÷B×100000),Statistics,3.5,3.6,7.5,11.6,11.9,16.0,20.2,20.6,20.7,20.7,20.7,20.7,20.7,20.6,20.9,21.0,21.5,21.8,21.4
군위군 - 주민등록인구＜br＞(B),Statistics,28825.0,27709.0,26687.0,25781.0,25309.0,24966.0,24736.0,24268.0,24119.0,24172.0,24170.0,24126.0,24171.0,24215.0,23919.0,23843.0,23256.0,22945.0,23340.0
군포시 - 사회복지시설수＜br＞(A),Statistics,3.0,3.0,8.0,9.0,12.0,16.0,27.0,27.0,34.0,33.0,36.0,40.0,46.0,47.0,46.0,52.0,51.0,55.0,57.0
군포시 - 인구십만명당 사회복지시설수＜br＞(A÷B×100000),Statistics,1.1,1.1,2.9,3.3,4.3,5.8,9.4,9.4,11.9,11.5,12.5,13.9,16.1,16.7,16.6,18.9,18.6,20.5,21.4
군포시 - 주민등록인구＜br＞(B),Statistics,275761.0,277781.0,274569.0,275351.0,277590.0,275731.0,287833.0,287294.0,286841.0,286344.0,288408.0,287519.0,284890.0,281205.0,276916.0,275852.0,273791.0,268535.0,266213.0
금산군 - 사회복지시설수＜br＞(A),Statistics,3.0,5.0,7.0,11.0,17.0,15.0,36.0,24.0,24.0,25.0,27.0,29.0,29.0,29.0,27.0,28.0,29.0,30.0,30.0
금산군 - 인구십만명당 사회복지시설수＜br＞(A÷B×100000),Statistics,5.0,8.6,12.2,19.1,30.0,26.7,63.7,42.8,43.1,45.1,48.9,52.8,53.1,53.8,50.7,53.6,56.4,59.4,59.9
금산군 - 주민등록인구＜br＞(B),Statistics,60048.0,58378.0,57552.0,57690.0,56740.0,56220.0,56555.0,56030.0,55715.0,55441.0,55166.0,54879.0,54612.0,53894.0,53222.0,52257.0,51413.0,50477.0,50092.0
금정구 - 사회복지시설수＜br＞(A),Statistics,13.0,15.0,19.0,21.0,22.0,21.0,21.0,23.0,25.0,21.0,22.0,24.0,25.0,25.0,25.0,25.0,23.0,22.0,22.0
금정구 - 인구십만명당 사회복지시설수＜br＞(A÷B×100000),Statistics,4.8,5.7,7.2,8.1,8.6,8.3,8.2,9.0,9.8,8.3,8.8,9.8,10.2,10.2,10.3,10.5,9.9,9.6,9.9
금정구 - 주민등록인구＜br＞(B),Statistics,271046.0,264880.0,263338.0,258934.0,256398.0,252039.0,255419.0,254720.0,255692.0,253526.0,249856.0,246026.0,244624.0,244469.0,242956.0,239062.0,232666.0,228049.0,221256.0
금천구 - 사회복지시설수＜br＞(A),Statistics,2.0,3.0,3.0,4.0,17.0,21.0,25.0,25.0,33.0,26.0,26.0,29.0,28.0,30.0,30.0,31.0,31.0,29.0,28.0
금천구 - 인구십만명당 사회복지시설수＜br＞(A÷B×100000),Statistics,0.8,1.2,1.2,1.6,6.9,8.6,10.2,10.3,13.6,10.8,10.9,12.3,11.9,12.8,12.8,13.3,13.4,12.6,12.2
금천구 - 주민등록인구＜br＞(B),Statistics,259633.0,256902.0,253243.0,249108.0,247320.0,244835.0,245195.0,243438.0,243288.0,241020.0,238463.0,236284.0,235386.0,235154.0,233917.0,232810.0,231733.0,230811.0,229642.0
기장군 - 사회복지시설수＜br＞(A),Statistics,2.0,3.0,5.0,5.0,7.0,16.0,21.0,20.0,24.0,21.0,21.0,22.0,24.0,21.0,25.0,25.0,24.0,24.0,25.0
기장군 - 인구십만명당 사회복지시설수＜br＞(A÷B×100000),Statistics,2.5,3.7,6.3,6.3,8.6,17.9,20.5,18.5,20.9,15.8,14.5,14.4,15.1,13.0,15.2,15.2,13.8,13.5,14.0
기장군 - 주민등록인구＜br＞(B),Statistics,79788.0,80104.0,79334.0,79565.0,81159.0,89384.0,102557.0,108095.0,114566.0,132507.0,144748.0,153093.0,158527.0,161651.0,164864.0,164716.0,174545.0,177125.0,178614.0
김제시 - 사회복지시설수＜br＞(A),Statistics,4.0,5.0,8.0,9.0,17.0,20.0,28.0,24.0,24.0,24.0,27.0,28.0,29.0,30.0,30.0,28.0,29.0,31.0,30.0
김제시 - 인구십만명당 사회복지시설수＜br＞(A÷B×100000),Statistics,3.8,4.9,8.0,9.2,17.7,21.1,29.7,25.8,26.0,26.3,30.0,31.6,33.0,34.5,35.2,33.4,35.2,38.3,36.8
김제시 - 주민등록인구＜br＞(B),Statistics,105195.0,102720.0,100238.0,97615.0,95807.0,94770.0,94346.0,93111.0,92317.0,91218.0,90108.0,88721.0,87782.0,86926.0,85331.0,83895.0,82450.0,80913.0,81455.0
김천시 - 사회복지시설수＜br＞(A),Statistics,8.0,9.0,12.0,10.0,17.0,15.0,19.0,19.0,22.0,24.0,27.0,33.0,38.0,42.0,43.0,47.0,47.0,45.0,54.0
김천시 - 인구십만명당 사회복지시설수＜br＞(A÷B×100000),Statistics,5.6,6.4,8.6,7.2,12.3,11.0,14.0,14.0,16.2,17.7,19.9,23.5,26.7,29.4,30.5,33.3,33.4,32.1,38.8
김천시 - 주민등록인구＜br＞(B),Statistics,143527.0,141632.0,139682.0,139084.0,138056.0,135918.0,136136.0,136185.0,135504.0,135259.0,135456.0,140132.0,142256.0,142908.0,141104.0,141229.0,140548.0,140239.0,139324.0
김포시 - 사회복지시설수＜br＞(A),Statistics,3.0,7.0,10.0,9.0,15.0,23.0,26.0,32.0,34.0,41.0,36.0,40.0,52.0,54.0,54.0,61.0,67.0,63.0,68.0
김포시 - 인구십만명당 사회복지시설수＜br＞(A÷B×100000),Statistics,1.4,3.4,4.8,4.4,6.8,10.2,10.9,12.5,11.8,13.1,10.6,11.4,14.3,13.8,12.8,14.0,14.1,12.9,14.0
김포시 - 주민등록인구＜br＞(B),Statistics,208192.0,207229.0,207824.0,205997.0,220418.0,225805.0,238339.0,256994.0,287432.0,312305.0,340310.0,349990.0,363443.0,392092.0,423170.0,437221.0,473970.0,486508.0,484267.0
김해시 - 사회복지시설수＜br＞(A),Statistics,8.0,10.0,14.0,13.0,18.0,24.0,30.0,32.0,10.0,28.0,29.0,29.0,26.0,26.0,31.0,32.0,32.0,31.0,34.0
김해시 - 인구십만명당 사회복지시설수＜br＞(A÷B×100000),Statistics,1.9,2.3,3.1,2.8,3.8,4.9,6.0,6.3,1.9,5.4,5.5,5.5,4.9,4.9,5.8,5.9,5.9,5.8,6.4
김해시 - 주민등록인구＜br＞(B),Statistics,427432.0,443017.0,453728.0,464964.0,477572.0,492413.0,503348.0,507062.0,513260.0,522049.0,527240.0,528865.0,529422.0,532132.0,533672.0,542455.0,542338.0,537673.0,535129.0
나주시 - 사회복지시설수＜br＞(A),Statistics,6.0,12.0,11.0,10.0,18.0,15.0,20.0,19.0,16.0,19.0,22.0,22.0,22.0,24.0,26.0,26.0,24.0,26.0,39.0
나주시 - 인구십만명당 사회복지시설수＜br＞(A÷B×100000),Statistics,6.0,12.2,11.4,10.5,19.4,16.5,22.2,21.5,18.2,21.7,24.3,22.4,21.1,21.8,22.8,22.7,20.8,22.3,33.5
나주시 - 주민등록인구＜br＞(B),Statistics,99308.0,97980.0,96417.0,95439.0,92884.0,90875.0,90118.0,88243.0,88067.0,87754.0,90669.0,98182.0,104376.0,110110.0,113839.0,114664.0,115613.0,116726.0,116456.0
남구 - 사회복지시설수＜br＞(A),Statistics,6.0,6.0,6.0,5.0,8.0,13.0,12.0,11.0,19.0,11.0,11.0,11.0,10.0,16.0,15.0,15.0,15.0,14.0,14.0
남구 - 인구십만명당 사회복지시설수＜br＞(A÷B×100000),Statistics,2.0,2.0,2.0,1.7,2.7,4.4,4.0,3.7,6.5,3.8,3.8,3.9,3.6,5.8,5.4,5.5,5.6,5.3,5.5
남구 - 주민등록인구＜br＞(B),Statistics,304481.0,302257.0,297893.0,296666.0,298314.0,297963.0,298458.0,295121.0,291175.0,291770.0,286989.0,283101.0,278779.0,273854.0,279917.0,274480.0,267731.0,262069.0,256333.0
남동구 - 사회복지시설수＜br＞(A),Statistics,1.0,1.0,3.0,6.0,13.0,24.0,37.0,47.0,53.0,52.0,65.0,75.0,80.0,78.0,84.0,99.0,106.0,121.0,121.0
남동구 - 인구십만명당 사회복지시설수＜br＞(A÷B×100000),Statistics,0.3,0.3,0.8,1.4,2.9,5.2,7.8,9.5,10.5,10.3,12.6,14.1,15.1,14.5,15.6,18.6,20.2,23.3,23.9
남동구 - 주민등록인구＜br＞(B),Statistics,384244.0,379310.0,390044.0,425217.0,450054.0,463414.0,473423.0,495469.0,503597.0,507021.0,514656.0,531395.0,530982.0,536578.0,537161.0,532704.0,525354.0,518272.0,506181.0
남양주시 - 사회복지시설수＜br＞(A),Statistics,3.0,9.0,16.0,20.0,26.0,33.0,62.0,59.0,76.0,95.0,110.0,117.0,134.0,148.0,157.0,172.0,185.0,192.0,200.0
남양주시 - 인구십만명당 사회복지시설수＜br＞(A÷B×100000),Statistics,0.7,2.0,3.4,4.1,5.1,6.3,11.0,10.2,12.7,15.4,17.3,17.9,20.2,22.2,23.0,24.5,25.9,26.2,27.1
남양주시 - 주민등록인구＜br＞(B),Statistics,418360.0,450054.0,470617.0,492347.0,505867.0,525211.0,564141.0,578485.0,599539.0,618305.0,636256.0,653454.0,662154.0,665321.0,681828.0,701830.0,713321.0,733798.0,737353.0
남원시 - 사회복지시설수＜br＞(A),Statistics,6.0,6.0,7.0,11.0,15.0,15.0,22.0,18.0,19.0,20.0,18.0,18.0,18.0,17.0,17.0,16.0,17.0,16.0,18.0
남원시 - 인구십만명당 사회복지시설수＜br＞(A÷B×100000),Statistics,6.2,6.4,7.7,12.3,17.0,17.1,25.1,20.6,21.8,23.1,21.0,21.2,21.4,20.4,20.6,19.6,21.1,20.1,23.1
남원시 - 주민등록인구＜br＞(B),Statistics,96243.0,93670.0,91265.0,89247.0,88356.0,87675.0,87775.0,87455.0,87000.0,86460.0,85643.0,84856.0,84188.0,83281.0,82554.0,81441.0,80662.0,79431.0,77948.0
남해군 - 사회복지시설수＜br＞(A),Statistics,2.0,3.0,3.0,3.0,5.0,6.0,8.0,9.0,9.0,9.0,9.0,8.0,8.0,9.0,10.0,9.0,9.0,8.0,8.0
남해군 - 인구십만명당 사회복지시설수＜br＞(A÷B×100000),Statistics,3.8,5.8,5.9,5.5,9.9,11.9,16.2,17.9,18.7,19.1,19.3,17.4,17.7,20.2,22.7,20.6,21.0,18.9,19.2
남해군 - 주민등록인구＜br＞(B),Statistics,53129.0,51825.0,50792.0,55026.0,50698.0,50244.0,49328.0,50242.0,48223.0,47244.0,46638.0,45865.0,45129.0,44642.0,43990.0,43622.0,42958.0,42266.0,41579.0
노원구 - 사회복지시설수＜br＞(A),Statistics,9.0,11.0,11.0,12.0,16.0,26.0,35.0,39.0,41.0,48.0,50.0,45.0,44.0,41.0,43.0,45.0,47.0,42.0,41.0
노원구 - 인구십만명당 사회복지시설수＜br＞(A÷B×100000),Statistics,1.4,1.8,1.8,1.9,2.6,4.3,5.7,6.5,6.9,8.1,8.6,7.8,7.8,7.4,7.9,8.4,9.0,8.2,8.1
노원구 - 주민등록인구＜br＞(B),Statistics,628184.0,622003.0,618093.0,616753.0,615981.0,610616.0,611230.0,603930.0,597189.0,590479.0,582552.0,574583.0,567581.0,554403.0,543752.0,532905.0,523037.0,510956.0,503734.0
논산시 - 사회복지시설수＜br＞(A),Statistics,9.0,10.0,12.0,20.0,26.0,26.0,32.0,35.0,36.0,36.0,38.0,38.0,37.0,43.0,43.0,44.0,43.0,43.0,48.0
논산시 - 인구십만명당 사회복지시설수＜br＞(A÷B×100000),Statistics,6.6,7.5,9.1,15.4,20.3,20.5,25.1,27.4,28.4,28.6,30.5,30.6,30.0,35.2,35.8,37.0,36.9,37.6,42.6
논산시 - 주민등록인구＜br＞(B),Statistics,135572.0,134217.0,131466.0,129486.0,127797.0,127097.0,127507.0,127533.0,126653.0,125844.0,124784.0,124232.0,123213.0,122240.0,120230.0,118842.0,116675.0,114483.0,112617.0
단양군 - 사회복지시설수＜br＞(A),Statistics,,,5.0,5.0,10.0,10.0,11.0,13.0,14.0,12.0,12.0,12.0,13.0,14.0,15.0,14.0,14.0,14.0,13.0
단양군 - 인구십만명당 사회복지시설수＜br＞(A÷B×100000),Statistics,,,15.0,15.4,31.3,31.4,34.6,41.1,44.8,38.5,38.8,39.0,42.6,46.3,49.6,47.0,48.0,49.4,46.8
단양군 - 주민등록인구＜br＞(B),Statistics,34743.0,34122.0,33346.0,32399.0,31929.0,31842.0,31817.0,31595.0,31253.0,31171.0,30948.0,30761.0,30503.0,30215.0,30255.0,29756.0,29155.0,28331.0,27767.0
달서구 - 사회복지시설수＜br＞(A),Statistics,5.0,5.0,5.0,5.0,9.0,10.0,29.0,35.0,40.0,51.0,52.0,53.0,51.0,49.0,48.0,48.0,44.0,44.0,48.0
달서구 - 인구십만명당 사회복지시설수＜br＞(A÷B×100000),Statistics,0.8,0.8,0.8,0.8,1.5,1.7,4.8,5.8,6.6,8.4,8.6,8.8,8.6,8.5,8.4,8.4,7.9,8.1,8.9
달서구 - 주민등록인구＜br＞(B),Statistics,601467.0,595860.0,589041.0,591169.0,594616.0,598011.0,607083.0,606542.0,606557.0,610358.0,606433.0,602641.0,591891.0,578068.0,573413.0,568887.0,558631.0,544926.0,536989.0
달성군 - 사회복지시설수＜br＞(A),Statistics,5.0,5.0,8.0,10.0,11.0,14.0,20.0,21.0,19.0,34.0,32.0,34.0,36.0,37.0,36.0,37.0,39.0,46.0,46.0
달성군 - 인구십만명당 사회복지시설수＜br＞(A÷B×100000),Statistics,3.2,3.2,5.1,6.2,6.4,7.9,11.2,11.6,10.3,18.4,17.3,17.6,16.5,15.2,14.4,14.4,15.0,17.5,17.5
달성군 - 주민등록인구＜br＞(B),Statistics,155905.0,158353.0,158314.0,160443.0,171001.0,176135.0,178899.0,180351.0,184366.0,184358.0,184902.0,192747.0,218268.0,243375.0,250543.0,256540.0,259339.0,262451.0,263162.0
담양군 - 사회복지시설수＜br＞(A),Statistics,3.0,4.0,4.0,5.0,12.0,14.0,18.0,19.0,18.0,20.0,20.0,20.0,19.0,11.0,18.0,19.0,19.0,17.0,33.0
담양군 - 인구십만명당 사회복지시설수＜br＞(A÷B×100000),Statistics,5.9,7.9,7.9,9.9,24.8,29.6,37.7,39.7,37.8,42.2,42.4,42.5,40.2,23.3,38.4,40.8,41.1,36.8,72.1
담양군 - 주민등록인구＜br＞(B),Statistics,50613.0,50364.0,50332.0,50441.0,48347.0,47286.0,47808.0,47819.0,47612.0,47365.0,47177.0,47009.0,47229.0,47285.0,46917.0,46535.0,46280.0,46180.0,45792.0
당진시 - 사회복지시설수＜br＞(A),Statistics,,,,,,,,,27.0,20.0,22.0,25.0,27.0,29.0,27.0,27.0,27.0,30.0,32.0
당진시 - 인구십만명당 사회복지시설수＜br＞(A÷B×100000),Statistics,,,,,,,,,17.4,12.5,13.5,15.1,16.2,17.3,16.1,16.2,16.2,18.0,19.0
당진시 - 주민등록인구＜br＞(B),Statistics,,,,,,,,,155104.0,159615.0,162844.0,165122.0,166630.0,167439.0,167770.0,167042.0,166249.0,167092.0,168253.0
대구광역시 - 사회복지시설수＜br＞(A),Statistics,72.0,73.0,84.0,89.0,105.0,131.0,202.0,247.0,300.0,350.0,356.0,366.0,364.0,364.0,352.0,361.0,361.0,361.0,367.0
대구광역시 - 인구십만명당 사회복지시설수＜br＞(A÷B×100000),Statistics,2.9,2.9,3.4,3.6,4.2,5.3,8.0,9.9,12.0,14.0,14.3,14.7,14.7,14.7,14.3,14.8,14.9,15.1,15.5
대구광역시 - 주민등록인구＜br＞(B),Statistics,2524712.0,2511306.0,2496115.0,2493261.0,2492724.0,2489781.0,2511676.0,2507271.0,2505644.0,2501588.0,2493264.0,2487829.0,2484557.0,2475231.0,2461769.0,2438031.0,2418346.0,2385412.0,2363691.0
대덕구 - 사회복지시설수＜br＞(A),Statistics,6.0,6.0,6.0,8.0,11.0,10.0,14.0,20.0,22.0,26.0,24.0,25.0,26.0,24.0,25.0,26.0,30.0,29.0,31.0
대덕구 - 인구십만명당 사회복지시설수＜br＞(A÷B×100000),Statistics,2.6,2.7,2.8,3.8,5.2,4.8,6.7,9.7,10.7,12.7,11.9,12.7,13.5,12.8,13.7,14.7,17.0,16.6,17.9
대덕구 - 주민등록인구＜br＞(B),Statistics,226947.0,223287.0,217332.0,213275.0,211241.0,208147.0,207549.0,205339.0,205688.0,204360.0,201558.0,196839.0,192688.0,186902.0,181991.0,177031.0,176384.0,175046.0,172746.0
대전광역시 - 사회복지시설수＜br＞(A),Statistics,44.0,46.0,49.0,68.0,91.0,110.0,139.0,145.0,154.0,152.0,164.0,168.0,173.0,173.0,188.0,184.0,211.0,219.0,220.0
대전광역시 - 인구십만명당 사회복지시설수＜br＞(A÷B×100000),Statistics,3.0,3.2,3.3,4.6,6.1,7.4,9.2,9.6,10.1,9.9,10.7,11.1,11.4,11.5,12.6,12.5,14.4,15.1,15.2
대전광역시 - 주민등록인구＜br＞(B),Statistics,1443471.0,1454638.0,1466158.0,1475659.0,1480895.0,1484180.0,1503664.0,1515603.0,1524583.0,1532811.0,1531809.0,1518775.0,1514370.0,1502227.0,1489936.0,1474870.0,1463882.0,1452251.0,1446072.0
도봉구 - 사회복지시설수＜br＞(A),Statistics,2.0,3.0,3.0,5.0,9.0,22.0,38.0,37.0,37.0,47.0,54.0,53.0,57.0,61.0,63.0,61.0,59.0,58.0,58.0
도봉구 - 인구십만명당 사회복지시설수＜br＞(A÷B×100000),Statistics,0.5,0.8,0.8,1.3,2.4,6.0,10.3,10.1,10.2,13.1,15.3,15.1,16.4,17.7,18.6,18.3,18.1,18.3,18.6
도봉구 - 주민등록인구＜br＞(B),Statistics,381939.0,381529.0,377534.0,375975.0,373936.0,369733.0,368298.0,365573.0,362270.0,358582.0,353709.0,351242.0,348220.0,344166.0,339413.0,333362.0,325257.0,317366.0,311694.0
동구 - 사회복지시설수＜br＞(A),Statistics,1.0,1.0,2.0,2.0,2.0,2.0,3.0,3.0,6.0,4.0,4.0,4.0,4.0,7.0,7.0,7.0,6.0,7.0,7.0
동구 - 인구십만명당 사회복지시설수＜br＞(A÷B×100000),Statistics,0.9,0.9,1.9,1.9,1.9,2.0,3.0,3.0,6.1,4.2,4.2,4.3,4.5,7.9,8.1,7.9,6.7,8.0,8.1
동구 - 주민등록인구＜br＞(B),Statistics,114204.0,109879.0,106890.0,104881.0,102764.0,101153.0,101514.0,100420.0,98529.0,96011.0,94565.0,92069.0,89826.0,88868.0,86912.0,88165.0,88901.0,87679.0,86462.0
동대문구 - 사회복지시설수＜br＞(A),Statistics,2.0,3.0,3.0,4.0,17.0,20.0,26.0,25.0,26.0,29.0,30.0,32.0,32.0,31.0,33.0,33.0,33.0,32.0,29.0
동대문구 - 인구십만명당 사회복지시설수＜br＞(A÷B×100000),Statistics,0.5,0.8,0.8,1.1,4.6,5.5,7.1,6.8,7.2,8.0,8.2,8.9,9.0,8.8,9.5,9.5,9.6,9.5,8.6
동대문구 - 주민등록인구＜br＞(B),Statistics,379404.0,381110.0,378860.0,376421.0,370250.0,362146.0,366786.0,365486.0,363258.0,364273.0,363687.0,360153.0,355069.0,350647.0,348052.0,346194.0,342837.0,337400.0,336644.0
동두천시 - 사회복지시설수＜br＞(A),Statistics,8.0,11.0,12.0,14.0,17.0,25.0,33.0,30.0,35.0,34.0,32.0,32.0,38.0,39.0,39.0,39.0,43.0,44.0,43.0
동두천시 - 인구십만명당 사회복지시설수＜br＞(A÷B×100000),Statistics,10.1,13.3,14.0,15.8,18.7,26.8,34.5,31.2,36.0,34.9,32.8,32.7,38.7,40.2,40.5,41.2,45.6,47.0,47.0
동두천시 - 주민등록인구＜br＞(B),Statistics,79214.0,82623.0,85803.0,88780.0,90835.0,93211.0,95653.0,96253.0,97175.0,97557.0,97595.0,97974.0,98277.0,97071.0,96226.0,94768.0,94353.0,93592.0,91546.0
동래구 - 사회복지시설수＜br＞(A),Statistics,6.0,6.0,8.0,7.0,7.0,11.0,17.0,15.0,19.0,15.0,15.0,16.0,14.0,15.0,15.0,16.0,15.0,15.0,15.0
동래구 - 인구십만명당 사회복지시설수＜br＞(A÷B×100000),Statistics,2.1,2.2,2.9,2.5,2.5,3.9,6.0,5.3,6.8,5.4,5.4,5.9,5.1,5.5,5.6,5.9,5.5,5.6,5.5
동래구 - 주민등록인구＜br＞(B),Statistics,279366.0,276095.0,279528.0,284901.0,282673.0,281644.0,282779.0,283742.0,278767.0,276689.0,275971.0,272837.0,272745.0,270727.0,266515.0,271247.0,270745.0,266866.0,273226.0
동작구 - 사회복지시설수＜br＞(A),Statistics,9.0,9.0,9.0,10.0,13.0,16.0,19.0,20.0,18.0,21.0,21.0,22.0,22.0,20.0,21.0,22.0,22.0,19.0,20.0
동작구 - 인구십만명당 사회복지시설수＜br＞(A÷B×100000),Statistics,2.2,2.2,2.2,2.5,3.2,4.0,4.7,5.0,4.4,5.1,5.2,5.5,5.5,5.0,5.3,5.6,5.6,4.9,5.3
동작구 - 주민등록인구＜br＞(B),Statistics,410945.0,410481.0,408582.0,405967.0,400866.0,397920.0,402709.0,401408.0,405491.0,410815.0,407470.0,400641.0,400997.0,396217.0,396203.0,395963.0,391220.0,385483.0,380596.0
동해시 - 사회복지시설수＜br＞(A),Statistics,3.0,4.0,5.0,5.0,6.0,7.0,10.0,10.0,11.0,11.0,11.0,11.0,11.0,12.0,11.0,11.0,12.0,11.0,13.0
동해시 - 인구십만명당 사회복지시설수＜br＞(A÷B×100000),Statistics,3.0,4.0,5.1,5.2,6.3,7.3,10.5,10.4,11.7,11.6,11.6,11.7,11.8,12.9,12.1,12.2,13.2,12.2,14.5
동해시 - 주민등록인구＜br＞(B),Statistics,100727.0,99230.0,97497.0,96652.0,95652.0,95271.0,95236.0,95804.0,93897.0,95143.0,94562.0,93895.0,93297.0,92851.0,91272.0,90522.0,90593.0,90081.0,89426.0
마포구 - 사회복지시설수＜br＞(A),Statistics,8.0,7.0,7.0,10.0,15.0,21.0,24.0,25.0,24.0,20.0,17.0,18.0,18.0,16.0,17.0,16.0,15.0,15.0,12.0
마포구 - 인구십만명당 사회복지시설수＜br＞(A÷B×100000),Statistics,2.1,1.8,1.8,2.5,3.9,5.5,6.1,6.4,6.2,5.2,4.4,4.6,4.7,4.3,4.5,4.3,4.0,4.1,3.3
마포구 - 주민등록인구＜br＞(B),Statistics,383457.0,388164.0,390583.0,392650.0,385119.0,384013.0,391865.0,389493.0,384644.0,381856.0,385439.0,387643.0,379892.0,374915.0,375077.0,374035.0,371890.0,368905.0,364638.0
목포시 - 사회복지시설수＜br＞(A),Statistics,20.0,22.0,18.0,21.0,26.0,15.0,23.0,27.0,26.0,31.0,26.0,31.0,34.0,36.0,33.0,37.0,36.0,32.0,60.0
목포시 - 인구십만명당 사회복지시설수＜br＞(A÷B×100000),Statistics,8.3,9.1,7.4,8.6,10.6,6.1,9.4,11.0,10.6,12.9,10.9,13.0,14.3,15.4,14.2,16.1,16.1,14.6,27.7
목포시 - 주민등록인구＜br＞(B),Statistics,241717.0,242988.0,241679.0,243312.0,245651.0,244339.0,245422.0,244871.0,245073.0,240936.0,239109.0,238382.0,237739.0,234379.0,232327.0,229861.0,224044.0,218589.0,216939.0
무안군 - 사회복지시설수＜br＞(A),Statistics,2.0,6.0,7.0,7.0,9.0,10.0,15.0,15.0,18.0,21.0,20.0,21.0,17.0,16.0,15.0,16.0,16.0,15.0,20.0
무안군 - 인구십만명당 사회복지시설수＜br＞(A÷B×100000),Statistics,3.2,9.7,11.3,11.0,13.5,13.8,20.1,19.8,23.8,26.5,24.5,25.5,20.7,19.3,18.3,19.7,18.6,16.5,22.1
무안군 - 주민등록인구＜br＞(B),Statistics,62472.0,61915.0,61766.0,63674.0,66598.0,72417.0,74475.0,75718.0,75741.0,79367.0,81696.0,82236.0,82109.0,82872.0,81991.0,81105.0,86132.0,91107.0,90608.0
무주군 - 사회복지시설수＜br＞(A),Statistics,,1.0,2.0,2.0,2.0,2.0,5.0,4.0,4.0,4.0,5.0,5.0,6.0,8.0,8.0,7.0,7.0,7.0,7.0
무주군 - 인구십만명당 사회복지시설수＜br＞(A÷B×100000),Statistics,,3.9,7.9,7.6,7.7,7.7,19.5,15.5,15.8,15.7,19.7,19.8,24.0,32.2,32.5,28.8,29.1,29.5,29.8
무주군 - 주민등록인구＜br＞(B),Statistics,26183.0,25876.0,25417.0,26361.0,26017.0,25811.0,25578.0,25863.0,25321.0,25398.0,25390.0,25220.0,24949.0,24809.0,24589.0,24303.0,24036.0,23748.0,23489.0
문경시 - 사회복지시설수＜br＞(A),Statistics,1.0,2.0,5.0,7.0,9.0,8.0,12.0,14.0,15.0,17.0,19.0,19.0,22.0,22.0,22.0,21.0,21.0,23.0,28.0
문경시 - 인구십만명당 사회복지시설수＜br＞(A÷B×100000),Statistics,1.3,2.6,6.6,9.4,11.9,10.4,15.5,18.2,19.8,22.5,25.0,25.1,29.5,30.0,30.6,29.1,29.4,32.3,39.8
문경시 - 주민등록인구＜br＞(B),Statistics,79552.0,78058.0,76177.0,74780.0,75486.0,76645.0,77391.0,76727.0,75899.0,75664.0,75911.0,75784.0,74702.0,73294.0,71874.0,72242.0,71406.0,71154.0,70373.0
미추홀구 - 사회복지시설수＜br＞(A),Statistics,,,,,,,,,,,,,,,68.0,69.0,67.0,68.0,68.0
미추홀구 - 인구십만명당 사회복지시설수＜br＞(A÷B×100000),Statistics,,,,,,,,,,,,,,,16.3,16.9,16.6,16.7,16.7
미추홀구 - 주민등록인구＜br＞(B),Statistics,,,,,,,,,,,,,,,416542.0,408862.0,404343.0,407464.0,406004.0
밀양시 - 사회복지시설수＜br＞(A),Statistics,4.0,4.0,5.0,8.0,11.0,13.0,13.0,18.0,4.0,18.0,20.0,20.0,22.0,21.0,24.0,25.0,25.0,26.0,25.0
밀양시 - 인구십만명당 사회복지시설수＜br＞(A÷B×100000),Statistics,3.5,3.5,4.5,7.2,9.9,11.8,11.8,16.5,3.7,16.6,18.6,18.5,20.3,19.5,22.5,23.7,23.8,25.1,24.3
밀양시 - 주민등록인구＜br＞(B),Statistics,115459.0,113636.0,112025.0,111473.0,110858.0,110170.0,110479.0,109329.0,108755.0,108342.0,107765.0,107896.0,108354.0,107898.0,106744.0,105552.0,104831.0,103525.0,102945.0
보령시 - 사회복지시설수＜br＞(A),Statistics,5.0,6.0,7.0,10.0,13.0,13.0,15.0,17.0,15.0,16.0,17.0,17.0,18.0,18.0,16.0,16.0,19.0,18.0,18.0
보령시 - 인구십만명당 사회복지시설수＜br＞(A÷B×100000),Statistics,4.6,5.6,6.5,9.3,12.2,12.2,14.0,16.0,14.2,15.2,16.3,16.2,17.3,17.4,15.7,15.8,19.0,18.3,18.5
보령시 - 주민등록인구＜br＞(B),Statistics,108861.0,108056.0,107591.0,107637.0,106885.0,106754.0,107346.0,106421.0,105559.0,104938.0,104321.0,104754.0,103873.0,103198.0,101990.0,101114.0,100229.0,98408.0,97157.0
보성군 - 사회복지시설수＜br＞(A),Statistics,1.0,2.0,2.0,2.0,4.0,5.0,8.0,9.0,9.0,8.0,8.0,8.0,8.0,8.0,8.0,7.0,7.0,7.0,11.0
보성군 - 인구십만명당 사회복지시설수＜br＞(A÷B×100000),Statistics,1.8,3.8,3.9,3.9,8.0,10.2,16.4,18.8,19.1,17.2,17.4,17.6,18.0,18.3,18.7,16.9,17.3,17.8,28.6
보성군 - 주민등록인구＜br＞(B),Statistics,54288.0,53145.0,51948.0,50921.0,50004.0,49048.0,48792.0,47894.0,47050.0,46385.0,45882.0,45349.0,44469.0,43755.0,42803.0,41420.0,40482.0,39375.0,38471.0
보은군 - 사회복지시설수＜br＞(A),Statistics,2.0,3.0,2.0,6.0,7.0,8.0,8.0,9.0,9.0,6.0,7.0,6.0,6.0,6.0,6.0,5.0,5.0,5.0,5.0
보은군 - 인구십만명당 사회복지시설수＜br＞(A÷B×100000),Statistics,5.3,8.1,5.5,17.0,20.0,23.0,22.9,25.9,26.1,17.5,20.4,17.5,17.5,17.6,17.8,15.2,15.4,15.7,15.9
보은군 - 주민등록인구＜br＞(B),Statistics,38062.0,37114.0,36293.0,35354.0,35069.0,34845.0,34956.0,34717.0,34438.0,34318.0,34240.0,34296.0,34221.0,34053.0,33680.0,32949.0,32412.0,31878.0,31455.0
봉화군 - 사회복지시설수＜br＞(A),Statistics,1.0,1.0,1.0,1.0,3.0,6.0,6.0,4.0,5.0,5.0,6.0,6.0,6.0,6.0,6.0,6.0,6.0,6.0,6.0
봉화군 - 인구십만명당 사회복지시설수＜br＞(A÷B×100000),Statistics,2.7,2.7,2.8,2.9,8.7,17.5,17.4,11.7,14.7,14.8,17.6,17.7,17.9,18.0,18.3,18.7,19.1,19.5,19.9
봉화군 - 주민등록인구＜br＞(B),Statistics,37526.0,36599.0,35608.0,35046.0,34628.0,34297.0,34567.0,34192.0,33934.0,33894.0,34023.0,33808.0,33539.0,33259.0,32843.0,32150.0,31494.0,30762.0,30139.0
부산광역시 - 사회복지시설수＜br＞(A),Statistics,85.0,94.0,107.0,115.0,150.0,181.0,231.0,212.0,259.0,203.0,204.0,205.0,200.0,226.0,221.0,226.0,218.0,221.0,222.0
부산광역시 - 인구십만명당 사회복지시설수＜br＞(A÷B×100000),Statistics,2.3,2.6,3.0,3.2,4.2,5.1,6.5,6.0,7.3,5.8,5.8,5.8,5.7,6.5,6.4,6.6,6.4,6.6,6.7
부산광역시 - 주민등록인구＜br＞(B),Statistics,3666345.0,3638293.0,3611992.0,3587439.0,3564577.0,3543030.0,3567910.0,3550963.0,3538484.0,3527635.0,3519401.0,3513777.0,3498529.0,3470653.0,3441453.0,3413841.0,3391946.0,3350380.0,3317812.0
부산진구 - 사회복지시설수＜br＞(A),Statistics,3.0,3.0,2.0,3.0,4.0,6.0,13.0,9.0,15.0,12.0,15.0,11.0,10.0,11.0,11.0,12.0,13.0,13.0,12.0
부산진구 - 인구십만명당 사회복지시설수＜br＞(A÷B×100000),Statistics,0.7,0.7,0.5,0.7,1.0,1.5,3.3,2.3,3.8,3.1,3.9,2.9,2.7,3.0,3.0,3.4,3.6,3.7,3.4
부산진구 - 주민등록인구＜br＞(B),Statistics,405534.0,410610.0,405775.0,402359.0,400516.0,395689.0,395826.0,395044.0,392731.0,389765.0,387378.0,381572.0,376526.0,371703.0,362357.0,357880.0,359886.0,353159.0,355917.0
부안군 - 사회복지시설수＜br＞(A),Statistics,1.0,2.0,4.0,3.0,3.0,3.0,4.0,5.0,6.0,6.0,5.0,7.0,8.0,9.0,10.0,11.0,11.0,13.0,12.0
부안군 - 인구십만명당 사회복지시설수＜br＞(A÷B×100000),Statistics,1.5,3.1,6.3,4.8,4.9,5.0,6.7,8.5,10.2,10.1,8.7,12.3,14.0,16.0,18.4,20.6,21.1,25.6,24.0
부안군 - 주민등록인구＜br＞(B),Statistics,66766.0,65018.0,63243.0,61879.0,60872.0,60204.0,60138.0,59080.0,58869.0,59164.0,57534.0,56848.0,57005.0,56086.0,54441.0,53295.0,52140.0,50795.0,50094.0
부여군 - 사회복지시설수＜br＞(A),Statistics,4.0,6.0,5.0,5.0,9.0,8.0,11.0,10.0,9.0,10.0,13.0,17.0,18.0,20.0,19.0,19.0,20.0,16.0,20.0
부여군 - 인구십만명당 사회복지시설수＜br＞(A÷B×100000),Statistics,4.8,7.4,6.3,6.4,11.7,10.6,14.7,13.5,12.3,13.8,18.1,23.9,25.6,28.9,27.9,28.5,30.6,25.1,32.1
부여군 - 주민등록인구＜br＞(B),Statistics,83260.0,81430.0,79595.0,77916.0,76687.0,75564.0,75029.0,74004.0,73259.0,72547.0,71754.0,71143.0,70187.0,69086.0,68078.0,66740.0,65354.0,63774.0,62343.0
부천시 - 사회복지시설수＜br＞(A),Statistics,8.0,13.0,14.0,19.0,35.0,68.0,83.0,99.0,104.0,108.0,118.0,126.0,150.0,148.0,138.0,148.0,147.0,153.0,148.0
부천시 - 인구십만명당 사회복지시설수＜br＞(A÷B×100000),Statistics,0.9,1.5,1.6,2.2,4.0,7.8,9.5,11.3,12.0,12.5,13.8,14.8,17.6,17.4,16.4,17.8,18.0,19.0,18.7
부천시 - 주민등록인구＜br＞(B),Statistics,855697.0,855359.0,860020.0,864037.0,867678.0,869944.0,875204.0,872452.0,869944.0,863720.0,855586.0,848987.0,851380.0,850329.0,843768.0,829996.0,818383.0,806067.0,790128.0
부평구 - 사회복지시설수＜br＞(A),Statistics,10.0,11.0,13.0,21.0,31.0,41.0,57.0,59.0,65.0,82.0,85.0,91.0,85.0,83.0,87.0,83.0,87.0,89.0,89.0
부평구 - 인구십만명당 사회복지시설수＜br＞(A÷B×100000),Statistics,1.8,1.9,2.3,3.7,5.4,7.3,10.0,10.5,11.6,14.7,15.3,16.4,15.5,15.4,16.6,16.2,17.6,18.3,18.2
부평구 - 주민등록인구＜br＞(B),Statistics,557144.0,567347.0,570283.0,568905.0,569246.0,563920.0,567493.0,560936.0,559047.0,556985.0,556992.0,555844.0,549716.0,539941.0,524640.0,511577.0,494962.0,486765.0,489118.0
북구 - 사회복지시설수＜br＞(A),Statistics,4.0,4.0,4.0,5.0,11.0,12.0,18.0,15.0,17.0,17.0,18.0,16.0,15.0,16.0,13.0,15.0,15.0,16.0,16.0
북구 - 인구십만명당 사회복지시설수＜br＞(A÷B×100000),Statistics,1.2,1.2,1.2,1.5,3.4,3.8,5.8,4.9,5.4,5.5,5.9,5.2,4.8,5.3,4.4,5.2,5.3,5.6,5.7
북구 - 주민등록인구＜br＞(B),Statistics,333316.0,335699.0,330446.0,325302.0,318859.0,314227.0,312218.0,307988.0,312937.0,309719.0,306974.0,310484.0,310202.0,302924.0,296952.0,291132.0,283952.0,283211.0,278857.0
사상구 - 사회복지시설수＜br＞(A),Statistics,2.0,3.0,3.0,4.0,6.0,9.0,10.0,9.0,17.0,9.0,10.0,12.0,11.0,13.0,13.0,13.0,13.0,13.0,14.0
사상구 - 인구십만명당 사회복지시설수＜br＞(A÷B×100000),Statistics,0.7,1.1,1.1,1.5,2.3,3.5,3.9,3.5,6.8,3.6,4.1,5.0,4.7,5.7,5.8,6.0,6.1,6.2,6.9
사상구 - 주민등록인구＜br＞(B),Statistics,282097.0,277481.0,271484.0,265512.0,260897.0,255274.0,257843.0,254413.0,250424.0,246797.0,242953.0,237711.0,232800.0,229219.0,223361.0,218094.0,212586.0,208298.0,203789.0
사천시 - 사회복지시설수＜br＞(A),Statistics,4.0,4.0,4.0,6.0,7.0,9.0,17.0,15.0,4.0,16.0,18.0,18.0,19.0,20.0,20.0,25.0,24.0,25.0,26.0
사천시 - 인구십만명당 사회복지시설수＜br＞(A÷B×100000),Statistics,3.6,3.6,3.6,5.3,6.2,8.0,14.9,13.1,3.5,13.7,15.5,15.6,16.5,17.5,17.6,22.3,21.6,22.7,23.8
사천시 - 주민등록인구＜br＞(B),Statistics,112670.0,111293.0,112300.0,112499.0,112828.0,112724.0,114148.0,114133.0,115321.0,116851.0,116485.0,115452.0,114912.0,114252.0,113888.0,111925.0,111105.0,109953.0,109369.0
사하구 - 사회복지시설수＜br＞(A),Statistics,7.0,7.0,9.0,9.0,11.0,11.0,15.0,12.0,19.0,11.0,11.0,12.0,12.0,13.0,13.0,14.0,14.0,15.0,16.0
사하구 - 인구십만명당 사회복지시설수＜br＞(A÷B×100000),Statistics,1.9,1.9,2.5,2.5,3.0,3.1,4.2,3.4,5.4,3.2,3.2,3.6,3.6,3.9,4.0,4.4,4.5,4.9,5.3
사하구 - 주민등록인구＜br＞(B),Statistics,374248.0,371909.0,366865.0,364693.0,365368.0,359800.0,358730.0,355443.0,352726.0,349110.0,343371.0,337781.0,334603.0,333301.0,327791.0,321004.0,311757.0,306003.0,301987.0
산청군 - 사회복지시설수＜br＞(A),Statistics,2.0,2.0,3.0,4.0,6.0,8.0,13.0,11.0,11.0,11.0,12.0,13.0,14.0,12.0,12.0,12.0,12.0,13.0,14.0
산청군 - 인구십만명당 사회복지시설수＜br＞(A÷B×100000),Statistics,5.4,5.5,8.4,11.3,17.1,22.9,36.5,30.9,30.8,30.6,33.5,36.0,38.8,33.0,33.4,33.9,34.4,37.8,41.1
산청군 - 주민등록인구＜br＞(B),Statistics,36849.0,36294.0,35704.0,35274.0,35043.0,34921.0,35591.0,35651.0,35691.0,35935.0,35849.0,36071.0,36098.0,36340.0,35952.0,35417.0,34857.0,34360.0,34028.0
삼척시 - 사회복지시설수＜br＞(A),Statistics,,2.0,4.0,5.0,5.0,6.0,6.0,6.0,6.0,6.0,6.0,7.0,7.0,7.0,7.0,8.0,9.0,10.0,10.0
삼척시 - 인구십만명당 사회복지시설수＜br＞(A÷B×100000),Statistics,,2.7,5.6,7.1,7.0,8.3,8.3,8.3,8.3,8.2,8.3,9.9,10.1,10.2,10.2,11.9,13.8,15.8,15.8
삼척시 - 주민등록인구＜br＞(B),Statistics,74301.0,73134.0,71750.0,70791.0,70954.0,71935.0,72046.0,72312.0,72463.0,73023.0,72314.0,70839.0,69599.0,68514.0,68326.0,67228.0,65243.0,63429.0,63455.0
상주시 - 사회복지시설수＜br＞(A),Statistics,3.0,7.0,9.0,12.0,14.0,15.0,20.0,21.0,22.0,23.0,22.0,22.0,22.0,21.0,21.0,22.0,22.0,22.0,28.0
상주시 - 인구십만명당 사회복지시설수＜br＞(A÷B×100000),Statistics,2.7,6.3,8.3,11.3,13.3,14.1,18.9,20.1,21.1,22.3,21.4,21.5,21.6,20.8,20.9,21.8,22.6,23.0,29.5
상주시 - 주민등록인구＜br＞(B),Statistics,112585.0,110444.0,108280.0,106600.0,105381.0,106208.0,105607.0,104685.0,104182.0,103346.0,102892.0,102374.0,101799.0,100947.0,100297.0,100688.0,97228.0,95566.0,94823.0
서구 - 사회복지시설수＜br＞(A),Statistics,14.0,16.0,14.0,16.0,21.0,20.0,23.0,24.0,17.0,16.0,17.0,16.0,16.0,17.0,17.0,17.0,17.0,17.0,15.0
서구 - 인구십만명당 사회복지시설수＜br＞(A÷B×100000),Statistics,9.8,11.5,10.3,12.0,16.2,15.9,18.2,19.4,14.1,13.5,14.4,13.8,14.2,15.4,15.4,15.7,15.7,16.2,14.3
서구 - 주민등록인구＜br＞(B),Statistics,142460.0,139607.0,136226.0,132803.0,129385.0,125785.0,126040.0,123718.0,120828.0,118783.0,118115.0,115963.0,112973.0,110039.0,110534.0,108229.0,108135.0,105164.0,105192.0
서귀포시 - 사회복지시설수＜br＞(A),Statistics,5.0,10.0,13.0,15.0,15.0,17.0,19.0,22.0,22.0,25.0,22.0,28.0,28.0,28.0,29.0,28.0,29.0,29.0,23.0
서귀포시 - 인구십만명당 사회복지시설수＜br＞(A÷B×100000),Statistics,,,8.4,9.8,9.8,11.2,12.4,14.3,14.3,16.1,13.9,17.0,16.4,15.7,16.0,15.4,15.9,15.8,12.4
서귀포시 - 주민등록인구＜br＞(B),Statistics,,,154895.0,153800.0,153120.0,152285.0,153716.0,153366.0,154057.0,155641.0,158512.0,164519.0,170932.0,178383.0,181245.0,181584.0,182169.0,183663.0,184770.0
서대문구 - 사회복지시설수＜br＞(A),Statistics,2.0,4.0,5.0,10.0,19.0,28.0,36.0,35.0,36.0,33.0,35.0,35.0,32.0,32.0,35.0,34.0,33.0,34.0,27.0
서대문구 - 인구십만명당 사회복지시설수＜br＞(A÷B×100000),Statistics,0.6,1.1,1.4,2.9,5.7,8.6,11.1,11.1,11.4,10.5,11.3,11.2,10.2,10.2,11.3,11.0,10.6,11.2,8.8
서대문구 - 주민등록인구＜br＞(B),Statistics,352071.0,349163.0,349020.0,348575.0,331688.0,327451.0,324541.0,314852.0,315113.0,314110.0,310376.0,312141.0,314194.0,312800.0,310313.0,309397.0,312173.0,304819.0,306337.0
서산시 - 사회복지시설수＜br＞(A),Statistics,3.0,4.0,4.0,4.0,9.0,13.0,19.0,17.0,20.0,21.0,25.0,26.0,28.0,27.0,28.0,28.0,32.0,34.0,36.0
서산시 - 인구십만명당 사회복지시설수＜br＞(A÷B×100000),Statistics,2.0,2.7,2.7,2.6,5.7,8.2,11.8,10.5,12.2,12.7,14.9,15.3,16.4,15.7,16.1,16.0,18.2,19.2,20.4
서산시 - 주민등록인구＜br＞(B),Statistics,150131.0,150294.0,150889.0,153569.0,156867.0,158886.0,160468.0,161489.0,163315.0,165837.0,167611.0,170099.0,170788.0,171678.0,174162.0,174690.0,175591.0,176645.0,176413.0
서울특별시 - 사회복지시설수＜br＞(A),Statistics,137.0,151.0,155.0,189.0,375.0,516.0,674.0,683.0,709.0,760.0,764.0,804.0,790.0,771.0,784.0,785.0,775.0,760.0,747.0
서울특별시 - 인구십만명당 사회복지시설수＜br＞(A÷B×100000),Statistics,1.3,1.5,1.5,1.9,3.7,5.1,6.5,6.7,7.0,7.5,7.6,8.0,8.0,7.8,8.0,8.1,8.0,8.0,7.9
서울특별시 - 주민등록인구＜br＞(B),Statistics,10173162.0,10167344.0,10181166.0,10192710.0,10200827.0,10208302.0,10312545.0,10249679.0,10195318.0,10143645.0,10103233.0,10022181.0,9930616.0,9857426.0,9765623.0,9729107.0,9668465.0,9509458.0,9428372.0
서천군 - 사회복지시설수＜br＞(A),Statistics,3.0,4.0,7.0,7.0,7.0,9.0,11.0,14.0,14.0,14.0,15.0,13.0,13.0,13.0,12.0,13.0,13.0,15.0,17.0
서천군 - 인구십만명당 사회복지시설수＜br＞(A÷B×100000),Statistics,4.6,6.2,11.2,11.4,11.6,15.0,18.3,23.5,23.8,24.0,26.0,22.8,23.2,23.6,22.3,24.6,25.1,29.6,34.0
서천군 - 주민등록인구＜br＞(B),Statistics,65650.0,64322.0,62629.0,61168.0,60507.0,60066.0,60085.0,59541.0,58920.0,58441.0,57713.0,56910.0,56012.0,55175.0,53922.0,52805.0,51866.0,50745.0,49964.0
서초구 - 사회복지시설수＜br＞(A),Statistics,1.0,1.0,2.0,2.0,7.0,11.0,15.0,15.0,16.0,14.0,13.0,13.0,12.0,12.0,9.0,10.0,10.0,11.0,11.0
서초구 - 인구십만명당 사회복지시설수＜br＞(A÷B×100000),Statistics,0.2,0.2,0.5,0.5,1.7,2.6,3.5,3.5,3.7,3.2,2.9,2.9,2.7,2.7,2.1,2.3,2.4,2.7,2.7
서초구 - 주민등록인구＜br＞(B),Statistics,400868.0,401736.0,408266.0,405969.0,406320.0,425481.0,434720.0,433564.0,435044.0,441763.0,449678.0,446764.0,447192.0,441102.0,433951.0,430826.0,425126.0,412279.0,404325.0
성남시 - 사회복지시설수＜br＞(A),Statistics,8.0,10.0,13.0,15.0,21.0,36.0,63.0,57.0,55.0,57.0,60.0,63.0,85.0,83.0,82.0,83.0,79.0,71.0,70.0
성남시 - 인구십만명당 사회복지시설수＜br＞(A÷B×100000),Statistics,0.8,1.0,1.3,1.6,2.2,3.7,6.4,5.8,5.6,5.8,6.2,6.5,8.7,8.6,8.6,8.8,8.4,7.6,7.6
성남시 - 주민등록인구＜br＞(B),Statistics,977166.0,983075.0,964831.0,953960.0,942447.0,962726.0,980190.0,979323.0,978615.0,979534.0,974608.0,971424.0,974580.0,967510.0,954347.0,942724.0,940064.0,930948.0,922518.0
성동구 - 사회복지시설수＜br＞(A),Statistics,1.0,2.0,2.0,2.0,4.0,5.0,6.0,7.0,6.0,7.0,7.0,9.0,9.0,9.0,9.0,9.0,9.0,10.0,11.0
성동구 - 인구십만명당 사회복지시설수＜br＞(A÷B×100000),Statistics,0.3,0.6,0.6,0.6,1.3,1.6,1.9,2.3,2.0,2.3,2.4,3.0,3.0,3.0,2.9,3.0,3.1,3.5,3.9
성동구 - 주민등록인구＜br＞(B),Statistics,339113.0,337744.0,334437.0,333535.0,314212.0,308058.0,309093.0,300711.0,299604.0,299337.0,296086.0,297003.0,299259.0,304808.0,308221.0,300889.0,293556.0,285990.0,281000.0
성북구 - 사회복지시설수＜br＞(A),Statistics,9.0,8.0,8.0,9.0,20.0,26.0,27.0,27.0,31.0,35.0,37.0,46.0,45.0,44.0,42.0,45.0,43.0,44.0,45.0
성북구 - 인구십만명당 사회복지시설수＜br＞(A÷B×100000),Statistics,2.0,1.7,1.7,1.9,4.2,5.5,5.5,5.6,6.4,7.3,7.9,10.0,10.0,9.9,9.6,10.2,9.8,10.2,10.5
성북구 - 주민등록인구＜br＞(B),Statistics,451122.0,462879.0,472843.0,469973.0,473357.0,476028.0,488932.0,485171.0,481857.0,476589.0,466706.0,459275.0,450355.0,444055.0,435868.0,442650.0,437153.0,430528.0,430397.0
성주군 - 사회복지시설수＜br＞(A),Statistics,5.0,5.0,6.0,7.0,8.0,6.0,8.0,10.0,10.0,10.0,10.0,10.0,10.0,9.0,9.0,10.0,9.0,9.0,10.0
성주군 - 인구십만명당 사회복지시설수＜br＞(A÷B×100000),Statistics,10.5,10.6,12.9,15.3,17.8,13.2,17.7,21.9,22.2,22.2,22.2,22.2,22.1,19.9,20.1,22.7,20.7,21.0,23.5
성주군 - 주민등록인구＜br＞(B),Statistics,47731.0,46960.0,46358.0,45680.0,45024.0,45616.0,45289.0,45640.0,45127.0,45067.0,44981.0,45029.0,45205.0,45138.0,44672.0,44015.0,43414.0,42842.0,42566.0
세종특별자치시 - 사회복지시설수＜br＞(A),Statistics,,,,,,,,,22.0,21.0,22.0,22.0,21.0,21.0,27.0,26.0,28.0,28.0,31.0
세종특별자치시 - 인구십만명당 사회복지시설수＜br＞(A÷B×100000),Statistics,,,,,,,,,19.4,17.2,14.1,10.4,8.6,7.5,8.6,7.6,7.9,7.5,8.1
세종특별자치시 - 주민등록인구＜br＞(B),Statistics,,,,,,,,,113117.0,122153.0,156125.0,210884.0,243048.0,280100.0,314126.0,340575.0,355831.0,371895.0,383591.0
속초시 - 사회복지시설수＜br＞(A),Statistics,2.0,5.0,5.0,7.0,9.0,12.0,13.0,16.0,15.0,16.0,17.0,17.0,18.0,18.0,18.0,16.0,16.0,15.0,14.0
속초시 - 인구십만명당 사회복지시설수＜br＞(A÷B×100000),Statistics,2.3,5.7,5.8,8.2,10.6,14.3,15.4,19.1,17.9,19.3,20.6,20.7,22.0,21.9,22.0,19.6,19.4,18.1,16.9
속초시 - 주민등록인구＜br＞(B),Statistics,87933.0,87124.0,86073.0,85370.0,84599.0,83822.0,84302.0,83745.0,83579.0,83109.0,82432.0,81992.0,81793.0,82273.0,81682.0,81786.0,82665.0,82791.0,82806.0
송파구 - 사회복지시설수＜br＞(A),Statistics,5.0,5.0,6.0,7.0,16.0,26.0,33.0,34.0,33.0,39.0,32.0,33.0,37.0,38.0,38.0,39.0,39.0,39.0,35.0
송파구 - 인구십만명당 사회복지시설수＜br＞(A÷B×100000),Statistics,0.8,0.8,1.0,1.1,2.4,3.8,4.8,5.0,4.9,5.8,4.8,5.0,5.6,5.7,5.7,5.8,5.8,5.9,5.3
송파구 - 주민등록인구＜br＞(B),Statistics,604293.0,605840.0,607005.0,623876.0,668962.0,681476.0,685279.0,682209.0,673115.0,668415.0,664738.0,660302.0,657831.0,664496.0,666635.0,675961.0,667960.0,658338.0,658801.0
수성구 - 사회복지시설수＜br＞(A),Statistics,14.0,17.0,15.0,16.0,19.0,14.0,18.0,23.0,23.0,36.0,38.0,38.0,37.0,38.0,36.0,34.0,34.0,35.0,37.0
수성구 - 인구십만명당 사회복지시설수＜br＞(A÷B×100000),Statistics,3.2,3.9,3.4,3.6,4.2,3.1,3.9,5.0,5.0,7.8,8.3,8.4,8.3,8.7,8.3,7.9,8.0,8.4,9.0
수성구 - 주민등록인구＜br＞(B),Statistics,443881.0,437356.0,440172.0,447164.0,451732.0,456196.0,461988.0,461083.0,459779.0,461004.0,456505.0,451786.0,447011.0,439211.0,432759.0,428614.0,424314.0,417097.0,411553.0
수영구 - 사회복지시설수＜br＞(A),Statistics,2.0,3.0,8.0,9.0,12.0,12.0,16.0,13.0,16.0,10.0,10.0,9.0,9.0,12.0,8.0,8.0,8.0,7.0,9.0
수영구 - 인구십만명당 사회복지시설수＜br＞(A÷B×100000),Statistics,1.1,1.7,4.5,5.0,6.8,6.8,9.0,7.4,9.1,5.7,5.6,5.0,5.0,6.7,4.5,4.5,4.5,4.0,5.1
수영구 - 주민등록인구＜br＞(B),Statistics,180576.0,178684.0,177814.0,178253.0,177140.0,177292.0,178267.0,176691.0,176666.0,175098.0,178480.0,179795.0,179324.0,179996.0,176246.0,176148.0,176894.0,175095.0,174806.0
수원시 - 사회복지시설수＜br＞(A),Statistics,16.0,20.0,23.0,34.0,45.0,50.0,72.0,70.0,73.0,70.0,81.0,86.0,105.0,109.0,109.0,115.0,118.0,123.0,125.0
수원시 - 인구십만명당 사회복지시설수＜br＞(A÷B×100000),Statistics,1.5,1.9,2.2,3.2,4.2,4.7,6.7,6.4,6.5,6.1,6.9,7.3,8.8,9.1,9.1,9.6,9.9,10.4,10.5
수원시 - 주민등록인구＜br＞(B),Statistics,1033829.0,1045587.0,1068906.0,1067702.0,1067425.0,1073149.0,1077535.0,1088489.0,1120258.0,1148157.0,1174228.0,1184624.0,1194041.0,1202628.0,1201166.0,1194465.0,1186078.0,1183714.0,1190964.0
순창군 - 사회복지시설수＜br＞(A),Statistics,2.0,2.0,3.0,3.0,4.0,4.0,5.0,6.0,6.0,6.0,7.0,6.0,6.0,6.0,7.0,8.0,8.0,8.0,8.0
순창군 - 인구십만명당 사회복지시설수＜br＞(A÷B×100000),Statistics,6.3,6.2,9.2,9.4,12.9,13.3,16.6,20.3,20.0,19.8,23.1,19.8,20.0,20.2,24.0,28.2,28.8,29.8,29.9
순창군 - 주민등록인구＜br＞(B),Statistics,31814.0,32012.0,32485.0,32035.0,30920.0,30179.0,30209.0,29497.0,30055.0,30272.0,30368.0,30248.0,29949.0,29698.0,29209.0,28382.0,27810.0,26855.0,26727.0
순천시 - 사회복지시설수＜br＞(A),Statistics,10.0,10.0,10.0,11.0,16.0,14.0,23.0,28.0,28.0,30.0,29.0,33.0,35.0,37.0,38.0,36.0,34.0,31.0,39.0
순천시 - 인구십만명당 사회복지시설수＜br＞(A÷B×100000),Statistics,3.7,3.7,3.7,4.1,5.9,5.2,8.4,10.3,10.2,10.9,10.5,11.8,12.6,13.2,13.6,12.9,12.0,11.0,14.0
순천시 - 주민등록인구＜br＞(B),Statistics,270059.0,270934.0,269940.0,270380.0,269429.0,269516.0,272620.0,272201.0,273798.0,275668.0,277188.0,278765.0,278548.0,279331.0,279389.0,279598.0,282189.0,281436.0,278737.0
시흥시 - 사회복지시설수＜br＞(A),Statistics,4.0,6.0,15.0,15.0,24.0,32.0,50.0,53.0,57.0,68.0,72.0,73.0,87.0,91.0,92.0,103.0,116.0,63.0,130.0
시흥시 - 인구십만명당 사회복지시설수＜br＞(A÷B×100000),Statistics,1.1,1.5,3.8,3.8,6.1,8.0,12.4,13.2,14.3,17.1,18.2,18.3,21.6,21.7,20.5,21.7,23.2,12.3,25.3
시흥시 - 주민등록인구＜br＞(B),Statistics,378613.0,387239.0,390477.0,390564.0,392756.0,397912.0,403797.0,401149.0,399485.0,396765.0,394639.0,398256.0,402888.0,419664.0,448687.0,473682.0,500895.0,512030.0,512912.0
신안군 - 사회복지시설수＜br＞(A),Statistics,2.0,2.0,2.0,2.0,4.0,8.0,10.0,10.0,10.0,9.0,7.0,8.0,9.0,9.0,9.0,10.0,11.0,11.0,14.0
신안군 - 인구십만명당 사회복지시설수＜br＞(A÷B×100000),Statistics,4.2,4.3,4.3,4.4,8.7,17.7,22.0,22.5,22.8,20.4,16.0,18.5,21.1,21.4,21.8,24.8,28.3,28.8,37.0
신안군 - 주민등록인구＜br＞(B),Statistics,47591.0,46451.0,46714.0,45968.0,45718.0,45294.0,45428.0,44355.0,43898.0,44162.0,43747.0,43294.0,42652.0,42070.0,41263.0,40274.0,38938.0,38217.0,37858.0
아산시 - 사회복지시설수＜br＞(A),Statistics,6.0,9.0,12.0,15.0,14.0,20.0,33.0,31.0,33.0,39.0,45.0,45.0,47.0,50.0,51.0,51.0,51.0,53.0,57.0
아산시 - 인구십만명당 사회복지시설수＜br＞(A÷B×100000),Statistics,3.0,4.4,5.7,6.8,5.8,7.8,12.4,11.3,11.8,13.6,15.3,15.1,15.5,16.1,16.3,16.2,16.1,16.3,17.0
아산시 - 주민등록인구＜br＞(B),Statistics,200938.0,204431.0,211560.0,221490.0,240942.0,256449.0,265191.0,274523.0,280490.0,287073.0,293954.0,297737.0,302929.0,311453.0,312822.0,314395.0,316129.0,324580.0,334539.0
안동시 - 사회복지시설수＜br＞(A),Statistics,18.0,22.0,22.0,16.0,22.0,18.0,21.0,21.0,21.0,20.0,20.0,22.0,21.0,22.0,21.0,21.0,20.0,21.0,37.0
안동시 - 인구십만명당 사회복지시설수＜br＞(A÷B×100000),Statistics,10.3,12.8,13.0,9.5,13.2,10.8,12.5,12.5,12.5,11.9,11.9,13.0,12.4,13.2,12.9,13.1,12.6,13.4,23.9
안동시 - 주민등록인구＜br＞(B),Statistics,174037.0,171387.0,168733.0,167916.0,167300.0,167432.0,167886.0,168157.0,168302.0,168461.0,168697.0,169221.0,168798.0,166272.0,162180.0,160052.0,158907.0,156972.0,154610.0
안산시 - 사회복지시설수＜br＞(A),Statistics,2.0,10.0,14.0,25.0,40.0,65.0,78.0,97.0,103.0,117.0,119.0,118.0,148.0,152.0,145.0,151.0,161.0,162.0,178.0
안산시 - 인구십만명당 사회복지시설수＜br＞(A÷B×100000),Statistics,0.3,1.5,2.0,3.5,5.6,9.2,10.9,13.6,14.4,16.4,16.8,16.9,21.5,22.4,22.0,23.2,24.6,24.8,27.7
안산시 - 주민등록인구＜br＞(B),Statistics,666784.0,679011.0,698819.0,705040.0,708257.0,705346.0,714891.0,715586.0,715108.0,713666.0,707876.0,697885.0,689859.0,677710.0,660343.0,650918.0,654915.0,652726.0,641660.0
안성시 - 사회복지시설수＜br＞(A),Statistics,8.0,14.0,25.0,34.0,37.0,39.0,45.0,47.0,48.0,44.0,46.0,50.0,66.0,66.0,67.0,68.0,71.0,68.0,72.0
안성시 - 인구십만명당 사회복지시설수＜br＞(A÷B×100000),Statistics,5.2,8.9,15.7,20.8,21.8,22.8,25.3,26.0,26.4,24.2,25.3,27.7,36.1,36.1,36.5,37.1,38.0,35.9,38.1
안성시 - 주민등록인구＜br＞(B),Statistics,154110.0,157130.0,159655.0,163733.0,169545.0,170919.0,177937.0,180743.0,181608.0,182173.0,181896.0,180199.0,182896.0,182786.0,183579.0,183405.0,187012.0,189534.0,188842.0
안양시 - 사회복지시설수＜br＞(A),Statistics,8.0,13.0,16.0,17.0,18.0,13.0,20.0,23.0,23.0,32.0,32.0,41.0,52.0,54.0,55.0,57.0,59.0,55.0,53.0
안양시 - 인구십만명당 사회복지시설수＜br＞(A÷B×100000),Statistics,1.3,2.1,2.6,2.7,2.9,2.1,3.2,3.7,3.8,5.3,5.3,6.9,8.7,9.2,9.5,10.1,10.7,10.1,9.7
안양시 - 주민등록인구＜br＞(B),Statistics,621047.0,625350.0,624280.0,624197.0,620279.0,616547.0,621714.0,615642.0,611412.0,607877.0,600809.0,597789.0,597414.0,587764.0,576831.0,567044.0,550027.0,547178.0,548228.0
양구군 - 사회복지시설수＜br＞(A),Statistics,,1.0,2.0,2.0,3.0,3.0,5.0,5.0,4.0,7.0,7.0,6.0,6.0,7.0,7.0,7.0,5.0,6.0,6.0
양구군 - 인구십만명당 사회복지시설수＜br＞(A÷B×100000),Statistics,,4.7,9.4,9.3,14.1,14.1,22.9,22.4,17.5,29.7,29.3,24.9,25.0,29.4,29.9,30.8,22.4,27.6,28.1
양구군 - 주민등록인구＜br＞(B),Statistics,21692.0,21480.0,21269.0,21401.0,21303.0,21323.0,21843.0,22285.0,22799.0,23594.0,23888.0,24089.0,24010.0,23835.0,23408.0,22764.0,22278.0,21748.0,21383.0
양산시 - 사회복지시설수＜br＞(A),Statistics,8.0,10.0,13.0,16.0,15.0,16.0,23.0,21.0,22.0,26.0,27.0,27.0,29.0,28.0,29.0,30.0,31.0,34.0,36.0
양산시 - 인구십만명당 사회복지시설수＜br＞(A÷B×100000),Statistics,3.7,4.5,5.7,6.9,6.2,6.4,8.8,7.9,8.1,9.3,9.2,9.0,9.1,8.3,8.3,8.6,8.8,9.6,10.2
양산시 - 주민등록인구＜br＞(B),Statistics,213695.0,222299.0,226425.0,231956.0,243012.0,250387.0,260239.0,266403.0,270460.0,279565.0,292376.0,301291.0,317037.0,338535.0,348639.0,350759.0,352229.0,354726.0,353792.0
양양군 - 사회복지시설수＜br＞(A),Statistics,1.0,2.0,3.0,5.0,5.0,6.0,7.0,7.0,7.0,8.0,8.0,8.0,7.0,8.0,7.0,7.0,7.0,7.0,8.0
양양군 - 인구십만명당 사회복지시설수＜br＞(A÷B×100000),Statistics,3.4,6.9,10.5,17.6,17.8,21.5,25.1,25.1,25.2,28.9,29.1,29.1,25.7,29.4,25.6,25.2,25.0,25.1,28.7
양양군 - 주민등록인구＜br＞(B),Statistics,29187.0,29132.0,28661.0,28472.0,28115.0,27957.0,27929.0,27942.0,27802.0,27659.0,27521.0,27479.0,27218.0,27207.0,27347.0,27726.0,27946.0,27913.0,27866.0
양주시 - 사회복지시설수＜br＞(A),Statistics,8.0,9.0,11.0,17.0,19.0,22.0,28.0,31.0,32.0,32.0,40.0,46.0,64.0,73.0,82.0,100.0,112.0,124.0,129.0
양주시 - 인구십만명당 사회복지시설수＜br＞(A÷B×100000),Statistics,5.2,5.6,6.5,9.4,10.6,12.1,14.2,15.5,16.0,16.1,19.8,22.4,31.1,34.4,37.8,45.0,48.6,52.5,53.0
양주시 - 주민등록인구＜br＞(B),Statistics,152596.0,160589.0,169806.0,179914.0,179914.0,182106.0,196706.0,200360.0,200310.0,199143.0,202072.0,205184.0,205513.0,212146.0,216951.0,222314.0,230359.0,236368.0,243432.0
양천구 - 사회복지시설수＜br＞(A),Statistics,4.0,4.0,4.0,5.0,12.0,19.0,34.0,37.0,39.0,37.0,41.0,43.0,42.0,39.0,38.0,36.0,36.0,34.0,33.0
양천구 - 인구십만명당 사회복지시설수＜br＞(A÷B×100000),Statistics,0.8,0.8,0.8,1.0,2.4,3.8,6.8,7.4,7.9,7.5,8.4,8.9,8.8,8.3,8.2,7.9,7.9,7.6,7.5
양천구 - 주민등록인구＜br＞(B),Statistics,495098.0,499755.0,501717.0,503650.0,502343.0,501395.0,500001.0,500210.0,495911.0,492528.0,486221.0,484532.0,477739.0,471154.0,464185.0,458165.0,454251.0,447302.0,440881.0
양평군 - 사회복지시설수＜br＞(A),Statistics,7.0,11.0,15.0,21.0,26.0,27.0,32.0,29.0,33.0,35.0,36.0,34.0,52.0,53.0,58.0,58.0,61.0,62.0,60.0
양평군 - 인구십만명당 사회복지시설수＜br＞(A÷B×100000),Statistics,8.3,12.9,17.4,23.9,28.9,29.5,33.4,29.2,32.3,33.8,34.2,31.4,46.7,46.0,50.0,49.6,51.3,51.1,49.1
양평군 - 주민등록인구＜br＞(B),Statistics,84673.0,85533.0,86298.0,87874.0,89812.0,91450.0,95833.0,99430.0,102193.0,103620.0,105379.0,108316.0,111367.0,115105.0,116095.0,116874.0,118810.0,121230.0,122323.0
여수시 - 사회복지시설수＜br＞(A),Statistics,11.0,16.0,18.0,12.0,28.0,27.0,32.0,32.0,32.0,34.0,35.0,38.0,42.0,41.0,39.0,39.0,39.0,34.0,53.0
여수시 - 인구십만명당 사회복지시설수＜br＞(A÷B×100000),Statistics,3.6,5.3,6.1,4.1,9.5,9.2,10.9,10.9,11.0,11.7,12.0,13.1,14.5,14.3,13.8,13.8,13.9,12.3,19.3
여수시 - 주민등록인구＜br＞(B),Statistics,305312.0,301389.0,297489.0,295439.0,295133.0,293546.0,293488.0,292750.0,292217.0,291366.0,290900.0,290168.0,288988.0,286382.0,283300.0,282786.0,280242.0,276762.0,274765.0
여주시 - 사회복지시설수＜br＞(A),Statistics,,,,,,,,,,32.0,34.0,36.0,41.0,41.0,39.0,41.0,42.0,44.0,43.0
여주시 - 인구십만명당 사회복지시설수＜br＞(A÷B×100000),Statistics,,,,,,,,,,29.3,30.8,32.4,36.8,36.6,35.0,36.9,37.5,39.2,38.0
여주시 - 주민등록인구＜br＞(B),Statistics,,,,,,,,,,109343.0,110386.0,111033.0,111563.0,111984.0,111525.0,111083.0,111897.0,112150.0,113150.0
연수구 - 사회복지시설수＜br＞(A),Statistics,10.0,11.0,12.0,8.0,14.0,17.0,18.0,22.0,19.0,20.0,28.0,34.0,40.0,36.0,39.0,104.0,47.0,44.0,44.0
연수구 - 인구십만명당 사회복지시설수＜br＞(A÷B×100000),Statistics,3.9,4.1,4.4,3.0,5.2,6.3,6.4,7.6,6.5,6.7,9.0,10.7,12.2,10.7,11.3,28.4,12.1,11.3,11.4
연수구 - 주민등록인구＜br＞(B),Statistics,255998.0,265658.0,271010.0,268780.0,268668.0,271497.0,279230.0,287903.0,292589.0,300305.0,310703.0,319052.0,328627.0,335142.0,346359.0,366550.0,387450.0,389644.0,385796.0
연제구 - 사회복지시설수＜br＞(A),Statistics,6.0,7.0,7.0,8.0,11.0,17.0,18.0,16.0,16.0,15.0,13.0,15.0,15.0,18.0,17.0,16.0,15.0,16.0,16.0
연제구 - 인구십만명당 사회복지시설수＜br＞(A÷B×100000),Statistics,2.7,3.2,3.3,3.8,5.2,8.1,8.5,7.5,7.6,7.2,6.2,7.1,7.2,8.7,8.2,7.6,7.2,7.7,7.9
연제구 - 주민등록인구＜br＞(B),Statistics,221853.0,217763.0,214809.0,212658.0,212810.0,210390.0,212696.0,213326.0,211536.0,209290.0,208012.0,210718.0,207268.0,206742.0,207840.0,209395.0,209157.0,207144.0,203536.0
연천군 - 사회복지시설수＜br＞(A),Statistics,3.0,7.0,9.0,10.0,12.0,12.0,14.0,15.0,16.0,18.0,17.0,14.0,19.0,19.0,17.0,19.0,16.0,13.0,13.0
연천군 - 인구십만명당 사회복지시설수＜br＞(A÷B×100000),Statistics,6.2,14.9,19.5,21.9,26.4,26.5,31.0,33.4,35.1,39.5,37.5,30.6,41.4,41.8,38.1,43.4,36.8,30.4,30.9
연천군 - 주민등록인구＜br＞(B),Statistics,48687.0,47123.0,46075.0,45603.0,45495.0,45241.0,45177.0,44900.0,45599.0,45610.0,45363.0,45725.0,45907.0,45431.0,44633.0,43824.0,43516.0,42721.0,42062.0
영광군 - 사회복지시설수＜br＞(A),Statistics,4.0,5.0,5.0,7.0,7.0,10.0,15.0,14.0,15.0,14.0,14.0,13.0,13.0,12.0,12.0,12.0,12.0,12.0,24.0
영광군 - 인구십만명당 사회복지시설수＜br＞(A÷B×100000),Statistics,6.4,8.1,8.3,11.9,12.1,17.5,26.1,24.6,26.2,24.3,24.6,23.1,23.4,21.9,22.2,22.3,22.6,23.1,46.0
영광군 - 주민등록인구＜br＞(B),Statistics,62959.0,61500.0,60045.0,58837.0,58075.0,57037.0,57362.0,56863.0,57224.0,57617.0,56833.0,56267.0,55618.0,54774.0,54127.0,53852.0,53099.0,51985.0,52197.0
영덕군 - 사회복지시설수＜br＞(A),Statistics,1.0,3.0,4.0,5.0,5.0,5.0,6.0,5.0,4.0,4.0,4.0,6.0,4.0,4.0,4.0,5.0,4.0,5.0,5.0
영덕군 - 인구십만명당 사회복지시설수＜br＞(A÷B×100000),Statistics,2.2,6.7,8.6,11.5,11.7,12.0,14.5,12.3,9.9,10.0,10.1,15.3,10.2,10.4,10.5,13.4,11.0,14.2,14.4
영덕군 - 주민등록인구＜br＞(B),Statistics,45826.0,45003.0,46460.0,43470.0,42707.0,41710.0,41377.0,40794.0,40257.0,40142.0,39586.0,39191.0,39052.0,38529.0,38108.0,37361.0,36313.0,35314.0,34650.0
영도구 - 사회복지시설수＜br＞(A),Statistics,5.0,5.0,5.0,6.0,5.0,5.0,6.0,6.0,7.0,7.0,7.0,7.0,7.0,9.0,9.0,8.0,7.0,7.0,7.0
영도구 - 인구십만명당 사회복지시설수＜br＞(A÷B×100000),Statistics,3.0,3.1,3.1,3.9,3.3,3.4,4.1,4.2,5.0,5.2,5.3,5.4,5.5,7.3,7.5,6.9,6.2,6.3,6.5
영도구 - 주민등록인구＜br＞(B),Statistics,166054.0,162961.0,158780.0,155273.0,152118.0,148139.0,146798.0,143205.0,139765.0,135816.0,132102.0,129385.0,126362.0,123521.0,120109.0,116711.0,113342.0,110638.0,108156.0
영동군 - 사회복지시설수＜br＞(A),Statistics,,1.0,1.0,12.0,15.0,20.0,19.0,24.0,26.0,23.0,24.0,25.0,27.0,27.0,28.0,28.0,28.0,26.0,27.0
영동군 - 인구십만명당 사회복지시설수＜br＞(A÷B×100000),Statistics,,1.9,2.0,23.9,29.8,39.7,37.6,47.4,51.3,45.5,47.2,49.3,53.4,53.7,56.3,57.5,59.0,56.8,60.1
영동군 - 주민등록인구＜br＞(B),Statistics,52597.0,51800.0,50819.0,50131.0,50276.0,50426.0,50523.0,50621.0,50663.0,50539.0,50803.0,50693.0,50552.0,50240.0,49715.0,48738.0,47475.0,45773.0,44956.0
영등포구 - 사회복지시설수＜br＞(A),Statistics,10.0,11.0,11.0,14.0,22.0,25.0,30.0,30.0,30.0,30.0,31.0,39.0,33.0,31.0,29.0,31.0,30.0,29.0,31.0
영등포구 - 인구십만명당 사회복지시설수＜br＞(A÷B×100000),Statistics,2.5,2.7,2.7,3.4,5.4,6.2,7.4,7.5,7.7,7.8,8.1,10.3,8.9,8.4,7.9,8.4,7.9,7.7,8.3
영등포구 - 주민등록인구＜br＞(B),Statistics,406261.0,408386.0,408698.0,408178.0,408099.0,405798.0,406833.0,397443.0,391408.0,386471.0,382352.0,378504.0,370613.0,368550.0,367778.0,367678.0,379480.0,376837.0,375675.0
영암군 - 사회복지시설수＜br＞(A),Statistics,2.0,3.0,1.0,3.0,4.0,5.0,8.0,10.0,10.0,11.0,11.0,12.0,12.0,12.0,12.0,11.0,11.0,10.0,12.0
영암군 - 인구십만명당 사회복지시설수＜br＞(A÷B×100000),Statistics,3.2,4.8,1.6,4.9,6.7,8.4,13.3,16.6,16.7,18.6,18.7,20.6,21.0,21.6,21.9,20.1,20.5,18.9,22.9
영암군 - 주민등록인구＜br＞(B),Statistics,62336.0,62004.0,61546.0,60742.0,60106.0,59837.0,60082.0,60139.0,59997.0,59061.0,58852.0,58137.0,57045.0,55616.0,54731.0,54593.0,53699.0,52937.0,52395.0
영양군 - 사회복지시설수＜br＞(A),Statistics,,1.0,1.0,1.0,1.0,2.0,5.0,5.0,4.0,5.0,5.0,3.0,6.0,6.0,6.0,6.0,5.0,5.0,5.0
영양군 - 인구십만명당 사회복지시설수＜br＞(A÷B×100000),Statistics,,5.0,5.1,5.2,5.3,10.8,27.1,27.4,22.0,27.3,27.5,16.8,33.9,34.3,34.6,35.3,30.0,30.6,31.2
영양군 - 주민등록인구＜br＞(B),Statistics,20205.0,20025.0,19615.0,19119.0,18766.0,18553.0,18451.0,18241.0,18208.0,18297.0,18197.0,17898.0,17713.0,17479.0,17356.0,16993.0,16692.0,16320.0,16022.0
영월군 - 사회복지시설수＜br＞(A),Statistics,1.0,2.0,2.0,4.0,6.0,7.0,11.0,10.0,8.0,10.0,11.0,11.0,11.0,10.0,9.0,9.0,9.0,9.0,9.0
영월군 - 인구십만명당 사회복지시설수＜br＞(A÷B×100000),Statistics,2.4,4.8,4.9,9.9,14.9,17.4,27.2,24.9,19.9,24.9,27.4,27.4,27.4,25.0,22.7,23.0,23.3,23.7,23.9
영월군 - 주민등록인구＜br＞(B),Statistics,42406.0,41538.0,40511.0,40290.0,40201.0,40265.0,40407.0,40199.0,40155.0,40150.0,40191.0,40216.0,40073.0,40067.0,39730.0,39127.0,38662.0,37904.0,37728.0
영주시 - 사회복지시설수＜br＞(A),Statistics,7.0,9.0,12.0,11.0,18.0,15.0,19.0,22.0,19.0,20.0,21.0,25.0,24.0,23.0,24.0,24.0,24.0,25.0,31.0
영주시 - 인구십만명당 사회복지시설수＜br＞(A÷B×100000),Statistics,5.8,7.6,10.3,9.6,15.8,13.2,16.7,19.3,16.7,17.8,19.0,22.8,22.0,21.2,22.5,22.8,23.3,24.5,30.8
영주시 - 주민등록인구＜br＞(B),Statistics,121513.0,119098.0,116965.0,115083.0,113930.0,113309.0,113926.0,114148.0,113547.0,112625.0,110780.0,109735.0,109247.0,108371.0,106801.0,105067.0,103119.0,101942.0,100749.0
영천시 - 사회복지시설수＜br＞(A),Statistics,6.0,7.0,8.0,7.0,10.0,7.0,9.0,9.0,10.0,13.0,13.0,14.0,16.0,16.0,17.0,20.0,22.0,22.0,29.0
영천시 - 인구십만명당 사회복지시설수＜br＞(A÷B×100000),Statistics,5.5,6.5,7.6,6.6,9.6,6.8,8.7,8.6,9.8,12.9,12.9,13.9,15.9,15.9,16.7,19.5,21.6,21.6,28.7
영천시 - 주민등록인구＜br＞(B),Statistics,109520.0,107337.0,105029.0,105819.0,104022.0,103115.0,103190.0,104182.0,101798.0,100778.0,100689.0,100648.0,100521.0,100615.0,101595.0,102470.0,102015.0,101888.0,101088.0
예산군 - 사회복지시설수＜br＞(A),Statistics,4.0,2.0,5.0,7.0,8.0,15.0,17.0,17.0,18.0,18.0,20.0,20.0,20.0,25.0,27.0,25.0,26.0,26.0,27.0
예산군 - 인구십만명당 사회복지시설수＜br＞(A÷B×100000),Statistics,4.4,2.2,5.6,7.9,9.1,17.2,19.5,19.7,21.0,21.1,23.6,24.0,24.6,31.1,33.7,31.6,33.3,33.9,34.9
예산군 - 주민등록인구＜br＞(B),Statistics,91832.0,90740.0,89585.0,88670.0,88144.0,87163.0,87002.0,86421.0,85876.0,85205.0,84919.0,83484.0,81339.0,80338.0,80083.0,79238.0,78084.0,76801.0,77385.0
예천군 - 사회복지시설수＜br＞(A),Statistics,3.0,3.0,3.0,3.0,4.0,3.0,4.0,6.0,8.0,8.0,8.0,8.0,5.0,6.0,6.0,6.0,6.0,8.0,7.0
예천군 - 인구십만명당 사회복지시설수＜br＞(A÷B×100000),Statistics,5.8,5.9,6.0,6.1,8.3,6.3,8.5,12.9,17.4,17.6,17.7,17.9,10.8,12.2,11.3,10.9,10.8,14.4,12.6
예천군 - 주민등록인구＜br＞(B),Statistics,52132.0,50951.0,50218.0,48866.0,47993.0,47306.0,47049.0,46579.0,46027.0,45573.0,45104.0,44674.0,46166.0,49253.0,53274.0,55100.0,55613.0,55739.0,55755.0
오산시 - 사회복지시설수＜br＞(A),Statistics,4.0,4.0,6.0,7.0,8.0,9.0,12.0,10.0,12.0,10.0,11.0,12.0,16.0,16.0,16.0,18.0,20.0,24.0,27.0
오산시 - 인구십만명당 사회복지시설수＜br＞(A÷B×100000),Statistics,3.3,3.1,4.4,4.8,5.3,5.6,6.6,5.2,6.0,4.9,5.3,5.8,7.7,7.5,7.3,8.0,8.7,10.4,11.7
오산시 - 주민등록인구＜br＞(B),Statistics,121326.0,129843.0,136311.0,145825.0,150237.0,159734.0,182516.0,193892.0,200291.0,205460.0,208565.0,206828.0,208656.0,213437.0,220070.0,226379.0,229725.0,229983.0,229849.0
옥천군 - 사회복지시설수＜br＞(A),Statistics,5.0,5.0,5.0,12.0,15.0,15.0,24.0,22.0,20.0,21.0,20.0,21.0,20.0,19.0,18.0,19.0,5.0,18.0,17.0
옥천군 - 인구십만명당 사회복지시설수＜br＞(A÷B×100000),Statistics,8.8,9.0,9.1,22.0,27.5,27.7,44.4,41.1,37.6,39.8,38.1,40.1,38.3,36.7,35.0,37.2,9.9,35.9,34.3
옥천군 - 주민등록인구＜br＞(B),Statistics,56634.0,55610.0,54923.0,54608.0,54475.0,54117.0,54025.0,53496.0,53244.0,52763.0,52469.0,52404.0,52267.0,51766.0,51465.0,51023.0,50527.0,50093.0,49520.0
옹진군 - 사회복지시설수＜br＞(A),Statistics,2.0,2.0,2.0,2.0,2.0,6.0,9.0,9.0,9.0,7.0,8.0,8.0,7.0,6.0,6.0,6.0,6.0,7.0,7.0
옹진군 - 인구십만명당 사회복지시설수＜br＞(A÷B×100000),Statistics,13.5,12.8,12.1,11.8,11.5,32.9,48.0,46.2,44.9,33.8,38.6,38.2,32.8,27.8,28.5,29.2,29.3,34.4,34.0
옹진군 - 주민등록인구＜br＞(B),Statistics,14820.0,15609.0,16491.0,16980.0,17376.0,18221.0,18739.0,19485.0,20039.0,20698.0,20703.0,20962.0,21351.0,21573.0,21036.0,20566.0,20455.0,20342.0,20613.0
완도군 - 사회복지시설수＜br＞(A),Statistics,1.0,3.0,4.0,3.0,7.0,8.0,9.0,10.0,10.0,11.0,11.0,11.0,10.0,11.0,11.0,12.0,12.0,12.0,13.0
완도군 - 인구십만명당 사회복지시설수＜br＞(A÷B×100000),Statistics,1.7,5.1,7.0,5.3,12.7,14.7,16.6,18.5,18.6,20.5,20.7,20.7,19.0,21.1,21.4,23.7,24.0,24.7,27.3
완도군 - 주민등록인구＜br＞(B),Statistics,59950.0,58841.0,57464.0,56201.0,54999.0,54301.0,54269.0,54037.0,53871.0,53619.0,53174.0,53014.0,52668.0,52109.0,51477.0,50689.0,49916.0,48631.0,47597.0
완주군 - 사회복지시설수＜br＞(A),Statistics,11.0,12.0,26.0,28.0,29.0,26.0,21.0,27.0,27.0,26.0,26.0,25.0,26.0,29.0,27.0,27.0,28.0,27.0,28.0
완주군 - 인구십만명당 사회복지시설수＜br＞(A÷B×100000),Statistics,13.3,14.3,31.3,33.7,34.6,31.0,24.7,31.9,31.3,29.9,28.8,26.2,27.2,30.2,28.6,29.3,30.6,29.6,30.3
완주군 - 주민등록인구＜br＞(B),Statistics,82482.0,83651.0,83199.0,82972.0,83757.0,83885.0,85119.0,84660.0,86164.0,86978.0,90377.0,95303.0,95480.0,95975.0,94444.0,92220.0,91609.0,91142.0,92422.0
용산구 - 사회복지시설수＜br＞(A),Statistics,5.0,7.0,7.0,9.0,9.0,10.0,13.0,14.0,13.0,12.0,12.0,12.0,13.0,12.0,11.0,11.0,11.0,10.0,10.0
용산구 - 인구십만명당 사회복지시설수＜br＞(A÷B×100000),Statistics,2.2,3.0,3.0,3.8,3.8,4.2,5.3,5.7,5.3,5.0,5.1,5.1,5.6,5.2,4.8,4.8,4.8,4.5,4.6
용산구 - 주민등록인구＜br＞(B),Statistics,230107.0,230260.0,232035.0,235832.0,238224.0,238708.0,244853.0,246501.0,243232.0,239740.0,235951.0,233342.0,230241.0,229161.0,228999.0,228670.0,230040.0,222953.0,218650.0
용인시 - 사회복지시설수＜br＞(A),Statistics,15.0,24.0,33.0,38.0,47.0,65.0,83.0,86.0,84.0,84.0,92.0,91.0,126.0,133.0,134.0,143.0,149.0,145.0,151.0
용인시 - 인구십만명당 사회복지시설수＜br＞(A÷B×100000),Statistics,2.3,3.5,4.3,4.7,5.8,7.7,9.5,9.6,9.2,8.9,9.6,9.3,12.7,13.2,12.9,13.5,13.9,13.5,14.0
용인시 - 주민등록인구＜br＞(B),Statistics,640452.0,693660.0,766569.0,800294.0,816763.0,839204.0,876550.0,896044.0,915959.0,941477.0,961026.0,975746.0,991126.0,1004081.0,1035126.0,1059609.0,1074176.0,1077508.0,1074971.0
울릉군 - 사회복지시설수＜br＞(A),Statistics,,,1.0,,1.0,2.0,2.0,2.0,2.0,2.0,2.0,2.0,2.0,2.0,3.0,3.0,3.0,2.0,2.0
울릉군 - 인구십만명당 사회복지시설수＜br＞(A÷B×100000),Statistics,,,9.8,,9.8,19.4,18.7,18.6,18.7,19.0,19.5,19.7,20.0,20.1,30.5,31.2,33.1,22.6,22.2
울릉군 - 주민등록인구＜br＞(B),Statistics,9191.0,9538.0,10235.0,10125.0,10168.0,10325.0,10701.0,10742.0,10673.0,10524.0,10264.0,10153.0,10001.0,9975.0,9832.0,9617.0,9077.0,8867.0,8996.0
울산광역시 - 사회복지시설수＜br＞(A),Statistics,16.0,20.0,29.0,40.0,38.0,45.0,61.0,59.0,58.0,80.0,73.0,81.0,87.0,92.0,94.0,97.0,100.0,97.0,107.0
울산광역시 - 인구십만명당 사회복지시설수＜br＞(A÷B×100000),Statistics,1.5,1.8,2.7,3.6,3.4,4.0,5.4,5.2,5.1,6.9,6.3,6.9,7.4,7.9,8.1,8.4,8.8,8.6,9.6
울산광역시 - 주민등록인구＜br＞(B),Statistics,1081453.0,1087648.0,1092494.0,1099995.0,1112407.0,1114866.0,1126298.0,1135494.0,1147256.0,1156480.0,1166377.0,1173534.0,1172304.0,1165132.0,1155623.0,1148019.0,1136017.0,1121592.0,1110663.0
울주군 - 사회복지시설수＜br＞(A),Statistics,9.0,9.0,15.0,20.0,20.0,22.0,29.0,27.0,27.0,30.0,33.0,36.0,35.0,36.0,36.0,37.0,38.0,40.0,41.0
울주군 - 인구십만명당 사회복지시설수＜br＞(A÷B×100000),Statistics,5.2,5.2,8.5,10.9,10.4,11.3,14.4,13.2,13.0,14.4,15.4,16.4,16.0,16.3,16.2,16.6,17.1,18.0,18.5
울주군 - 주민등록인구＜br＞(B),Statistics,174350.0,174353.0,177103.0,183261.0,191687.0,195399.0,201000.0,204680.0,207840.0,208646.0,214392.0,219429.0,219255.0,220718.0,221842.0,223167.0,222538.0,222059.0,221512.0
울진군 - 사회복지시설수＜br＞(A),Statistics,2.0,1.0,1.0,2.0,2.0,3.0,3.0,2.0,3.0,3.0,3.0,4.0,4.0,4.0,4.0,4.0,4.0,4.0,4.0
울진군 - 인구십만명당 사회복지시설수＜br＞(A÷B×100000),Statistics,3.4,1.8,1.8,3.7,3.8,5.7,5.7,3.8,5.8,5.8,5.8,7.7,7.7,7.8,8.0,8.1,8.2,8.4,8.5
울진군 - 주민등록인구＜br＞(B),Statistics,58590.0,56707.0,55076.0,53955.0,53042.0,52529.0,52430.0,52045.0,51844.0,51953.0,52104.0,51885.0,51738.0,50974.0,50036.0,49314.0,48716.0,47858.0,47030.0
원주시 - 사회복지시설수＜br＞(A),Statistics,15.0,22.0,25.0,28.0,35.0,44.0,47.0,50.0,57.0,64.0,73.0,72.0,76.0,77.0,81.0,79.0,90.0,90.0,90.0
원주시 - 인구십만명당 사회복지시설수＜br＞(A÷B×100000),Statistics,5.3,7.6,8.5,9.4,11.5,14.3,14.9,15.6,17.6,19.7,22.3,21.6,22.5,22.6,23.5,22.6,25.4,25.2,24.9
원주시 - 주민등록인구＜br＞(B),Statistics,284628.0,288454.0,294155.0,298762.0,303975.0,307882.0,314678.0,320536.0,323885.0,324837.0,327292.0,332995.0,337979.0,341337.0,344070.0,349215.0,354376.0,357757.0,360807.0
유성구 - 사회복지시설수＜br＞(A),Statistics,8.0,8.0,8.0,9.0,9.0,6.0,13.0,12.0,14.0,12.0,16.0,17.0,20.0,18.0,19.0,20.0,30.0,31.0,32.0
유성구 - 인구십만명당 사회복지시설수＜br＞(A÷B×100000),Statistics,3.9,3.6,3.3,3.6,3.5,2.3,4.6,4.1,4.6,3.8,4.9,5.1,5.8,5.2,5.4,5.7,8.5,8.8,9.0
유성구 - 주민등록인구＜br＞(B),Statistics,203478.0,220767.0,243130.0,250523.0,259831.0,266585.0,281692.0,294353.0,306312.0,313968.0,327461.0,335312.0,343222.0,348428.0,349790.0,349373.0,351047.0,351277.0,356093.0
은평구 - 사회복지시설수＜br＞(A),Statistics,10.0,10.0,10.0,14.0,27.0,36.0,49.0,41.0,42.0,40.0,39.0,43.0,44.0,41.0,44.0,43.0,42.0,43.0,43.0
은평구 - 인구십만명당 사회복지시설수＜br＞(A÷B×100000),Statistics,2.1,2.1,2.2,3.0,5.9,7.7,10.0,8.3,8.4,7.9,7.8,8.6,9.0,8.4,9.1,9.0,8.8,9.1,9.2
은평구 - 주민등록인구＜br＞(B),Statistics,478087.0,470751.0,464580.0,459196.0,458401.0,465895.0,488109.0,493634.0,501480.0,503660.0,498644.0,497920.0,491476.0,486794.0,483197.0,480032.0,479835.0,473307.0,466746.0
음성군 - 사회복지시설수＜br＞(A),Statistics,7.0,7.0,8.0,9.0,16.0,15.0,18.0,26.0,27.0,28.0,31.0,31.0,31.0,30.0,30.0,30.0,27.0,27.0,27.0
음성군 - 인구십만명당 사회복지시설수＜br＞(A÷B×100000),Statistics,8.2,8.1,9.2,10.2,17.9,16.7,19.8,28.4,29.0,29.9,32.5,32.2,31.7,30.8,31.3,31.6,29.0,29.3,29.3
음성군 - 주민등록인구＜br＞(B),Statistics,85638.0,85969.0,86789.0,88355.0,89542.0,89716.0,91093.0,91644.0,92980.0,93505.0,95324.0,96396.0,97787.0,97306.0,95830.0,94982.0,93153.0,92197.0,92058.0
의령군 - 사회복지시설수＜br＞(A),Statistics,4.0,6.0,6.0,6.0,8.0,10.0,11.0,10.0,11.0,11.0,10.0,10.0,10.0,10.0,12.0,12.0,11.0,10.0,9.0
의령군 - 인구십만명당 사회복지시설수＜br＞(A÷B×100000),Statistics,12.4,19.3,19.0,19.1,26.0,32.8,36.5,33.3,36.3,37.4,34.2,35.0,35.6,35.9,43.4,44.2,41.0,38.0,34.5
의령군 - 주민등록인구＜br＞(B),Statistics,32371.0,31099.0,31625.0,31418.0,30734.0,30496.0,30162.0,30045.0,30329.0,29417.0,29209.0,28544.0,28111.0,27849.0,27667.0,27168.0,26800.0,26322.0,26061.0
의성군 - 사회복지시설수＜br＞(A),Statistics,3.0,5.0,7.0,8.0,10.0,11.0,15.0,17.0,17.0,18.0,19.0,19.0,19.0,20.0,20.0,21.0,19.0,18.0,19.0
의성군 - 인구십만명당 사회복지시설수＜br＞(A÷B×100000),Statistics,4.5,7.8,11.1,13.0,16.7,18.6,25.5,29.4,29.8,32.1,34.4,34.9,35.2,37.4,37.8,39.9,36.7,35.6,37.9
의성군 - 주민등록인구＜br＞(B),Statistics,66124.0,64457.0,62947.0,61366.0,60033.0,59109.0,58832.0,57744.0,57043.0,56064.0,55212.0,54477.0,54014.0,53474.0,52944.0,52595.0,51724.0,50632.0,50186.0
의왕시 - 사회복지시설수＜br＞(A),Statistics,2.0,3.0,4.0,8.0,9.0,10.0,13.0,12.0,15.0,15.0,15.0,16.0,21.0,22.0,21.0,20.0,22.0,24.0,25.0
의왕시 - 인구십만명당 사회복지시설수＜br＞(A÷B×100000),Statistics,1.4,2.1,2.9,5.9,6.7,7.1,8.8,8.0,9.7,9.4,9.5,10.1,13.4,14.1,13.6,12.4,13.4,14.7,15.6
의왕시 - 주민등록인구＜br＞(B),Statistics,145535.0,145952.0,138253.0,135009.0,134488.0,140874.0,147443.0,149607.0,154757.0,159772.0,158482.0,157740.0,156763.0,155767.0,153932.0,161153.0,163795.0,163356.0,160221.0
의정부시 - 사회복지시설수＜br＞(A),Statistics,6.0,7.0,10.0,12.0,15.0,43.0,63.0,35.0,71.0,74.0,80.0,86.0,101.0,107.0,108.0,113.0,112.0,109.0,110.0
의정부시 - 인구십만명당 사회복지시설수＜br＞(A÷B×100000),Statistics,1.5,1.7,2.4,2.8,3.5,10.0,14.6,8.1,16.5,17.2,18.6,19.8,23.0,24.2,24.2,25.0,24.3,23.5,23.7
의정부시 - 주민등록인구＜br＞(B),Statistics,397612.0,402410.0,410938.0,421853.0,430849.0,431008.0,431801.0,430400.0,429147.0,430976.0,431112.0,433937.0,438457.0,441584.0,447026.0,451868.0,461710.0,463661.0,463724.0
이천시 - 사회복지시설수＜br＞(A),Statistics,8.0,11.0,14.0,19.0,24.0,19.0,20.0,19.0,20.0,22.0,28.0,24.0,35.0,35.0,35.0,36.0,37.0,36.0,36.0
이천시 - 인구십만명당 사회복지시설수＜br＞(A÷B×100000),Statistics,4.2,5.7,7.2,9.7,12.2,9.6,9.9,9.3,9.8,10.7,13.7,11.7,16.6,16.4,16.3,16.7,16.9,16.1,16.2
이천시 - 주민등록인구＜br＞(B),Statistics,190808.0,192271.0,194369.0,195691.0,196633.0,197496.0,202595.0,204566.0,204917.0,205479.0,205014.0,204935.0,210359.0,213142.0,214206.0,215834.0,218388.0,223177.0,222721.0
익산시 - 사회복지시설수＜br＞(A),Statistics,20.0,23.0,30.0,36.0,48.0,49.0,69.0,57.0,63.0,63.0,66.0,66.0,68.0,68.0,71.0,69.0,68.0,71.0,78.0
익산시 - 인구십만명당 사회복지시설수＜br＞(A÷B×100000),Statistics,6.2,7.2,9.5,11.5,15.5,16.0,22.5,18.4,20.6,20.6,21.7,21.8,22.6,22.7,24.1,24.0,24.1,25.5,28.5
익산시 - 주민등록인구＜br＞(B),Statistics,322378.0,318506.0,315094.0,313590.0,309269.0,306669.0,307289.0,309804.0,306469.0,306539.0,304117.0,302061.0,300479.0,300187.0,294062.0,287771.0,282276.0,278113.0,273697.0
인제군 - 사회복지시설수＜br＞(A),Statistics,3.0,4.0,4.0,4.0,3.0,3.0,3.0,4.0,5.0,4.0,5.0,5.0,4.0,4.0,3.0,3.0,3.0,3.0,3.0
인제군 - 인구십만명당 사회복지시설수＜br＞(A÷B×100000),Statistics,9.2,12.2,12.3,12.5,9.5,9.5,9.4,12.5,15.4,12.3,15.4,15.0,12.2,12.3,9.3,9.5,9.5,9.3,9.3
인제군 - 주민등록인구＜br＞(B),Statistics,32443.0,32811.0,32493.0,32079.0,31620.0,31452.0,31842.0,31970.0,32456.0,32517.0,32475.0,33255.0,32720.0,32582.0,32136.0,31672.0,31694.0,32165.0,32206.0
인천광역시 - 사회복지시설수＜br＞(A),Statistics,39.0,46.0,57.0,82.0,133.0,193.0,279.0,303.0,324.0,351.0,422.0,473.0,494.0,486.0,512.0,600.0,566.0,603.0,603.0
인천광역시 - 인구십만명당 사회복지시설수＜br＞(A÷B×100000),Statistics,1.5,1.8,2.2,3.1,4.9,7.1,10.1,10.8,11.4,12.2,14.5,16.2,16.8,16.5,17.3,20.3,19.2,20.5,20.3
인천광역시 - 주민등록인구＜br＞(B),Statistics,2578817.0,2600495.0,2624391.0,2664576.0,2692696.0,2710579.0,2758296.0,2801274.0,2843981.0,2879782.0,2902608.0,2925815.0,2943069.0,2948542.0,2954642.0,2957026.0,2942828.0,2948375.0,2967314.0
임실군 - 사회복지시설수＜br＞(A),Statistics,2.0,3.0,4.0,5.0,6.0,8.0,7.0,6.0,6.0,6.0,5.0,6.0,6.0,6.0,6.0,7.0,9.0,9.0,10.0
임실군 - 인구십만명당 사회복지시설수＜br＞(A÷B×100000),Statistics,6.1,9.2,12.5,15.6,19.3,26.1,22.9,19.5,20.0,20.2,16.7,19.8,19.9,19.9,20.0,24.2,33.0,33.7,37.7
임실군 - 주민등록인구＜br＞(B),Statistics,33008.0,32511.0,31976.0,31952.0,31133.0,30703.0,30593.0,30789.0,29956.0,29739.0,29966.0,30271.0,30197.0,30162.0,30072.0,28902.0,27314.0,26730.0,26508.0
장성군 - 사회복지시설수＜br＞(A),Statistics,4.0,4.0,5.0,6.0,8.0,6.0,6.0,6.0,6.0,7.0,7.0,8.0,8.0,8.0,8.0,8.0,8.0,9.0,12.0
장성군 - 인구십만명당 사회복지시설수＜br＞(A÷B×100000),Statistics,8.0,8.1,10.4,12.7,17.2,13.0,12.9,13.0,13.0,15.1,15.1,17.3,17.4,17.3,17.5,17.5,18.0,20.8,27.8
장성군 - 주민등록인구＜br＞(B),Statistics,50200.0,49165.0,47870.0,47410.0,46602.0,46214.0,46514.0,46245.0,46289.0,46292.0,46273.0,46360.0,46104.0,46111.0,45795.0,45739.0,44464.0,43365.0,43146.0
장수군 - 사회복지시설수＜br＞(A),Statistics,1.0,3.0,4.0,4.0,5.0,5.0,5.0,6.0,7.0,7.0,7.0,7.0,7.0,6.0,6.0,5.0,4.0,5.0,5.0
장수군 - 인구십만명당 사회복지시설수＜br＞(A÷B×100000),Statistics,3.7,12.1,16.5,15.0,21.0,21.3,21.4,25.8,30.2,30.1,30.0,30.1,29.6,26.1,25.8,22.3,18.1,23.0,23.4
장수군 - 주민등록인구＜br＞(B),Statistics,26788.0,24755.0,24209.0,26687.0,23864.0,23478.0,23386.0,23215.0,23191.0,23243.0,23335.0,23277.0,23628.0,23003.0,23221.0,22441.0,22085.0,21695.0,21336.0
장흥군 - 사회복지시설수＜br＞(A),Statistics,1.0,2.0,2.0,4.0,4.0,7.0,7.0,7.0,7.0,7.0,6.0,6.0,6.0,6.0,5.0,5.0,5.0,5.0,9.0
장흥군 - 인구십만명당 사회복지시설수＜br＞(A÷B×100000),Statistics,2.1,4.4,4.5,9.2,9.3,16.6,16.5,16.5,16.4,16.3,13.9,13.8,14.8,14.9,12.7,13.0,13.2,13.7,25.2
장흥군 - 주민등록인구＜br＞(B),Statistics,46568.0,45542.0,44451.0,43468.0,42783.0,42097.0,42394.0,42552.0,42672.0,43004.0,43190.0,43513.0,40669.0,40136.0,39312.0,38563.0,37800.0,36547.0,35650.0
전국 - 사회복지시설수＜br＞(A),Statistics,1225.0,1566.0,1985.0,2361.0,3228.0,4147.0,5399.0,5553.0,5915.0,6339.0,6711.0,6974.0,7314.0,7454.0,7581.0,7902.0,8054.0,8091.0,8398.0
전국 - 인구십만명당 사회복지시설수＜br＞(A÷B×100000),Statistics,2.5,3.2,4.1,4.8,6.5,8.3,10.7,10.9,11.6,12.4,13.1,13.5,14.1,14.4,14.6,15.2,15.5,15.7,16.3
전국 - 주민등록인구＜br＞(B),Statistics,48583805.0,48782274.0,48991779.0,49268928.0,49540367.0,49773145.0,50515666.0,50734284.0,50948272.0,51141463.0,51327916.0,51529338.0,51696216.0,51778544.0,51826059.0,51849861.0,51829023.0,51638809.0,51439038.0
전라남도 - 사회복지시설수＜br＞(A),Statistics,82.0,116.0,114.0,120.0,206.0,244.0,324.0,345.0,354.0,394.0,421.0,438.0,445.0,442.0,445.0,440.0,455.0,436.0,437.0
전라남도 - 인구십만명당 사회복지시설수＜br＞(A÷B×100000),Statistics,4.1,5.9,5.9,6.2,10.7,12.8,16.9,18.0,18.5,20.7,22.1,22.9,23.4,23.3,23.6,23.5,24.6,23.8,24.0
전라남도 - 주민등록인구＜br＞(B),Statistics,1986192.0,1967205.0,1942925.0,1929836.0,1919000.0,1913004.0,1918485.0,1914339.0,1909618.0,1907172.0,1905780.0,1908996.0,1903914.0,1896424.0,1882970.0,1868745.0,1851549.0,1832803.0,1817697.0
전북특별자치도 - 사회복지시설수＜br＞(A),Statistics,100.0,130.0,180.0,205.0,248.0,265.0,321.0,301.0,313.0,325.0,334.0,328.0,335.0,348.0,351.0,367.0,359.0,361.0,366.0
전북특별자치도 - 인구십만명당 사회복지시설수＜br＞(A÷B×100000),Statistics,5.2,6.9,9.6,11.0,13.4,14.3,17.2,16.1,16.7,17.4,17.8,17.5,18.0,18.8,19.1,20.2,19.9,20.2,20.7
전북특별자치도 - 주민등록인구＜br＞(B),Statistics,1906742.0,1885335.0,1868365.0,1862277.0,1855772.0,1854508.0,1868963.0,1874031.0,1873341.0,1872965.0,1871560.0,1869711.0,1864791.0,1854607.0,1836832.0,1818917.0,1804104.0,1786855.0,1769607.0
전주시 - 사회복지시설수＜br＞(A),Statistics,24.0,35.0,42.0,43.0,49.0,48.0,58.0,55.0,56.0,63.0,66.0,62.0,59.0,66.0,62.0,71.0,62.0,64.0,91.0
전주시 - 인구십만명당 사회복지시설수＜br＞(A÷B×100000),Statistics,3.9,5.6,6.7,6.9,7.8,7.6,9.0,8.5,8.6,9.7,10.1,9.5,9.1,10.2,9.5,10.8,9.4,9.7,14.0
전주시 - 주민등록인구＜br＞(B),Statistics,622472.0,621749.0,624849.0,623926.0,631532.0,635007.0,641525.0,645894.0,648863.0,650082.0,652877.0,652282.0,651744.0,648964.0,651091.0,654394.0,657432.0,657269.0,651495.0
정선군 - 사회복지시설수＜br＞(A),Statistics,,5.0,6.0,8.0,8.0,9.0,10.0,9.0,8.0,10.0,10.0,11.0,10.0,10.0,9.0,10.0,10.0,9.0,10.0
정선군 - 인구십만명당 사회복지시설수＜br＞(A÷B×100000),Statistics,,11.3,13.9,19.1,19.4,22.1,24.4,22.4,20.0,25.0,25.4,28.1,25.8,26.2,23.9,26.8,27.1,25.2,28.6
정선군 - 주민등록인구＜br＞(B),Statistics,45419.0,44203.0,43186.0,41806.0,41269.0,40708.0,41045.0,40181.0,39915.0,39985.0,39425.0,39197.0,38718.0,38173.0,37700.0,37271.0,36870.0,35675.0,34931.0
정읍시 - 사회복지시설수＜br＞(A),Statistics,5.0,8.0,15.0,19.0,24.0,22.0,26.0,26.0,27.0,26.0,26.0,24.0,24.0,25.0,26.0,28.0,33.0,31.0,31.0
정읍시 - 인구십만명당 사회복지시설수＜br＞(A÷B×100000),Statistics,3.8,6.2,11.9,15.3,19.5,18.1,21.3,21.6,22.6,22.0,22.2,20.7,20.8,22.0,23.2,25.3,30.4,29.1,29.5
정읍시 - 주민등록인구＜br＞(B),Statistics,132285.0,129050.0,126249.0,124239.0,122842.0,121545.0,122000.0,120466.0,119392.0,118328.0,117183.0,115977.0,115173.0,113776.0,112169.0,110541.0,108508.0,106487.0,105081.0
제주시 - 사회복지시설수＜br＞(A),Statistics,14.0,32.0,36.0,39.0,40.0,47.0,59.0,59.0,62.0,68.0,59.0,71.0,70.0,70.0,69.0,71.0,77.0,81.0,75.0
제주시 - 인구십만명당 사회복지시설수＜br＞(A÷B×100000),Statistics,,,8.9,9.6,9.8,11.5,14.1,14.0,14.4,15.5,13.1,15.4,14.9,14.6,14.2,14.5,15.6,16.4,15.2
제주시 - 주민등록인구＜br＞(B),Statistics,,,403601.0,405458.0,407498.0,410378.0,417539.0,422790.0,429656.0,438165.0,448834.0,459876.0,470665.0,478700.0,485946.0,489405.0,492466.0,493096.0,493389.0
제주특별자치도 - 사회복지시설수＜br＞(A),Statistics,31.0,42.0,49.0,54.0,55.0,64.0,78.0,81.0,84.0,93.0,95.0,99.0,98.0,98.0,98.0,99.0,106.0,110.0,112.0
제주특별자치도 - 인구십만명당 사회복지시설수＜br＞(A÷B×100000),Statistics,5.6,7.5,8.8,9.7,9.8,11.4,13.7,14.1,14.4,15.7,15.6,15.9,15.3,14.9,14.7,14.8,15.7,16.3,16.5
제주특별자치도 - 주민등록인구＜br＞(B),Statistics,555362.0,557569.0,558496.0,559258.0,560618.0,562663.0,571255.0,576156.0,583713.0,593806.0,607346.0,624395.0,641597.0,657083.0,667191.0,670989.0,674635.0,676759.0,678159.0
제천시 - 사회복지시설수＜br＞(A),Statistics,6.0,8.0,17.0,19.0,22.0,24.0,29.0,32.0,35.0,34.0,31.0,34.0,38.0,36.0,38.0,41.0,39.0,42.0,50.0
제천시 - 인구십만명당 사회복지시설수＜br＞(A÷B×100000),Statistics,4.3,5.8,12.5,13.9,16.2,17.7,21.1,23.2,25.5,24.8,22.7,25.0,27.8,26.4,28.1,30.5,29.3,31.9,38.2
제천시 - 주민등록인구＜br＞(B),Statistics,138872.0,138201.0,136398.0,136218.0,135738.0,135580.0,137264.0,137689.0,137521.0,137204.0,136805.0,136138.0,136517.0,136432.0,135386.0,134617.0,133018.0,131591.0,130988.0
종로구 - 사회복지시설수＜br＞(A),Statistics,7.0,7.0,6.0,7.0,21.0,18.0,17.0,18.0,17.0,17.0,15.0,17.0,16.0,15.0,17.0,18.0,18.0,17.0,16.0
종로구 - 인구십만명당 사회복지시설수＜br＞(A÷B×100000),Statistics,4.0,4.1,3.6,4.2,12.3,10.7,10.0,10.7,10.3,10.6,9.6,11.0,10.5,9.7,11.1,11.9,12.0,11.7,11.3
종로구 - 주민등록인구＜br＞(B),Statistics,174372.0,169315.0,166793.0,165846.0,170705.0,168603.0,170578.0,168382.0,165207.0,160070.0,156993.0,154986.0,152737.0,154770.0,153065.0,151290.0,149384.0,144683.0,141379.0
중구 - 사회복지시설수＜br＞(A),Statistics,2.0,2.0,2.0,2.0,5.0,5.0,5.0,5.0,5.0,8.0,9.0,11.0,10.0,9.0,9.0,9.0,9.0,9.0,9.0
중구 - 인구십만명당 사회복지시설수＜br＞(A÷B×100000),Statistics,1.5,1.5,1.5,1.5,3.8,3.9,3.8,3.8,3.7,6.1,7.0,8.7,8.0,7.2,7.2,7.1,7.2,7.3,7.5
중구 - 주민등록인구＜br＞(B),Statistics,131971.0,130027.0,130649.0,130044.0,130362.0,129465.0,132822.0,133193.0,133360.0,130465.0,128065.0,125733.0,125249.0,125709.0,125725.0,126171.0,125240.0,122499.0,120437.0
중랑구 - 사회복지시설수＜br＞(A),Statistics,1.0,1.0,2.0,2.0,6.0,13.0,23.0,28.0,32.0,48.0,47.0,49.0,45.0,48.0,49.0,51.0,53.0,53.0,53.0
중랑구 - 인구십만명당 사회복지시설수＜br＞(A÷B×100000),Statistics,0.2,0.2,0.5,0.5,1.4,3.1,5.4,6.6,7.6,11.5,11.2,11.8,10.9,11.8,12.2,12.8,13.4,13.7,13.8
중랑구 - 주민등록인구＜br＞(B),Statistics,433858.0,427373.0,426078.0,427071.0,427871.0,424761.0,427455.0,423706.0,419295.0,416798.0,418836.0,413909.0,411005.0,408226.0,403209.0,397015.0,394702.0,387350.0,385318.0
증평군 - 사회복지시설수＜br＞(A),Statistics,,,1.0,1.0,2.0,6.0,6.0,6.0,8.0,9.0,11.0,11.0,10.0,10.0,11.0,11.0,12.0,10.0,14.0
증평군 - 인구십만명당 사회복지시설수＜br＞(A÷B×100000),Statistics,,,3.3,3.2,6.2,18.1,17.9,17.6,23.3,26.1,31.6,30.0,26.8,26.5,29.5,29.4,32.6,27.5,37.6
증평군 - 주민등록인구＜br＞(B),Statistics,30899.0,30607.0,30483.0,31145.0,32179.0,33164.0,33533.0,34009.0,34279.0,34546.0,34771.0,36671.0,37308.0,37783.0,37317.0,37392.0,36807.0,36426.0,37262.0
진도군 - 사회복지시설수＜br＞(A),Statistics,,,,,2.0,2.0,4.0,4.0,5.0,5.0,5.0,5.0,5.0,4.0,4.0,4.0,4.0,3.0,4.0
진도군 - 인구십만명당 사회복지시설수＜br＞(A÷B×100000),Statistics,,,,,5.8,5.9,11.9,11.9,15.1,15.2,15.3,15.4,15.6,12.6,12.8,13.0,12.8,10.0,13.6
진도군 - 주민등록인구＜br＞(B),Statistics,37329.0,36529.0,35953.0,35206.0,34412.0,33931.0,33743.0,33502.0,33208.0,32998.0,32746.0,32476.0,32078.0,31765.0,31219.0,30715.0,31227.0,30066.0,29507.0
진안군 - 사회복지시설수＜br＞(A),Statistics,,1.0,4.0,4.0,7.0,6.0,10.0,9.0,9.0,9.0,11.0,11.0,9.0,10.0,10.0,10.0,10.0,8.0,10.0
진안군 - 인구십만명당 사회복지시설수＜br＞(A÷B×100000),Statistics,,3.4,14.7,13.2,25.7,21.8,36.3,31.6,33.4,33.7,41.6,42.0,34.5,38.1,38.5,38.9,39.4,32.0,40.7
진안군 - 주민등록인구＜br＞(B),Statistics,30757.0,29021.0,27122.0,30250.0,27230.0,27558.0,27543.0,28473.0,26963.0,26703.0,26474.0,26203.0,26069.0,26271.0,25963.0,25697.0,25394.0,24987.0,24550.0
진주시 - 사회복지시설수＜br＞(A),Statistics,5.0,9.0,9.0,12.0,12.0,13.0,18.0,23.0,4.0,26.0,25.0,25.0,27.0,30.0,37.0,42.0,44.0,40.0,43.0
진주시 - 인구십만명당 사회복지시설수＜br＞(A÷B×100000),Statistics,1.5,2.7,2.7,3.6,3.6,3.9,5.4,6.9,1.2,7.7,7.3,7.3,7.8,8.7,10.7,12.1,12.6,11.5,12.5
진주시 - 주민등록인구＜br＞(B),Statistics,337425.0,336234.0,333554.0,330756.0,331222.0,331720.0,335037.0,335502.0,337314.0,337071.0,340241.0,344426.0,346739.0,346681.0,345987.0,347334.0,348096.0,347097.0,343782.0
진천군 - 사회복지시설수＜br＞(A),Statistics,1.0,1.0,6.0,7.0,10.0,13.0,16.0,15.0,18.0,16.0,19.0,20.0,22.0,21.0,21.0,21.0,18.0,21.0,22.0
진천군 - 인구십만명당 사회복지시설수＜br＞(A÷B×100000),Statistics,1.7,1.7,10.0,11.6,16.5,21.2,25.8,23.8,28.4,24.8,29.2,29.4,31.5,28.5,26.8,25.9,21.5,24.7,25.5
진천군 - 주민등록인구＜br＞(B),Statistics,60347.0,60155.0,60111.0,60154.0,60715.0,61456.0,62094.0,63051.0,63458.0,64606.0,65174.0,67981.0,69950.0,73677.0,78218.0,81084.0,83718.0,85176.0,86147.0
창녕군 - 사회복지시설수＜br＞(A),Statistics,1.0,2.0,2.0,5.0,5.0,7.0,6.0,7.0,9.0,10.0,10.0,11.0,10.0,9.0,8.0,10.0,11.0,12.0,12.0
창녕군 - 인구십만명당 사회복지시설수＜br＞(A÷B×100000),Statistics,1.5,3.1,3.2,8.0,8.1,11.4,9.7,11.2,14.3,15.8,15.7,17.2,15.6,14.0,12.6,16.0,17.9,20.0,20.6
창녕군 - 주민등록인구＜br＞(B),Statistics,66074.0,64672.0,63476.0,62255.0,61603.0,61252.0,61714.0,62490.0,62966.0,63447.0,63502.0,63817.0,63982.0,64101.0,63396.0,62331.0,61301.0,60129.0,58372.0
창원시 - 사회복지시설수＜br＞(A),Statistics,,,,,,,72.0,73.0,72.0,74.0,74.0,73.0,73.0,76.0,91.0,107.0,106.0,104.0,108.0
창원시 - 인구십만명당 사회복지시설수＜br＞(A÷B×100000),Statistics,,,,,,,6.6,6.7,6.6,6.8,6.9,6.8,6.9,7.2,8.6,10.2,10.2,10.1,10.6
창원시 - 주민등록인구＜br＞(B),Statistics,,,,,,,1090181.0,1091881.0,1091471.0,1083731.0,1075168.0,1070064.0,1063907.0,1057032.0,1053601.0,1044740.0,1036738.0,1032741.0,1021487.0
천안시 - 사회복지시설수＜br＞(A),Statistics,8.0,13.0,37.0,27.0,32.0,35.0,60.0,56.0,55.0,76.0,85.0,87.0,92.0,94.0,101.0,102.0,105.0,112.0,120.0
천안시 - 인구십만명당 사회복지시설수＜br＞(A÷B×100000),Statistics,1.6,2.5,7.1,5.1,6.0,6.5,10.8,9.8,9.5,12.9,14.2,14.4,14.9,14.9,15.6,15.6,15.9,17.0,18.2
천안시 - 주민등록인구＜br＞(B),Statistics,503082.0,512482.0,523323.0,531956.0,537698.0,540832.0,557673.0,571377.0,581988.0,591089.0,598346.0,605776.0,617955.0,631531.0,646075.0,652258.0,658808.0,658486.0,657559.0
철원군 - 사회복지시설수＜br＞(A),Statistics,,1.0,2.0,3.0,4.0,4.0,7.0,7.0,10.0,7.0,7.0,7.0,8.0,8.0,7.0,7.0,7.0,7.0,7.0
철원군 - 인구십만명당 사회복지시설수＜br＞(A÷B×100000),Statistics,,2.0,4.2,6.3,8.4,8.4,14.3,14.6,20.8,14.7,14.7,14.3,16.7,17.0,15.1,15.4,15.7,16.2,16.6
철원군 - 주민등록인구＜br＞(B),Statistics,49650.0,48933.0,48024.0,47420.0,47724.0,47669.0,48928.0,48084.0,47968.0,47473.0,47590.0,48799.0,48013.0,47185.0,46413.0,45584.0,44699.0,43340.0,42256.0
청도군 - 사회복지시설수＜br＞(A),Statistics,1.0,1.0,3.0,2.0,5.0,6.0,8.0,9.0,13.0,13.0,12.0,12.0,13.0,13.0,16.0,16.0,16.0,15.0,16.0
청도군 - 인구십만명당 사회복지시설수＜br＞(A÷B×100000),Statistics,2.1,2.1,6.5,4.4,11.2,13.6,18.0,20.3,29.6,29.7,27.3,27.4,29.8,30.0,37.2,37.3,37.9,35.8,38.4
청도군 - 주민등록인구＜br＞(B),Statistics,47678.0,46748.0,46144.0,45515.0,44711.0,44279.0,44391.0,44298.0,43968.0,43788.0,43993.0,43724.0,43564.0,43346.0,43057.0,42910.0,42263.0,41891.0,41614.0
청송군 - 사회복지시설수＜br＞(A),Statistics,,1.0,2.0,2.0,3.0,4.0,6.0,7.0,6.0,6.0,6.0,6.0,6.0,6.0,6.0,6.0,6.0,6.0,7.0
청송군 - 인구십만명당 사회복지시설수＜br＞(A÷B×100000),Statistics,,3.4,7.0,7.2,11.0,14.9,22.5,26.3,22.7,22.7,22.7,22.7,22.8,23.1,23.4,23.6,24.0,24.5,28.8
청송군 - 주민등록인구＜br＞(B),Statistics,30099.0,29298.0,28465.0,27862.0,27289.0,26917.0,26715.0,26569.0,26481.0,26470.0,26453.0,26384.0,26301.0,26006.0,25678.0,25416.0,25044.0,24539.0,24295.0
청양군 - 사회복지시설수＜br＞(A),Statistics,,,,,5.0,3.0,4.0,5.0,7.0,6.0,7.0,7.0,7.0,7.0,7.0,7.0,7.0,7.0,7.0
청양군 - 인구십만명당 사회복지시설수＜br＞(A÷B×100000),Statistics,,,,,15.1,9.2,12.3,15.5,21.8,18.7,21.7,21.5,21.4,21.3,21.7,22.1,22.6,23.0,23.1
청양군 - 주민등록인구＜br＞(B),Statistics,35626.0,34921.0,34086.0,33604.0,33062.0,32613.0,32541.0,32291.0,32087.0,32155.0,32248.0,32485.0,32753.0,32837.0,32296.0,31717.0,30948.0,30440.0,30266.0
청주시 - 사회복지시설수＜br＞(A),Statistics,,,,,,,,,,,122.0,123.0,129.0,136.0,138.0,141.0,148.0,149.0,165.0
청주시 - 인구십만명당 사회복지시설수＜br＞(A÷B×100000),Statistics,,,,,,,,,,,14.7,14.8,15.4,16.3,16.5,16.8,17.5,17.6,19.4
청주시 - 주민등록인구＜br＞(B),Statistics,,,,,,,,,,,831521.0,831912.0,835197.0,835590.0,837749.0,839566.0,844993.0,848482.0,849573.0
춘천시 - 사회복지시설수＜br＞(A),Statistics,12.0,17.0,18.0,22.0,29.0,40.0,49.0,54.0,56.0,74.0,81.0,86.0,88.0,92.0,90.0,90.0,93.0,93.0,93.0
춘천시 - 인구십만명당 사회복지시설수＜br＞(A÷B×100000),Statistics,4.7,6.7,7.0,8.5,11.1,15.1,18.2,19.8,20.5,27.0,29.4,30.9,31.3,32.8,32.1,32.0,32.9,32.7,32.4
춘천시 - 주민등록인구＜br＞(B),Statistics,254323.0,254999.0,256239.0,258141.0,261975.0,264849.0,269950.0,272805.0,273364.0,274455.0,275791.0,277997.0,280707.0,280514.0,280640.0,281291.0,282765.0,284594.0,286664.0
충남 당진군 - 사회복지시설수＜br＞(A),Statistics,5.0,6.0,4.0,5.0,7.0,11.0,21.0,18.0,,,,,,,,,,,
충남 당진군 - 인구십만명당 사회복지시설수＜br＞(A÷B×100000),Statistics,4.3,5.0,3.2,3.7,5.1,7.9,14.5,12.0,,,,,,,,,,,
충남 당진군 - 주민등록인구＜br＞(B),Statistics,117510.0,120483.0,124925.0,136254.0,136432.0,138798.0,144903.0,150219.0,,,,,,,,,,,
충남 연기군 - 사회복지시설수＜br＞(A),Statistics,9.0,10.0,9.0,14.0,15.0,16.0,16.0,19.0,,,,,,,,,,,
충남 연기군 - 인구십만명당 사회복지시설수＜br＞(A÷B×100000),Statistics,10.7,11.9,10.9,17.5,19.1,20.1,19.5,22.9,,,,,,,,,,,
충남 연기군 - 주민등록인구＜br＞(B),Statistics,84455.0,84308.0,82747.0,79977.0,78645.0,79482.0,81871.0,82890.0,,,,,,,,,,,
충북 청원군 - 사회복지시설수＜br＞(A),Statistics,7.0,10.0,20.0,22.0,31.0,27.0,30.0,34.0,34.0,35.0,,,,,,,,,
충북 청원군 - 인구십만명당 사회복지시설수＜br＞(A÷B×100000),Statistics,5.8,8.3,14.6,15.4,20.9,18.0,19.6,21.5,22.0,22.6,,,,,,,,,
충북 청원군 - 주민등록인구＜br＞(B),Statistics,119745.0,119784.0,136538.0,143021.0,148063.0,149783.0,152944.0,158369.0,154780.0,155002.0,,,,,,,,,
충북 청주시 - 사회복지시설수＜br＞(A),Statistics,15.0,17.0,19.0,25.0,51.0,56.0,72.0,73.0,77.0,83.0,,,,,,,,,
충북 청주시 - 인구십만명당 사회복지시설수＜br＞(A÷B×100000),Statistics,2.4,2.7,3.0,3.9,8.0,8.7,11.0,11.0,11.5,12.3,,,,,,,,,
충북 청주시 - 주민등록인구＜br＞(B),Statistics,624288.0,630939.0,626679.0,633286.0,638663.0,643161.0,655971.0,661946.0,666852.0,672904.0,,,,,,,,,
충주시 - 사회복지시설수＜br＞(A),Statistics,5.0,7.0,18.0,19.0,29.0,37.0,43.0,45.0,46.0,48.0,46.0,48.0,54.0,56.0,61.0,61.0,63.0,62.0,70.0
충주시 - 인구십만명당 사회복지시설수＜br＞(A÷B×100000),Statistics,2.4,3.4,8.8,9.3,14.1,17.9,20.6,21.6,22.1,23.1,22.1,23.1,25.9,26.9,29.0,28.9,30.0,29.6,33.6
충주시 - 주민등록인구＜br＞(B),Statistics,207534.0,205907.0,204610.0,205064.0,206372.0,206613.0,208481.0,208433.0,208447.0,208115.0,208527.0,207913.0,208350.0,208316.0,210504.0,210737.0,210186.0,209358.0,208277.0
충청남도 - 사회복지시설수＜br＞(A),Statistics,74.0,93.0,129.0,150.0,195.0,227.0,336.0,328.0,332.0,352.0,388.0,401.0,413.0,430.0,433.0,437.0,447.0,462.0,489.0
충청남도 - 인구십만명당 사회복지시설수＜br＞(A÷B×100000),Statistics,3.8,4.7,6.5,7.5,9.7,11.1,16.2,15.6,16.4,17.2,18.8,19.3,19.7,20.3,20.4,20.6,21.1,21.8,23.0
충청남도 - 주민등록인구＜br＞(B),Statistics,1953406.0,1962646.0,1974433.0,1995531.0,2018537.0,2037582.0,2075514.0,2101284.0,2028777.0,2047631.0,2062273.0,2077649.0,2096727.0,2116770.0,2126282.0,2123709.0,2121029.0,2119257.0,2123037.0
충청북도 - 사회복지시설수＜br＞(A),Statistics,49.0,61.0,120.0,147.0,218.0,262.0,313.0,336.0,352.0,357.0,364.0,373.0,390.0,397.0,406.0,412.0,400.0,415.0,423.0
충청북도 - 인구십만명당 사회복지시설수＜br＞(A÷B×100000),Statistics,3.3,4.1,8.0,9.8,14.3,17.2,20.2,21.5,22.5,22.7,23.1,23.5,24.5,24.9,25.4,25.7,25.0,26.0,26.5
충청북도 - 주민등록인구＜br＞(B),Statistics,1488945.0,1488803.0,1494559.0,1506608.0,1519587.0,1527478.0,1549528.0,1562903.0,1565628.0,1572732.0,1578933.0,1583952.0,1591625.0,1594432.0,1599252.0,1600007.0,1600837.0,1597427.0,1595058.0
칠곡군 - 사회복지시설수＜br＞(A),Statistics,5.0,8.0,8.0,7.0,9.0,13.0,19.0,18.0,23.0,27.0,28.0,30.0,31.0,29.0,28.0,29.0,30.0,13.0,32.0
칠곡군 - 인구십만명당 사회복지시설수＜br＞(A÷B×100000),Statistics,4.7,7.4,7.2,6.1,7.7,11.1,16.0,15.1,19.2,22.3,22.9,24.4,25.2,24.0,23.6,24.8,26.1,11.4,28.4
칠곡군 - 주민등록인구＜br＞(B),Statistics,106475.0,107750.0,111390.0,113851.0,116472.0,117288.0,119087.0,118838.0,119786.0,121182.0,122058.0,122829.0,123199.0,120864.0,118828.0,117047.0,114758.0,113822.0,112487.0
태백시 - 사회복지시설수＜br＞(A),Statistics,1.0,2.0,2.0,2.0,3.0,3.0,3.0,3.0,3.0,4.0,4.0,4.0,4.0,4.0,4.0,4.0,4.0,4.0,4.0
태백시 - 인구십만명당 사회복지시설수＜br＞(A÷B×100000),Statistics,1.9,3.8,3.9,3.9,5.9,5.9,5.9,6.0,6.1,8.2,8.3,8.4,8.5,8.7,8.9,9.1,9.4,9.8,10.1
태백시 - 주민등록인구＜br＞(B),Statistics,53264.0,52463.0,51593.0,51490.0,51028.0,50424.0,50864.0,50176.0,49493.0,48794.0,48258.0,47501.0,47070.0,45888.0,44858.0,43866.0,42719.0,40844.0,39428.0
태안군 - 사회복지시설수＜br＞(A),Statistics,1.0,1.0,1.0,2.0,3.0,6.0,15.0,14.0,17.0,16.0,15.0,17.0,17.0,16.0,15.0,16.0,15.0,15.0,15.0
태안군 - 인구십만명당 사회복지시설수＜br＞(A÷B×100000),Statistics,1.6,1.6,1.6,3.2,4.7,9.5,23.7,22.3,27.2,25.6,24.0,26.8,26.6,25.0,23.7,25.5,24.1,24.4,24.5
태안군 - 주민등록인구＜br＞(B),Statistics,63764.0,63794.0,63754.0,63042.0,63401.0,63095.0,63247.0,62747.0,62548.0,62416.0,62574.0,63484.0,63900.0,63932.0,63238.0,62743.0,62214.0,61526.0,61335.0
통영시 - 사회복지시설수＜br＞(A),Statistics,4.0,4.0,6.0,6.0,8.0,13.0,14.0,12.0,8.0,14.0,14.0,13.0,12.0,16.0,20.0,24.0,24.0,23.0,23.0
통영시 - 인구십만명당 사회복지시설수＜br＞(A÷B×100000),Statistics,3.0,3.0,4.5,4.5,5.9,9.5,10.0,8.6,5.7,10.0,10.0,9.3,8.7,11.8,15.0,18.3,18.7,18.3,18.7
통영시 - 주민등록인구＜br＞(B),Statistics,132959.0,132795.0,133127.0,134431.0,136275.0,137415.0,140297.0,140195.0,139347.0,139719.0,139439.0,139168.0,138160.0,135833.0,133720.0,131404.0,128293.0,125383.0,122681.0
파주시 - 사회복지시설수＜br＞(A),Statistics,6.0,11.0,21.0,25.0,38.0,42.0,62.0,61.0,67.0,58.0,74.0,82.0,102.0,110.0,111.0,124.0,133.0,140.0,148.0
파주시 - 인구십만명당 사회복지시설수＜br＞(A÷B×100000),Statistics,2.4,4.2,7.2,8.2,12.2,13.0,17.4,16.1,17.0,14.4,18.0,19.4,23.7,25.1,24.6,27.3,28.6,29.0,29.9
파주시 - 주민등록인구＜br＞(B),Statistics,246323.0,261770.0,292752.0,303831.0,311164.0,323011.0,355632.0,378790.0,394201.0,401718.0,411348.0,423321.0,430781.0,437848.0,451848.0,454040.0,465617.0,483245.0,495315.0
평창군 - 사회복지시설수＜br＞(A),Statistics,,2.0,2.0,3.0,7.0,7.0,7.0,9.0,12.0,14.0,13.0,12.0,11.0,10.0,10.0,10.0,9.0,10.0,10.0
평창군 - 인구십만명당 사회복지시설수＜br＞(A÷B×100000),Statistics,,4.4,4.5,6.8,16.0,16.0,16.0,20.7,27.5,32.1,29.8,27.6,25.4,23.2,23.5,23.7,21.6,24.4,24.4
평창군 - 주민등록인구＜br＞(B),Statistics,45311.0,45033.0,44332.0,44003.0,43706.0,43634.0,43622.0,43577.0,43627.0,43666.0,43660.0,43500.0,43318.0,43092.0,42610.0,42106.0,41681.0,40996.0,40990.0
평택시 - 사회복지시설수＜br＞(A),Statistics,11.0,11.0,16.0,20.0,20.0,24.0,28.0,29.0,29.0,28.0,38.0,38.0,48.0,50.0,51.0,56.0,61.0,65.0,71.0
평택시 - 인구십만명당 사회복지시설수＜br＞(A÷B×100000),Statistics,3.0,2.9,4.0,5.0,4.9,5.9,6.7,6.8,6.7,6.3,8.5,8.3,10.2,10.4,10.3,10.9,11.4,11.5,12.3
평택시 - 주민등록인구＜br＞(B),Statistics,370653.0,383976.0,396765.0,402458.0,406721.0,410042.0,419457.0,426886.0,434305.0,442034.0,449555.0,460532.0,470832.0,481530.0,495642.0,513027.0,537307.0,564288.0,578529.0
포천시 - 사회복지시설수＜br＞(A),Statistics,10.0,18.0,21.0,28.0,34.0,37.0,46.0,48.0,56.0,62.0,68.0,68.0,88.0,88.0,86.0,89.0,89.0,92.0,97.0
포천시 - 인구십만명당 사회복지시설수＜br＞(A÷B×100000),Statistics,6.7,11.6,13.4,17.7,21.2,23.3,29.0,30.4,35.5,39.6,43.6,43.8,56.9,57.5,57.1,60.0,60.4,61.8,66.1
포천시 - 주민등록인구＜br＞(B),Statistics,150364.0,155242.0,157269.0,158156.0,160176.0,158931.0,158658.0,157967.0,157559.0,156603.0,155798.0,155192.0,154763.0,152925.0,150676.0,148379.0,147274.0,148939.0,146701.0
포항시 - 사회복지시설수＜br＞(A),Statistics,9.0,9.0,12.0,18.0,25.0,22.0,28.0,29.0,31.0,32.0,37.0,42.0,42.0,43.0,41.0,42.0,47.0,50.0,62.0
포항시 - 인구십만명당 사회복지시설수＜br＞(A÷B×100000),Statistics,1.8,1.8,2.4,3.6,4.9,4.3,5.4,5.6,6.0,6.2,7.1,8.1,8.1,8.4,8.0,8.3,9.3,9.9,12.5
포항시 - 주민등록인구＜br＞(B),Statistics,507129.0,507052.0,505008.0,505555.0,508119.0,509475.0,514755.0,517088.0,518913.0,519467.0,519368.0,519584.0,516775.0,513832.0,510013.0,507025.0,502916.0,503852.0,496650.0
하남시 - 사회복지시설수＜br＞(A),Statistics,3.0,3.0,3.0,4.0,6.0,16.0,20.0,20.0,20.0,22.0,24.0,26.0,31.0,31.0,30.0,23.0,26.0,26.0,27.0
하남시 - 인구십만명당 사회복지시설수＜br＞(A÷B×100000),Statistics,2.3,2.3,2.2,2.9,4.2,10.8,13.3,13.5,13.7,15.2,16.1,15.6,14.7,13.3,11.8,8.4,8.9,8.1,8.3
하남시 - 주민등록인구＜br＞(B),Statistics,129903.0,132850.0,134824.0,137131.0,143638.0,148566.0,150479.0,148397.0,146269.0,145096.0,148896.0,166713.0,211101.0,232487.0,254415.0,272455.0,293452.0,320087.0,326059.0
하동군 - 사회복지시설수＜br＞(A),Statistics,1.0,1.0,3.0,4.0,5.0,6.0,7.0,7.0,8.0,8.0,7.0,7.0,7.0,8.0,8.0,10.0,11.0,10.0,9.0
하동군 - 인구십만명당 사회복지시설수＜br＞(A÷B×100000),Statistics,1.8,1.9,5.7,7.2,9.3,11.5,13.6,13.0,15.7,15.9,14.2,13.9,14.1,16.4,16.8,21.5,24.6,23.0,21.2
하동군 - 주민등록인구＜br＞(B),Statistics,54881.0,53131.0,52898.0,55526.0,53515.0,52010.0,51509.0,53975.0,50806.0,50177.0,49223.0,50259.0,49622.0,48831.0,47533.0,46574.0,44785.0,43449.0,42465.0
함안군 - 사회복지시설수＜br＞(A),Statistics,,1.0,1.0,3.0,8.0,9.0,12.0,13.0,14.0,14.0,17.0,16.0,15.0,15.0,18.0,17.0,18.0,19.0,19.0
함안군 - 인구십만명당 사회복지시설수＜br＞(A÷B×100000),Statistics,,1.6,1.6,4.6,12.1,13.5,17.9,19.4,20.8,20.7,24.7,23.1,21.8,22.0,26.9,25.9,28.0,30.4,30.9
함안군 - 주민등록인구＜br＞(B),Statistics,62081.0,61376.0,63460.0,64865.0,66050.0,66582.0,67207.0,66971.0,67425.0,67667.0,68741.0,69156.0,68937.0,68207.0,67025.0,65700.0,64182.0,62547.0,61456.0
함양군 - 사회복지시설수＜br＞(A),Statistics,3.0,3.0,5.0,7.0,7.0,8.0,10.0,10.0,10.0,11.0,11.0,11.0,11.0,10.0,11.0,11.0,12.0,12.0,12.0
함양군 - 인구십만명당 사회복지시설수＜br＞(A÷B×100000),Statistics,7.2,7.2,12.1,17.2,17.3,19.7,24.3,24.3,24.6,27.0,27.1,27.3,27.3,24.9,27.5,27.8,30.7,31.3,31.8
함양군 - 주민등록인구＜br＞(B),Statistics,41922.0,41535.0,41162.0,40637.0,40447.0,40626.0,41197.0,41081.0,40714.0,40692.0,40584.0,40339.0,40241.0,40175.0,40044.0,39637.0,39080.0,38310.0,37708.0
함평군 - 사회복지시설수＜br＞(A),Statistics,4.0,5.0,4.0,4.0,10.0,11.0,14.0,12.0,14.0,15.0,13.0,14.0,14.0,14.0,14.0,1.0,15.0,15.0,17.0
함평군 - 인구십만명당 사회복지시설수＜br＞(A÷B×100000),Statistics,9.9,12.4,10.4,10.5,26.7,29.7,38.1,33.2,39.1,42.1,37.0,40.1,40.7,40.8,41.9,3.0,46.8,48.0,55.2
함평군 - 주민등록인구＜br＞(B),Statistics,40205.0,40189.0,38647.0,37998.0,37432.0,37089.0,36702.0,36134.0,35780.0,35610.0,35090.0,34876.0,34397.0,34328.0,33420.0,32861.0,32050.0,31274.0,30784.0
합천군 - 사회복지시설수＜br＞(A),Statistics,3.0,4.0,3.0,6.0,8.0,8.0,9.0,12.0,12.0,12.0,13.0,11.0,11.0,11.0,9.0,8.0,8.0,8.0,8.0
합천군 - 인구십만명당 사회복지시설수＜br＞(A÷B×100000),Statistics,5.2,6.9,5.4,10.8,14.4,15.1,17.6,23.7,23.9,23.9,25.8,22.4,22.9,23.4,19.6,17.7,18.2,18.6,19.0
합천군 - 주민등록인구＜br＞(B),Statistics,57909.0,58162.0,55104.0,55450.0,55677.0,52973.0,51092.0,50608.0,50279.0,50290.0,50457.0,49145.0,48026.0,47000.0,45916.0,45204.0,44006.0,42935.0,42142.0
해남군 - 사회복지시설수＜br＞(A),Statistics,6.0,6.0,9.0,9.0,9.0,9.0,14.0,18.0,18.0,18.0,18.0,17.0,18.0,18.0,20.0,22.0,20.0,19.0,24.0
해남군 - 인구십만명당 사회복지시설수＜br＞(A÷B×100000),Statistics,6.8,7.0,10.7,10.9,11.1,11.1,17.6,23.0,23.0,23.2,23.4,22.3,24.0,24.5,27.8,31.3,29.1,28.3,36.5
해남군 - 주민등록인구＜br＞(B),Statistics,87736.0,86238.0,84338.0,82529.0,81043.0,81148.0,79579.0,78346.0,78150.0,77684.0,76981.0,76194.0,75121.0,73604.0,71901.0,70354.0,68806.0,67166.0,65831.0
해운대구 - 사회복지시설수＜br＞(A),Statistics,9.0,9.0,9.0,9.0,12.0,13.0,23.0,23.0,30.0,22.0,19.0,19.0,17.0,19.0,19.0,20.0,18.0,19.0,19.0
해운대구 - 인구십만명당 사회복지시설수＜br＞(A÷B×100000),Statistics,2.2,2.2,2.1,2.1,2.8,3.1,5.4,5.4,7.0,5.2,4.5,4.5,4.0,4.6,4.6,4.9,4.5,4.8,4.9
해운대구 - 주민등록인구＜br＞(B),Statistics,403432.0,404599.0,418875.0,423816.0,424455.0,424974.0,426729.0,425618.0,428188.0,425536.0,423531.0,422818.0,419853.0,412039.0,409347.0,406102.0,402169.0,396438.0,386785.0
홍성군 - 사회복지시설수＜br＞(A),Statistics,4.0,2.0,8.0,8.0,8.0,11.0,8.0,13.0,14.0,15.0,17.0,18.0,18.0,18.0,19.0,19.0,16.0,15.0,16.0
홍성군 - 인구십만명당 사회복지시설수＜br＞(A÷B×100000),Statistics,4.4,2.2,8.9,9.0,9.1,12.6,9.1,14.8,15.8,16.7,18.5,19.0,18.0,17.7,18.8,18.9,16.0,15.1,16.3
홍성군 - 주민등록인구＜br＞(B),Statistics,91223.0,90931.0,89555.0,88685.0,88176.0,87631.0,88078.0,88108.0,88415.0,89704.0,91866.0,94553.0,99971.0,101570.0,101082.0,100423.0,100102.0,99324.0,98068.0
홍천군 - 사회복지시설수＜br＞(A),Statistics,3.0,8.0,14.0,16.0,19.0,28.0,32.0,35.0,35.0,36.0,35.0,36.0,36.0,35.0,34.0,33.0,32.0,31.0,31.0
홍천군 - 인구십만명당 사회복지시설수＜br＞(A÷B×100000),Statistics,4.2,11.3,20.0,22.8,27.0,40.2,45.8,50.1,50.2,51.0,49.7,51.2,51.4,49.8,48.6,47.7,46.2,45.3,45.6
홍천군 - 주민등록인구＜br＞(B),Statistics,71907.0,70811.0,70037.0,70142.0,70360.0,69606.0,69893.0,69899.0,69727.0,70638.0,70451.0,70336.0,70076.0,70340.0,69949.0,69150.0,69242.0,68365.0,67977.0
화성시 - 사회복지시설수＜br＞(A),Statistics,6.0,13.0,27.0,37.0,45.0,56.0,66.0,77.0,82.0,74.0,79.0,75.0,95.0,97.0,99.0,113.0,110.0,124.0,132.0
화성시 - 인구십만명당 사회복지시설수＜br＞(A÷B×100000),Statistics,2.2,4.4,8.7,9.9,10.0,11.4,13.0,14.9,15.6,14.0,14.6,12.6,14.8,14.0,13.0,13.9,12.9,14.0,14.5
화성시 - 주민등록인구＜br＞(B),Statistics,271563.0,296530.0,310171.0,371972.0,449354.0,491528.0,505838.0,516765.0,525490.0,530251.0,540862.0,596525.0,640890.0,691086.0,758722.0,815396.0,855248.0,887015.0,910814.0
화순군 - 사회복지시설수＜br＞(A),Statistics,3.0,4.0,3.0,3.0,8.0,9.0,13.0,15.0,15.0,13.0,15.0,17.0,16.0,16.0,16.0,15.0,16.0,16.0,21.0
화순군 - 인구십만명당 사회복지시설수＜br＞(A÷B×100000),Statistics,4.0,5.4,4.1,4.2,11.4,12.9,18.7,21.7,21.9,19.2,22.5,25.8,24.5,24.7,25.0,23.9,25.6,25.5,33.9
화순군 - 주민등록인구＜br＞(B),Statistics,75023.0,73673.0,72615.0,71551.0,70327.0,69675.0,69368.0,68985.0,68378.0,67829.0,66772.0,65848.0,65303.0,64680.0,63933.0,62737.0,62522.0,62624.0,62024.0
화천군 - 사회복지시설수＜br＞(A),Statistics,1.0,2.0,3.0,3.0,4.0,5.0,4.0,5.0,5.0,8.0,11.0,10.0,9.0,11.0,10.0,10.0,10.0,9.0,9.0
화천군 - 인구십만명당 사회복지시설수＜br＞(A÷B×100000),Statistics,4.1,8.4,12.9,13.1,16.6,20.6,16.4,20.0,20.0,31.9,40.5,37.0,34.3,42.3,39.9,40.1,40.2,37.2,38.5
화천군 - 주민등록인구＜br＞(B),Statistics,24267.0,23732.0,23317.0,22944.0,24110.0,24216.0,24364.0,24945.0,25020.0,25079.0,27143.0,27020.0,26264.0,26022.0,25084.0,24917.0,24857.0,24195.0,23388.0
횡성군 - 사회복지시설수＜br＞(A),Statistics,,2.0,7.0,9.0,10.0,19.0,18.0,21.0,23.0,23.0,23.0,22.0,24.0,25.0,25.0,26.0,26.0,24.0,21.0
횡성군 - 인구십만명당 사회복지시설수＜br＞(A÷B×100000),Statistics,,4.6,16.3,20.8,23.0,43.1,40.7,47.3,51.6,51.2,50.7,48.1,52.2,54.0,53.5,55.8,55.9,51.6,45.1
횡성군 - 주민등록인구＜br＞(B),Statistics,44297.0,43678.0,42982.0,43176.0,43413.0,44121.0,44254.0,44360.0,44615.0,44937.0,45373.0,45777.0,45991.0,46281.0,46726.0,46575.0,46472.0,46481.0,46532.0
