item,category,2011,2012,2013,2014,2015,2016,2017,2018,2019,2020,2021,2022,2023,2024
가평군 - 계 - 지수,Statistics,75.84,68.03,72.69,73.57,78.62,81.66,81.14,73.32,75.67,78.5,83.09,85.33,73.69,73.73
가평군 - 교통안전영역 - 지수,Statistics,26.47,22.4,24.45,16.27,17.95,27.34,20.05,7.27,11.57,13.75,18.24,18.24,10.94,12.51
가평군 - 교통약자영역 - 지수,Statistics,8.81,7.13,8.91,7.3,14.88,,,,,,,,,
가평군 - 보행행태영역 - 지수,Statistics,9.84,8.32,9.27,14.3,13.42,14.8,13.91,17.55,16.44,16.81,17.68,17.52,15.57,16.66
가평군 - 운전행태영역 - 지수,Statistics,30.72,30.18,30.06,35.7,32.93,39.52,47.18,48.5,47.66,47.94,47.18,49.57,47.18,44.56
강남구 - 계 - 지수,Statistics,83.25,80.05,81.08,87.38,84.67,90.27,84.84,73.87,78.35,73.79,83.56,82.57,71.31,72.21
강남구 - 교통안전영역 - 지수,Statistics,32.25,31.31,31.28,24.4,25.23,34.78,25.76,10.42,15.64,11.48,19.2,18.58,9.09,9.46
강남구 - 교통약자영역 - 지수,Statistics,9.69,9.6,9.52,14.61,13.14,,,,,,,,,
강남구 - 보행행태영역 - 지수,Statistics,9.65,9.13,9.3,14.09,12.96,13.67,11.39,16.64,16.81,16.92,18.03,17.69,17.14,18.12
강남구 - 운전행태영역 - 지수,Statistics,31.66,30.02,30.98,34.28,34.64,41.81,47.69,46.81,45.91,45.39,46.34,46.31,45.08,44.62
강동구 - 계 - 지수,Statistics,84.82,84.91,81.83,80.05,82.15,82.89,82.59,76.68,76.58,77.38,83.9,83.73,73.27,80.58
강동구 - 교통안전영역 - 지수,Statistics,35.36,35.74,34.6,27.64,27.22,34.48,24.93,15.5,14.6,12.43,18.72,18.67,10.93,15.52
강동구 - 교통약자영역 - 지수,Statistics,9.7,9.68,9.66,7.38,9.49,,,,,,,,,
강동구 - 보행행태영역 - 지수,Statistics,9.82,9.89,9.53,14.95,13.95,12.74,13.77,16.81,17.51,17.19,17.29,17.32,16.28,17.5
강동구 - 운전행태영역 - 지수,Statistics,29.94,29.6,28.04,30.08,31.67,35.67,43.89,44.38,44.47,47.75,47.88,47.75,46.05,47.57
강릉시 - 계 - 지수,Statistics,77.55,74.38,71.81,77.36,87.14,81.46,82.23,75.08,79.84,78.57,81.08,77.32,77.46,80.42
강릉시 - 교통안전영역 - 지수,Statistics,29.08,30.11,28.65,22.76,23.95,33.26,21.8,9.61,17.9,16.52,18.73,17.21,17.38,18.88
강릉시 - 교통약자영역 - 지수,Statistics,8.74,8.9,7.85,7.31,13.9,,,,,,,,,
강릉시 - 보행행태영역 - 지수,Statistics,8.89,6.24,8.07,12.75,13.9,13.11,13.61,17.21,17.47,15.15,16.64,16.17,15.64,15.56
강릉시 - 운전행태영역 - 지수,Statistics,30.83,29.14,27.24,34.55,36.24,35.09,46.82,48.26,44.47,46.9,45.71,43.94,44.43,45.98
강북구 - 계 - 지수,Statistics,83.29,81.66,84.11,81.78,83.51,83.52,78.6,74.11,78.51,79.09,81.82,78.05,76.5,79.5
강북구 - 교통안전영역 - 지수,Statistics,32.76,35.15,33.68,26.8,26.2,34.32,21.97,10.24,14.18,15.66,20.02,12.85,12.79,16.01
강북구 - 교통약자영역 - 지수,Statistics,9.56,9.67,9.56,14.18,10.57,,,,,,,,,
강북구 - 보행행태영역 - 지수,Statistics,8.91,8.96,8.84,13.77,14.26,14.05,13.49,17.11,17.38,16.17,16.41,18.05,17.34,17.78
강북구 - 운전행태영역 - 지수,Statistics,32.07,27.89,32.03,27.04,33.11,35.15,43.15,46.75,46.96,47.25,45.39,47.15,46.37,45.71
강서구 - 계 - 지수,Statistics,82.7,83.23,81.8,81.49,88.57,85.92,92.46,84.94,77.75,79.96,82.5,81.44,71.4,83.49
강서구 - 교통안전영역 - 지수,Statistics,34.69,35.43,34.25,26.29,26.09,37.25,27.25,20.74,18.63,17.83,18.51,17.67,9.89,19.45
강서구 - 교통약자영역 - 지수,Statistics,9.36,9.45,9.35,12.93,13.59,,,,,,,,,
강서구 - 보행행태영역 - 지수,Statistics,7.06,9.25,8.15,12.52,14.82,13.09,13.99,17.16,13.57,16.66,15.54,17.29,16.04,16.73
강서구 - 운전행태영역 - 지수,Statistics,31.59,29.09,30.05,29.75,35.48,35.58,51.21,47.04,45.55,45.47,48.44,46.48,45.47,47.31
강원특별자치도 - 계 - 지수,Statistics,76.08,73.43,74.73,74.67,78.87,81.99,81.12,74.21,77.31,78.4,79.12,81.63,80.8,82.37
강원특별자치도 - 교통안전영역 - 지수,Statistics,27.94,28.13,27.94,21.62,22.04,31.55,20.1,11.22,14.06,14.48,15.92,16.89,17.48,17.71
강원특별자치도 - 교통약자영역 - 지수,Statistics,8.85,8.72,8.62,9.89,12.9,,,,,,,,,
강원특별자치도 - 보행행태영역 - 지수,Statistics,8.78,7.28,8.22,11.37,11.19,13.21,13.12,16.76,16.63,16.9,16.6,17.14,16.62,17.17
강원특별자치도 - 운전행태영역 - 지수,Statistics,30.52,29.3,29.95,31.79,33.68,37.24,47.9,46.23,46.62,47.02,46.36,47.59,46.7,47.49
강진군 - 계 - 지수,Statistics,66.33,57.12,76.72,47.17,76.85,81.55,88.71,72.34,72.92,79.61,80.05,71.5,80.61,79.11
강진군 - 교통안전영역 - 지수,Statistics,23.57,14.52,24.86,9.47,18.18,27.4,21.95,6.68,13.34,16.58,20.62,17.51,17.09,13.3
강진군 - 교통약자영역 - 지수,Statistics,9.28,4.91,7.76,9.66,14.37,,,,,,,,,
강진군 - 보행행태영역 - 지수,Statistics,7.14,6.22,10.0,6.0,10.91,15.0,13.88,15.59,16.97,16.03,14.04,11.74,15.84,18.19
강진군 - 운전행태영역 - 지수,Statistics,26.34,31.47,34.1,22.05,34.18,39.15,52.88,50.08,42.6,47.0,45.39,42.25,47.67,47.62
강화군 - 계 - 지수,Statistics,69.08,77.64,77.17,77.61,81.97,76.51,77.73,74.25,80.4,80.68,73.85,81.77,84.46,78.54
강화군 - 교통안전영역 - 지수,Statistics,22.99,32.12,27.15,20.68,18.04,29.52,19.04,9.54,15.73,15.62,8.99,15.51,19.22,18.1
강화군 - 교통약자영역 - 지수,Statistics,6.55,7.8,6.52,14.81,15.0,,,,,,,,,
강화군 - 보행행태영역 - 지수,Statistics,9.69,9.82,9.9,11.02,15.0,11.54,13.36,17.33,16.93,17.4,17.58,19.03,17.63,16.09
강화군 - 운전행태영역 - 지수,Statistics,29.86,27.9,33.6,31.11,34.7,35.45,45.33,47.38,47.75,47.65,47.28,47.22,47.61,44.36
거제시 - 계 - 지수,Statistics,74.65,78.59,80.85,79.11,73.38,88.32,80.23,74.24,82.41,77.72,85.86,79.32,84.4,84.25
거제시 - 교통안전영역 - 지수,Statistics,30.26,31.68,32.24,21.91,23.16,34.2,22.08,11.66,20.11,18.63,21.35,13.64,18.97,20.17
거제시 - 교통약자영역 - 지수,Statistics,9.3,9.33,9.44,10.83,9.62,,,,,,,,,
거제시 - 보행행태영역 - 지수,Statistics,8.23,7.77,9.09,13.12,13.06,14.38,13.19,17.25,16.49,14.48,16.27,16.93,17.44,17.01
거제시 - 운전행태영역 - 지수,Statistics,26.86,29.81,30.08,33.24,28.09,39.75,44.97,45.32,45.8,44.61,48.24,48.76,47.99,47.07
거창군 - 계 - 지수,Statistics,73.71,68.51,72.87,81.31,70.83,75.59,85.01,66.99,77.39,78.1,73.31,80.25,77.72,80.03
거창군 - 교통안전영역 - 지수,Statistics,27.53,29.98,27.07,20.05,19.9,27.84,20.34,9.54,19.09,17.11,14.85,21.72,21.18,20.29
거창군 - 교통약자영역 - 지수,Statistics,7.46,9.1,8.43,14.85,14.14,,,,,,,,,
거창군 - 보행행태영역 - 지수,Statistics,8.34,6.82,8.52,13.47,8.21,13.56,14.39,16.19,17.02,16.69,15.98,16.18,16.52,15.95
거창군 - 운전행태영역 - 지수,Statistics,30.38,22.61,28.85,32.93,29.08,34.19,50.28,41.26,41.28,44.3,42.47,42.34,40.02,43.79
경기도 - 계 - 지수,Statistics,81.01,79.06,80.17,80.11,81.27,84.4,83.81,76.43,78.78,80.38,81.26,80.81,76.53,79.38
경기도 - 교통안전영역 - 지수,Statistics,32.72,32.83,32.72,25.11,25.11,34.1,23.71,13.56,16.24,16.17,17.3,16.94,13.81,15.85
경기도 - 교통약자영역 - 지수,Statistics,9.14,9.25,9.28,11.17,11.14,,,,,,,,,
경기도 - 보행행태영역 - 지수,Statistics,8.79,8.62,8.67,12.62,13.1,13.0,13.11,16.69,16.62,16.89,16.98,17.23,17.02,17.08
경기도 - 운전행태영역 - 지수,Statistics,30.36,28.37,29.5,31.21,32.61,37.3,46.99,46.18,45.91,47.32,46.94,46.63,45.69,46.45
경산시 - 계 - 지수,Statistics,75.88,78.13,74.99,82.71,75.16,84.0,84.05,75.18,77.25,80.23,82.26,80.49,79.51,81.69
경산시 - 교통안전영역 - 지수,Statistics,28.35,27.21,29.79,22.84,22.49,33.48,21.36,11.14,15.72,17.53,18.22,15.72,17.92,19.6
경산시 - 교통약자영역 - 지수,Statistics,8.09,8.85,8.37,13.13,7.13,,,,,,,,,
경산시 - 보행행태영역 - 지수,Statistics,9.13,9.76,6.45,12.79,14.35,14.48,14.7,16.57,17.44,16.89,17.0,16.6,16.15,16.71
경산시 - 운전행태영역 - 지수,Statistics,30.31,32.31,30.38,33.96,31.5,36.04,47.99,47.47,44.08,45.81,47.03,48.17,45.45,45.38
경상남도 - 계 - 지수,Statistics,78.26,77.97,79.89,78.61,79.84,82.75,80.45,74.02,77.95,77.61,81.91,83.81,83.09,84.81
경상남도 - 교통안전영역 - 지수,Statistics,31.38,30.79,31.17,22.34,23.23,31.71,21.17,12.37,16.65,16.26,19.02,18.96,19.45,20.42
경상남도 - 교통약자영역 - 지수,Statistics,8.61,8.86,8.98,10.76,12.21,,,,,,,,,
경상남도 - 보행행태영역 - 지수,Statistics,8.5,8.53,9.04,13.18,12.8,13.12,13.76,16.32,16.83,16.18,17.02,17.63,17.32,17.29
경상남도 - 운전행태영역 - 지수,Statistics,29.78,29.78,30.7,32.33,32.28,37.92,45.52,45.32,44.47,45.18,45.75,47.22,46.31,47.1
경상북도 - 계 - 지수,Statistics,73.87,74.09,75.89,75.1,76.28,79.11,77.23,73.37,74.69,78.33,80.06,77.88,80.57,80.71
경상북도 - 교통안전영역 - 지수,Statistics,26.51,27.1,27.29,20.24,20.83,29.3,18.7,12.26,14.17,17.02,17.75,15.28,18.61,18.28
경상북도 - 교통약자영역 - 지수,Statistics,8.26,8.6,8.58,10.85,10.63,,,,,,,,,
경상북도 - 보행행태영역 - 지수,Statistics,8.82,8.86,8.62,12.73,12.84,13.48,13.35,16.31,16.4,16.81,16.56,16.91,16.67,17.08
경상북도 - 운전행태영역 - 지수,Statistics,30.29,29.54,31.4,31.28,32.39,36.33,45.18,44.81,44.11,44.5,45.57,45.7,45.3,45.35
경주시 - 계 - 지수,Statistics,72.95,68.64,71.54,69.03,66.69,79.14,77.92,71.52,74.8,78.53,80.28,76.15,78.36,82.68
경주시 - 교통안전영역 - 지수,Statistics,22.95,23.13,21.88,14.84,15.72,27.4,19.41,8.62,15.52,15.93,17.65,14.46,15.35,19.79
경주시 - 교통약자영역 - 지수,Statistics,8.21,8.57,8.19,8.24,10.76,,,,,,,,,
경주시 - 보행행태영역 - 지수,Statistics,9.45,9.39,8.58,14.64,12.59,13.65,13.9,17.56,16.13,17.26,18.52,16.61,17.84,18.04
경주시 - 운전행태영역 - 지수,Statistics,32.35,27.55,32.89,31.31,27.59,38.09,44.61,45.34,43.15,45.34,44.11,45.08,45.17,44.85
계룡시 - 계 - 지수,Statistics,90.32,84.26,74.81,87.3,77.14,89.4,85.28,78.75,72.46,87.7,80.95,82.48,83.3,88.06
계룡시 - 교통안전영역 - 지수,Statistics,37.48,35.16,34.54,27.34,25.09,36.08,23.07,12.07,11.98,22.5,17.48,22.29,23.41,20.0
계룡시 - 교통약자영역 - 지수,Statistics,9.65,8.98,9.67,13.33,10.41,,,,,,,,,
계룡시 - 보행행태영역 - 지수,Statistics,9.31,8.59,8.99,13.29,10.96,13.63,10.98,17.42,17.31,16.5,16.5,16.63,16.66,17.28
계룡시 - 운전행태영역 - 지수,Statistics,33.87,31.53,21.61,33.34,31.36,39.69,51.23,49.27,43.16,48.69,46.98,43.56,43.23,50.79
계양구 - 계 - 지수,Statistics,82.95,83.52,83.27,82.21,87.8,84.45,88.03,82.51,74.59,86.33,83.27,84.84,83.47,85.56
계양구 - 교통안전영역 - 지수,Statistics,34.19,35.95,35.39,28.18,26.93,36.85,27.12,19.09,10.69,21.41,19.35,20.23,20.79,22.15
계양구 - 교통약자영역 - 지수,Statistics,9.49,9.38,9.59,7.16,12.08,,,,,,,,,
계양구 - 보행행태영역 - 지수,Statistics,9.0,8.37,8.09,14.42,14.6,11.61,13.39,16.51,16.96,16.96,17.16,16.45,17.05,17.36
계양구 - 운전행태영역 - 지수,Statistics,30.27,29.82,30.2,32.45,34.78,35.99,47.53,46.9,46.93,47.97,46.76,48.16,45.64,46.05
고령군 - 계 - 지수,Statistics,54.27,63.98,51.66,,58.21,75.94,71.33,66.66,73.61,71.09,82.19,73.55,76.92,78.37
고령군 - 교통안전영역 - 지수,Statistics,16.88,18.49,17.74,18.06,8.05,30.21,16.86,8.97,14.79,17.11,19.74,12.65,18.73,17.06
고령군 - 교통약자영역 - 지수,Statistics,6.24,7.27,5.9,14.48,13.31,,,,,,,,,
고령군 - 보행행태영역 - 지수,Statistics,8.33,8.25,3.85,,5.45,12.0,11.32,15.84,14.57,16.09,14.21,16.93,16.13,16.23
고령군 - 운전행태영역 - 지수,Statistics,22.82,29.98,24.17,,31.4,33.72,43.16,41.85,44.25,37.9,48.24,43.98,42.05,45.07
고성군 - 계 - 지수,Statistics,67.86,71.79,70.17,60.11,65.66,81.16,75.46,73.02,69.32,81.3,76.88,84.81,81.24,81.0
고성군 - 교통안전영역 - 지수,Statistics,23.34,25.16,20.21,18.28,19.23,29.85,19.82,11.26,8.1,17.91,11.93,16.22,17.75,15.31
고성군 - 교통약자영역 - 지수,Statistics,9.0,9.63,9.79,5.06,8.0,,,,,,,,,
고성군 - 보행행태영역 - 지수,Statistics,7.17,8.11,7.94,9.68,7.97,13.88,12.68,15.33,14.61,15.94,16.64,17.43,17.52,18.19
고성군 - 운전행태영역 - 지수,Statistics,28.35,28.89,32.23,27.1,30.78,37.42,42.96,46.44,46.61,47.45,48.31,51.16,45.97,47.49
고양시 - 계 - 지수,Statistics,83.4,81.18,80.84,79.83,78.51,83.35,82.85,72.51,83.18,83.4,86.56,84.27,77.75,81.31
고양시 - 교통안전영역 - 지수,Statistics,33.37,33.6,33.5,25.72,26.03,33.25,22.81,10.95,19.08,17.2,19.65,17.45,12.54,16.13
고양시 - 교통약자영역 - 지수,Statistics,9.22,9.21,9.11,10.94,10.47,,,,,,,,,
고양시 - 보행행태영역 - 지수,Statistics,9.07,8.68,8.86,12.66,13.15,13.39,13.38,17.21,16.5,17.09,17.41,17.91,17.3,17.35
고양시 - 운전행태영역 - 지수,Statistics,31.74,29.7,29.37,30.52,29.48,36.71,46.67,44.36,47.6,49.11,49.49,48.91,47.92,47.83
고창군 - 계 - 지수,Statistics,69.19,66.87,61.58,54.41,74.42,67.63,83.53,76.18,76.4,67.81,76.04,65.72,79.79,87.3
고창군 - 교통안전영역 - 지수,Statistics,30.05,22.95,22.79,18.77,17.76,20.03,21.37,15.89,16.73,8.28,19.19,11.92,22.11,20.17
고창군 - 교통약자영역 - 지수,Statistics,8.91,7.44,6.32,9.61,11.89,,,,,,,,,
고창군 - 보행행태영역 - 지수,Statistics,9.14,9.83,7.5,6.0,11.38,9.2,13.79,15.59,15.39,18.4,13.79,13.03,15.57,17.53
고창군 - 운전행태영역 - 지수,Statistics,21.09,26.66,24.97,20.02,34.33,38.4,48.37,44.7,44.27,41.14,43.07,40.76,42.1,49.59
고흥군 - 계 - 지수,Statistics,78.0,84.88,72.31,57.41,79.63,75.29,79.58,75.0,71.61,71.69,77.91,77.79,82.4,77.72
고흥군 - 교통안전영역 - 지수,Statistics,30.11,33.18,28.11,16.78,17.55,26.57,20.41,11.29,13.16,11.92,13.78,14.11,19.04,17.69
고흥군 - 교통약자영역 - 지수,Statistics,9.18,9.65,8.16,6.75,13.9,,,,,,,,,
고흥군 - 보행행태영역 - 지수,Statistics,8.6,9.13,9.57,6.7,14.38,12.94,13.41,17.53,14.39,16.22,16.81,16.68,16.21,14.57
고흥군 - 운전행태영역 - 지수,Statistics,30.11,32.92,26.47,27.18,34.23,35.78,45.76,46.18,44.06,43.55,47.32,46.99,47.14,45.46
곡성군 - 계 - 지수,Statistics,66.26,66.8,58.27,57.76,65.09,76.87,83.25,78.09,79.68,83.93,84.86,84.56,82.84,82.99
곡성군 - 교통안전영역 - 지수,Statistics,24.74,23.08,22.85,16.04,19.62,35.46,19.14,10.97,15.27,13.91,17.5,18.76,20.62,17.23
곡성군 - 교통약자영역 - 지수,Statistics,8.84,7.91,5.85,11.5,12.2,,,,,,,,,
곡성군 - 보행행태영역 - 지수,Statistics,6.39,9.02,4.0,8.18,4.09,8.76,13.4,16.7,16.49,18.21,17.29,16.68,17.58,17.73
곡성군 - 운전행태영역 - 지수,Statistics,26.28,26.79,25.57,22.04,29.6,32.65,50.7,50.42,47.93,51.82,50.07,49.12,44.64,48.03
공주시 - 계 - 지수,Statistics,75.37,77.08,81.18,76.9,76.12,77.04,82.25,76.25,82.04,74.94,75.2,81.81,80.82,81.58
공주시 - 교통안전영역 - 지수,Statistics,27.32,29.16,30.14,17.17,17.33,26.25,21.58,10.76,14.95,16.15,14.45,18.75,18.65,20.18
공주시 - 교통약자영역 - 지수,Statistics,7.91,8.35,8.52,14.3,12.25,,,,,,,,,
공주시 - 보행행태영역 - 지수,Statistics,9.81,8.62,8.85,12.0,11.5,13.51,14.03,17.12,17.51,15.91,15.15,16.72,17.2,16.65
공주시 - 운전행태영역 - 지수,Statistics,30.33,30.95,33.67,33.44,35.71,37.28,46.64,48.37,49.59,42.88,45.61,46.35,44.96,44.75
과천시 - 계 - 지수,Statistics,85.33,84.12,82.44,80.71,88.39,85.55,82.95,72.34,79.94,76.35,80.85,84.46,83.7,80.36
과천시 - 교통안전영역 - 지수,Statistics,34.55,35.17,34.55,26.71,27.23,34.66,22.23,6.68,16.08,11.08,16.23,20.14,16.52,16.45
과천시 - 교통약자영역 - 지수,Statistics,10.0,9.97,9.82,11.77,14.84,,,,,,,,,
과천시 - 보행행태영역 - 지수,Statistics,8.34,9.12,9.36,13.59,13.58,13.62,12.23,16.75,17.46,16.75,16.95,17.1,18.14,16.29
과천시 - 운전행태영역 - 지수,Statistics,32.44,29.85,28.71,28.64,33.65,37.28,48.49,48.9,46.39,48.53,47.67,47.23,49.04,47.61
관악구 - 계 - 지수,Statistics,80.57,83.01,82.68,79.63,83.47,82.18,83.39,69.69,73.87,74.26,83.77,81.78,79.79,82.0
관악구 - 교통안전영역 - 지수,Statistics,33.96,34.23,33.6,26.23,26.63,33.98,22.9,10.53,11.29,11.0,18.5,19.05,14.53,16.98
관악구 - 교통약자영역 - 지수,Statistics,8.84,9.41,9.11,9.09,13.46,,,,,,,,,
관악구 - 보행행태영역 - 지수,Statistics,5.84,9.54,9.33,13.89,13.61,11.12,13.53,15.27,15.96,17.37,17.54,16.8,17.76,17.15
관악구 - 운전행태영역 - 지수,Statistics,31.93,29.83,30.64,30.41,31.01,37.08,46.96,43.88,46.62,45.88,47.74,45.93,47.5,47.87
광명시 - 계 - 지수,Statistics,84.43,79.78,77.21,84.69,82.33,85.61,86.98,73.95,74.03,74.05,84.52,85.01,78.23,76.58
광명시 - 교통안전영역 - 지수,Statistics,36.35,34.34,34.33,28.28,27.55,33.48,23.3,10.11,10.87,11.2,21.43,20.43,15.88,12.04
광명시 - 교통약자영역 - 지수,Statistics,8.94,9.37,9.24,10.69,13.57,,,,,,,,,
광명시 - 보행행태영역 - 지수,Statistics,9.14,8.99,9.28,13.56,10.94,12.66,12.8,16.6,16.94,16.45,16.05,16.29,17.04,17.41
광명시 - 운전행태영역 - 지수,Statistics,30.0,27.08,24.36,32.15,31.45,39.47,50.87,47.24,46.23,46.4,47.03,48.28,45.32,47.13
광산구 - 계 - 지수,Statistics,79.34,80.14,78.25,74.65,80.96,79.39,75.49,81.34,83.71,82.95,86.94,84.17,78.66,84.47
광산구 - 교통안전영역 - 지수,Statistics,30.56,30.95,31.12,23.79,25.49,28.14,20.05,18.28,20.38,20.13,21.0,21.47,15.96,18.19
광산구 - 교통약자영역 - 지수,Statistics,9.19,9.8,9.0,6.27,9.65,,,,,,,,,
광산구 - 보행행태영역 - 지수,Statistics,8.68,9.01,8.9,13.24,14.41,13.88,11.97,16.75,16.9,16.4,18.18,17.11,16.61,17.57
광산구 - 운전행태영역 - 지수,Statistics,30.91,30.38,29.23,31.35,32.15,37.37,43.48,46.31,46.43,46.42,47.76,45.59,46.09,48.71
광양시 - 계 - 지수,Statistics,70.67,78.56,74.87,64.31,76.77,84.36,84.03,71.98,86.61,82.87,84.34,84.42,83.4,81.25
광양시 - 교통안전영역 - 지수,Statistics,28.16,29.11,28.7,20.82,20.76,35.61,25.19,13.33,18.09,18.55,18.0,18.72,19.95,18.92
광양시 - 교통약자영역 - 지수,Statistics,8.52,8.39,9.02,12.04,11.09,,,,,,,,,
광양시 - 보행행태영역 - 지수,Statistics,9.03,8.99,8.74,8.29,14.02,12.5,12.13,15.36,17.97,17.47,18.2,18.16,17.95,18.01
광양시 - 운전행태영역 - 지수,Statistics,24.96,32.07,28.41,23.16,31.36,36.24,46.71,43.29,50.55,46.85,48.13,47.55,45.5,44.32
광주광역시 - 계 - 지수,Statistics,78.75,80.66,78.45,80.02,80.94,85.39,80.09,81.17,84.03,83.56,83.97,81.64,78.44,81.39
광주광역시 - 교통안전영역 - 지수,Statistics,30.23,31.03,29.16,23.65,24.1,33.3,21.39,19.01,20.43,18.71,19.81,18.42,14.43,16.41
광주광역시 - 교통약자영역 - 지수,Statistics,8.87,9.37,8.99,10.39,10.29,,,,,,,,,
광주광역시 - 보행행태영역 - 지수,Statistics,8.62,8.84,9.46,13.89,14.0,13.87,13.46,16.6,16.77,17.04,17.58,16.65,16.78,17.16
광주광역시 - 운전행태영역 - 지수,Statistics,31.02,31.42,30.84,32.09,33.28,38.22,45.23,45.56,46.83,47.81,46.55,46.57,47.22,47.82
광주시 - 계 - 지수,Statistics,80.7,77.73,85.55,77.97,73.66,80.8,77.11,71.15,70.41,79.03,80.9,76.73,69.95,77.98
광주시 - 교통안전영역 - 지수,Statistics,31.31,32.04,33.33,24.04,23.74,32.45,22.04,10.45,15.49,14.16,15.31,9.9,5.63,14.84
광주시 - 교통약자영역 - 지수,Statistics,8.5,8.74,9.52,7.03,6.61,,,,,,,,,
광주시 - 보행행태영역 - 지수,Statistics,8.94,9.47,9.76,13.8,11.44,11.82,13.15,16.68,13.99,17.87,18.17,18.43,17.25,15.65
광주시 - 운전행태영역 - 지수,Statistics,31.95,27.49,32.94,33.11,32.0,36.53,41.92,44.01,40.93,47.0,47.42,48.41,47.07,47.49
광진구 - 계 - 지수,Statistics,77.29,76.83,75.28,81.51,86.52,88.52,88.19,81.08,73.13,79.55,81.66,85.65,78.59,79.76
광진구 - 교통안전영역 - 지수,Statistics,33.12,31.98,32.72,27.36,26.42,36.67,25.08,20.4,10.82,17.75,22.66,19.65,16.38,17.28
광진구 - 교통약자영역 - 지수,Statistics,7.99,8.26,8.17,9.27,12.75,,,,,,,,,
광진구 - 보행행태영역 - 지수,Statistics,9.73,9.56,8.62,14.31,14.36,13.43,14.05,16.17,16.52,16.75,14.16,18.56,16.97,16.95
광진구 - 운전행태영역 - 지수,Statistics,26.45,27.02,25.77,30.57,34.34,38.41,49.06,44.51,45.79,45.05,44.84,47.44,45.24,45.53
괴산군 - 계 - 지수,Statistics,70.61,74.12,61.66,84.09,84.64,70.73,83.02,70.31,67.02,67.14,80.66,79.06,86.25,85.09
괴산군 - 교통안전영역 - 지수,Statistics,24.99,28.66,17.18,18.47,21.37,21.53,19.79,7.45,10.57,12.74,20.23,15.77,20.6,18.39
괴산군 - 교통약자영역 - 지수,Statistics,7.14,9.48,8.29,14.26,15.0,,,,,,,,,
괴산군 - 보행행태영역 - 지수,Statistics,8.58,8.58,8.66,15.0,14.06,13.67,14.24,17.13,16.45,16.4,14.96,16.54,17.62,17.03
괴산군 - 운전행태영역 - 지수,Statistics,29.9,27.4,27.53,36.36,35.46,35.53,48.99,45.72,40.0,38.0,45.47,46.75,48.03,49.67
구례군 - 계 - 지수,Statistics,61.55,73.04,65.61,64.05,55.38,81.28,79.56,76.29,76.65,75.69,78.84,75.35,82.27,77.72
구례군 - 교통안전영역 - 지수,Statistics,18.49,27.36,25.78,21.87,9.52,33.31,18.96,12.39,17.67,12.35,17.44,13.68,20.26,17.78
구례군 - 교통약자영역 - 지수,Statistics,6.0,8.74,6.19,11.3,10.05,,,,,,,,,
구례군 - 보행행태영역 - 지수,Statistics,4.95,6.21,6.59,8.92,6.08,13.57,11.18,16.0,14.59,16.38,17.34,17.14,16.81,16.11
구례군 - 운전행태영역 - 지수,Statistics,32.1,30.73,27.05,21.96,29.59,34.4,49.43,47.91,44.4,46.96,44.06,44.54,45.2,43.83
구로구 - 계 - 지수,Statistics,84.9,81.12,82.51,83.06,81.6,88.6,84.83,81.82,74.94,81.8,79.67,81.23,80.55,71.62
구로구 - 교통안전영역 - 지수,Statistics,34.86,34.35,33.5,26.3,25.91,36.32,25.36,19.58,14.21,19.39,16.46,18.81,15.35,9.84
구로구 - 교통약자영역 - 지수,Statistics,9.69,9.69,9.47,13.67,11.58,,,,,,,,,
구로구 - 보행행태영역 - 지수,Statistics,8.98,7.69,9.13,9.89,13.59,13.31,13.86,16.64,14.36,16.34,15.56,16.87,17.42,16.71
구로구 - 운전행태영역 - 지수,Statistics,31.37,29.38,30.41,33.2,31.25,38.97,45.6,45.6,46.37,46.07,47.65,45.55,47.77,45.08
구리시 - 계 - 지수,Statistics,82.41,82.25,80.89,76.27,79.42,81.84,86.19,72.81,80.34,83.01,73.48,80.08,77.44,76.47
구리시 - 교통안전영역 - 지수,Statistics,33.59,32.18,34.23,25.6,25.6,35.1,23.18,9.57,17.7,18.31,11.16,15.44,14.42,13.29
구리시 - 교통약자영역 - 지수,Statistics,9.39,9.03,9.9,13.53,7.6,,,,,,,,,
구리시 - 보행행태영역 - 지수,Statistics,8.57,8.67,7.04,11.22,13.57,12.19,13.89,16.59,17.07,17.24,15.77,17.25,17.97,16.21
구리시 - 운전행태영역 - 지수,Statistics,30.87,32.37,29.72,25.92,33.3,34.55,49.12,46.65,45.58,47.46,46.55,47.38,45.05,46.97
구미시 - 계 - 지수,Statistics,76.36,75.72,76.94,76.76,77.04,76.68,80.4,75.12,82.24,77.63,80.49,79.23,79.58,80.79
구미시 - 교통안전영역 - 지수,Statistics,30.22,30.44,31.86,23.57,23.23,26.14,23.51,15.76,19.72,17.67,19.27,17.48,17.06,20.0
구미시 - 교통약자영역 - 지수,Statistics,8.65,8.85,8.43,10.39,9.09,,,,,,,,,
구미시 - 보행행태영역 - 지수,Statistics,8.13,8.68,8.09,10.19,11.07,12.5,13.0,16.82,17.07,16.65,16.91,15.64,17.38,17.09
구미시 - 운전행태영역 - 지수,Statistics,29.37,27.75,28.56,32.62,34.02,38.05,43.89,42.54,45.45,43.31,44.31,46.12,45.15,43.7
군산시 - 계 - 지수,Statistics,76.43,80.18,79.54,77.0,82.01,83.54,79.07,72.2,74.46,71.54,80.45,76.4,77.01,82.52
군산시 - 교통안전영역 - 지수,Statistics,26.88,29.01,29.76,20.53,21.28,31.78,19.99,9.06,11.64,9.71,15.97,13.63,15.77,20.45
군산시 - 교통약자영역 - 지수,Statistics,7.67,9.18,9.13,12.6,14.2,,,,,,,,,
군산시 - 보행행태영역 - 지수,Statistics,9.03,8.62,9.34,13.08,12.02,13.77,13.61,16.84,17.76,18.13,16.25,18.04,16.78,16.01
군산시 - 운전행태영역 - 지수,Statistics,32.85,33.37,31.31,30.79,35.68,37.99,45.47,46.3,45.06,43.7,48.23,44.73,44.46,46.06
군위군 - 계 - 지수,Statistics,69.98,67.32,61.81,,76.1,68.15,63.78,74.24,71.73,79.04,83.42,69.95,81.72,76.13
군위군 - 교통안전영역 - 지수,Statistics,27.18,23.54,16.52,5.19,19.75,15.85,11.28,11.28,13.04,15.17,18.83,11.31,17.61,14.27
군위군 - 교통약자영역 - 지수,Statistics,7.99,7.97,6.72,8.69,13.39,,,,,,,,,
군위군 - 보행행태영역 - 지수,Statistics,2.5,6.47,6.36,,11.25,14.03,12.39,16.3,16.24,17.97,18.63,11.73,16.18,13.5
군위군 - 운전행태영역 - 지수,Statistics,32.32,29.35,32.21,32.57,32.28,38.27,40.12,46.65,42.45,45.9,45.95,46.91,47.94,48.36
군포시 - 계 - 지수,Statistics,85.13,83.2,85.05,77.39,83.9,85.74,89.0,79.7,79.66,82.52,81.97,75.59,78.11,82.41
군포시 - 교통안전영역 - 지수,Statistics,36.04,35.0,35.57,27.21,27.22,35.87,25.42,18.75,18.99,19.42,18.33,14.78,18.93,17.95
군포시 - 교통약자영역 - 지수,Statistics,9.88,9.07,9.64,11.85,9.6,,,,,,,,,
군포시 - 보행행태영역 - 지수,Statistics,9.27,8.9,8.76,9.59,13.08,13.57,13.96,16.86,16.91,16.54,16.85,17.61,16.87,16.31
군포시 - 운전행태영역 - 지수,Statistics,29.94,30.24,31.08,28.74,34.4,36.3,49.62,44.09,43.76,46.57,46.79,43.2,42.31,48.15
금산군 - 계 - 지수,Statistics,68.96,74.84,68.94,79.37,82.74,72.56,79.75,73.93,73.62,78.55,82.5,82.97,89.59,86.94
금산군 - 교통안전영역 - 지수,Statistics,21.02,27.12,28.16,14.99,20.39,22.91,21.79,8.74,9.61,13.06,18.07,17.77,21.77,21.11
금산군 - 교통약자영역 - 지수,Statistics,8.27,9.45,8.6,14.52,13.16,,,,,,,,,
금산군 - 보행행태영역 - 지수,Statistics,8.29,9.43,5.53,15.0,14.0,13.03,13.51,17.32,18.37,17.8,17.55,17.22,18.1,16.96
금산군 - 운전행태영역 - 지수,Statistics,31.38,28.84,26.65,34.86,36.14,36.62,44.46,47.87,45.64,47.7,46.88,47.98,49.71,48.87
금정구 - 계 - 지수,Statistics,78.58,74.45,79.07,70.63,77.37,83.83,81.35,74.74,77.44,83.69,83.24,83.53,79.28,83.83
금정구 - 교통안전영역 - 지수,Statistics,33.15,33.07,32.21,23.29,26.94,35.55,25.7,15.87,14.93,19.94,20.69,18.83,16.61,19.93
금정구 - 교통약자영역 - 지수,Statistics,9.02,8.83,9.09,8.2,11.81,,,,,,,,,
금정구 - 보행행태영역 - 지수,Statistics,7.27,4.04,9.26,10.61,9.2,14.02,12.51,16.36,17.4,17.37,16.83,16.22,16.79,16.42
금정구 - 운전행태영역 - 지수,Statistics,29.13,28.51,28.51,28.53,30.02,34.26,43.14,42.51,45.11,46.37,45.72,48.48,45.88,47.48
금천구 - 계 - 지수,Statistics,82.83,79.96,79.42,81.05,79.07,85.92,85.08,74.56,68.79,78.87,79.89,75.16,78.13,74.51
금천구 - 교통안전영역 - 지수,Statistics,32.79,32.79,30.81,25.62,25.55,36.43,25.12,11.33,10.41,15.58,16.63,11.51,13.48,13.36
금천구 - 교통약자영역 - 지수,Statistics,9.65,9.51,9.15,13.55,10.42,,,,,,,,,
금천구 - 보행행태영역 - 지수,Statistics,9.03,8.73,8.99,12.92,13.7,13.18,13.94,16.86,16.71,16.9,16.83,17.58,18.18,17.29
금천구 - 운전행태영역 - 지수,Statistics,31.36,28.92,30.47,28.94,30.08,36.31,46.01,46.37,41.67,46.39,46.43,46.06,46.47,43.86
기장군 - 계 - 지수,Statistics,64.3,68.16,72.42,75.85,81.44,77.58,88.38,80.52,73.3,79.76,84.16,84.74,83.9,77.24
기장군 - 교통안전영역 - 지수,Statistics,28.38,29.6,30.22,24.0,26.24,31.46,25.59,18.89,11.32,19.05,20.92,18.53,17.19,14.55
기장군 - 교통약자영역 - 지수,Statistics,9.41,9.37,8.96,14.14,11.67,,,,,,,,,
기장군 - 보행행태영역 - 지수,Statistics,5.88,5.07,7.89,10.53,12.0,11.72,14.06,17.17,16.86,15.71,17.84,17.86,18.11,17.22
기장군 - 운전행태영역 - 지수,Statistics,20.62,24.12,25.35,27.18,32.23,34.39,48.74,44.46,45.11,45.0,45.4,48.35,48.59,45.47
김제시 - 계 - 지수,Statistics,65.76,66.15,76.69,68.85,69.93,75.85,84.36,71.79,79.26,69.8,75.61,74.61,79.82,84.48
김제시 - 교통안전영역 - 지수,Statistics,21.1,22.88,27.04,14.45,16.05,25.24,20.69,8.33,16.54,7.17,10.54,16.35,20.95,22.03
김제시 - 교통약자영역 - 지수,Statistics,7.54,7.85,8.08,8.82,11.67,,,,,,,,,
김제시 - 보행행태영역 - 지수,Statistics,6.6,8.55,9.79,11.35,11.05,13.82,14.11,16.95,17.59,17.1,18.12,18.0,16.99,17.01
김제시 - 운전행태영역 - 지수,Statistics,30.52,26.87,31.78,34.24,31.96,36.79,49.56,46.5,45.13,45.53,46.95,40.26,41.89,45.43
김천시 - 계 - 지수,Statistics,78.47,80.42,79.15,76.15,79.22,80.78,83.84,73.88,78.04,80.44,80.09,75.45,84.91,84.82
김천시 - 교통안전영역 - 지수,Statistics,25.92,27.41,28.61,19.02,20.23,29.21,23.81,13.67,14.86,18.71,17.32,15.24,21.09,21.89
김천시 - 교통약자영역 - 지수,Statistics,8.44,8.65,9.26,7.53,14.86,,,,,,,,,
김천시 - 보행행태영역 - 지수,Statistics,9.78,9.52,8.54,14.63,12.1,14.56,13.69,15.33,17.89,17.16,17.6,17.45,17.51,16.97
김천시 - 운전행태영역 - 지수,Statistics,34.34,34.84,32.74,34.98,32.31,37.0,46.33,44.88,45.28,44.58,45.17,42.76,46.31,45.96
김포시 - 계 - 지수,Statistics,81.2,75.55,79.7,77.2,82.35,81.68,87.42,70.88,80.01,84.11,79.79,86.39,79.92,79.67
김포시 - 교통안전영역 - 지수,Statistics,30.87,32.3,30.8,24.27,24.55,33.48,22.44,8.73,15.87,15.66,16.22,18.7,14.0,15.14
김포시 - 교통약자영역 - 지수,Statistics,9.23,9.47,9.32,13.7,10.43,,,,,,,,,
김포시 - 보행행태영역 - 지수,Statistics,8.67,7.08,8.73,13.4,13.74,12.73,14.4,15.7,17.72,17.57,15.03,17.91,16.92,17.4
김포시 - 운전행태영역 - 지수,Statistics,32.44,26.71,30.85,25.83,34.36,35.47,50.58,46.46,46.42,50.88,48.54,49.78,49.0,47.13
김해시 - 계 - 지수,Statistics,75.98,79.41,78.51,74.08,82.41,86.53,84.62,77.25,76.09,76.79,82.39,86.44,79.82,87.78
김해시 - 교통안전영역 - 지수,Statistics,31.5,31.23,31.9,24.5,23.46,35.02,23.27,15.37,17.14,18.93,19.22,21.57,16.95,22.21
김해시 - 교통약자영역 - 지수,Statistics,8.9,9.17,9.14,8.53,11.77,,,,,,,,,
김해시 - 보행행태영역 - 지수,Statistics,8.15,8.55,8.96,12.94,13.71,13.1,14.12,15.72,16.51,15.54,17.59,18.11,17.46,18.74
김해시 - 운전행태영역 - 지수,Statistics,27.44,30.46,28.51,28.1,33.93,38.41,47.23,46.16,42.44,42.32,45.58,46.77,45.41,46.83
나주시 - 계 - 지수,Statistics,59.33,64.25,62.17,62.12,71.57,83.33,87.02,70.66,78.96,77.89,81.88,81.97,83.1,79.65
나주시 - 교통안전영역 - 지수,Statistics,14.06,18.43,13.94,6.24,15.47,30.06,22.43,10.01,16.95,15.64,18.42,18.81,19.84,19.02
나주시 - 교통약자영역 - 지수,Statistics,7.33,5.94,6.81,13.9,8.47,,,,,,,,,
나주시 - 보행행태영역 - 지수,Statistics,8.62,7.67,9.17,12.13,13.13,11.52,13.05,15.08,16.22,16.6,16.71,17.92,16.88,16.22
나주시 - 운전행태영역 - 지수,Statistics,29.32,32.21,32.25,29.85,34.9,41.75,51.54,45.57,45.79,45.65,46.75,45.24,46.38,44.42
남구 - 계 - 지수,Statistics,82.33,81.21,81.23,86.22,82.94,85.98,87.4,81.97,72.2,80.54,83.34,79.8,77.43,79.55
남구 - 교통안전영역 - 지수,Statistics,33.9,34.85,33.21,27.16,25.83,36.83,26.67,21.09,11.42,20.04,20.82,17.28,17.88,18.27
남구 - 교통약자영역 - 지수,Statistics,8.92,9.63,9.11,13.82,12.25,,,,,,,,,
남구 - 보행행태영역 - 지수,Statistics,9.33,9.79,9.82,14.4,14.7,13.33,12.84,16.52,16.46,16.1,17.19,18.25,17.8,17.15
남구 - 운전행태영역 - 지수,Statistics,30.17,26.94,29.09,30.84,30.67,35.82,47.88,44.36,44.33,44.4,45.32,44.27,41.74,44.13
남동구 - 계 - 지수,Statistics,83.59,81.28,84.52,83.29,87.33,85.76,86.4,74.14,82.9,87.01,84.65,88.16,81.5,83.16
남동구 - 교통안전영역 - 지수,Statistics,32.56,33.22,32.76,25.57,25.79,33.79,25.21,10.92,17.61,20.17,20.22,19.85,17.54,19.39
남동구 - 교통약자영역 - 지수,Statistics,9.13,9.44,9.69,10.1,11.2,,,,,,,,,
남동구 - 보행행태영역 - 지수,Statistics,9.49,8.79,9.42,14.09,14.88,13.62,13.33,16.6,17.87,17.34,17.22,18.2,17.08,17.63
남동구 - 운전행태영역 - 지수,Statistics,32.41,29.83,32.65,33.52,36.23,38.35,47.85,46.61,47.42,49.51,47.22,50.11,46.87,46.14
남양주시 - 계 - 지수,Statistics,80.74,79.56,79.48,83.82,80.58,84.8,84.18,77.41,76.93,81.06,80.74,80.22,76.15,79.46
남양주시 - 교통안전영역 - 지수,Statistics,32.48,33.19,32.37,25.37,25.88,34.58,25.23,15.32,15.59,15.28,16.79,16.72,12.77,16.04
남양주시 - 교통약자영역 - 지수,Statistics,8.97,8.87,9.21,11.36,11.24,,,,,,,,,
남양주시 - 보행행태영역 - 지수,Statistics,8.24,8.18,8.73,14.06,12.29,12.62,12.9,16.42,16.09,17.71,16.8,17.38,17.11,17.14
남양주시 - 운전행태영역 - 지수,Statistics,31.05,29.32,29.17,33.02,31.56,37.6,46.05,45.67,45.25,48.07,47.15,46.12,46.27,46.28
남원시 - 계 - 지수,Statistics,67.31,73.42,62.87,69.67,76.43,77.28,76.68,77.54,83.1,83.99,84.15,80.44,81.99,81.39
남원시 - 교통안전영역 - 지수,Statistics,24.2,28.57,20.58,21.33,23.25,30.22,14.16,19.57,20.55,21.16,17.46,19.79,19.58,21.56
남원시 - 교통약자영역 - 지수,Statistics,8.72,9.22,6.52,13.73,10.87,,,,,,,,,
남원시 - 보행행태영역 - 지수,Statistics,8.63,8.72,7.45,9.11,12.79,12.66,12.79,15.03,17.71,17.07,17.61,16.69,18.09,16.48
남원시 - 운전행태영역 - 지수,Statistics,25.76,26.91,28.32,25.5,30.29,34.4,49.73,42.94,44.83,45.76,49.07,43.97,44.32,43.36
남해군 - 계 - 지수,Statistics,69.54,69.62,77.24,77.97,77.92,68.47,78.58,66.59,75.16,75.68,82.48,81.95,76.41,80.69
남해군 - 교통안전영역 - 지수,Statistics,25.75,25.58,27.35,17.82,18.32,26.33,17.66,11.95,11.37,16.44,18.76,19.49,19.02,19.62
남해군 - 교통약자영역 - 지수,Statistics,7.83,7.94,7.65,13.85,11.97,,,,,,,,,
남해군 - 보행행태영역 - 지수,Statistics,5.77,6.03,10.0,13.67,14.42,9.29,14.0,12.56,15.46,10.64,17.76,16.38,15.41,15.16
남해군 - 운전행태영역 - 지수,Statistics,30.19,30.07,32.24,32.62,33.99,32.86,46.92,42.08,48.33,48.61,45.96,46.07,41.99,45.91
노원구 - 계 - 지수,Statistics,81.84,81.93,83.39,86.62,86.38,87.22,83.05,74.32,73.05,82.64,81.36,81.1,81.16,74.83
노원구 - 교통안전영역 - 지수,Statistics,34.8,35.78,35.25,27.9,27.38,37.97,25.07,11.45,11.34,17.85,16.09,17.51,15.91,11.0
노원구 - 교통약자영역 - 지수,Statistics,8.58,9.12,9.41,14.23,13.18,,,,,,,,,
노원구 - 보행행태영역 - 지수,Statistics,9.23,8.62,8.46,11.88,13.76,13.86,13.6,15.83,16.54,16.57,17.77,17.26,17.63,17.24
노원구 - 운전행태영역 - 지수,Statistics,29.23,28.41,30.27,32.61,33.39,35.39,44.37,47.04,45.16,48.22,47.51,46.33,47.62,46.59
논산시 - 계 - 지수,Statistics,73.13,70.24,75.01,80.4,57.97,77.5,82.22,81.18,84.91,75.58,76.69,85.25,84.94,89.32
논산시 - 교통안전영역 - 지수,Statistics,23.75,24.69,27.09,16.58,14.96,27.99,22.34,17.22,18.28,15.02,14.66,17.16,18.87,20.76
논산시 - 교통약자영역 - 지수,Statistics,6.85,7.28,8.99,13.01,5.41,,,,,,,,,
논산시 - 보행행태영역 - 지수,Statistics,9.86,9.11,9.55,14.04,6.82,12.48,13.65,15.41,17.77,15.97,17.06,17.7,16.93,17.87
논산시 - 운전행태영역 - 지수,Statistics,32.67,29.15,29.38,36.77,30.69,37.03,46.24,48.54,48.86,44.58,44.97,50.39,49.13,50.69
단양군 - 계 - 지수,Statistics,69.05,72.15,77.13,86.16,78.17,83.69,75.01,74.92,76.9,80.39,81.02,82.81,89.47,85.71
단양군 - 교통안전영역 - 지수,Statistics,23.01,24.95,29.55,21.92,21.4,27.86,18.76,8.09,16.07,14.69,17.3,19.07,20.0,18.59
단양군 - 교통약자영역 - 지수,Statistics,7.09,8.1,9.56,14.75,13.6,,,,,,,,,
단양군 - 보행행태영역 - 지수,Statistics,8.98,7.3,7.64,15.0,11.67,14.57,12.47,17.03,16.05,17.33,17.06,17.84,18.34,17.51
단양군 - 운전행태영역 - 지수,Statistics,29.97,31.8,30.38,34.49,32.06,41.26,43.79,49.8,44.79,48.36,46.66,45.9,51.13,49.61
달서구 - 계 - 지수,Statistics,79.7,81.52,83.91,83.2,86.72,88.67,85.35,82.91,80.77,80.83,83.55,84.25,77.0,80.52
달서구 - 교통안전영역 - 지수,Statistics,32.29,32.69,32.53,25.16,24.72,36.48,27.12,19.9,19.26,19.55,20.02,19.84,14.51,18.47
달서구 - 교통약자영역 - 지수,Statistics,9.19,9.3,9.59,10.45,13.09,,,,,,,,,
달서구 - 보행행태영역 - 지수,Statistics,6.99,8.02,8.61,14.52,13.97,13.85,13.13,16.62,16.41,16.85,18.29,16.89,16.74,16.18
달서구 - 운전행태영역 - 지수,Statistics,31.22,31.51,33.18,33.07,35.35,38.34,45.1,46.4,45.11,44.44,45.23,47.52,45.75,45.87
달성군 - 계 - 지수,Statistics,77.25,71.53,77.98,74.2,77.32,77.2,80.29,78.51,78.85,76.66,83.0,84.86,83.29,78.81
달성군 - 교통안전영역 - 지수,Statistics,28.62,30.57,30.18,22.83,20.27,30.96,20.83,16.75,16.92,18.72,19.38,19.7,20.51,18.03
달성군 - 교통약자영역 - 지수,Statistics,8.6,9.12,8.59,6.93,11.72,,,,,,,,,
달성군 - 보행행태영역 - 지수,Statistics,8.64,6.21,8.84,10.55,12.83,13.04,13.09,16.0,17.36,16.04,17.67,17.7,16.31,16.55
달성군 - 운전행태영역 - 지수,Statistics,31.39,25.63,30.37,33.89,32.88,33.2,46.37,45.77,44.57,41.89,45.96,47.46,46.47,44.23
담양군 - 계 - 지수,Statistics,68.31,78.02,72.93,52.85,74.19,66.17,84.89,73.63,78.17,81.04,86.14,81.67,79.41,74.5
담양군 - 교통안전영역 - 지수,Statistics,26.39,28.69,23.42,17.39,17.04,21.57,21.36,10.82,17.78,15.14,19.72,20.76,18.15,10.33
담양군 - 교통약자영역 - 지수,Statistics,8.15,9.14,7.25,1.08,12.33,,,,,,,,,
담양군 - 보행행태영역 - 지수,Statistics,6.24,9.28,8.84,6.75,13.75,11.17,13.78,16.77,16.87,16.71,16.77,16.44,16.42,16.75
담양군 - 운전행태영역 - 지수,Statistics,27.53,30.92,33.42,27.63,31.52,33.44,49.75,46.03,43.51,49.19,49.66,44.48,44.85,47.42
당진군 - 계 - 지수,Statistics,68.13,,,,,,,,,,,,,
당진군 - 교통안전영역 - 지수,Statistics,24.03,,,,,,,,,,,,,
당진군 - 교통약자영역 - 지수,Statistics,8.65,,,,,,,,,,,,,
당진군 - 보행행태영역 - 지수,Statistics,9.04,,,,,,,,,,,,,
당진군 - 운전행태영역 - 지수,Statistics,26.42,,,,,,,,,,,,,
당진시 - 계 - 지수,Statistics,,71.03,70.48,80.43,79.79,82.06,77.33,66.43,72.5,80.17,73.51,73.13,79.46,84.93
당진시 - 교통안전영역 - 지수,Statistics,,26.03,24.95,15.76,17.71,30.22,22.59,7.08,9.08,15.31,13.45,14.04,20.5,21.41
당진시 - 교통약자영역 - 지수,Statistics,,7.88,8.19,14.13,13.88,,,,,,,,,
당진시 - 보행행태영역 - 지수,Statistics,,7.46,9.64,15.0,11.15,13.32,10.03,15.73,16.82,16.86,15.69,14.53,15.28,16.79
당진시 - 운전행태영역 - 지수,Statistics,,29.65,27.7,35.54,37.72,38.52,44.7,43.62,46.6,48.01,44.37,44.56,43.68,46.73
대구광역시 - 계 - 지수,Statistics,78.26,79.26,82.67,83.58,82.3,86.51,84.53,78.92,76.52,79.66,81.22,82.51,77.81,79.53
대구광역시 - 교통안전영역 - 지수,Statistics,31.2,31.75,30.92,24.28,23.83,34.58,23.43,16.75,15.21,17.62,18.23,19.06,15.34,16.52
대구광역시 - 교통약자영역 - 지수,Statistics,8.47,9.22,9.14,11.0,12.38,,,,,,,,,
대구광역시 - 보행행태영역 - 지수,Statistics,7.93,7.88,9.07,14.16,13.32,13.73,13.38,16.27,16.13,16.48,16.98,16.35,16.51,16.66
대구광역시 - 운전행태영역 - 지수,Statistics,30.66,30.41,33.54,34.14,33.36,38.2,47.73,45.9,45.18,45.56,46.05,47.09,45.96,46.35
대덕구 - 계 - 지수,Statistics,83.07,78.52,80.47,86.22,82.36,86.28,82.37,77.82,80.44,77.46,82.47,84.11,76.02,77.46
대덕구 - 교통안전영역 - 지수,Statistics,33.23,33.3,32.88,24.94,24.31,31.78,25.75,16.58,17.6,16.31,19.4,19.99,16.43,17.69
대덕구 - 교통약자영역 - 지수,Statistics,8.87,9.4,8.64,13.2,10.53,,,,,,,,,
대덕구 - 보행행태영역 - 지수,Statistics,8.81,9.0,8.46,14.7,13.94,13.65,13.9,16.9,17.35,16.15,17.18,17.06,16.57,16.48
대덕구 - 운전행태영역 - 지수,Statistics,32.15,26.83,30.49,33.37,34.4,40.84,42.73,44.33,45.49,45.0,45.89,47.05,43.02,43.29
대전광역시 - 계 - 지수,Statistics,81.52,79.89,80.12,86.63,82.95,89.53,83.51,77.17,79.88,79.56,83.39,83.26,77.89,79.36
대전광역시 - 교통안전영역 - 지수,Statistics,32.64,32.7,32.69,25.24,25.16,35.02,25.11,15.86,17.53,16.98,19.81,18.67,15.51,17.46
대전광역시 - 교통약자영역 - 지수,Statistics,8.83,9.1,8.48,13.38,12.42,,,,,,,,,
대전광역시 - 보행행태영역 - 지수,Statistics,8.47,8.18,8.83,13.41,13.44,13.97,13.46,16.66,16.85,16.24,16.59,17.08,16.69,16.61
대전광역시 - 운전행태영역 - 지수,Statistics,31.59,29.91,30.12,34.6,32.85,40.54,44.95,44.65,45.49,46.35,47.06,47.51,45.69,45.29
도봉구 - 계 - 지수,Statistics,87.36,85.59,83.16,85.19,86.1,88.15,89.08,74.2,76.85,83.87,83.57,87.64,81.76,77.61
도봉구 - 교통안전영역 - 지수,Statistics,35.54,35.12,34.1,27.6,26.37,37.44,25.21,11.01,11.76,18.66,19.16,21.99,18.78,13.23
도봉구 - 교통약자영역 - 지수,Statistics,9.54,9.63,9.33,12.38,13.81,,,,,,,,,
도봉구 - 보행행태영역 - 지수,Statistics,9.47,9.45,8.71,12.85,13.46,13.58,14.78,16.65,17.02,17.41,17.31,17.77,17.65,17.13
도봉구 - 운전행태영역 - 지수,Statistics,32.81,31.39,31.02,32.36,32.98,37.14,49.1,46.54,48.08,47.8,47.1,47.89,45.32,47.25
동구 - 계 - 지수,Statistics,79.81,74.04,79.01,83.27,84.82,83.19,77.36,72.25,76.78,80.15,82.9,81.09,76.54,75.08
동구 - 교통안전영역 - 지수,Statistics,31.83,26.48,29.83,24.44,24.44,35.72,20.7,9.5,13.11,18.81,20.11,15.89,13.86,14.27
동구 - 교통약자영역 - 지수,Statistics,9.49,8.88,8.54,10.57,14.14,,,,,,,,,
동구 - 보행행태영역 - 지수,Statistics,8.77,7.72,8.95,14.41,12.89,13.02,13.12,17.14,17.37,16.17,17.25,17.1,16.6,16.74
동구 - 운전행태영역 - 지수,Statistics,29.71,30.97,31.69,33.85,34.42,34.45,43.53,45.62,46.3,45.17,45.54,48.11,46.08,44.06
동대문구 - 계 - 지수,Statistics,81.6,80.87,77.18,75.21,75.74,85.88,85.27,77.85,79.67,68.54,72.36,71.45,68.82,72.35
동대문구 - 교통안전영역 - 지수,Statistics,30.46,32.95,30.58,25.15,23.68,34.87,27.03,14.6,16.19,9.73,10.8,9.78,6.76,8.07
동대문구 - 교통약자영역 - 지수,Statistics,9.05,8.61,8.62,9.14,9.0,,,,,,,,,
동대문구 - 보행행태영역 - 지수,Statistics,9.63,9.32,8.39,13.04,11.43,14.05,13.12,16.91,17.81,16.56,17.36,17.18,17.17,17.23
동대문구 - 운전행태영역 - 지수,Statistics,32.46,29.99,29.59,27.87,32.63,36.96,45.11,46.35,45.68,42.25,44.2,44.49,44.9,47.05
동두천시 - 계 - 지수,Statistics,76.76,80.71,75.68,75.79,80.33,83.45,85.29,71.84,76.47,74.51,83.03,79.89,79.97,81.42
동두천시 - 교통안전영역 - 지수,Statistics,29.15,34.11,30.26,22.19,24.02,31.56,24.18,12.03,13.9,12.52,19.55,19.73,18.54,18.25
동두천시 - 교통약자영역 - 지수,Statistics,9.24,9.88,8.74,9.33,14.25,,,,,,,,,
동두천시 - 보행행태영역 - 지수,Statistics,8.55,9.29,9.23,14.19,14.1,13.89,12.51,14.9,15.3,15.05,17.45,17.03,17.23,17.28
동두천시 - 운전행태영역 - 지수,Statistics,29.82,27.44,27.45,30.07,28.62,38.0,48.6,44.92,47.27,46.94,46.04,43.13,44.2,45.89
동래구 - 계 - 지수,Statistics,81.45,83.06,84.69,86.95,85.46,87.67,82.2,77.89,74.79,84.22,83.91,85.26,73.81,79.3
동래구 - 교통안전영역 - 지수,Statistics,32.79,34.44,34.03,26.25,25.73,37.56,23.23,18.37,13.34,18.17,21.38,22.18,13.69,16.67
동래구 - 교통약자영역 - 지수,Statistics,9.1,9.7,9.24,12.46,13.35,,,,,,,,,
동래구 - 보행행태영역 - 지수,Statistics,8.69,8.94,9.82,13.81,13.75,14.07,13.95,16.4,17.28,17.35,16.89,17.88,15.74,16.45
동래구 - 운전행태영역 - 지수,Statistics,30.87,29.98,31.6,34.43,33.68,36.04,45.02,43.11,44.16,48.7,45.64,45.2,44.38,46.18
동작구 - 계 - 지수,Statistics,86.71,81.03,85.37,80.07,82.59,84.63,79.82,71.53,75.79,79.65,78.85,73.64,65.91,75.64
동작구 - 교통안전영역 - 지수,Statistics,35.09,34.66,34.36,26.92,26.72,34.69,24.83,10.19,15.69,17.31,15.13,13.91,6.81,15.3
동작구 - 교통약자영역 - 지수,Statistics,9.53,9.29,9.44,9.35,11.92,,,,,,,,,
동작구 - 보행행태영역 - 지수,Statistics,9.03,8.91,8.6,14.42,12.76,13.74,12.92,16.36,15.63,15.89,16.16,16.78,16.96,16.26
동작구 - 운전행태영역 - 지수,Statistics,33.06,28.17,32.97,29.36,32.41,36.2,42.07,44.99,44.47,46.45,47.56,42.95,42.14,44.08
동해시 - 계 - 지수,Statistics,83.2,77.09,80.15,84.07,81.18,85.52,85.17,76.7,86.02,80.11,80.59,80.89,80.45,83.3
동해시 - 교통안전영역 - 지수,Statistics,32.76,31.66,32.99,21.32,23.65,32.78,18.35,10.61,18.41,17.6,20.42,19.95,19.99,20.1
동해시 - 교통약자영역 - 지수,Statistics,9.15,9.32,9.06,13.23,12.31,,,,,,,,,
동해시 - 보행행태영역 - 지수,Statistics,9.08,7.22,8.94,14.24,12.78,13.95,14.26,17.25,17.26,17.45,16.25,16.97,16.21,16.32
동해시 - 운전행태영역 - 지수,Statistics,32.22,28.87,29.16,35.28,33.47,38.78,52.56,48.83,50.35,45.06,43.92,43.97,44.26,46.88
마포구 - 계 - 지수,Statistics,81.77,80.31,76.85,82.82,79.78,83.73,82.47,71.65,74.36,76.4,76.42,75.3,80.96,77.71
마포구 - 교통안전영역 - 지수,Statistics,32.48,32.45,32.63,24.73,25.32,34.04,22.67,10.85,11.74,11.47,11.62,10.06,15.63,15.58
마포구 - 교통약자영역 - 지수,Statistics,9.37,9.54,8.89,12.4,10.35,,,,,,,,,
마포구 - 보행행태영역 - 지수,Statistics,8.02,8.85,9.45,13.64,14.01,12.32,13.51,16.34,16.01,16.92,17.13,16.76,17.34,14.41
마포구 - 운전행태영역 - 지수,Statistics,31.9,29.47,25.88,32.05,30.8,37.37,46.28,44.47,46.62,48.02,47.67,48.48,48.0,47.73
목포시 - 계 - 지수,Statistics,74.65,80.13,79.01,71.1,80.68,80.04,82.77,79.83,79.33,73.87,79.48,81.81,80.96,79.07
목포시 - 교통안전영역 - 지수,Statistics,27.66,29.6,29.6,20.5,23.38,32.68,20.59,16.7,17.32,10.91,15.41,17.05,15.65,15.46
목포시 - 교통약자영역 - 지수,Statistics,7.54,8.92,8.93,11.06,13.16,,,,,,,,,
목포시 - 보행행태영역 - 지수,Statistics,8.13,9.52,8.8,10.75,11.82,13.75,13.54,17.74,16.91,16.7,17.7,17.39,17.56,16.99
목포시 - 운전행태영역 - 지수,Statistics,31.33,32.09,31.68,28.79,32.83,33.61,48.64,45.39,45.1,46.27,46.38,47.38,47.75,46.62
무안군 - 계 - 지수,Statistics,65.19,78.36,77.55,62.78,70.72,82.56,82.55,67.72,81.54,74.69,69.17,76.86,80.16,74.0
무안군 - 교통안전영역 - 지수,Statistics,26.14,29.45,28.52,19.97,21.24,27.46,20.6,7.1,13.43,11.6,8.17,14.45,17.42,11.77
무안군 - 교통약자영역 - 지수,Statistics,8.03,8.43,8.53,14.2,10.39,,,,,,,,,
무안군 - 보행행태영역 - 지수,Statistics,6.55,8.82,9.12,7.26,8.11,13.99,13.04,17.45,17.15,16.86,15.86,16.15,16.05,17.5
무안군 - 운전행태영역 - 지수,Statistics,24.47,31.66,31.38,21.36,31.44,41.11,48.91,43.18,50.96,46.22,45.14,46.26,46.69,44.73
무주군 - 계 - 지수,Statistics,67.26,60.65,64.65,81.76,73.52,80.16,85.07,73.35,77.33,74.31,77.01,68.88,77.05,83.2
무주군 - 교통안전영역 - 지수,Statistics,22.27,19.93,32.77,19.76,13.59,28.91,19.62,13.3,16.26,16.58,15.6,16.0,21.58,20.88
무주군 - 교통약자영역 - 지수,Statistics,8.83,7.62,9.97,12.01,15.0,,,,,,,,,
무주군 - 보행행태영역 - 지수,Statistics,7.18,8.82,3.0,15.0,13.72,13.75,13.75,15.97,16.35,12.15,16.07,9.01,11.92,14.92
무주군 - 운전행태영역 - 지수,Statistics,28.98,24.27,18.91,34.99,32.11,37.5,51.7,44.07,44.73,45.58,45.34,43.87,43.55,47.4
문경시 - 계 - 지수,Statistics,70.11,69.49,74.72,71.76,78.23,83.22,89.92,74.06,71.23,81.08,83.71,81.87,87.81,84.81
문경시 - 교통안전영역 - 지수,Statistics,25.61,28.82,26.64,17.52,22.49,30.1,21.53,13.66,11.34,17.95,18.26,16.84,20.59,21.54
문경시 - 교통약자영역 - 지수,Statistics,8.27,9.35,8.37,9.69,10.44,,,,,,,,,
문경시 - 보행행태영역 - 지수,Statistics,8.21,7.79,8.46,13.73,12.39,14.2,14.83,16.71,15.21,18.22,17.14,18.35,18.42,17.68
문경시 - 운전행태영역 - 지수,Statistics,28.02,23.53,31.25,30.82,33.42,38.92,53.56,43.69,44.69,44.92,48.31,46.68,48.8,45.58
미추홀구 - 계 - 지수,Statistics,,,,,,,,74.5,76.2,83.06,85.34,84.97,79.11,80.36
미추홀구 - 교통안전영역 - 지수,Statistics,,,,,,,,10.52,15.57,19.94,19.56,18.55,15.84,18.64
미추홀구 - 보행행태영역 - 지수,Statistics,,,,,,,,17.16,16.04,17.03,17.22,17.77,17.59,16.28
미추홀구 - 운전행태영역 - 지수,Statistics,,,,,,,,46.83,44.59,46.1,48.56,48.66,45.68,45.44
밀양시 - 계 - 지수,Statistics,74.14,77.35,73.08,71.67,77.67,81.88,75.72,76.45,82.65,85.43,81.89,87.15,87.95,86.16
밀양시 - 교통안전영역 - 지수,Statistics,28.65,30.16,23.36,21.66,19.09,30.03,19.93,14.2,18.6,21.27,16.69,20.97,20.85,21.47
밀양시 - 교통약자영역 - 지수,Statistics,8.42,8.85,8.78,6.25,14.64,,,,,,,,,
밀양시 - 보행행태영역 - 지수,Statistics,5.85,8.39,8.87,13.52,12.4,14.21,12.88,17.09,17.53,17.23,18.11,17.86,17.65,17.16
밀양시 - 운전행태영역 - 지수,Statistics,31.22,29.95,32.07,30.23,31.99,37.64,42.91,45.16,46.52,46.93,47.09,48.31,49.44,47.53
보령시 - 계 - 지수,Statistics,82.9,75.87,73.08,85.41,74.66,77.45,82.41,77.65,71.44,79.28,77.26,79.99,82.67,86.75
보령시 - 교통안전영역 - 지수,Statistics,30.19,25.29,24.95,20.06,20.46,27.87,18.61,13.78,11.63,16.31,15.43,17.61,19.67,22.38
보령시 - 교통약자영역 - 지수,Statistics,9.13,8.76,8.76,14.85,7.3,,,,,,,,,
보령시 - 보행행태영역 - 지수,Statistics,9.89,9.74,9.48,15.0,11.94,14.57,13.88,16.6,16.74,17.0,16.51,16.23,17.14,16.88
보령시 - 운전행태영역 - 지수,Statistics,33.69,32.08,29.89,35.5,35.73,35.01,49.91,47.27,43.07,45.96,45.33,46.15,45.86,47.49
보성군 - 계 - 지수,Statistics,51.7,75.34,71.75,52.89,66.56,80.26,73.64,70.84,77.67,68.54,79.55,82.8,84.14,78.48
보성군 - 교통안전영역 - 지수,Statistics,19.7,23.61,22.42,8.62,7.46,29.34,12.92,7.25,13.79,6.96,11.93,15.49,19.1,16.51
보성군 - 교통약자영역 - 지수,Statistics,5.9,7.52,7.17,9.54,12.54,,,,,,,,,
보성군 - 보행행태영역 - 지수,Statistics,7.8,5.83,8.7,7.5,11.25,12.27,12.55,16.41,15.25,16.58,17.97,17.15,17.02,16.46
보성군 - 운전행태영역 - 지수,Statistics,18.3,38.38,33.46,27.23,35.25,38.65,48.17,47.17,48.63,45.0,49.65,50.16,48.02,45.5
보은군 - 계 - 지수,Statistics,71.63,70.21,67.24,76.77,77.23,81.58,80.69,76.75,81.33,81.81,81.09,85.73,81.2,80.73
보은군 - 교통안전영역 - 지수,Statistics,28.63,24.67,20.43,12.84,19.63,25.87,14.68,9.51,15.82,16.45,15.48,19.76,14.23,14.6
보은군 - 교통약자영역 - 지수,Statistics,8.2,8.91,8.7,14.81,11.31,,,,,,,,,
보은군 - 보행행태영역 - 지수,Statistics,6.73,8.41,8.73,15.0,10.32,14.31,13.59,17.95,17.7,17.96,17.72,17.75,18.77,17.18
보은군 - 운전행태영역 - 지수,Statistics,28.07,28.21,29.38,34.12,36.33,41.41,52.42,49.29,47.81,47.41,47.9,48.22,48.21,48.95
봉화군 - 계 - 지수,Statistics,69.48,55.61,72.74,70.12,64.24,74.72,74.7,80.71,76.01,78.79,71.0,74.72,84.85,81.06
봉화군 - 교통안전영역 - 지수,Statistics,24.12,19.1,29.42,17.8,18.47,30.83,18.49,14.01,15.49,16.81,13.6,17.87,19.89,18.02
봉화군 - 교통약자영역 - 지수,Statistics,8.69,7.47,10.0,10.19,10.83,,,,,,,,,
봉화군 - 보행행태영역 - 지수,Statistics,4.91,3.38,2.67,10.0,6.43,10.88,11.24,16.88,15.9,15.26,12.91,12.88,18.16,17.01
봉화군 - 운전행태영역 - 지수,Statistics,31.76,25.66,30.65,32.13,28.47,33.01,44.97,49.82,44.62,46.72,44.48,43.98,46.81,46.03
부산광역시 - 계 - 지수,Statistics,78.69,78.14,79.32,83.51,82.89,85.29,81.69,76.83,75.53,80.63,81.99,83.4,79.25,79.87
부산광역시 - 교통안전영역 - 지수,Statistics,32.79,32.97,31.13,25.56,26.0,35.81,24.39,16.55,14.89,18.91,20.18,18.74,16.7,17.82
부산광역시 - 교통약자영역 - 지수,Statistics,8.98,9.2,9.26,12.2,12.77,,,,,,,,,
부산광역시 - 보행행태영역 - 지수,Statistics,7.92,7.52,9.16,13.41,13.24,13.58,13.17,16.46,16.92,16.82,17.18,17.43,17.09,16.67
부산광역시 - 운전행태영역 - 지수,Statistics,29.01,28.46,29.77,32.34,31.61,35.9,44.14,43.82,43.71,44.9,44.84,47.23,45.46,45.38
부안군 - 계 - 지수,Statistics,73.06,65.46,59.51,69.06,66.25,75.41,77.42,72.83,72.17,75.99,82.24,75.82,79.01,79.14
부안군 - 교통안전영역 - 지수,Statistics,26.42,20.76,19.97,18.32,14.51,27.25,15.56,8.82,12.68,14.94,21.07,17.04,22.13,19.48
부안군 - 교통약자영역 - 지수,Statistics,8.63,7.15,3.43,10.19,12.44,,,,,,,,,
부안군 - 보행행태영역 - 지수,Statistics,7.5,8.51,7.18,9.78,7.88,13.96,13.66,17.23,17.57,16.11,15.69,17.33,16.34,18.01
부안군 - 운전행태영역 - 지수,Statistics,30.51,29.03,28.93,30.77,32.11,34.19,48.2,46.78,41.91,44.93,45.47,41.45,40.54,41.65
부여군 - 계 - 지수,Statistics,63.4,67.95,76.65,80.25,75.6,74.17,80.86,67.62,75.47,72.13,68.86,75.93,82.14,79.46
부여군 - 교통안전영역 - 지수,Statistics,20.95,26.56,24.74,15.35,22.95,25.41,19.56,8.15,13.81,14.25,10.28,18.18,18.05,18.42
부여군 - 교통약자영역 - 지수,Statistics,6.79,6.24,7.74,14.41,13.18,,,,,,,,,
부여군 - 보행행태영역 - 지수,Statistics,8.67,9.69,9.65,15.0,10.71,13.4,11.35,15.8,17.11,16.6,15.59,14.42,17.19,17.48
부여군 - 운전행태영역 - 지수,Statistics,26.99,25.45,34.52,35.49,29.49,35.36,49.94,43.67,44.55,41.29,42.99,43.32,46.9,43.56
부천시 - 계 - 지수,Statistics,81.04,82.3,82.55,82.6,84.73,88.11,88.2,87.46,82.05,83.49,86.36,82.6,77.2,81.48
부천시 - 교통안전영역 - 지수,Statistics,33.15,34.14,34.58,26.84,26.45,37.08,27.72,22.73,20.94,19.83,21.17,17.78,14.07,16.92
부천시 - 교통약자영역 - 지수,Statistics,9.23,9.65,9.44,12.2,11.28,,,,,,,,,
부천시 - 보행행태영역 - 지수,Statistics,8.32,8.84,8.78,12.57,13.79,12.79,12.82,16.59,15.61,16.8,17.84,16.97,17.55,18.41
부천시 - 운전행태영역 - 지수,Statistics,30.34,29.68,29.75,30.99,33.51,38.25,47.66,48.14,45.5,46.86,47.36,47.85,45.58,46.14
부평구 - 계 - 지수,Statistics,85.11,83.66,84.45,88.14,83.32,86.31,87.61,68.53,85.06,85.05,89.56,84.07,81.56,85.12
부평구 - 교통안전영역 - 지수,Statistics,33.49,33.76,33.92,27.13,27.65,38.56,25.77,9.65,20.69,20.42,21.26,19.38,17.82,20.21
부평구 - 교통약자영역 - 지수,Statistics,9.54,8.82,9.01,12.61,8.46,,,,,,,,,
부평구 - 보행행태영역 - 지수,Statistics,8.99,9.04,9.31,13.75,14.37,13.49,13.5,15.51,16.82,16.82,18.23,15.88,16.7,16.9
부평구 - 운전행태영역 - 지수,Statistics,33.09,32.04,32.21,34.64,33.11,34.27,48.34,43.36,47.55,47.8,50.07,48.8,47.04,48.01
북구 - 계 - 지수,Statistics,81.46,82.55,85.16,81.84,79.59,81.25,82.93,76.06,70.18,74.66,80.65,85.37,83.57,80.45
북구 - 교통안전영역 - 지수,Statistics,34.24,34.78,34.61,26.87,27.66,31.76,26.23,16.15,11.44,16.23,21.2,18.08,18.88,18.97
북구 - 교통약자영역 - 지수,Statistics,9.31,9.57,9.41,10.9,7.67,,,,,,,,,
북구 - 보행행태영역 - 지수,Statistics,6.94,9.83,9.39,12.51,13.6,13.96,14.01,17.15,16.94,16.55,16.59,17.39,17.26,15.44
북구 - 운전행태영역 - 지수,Statistics,30.97,28.37,31.75,31.55,30.73,35.53,42.69,42.75,41.81,41.88,42.86,49.89,47.43,46.04
사상구 - 계 - 지수,Statistics,76.39,71.73,78.65,77.65,85.21,83.33,77.27,69.91,77.29,77.4,80.21,81.18,82.54,80.1
사상구 - 교통안전영역 - 지수,Statistics,31.95,30.63,29.46,22.9,25.75,34.9,20.97,7.65,15.67,15.52,18.44,17.54,17.66,18.61
사상구 - 교통약자영역 - 지수,Statistics,9.64,8.85,9.2,9.73,14.71,,,,,,,,,
사상구 - 보행행태영역 - 지수,Statistics,6.41,5.05,9.11,12.69,13.99,13.25,14.05,16.03,17.38,17.0,17.01,17.32,17.43,17.15
사상구 - 운전행태영역 - 지수,Statistics,28.4,27.19,30.88,32.33,31.35,35.18,42.24,46.24,44.25,44.89,44.76,46.32,47.46,44.34
사천시 - 계 - 지수,Statistics,79.95,68.4,74.35,78.59,79.95,76.31,85.31,70.83,74.45,79.04,76.24,85.09,80.83,84.15
사천시 - 교통안전영역 - 지수,Statistics,28.13,21.48,28.88,21.49,20.81,25.41,24.84,10.05,15.37,18.84,17.52,19.19,17.14,19.39
사천시 - 교통약자영역 - 지수,Statistics,9.08,9.36,8.55,13.32,13.53,,,,,,,,,
사천시 - 보행행태영역 - 지수,Statistics,7.88,7.67,8.02,12.63,11.18,12.85,13.65,16.82,17.43,16.67,16.79,17.47,17.7,18.09
사천시 - 운전행태영역 - 지수,Statistics,34.87,29.89,28.9,31.15,34.65,38.06,46.82,43.96,41.65,43.53,41.93,48.42,45.99,46.67
사하구 - 계 - 지수,Statistics,81.68,81.6,79.88,80.98,78.67,83.19,75.11,79.62,76.18,83.68,77.39,82.63,79.48,79.75
사하구 - 교통안전영역 - 지수,Statistics,33.87,34.72,33.34,26.12,26.17,36.11,22.59,21.93,15.61,20.82,18.88,18.13,16.74,18.47
사하구 - 교통약자영역 - 지수,Statistics,9.56,9.26,9.38,8.7,11.28,,,,,,,,,
사하구 - 보행행태영역 - 지수,Statistics,7.59,8.84,8.47,13.79,13.18,13.18,11.57,16.37,16.05,16.1,15.99,16.97,16.64,16.15
사하구 - 운전행태영역 - 지수,Statistics,30.65,28.79,28.69,32.37,28.69,33.9,40.95,41.31,44.51,46.76,42.52,47.53,46.1,45.13
산청군 - 계 - 지수,Statistics,59.66,63.98,66.34,79.23,71.11,76.19,84.86,73.74,80.83,84.3,82.17,81.99,86.62,83.14
산청군 - 교통안전영역 - 지수,Statistics,16.89,20.2,26.05,16.26,19.52,26.6,19.41,9.06,17.21,20.36,17.85,18.14,20.93,20.13
산청군 - 교통약자영역 - 지수,Statistics,5.44,5.58,8.28,15.0,11.71,,,,,,,,,
산청군 - 보행행태영역 - 지수,Statistics,7.76,5.65,7.45,12.91,12.14,13.32,14.12,16.4,15.91,16.28,18.01,16.31,16.62,14.86
산청군 - 운전행태영역 - 지수,Statistics,29.56,32.54,24.56,35.06,28.21,36.26,51.33,48.28,47.71,47.66,46.3,47.54,49.07,48.16
삼척시 - 계 - 지수,Statistics,79.66,74.51,80.13,75.22,82.71,78.45,80.86,75.55,74.45,74.52,77.69,81.83,80.54,83.29
삼척시 - 교통안전영역 - 지수,Statistics,29.17,31.0,30.09,22.57,23.04,28.51,19.53,11.01,11.02,9.83,18.18,22.7,18.89,20.41
삼척시 - 교통약자영역 - 지수,Statistics,8.22,8.9,9.93,9.69,12.87,,,,,,,,,
삼척시 - 보행행태영역 - 지수,Statistics,8.86,8.06,9.79,13.45,13.75,12.62,14.31,17.12,17.42,17.47,15.86,16.17,16.01,15.94
삼척시 - 운전행태영역 - 지수,Statistics,33.41,26.56,30.32,29.51,33.95,37.32,47.01,47.42,46.02,47.22,43.65,42.96,45.64,46.95
상주시 - 계 - 지수,Statistics,75.52,74.77,71.2,73.44,78.51,75.9,72.37,67.49,77.05,78.55,76.6,77.33,82.98,88.91
상주시 - 교통안전영역 - 지수,Statistics,26.37,29.19,25.25,19.24,18.75,30.77,15.53,7.97,17.5,17.29,13.08,14.54,18.61,22.3
상주시 - 교통약자영역 - 지수,Statistics,9.42,9.01,8.8,10.23,11.97,,,,,,,,,
상주시 - 보행행태영역 - 지수,Statistics,9.29,9.18,9.51,11.91,13.47,12.95,12.94,17.24,17.11,17.27,17.34,17.07,16.88,16.82
상주시 - 운전행태영역 - 지수,Statistics,30.44,27.39,27.64,32.05,34.87,32.18,43.91,42.27,42.44,43.99,46.18,45.72,47.49,49.8
서구 - 계 - 지수,Statistics,76.22,80.38,79.09,82.08,80.26,83.11,79.37,77.17,79.66,81.19,77.17,78.88,74.57,77.57
서구 - 교통안전영역 - 지수,Statistics,31.52,32.84,33.92,25.03,25.58,35.61,23.92,16.79,19.46,18.17,17.06,19.19,14.75,14.18
서구 - 교통약자영역 - 지수,Statistics,7.45,9.61,9.76,10.99,11.67,,,,,,,,,
서구 - 보행행태영역 - 지수,Statistics,8.3,8.48,8.37,13.98,13.71,13.22,12.25,17.39,16.27,17.28,17.11,15.59,16.66,16.45
서구 - 운전행태영역 - 지수,Statistics,28.95,29.45,27.04,32.09,30.01,34.28,43.2,42.98,43.92,45.74,43.0,44.1,43.16,46.94
서귀포시 - 계 - 지수,Statistics,66.79,66.99,73.58,71.05,71.91,79.6,82.01,81.03,84.66,81.1,79.2,83.83,82.2,81.33
서귀포시 - 교통안전영역 - 지수,Statistics,24.84,23.85,25.4,16.79,17.44,26.59,21.86,18.62,20.21,19.39,19.24,20.53,16.36,17.61
서귀포시 - 교통약자영역 - 지수,Statistics,8.43,6.8,9.1,9.98,7.97,,,,,,,,,
서귀포시 - 보행행태영역 - 지수,Statistics,8.51,9.46,8.36,14.26,13.7,13.22,13.48,17.68,17.4,16.36,15.6,16.46,18.29,16.84
서귀포시 - 운전행태영역 - 지수,Statistics,25.02,26.88,30.72,30.01,32.81,39.79,46.66,44.74,47.04,45.35,44.35,46.84,47.55,46.89
서대문구 - 계 - 지수,Statistics,83.43,82.19,78.35,83.05,83.85,81.75,80.53,69.76,72.0,70.63,82.62,78.18,75.06,77.51
서대문구 - 교통안전영역 - 지수,Statistics,33.23,33.27,34.11,25.84,25.75,34.42,22.38,10.27,12.0,10.19,19.65,14.6,13.7,16.7
서대문구 - 교통약자영역 - 지수,Statistics,9.19,9.3,9.73,11.66,13.72,,,,,,,,,
서대문구 - 보행행태영역 - 지수,Statistics,9.62,8.97,6.71,13.09,13.76,13.48,13.65,15.79,16.72,16.8,16.4,17.17,16.69,16.19
서대문구 - 운전행태영역 - 지수,Statistics,31.39,30.65,27.8,32.46,31.88,33.84,44.5,43.7,43.29,43.65,46.57,46.41,44.68,44.62
서산시 - 계 - 지수,Statistics,72.18,74.11,72.25,87.71,79.85,77.04,80.62,67.67,74.49,78.88,82.77,83.92,82.22,84.01
서산시 - 교통안전영역 - 지수,Statistics,26.66,27.77,27.02,22.17,22.41,29.39,24.41,8.47,13.9,16.85,19.72,18.64,19.93,20.41
서산시 - 교통약자영역 - 지수,Statistics,8.7,8.49,8.38,14.92,11.45,,,,,,,,,
서산시 - 보행행태영역 - 지수,Statistics,5.71,6.46,8.76,14.62,11.01,9.68,13.73,15.95,15.61,16.06,17.58,16.59,16.58,17.02
서산시 - 운전행태영역 - 지수,Statistics,31.11,31.39,28.09,36.0,35.58,37.97,42.49,43.25,44.98,45.97,45.47,48.68,45.71,46.58
서울특별시 - 계 - 지수,Statistics,82.98,81.41,81.79,82.01,83.12,86.19,84.8,75.09,76.5,78.28,81.29,80.43,76.36,77.41
서울특별시 - 교통안전영역 - 지수,Statistics,33.58,33.56,33.21,26.31,26.2,35.69,24.75,12.7,13.85,15.49,17.8,16.56,13.17,14.48
서울특별시 - 교통약자영역 - 지수,Statistics,9.33,9.37,9.3,11.28,12.14,,,,,,,,,
서울특별시 - 보행행태영역 - 지수,Statistics,8.92,9.06,8.9,13.02,13.6,13.38,13.48,16.46,16.61,16.67,16.97,17.29,17.28,17.02
서울특별시 - 운전행태영역 - 지수,Statistics,31.16,29.42,30.38,31.4,32.05,37.12,46.57,45.94,46.04,46.12,46.85,46.58,45.91,45.91
서천군 - 계 - 지수,Statistics,65.7,70.78,75.02,80.88,76.44,66.93,76.81,68.01,68.6,75.88,82.2,73.58,79.33,71.14
서천군 - 교통안전영역 - 지수,Statistics,19.31,23.88,25.92,16.47,18.9,24.18,17.34,13.1,10.35,11.59,16.0,9.51,18.8,12.22
서천군 - 교통약자영역 - 지수,Statistics,5.9,7.36,8.71,13.26,13.84,,,,,,,,,
서천군 - 보행행태영역 - 지수,Statistics,7.81,9.63,9.0,15.0,12.5,8.88,13.91,12.35,14.55,17.45,17.19,15.72,16.39,16.62
서천군 - 운전행태영역 - 지수,Statistics,32.69,29.91,31.39,36.15,31.78,33.86,45.56,42.56,43.71,46.84,49.01,48.35,44.14,42.3
서초구 - 계 - 지수,Statistics,83.36,82.01,81.31,86.24,81.37,85.77,86.59,70.25,82.72,80.04,84.11,84.3,76.15,76.27
서초구 - 교통안전영역 - 지수,Statistics,32.57,33.76,32.57,25.99,26.52,36.33,27.1,10.04,17.2,16.98,20.56,19.01,11.41,13.82
서초구 - 교통약자영역 - 지수,Statistics,9.45,9.62,9.48,13.06,12.94,,,,,,,,,
서초구 - 보행행태영역 - 지수,Statistics,8.92,9.0,8.93,13.32,11.64,11.34,12.3,15.85,16.67,16.54,16.62,17.62,18.09,18.03
서초구 - 운전행태영역 - 지수,Statistics,32.41,29.63,30.33,33.87,30.8,38.1,47.18,44.36,48.86,46.53,46.93,47.67,46.66,44.41
성남시 - 계 - 지수,Statistics,85.05,79.17,81.2,79.13,83.54,86.94,84.73,81.07,81.54,82.28,83.64,81.65,75.75,78.76
성남시 - 교통안전영역 - 지수,Statistics,34.52,34.35,34.11,26.1,26.1,37.06,25.57,18.58,17.11,19.79,19.25,18.98,13.44,14.33
성남시 - 교통약자영역 - 지수,Statistics,8.72,8.64,9.28,8.57,11.55,,,,,,,,,
성남시 - 보행행태영역 - 지수,Statistics,9.35,8.59,8.35,13.36,12.66,11.56,12.48,16.16,17.1,16.96,17.78,16.81,17.58,17.61
성남시 - 운전행태영역 - 지수,Statistics,32.46,27.59,29.46,31.1,33.49,38.33,46.69,46.32,47.34,45.52,46.6,45.86,44.73,46.82
성동구 - 계 - 지수,Statistics,81.22,78.48,82.76,79.35,78.88,85.6,84.37,69.67,79.66,83.93,83.49,78.93,79.08,81.54
성동구 - 교통안전영역 - 지수,Statistics,34.34,33.26,35.07,26.87,26.81,35.12,26.93,10.42,16.97,19.15,19.78,16.6,17.92,19.28
성동구 - 교통약자영역 - 지수,Statistics,9.06,9.19,9.38,7.35,7.9,,,,,,,,,
성동구 - 보행행태영역 - 지수,Statistics,8.23,8.54,8.81,14.33,13.99,13.48,13.78,16.67,16.65,17.18,16.76,16.86,17.71,16.64
성동구 - 운전행태영역 - 지수,Statistics,29.59,27.49,29.5,30.8,30.67,36.99,43.65,42.57,46.05,47.6,46.95,45.47,43.45,45.62
성북구 - 계 - 지수,Statistics,81.87,81.61,85.53,79.57,84.25,84.69,86.56,75.74,76.3,82.6,82.91,78.79,79.06,83.77
성북구 - 교통안전영역 - 지수,Statistics,34.86,33.7,34.37,27.25,26.58,35.08,26.89,10.33,10.9,20.53,19.04,15.27,15.37,18.93
성북구 - 교통약자영역 - 지수,Statistics,8.92,9.24,9.3,9.18,12.49,,,,,,,,,
성북구 - 보행행태영역 - 지수,Statistics,9.37,9.53,9.63,10.77,13.37,13.78,13.39,17.03,17.85,16.56,17.68,17.64,17.22,17.38
성북구 - 운전행태영역 - 지수,Statistics,28.73,29.14,32.23,32.38,33.08,35.83,46.27,48.38,47.56,45.51,46.19,45.88,46.47,47.46
성주군 - 계 - 지수,Statistics,56.79,56.65,66.05,74.64,67.81,72.53,72.33,67.06,69.03,74.95,69.85,70.27,79.94,71.6
성주군 - 교통안전영역 - 지수,Statistics,18.19,16.65,24.42,16.5,15.89,26.27,16.5,8.72,9.52,17.88,14.78,14.85,19.12,16.03
성주군 - 교통약자영역 - 지수,Statistics,5.99,5.87,8.01,9.5,14.51,,,,,,,,,
성주군 - 보행행태영역 - 지수,Statistics,8.75,5.97,6.8,15.0,6.43,13.49,11.43,15.95,14.61,16.23,12.81,13.67,17.07,15.79
성주군 - 운전행태영역 - 지수,Statistics,23.86,28.15,26.82,33.64,31.12,32.76,44.4,42.4,44.9,40.84,42.26,41.75,43.75,39.79
세종특별자치시 - 계 - 지수,Statistics,,,83.89,84.18,78.22,90.27,83.14,78.57,82.89,83.61,84.95,81.38,80.27,82.26
세종특별자치시 - 교통안전영역 - 지수,Statistics,,,31.59,23.35,24.18,33.77,25.02,16.32,18.33,18.44,20.27,19.79,15.49,20.07
세종특별자치시 - 교통약자영역 - 지수,Statistics,,,9.91,12.53,12.34,,,,,,,,,
세종특별자치시 - 보행행태영역 - 지수,Statistics,,,9.74,15.0,9.38,14.62,13.46,17.29,16.94,16.85,16.84,16.25,17.04,15.87
세종특별자치시 - 운전행태영역 - 지수,Statistics,,,32.64,33.3,32.56,41.88,44.66,44.96,47.62,48.32,47.84,45.35,47.74,46.32
속초시 - 계 - 지수,Statistics,74.61,79.11,79.76,74.51,80.76,82.96,84.27,79.72,80.38,80.05,80.11,85.81,84.56,79.33
속초시 - 교통안전영역 - 지수,Statistics,29.81,31.33,32.31,22.11,22.64,29.1,23.63,16.3,14.23,16.76,18.24,18.09,17.7,13.7
속초시 - 교통약자영역 - 지수,Statistics,9.81,9.46,9.96,9.28,12.74,,,,,,,,,
속초시 - 보행행태영역 - 지수,Statistics,8.14,8.33,9.39,13.14,13.14,13.68,13.94,17.55,17.1,17.65,16.24,17.64,18.22,18.28
속초시 - 운전행태영역 - 지수,Statistics,26.85,29.98,28.1,29.99,33.43,40.18,46.69,45.88,49.05,45.64,45.63,50.08,48.64,47.35
송파구 - 계 - 지수,Statistics,85.81,84.98,84.47,77.03,84.51,89.03,87.04,80.86,80.21,82.72,88.31,79.15,75.42,79.68
송파구 - 교통안전영역 - 지수,Statistics,35.11,33.35,34.44,26.92,26.79,37.64,25.34,16.69,16.53,17.95,22.39,16.73,12.54,16.08
송파구 - 교통약자영역 - 지수,Statistics,9.58,9.48,9.47,6.47,13.59,,,,,,,,,
송파구 - 보행행태영역 - 지수,Statistics,8.94,9.21,9.26,13.13,12.89,13.6,13.93,16.04,16.81,16.77,17.65,16.78,17.46,17.42
송파구 - 운전행태영역 - 지수,Statistics,32.18,32.94,31.3,30.51,32.3,37.8,47.77,48.13,46.87,47.99,48.27,45.63,45.42,46.18
수성구 - 계 - 지수,Statistics,79.25,80.93,85.2,87.19,82.51,87.93,88.79,79.52,78.91,82.09,82.71,86.26,75.91,79.21
수성구 - 교통안전영역 - 지수,Statistics,32.91,33.36,31.73,25.17,24.64,35.69,25.83,17.77,18.0,19.6,19.96,21.54,13.6,16.39
수성구 - 교통약자영역 - 지수,Statistics,7.87,9.55,9.11,12.13,12.53,,,,,,,,,
수성구 - 보행행태영역 - 지수,Statistics,7.07,8.39,9.3,14.9,13.8,13.35,14.36,17.05,15.52,16.72,17.24,16.73,15.86,16.58
수성구 - 운전행태영역 - 지수,Statistics,31.39,29.62,35.06,34.99,32.35,38.89,48.61,44.7,45.39,45.78,45.52,47.99,46.45,46.24
수영구 - 계 - 지수,Statistics,80.56,76.12,82.79,86.41,86.23,86.77,83.17,79.04,76.98,85.57,83.33,86.54,80.69,79.61
수영구 - 교통안전영역 - 지수,Statistics,34.79,33.23,33.94,25.62,25.58,34.11,27.98,16.68,17.12,20.6,21.23,20.29,17.24,16.91
수영구 - 교통약자영역 - 지수,Statistics,8.26,9.27,9.52,13.86,14.64,,,,,,,,,
수영구 - 보행행태영역 - 지수,Statistics,8.18,8.32,9.32,13.99,13.16,13.38,13.02,16.81,16.73,17.7,16.15,17.46,17.16,15.69
수영구 - 운전행태영역 - 지수,Statistics,29.33,25.29,30.01,32.94,33.56,39.28,42.18,45.55,43.12,47.26,45.95,48.79,46.29,47.0
수원시 - 계 - 지수,Statistics,82.47,79.73,81.13,81.56,81.26,87.54,89.73,77.0,81.62,81.32,82.48,81.3,72.96,79.6
수원시 - 교통안전영역 - 지수,Statistics,33.78,34.04,33.06,26.12,25.05,36.64,27.03,14.94,18.75,16.75,18.57,17.42,12.55,17.68
수원시 - 교통약자영역 - 지수,Statistics,8.85,8.68,8.73,12.2,12.02,,,,,,,,,
수원시 - 보행행태영역 - 지수,Statistics,9.02,9.4,9.43,13.78,13.88,13.8,13.3,17.09,17.08,17.16,16.89,17.01,17.14,17.35
수원시 - 운전행태영역 - 지수,Statistics,30.82,27.61,29.91,29.46,30.71,37.09,49.4,44.97,45.79,47.4,47.02,46.88,43.27,44.57
순창군 - 계 - 지수,Statistics,76.28,74.17,65.84,53.18,72.68,71.45,78.55,77.6,74.29,77.66,78.3,67.11,77.47,83.06
순창군 - 교통안전영역 - 지수,Statistics,29.74,29.29,21.25,9.61,10.47,28.19,15.1,16.09,10.99,16.41,19.91,12.6,19.1,20.62
순창군 - 교통약자영역 - 지수,Statistics,8.42,9.42,8.69,8.62,14.48,,,,,,,,,
순창군 - 보행행태영역 - 지수,Statistics,8.1,8.01,8.4,10.83,13.18,13.03,13.68,17.18,18.13,17.54,15.18,15.81,17.57,17.57
순창군 - 운전행태영역 - 지수,Statistics,30.02,27.46,27.5,24.11,35.43,30.23,49.77,44.33,45.16,43.71,43.21,38.7,40.81,44.87
순천시 - 계 - 지수,Statistics,72.95,82.31,78.49,75.1,79.18,87.07,88.69,80.37,82.93,84.92,85.3,84.9,87.65,89.29
순천시 - 교통안전영역 - 지수,Statistics,26.11,30.37,28.93,20.89,21.89,33.21,26.48,15.27,16.74,18.6,18.63,19.57,19.45,20.36
순천시 - 교통약자영역 - 지수,Statistics,8.31,9.18,8.99,9.99,13.0,,,,,,,,,
순천시 - 보행행태영역 - 지수,Statistics,9.06,9.54,8.36,14.03,14.52,14.32,13.29,17.19,17.86,17.14,17.72,17.5,17.37,17.77
순천시 - 운전행태영역 - 지수,Statistics,29.48,33.22,32.21,30.2,30.17,39.54,48.92,47.91,48.32,49.19,48.95,47.83,50.84,51.16
시흥시 - 계 - 지수,Statistics,77.46,70.59,75.83,68.28,77.35,80.43,87.45,81.29,81.53,84.81,82.17,80.61,72.27,82.85
시흥시 - 교통안전영역 - 지수,Statistics,31.58,29.72,29.95,21.82,23.36,33.37,26.7,17.64,18.54,20.47,18.42,16.32,9.76,19.59
시흥시 - 교통약자영역 - 지수,Statistics,8.67,8.71,9.21,8.26,7.29,,,,,,,,,
시흥시 - 보행행태영역 - 지수,Statistics,9.51,8.31,8.61,12.32,13.96,12.99,13.71,16.1,15.99,16.83,16.98,16.35,17.24,17.32
시흥시 - 운전행태영역 - 지수,Statistics,27.71,23.85,28.06,25.88,33.35,34.08,47.04,47.54,47.01,47.51,46.77,47.94,45.26,45.94
신안군 - 계 - 지수,Statistics,,,,,,,,42.88,,,,,,
신안군 - 교통안전영역 - 지수,Statistics,33.34,31.1,26.63,18.93,22.34,30.84,16.48,9.99,15.18,12.09,15.5,17.74,13.09,18.03
신안군 - 교통약자영역 - 지수,Statistics,10.0,9.14,7.81,13.04,14.63,,,,,,,,,
신안군 - 보행행태영역 - 지수,Statistics,,,,,,,4.75,7.97,8.36,7.91,8.0,8.4,11.42,11.2
신안군 - 운전행태영역 - 지수,Statistics,,,,,3.43,,28.79,24.92,21.43,21.3,23.06,27.99,26.75,19.05
아산시 - 계 - 지수,Statistics,79.03,78.12,75.07,82.37,76.51,84.76,86.76,77.94,80.91,78.19,77.84,79.1,77.23,81.6
아산시 - 교통안전영역 - 지수,Statistics,31.67,33.24,31.13,22.83,22.27,33.26,21.48,17.34,18.64,18.31,18.0,16.94,16.71,19.88
아산시 - 보행행태영역 - 지수,Statistics,9.83,7.49,7.3,14.76,10.09,13.68,14.17,16.26,17.0,15.08,16.87,17.44,16.14,14.37
아산시 - 운전행태영역 - 지수,Statistics,28.7,28.21,27.94,32.6,32.71,37.82,51.1,44.33,45.28,44.81,42.96,44.73,44.38,47.34
안동시 - 계 - 지수,Statistics,71.05,73.38,77.51,78.04,81.36,76.88,79.34,73.06,71.51,79.32,82.11,78.42,76.85,81.26
안동시 - 교통안전영역 - 지수,Statistics,22.89,24.93,25.38,21.4,20.76,24.82,19.83,9.64,15.25,18.89,18.89,17.01,17.11,18.9
안동시 - 교통약자영역 - 지수,Statistics,6.52,8.3,8.41,14.3,11.88,,,,,,,,,
안동시 - 보행행태영역 - 지수,Statistics,8.69,8.45,9.25,11.11,15.0,13.83,13.64,17.26,16.15,16.38,17.54,16.89,16.17,17.59
안동시 - 운전행태영역 - 지수,Statistics,32.95,31.7,34.47,31.23,34.3,38.23,45.87,46.16,40.12,44.06,45.69,44.52,43.57,44.77
안산시 - 계 - 지수,Statistics,83.72,82.11,82.96,84.44,79.44,88.6,87.81,79.44,78.89,82.36,83.04,81.03,73.48,78.59
안산시 - 교통안전영역 - 지수,Statistics,33.79,33.5,33.46,25.59,25.07,35.79,26.72,18.24,17.07,17.41,17.98,18.26,12.77,16.65
안산시 - 교통약자영역 - 지수,Statistics,9.59,9.5,9.38,12.71,10.22,,,,,,,,,
안산시 - 보행행태영역 - 지수,Statistics,8.69,8.93,8.69,13.58,11.44,13.18,13.72,16.22,15.86,17.17,17.43,16.47,16.9,16.54
안산시 - 운전행태영역 - 지수,Statistics,31.65,30.18,31.43,32.56,33.29,39.63,47.36,44.98,45.96,47.78,47.63,46.3,43.81,45.4
안성시 - 계 - 지수,Statistics,78.61,72.35,72.04,78.19,75.19,82.25,83.95,71.31,83.33,83.65,80.46,83.03,78.29,80.39
안성시 - 교통안전영역 - 지수,Statistics,27.25,24.38,26.39,21.35,20.68,31.87,23.11,8.75,18.2,18.22,16.28,18.17,15.68,16.28
안성시 - 교통약자영역 - 지수,Statistics,8.8,8.89,8.78,7.79,7.98,,,,,,,,,
안성시 - 보행행태영역 - 지수,Statistics,9.45,7.96,8.59,13.26,14.45,13.45,12.11,15.45,16.67,17.14,17.06,17.88,17.56,16.99
안성시 - 운전행태영역 - 지수,Statistics,33.11,31.12,28.28,35.79,32.48,36.94,48.73,47.11,48.46,48.3,47.12,46.97,45.05,47.11
안양시 - 계 - 지수,Statistics,81.82,78.28,80.1,77.46,81.72,82.56,81.7,77.4,74.0,79.4,82.24,80.93,77.33,83.4
안양시 - 교통안전영역 - 지수,Statistics,34.11,33.59,33.56,26.07,25.91,33.98,24.4,15.23,15.21,17.51,19.52,19.16,16.34,19.65
안양시 - 교통약자영역 - 지수,Statistics,8.52,8.96,9.34,7.56,9.35,,,,,,,,,
안양시 - 보행행태영역 - 지수,Statistics,9.06,7.24,9.21,11.9,14.3,12.96,14.0,16.56,16.72,15.47,16.88,16.22,17.35,17.15
안양시 - 운전행태영역 - 지수,Statistics,30.12,28.49,27.99,31.93,33.1,35.62,43.29,45.61,42.07,46.43,45.84,45.56,43.64,46.6
양구군 - 계 - 지수,Statistics,84.63,69.07,68.8,79.85,73.02,74.77,83.7,67.99,71.57,85.13,75.4,73.46,81.03,82.88
양구군 - 교통안전영역 - 지수,Statistics,32.08,23.93,28.04,23.5,20.67,26.36,23.54,9.85,13.08,18.48,11.59,13.13,18.51,17.08
양구군 - 교통약자영역 - 지수,Statistics,9.99,7.31,8.57,12.5,13.89,,,,,,,,,
양구군 - 보행행태영역 - 지수,Statistics,8.56,9.66,6.87,13.09,6.45,13.67,13.8,16.42,16.23,17.15,16.95,16.78,18.28,17.61
양구군 - 운전행태영역 - 지수,Statistics,33.99,28.16,25.32,30.77,32.78,34.73,46.36,41.72,42.26,49.49,46.86,43.56,44.24,48.19
양산시 - 계 - 지수,Statistics,76.39,83.0,79.11,86.23,81.07,87.07,82.65,68.51,79.19,78.79,82.51,85.51,76.06,88.19
양산시 - 교통안전영역 - 지수,Statistics,30.52,31.76,30.71,24.75,24.45,35.58,23.6,10.31,16.54,16.87,21.01,21.22,17.25,21.48
양산시 - 보행행태영역 - 지수,Statistics,8.35,7.79,8.9,13.11,12.99,11.67,13.38,15.78,17.23,16.77,16.32,17.83,17.15,16.9
양산시 - 운전행태영역 - 지수,Statistics,28.95,34.12,30.52,34.51,34.19,39.81,45.67,42.41,45.41,45.15,45.18,46.45,41.66,49.81
양양군 - 계 - 지수,Statistics,55.52,65.77,66.46,65.17,80.96,75.99,75.21,73.84,73.43,76.17,81.0,72.39,73.94,79.83
양양군 - 교통안전영역 - 지수,Statistics,9.94,26.04,23.77,12.27,23.07,24.93,18.23,11.77,14.7,14.61,18.24,11.18,13.29,15.8
양양군 - 교통약자영역 - 지수,Statistics,8.63,9.7,9.74,13.03,15.0,,,,,,,,,
양양군 - 보행행태영역 - 지수,Statistics,8.5,6.15,4.42,8.51,9.64,12.89,13.05,17.1,13.92,16.36,17.58,17.35,14.81,17.43
양양군 - 운전행태영역 - 지수,Statistics,28.44,23.88,28.53,31.36,34.06,38.17,43.93,44.97,44.81,45.2,45.17,43.86,45.85,46.6
양주시 - 계 - 지수,Statistics,83.19,76.31,73.92,78.88,80.07,84.96,80.93,71.81,80.49,80.22,74.56,76.76,77.24,78.7
양주시 - 교통안전영역 - 지수,Statistics,33.32,29.49,30.55,22.75,23.4,32.44,22.19,9.68,16.67,15.11,12.63,11.03,13.99,13.16
양주시 - 교통약자영역 - 지수,Statistics,9.5,9.16,9.16,8.38,10.68,,,,,,,,,
양주시 - 보행행태영역 - 지수,Statistics,8.26,8.09,6.94,14.24,13.29,14.03,14.01,16.78,17.47,15.78,15.81,17.74,16.42,18.61
양주시 - 운전행태영역 - 지수,Statistics,32.12,29.57,27.27,33.5,33.18,38.49,44.74,45.35,46.35,49.33,46.13,47.99,46.83,46.93
양천구 - 계 - 지수,Statistics,86.36,83.07,84.57,83.46,86.17,90.34,90.68,77.05,74.76,80.2,80.8,83.63,80.53,78.69
양천구 - 교통안전영역 - 지수,Statistics,35.68,35.72,35.25,27.71,27.29,35.81,25.54,11.13,13.47,19.58,16.39,16.95,15.9,17.53
양천구 - 교통약자영역 - 지수,Statistics,9.67,9.68,9.57,8.82,13.75,,,,,,,,,
양천구 - 보행행태영역 - 지수,Statistics,9.19,9.11,9.1,14.39,13.59,14.07,14.59,17.82,16.75,16.99,17.4,16.97,16.54,16.4
양천구 - 운전행태영역 - 지수,Statistics,31.82,28.56,30.65,32.55,31.77,40.47,50.56,48.1,44.53,43.63,47.01,49.71,48.09,44.75
양평군 - 계 - 지수,Statistics,74.9,79.12,76.83,75.06,75.48,80.05,84.21,80.82,79.93,81.75,81.98,74.03,78.36,77.81
양평군 - 교통안전영역 - 지수,Statistics,27.63,30.77,30.29,19.54,21.96,29.71,24.54,16.46,16.56,18.31,18.78,13.6,16.14,13.31
양평군 - 교통약자영역 - 지수,Statistics,8.89,9.04,9.34,6.82,6.63,,,,,,,,,
양평군 - 보행행태영역 - 지수,Statistics,9.73,8.95,9.74,14.21,13.33,14.06,13.08,16.9,15.88,16.27,18.07,17.68,16.2,17.57
양평군 - 운전행태영역 - 지수,Statistics,28.64,30.36,27.46,34.49,34.03,36.27,46.59,47.46,47.48,47.18,45.12,42.75,46.03,46.94
여수시 - 계 - 지수,Statistics,79.14,77.26,71.23,72.65,74.36,82.79,74.86,77.15,86.08,82.49,77.25,87.02,84.72,84.98
여수시 - 교통안전영역 - 지수,Statistics,31.03,29.48,26.46,20.51,19.72,33.64,19.61,17.51,20.82,16.98,15.53,20.07,19.8,19.26
여수시 - 교통약자영역 - 지수,Statistics,8.73,8.66,7.44,9.15,11.14,,,,,,,,,
여수시 - 보행행태영역 - 지수,Statistics,8.5,9.44,8.24,12.15,13.86,13.29,13.06,16.56,17.13,17.49,16.3,18.07,16.98,17.1
여수시 - 운전행태영역 - 지수,Statistics,30.87,29.68,29.09,30.84,29.9,35.85,42.18,43.08,48.14,48.02,45.42,48.88,47.94,48.63
여주군 - 계 - 지수,Statistics,77.62,78.55,,,,,,,,,,,,
여주군 - 교통안전영역 - 지수,Statistics,26.82,27.98,,,,,,,,,,,,
여주군 - 교통약자영역 - 지수,Statistics,8.89,8.63,,,,,,,,,,,,
여주군 - 보행행태영역 - 지수,Statistics,8.14,9.84,,,,,,,,,,,,
여주군 - 운전행태영역 - 지수,Statistics,33.78,32.11,,,,,,,,,,,,
여주시 - 계 - 지수,Statistics,,,84.38,71.74,74.01,83.86,77.38,79.34,79.4,78.64,80.54,81.13,74.29,72.73
여주시 - 교통안전영역 - 지수,Statistics,,,29.7,15.4,20.02,35.12,20.71,16.24,12.94,16.38,16.65,18.48,12.83,13.4
여주시 - 교통약자영역 - 지수,Statistics,,,9.45,9.87,9.36,,,,,,,,,
여주시 - 보행행태영역 - 지수,Statistics,,,9.49,13.66,11.54,12.17,13.44,16.93,17.5,14.86,15.27,17.97,16.05,14.98
여주시 - 운전행태영역 - 지수,Statistics,,,35.74,32.8,34.02,36.57,43.23,46.18,48.97,47.4,48.62,44.68,45.4,44.35
연기군 - 계 - 지수,Statistics,77.88,75.84,,,,,,,,,,,,
연기군 - 교통안전영역 - 지수,Statistics,28.32,26.0,,,,,,,,,,,,
연기군 - 교통약자영역 - 지수,Statistics,8.53,7.67,,,,,,,,,,,,
연기군 - 보행행태영역 - 지수,Statistics,9.79,9.91,,,,,,,,,,,,
연기군 - 운전행태영역 - 지수,Statistics,31.24,32.26,,,,,,,,,,,,
연수구 - 계 - 지수,Statistics,80.49,83.18,87.93,81.03,87.82,83.64,87.39,76.49,80.2,83.59,82.89,85.76,84.61,85.78
연수구 - 교통안전영역 - 지수,Statistics,33.83,34.54,34.88,25.96,26.74,33.63,25.6,15.57,17.31,20.57,17.53,19.75,19.87,22.55
연수구 - 교통약자영역 - 지수,Statistics,8.97,9.41,9.38,9.47,11.89,,,,,,,,,
연수구 - 보행행태영역 - 지수,Statistics,8.13,9.05,9.21,13.82,14.08,12.68,14.04,16.29,17.09,16.59,16.72,18.01,17.91,17.18
연수구 - 운전행태영역 - 지수,Statistics,29.56,30.17,34.46,31.78,36.03,37.33,47.75,44.63,45.81,46.44,48.64,48.01,46.83,46.05
연제구 - 계 - 지수,Statistics,79.74,78.15,85.09,88.26,84.87,86.01,83.77,74.63,75.98,79.34,80.59,82.69,81.67,79.9
연제구 - 교통안전영역 - 지수,Statistics,33.65,34.64,33.93,26.38,27.4,35.17,25.43,13.88,17.03,16.84,20.11,18.25,17.62,17.62
연제구 - 교통약자영역 - 지수,Statistics,8.04,8.8,9.25,14.53,12.86,,,,,,,,,
연제구 - 보행행태영역 - 지수,Statistics,7.53,5.67,9.72,14.4,13.58,13.79,13.0,16.88,16.64,16.99,16.82,17.57,16.99,17.31
연제구 - 운전행태영역 - 지수,Statistics,30.52,29.05,32.19,32.96,32.13,37.05,45.34,43.87,42.31,45.5,43.66,46.86,47.07,44.97
연천군 - 계 - 지수,Statistics,82.01,77.86,75.49,74.43,76.97,82.04,83.22,72.4,68.95,73.01,77.39,76.39,74.42,71.96
연천군 - 교통안전영역 - 지수,Statistics,32.04,29.02,28.61,19.07,21.39,30.33,18.97,10.68,10.82,7.7,12.64,12.82,14.21,10.15
연천군 - 교통약자영역 - 지수,Statistics,9.61,9.29,8.56,12.87,9.07,,,,,,,,,
연천군 - 보행행태영역 - 지수,Statistics,9.19,9.44,9.17,13.27,12.27,10.0,14.3,16.32,15.62,16.86,16.2,16.96,16.1,15.27
연천군 - 운전행태영역 - 지수,Statistics,31.17,30.1,29.15,29.22,33.97,41.71,49.95,45.4,42.51,48.45,48.54,46.61,44.11,46.54
영광군 - 계 - 지수,Statistics,65.13,77.12,78.71,57.98,73.05,84.87,82.18,74.26,80.74,71.27,80.84,88.86,81.97,82.02
영광군 - 교통안전영역 - 지수,Statistics,23.0,29.54,28.15,11.87,17.37,30.26,23.32,7.76,14.72,4.65,16.43,18.69,16.67,18.03
영광군 - 교통약자영역 - 지수,Statistics,5.44,9.28,7.23,4.86,13.07,,,,,,,,,
영광군 - 보행행태영역 - 지수,Statistics,8.0,7.75,9.2,9.97,11.54,14.43,12.57,17.35,16.47,17.4,18.02,18.63,15.85,16.58
영광군 - 운전행태영역 - 지수,Statistics,28.7,30.55,34.13,31.28,31.76,40.19,46.3,49.14,49.55,49.23,46.39,51.54,49.45,47.42
영덕군 - 계 - 지수,Statistics,75.51,65.38,68.76,62.48,68.51,74.64,80.7,78.94,76.09,78.2,75.85,72.47,81.6,75.82
영덕군 - 교통안전영역 - 지수,Statistics,23.74,22.38,22.54,20.54,16.42,25.97,17.92,12.61,14.01,19.99,14.78,9.66,19.66,14.45
영덕군 - 교통약자영역 - 지수,Statistics,8.1,8.08,7.3,3.36,14.46,,,,,,,,,
영덕군 - 보행행태영역 - 지수,Statistics,10.0,8.79,9.01,11.09,9.73,14.7,13.59,18.28,16.86,15.56,16.34,16.87,18.14,16.86
영덕군 - 운전행태영역 - 지수,Statistics,33.67,26.14,29.91,27.49,27.94,33.96,49.18,48.05,45.22,42.66,44.73,45.93,43.79,44.51
영도구 - 계 - 지수,Statistics,82.31,76.41,82.2,77.36,81.87,87.22,86.24,78.73,72.74,82.21,84.4,86.29,81.23,82.36
영도구 - 교통안전영역 - 지수,Statistics,34.48,36.4,33.2,24.65,25.4,35.95,26.37,17.31,14.97,18.57,22.07,19.29,18.39,20.52
영도구 - 교통약자영역 - 지수,Statistics,8.94,9.6,9.21,6.15,11.86,,,,,,,,,
영도구 - 보행행태영역 - 지수,Statistics,8.23,6.15,8.64,13.42,12.66,14.32,14.24,16.98,16.59,17.16,16.7,18.23,18.07,17.07
영도구 - 운전행태영역 - 지수,Statistics,30.67,24.25,31.15,33.14,32.61,36.94,45.63,44.44,41.19,46.48,45.63,48.77,44.76,44.77
영동군 - 계 - 지수,Statistics,80.28,73.21,76.51,80.93,81.01,73.5,78.18,68.73,88.57,87.75,85.19,88.01,87.55,87.39
영동군 - 교통안전영역 - 지수,Statistics,29.01,26.88,28.37,15.84,21.11,23.44,19.56,10.73,20.39,19.4,17.82,21.87,18.82,20.17
영동군 - 교통약자영역 - 지수,Statistics,8.03,7.95,7.31,14.38,14.39,,,,,,,,,
영동군 - 보행행태영역 - 지수,Statistics,8.6,8.74,9.1,15.0,11.36,12.35,8.95,15.79,17.71,17.17,18.04,16.38,17.03,16.72
영동군 - 운전행태영역 - 지수,Statistics,34.65,29.65,31.73,35.71,34.8,37.72,49.67,42.21,50.47,51.19,49.34,49.76,51.7,50.51
영등포구 - 계 - 지수,Statistics,77.79,75.87,80.52,74.57,78.91,83.81,88.33,79.71,83.25,77.46,83.33,81.48,75.94,78.14
영등포구 - 교통안전영역 - 지수,Statistics,30.85,30.7,29.93,23.44,23.5,34.44,26.22,16.04,15.83,17.39,18.76,15.3,12.55,14.25
영등포구 - 교통약자영역 - 지수,Statistics,8.89,9.14,8.75,10.5,12.2,,,,,,,,,
영등포구 - 보행행태영역 - 지수,Statistics,8.83,7.17,9.36,13.07,12.51,13.02,13.84,16.48,18.07,14.65,16.62,16.43,16.03,17.42
영등포구 - 운전행태영역 - 지수,Statistics,29.21,28.87,32.48,27.56,31.82,36.35,48.28,47.19,49.36,45.42,47.96,49.75,47.36,46.48
영암군 - 계 - 지수,Statistics,62.27,58.66,56.7,53.72,60.36,76.13,88.84,65.27,74.46,76.92,75.42,65.5,77.85,75.19
영암군 - 교통안전영역 - 지수,Statistics,17.47,13.38,14.0,9.39,7.5,25.28,22.83,7.9,11.08,14.45,10.97,13.26,16.12,12.47
영암군 - 교통약자영역 - 지수,Statistics,6.65,7.79,8.42,8.21,11.26,,,,,,,,,
영암군 - 보행행태영역 - 지수,Statistics,6.9,6.1,8.55,7.5,7.92,9.88,13.93,16.15,17.09,16.25,17.33,12.57,14.78,15.95
영암군 - 운전행태영역 - 지수,Statistics,31.26,31.39,25.73,28.62,33.86,40.98,52.08,41.22,46.29,46.22,47.11,39.66,46.96,46.78
영양군 - 계 - 지수,Statistics,,,,,74.57,79.26,80.27,79.0,76.49,82.44,77.67,78.44,81.07,81.76
영양군 - 교통안전영역 - 지수,Statistics,23.14,34.49,31.24,25.51,13.75,28.84,17.53,16.07,12.74,19.75,21.72,16.57,19.69,18.28
영양군 - 교통약자영역 - 지수,Statistics,7.4,9.24,9.83,9.38,13.88,,,,,,,,,
영양군 - 보행행태영역 - 지수,Statistics,,,,,12.0,14.44,12.5,16.21,16.0,18.54,13.63,16.36,15.4,15.73
영양군 - 운전행태영역 - 지수,Statistics,,,,,35.47,35.97,50.24,46.72,47.75,44.15,42.32,45.5,45.98,47.75
영월군 - 계 - 지수,Statistics,72.95,79.04,67.3,65.11,65.38,73.32,82.46,73.29,70.93,73.71,81.99,80.49,79.43,83.93
영월군 - 교통안전영역 - 지수,Statistics,27.04,30.8,24.11,20.23,17.26,28.79,22.58,6.04,11.47,10.24,16.95,14.67,17.74,17.01
영월군 - 교통약자영역 - 지수,Statistics,8.47,7.77,7.61,3.29,7.4,,,,,,,,,
영월군 - 보행행태영역 - 지수,Statistics,9.07,9.41,7.95,13.42,14.02,12.26,12.23,17.97,15.29,16.64,16.76,17.43,16.1,18.8
영월군 - 운전행태영역 - 지수,Statistics,28.38,31.06,27.63,28.17,27.25,32.27,47.64,49.29,44.17,46.83,48.29,48.39,45.59,48.13
영주시 - 계 - 지수,Statistics,77.7,76.07,80.57,75.32,73.52,79.61,77.09,72.22,72.65,81.82,82.93,78.18,80.96,83.86
영주시 - 교통안전영역 - 지수,Statistics,28.49,28.67,30.26,21.17,22.18,32.03,18.88,11.39,10.61,16.98,18.94,11.77,18.59,19.5
영주시 - 교통약자영역 - 지수,Statistics,7.7,8.3,9.79,12.65,7.04,,,,,,,,,
영주시 - 보행행태영역 - 지수,Statistics,9.49,9.62,9.09,12.8,14.03,12.44,13.96,16.28,16.01,16.02,17.85,18.0,15.8,17.1
영주시 - 운전행태영역 - 지수,Statistics,32.03,29.47,31.43,28.7,30.48,35.14,44.25,44.55,46.04,48.82,46.14,48.42,46.57,47.26
영천시 - 계 - 지수,Statistics,68.71,68.62,74.89,74.76,74.17,68.6,75.28,78.17,78.68,75.49,86.62,80.09,78.54,81.3
영천시 - 교통안전영역 - 지수,Statistics,21.69,20.16,24.84,18.39,19.03,18.87,18.95,18.25,16.9,14.79,20.42,18.34,18.99,20.23
영천시 - 교통약자영역 - 지수,Statistics,8.23,8.0,8.1,12.47,7.49,,,,,,,,,
영천시 - 보행행태영역 - 지수,Statistics,5.98,9.5,9.16,14.32,15.0,12.09,10.94,16.1,17.25,17.53,18.82,17.98,16.38,17.0
영천시 - 운전행태영역 - 지수,Statistics,32.81,30.96,32.79,29.58,32.98,37.64,45.39,43.82,44.53,43.17,47.38,43.77,43.17,44.06
예산군 - 계 - 지수,Statistics,77.64,80.05,74.6,82.93,78.98,71.4,84.04,77.56,75.58,72.86,81.2,70.21,84.27,83.15
예산군 - 교통안전영역 - 지수,Statistics,22.65,25.51,27.97,17.57,21.22,22.53,18.08,11.33,13.03,10.92,15.29,14.22,20.88,17.09
예산군 - 교통약자영역 - 지수,Statistics,8.19,7.94,9.38,14.62,15.0,,,,,,,,,
예산군 - 보행행태영역 - 지수,Statistics,9.88,9.37,8.68,15.0,12.43,13.23,14.7,16.87,18.26,16.02,17.8,14.51,17.53,17.14
예산군 - 운전행태영역 - 지수,Statistics,36.91,37.23,28.57,35.73,30.98,35.64,51.26,49.37,44.29,45.92,48.11,41.47,45.86,48.93
예천군 - 계 - 지수,Statistics,75.61,79.46,68.68,76.78,79.26,75.24,72.74,70.55,73.43,73.17,76.07,74.3,82.06,77.16
예천군 - 교통안전영역 - 지수,Statistics,25.19,27.68,22.43,18.44,23.8,27.27,17.17,8.22,16.05,14.38,20.12,14.07,21.29,19.19
예천군 - 교통약자영역 - 지수,Statistics,7.62,7.53,7.44,14.08,14.27,,,,,,,,,
예천군 - 보행행태영역 - 지수,Statistics,6.09,9.37,7.83,15.0,12.39,12.06,11.43,16.51,15.45,13.68,14.15,16.35,16.09,15.29
예천군 - 운전행태영역 - 지수,Statistics,36.71,34.88,30.98,29.26,29.19,35.91,44.14,45.81,41.93,45.11,41.8,43.87,44.67,42.68
오산시 - 계 - 지수,Statistics,80.27,83.08,79.54,80.39,86.57,84.23,82.6,80.17,78.2,80.65,79.36,84.18,76.3,78.34
오산시 - 교통안전영역 - 지수,Statistics,33.57,34.12,33.65,27.59,25.71,34.6,23.52,15.6,13.8,17.4,17.48,18.63,13.03,11.07
오산시 - 교통약자영역 - 지수,Statistics,9.36,9.27,9.56,13.15,13.93,,,,,,,,,
오산시 - 보행행태영역 - 지수,Statistics,8.83,9.16,8.0,12.49,14.24,13.12,14.12,17.29,17.58,17.47,16.92,17.97,17.6,17.76
오산시 - 운전행태영역 - 지수,Statistics,28.51,30.53,28.33,27.15,33.99,36.51,44.95,47.28,46.83,45.78,44.97,47.58,45.66,49.51
옥천군 - 계 - 지수,Statistics,74.57,64.31,81.35,87.02,75.38,81.17,74.6,81.72,76.26,74.66,75.61,78.7,85.01,83.38
옥천군 - 교통안전영역 - 지수,Statistics,27.16,23.08,27.14,19.98,17.12,27.81,19.38,15.27,18.6,14.9,12.03,17.24,19.38,18.69
옥천군 - 교통약자영역 - 지수,Statistics,8.8,7.97,9.57,15.0,11.34,,,,,,,,,
옥천군 - 보행행태영역 - 지수,Statistics,7.08,5.65,8.49,15.0,13.67,13.4,13.62,16.95,16.43,17.44,17.48,14.22,17.32,17.64
옥천군 - 운전행태영역 - 지수,Statistics,31.54,27.61,36.15,37.03,33.66,39.96,41.59,49.5,41.23,42.32,46.1,47.24,48.3,47.04
옹진군 - 계 - 지수,Statistics,,,,,83.34,76.05,60.76,58.76,64.23,,,,75.35,70.36
옹진군 - 교통안전영역 - 지수,Statistics,38.35,28.42,29.77,12.64,29.53,29.65,14.56,9.24,9.74,9.02,13.7,14.33,20.45,20.01
옹진군 - 교통약자영역 - 지수,Statistics,9.95,10.0,9.93,7.9,15.0,,,,,,,,,
옹진군 - 보행행태영역 - 지수,Statistics,,,,,12.86,12.5,9.71,15.82,12.62,10.05,9.88,14.01,16.87,10.07
옹진군 - 운전행태영역 - 지수,Statistics,,,,,26.75,33.9,36.49,33.7,41.87,38.99,37.66,37.24,38.04,40.28
완도군 - 계 - 지수,Statistics,74.36,75.02,76.48,76.04,76.28,85.41,81.9,70.28,85.86,75.2,80.39,78.91,76.89,79.09
완도군 - 교통안전영역 - 지수,Statistics,32.32,30.15,27.91,21.62,23.22,28.28,23.34,12.8,17.12,9.1,15.2,16.01,13.77,18.08
완도군 - 교통약자영역 - 지수,Statistics,8.88,8.07,8.63,13.57,12.51,,,,,,,,,
완도군 - 보행행태영역 - 지수,Statistics,8.36,8.84,7.54,13.43,7.97,14.1,13.27,15.98,18.12,17.9,17.07,16.56,16.74,16.73
완도군 - 운전행태영역 - 지수,Statistics,24.8,27.96,32.4,27.42,33.17,43.03,45.28,41.51,50.62,48.2,48.12,46.34,46.39,44.28
완주군 - 계 - 지수,Statistics,64.64,62.08,50.76,74.86,70.3,71.09,77.44,75.13,71.42,78.02,77.46,83.06,81.2,80.91
완주군 - 교통안전영역 - 지수,Statistics,24.74,22.79,15.81,11.43,13.37,27.1,21.1,12.32,9.26,17.32,16.61,18.37,18.49,19.1
완주군 - 교통약자영역 - 지수,Statistics,8.53,8.4,3.24,14.32,14.52,,,,,,,,,
완주군 - 보행행태영역 - 지수,Statistics,6.48,5.33,5.03,13.94,13.04,12.07,11.67,16.15,16.81,16.26,16.65,18.15,16.78,17.26
완주군 - 운전행태영역 - 지수,Statistics,24.89,25.56,26.68,35.18,30.18,31.92,44.67,46.65,45.36,44.45,44.2,46.54,45.93,44.55
용산구 - 계 - 지수,Statistics,83.47,81.62,77.45,77.15,81.63,84.39,79.42,69.84,75.14,68.97,77.42,82.62,73.56,70.71
용산구 - 교통안전영역 - 지수,Statistics,32.08,33.61,32.24,25.28,25.96,34.94,24.68,8.88,16.62,8.97,15.03,20.79,11.8,7.68
용산구 - 교통약자영역 - 지수,Statistics,9.14,9.42,8.62,9.04,11.86,,,,,,,,,
용산구 - 보행행태영역 - 지수,Statistics,9.58,8.93,8.84,12.32,14.24,13.92,13.04,16.2,16.15,16.01,17.19,16.19,17.78,17.17
용산구 - 운전행태영역 - 지수,Statistics,32.67,29.65,27.75,30.51,29.81,35.53,41.7,44.77,42.37,44.0,45.2,45.65,43.99,45.86
용인시 - 계 - 지수,Statistics,85.15,79.21,82.8,84.47,83.67,85.89,84.25,71.63,81.25,81.16,85.18,83.65,75.98,82.39
용인시 - 교통안전영역 - 지수,Statistics,34.14,34.3,34.27,25.97,26.88,35.13,25.61,9.92,18.09,16.02,20.08,20.46,12.5,20.21
용인시 - 교통약자영역 - 지수,Statistics,9.51,9.48,9.39,10.55,12.63,,,,,,,,,
용인시 - 보행행태영역 - 지수,Statistics,9.49,8.15,7.58,13.23,12.63,13.35,12.12,16.51,17.24,17.71,18.22,17.32,16.72,16.76
용인시 - 운전행태영역 - 지수,Statistics,32.01,27.27,31.56,34.72,32.43,37.41,46.51,45.2,45.93,47.43,46.88,45.86,46.76,45.42
울릉군 - 계 - 지수,Statistics,,,,,,,,42.78,,,,,,
울릉군 - 교통안전영역 - 지수,Statistics,39.72,36.74,34.97,25.04,24.78,35.67,17.69,9.36,12.2,18.85,18.96,14.25,18.35,17.79
울릉군 - 교통약자영역 - 지수,Statistics,9.28,9.22,8.81,7.08,7.81,,,,,,,,,
울릉군 - 보행행태영역 - 지수,Statistics,,,,,,,4.78,7.75,8.14,8.29,7.52,7.52,10.5,11.02
울릉군 - 운전행태영역 - 지수,Statistics,,,,,4.67,,21.46,25.67,25.61,18.9,23.84,27.14,18.83,15.1
울산광역시 - 계 - 지수,Statistics,77.72,80.46,81.62,77.68,83.39,82.24,78.06,72.61,79.29,81.08,82.4,82.23,78.77,80.17
울산광역시 - 교통안전영역 - 지수,Statistics,32.14,32.1,31.9,23.41,23.82,33.74,22.43,12.69,17.3,17.49,18.1,18.36,16.21,17.45
울산광역시 - 교통약자영역 - 지수,Statistics,9.21,9.12,8.98,10.01,13.42,,,,,,,,,
울산광역시 - 보행행태영역 - 지수,Statistics,7.9,8.45,9.37,12.7,13.4,13.02,13.02,16.13,16.98,16.72,16.68,16.92,16.5,16.88
울산광역시 - 운전행태영역 - 지수,Statistics,28.47,30.8,31.37,31.56,33.57,35.48,42.61,43.79,45.01,46.88,46.67,46.95,46.05,45.85
울주군 - 계 - 지수,Statistics,72.78,77.95,80.06,79.19,84.4,78.07,78.22,73.26,78.36,85.15,84.07,82.31,80.08,78.46
울주군 - 교통안전영역 - 지수,Statistics,26.32,29.99,28.63,20.68,22.03,31.8,21.09,13.42,17.78,19.05,21.01,17.7,17.15,16.36
울주군 - 교통약자영역 - 지수,Statistics,8.68,8.93,9.23,14.21,14.83,,,,,,,,,
울주군 - 보행행태영역 - 지수,Statistics,7.82,9.67,8.99,13.57,15.0,12.19,13.87,15.6,17.24,17.21,16.47,16.33,14.82,16.2
울주군 - 운전행태영역 - 지수,Statistics,29.96,29.37,33.21,30.74,33.46,34.08,43.26,44.24,43.35,48.9,46.59,48.28,48.1,45.9
울진군 - 계 - 지수,Statistics,69.98,67.31,75.21,,56.74,75.73,74.57,71.03,73.42,60.63,69.12,74.42,78.37,70.23
울진군 - 교통안전영역 - 지수,Statistics,27.33,26.79,28.16,19.59,22.83,23.24,18.7,12.17,13.94,14.36,21.1,14.06,21.35,13.2
울진군 - 교통약자영역 - 지수,Statistics,9.1,9.79,8.71,7.74,6.65,,,,,,,,,
울진군 - 보행행태영역 - 지수,Statistics,7.83,3.33,9.56,,3.75,15.0,9.84,15.02,15.68,9.92,8.44,15.56,11.47,13.65
울진군 - 운전행태영역 - 지수,Statistics,25.72,27.39,28.78,,23.43,37.49,46.03,43.84,43.81,36.35,39.58,44.79,45.55,43.39
원주시 - 계 - 지수,Statistics,77.41,74.01,77.38,81.25,85.93,86.2,92.26,80.55,86.23,86.82,87.92,89.83,86.66,90.35
원주시 - 교통안전영역 - 지수,Statistics,27.45,26.36,26.39,22.77,21.84,33.46,26.63,20.02,21.23,18.06,19.82,20.41,18.32,23.35
원주시 - 교통약자영역 - 지수,Statistics,8.62,8.85,8.38,13.08,14.3,,,,,,,,,
원주시 - 보행행태영역 - 지수,Statistics,8.96,8.11,9.49,11.69,13.31,14.06,14.35,16.27,15.84,18.16,18.49,17.83,17.55,18.13
원주시 - 운전행태영역 - 지수,Statistics,32.38,30.69,33.12,33.71,37.45,38.68,51.29,44.27,49.16,50.61,49.61,51.6,50.79,48.88
유성구 - 계 - 지수,Statistics,83.03,80.48,80.97,82.33,87.09,88.77,84.81,77.87,79.6,78.72,83.65,83.22,79.86,78.89
유성구 - 교통안전영역 - 지수,Statistics,34.11,33.33,33.61,25.31,26.19,33.58,25.93,17.63,18.79,17.52,20.31,20.51,16.77,18.47
유성구 - 교통약자영역 - 지수,Statistics,8.87,9.1,8.83,11.08,14.48,,,,,,,,,
유성구 - 보행행태영역 - 지수,Statistics,9.45,8.57,8.87,12.13,14.04,14.58,13.07,16.01,16.39,15.58,15.58,16.01,16.29,15.85
유성구 - 운전행태영역 - 지수,Statistics,30.59,29.47,29.66,33.81,33.29,40.61,45.81,44.22,44.42,45.61,47.76,46.69,46.81,44.56
은평구 - 계 - 지수,Statistics,86.93,80.47,86.03,90.71,86.67,84.47,82.6,71.77,76.66,76.78,81.92,87.82,82.92,85.71
은평구 - 교통안전영역 - 지수,Statistics,34.57,33.64,33.69,27.9,27.68,34.31,23.27,10.16,11.43,11.76,19.8,19.32,17.26,19.55
은평구 - 교통약자영역 - 지수,Statistics,9.65,8.48,9.2,12.67,10.58,,,,,,,,,
은평구 - 보행행태영역 - 지수,Statistics,9.91,9.53,8.96,14.96,14.1,13.61,13.79,16.48,16.66,16.96,15.34,17.96,17.32,17.32
은평구 - 운전행태영역 - 지수,Statistics,32.81,28.81,34.18,35.18,35.08,36.56,45.53,45.12,48.58,48.06,46.78,50.53,48.34,48.83
음성군 - 계 - 지수,Statistics,78.07,72.41,64.78,79.18,74.75,79.03,78.08,70.69,73.44,75.57,73.5,81.56,79.52,77.35
음성군 - 교통안전영역 - 지수,Statistics,24.15,27.29,20.33,17.34,19.09,26.91,18.95,9.11,9.52,12.27,9.78,19.45,17.32,11.93
음성군 - 교통약자영역 - 지수,Statistics,8.9,8.95,8.66,12.41,14.35,,,,,,,,,
음성군 - 보행행태영역 - 지수,Statistics,9.2,7.39,8.95,15.0,10.31,12.9,14.32,17.61,15.88,16.76,15.72,16.71,17.19,16.63
음성군 - 운전행태영역 - 지수,Statistics,35.82,28.78,26.84,34.43,31.8,39.22,44.8,43.97,48.04,46.55,48.0,45.4,45.02,48.78
의령군 - 계 - 지수,Statistics,74.71,68.34,73.14,72.43,69.4,85.53,75.69,70.68,74.2,77.81,78.51,72.73,77.32,83.85
의령군 - 교통안전영역 - 지수,Statistics,28.88,23.81,21.88,9.65,15.02,28.6,19.34,10.76,15.46,14.0,17.28,15.81,20.4,19.72
의령군 - 교통약자영역 - 지수,Statistics,7.74,6.85,9.88,11.74,12.97,,,,,,,,,
의령군 - 보행행태영역 - 지수,Statistics,9.62,8.54,9.32,15.0,9.91,15.0,14.21,13.89,16.74,16.2,15.22,15.61,14.36,17.52
의령군 - 운전행태영역 - 지수,Statistics,28.46,29.14,32.06,36.04,31.68,41.93,42.14,46.04,42.0,47.61,46.02,41.31,42.56,46.61
의성군 - 계 - 지수,Statistics,68.51,78.43,70.71,71.78,70.05,77.6,77.37,74.41,70.65,79.35,83.48,81.51,82.82,78.42
의성군 - 교통안전영역 - 지수,Statistics,25.07,31.78,21.03,18.97,16.13,28.56,16.46,15.66,13.9,14.61,15.67,17.61,20.02,16.07
의성군 - 교통약자영역 - 지수,Statistics,8.47,10.0,7.94,10.61,12.52,,,,,,,,,
의성군 - 보행행태영역 - 지수,Statistics,7.07,8.47,9.59,12.22,11.0,13.91,11.17,14.16,14.21,18.02,18.02,17.32,16.07,16.93
의성군 - 운전행태영역 - 지수,Statistics,27.91,28.19,32.15,29.97,30.73,35.12,49.74,44.59,42.55,46.72,49.79,46.58,46.73,45.42
의왕시 - 계 - 지수,Statistics,78.43,82.54,84.5,78.82,83.11,82.87,80.63,76.43,78.41,82.53,79.86,73.2,81.46,75.09
의왕시 - 교통안전영역 - 지수,Statistics,34.29,35.38,35.0,27.17,26.19,31.77,22.73,11.92,17.68,19.0,17.53,9.13,20.73,17.28
의왕시 - 교통약자영역 - 지수,Statistics,9.01,9.75,9.7,13.04,12.89,,,,,,,,,
의왕시 - 보행행태영역 - 지수,Statistics,4.87,7.59,8.35,7.47,14.51,12.78,10.49,16.89,17.63,16.58,16.14,17.74,17.27,16.05
의왕시 - 운전행태영역 - 지수,Statistics,30.25,29.82,31.45,31.14,30.73,38.32,47.41,47.62,43.1,46.94,46.19,46.33,43.46,41.76
의정부시 - 계 - 지수,Statistics,74.29,79.95,80.24,78.48,82.33,87.13,88.39,80.34,80.25,80.44,82.35,79.88,74.16,80.01
의정부시 - 교통안전영역 - 지수,Statistics,31.08,33.19,32.62,26.73,26.81,35.96,26.16,19.79,17.86,17.81,19.38,17.43,14.25,16.75
의정부시 - 교통약자영역 - 지수,Statistics,8.96,9.51,9.03,8.03,8.14,,,,,,,,,
의정부시 - 보행행태영역 - 지수,Statistics,7.8,7.56,9.21,12.23,13.34,13.22,13.73,15.89,17.18,16.76,17.62,15.97,16.24,16.28
의정부시 - 운전행태영역 - 지수,Statistics,26.44,29.68,29.38,31.49,34.74,37.94,48.5,44.66,45.21,45.87,45.34,46.47,43.67,46.98
이천시 - 계 - 지수,Statistics,76.01,75.48,76.47,75.75,79.89,78.86,75.71,70.99,75.29,70.85,75.13,77.74,71.14,73.83
이천시 - 교통안전영역 - 지수,Statistics,31.35,30.76,28.76,21.16,22.77,28.37,20.67,9.71,9.63,8.39,12.17,14.65,9.7,15.32
이천시 - 교통약자영역 - 지수,Statistics,9.14,9.32,8.45,13.48,11.41,,,,,,,,,
이천시 - 보행행태영역 - 지수,Statistics,9.06,8.55,9.42,13.16,13.03,11.71,11.21,15.78,17.04,16.16,15.8,17.7,16.62,14.92
이천시 - 운전행태영역 - 지수,Statistics,26.46,26.86,29.84,27.95,33.79,38.77,43.84,45.5,48.62,46.3,47.16,45.39,44.82,43.59
익산시 - 계 - 지수,Statistics,68.59,71.69,76.53,70.71,72.04,84.89,86.69,80.27,74.03,75.95,83.0,78.13,80.05,81.66
익산시 - 교통안전영역 - 지수,Statistics,24.52,27.05,27.85,19.74,20.95,33.39,25.3,16.42,11.4,14.14,19.41,16.5,16.78,19.54
익산시 - 보행행태영역 - 지수,Statistics,6.61,7.46,9.31,9.75,13.74,13.66,14.13,17.92,17.84,17.45,17.19,17.26,17.35,17.31
익산시 - 운전행태영역 - 지수,Statistics,29.1,28.72,30.56,30.46,29.32,37.85,47.26,45.92,44.79,44.35,46.4,44.37,45.92,44.82
인제군 - 계 - 지수,Statistics,68.96,67.17,65.8,73.02,83.47,73.31,80.14,72.77,74.93,73.16,76.24,84.98,86.3,86.27
인제군 - 교통안전영역 - 지수,Statistics,21.3,19.57,21.45,17.46,22.27,24.05,17.86,10.87,14.27,10.64,14.63,16.57,20.97,19.97
인제군 - 교통약자영역 - 지수,Statistics,6.63,6.77,7.79,9.91,15.0,,,,,,,,,
인제군 - 보행행태영역 - 지수,Statistics,7.02,5.02,7.39,12.6,12.03,12.36,12.88,16.27,15.48,16.48,15.83,18.27,16.5,16.32
인제군 - 운전행태영역 - 지수,Statistics,34.01,35.81,29.17,33.05,35.26,36.89,49.4,45.63,45.19,46.04,45.78,50.13,48.83,49.99
인천광역시 - 계 - 지수,Statistics,82.83,81.99,83.84,82.01,85.75,84.39,82.83,74.12,77.62,82.95,82.62,83.74,82.66,83.06
인천광역시 - 교통안전영역 - 지수,Statistics,32.61,33.71,33.36,26.13,26.29,34.82,22.49,12.2,14.52,18.57,17.58,17.59,18.66,20.17
인천광역시 - 교통약자영역 - 지수,Statistics,9.14,9.3,9.31,10.32,11.12,,,,,,,,,
인천광역시 - 보행행태영역 - 지수,Statistics,8.92,8.92,8.87,13.73,14.05,12.67,13.62,16.49,16.71,16.91,17.48,17.5,17.35,16.91
인천광역시 - 운전행태영역 - 지수,Statistics,32.15,30.05,32.3,31.83,34.92,36.9,46.71,45.44,46.38,47.47,47.79,48.65,46.64,45.98
임실군 - 계 - 지수,Statistics,72.89,54.44,70.31,88.84,75.39,75.82,77.79,77.4,74.9,76.05,77.61,74.13,74.76,81.69
임실군 - 교통안전영역 - 지수,Statistics,29.14,17.25,25.8,23.22,20.98,24.41,19.05,16.42,13.56,13.84,18.73,17.9,20.14,21.73
임실군 - 교통약자영역 - 지수,Statistics,8.99,6.06,9.63,15.0,13.73,,,,,,,,,
임실군 - 보행행태영역 - 지수,Statistics,4.67,5.5,6.67,15.0,12.39,11.54,14.03,15.67,16.73,15.63,16.92,17.19,17.65,17.06
임실군 - 운전행태영역 - 지수,Statistics,30.09,25.63,28.21,35.62,29.27,39.87,44.71,45.3,44.61,46.58,41.95,39.04,36.98,42.9
장성군 - 계 - 지수,Statistics,55.36,66.63,64.96,72.95,86.04,79.81,84.18,74.75,70.26,75.46,81.66,84.14,85.39,81.1
장성군 - 교통안전영역 - 지수,Statistics,21.46,24.14,20.33,20.78,24.07,24.92,20.81,9.23,10.94,13.42,18.78,19.79,21.61,16.4
장성군 - 교통약자영역 - 지수,Statistics,8.77,9.18,7.78,11.0,11.7,,,,,,,,,
장성군 - 보행행태영역 - 지수,Statistics,3.08,7.34,8.08,13.18,15.0,14.55,13.13,17.56,15.24,15.66,16.71,17.09,16.94,18.58
장성군 - 운전행태영역 - 지수,Statistics,22.06,25.96,28.77,27.98,35.92,40.34,50.24,47.96,44.08,46.38,46.17,47.26,46.84,46.11
장수군 - 계 - 지수,Statistics,42.0,72.83,78.12,74.94,72.51,74.06,61.54,75.55,75.76,74.81,71.63,72.82,71.52,79.08
장수군 - 교통안전영역 - 지수,Statistics,11.12,28.12,30.3,12.62,15.43,32.7,14.02,15.59,18.58,17.08,18.03,19.75,18.43,18.93
장수군 - 교통약자영역 - 지수,Statistics,4.08,8.36,8.87,11.37,15.0,,,,,,,,,
장수군 - 보행행태영역 - 지수,Statistics,4.3,6.81,8.02,15.0,13.33,10.0,10.86,16.31,17.17,15.47,15.76,15.41,16.02,17.54
장수군 - 운전행태영역 - 지수,Statistics,22.5,29.53,30.93,35.95,29.62,31.36,36.66,43.65,40.02,42.26,37.84,37.66,37.07,42.61
장흥군 - 계 - 지수,Statistics,56.1,63.4,75.54,61.35,79.71,79.95,81.51,79.68,78.61,69.44,75.56,72.85,82.26,75.87
장흥군 - 교통안전영역 - 지수,Statistics,19.64,22.29,25.99,21.04,20.72,29.52,17.36,13.68,14.6,12.75,15.46,13.22,16.42,13.14
장흥군 - 교통약자영역 - 지수,Statistics,6.94,8.16,8.12,7.24,13.0,,,,,,,,,
장흥군 - 보행행태영역 - 지수,Statistics,2.44,3.01,8.43,7.03,11.34,11.63,13.15,16.43,17.25,15.95,16.36,15.82,16.86,16.69
장흥군 - 운전행태영역 - 지수,Statistics,27.08,29.94,33.0,26.04,35.27,38.8,51.0,49.57,46.76,40.73,43.74,43.8,48.98,46.05
전국 - 계 - 지수,Statistics,74.79,75.2,76.04,76.7,78.11,81.38,81.56,75.25,77.46,78.94,80.87,81.18,79.92,80.73
전국 - 교통안전영역 - 지수,Statistics,28.65,29.04,28.74,21.34,21.87,31.27,21.75,13.1,15.16,16.01,17.54,17.25,16.85,17.45
전국 - 교통약자영역 - 지수,Statistics,8.53,8.73,8.67,11.17,11.95,,,,,,,,,
전국 - 보행행태영역 - 지수,Statistics,8.2,8.17,8.61,12.74,12.47,13.12,13.2,16.53,16.71,16.74,16.9,17.12,16.97,16.92
전국 - 운전행태영역 - 지수,Statistics,30.08,29.33,30.09,31.45,32.47,37.01,46.61,45.61,45.59,46.18,46.43,46.81,46.1,46.36
전라남도 - 계 - 지수,Statistics,71.33,75.96,73.27,68.58,75.44,82.77,82.56,73.96,79.19,77.66,79.49,81.05,82.85,80.02
전라남도 - 교통안전영역 - 지수,Statistics,26.21,27.29,25.71,18.27,19.45,31.58,20.23,10.98,15.35,13.13,15.9,16.9,18.13,16.29
전라남도 - 교통약자영역 - 지수,Statistics,8.2,8.57,8.07,10.4,11.43,,,,,,,,,
전라남도 - 보행행태영역 - 지수,Statistics,8.16,8.84,8.59,11.13,12.94,13.42,13.25,16.76,17.05,17.22,17.15,17.13,17.13,17.03
전라남도 - 운전행태영역 - 지수,Statistics,28.75,31.26,30.9,28.78,32.13,37.77,49.08,46.22,46.8,47.31,46.8,47.03,47.59,46.7
전북특별자치도 - 계 - 지수,Statistics,71.88,73.74,73.97,74.73,77.11,79.8,80.68,75.33,76.84,75.48,79.8,77.36,80.21,82.02
전북특별자치도 - 교통안전영역 - 지수,Statistics,26.34,27.54,27.35,20.22,20.77,30.4,19.17,13.09,14.93,14.69,17.65,16.33,19.37,20.24
전북특별자치도 - 교통약자영역 - 지수,Statistics,8.28,8.75,8.46,10.65,11.63,,,,,,,,,
전북특별자치도 - 보행행태영역 - 지수,Statistics,8.09,8.57,8.65,12.12,12.96,13.02,13.84,16.67,17.41,17.16,16.75,17.45,17.31,17.11
전북특별자치도 - 운전행태영역 - 지수,Statistics,29.18,28.89,29.51,31.74,32.76,36.38,47.67,45.58,44.5,43.62,44.92,43.58,43.53,44.67
전주시 - 계 - 지수,Statistics,75.8,76.69,79.64,81.02,82.84,83.31,87.12,73.03,81.04,80.87,79.87,82.25,79.85,79.29
전주시 - 교통안전영역 - 지수,Statistics,29.19,30.53,30.37,23.49,24.36,32.67,23.94,9.54,18.67,20.1,17.69,18.98,16.93,16.88
전주시 - 교통약자영역 - 지수,Statistics,8.31,9.17,9.06,9.97,11.01,,,,,,,,,
전주시 - 보행행태영역 - 지수,Statistics,8.08,8.73,9.36,14.6,13.71,12.71,14.37,17.2,17.72,17.75,17.54,17.86,17.54,17.78
전주시 - 운전행태영역 - 지수,Statistics,30.22,28.27,30.85,32.96,34.96,37.93,48.8,46.3,44.65,43.01,44.64,45.41,45.38,44.63
정선군 - 계 - 지수,Statistics,73.97,68.0,77.92,66.5,68.85,75.72,77.72,66.31,70.05,75.76,74.48,80.92,77.6,79.71
정선군 - 교통안전영역 - 지수,Statistics,25.93,29.58,31.51,21.41,22.86,33.92,17.66,8.3,10.24,15.3,12.93,16.79,17.17,15.48
정선군 - 교통약자영역 - 지수,Statistics,7.04,8.78,8.66,14.32,12.15,,,,,,,,,
정선군 - 보행행태영역 - 지수,Statistics,8.29,3.55,6.7,7.86,7.92,10.41,11.15,13.87,11.98,14.67,13.46,15.92,14.4,17.21
정선군 - 운전행태영역 - 지수,Statistics,32.72,26.09,31.05,22.91,26.57,31.39,48.91,44.14,47.83,45.8,48.09,48.2,46.03,47.03
정읍시 - 계 - 지수,Statistics,70.13,78.33,71.22,81.81,81.03,79.67,80.9,69.89,80.29,69.6,81.24,74.14,79.25,78.23
정읍시 - 교통안전영역 - 지수,Statistics,21.99,27.46,24.54,19.18,18.4,28.19,20.45,9.16,18.89,13.89,19.27,13.28,18.45,21.26
정읍시 - 교통약자영역 - 지수,Statistics,7.61,9.19,8.33,14.9,14.32,,,,,,,,,
정읍시 - 보행행태영역 - 지수,Statistics,9.43,9.49,8.39,12.89,14.46,13.58,13.55,15.99,17.15,15.31,16.88,18.12,17.15,15.96
정읍시 - 운전행태영역 - 지수,Statistics,31.11,32.19,29.96,34.84,34.99,37.91,46.89,44.73,44.25,40.4,45.09,42.74,43.64,41.0
제주시 - 계 - 지수,Statistics,72.05,68.88,76.27,76.03,75.4,79.68,85.4,85.01,80.28,86.36,86.0,84.74,78.5,86.57
제주시 - 교통안전영역 - 지수,Statistics,27.95,27.32,29.14,19.68,20.54,33.14,22.54,20.28,14.56,21.52,21.26,20.92,15.96,21.25
제주시 - 교통약자영역 - 지수,Statistics,8.61,8.1,8.61,11.91,13.1,,,,,,,,,
제주시 - 보행행태영역 - 지수,Statistics,7.96,8.24,9.31,12.76,11.18,12.51,14.17,17.43,17.34,16.93,17.16,16.68,15.88,17.24
제주시 - 운전행태영역 - 지수,Statistics,27.53,25.22,29.21,31.68,30.96,34.03,48.69,47.29,48.38,47.9,47.58,47.13,46.67,48.09
제주특별자치도 - 계 - 지수,Statistics,69.97,69.08,76.05,74.81,72.98,80.62,83.81,83.37,82.62,83.86,82.58,84.2,80.04,83.89
제주특별자치도 - 교통안전영역 - 지수,Statistics,27.11,26.39,28.17,18.93,19.73,31.31,22.2,19.45,17.39,20.45,20.25,20.73,16.16,19.43
제주특별자치도 - 교통약자영역 - 지수,Statistics,8.56,7.68,8.77,11.75,9.83,,,,,,,,,
제주특별자치도 - 보행행태영역 - 지수,Statistics,8.11,8.66,9.04,13.13,11.86,12.63,13.99,17.7,17.39,16.73,16.2,16.58,16.82,16.99
제주특별자치도 - 운전행태영역 - 지수,Statistics,26.19,26.36,30.07,31.0,31.74,36.68,47.62,46.23,47.84,46.68,45.9,46.89,47.06,47.47
제천시 - 계 - 지수,Statistics,70.52,70.0,75.06,84.23,84.24,87.64,83.85,82.6,81.55,79.57,78.42,77.2,78.58,84.59
제천시 - 교통안전영역 - 지수,Statistics,24.8,24.75,27.23,21.81,22.18,34.94,20.94,17.79,18.83,17.96,16.17,14.46,16.64,19.05
제천시 - 교통약자영역 - 지수,Statistics,7.64,8.03,8.25,12.42,12.45,,,,,,,,,
제천시 - 보행행태영역 - 지수,Statistics,8.31,7.68,8.73,14.94,14.54,14.13,14.23,16.88,16.8,15.56,14.53,16.34,16.48,16.62
제천시 - 운전행태영역 - 지수,Statistics,29.77,29.54,30.85,35.06,35.97,38.57,48.69,47.93,45.91,46.04,47.71,46.4,45.46,48.92
종로구 - 계 - 지수,Statistics,75.45,76.15,75.9,74.86,80.57,87.87,85.61,81.81,80.38,84.33,81.5,82.94,76.96,76.31
종로구 - 교통안전영역 - 지수,Statistics,25.14,25.97,26.34,21.09,22.35,33.3,24.19,17.28,16.97,20.15,19.5,18.95,12.7,12.12
종로구 - 교통약자영역 - 지수,Statistics,8.74,8.93,9.22,11.62,13.21,,,,,,,,,
종로구 - 보행행태영역 - 지수,Statistics,9.4,8.76,7.61,11.51,13.87,14.17,13.47,16.58,16.74,16.68,16.56,17.86,18.37,17.69
종로구 - 운전행태영역 - 지수,Statistics,32.17,32.49,32.73,30.63,31.38,40.4,47.95,47.94,46.67,47.5,45.44,46.13,45.9,46.5
중구 - 계 - 지수,Statistics,76.03,72.1,75.46,73.05,72.71,72.37,81.88,70.17,71.63,71.85,75.99,77.61,72.06,71.22
중구 - 교통안전영역 - 지수,Statistics,28.66,24.64,25.88,20.12,23.67,29.08,20.17,9.0,8.95,10.42,11.87,12.37,7.39,8.62
중구 - 교통약자영역 - 지수,Statistics,8.85,9.3,8.53,8.65,8.48,,,,,,,,,
중구 - 보행행태영역 - 지수,Statistics,9.65,9.36,9.29,11.93,12.32,13.13,13.3,16.09,16.07,16.18,17.05,17.62,16.57,17.3
중구 - 운전행태영역 - 지수,Statistics,28.87,28.81,31.76,32.35,29.16,30.16,48.41,45.08,46.61,45.24,47.07,47.62,48.11,45.31
중랑구 - 계 - 지수,Statistics,80.04,80.3,80.56,87.69,84.5,90.76,84.47,72.01,73.05,78.6,83.03,78.74,75.0,74.28
중랑구 - 교통안전영역 - 지수,Statistics,32.55,33.61,33.07,27.01,27.15,35.79,22.83,10.33,12.88,18.14,18.67,17.96,14.52,16.41
중랑구 - 교통약자영역 - 지수,Statistics,9.2,9.61,9.49,14.13,13.72,,,,,,,,,
중랑구 - 보행행태영역 - 지수,Statistics,7.77,9.62,9.56,14.93,13.94,14.05,13.52,16.02,17.2,15.48,17.49,17.17,17.35,16.5
중랑구 - 운전행태영역 - 지수,Statistics,30.52,27.47,28.44,31.62,30.34,40.92,48.12,45.66,42.97,44.97,46.87,43.61,43.12,41.37
증평군 - 계 - 지수,Statistics,86.29,70.83,77.93,84.63,76.59,81.92,79.41,75.43,80.15,73.15,76.84,77.35,74.08,67.58
증평군 - 교통안전영역 - 지수,Statistics,34.03,28.04,31.89,20.49,23.55,33.72,20.67,16.33,15.26,13.11,12.23,14.43,12.43,3.01
증평군 - 교통약자영역 - 지수,Statistics,9.84,9.82,9.77,14.06,15.0,,,,,,,,,
증평군 - 보행행태영역 - 지수,Statistics,8.93,7.64,7.74,15.0,10.38,14.32,13.7,16.26,17.03,16.07,16.29,17.22,16.95,17.18
증평군 - 운전행태영역 - 지수,Statistics,33.48,25.33,28.53,35.08,28.66,33.88,45.04,42.84,47.87,43.97,48.32,45.69,44.7,47.4
진구 - 계 - 지수,Statistics,74.07,80.38,80.85,81.52,81.54,87.28,83.54,79.11,76.73,77.19,82.21,84.53,78.43,80.09
진구 - 교통안전영역 - 지수,Statistics,31.09,32.27,32.46,26.81,26.36,37.72,25.24,18.7,16.98,19.1,20.27,18.59,14.78,18.05
진구 - 교통약자영역 - 지수,Statistics,8.79,8.95,9.04,9.82,12.04,,,,,,,,,
진구 - 보행행태영역 - 지수,Statistics,7.66,7.62,9.09,14.19,14.1,14.03,13.46,14.85,16.73,16.6,16.39,17.94,17.67,17.33
진구 - 운전행태영역 - 지수,Statistics,26.53,31.54,30.26,30.7,29.74,35.52,44.84,45.56,43.02,41.49,45.55,48.0,45.97,44.71
진도군 - 계 - 지수,Statistics,74.27,75.34,66.04,54.39,67.32,81.36,80.02,70.06,74.28,68.9,61.82,74.91,82.86,82.68
진도군 - 교통안전영역 - 지수,Statistics,26.67,26.6,19.96,17.28,14.79,27.08,14.7,7.23,13.74,9.39,9.46,17.06,19.1,16.83
진도군 - 교통약자영역 - 지수,Statistics,8.07,8.69,5.32,9.6,11.07,,,,,,,,,
진도군 - 보행행태영역 - 지수,Statistics,7.86,8.18,7.95,7.2,9.78,12.89,13.9,17.57,17.09,18.49,13.77,15.75,16.35,17.37
진도군 - 운전행태영역 - 지수,Statistics,31.67,31.87,32.81,20.31,31.95,41.38,51.42,45.25,43.45,41.02,38.59,42.1,47.41,48.49
진안군 - 계 - 지수,Statistics,80.95,65.55,63.14,80.92,70.59,79.03,77.72,68.88,68.8,69.26,72.42,71.9,72.53,76.12
진안군 - 교통안전영역 - 지수,Statistics,29.64,19.83,25.89,15.83,12.23,32.42,18.01,12.72,13.29,15.07,17.59,16.48,20.71,20.78
진안군 - 교통약자영역 - 지수,Statistics,9.84,7.39,6.89,15.0,15.0,,,,,,,,,
진안군 - 보행행태영역 - 지수,Statistics,9.05,6.67,5.59,15.0,11.92,11.54,13.15,14.75,14.74,12.68,11.05,14.3,14.5,15.08
진안군 - 운전행태영역 - 지수,Statistics,32.42,31.67,24.77,35.09,32.25,35.06,46.57,41.41,40.77,41.51,43.79,41.12,37.32,40.26
진주시 - 계 - 지수,Statistics,77.12,79.23,79.28,83.13,76.03,84.78,77.41,80.24,78.49,75.72,84.45,83.82,87.1,89.48
진주시 - 교통안전영역 - 지수,Statistics,29.16,32.07,29.81,23.39,22.35,32.68,21.99,14.89,16.87,14.71,21.04,18.61,19.59,24.43
진주시 - 교통약자영역 - 지수,Statistics,7.78,9.16,8.1,12.08,14.76,,,,,,,,,
진주시 - 보행행태영역 - 지수,Statistics,8.98,8.82,8.61,11.63,11.15,12.31,13.82,17.18,17.62,15.66,18.04,17.66,17.63,16.99
진주시 - 운전행태영역 - 지수,Statistics,31.19,29.18,32.76,36.03,28.15,39.79,41.6,48.18,44.0,45.36,45.36,47.55,49.88,48.06
진천군 - 계 - 지수,Statistics,75.83,66.51,74.54,79.67,72.73,82.09,77.85,74.08,73.81,82.88,84.2,77.55,82.24,78.22
진천군 - 교통안전영역 - 지수,Statistics,28.22,24.62,27.72,14.33,15.39,29.22,20.91,13.83,11.6,15.85,15.8,12.12,17.65,13.23
진천군 - 교통약자영역 - 지수,Statistics,9.2,8.47,8.95,14.84,14.19,,,,,,,,,
진천군 - 보행행태영역 - 지수,Statistics,7.21,7.46,8.89,15.0,13.25,14.06,12.07,15.48,16.56,17.61,17.64,17.45,16.45,17.58
진천군 - 운전행태영역 - 지수,Statistics,31.2,25.96,28.98,35.5,30.23,38.82,44.87,44.77,45.65,49.41,50.76,47.97,48.14,47.4
창녕군 - 계 - 지수,Statistics,66.61,75.63,69.86,77.54,81.24,75.9,76.73,66.11,67.26,69.91,78.18,83.22,82.33,77.8
창녕군 - 교통안전영역 - 지수,Statistics,22.85,27.2,23.75,16.85,19.81,26.69,21.82,11.15,15.92,17.21,20.19,21.36,20.31,18.66
창녕군 - 교통약자영역 - 지수,Statistics,7.31,8.58,8.4,14.51,13.53,,,,,,,,,
창녕군 - 보행행태영역 - 지수,Statistics,8.82,9.86,7.55,14.4,12.77,13.82,11.48,13.4,12.43,13.56,15.86,17.39,17.58,16.05
창녕군 - 운전행태영역 - 지수,Statistics,27.64,29.99,30.16,31.78,36.16,35.4,43.44,41.56,38.9,39.14,42.12,44.47,44.45,43.09
창원시 - 계 - 지수,Statistics,87.27,82.22,84.19,75.91,86.25,86.86,84.87,78.34,81.87,80.72,82.99,85.89,75.85,88.51
창원시 - 교통안전영역 - 지수,Statistics,36.46,33.11,34.79,23.81,26.16,32.61,25.09,15.92,19.23,17.84,19.56,20.86,12.55,22.93
창원시 - 교통약자영역 - 지수,Statistics,8.97,8.58,8.95,6.19,12.39,,,,,,,,,
창원시 - 보행행태영역 - 지수,Statistics,9.32,9.31,9.66,14.15,13.89,13.52,14.11,16.34,16.77,16.82,16.91,17.62,17.92,17.47
창원시 - 운전행태영역 - 지수,Statistics,32.52,31.23,30.79,31.76,34.48,40.72,45.67,46.09,45.87,46.06,46.52,47.41,45.39,48.12
천안시 - 계 - 지수,Statistics,75.66,74.49,73.67,85.75,76.5,84.06,80.42,80.49,80.85,79.16,80.34,81.25,76.34,81.08
천안시 - 교통안전영역 - 지수,Statistics,29.2,30.6,31.26,24.36,22.54,34.76,21.62,20.08,18.87,15.86,18.78,19.61,14.04,18.04
천안시 - 교통약자영역 - 지수,Statistics,8.49,8.27,8.95,14.15,8.64,,,,,,,,,
천안시 - 보행행태영역 - 지수,Statistics,9.83,9.56,7.75,14.5,13.47,13.38,13.66,16.37,15.96,16.5,16.63,15.91,16.87,17.06
천안시 - 운전행태영역 - 지수,Statistics,28.15,26.07,25.71,32.74,32.05,35.92,45.15,44.04,46.02,46.82,44.93,45.73,45.42,45.98
철원군 - 계 - 지수,Statistics,72.42,71.43,74.95,66.3,71.08,83.48,76.41,70.03,73.8,67.18,80.02,75.05,80.83,82.76
철원군 - 교통안전영역 - 지수,Statistics,31.48,28.69,28.51,20.98,20.4,30.76,18.66,8.23,10.76,7.94,16.99,13.93,17.58,19.0
철원군 - 교통약자영역 - 지수,Statistics,8.45,6.59,7.65,13.59,10.65,,,,,,,,,
철원군 - 보행행태영역 - 지수,Statistics,8.47,8.27,8.08,7.5,10.89,14.43,11.39,14.75,16.68,16.82,17.56,16.98,17.3,17.11
철원군 - 운전행태영역 - 지수,Statistics,24.02,27.88,30.71,24.22,29.85,38.28,46.36,47.05,46.37,42.42,45.46,44.14,45.95,46.65
청도군 - 계 - 지수,Statistics,56.75,76.45,73.97,62.58,74.69,70.84,59.91,62.66,75.47,72.71,67.88,74.9,79.49,75.49
청도군 - 교통안전영역 - 지수,Statistics,15.1,25.5,27.34,11.45,15.62,25.88,13.47,8.49,12.19,12.36,12.71,17.73,20.23,15.94
청도군 - 교통약자영역 - 지수,Statistics,5.27,7.7,8.3,10.71,15.0,,,,,,,,,
청도군 - 보행행태영역 - 지수,Statistics,8.04,9.11,6.1,11.41,12.39,12.79,9.57,13.92,17.72,15.33,12.32,13.1,13.73,15.47
청도군 - 운전행태영역 - 지수,Statistics,28.33,34.14,32.23,29.01,32.1,32.17,36.87,40.24,45.56,45.01,42.86,44.07,45.53,44.08
청송군 - 계 - 지수,Statistics,62.96,64.56,66.09,49.35,77.22,81.45,76.42,75.01,68.12,73.87,71.87,75.05,76.75,78.27
청송군 - 교통안전영역 - 지수,Statistics,21.03,24.34,15.94,9.63,11.98,30.65,18.53,13.21,10.95,16.46,18.15,16.16,19.45,17.87
청송군 - 교통약자영역 - 지수,Statistics,8.11,7.2,6.4,6.22,15.0,,,,,,,,,
청송군 - 보행행태영역 - 지수,Statistics,6.42,6.0,9.7,7.5,15.0,14.17,11.65,15.47,15.85,14.63,13.38,16.95,15.11,15.0
청송군 - 운전행태영역 - 지수,Statistics,27.39,27.02,34.05,26.0,35.92,36.64,46.24,46.33,41.32,42.78,40.34,41.93,42.19,45.4
청양군 - 계 - 지수,Statistics,62.16,65.39,68.21,73.98,61.69,69.82,72.75,76.33,73.18,74.52,72.48,71.93,86.34,82.75
청양군 - 교통안전영역 - 지수,Statistics,20.14,20.02,21.29,8.19,10.72,24.19,12.35,9.71,7.62,9.22,9.0,16.15,23.08,18.92
청양군 - 교통약자영역 - 지수,Statistics,6.36,7.54,7.9,14.55,8.0,,,,,,,,,
청양군 - 보행행태영역 - 지수,Statistics,7.98,7.76,6.26,15.0,11.76,10.18,14.6,17.19,17.18,17.6,16.9,16.98,18.24,17.51
청양군 - 운전행태영역 - 지수,Statistics,27.67,30.06,32.76,36.23,31.37,35.46,45.8,49.44,48.38,47.71,46.58,38.8,45.02,46.32
청주시 - 계 - 지수,Statistics,,,,80.76,79.07,83.93,81.26,79.0,83.72,81.22,83.49,87.02,78.34,82.59
청주시 - 교통안전영역 - 지수,Statistics,,,,22.41,23.22,32.31,22.11,15.92,21.35,20.5,19.69,21.1,15.67,19.58
청주시 - 교통약자영역 - 지수,Statistics,,,,12.22,10.15,,,,,,,,,
청주시 - 보행행태영역 - 지수,Statistics,,,,13.85,13.71,13.62,12.99,16.86,16.35,16.25,16.85,16.54,15.49,16.28
청주시 - 운전행태영역 - 지수,Statistics,,,,32.28,32.8,37.99,46.16,46.22,46.02,44.47,46.95,49.37,47.18,46.73
춘천시 - 계 - 지수,Statistics,79.36,75.22,77.47,78.48,75.51,85.84,85.11,71.58,81.52,80.6,77.78,83.69,78.13,80.92
춘천시 - 교통안전영역 - 지수,Statistics,29.43,29.22,29.03,22.46,22.4,34.33,23.64,10.52,17.67,13.04,13.37,17.56,16.17,17.65
춘천시 - 교통약자영역 - 지수,Statistics,9.02,8.33,8.43,11.57,14.16,,,,,,,,,
춘천시 - 보행행태영역 - 지수,Statistics,9.15,6.0,7.63,10.1,8.86,13.16,13.0,16.39,17.38,17.72,17.75,17.42,16.19,16.9
춘천시 - 운전행태영역 - 지수,Statistics,31.76,31.66,32.38,34.35,31.11,38.35,48.48,44.67,46.47,49.85,46.67,48.71,45.78,46.37
충북 청주시 - 계 - 지수,Statistics,78.6,76.84,80.68,,,,,,,,,,,
충북 청주시 - 교통안전영역 - 지수,Statistics,30.11,31.32,31.32,,,,,,,,,,,
충북 청주시 - 교통약자영역 - 지수,Statistics,8.36,8.51,8.88,,,,,,,,,,,
충북 청주시 - 보행행태영역 - 지수,Statistics,6.04,5.66,9.03,,,,,,,,,,,
충북 청주시 - 운전행태영역 - 지수,Statistics,34.09,31.35,31.45,,,,,,,,,,,
충주시 - 계 - 지수,Statistics,78.93,80.86,77.82,84.99,77.5,85.09,84.68,73.98,74.87,78.42,80.96,80.07,83.73,84.62
충주시 - 교통안전영역 - 지수,Statistics,28.96,30.15,27.47,20.36,22.37,30.95,19.04,10.32,11.36,15.83,18.38,16.58,15.42,18.09
충주시 - 교통약자영역 - 지수,Statistics,8.78,8.42,7.61,14.53,10.41,,,,,,,,,
충주시 - 보행행태영역 - 지수,Statistics,8.27,9.71,9.65,15.0,11.37,14.01,13.54,16.2,16.52,16.41,16.99,17.18,18.27,17.99
충주시 - 운전행태영역 - 지수,Statistics,32.91,32.58,33.09,35.09,33.93,40.12,52.11,47.46,46.98,46.18,45.58,46.32,50.03,48.55
충청남도 - 계 - 지수,Statistics,75.18,75.06,74.26,81.61,75.77,81.17,80.8,74.35,75.54,76.68,78.04,79.08,82.33,82.87
충청남도 - 교통안전영역 - 지수,Statistics,27.11,28.37,28.34,20.26,20.46,31.14,20.04,12.22,12.77,14.05,15.63,16.95,19.64,18.98
충청남도 - 교통약자영역 - 지수,Statistics,8.28,8.34,8.7,13.46,10.72,,,,,,,,,
충청남도 - 보행행태영역 - 지수,Statistics,8.92,8.6,8.67,14.36,11.1,13.19,13.45,16.25,17.0,16.68,17.16,16.36,16.91,16.88
충청남도 - 운전행태영역 - 지수,Statistics,30.86,29.75,28.55,33.53,34.06,36.85,47.32,45.88,45.78,45.97,45.64,45.77,45.78,47.02
충청북도 - 계 - 지수,Statistics,76.39,74.03,76.75,83.2,80.1,83.78,80.03,75.21,78.02,78.13,79.18,82.29,82.3,81.69
충청북도 - 교통안전영역 - 지수,Statistics,28.41,28.36,28.05,20.8,22.02,31.4,19.53,12.22,15.4,15.8,15.9,17.44,17.1,15.94
충청북도 - 교통약자영역 - 지수,Statistics,8.53,8.7,8.56,13.81,11.89,,,,,,,,,
충청북도 - 보행행태영역 - 지수,Statistics,7.28,7.3,8.95,14.43,13.07,13.73,13.21,16.72,16.73,16.5,15.82,16.78,17.03,17.19
충청북도 - 운전행태영역 - 지수,Statistics,32.16,29.67,31.19,34.16,33.87,38.65,47.29,46.27,45.9,45.84,47.37,48.07,48.17,48.57
칠곡군 - 계 - 지수,Statistics,70.58,70.0,73.59,76.71,75.54,78.44,72.99,70.59,68.55,81.27,80.47,79.03,78.45,78.45
칠곡군 - 교통안전영역 - 지수,Statistics,24.69,24.62,27.1,17.52,17.96,30.02,20.58,15.36,13.65,17.86,17.27,16.93,18.04,15.58
칠곡군 - 교통약자영역 - 지수,Statistics,8.08,7.81,8.61,13.02,14.36,,,,,,,,,
칠곡군 - 보행행태영역 - 지수,Statistics,7.41,7.87,7.95,13.63,13.23,13.97,12.21,12.63,10.65,16.93,18.54,17.85,17.1,17.15
칠곡군 - 운전행태영역 - 지수,Statistics,30.4,29.7,29.93,32.55,30.38,34.46,40.2,42.6,44.25,46.48,44.67,44.25,43.31,45.72
태백시 - 계 - 지수,Statistics,82.75,74.04,81.83,73.38,81.45,78.68,81.67,74.31,70.89,82.47,79.9,83.95,74.84,79.86
태백시 - 교통안전영역 - 지수,Statistics,32.97,27.08,31.37,22.85,22.63,29.19,19.44,9.99,10.48,22.03,17.47,19.63,13.05,16.74
태백시 - 교통약자영역 - 지수,Statistics,9.7,9.23,9.13,11.65,12.46,,,,,,,,,
태백시 - 보행행태영역 - 지수,Statistics,8.91,7.89,9.16,9.43,13.04,13.38,14.06,17.2,17.58,14.95,16.8,17.16,17.25,17.92
태백시 - 운전행태영역 - 지수,Statistics,31.17,29.83,32.17,29.45,34.36,36.11,48.17,47.13,42.83,45.49,45.62,47.16,44.54,45.19
태안군 - 계 - 지수,Statistics,66.91,65.8,62.06,81.47,72.3,78.08,78.95,68.94,78.44,74.51,79.2,78.46,84.42,79.24
태안군 - 교통안전영역 - 지수,Statistics,25.73,23.74,20.22,15.58,12.87,28.75,14.14,8.58,14.85,8.87,15.75,19.01,18.61,18.02
태안군 - 교통약자영역 - 지수,Statistics,7.95,7.51,6.46,15.0,15.0,,,,,,,,,
태안군 - 보행행태영역 - 지수,Statistics,2.69,8.36,8.75,15.0,12.69,12.84,14.12,16.44,17.35,17.66,17.43,16.92,17.05,16.43
태안군 - 운전행태영역 - 지수,Statistics,30.54,26.19,26.63,35.9,32.25,36.49,50.68,43.91,46.24,47.99,46.01,42.53,48.76,44.79
통영시 - 계 - 지수,Statistics,74.3,77.86,76.68,79.76,74.01,78.49,80.03,73.25,81.46,75.58,82.73,83.94,80.06,80.08
통영시 - 교통안전영역 - 지수,Statistics,27.29,29.16,29.51,20.03,20.65,29.12,23.98,9.96,18.59,15.83,19.22,21.23,17.66,17.07
통영시 - 교통약자영역 - 지수,Statistics,7.78,8.84,9.56,12.02,6.55,,,,,,,,,
통영시 - 보행행태영역 - 지수,Statistics,9.82,9.69,9.45,13.8,13.66,12.83,13.61,16.37,17.28,15.81,18.47,17.51,17.5,17.97
통영시 - 운전행태영역 - 지수,Statistics,29.42,30.16,28.16,33.91,33.48,36.54,42.45,46.92,45.59,43.95,45.04,45.2,44.9,45.04
파주시 - 계 - 지수,Statistics,82.52,79.96,77.59,76.68,80.45,82.56,80.59,82.09,84.26,81.92,75.65,81.0,80.54,82.8
파주시 - 교통안전영역 - 지수,Statistics,30.5,31.07,32.5,24.82,25.5,32.39,21.98,17.4,20.04,19.14,12.81,17.7,16.0,20.18
파주시 - 교통약자영역 - 지수,Statistics,8.87,9.51,8.97,13.33,12.75,,,,,,,,,
파주시 - 보행행태영역 - 지수,Statistics,9.39,9.3,8.72,7.81,11.3,13.34,12.24,17.33,16.54,17.04,17.08,17.31,17.84,16.7
파주시 - 운전행태영역 - 지수,Statistics,33.76,30.08,27.4,30.72,32.01,36.82,46.37,47.37,47.67,45.74,45.76,45.99,46.7,45.92
평창군 - 계 - 지수,Statistics,78.98,78.44,72.93,68.29,69.82,79.61,74.27,72.26,71.69,76.1,85.46,81.78,81.38,80.41
평창군 - 교통안전영역 - 지수,Statistics,25.46,27.04,26.02,18.12,22.37,28.85,16.19,10.17,9.61,15.02,18.68,17.93,18.08,15.41
평창군 - 교통약자영역 - 지수,Statistics,8.84,8.74,8.02,8.67,11.43,,,,,,,,,
평창군 - 보행행태영역 - 지수,Statistics,8.17,8.23,8.84,9.17,8.1,13.55,12.61,16.46,16.68,16.0,19.06,16.51,16.05,17.74
평창군 - 운전행태영역 - 지수,Statistics,36.51,34.43,30.05,32.34,28.77,37.21,45.47,45.63,45.4,45.08,47.72,47.35,47.25,47.26
평택시 - 계 - 지수,Statistics,77.08,73.37,77.28,73.71,78.7,86.15,83.99,81.22,79.77,80.56,84.4,82.12,70.42,90.17
평택시 - 교통안전영역 - 지수,Statistics,28.33,29.82,30.15,21.87,21.61,34.25,26.26,18.52,17.27,18.68,18.72,17.67,5.31,21.53
평택시 - 교통약자영역 - 지수,Statistics,8.75,9.44,9.28,10.86,12.04,,,,,,,,,
평택시 - 보행행태영역 - 지수,Statistics,8.7,8.81,9.36,11.96,14.53,13.29,12.74,17.52,17.26,16.36,16.94,17.14,16.91,18.86
평택시 - 운전행태영역 - 지수,Statistics,31.3,25.31,28.49,29.02,31.13,38.61,44.99,45.18,45.24,45.53,48.74,47.31,48.2,49.78
포천시 - 계 - 지수,Statistics,75.53,78.21,74.5,70.23,73.22,77.21,84.99,81.91,80.55,76.86,80.93,79.14,78.75,75.61
포천시 - 교통안전영역 - 지수,Statistics,27.53,30.71,27.43,17.43,19.38,28.53,19.69,17.06,16.1,15.77,16.89,14.26,17.49,12.56
포천시 - 교통약자영역 - 지수,Statistics,9.24,9.26,8.77,9.42,9.62,,,,,,,,,
포천시 - 보행행태영역 - 지수,Statistics,7.79,8.06,9.22,14.5,13.63,13.78,14.31,17.34,16.72,15.7,16.66,18.51,17.34,17.35
포천시 - 운전행태영역 - 지수,Statistics,30.97,30.18,29.08,28.88,31.18,34.9,51.0,47.51,47.72,45.39,47.37,46.37,43.92,45.7
포항시 - 계 - 지수,Statistics,73.5,74.43,78.84,76.56,80.44,86.27,84.65,80.27,79.87,81.85,81.01,81.93,72.88,82.56
포항시 - 교통안전영역 - 지수,Statistics,30.27,30.01,29.91,23.56,24.68,34.37,26.16,17.71,16.13,20.15,18.82,16.31,9.32,18.99
포항시 - 교통약자영역 - 지수,Statistics,7.91,8.58,8.57,9.83,12.54,,,,,,,,,
포항시 - 보행행태영역 - 지수,Statistics,9.52,9.02,9.45,13.32,11.45,13.46,13.07,15.76,17.41,16.47,16.76,17.25,17.02,18.16
포항시 - 운전행태영역 - 지수,Statistics,25.8,26.83,30.91,29.85,32.08,38.44,45.42,46.8,46.33,45.23,45.43,48.38,46.54,45.41
하남시 - 계 - 지수,Statistics,79.54,76.3,77.86,82.75,83.9,84.29,80.5,71.39,76.88,81.58,78.51,81.52,76.83,76.02
하남시 - 교통안전영역 - 지수,Statistics,32.49,32.8,31.44,26.23,25.24,34.47,22.71,12.02,14.83,15.21,16.1,21.16,12.79,13.84
하남시 - 교통약자영역 - 지수,Statistics,9.21,9.44,8.97,13.08,13.99,,,,,,,,,
하남시 - 보행행태영역 - 지수,Statistics,8.9,7.54,8.11,10.74,12.06,13.27,13.74,16.4,16.99,17.63,16.92,17.29,18.11,16.5
하남시 - 운전행태영역 - 지수,Statistics,28.94,26.52,29.34,32.69,33.85,36.54,44.05,42.97,45.06,48.74,45.5,43.07,45.93,45.68
하동군 - 계 - 지수,Statistics,78.79,73.4,71.53,75.91,75.79,73.21,82.4,68.15,74.35,64.03,77.63,77.05,81.52,79.2
하동군 - 교통안전영역 - 지수,Statistics,32.65,28.25,25.47,19.84,16.11,27.65,18.94,9.02,15.13,9.02,17.73,14.76,20.35,20.63
하동군 - 교통약자영역 - 지수,Statistics,8.53,6.92,6.96,11.63,13.94,,,,,,,,,
하동군 - 보행행태영역 - 지수,Statistics,9.03,8.77,9.73,13.43,11.69,11.01,14.28,15.99,14.84,8.44,13.35,17.72,15.91,14.08
하동군 - 운전행태영역 - 지수,Statistics,28.57,29.47,29.37,31.02,34.92,34.56,49.18,43.14,44.37,46.57,46.56,44.57,45.25,44.49
함안군 - 계 - 지수,Statistics,61.41,57.75,84.14,74.49,82.67,76.46,79.01,79.16,76.01,75.87,82.82,84.07,90.32,84.82
함안군 - 교통안전영역 - 지수,Statistics,18.29,24.52,29.86,14.68,19.56,25.3,20.61,16.4,14.18,15.16,20.58,17.74,23.11,19.81
함안군 - 교통약자영역 - 지수,Statistics,7.94,7.1,8.71,12.8,15.0,,,,,,,,,
함안군 - 보행행태영역 - 지수,Statistics,7.95,5.65,9.43,14.64,10.64,13.44,14.31,16.32,17.56,16.59,17.85,17.41,17.87,17.35
함안군 - 운전행태영역 - 지수,Statistics,27.22,20.48,36.14,32.37,38.34,37.71,44.09,46.44,44.27,44.12,44.39,48.92,49.34,47.66
함양군 - 계 - 지수,Statistics,63.33,68.64,75.76,73.26,68.12,78.49,86.17,73.04,73.96,82.57,82.45,83.51,81.78,77.65
함양군 - 교통안전영역 - 지수,Statistics,21.41,24.59,25.8,14.68,17.93,32.77,23.44,9.3,14.78,18.17,20.38,18.33,19.03,20.05
함양군 - 교통약자영역 - 지수,Statistics,7.11,9.14,8.18,13.5,13.94,,,,,,,,,
함양군 - 보행행태영역 - 지수,Statistics,7.96,8.68,8.4,13.13,12.77,12.3,14.04,17.38,16.6,18.27,16.54,18.54,16.71,15.24
함양군 - 운전행태영역 - 지수,Statistics,26.85,26.24,33.38,31.95,23.89,33.42,48.69,46.36,42.58,46.13,45.53,46.64,46.04,42.36
함평군 - 계 - 지수,Statistics,69.1,67.33,73.43,73.89,76.68,76.05,83.95,70.12,78.32,80.15,75.93,74.07,80.48,70.2
함평군 - 교통안전영역 - 지수,Statistics,25.9,23.06,22.85,20.68,20.73,22.87,17.46,7.94,14.18,15.48,16.39,13.35,18.3,12.61
함평군 - 교통약자영역 - 지수,Statistics,8.05,8.27,8.79,10.52,12.68,,,,,,,,,
함평군 - 보행행태영역 - 지수,Statistics,5.41,6.04,9.35,12.19,11.13,15.0,14.5,16.54,15.42,16.28,14.2,15.49,17.45,17.63
함평군 - 운전행태영역 - 지수,Statistics,29.74,29.96,32.44,30.5,32.62,38.19,51.99,45.64,48.73,48.39,45.34,45.22,44.72,39.97
합천군 - 계 - 지수,Statistics,66.98,67.64,69.05,75.5,74.57,72.82,81.6,70.76,73.55,66.38,85.06,85.72,83.49,84.37
합천군 - 교통안전영역 - 지수,Statistics,22.88,26.89,22.47,14.44,21.1,25.15,18.55,13.24,15.83,12.67,19.06,18.89,21.76,19.39
합천군 - 교통약자영역 - 지수,Statistics,7.02,7.67,8.21,12.2,14.17,,,,,,,,,
합천군 - 보행행태영역 - 지수,Statistics,5.61,7.52,9.66,14.12,12.3,13.49,13.52,15.28,13.71,13.27,17.79,16.89,16.64,18.11
합천군 - 운전행태영역 - 지수,Statistics,31.48,25.56,28.71,34.75,27.68,34.17,49.54,42.24,44.01,40.44,48.21,49.95,45.09,46.87
해남군 - 계 - 지수,Statistics,71.62,67.6,57.58,64.29,64.03,72.75,88.9,78.7,74.13,82.19,80.8,80.07,81.86,80.47
해남군 - 교통안전영역 - 지수,Statistics,25.28,24.25,20.41,20.07,16.65,27.25,22.65,15.26,14.77,12.68,17.91,17.44,19.67,19.31
해남군 - 교통약자영역 - 지수,Statistics,8.11,8.31,7.76,13.25,7.63,,,,,,,,,
해남군 - 보행행태영역 - 지수,Statistics,7.69,7.92,10.0,6.92,7.74,10.98,13.48,15.24,15.99,18.37,17.92,16.39,16.73,15.87
해남군 - 운전행태영역 - 지수,Statistics,30.53,27.11,19.41,24.05,32.44,34.52,52.78,48.21,43.37,51.14,44.97,46.23,45.46,45.29
해운대구 - 계 - 지수,Statistics,80.04,78.59,81.31,79.37,87.73,87.23,86.92,82.07,76.71,80.7,87.41,88.06,80.57,84.75
해운대구 - 교통안전영역 - 지수,Statistics,35.11,33.8,34.0,27.28,26.72,35.34,25.99,19.56,17.3,19.32,21.64,22.16,19.04,21.41
해운대구 - 교통약자영역 - 지수,Statistics,9.63,8.97,9.75,9.16,14.67,,,,,,,,,
해운대구 - 보행행태영역 - 지수,Statistics,8.49,8.42,9.07,13.2,14.35,13.63,13.63,16.89,16.32,16.57,17.3,17.7,16.98,17.1
해운대구 - 운전행태영역 - 지수,Statistics,26.81,27.4,28.49,29.72,32.86,38.26,47.3,45.63,43.09,44.81,48.47,48.2,44.56,46.24
홍성군 - 계 - 지수,Statistics,70.5,72.46,68.26,67.39,74.39,84.1,83.17,74.34,65.89,64.5,78.02,72.65,78.88,75.92
홍성군 - 교통안전영역 - 지수,Statistics,24.12,25.81,26.04,15.48,18.68,32.69,21.63,16.85,4.94,6.42,18.04,14.36,21.26,15.81
홍성군 - 교통약자영역 - 지수,Statistics,7.48,7.96,8.3,12.92,14.94,,,,,,,,,
홍성군 - 보행행태영역 - 지수,Statistics,9.0,9.67,9.42,13.26,11.36,13.91,14.42,15.85,17.21,17.54,16.75,15.46,16.53,15.85
홍성군 - 운전행태영역 - 지수,Statistics,29.9,29.02,24.5,25.72,29.74,37.5,47.12,41.64,43.74,40.55,43.23,42.84,41.08,44.26
홍천군 - 계 - 지수,Statistics,73.28,66.9,67.55,83.62,78.81,75.81,81.94,70.59,81.62,81.45,79.84,83.24,80.71,82.68
홍천군 - 교통안전영역 - 지수,Statistics,27.52,23.78,23.02,20.66,18.76,28.51,19.92,9.78,19.58,16.7,15.33,16.74,18.07,16.51
홍천군 - 교통약자영역 - 지수,Statistics,9.34,8.01,7.29,14.34,13.72,,,,,,,,,
홍천군 - 보행행태영역 - 지수,Statistics,9.71,8.95,8.97,12.57,15.0,8.87,10.74,15.55,15.26,15.65,17.84,16.87,16.72,16.77
홍천군 - 운전행태영역 - 지수,Statistics,26.71,26.17,28.27,36.04,32.46,38.43,51.28,45.26,46.78,49.11,46.68,49.63,45.92,49.4
화성시 - 계 - 지수,Statistics,77.79,73.62,75.54,75.0,77.85,83.04,86.66,74.39,83.49,82.99,85.33,84.25,74.78,84.55
화성시 - 교통안전영역 - 지수,Statistics,31.52,31.02,31.41,24.22,22.4,34.38,27.11,9.51,20.19,17.78,20.41,20.64,14.38,18.93
화성시 - 교통약자영역 - 지수,Statistics,9.34,9.27,9.24,9.52,9.38,,,,,,,,,
화성시 - 보행행태영역 - 지수,Statistics,8.5,8.7,7.71,11.52,14.0,12.96,12.5,16.58,16.48,16.72,17.35,16.85,15.41,17.56
화성시 - 운전행태영역 - 지수,Statistics,28.43,24.64,27.18,29.74,32.52,35.7,47.05,48.3,46.82,48.48,47.57,46.76,45.0,48.07
화순군 - 계 - 지수,Statistics,79.18,78.49,72.49,69.75,84.6,85.56,80.19,73.8,80.75,82.94,84.37,80.94,79.35,80.82
화순군 - 교통안전영역 - 지수,Statistics,29.72,26.34,27.75,15.26,19.29,33.74,16.38,10.39,17.0,15.64,18.62,16.3,17.76,15.89
화순군 - 교통약자영역 - 지수,Statistics,9.43,9.93,7.34,13.5,13.59,,,,,,,,,
화순군 - 보행행태영역 - 지수,Statistics,9.03,8.48,8.84,11.71,14.5,11.84,13.37,16.09,16.89,17.66,17.05,16.02,16.88,16.18
화순군 - 운전행태영역 - 지수,Statistics,31.0,33.74,28.56,29.28,37.96,39.99,50.44,47.32,46.86,49.65,48.7,48.62,44.71,48.76
화천군 - 계 - 지수,Statistics,70.59,75.29,,,,74.67,67.24,71.14,77.17,68.48,73.91,81.05,83.03,84.46
화천군 - 교통안전영역 - 지수,Statistics,30.1,30.52,31.88,26.8,21.76,32.45,15.97,11.52,11.44,3.98,10.94,16.5,18.82,18.66
화천군 - 교통약자영역 - 지수,Statistics,8.21,9.82,9.61,10.25,8.66,,,,,,,,,
화천군 - 보행행태영역 - 지수,Statistics,3.88,3.96,,,,9.89,9.39,15.41,16.88,17.32,15.14,16.39,15.25,17.58
화천군 - 운전행태영역 - 지수,Statistics,28.4,30.99,,31.9,3.2,32.32,41.88,44.22,48.86,47.18,47.84,48.16,48.95,48.21
횡성군 - 계 - 지수,Statistics,66.24,64.78,70.37,49.45,76.32,83.39,82.17,76.48,80.85,80.26,78.26,83.26,83.01,83.93
횡성군 - 교통안전영역 - 지수,Statistics,19.82,21.15,22.72,13.54,17.45,30.92,18.29,16.19,18.98,15.92,12.14,14.84,15.08,17.79
횡성군 - 교통약자영역 - 지수,Statistics,8.58,7.25,8.8,3.84,13.21,,,,,,,,,
횡성군 - 보행행태영역 - 지수,Statistics,7.71,7.85,8.26,6.82,12.19,13.88,14.54,16.29,16.66,16.65,18.06,17.98,18.4,18.19
횡성군 - 운전행태영역 - 지수,Statistics,30.13,28.52,30.59,25.26,34.53,38.59,49.34,44.0,45.21,47.69,48.06,50.45,49.53,47.96
