item,category,2001,2002,2003,2004,2005,2006,2007,2008,2009,2010,2011,2012,2013,2014,2015,2016,2017,2018,2019,2020,2021,2022,2023
가평군 - 생활계폐기물발생량＜br＞(A),Statistics,41.2,40.3,43.4,44.4,46.1,65.1,64.1,56.0,50.1,59.5,59.5,60.5,74.6,68.7,132.1,76.5,75.7,74.6,95.5,112.9,102.6,110.1,92.8
가평군 - 주민1인당 생활계폐기물배출량＜br＞(A÷B)*1000,Statistics,0.7,0.7,0.8,0.8,0.8,1.2,1.2,1.0,0.9,1.0,1.0,1.0,1.2,1.1,2.1,1.2,1.2,1.2,1.5,1.8,1.6,1.8,1.5
가평군 - 주민등록인구＜br＞(B),Statistics,56045.0,55506.0,55060.0,54845.0,54861.0,54855.0,55698.0,57108.0,57564.0,58890.0,59358.0,60794.0,61017.0,61213.0,62008.0,62448.0,62973.0,62918.0,62415.0,62377.0,62264.0,62150.0,62302.0
강남구 - 생활계폐기물발생량＜br＞(A),Statistics,799.0,861.3,874.9,835.0,823.6,800.4,837.9,942.9,978.7,990.5,1017.3,984.9,745.2,808.2,713.2,707.2,708.3,677.1,591.2,694.9,679.5,721.4,716.2
강남구 - 주민1인당 생활계폐기물배출량＜br＞(A÷B)*1000,Statistics,1.5,1.6,1.7,1.6,1.5,1.4,1.5,1.7,1.7,1.7,1.8,1.7,1.3,1.4,1.2,1.2,1.3,1.2,1.1,1.3,1.3,1.4,1.3
강남구 - 주민등록인구＜br＞(B),Statistics,540640.0,535138.0,528977.0,531517.0,540909.0,556964.0,560958.0,557832.0,562138.0,570095.0,565710.0,564197.0,563599.0,578114.0,576495.0,567115.0,556164.0,542364.0,545169.0,539231.0,533042.0,529102.0,544873.0
강동구 - 생활계폐기물발생량＜br＞(A),Statistics,505.9,537.9,429.2,450.9,437.6,418.7,386.2,496.2,426.4,258.5,262.7,258.6,246.4,392.6,412.4,500.2,375.0,370.1,419.9,368.0,401.7,345.9,336.4
강동구 - 주민1인당 생활계폐기물배출량＜br＞(A÷B)*1000,Statistics,1.0,1.1,0.9,1.0,0.9,0.9,0.8,1.1,0.9,0.5,0.5,0.5,0.5,0.8,0.9,1.1,0.9,0.9,1.0,0.8,0.9,0.8,0.7
강동구 - 주민등록인구＜br＞(B),Statistics,489241.0,481470.0,477230.0,471145.0,464059.0,461760.0,464546.0,469024.0,484745.0,491871.0,495138.0,487905.0,483379.0,476597.0,458658.0,444168.0,436223.0,427573.0,436067.0,459970.0,462664.0,460067.0,459167.0
강릉시 - 생활계폐기물발생량＜br＞(A),Statistics,305.0,304.0,299.7,250.8,295.1,338.7,361.7,307.3,311.1,336.1,350.5,369.3,371.1,370.0,355.8,384.0,358.3,386.7,294.4,280.1,257.0,230.3,292.7
강릉시 - 주민1인당 생활계폐기물배출량＜br＞(A÷B)*1000,Statistics,1.3,1.3,1.3,1.1,1.3,1.5,1.6,1.4,1.4,1.5,1.6,1.7,1.7,1.7,1.7,1.8,1.7,1.8,1.4,1.3,1.2,1.1,1.4
강릉시 - 주민등록인구＜br＞(B),Statistics,231943.0,229869.0,229073.0,227259.0,224391.0,222016.0,220484.0,218399.0,217464.0,218503.0,217571.0,217741.0,216806.0,215807.0,214560.0,213846.0,213952.0,212957.0,213442.0,213321.0,212965.0,211381.0,209439.0
강북구 - 생활계폐기물발생량＜br＞(A),Statistics,428.5,432.3,387.8,374.9,354.0,350.4,346.0,327.3,315.7,233.4,242.9,242.5,232.6,232.0,230.2,230.0,224.9,230.6,251.2,243.1,258.6,245.6,243.5
강북구 - 주민1인당 생활계폐기물배출량＜br＞(A÷B)*1000,Statistics,1.2,1.2,1.1,1.0,1.0,1.0,1.0,1.0,0.9,0.7,0.7,0.7,0.7,0.7,0.7,0.7,0.7,0.7,0.8,0.8,0.9,0.8,0.8
강북구 - 주민등록인구＜br＞(B),Statistics,351404.0,361896.0,360663.0,360525.0,353260.0,348990.0,345478.0,342274.0,340367.0,346520.0,345054.0,343157.0,338707.0,335025.0,330873.0,327195.0,324479.0,319164.0,313954.0,308055.0,299182.0,293660.0,288113.0
강서구 - 생활계폐기물발생량＜br＞(A),Statistics,567.5,560.3,594.0,510.4,507.6,444.5,537.8,520.5,570.9,671.4,429.8,399.1,370.2,436.8,434.2,425.3,463.7,480.0,599.4,526.8,2059.7,1604.8,1343.3
강서구 - 주민1인당 생활계폐기물배출량＜br＞(A÷B)*1000,Statistics,1.1,1.1,1.1,0.9,0.9,0.8,1.0,0.9,1.0,1.2,0.8,0.7,0.7,0.7,0.7,0.7,0.8,0.8,1.0,0.9,3.6,2.8,2.4
강서구 - 주민등록인구＜br＞(B),Statistics,521489.0,528321.0,537003.0,541671.0,553660.0,554945.0,560424.0,576848.0,572836.0,574127.0,569072.0,567431.0,569070.0,585160.0,589074.0,595485.0,601691.0,596949.0,591796.0,580185.0,574315.0,569166.0,563058.0
강원특별자치도 - 생활계폐기물발생량＜br＞(A),Statistics,1738.2,2138.7,1993.9,1846.9,1898.8,2095.0,2274.3,2281.3,2429.7,2379.5,2208.5,2175.3,2100.6,2104.1,2031.6,2179.1,2333.5,2372.3,2250.9,2254.5,2274.6,2172.2,2230.1
강원특별자치도 - 주민1인당 생활계폐기물배출량＜br＞(A÷B)*1000,Statistics,1.1,1.4,1.3,1.2,1.3,1.4,1.5,1.5,1.6,1.6,1.4,1.4,1.4,1.4,1.3,1.4,1.5,1.5,1.5,1.5,1.5,1.4,1.5
강원특별자치도 - 주민등록인구＜br＞(B),Statistics,1552407.0,1538720.0,1527034.0,1521375.0,1513110.0,1505420.0,1503806.0,1508575.0,1512870.0,1529818.0,1536448.0,1538630.0,1542263.0,1544442.0,1549507.0,1550806.0,1550142.0,1543052.0,1541502.0,1542840.0,1538492.0,1536498.0,1527807.0
강진군 - 생활계폐기물발생량＜br＞(A),Statistics,44.9,42.9,42.1,41.7,41.6,23.9,17.9,25.5,28.9,26.5,24.2,26.2,28.8,28.0,28.8,36.7,36.3,29.5,29.4,31.6,35.8,33.7,32.5
강진군 - 주민1인당 생활계폐기물배출량＜br＞(A÷B)*1000,Statistics,0.9,0.9,0.9,1.0,1.0,0.6,0.4,0.6,0.7,0.6,0.6,0.7,0.7,0.7,0.7,1.0,1.0,0.8,0.8,0.9,1.1,1.0,1.0
강진군 - 주민등록인구＜br＞(B),Statistics,50846.0,46381.0,44743.0,43550.0,42696.0,41938.0,41352.0,41153.0,41164.0,41624.0,41599.0,40241.0,40079.0,39861.0,38758.0,37753.0,36868.0,36144.0,35286.0,34597.0,33753.0,33177.0,32722.0
강화군 - 생활계폐기물발생량＜br＞(A),Statistics,31.3,39.7,40.7,38.6,49.8,42.7,46.6,55.7,52.4,66.1,61.5,79.4,45.7,29.9,45.8,50.5,49.1,96.2,130.2,86.5,79.6,51.4,100.8
강화군 - 주민1인당 생활계폐기물배출량＜br＞(A÷B)*1000,Statistics,0.5,0.6,0.6,0.6,0.8,0.7,0.7,0.8,0.8,1.0,0.9,1.2,0.7,0.4,0.7,0.7,0.7,1.4,1.9,1.2,1.1,0.7,1.5
강화군 - 주민등록인구＜br＞(B),Statistics,66860.0,65698.0,65044.0,65114.0,65389.0,65510.0,66466.0,67387.0,67049.0,67104.0,66779.0,66752.0,66735.0,67118.0,67667.0,68010.0,68754.0,68896.0,69178.0,69203.0,69693.0,69803.0,69005.0
거제시 - 생활계폐기물발생량＜br＞(A),Statistics,150.3,193.1,234.3,249.7,284.9,276.2,321.6,299.0,306.6,286.9,280.2,235.5,195.2,250.2,264.8,350.4,369.1,352.7,355.0,378.9,268.4,261.0,259.5
거제시 - 주민1인당 생활계폐기물배출량＜br＞(A÷B)*1000,Statistics,0.8,1.1,1.3,1.3,1.5,1.4,1.5,1.4,1.4,1.3,1.2,1.0,0.8,1.0,1.0,1.4,1.5,1.4,1.4,1.5,1.1,1.1,1.1
거제시 - 주민등록인구＜br＞(B),Statistics,178980.0,182035.0,186208.0,190141.0,195609.0,201412.0,208208.0,217211.0,225522.0,228355.0,232787.0,236944.0,242077.0,248287.0,255828.0,257183.0,254073.0,250516.0,248276.0,245754.0,241216.0,236662.0,234038.0
거창군 - 생활계폐기물발생량＜br＞(A),Statistics,44.6,49.6,45.7,47.5,46.3,46.9,53.7,51.6,50.1,50.5,56.4,79.4,79.5,69.5,78.9,83.3,76.3,70.3,97.3,100.6,79.5,83.2,81.7
거창군 - 주민1인당 생활계폐기물배출량＜br＞(A÷B)*1000,Statistics,0.7,0.7,0.7,0.7,0.7,0.7,0.8,0.8,0.8,0.8,0.9,1.3,1.3,1.1,1.2,1.3,1.2,1.1,1.6,1.6,1.3,1.4,1.4
거창군 - 주민등록인구＜br＞(B),Statistics,68574.0,67224.0,66370.0,65615.0,64735.0,63917.0,63979.0,63268.0,63180.0,63421.0,63146.0,63103.0,63177.0,63137.0,63232.0,63308.0,62763.0,62455.0,62179.0,61502.0,61073.0,60387.0,60047.0
경기 여주군 - 생활계폐기물발생량＜br＞(A),Statistics,84.0,92.3,85.2,78.1,78.6,69.8,78.4,109.7,116.8,219.5,322.7,132.1,,,,,,,,,,,
경기 여주군 - 주민1인당 생활계폐기물배출량＜br＞(A÷B)*1000,Statistics,0.8,0.9,0.8,0.8,0.8,0.7,0.7,1.0,1.1,2.0,3.0,1.2,,,,,,,,,,,
경기 여주군 - 주민등록인구＜br＞(B),Statistics,104648.0,104380.0,104030.0,103976.0,104260.0,105022.0,106926.0,107355.0,108088.0,109250.0,109120.0,109550.0,,,,,,,,,,,
경기도 - 생활계폐기물발생량＜br＞(A),Statistics,8742.9,9069.0,9354.5,9167.1,9286.7,9166.3,9790.0,10195.6,10213.6,10362.4,10798.2,10428.2,9919.2,10452.1,11467.1,12069.5,11605.3,12406.1,13196.9,15212.8,14992.6,15647.6,15325.3
경기도 - 주민1인당 생활계폐기물배출량＜br＞(A÷B)*1000,Statistics,0.9,0.9,0.9,0.9,0.9,0.8,0.9,0.9,0.9,0.9,0.9,0.9,0.8,0.8,0.9,0.9,0.9,0.9,1.0,1.1,1.1,1.2,1.1
경기도 - 주민등록인구＜br＞(B),Statistics,9544496.0,9927473.0,10206851.0,10462920.0,10697215.0,10906033.0,11106211.0,11292264.0,11460610.0,11786622.0,11937415.0,12093299.0,12234630.0,12357830.0,12522606.0,12716780.0,12873895.0,13077153.0,13239666.0,13427014.0,13565450.0,13589432.0,13630821.0
경남 마산시 - 생활계폐기물발생량＜br＞(A),Statistics,439.0,442.0,445.0,439.0,446.0,500.7,487.4,432.6,421.9,,,,,,,,,,,,,,
경남 마산시 - 주민1인당 생활계폐기물배출량＜br＞(A÷B)*1000,Statistics,1.0,1.0,1.0,1.0,1.0,1.2,1.2,1.1,1.0,,,,,,,,,,,,,,
경남 마산시 - 주민등록인구＜br＞(B),Statistics,433135.0,432903.0,429612.0,427248.0,425018.0,421783.0,415805.0,411078.0,406307.0,,,,,,,,,,,,,,
경남 진해시 - 생활계폐기물발생량＜br＞(A),Statistics,128.4,129.3,130.0,133.8,135.8,151.9,180.9,178.8,183.5,,,,,,,,,,,,,,
경남 진해시 - 주민1인당 생활계폐기물배출량＜br＞(A÷B)*1000,Statistics,1.0,0.9,0.9,0.9,0.9,0.9,1.1,1.1,1.1,,,,,,,,,,,,,,
경남 진해시 - 주민등록인구＜br＞(B),Statistics,134660.0,141124.0,150308.0,151393.0,156992.0,161175.0,163108.0,168696.0,171407.0,,,,,,,,,,,,,,
경남 창원시 - 생활계폐기물발생량＜br＞(A),Statistics,501.7,638.6,556.6,490.5,497.8,514.4,535.4,457.9,532.0,,,,,,,,,,,,,,
경남 창원시 - 주민1인당 생활계폐기물배출량＜br＞(A÷B)*1000,Statistics,1.0,1.2,1.1,1.0,1.0,1.0,1.1,0.9,1.1,,,,,,,,,,,,,,
경남 창원시 - 주민등록인구＜br＞(B),Statistics,524068.0,513659.0,510439.0,507161.0,504520.0,503881.0,503930.0,503518.0,502727.0,,,,,,,,,,,,,,
경산시 - 생활계폐기물발생량＜br＞(A),Statistics,188.8,193.3,196.9,195.9,190.8,176.7,250.4,200.2,201.9,202.6,187.7,170.3,172.0,181.8,218.9,235.5,239.0,268.8,256.1,321.8,283.2,303.1,303.2
경산시 - 주민1인당 생활계폐기물배출량＜br＞(A÷B)*1000,Statistics,0.9,0.9,0.9,0.9,0.8,0.8,1.1,0.8,0.9,0.8,0.8,0.7,0.7,0.7,0.9,0.9,0.9,1.0,1.0,1.2,1.1,1.1,1.1
경산시 - 주민등록인구＜br＞(B),Statistics,215995.0,218446.0,216240.0,219579.0,227766.0,234839.0,236881.0,237423.0,236459.0,240708.0,243684.0,246358.0,248805.0,253968.0,256888.0,258037.0,259485.0,261093.0,263185.0,263728.0,268369.0,267725.0,266205.0
경상남도 - 생활계폐기물발생량＜br＞(A),Statistics,2691.2,3002.0,3010.3,2969.6,3043.1,3170.5,3336.4,3179.8,3300.8,3270.0,3274.6,3453.6,3176.2,3452.5,3496.4,3951.4,4003.9,3937.3,4471.8,4609.8,4683.6,4263.6,4142.2
경상남도 - 주민1인당 생활계폐기물배출량＜br＞(A÷B)*1000,Statistics,0.9,1.0,1.0,0.9,1.0,1.0,1.0,1.0,1.0,1.0,1.0,1.0,1.0,1.0,1.0,1.2,1.2,1.2,1.3,1.4,1.4,1.3,1.3
경상남도 - 주민등록인구＜br＞(B),Statistics,3106502.0,3124418.0,3139017.0,3143814.0,3160431.0,3172857.0,3196953.0,3225255.0,3250176.0,3290536.0,3308765.0,3319314.0,3333820.0,3350257.0,3364702.0,3373871.0,3380404.0,3373988.0,3362553.0,3340216.0,3314183.0,3280493.0,3251158.0
경상북도 - 생활계폐기물발생량＜br＞(A),Statistics,2134.0,2231.7,2340.0,2436.3,2430.0,2427.4,2676.7,2641.9,2673.5,2679.1,2594.2,2623.2,2804.4,2795.3,2805.0,2885.4,3163.5,3246.2,3569.4,3704.3,4023.3,3755.3,3660.7
경상북도 - 주민1인당 생활계폐기물배출량＜br＞(A÷B)*1000,Statistics,0.8,0.8,0.9,0.9,0.9,0.9,1.0,1.0,1.0,1.0,1.0,1.0,1.0,1.0,1.0,1.1,1.2,1.2,1.3,1.4,1.5,1.4,1.4
경상북도 - 주민등록인구＜br＞(B),Statistics,2784704.0,2756744.0,2720832.0,2695917.0,2688491.0,2688577.0,2681364.0,2673931.0,2669876.0,2689920.0,2699195.0,2698353.0,2699440.0,2700794.0,2702826.0,2700398.0,2691706.0,2676831.0,2665836.0,2639422.0,2626609.0,2600492.0,2554324.0
경주시 - 생활계폐기물발생량＜br＞(A),Statistics,221.3,248.2,260.6,260.1,262.0,231.0,257.8,300.8,290.1,272.9,268.8,277.4,272.4,269.3,287.3,300.7,410.6,582.0,378.6,282.8,635.9,521.3,399.8
경주시 - 주민1인당 생활계폐기물배출량＜br＞(A÷B)*1000,Statistics,0.8,0.9,0.9,0.9,1.0,0.8,0.9,1.1,1.1,1.0,1.0,1.1,1.0,1.0,1.1,1.2,1.6,2.3,1.5,1.1,2.5,2.1,1.6
경주시 - 주민등록인구＜br＞(B),Statistics,287506.0,284589.0,281177.0,277870.0,275087.0,273419.0,272206.0,269343.0,267466.0,267098.0,265488.0,264091.0,263283.0,261535.0,259773.0,259452.0,257903.0,256864.0,255402.0,253502.0,251889.0,249607.0,247489.0
계룡시 - 생활계폐기물발생량＜br＞(A),Statistics,,,25.8,26.7,25.5,31.9,41.2,40.6,37.8,35.1,86.2,56.5,47.7,64.0,41.8,44.7,45.3,42.8,46.3,37.9,40.7,52.8,46.9
계룡시 - 주민1인당 생활계폐기물배출량＜br＞(A÷B)*1000,Statistics,,,0.8,0.9,0.7,0.9,1.1,1.0,0.9,0.8,2.0,1.4,1.2,1.6,1.0,1.0,1.0,1.0,1.1,0.9,0.9,1.2,1.0
계룡시 - 주민등록인구＜br＞(B),Statistics,,,31058.0,31174.0,34370.0,36846.0,37775.0,41411.0,42760.0,43088.0,42942.0,41550.0,40957.0,40552.0,41730.0,42634.0,43967.0,43731.0,42971.0,42822.0,43331.0,44475.0,46667.0
계양구 - 생활계폐기물발생량＜br＞(A),Statistics,297.9,371.8,391.8,280.0,228.0,191.3,262.1,242.3,284.8,266.1,234.7,241.8,262.0,185.2,195.2,206.4,206.0,218.8,228.4,323.0,361.5,323.9,342.5
계양구 - 주민1인당 생활계폐기물배출량＜br＞(A÷B)*1000,Statistics,0.9,1.1,1.2,0.8,0.7,0.6,0.8,0.7,0.8,0.8,0.7,0.7,0.8,0.5,0.6,0.6,0.6,0.7,0.8,1.1,1.2,1.1,1.2
계양구 - 주민등록인구＜br＞(B),Statistics,339696.0,341074.0,340175.0,337103.0,335435.0,342335.0,342564.0,342299.0,344039.0,347810.0,344299.0,342202.0,343806.0,339538.0,334332.0,330284.0,323784.0,312680.0,303471.0,296750.0,295696.0,288856.0,280266.0
고령군 - 생활계폐기물발생량＜br＞(A),Statistics,15.8,21.5,24.9,23.7,18.9,21.2,23.3,22.8,20.9,20.4,19.6,19.6,17.5,20.3,23.7,25.5,27.0,39.0,53.9,90.3,73.0,66.4,76.4
고령군 - 주민1인당 생활계폐기물배출량＜br＞(A÷B)*1000,Statistics,0.4,0.6,0.7,0.7,0.6,0.6,0.7,0.7,0.6,0.6,0.6,0.6,0.5,0.6,0.7,0.7,0.8,1.2,1.7,2.9,2.4,2.2,2.5
고령군 - 주민등록인구＜br＞(B),Statistics,36796.0,35978.0,34942.0,34522.0,34271.0,34777.0,34907.0,34770.0,34535.0,34678.0,35455.0,35343.0,35198.0,35033.0,34594.0,34257.0,33768.0,32969.0,32373.0,31361.0,30626.0,30353.0,30139.0
고성군 - 생활계폐기물발생량＜br＞(A),Statistics,39.0,44.9,49.7,51.7,36.7,42.4,45.8,31.4,46.5,56.5,71.4,71.1,69.7,57.9,58.2,50.0,61.2,34.0,55.7,65.2,64.1,76.1,72.1
고성군 - 주민1인당 생활계폐기물배출량＜br＞(A÷B)*1000,Statistics,1.1,1.3,1.5,1.6,1.1,1.4,1.5,1.0,1.5,1.9,2.4,2.4,2.3,1.9,1.9,1.7,2.0,1.2,2.0,2.4,2.4,2.8,2.6
고성군 - 주민등록인구＜br＞(B),Statistics,34643.0,33721.0,32739.0,32361.0,31964.0,31285.0,30383.0,30172.0,30272.0,30112.0,30057.0,30124.0,30398.0,30269.0,30060.0,30114.0,30029.0,28144.0,27260.0,26757.0,27249.0,27274.0,27305.0
고양시 - 생활계폐기물발생량＜br＞(A),Statistics,679.6,707.3,707.7,695.8,690.2,646.7,724.0,783.7,832.9,843.5,877.2,845.6,895.9,874.2,913.0,885.6,953.4,924.3,936.9,856.4,1297.4,1338.6,1138.2
고양시 - 주민1인당 생활계폐기물배출량＜br＞(A÷B)*1000,Statistics,0.8,0.8,0.8,0.8,0.8,0.7,0.8,0.8,0.9,0.9,0.9,0.9,0.9,0.9,0.9,0.9,0.9,0.9,0.9,0.8,1.2,1.2,1.1
고양시 - 주민등록인구＜br＞(B),Statistics,811467.0,836664.0,865077.0,886000.0,904077.0,910206.0,924839.0,938831.0,938784.0,950115.0,961239.0,969916.0,990571.0,1006154.0,1027546.0,1039684.0,1041983.0,1044189.0,1066351.0,1079216.0,1079353.0,1076535.0,1074907.0
고창군 - 생활계폐기물발생량＜br＞(A),Statistics,49.7,49.9,48.7,48.6,49.2,49.2,52.1,50.7,47.9,45.7,41.5,45.0,45.6,54.1,43.7,44.3,80.8,63.1,62.0,63.5,64.8,69.5,60.5
고창군 - 주민1인당 생활계폐기물배출량＜br＞(A÷B)*1000,Statistics,0.7,0.7,0.7,0.7,0.8,0.8,0.9,0.8,0.8,0.8,0.7,0.7,0.8,0.9,0.7,0.7,1.3,1.1,1.1,1.2,1.2,1.3,1.2
고창군 - 주민등록인구＜br＞(B),Statistics,74286.0,69657.0,69639.0,65203.0,63676.0,62030.0,60962.0,60328.0,60102.0,60861.0,60065.0,60440.0,60522.0,60090.0,60046.0,60597.0,60472.0,57041.0,55504.0,54529.0,53386.0,52338.0,51750.0
고흥군 - 생활계폐기물발생량＜br＞(A),Statistics,66.8,65.0,64.0,61.6,59.5,58.8,55.1,70.9,76.1,61.0,60.2,64.3,63.6,58.0,63.7,55.0,60.7,64.9,80.2,70.9,73.6,80.4,84.2
고흥군 - 주민1인당 생활계폐기물배출량＜br＞(A÷B)*1000,Statistics,0.7,0.7,0.7,0.7,0.7,0.7,0.7,0.9,1.0,0.8,0.8,0.9,0.9,0.8,0.9,0.8,0.9,1.0,1.2,1.1,1.2,1.3,1.4
고흥군 - 주민등록인구＜br＞(B),Statistics,95864.0,92715.0,91518.0,86747.0,83830.0,81068.0,78589.0,76605.0,75127.0,73924.0,72607.0,71560.0,70631.0,69641.0,68601.0,67656.0,66736.0,65777.0,64913.0,63922.0,62762.0,61880.0,61113.0
곡성군 - 생활계폐기물발생량＜br＞(A),Statistics,29.5,23.9,24.8,24.2,28.2,26.0,29.1,27.4,25.1,17.7,18.7,19.9,20.2,22.8,26.6,25.1,21.7,21.5,21.0,47.1,61.4,26.6,27.0
곡성군 - 주민1인당 생활계폐기물배출량＜br＞(A÷B)*1000,Statistics,0.8,0.7,0.7,0.7,0.8,0.8,0.9,0.8,0.8,0.6,0.6,0.6,0.7,0.7,0.9,0.8,0.7,0.7,0.7,1.7,2.2,1.0,1.0
곡성군 - 주민등록인구＜br＞(B),Statistics,38767.0,36754.0,35297.0,34396.0,34157.0,33631.0,33311.0,32608.0,32084.0,31886.0,31332.0,30878.0,31009.0,30732.0,30672.0,30400.0,30131.0,29624.0,28887.0,28039.0,27535.0,27060.0,26905.0
공주시 - 생활계폐기물발생량＜br＞(A),Statistics,102.0,117.0,220.1,827.9,123.4,119.6,126.4,144.6,136.5,135.1,135.5,130.6,130.7,128.1,150.0,141.2,155.8,173.8,140.9,98.1,101.0,96.9,94.9
공주시 - 주민1인당 생활계폐기물배출량＜br＞(A÷B)*1000,Statistics,0.8,0.9,1.7,6.4,1.0,0.9,1.0,1.2,1.1,1.1,1.1,1.1,1.1,1.1,1.3,1.3,1.4,1.6,1.3,0.9,1.0,0.9,0.9
공주시 - 주민등록인구＜br＞(B),Statistics,133978.0,132584.0,130957.0,130280.0,129489.0,128330.0,126612.0,125143.0,124172.0,124930.0,124748.0,117298.0,116369.0,113621.0,111261.0,109931.0,108432.0,107581.0,106474.0,104545.0,103145.0,102571.0,102104.0
과천시 - 생활계폐기물발생량＜br＞(A),Statistics,77.4,85.3,83.3,82.6,73.1,51.8,70.3,82.4,80.1,79.8,78.2,79.5,76.8,73.6,73.5,89.6,70.3,88.7,89.2,100.4,87.6,94.4,92.9
과천시 - 주민1인당 생활계폐기물배출량＜br＞(A÷B)*1000,Statistics,1.1,1.2,1.2,1.2,1.2,0.9,1.1,1.2,1.1,1.1,1.1,1.1,1.1,1.0,1.1,1.4,1.2,1.5,1.5,1.6,1.2,1.2,1.1
과천시 - 주민등록인구＜br＞(B),Statistics,71201.0,70488.0,70324.0,68333.0,60956.0,60482.0,62291.0,69477.0,72049.0,72279.0,71955.0,71068.0,70578.0,70156.0,68946.0,63778.0,57527.0,58142.0,58289.0,63231.0,73345.0,78137.0,81000.0
관악구 - 생활계폐기물발생량＜br＞(A),Statistics,501.2,520.6,563.1,583.4,551.0,581.7,569.3,540.3,474.4,340.0,321.0,317.6,315.5,354.3,337.9,339.7,361.8,436.8,434.7,401.6,400.4,442.7,402.4
관악구 - 주민1인당 생활계폐기물배출량＜br＞(A÷B)*1000,Statistics,0.9,1.0,1.1,1.1,1.0,1.1,1.1,1.0,0.9,0.6,0.6,0.6,0.6,0.7,0.7,0.7,0.7,0.9,0.9,0.8,0.8,0.9,0.8
관악구 - 주민등록인구＜br＞(B),Statistics,527764.0,522207.0,522456.0,530156.0,530020.0,535217.0,535571.0,534556.0,529869.0,531434.0,526397.0,523029.0,518028.0,513186.0,509663.0,506851.0,503297.0,501957.0,500094.0,495060.0,485699.0,486752.0,481956.0
광명시 - 생활계폐기물발생량＜br＞(A),Statistics,360.6,379.4,371.1,366.9,340.0,237.3,250.1,278.8,266.0,271.8,276.1,268.1,256.7,251.5,250.0,244.3,255.9,268.1,282.0,490.9,269.9,281.5,277.5
광명시 - 주민1인당 생활계폐기물배출량＜br＞(A÷B)*1000,Statistics,1.1,1.1,1.1,1.1,1.0,0.8,0.8,0.9,0.8,0.8,0.8,0.8,0.7,0.7,0.7,0.7,0.8,0.8,0.9,1.6,0.9,1.0,1.0
광명시 - 주민등록인구＜br＞(B),Statistics,336309.0,340807.0,336083.0,331419.0,327828.0,313372.0,313019.0,310501.0,314257.0,343982.0,355226.0,355560.0,353100.0,348560.0,344978.0,339484.0,332790.0,326841.0,316552.0,298599.0,292893.0,287945.0,280197.0
광산구 - 생활계폐기물발생량＜br＞(A),Statistics,307.0,317.5,301.8,311.8,298.8,292.7,291.2,324.4,324.3,293.4,288.2,293.8,303.0,319.5,355.9,345.6,353.0,365.1,418.7,419.3,481.4,453.6,448.7
광산구 - 주민1인당 생활계폐기물배출량＜br＞(A÷B)*1000,Statistics,1.2,1.2,1.1,1.1,1.0,0.9,0.9,1.0,0.9,0.8,0.8,0.8,0.8,0.8,0.9,0.9,0.9,0.9,1.0,1.0,1.2,1.1,1.1
광산구 - 주민등록인구＜br＞(B),Statistics,263032.0,275301.0,286982.0,296101.0,306989.0,311621.0,316101.0,320660.0,342936.0,363239.0,375509.0,385101.0,392875.0,397281.0,400753.0,403049.0,404131.0,404547.0,405315.0,405579.0,404221.0,400654.0,396741.0
광양시 - 생활계폐기물발생량＜br＞(A),Statistics,118.0,131.1,125.7,118.7,132.6,132.2,127.1,188.6,125.9,131.0,144.0,155.5,264.9,196.0,220.6,244.0,233.6,243.8,236.6,230.8,214.0,208.1,195.8
광양시 - 주민1인당 생활계폐기물배출량＜br＞(A÷B)*1000,Statistics,0.9,1.0,0.9,0.9,1.0,1.0,0.9,1.3,0.9,0.9,1.0,1.0,1.7,1.3,1.4,1.6,1.5,1.6,1.5,1.5,1.4,1.4,1.3
광양시 - 주민등록인구＜br＞(B),Statistics,138238.0,137913.0,136484.0,137601.0,138098.0,138237.0,138865.0,141388.0,143461.0,145512.0,150725.0,150837.0,151621.0,152097.0,153587.0,155580.0,155857.0,156564.0,156750.0,151769.0,150531.0,152168.0,152666.0
광주광역시 - 생활계폐기물발생량＜br＞(A),Statistics,1468.8,1494.0,1487.9,1543.8,1503.5,1478.4,1449.4,1480.8,1430.0,1396.9,1333.9,1328.8,1327.0,1316.4,1272.9,1247.2,1269.1,1272.3,1368.3,1351.4,1553.5,1452.8,1446.4
광주광역시 - 주민1인당 생활계폐기물배출량＜br＞(A÷B)*1000,Statistics,1.1,1.1,1.1,1.1,1.1,1.1,1.0,1.0,1.0,1.0,0.9,0.9,0.9,0.9,0.9,0.8,0.9,0.9,0.9,0.9,1.1,1.0,1.0
광주광역시 - 주민등록인구＜br＞(B),Statistics,1383765.0,1397452.0,1395762.0,1401172.0,1401745.0,1407798.0,1413444.0,1422702.0,1433640.0,1454636.0,1463464.0,1469216.0,1472910.0,1475884.0,1472199.0,1469214.0,1463770.0,1459336.0,1456468.0,1450062.0,1441611.0,1431050.0,1419237.0
광주시 - 생활계폐기물발생량＜br＞(A),Statistics,163.0,185.7,197.3,198.0,223.8,186.7,234.3,245.1,247.1,262.1,233.8,250.6,257.6,271.2,292.7,295.9,301.0,366.7,312.2,265.4,392.2,397.4,418.3
광주시 - 주민1인당 생활계폐기물배출량＜br＞(A÷B)*1000,Statistics,1.1,1.1,1.0,1.0,1.0,0.8,1.0,1.0,1.0,1.0,0.9,0.9,0.9,0.9,0.9,0.9,0.9,1.0,0.8,0.7,1.0,1.0,1.1
광주시 - 주민등록인구＜br＞(B),Statistics,152878.0,175614.0,191466.0,205641.0,214498.0,222048.0,229319.0,234777.0,238583.0,249789.0,265222.0,275656.0,286699.0,298858.0,312579.0,327723.0,345947.0,363782.0,372654.0,382054.0,387289.0,391462.0,391377.0
광진구 - 생활계폐기물발생량＜br＞(A),Statistics,356.8,475.0,465.1,470.6,410.4,437.6,357.2,376.3,382.7,392.3,365.2,368.5,379.3,348.9,339.4,326.3,319.2,342.5,333.9,343.1,250.5,330.5,286.9
광진구 - 주민1인당 생활계폐기물배출량＜br＞(A÷B)*1000,Statistics,0.9,1.2,1.2,1.2,1.1,1.2,0.9,1.0,1.0,1.0,1.0,1.0,1.0,1.0,0.9,0.9,0.9,1.0,1.0,1.0,0.7,1.0,0.9
광진구 - 주민등록인구＜br＞(B),Statistics,388109.0,386511.0,384929.0,380537.0,375613.0,374442.0,376572.0,375482.0,373998.0,375463.0,371936.0,371313.0,368927.0,363354.0,360369.0,357215.0,357703.0,355559.0,351350.0,346682.0,339996.0,337416.0,335554.0
괴산군 - 생활계폐기물발생량＜br＞(A),Statistics,37.3,34.4,34.6,35.3,32.7,72.2,34.2,34.1,33.6,33.8,31.3,47.6,46.9,44.2,49.2,58.6,70.1,71.0,39.9,54.0,76.2,46.2,68.0
괴산군 - 주민1인당 생활계폐기물배출량＜br＞(A÷B)*1000,Statistics,0.9,0.8,0.9,0.9,0.8,1.9,0.9,0.9,0.9,0.9,0.8,1.3,1.2,1.2,1.3,1.5,1.8,1.8,1.0,1.4,2.0,1.2,1.9
괴산군 - 주민등록인구＜br＞(B),Statistics,43126.0,41827.0,40411.0,39586.0,38595.0,37570.0,36873.0,36566.0,36775.0,36827.0,37333.0,37713.0,38059.0,38351.0,38787.0,38973.0,39054.0,39133.0,39163.0,39393.0,38122.0,37055.0,36590.0
구례군 - 생활계폐기물발생량＜br＞(A),Statistics,23.4,22.2,25.2,24.8,21.8,22.3,23.6,21.9,22.0,23.9,19.5,19.4,17.6,15.5,15.8,16.9,16.0,17.3,18.4,62.8,76.4,20.7,22.8
구례군 - 주민1인당 생활계폐기물배출량＜br＞(A÷B)*1000,Statistics,0.7,0.7,0.8,0.8,0.7,0.8,0.8,0.8,0.8,0.9,0.7,0.7,0.6,0.6,0.6,0.6,0.6,0.6,0.7,2.4,3.0,0.8,0.9
구례군 - 주민등록인구＜br＞(B),Statistics,32948.0,31755.0,30509.0,30232.0,29577.0,28837.0,28203.0,27703.0,27518.0,27375.0,27422.0,27077.0,27115.0,27170.0,27308.0,27412.0,27525.0,27117.0,26563.0,25719.0,25235.0,24655.0,24314.0
구로구 - 생활계폐기물발생량＜br＞(A),Statistics,405.2,425.9,444.2,385.9,416.6,440.3,435.7,441.7,430.1,308.1,276.7,285.7,278.5,322.5,314.7,318.2,310.8,319.4,326.5,329.6,373.2,367.2,470.2
구로구 - 주민1인당 생활계폐기물배출량＜br＞(A÷B)*1000,Statistics,1.0,1.0,1.1,0.9,1.0,1.0,1.0,1.0,1.0,0.7,0.6,0.7,0.7,0.8,0.7,0.8,0.8,0.8,0.8,0.8,0.9,0.9,1.2
구로구 - 주민등록인구＜br＞(B),Statistics,415330.0,413363.0,412845.0,416828.0,416405.0,419832.0,420542.0,420795.0,421967.0,423736.0,427468.0,427520.0,424964.0,425831.0,422092.0,417551.0,410742.0,404497.0,406664.0,404408.0,396754.0,395315.0,392405.0
구리시 - 생활계폐기물발생량＜br＞(A),Statistics,219.2,249.6,253.8,237.3,209.9,142.0,227.2,210.9,214.5,209.6,195.6,192.0,176.7,209.3,192.9,222.2,156.9,165.9,187.4,205.3,220.4,231.3,196.8
구리시 - 주민1인당 생활계폐기물배출량＜br＞(A÷B)*1000,Statistics,1.2,1.3,1.3,1.2,1.1,0.7,1.2,1.1,1.1,1.1,1.0,1.0,0.9,1.1,1.0,1.1,0.8,0.8,0.9,1.0,1.1,1.2,1.1
구리시 - 주민등록인구＜br＞(B),Statistics,184816.0,193214.0,192947.0,193438.0,192548.0,193847.0,196800.0,195874.0,195593.0,196398.0,194881.0,192341.0,189680.0,186820.0,186721.0,193763.0,200042.0,203553.0,199265.0,197454.0,191948.0,188701.0,187093.0
구미시 - 생활계폐기물발생량＜br＞(A),Statistics,217.8,227.6,255.5,287.3,280.1,280.3,303.4,266.9,266.0,255.2,254.6,253.9,249.2,358.5,402.8,380.3,461.6,464.9,826.6,454.0,446.8,519.9,492.6
구미시 - 주민1인당 생활계폐기물배출량＜br＞(A÷B)*1000,Statistics,0.6,0.7,0.7,0.8,0.7,0.7,0.8,0.7,0.7,0.6,0.6,0.6,0.6,0.9,1.0,0.9,1.1,1.1,2.0,1.1,1.1,1.3,1.2
구미시 - 주민등록인구＜br＞(B),Statistics,344159.0,350011.0,355629.0,365681.0,374614.0,386465.0,391897.0,393959.0,396419.0,404920.0,413446.0,416949.0,419428.0,420320.0,419915.0,419891.0,421799.0,421494.0,419742.0,416328.0,412581.0,408110.0,405506.0
군산시 - 생활계폐기물발생량＜br＞(A),Statistics,302.3,206.9,255.2,270.9,237.9,273.3,238.7,243.6,252.2,245.6,319.8,313.6,289.8,289.0,299.6,302.7,327.8,442.3,444.7,473.0,344.9,340.5,374.0
군산시 - 주민1인당 생활계폐기물배출량＜br＞(A÷B)*1000,Statistics,1.1,0.8,0.9,1.0,0.9,1.0,0.9,0.9,0.9,0.9,1.2,1.1,1.0,1.0,1.1,1.1,1.2,1.6,1.6,1.8,1.3,1.3,1.4
군산시 - 주민등록인구＜br＞(B),Statistics,276717.0,272007.0,268639.0,265168.0,263120.0,260989.0,260562.0,263845.0,266922.0,272601.0,275659.0,278341.0,278319.0,278098.0,278398.0,277551.0,274997.0,272645.0,270131.0,267859.0,265304.0,262467.0,259980.0
군위군 - 생활계폐기물발생량＜br＞(A),Statistics,15.1,14.9,15.5,14.8,24.0,22.6,21.7,22.3,22.9,22.9,17.6,17.4,17.4,15.5,19.3,21.4,24.4,21.7,41.5,55.8,94.5,40.3,41.7
군위군 - 주민1인당 생활계폐기물배출량＜br＞(A÷B)*1000,Statistics,0.4,0.5,0.5,0.5,0.9,0.8,0.8,0.9,0.9,0.9,0.7,0.7,0.7,0.6,0.8,0.9,1.0,0.9,1.7,2.4,4.1,1.7,1.8
군위군 - 주민등록인구＜br＞(B),Statistics,34055.0,31654.0,29762.0,28825.0,27709.0,26687.0,25781.0,25309.0,24966.0,24736.0,24268.0,24119.0,24172.0,24170.0,24126.0,24171.0,24215.0,23919.0,23843.0,23256.0,22945.0,23340.0,22988.0
군포시 - 생활계폐기물발생량＜br＞(A),Statistics,258.7,341.2,343.7,323.8,325.9,301.5,323.4,315.5,196.5,305.0,314.1,301.0,201.3,181.3,193.1,219.5,229.7,252.6,262.5,144.7,264.3,250.2,267.8
군포시 - 주민1인당 생활계폐기물배출량＜br＞(A÷B)*1000,Statistics,1.0,1.3,1.3,1.2,1.2,1.1,1.2,1.1,0.7,1.1,1.1,1.0,0.7,0.6,0.7,0.8,0.8,0.9,1.0,0.5,1.0,0.9,1.0
군포시 - 주민등록인구＜br＞(B),Statistics,269080.0,268559.0,273765.0,275761.0,277781.0,274569.0,275351.0,277590.0,275731.0,287833.0,287294.0,286841.0,286344.0,288408.0,287519.0,284890.0,281205.0,276916.0,275852.0,273791.0,268535.0,266213.0,261229.0
금산군 - 생활계폐기물발생량＜br＞(A),Statistics,37.5,42.7,44.9,52.2,53.2,62.7,39.0,42.9,43.6,41.9,43.2,54.4,55.9,60.7,54.3,55.0,58.4,52.0,46.1,65.4,74.1,63.8,67.7
금산군 - 주민1인당 생활계폐기물배출량＜br＞(A÷B)*1000,Statistics,0.6,0.7,0.7,0.9,0.9,1.1,0.7,0.8,0.8,0.7,0.8,1.0,1.0,1.1,1.0,1.0,1.1,1.0,0.9,1.3,1.5,1.3,1.4
금산군 - 주민등록인구＜br＞(B),Statistics,62985.0,61350.0,60740.0,60048.0,58378.0,57552.0,57690.0,56740.0,56220.0,56555.0,56030.0,55715.0,55441.0,55166.0,54879.0,54612.0,53894.0,53222.0,52257.0,51413.0,50477.0,50092.0,50093.0
금정구 - 생활계폐기물발생량＜br＞(A),Statistics,269.3,279.3,280.3,268.5,249.6,255.2,252.3,241.0,229.9,220.0,219.1,219.9,217.4,228.3,228.1,229.0,232.5,234.6,233.0,255.0,169.5,181.2,188.3
금정구 - 주민1인당 생활계폐기물배출량＜br＞(A÷B)*1000,Statistics,0.9,1.0,1.0,1.0,0.9,1.0,1.0,0.9,0.9,0.9,0.9,0.9,0.9,0.9,0.9,0.9,1.0,1.0,1.0,1.1,0.7,0.8,0.9
금정구 - 주민등록인구＜br＞(B),Statistics,285760.0,278511.0,274696.0,271046.0,264880.0,263338.0,258934.0,256398.0,252039.0,255419.0,254720.0,255692.0,253526.0,249856.0,246026.0,244624.0,244469.0,242956.0,239062.0,232666.0,228049.0,221256.0,215590.0
금천구 - 생활계폐기물발생량＜br＞(A),Statistics,365.4,342.8,342.0,324.7,312.7,302.1,316.8,222.3,272.8,196.7,221.2,223.5,180.2,250.6,240.1,239.6,241.8,248.8,286.7,274.5,270.3,273.8,277.4
금천구 - 주민1인당 생활계폐기물배출량＜br＞(A÷B)*1000,Statistics,1.4,1.3,1.3,1.3,1.2,1.2,1.3,0.9,1.1,0.8,0.9,0.9,0.7,1.1,1.0,1.0,1.0,1.1,1.2,1.2,1.2,1.2,1.2
금천구 - 주민등록인구＜br＞(B),Statistics,260476.0,261413.0,261224.0,259633.0,256902.0,253243.0,249108.0,247320.0,244835.0,245195.0,243438.0,243288.0,241020.0,238463.0,236284.0,235386.0,235154.0,233917.0,232810.0,231733.0,230811.0,229642.0,227481.0
기장군 - 생활계폐기물발생량＜br＞(A),Statistics,50.1,55.2,70.9,59.3,71.6,80.3,81.8,79.8,80.5,81.8,86.4,92.5,99.2,137.9,124.9,131.9,131.0,130.3,129.8,176.3,233.0,245.3,185.7
기장군 - 주민1인당 생활계폐기물배출량＜br＞(A÷B)*1000,Statistics,0.7,0.7,0.9,0.7,0.9,1.0,1.0,1.0,0.9,0.8,0.8,0.8,0.7,1.0,0.8,0.8,0.8,0.8,0.8,1.0,1.3,1.4,1.0
기장군 - 주민등록인구＜br＞(B),Statistics,76166.0,76384.0,77632.0,79788.0,80104.0,79334.0,79565.0,81159.0,89384.0,102557.0,108095.0,114566.0,132507.0,144748.0,153093.0,158527.0,161651.0,164864.0,164716.0,174545.0,177125.0,178614.0,178729.0
김제시 - 생활계폐기물발생량＜br＞(A),Statistics,64.6,69.0,111.3,111.7,117.4,108.2,71.2,60.0,60.7,61.0,62.3,62.2,66.1,71.7,70.8,86.5,83.2,95.4,78.0,191.5,134.5,127.1,102.0
김제시 - 주민1인당 생활계폐기물배출량＜br＞(A÷B)*1000,Statistics,0.6,0.6,1.0,1.1,1.1,1.1,0.7,0.6,0.6,0.6,0.7,0.7,0.7,0.8,0.8,1.0,1.0,1.1,0.9,2.3,1.7,1.6,1.3
김제시 - 주민등록인구＜br＞(B),Statistics,115244.0,110989.0,110710.0,105195.0,102720.0,100238.0,97615.0,95807.0,94770.0,94346.0,93111.0,92317.0,91218.0,90108.0,88721.0,87782.0,86926.0,85331.0,83895.0,82450.0,80913.0,81455.0,81430.0
김천시 - 생활계폐기물발생량＜br＞(A),Statistics,102.4,109.1,115.7,109.5,109.5,114.1,108.8,175.1,174.4,208.7,113.2,108.3,119.0,106.1,111.1,136.9,125.0,125.2,129.6,169.6,187.2,214.6,177.3
김천시 - 주민1인당 생활계폐기물배출량＜br＞(A÷B)*1000,Statistics,0.7,0.7,0.8,0.8,0.8,0.8,0.8,1.3,1.3,1.5,0.8,0.8,0.9,0.8,0.8,1.0,0.9,0.9,0.9,1.2,1.3,1.5,1.3
김천시 - 주민등록인구＜br＞(B),Statistics,150858.0,146666.0,150306.0,143527.0,141632.0,139682.0,139084.0,138056.0,135918.0,136136.0,136185.0,135504.0,135259.0,135456.0,140132.0,142256.0,142908.0,141104.0,141229.0,140548.0,140239.0,139324.0,137515.0
김포시 - 생활계폐기물발생량＜br＞(A),Statistics,167.1,175.1,178.7,177.9,181.6,153.4,186.3,184.8,183.5,199.6,213.0,234.8,263.2,252.6,316.4,249.7,253.4,337.5,344.9,279.7,494.0,485.2,472.3
김포시 - 주민1인당 생활계폐기물배출량＜br＞(A÷B)*1000,Statistics,0.9,0.9,0.9,0.9,0.9,0.7,0.9,0.8,0.8,0.8,0.8,0.8,0.8,0.7,0.9,0.7,0.6,0.8,0.8,0.6,1.0,1.0,1.0
김포시 - 주민등록인구＜br＞(B),Statistics,180404.0,193438.0,203391.0,208192.0,207229.0,207824.0,205997.0,220418.0,225805.0,238339.0,256994.0,287432.0,312305.0,340310.0,349990.0,363443.0,392092.0,423170.0,437221.0,473970.0,486508.0,484267.0,486172.0
김해시 - 생활계폐기물발생량＜br＞(A),Statistics,307.1,349.6,367.1,390.0,399.1,401.0,460.8,485.7,501.6,453.9,448.7,443.6,449.4,437.0,455.3,498.8,481.7,494.6,725.3,655.1,585.1,588.4,561.4
김해시 - 주민1인당 생활계폐기물배출량＜br＞(A÷B)*1000,Statistics,0.9,0.9,0.9,0.9,0.9,0.9,1.0,1.0,1.0,0.9,0.9,0.9,0.9,0.8,0.9,0.9,0.9,0.9,1.3,1.2,1.1,1.1,1.1
김해시 - 주민등록인구＜br＞(B),Statistics,353768.0,390292.0,407368.0,427432.0,443017.0,453728.0,464964.0,477572.0,492413.0,503348.0,507062.0,513260.0,522049.0,527240.0,528865.0,529422.0,532132.0,533672.0,542455.0,542338.0,537673.0,535129.0,533659.0
나주시 - 생활계폐기물발생량＜br＞(A),Statistics,95.6,94.7,93.7,91.1,42.0,63.9,124.8,90.7,89.0,93.1,92.8,91.3,90.1,91.6,94.6,83.9,85.2,71.8,84.7,120.2,133.7,157.6,141.5
나주시 - 주민1인당 생활계폐기물배출량＜br＞(A÷B)*1000,Statistics,0.9,0.9,0.9,0.9,0.4,0.7,1.3,1.0,1.0,1.0,1.1,1.0,1.0,1.0,1.0,0.8,0.8,0.6,0.7,1.0,1.1,1.4,1.2
나주시 - 주민등록인구＜br＞(B),Statistics,105832.0,102825.0,101708.0,99308.0,97980.0,96417.0,95439.0,92884.0,90875.0,90118.0,88243.0,88067.0,87754.0,90669.0,98182.0,104376.0,110110.0,113839.0,114664.0,115613.0,116726.0,116456.0,117377.0
남구 - 생활계폐기물발생량＜br＞(A),Statistics,328.3,327.0,297.0,283.2,267.2,262.6,252.7,243.6,244.3,235.3,229.0,223.5,219.4,228.0,238.2,231.6,223.7,230.1,234.9,278.0,170.2,187.5,185.5
남구 - 주민1인당 생활계폐기물배출량＜br＞(A÷B)*1000,Statistics,1.1,1.1,1.0,0.9,0.9,0.9,0.9,0.8,0.8,0.8,0.8,0.8,0.8,0.8,0.8,0.8,0.8,0.8,0.9,1.0,0.6,0.7,0.7
남구 - 주민등록인구＜br＞(B),Statistics,302642.0,305375.0,307287.0,304481.0,302257.0,297893.0,296666.0,298314.0,297963.0,298458.0,295121.0,291175.0,291770.0,286989.0,283101.0,278779.0,273854.0,279917.0,274480.0,267731.0,262069.0,256333.0,254185.0
남동구 - 생활계폐기물발생량＜br＞(A),Statistics,307.4,347.3,366.6,492.6,337.2,311.0,391.3,337.6,337.1,277.0,281.5,282.2,267.7,308.3,330.1,551.8,473.2,521.9,469.3,457.7,478.3,619.7,560.5
남동구 - 주민1인당 생활계폐기물배출량＜br＞(A÷B)*1000,Statistics,0.8,0.9,0.9,1.3,0.9,0.8,0.9,0.8,0.7,0.6,0.6,0.6,0.5,0.6,0.6,1.0,0.9,1.0,0.9,0.9,0.9,1.2,1.1
남동구 - 주민등록인구＜br＞(B),Statistics,407615.0,403574.0,392478.0,384244.0,379310.0,390044.0,425217.0,450054.0,463414.0,473423.0,495469.0,503597.0,507021.0,514656.0,531395.0,530982.0,536578.0,537161.0,532704.0,525354.0,518272.0,506181.0,492415.0
남양주시 - 생활계폐기물발생량＜br＞(A),Statistics,266.9,287.2,292.0,304.7,329.0,327.8,347.5,362.1,418.5,421.7,436.5,483.3,336.6,366.8,346.2,379.0,367.5,407.2,684.4,696.4,676.6,714.4,629.2
남양주시 - 주민1인당 생활계폐기물배출량＜br＞(A÷B)*1000,Statistics,0.7,0.7,0.7,0.7,0.7,0.7,0.7,0.7,0.8,0.7,0.8,0.8,0.5,0.6,0.5,0.6,0.6,0.6,1.0,1.0,0.9,1.0,0.9
남양주시 - 주민등록인구＜br＞(B),Statistics,375041.0,392614.0,403755.0,418360.0,450054.0,470617.0,492347.0,505867.0,525211.0,564141.0,578485.0,599539.0,618305.0,636256.0,653454.0,662154.0,665321.0,681828.0,701830.0,713321.0,733798.0,737353.0,732265.0
남원시 - 생활계폐기물발생량＜br＞(A),Statistics,103.4,101.0,105.5,101.0,101.7,103.8,112.7,97.2,95.5,101.4,84.5,76.6,71.7,72.2,69.1,92.8,86.1,88.5,159.5,112.6,113.2,96.7,91.6
남원시 - 주민1인당 생활계폐기물배출량＜br＞(A÷B)*1000,Statistics,1.0,1.0,1.0,1.0,1.1,1.1,1.3,1.1,1.1,1.2,1.0,0.9,0.8,0.8,0.8,1.1,1.0,1.1,2.0,1.4,1.4,1.2,1.2
남원시 - 주민등록인구＜br＞(B),Statistics,103977.0,100392.0,101950.0,96243.0,93670.0,91265.0,89247.0,88356.0,87675.0,87775.0,87455.0,87000.0,86460.0,85643.0,84856.0,84188.0,83281.0,82554.0,81441.0,80662.0,79431.0,77948.0,76781.0
남해군 - 생활계폐기물발생량＜br＞(A),Statistics,30.7,30.9,36.5,37.3,38.8,47.8,46.8,46.7,47.5,40.3,37.6,38.3,39.3,35.8,55.0,67.9,61.5,67.5,61.1,63.7,63.0,184.2,44.9
남해군 - 주민1인당 생활계폐기물배출량＜br＞(A÷B)*1000,Statistics,0.5,0.6,0.7,0.7,0.7,0.9,0.9,0.9,0.9,0.8,0.7,0.8,0.8,0.8,1.2,1.5,1.4,1.5,1.4,1.5,1.5,4.4,1.1
남해군 - 주민등록인구＜br＞(B),Statistics,57916.0,55958.0,54392.0,53129.0,51825.0,50792.0,55026.0,50698.0,50244.0,49328.0,50242.0,48223.0,47244.0,46638.0,45865.0,45129.0,44642.0,43990.0,43622.0,42958.0,42266.0,41579.0,40780.0
노원구 - 생활계폐기물발생량＜br＞(A),Statistics,484.4,489.4,489.8,473.4,451.8,449.5,441.4,420.2,541.2,452.9,303.7,307.9,302.4,356.4,464.2,455.1,416.7,467.2,317.3,394.8,372.3,399.4,383.9
노원구 - 주민1인당 생활계폐기물배출량＜br＞(A÷B)*1000,Statistics,0.7,0.8,0.8,0.8,0.7,0.7,0.7,0.7,0.9,0.7,0.5,0.5,0.5,0.6,0.8,0.8,0.8,0.9,0.6,0.8,0.7,0.8,0.8
노원구 - 주민등록인구＜br＞(B),Statistics,646905.0,641652.0,631931.0,628184.0,622003.0,618093.0,616753.0,615981.0,610616.0,611230.0,603930.0,597189.0,590479.0,582552.0,574583.0,567581.0,554403.0,543752.0,532905.0,523037.0,510956.0,503734.0,498213.0
논산시 - 생활계폐기물발생량＜br＞(A),Statistics,139.9,126.7,128.5,127.9,128.9,122.4,148.9,167.9,150.1,169.7,174.5,174.6,176.0,175.8,184.3,173.3,173.7,170.6,144.8,190.8,164.1,164.4,222.6
논산시 - 주민1인당 생활계폐기물배출량＜br＞(A÷B)*1000,Statistics,1.0,0.9,0.9,0.9,1.0,0.9,1.1,1.3,1.2,1.3,1.4,1.4,1.4,1.4,1.5,1.4,1.4,1.4,1.2,1.6,1.4,1.5,2.0
논산시 - 주민등록인구＜br＞(B),Statistics,140287.0,137419.0,135719.0,135572.0,134217.0,131466.0,129486.0,127797.0,127097.0,127507.0,127533.0,126653.0,125844.0,124784.0,124232.0,123213.0,122240.0,120230.0,118842.0,116675.0,114483.0,112617.0,110423.0
단양군 - 생활계폐기물발생량＜br＞(A),Statistics,37.1,37.1,39.3,35.6,37.4,42.2,38.9,40.9,51.4,45.1,42.0,38.9,37.3,35.8,39.3,47.5,44.7,52.8,55.8,68.6,64.5,105.7,56.9
단양군 - 주민1인당 생활계폐기물배출량＜br＞(A÷B)*1000,Statistics,1.0,1.0,1.1,1.0,1.1,1.3,1.2,1.3,1.6,1.4,1.3,1.2,1.2,1.2,1.3,1.6,1.5,1.7,1.9,2.4,2.3,3.8,2.1
단양군 - 주민등록인구＜br＞(B),Statistics,38721.0,37320.0,35701.0,34743.0,34122.0,33346.0,32399.0,31929.0,31842.0,31817.0,31595.0,31253.0,31171.0,30948.0,30761.0,30503.0,30215.0,30255.0,29756.0,29155.0,28331.0,27767.0,27701.0
달서구 - 생활계폐기물발생량＜br＞(A),Statistics,512.1,516.7,525.1,526.3,500.6,491.3,505.3,525.8,529.0,535.3,582.6,587.4,622.0,733.0,707.4,679.3,666.3,637.0,657.5,640.2,527.5,633.0,602.9
달서구 - 주민1인당 생활계폐기물배출량＜br＞(A÷B)*1000,Statistics,0.9,0.9,0.9,0.9,0.8,0.8,0.9,0.9,0.9,0.9,1.0,1.0,1.0,1.2,1.2,1.1,1.2,1.1,1.2,1.1,1.0,1.2,1.1
달서구 - 주민등록인구＜br＞(B),Statistics,599664.0,605433.0,603949.0,601467.0,595860.0,589041.0,591169.0,594616.0,598011.0,607083.0,606542.0,606557.0,610358.0,606433.0,602641.0,591891.0,578068.0,573413.0,568887.0,558631.0,544926.0,536989.0,527781.0
달성군 - 생활계폐기물발생량＜br＞(A),Statistics,125.9,137.5,245.5,240.0,217.7,217.9,224.1,231.8,209.6,228.4,225.4,233.6,227.2,266.4,256.7,253.8,270.3,287.7,294.7,310.3,280.5,316.5,290.4
달성군 - 주민1인당 생활계폐기물배출량＜br＞(A÷B)*1000,Statistics,0.8,0.9,1.6,1.5,1.4,1.4,1.4,1.4,1.2,1.3,1.2,1.3,1.2,1.4,1.3,1.2,1.1,1.1,1.1,1.2,1.1,1.2,1.1
달성군 - 주민등록인구＜br＞(B),Statistics,156100.0,155601.0,157554.0,155905.0,158353.0,158314.0,160443.0,171001.0,176135.0,178899.0,180351.0,184366.0,184358.0,184902.0,192747.0,218268.0,243375.0,250543.0,256540.0,259339.0,262451.0,263162.0,262084.0
담양군 - 생활계폐기물발생량＜br＞(A),Statistics,26.6,25.0,28.0,41.9,36.9,40.5,57.2,46.1,45.5,49.5,37.5,32.3,33.4,31.3,34.1,14.9,22.7,20.7,15.4,61.5,67.7,54.4,55.6
담양군 - 주민1인당 생활계폐기물배출량＜br＞(A÷B)*1000,Statistics,0.5,0.5,0.5,0.8,0.7,0.8,1.1,1.0,1.0,1.0,0.8,0.7,0.7,0.7,0.7,0.3,0.5,0.4,0.3,1.3,1.5,1.2,1.2
담양군 - 주민등록인구＜br＞(B),Statistics,53268.0,51535.0,50933.0,50613.0,50364.0,50332.0,50441.0,48347.0,47286.0,47808.0,47819.0,47612.0,47365.0,47177.0,47009.0,47229.0,47285.0,46917.0,46535.0,46280.0,46180.0,45792.0,45373.0
당진시 - 생활계폐기물발생량＜br＞(A),Statistics,,,,,,,,,,,,149.3,150.7,188.7,142.6,183.1,150.1,155.0,238.4,217.9,205.8,217.8,188.5
당진시 - 주민1인당 생활계폐기물배출량＜br＞(A÷B)*1000,Statistics,,,,,,,,,,,,1.0,0.9,1.2,0.9,1.1,0.9,0.9,1.4,1.3,1.2,1.3,1.1
당진시 - 주민등록인구＜br＞(B),Statistics,,,,,,,,,,,,155104.0,159615.0,162844.0,165122.0,166630.0,167439.0,167770.0,167042.0,166249.0,167092.0,168253.0,170302.0
대구광역시 - 생활계폐기물발생량＜br＞(A),Statistics,2640.0,2642.0,2641.0,2638.0,2635.0,2637.4,2635.4,2632.8,2548.0,2584.8,2625.0,2683.8,2789.7,2899.4,2966.5,2956.9,2895.4,3014.8,2938.1,3103.6,2598.3,2856.8,2745.0
대구광역시 - 주민1인당 생활계폐기물배출량＜br＞(A÷B)*1000,Statistics,1.0,1.0,1.0,1.0,1.0,1.1,1.1,1.1,1.0,1.0,1.0,1.1,1.1,1.2,1.2,1.2,1.2,1.2,1.2,1.3,1.1,1.2,1.2
대구광역시 - 주민등록인구＜br＞(B),Statistics,2525109.0,2525803.0,2529544.0,2524712.0,2511306.0,2496115.0,2493261.0,2492724.0,2489781.0,2511676.0,2507271.0,2505644.0,2501588.0,2493264.0,2487829.0,2484557.0,2475231.0,2461769.0,2438031.0,2418346.0,2385412.0,2363691.0,2374960.0
대덕구 - 생활계폐기물발생량＜br＞(A),Statistics,324.9,287.6,291.4,231.5,264.0,237.7,239.8,248.4,261.6,254.9,242.7,235.1,250.6,226.7,293.5,273.6,298.2,258.5,210.6,228.6,212.2,197.4,190.9
대덕구 - 주민1인당 생활계폐기물배출량＜br＞(A÷B)*1000,Statistics,1.4,1.3,1.3,1.0,1.2,1.1,1.1,1.2,1.3,1.2,1.2,1.1,1.2,1.1,1.5,1.4,1.6,1.4,1.2,1.3,1.2,1.1,1.1
대덕구 - 주민등록인구＜br＞(B),Statistics,230939.0,229926.0,229208.0,226947.0,223287.0,217332.0,213275.0,211241.0,208147.0,207549.0,205339.0,205688.0,204360.0,201558.0,196839.0,192688.0,186902.0,181991.0,177031.0,176384.0,175046.0,172746.0,169853.0
대전광역시 - 생활계폐기물발생량＜br＞(A),Statistics,1788.5,1640.3,1688.1,1461.4,1499.4,1503.1,1495.0,1577.6,1511.1,1557.6,1519.2,1468.9,1473.4,1451.2,1589.8,1628.5,1664.0,1611.3,1457.2,1491.2,1568.4,1503.8,1430.8
대전광역시 - 주민1인당 생활계폐기물배출량＜br＞(A÷B)*1000,Statistics,1.3,1.2,1.2,1.0,1.0,1.0,1.0,1.1,1.0,1.0,1.0,1.0,1.0,0.9,1.0,1.1,1.1,1.1,1.0,1.0,1.1,1.0,1.0
대전광역시 - 주민등록인구＜br＞(B),Statistics,1403164.0,1419573.0,1432296.0,1443471.0,1454638.0,1466158.0,1475659.0,1480895.0,1484180.0,1503664.0,1515603.0,1524583.0,1532811.0,1531809.0,1518775.0,1514370.0,1502227.0,1489936.0,1474870.0,1463882.0,1452251.0,1446072.0,1442216.0
도봉구 - 생활계폐기물발생량＜br＞(A),Statistics,298.1,257.2,286.8,242.0,229.9,416.1,412.5,398.0,307.4,400.6,404.3,400.4,386.2,348.1,314.7,315.1,243.6,255.7,345.1,300.9,251.9,258.3,280.6
도봉구 - 주민1인당 생활계폐기물배출량＜br＞(A÷B)*1000,Statistics,0.8,0.7,0.8,0.6,0.6,1.1,1.1,1.1,0.8,1.1,1.1,1.1,1.1,1.0,0.9,0.9,0.7,0.8,1.0,0.9,0.8,0.8,0.9
도봉구 - 주민등록인구＜br＞(B),Statistics,371259.0,371911.0,376599.0,381939.0,381529.0,377534.0,375975.0,373936.0,369733.0,368298.0,365573.0,362270.0,358582.0,353709.0,351242.0,348220.0,344166.0,339413.0,333362.0,325257.0,317366.0,311694.0,306948.0
동구 - 생활계폐기물발생량＜br＞(A),Statistics,178.0,176.4,154.2,146.4,125.2,119.1,116.0,106.7,104.0,100.8,98.1,94.3,94.7,100.7,99.9,97.9,94.0,95.2,92.9,113.6,72.4,86.4,87.3
동구 - 주민1인당 생활계폐기물배출량＜br＞(A÷B)*1000,Statistics,1.4,1.5,1.3,1.3,1.1,1.1,1.1,1.0,1.0,1.0,1.0,1.0,1.0,1.1,1.1,1.1,1.1,1.1,1.1,1.3,0.8,1.0,1.0
동구 - 주민등록인구＜br＞(B),Statistics,124303.0,121043.0,117617.0,114204.0,109879.0,106890.0,104881.0,102764.0,101153.0,101514.0,100420.0,98529.0,96011.0,94565.0,92069.0,89826.0,88868.0,86912.0,88165.0,88901.0,87679.0,86462.0,87792.0
동대문구 - 생활계폐기물발생량＜br＞(A),Statistics,485.7,487.3,512.1,552.4,523.8,538.4,486.8,421.7,378.1,409.4,444.5,400.0,396.8,414.7,408.3,426.6,422.5,416.3,411.2,440.1,320.2,296.1,310.5
동대문구 - 주민1인당 생활계폐기물배출량＜br＞(A÷B)*1000,Statistics,1.3,1.3,1.3,1.5,1.4,1.4,1.3,1.1,1.0,1.1,1.2,1.1,1.1,1.1,1.1,1.2,1.2,1.2,1.2,1.3,0.9,0.9,0.9
동대문구 - 주민등록인구＜br＞(B),Statistics,381799.0,381841.0,382875.0,379404.0,381110.0,378860.0,376421.0,370250.0,362146.0,366786.0,365486.0,363258.0,364273.0,363687.0,360153.0,355069.0,350647.0,348052.0,346194.0,342837.0,337400.0,336644.0,341149.0
동두천시 - 생활계폐기물발생량＜br＞(A),Statistics,65.4,65.6,65.6,70.3,111.4,84.6,86.8,79.5,72.9,78.9,105.2,73.0,65.3,71.2,72.1,79.5,75.6,76.8,76.9,227.9,113.1,132.0,93.6
동두천시 - 주민1인당 생활계폐기물배출량＜br＞(A÷B)*1000,Statistics,0.9,0.9,0.9,0.9,1.3,1.0,1.0,0.9,0.8,0.8,1.1,0.8,0.7,0.7,0.7,0.8,0.8,0.8,0.8,2.4,1.2,1.4,1.1
동두천시 - 주민등록인구＜br＞(B),Statistics,74266.0,73177.0,74735.0,79214.0,82623.0,85803.0,88780.0,90835.0,93211.0,95653.0,96253.0,97175.0,97557.0,97595.0,97974.0,98277.0,97071.0,96226.0,94768.0,94353.0,93592.0,91546.0,88626.0
동래구 - 생활계폐기물발생량＜br＞(A),Statistics,346.3,330.1,330.8,312.6,275.4,264.0,263.7,243.2,251.8,236.9,235.9,234.2,227.9,241.2,240.8,242.0,235.2,235.7,228.6,246.1,176.6,203.0,188.1
동래구 - 주민1인당 생활계폐기물배출량＜br＞(A÷B)*1000,Statistics,1.2,1.1,1.2,1.1,1.0,0.9,0.9,0.9,0.9,0.8,0.8,0.8,0.8,0.9,0.9,0.9,0.9,0.9,0.8,0.9,0.7,0.7,0.7
동래구 - 주민등록인구＜br＞(B),Statistics,295361.0,290396.0,282056.0,279366.0,276095.0,279528.0,284901.0,282673.0,281644.0,282779.0,283742.0,278767.0,276689.0,275971.0,272837.0,272745.0,270727.0,266515.0,271247.0,270745.0,266866.0,273226.0,270815.0
동작구 - 생활계폐기물발생량＜br＞(A),Statistics,426.9,441.1,419.5,405.5,362.8,372.6,364.3,400.6,394.3,323.1,327.7,337.7,327.5,339.8,297.9,280.5,269.0,290.6,315.4,324.5,297.4,323.3,319.8
동작구 - 주민1인당 생활계폐기물배출량＜br＞(A÷B)*1000,Statistics,1.1,1.1,1.0,1.0,0.9,0.9,0.9,1.0,1.0,0.8,0.8,0.8,0.8,0.8,0.7,0.7,0.7,0.7,0.8,0.8,0.8,0.8,0.8
동작구 - 주민등록인구＜br＞(B),Statistics,406116.0,403047.0,410360.0,410945.0,410481.0,408582.0,405967.0,400866.0,397920.0,402709.0,401408.0,405491.0,410815.0,407470.0,400641.0,400997.0,396217.0,396203.0,395963.0,391220.0,385483.0,380596.0,378769.0
동해시 - 생활계폐기물발생량＜br＞(A),Statistics,125.9,158.4,150.7,138.2,143.2,110.8,112.3,113.8,129.8,108.6,117.8,110.2,107.2,122.3,125.4,130.9,128.9,113.7,135.0,147.2,115.6,122.9,118.6
동해시 - 주민1인당 생활계폐기물배출량＜br＞(A÷B)*1000,Statistics,1.2,1.5,1.5,1.4,1.4,1.1,1.2,1.2,1.4,1.1,1.2,1.2,1.1,1.3,1.3,1.4,1.4,1.2,1.5,1.6,1.3,1.4,1.3
동해시 - 주민등록인구＜br＞(B),Statistics,103570.0,102857.0,101764.0,100727.0,99230.0,97497.0,96652.0,95652.0,95271.0,95236.0,95804.0,93897.0,95143.0,94562.0,93895.0,93297.0,92851.0,91272.0,90522.0,90593.0,90081.0,89426.0,88625.0
마포구 - 생활계폐기물발생량＜br＞(A),Statistics,437.4,437.2,461.2,470.5,443.6,431.1,434.1,416.7,413.7,303.1,309.6,279.6,287.0,458.1,461.6,456.6,437.7,439.5,477.5,366.4,545.2,417.5,370.7
마포구 - 주민1인당 생활계폐기물배출량＜br＞(A÷B)*1000,Statistics,1.2,1.2,1.2,1.2,1.1,1.1,1.1,1.1,1.1,0.8,0.8,0.7,0.8,1.2,1.2,1.2,1.2,1.2,1.3,1.0,1.5,1.1,1.0
마포구 - 주민등록인구＜br＞(B),Statistics,379141.0,375417.0,379451.0,383457.0,388164.0,390583.0,392650.0,385119.0,384013.0,391865.0,389493.0,384644.0,381856.0,385439.0,387643.0,379892.0,374915.0,375077.0,374035.0,371890.0,368905.0,364638.0,363697.0
목포시 - 생활계폐기물발생량＜br＞(A),Statistics,240.3,252.4,274.6,212.8,247.1,256.7,301.7,281.4,276.3,292.3,302.3,305.9,247.4,237.8,257.8,268.6,237.2,256.3,262.5,270.5,303.9,283.8,294.2
목포시 - 주민1인당 생활계폐기물배출량＜br＞(A÷B)*1000,Statistics,1.0,1.0,1.1,0.9,1.0,1.1,1.2,1.1,1.1,1.2,1.2,1.2,1.0,1.0,1.1,1.1,1.0,1.1,1.1,1.2,1.4,1.3,1.4
목포시 - 주민등록인구＜br＞(B),Statistics,245344.0,244909.0,241460.0,241717.0,242988.0,241679.0,243312.0,245651.0,244339.0,245422.0,244871.0,245073.0,240936.0,239109.0,238382.0,237739.0,234379.0,232327.0,229861.0,224044.0,218589.0,216939.0,214156.0
무안군 - 생활계폐기물발생량＜br＞(A),Statistics,45.4,44.9,44.5,44.8,43.9,45.6,59.2,55.8,87.2,48.3,59.6,57.4,67.6,90.6,70.1,75.6,79.7,81.9,122.2,120.7,127.7,131.3,151.6
무안군 - 주민1인당 생활계폐기물배출량＜br＞(A÷B)*1000,Statistics,0.7,0.7,0.7,0.7,0.7,0.7,0.9,0.8,1.2,0.6,0.8,0.8,0.9,1.1,0.9,0.9,1.0,1.0,1.5,1.4,1.4,1.4,1.7
무안군 - 주민등록인구＜br＞(B),Statistics,68904.0,65976.0,63681.0,62472.0,61915.0,61766.0,63674.0,66598.0,72417.0,74475.0,75718.0,75741.0,79367.0,81696.0,82236.0,82109.0,82872.0,81991.0,81105.0,86132.0,91107.0,90608.0,90296.0
무주군 - 생활계폐기물발생량＜br＞(A),Statistics,39.2,28.0,25.1,20.6,21.1,18.9,20.6,20.5,22.5,23.4,22.0,24.4,23.4,24.1,26.9,28.7,29.1,29.0,56.6,37.5,34.4,26.7,22.0
무주군 - 주민1인당 생활계폐기물배출량＜br＞(A÷B)*1000,Statistics,1.3,1.0,0.9,0.8,0.8,0.7,0.8,0.8,0.9,0.9,0.9,1.0,0.9,0.9,1.1,1.2,1.2,1.2,2.3,1.6,1.4,1.1,0.9
무주군 - 주민등록인구＜br＞(B),Statistics,30333.0,27894.0,26716.0,26183.0,25876.0,25417.0,26361.0,26017.0,25811.0,25578.0,25863.0,25321.0,25398.0,25390.0,25220.0,24949.0,24809.0,24589.0,24303.0,24036.0,23748.0,23489.0,23251.0
문경시 - 생활계폐기물발생량＜br＞(A),Statistics,74.9,74.0,84.2,107.4,88.7,83.5,126.3,129.1,106.0,123.1,105.2,103.5,112.3,116.6,112.7,125.3,108.1,140.8,132.1,119.3,147.5,102.7,105.5
문경시 - 주민1인당 생활계폐기물배출량＜br＞(A÷B)*1000,Statistics,0.8,0.9,1.0,1.4,1.1,1.1,1.7,1.7,1.4,1.6,1.4,1.4,1.5,1.5,1.5,1.7,1.5,2.0,1.8,1.7,2.1,1.5,1.5
문경시 - 주민등록인구＜br＞(B),Statistics,89091.0,83749.0,81258.0,79552.0,78058.0,76177.0,74780.0,75486.0,76645.0,77391.0,76727.0,75899.0,75664.0,75911.0,75784.0,74702.0,73294.0,71874.0,72242.0,71406.0,71154.0,70373.0,68755.0
미추홀구 - 생활계폐기물발생량＜br＞(A),Statistics,,,,,,,,,,,,,,,,,,259.4,310.6,320.7,1064.3,1305.2,1198.5
미추홀구 - 주민1인당 생활계폐기물배출량＜br＞(A÷B)*1000,Statistics,,,,,,,,,,,,,,,,,,0.6,0.8,0.8,2.6,3.2,3.0
미추홀구 - 주민등록인구＜br＞(B),Statistics,,,,,,,,,,,,,,,,,,416542.0,408862.0,404343.0,407464.0,406004.0,405995.0
밀양시 - 생활계폐기물발생량＜br＞(A),Statistics,74.6,85.5,83.1,88.8,107.8,114.1,123.3,127.5,108.1,92.5,88.6,87.0,90.5,157.5,98.3,112.4,125.8,125.5,114.3,120.3,133.5,127.2,119.6
밀양시 - 주민1인당 생활계폐기물배출량＜br＞(A÷B)*1000,Statistics,0.6,0.7,0.7,0.8,0.9,1.0,1.1,1.2,1.0,0.8,0.8,0.8,0.8,1.5,0.9,1.0,1.2,1.2,1.1,1.1,1.3,1.2,1.2
밀양시 - 주민등록인구＜br＞(B),Statistics,122999.0,120342.0,117732.0,115459.0,113636.0,112025.0,111473.0,110858.0,110170.0,110479.0,109329.0,108755.0,108342.0,107765.0,107896.0,108354.0,107898.0,106744.0,105552.0,104831.0,103525.0,102945.0,102084.0
보령시 - 생활계폐기물발생량＜br＞(A),Statistics,103.0,107.1,118.2,116.8,120.3,125.6,95.5,105.6,97.5,102.1,104.7,106.0,111.7,123.2,117.8,145.9,131.8,143.6,146.5,111.0,148.7,139.6,143.4
보령시 - 주민1인당 생활계폐기물배출량＜br＞(A÷B)*1000,Statistics,0.9,0.9,1.1,1.1,1.1,1.2,0.9,1.0,0.9,1.0,1.0,1.0,1.1,1.2,1.1,1.4,1.3,1.4,1.4,1.1,1.5,1.4,1.5
보령시 - 주민등록인구＜br＞(B),Statistics,116306.0,113365.0,110380.0,108861.0,108056.0,107591.0,107637.0,106885.0,106754.0,107346.0,106421.0,105559.0,104938.0,104321.0,104754.0,103873.0,103198.0,101990.0,101114.0,100229.0,98408.0,97157.0,95772.0
보성군 - 생활계폐기물발생량＜br＞(A),Statistics,35.7,35.3,38.8,30.8,22.4,24.6,66.5,68.7,48.2,35.1,32.8,32.7,32.9,35.9,37.4,30.8,29.1,30.6,27.0,49.4,56.7,58.9,67.4
보성군 - 주민1인당 생활계폐기물배출량＜br＞(A÷B)*1000,Statistics,0.6,0.6,0.7,0.6,0.4,0.5,1.3,1.4,1.0,0.7,0.7,0.7,0.7,0.8,0.8,0.7,0.7,0.7,0.7,1.2,1.4,1.5,1.8
보성군 - 주민등록인구＜br＞(B),Statistics,59417.0,57282.0,55983.0,54288.0,53145.0,51948.0,50921.0,50004.0,49048.0,48792.0,47894.0,47050.0,46385.0,45882.0,45349.0,44469.0,43755.0,42803.0,41420.0,40482.0,39375.0,38471.0,37686.0
보은군 - 생활계폐기물발생량＜br＞(A),Statistics,21.6,19.9,18.7,22.1,31.1,47.6,26.5,43.7,44.0,46.4,45.0,42.9,29.9,30.6,35.9,32.7,35.3,34.7,35.9,38.9,45.9,39.5,43.5
보은군 - 주민1인당 생활계폐기물배출량＜br＞(A÷B)*1000,Statistics,0.5,0.5,0.5,0.6,0.8,1.3,0.7,1.2,1.3,1.3,1.3,1.2,0.9,0.9,1.0,1.0,1.0,1.0,1.1,1.2,1.4,1.3,1.4
보은군 - 주민등록인구＜br＞(B),Statistics,42082.0,40420.0,38973.0,38062.0,37114.0,36293.0,35354.0,35069.0,34845.0,34956.0,34717.0,34438.0,34318.0,34240.0,34296.0,34221.0,34053.0,33680.0,32949.0,32412.0,31878.0,31455.0,31010.0
봉화군 - 생활계폐기물발생량＜br＞(A),Statistics,24.2,25.5,31.1,29.1,29.5,29.9,37.6,38.9,45.3,38.5,37.5,41.8,40.7,50.6,64.1,56.7,54.7,53.6,41.3,47.2,45.7,43.8,37.3
봉화군 - 주민1인당 생활계폐기물배출량＜br＞(A÷B)*1000,Statistics,0.6,0.6,0.8,0.8,0.8,0.8,1.1,1.1,1.3,1.1,1.1,1.2,1.2,1.5,1.9,1.7,1.6,1.6,1.3,1.5,1.5,1.5,1.3
봉화군 - 주민등록인구＜br＞(B),Statistics,41364.0,39852.0,39439.0,37526.0,36599.0,35608.0,35046.0,34628.0,34297.0,34567.0,34192.0,33934.0,33894.0,34023.0,33808.0,33539.0,33259.0,32843.0,32150.0,31494.0,30762.0,30139.0,29603.0
부산광역시 - 생활계폐기물발생량＜br＞(A),Statistics,4052.7,4031.5,3980.3,3814.5,3679.9,3618.6,3563.1,3371.0,3323.2,3221.9,3189.7,3189.0,3173.8,3397.8,3366.4,3352.2,3343.2,3337.2,3326.0,3990.4,2938.7,3263.9,3154.4
부산광역시 - 주민1인당 생활계폐기물배출량＜br＞(A÷B)*1000,Statistics,1.1,1.1,1.1,1.0,1.0,1.0,1.0,0.9,0.9,0.9,0.9,0.9,0.9,1.0,1.0,1.0,1.0,1.0,1.0,1.2,0.9,1.0,1.0
부산광역시 - 주민등록인구＜br＞(B),Statistics,3770536.0,3730125.0,3691445.0,3666345.0,3638293.0,3611992.0,3587439.0,3564577.0,3543030.0,3567910.0,3550963.0,3538484.0,3527635.0,3519401.0,3513777.0,3498529.0,3470653.0,3441453.0,3413841.0,3391946.0,3350380.0,3317812.0,3293362.0
부산진구 - 생활계폐기물발생량＜br＞(A),Statistics,535.0,523.7,534.2,499.2,463.8,450.4,433.1,407.8,395.0,378.7,372.6,373.7,366.5,381.1,377.4,371.3,365.9,364.0,363.1,404.9,305.6,373.9,370.1
부산진구 - 주민1인당 생활계폐기물배출량＜br＞(A÷B)*1000,Statistics,1.3,1.2,1.3,1.2,1.1,1.1,1.1,1.0,1.0,1.0,0.9,1.0,0.9,1.0,1.0,1.0,1.0,1.0,1.0,1.1,0.9,1.1,1.0
부산진구 - 주민등록인구＜br＞(B),Statistics,426518.0,420645.0,410603.0,405534.0,410610.0,405775.0,402359.0,400516.0,395689.0,395826.0,395044.0,392731.0,389765.0,387378.0,381572.0,376526.0,371703.0,362357.0,357880.0,359886.0,353159.0,355917.0,359508.0
부안군 - 생활계폐기물발생량＜br＞(A),Statistics,44.1,44.0,46.2,51.5,36.2,48.3,49.8,48.0,40.9,48.8,55.4,53.4,57.1,59.8,41.4,42.9,44.3,50.4,61.1,62.3,59.7,57.3,56.9
부안군 - 주민1인당 생활계폐기물배출량＜br＞(A÷B)*1000,Statistics,0.6,0.6,0.7,0.8,0.6,0.8,0.8,0.8,0.7,0.8,0.9,0.9,1.0,1.0,0.7,0.8,0.8,0.9,1.1,1.2,1.2,1.1,1.2
부안군 - 주민등록인구＜br＞(B),Statistics,75914.0,70374.0,68066.0,66766.0,65018.0,63243.0,61879.0,60872.0,60204.0,60138.0,59080.0,58869.0,59164.0,57534.0,56848.0,57005.0,56086.0,54441.0,53295.0,52140.0,50795.0,50094.0,49187.0
부여군 - 생활계폐기물발생량＜br＞(A),Statistics,86.0,83.0,82.1,83.4,82.3,76.6,58.2,38.1,53.5,61.3,58.0,58.7,75.2,77.1,77.2,77.5,79.5,79.5,69.9,91.6,88.0,78.1,80.6
부여군 - 주민1인당 생활계폐기물배출량＜br＞(A÷B)*1000,Statistics,1.0,0.9,1.0,1.0,1.0,1.0,0.7,0.5,0.7,0.8,0.8,0.8,1.0,1.1,1.1,1.1,1.2,1.2,1.0,1.4,1.4,1.3,1.3
부여군 - 주민등록인구＜br＞(B),Statistics,90373.0,88014.0,85275.0,83260.0,81430.0,79595.0,77916.0,76687.0,75564.0,75029.0,74004.0,73259.0,72547.0,71754.0,71143.0,70187.0,69086.0,68078.0,66740.0,65354.0,63774.0,62343.0,61046.0
부천시 - 생활계폐기물발생량＜br＞(A),Statistics,794.3,928.4,927.5,856.5,878.8,826.0,889.2,937.7,837.5,728.0,738.7,702.3,503.8,587.8,559.4,573.4,747.1,844.6,684.9,1005.4,655.6,826.0,849.5
부천시 - 주민1인당 생활계폐기물배출량＜br＞(A÷B)*1000,Statistics,1.0,1.1,1.1,1.0,1.0,1.0,1.0,1.1,1.0,0.8,0.8,0.8,0.6,0.7,0.7,0.7,0.9,1.0,0.8,1.2,0.8,1.0,1.1
부천시 - 주민등록인구＜br＞(B),Statistics,781091.0,816499.0,844256.0,855697.0,855359.0,860020.0,864037.0,867678.0,869944.0,875204.0,872452.0,869944.0,863720.0,855586.0,848987.0,851380.0,850329.0,843768.0,829996.0,818383.0,806067.0,790128.0,779968.0
부평구 - 생활계폐기물발생량＜br＞(A),Statistics,485.6,507.3,461.8,409.3,462.1,420.3,391.7,409.9,346.1,484.3,483.5,353.4,355.0,331.9,333.1,395.5,387.5,412.6,416.3,409.7,467.0,407.8,484.8
부평구 - 주민1인당 생활계폐기물배출량＜br＞(A÷B)*1000,Statistics,0.9,0.9,0.8,0.7,0.8,0.7,0.7,0.7,0.6,0.9,0.9,0.6,0.6,0.6,0.6,0.7,0.7,0.8,0.8,0.8,1.0,0.8,1.0
부평구 - 주민등록인구＜br＞(B),Statistics,552093.0,558310.0,554027.0,557144.0,567347.0,570283.0,568905.0,569246.0,563920.0,567493.0,560936.0,559047.0,556985.0,556992.0,555844.0,549716.0,539941.0,524640.0,511577.0,494962.0,486765.0,489118.0,494138.0
북구 - 생활계폐기물발생량＜br＞(A),Statistics,227.4,232.5,243.0,245.3,273.7,285.6,286.5,273.4,266.4,261.4,256.8,258.5,261.9,280.8,280.7,277.7,270.3,268.3,263.9,299.9,215.4,191.0,211.1
북구 - 주민1인당 생활계폐기물배출량＜br＞(A÷B)*1000,Statistics,0.7,0.7,0.7,0.7,0.8,0.9,0.9,0.9,0.8,0.8,0.8,0.8,0.8,0.9,0.9,0.9,0.9,0.9,0.9,1.1,0.8,0.7,0.8
북구 - 주민등록인구＜br＞(B),Statistics,311481.0,320976.0,326710.0,333316.0,335699.0,330446.0,325302.0,318859.0,314227.0,312218.0,307988.0,312937.0,309719.0,306974.0,310484.0,310202.0,302924.0,296952.0,291132.0,283952.0,283211.0,278857.0,273596.0
사상구 - 생활계폐기물발생량＜br＞(A),Statistics,408.7,386.9,367.1,362.1,351.6,345.4,320.1,296.6,289.7,279.2,273.2,267.2,265.7,275.1,273.8,264.9,250.4,252.2,254.2,326.7,194.1,200.6,183.4
사상구 - 주민1인당 생활계폐기물배출량＜br＞(A÷B)*1000,Statistics,1.4,1.3,1.3,1.3,1.3,1.3,1.2,1.1,1.1,1.1,1.1,1.1,1.1,1.1,1.2,1.1,1.1,1.1,1.2,1.5,0.9,1.0,0.9
사상구 - 주민등록인구＜br＞(B),Statistics,300309.0,294090.0,287938.0,282097.0,277481.0,271484.0,265512.0,260897.0,255274.0,257843.0,254413.0,250424.0,246797.0,242953.0,237711.0,232800.0,229219.0,223361.0,218094.0,212586.0,208298.0,203789.0,202932.0
사천시 - 생활계폐기물발생량＜br＞(A),Statistics,96.9,98.4,104.8,103.2,99.5,111.3,115.8,116.7,121.6,123.5,146.1,153.5,169.0,153.0,169.6,190.1,169.1,152.9,156.5,155.4,141.9,135.3,131.0
사천시 - 주민1인당 생활계폐기물배출량＜br＞(A÷B)*1000,Statistics,0.8,0.8,0.9,0.9,0.9,1.0,1.0,1.0,1.1,1.1,1.3,1.3,1.4,1.3,1.5,1.7,1.5,1.3,1.4,1.4,1.3,1.2,1.2
사천시 - 주민등록인구＜br＞(B),Statistics,119305.0,117076.0,114556.0,112670.0,111293.0,112300.0,112499.0,112828.0,112724.0,114148.0,114133.0,115321.0,116851.0,116485.0,115452.0,114912.0,114252.0,113888.0,111925.0,111105.0,109953.0,109369.0,109030.0
사하구 - 생활계폐기물발생량＜br＞(A),Statistics,359.0,358.9,363.9,356.2,351.3,360.7,359.5,335.9,338.5,324.7,321.5,323.7,323.3,330.4,329.1,312.8,350.6,341.1,337.7,421.3,251.7,256.1,258.0
사하구 - 주민1인당 생활계폐기물배출량＜br＞(A÷B)*1000,Statistics,0.9,0.9,1.0,1.0,0.9,1.0,1.0,0.9,0.9,0.9,0.9,0.9,0.9,1.0,1.0,0.9,1.1,1.0,1.1,1.4,0.8,0.8,0.9
사하구 - 주민등록인구＜br＞(B),Statistics,383864.0,378236.0,375283.0,374248.0,371909.0,366865.0,364693.0,365368.0,359800.0,358730.0,355443.0,352726.0,349110.0,343371.0,337781.0,334603.0,333301.0,327791.0,321004.0,311757.0,306003.0,301987.0,297831.0
산청군 - 생활계폐기물발생량＜br＞(A),Statistics,21.2,25.7,25.9,22.3,22.8,31.3,26.9,26.0,20.0,26.8,33.7,25.7,40.4,28.4,30.0,41.8,39.1,37.0,37.2,40.6,52.9,42.3,34.8
산청군 - 주민1인당 생활계폐기물배출량＜br＞(A÷B)*1000,Statistics,0.5,0.7,0.7,0.6,0.6,0.9,0.8,0.7,0.6,0.8,0.9,0.7,1.1,0.8,0.8,1.2,1.1,1.0,1.1,1.2,1.5,1.2,1.0
산청군 - 주민등록인구＜br＞(B),Statistics,39863.0,38726.0,37783.0,36849.0,36294.0,35704.0,35274.0,35043.0,34921.0,35591.0,35651.0,35691.0,35935.0,35849.0,36071.0,36098.0,36340.0,35952.0,35417.0,34857.0,34360.0,34028.0,33752.0
삼척시 - 생활계폐기물발생량＜br＞(A),Statistics,91.7,266.0,139.7,107.0,101.0,98.1,93.7,101.0,103.6,102.5,104.4,104.3,106.2,110.1,108.8,144.5,105.7,104.3,121.3,186.8,119.3,124.7,123.5
삼척시 - 주민1인당 생활계폐기물배출량＜br＞(A÷B)*1000,Statistics,1.1,3.4,1.8,1.4,1.4,1.4,1.3,1.4,1.4,1.4,1.4,1.4,1.5,1.5,1.5,2.1,1.5,1.5,1.8,2.9,1.9,2.0,2.0
삼척시 - 주민등록인구＜br＞(B),Statistics,79770.0,77434.0,75759.0,74301.0,73134.0,71750.0,70791.0,70954.0,71935.0,72046.0,72312.0,72463.0,73023.0,72314.0,70839.0,69599.0,68514.0,68326.0,67228.0,65243.0,63429.0,63455.0,62651.0
상주시 - 생활계폐기물발생량＜br＞(A),Statistics,87.3,85.5,84.4,81.5,74.4,73.0,89.0,80.8,86.7,94.1,96.5,87.3,85.0,90.1,95.9,95.6,108.3,86.3,102.9,130.8,101.4,98.1,126.7
상주시 - 주민1인당 생활계폐기물배출량＜br＞(A÷B)*1000,Statistics,0.7,0.7,0.7,0.7,0.7,0.7,0.8,0.8,0.8,0.9,0.9,0.8,0.8,0.9,0.9,0.9,1.1,0.9,1.0,1.3,1.1,1.0,1.3
상주시 - 주민등록인구＜br＞(B),Statistics,122047.0,118999.0,115337.0,112585.0,110444.0,108280.0,106600.0,105381.0,106208.0,105607.0,104685.0,104182.0,103346.0,102892.0,102374.0,101799.0,100947.0,100297.0,100688.0,97228.0,95566.0,94823.0,93858.0
서구 - 생활계폐기물발생량＜br＞(A),Statistics,181.2,176.6,178.7,157.8,144.9,141.8,136.0,125.7,124.9,120.9,120.5,117.8,117.4,121.7,122.1,121.2,117.4,118.3,116.3,136.5,83.8,91.6,94.8
서구 - 주민1인당 생활계폐기물배출량＜br＞(A÷B)*1000,Statistics,1.2,1.2,1.2,1.1,1.0,1.0,1.0,1.0,1.0,1.0,1.0,1.0,1.0,1.0,1.1,1.1,1.1,1.1,1.1,1.3,0.8,0.9,0.9
서구 - 주민등록인구＜br＞(B),Statistics,151874.0,148020.0,144305.0,142460.0,139607.0,136226.0,132803.0,129385.0,125785.0,126040.0,123718.0,120828.0,118783.0,118115.0,115963.0,112973.0,110039.0,110534.0,108229.0,108135.0,105164.0,105192.0,104089.0
서귀포시 - 생활계폐기물발생량＜br＞(A),Statistics,,,,,,132.8,138.7,148.6,151.1,167.4,207.3,300.7,378.3,318.7,343.0,423.4,430.8,390.7,373.2,372.8,355.3,362.0,398.3
서귀포시 - 주민1인당 생활계폐기물배출량＜br＞(A÷B)*1000,Statistics,,,,,,0.9,0.9,1.0,1.0,1.1,1.4,2.0,2.4,2.0,2.1,2.5,2.4,2.2,2.1,2.0,1.9,2.0,2.2
서귀포시 - 주민등록인구＜br＞(B),Statistics,,,,,,154895.0,153800.0,153120.0,152285.0,153716.0,153366.0,154057.0,155641.0,158512.0,164519.0,170932.0,178383.0,181245.0,181584.0,182169.0,183663.0,184770.0,183598.0
서대문구 - 생활계폐기물발생량＜br＞(A),Statistics,372.4,383.6,397.9,379.1,349.2,347.7,293.1,268.2,327.1,308.3,291.4,263.6,262.4,311.7,301.5,298.4,298.3,285.3,240.1,285.3,265.1,294.9,267.4
서대문구 - 주민1인당 생활계폐기물배출량＜br＞(A÷B)*1000,Statistics,1.0,1.1,1.1,1.1,1.0,1.0,0.8,0.8,1.0,0.9,0.9,0.8,0.8,1.0,1.0,0.9,1.0,0.9,0.8,0.9,0.9,1.0,0.9
서대문구 - 주민등록인구＜br＞(B),Statistics,366228.0,362614.0,355753.0,352071.0,349163.0,349020.0,348575.0,331688.0,327451.0,324541.0,314852.0,315113.0,314110.0,310376.0,312141.0,314194.0,312800.0,310313.0,309397.0,312173.0,304819.0,306337.0,306231.0
서산시 - 생활계폐기물발생량＜br＞(A),Statistics,168.5,168.0,169.0,142.5,143.6,193.0,210.3,180.3,182.6,193.6,170.0,177.6,178.9,179.4,263.1,169.7,173.5,172.5,181.4,207.7,206.8,227.0,204.0
서산시 - 주민1인당 생활계폐기물배출량＜br＞(A÷B)*1000,Statistics,1.1,1.1,1.1,0.9,1.0,1.3,1.4,1.1,1.1,1.2,1.1,1.1,1.1,1.1,1.5,1.0,1.0,1.0,1.0,1.2,1.2,1.3,1.2
서산시 - 주민등록인구＜br＞(B),Statistics,150116.0,148150.0,151818.0,150131.0,150294.0,150889.0,153569.0,156867.0,158886.0,160468.0,161489.0,163315.0,165837.0,167611.0,170099.0,170788.0,171678.0,174162.0,174690.0,175591.0,176645.0,176413.0,176011.0
서울특별시 - 생활계폐기물발생량＜br＞(A),Statistics,11968.2,12052.3,12058.3,11672.7,11170.2,11420.0,11525.4,11446.5,11336.8,10020.4,9440.1,9189.3,8559.0,9613.8,9438.7,9608.0,9217.3,9492.9,9847.4,9673.4,10852.9,10913.8,10426.9
서울특별시 - 주민1인당 생활계폐기물배출량＜br＞(A÷B)*1000,Statistics,1.2,1.2,1.2,1.1,1.1,1.1,1.1,1.1,1.1,1.0,0.9,0.9,0.8,1.0,0.9,1.0,0.9,1.0,1.0,1.0,1.1,1.2,1.1
서울특별시 - 주민등록인구＜br＞(B),Statistics,10263336.0,10207295.0,10174086.0,10173162.0,10167344.0,10181166.0,10192710.0,10200827.0,10208302.0,10312545.0,10249679.0,10195318.0,10143645.0,10103233.0,10022181.0,9930616.0,9857426.0,9765623.0,9729107.0,9668465.0,9509458.0,9428372.0,9386034.0
서천군 - 생활계폐기물발생량＜br＞(A),Statistics,34.2,35.5,34.7,36.6,36.9,38.3,42.1,55.3,44.4,36.5,38.7,41.7,42.7,41.4,61.7,72.1,70.8,91.2,79.2,90.8,59.4,74.1,48.5
서천군 - 주민1인당 생활계폐기물배출량＜br＞(A÷B)*1000,Statistics,0.5,0.5,0.5,0.6,0.6,0.6,0.7,0.9,0.7,0.6,0.6,0.7,0.7,0.7,1.1,1.3,1.3,1.7,1.5,1.8,1.2,1.5,1.0
서천군 - 주민등록인구＜br＞(B),Statistics,72787.0,70116.0,67414.0,65650.0,64322.0,62629.0,61168.0,60507.0,60066.0,60085.0,59541.0,58920.0,58441.0,57713.0,56910.0,56012.0,55175.0,53922.0,52805.0,51866.0,50745.0,49964.0,49116.0
서초구 - 생활계폐기물발생량＜br＞(A),Statistics,521.1,495.5,445.1,411.9,394.2,557.3,563.7,570.6,608.9,589.1,588.0,578.1,552.3,546.3,562.3,570.1,571.7,563.7,498.3,504.8,485.2,493.9,487.9
서초구 - 주민1인당 생활계폐기물배출량＜br＞(A÷B)*1000,Statistics,1.3,1.3,1.1,1.0,1.0,1.4,1.4,1.4,1.4,1.4,1.4,1.3,1.3,1.2,1.3,1.3,1.3,1.3,1.2,1.2,1.2,1.2,1.2
서초구 - 주민등록인구＜br＞(B),Statistics,393849.0,389256.0,394757.0,400868.0,401736.0,408266.0,405969.0,406320.0,425481.0,434720.0,433564.0,435044.0,441763.0,449678.0,446764.0,447192.0,441102.0,433951.0,430826.0,425126.0,412279.0,404325.0,407664.0
성남시 - 생활계폐기물발생량＜br＞(A),Statistics,795.0,822.0,828.2,805.0,797.5,1153.4,817.4,755.6,765.9,755.7,772.0,773.5,775.3,827.1,791.0,873.8,864.2,918.4,851.4,434.1,956.0,927.1,842.8
성남시 - 주민1인당 생활계폐기물배출량＜br＞(A÷B)*1000,Statistics,0.9,0.9,0.9,0.8,0.8,1.2,0.9,0.8,0.8,0.8,0.8,0.8,0.8,0.8,0.8,0.9,0.9,1.0,0.9,0.5,1.0,1.0,0.9
성남시 - 주민등록인구＜br＞(B),Statistics,932780.0,940974.0,962048.0,977166.0,983075.0,964831.0,953960.0,942447.0,962726.0,980190.0,979323.0,978615.0,979534.0,974608.0,971424.0,974580.0,967510.0,954347.0,942724.0,940064.0,930948.0,922518.0,919747.0
성동구 - 생활계폐기물발생량＜br＞(A),Statistics,343.9,371.9,388.6,340.3,301.9,322.7,300.2,300.5,312.5,282.0,290.2,267.6,261.8,254.1,259.4,257.8,255.7,270.0,303.1,301.2,271.8,286.5,292.7
성동구 - 주민1인당 생활계폐기물배출량＜br＞(A÷B)*1000,Statistics,1.0,1.1,1.1,1.0,0.9,1.0,0.9,1.0,1.0,0.9,1.0,0.9,0.9,0.9,0.9,0.9,0.8,0.9,1.0,1.0,1.0,1.0,1.1
성동구 - 주민등록인구＜br＞(B),Statistics,341375.0,340773.0,339368.0,339113.0,337744.0,334437.0,333535.0,314212.0,308058.0,309093.0,300711.0,299604.0,299337.0,296086.0,297003.0,299259.0,304808.0,308221.0,300889.0,293556.0,285990.0,281000.0,277361.0
성북구 - 생활계폐기물발생량＜br＞(A),Statistics,504.7,472.8,445.4,429.3,399.2,393.7,417.0,425.2,401.7,357.8,297.5,300.6,274.9,366.6,359.2,358.3,345.5,348.5,371.3,361.6,372.6,345.0,339.0
성북구 - 주민1인당 생활계폐기물배출량＜br＞(A÷B)*1000,Statistics,1.1,1.1,1.0,1.0,0.9,0.8,0.9,0.9,0.8,0.7,0.6,0.6,0.6,0.8,0.8,0.8,0.8,0.8,0.8,0.8,0.9,0.8,0.8
성북구 - 주민등록인구＜br＞(B),Statistics,450602.0,443809.0,453057.0,451122.0,462879.0,472843.0,469973.0,473357.0,476028.0,488932.0,485171.0,481857.0,476589.0,466706.0,459275.0,450355.0,444055.0,435868.0,442650.0,437153.0,430528.0,430397.0,425602.0
성주군 - 생활계폐기물발생량＜br＞(A),Statistics,19.3,26.9,28.0,27.8,17.6,15.2,20.3,24.8,25.9,25.7,22.7,23.6,25.6,27.9,37.9,32.4,39.1,40.0,48.5,65.3,78.2,75.3,46.7
성주군 - 주민1인당 생활계폐기물배출량＜br＞(A÷B)*1000,Statistics,0.4,0.5,0.6,0.6,0.4,0.3,0.4,0.6,0.6,0.6,0.5,0.5,0.6,0.6,0.8,0.7,0.9,0.9,1.1,1.5,1.8,1.8,1.1
성주군 - 주민등록인구＜br＞(B),Statistics,50380.0,51761.0,48655.0,47731.0,46960.0,46358.0,45680.0,45024.0,45616.0,45289.0,45640.0,45127.0,45067.0,44981.0,45029.0,45205.0,45138.0,44672.0,44015.0,43414.0,42842.0,42566.0,42086.0
세종특별자치시 - 생활계폐기물발생량＜br＞(A),Statistics,,,,,,,,,,,,74.0,724.2,120.2,161.6,176.8,241.9,404.3,435.4,375.8,388.4,340.9,328.1
세종특별자치시 - 주민1인당 생활계폐기물배출량＜br＞(A÷B)*1000,Statistics,,,,,,,,,,,,0.7,5.9,0.8,0.8,0.7,0.9,1.3,1.3,1.1,1.0,0.9,0.8
세종특별자치시 - 주민등록인구＜br＞(B),Statistics,,,,,,,,,,,,113117.0,122153.0,156125.0,210884.0,243048.0,280100.0,314126.0,340575.0,355831.0,371895.0,383591.0,386525.0
속초시 - 생활계폐기물발생량＜br＞(A),Statistics,127.7,132.2,110.2,106.1,88.8,185.6,189.1,197.3,179.0,182.9,168.2,165.9,165.3,183.2,150.9,156.2,146.0,132.8,126.5,118.7,153.5,161.2,109.6
속초시 - 주민1인당 생활계폐기물배출량＜br＞(A÷B)*1000,Statistics,1.4,1.5,1.2,1.2,1.0,2.2,2.2,2.3,2.1,2.2,2.0,2.0,2.0,2.2,1.8,1.9,1.8,1.6,1.5,1.4,1.9,1.9,1.3
속초시 - 주민등록인구＜br＞(B),Statistics,90231.0,90029.0,89047.0,87933.0,87124.0,86073.0,85370.0,84599.0,83822.0,84302.0,83745.0,83579.0,83109.0,82432.0,81992.0,81793.0,82273.0,81682.0,81786.0,82665.0,82791.0,82806.0,82054.0
송파구 - 생활계폐기물발생량＜br＞(A),Statistics,848.9,822.4,898.0,882.1,868.9,884.6,929.7,935.8,791.1,733.3,751.5,644.2,599.8,555.5,575.7,569.7,550.3,611.8,808.2,727.5,693.7,826.9,718.3
송파구 - 주민1인당 생활계폐기물배출량＜br＞(A÷B)*1000,Statistics,1.3,1.3,1.4,1.5,1.4,1.5,1.5,1.4,1.2,1.1,1.1,1.0,0.9,0.8,0.9,0.9,0.8,0.9,1.2,1.1,1.1,1.3,1.1
송파구 - 주민등록인구＜br＞(B),Statistics,655483.0,647037.0,619514.0,604293.0,605840.0,607005.0,623876.0,668962.0,681476.0,685279.0,682209.0,673115.0,668415.0,664738.0,660302.0,657831.0,664496.0,666635.0,675961.0,667960.0,658338.0,658801.0,654166.0
수성구 - 생활계폐기물발생량＜br＞(A),Statistics,429.5,437.8,410.4,362.3,384.9,352.7,398.1,409.8,399.4,373.4,404.9,415.1,448.7,420.6,441.3,459.6,442.7,465.3,444.2,455.3,416.2,419.5,383.8
수성구 - 주민1인당 생활계폐기물배출량＜br＞(A÷B)*1000,Statistics,0.9,1.0,0.9,0.8,0.9,0.8,0.9,0.9,0.9,0.8,0.9,0.9,1.0,0.9,1.0,1.0,1.0,1.1,1.0,1.1,1.0,1.0,0.9
수성구 - 주민등록인구＜br＞(B),Statistics,456487.0,446879.0,448430.0,443881.0,437356.0,440172.0,447164.0,451732.0,456196.0,461988.0,461083.0,459779.0,461004.0,456505.0,451786.0,447011.0,439211.0,432759.0,428614.0,424314.0,417097.0,411553.0,407331.0
수영구 - 생활계폐기물발생량＜br＞(A),Statistics,199.5,197.0,186.0,179.9,167.3,156.8,155.7,149.6,149.1,148.0,143.3,144.6,149.0,172.3,157.0,157.9,152.3,151.1,145.3,173.1,122.4,137.3,136.5
수영구 - 주민1인당 생활계폐기물배출량＜br＞(A÷B)*1000,Statistics,1.1,1.1,1.1,1.0,0.9,0.9,0.9,0.8,0.8,0.8,0.8,0.8,0.9,1.0,0.9,0.9,0.8,0.9,0.8,1.0,0.7,0.8,0.8
수영구 - 주민등록인구＜br＞(B),Statistics,181075.0,177881.0,177119.0,180576.0,178684.0,177814.0,178253.0,177140.0,177292.0,178267.0,176691.0,176666.0,175098.0,178480.0,179795.0,179324.0,179996.0,176246.0,176148.0,176894.0,175095.0,174806.0,174518.0
수원시 - 생활계폐기물발생량＜br＞(A),Statistics,876.0,921.0,991.1,970.1,934.0,852.8,995.5,1021.3,964.9,1024.8,1027.2,1074.7,1050.0,1028.6,1101.5,1241.0,1143.6,1134.5,1019.8,1292.7,1422.1,1074.8,1075.2
수원시 - 주민1인당 생활계폐기물배출량＜br＞(A÷B)*1000,Statistics,0.9,0.9,1.0,0.9,0.9,0.8,0.9,1.0,0.9,1.0,0.9,1.0,0.9,0.9,0.9,1.0,1.0,0.9,0.9,1.1,1.2,0.9,0.9
수원시 - 주민등록인구＜br＞(B),Statistics,974866.0,1019711.0,1032944.0,1033829.0,1045587.0,1068906.0,1067702.0,1067425.0,1073149.0,1077535.0,1088489.0,1120258.0,1148157.0,1174228.0,1184624.0,1194041.0,1202628.0,1201166.0,1194465.0,1186078.0,1183714.0,1190964.0,1197257.0
순창군 - 생활계폐기물발생량＜br＞(A),Statistics,19.3,19.0,16.9,17.6,17.6,19.2,23.2,19.6,21.4,22.4,22.4,22.6,17.6,13.0,14.3,15.1,15.9,15.7,20.1,20.3,25.0,24.1,21.4
순창군 - 주민1인당 생활계폐기물배출량＜br＞(A÷B)*1000,Statistics,0.6,0.6,0.5,0.6,0.5,0.6,0.7,0.6,0.7,0.7,0.8,0.8,0.6,0.4,0.5,0.5,0.5,0.5,0.7,0.7,0.9,0.9,0.8
순창군 - 주민등록인구＜br＞(B),Statistics,33892.0,32329.0,31482.0,31814.0,32012.0,32485.0,32035.0,30920.0,30179.0,30209.0,29497.0,30055.0,30272.0,30368.0,30248.0,29949.0,29698.0,29209.0,28382.0,27810.0,26855.0,26727.0,26764.0
순천시 - 생활계폐기물발생량＜br＞(A),Statistics,237.5,261.4,469.4,625.2,388.1,345.9,276.5,230.1,237.4,274.1,245.6,371.1,321.0,342.0,268.7,240.9,293.6,293.9,254.6,316.9,155.3,271.7,311.9
순천시 - 주민1인당 생활계폐기물배출량＜br＞(A÷B)*1000,Statistics,0.9,1.0,1.7,2.3,1.4,1.3,1.0,0.9,0.9,1.0,0.9,1.4,1.2,1.2,1.0,0.9,1.1,1.1,0.9,1.1,0.6,1.0,1.1
순천시 - 주민등록인구＜br＞(B),Statistics,271734.0,271139.0,269843.0,270059.0,270934.0,269940.0,270380.0,269429.0,269516.0,272620.0,272201.0,273798.0,275668.0,277188.0,278765.0,278548.0,279331.0,279389.0,279598.0,282189.0,281436.0,278737.0,278137.0
시흥시 - 생활계폐기물발생량＜br＞(A),Statistics,221.1,269.7,301.5,298.0,270.9,312.2,314.2,272.5,319.5,303.0,300.4,302.4,312.3,349.2,371.2,465.7,479.5,432.1,479.4,255.8,541.2,623.3,561.6
시흥시 - 주민1인당 생활계폐기물배출량＜br＞(A÷B)*1000,Statistics,0.7,0.8,0.8,0.8,0.7,0.8,0.8,0.7,0.8,0.8,0.7,0.8,0.8,0.9,0.9,1.2,1.1,1.0,1.0,0.5,1.1,1.2,1.1
시흥시 - 주민등록인구＜br＞(B),Statistics,337402.0,353860.0,368223.0,378613.0,387239.0,390477.0,390564.0,392756.0,397912.0,403797.0,401149.0,399485.0,396765.0,394639.0,398256.0,402888.0,419664.0,448687.0,473682.0,500895.0,512030.0,512912.0,519715.0
신안군 - 생활계폐기물발생량＜br＞(A),Statistics,30.8,28.1,25.5,28.6,22.6,27.1,40.1,39.1,33.1,41.8,42.1,44.0,42.3,40.2,39.8,41.0,41.0,39.8,60.8,64.8,72.6,63.4,51.7
신안군 - 주민1인당 생활계폐기물배출량＜br＞(A÷B)*1000,Statistics,0.6,0.6,0.5,0.6,0.5,0.6,0.9,0.9,0.7,0.9,0.9,1.0,1.0,0.9,0.9,1.0,1.0,1.0,1.5,1.7,1.9,1.7,1.4
신안군 - 주민등록인구＜br＞(B),Statistics,51342.0,49704.0,50726.0,47591.0,46451.0,46714.0,45968.0,45718.0,45294.0,45428.0,44355.0,43898.0,44162.0,43747.0,43294.0,42652.0,42070.0,41263.0,40274.0,38938.0,38217.0,37858.0,38037.0
아산시 - 생활계폐기물발생량＜br＞(A),Statistics,179.5,183.3,203.6,237.7,258.1,270.9,279.5,485.9,333.7,299.6,241.0,271.9,324.7,290.2,382.2,297.0,462.3,760.9,622.0,619.6,472.3,531.9,487.8
아산시 - 주민1인당 생활계폐기물배출량＜br＞(A÷B)*1000,Statistics,1.0,1.0,1.1,1.2,1.3,1.3,1.3,2.0,1.3,1.1,0.9,1.0,1.1,1.0,1.3,1.0,1.5,2.4,2.0,2.0,1.5,1.6,1.4
아산시 - 주민등록인구＜br＞(B),Statistics,186469.0,191123.0,193122.0,200938.0,204431.0,211560.0,221490.0,240942.0,256449.0,265191.0,274523.0,280490.0,287073.0,293954.0,297737.0,302929.0,311453.0,312822.0,314395.0,316129.0,324580.0,334539.0,345796.0
안동시 - 생활계폐기물발생량＜br＞(A),Statistics,157.8,189.7,186.1,175.8,180.2,155.0,163.5,162.7,186.2,208.9,192.7,165.9,278.2,300.0,282.9,199.5,296.8,184.6,265.4,237.0,273.9,235.0,359.7
안동시 - 주민1인당 생활계폐기물배출량＜br＞(A÷B)*1000,Statistics,0.9,1.1,1.1,1.0,1.1,0.9,1.0,1.0,1.1,1.2,1.1,1.0,1.7,1.8,1.7,1.2,1.8,1.1,1.7,1.5,1.7,1.5,2.4
안동시 - 주민등록인구＜br＞(B),Statistics,181838.0,179326.0,175677.0,174037.0,171387.0,168733.0,167916.0,167300.0,167432.0,167886.0,168157.0,168302.0,168461.0,168697.0,169221.0,168798.0,166272.0,162180.0,160052.0,158907.0,156972.0,154610.0,152935.0
안산시 - 생활계폐기물발생량＜br＞(A),Statistics,475.6,446.7,480.3,476.2,511.7,496.6,518.7,548.9,462.6,436.5,445.0,492.4,532.1,599.4,560.9,562.0,552.7,592.9,622.0,263.1,739.9,748.7,750.9
안산시 - 주민1인당 생활계폐기물배출량＜br＞(A÷B)*1000,Statistics,0.8,0.7,0.7,0.7,0.8,0.7,0.7,0.8,0.7,0.6,0.6,0.7,0.7,0.8,0.8,0.8,0.8,0.9,1.0,0.4,1.1,1.2,1.2
안산시 - 주민등록인구＜br＞(B),Statistics,590598.0,628861.0,651625.0,666784.0,679011.0,698819.0,705040.0,708257.0,705346.0,714891.0,715586.0,715108.0,713666.0,707876.0,697885.0,689859.0,677710.0,660343.0,650918.0,654915.0,652726.0,641660.0,629308.0
안성시 - 생활계폐기물발생량＜br＞(A),Statistics,113.2,125.6,130.4,135.2,145.3,173.1,176.5,341.5,329.8,322.6,292.6,293.5,249.1,231.5,231.3,222.5,230.8,234.9,220.8,352.2,231.5,290.3,281.6
안성시 - 주민1인당 생활계폐기물배출량＜br＞(A÷B)*1000,Statistics,0.8,0.8,0.9,0.9,0.9,1.1,1.1,2.0,1.9,1.8,1.6,1.6,1.4,1.3,1.3,1.2,1.3,1.3,1.2,1.9,1.2,1.5,1.5
안성시 - 주민등록인구＜br＞(B),Statistics,141605.0,147898.0,151522.0,154110.0,157130.0,159655.0,163733.0,169545.0,170919.0,177937.0,180743.0,181608.0,182173.0,181896.0,180199.0,182896.0,182786.0,183579.0,183405.0,187012.0,189534.0,188842.0,189034.0
안양시 - 생활계폐기물발생량＜br＞(A),Statistics,600.1,636.9,659.2,621.0,618.4,545.1,499.2,442.1,452.9,448.1,457.2,419.3,429.1,414.6,513.8,494.6,366.5,388.1,298.5,104.8,473.9,467.2,439.6
안양시 - 주민1인당 생활계폐기물배출량＜br＞(A÷B)*1000,Statistics,1.0,1.1,1.1,1.0,1.0,0.9,0.8,0.7,0.7,0.7,0.7,0.7,0.7,0.7,0.9,0.8,0.6,0.7,0.5,0.2,0.9,0.9,0.8
안양시 - 주민등록인구＜br＞(B),Statistics,591670.0,595142.0,604505.0,621047.0,625350.0,624280.0,624197.0,620279.0,616547.0,621714.0,615642.0,611412.0,607877.0,600809.0,597789.0,597414.0,587764.0,576831.0,567044.0,550027.0,547178.0,548228.0,544660.0
양구군 - 생활계폐기물발생량＜br＞(A),Statistics,25.6,25.6,25.7,34.6,38.0,35.9,36.6,35.2,34.9,36.8,35.4,35.3,35.4,35.5,28.6,36.0,39.3,31.3,30.3,34.9,25.7,33.5,44.2
양구군 - 주민1인당 생활계폐기물배출량＜br＞(A÷B)*1000,Statistics,1.1,1.1,1.2,1.6,1.8,1.7,1.7,1.7,1.6,1.7,1.6,1.5,1.5,1.5,1.2,1.5,1.6,1.3,1.3,1.6,1.2,1.6,2.1
양구군 - 주민등록인구＜br＞(B),Statistics,23198.0,22527.0,21995.0,21692.0,21480.0,21269.0,21401.0,21303.0,21323.0,21843.0,22285.0,22799.0,23594.0,23888.0,24089.0,24010.0,23835.0,23408.0,22764.0,22278.0,21748.0,21383.0,21056.0
양산시 - 생활계폐기물발생량＜br＞(A),Statistics,172.4,194.6,179.7,172.4,223.7,208.7,234.7,173.0,169.7,183.1,213.5,250.1,235.9,266.6,269.5,357.5,370.0,395.5,415.0,458.3,463.1,426.8,419.2
양산시 - 주민1인당 생활계폐기물배출량＜br＞(A÷B)*1000,Statistics,0.9,0.9,0.9,0.8,1.0,0.9,1.0,0.7,0.7,0.7,0.8,0.9,0.8,0.9,0.9,1.1,1.1,1.1,1.2,1.3,1.3,1.2,1.2
양산시 - 주민등록인구＜br＞(B),Statistics,200694.0,205958.0,210424.0,213695.0,222299.0,226425.0,231956.0,243012.0,250387.0,260239.0,266403.0,270460.0,279565.0,292376.0,301291.0,317037.0,338535.0,348639.0,350759.0,352229.0,354726.0,353792.0,355122.0
양양군 - 생활계폐기물발생량＜br＞(A),Statistics,44.8,45.2,45.2,47.6,47.2,51.0,69.3,71.1,44.6,39.8,38.2,34.4,36.6,37.7,42.3,47.0,52.9,59.3,59.7,71.3,78.9,79.1,145.4
양양군 - 주민1인당 생활계폐기물배출량＜br＞(A÷B)*1000,Statistics,1.5,1.5,1.5,1.6,1.6,1.8,2.4,2.5,1.6,1.4,1.4,1.2,1.3,1.4,1.5,1.7,1.9,2.2,2.2,2.6,2.8,2.8,5.2
양양군 - 주민등록인구＜br＞(B),Statistics,30180.0,30076.0,29480.0,29187.0,29132.0,28661.0,28472.0,28115.0,27957.0,27929.0,27942.0,27802.0,27659.0,27521.0,27479.0,27218.0,27207.0,27347.0,27726.0,27946.0,27913.0,27866.0,27710.0
양주시 - 생활계폐기물발생량＜br＞(A),Statistics,,,128.2,84.1,87.9,88.4,114.8,123.0,223.4,229.0,181.8,172.1,206.0,203.5,224.5,247.5,377.9,236.4,235.2,660.3,342.1,534.7,302.7
양주시 - 주민1인당 생활계폐기물배출량＜br＞(A÷B)*1000,Statistics,,,0.9,0.6,0.5,0.5,0.6,0.7,1.2,1.2,0.9,0.9,1.0,1.0,1.1,1.2,1.8,1.1,1.1,2.9,1.4,2.2,1.1
양주시 - 주민등록인구＜br＞(B),Statistics,,,148062.0,152596.0,160589.0,169806.0,179914.0,179914.0,182106.0,196706.0,200360.0,200310.0,199143.0,202072.0,205184.0,205513.0,212146.0,216951.0,222314.0,230359.0,236368.0,243432.0,268026.0
양천구 - 생활계폐기물발생량＜br＞(A),Statistics,581.8,466.3,432.3,470.7,446.7,463.4,624.2,505.4,534.7,277.4,257.4,274.5,276.1,347.9,322.5,287.9,295.4,297.7,340.8,394.4,353.1,338.9,316.9
양천구 - 주민1인당 생활계폐기물배출량＜br＞(A÷B)*1000,Statistics,1.2,1.0,0.9,1.0,0.9,0.9,1.2,1.0,1.1,0.6,0.5,0.6,0.6,0.7,0.7,0.6,0.6,0.6,0.7,0.9,0.8,0.8,0.7
양천구 - 주민등록인구＜br＞(B),Statistics,484345.0,484518.0,486962.0,495098.0,499755.0,501717.0,503650.0,502343.0,501395.0,500001.0,500210.0,495911.0,492528.0,486221.0,484532.0,477739.0,471154.0,464185.0,458165.0,454251.0,447302.0,440881.0,436028.0
양평군 - 생활계폐기물발생량＜br＞(A),Statistics,62.2,60.2,59.9,65.5,65.8,59.5,72.8,70.3,70.6,84.1,79.5,72.6,61.4,51.7,55.6,60.2,67.1,73.0,81.1,520.1,63.3,89.5,106.3
양평군 - 주민1인당 생활계폐기물배출량＜br＞(A÷B)*1000,Statistics,0.8,0.7,0.7,0.8,0.8,0.7,0.8,0.8,0.8,0.9,0.8,0.7,0.6,0.5,0.5,0.5,0.6,0.6,0.7,4.4,0.5,0.7,0.8
양평군 - 주민등록인구＜br＞(B),Statistics,82704.0,82992.0,83730.0,84673.0,85533.0,86298.0,87874.0,89812.0,91450.0,95833.0,99430.0,102193.0,103620.0,105379.0,108316.0,111367.0,115105.0,116095.0,116874.0,118810.0,121230.0,122323.0,125238.0
여수시 - 생활계폐기물발생량＜br＞(A),Statistics,498.0,540.9,535.7,508.3,420.5,326.3,297.3,473.4,386.1,359.2,405.8,484.5,384.4,381.7,378.2,426.7,428.7,435.1,523.0,528.9,498.3,488.9,431.7
여수시 - 주민1인당 생활계폐기물배출량＜br＞(A÷B)*1000,Statistics,1.6,1.7,1.7,1.7,1.4,1.1,1.0,1.6,1.3,1.2,1.4,1.7,1.3,1.3,1.3,1.5,1.5,1.5,1.8,1.9,1.8,1.8,1.6
여수시 - 주민등록인구＜br＞(B),Statistics,320146.0,315536.0,310350.0,305312.0,301389.0,297489.0,295439.0,295133.0,293546.0,293488.0,292750.0,292217.0,291366.0,290900.0,290168.0,288988.0,286382.0,283300.0,282786.0,280242.0,276762.0,274765.0,271696.0
여주시 - 생활계폐기물발생량＜br＞(A),Statistics,,,,,,,,,,,,,92.9,86.5,161.0,207.4,197.8,197.3,171.8,247.0,353.2,317.3,227.0
여주시 - 주민1인당 생활계폐기물배출량＜br＞(A÷B)*1000,Statistics,,,,,,,,,,,,,0.8,0.8,1.5,1.9,1.8,1.8,1.5,2.2,3.1,2.8,2.0
여주시 - 주민등록인구＜br＞(B),Statistics,,,,,,,,,,,,,109343.0,110386.0,111033.0,111563.0,111984.0,111525.0,111083.0,111897.0,112150.0,113150.0,114412.0
연수구 - 생활계폐기물발생량＜br＞(A),Statistics,176.9,198.8,217.3,192.4,188.6,146.7,190.6,165.1,148.2,191.7,147.7,152.6,142.6,133.6,135.0,229.7,246.2,269.6,237.4,243.1,353.1,378.7,373.9
연수구 - 주민1인당 생활계폐기물배출량＜br＞(A÷B)*1000,Statistics,0.7,0.8,0.8,0.8,0.7,0.5,0.7,0.6,0.5,0.7,0.5,0.5,0.5,0.4,0.4,0.7,0.7,0.8,0.6,0.6,0.9,1.0,1.0
연수구 - 주민등록인구＜br＞(B),Statistics,261038.0,259254.0,257564.0,255998.0,265658.0,271010.0,268780.0,268668.0,271497.0,279230.0,287903.0,292589.0,300305.0,310703.0,319052.0,328627.0,335142.0,346359.0,366550.0,387450.0,389644.0,385796.0,392416.0
연제구 - 생활계폐기물발생량＜br＞(A),Statistics,224.2,214.1,205.6,193.3,201.4,194.2,191.0,184.6,183.2,178.9,177.2,174.8,175.2,186.3,186.9,185.5,185.2,186.7,187.8,208.1,149.3,194.9,192.2
연제구 - 주민1인당 생활계폐기물배출량＜br＞(A÷B)*1000,Statistics,1.0,0.9,0.9,0.9,0.9,0.9,0.9,0.9,0.9,0.8,0.8,0.8,0.8,0.9,0.9,0.9,0.9,0.9,0.9,1.0,0.7,1.0,0.9
연제구 - 주민등록인구＜br＞(B),Statistics,226267.0,228268.0,225473.0,221853.0,217763.0,214809.0,212658.0,212810.0,210390.0,212696.0,213326.0,211536.0,209290.0,208012.0,210718.0,207268.0,206742.0,207840.0,209395.0,209157.0,207144.0,203536.0,205766.0
연천군 - 생활계폐기물발생량＜br＞(A),Statistics,45.3,53.5,53.3,52.5,57.4,51.7,54.1,55.0,58.3,59.3,56.2,54.0,61.2,43.5,43.4,52.9,36.9,58.8,71.8,81.8,73.6,68.4,62.4
연천군 - 주민1인당 생활계폐기물배출량＜br＞(A÷B)*1000,Statistics,0.9,1.1,1.1,1.1,1.2,1.1,1.2,1.2,1.3,1.3,1.3,1.2,1.3,1.0,0.9,1.2,0.8,1.3,1.6,1.9,1.7,1.6,1.5
연천군 - 주민등록인구＜br＞(B),Statistics,51655.0,50372.0,49508.0,48687.0,47123.0,46075.0,45603.0,45495.0,45241.0,45177.0,44900.0,45599.0,45610.0,45363.0,45725.0,45907.0,45431.0,44633.0,43824.0,43516.0,42721.0,42062.0,41584.0
영광군 - 생활계폐기물발생량＜br＞(A),Statistics,52.5,48.5,46.7,47.1,44.6,43.9,50.8,44.5,49.3,48.9,48.5,48.0,49.2,38.2,39.1,38.3,36.6,110.7,37.3,49.5,56.9,69.8,54.0
영광군 - 주민1인당 생활계폐기물배출량＜br＞(A÷B)*1000,Statistics,0.7,0.7,0.7,0.7,0.7,0.7,0.9,0.8,0.9,0.9,0.9,0.8,0.9,0.7,0.7,0.7,0.7,2.0,0.7,0.9,1.1,1.3,1.0
영광군 - 주민등록인구＜br＞(B),Statistics,70120.0,67055.0,64148.0,62959.0,61500.0,60045.0,58837.0,58075.0,57037.0,57362.0,56863.0,57224.0,57617.0,56833.0,56267.0,55618.0,54774.0,54127.0,53852.0,53099.0,51985.0,52197.0,51750.0
영덕군 - 생활계폐기물발생량＜br＞(A),Statistics,35.1,35.5,33.9,40.0,46.0,30.3,31.1,30.5,52.7,38.3,42.6,55.1,50.0,51.9,51.9,58.5,66.4,52.2,74.3,73.7,70.0,66.9,70.0
영덕군 - 주민1인당 생활계폐기물배출량＜br＞(A÷B)*1000,Statistics,0.7,0.7,0.7,0.9,1.0,0.7,0.7,0.7,1.3,0.9,1.0,1.4,1.2,1.3,1.3,1.5,1.7,1.4,2.0,2.0,2.0,1.9,2.1
영덕군 - 주민등록인구＜br＞(B),Statistics,49593.0,52602.0,46965.0,45826.0,45003.0,46460.0,43470.0,42707.0,41710.0,41377.0,40794.0,40257.0,40142.0,39586.0,39191.0,39052.0,38529.0,38108.0,37361.0,36313.0,35314.0,34650.0,34055.0
영도구 - 생활계폐기물발생량＜br＞(A),Statistics,184.7,179.4,167.3,160.9,150.1,149.5,146.1,139.3,132.2,128.0,123.2,120.1,117.8,129.0,124.6,126.3,120.5,121.1,118.5,134.3,84.4,92.7,91.2
영도구 - 주민1인당 생활계폐기물배출량＜br＞(A÷B)*1000,Statistics,1.0,1.0,1.0,1.0,0.9,0.9,0.9,0.9,0.9,0.9,0.9,0.9,0.9,1.0,1.0,1.0,1.0,1.0,1.0,1.2,0.8,0.9,0.9
영도구 - 주민등록인구＜br＞(B),Statistics,179841.0,174678.0,170355.0,166054.0,162961.0,158780.0,155273.0,152118.0,148139.0,146798.0,143205.0,139765.0,135816.0,132102.0,129385.0,126362.0,123521.0,120109.0,116711.0,113342.0,110638.0,108156.0,106548.0
영동군 - 생활계폐기물발생량＜br＞(A),Statistics,34.2,73.0,28.3,28.4,32.2,32.5,33.8,34.4,38.4,37.2,37.6,35.1,38.3,46.8,47.9,46.2,45.4,39.4,43.0,68.4,39.4,38.6,40.9
영동군 - 주민1인당 생활계폐기물배출량＜br＞(A÷B)*1000,Statistics,0.6,1.3,0.5,0.5,0.6,0.6,0.7,0.7,0.8,0.7,0.7,0.7,0.8,0.9,0.9,0.9,0.9,0.8,0.9,1.4,0.9,0.9,0.9
영동군 - 주민등록인구＜br＞(B),Statistics,57184.0,55752.0,54036.0,52597.0,51800.0,50819.0,50131.0,50276.0,50426.0,50523.0,50621.0,50663.0,50539.0,50803.0,50693.0,50552.0,50240.0,49715.0,48738.0,47475.0,45773.0,44956.0,44195.0
영등포구 - 생활계폐기물발생량＜br＞(A),Statistics,628.0,670.3,686.4,658.2,559.5,540.4,561.9,599.8,537.0,541.1,366.0,403.2,305.8,356.1,389.9,406.8,340.7,335.3,417.3,449.4,441.7,458.4,456.7
영등포구 - 주민1인당 생활계폐기물배출량＜br＞(A÷B)*1000,Statistics,1.5,1.6,1.7,1.6,1.4,1.3,1.4,1.5,1.3,1.3,0.9,1.0,0.8,0.9,1.0,1.1,0.9,0.9,1.1,1.2,1.2,1.2,1.2
영등포구 - 주민등록인구＜br＞(B),Statistics,406860.0,408753.0,403327.0,406261.0,408386.0,408698.0,408178.0,408099.0,405798.0,406833.0,397443.0,391408.0,386471.0,382352.0,378504.0,370613.0,368550.0,367778.0,367678.0,379480.0,376837.0,375675.0,374794.0
영암군 - 생활계폐기물발생량＜br＞(A),Statistics,53.4,53.4,53.5,57.5,44.4,45.3,52.9,49.9,42.4,39.7,35.0,48.7,111.5,118.9,113.4,99.0,101.0,73.2,49.5,98.0,77.6,71.8,66.2
영암군 - 주민1인당 생활계폐기물배출량＜br＞(A÷B)*1000,Statistics,0.8,0.8,0.8,0.9,0.7,0.7,0.9,0.8,0.7,0.7,0.6,0.8,1.9,2.0,2.0,1.7,1.8,1.3,0.9,1.8,1.5,1.4,1.3
영암군 - 주민등록인구＜br＞(B),Statistics,64391.0,64637.0,63267.0,62336.0,62004.0,61546.0,60742.0,60106.0,59837.0,60082.0,60139.0,59997.0,59061.0,58852.0,58137.0,57045.0,55616.0,54731.0,54593.0,53699.0,52937.0,52395.0,52350.0
영양군 - 생활계폐기물발생량＜br＞(A),Statistics,15.0,16.1,13.6,13.4,13.3,12.8,11.7,11.8,14.9,14.3,14.1,12.6,13.1,13.3,13.5,14.8,14.8,15.1,20.0,26.1,34.8,23.6,27.3
영양군 - 주민1인당 생활계폐기물배출량＜br＞(A÷B)*1000,Statistics,0.7,0.8,0.7,0.7,0.7,0.7,0.6,0.6,0.8,0.8,0.8,0.7,0.7,0.7,0.8,0.8,0.8,0.9,1.2,1.6,2.1,1.5,1.7
영양군 - 주민등록인구＜br＞(B),Statistics,22172.0,21385.0,20772.0,20205.0,20025.0,19615.0,19119.0,18766.0,18553.0,18451.0,18241.0,18208.0,18297.0,18197.0,17898.0,17713.0,17479.0,17356.0,16993.0,16692.0,16320.0,16022.0,15661.0
영월군 - 생활계폐기물발생량＜br＞(A),Statistics,40.3,42.2,41.6,42.7,40.6,40.4,40.3,38.7,40.1,40.6,41.4,40.0,43.9,35.2,32.3,32.6,30.9,34.6,31.4,46.5,135.8,40.2,66.8
영월군 - 주민1인당 생활계폐기물배출량＜br＞(A÷B)*1000,Statistics,0.8,0.9,0.9,1.0,1.0,1.0,1.0,1.0,1.0,1.0,1.0,1.0,1.1,0.9,0.8,0.8,0.8,0.9,0.8,1.2,3.6,1.1,1.8
영월군 - 주민등록인구＜br＞(B),Statistics,52101.0,45273.0,44027.0,42406.0,41538.0,40511.0,40290.0,40201.0,40265.0,40407.0,40199.0,40155.0,40150.0,40191.0,40216.0,40073.0,40067.0,39730.0,39127.0,38662.0,37904.0,37728.0,37332.0
영주시 - 생활계폐기물발생량＜br＞(A),Statistics,98.9,97.5,100.8,96.6,101.6,188.4,185.8,180.0,171.9,170.2,169.0,181.8,172.4,175.7,162.1,195.5,174.3,177.0,219.0,162.1,141.1,133.0,134.8
영주시 - 주민1인당 생활계폐기물배출량＜br＞(A÷B)*1000,Statistics,0.8,0.8,0.8,0.8,0.9,1.6,1.6,1.6,1.5,1.5,1.5,1.6,1.5,1.6,1.5,1.8,1.6,1.7,2.1,1.6,1.4,1.3,1.3
영주시 - 주민등록인구＜br＞(B),Statistics,128707.0,126040.0,123806.0,121513.0,119098.0,116965.0,115083.0,113930.0,113309.0,113926.0,114148.0,113547.0,112625.0,110780.0,109735.0,109247.0,108371.0,106801.0,105067.0,103119.0,101942.0,100749.0,100199.0
영천시 - 생활계폐기물발생량＜br＞(A),Statistics,78.1,76.1,76.0,68.2,68.6,55.2,62.1,62.2,60.4,88.4,65.4,59.9,61.2,66.4,81.0,129.0,128.8,115.1,148.3,155.6,247.2,191.7,172.5
영천시 - 주민1인당 생활계폐기물배출량＜br＞(A÷B)*1000,Statistics,0.7,0.7,0.7,0.6,0.6,0.5,0.6,0.6,0.6,0.9,0.6,0.6,0.6,0.7,0.8,1.3,1.3,1.1,1.4,1.5,2.4,1.9,1.7
영천시 - 주민등록인구＜br＞(B),Statistics,117991.0,115401.0,112423.0,109520.0,107337.0,105029.0,105819.0,104022.0,103115.0,103190.0,104182.0,101798.0,100778.0,100689.0,100648.0,100521.0,100615.0,101595.0,102470.0,102015.0,101888.0,101088.0,100212.0
예산군 - 생활계폐기물발생량＜br＞(A),Statistics,84.5,81.8,80.6,77.5,75.0,73.4,51.4,68.7,77.9,69.7,68.3,63.8,48.3,52.1,55.9,72.0,81.0,83.1,84.2,78.8,94.4,102.4,89.2
예산군 - 주민1인당 생활계폐기물배출량＜br＞(A÷B)*1000,Statistics,0.8,0.8,0.8,0.8,0.8,0.8,0.6,0.8,0.9,0.8,0.8,0.7,0.6,0.6,0.7,0.9,1.0,1.0,1.1,1.0,1.2,1.3,1.1
예산군 - 주민등록인구＜br＞(B),Statistics,100289.0,97786.0,95029.0,91832.0,90740.0,89585.0,88670.0,88144.0,87163.0,87002.0,86421.0,85876.0,85205.0,84919.0,83484.0,81339.0,80338.0,80083.0,79238.0,78084.0,76801.0,77385.0,78354.0
예천군 - 생활계폐기물발생량＜br＞(A),Statistics,33.3,34.5,36.8,37.0,40.2,39.0,56.0,40.1,51.6,46.1,30.9,28.1,90.4,47.8,33.2,34.8,46.2,53.5,34.2,39.0,48.0,48.7,57.0
예천군 - 주민1인당 생활계폐기물배출량＜br＞(A÷B)*1000,Statistics,0.6,0.6,0.7,0.7,0.8,0.8,1.1,0.8,1.1,1.0,0.7,0.6,2.0,1.1,0.7,0.8,0.9,1.0,0.6,0.7,0.9,0.9,1.0
예천군 - 주민등록인구＜br＞(B),Statistics,58081.0,55746.0,53649.0,52132.0,50951.0,50218.0,48866.0,47993.0,47306.0,47049.0,46579.0,46027.0,45573.0,45104.0,44674.0,46166.0,49253.0,53274.0,55100.0,55613.0,55739.0,55755.0,55325.0
오산시 - 생활계폐기물발생량＜br＞(A),Statistics,108.0,100.4,112.7,112.7,108.7,213.3,136.8,136.4,138.3,145.0,168.3,158.0,170.4,200.4,186.9,179.8,202.6,178.5,228.2,286.8,272.8,248.0,257.6
오산시 - 주민1인당 생활계폐기물배출량＜br＞(A÷B)*1000,Statistics,0.9,0.9,1.0,0.9,0.8,1.6,0.9,0.9,0.9,0.8,0.9,0.8,0.8,1.0,0.9,0.9,0.9,0.8,1.0,1.2,1.2,1.1,1.1
오산시 - 주민등록인구＜br＞(B),Statistics,114540.0,115956.0,118167.0,121326.0,129843.0,136311.0,145825.0,150237.0,159734.0,182516.0,193892.0,200291.0,205460.0,208565.0,206828.0,208656.0,213437.0,220070.0,226379.0,229725.0,229983.0,229849.0,229656.0
옥천군 - 생활계폐기물발생량＜br＞(A),Statistics,43.1,40.8,36.7,39.2,38.8,35.9,39.2,44.6,43.0,46.8,46.5,46.8,43.9,44.4,43.7,60.9,65.5,69.5,56.1,104.3,64.9,63.0,112.2
옥천군 - 주민1인당 생활계폐기물배출량＜br＞(A÷B)*1000,Statistics,0.7,0.7,0.6,0.7,0.7,0.7,0.7,0.8,0.8,0.9,0.9,0.9,0.8,0.8,0.8,1.2,1.3,1.4,1.1,2.1,1.3,1.3,2.3
옥천군 - 주민등록인구＜br＞(B),Statistics,59515.0,58461.0,57505.0,56634.0,55610.0,54923.0,54608.0,54475.0,54117.0,54025.0,53496.0,53244.0,52763.0,52469.0,52404.0,52267.0,51766.0,51465.0,51023.0,50527.0,50093.0,49520.0,48891.0
옹진군 - 생활계폐기물발생량＜br＞(A),Statistics,11.3,12.6,20.5,19.4,8.5,10.6,29.0,18.9,22.7,19.7,23.7,22.6,13.7,12.6,15.5,17.9,17.9,18.4,20.1,18.9,30.3,34.1,44.5
옹진군 - 주민1인당 생활계폐기물배출량＜br＞(A÷B)*1000,Statistics,0.8,0.9,1.4,1.3,0.5,0.6,1.7,1.1,1.2,1.1,1.2,1.1,0.7,0.6,0.7,0.8,0.8,0.9,1.0,0.9,1.5,1.7,2.2
옹진군 - 주민등록인구＜br＞(B),Statistics,14050.0,14120.0,14270.0,14820.0,15609.0,16491.0,16980.0,17376.0,18221.0,18739.0,19485.0,20039.0,20698.0,20703.0,20962.0,21351.0,21573.0,21036.0,20566.0,20455.0,20342.0,20613.0,20377.0
완도군 - 생활계폐기물발생량＜br＞(A),Statistics,49.9,47.6,47.1,41.1,41.0,37.7,44.0,56.8,47.6,53.8,61.4,65.3,52.4,62.6,52.0,43.0,43.1,43.9,37.8,81.4,46.8,42.0,49.0
완도군 - 주민1인당 생활계폐기물배출량＜br＞(A÷B)*1000,Statistics,0.8,0.8,0.8,0.7,0.7,0.7,0.8,1.0,0.9,1.0,1.1,1.2,1.0,1.2,1.0,0.8,0.8,0.9,0.7,1.6,1.0,0.9,1.1
완도군 - 주민등록인구＜br＞(B),Statistics,65397.0,62964.0,61145.0,59950.0,58841.0,57464.0,56201.0,54999.0,54301.0,54269.0,54037.0,53871.0,53619.0,53174.0,53014.0,52668.0,52109.0,51477.0,50689.0,49916.0,48631.0,47597.0,46641.0
완주군 - 생활계폐기물발생량＜br＞(A),Statistics,57.6,60.5,58.8,43.9,36.3,38.4,40.4,44.8,44.4,46.7,157.1,46.2,48.0,52.0,65.1,101.3,102.2,84.5,144.5,106.1,106.1,133.1,133.4
완주군 - 주민1인당 생활계폐기물배출량＜br＞(A÷B)*1000,Statistics,0.7,0.7,0.7,0.5,0.4,0.5,0.5,0.5,0.5,0.5,1.9,0.5,0.6,0.6,0.7,1.1,1.1,0.9,1.6,1.2,1.2,1.4,1.4
완주군 - 주민등록인구＜br＞(B),Statistics,86719.0,84626.0,83649.0,82482.0,83651.0,83199.0,82972.0,83757.0,83885.0,85119.0,84660.0,86164.0,86978.0,90377.0,95303.0,95480.0,95975.0,94444.0,92220.0,91609.0,91142.0,92422.0,97827.0
용산구 - 생활계폐기물발생량＜br＞(A),Statistics,351.0,350.8,346.2,343.1,300.8,326.2,286.1,284.4,326.7,203.7,214.2,227.9,193.2,273.0,255.1,262.1,262.7,288.4,305.2,301.2,293.6,592.8,571.9
용산구 - 주민1인당 생활계폐기물배출량＜br＞(A÷B)*1000,Statistics,1.5,1.5,1.5,1.5,1.3,1.4,1.2,1.2,1.4,0.8,0.9,0.9,0.8,1.2,1.1,1.1,1.1,1.3,1.3,1.3,1.3,2.7,2.7
용산구 - 주민등록인구＜br＞(B),Statistics,241033.0,234653.0,231871.0,230107.0,230260.0,232035.0,235832.0,238224.0,238708.0,244853.0,246501.0,243232.0,239740.0,235951.0,233342.0,230241.0,229161.0,228999.0,228670.0,230040.0,222953.0,218650.0,213151.0
용인시 - 생활계폐기물발생량＜br＞(A),Statistics,385.7,456.5,508.6,503.3,586.3,498.5,712.9,760.7,778.1,787.4,772.3,779.1,787.8,825.0,977.3,1062.0,874.3,1088.2,1526.9,491.8,1070.4,1081.9,954.8
용인시 - 주민1인당 생활계폐기물배출량＜br＞(A÷B)*1000,Statistics,0.9,0.9,0.9,0.8,0.8,0.7,0.9,0.9,0.9,0.9,0.9,0.9,0.8,0.9,1.0,1.1,0.9,1.1,1.4,0.5,1.0,1.0,0.9
용인시 - 주민등록인구＜br＞(B),Statistics,451670.0,525622.0,575255.0,640452.0,693660.0,766569.0,800294.0,816763.0,839204.0,876550.0,896044.0,915959.0,941477.0,961026.0,975746.0,991126.0,1004081.0,1035126.0,1059609.0,1074176.0,1077508.0,1074971.0,1075566.0
울릉군 - 생활계폐기물발생량＜br＞(A),Statistics,12.0,12.0,13.0,12.5,11.7,12.9,15.7,15.3,14.9,15.1,15.5,19.8,13.0,12.0,12.3,14.4,15.6,17.2,15.4,15.2,14.6,17.7,18.1
울릉군 - 주민1인당 생활계폐기물배출량＜br＞(A÷B)*1000,Statistics,1.2,1.2,1.4,1.4,1.2,1.3,1.6,1.5,1.4,1.4,1.4,1.9,1.2,1.2,1.2,1.4,1.6,1.7,1.6,1.7,1.6,2.0,2.0
울릉군 - 주민등록인구＜br＞(B),Statistics,9944.0,9615.0,9245.0,9191.0,9538.0,10235.0,10125.0,10168.0,10325.0,10701.0,10742.0,10673.0,10524.0,10264.0,10153.0,10001.0,9975.0,9832.0,9617.0,9077.0,8867.0,8996.0,9077.0
울산광역시 - 생활계폐기물발생량＜br＞(A),Statistics,1408.1,1381.8,1330.4,1109.1,1071.5,1076.4,1097.9,1111.8,1114.1,1091.0,1191.3,1280.4,1234.2,1449.3,1551.5,1591.4,1509.8,1550.2,1622.3,1387.0,1193.3,1411.1,1184.8
울산광역시 - 주민1인당 생활계폐기물배출량＜br＞(A÷B)*1000,Statistics,1.3,1.3,1.2,1.0,1.0,1.0,1.0,1.0,1.0,1.0,1.0,1.1,1.1,1.2,1.3,1.4,1.3,1.3,1.4,1.2,1.1,1.3,1.1
울산광역시 - 주민등록인구＜br＞(B),Statistics,1055618.0,1065037.0,1072867.0,1081453.0,1087648.0,1092494.0,1099995.0,1112407.0,1114866.0,1126298.0,1135494.0,1147256.0,1156480.0,1166377.0,1173534.0,1172304.0,1165132.0,1155623.0,1148019.0,1136017.0,1121592.0,1110663.0,1103661.0
울주군 - 생활계폐기물발생량＜br＞(A),Statistics,141.1,155.6,160.8,180.1,152.1,177.2,171.2,179.4,190.8,181.1,220.8,205.8,197.6,246.6,326.3,290.5,270.3,294.2,416.6,296.4,272.4,265.0,277.5
울주군 - 주민1인당 생활계폐기물배출량＜br＞(A÷B)*1000,Statistics,0.8,0.9,0.9,1.0,0.9,1.0,0.9,0.9,1.0,0.9,1.1,1.0,0.9,1.2,1.5,1.3,1.2,1.3,1.9,1.3,1.2,1.2,1.3
울주군 - 주민등록인구＜br＞(B),Statistics,170265.0,171321.0,173843.0,174350.0,174353.0,177103.0,183261.0,191687.0,195399.0,201000.0,204680.0,207840.0,208646.0,214392.0,219429.0,219255.0,220718.0,221842.0,223167.0,222538.0,222059.0,221512.0,218997.0
울진군 - 생활계폐기물발생량＜br＞(A),Statistics,44.9,45.6,49.7,58.6,57.8,55.2,53.8,53.7,57.7,53.5,55.7,54.7,53.7,46.5,56.1,59.6,63.6,66.0,91.7,93.1,85.5,93.6,119.4
울진군 - 주민1인당 생활계폐기물배출량＜br＞(A÷B)*1000,Statistics,0.7,0.7,0.8,1.0,1.0,1.0,1.0,1.0,1.1,1.0,1.1,1.1,1.0,0.9,1.1,1.2,1.2,1.3,1.9,1.9,1.8,2.0,2.6
울진군 - 주민등록인구＜br＞(B),Statistics,65688.0,63511.0,61031.0,58590.0,56707.0,55076.0,53955.0,53042.0,52529.0,52430.0,52045.0,51844.0,51953.0,52104.0,51885.0,51738.0,50974.0,50036.0,49314.0,48716.0,47858.0,47030.0,46669.0
원주시 - 생활계폐기물발생량＜br＞(A),Statistics,300.2,399.6,359.9,342.8,379.6,384.9,346.3,386.4,355.6,335.2,346.0,323.2,310.7,243.7,243.3,268.2,453.8,434.4,441.6,465.5,432.4,419.9,354.6
원주시 - 주민1인당 생활계폐기물배출량＜br＞(A÷B)*1000,Statistics,1.1,1.4,1.3,1.2,1.3,1.3,1.2,1.3,1.2,1.1,1.1,1.0,1.0,0.7,0.7,0.8,1.3,1.3,1.3,1.3,1.2,1.2,1.0
원주시 - 주민등록인구＜br＞(B),Statistics,274266.0,276889.0,280738.0,284628.0,288454.0,294155.0,298762.0,303975.0,307882.0,314678.0,320536.0,323885.0,324837.0,327292.0,332995.0,337979.0,341337.0,344070.0,349215.0,354376.0,357757.0,360807.0,361503.0
유성구 - 생활계폐기물발생량＜br＞(A),Statistics,410.9,260.8,269.1,232.1,256.4,247.3,252.7,257.0,252.5,274.6,271.7,282.7,284.9,295.8,325.9,350.8,353.6,323.7,342.8,373.6,429.5,399.8,410.3
유성구 - 주민1인당 생활계폐기물배출량＜br＞(A÷B)*1000,Statistics,2.4,1.4,1.4,1.1,1.2,1.0,1.0,1.0,0.9,1.0,0.9,0.9,0.9,0.9,1.0,1.0,1.0,0.9,1.0,1.1,1.2,1.1,1.1
유성구 - 주민등록인구＜br＞(B),Statistics,171732.0,187346.0,193974.0,203478.0,220767.0,243130.0,250523.0,259831.0,266585.0,281692.0,294353.0,306312.0,313968.0,327461.0,335312.0,343222.0,348428.0,349790.0,349373.0,351047.0,351277.0,356093.0,366845.0
은평구 - 생활계폐기물발생량＜br＞(A),Statistics,386.9,404.6,382.7,347.8,331.3,318.9,295.3,286.4,344.4,264.6,270.3,261.1,294.9,300.3,227.5,283.4,319.6,333.3,369.0,380.4,378.9,352.8,339.1
은평구 - 주민1인당 생활계폐기물배출량＜br＞(A÷B)*1000,Statistics,0.8,0.9,0.8,0.7,0.7,0.7,0.6,0.6,0.7,0.5,0.5,0.5,0.6,0.6,0.5,0.6,0.7,0.7,0.8,0.8,0.8,0.8,0.7
은평구 - 주민등록인구＜br＞(B),Statistics,467719.0,470205.0,474778.0,478087.0,470751.0,464580.0,459196.0,458401.0,465895.0,488109.0,493634.0,501480.0,503660.0,498644.0,497920.0,491476.0,486794.0,483197.0,480032.0,479835.0,473307.0,466746.0,466770.0
음성군 - 생활계폐기물발생량＜br＞(A),Statistics,117.4,106.3,79.3,98.9,98.9,103.7,110.3,153.5,142.3,94.9,99.0,93.2,76.1,87.9,71.3,81.1,85.4,154.0,156.6,154.2,238.6,174.5,294.4
음성군 - 주민1인당 생활계폐기물배출량＜br＞(A÷B)*1000,Statistics,1.3,1.2,0.9,1.2,1.2,1.2,1.2,1.7,1.6,1.0,1.1,1.0,0.8,0.9,0.7,0.8,0.9,1.6,1.6,1.7,2.6,1.9,3.2
음성군 - 주민등록인구＜br＞(B),Statistics,87289.0,86562.0,85771.0,85638.0,85969.0,86789.0,88355.0,89542.0,89716.0,91093.0,91644.0,92980.0,93505.0,95324.0,96396.0,97787.0,97306.0,95830.0,94982.0,93153.0,92197.0,92058.0,91183.0
의령군 - 생활계폐기물발생량＜br＞(A),Statistics,26.8,27.9,28.5,29.6,31.5,22.9,31.1,25.6,27.7,21.5,20.9,20.9,23.5,31.6,25.5,28.6,28.0,29.3,27.2,53.4,43.7,26.7,25.4
의령군 - 주민1인당 생활계폐기물배출량＜br＞(A÷B)*1000,Statistics,0.8,0.9,0.9,0.9,1.0,0.7,1.0,0.8,0.9,0.7,0.7,0.7,0.8,1.1,0.9,1.0,1.0,1.1,1.0,2.0,1.7,1.0,1.0
의령군 - 주민등록인구＜br＞(B),Statistics,33494.0,32751.0,32766.0,32371.0,31099.0,31625.0,31418.0,30734.0,30496.0,30162.0,30045.0,30329.0,29417.0,29209.0,28544.0,28111.0,27849.0,27667.0,27168.0,26800.0,26322.0,26061.0,25475.0
의성군 - 생활계폐기물발생량＜br＞(A),Statistics,35.6,36.3,35.3,34.2,34.1,33.5,37.5,33.1,46.1,38.2,86.4,41.8,42.4,46.0,39.5,42.7,50.3,58.0,50.9,67.6,56.9,47.1,45.1
의성군 - 주민1인당 생활계폐기물배출량＜br＞(A÷B)*1000,Statistics,0.5,0.5,0.5,0.5,0.5,0.5,0.6,0.6,0.8,0.6,1.5,0.7,0.8,0.8,0.7,0.8,0.9,1.1,1.0,1.3,1.1,0.9,0.9
의성군 - 주민등록인구＜br＞(B),Statistics,73872.0,70863.0,68372.0,66124.0,64457.0,62947.0,61366.0,60033.0,59109.0,58832.0,57744.0,57043.0,56064.0,55212.0,54477.0,54014.0,53474.0,52944.0,52595.0,51724.0,50632.0,50186.0,50086.0
의왕시 - 생활계폐기물발생량＜br＞(A),Statistics,111.5,116.3,127.3,125.2,122.1,112.3,123.2,120.6,142.3,122.0,102.9,107.5,128.3,144.2,136.0,144.4,150.4,112.7,89.9,1187.1,156.6,177.8,183.7
의왕시 - 주민1인당 생활계폐기물배출량＜br＞(A÷B)*1000,Statistics,0.9,0.9,0.9,0.9,0.8,0.8,0.9,0.9,1.0,0.8,0.7,0.7,0.8,0.9,0.9,0.9,1.0,0.7,0.6,7.2,1.0,1.1,1.2
의왕시 - 주민등록인구＜br＞(B),Statistics,124191.0,133395.0,143388.0,145535.0,145952.0,138253.0,135009.0,134488.0,140874.0,147443.0,149607.0,154757.0,159772.0,158482.0,157740.0,156763.0,155767.0,153932.0,161153.0,163795.0,163356.0,160221.0,158870.0
의정부시 - 생활계폐기물발생량＜br＞(A),Statistics,331.0,337.0,349.7,359.0,360.8,347.7,394.2,428.2,462.3,455.1,579.0,415.8,370.3,376.9,387.8,378.9,425.8,460.0,392.9,74.4,441.2,440.6,419.0
의정부시 - 주민1인당 생활계폐기물배출량＜br＞(A÷B)*1000,Statistics,0.9,0.9,0.9,0.9,0.9,0.8,0.9,1.0,1.1,1.1,1.3,1.0,0.9,0.9,0.9,0.9,1.0,1.0,0.9,0.2,1.0,1.0,0.9
의정부시 - 주민등록인구＜br＞(B),Statistics,367171.0,378424.0,394803.0,397612.0,402410.0,410938.0,421853.0,430849.0,431008.0,431801.0,430400.0,429147.0,430976.0,431112.0,433937.0,438457.0,441584.0,447026.0,451868.0,461710.0,463661.0,463724.0,464213.0
이천시 - 생활계폐기물발생량＜br＞(A),Statistics,158.1,161.9,166.0,169.8,167.7,188.2,172.1,188.3,180.5,203.2,248.7,276.9,221.8,206.6,291.8,322.3,282.2,264.5,434.9,1391.2,348.1,382.4,323.8
이천시 - 주민1인당 생활계폐기물배출량＜br＞(A÷B)*1000,Statistics,0.8,0.9,0.9,0.9,0.9,1.0,0.9,1.0,0.9,1.0,1.2,1.4,1.1,1.0,1.4,1.5,1.3,1.2,2.0,6.4,1.6,1.7,1.5
이천시 - 주민등록인구＜br＞(B),Statistics,187274.0,189526.0,190753.0,190808.0,192271.0,194369.0,195691.0,196633.0,197496.0,202595.0,204566.0,204917.0,205479.0,205014.0,204935.0,210359.0,213142.0,214206.0,215834.0,218388.0,223177.0,222721.0,222098.0
익산시 - 생활계폐기물발생량＜br＞(A),Statistics,257.6,304.2,327.2,313.1,288.7,329.2,311.4,299.9,293.3,257.2,316.4,383.1,201.0,221.3,260.3,265.3,253.5,241.3,239.1,287.1,565.2,551.3,339.2
익산시 - 주민1인당 생활계폐기물배출량＜br＞(A÷B)*1000,Statistics,0.8,0.9,1.0,1.0,0.9,1.0,1.0,1.0,1.0,0.8,1.0,1.3,0.7,0.7,0.9,0.9,0.8,0.8,0.8,1.0,2.0,2.0,1.3
익산시 - 주민등록인구＜br＞(B),Statistics,334757.0,330101.0,325238.0,322378.0,318506.0,315094.0,313590.0,309269.0,306669.0,307289.0,309804.0,306469.0,306539.0,304117.0,302061.0,300479.0,300187.0,294062.0,287771.0,282276.0,278113.0,273697.0,270036.0
인제군 - 생활계폐기물발생량＜br＞(A),Statistics,39.2,38.4,41.6,41.9,48.1,77.9,89.8,83.7,64.6,59.1,66.0,70.3,60.8,55.5,76.3,83.9,100.5,95.1,78.9,50.1,71.7,82.5,83.1
인제군 - 주민1인당 생활계폐기물배출량＜br＞(A÷B)*1000,Statistics,1.2,1.2,1.3,1.3,1.5,2.4,2.8,2.6,2.1,1.9,2.1,2.2,1.9,1.7,2.3,2.6,3.1,3.0,2.5,1.6,2.2,2.6,2.6
인제군 - 주민등록인구＜br＞(B),Statistics,33092.0,32447.0,32092.0,32443.0,32811.0,32493.0,32079.0,31620.0,31452.0,31842.0,31970.0,32456.0,32517.0,32475.0,33255.0,32720.0,32582.0,32136.0,31672.0,31694.0,32165.0,32206.0,32020.0
인천광역시 - 생활계폐기물발생량＜br＞(A),Statistics,2145.8,2312.9,2444.6,2314.0,2213.0,1912.5,2269.4,3618.2,2396.4,2317.4,2177.6,2070.7,2412.7,1746.0,1897.5,2389.5,2280.1,2775.4,2999.0,3169.7,3883.5,4189.2,4170.4
인천광역시 - 주민1인당 생활계폐기물배출량＜br＞(A÷B)*1000,Statistics,0.8,0.9,1.0,0.9,0.9,0.7,0.9,1.3,0.9,0.8,0.8,0.7,0.8,0.6,0.6,0.8,0.8,0.9,1.0,1.1,1.3,1.4,1.4
인천광역시 - 주민등록인구＜br＞(B),Statistics,2564598.0,2577989.0,2570194.0,2578817.0,2600495.0,2624391.0,2664576.0,2692696.0,2710579.0,2758296.0,2801274.0,2843981.0,2879782.0,2902608.0,2925815.0,2943069.0,2948542.0,2954642.0,2957026.0,2942828.0,2948375.0,2967314.0,2997410.0
임실군 - 생활계폐기물발생량＜br＞(A),Statistics,16.2,20.9,21.7,23.0,23.1,19.1,23.5,20.1,20.5,20.5,16.4,14.7,12.6,14.8,15.4,15.1,12.7,10.3,13.0,16.5,23.0,27.2,37.1
임실군 - 주민1인당 생활계폐기물배출량＜br＞(A÷B)*1000,Statistics,0.4,0.6,0.6,0.7,0.7,0.6,0.7,0.6,0.7,0.7,0.5,0.5,0.4,0.5,0.5,0.5,0.4,0.3,0.4,0.6,0.9,1.0,1.4
임실군 - 주민등록인구＜br＞(B),Statistics,37439.0,35071.0,34283.0,33008.0,32511.0,31976.0,31952.0,31133.0,30703.0,30593.0,30789.0,29956.0,29739.0,29966.0,30271.0,30197.0,30162.0,30072.0,28902.0,27314.0,26730.0,26508.0,25956.0
장성군 - 생활계폐기물발생량＜br＞(A),Statistics,40.3,37.9,35.1,41.9,45.9,46.8,20.2,25.3,23.6,23.7,19.6,25.0,23.9,21.8,30.9,43.7,36.2,43.5,48.6,66.0,66.6,59.1,53.4
장성군 - 주민1인당 생활계폐기물배출량＜br＞(A÷B)*1000,Statistics,0.7,0.7,0.7,0.8,0.9,1.0,0.4,0.5,0.5,0.5,0.4,0.5,0.5,0.5,0.7,0.9,0.8,0.9,1.1,1.5,1.5,1.4,1.3
장성군 - 주민등록인구＜br＞(B),Statistics,54687.0,52542.0,51493.0,50200.0,49165.0,47870.0,47410.0,46602.0,46214.0,46514.0,46245.0,46289.0,46292.0,46273.0,46360.0,46104.0,46111.0,45795.0,45739.0,44464.0,43365.0,43146.0,42543.0
장수군 - 생활계폐기물발생량＜br＞(A),Statistics,21.4,17.4,15.4,15.4,15.5,15.0,16.7,19.2,18.6,25.5,19.8,19.0,19.7,25.0,23.6,21.8,24.3,28.6,22.5,29.1,38.5,32.9,34.1
장수군 - 주민1인당 생활계폐기물배출량＜br＞(A÷B)*1000,Statistics,0.7,0.7,0.5,0.6,0.6,0.6,0.6,0.8,0.8,1.1,0.9,0.8,0.8,1.1,1.0,0.9,1.1,1.2,1.0,1.3,1.8,1.5,1.6
장수군 - 주민등록인구＜br＞(B),Statistics,30445.0,26349.0,29445.0,26788.0,24755.0,24209.0,26687.0,23864.0,23478.0,23386.0,23215.0,23191.0,23243.0,23335.0,23277.0,23628.0,23003.0,23221.0,22441.0,22085.0,21695.0,21336.0,20983.0
장흥군 - 생활계폐기물발생량＜br＞(A),Statistics,38.0,38.0,32.6,28.8,27.5,26.3,72.3,41.9,41.3,39.2,39.7,30.9,32.9,32.8,31.6,35.3,33.1,24.4,26.4,45.0,50.1,44.6,31.9
장흥군 - 주민1인당 생활계폐기물배출량＜br＞(A÷B)*1000,Statistics,0.7,0.8,0.7,0.6,0.6,0.6,1.7,1.0,1.0,0.9,0.9,0.7,0.8,0.8,0.7,0.9,0.8,0.6,0.7,1.2,1.4,1.3,0.9
장흥군 - 주민등록인구＜br＞(B),Statistics,51738.0,50232.0,47837.0,46568.0,45542.0,44451.0,43468.0,42783.0,42097.0,42394.0,42552.0,42672.0,43004.0,43190.0,43513.0,40669.0,40136.0,39312.0,38563.0,37800.0,36547.0,35650.0,35046.0
전국 - 생활계폐기물발생량＜br＞(A),Statistics,48498.6,49901.6,50736.8,50007.3,48398.3,48843.8,50346.3,52072.3,50906.2,49159.0,48934.4,48989.8,48728.2,49914.8,51246.8,53771.9,53489.5,56035.4,57961.4,61597.4,62178.2,63119.3,61404.7
전국 - 주민1인당 생활계폐기물배출량＜br＞(A÷B)*1000,Statistics,1.0,1.0,1.0,1.0,1.0,1.0,1.0,1.1,1.0,1.0,1.0,1.0,1.0,1.0,1.0,1.0,1.0,1.1,1.1,1.2,1.2,1.2,1.2
전국 - 주민등록인구＜br＞(B),Statistics,48021543.0,48229948.0,48386823.0,48583805.0,48782274.0,48991779.0,49268928.0,49540367.0,49773145.0,50515666.0,50734284.0,50948272.0,51141463.0,51327916.0,51529338.0,51696216.0,51778544.0,51826059.0,51849861.0,51829023.0,51638809.0,51439038.0,51325329.0
전라남도 - 생활계폐기물발생량＜br＞(A),Statistics,1910.5,1979.6,2194.0,2235.4,1879.6,1770.1,1930.4,2036.9,1899.6,1810.5,1828.8,2181.3,2046.6,2009.7,1948.6,1966.8,1983.0,2066.8,2097.8,2599.9,2485.6,2434.9,2461.5
전라남도 - 주민1인당 생활계폐기물배출량＜br＞(A÷B)*1000,Statistics,0.9,1.0,1.1,1.1,1.0,0.9,1.0,1.1,1.0,0.9,1.0,1.1,1.1,1.1,1.0,1.0,1.0,1.1,1.1,1.4,1.4,1.3,1.4
전라남도 - 주민등록인구＜br＞(B),Statistics,2099308.0,2054204.0,2017730.0,1986192.0,1967205.0,1942925.0,1929836.0,1919000.0,1913004.0,1918485.0,1914339.0,1909618.0,1907172.0,1905780.0,1908996.0,1903914.0,1896424.0,1882970.0,1868745.0,1851549.0,1832803.0,1817697.0,1804217.0
전북특별자치도 - 생활계폐기물발생량＜br＞(A),Statistics,1667.5,1626.6,1754.2,1735.5,1625.4,1734.9,1731.7,1685.6,1644.9,1592.6,1830.6,1796.4,1656.3,1705.0,1831.2,1847.5,1916.2,2109.4,2050.6,2227.3,2353.1,2310.9,2066.5
전북특별자치도 - 주민1인당 생활계폐기물배출량＜br＞(A÷B)*1000,Statistics,0.8,0.8,0.9,0.9,0.9,0.9,0.9,0.9,0.9,0.9,1.0,1.0,0.9,0.9,1.0,1.0,1.0,1.1,1.1,1.2,1.3,1.3,1.2
전북특별자치도 - 주민등록인구＜br＞(B),Statistics,2006454.0,1953846.0,1954430.0,1906742.0,1885335.0,1868365.0,1862277.0,1855772.0,1854508.0,1868963.0,1874031.0,1873341.0,1872965.0,1871560.0,1869711.0,1864791.0,1854607.0,1836832.0,1818917.0,1804104.0,1786855.0,1769607.0,1754757.0
전주시 - 생활계폐기물발생량＜br＞(A),Statistics,571.6,595.4,598.9,599.0,573.5,608.0,662.4,656.7,621.4,594.8,616.3,635.3,699.9,699.4,796.6,729.0,753.9,859.3,642.8,620.7,650.3,687.3,655.5
전주시 - 주민1인당 생활계폐기물배출량＜br＞(A÷B)*1000,Statistics,0.9,1.0,1.0,1.0,0.9,1.0,1.1,1.0,1.0,0.9,1.0,1.0,1.1,1.1,1.2,1.1,1.2,1.3,1.0,0.9,1.0,1.1,1.0
전주시 - 주민등록인구＜br＞(B),Statistics,622283.0,624485.0,618819.0,622472.0,621749.0,624849.0,623926.0,631532.0,635007.0,641525.0,645894.0,648863.0,650082.0,652877.0,652282.0,651744.0,648964.0,651091.0,654394.0,657432.0,657269.0,651495.0,642727.0
정선군 - 생활계폐기물발생량＜br＞(A),Statistics,17.3,38.1,37.0,32.7,25.3,32.7,48.5,48.2,69.9,57.9,48.5,49.0,53.7,54.6,55.6,66.2,52.1,40.4,75.1,50.3,54.3,53.2,50.5
정선군 - 주민1인당 생활계폐기물배출량＜br＞(A÷B)*1000,Statistics,0.4,0.7,0.8,0.7,0.6,0.8,1.2,1.2,1.7,1.4,1.2,1.2,1.3,1.4,1.4,1.7,1.4,1.1,2.0,1.4,1.5,1.5,1.5
정선군 - 주민등록인구＜br＞(B),Statistics,49048.0,51226.0,46225.0,45419.0,44203.0,43186.0,41806.0,41269.0,40708.0,41045.0,40181.0,39915.0,39985.0,39425.0,39197.0,38718.0,38173.0,37700.0,37271.0,36870.0,35675.0,34931.0,34202.0
정읍시 - 생활계폐기물발생량＜br＞(A),Statistics,103.0,94.4,104.2,96.0,87.5,89.8,81.0,77.6,78.3,77.0,76.3,79.8,83.5,87.3,83.9,87.5,89.2,90.3,86.4,123.6,111.8,109.4,110.9
정읍시 - 주민1인당 생활계폐기물배출량＜br＞(A÷B)*1000,Statistics,0.7,0.7,0.7,0.7,0.7,0.7,0.7,0.6,0.6,0.6,0.6,0.7,0.7,0.7,0.7,0.8,0.8,0.8,0.8,1.1,1.0,1.0,1.1
정읍시 - 주민등록인구＜br＞(B),Statistics,151813.0,139133.0,155319.0,132285.0,129050.0,126249.0,124239.0,122842.0,121545.0,122000.0,120466.0,119392.0,118328.0,117183.0,115977.0,115173.0,113776.0,112169.0,110541.0,108508.0,106487.0,105081.0,103620.0
제주시 - 생활계폐기물발생량＜br＞(A),Statistics,,,,,,447.0,456.2,454.1,470.8,471.4,557.4,561.2,605.9,657.5,819.3,881.9,881.3,923.2,860.3,947.6,948.0,1029.0,1037.8
제주시 - 주민1인당 생활계폐기물배출량＜br＞(A÷B)*1000,Statistics,,,,,,1.1,1.1,1.1,1.1,1.1,1.3,1.3,1.4,1.5,1.8,1.9,1.8,1.9,1.8,1.9,1.9,2.1,2.1
제주시 - 주민등록인구＜br＞(B),Statistics,,,,,,403601.0,405458.0,407498.0,410378.0,417539.0,422790.0,429656.0,438165.0,448834.0,459876.0,470665.0,478700.0,485946.0,489405.0,492466.0,493096.0,493389.0,491654.0
제주특별자치도 - 생활계폐기물발생량＜br＞(A),Statistics,617.3,647.7,628.3,630.0,643.6,579.8,594.9,602.7,621.9,638.8,764.7,861.9,984.2,976.2,1162.3,1305.3,1312.1,1313.9,1233.5,1320.4,1303.3,1391.0,1436.1
제주특별자치도 - 주민1인당 생활계폐기물배출량＜br＞(A÷B)*1000,Statistics,1.1,1.2,1.1,1.1,1.2,1.0,1.1,1.1,1.1,1.1,1.3,1.5,1.7,1.6,1.9,2.0,2.0,2.0,1.8,2.0,1.9,2.1,2.1
제주특별자치도 - 주민등록인구＜br＞(B),Statistics,546889.0,550831.0,552297.0,555362.0,557569.0,558496.0,559258.0,560618.0,562663.0,571255.0,576156.0,583713.0,593806.0,607346.0,624395.0,641597.0,657083.0,667191.0,670989.0,674635.0,676759.0,678159.0,675252.0
제천시 - 생활계폐기물발생량＜br＞(A),Statistics,135.4,130.7,179.9,153.1,148.4,156.3,184.7,128.6,136.5,148.9,137.7,121.1,127.9,122.8,123.0,114.0,120.3,149.5,135.3,188.2,254.3,202.6,187.3
제천시 - 주민1인당 생활계폐기물배출량＜br＞(A÷B)*1000,Statistics,0.9,0.9,1.3,1.1,1.1,1.1,1.4,0.9,1.0,1.1,1.0,0.9,0.9,0.9,0.9,0.8,0.9,1.1,1.0,1.4,1.9,1.5,1.4
제천시 - 주민등록인구＜br＞(B),Statistics,144968.0,143231.0,140676.0,138872.0,138201.0,136398.0,136218.0,135738.0,135580.0,137264.0,137689.0,137521.0,137204.0,136805.0,136138.0,136517.0,136432.0,135386.0,134617.0,133018.0,131591.0,130988.0,130194.0
종로구 - 생활계폐기물발생량＜br＞(A),Statistics,445.8,455.8,479.1,498.6,564.9,442.8,467.0,432.6,385.4,439.0,411.0,386.6,354.7,365.4,324.4,406.0,375.1,362.7,339.9,264.2,229.8,285.9,266.9
종로구 - 주민1인당 생활계폐기물배출량＜br＞(A÷B)*1000,Statistics,2.4,2.5,2.7,2.9,3.3,2.7,2.8,2.5,2.3,2.6,2.4,2.3,2.2,2.3,2.1,2.7,2.4,2.4,2.2,1.8,1.6,2.0,1.9
종로구 - 주민등록인구＜br＞(B),Statistics,184225.0,181231.0,177519.0,174372.0,169315.0,166793.0,165846.0,170705.0,168603.0,170578.0,168382.0,165207.0,160070.0,156993.0,154986.0,152737.0,154770.0,153065.0,151290.0,149384.0,144683.0,141379.0,139417.0
중구 - 생활계폐기물발생량＜br＞(A),Statistics,587.1,550.1,546.7,512.5,485.4,499.3,501.8,621.3,487.4,529.2,562.9,553.4,507.9,504.5,500.3,499.2,446.0,429.7,413.7,357.5,298.1,325.4,363.0
중구 - 주민1인당 생활계폐기물배출량＜br＞(A÷B)*1000,Statistics,4.1,4.0,4.1,3.9,3.7,3.8,3.9,4.8,3.8,4.0,4.2,4.1,3.9,3.9,4.0,4.0,3.5,3.4,3.3,2.9,2.4,2.7,3.0
중구 - 주민등록인구＜br＞(B),Statistics,143016.0,138134.0,134548.0,131971.0,130027.0,130649.0,130044.0,130362.0,129465.0,132822.0,133193.0,133360.0,130465.0,128065.0,125733.0,125249.0,125709.0,125725.0,126171.0,125240.0,122499.0,120437.0,121312.0
중랑구 - 생활계폐기물발생량＜br＞(A),Statistics,334.6,339.9,340.2,319.5,342.8,339.6,359.3,292.0,393.5,214.9,213.1,222.5,227.4,369.4,392.1,387.9,361.3,391.9,330.5,337.6,288.3,286.0,265.3
중랑구 - 주민1인당 생활계폐기물배출량＜br＞(A÷B)*1000,Statistics,0.7,0.8,0.8,0.7,0.8,0.8,0.8,0.7,0.9,0.5,0.5,0.5,0.5,0.9,0.9,0.9,0.9,1.0,0.8,0.9,0.7,0.7,0.7
중랑구 - 주민등록인구＜br＞(B),Statistics,448928.0,442125.0,436089.0,433858.0,427373.0,426078.0,427071.0,427871.0,424761.0,427455.0,423706.0,419295.0,416798.0,418836.0,413909.0,411005.0,408226.0,403209.0,397015.0,394702.0,387350.0,385318.0,382155.0
증평군 - 생활계폐기물발생량＜br＞(A),Statistics,,,22.9,25.3,22.2,21.8,26.3,31.9,35.6,39.0,38.0,28.0,35.6,38.9,42.3,40.6,39.0,38.9,56.9,54.1,55.2,45.9,55.8
증평군 - 주민1인당 생활계폐기물배출량＜br＞(A÷B)*1000,Statistics,,,0.7,0.8,0.7,0.7,0.8,1.0,1.1,1.2,1.1,0.8,1.0,1.1,1.2,1.1,1.0,1.0,1.5,1.5,1.5,1.2,1.5
증평군 - 주민등록인구＜br＞(B),Statistics,,,31310.0,30899.0,30607.0,30483.0,31145.0,32179.0,33164.0,33533.0,34009.0,34279.0,34546.0,34771.0,36671.0,37308.0,37783.0,37317.0,37392.0,36807.0,36426.0,37262.0,37484.0
진도군 - 생활계폐기물발생량＜br＞(A),Statistics,42.2,36.2,36.8,35.1,33.8,36.6,23.2,26.8,38.2,38.5,23.7,35.9,46.5,49.1,32.3,29.9,29.8,35.5,42.8,52.5,55.2,43.2,127.1
진도군 - 주민1인당 생활계폐기물배출량＜br＞(A÷B)*1000,Statistics,1.0,0.9,1.0,0.9,0.9,1.0,0.7,0.8,1.1,1.1,0.7,1.1,1.4,1.5,1.0,0.9,0.9,1.1,1.4,1.7,1.8,1.5,4.4
진도군 - 주민등록인구＜br＞(B),Statistics,41139.0,39619.0,38382.0,37329.0,36529.0,35953.0,35206.0,34412.0,33931.0,33743.0,33502.0,33208.0,32998.0,32746.0,32476.0,32078.0,31765.0,31219.0,30715.0,31227.0,30066.0,29507.0,28979.0
진안군 - 생활계폐기물발생량＜br＞(A),Statistics,17.5,16.0,19.1,23.2,19.7,14.5,28.0,27.6,27.3,22.6,20.4,20.5,20.3,21.3,20.5,14.5,13.2,10.7,20.3,83.5,81.5,27.9,27.8
진안군 - 주민1인당 생활계폐기물배출량＜br＞(A÷B)*1000,Statistics,0.5,0.5,0.6,0.8,0.7,0.5,0.9,1.0,1.0,0.8,0.7,0.8,0.8,0.8,0.8,0.6,0.5,0.4,0.8,3.3,3.3,1.1,1.1
진안군 - 주민등록인구＜br＞(B),Statistics,32635.0,30439.0,30475.0,30757.0,29021.0,27122.0,30250.0,27230.0,27558.0,27543.0,28473.0,26963.0,26703.0,26474.0,26203.0,26069.0,26271.0,25963.0,25697.0,25394.0,24987.0,24550.0,24465.0
진주시 - 생활계폐기물발생량＜br＞(A),Statistics,367.0,422.7,431.0,417.0,353.3,381.4,377.7,359.4,373.1,376.7,376.3,376.1,415.1,413.2,427.8,401.7,425.5,447.7,461.0,468.1,461.9,507.4,470.2
진주시 - 주민1인당 생활계폐기물배출량＜br＞(A÷B)*1000,Statistics,1.1,1.2,1.3,1.2,1.1,1.1,1.1,1.1,1.1,1.1,1.1,1.1,1.2,1.2,1.2,1.2,1.2,1.3,1.3,1.3,1.3,1.5,1.4
진주시 - 주민등록인구＜br＞(B),Statistics,339906.0,339943.0,337319.0,337425.0,336234.0,333554.0,330756.0,331222.0,331720.0,335037.0,335502.0,337314.0,337071.0,340241.0,344426.0,346739.0,346681.0,345987.0,347334.0,348096.0,347097.0,343782.0,341074.0
진천군 - 생활계폐기물발생량＜br＞(A),Statistics,56.0,51.9,73.2,70.9,71.0,63.8,44.6,55.1,82.4,63.9,106.3,88.9,89.3,62.1,72.6,79.2,107.8,114.7,91.0,132.7,125.1,139.8,177.2
진천군 - 주민1인당 생활계폐기물배출량＜br＞(A÷B)*1000,Statistics,0.9,0.9,1.2,1.2,1.2,1.1,0.7,0.9,1.3,1.0,1.7,1.4,1.4,1.0,1.1,1.1,1.5,1.5,1.1,1.6,1.5,1.6,2.1
진천군 - 주민등록인구＜br＞(B),Statistics,60309.0,59699.0,59724.0,60347.0,60155.0,60111.0,60154.0,60715.0,61456.0,62094.0,63051.0,63458.0,64606.0,65174.0,67981.0,69950.0,73677.0,78218.0,81084.0,83718.0,85176.0,86147.0,86254.0
창녕군 - 생활계폐기물발생량＜br＞(A),Statistics,50.0,48.8,52.0,48.3,48.3,51.6,62.4,54.3,55.3,43.4,46.9,49.5,49.6,51.4,50.7,51.5,53.0,56.6,303.8,68.6,83.9,77.6,73.7
창녕군 - 주민1인당 생활계폐기물배출량＜br＞(A÷B)*1000,Statistics,0.7,0.7,0.8,0.7,0.7,0.8,1.0,0.9,0.9,0.7,0.8,0.8,0.8,0.8,0.8,0.8,0.8,0.9,4.9,1.1,1.4,1.3,1.3
창녕군 - 주민등록인구＜br＞(B),Statistics,71047.0,69220.0,67313.0,66074.0,64672.0,63476.0,62255.0,61603.0,61252.0,61714.0,62490.0,62966.0,63447.0,63502.0,63817.0,63982.0,64101.0,63396.0,62331.0,61301.0,60129.0,58372.0,57083.0
창원시 - 생활계폐기물발생량＜br＞(A),Statistics,,,,,,,,,,1199.6,1156.0,1299.8,945.0,1121.7,1123.2,1245.7,1301.5,1232.9,1226.2,1252.2,1514.5,1329.6,1337.8
창원시 - 주민1인당 생활계폐기물배출량＜br＞(A÷B)*1000,Statistics,,,,,,,,,,1.1,1.1,1.2,0.9,1.0,1.0,1.2,1.2,1.2,1.2,1.2,1.5,1.3,1.3
창원시 - 주민등록인구＜br＞(B),Statistics,,,,,,,,,,1090181.0,1091881.0,1091471.0,1083731.0,1075168.0,1070064.0,1063907.0,1057032.0,1053601.0,1044740.0,1036738.0,1032741.0,1021487.0,1009038.0
천안시 - 생활계폐기물발생량＜br＞(A),Statistics,690.0,726.0,746.0,720.5,765.6,834.8,813.8,766.3,1036.0,954.6,932.1,981.9,1077.7,943.3,853.9,883.0,940.9,822.1,807.3,804.4,917.0,833.8,904.0
천안시 - 주민1인당 생활계폐기물배출량＜br＞(A÷B)*1000,Statistics,1.6,1.6,1.6,1.4,1.5,1.6,1.5,1.4,1.9,1.7,1.6,1.7,1.8,1.6,1.4,1.4,1.5,1.3,1.2,1.2,1.4,1.3,1.4
천안시 - 주민등록인구＜br＞(B),Statistics,432534.0,441243.0,456501.0,503082.0,512482.0,523323.0,531956.0,537698.0,540832.0,557673.0,571377.0,581988.0,591089.0,598346.0,605776.0,617955.0,631531.0,646075.0,652258.0,658808.0,658486.0,657559.0,655959.0
철원군 - 생활계폐기물발생량＜br＞(A),Statistics,43.0,43.5,43.0,43.4,43.9,49.5,47.8,42.4,48.4,43.8,47.9,66.2,55.2,60.8,57.9,55.7,55.7,53.8,56.2,57.9,64.1,56.3,57.7
철원군 - 주민1인당 생활계폐기물배출량＜br＞(A÷B)*1000,Statistics,0.8,0.9,0.9,0.9,0.9,1.0,1.0,0.9,1.0,0.9,1.0,1.4,1.2,1.3,1.2,1.2,1.2,1.2,1.2,1.3,1.5,1.3,1.4
철원군 - 주민등록인구＜br＞(B),Statistics,52072.0,50532.0,50212.0,49650.0,48933.0,48024.0,47420.0,47724.0,47669.0,48928.0,48084.0,47968.0,47473.0,47590.0,48799.0,48013.0,47185.0,46413.0,45584.0,44699.0,43340.0,42256.0,41448.0
청도군 - 생활계폐기물발생량＜br＞(A),Statistics,23.9,21.4,20.8,18.8,18.5,16.7,15.9,19.4,21.3,16.3,16.4,18.8,19.5,20.3,22.0,31.6,30.4,28.9,30.7,33.8,38.5,41.7,43.5
청도군 - 주민1인당 생활계폐기물배출량＜br＞(A÷B)*1000,Statistics,0.5,0.4,0.4,0.4,0.4,0.4,0.3,0.4,0.5,0.4,0.4,0.4,0.4,0.5,0.5,0.7,0.7,0.7,0.7,0.8,0.9,1.0,1.1
청도군 - 주민등록인구＜br＞(B),Statistics,51268.0,50716.0,50141.0,47678.0,46748.0,46144.0,45515.0,44711.0,44279.0,44391.0,44298.0,43968.0,43788.0,43993.0,43724.0,43564.0,43346.0,43057.0,42910.0,42263.0,41891.0,41614.0,41316.0
청송군 - 생활계폐기물발생량＜br＞(A),Statistics,23.0,24.2,24.4,24.9,26.3,18.8,24.2,31.7,33.5,26.0,27.6,24.7,24.9,27.0,32.0,27.4,30.6,30.8,37.1,41.0,37.6,36.2,39.6
청송군 - 주민1인당 생활계폐기물배출량＜br＞(A÷B)*1000,Statistics,0.7,0.7,0.8,0.8,0.9,0.7,0.9,1.2,1.2,1.0,1.0,0.9,0.9,1.0,1.2,1.0,1.2,1.2,1.5,1.6,1.5,1.5,1.6
청송군 - 주민등록인구＜br＞(B),Statistics,33517.0,32323.0,31313.0,30099.0,29298.0,28465.0,27862.0,27289.0,26917.0,26715.0,26569.0,26481.0,26470.0,26453.0,26384.0,26301.0,26006.0,25678.0,25416.0,25044.0,24539.0,24295.0,24019.0
청양군 - 생활계폐기물발생량＜br＞(A),Statistics,25.4,61.0,55.9,35.8,34.6,34.5,48.9,37.4,27.1,29.8,28.4,28.1,28.3,27.2,25.8,26.3,27.0,32.1,39.8,37.2,41.7,40.5,43.3
청양군 - 주민1인당 생활계폐기물배출량＜br＞(A÷B)*1000,Statistics,0.6,1.6,1.5,1.0,1.0,1.0,1.5,1.1,0.8,0.9,0.9,0.9,0.9,0.8,0.8,0.8,0.8,1.0,1.3,1.2,1.4,1.3,1.4
청양군 - 주민등록인구＜br＞(B),Statistics,40029.0,38588.0,36992.0,35626.0,34921.0,34086.0,33604.0,33062.0,32613.0,32541.0,32291.0,32087.0,32155.0,32248.0,32485.0,32753.0,32837.0,32296.0,31717.0,30948.0,30440.0,30266.0,30168.0
청주시 - 생활계폐기물발생량＜br＞(A),Statistics,,,,,,,,,,,,,,1163.7,989.4,1212.7,1124.4,1083.0,1224.2,1096.8,1002.9,1056.1,1031.1
청주시 - 주민1인당 생활계폐기물배출량＜br＞(A÷B)*1000,Statistics,,,,,,,,,,,,,,1.4,1.2,1.5,1.3,1.3,1.5,1.3,1.2,1.2,1.2
청주시 - 주민등록인구＜br＞(B),Statistics,,,,,,,,,,,,,,831521.0,831912.0,835197.0,835590.0,837749.0,839566.0,844993.0,848482.0,849573.0,852189.0
춘천시 - 생활계폐기물발생량＜br＞(A),Statistics,273.5,338.6,335.9,338.6,349.1,335.8,346.2,345.0,446.8,475.5,481.6,465.6,434.9,488.0,436.8,430.8,409.2,462.9,275.4,252.6,303.5,309.2,332.6
춘천시 - 주민1인당 생활계폐기물배출량＜br＞(A÷B)*1000,Statistics,1.1,1.3,1.3,1.3,1.4,1.3,1.3,1.3,1.7,1.8,1.8,1.7,1.6,1.8,1.6,1.5,1.5,1.6,1.0,0.9,1.1,1.1,1.2
춘천시 - 주민등록인구＜br＞(B),Statistics,251142.0,252624.0,253363.0,254323.0,254999.0,256239.0,258141.0,261975.0,264849.0,269950.0,272805.0,273364.0,274455.0,275791.0,277997.0,280707.0,280514.0,280640.0,281291.0,282765.0,284594.0,286664.0,286426.0
충남 당진군 - 생활계폐기물발생량＜br＞(A),Statistics,82.9,94.4,83.8,84.1,92.1,83.2,92.2,154.1,147.0,142.5,147.7,,,,,,,,,,,,
충남 당진군 - 주민1인당 생활계폐기물배출량＜br＞(A÷B)*1000,Statistics,0.7,0.8,0.7,0.7,0.8,0.7,0.7,1.1,1.1,1.0,1.0,,,,,,,,,,,,
충남 당진군 - 주민등록인구＜br＞(B),Statistics,120445.0,118395.0,116477.0,117510.0,120483.0,124925.0,136254.0,136432.0,138798.0,144903.0,150219.0,,,,,,,,,,,,
충남 연기군 - 생활계폐기물발생량＜br＞(A),Statistics,79.2,77.9,87.6,55.8,50.6,333.0,78.3,112.6,110.9,52.7,52.3,,,,,,,,,,,,
충남 연기군 - 주민1인당 생활계폐기물배출량＜br＞(A÷B)*1000,Statistics,1.0,0.9,1.1,0.7,0.6,4.0,1.0,1.4,1.4,0.6,0.6,,,,,,,,,,,,
충남 연기군 - 주민등록인구＜br＞(B),Statistics,81328.0,82323.0,82733.0,84455.0,84308.0,82747.0,79977.0,78645.0,79482.0,81871.0,82890.0,,,,,,,,,,,,
충북 청원군 - 생활계폐기물발생량＜br＞(A),Statistics,118.0,117.5,125.4,157.1,151.4,161.6,154.7,177.6,176.6,168.0,172.8,229.9,209.9,,,,,,,,,,
충북 청원군 - 주민1인당 생활계폐기물배출량＜br＞(A÷B)*1000,Statistics,1.0,1.0,1.0,1.3,1.3,1.2,1.1,1.2,1.2,1.1,1.1,1.5,1.4,,,,,,,,,,
충북 청원군 - 주민등록인구＜br＞(B),Statistics,124181.0,122782.0,121235.0,119745.0,119784.0,136538.0,143021.0,148063.0,149783.0,152944.0,158369.0,154780.0,155002.0,,,,,,,,,,
충북 청주시 - 생활계폐기물발생량＜br＞(A),Statistics,693.2,732.0,775.2,809.3,845.5,846.6,844.3,715.0,842.6,823.5,788.4,747.7,781.7,,,,,,,,,,
충북 청주시 - 주민1인당 생활계폐기물배출량＜br＞(A÷B)*1000,Statistics,1.2,1.2,1.3,1.3,1.3,1.4,1.3,1.1,1.3,1.3,1.2,1.1,1.2,,,,,,,,,,
충북 청주시 - 주민등록인구＜br＞(B),Statistics,592504.0,603941.0,615155.0,624288.0,630939.0,626679.0,633286.0,638663.0,643161.0,655971.0,661946.0,666852.0,672904.0,,,,,,,,,,
충주시 - 생활계폐기물발생량＜br＞(A),Statistics,270.6,238.6,223.2,218.7,197.6,164.9,159.4,199.0,191.3,227.3,209.4,253.4,247.3,265.8,166.0,340.9,295.0,355.6,379.7,337.6,311.3,484.5,305.3
충주시 - 주민1인당 생활계폐기물배출량＜br＞(A÷B)*1000,Statistics,1.3,1.1,1.1,1.1,1.0,0.8,0.8,1.0,0.9,1.1,1.0,1.2,1.2,1.3,0.8,1.6,1.4,1.7,1.8,1.6,1.5,2.3,1.5
충주시 - 주민등록인구＜br＞(B),Statistics,215249.0,211980.0,209138.0,207534.0,205907.0,204610.0,205064.0,206372.0,206613.0,208481.0,208433.0,208447.0,208115.0,208527.0,207913.0,208350.0,208316.0,210504.0,210737.0,210186.0,209358.0,208277.0,207778.0
충청남도 - 생활계폐기물발생량＜br＞(A),Statistics,1938.6,2047.5,2194.3,2739.1,2111.4,2500.9,2279.4,2551.4,2644.9,2461.3,2404.0,2411.5,2582.6,2482.8,2579.1,2502.0,2718.3,2961.9,2822.4,2827.8,2806.8,2815.3,2823.0
충청남도 - 주민1인당 생활계폐기물배출량＜br＞(A÷B)*1000,Statistics,1.0,1.1,1.1,1.4,1.1,1.3,1.1,1.3,1.3,1.2,1.1,1.2,1.3,1.2,1.2,1.2,1.3,1.4,1.3,1.3,1.3,1.3,1.3
충청남도 - 주민등록인구＜br＞(B),Statistics,1918137.0,1907725.0,1912803.0,1953406.0,1962646.0,1974433.0,1995531.0,2018537.0,2037582.0,2075514.0,2101284.0,2028777.0,2047631.0,2062273.0,2077649.0,2096727.0,2116770.0,2126282.0,2123709.0,2121029.0,2119257.0,2123037.0,2130119.0
충청북도 - 생활계폐기물발생량＜br＞(A),Statistics,1586.3,1604.0,1636.7,1693.9,1707.2,1750.0,1696.9,1658.4,1817.7,1774.8,1754.0,1773.5,1764.1,1943.0,1680.6,2114.4,2032.9,2163.1,2274.4,2297.8,2278.3,2396.3,2372.6
충청북도 - 주민1인당 생활계폐기물배출량＜br＞(A÷B)*1000,Statistics,1.1,1.1,1.1,1.1,1.1,1.2,1.1,1.1,1.2,1.1,1.1,1.1,1.1,1.2,1.1,1.3,1.3,1.4,1.4,1.4,1.4,1.5,1.5
충청북도 - 주민등록인구＜br＞(B),Statistics,1496520.0,1492713.0,1489635.0,1488945.0,1488803.0,1494559.0,1506608.0,1519587.0,1527478.0,1549528.0,1562903.0,1565628.0,1572732.0,1578933.0,1583952.0,1591625.0,1594432.0,1599252.0,1600007.0,1600837.0,1597427.0,1595058.0,1593469.0
칠곡군 - 생활계폐기물발생량＜br＞(A),Statistics,94.9,95.0,95.4,97.6,103.1,104.6,107.8,117.8,122.0,113.4,110.6,103.6,112.0,116.3,119.6,126.2,126.0,122.2,119.9,247.5,266.8,262.9,261.7
칠곡군 - 주민1인당 생활계폐기물배출량＜br＞(A÷B)*1000,Statistics,0.9,0.9,0.9,0.9,1.0,0.9,0.9,1.0,1.0,1.0,0.9,0.9,0.9,1.0,1.0,1.0,1.0,1.0,1.0,2.2,2.3,2.3,2.4
칠곡군 - 주민등록인구＜br＞(B),Statistics,104743.0,105844.0,105843.0,106475.0,107750.0,111390.0,113851.0,116472.0,117288.0,119087.0,118838.0,119786.0,121182.0,122058.0,122829.0,123199.0,120864.0,118828.0,117047.0,114758.0,113822.0,112487.0,110581.0
태백시 - 생활계폐기물발생량＜br＞(A),Statistics,82.9,81.8,122.8,100.8,80.3,97.6,126.5,120.7,125.7,120.8,86.6,83.0,76.3,58.5,64.0,45.8,93.0,87.3,97.3,94.1,84.2,78.2,82.6
태백시 - 주민1인당 생활계폐기물배출량＜br＞(A÷B)*1000,Statistics,1.5,1.5,2.3,1.9,1.5,1.9,2.5,2.4,2.5,2.4,1.7,1.7,1.6,1.2,1.3,1.0,2.0,1.9,2.2,2.2,2.1,2.0,2.1
태백시 - 주민등록인구＜br＞(B),Statistics,56193.0,55154.0,53948.0,53264.0,52463.0,51593.0,51490.0,51028.0,50424.0,50864.0,50176.0,49493.0,48794.0,48258.0,47501.0,47070.0,45888.0,44858.0,43866.0,42719.0,40844.0,39428.0,38702.0
태안군 - 생활계폐기물발생량＜br＞(A),Statistics,56.0,72.9,65.0,63.9,65.4,34.5,72.9,78.3,90.7,77.5,62.8,55.8,66.2,62.3,96.7,82.6,82.5,83.1,79.8,66.1,83.8,81.0,88.8
태안군 - 주민1인당 생활계폐기물배출량＜br＞(A÷B)*1000,Statistics,0.8,1.1,1.0,1.0,1.0,0.5,1.2,1.2,1.4,1.2,1.0,0.9,1.1,1.0,1.5,1.3,1.3,1.3,1.3,1.1,1.4,1.3,1.5
태안군 - 주민등록인구＜br＞(B),Statistics,67878.0,66062.0,63930.0,63764.0,63794.0,63754.0,63042.0,63401.0,63095.0,63247.0,62747.0,62548.0,62416.0,62574.0,63484.0,63900.0,63932.0,63238.0,62743.0,62214.0,61526.0,61335.0,60784.0
통영시 - 생활계폐기물발생량＜br＞(A),Statistics,133.8,120.2,128.3,143.2,144.9,135.6,116.1,174.2,190.6,192.9,191.0,190.5,191.4,192.6,208.0,229.8,232.8,214.8,202.5,529.2,509.7,137.2,279.4
통영시 - 주민1인당 생활계폐기물배출량＜br＞(A÷B)*1000,Statistics,1.0,0.9,1.0,1.1,1.1,1.0,0.9,1.3,1.4,1.4,1.4,1.4,1.4,1.4,1.5,1.7,1.7,1.6,1.5,4.1,4.1,1.1,2.3
통영시 - 주민등록인구＜br＞(B),Statistics,135547.0,134107.0,133420.0,132959.0,132795.0,133127.0,134431.0,136275.0,137415.0,140297.0,140195.0,139347.0,139719.0,139439.0,139168.0,138160.0,135833.0,133720.0,131404.0,128293.0,125383.0,122681.0,120551.0
파주시 - 생활계폐기물발생량＜br＞(A),Statistics,169.5,187.2,195.3,205.5,207.8,260.3,313.2,365.4,371.6,357.4,436.0,373.3,378.5,393.5,422.6,472.9,434.4,505.2,494.8,789.0,673.1,683.9,616.4
파주시 - 주민1인당 생활계폐기물배출량＜br＞(A÷B)*1000,Statistics,0.8,0.8,0.8,0.8,0.8,0.9,1.0,1.2,1.2,1.0,1.2,0.9,0.9,1.0,1.0,1.1,1.0,1.1,1.1,1.7,1.4,1.4,1.2
파주시 - 주민등록인구＜br＞(B),Statistics,224658.0,235147.0,237658.0,246323.0,261770.0,292752.0,303831.0,311164.0,323011.0,355632.0,378790.0,394201.0,401718.0,411348.0,423321.0,430781.0,437848.0,451848.0,454040.0,465617.0,483245.0,495315.0,497753.0
평창군 - 생활계폐기물발생량＜br＞(A),Statistics,36.4,35.7,35.7,36.0,37.9,46.2,97.2,180.0,178.0,171.9,45.2,44.5,49.0,55.9,45.6,58.1,59.0,78.1,72.4,89.2,88.9,83.4,77.7
평창군 - 주민1인당 생활계폐기물배출량＜br＞(A÷B)*1000,Statistics,0.8,0.8,0.8,0.8,0.8,1.0,2.2,4.1,4.1,3.9,1.0,1.0,1.1,1.3,1.0,1.3,1.4,1.8,1.7,2.1,2.2,2.0,1.9
평창군 - 주민등록인구＜br＞(B),Statistics,46478.0,46262.0,46375.0,45311.0,45033.0,44332.0,44003.0,43706.0,43634.0,43622.0,43577.0,43627.0,43666.0,43660.0,43500.0,43318.0,43092.0,42610.0,42106.0,41681.0,40996.0,40990.0,40659.0
평택시 - 생활계폐기물발생량＜br＞(A),Statistics,576.7,280.0,283.3,315.1,317.8,290.3,349.4,329.3,324.3,332.5,395.5,410.4,419.5,448.1,454.5,411.8,395.3,490.6,895.6,993.9,705.4,735.9,1615.5
평택시 - 주민1인당 생활계폐기물배출량＜br＞(A÷B)*1000,Statistics,1.6,0.8,0.8,0.9,0.8,0.7,0.9,0.8,0.8,0.8,0.9,0.9,0.9,1.0,1.0,0.9,0.8,1.0,1.7,1.8,1.3,1.3,2.7
평택시 - 주민등록인구＜br＞(B),Statistics,358263.0,358531.0,364979.0,370653.0,383976.0,396765.0,402458.0,406721.0,410042.0,419457.0,426886.0,434305.0,442034.0,449555.0,460532.0,470832.0,481530.0,495642.0,513027.0,537307.0,564288.0,578529.0,591022.0
포천시 - 생활계폐기물발생량＜br＞(A),Statistics,,,157.6,133.7,131.5,115.3,144.6,159.6,167.0,125.2,174.5,173.9,173.0,173.4,374.4,424.1,143.6,188.0,290.5,363.4,349.5,279.0,256.1
포천시 - 주민1인당 생활계폐기물배출량＜br＞(A÷B)*1000,Statistics,,,1.0,0.9,0.8,0.7,0.9,1.0,1.1,0.8,1.1,1.1,1.1,1.1,2.4,2.7,0.9,1.2,2.0,2.5,2.3,1.9,1.8
포천시 - 주민등록인구＜br＞(B),Statistics,,,150240.0,150364.0,155242.0,157269.0,158156.0,160176.0,158931.0,158658.0,157967.0,157559.0,156603.0,155798.0,155192.0,154763.0,152925.0,150676.0,148379.0,147274.0,148939.0,146701.0,143323.0
포항시 - 생활계폐기물발생량＜br＞(A),Statistics,514.6,521.3,557.4,621.6,633.1,657.5,673.0,621.9,600.2,586.3,643.9,753.3,762.5,635.4,525.2,541.1,521.9,503.3,451.4,775.8,614.7,571.7,546.4
포항시 - 주민1인당 생활계폐기물배출량＜br＞(A÷B)*1000,Statistics,1.0,1.0,1.1,1.2,1.2,1.3,1.3,1.2,1.2,1.1,1.2,1.5,1.5,1.2,1.0,1.0,1.0,1.0,0.9,1.5,1.2,1.2,1.1
포항시 - 주민등록인구＜br＞(B),Statistics,515039.0,511667.0,508850.0,507129.0,507052.0,505008.0,505555.0,508119.0,509475.0,514755.0,517088.0,518913.0,519467.0,519368.0,519584.0,516775.0,513832.0,510013.0,507025.0,502916.0,503852.0,496650.0,493033.0
하남시 - 생활계폐기물발생량＜br＞(A),Statistics,124.1,121.2,134.3,135.0,135.9,115.1,128.5,128.9,155.1,168.4,131.1,136.0,147.2,316.9,386.1,326.8,176.6,388.9,220.3,347.9,282.6,294.8,395.8
하남시 - 주민1인당 생활계폐기물배출량＜br＞(A÷B)*1000,Statistics,1.0,1.0,1.0,1.0,1.0,0.9,0.9,0.9,1.0,1.1,0.9,0.9,1.0,2.1,2.3,1.5,0.8,1.5,0.8,1.2,0.9,0.9,1.2
하남시 - 주민등록인구＜br＞(B),Statistics,123659.0,127541.0,128326.0,129903.0,132850.0,134824.0,137131.0,143638.0,148566.0,150479.0,148397.0,146269.0,145096.0,148896.0,166713.0,211101.0,232487.0,254415.0,272455.0,293452.0,320087.0,326059.0,329861.0
하동군 - 생활계폐기물발생량＜br＞(A),Statistics,31.3,30.1,33.9,33.6,34.5,32.4,35.6,39.3,53.1,45.9,40.1,44.0,42.8,44.1,46.4,56.1,56.2,53.3,41.9,41.2,35.2,33.0,42.2
하동군 - 주민1인당 생활계폐기물배출량＜br＞(A÷B)*1000,Statistics,0.5,0.5,0.6,0.6,0.6,0.6,0.6,0.7,1.0,0.9,0.7,0.9,0.9,0.9,0.9,1.1,1.2,1.1,0.9,0.9,0.8,0.8,1.0
하동군 - 주민등록인구＜br＞(B),Statistics,60298.0,56777.0,58010.0,54881.0,53131.0,52898.0,55526.0,53515.0,52010.0,51509.0,53975.0,50806.0,50177.0,49223.0,50259.0,49622.0,48831.0,47533.0,46574.0,44785.0,43449.0,42465.0,41606.0
함안군 - 생활계폐기물발생량＜br＞(A),Statistics,26.3,29.9,35.6,35.6,36.4,36.9,37.9,35.4,37.4,37.0,43.7,56.7,80.4,83.1,75.3,77.6,76.2,69.7,106.3,62.0,74.3,105.3,84.2
함안군 - 주민1인당 생활계폐기물배출량＜br＞(A÷B)*1000,Statistics,0.4,0.5,0.6,0.6,0.6,0.6,0.6,0.5,0.6,0.6,0.7,0.8,1.2,1.2,1.1,1.1,1.1,1.0,1.6,1.0,1.2,1.7,1.4
함안군 - 주민등록인구＜br＞(B),Statistics,65368.0,64318.0,63435.0,62081.0,61376.0,63460.0,64865.0,66050.0,66582.0,67207.0,66971.0,67425.0,67667.0,68741.0,69156.0,68937.0,68207.0,67025.0,65700.0,64182.0,62547.0,61456.0,60203.0
함양군 - 생활계폐기물발생량＜br＞(A),Statistics,23.7,20.3,26.1,22.9,23.8,27.8,24.3,26.1,30.1,27.3,26.5,26.1,31.0,37.8,33.0,46.7,43.0,43.2,53.3,67.1,64.4,71.0,51.7
함양군 - 주민1인당 생활계폐기물배출량＜br＞(A÷B)*1000,Statistics,0.5,0.5,0.6,0.5,0.6,0.7,0.6,0.6,0.7,0.7,0.6,0.6,0.8,0.9,0.8,1.2,1.1,1.1,1.3,1.7,1.7,1.9,1.4
함양군 - 주민등록인구＜br＞(B),Statistics,45184.0,43982.0,42760.0,41922.0,41535.0,41162.0,40637.0,40447.0,40626.0,41197.0,41081.0,40714.0,40692.0,40584.0,40339.0,40241.0,40175.0,40044.0,39637.0,39080.0,38310.0,37708.0,36945.0
함평군 - 생활계폐기물발생량＜br＞(A),Statistics,18.5,19.4,16.0,18.2,18.7,17.4,15.7,23.0,19.1,17.8,18.4,22.7,17.2,15.3,15.8,16.8,21.1,19.1,18.3,42.2,47.4,64.6,37.3
함평군 - 주민1인당 생활계폐기물배출량＜br＞(A÷B)*1000,Statistics,0.4,0.5,0.4,0.5,0.5,0.5,0.4,0.6,0.5,0.5,0.5,0.6,0.5,0.4,0.5,0.5,0.6,0.6,0.6,1.3,1.5,2.1,1.2
함평군 - 주민등록인구＜br＞(B),Statistics,43522.0,41965.0,42119.0,40205.0,40189.0,38647.0,37998.0,37432.0,37089.0,36702.0,36134.0,35780.0,35610.0,35090.0,34876.0,34397.0,34328.0,33420.0,32861.0,32050.0,31274.0,30784.0,30601.0
합천군 - 생활계폐기물발생량＜br＞(A),Statistics,39.0,39.0,39.0,38.0,37.0,36.1,38.2,39.1,38.9,35.3,36.2,41.4,61.3,41.5,45.9,60.5,48.0,42.7,56.0,64.6,44.9,56.9,63.1
합천군 - 주민1인당 생활계폐기물배출량＜br＞(A÷B)*1000,Statistics,0.7,0.7,0.6,0.7,0.6,0.7,0.7,0.7,0.7,0.7,0.7,0.8,1.2,0.8,0.9,1.3,1.0,0.9,1.2,1.5,1.0,1.4,1.5
합천군 - 주민등록인구＜br＞(B),Statistics,59599.0,57649.0,60160.0,57909.0,58162.0,55104.0,55450.0,55677.0,52973.0,51092.0,50608.0,50279.0,50290.0,50457.0,49145.0,48026.0,47000.0,45916.0,45204.0,44006.0,42935.0,42142.0,41203.0
해남군 - 생활계폐기물발생량＜br＞(A),Statistics,73.0,70.9,69.4,59.7,60.2,63.2,69.5,64.0,69.1,48.5,53.5,157.3,56.1,56.6,54.1,57.2,54.4,63.2,63.9,116.4,103.1,89.3,106.9
해남군 - 주민1인당 생활계폐기물배출량＜br＞(A÷B)*1000,Statistics,0.8,0.8,0.8,0.7,0.7,0.7,0.8,0.8,0.9,0.6,0.7,2.0,0.7,0.7,0.7,0.8,0.7,0.9,0.9,1.7,1.5,1.4,1.7
해남군 - 주민등록인구＜br＞(B),Statistics,96445.0,92323.0,89981.0,87736.0,86238.0,84338.0,82529.0,81043.0,81148.0,79579.0,78346.0,78150.0,77684.0,76981.0,76194.0,75121.0,73604.0,71901.0,70354.0,68806.0,67166.0,65831.0,64575.0
해운대구 - 생활계폐기물발생량＜br＞(A),Statistics,371.0,418.8,433.1,430.2,426.9,390.6,401.1,384.2,379.2,371.4,370.8,383.2,375.2,394.9,393.5,400.6,388.7,383.8,385.6,428.7,332.3,360.2,356.5
해운대구 - 주민1인당 생활계폐기물배출량＜br＞(A÷B)*1000,Statistics,0.9,1.0,1.1,1.1,1.1,0.9,0.9,0.9,0.9,0.9,0.9,0.9,0.9,0.9,0.9,1.0,0.9,0.9,0.9,1.1,0.8,0.9,0.9
해운대구 - 주민등록인구＜br＞(B),Statistics,407562.0,401663.0,403585.0,403432.0,404599.0,418875.0,423816.0,424455.0,424974.0,426729.0,425618.0,428188.0,425536.0,423531.0,422818.0,419853.0,412039.0,409347.0,406102.0,402169.0,396438.0,386785.0,380448.0
홍성군 - 생활계폐기물발생량＜br＞(A),Statistics,45.0,45.7,48.5,49.8,55.9,66.4,81.0,73.0,75.6,59.6,60.6,60.6,67.9,69.3,71.8,78.6,85.7,99.6,95.8,110.7,109.3,111.2,112.8
홍성군 - 주민1인당 생활계폐기물배출량＜br＞(A÷B)*1000,Statistics,0.5,0.5,0.5,0.5,0.6,0.7,0.9,0.8,0.9,0.7,0.7,0.7,0.8,0.8,0.8,0.8,0.8,1.0,1.0,1.1,1.1,1.1,1.2
홍성군 - 주민등록인구＜br＞(B),Statistics,93558.0,91377.0,94658.0,91223.0,90931.0,89555.0,88685.0,88176.0,87631.0,88078.0,88108.0,88415.0,89704.0,91866.0,94553.0,99971.0,101570.0,101082.0,100423.0,100102.0,99324.0,98068.0,97524.0
홍천군 - 생활계폐기물발생량＜br＞(A),Statistics,58.8,59.0,60.8,50.3,62.9,78.0,128.0,73.3,137.2,113.3,68.2,57.4,42.9,49.8,60.1,80.1,76.2,112.2,180.4,122.5,114.4,119.9,113.9
홍천군 - 주민1인당 생활계폐기물배출량＜br＞(A÷B)*1000,Statistics,0.8,0.8,0.9,0.7,0.9,1.1,1.8,1.0,2.0,1.6,1.0,0.8,0.6,0.7,0.9,1.1,1.1,1.6,2.6,1.8,1.7,1.8,1.7
홍천군 - 주민등록인구＜br＞(B),Statistics,74019.0,72514.0,71351.0,71907.0,70811.0,70037.0,70142.0,70360.0,69606.0,69893.0,69899.0,69727.0,70638.0,70451.0,70336.0,70076.0,70340.0,69949.0,69150.0,69242.0,68365.0,67977.0,67309.0
화성시 - 생활계폐기물발생량＜br＞(A),Statistics,148.9,167.1,138.3,163.9,170.8,199.9,270.3,301.8,329.8,324.1,327.4,320.0,244.5,323.3,454.1,603.7,716.6,656.1,614.3,690.3,922.4,1320.8,1123.5
화성시 - 주민1인당 생활계폐기물배출량＜br＞(A÷B)*1000,Statistics,0.7,0.7,0.6,0.6,0.6,0.6,0.7,0.7,0.7,0.6,0.6,0.6,0.5,0.6,0.8,0.9,1.0,0.9,0.8,0.8,1.0,1.5,1.2
화성시 - 주민등록인구＜br＞(B),Statistics,210524.0,226930.0,236226.0,271563.0,296530.0,310171.0,371972.0,449354.0,491528.0,505838.0,516765.0,525490.0,530251.0,540862.0,596525.0,640890.0,691086.0,758722.0,815396.0,855248.0,887015.0,910814.0,944342.0
화순군 - 생활계폐기물발생량＜br＞(A),Statistics,50.2,59.9,64.8,51.5,56.3,59.1,105.7,85.1,88.2,46.9,43.9,43.0,42.7,43.0,43.2,43.5,42.2,46.2,37.4,72.9,105.2,71.1,67.7
화순군 - 주민1인당 생활계폐기물배출량＜br＞(A÷B)*1000,Statistics,0.6,0.8,0.9,0.7,0.8,0.8,1.5,1.2,1.3,0.7,0.6,0.6,0.6,0.6,0.7,0.7,0.7,0.7,0.6,1.2,1.7,1.1,1.1
화순군 - 주민등록인구＜br＞(B),Statistics,79219.0,78443.0,76123.0,75023.0,73673.0,72615.0,71551.0,70327.0,69675.0,69368.0,68985.0,68378.0,67829.0,66772.0,65848.0,65303.0,64680.0,63933.0,62737.0,62522.0,62624.0,62024.0,61254.0
화천군 - 생활계폐기물발생량＜br＞(A),Statistics,33.9,32.1,39.3,39.7,36.9,41.2,38.0,48.6,55.8,44.1,42.6,42.5,44.2,48.4,49.4,49.6,49.8,44.9,59.5,51.6,43.5,38.1,39.8
화천군 - 주민1인당 생활계폐기물배출량＜br＞(A÷B)*1000,Statistics,1.4,1.3,1.6,1.6,1.6,1.8,1.7,2.0,2.3,1.8,1.7,1.7,1.8,1.8,1.8,1.9,1.9,1.8,2.4,2.1,1.8,1.6,1.7
화천군 - 주민등록인구＜br＞(B),Statistics,24965.0,24088.0,24540.0,24267.0,23732.0,23317.0,22944.0,24110.0,24216.0,24364.0,24945.0,25020.0,25079.0,27143.0,27020.0,26264.0,26022.0,25084.0,24917.0,24857.0,24195.0,23388.0,23007.0
횡성군 - 생활계폐기물발생량＜br＞(A),Statistics,53.0,53.4,55.4,42.0,44.2,48.3,57.2,57.2,58.1,54.1,48.6,43.1,37.5,37.0,40.3,59.5,61.0,66.5,59.8,70.1,67.6,63.5,65.0
횡성군 - 주민1인당 생활계폐기물배출량＜br＞(A÷B)*1000,Statistics,1.2,1.2,1.3,0.9,1.0,1.1,1.3,1.3,1.3,1.2,1.1,1.0,0.8,0.8,0.9,1.3,1.3,1.4,1.3,1.5,1.5,1.4,1.4
횡성군 - 주민등록인구＜br＞(B),Statistics,45496.0,45198.0,44306.0,44297.0,43678.0,42982.0,43176.0,43413.0,44121.0,44254.0,44360.0,44615.0,44937.0,45373.0,45777.0,45991.0,46281.0,46726.0,46575.0,46472.0,46481.0,46532.0,46359.0
