item,category,2006,2007,2008,2009,2010,2011,2012,2013,2014,2015,2016,2017,2018,2019,2020,2021,2022,2023,2024
가평군 - 교통사고발생건수＜br＞(A),Statistics,390.0,343.0,387.0,385.0,329.0,336.0,330.0,324.0,334.0,352.0,381.0,378.0,331.0,347.0,311.0,327.0,363.0,319.0,275.0
가평군 - 자동차 천대당 교통사고발생건수＜br＞(A÷B×1000),Statistics,20.6,17.3,18.3,17.6,14.5,14.4,13.6,13.0,13.0,13.0,13.4,12.8,10.9,11.3,9.9,10.1,10.9,9.4,8.0
가평군 - 자동차등록대수＜br＞(B),Statistics,18913.0,19791.0,21150.0,21876.0,22687.0,23408.0,24351.0,24957.0,25749.0,27063.0,28448.0,29426.0,30414.0,30759.0,31540.0,32423.0,33293.0,34070.0,34587.0
강남구 - 교통사고발생건수＜br＞(A),Statistics,3149.0,3105.0,2911.0,3442.0,3322.0,3342.0,3579.0,3328.0,3236.0,3577.0,3406.0,3090.0,3102.0,3215.0,3094.0,3147.0,3144.0,3322.0,3170.0
강남구 - 자동차 천대당 교통사고발생건수＜br＞(A÷B×1000),Statistics,13.3,12.8,11.9,14.0,13.1,13.6,15.1,14.2,13.4,14.6,14.1,13.0,13.2,13.7,13.1,13.1,12.7,13.1,12.4
강남구 - 자동차등록대수＜br＞(B),Statistics,237278.0,242890.0,243965.0,245031.0,254098.0,246455.0,237373.0,235143.0,240693.0,244787.0,242348.0,238311.0,235314.0,235415.0,236216.0,239643.0,248320.0,253856.0,254871.0
강동구 - 교통사고발생건수＜br＞(A),Statistics,1145.0,1340.0,1442.0,1353.0,1240.0,1250.0,1297.0,1204.0,1228.0,1245.0,1161.0,1108.0,1170.0,1153.0,991.0,824.0,966.0,977.0,1177.0
강동구 - 자동차 천대당 교통사고발생건수＜br＞(A÷B×1000),Statistics,9.0,10.4,11.1,9.9,8.9,8.8,9.3,8.6,8.8,9.0,8.5,8.1,8.6,8.3,6.6,5.4,6.3,6.3,7.3
강동구 - 자동차등록대수＜br＞(B),Statistics,127814.0,129205.0,130144.0,137037.0,139536.0,142150.0,139876.0,139728.0,139920.0,137662.0,136210.0,136558.0,135420.0,139549.0,149866.0,152178.0,153186.0,154020.0,160983.0
강릉시 - 교통사고발생건수＜br＞(A),Statistics,1037.0,1056.0,1042.0,1162.0,1064.0,1087.0,1063.0,954.0,1043.0,1006.0,944.0,961.0,865.0,844.0,780.0,605.0,654.0,704.0,624.0
강릉시 - 자동차 천대당 교통사고발생건수＜br＞(A÷B×1000),Statistics,12.5,12.5,12.2,13.3,12.0,12.0,11.6,10.2,10.9,10.2,9.3,9.2,8.1,7.7,6.9,5.3,5.6,5.9,5.2
강릉시 - 자동차등록대수＜br＞(B),Statistics,82887.0,84457.0,85173.0,87081.0,89027.0,90246.0,91581.0,93252.0,95579.0,98432.0,101698.0,104693.0,106929.0,109166.0,112396.0,115046.0,117792.0,119692.0,120690.0
강북구 - 교통사고발생건수＜br＞(A),Statistics,1122.0,1110.0,1178.0,1192.0,1090.0,979.0,1012.0,930.0,1029.0,960.0,969.0,915.0,952.0,991.0,812.0,736.0,818.0,760.0,693.0
강북구 - 자동차 천대당 교통사고발생건수＜br＞(A÷B×1000),Statistics,15.6,15.5,16.5,16.6,14.8,13.2,13.5,12.5,13.8,12.7,12.6,11.8,12.3,13.0,10.7,9.8,10.9,10.2,9.4
강북구 - 자동차등록대수＜br＞(B),Statistics,71992.0,71675.0,71402.0,71940.0,73805.0,74135.0,74722.0,74397.0,74554.0,75760.0,76844.0,77820.0,77365.0,76364.0,75679.0,75337.0,75180.0,74549.0,73728.0
강서구 - 교통사고발생건수＜br＞(A),Statistics,1555.0,1580.0,1751.0,1667.0,1569.0,1626.0,1506.0,1469.0,1498.0,1555.0,1340.0,1265.0,1242.0,1467.0,1222.0,1101.0,1230.0,1233.0,1242.0
강서구 - 자동차 천대당 교통사고발생건수＜br＞(A÷B×1000),Statistics,9.6,9.5,10.2,9.5,8.7,9.1,8.5,8.4,8.1,8.1,6.8,6.3,6.1,7.2,6.0,5.4,5.9,6.0,6.1
강서구 - 자동차등록대수＜br＞(B),Statistics,162512.0,166896.0,172385.0,175261.0,180998.0,179155.0,176671.0,175911.0,185303.0,191072.0,196164.0,202063.0,204466.0,204675.0,205054.0,205058.0,207536.0,205821.0,203720.0
강원특별자치도 - 교통사고발생건수＜br＞(A),Statistics,7965.0,8137.0,7982.0,8716.0,8294.0,8358.0,8098.0,7688.0,7780.0,8038.0,7995.0,7561.0,6840.0,6872.0,6339.0,5976.0,5852.0,5521.0,5369.0
강원특별자치도 - 자동차 천대당 교통사고발생건수＜br＞(A÷B×1000),Statistics,14.8,14.6,14.0,14.8,13.7,13.5,12.8,11.9,11.7,11.6,11.1,10.1,8.9,8.8,7.8,7.2,6.9,6.4,6.1
강원특별자치도 - 자동차등록대수＜br＞(B),Statistics,539520.0,555496.0,568213.0,587707.0,606742.0,620463.0,630860.0,646532.0,667144.0,694040.0,722333.0,745959.0,766374.0,782700.0,809099.0,828146.0,851553.0,866640.0,874655.0
강진군 - 교통사고발생건수＜br＞(A),Statistics,201.0,203.0,198.0,255.0,241.0,205.0,184.0,181.0,195.0,189.0,239.0,228.0,255.0,251.0,243.0,248.0,202.0,240.0,234.0
강진군 - 자동차 천대당 교통사고발생건수＜br＞(A÷B×1000),Statistics,15.7,15.5,14.7,18.0,16.2,13.1,11.4,10.8,11.2,10.6,13.1,12.1,13.3,12.9,12.3,12.5,9.9,11.6,11.2
강진군 - 자동차등록대수＜br＞(B),Statistics,12801.0,13135.0,13436.0,14154.0,14920.0,15678.0,16074.0,16702.0,17341.0,17770.0,18223.0,18799.0,19205.0,19417.0,19828.0,19905.0,20344.0,20694.0,20850.0
강화군 - 교통사고발생건수＜br＞(A),Statistics,197.0,164.0,170.0,211.0,198.0,185.0,170.0,164.0,208.0,209.0,182.0,177.0,175.0,186.0,157.0,174.0,185.0,136.0,189.0
강화군 - 자동차 천대당 교통사고발생건수＜br＞(A÷B×1000),Statistics,8.4,6.8,6.8,8.1,7.5,6.8,6.2,5.8,7.1,6.6,5.5,5.1,5.1,2.2,2.1,3.3,4.0,2.6,4.0
강화군 - 자동차등록대수＜br＞(B),Statistics,23334.0,23981.0,25107.0,25988.0,26566.0,27163.0,27543.0,28162.0,29128.0,31529.0,33337.0,34429.0,34239.0,83721.0,73836.0,52791.0,46248.0,53160.0,46846.0
거제시 - 교통사고발생건수＜br＞(A),Statistics,949.0,900.0,1063.0,1106.0,985.0,920.0,999.0,1073.0,1120.0,1091.0,936.0,867.0,761.0,862.0,672.0,665.0,569.0,580.0,672.0
거제시 - 자동차 천대당 교통사고발생건수＜br＞(A÷B×1000),Statistics,14.5,13.1,14.6,14.2,12.3,10.9,11.4,11.7,11.5,10.6,8.9,8.2,7.2,8.1,6.2,6.1,5.2,5.2,5.9
거제시 - 자동차등록대수＜br＞(B),Statistics,65294.0,68741.0,72927.0,77619.0,80386.0,84217.0,87615.0,92056.0,97500.0,102977.0,105287.0,105258.0,105341.0,106333.0,108296.0,109084.0,110322.0,111968.0,114112.0
거창군 - 교통사고발생건수＜br＞(A),Statistics,224.0,195.0,188.0,228.0,216.0,224.0,272.0,249.0,184.0,197.0,205.0,186.0,185.0,194.0,195.0,214.0,155.0,168.0,124.0
거창군 - 자동차 천대당 교통사고발생건수＜br＞(A÷B×1000),Statistics,10.9,9.2,8.7,10.1,9.2,9.2,10.8,9.5,6.7,6.9,6.9,6.1,5.8,6.0,5.9,6.3,4.5,4.7,3.4
거창군 - 자동차등록대수＜br＞(B),Statistics,20583.0,21239.0,21702.0,22670.0,23488.0,24324.0,25190.0,26207.0,27355.0,28758.0,29908.0,30739.0,31671.0,32265.0,32974.0,33763.0,34583.0,35549.0,36118.0
경기 여주군 - 교통사고발생건수＜br＞(A),Statistics,395.0,449.0,426.0,430.0,433.0,412.0,424.0,,,,,,,,,,,,
경기 여주군 - 자동차 천대당 교통사고발생건수＜br＞(A÷B×1000),Statistics,8.2,9.0,8.3,8.1,8.0,7.5,7.6,,,,,,,,,,,,
경기 여주군 - 자동차등록대수＜br＞(B),Statistics,48184.0,50142.0,51201.0,52893.0,54221.0,55273.0,56146.0,,,,,,,,,,,,
경기도 - 교통사고발생건수＜br＞(A),Statistics,38798.0,38095.0,36690.0,39568.0,40295.0,40054.0,40852.0,39357.0,42504.0,46229.0,44340.0,43902.0,46443.0,47729.0,44182.0,44640.0,44759.0,45457.0,44822.0
경기도 - 자동차 천대당 교통사고발생건수＜br＞(A÷B×1000),Statistics,10.6,10.0,9.4,9.9,9.6,9.3,9.3,8.7,9.1,9.4,8.6,8.2,8.3,8.3,7.4,7.2,7.0,7.0,6.7
경기도 - 자동차등록대수＜br＞(B),Statistics,3651142.0,3792395.0,3888856.0,4014392.0,4189151.0,4303774.0,4402396.0,4525170.0,4694527.0,4917091.0,5160921.0,5386022.0,5617611.0,5765692.0,6004126.0,6204452.0,6378632.0,6525098.0,6645518.0
경남 마산시 - 교통사고발생건수＜br＞(A),Statistics,1609.0,1453.0,1651.0,1656.0,,,,,,,,,,,,,,,
경남 마산시 - 자동차 천대당 교통사고발생건수＜br＞(A÷B×1000),Statistics,11.1,9.7,10.6,10.3,,,,,,,,,,,,,,,
경남 마산시 - 자동차등록대수＜br＞(B),Statistics,144864.0,150141.0,156283.0,160214.0,,,,,,,,,,,,,,,
경남 진해시 - 교통사고발생건수＜br＞(A),Statistics,610.0,585.0,606.0,651.0,,,,,,,,,,,,,,,
경남 진해시 - 자동차 천대당 교통사고발생건수＜br＞(A÷B×1000),Statistics,11.4,10.6,10.4,10.7,,,,,,,,,,,,,,,
경남 진해시 - 자동차등록대수＜br＞(B),Statistics,53305.0,55417.0,58250.0,60902.0,,,,,,,,,,,,,,,
경남 창원시 - 교통사고발생건수＜br＞(A),Statistics,1805.0,1832.0,1751.0,1730.0,,,,,,,,,,,,,,,
경남 창원시 - 자동차 천대당 교통사고발생건수＜br＞(A÷B×1000),Statistics,8.1,7.5,6.6,6.3,,,,,,,,,,,,,,,
경남 창원시 - 자동차등록대수＜br＞(B),Statistics,223750.0,244529.0,265016.0,273816.0,,,,,,,,,,,,,,,
경산시 - 교통사고발생건수＜br＞(A),Statistics,1269.0,1141.0,1066.0,1114.0,941.0,933.0,1029.0,1061.0,1251.0,1248.0,1178.0,889.0,967.0,1021.0,912.0,793.0,758.0,708.0,798.0
경산시 - 자동차 천대당 교통사고발생건수＜br＞(A÷B×1000),Statistics,14.0,12.3,11.3,11.6,9.4,9.0,9.6,9.6,10.7,10.1,9.2,6.7,7.1,7.3,6.5,5.5,5.2,4.8,5.3
경산시 - 자동차등록대수＜br＞(B),Statistics,90410.0,93044.0,93994.0,96178.0,99757.0,103523.0,106865.0,111096.0,117314.0,123227.0,128333.0,132614.0,135884.0,138916.0,141274.0,144500.0,146548.0,148406.0,150322.0
경상남도 - 교통사고발생건수＜br＞(A),Statistics,12313.0,12175.0,12759.0,13644.0,12748.0,12307.0,12631.0,12092.0,11637.0,11778.0,10715.0,10050.0,10030.0,11003.0,9944.0,9278.0,8926.0,9558.0,9261.0
경상남도 - 자동차 천대당 교통사고발생건수＜br＞(A÷B×1000),Statistics,10.9,10.2,10.2,10.5,9.3,8.5,8.6,8.1,7.7,7.5,6.6,6.0,5.9,6.4,5.6,5.1,4.7,4.9,4.7
경상남도 - 자동차등록대수＜br＞(B),Statistics,1131088.0,1191420.0,1250129.0,1303680.0,1376820.0,1444721.0,1470733.0,1490651.0,1512207.0,1564192.0,1625244.0,1667809.0,1694448.0,1721503.0,1787867.0,1832049.0,1896515.0,1943849.0,1982320.0
경상북도 - 교통사고발생건수＜br＞(A),Statistics,15056.0,14276.0,13576.0,14646.0,14417.0,13235.0,13568.0,13180.0,13069.0,13422.0,12421.0,11721.0,12086.0,12527.0,10790.0,10332.0,9483.0,9241.0,9043.0
경상북도 - 자동차 천대당 교통사고발생건수＜br＞(A÷B×1000),Statistics,15.3,14.1,13.2,13.7,13.0,11.6,11.6,10.9,10.4,10.3,9.2,8.4,8.5,8.7,7.3,6.9,6.2,6.0,5.8
경상북도 - 자동차등록대수＜br＞(B),Statistics,984265.0,1013833.0,1032280.0,1067507.0,1106316.0,1142737.0,1172860.0,1210986.0,1255903.0,1307495.0,1353654.0,1392151.0,1422157.0,1446262.0,1475389.0,1499200.0,1523914.0,1533863.0,1552384.0
경주시 - 교통사고발생건수＜br＞(A),Statistics,2014.0,1819.0,1764.0,2006.0,2095.0,1895.0,1961.0,1918.0,1828.0,1793.0,1465.0,1440.0,1442.0,1513.0,1116.0,1118.0,1042.0,1027.0,809.0
경주시 - 자동차 천대당 교통사고발생건수＜br＞(A÷B×1000),Statistics,19.7,17.3,16.5,18.3,18.6,16.5,16.6,15.8,14.6,13.8,10.9,10.4,10.2,10.6,7.7,7.6,6.9,6.7,5.2
경주시 - 자동차등록대수＜br＞(B),Statistics,102266.0,105409.0,106980.0,109613.0,112341.0,115106.0,117818.0,121393.0,125464.0,130229.0,134852.0,137984.0,141075.0,142880.0,145520.0,147721.0,150532.0,153067.0,154911.0
계룡시 - 교통사고발생건수＜br＞(A),Statistics,64.0,65.0,84.0,76.0,87.0,66.0,83.0,69.0,61.0,75.0,76.0,68.0,61.0,50.0,49.0,53.0,43.0,54.0,70.0
계룡시 - 자동차 천대당 교통사고발생건수＜br＞(A÷B×1000),Statistics,4.8,4.7,5.4,4.6,5.0,3.8,4.8,4.0,3.4,4.0,3.8,3.2,2.8,2.3,2.2,2.3,1.7,2.0,2.6
계룡시 - 자동차등록대수＜br＞(B),Statistics,13329.0,13935.0,15533.0,16631.0,17236.0,17467.0,17253.0,17439.0,17715.0,18928.0,19898.0,21227.0,21629.0,21887.0,22646.0,23470.0,24957.0,26825.0,27119.0
계양구 - 교통사고발생건수＜br＞(A),Statistics,1042.0,993.0,1005.0,920.0,1001.0,896.0,840.0,790.0,863.0,848.0,823.0,711.0,700.0,757.0,772.0,635.0,529.0,557.0,638.0
계양구 - 자동차 천대당 교통사고발생건수＜br＞(A÷B×1000),Statistics,10.4,9.7,9.8,8.7,9.2,7.4,5.9,4.5,4.2,3.7,3.3,2.6,2.4,2.5,2.4,2.1,1.9,2.1,2.4
계양구 - 자동차등록대수＜br＞(B),Statistics,100159.0,102005.0,102695.0,105691.0,108244.0,121786.0,142846.0,176224.0,207829.0,229386.0,252121.0,273157.0,288621.0,308384.0,320579.0,302708.0,275054.0,265833.0,270749.0
고령군 - 교통사고발생건수＜br＞(A),Statistics,182.0,180.0,170.0,201.0,192.0,189.0,175.0,164.0,160.0,187.0,178.0,151.0,160.0,122.0,125.0,146.0,131.0,99.0,57.0
고령군 - 자동차 천대당 교통사고발생건수＜br＞(A÷B×1000),Statistics,12.4,11.9,11.0,12.6,11.7,10.9,9.8,8.9,8.4,9.4,8.7,7.3,7.7,5.8,5.9,6.8,6.0,4.4,2.5
고령군 - 자동차등록대수＜br＞(B),Statistics,14721.0,15093.0,15458.0,15941.0,16447.0,17353.0,17939.0,18337.0,19137.0,19824.0,20404.0,20680.0,20829.0,20882.0,21202.0,21319.0,21809.0,22254.0,22792.0
고성군 - 교통사고발생건수＜br＞(A),Statistics,157.0,156.0,154.0,146.0,170.0,145.0,179.0,157.0,147.0,161.0,115.0,96.0,120.0,118.0,118.0,106.0,136.0,103.0,88.0
고성군 - 자동차 천대당 교통사고발생건수＜br＞(A÷B×1000),Statistics,15.7,15.3,14.6,13.3,15.0,12.6,15.3,13.2,11.9,12.5,8.5,6.8,8.5,8.3,8.0,6.9,8.4,6.2,5.2
고성군 - 자동차등록대수＜br＞(B),Statistics,10010.0,10208.0,10516.0,10979.0,11334.0,11465.0,11697.0,11881.0,12349.0,12896.0,13575.0,14076.0,14036.0,14217.0,14671.0,15455.0,16187.0,16607.0,16846.0
고양시 - 교통사고발생건수＜br＞(A),Statistics,3416.0,3313.0,3127.0,3237.0,3170.0,3142.0,3256.0,3116.0,3434.0,3422.0,3114.0,3094.0,3434.0,3304.0,2968.0,2926.0,3006.0,3116.0,3013.0
고양시 - 자동차 천대당 교통사고발생건수＜br＞(A÷B×1000),Statistics,11.6,11.0,10.1,10.3,9.9,9.6,9.9,9.2,9.8,9.3,8.1,7.8,8.5,7.9,6.9,6.6,6.6,6.8,6.5
고양시 - 자동차등록대수＜br＞(B),Statistics,293222.0,302419.0,309490.0,315013.0,319687.0,325661.0,328879.0,339309.0,351413.0,368404.0,384526.0,396101.0,406289.0,418739.0,432592.0,441983.0,452846.0,461498.0,463886.0
고창군 - 교통사고발생건수＜br＞(A),Statistics,265.0,250.0,279.0,253.0,230.0,207.0,233.0,172.0,204.0,184.0,152.0,156.0,111.0,159.0,132.0,114.0,86.0,131.0,107.0
고창군 - 자동차 천대당 교통사고발생건수＜br＞(A÷B×1000),Statistics,13.3,12.2,13.2,11.3,9.8,8.5,9.2,6.6,7.6,6.6,5.2,5.1,3.7,5.2,4.2,3.6,2.7,4.0,3.2
고창군 - 자동차등록대수＜br＞(B),Statistics,19855.0,20542.0,21194.0,22332.0,23554.0,24273.0,25193.0,26202.0,26827.0,28052.0,29309.0,30356.0,30409.0,30542.0,31167.0,31566.0,32025.0,32762.0,33162.0
고흥군 - 교통사고발생건수＜br＞(A),Statistics,236.0,255.0,209.0,207.0,214.0,193.0,235.0,222.0,212.0,265.0,216.0,268.0,228.0,276.0,252.0,226.0,200.0,171.0,129.0
고흥군 - 자동차 천대당 교통사고발생건수＜br＞(A÷B×1000),Statistics,11.2,11.8,9.4,8.9,9.0,7.8,9.2,8.5,7.8,9.4,7.4,8.9,7.4,8.7,7.7,6.8,5.9,4.9,3.6
고흥군 - 자동차등록대수＜br＞(B),Statistics,21145.0,21571.0,22256.0,23298.0,23863.0,24682.0,25445.0,26217.0,27051.0,28145.0,29130.0,29998.0,30971.0,31675.0,32727.0,33340.0,34153.0,35047.0,35730.0
곡성군 - 교통사고발생건수＜br＞(A),Statistics,104.0,105.0,113.0,141.0,117.0,94.0,99.0,113.0,115.0,116.0,107.0,121.0,95.0,129.0,91.0,93.0,86.0,106.0,78.0
곡성군 - 자동차 천대당 교통사고발생건수＜br＞(A÷B×1000),Statistics,10.3,10.1,10.6,12.9,10.3,8.0,8.1,8.8,8.6,8.3,7.3,8.1,6.3,8.5,5.9,5.9,5.3,6.4,4.6
곡성군 - 자동차등록대수＜br＞(B),Statistics,10094.0,10364.0,10685.0,10924.0,11348.0,11712.0,12206.0,12784.0,13314.0,14016.0,14702.0,14939.0,15124.0,15160.0,15537.0,15887.0,16199.0,16681.0,16974.0
공주시 - 교통사고발생건수＜br＞(A),Statistics,506.0,464.0,447.0,440.0,479.0,452.0,384.0,386.0,386.0,400.0,468.0,512.0,541.0,518.0,421.0,403.0,379.0,370.0,328.0
공주시 - 자동차 천대당 교통사고발생건수＜br＞(A÷B×1000),Statistics,11.6,10.3,9.7,9.2,9.7,8.8,7.9,7.7,7.7,7.8,8.9,9.6,9.9,9.3,7.4,7.0,6.4,6.2,5.5
공주시 - 자동차등록대수＜br＞(B),Statistics,43796.0,45154.0,45994.0,47593.0,49534.0,51100.0,48776.0,49914.0,50213.0,51207.0,52504.0,53448.0,54874.0,55520.0,56648.0,57373.0,58802.0,59768.0,59972.0
과천시 - 교통사고발생건수＜br＞(A),Statistics,160.0,176.0,189.0,229.0,242.0,221.0,201.0,186.0,199.0,217.0,207.0,207.0,203.0,203.0,162.0,150.0,187.0,134.0,171.0
과천시 - 자동차 천대당 교통사고발생건수＜br＞(A÷B×1000),Statistics,8.7,9.1,8.8,10.1,10.7,9.6,8.8,8.2,8.7,9.3,9.3,9.8,9.4,9.2,6.6,5.3,6.0,4.1,4.9
과천시 - 자동차등록대수＜br＞(B),Statistics,18388.0,19272.0,21470.0,22668.0,22602.0,22907.0,22757.0,22795.0,22957.0,23312.0,22351.0,21065.0,21688.0,22109.0,24409.0,28528.0,30963.0,32689.0,35041.0
관악구 - 교통사고발생건수＜br＞(A),Statistics,1492.0,1598.0,1634.0,1674.0,1558.0,1439.0,1389.0,1447.0,1373.0,1345.0,1151.0,981.0,1077.0,1081.0,1137.0,1106.0,916.0,747.0,990.0
관악구 - 자동차 천대당 교통사고발생건수＜br＞(A÷B×1000),Statistics,12.6,13.4,13.8,14.0,13.1,12.1,11.7,12.2,11.5,11.1,9.4,8.0,8.9,9.0,9.5,9.4,7.7,6.3,8.5
관악구 - 자동차등록대수＜br＞(B),Statistics,118720.0,119266.0,118677.0,119352.0,119194.0,119090.0,118990.0,118448.0,118922.0,120789.0,122039.0,122103.0,121430.0,120050.0,119393.0,118082.0,118615.0,118303.0,116745.0
광명시 - 교통사고발생건수＜br＞(A),Statistics,765.0,717.0,686.0,703.0,773.0,780.0,753.0,707.0,828.0,996.0,869.0,802.0,904.0,888.0,798.0,793.0,762.0,911.0,933.0
광명시 - 자동차 천대당 교통사고발생건수＜br＞(A÷B×1000),Statistics,9.6,8.7,8.4,8.3,8.1,7.8,7.4,6.9,7.9,9.4,8.1,7.4,8.3,8.3,7.6,7.5,7.2,8.6,8.8
광명시 - 자동차등록대수＜br＞(B),Statistics,79578.0,82007.0,82091.0,84823.0,95539.0,99812.0,101202.0,102479.0,104313.0,105398.0,106736.0,107805.0,108754.0,106984.0,104537.0,105349.0,106517.0,106091.0,106550.0
광산구 - 교통사고발생건수＜br＞(A),Statistics,1690.0,1603.0,1582.0,1776.0,1827.0,1796.0,1966.0,1873.0,1832.0,1810.0,1753.0,1717.0,1721.0,1860.0,1801.0,1876.0,1751.0,1655.0,1702.0
광산구 - 자동차 천대당 교통사고발생건수＜br＞(A÷B×1000),Statistics,15.9,14.6,13.9,14.2,13.3,12.4,12.9,11.7,11.0,10.3,9.7,9.1,8.8,9.3,8.7,8.9,8.1,7.6,7.7
광산구 - 자동차등록대수＜br＞(B),Statistics,106336.0,109718.0,114212.0,125346.0,137002.0,145133.0,152572.0,159589.0,166504.0,175195.0,180798.0,187756.0,194607.0,200335.0,206942.0,210930.0,215414.0,218104.0,220146.0
광양시 - 교통사고발생건수＜br＞(A),Statistics,741.0,633.0,707.0,717.0,787.0,738.0,747.0,786.0,768.0,765.0,672.0,610.0,588.0,663.0,603.0,500.0,494.0,556.0,528.0
광양시 - 자동차 천대당 교통사고발생건수＜br＞(A÷B×1000),Statistics,14.1,11.6,12.4,11.9,12.5,11.1,10.9,11.1,10.4,10.0,8.4,7.4,6.9,7.5,6.8,5.5,5.2,5.6,5.2
광양시 - 자동차등록대수＜br＞(B),Statistics,52550.0,54591.0,56979.0,60043.0,62870.0,66769.0,68805.0,70961.0,73720.0,76563.0,79831.0,82202.0,85189.0,87990.0,88660.0,91008.0,95367.0,98678.0,102062.0
광주광역시 - 교통사고발생건수＜br＞(A),Statistics,7334.0,7113.0,7344.0,8182.0,7876.0,7471.0,7681.0,7246.0,7275.0,7086.0,6617.0,6648.0,6612.0,7204.0,6757.0,6547.0,6186.0,6155.0,6173.0
광주광역시 - 자동차 천대당 교통사고발생건수＜br＞(A÷B×1000),Statistics,16.3,15.4,15.5,16.5,15.2,13.9,13.9,12.8,12.3,11.6,10.4,10.2,10.0,10.7,9.8,9.3,8.7,8.5,8.4
광주광역시 - 자동차등록대수＜br＞(B),Statistics,449911.0,462444.0,474105.0,494460.0,518477.0,535812.0,550821.0,568054.0,589334.0,611280.0,633375.0,649293.0,664316.0,676281.0,691740.0,700783.0,714401.0,723256.0,730751.0
광주시 - 교통사고발생건수＜br＞(A),Statistics,880.0,964.0,990.0,985.0,870.0,954.0,1071.0,1009.0,1096.0,1129.0,1277.0,1249.0,1546.0,1672.0,1710.0,1956.0,1910.0,1867.0,1882.0
광주시 - 자동차 천대당 교통사고발생건수＜br＞(A÷B×1000),Statistics,9.3,9.6,9.6,9.3,7.7,7.9,8.5,7.6,7.8,7.5,7.9,7.2,8.4,8.7,8.6,9.5,9.1,8.7,8.6
광주시 - 자동차등록대수＜br＞(B),Statistics,94640.0,100942.0,103397.0,106066.0,112446.0,120632.0,125977.0,132340.0,141345.0,151154.0,162368.0,173321.0,184892.0,191176.0,198991.0,205079.0,211044.0,214351.0,219175.0
광진구 - 교통사고발생건수＜br＞(A),Statistics,1462.0,1471.0,1433.0,1484.0,1351.0,1253.0,1286.0,1088.0,1157.0,971.0,844.0,814.0,877.0,763.0,646.0,649.0,528.0,557.0,624.0
광진구 - 자동차 천대당 교통사고발생건수＜br＞(A÷B×1000),Statistics,16.2,16.1,15.7,15.9,14.6,13.3,13.6,11.4,12.2,10.1,8.7,8.3,8.7,7.7,6.5,6.6,5.4,5.7,6.5
광진구 - 자동차등록대수＜br＞(B),Statistics,90268.0,91159.0,91027.0,93547.0,92712.0,94340.0,94696.0,95205.0,94798.0,96092.0,97045.0,98631.0,100552.0,99299.0,98883.0,98371.0,98535.0,97627.0,96335.0
괴산군 - 교통사고발생건수＜br＞(A),Statistics,115.0,126.0,108.0,135.0,132.0,151.0,135.0,144.0,127.0,142.0,159.0,161.0,213.0,165.0,167.0,160.0,152.0,142.0,127.0
괴산군 - 자동차 천대당 교통사고발생건수＜br＞(A÷B×1000),Statistics,8.8,9.4,7.7,9.1,8.5,9.1,7.8,8.0,6.7,7.1,7.6,7.5,9.5,7.2,7.0,6.6,6.2,5.7,5.1
괴산군 - 자동차등록대수＜br＞(B),Statistics,13025.0,13447.0,13963.0,14863.0,15596.0,16560.0,17306.0,18020.0,18861.0,19948.0,20823.0,21558.0,22438.0,23011.0,24019.0,24184.0,24448.0,24835.0,25027.0
구례군 - 교통사고발생건수＜br＞(A),Statistics,108.0,93.0,125.0,124.0,140.0,105.0,126.0,114.0,129.0,126.0,109.0,107.0,88.0,105.0,90.0,93.0,93.0,85.0,96.0
구례군 - 자동차 천대당 교통사고발생건수＜br＞(A÷B×1000),Statistics,12.6,10.5,13.9,12.9,13.7,9.9,11.6,10.2,11.1,10.2,8.4,8.0,6.4,7.6,6.5,6.6,6.5,5.9,6.6
구례군 - 자동차등록대수＜br＞(B),Statistics,8568.0,8821.0,9004.0,9582.0,10194.0,10625.0,10828.0,11150.0,11653.0,12306.0,12908.0,13375.0,13834.0,13842.0,13928.0,14161.0,14286.0,14454.0,14503.0
구로구 - 교통사고발생건수＜br＞(A),Statistics,1212.0,1239.0,1279.0,1302.0,1281.0,1253.0,1246.0,1154.0,1221.0,1219.0,1205.0,1160.0,1271.0,1245.0,1056.0,1070.0,1009.0,1082.0,1082.0
구로구 - 자동차 천대당 교통사고발생건수＜br＞(A÷B×1000),Statistics,9.5,9.3,9.4,9.6,9.3,9.4,9.5,8.6,8.9,8.8,8.6,8.1,8.8,8.6,7.3,7.3,6.8,7.3,7.4
구로구 - 자동차등록대수＜br＞(B),Statistics,127966.0,133588.0,135862.0,135589.0,138450.0,133631.0,130554.0,134093.0,137199.0,138272.0,140693.0,143960.0,144440.0,144465.0,145267.0,145874.0,148659.0,147818.0,145790.0
구리시 - 교통사고발생건수＜br＞(A),Statistics,554.0,520.0,550.0,599.0,617.0,609.0,603.0,625.0,601.0,583.0,519.0,505.0,578.0,640.0,621.0,647.0,622.0,619.0,686.0
구리시 - 자동차 천대당 교통사고발생건수＜br＞(A÷B×1000),Statistics,9.8,8.9,9.4,10.0,10.2,10.1,10.0,10.5,10.0,9.5,7.9,7.2,7.9,8.8,8.4,8.8,8.4,8.3,9.1
구리시 - 자동차등록대수＜br＞(B),Statistics,56406.0,58574.0,58751.0,59663.0,60436.0,60564.0,60095.0,59578.0,59806.0,61407.0,65687.0,69885.0,72868.0,72372.0,73503.0,73277.0,73929.0,74584.0,75141.0
구미시 - 교통사고발생건수＜br＞(A),Statistics,2316.0,2174.0,2006.0,2204.0,2239.0,2100.0,2046.0,1816.0,1755.0,1821.0,1682.0,1753.0,1647.0,1731.0,1456.0,1434.0,1423.0,1249.0,1270.0
구미시 - 자동차 천대당 교통사고발생건수＜br＞(A÷B×1000),Statistics,15.9,14.4,13.1,14.0,13.6,12.2,11.6,9.9,9.3,9.3,8.4,8.4,7.8,8.0,6.6,6.5,6.3,5.5,5.5
구미시 - 자동차등록대수＜br＞(B),Statistics,145391.0,150466.0,152922.0,157559.0,165136.0,171521.0,176074.0,182615.0,188812.0,195007.0,200343.0,207633.0,212449.0,216166.0,220317.0,222104.0,224799.0,228803.0,232848.0
군산시 - 교통사고발생건수＜br＞(A),Statistics,1117.0,1114.0,1127.0,1213.0,1194.0,1376.0,1453.0,1373.0,1574.0,1606.0,1156.0,1146.0,955.0,1113.0,1005.0,998.0,1014.0,1047.0,979.0
군산시 - 자동차 천대당 교통사고발생건수＜br＞(A÷B×1000),Statistics,12.8,12.3,11.8,12.1,11.4,12.6,12.9,11.8,13.1,12.9,9.0,8.8,7.2,8.3,7.4,7.2,7.1,7.2,6.7
군산시 - 자동차등록대수＜br＞(B),Statistics,87244.0,90838.0,95156.0,99837.0,104684.0,109492.0,112842.0,116191.0,119751.0,124366.0,128250.0,130345.0,132780.0,134093.0,136647.0,139195.0,142173.0,144553.0,146691.0
군위군 - 교통사고발생건수＜br＞(A),Statistics,125.0,130.0,128.0,123.0,110.0,85.0,93.0,76.0,95.0,106.0,97.0,89.0,74.0,121.0,90.0,96.0,79.0,96.0,96.0
군위군 - 자동차 천대당 교통사고발생건수＜br＞(A÷B×1000),Statistics,12.6,12.8,12.4,11.6,10.1,7.6,8.1,6.4,7.6,8.1,7.1,6.2,5.1,8.1,5.9,6.2,4.9,5.9,6.0
군위군 - 자동차등록대수＜br＞(B),Statistics,9948.0,10118.0,10291.0,10563.0,10889.0,11150.0,11482.0,11946.0,12424.0,13051.0,13709.0,14306.0,14567.0,14935.0,15249.0,15452.0,16040.0,16198.0,16080.0
군포시 - 교통사고발생건수＜br＞(A),Statistics,567.0,450.0,382.0,503.0,569.0,741.0,658.0,627.0,675.0,721.0,633.0,580.0,564.0,556.0,566.0,503.0,489.0,428.0,420.0
군포시 - 자동차 천대당 교통사고발생건수＜br＞(A÷B×1000),Statistics,7.0,5.4,4.6,6.0,6.4,8.2,7.3,6.8,7.1,7.5,6.4,5.8,5.6,5.5,5.5,4.8,4.6,4.1,4.0
군포시 - 자동차등록대수＜br＞(B),Statistics,81509.0,82591.0,83364.0,84399.0,89272.0,90145.0,90413.0,91916.0,94648.0,96396.0,98576.0,99793.0,100865.0,101749.0,103583.0,103820.0,105326.0,105135.0,104120.0
금산군 - 교통사고발생건수＜br＞(A),Statistics,253.0,196.0,209.0,271.0,258.0,248.0,245.0,214.0,212.0,208.0,173.0,198.0,136.0,125.0,101.0,89.0,117.0,118.0,163.0
금산군 - 자동차 천대당 교통사고발생건수＜br＞(A÷B×1000),Statistics,12.5,9.3,9.6,12.0,11.0,9.7,9.5,8.1,7.8,7.4,6.0,6.7,4.6,4.1,3.3,2.9,3.7,3.6,4.9
금산군 - 자동차등록대수＜br＞(B),Statistics,20202.0,21159.0,21705.0,22592.0,23534.0,25546.0,25897.0,26317.0,27303.0,28220.0,28983.0,29371.0,29693.0,30122.0,30891.0,30969.0,31677.0,32675.0,33475.0
금정구 - 교통사고발생건수＜br＞(A),Statistics,848.0,622.0,760.0,824.0,845.0,883.0,939.0,910.0,819.0,818.0,716.0,636.0,671.0,664.0,693.0,721.0,682.0,608.0,660.0
금정구 - 자동차 천대당 교통사고발생건수＜br＞(A÷B×1000),Statistics,11.4,8.3,10.0,10.7,10.6,10.8,11.3,10.8,9.7,9.6,8.2,7.2,7.5,7.5,7.8,8.2,7.9,7.1,7.9
금정구 - 자동차등록대수＜br＞(B),Statistics,74390.0,75231.0,75735.0,76747.0,79487.0,81557.0,83390.0,84290.0,84656.0,85498.0,86881.0,88433.0,89403.0,88873.0,88521.0,88146.0,86596.0,85368.0,83656.0
금천구 - 교통사고발생건수＜br＞(A),Statistics,764.0,731.0,803.0,865.0,950.0,886.0,809.0,744.0,834.0,721.0,656.0,674.0,776.0,714.0,635.0,662.0,691.0,703.0,644.0
금천구 - 자동차 천대당 교통사고발생건수＜br＞(A÷B×1000),Statistics,10.6,10.3,11.3,12.1,13.1,12.0,10.7,9.4,10.3,8.7,7.7,7.8,8.9,8.2,7.2,7.3,7.5,7.6,7.0
금천구 - 자동차등록대수＜br＞(B),Statistics,71784.0,71205.0,71249.0,71691.0,72559.0,73986.0,75581.0,78934.0,80823.0,82684.0,84684.0,86427.0,87063.0,87581.0,88395.0,90169.0,91676.0,92139.0,91402.0
기장군 - 교통사고발생건수＜br＞(A),Statistics,305.0,244.0,284.0,353.0,385.0,531.0,577.0,477.0,422.0,404.0,379.0,376.0,382.0,458.0,488.0,449.0,422.0,503.0,570.0
기장군 - 자동차 천대당 교통사고발생건수＜br＞(A÷B×1000),Statistics,11.3,8.7,9.8,10.7,10.0,12.8,12.9,9.1,7.2,6.3,5.6,5.3,5.2,6.1,6.0,5.3,4.9,5.6,6.3
기장군 - 자동차등록대수＜br＞(B),Statistics,26986.0,27931.0,29062.0,33142.0,38361.0,41370.0,44636.0,52260.0,58369.0,63816.0,67927.0,70842.0,73190.0,74623.0,81011.0,83953.0,86322.0,89626.0,91091.0
김제시 - 교통사고발생건수＜br＞(A),Statistics,554.0,519.0,511.0,474.0,477.0,477.0,407.0,430.0,439.0,471.0,469.0,485.0,407.0,445.0,336.0,240.0,229.0,238.0,241.0
김제시 - 자동차 천대당 교통사고발생건수＜br＞(A÷B×1000),Statistics,15.9,14.4,14.0,12.5,12.3,12.1,10.2,10.6,10.5,11.0,10.7,10.8,8.8,9.6,7.1,5.0,4.6,4.7,4.7
김제시 - 자동차등록대수＜br＞(B),Statistics,34763.0,35937.0,36461.0,37984.0,38880.0,39276.0,39862.0,40562.0,41719.0,42738.0,43867.0,44986.0,46083.0,46496.0,47273.0,47953.0,49719.0,50778.0,51780.0
김천시 - 교통사고발생건수＜br＞(A),Statistics,699.0,729.0,602.0,650.0,660.0,584.0,581.0,559.0,533.0,525.0,480.0,538.0,537.0,586.0,492.0,440.0,376.0,324.0,405.0
김천시 - 자동차 천대당 교통사고발생건수＜br＞(A÷B×1000),Statistics,14.3,14.5,12.0,12.7,12.4,10.7,10.4,9.7,8.8,8.0,7.0,7.6,7.4,7.9,6.5,5.7,4.7,4.0,5.0
김천시 - 자동차등록대수＜br＞(B),Statistics,48897.0,50117.0,50262.0,51304.0,53044.0,54688.0,56035.0,57832.0,60275.0,65243.0,68562.0,71147.0,72569.0,74070.0,76063.0,77837.0,79696.0,80788.0,81463.0
김포시 - 교통사고발생건수＜br＞(A),Statistics,981.0,852.0,789.0,834.0,970.0,909.0,959.0,1031.0,1337.0,1423.0,1425.0,1317.0,1462.0,1574.0,1409.0,1470.0,1627.0,1580.0,1517.0
김포시 - 자동차 천대당 교통사고발생건수＜br＞(A÷B×1000),Statistics,11.6,9.9,8.7,8.8,9.7,8.4,8.1,8.0,9.4,9.4,8.7,7.3,7.3,7.5,6.2,6.2,6.7,6.4,6.1
김포시 - 자동차등록대수＜br＞(B),Statistics,84820.0,85870.0,90986.0,94686.0,99793.0,107634.0,119064.0,129466.0,142598.0,151905.0,163089.0,181655.0,201000.0,208802.0,228800.0,238330.0,242644.0,246989.0,250737.0
김해시 - 교통사고발생건수＜br＞(A),Statistics,1792.0,1914.0,1877.0,2028.0,1923.0,1875.0,2038.0,1816.0,1803.0,1922.0,1766.0,1807.0,1737.0,1928.0,1704.0,1616.0,1569.0,1655.0,1516.0
김해시 - 자동차 천대당 교통사고발생건수＜br＞(A÷B×1000),Statistics,10.8,10.9,10.3,10.5,9.5,8.9,9.4,8.1,7.7,7.9,7.1,7.0,6.6,7.0,6.1,5.7,5.4,5.6,5.0
김해시 - 자동차등록대수＜br＞(B),Statistics,166269.0,176306.0,182154.0,192923.0,202402.0,210263.0,216799.0,224570.0,233388.0,242387.0,249818.0,257652.0,264302.0,274093.0,281502.0,285229.0,291364.0,297305.0,302661.0
나주시 - 교통사고발생건수＜br＞(A),Statistics,745.0,727.0,682.0,668.0,743.0,662.0,610.0,575.0,544.0,533.0,571.0,553.0,551.0,569.0,417.0,391.0,350.0,463.0,561.0
나주시 - 자동차 천대당 교통사고발생건수＜br＞(A÷B×1000),Statistics,21.9,20.5,18.8,17.9,19.2,16.7,14.9,13.6,12.0,10.6,10.4,9.3,8.7,8.7,6.2,5.6,4.9,6.3,7.5
나주시 - 자동차등록대수＜br＞(B),Statistics,33994.0,35386.0,36220.0,37250.0,38713.0,39726.0,40906.0,42339.0,45302.0,50391.0,54698.0,59172.0,63051.0,65414.0,67726.0,69733.0,71461.0,73464.0,74328.0
남구 - 교통사고발생건수＜br＞(A),Statistics,799.0,606.0,583.0,704.0,866.0,886.0,836.0,705.0,760.0,752.0,705.0,691.0,682.0,758.0,644.0,593.0,602.0,703.0,676.0
남구 - 자동차 천대당 교통사고발생건수＜br＞(A÷B×1000),Statistics,9.7,7.2,6.8,8.1,9.9,10.0,9.4,7.7,8.3,7.9,7.3,7.2,6.8,7.6,6.5,5.9,6.0,6.9,6.6
남구 - 자동차등록대수＜br＞(B),Statistics,82781.0,83891.0,85389.0,87063.0,87450.0,89001.0,89108.0,91562.0,92022.0,94773.0,96101.0,96093.0,100410.0,99926.0,99590.0,100833.0,100690.0,101572.0,101865.0
남동구 - 교통사고발생건수＜br＞(A),Statistics,2054.0,2044.0,1935.0,1928.0,1882.0,1985.0,1881.0,1698.0,1732.0,1784.0,1713.0,1446.0,1512.0,1708.0,1624.0,1327.0,1361.0,1398.0,1405.0
남동구 - 자동차 천대당 교통사고발생건수＜br＞(A÷B×1000),Statistics,16.2,14.6,13.0,12.4,11.7,11.3,10.1,8.2,7.6,6.9,6.5,5.2,5.1,5.8,5.3,4.4,4.7,4.8,4.9
남동구 - 자동차등록대수＜br＞(B),Statistics,126853.0,139837.0,148827.0,155581.0,161170.0,175054.0,185873.0,207600.0,228864.0,258433.0,265323.0,277016.0,294904.0,292455.0,305694.0,298754.0,288902.0,289210.0,283840.0
남양주시 - 교통사고발생건수＜br＞(A),Statistics,1546.0,1618.0,1602.0,1658.0,1688.0,1666.0,1684.0,1743.0,1765.0,1862.0,2004.0,1961.0,2096.0,2047.0,1882.0,1794.0,1672.0,1628.0,1707.0
남양주시 - 자동차 천대당 교통사고발생건수＜br＞(A÷B×1000),Statistics,10.4,10.1,9.7,9.5,8.9,8.4,8.1,8.0,7.7,7.6,7.8,7.4,7.5,7.0,6.2,5.6,5.1,4.9,5.1
남양주시 - 자동차등록대수＜br＞(B),Statistics,149072.0,159426.0,165401.0,175013.0,190271.0,197696.0,207299.0,217110.0,229990.0,244618.0,256286.0,265420.0,279147.0,290806.0,303129.0,317895.0,326650.0,329204.0,332401.0
남원시 - 교통사고발생건수＜br＞(A),Statistics,399.0,401.0,366.0,397.0,383.0,360.0,395.0,357.0,323.0,313.0,272.0,252.0,266.0,264.0,235.0,229.0,228.0,217.0,164.0
남원시 - 자동차 천대당 교통사고발생건수＜br＞(A÷B×1000),Statistics,14.1,13.9,11.7,12.1,11.3,9.4,9.9,9.0,8.4,8.1,6.7,6.0,6.1,5.8,5.2,5.1,5.1,4.9,3.6
남원시 - 자동차등록대수＜br＞(B),Statistics,28232.0,28931.0,31209.0,32748.0,33979.0,38341.0,39848.0,39766.0,38233.0,38819.0,40730.0,42245.0,43790.0,45353.0,45576.0,45313.0,44881.0,44547.0,45185.0
남해군 - 교통사고발생건수＜br＞(A),Statistics,126.0,165.0,170.0,211.0,174.0,190.0,163.0,209.0,180.0,163.0,163.0,170.0,161.0,163.0,182.0,159.0,137.0,127.0,138.0
남해군 - 자동차 천대당 교통사고발생건수＜br＞(A÷B×1000),Statistics,9.5,11.4,11.7,14.0,11.3,11.7,9.9,12.4,10.4,9.1,8.8,8.9,8.2,8.2,8.9,7.6,6.4,5.9,6.4
남해군 - 자동차등록대수＜br＞(B),Statistics,13194.0,14412.0,14486.0,15078.0,15442.0,16215.0,16427.0,16819.0,17328.0,17912.0,18493.0,19084.0,19538.0,19890.0,20383.0,20843.0,21369.0,21571.0,21723.0
노원구 - 교통사고발생건수＜br＞(A),Statistics,1425.0,1524.0,1508.0,1599.0,1494.0,1351.0,1394.0,1318.0,1266.0,1153.0,1238.0,1228.0,1303.0,1331.0,1104.0,1058.0,1055.0,1101.0,1010.0
노원구 - 자동차 천대당 교통사고발생건수＜br＞(A÷B×1000),Statistics,9.4,9.9,9.8,10.3,9.6,8.7,9.1,8.6,8.3,7.5,8.0,7.9,8.5,8.8,7.2,6.9,6.9,7.2,6.7
노원구 - 자동차등록대수＜br＞(B),Statistics,151687.0,153190.0,153740.0,154801.0,155744.0,155244.0,153969.0,152927.0,152935.0,154645.0,155697.0,154708.0,153620.0,152071.0,152729.0,152285.0,152529.0,152510.0,151503.0
논산시 - 교통사고발생건수＜br＞(A),Statistics,442.0,504.0,500.0,560.0,579.0,551.0,542.0,503.0,489.0,468.0,475.0,481.0,389.0,383.0,305.0,279.0,278.0,246.0,297.0
논산시 - 자동차 천대당 교통사고발생건수＜br＞(A÷B×1000),Statistics,10.0,11.0,10.7,11.5,11.6,10.8,10.4,9.4,8.9,8.2,8.1,7.9,6.3,6.1,4.8,4.4,4.3,3.8,4.5
논산시 - 자동차등록대수＜br＞(B),Statistics,44198.0,45782.0,46858.0,48507.0,50047.0,51234.0,52168.0,53371.0,54950.0,56992.0,58892.0,60537.0,61597.0,62683.0,63534.0,64025.0,65041.0,65342.0,66030.0
단양군 - 교통사고발생건수＜br＞(A),Statistics,101.0,119.0,136.0,114.0,127.0,143.0,137.0,135.0,120.0,144.0,111.0,126.0,113.0,124.0,119.0,112.0,122.0,77.0,116.0
단양군 - 자동차 천대당 교통사고발생건수＜br＞(A÷B×1000),Statistics,8.6,9.9,11.1,9.0,9.8,10.7,10.1,9.7,8.4,9.7,7.1,8.0,6.9,7.5,7.2,6.7,7.2,4.4,6.6
단양군 - 자동차등록대수＜br＞(B),Statistics,11801.0,12016.0,12240.0,12660.0,12997.0,13306.0,13513.0,13947.0,14337.0,14888.0,15529.0,15846.0,16432.0,16526.0,16635.0,16658.0,17033.0,17419.0,17642.0
달서구 - 교통사고발생건수＜br＞(A),Statistics,2519.0,2714.0,2696.0,2717.0,2877.0,2876.0,2849.0,2818.0,3061.0,2944.0,2570.0,2659.0,2726.0,3060.0,2623.0,2456.0,2136.0,1934.0,1843.0
달서구 - 자동차 천대당 교통사고발생건수＜br＞(A÷B×1000),Statistics,12.0,12.5,12.3,12.0,12.3,12.1,11.9,11.4,12.1,11.4,9.7,9.9,9.9,10.9,9.2,8.6,7.3,6.6,6.3
달서구 - 자동차등록대수＜br＞(B),Statistics,210470.0,216748.0,219945.0,226226.0,233699.0,237199.0,240180.0,246229.0,252307.0,259094.0,265918.0,268762.0,274665.0,280913.0,285020.0,286576.0,292185.0,293969.0,294049.0
달성군 - 교통사고발생건수＜br＞(A),Statistics,595.0,561.0,500.0,606.0,690.0,700.0,736.0,668.0,749.0,635.0,627.0,709.0,715.0,821.0,779.0,696.0,695.0,720.0,679.0
달성군 - 자동차 천대당 교통사고발생건수＜br＞(A÷B×1000),Statistics,9.7,8.9,7.4,8.6,9.5,9.2,9.3,8.2,8.8,6.9,5.9,5.8,5.5,6.1,5.6,4.9,4.8,4.9,4.6
달성군 - 자동차등록대수＜br＞(B),Statistics,61315.0,62994.0,67382.0,70571.0,73013.0,75856.0,79430.0,81801.0,85226.0,92446.0,106785.0,122405.0,129120.0,134301.0,138584.0,142085.0,145163.0,146888.0,146603.0
담양군 - 교통사고발생건수＜br＞(A),Statistics,256.0,238.0,226.0,215.0,219.0,214.0,227.0,247.0,275.0,298.0,221.0,248.0,260.0,278.0,240.0,249.0,258.0,243.0,238.0
담양군 - 자동차 천대당 교통사고발생건수＜br＞(A÷B×1000),Statistics,13.9,12.4,11.7,10.7,10.6,10.0,10.3,10.8,11.6,12.0,8.6,9.4,9.6,10.1,8.5,8.5,8.5,7.9,7.6
담양군 - 자동차등록대수＜br＞(B),Statistics,18413.0,19132.0,19278.0,20010.0,20586.0,21433.0,21952.0,22870.0,23807.0,24795.0,25636.0,26501.0,27190.0,27544.0,28290.0,29344.0,30208.0,30802.0,31218.0
당진시 - 교통사고발생건수＜br＞(A),Statistics,,,,,,,557.0,755.0,662.0,791.0,713.0,733.0,773.0,711.0,699.0,634.0,485.0,513.0,599.0
당진시 - 자동차 천대당 교통사고발생건수＜br＞(A÷B×1000),Statistics,,,,,,,7.8,10.1,8.4,9.4,8.1,8.0,8.2,7.4,7.1,6.2,4.6,4.7,5.3
당진시 - 자동차등록대수＜br＞(B),Statistics,,,,,,,71031.0,74682.0,79210.0,83771.0,87828.0,91288.0,94251.0,96255.0,98704.0,101460.0,105477.0,109915.0,113337.0
대구광역시 - 교통사고발생건수＜br＞(A),Statistics,11969.0,12061.0,11997.0,12551.0,12752.0,12798.0,12552.0,11729.0,12205.0,11852.0,10827.0,10748.0,11194.0,12032.0,10347.0,9855.0,9056.0,9030.0,8510.0
대구광역시 - 자동차 천대당 교통사고발생건수＜br＞(A÷B×1000),Statistics,13.8,13.7,13.5,13.8,13.4,13.0,12.4,11.3,11.4,10.7,9.6,9.3,9.5,10.1,8.5,8.1,7.4,7.2,6.7
대구광역시 - 자동차등록대수＜br＞(B),Statistics,865077.0,881481.0,889127.0,909222.0,948764.0,985349.0,1010065.0,1039225.0,1072305.0,1106002.0,1130811.0,1157053.0,1178353.0,1190154.0,1219196.0,1211095.0,1230183.0,1258088.0,1262654.0
대덕구 - 교통사고발생건수＜br＞(A),Statistics,709.0,730.0,743.0,871.0,770.0,741.0,757.0,675.0,626.0,721.0,937.0,1062.0,821.0,791.0,701.0,782.0,835.0,858.0,789.0
대덕구 - 자동차 천대당 교통사고발생건수＜br＞(A÷B×1000),Statistics,8.4,8.7,8.9,10.4,9.1,8.6,8.7,7.6,6.9,7.9,10.2,11.6,8.9,8.7,7.5,8.4,8.7,9.0,8.3
대덕구 - 자동차등록대수＜br＞(B),Statistics,84250.0,84139.0,83140.0,83980.0,85003.0,85691.0,87213.0,88941.0,90072.0,91096.0,92117.0,91689.0,92203.0,90694.0,92854.0,93611.0,96237.0,95489.0,95453.0
대전광역시 - 교통사고발생건수＜br＞(A),Statistics,5143.0,5071.0,5155.0,5614.0,5445.0,5666.0,5247.0,5122.0,5496.0,6328.0,6878.0,7108.0,6892.0,7453.0,6282.0,6142.0,6000.0,6462.0,6669.0
대전광역시 - 자동차 천대당 교통사고발생건수＜br＞(A÷B×1000),Statistics,9.9,9.5,9.6,10.1,9.5,9.7,8.8,8.4,8.8,10.0,10.6,10.8,10.3,11.1,9.2,8.9,8.5,8.9,9.0
대전광역시 - 자동차등록대수＜br＞(B),Statistics,521234.0,535697.0,539233.0,553857.0,572372.0,584435.0,594786.0,606283.0,621035.0,632954.0,648084.0,659619.0,669959.0,673899.0,686429.0,692702.0,707928.0,723374.0,737012.0
도봉구 - 교통사고발생건수＜br＞(A),Statistics,739.0,682.0,819.0,831.0,807.0,757.0,768.0,734.0,738.0,701.0,719.0,743.0,667.0,625.0,539.0,437.0,389.0,408.0,390.0
도봉구 - 자동차 천대당 교통사고발생건수＜br＞(A÷B×1000),Statistics,7.9,7.3,8.8,8.8,8.6,8.0,8.2,7.8,7.8,7.3,7.4,7.6,6.9,6.5,5.6,4.6,4.1,4.3,4.1
도봉구 - 자동차등록대수＜br＞(B),Statistics,93037.0,93583.0,93587.0,94116.0,93719.0,94426.0,93759.0,93700.0,94430.0,95851.0,97059.0,97323.0,97308.0,96435.0,95839.0,95631.0,95690.0,95127.0,94041.0
동구 - 교통사고발생건수＜br＞(A),Statistics,525.0,441.0,460.0,575.0,566.0,598.0,502.0,474.0,492.0,473.0,473.0,466.0,502.0,500.0,421.0,411.0,480.0,434.0,452.0
동구 - 자동차 천대당 교통사고발생건수＜br＞(A÷B×1000),Statistics,18.8,15.4,15.8,12.1,11.8,18.8,16.4,16.0,16.0,15.7,10.4,9.8,9.9,9.6,8.0,7.1,10.1,8.4,8.2
동구 - 자동차등록대수＜br＞(B),Statistics,27954.0,28583.0,29101.0,47417.0,48100.0,31740.0,30621.0,29685.0,30775.0,30123.0,45376.0,47566.0,50723.0,51900.0,52490.0,58194.0,47449.0,51664.0,54991.0
동대문구 - 교통사고발생건수＜br＞(A),Statistics,1531.0,1526.0,1377.0,1575.0,1522.0,1445.0,1470.0,1500.0,1341.0,1585.0,1554.0,1315.0,1292.0,1160.0,1009.0,984.0,1116.0,1248.0,1137.0
동대문구 - 자동차 천대당 교통사고발생건수＜br＞(A÷B×1000),Statistics,17.2,17.1,15.4,17.6,16.7,15.8,15.9,16.0,14.1,16.4,16.0,13.5,13.1,11.8,10.3,10.0,11.2,12.2,11.1
동대문구 - 자동차등록대수＜br＞(B),Statistics,89001.0,89366.0,89163.0,89480.0,90954.0,91684.0,92373.0,93469.0,95301.0,96607.0,97333.0,97507.0,98324.0,97910.0,98030.0,98466.0,99447.0,102637.0,102535.0
동두천시 - 교통사고발생건수＜br＞(A),Statistics,446.0,500.0,415.0,400.0,466.0,375.0,408.0,396.0,416.0,426.0,325.0,335.0,362.0,370.0,286.0,301.0,237.0,276.0,321.0
동두천시 - 자동차 천대당 교통사고발생건수＜br＞(A÷B×1000),Statistics,17.8,18.8,15.0,13.8,15.1,11.7,12.3,11.6,11.9,11.9,8.8,8.9,9.4,9.7,7.3,7.5,5.8,6.8,8.0
동두천시 - 자동차등록대수＜br＞(B),Statistics,25124.0,26618.0,27725.0,29001.0,30927.0,32079.0,33155.0,34096.0,35036.0,35661.0,37002.0,37674.0,38381.0,38230.0,39263.0,40309.0,40875.0,40405.0,40131.0
동래구 - 교통사고발생건수＜br＞(A),Statistics,1017.0,757.0,839.0,938.0,929.0,858.0,990.0,826.0,837.0,873.0,904.0,765.0,785.0,913.0,836.0,667.0,677.0,804.0,654.0
동래구 - 자동차 천대당 교통사고발생건수＜br＞(A÷B×1000),Statistics,13.6,9.7,10.7,11.7,11.3,10.1,11.7,9.7,9.6,9.9,9.9,8.3,8.5,9.6,8.6,6.9,6.7,7.9,6.3
동래구 - 자동차등록대수＜br＞(B),Statistics,74748.0,78042.0,78546.0,80209.0,82059.0,84701.0,84406.0,85444.0,87121.0,88435.0,90880.0,91933.0,92187.0,95311.0,96657.0,96722.0,100783.0,101222.0,103873.0
동작구 - 교통사고발생건수＜br＞(A),Statistics,951.0,971.0,862.0,1028.0,971.0,1002.0,1059.0,1028.0,1105.0,1106.0,1182.0,1120.0,1119.0,1102.0,965.0,860.0,933.0,1014.0,1017.0
동작구 - 자동차 천대당 교통사고발생건수＜br＞(A÷B×1000),Statistics,10.0,10.2,9.1,10.8,10.1,10.4,10.7,10.2,10.9,10.8,11.3,10.7,10.6,10.4,9.1,8.1,8.8,9.5,9.6
동작구 - 자동차등록대수＜br＞(B),Statistics,95173.0,95481.0,94623.0,95573.0,96579.0,96802.0,98689.0,101202.0,101536.0,102067.0,104176.0,104837.0,105476.0,105472.0,105588.0,106229.0,106037.0,106496.0,106189.0
동해시 - 교통사고발생건수＜br＞(A),Statistics,420.0,409.0,409.0,414.0,402.0,460.0,403.0,410.0,460.0,512.0,444.0,415.0,329.0,330.0,270.0,335.0,292.0,284.0,254.0
동해시 - 자동차 천대당 교통사고발생건수＜br＞(A÷B×1000),Statistics,12.7,12.2,12.1,11.9,11.2,12.6,10.9,10.7,11.6,12.4,10.4,9.5,7.4,7.3,5.8,7.0,6.0,5.7,5.1
동해시 - 자동차등록대수＜br＞(B),Statistics,33094.0,33618.0,33911.0,34787.0,35918.0,36529.0,37047.0,38292.0,39590.0,41132.0,42540.0,43647.0,44419.0,45324.0,46848.0,47931.0,48935.0,49697.0,50154.0
마포구 - 교통사고발생건수＜br＞(A),Statistics,1462.0,1287.0,1446.0,1437.0,1548.0,1415.0,1346.0,1464.0,1480.0,1483.0,1489.0,1548.0,1411.0,1196.0,970.0,857.0,850.0,1036.0,1005.0
마포구 - 자동차 천대당 교통사고발생건수＜br＞(A÷B×1000),Statistics,13.4,11.7,13.4,13.3,14.1,12.7,12.2,13.1,12.9,12.7,12.7,13.3,12.0,10.1,8.1,7.1,7.0,8.5,8.3
마포구 - 자동차등록대수＜br＞(B),Statistics,109332.0,110420.0,107847.0,108357.0,110124.0,111398.0,110752.0,111519.0,114870.0,116915.0,117071.0,116531.0,117991.0,117907.0,119389.0,121364.0,122018.0,122309.0,121558.0
목포시 - 교통사고발생건수＜br＞(A),Statistics,1414.0,1354.0,1320.0,1504.0,1347.0,1121.0,1193.0,1216.0,1237.0,1385.0,1139.0,1258.0,1268.0,1580.0,1442.0,1207.0,1174.0,1084.0,1061.0
목포시 - 자동차 천대당 교통사고발생건수＜br＞(A÷B×1000),Statistics,19.9,18.2,17.0,18.8,16.4,13.3,13.8,13.8,13.7,14.8,11.8,12.8,12.7,15.6,14.2,12.0,11.4,10.4,10.2
목포시 - 자동차등록대수＜br＞(B),Statistics,71085.0,74353.0,77539.0,79959.0,82011.0,84467.0,86643.0,87998.0,90434.0,93500.0,96797.0,98001.0,99780.0,101238.0,101424.0,100404.0,102705.0,104352.0,104521.0
무안군 - 교통사고발생건수＜br＞(A),Statistics,297.0,261.0,283.0,349.0,332.0,297.0,289.0,348.0,392.0,367.0,337.0,362.0,312.0,354.0,347.0,414.0,252.0,218.0,304.0
무안군 - 자동차 천대당 교통사고발생건수＜br＞(A÷B×1000),Statistics,14.4,11.7,11.7,12.8,11.5,9.7,9.1,10.3,10.9,9.7,8.5,8.7,7.4,8.2,7.3,8.0,4.8,4.0,5.4
무안군 - 자동차등록대수＜br＞(B),Statistics,20582.0,22282.0,24128.0,27293.0,28991.0,30562.0,31590.0,33858.0,36045.0,37890.0,39666.0,41504.0,42368.0,42923.0,47238.0,51520.0,52574.0,53950.0,56341.0
무주군 - 교통사고발생건수＜br＞(A),Statistics,87.0,107.0,122.0,76.0,97.0,95.0,75.0,80.0,89.0,65.0,79.0,105.0,110.0,109.0,85.0,76.0,77.0,69.0,69.0
무주군 - 자동차 천대당 교통사고발생건수＜br＞(A÷B×1000),Statistics,10.7,12.6,13.9,8.2,10.0,9.4,7.3,7.4,7.8,5.5,6.5,8.4,8.6,8.4,6.3,5.6,5.5,4.8,4.7
무주군 - 자동차등록대수＜br＞(B),Statistics,8142.0,8499.0,8801.0,9276.0,9719.0,10106.0,10340.0,10763.0,11346.0,11755.0,12131.0,12469.0,12844.0,13014.0,13395.0,13583.0,13948.0,14348.0,14532.0
문경시 - 교통사고발생건수＜br＞(A),Statistics,314.0,305.0,308.0,389.0,350.0,337.0,330.0,354.0,341.0,326.0,373.0,328.0,377.0,339.0,288.0,237.0,238.0,258.0,214.0
문경시 - 자동차 천대당 교통사고발생건수＜br＞(A÷B×1000),Statistics,12.9,12.3,12.0,14.3,12.2,11.4,10.9,11.4,10.5,9.7,10.8,9.3,10.6,9.2,7.6,6.2,6.0,6.5,5.3
문경시 - 자동차등록대수＜br＞(B),Statistics,24433.0,24874.0,25698.0,27263.0,28649.0,29580.0,30401.0,31178.0,32401.0,33566.0,34419.0,35166.0,35664.0,36754.0,37684.0,38340.0,39418.0,39821.0,40123.0
미추홀구 - 교통사고발생건수＜br＞(A),Statistics,,,,,,,,,,,,,970.0,1054.0,1004.0,992.0,1078.0,1163.0,1174.0
미추홀구 - 자동차 천대당 교통사고발생건수＜br＞(A÷B×1000),Statistics,,,,,,,,,,,,,4.7,6.3,5.9,5.8,6.3,6.7,6.4
미추홀구 - 자동차등록대수＜br＞(B),Statistics,,,,,,,,,,,,,205403.0,168273.0,171026.0,169809.0,172078.0,173530.0,183319.0
밀양시 - 교통사고발생건수＜br＞(A),Statistics,369.0,297.0,393.0,452.0,404.0,458.0,505.0,426.0,451.0,433.0,437.0,354.0,332.0,474.0,445.0,404.0,404.0,391.0,405.0
밀양시 - 자동차 천대당 교통사고발생건수＜br＞(A÷B×1000),Statistics,8.9,7.0,9.0,10.1,8.7,9.6,10.4,8.6,8.8,8.0,7.8,6.2,5.7,8.1,7.4,6.7,6.5,6.2,6.4
밀양시 - 자동차등록대수＜br＞(B),Statistics,41393.0,42511.0,43459.0,44922.0,46209.0,47497.0,48514.0,49766.0,51475.0,54022.0,56222.0,57201.0,57817.0,58338.0,59773.0,60605.0,61796.0,62766.0,63138.0
보령시 - 교통사고발생건수＜br＞(A),Statistics,474.0,523.0,541.0,486.0,512.0,435.0,498.0,454.0,406.0,484.0,432.0,384.0,312.0,413.0,393.0,367.0,298.0,247.0,254.0
보령시 - 자동차 천대당 교통사고발생건수＜br＞(A÷B×1000),Statistics,13.3,14.0,14.1,12.1,12.4,10.3,11.6,10.3,8.9,10.1,8.7,7.6,6.0,7.8,7.3,6.7,5.4,4.4,4.5
보령시 - 자동차등록대수＜br＞(B),Statistics,35752.0,37412.0,38436.0,40083.0,41374.0,42265.0,42827.0,43929.0,45367.0,47839.0,49465.0,50720.0,51829.0,52812.0,53905.0,54548.0,55485.0,56148.0,56522.0
보성군 - 교통사고발생건수＜br＞(A),Statistics,276.0,249.0,267.0,242.0,243.0,195.0,183.0,173.0,203.0,214.0,186.0,188.0,223.0,226.0,182.0,149.0,119.0,144.0,135.0
보성군 - 자동차 천대당 교통사고발생건수＜br＞(A÷B×1000),Statistics,17.4,15.2,15.9,13.9,13.5,10.7,9.9,9.1,9.3,5.0,2.7,2.1,2.6,3.2,3.8,4.5,5.0,6.2,5.7
보성군 - 자동차등록대수＜br＞(B),Statistics,15837.0,16401.0,16795.0,17379.0,17937.0,18241.0,18551.0,18994.0,21901.0,42586.0,67637.0,87852.0,86068.0,70686.0,47300.0,33334.0,23858.0,23381.0,23565.0
보은군 - 교통사고발생건수＜br＞(A),Statistics,167.0,135.0,150.0,119.0,141.0,121.0,116.0,127.0,94.0,114.0,100.0,117.0,123.0,137.0,96.0,113.0,109.0,122.0,115.0
보은군 - 자동차 천대당 교통사고발생건수＜br＞(A÷B×1000),Statistics,13.6,10.7,11.5,8.7,9.9,8.3,7.8,8.3,5.9,6.8,5.7,6.5,6.6,7.3,5.0,5.8,5.5,6.0,5.7
보은군 - 자동차등록대수＜br＞(B),Statistics,12284.0,12564.0,13029.0,13668.0,14176.0,14595.0,14896.0,15341.0,15977.0,16862.0,17456.0,18029.0,18506.0,18735.0,19191.0,19428.0,19873.0,20174.0,20270.0
봉화군 - 교통사고발생건수＜br＞(A),Statistics,153.0,192.0,162.0,184.0,167.0,145.0,144.0,134.0,133.0,146.0,130.0,103.0,133.0,122.0,120.0,76.0,89.0,103.0,95.0
봉화군 - 자동차 천대당 교통사고발생건수＜br＞(A÷B×1000),Statistics,13.7,16.4,13.4,14.4,12.6,10.6,10.2,9.1,8.7,9.1,7.8,6.0,7.6,6.9,6.6,4.1,4.7,5.4,5.0
봉화군 - 자동차등록대수＜br＞(B),Statistics,11175.0,11713.0,12128.0,12737.0,13286.0,13706.0,14120.0,14719.0,15304.0,15987.0,16587.0,17043.0,17541.0,17800.0,18282.0,18561.0,18828.0,19043.0,19085.0
부산광역시 - 교통사고발생건수＜br＞(A),Statistics,11839.0,9149.0,10766.0,12558.0,12378.0,12369.0,13268.0,11163.0,11062.0,10917.0,10380.0,9740.0,10069.0,10788.0,9822.0,9348.0,9061.0,9393.0,9617.0
부산광역시 - 자동차 천대당 교통사고발생건수＜br＞(A÷B×1000),Statistics,11.9,9.1,10.4,11.2,10.8,10.7,11.3,9.4,9.1,8.7,8.0,7.3,7.3,7.7,6.9,6.4,6.0,6.1,6.2
부산광역시 - 자동차등록대수＜br＞(B),Statistics,994292.0,1010086.0,1038954.0,1116719.0,1147311.0,1159178.0,1175205.0,1183679.0,1214175.0,1255722.0,1295316.0,1333224.0,1371172.0,1395183.0,1429040.0,1464608.0,1499503.0,1527748.0,1559310.0
부산진구 - 교통사고발생건수＜br＞(A),Statistics,1461.0,1106.0,1421.0,1763.0,1607.0,1457.0,1450.0,1279.0,1365.0,1232.0,1248.0,1186.0,1332.0,1372.0,1204.0,1313.0,1205.0,1104.0,1143.0
부산진구 - 자동차 천대당 교통사고발생건수＜br＞(A÷B×1000),Statistics,14.4,10.8,13.7,13.8,12.2,10.5,10.4,9.5,10.5,9.5,9.7,9.1,10.1,10.1,8.4,9.2,8.1,7.1,7.0
부산진구 - 자동차등록대수＜br＞(B),Statistics,101607.0,102525.0,103986.0,127423.0,131212.0,138428.0,140028.0,134723.0,130137.0,129789.0,128283.0,130920.0,132106.0,135262.0,143006.0,143461.0,148038.0,154830.0,162216.0
부안군 - 교통사고발생건수＜br＞(A),Statistics,309.0,307.0,279.0,314.0,315.0,358.0,348.0,356.0,285.0,318.0,292.0,259.0,226.0,249.0,177.0,157.0,116.0,142.0,159.0
부안군 - 자동차 천대당 교통사고발생건수＜br＞(A÷B×1000),Statistics,15.6,15.2,13.5,14.5,14.1,15.6,14.7,14.5,11.4,12.3,10.9,9.5,8.2,9.0,6.3,5.6,4.0,4.8,5.4
부안군 - 자동차등록대수＜br＞(B),Statistics,19754.0,20137.0,20676.0,21650.0,22405.0,22972.0,23680.0,24548.0,24930.0,25812.0,26741.0,27341.0,27656.0,27774.0,28155.0,28265.0,28911.0,29309.0,29451.0
부여군 - 교통사고발생건수＜br＞(A),Statistics,337.0,308.0,278.0,240.0,354.0,268.0,226.0,211.0,226.0,275.0,191.0,180.0,186.0,187.0,174.0,164.0,167.0,205.0,201.0
부여군 - 자동차 천대당 교통사고발생건수＜br＞(A÷B×1000),Statistics,13.1,11.7,10.4,8.6,12.4,9.2,7.6,6.9,7.2,8.4,5.7,5.2,5.3,5.3,4.9,4.6,4.6,5.6,5.5
부여군 - 자동차등록대수＜br＞(B),Statistics,25680.0,26404.0,26848.0,27766.0,28577.0,29069.0,29809.0,30608.0,31509.0,32575.0,33577.0,34321.0,34940.0,35078.0,35600.0,35845.0,36339.0,36635.0,36795.0
부천시 - 교통사고발생건수＜br＞(A),Statistics,2595.0,2736.0,2399.0,2758.0,2776.0,2845.0,2760.0,2630.0,2566.0,2749.0,2483.0,2516.0,2701.0,2997.0,2725.0,2742.0,2798.0,2826.0,2498.0
부천시 - 자동차 천대당 교통사고발생건수＜br＞(A÷B×1000),Statistics,10.6,10.9,9.4,10.5,10.3,10.5,10.1,9.6,9.2,9.7,8.4,8.3,8.8,9.8,8.9,8.9,9.0,9.1,8.0
부천시 - 자동차등록대수＜br＞(B),Statistics,243970.0,250235.0,255456.0,262819.0,269420.0,271004.0,272448.0,274537.0,278041.0,282905.0,294966.0,301745.0,307858.0,305967.0,307262.0,309211.0,310441.0,311884.0,310466.0
부평구 - 교통사고발생건수＜br＞(A),Statistics,1986.0,1874.0,1792.0,1999.0,1720.0,1649.0,1695.0,1347.0,1350.0,1256.0,1283.0,1099.0,981.0,1125.0,1225.0,1238.0,1080.0,1044.0,1066.0
부평구 - 자동차 천대당 교통사고발생건수＜br＞(A÷B×1000),Statistics,12.4,11.6,11.0,12.0,10.2,9.7,10.1,7.9,7.2,6.2,6.0,4.9,4.4,4.9,5.2,4.9,4.0,3.8,4.0
부평구 - 자동차등록대수＜br＞(B),Statistics,159729.0,162146.0,162994.0,166130.0,167907.0,169219.0,167699.0,170843.0,186989.0,201075.0,214234.0,222683.0,225463.0,228866.0,237037.0,252365.0,271703.0,273503.0,267479.0
북구 - 교통사고발생건수＜br＞(A),Statistics,695.0,598.0,678.0,769.0,692.0,628.0,752.0,636.0,597.0,634.0,647.0,609.0,586.0,581.0,552.0,448.0,374.0,486.0,605.0
북구 - 자동차 천대당 교통사고발생건수＜br＞(A÷B×1000),Statistics,8.0,6.9,7.8,8.8,7.8,6.9,8.0,6.7,6.2,6.2,6.2,5.8,5.6,5.6,5.3,4.2,3.5,4.6,5.8
북구 - 자동차등록대수＜br＞(B),Statistics,86679.0,87152.0,86860.0,87548.0,89111.0,90444.0,94454.0,95347.0,96969.0,101693.0,104032.0,104173.0,104204.0,103966.0,103651.0,106261.0,106309.0,106162.0,105194.0
사상구 - 교통사고발생건수＜br＞(A),Statistics,850.0,759.0,998.0,1153.0,1106.0,1005.0,1083.0,958.0,776.0,799.0,824.0,744.0,754.0,905.0,773.0,605.0,494.0,566.0,544.0
사상구 - 자동차 천대당 교통사고발생건수＜br＞(A÷B×1000),Statistics,9.9,8.9,11.9,13.6,12.5,11.2,12.0,10.8,8.6,8.8,9.0,8.1,8.3,10.1,8.6,6.8,5.5,6.3,6.1
사상구 - 자동차등록대수＜br＞(B),Statistics,85534.0,84872.0,83958.0,84792.0,88222.0,89497.0,90126.0,89030.0,90282.0,90775.0,91470.0,91798.0,91251.0,89888.0,89693.0,89184.0,89157.0,89368.0,88589.0
사천시 - 교통사고발생건수＜br＞(A),Statistics,598.0,603.0,622.0,714.0,686.0,665.0,624.0,606.0,663.0,671.0,517.0,557.0,535.0,561.0,543.0,514.0,510.0,476.0,443.0
사천시 - 자동차 천대당 교통사고발생건수＜br＞(A÷B×1000),Statistics,16.4,15.5,15.4,17.0,15.7,14.9,13.5,12.6,13.3,13.1,9.7,10.2,9.5,9.9,9.4,8.8,8.5,7.8,7.1
사천시 - 자동차등록대수＜br＞(B),Statistics,36516.0,38811.0,40278.0,41929.0,43712.0,44771.0,46180.0,48072.0,49761.0,51365.0,53043.0,54695.0,56044.0,56496.0,58003.0,58685.0,60011.0,61190.0,62394.0
사하구 - 교통사고발생건수＜br＞(A),Statistics,1153.0,978.0,1050.0,1120.0,990.0,968.0,1325.0,1010.0,974.0,984.0,884.0,852.0,796.0,886.0,766.0,711.0,765.0,719.0,792.0
사하구 - 자동차 천대당 교통사고발생건수＜br＞(A÷B×1000),Statistics,11.6,9.6,10.2,10.8,9.3,8.9,12.1,9.1,8.8,8.8,7.7,7.4,6.9,7.7,6.7,6.2,6.7,6.3,6.9
사하구 - 자동차등록대수＜br＞(B),Statistics,99727.0,101397.0,103261.0,104097.0,105969.0,108417.0,109431.0,110397.0,111203.0,112398.0,114166.0,115817.0,116115.0,114686.0,113804.0,113905.0,114400.0,114621.0,114947.0
산청군 - 교통사고발생건수＜br＞(A),Statistics,133.0,139.0,141.0,137.0,143.0,132.0,133.0,146.0,134.0,125.0,137.0,138.0,156.0,154.0,163.0,147.0,137.0,167.0,114.0
산청군 - 자동차 천대당 교통사고발생건수＜br＞(A÷B×1000),Statistics,10.6,10.8,10.6,9.7,9.7,8.6,8.4,8.8,7.8,6.9,7.3,7.0,7.7,7.5,7.8,6.9,6.3,7.5,5.0
산청군 - 자동차등록대수＜br＞(B),Statistics,12544.0,12908.0,13298.0,14137.0,14723.0,15358.0,15805.0,16579.0,17188.0,18082.0,18856.0,19696.0,20266.0,20509.0,20989.0,21439.0,21872.0,22414.0,22629.0
삼척시 - 교통사고발생건수＜br＞(A),Statistics,295.0,340.0,342.0,323.0,289.0,300.0,299.0,340.0,358.0,344.0,376.0,309.0,312.0,346.0,301.0,217.0,177.0,171.0,182.0
삼척시 - 자동차 천대당 교통사고발생건수＜br＞(A÷B×1000),Statistics,13.0,14.6,14.3,12.9,11.3,11.3,11.1,12.2,12.5,11.7,12.5,10.0,9.7,10.6,9.0,6.5,5.1,4.9,5.1
삼척시 - 자동차등록대수＜br＞(B),Statistics,22730.0,23315.0,23849.0,24991.0,25660.0,26467.0,26992.0,27759.0,28537.0,29436.0,30170.0,30889.0,32248.0,32662.0,33312.0,33584.0,34482.0,35061.0,35369.0
상주시 - 교통사고발생건수＜br＞(A),Statistics,549.0,491.0,484.0,515.0,549.0,404.0,427.0,503.0,451.0,490.0,482.0,433.0,496.0,510.0,449.0,418.0,370.0,382.0,318.0
상주시 - 자동차 천대당 교통사고발생건수＜br＞(A÷B×1000),Statistics,14.9,12.9,12.4,12.6,12.9,9.3,9.6,11.0,9.6,10.0,9.5,8.3,9.3,9.3,8.2,7.5,6.5,6.6,5.4
상주시 - 자동차등록대수＜br＞(B),Statistics,36857.0,37959.0,38962.0,40958.0,42543.0,43588.0,44526.0,45671.0,47195.0,48978.0,50825.0,51986.0,53358.0,54625.0,54957.0,55433.0,56797.0,58084.0,58684.0
서구 - 교통사고발생건수＜br＞(A),Statistics,487.0,354.0,396.0,452.0,470.0,436.0,369.0,316.0,380.0,434.0,366.0,359.0,372.0,366.0,390.0,342.0,365.0,378.0,362.0
서구 - 자동차 천대당 교통사고발생건수＜br＞(A÷B×1000),Statistics,18.4,13.4,15.5,17.2,17.5,15.8,13.4,11.4,13.4,15.1,12.7,12.4,12.4,12.4,12.8,11.2,11.4,11.8,11.2
서구 - 자동차등록대수＜br＞(B),Statistics,26422.0,26449.0,25513.0,26307.0,26783.0,27556.0,27570.0,27700.0,28404.0,28823.0,28875.0,28850.0,29889.0,29601.0,30447.0,30668.0,31944.0,32077.0,32316.0
서귀포시 - 교통사고발생건수＜br＞(A),Statistics,,700.0,756.0,813.0,740.0,727.0,824.0,944.0,972.0,1072.0,1087.0,1173.0,1073.0,1092.0,1017.0,1138.0,1098.0,1045.0,954.0
서귀포시 - 자동차 천대당 교통사고발생건수＜br＞(A÷B×1000),Statistics,,10.6,11.3,11.9,10.6,10.2,11.3,12.5,12.2,12.4,11.6,11.8,10.4,10.4,9.6,10.5,10.0,9.5,8.6
서귀포시 - 자동차등록대수＜br＞(B),Statistics,,65731.0,66745.0,68059.0,69798.0,71298.0,73016.0,75562.0,79389.0,86231.0,93537.0,99560.0,103517.0,104903.0,106161.0,108162.0,109936.0,110462.0,110428.0
서대문구 - 교통사고발생건수＜br＞(A),Statistics,840.0,915.0,948.0,1061.0,999.0,952.0,918.0,929.0,922.0,860.0,928.0,830.0,845.0,872.0,693.0,690.0,762.0,766.0,676.0
서대문구 - 자동차 천대당 교통사고발생건수＜br＞(A÷B×1000),Statistics,10.2,11.0,11.8,13.2,12.6,12.2,11.6,11.7,11.6,10.4,11.0,9.6,9.7,10.0,7.7,7.7,8.4,8.4,7.4
서대문구 - 자동차등록대수＜br＞(B),Statistics,82558.0,83054.0,80052.0,80186.0,79542.0,78039.0,79020.0,79216.0,79582.0,82327.0,84358.0,86068.0,86753.0,87104.0,89496.0,89199.0,90932.0,91648.0,91453.0
서산시 - 교통사고발생건수＜br＞(A),Statistics,536.0,547.0,532.0,632.0,646.0,607.0,574.0,589.0,609.0,585.0,574.0,652.0,694.0,718.0,648.0,584.0,551.0,595.0,640.0
서산시 - 자동차 천대당 교통사고발생건수＜br＞(A÷B×1000),Statistics,9.9,9.6,8.9,10.0,9.9,8.9,8.2,8.0,7.9,7.2,6.8,7.4,7.5,7.6,6.6,5.8,5.3,5.6,5.9
서산시 - 자동차등록대수＜br＞(B),Statistics,53919.0,56909.0,59923.0,62889.0,65583.0,68166.0,70156.0,73231.0,76865.0,81439.0,84886.0,88424.0,92499.0,94827.0,98036.0,101073.0,103650.0,106565.0,108021.0
서울특별시 - 교통사고발생건수＜br＞(A),Statistics,34689.0,35120.0,35912.0,37860.0,35890.0,34636.0,34503.0,33125.0,33237.0,33918.0,32682.0,31314.0,32042.0,31514.0,27219.0,26176.0,26824.0,27511.0,27307.0
서울특별시 - 자동차 천대당 교통사고발생건수＜br＞(A÷B×1000),Statistics,12.1,12.0,12.2,12.8,12.0,11.6,11.6,11.1,11.0,11.1,10.6,10.0,10.3,10.1,8.6,8.2,8.4,8.6,8.6
서울특별시 - 자동차등록대수＜br＞(B),Statistics,2856857.0,2933286.0,2949211.0,2954704.0,2981400.0,2977599.0,2969184.0,2973877.0,3013541.0,3056588.0,3083007.0,3116256.0,3124651.0,3124157.0,3157361.0,3176743.0,3193351.0,3191162.0,3176933.0
서천군 - 교통사고발생건수＜br＞(A),Statistics,247.0,282.0,318.0,304.0,280.0,305.0,283.0,266.0,266.0,283.0,336.0,299.0,271.0,252.0,240.0,209.0,238.0,203.0,172.0
서천군 - 자동차 천대당 교통사고발생건수＜br＞(A÷B×1000),Statistics,12.1,13.5,14.8,13.7,12.2,13.0,11.8,10.8,10.6,10.9,12.5,10.9,9.8,9.0,8.6,7.4,8.3,7.0,5.9
서천군 - 자동차등록대수＜br＞(B),Statistics,20375.0,20844.0,21444.0,22228.0,22872.0,23453.0,23935.0,24563.0,25199.0,26061.0,26820.0,27381.0,27609.0,27857.0,28003.0,28156.0,28523.0,28991.0,29189.0
서초구 - 교통사고발생건수＜br＞(A),Statistics,1523.0,1682.0,1781.0,2020.0,1972.0,1855.0,1875.0,1844.0,1996.0,1940.0,2056.0,2124.0,2233.0,2131.0,1900.0,1782.0,1998.0,1901.0,1836.0
서초구 - 자동차 천대당 교통사고발생건수＜br＞(A÷B×1000),Statistics,9.2,9.3,10.7,12.1,11.6,10.8,10.9,10.6,11.1,10.8,11.4,11.7,12.3,11.8,10.5,10.1,11.3,10.7,10.4
서초구 - 자동차등록대수＜br＞(B),Statistics,165633.0,181234.0,167086.0,167067.0,170001.0,171097.0,172223.0,173554.0,179331.0,178847.0,179949.0,181546.0,182123.0,181182.0,181053.0,177133.0,176799.0,177103.0,177348.0
성남시 - 교통사고발생건수＜br＞(A),Statistics,2570.0,2398.0,2463.0,2629.0,2579.0,2705.0,3098.0,2775.0,3204.0,3276.0,3258.0,3321.0,3339.0,3287.0,3068.0,2832.0,3078.0,3351.0,3039.0
성남시 - 자동차 천대당 교통사고발생건수＜br＞(A÷B×1000),Statistics,8.5,8.1,8.6,8.9,8.5,8.9,10.1,8.9,10.2,10.2,9.8,9.8,9.8,9.7,8.9,8.1,8.6,9.3,8.4
성남시 - 자동차등록대수＜br＞(B),Statistics,300918.0,294429.0,287615.0,294001.0,301703.0,303756.0,306059.0,310097.0,315096.0,322510.0,332798.0,338669.0,340311.0,339068.0,345902.0,351186.0,356554.0,361213.0,362025.0
성동구 - 교통사고발생건수＜br＞(A),Statistics,943.0,1085.0,1025.0,1040.0,915.0,943.0,814.0,868.0,911.0,973.0,855.0,798.0,906.0,843.0,804.0,784.0,697.0,728.0,765.0
성동구 - 자동차 천대당 교통사고발생건수＜br＞(A÷B×1000),Statistics,10.6,12.1,12.0,12.1,10.5,10.8,9.3,9.7,10.0,10.2,8.6,7.7,8.5,7.9,7.6,7.3,6.7,7.0,7.3
성동구 - 자동차등록대수＜br＞(B),Statistics,88741.0,89667.0,85259.0,85647.0,87277.0,87217.0,87704.0,89596.0,91347.0,95767.0,99529.0,103116.0,106094.0,106263.0,106156.0,107564.0,104434.0,104416.0,104163.0
성북구 - 교통사고발생건수＜br＞(A),Statistics,1392.0,1207.0,1503.0,1616.0,1357.0,1289.0,1265.0,1275.0,1343.0,1349.0,1295.0,1256.0,1141.0,1203.0,1011.0,1028.0,1063.0,999.0,1043.0
성북구 - 자동차 천대당 교통사고발생건수＜br＞(A÷B×1000),Statistics,13.0,11.2,13.7,14.4,11.7,11.1,10.9,11.0,11.6,11.6,11.1,10.7,9.8,10.1,8.4,8.5,8.7,8.2,8.6
성북구 - 자동차등록대수＜br＞(B),Statistics,106684.0,108205.0,109805.0,112409.0,115600.0,116240.0,116339.0,116282.0,115738.0,116544.0,116446.0,117209.0,116543.0,119321.0,120269.0,121073.0,122644.0,122505.0,121752.0
성주군 - 교통사고발생건수＜br＞(A),Statistics,259.0,244.0,216.0,231.0,245.0,207.0,244.0,229.0,216.0,217.0,207.0,205.0,231.0,245.0,222.0,213.0,239.0,194.0,178.0
성주군 - 자동차 천대당 교통사고발생건수＜br＞(A÷B×1000),Statistics,12.9,11.9,10.4,10.6,10.8,8.6,9.9,8.9,8.0,7.7,7.0,6.7,7.5,7.9,6.9,6.6,7.2,5.7,5.2
성주군 - 자동차등록대수＜br＞(B),Statistics,20058.0,20543.0,20732.0,21789.0,22752.0,23945.0,24685.0,25866.0,27027.0,28353.0,29393.0,30490.0,30901.0,31195.0,32003.0,32468.0,33139.0,33769.0,34114.0
세종특별자치시 - 교통사고발생건수＜br＞(A),Statistics,,,,,,,311.0,357.0,408.0,456.0,444.0,666.0,685.0,774.0,676.0,675.0,741.0,962.0,1032.0
세종특별자치시 - 자동차 천대당 교통사고발생건수＜br＞(A÷B×1000),Statistics,,,,,,,6.5,6.7,6.0,4.9,4.0,5.1,4.6,4.7,3.9,3.6,3.8,4.9,5.1
세종특별자치시 - 자동차등록대수＜br＞(B),Statistics,,,,,,,47760.0,52996.0,67956.0,93140.0,110419.0,129765.0,147925.0,163339.0,174742.0,185042.0,193711.0,198110.0,202257.0
속초시 - 교통사고발생건수＜br＞(A),Statistics,577.0,583.0,563.0,620.0,578.0,526.0,512.0,512.0,473.0,479.0,459.0,431.0,409.0,356.0,427.0,337.0,384.0,337.0,309.0
속초시 - 자동차 천대당 교통사고발생건수＜br＞(A÷B×1000),Statistics,20.7,20.4,19.5,21.0,19.0,17.1,16.5,16.2,14.7,14.3,13.1,11.8,11.0,9.4,10.8,8.3,9.2,7.9,7.3
속초시 - 자동차등록대수＜br＞(B),Statistics,27870.0,28603.0,28856.0,29480.0,30481.0,30761.0,30946.0,31651.0,32196.0,33550.0,34917.0,36601.0,37269.0,38004.0,39711.0,40729.0,41870.0,42635.0,42547.0
송파구 - 교통사고발생건수＜br＞(A),Statistics,2288.0,2288.0,2329.0,2444.0,2309.0,2238.0,2393.0,1996.0,2085.0,2149.0,2071.0,2138.0,2298.0,2302.0,1928.0,1961.0,1979.0,2068.0,1976.0
송파구 - 자동차 천대당 교통사고발생건수＜br＞(A÷B×1000),Statistics,12.1,11.8,11.3,11.6,10.8,10.4,11.2,9.3,9.7,9.8,9.3,9.2,9.7,9.6,7.8,7.9,7.9,8.5,8.1
송파구 - 자동차등록대수＜br＞(B),Statistics,188894.0,193284.0,205246.0,211460.0,213490.0,215036.0,213658.0,214019.0,215990.0,218942.0,222514.0,231819.0,236179.0,240559.0,245833.0,246858.0,250142.0,244299.0,242897.0
수성구 - 교통사고발생건수＜br＞(A),Statistics,1879.0,1798.0,1763.0,1882.0,1892.0,2040.0,1945.0,1812.0,1939.0,1830.0,1682.0,1691.0,1781.0,2100.0,1773.0,1789.0,1689.0,1636.0,1572.0
수성구 - 자동차 천대당 교통사고발생건수＜br＞(A÷B×1000),Statistics,12.2,11.3,11.0,11.4,10.8,11.1,10.2,9.0,9.5,8.8,8.0,7.9,8.2,9.6,8.0,8.4,7.8,7.4,7.1
수성구 - 자동차등록대수＜br＞(B),Statistics,153573.0,158502.0,160548.0,165406.0,175962.0,183468.0,191519.0,200314.0,204237.0,208412.0,209951.0,213452.0,215966.0,218885.0,220692.0,213513.0,217665.0,220199.0,222665.0
수영구 - 교통사고발생건수＜br＞(A),Statistics,645.0,464.0,524.0,613.0,665.0,746.0,723.0,609.0,637.0,613.0,567.0,568.0,597.0,658.0,560.0,546.0,595.0,657.0,692.0
수영구 - 자동차 천대당 교통사고발생건수＜br＞(A÷B×1000),Statistics,13.3,9.4,10.6,10.2,10.6,11.8,11.9,10.4,10.6,9.8,8.3,7.4,6.9,7.0,5.5,5.1,5.0,5.2,5.2
수영구 - 자동차등록대수＜br＞(B),Statistics,48473.0,49272.0,49589.0,60305.0,62962.0,62980.0,60888.0,58519.0,60118.0,62355.0,68052.0,76909.0,86929.0,93604.0,101001.0,106936.0,118507.0,125428.0,133415.0
수원시 - 교통사고발생건수＜br＞(A),Statistics,3759.0,3785.0,3643.0,3874.0,3798.0,3854.0,4142.0,3992.0,4183.0,4608.0,4484.0,4194.0,4344.0,4197.0,3757.0,3855.0,4028.0,4091.0,4047.0
수원시 - 자동차 천대당 교통사고발생건수＜br＞(A÷B×1000),Statistics,10.6,10.6,10.2,10.7,10.2,10.2,10.5,9.7,9.6,10.1,9.4,8.5,8.6,8.3,7.1,7.2,7.2,7.2,7.0
수원시 - 자동차등록대수＜br＞(B),Statistics,352985.0,356981.0,358239.0,363592.0,371335.0,379694.0,394885.0,411685.0,433967.0,455150.0,475847.0,491122.0,504944.0,507939.0,529578.0,538105.0,556550.0,569460.0,579437.0
순창군 - 교통사고발생건수＜br＞(A),Statistics,68.0,68.0,88.0,99.0,104.0,105.0,99.0,105.0,119.0,110.0,102.0,120.0,99.0,78.0,88.0,78.0,75.0,69.0,81.0
순창군 - 자동차 천대당 교통사고발생건수＜br＞(A÷B×1000),Statistics,7.5,7.1,8.8,9.5,9.5,9.5,8.5,8.6,9.2,8.2,7.4,8.5,6.8,5.3,5.9,5.2,4.8,4.3,4.9
순창군 - 자동차등록대수＜br＞(B),Statistics,9064.0,9573.0,9969.0,10419.0,10943.0,11033.0,11654.0,12226.0,12905.0,13351.0,13854.0,14197.0,14564.0,14698.0,14927.0,15036.0,15549.0,16068.0,16542.0
순천시 - 교통사고발생건수＜br＞(A),Statistics,1548.0,1587.0,1551.0,1614.0,1510.0,1363.0,1412.0,1342.0,1320.0,1293.0,1194.0,1187.0,1197.0,1306.0,1150.0,1003.0,993.0,986.0,957.0
순천시 - 자동차 천대당 교통사고발생건수＜br＞(A÷B×1000),Statistics,17.6,17.4,16.6,16.6,14.9,13.1,13.2,12.1,11.4,10.7,9.4,9.1,8.8,9.4,7.9,6.8,6.6,6.4,6.1
순천시 - 자동차등록대수＜br＞(B),Statistics,88202.0,91097.0,93314.0,97066.0,101019.0,103946.0,107263.0,111069.0,115867.0,121250.0,126371.0,131149.0,135744.0,139531.0,145022.0,147581.0,150609.0,154099.0,156494.0
시흥시 - 교통사고발생건수＜br＞(A),Statistics,1878.0,1670.0,1764.0,2074.0,2104.0,1969.0,2027.0,1775.0,1763.0,2091.0,1925.0,1955.0,2142.0,2153.0,1980.0,1997.0,2021.0,1853.0,1959.0
시흥시 - 자동차 천대당 교통사고발생건수＜br＞(A÷B×1000),Statistics,13.1,11.3,11.8,13.4,13.1,12.1,12.4,10.7,10.3,11.6,10.2,9.7,9.7,9.2,7.9,7.6,7.5,6.7,6.9
시흥시 - 자동차등록대수＜br＞(B),Statistics,143722.0,147271.0,149460.0,154403.0,160208.0,162465.0,163438.0,166516.0,171993.0,180129.0,188788.0,202544.0,220253.0,233946.0,250866.0,262711.0,269484.0,278384.0,281885.0
신안군 - 교통사고발생건수＜br＞(A),Statistics,71.0,78.0,68.0,81.0,85.0,65.0,78.0,62.0,65.0,75.0,83.0,64.0,68.0,115.0,92.0,86.0,82.0,96.0,72.0
신안군 - 자동차 천대당 교통사고발생건수＜br＞(A÷B×1000),Statistics,5.9,6.1,5.0,5.5,5.5,4.1,4.8,3.6,3.6,4.0,4.2,3.1,3.2,5.3,1.4,0.8,0.7,0.8,0.5
신안군 - 자동차등록대수＜br＞(B),Statistics,12114.0,12857.0,13628.0,14595.0,15459.0,16000.0,16361.0,17201.0,17904.0,18776.0,19538.0,20491.0,21238.0,21873.0,66463.0,105581.0,124170.0,123911.0,131749.0
아산시 - 교통사고발생건수＜br＞(A),Statistics,747.0,768.0,668.0,634.0,657.0,553.0,531.0,496.0,661.0,1041.0,1116.0,935.0,663.0,941.0,1061.0,1063.0,1128.0,1162.0,1258.0
아산시 - 자동차 천대당 교통사고발생건수＜br＞(A÷B×1000),Statistics,9.6,9.1,7.1,6.2,6.1,4.9,4.4,3.9,5.0,7.4,7.6,6.0,4.1,5.6,6.1,5.8,5.9,5.7,5.9
아산시 - 자동차등록대수＜br＞(B),Statistics,77745.0,83964.0,94165.0,102352.0,107756.0,113685.0,119383.0,125783.0,133182.0,140075.0,147798.0,156643.0,162438.0,167412.0,173160.0,182179.0,191986.0,203365.0,211561.0
안동시 - 교통사고발생건수＜br＞(A),Statistics,1053.0,1077.0,1030.0,1094.0,1063.0,962.0,1015.0,1013.0,957.0,956.0,905.0,847.0,841.0,919.0,777.0,642.0,622.0,621.0,662.0
안동시 - 자동차 천대당 교통사고발생건수＜br＞(A÷B×1000),Statistics,18.3,18.3,17.0,17.4,16.3,14.2,14.6,14.1,12.9,12.3,11.3,10.4,10.2,11.0,9.1,7.4,7.1,7.0,7.3
안동시 - 자동차등록대수＜br＞(B),Statistics,57573.0,58920.0,60528.0,62991.0,65136.0,67749.0,69705.0,71929.0,74385.0,77487.0,80348.0,81825.0,82463.0,83225.0,85324.0,86360.0,87606.0,88840.0,90324.0
안산시 - 교통사고발생건수＜br＞(A),Statistics,2435.0,2238.0,2040.0,2055.0,2368.0,2481.0,2606.0,2436.0,3031.0,3401.0,3313.0,3247.0,3365.0,3411.0,3310.0,3225.0,3076.0,3126.0,2985.0
안산시 - 자동차 천대당 교통사고발생건수＜br＞(A÷B×1000),Statistics,10.4,9.2,8.3,8.3,9.2,9.5,9.9,9.0,10.9,12.0,11.4,10.9,11.3,11.5,10.7,10.2,9.6,9.7,9.2
안산시 - 자동차등록대수＜br＞(B),Statistics,233904.0,242058.0,245248.0,247325.0,256358.0,260652.0,263796.0,270076.0,276895.0,284245.0,291524.0,297614.0,297850.0,297771.0,309505.0,316309.0,322022.0,323710.0,325528.0
안성시 - 교통사고발생건수＜br＞(A),Statistics,825.0,772.0,696.0,742.0,951.0,899.0,759.0,822.0,886.0,933.0,900.0,866.0,889.0,880.0,941.0,942.0,774.0,932.0,934.0
안성시 - 자동차 천대당 교통사고발생건수＜br＞(A÷B×1000),Statistics,13.2,11.6,9.9,10.3,12.5,11.3,9.3,9.8,10.2,10.4,9.5,8.8,8.9,8.5,8.7,8.3,6.7,7.9,7.6
안성시 - 자동차등록대수＜br＞(B),Statistics,62638.0,66291.0,70245.0,72058.0,76355.0,79679.0,81533.0,83726.0,87019.0,89930.0,94666.0,98117.0,100418.0,103031.0,108455.0,113751.0,115872.0,118627.0,123626.0
안양시 - 교통사고발생건수＜br＞(A),Statistics,1291.0,1264.0,1229.0,1581.0,1480.0,1658.0,1908.0,1846.0,1669.0,1833.0,1537.0,1416.0,1367.0,1356.0,1075.0,974.0,932.0,1050.0,1069.0
안양시 - 자동차 천대당 교통사고발생건수＜br＞(A÷B×1000),Statistics,7.0,6.7,6.5,8.3,7.6,8.5,9.8,9.4,8.4,9.0,7.3,6.7,6.5,6.5,5.1,4.6,4.3,4.7,4.7
안양시 - 자동차등록대수＜br＞(B),Statistics,184907.0,188423.0,188418.0,190553.0,194086.0,194263.0,194775.0,196301.0,198675.0,203504.0,209151.0,211192.0,211376.0,209800.0,209297.0,212917.0,219025.0,221466.0,228365.0
양구군 - 교통사고발생건수＜br＞(A),Statistics,78.0,67.0,62.0,71.0,83.0,79.0,57.0,72.0,84.0,76.0,59.0,78.0,75.0,79.0,62.0,71.0,67.0,83.0,52.0
양구군 - 자동차 천대당 교통사고발생건수＜br＞(A÷B×1000),Statistics,10.8,8.8,8.0,8.7,9.8,9.0,6.3,7.5,8.2,7.1,5.3,6.7,6.3,6.5,5.1,5.7,5.3,6.4,4.0
양구군 - 자동차등록대수＜br＞(B),Statistics,7215.0,7585.0,7758.0,8115.0,8470.0,8759.0,9119.0,9645.0,10226.0,10680.0,11167.0,11621.0,11989.0,12157.0,12267.0,12383.0,12677.0,12929.0,12951.0
양산시 - 교통사고발생건수＜br＞(A),Statistics,988.0,882.0,922.0,1094.0,1071.0,1005.0,1081.0,962.0,1002.0,1159.0,1089.0,891.0,985.0,1118.0,1038.0,1127.0,1047.0,1130.0,1044.0
양산시 - 자동차 천대당 교통사고발생건수＜br＞(A÷B×1000),Statistics,12.1,10.3,10.2,11.5,10.6,9.5,9.8,8.3,8.0,8.7,7.5,5.6,5.9,6.6,6.0,6.3,5.7,6.0,5.4
양산시 - 자동차등록대수＜br＞(B),Statistics,81741.0,85525.0,90309.0,95094.0,101206.0,106111.0,110528.0,116599.0,125102.0,133830.0,144674.0,158297.0,165739.0,169875.0,174259.0,179540.0,183491.0,188180.0,193362.0
양양군 - 교통사고발생건수＜br＞(A),Statistics,222.0,241.0,218.0,239.0,221.0,158.0,160.0,133.0,146.0,161.0,140.0,153.0,140.0,168.0,149.0,143.0,144.0,155.0,136.0
양양군 - 자동차 천대당 교통사고발생건수＜br＞(A÷B×1000),Statistics,20.8,22.2,19.7,20.9,18.9,13.2,13.1,10.7,11.4,12.2,10.2,10.7,9.3,10.8,9.2,8.6,8.4,8.9,7.7
양양군 - 자동차등록대수＜br＞(B),Statistics,10654.0,10879.0,11054.0,11443.0,11676.0,11946.0,12179.0,12430.0,12817.0,13218.0,13694.0,14302.0,15016.0,15562.0,16235.0,16615.0,17172.0,17505.0,17709.0
양주시 - 교통사고발생건수＜br＞(A),Statistics,996.0,967.0,831.0,816.0,841.0,812.0,835.0,879.0,943.0,941.0,883.0,941.0,968.0,975.0,904.0,870.0,970.0,1084.0,1124.0
양주시 - 자동차 천대당 교통사고발생건수＜br＞(A÷B×1000),Statistics,16.5,14.9,12.5,12.0,11.3,10.7,10.9,11.3,11.7,11.0,9.9,9.9,9.7,9.4,8.2,7.5,7.9,7.9,7.6
양주시 - 자동차등록대수＜br＞(B),Statistics,60423.0,64858.0,66388.0,68272.0,74282.0,76070.0,76958.0,77855.0,80700.0,85268.0,88763.0,95113.0,99621.0,103867.0,110181.0,115489.0,122407.0,136401.0,147661.0
양천구 - 교통사고발생건수＜br＞(A),Statistics,1168.0,1058.0,1316.0,1449.0,1239.0,1245.0,1221.0,1142.0,1197.0,1281.0,1205.0,1077.0,1212.0,1247.0,1095.0,1047.0,970.0,1024.0,1062.0
양천구 - 자동차 천대당 교통사고발생건수＜br＞(A÷B×1000),Statistics,8.2,7.3,9.2,9.9,8.5,8.5,8.3,7.8,8.1,8.6,8.0,7.1,8.1,8.3,7.2,6.9,6.4,6.8,7.1
양천구 - 자동차등록대수＜br＞(B),Statistics,142148.0,144744.0,143687.0,146542.0,146470.0,146701.0,146867.0,147281.0,147457.0,149721.0,150208.0,150823.0,150521.0,149673.0,151449.0,151338.0,151846.0,151409.0,150231.0
양평군 - 교통사고발생건수＜br＞(A),Statistics,432.0,488.0,458.0,427.0,443.0,379.0,373.0,357.0,324.0,475.0,440.0,459.0,453.0,512.0,471.0,452.0,432.0,445.0,540.0
양평군 - 자동차 천대당 교통사고발생건수＜br＞(A÷B×1000),Statistics,13.6,14.6,13.1,11.6,11.3,9.1,8.6,8.0,6.9,9.5,8.2,8.1,7.7,8.5,7.6,7.0,6.5,6.5,7.7
양평군 - 자동차등록대수＜br＞(B),Statistics,31652.0,33315.0,35010.0,36851.0,39209.0,41501.0,43314.0,44865.0,46890.0,50096.0,53393.0,56759.0,58696.0,59992.0,62134.0,64365.0,66574.0,68960.0,70452.0
여수시 - 교통사고발생건수＜br＞(A),Statistics,1205.0,1218.0,1030.0,1105.0,1106.0,1079.0,1287.0,1121.0,1188.0,1238.0,1125.0,1261.0,1331.0,1377.0,1452.0,1196.0,1209.0,1180.0,1293.0
여수시 - 자동차 천대당 교통사고발생건수＜br＞(A÷B×1000),Statistics,13.5,13.2,10.9,11.2,10.8,10.2,11.8,10.0,10.2,10.3,9.0,9.8,10.1,10.2,10.5,8.5,8.4,8.1,8.8
여수시 - 자동차등록대수＜br＞(B),Statistics,89339.0,92378.0,94717.0,98396.0,102062.0,105977.0,108847.0,112282.0,115955.0,120641.0,124848.0,128348.0,131371.0,134849.0,138454.0,140207.0,143173.0,145689.0,146792.0
여주시 - 교통사고발생건수＜br＞(A),Statistics,,,,,,,,462.0,488.0,586.0,508.0,461.0,442.0,515.0,434.0,467.0,489.0,458.0,489.0
여주시 - 자동차 천대당 교통사고발생건수＜br＞(A÷B×1000),Statistics,,,,,,,,8.1,8.2,9.5,8.0,7.0,6.6,7.5,6.2,6.5,6.6,5.9,6.2
여주시 - 자동차등록대수＜br＞(B),Statistics,,,,,,,,57060.0,59278.0,61631.0,63888.0,66033.0,67387.0,68490.0,70352.0,72111.0,74584.0,77019.0,78557.0
연수구 - 교통사고발생건수＜br＞(A),Statistics,859.0,794.0,715.0,721.0,692.0,751.0,654.0,701.0,612.0,639.0,614.0,536.0,611.0,607.0,595.0,467.0,567.0,587.0,540.0
연수구 - 자동차 천대당 교통사고발생건수＜br＞(A÷B×1000),Statistics,10.0,9.1,8.2,8.0,7.4,7.6,6.0,5.9,4.7,4.5,4.0,3.2,3.5,3.3,3.0,2.2,2.6,2.6,2.3
연수구 - 자동차등록대수＜br＞(B),Statistics,85965.0,87209.0,87381.0,90268.0,94112.0,98460.0,108287.0,118186.0,129515.0,142503.0,154618.0,165995.0,173670.0,185470.0,200408.0,208616.0,215944.0,227932.0,236365.0
연제구 - 교통사고발생건수＜br＞(A),Statistics,726.0,484.0,679.0,746.0,641.0,703.0,688.0,653.0,608.0,579.0,545.0,522.0,579.0,719.0,596.0,547.0,510.0,543.0,586.0
연제구 - 자동차 천대당 교통사고발생건수＜br＞(A÷B×1000),Statistics,11.7,7.7,8.3,8.6,7.9,8.8,8.6,8.2,6.8,5.9,6.0,5.5,6.4,7.3,5.9,5.1,4.1,4.2,3.8
연제구 - 자동차등록대수＜br＞(B),Statistics,62086.0,62614.0,81979.0,86539.0,81010.0,79970.0,80019.0,80109.0,89034.0,98416.0,90354.0,94625.0,89860.0,98311.0,101714.0,106262.0,124434.0,129145.0,153069.0
연천군 - 교통사고발생건수＜br＞(A),Statistics,226.0,201.0,207.0,196.0,198.0,160.0,147.0,160.0,183.0,237.0,184.0,191.0,168.0,177.0,175.0,177.0,160.0,150.0,153.0
연천군 - 자동차 천대당 교통사고발생건수＜br＞(A÷B×1000),Statistics,9.5,8.3,8.5,7.9,8.2,6.6,5.9,6.4,7.2,9.0,6.7,6.7,5.9,6.1,6.0,6.0,5.3,5.0,5.1
연천군 - 자동차등록대수＜br＞(B),Statistics,23888.0,24237.0,24348.0,24656.0,24237.0,24394.0,24918.0,25022.0,25361.0,26229.0,27588.0,28362.0,28679.0,28869.0,29303.0,29492.0,29966.0,30089.0,30060.0
영광군 - 교통사고발생건수＜br＞(A),Statistics,185.0,193.0,219.0,230.0,231.0,243.0,222.0,227.0,227.0,201.0,221.0,214.0,209.0,190.0,165.0,133.0,104.0,117.0,121.0
영광군 - 자동차 천대당 교통사고발생건수＜br＞(A÷B×1000),Statistics,10.3,10.5,11.5,11.5,11.1,11.3,9.9,9.7,9.4,8.0,8.5,8.0,7.7,6.8,5.8,4.6,3.5,3.8,3.8
영광군 - 자동차등록대수＜br＞(B),Statistics,17907.0,18414.0,19067.0,19998.0,20788.0,21469.0,22422.0,23442.0,24226.0,25195.0,26004.0,26619.0,27168.0,27863.0,28542.0,29019.0,30116.0,30712.0,31717.0
영덕군 - 교통사고발생건수＜br＞(A),Statistics,218.0,193.0,198.0,226.0,204.0,199.0,193.0,189.0,187.0,227.0,227.0,236.0,227.0,200.0,194.0,220.0,185.0,211.0,180.0
영덕군 - 자동차 천대당 교통사고발생건수＜br＞(A÷B×1000),Statistics,16.1,14.1,14.1,15.6,13.6,12.9,12.2,11.5,11.1,13.0,12.5,12.7,12.0,10.5,10.0,11.3,9.3,10.5,8.9
영덕군 - 자동차등록대수＜br＞(B),Statistics,13577.0,13726.0,14029.0,14520.0,14961.0,15377.0,15772.0,16402.0,16797.0,17458.0,18150.0,18634.0,18929.0,19080.0,19363.0,19548.0,19850.0,20136.0,20190.0
영도구 - 교통사고발생건수＜br＞(A),Statistics,330.0,268.0,271.0,275.0,325.0,307.0,320.0,309.0,311.0,342.0,286.0,295.0,271.0,283.0,279.0,279.0,245.0,225.0,244.0
영도구 - 자동차 천대당 교통사고발생건수＜br＞(A÷B×1000),Statistics,10.1,8.1,8.3,8.4,9.7,9.0,9.4,9.2,9.2,10.0,8.3,8.5,8.0,8.5,8.5,8.3,7.2,6.6,7.2
영도구 - 자동차등록대수＜br＞(B),Statistics,32817.0,32937.0,32808.0,32845.0,33586.0,33963.0,34073.0,33749.0,33750.0,34341.0,34365.0,34792.0,33951.0,33324.0,32965.0,33497.0,33856.0,34210.0,33678.0
영동군 - 교통사고발생건수＜br＞(A),Statistics,176.0,152.0,187.0,193.0,190.0,173.0,174.0,139.0,168.0,151.0,144.0,157.0,135.0,176.0,132.0,121.0,104.0,116.0,132.0
영동군 - 자동차 천대당 교통사고발생건수＜br＞(A÷B×1000),Statistics,10.7,8.9,10.6,10.3,9.7,8.5,8.3,6.5,7.6,6.6,6.0,6.4,5.4,7.0,5.2,4.7,3.9,4.3,4.8
영동군 - 자동차등록대수＜br＞(B),Statistics,16471.0,17054.0,17580.0,18829.0,19545.0,20340.0,20871.0,21431.0,22206.0,23037.0,24076.0,24687.0,25044.0,25283.0,25574.0,25769.0,26431.0,26872.0,27251.0
영등포구 - 교통사고발생건수＜br＞(A),Statistics,1975.0,1953.0,1943.0,1966.0,1906.0,1965.0,1843.0,1747.0,1676.0,1962.0,1934.0,1945.0,1971.0,1902.0,1630.0,1674.0,1571.0,1542.0,1547.0
영등포구 - 자동차 천대당 교통사고발생건수＜br＞(A÷B×1000),Statistics,14.4,13.6,13.2,13.5,13.3,14.2,13.4,12.7,12.0,13.5,13.2,13.3,13.7,13.4,11.2,11.5,10.9,10.7,10.7
영등포구 - 자동차등록대수＜br＞(B),Statistics,137035.0,143910.0,146722.0,146153.0,143025.0,137992.0,137267.0,137169.0,139731.0,145778.0,146180.0,146150.0,143940.0,142010.0,146171.0,146095.0,144596.0,144663.0,143967.0
영암군 - 교통사고발생건수＜br＞(A),Statistics,491.0,548.0,493.0,595.0,529.0,565.0,483.0,432.0,504.0,456.0,368.0,332.0,433.0,433.0,352.0,290.0,345.0,373.0,352.0
영암군 - 자동차 천대당 교통사고발생건수＜br＞(A÷B×1000),Statistics,22.6,23.4,20.4,23.3,19.8,19.5,14.4,10.5,9.7,8.8,7.6,7.8,9.4,8.9,8.2,8.0,9.4,9.8,9.1
영암군 - 자동차등록대수＜br＞(B),Statistics,21713.0,23448.0,24110.0,25504.0,26776.0,29021.0,33427.0,41212.0,52065.0,51680.0,48676.0,42384.0,45866.0,48542.0,43050.0,36375.0,36667.0,37900.0,38594.0
영양군 - 교통사고발생건수＜br＞(A),Statistics,56.0,53.0,57.0,67.0,64.0,55.0,59.0,71.0,64.0,64.0,70.0,64.0,74.0,54.0,70.0,58.0,43.0,49.0,59.0
영양군 - 자동차 천대당 교통사고발생건수＜br＞(A÷B×1000),Statistics,9.0,8.4,8.8,9.8,9.0,7.4,7.7,8.9,7.8,7.4,7.9,7.0,7.8,5.6,7.1,5.7,4.2,4.7,5.6
영양군 - 자동차등록대수＜br＞(B),Statistics,6227.0,6346.0,6513.0,6871.0,7124.0,7392.0,7670.0,8004.0,8234.0,8611.0,8848.0,9157.0,9460.0,9641.0,9904.0,10139.0,10271.0,10445.0,10596.0
영월군 - 교통사고발생건수＜br＞(A),Statistics,173.0,199.0,185.0,186.0,144.0,152.0,171.0,148.0,133.0,136.0,164.0,163.0,166.0,140.0,131.0,124.0,124.0,135.0,158.0
영월군 - 자동차 천대당 교통사고발생건수＜br＞(A÷B×1000),Statistics,12.1,13.5,12.3,11.7,8.8,9.1,10.0,8.4,7.2,7.1,8.3,8.0,7.9,6.6,6.0,5.6,5.5,5.9,6.9
영월군 - 자동차등록대수＜br＞(B),Statistics,14248.0,14740.0,15068.0,15874.0,16393.0,16775.0,17056.0,17626.0,18445.0,19092.0,19774.0,20466.0,20926.0,21223.0,21789.0,22050.0,22441.0,22719.0,22847.0
영주시 - 교통사고발생건수＜br＞(A),Statistics,618.0,651.0,618.0,660.0,683.0,601.0,583.0,573.0,551.0,592.0,528.0,505.0,482.0,481.0,373.0,412.0,357.0,247.0,198.0
영주시 - 자동차 천대당 교통사고발생건수＜br＞(A÷B×1000),Statistics,15.1,15.6,14.5,14.9,15.0,12.7,12.1,11.5,10.8,11.2,9.7,9.1,8.6,8.5,6.5,7.1,6.1,4.2,3.3
영주시 - 자동차등록대수＜br＞(B),Statistics,40832.0,41728.0,42524.0,44225.0,45643.0,47325.0,48348.0,49695.0,51122.0,52655.0,54275.0,55318.0,55885.0,56274.0,57225.0,57636.0,58735.0,59266.0,59889.0
영천시 - 교통사고발생건수＜br＞(A),Statistics,660.0,706.0,747.0,755.0,707.0,730.0,657.0,583.0,571.0,630.0,594.0,564.0,637.0,716.0,634.0,667.0,370.0,420.0,407.0
영천시 - 자동차 천대당 교통사고발생건수＜br＞(A÷B×1000),Statistics,15.9,16.4,17.1,16.9,15.3,15.3,13.6,11.7,11.1,11.7,10.6,9.8,10.7,11.8,10.2,10.5,5.7,6.3,6.1
영천시 - 자동차등록대수＜br＞(B),Statistics,41414.0,42960.0,43591.0,44722.0,46086.0,47771.0,48445.0,49706.0,51442.0,53766.0,56038.0,57806.0,59749.0,60921.0,62199.0,63304.0,64847.0,66231.0,66255.0
예산군 - 교통사고발생건수＜br＞(A),Statistics,443.0,473.0,427.0,512.0,474.0,456.0,362.0,353.0,377.0,408.0,278.0,322.0,389.0,346.0,319.0,279.0,280.0,331.0,278.0
예산군 - 자동차 천대당 교통사고발생건수＜br＞(A÷B×1000),Statistics,14.2,14.7,12.9,15.0,13.1,12.2,9.8,9.2,9.6,10.1,6.8,7.7,9.0,7.9,7.2,6.2,6.0,6.8,5.5
예산군 - 자동차등록대수＜br＞(B),Statistics,31220.0,32145.0,33052.0,34111.0,36055.0,37346.0,37039.0,38198.0,39324.0,40387.0,41123.0,41969.0,43334.0,43996.0,44577.0,45244.0,47024.0,48883.0,50127.0
예천군 - 교통사고발생건수＜br＞(A),Statistics,172.0,164.0,139.0,180.0,159.0,142.0,183.0,141.0,148.0,174.0,148.0,146.0,158.0,174.0,158.0,146.0,134.0,111.0,153.0
예천군 - 자동차 천대당 교통사고발생건수＜br＞(A÷B×1000),Statistics,11.0,10.2,8.4,10.3,8.8,7.7,9.7,7.3,7.4,8.4,6.6,5.9,5.7,6.0,5.2,4.7,4.2,3.4,4.6
예천군 - 자동차등록대수＜br＞(B),Statistics,15675.0,16150.0,16640.0,17448.0,18005.0,18440.0,18860.0,19327.0,20032.0,20815.0,22496.0,24748.0,27510.0,28904.0,30282.0,31373.0,32237.0,32817.0,33470.0
오산시 - 교통사고발생건수＜br＞(A),Statistics,513.0,528.0,531.0,572.0,604.0,600.0,635.0,628.0,686.0,716.0,681.0,746.0,808.0,896.0,894.0,928.0,820.0,812.0,811.0
오산시 - 자동차 천대당 교통사고발생건수＜br＞(A÷B×1000),Statistics,11.0,10.5,10.2,10.1,9.1,8.4,8.6,8.0,8.4,8.5,7.7,7.9,8.1,8.5,8.2,8.2,7.1,6.9,6.4
오산시 - 자동차등록대수＜br＞(B),Statistics,46534.0,50524.0,52279.0,56595.0,66147.0,71719.0,74247.0,78020.0,81415.0,83826.0,88232.0,93883.0,99758.0,105134.0,109374.0,112775.0,115345.0,118211.0,126899.0
옥천군 - 교통사고발생건수＜br＞(A),Statistics,275.0,257.0,243.0,229.0,217.0,252.0,214.0,199.0,218.0,200.0,190.0,174.0,188.0,196.0,130.0,127.0,108.0,123.0,140.0
옥천군 - 자동차 천대당 교통사고발생건수＜br＞(A÷B×1000),Statistics,14.9,13.5,12.4,11.2,10.3,11.5,9.6,8.7,9.3,8.2,7.5,6.6,6.9,7.1,4.6,4.4,3.6,4.1,4.6
옥천군 - 자동차등록대수＜br＞(B),Statistics,18458.0,19065.0,19625.0,20391.0,21129.0,21826.0,22262.0,22743.0,23483.0,24434.0,25424.0,26271.0,27056.0,27422.0,28166.0,28988.0,29619.0,30070.0,30397.0
옹진군 - 교통사고발생건수＜br＞(A),Statistics,37.0,33.0,27.0,35.0,33.0,43.0,51.0,57.0,19.0,40.0,32.0,34.0,31.0,25.0,30.0,27.0,23.0,23.0,23.0
옹진군 - 자동차 천대당 교통사고발생건수＜br＞(A÷B×1000),Statistics,6.3,5.2,4.1,4.8,4.2,5.1,5.7,6.0,1.9,3.8,2.9,2.9,2.6,2.1,2.4,2.1,1.7,1.7,1.7
옹진군 - 자동차등록대수＜br＞(B),Statistics,5912.0,6310.0,6585.0,7313.0,7899.0,8450.0,8985.0,9552.0,9921.0,10447.0,11189.0,11793.0,12044.0,12030.0,12418.0,12666.0,13350.0,13716.0,13833.0
완도군 - 교통사고발생건수＜br＞(A),Statistics,182.0,137.0,184.0,168.0,143.0,147.0,152.0,150.0,131.0,153.0,144.0,146.0,143.0,152.0,150.0,145.0,141.0,135.0,111.0
완도군 - 자동차 천대당 교통사고발생건수＜br＞(A÷B×1000),Statistics,11.9,8.8,11.5,10.0,8.1,7.9,7.9,7.4,6.3,6.9,6.2,6.1,5.8,6.0,5.7,5.5,5.3,4.9,4.0
완도군 - 자동차등록대수＜br＞(B),Statistics,15314.0,15630.0,15966.0,16813.0,17615.0,18516.0,19349.0,20135.0,20906.0,22182.0,23269.0,24041.0,24814.0,25376.0,26107.0,26385.0,26805.0,27323.0,27508.0
완주군 - 교통사고발생건수＜br＞(A),Statistics,390.0,301.0,354.0,430.0,395.0,378.0,363.0,329.0,376.0,347.0,315.0,201.0,240.0,255.0,203.0,166.0,190.0,233.0,293.0
완주군 - 자동차 천대당 교통사고발생건수＜br＞(A÷B×1000),Statistics,12.3,9.2,10.4,12.1,10.6,9.9,9.0,7.9,8.4,7.1,6.2,3.8,4.5,4.8,3.7,3.0,3.3,3.7,4.5
완주군 - 자동차등록대수＜br＞(B),Statistics,31606.0,32663.0,34088.0,35605.0,37334.0,38253.0,40119.0,41688.0,44841.0,48876.0,51072.0,52880.0,53399.0,53250.0,54708.0,55765.0,57856.0,62632.0,64781.0
용산구 - 교통사고발생건수＜br＞(A),Statistics,1246.0,1182.0,1118.0,1199.0,1133.0,1062.0,1062.0,1198.0,1157.0,1318.0,1194.0,1131.0,1135.0,1007.0,739.0,817.0,857.0,844.0,721.0
용산구 - 자동차 천대당 교통사고발생건수＜br＞(A÷B×1000),Statistics,17.4,16.3,14.7,15.8,15.0,13.8,13.9,15.8,15.3,17.3,15.8,14.6,14.6,13.2,9.4,10.2,11.4,11.3,9.9
용산구 - 자동차등록대수＜br＞(B),Statistics,71523.0,72417.0,76166.0,75941.0,75579.0,76714.0,76131.0,75771.0,75450.0,76078.0,75640.0,77458.0,77515.0,76521.0,78995.0,79740.0,75505.0,74770.0,73109.0
용인시 - 교통사고발생건수＜br＞(A),Statistics,2263.0,2282.0,2128.0,2237.0,2412.0,2491.0,2293.0,2158.0,2427.0,2783.0,2691.0,2640.0,2830.0,3041.0,2817.0,3111.0,3074.0,3202.0,3104.0
용인시 - 자동차 천대당 교통사고발생건수＜br＞(A÷B×1000),Statistics,8.1,7.7,7.0,7.0,7.2,7.2,6.5,5.9,6.4,7.0,6.6,6.2,6.3,6.6,5.9,6.4,6.1,6.3,5.9
용인시 - 자동차등록대수＜br＞(B),Statistics,280441.0,298239.0,305201.0,317396.0,335615.0,345438.0,353388.0,365148.0,379841.0,395717.0,410302.0,429162.0,451952.0,463500.0,478727.0,489774.0,500539.0,511129.0,522890.0
울릉군 - 교통사고발생건수＜br＞(A),Statistics,17.0,11.0,16.0,18.0,6.0,16.0,11.0,16.0,17.0,13.0,15.0,13.0,20.0,12.0,9.0,10.0,12.0,16.0,6.0
울릉군 - 자동차 천대당 교통사고발생건수＜br＞(A÷B×1000),Statistics,5.4,3.4,4.8,4.9,1.5,3.8,2.5,3.5,3.6,2.6,2.9,2.4,3.6,2.1,1.6,1.7,1.9,2.4,0.9
울릉군 - 자동차등록대수＜br＞(B),Statistics,3147.0,3245.0,3365.0,3678.0,3958.0,4201.0,4415.0,4624.0,4724.0,4909.0,5152.0,5462.0,5632.0,5809.0,5753.0,5984.0,6369.0,6693.0,6870.0
울산광역시 - 교통사고발생건수＜br＞(A),Statistics,4047.0,4094.0,4433.0,4543.0,4344.0,4166.0,4245.0,4253.0,4328.0,4533.0,3748.0,3538.0,3338.0,3628.0,3166.0,3107.0,2924.0,3071.0,3012.0
울산광역시 - 자동차 천대당 교통사고발생건수＜br＞(A÷B×1000),Statistics,10.3,10.0,10.6,10.6,9.9,9.1,9.0,8.8,8.6,8.6,7.0,6.4,6.0,6.4,5.5,5.3,5.0,5.1,5.0
울산광역시 - 자동차등록대수＜br＞(B),Statistics,394770.0,407477.0,416565.0,427610.0,440735.0,456051.0,470410.0,485184.0,504604.0,525092.0,538720.0,549489.0,558106.0,565639.0,575700.0,581429.0,588079.0,599266.0,607481.0
울주군 - 교통사고발생건수＜br＞(A),Statistics,815.0,857.0,908.0,958.0,784.0,819.0,876.0,885.0,898.0,948.0,813.0,777.0,730.0,821.0,620.0,611.0,569.0,626.0,634.0
울주군 - 자동차 천대당 교통사고발생건수＜br＞(A÷B×1000),Statistics,11.5,11.4,11.5,11.5,9.0,9.0,9.2,9.0,8.6,8.5,7.0,6.5,5.9,6.4,4.8,4.6,4.2,4.5,4.5
울주군 - 자동차등록대수＜br＞(B),Statistics,70675.0,74996.0,79239.0,83090.0,87029.0,91411.0,95375.0,98082.0,103977.0,111443.0,115427.0,119683.0,123539.0,127477.0,130081.0,132591.0,135320.0,137636.0,140575.0
울진군 - 교통사고발생건수＜br＞(A),Statistics,193.0,208.0,162.0,221.0,214.0,198.0,191.0,190.0,181.0,173.0,173.0,131.0,126.0,144.0,107.0,74.0,130.0,154.0,110.0
울진군 - 자동차 천대당 교통사고발생건수＜br＞(A÷B×1000),Statistics,11.3,11.9,9.2,12.1,11.2,9.9,9.2,8.7,7.9,7.3,7.0,5.2,4.9,5.5,4.0,2.7,4.7,5.4,3.8
울진군 - 자동차등록대수＜br＞(B),Statistics,17040.0,17406.0,17665.0,18317.0,19136.0,19944.0,20671.0,21788.0,22773.0,23761.0,24698.0,25406.0,25732.0,25980.0,26681.0,27063.0,27551.0,28286.0,28712.0
원주시 - 교통사고발생건수＜br＞(A),Statistics,2098.0,1970.0,1899.0,2205.0,2180.0,2203.0,2136.0,2000.0,2068.0,2111.0,2205.0,2007.0,1746.0,1823.0,1700.0,1599.0,1461.0,1299.0,1246.0
원주시 - 자동차 천대당 교통사고발생건수＜br＞(A÷B×1000),Statistics,19.6,17.6,16.4,18.4,17.4,17.1,16.3,14.9,14.9,14.4,14.3,12.5,10.5,10.6,9.5,8.6,7.6,6.6,6.2
원주시 - 자동차등록대수＜br＞(B),Statistics,107017.0,112055.0,115704.0,119761.0,125374.0,128563.0,131246.0,134396.0,139259.0,146855.0,154605.0,160402.0,166115.0,171679.0,179251.0,185530.0,192437.0,196677.0,199953.0
유성구 - 교통사고발생건수＜br＞(A),Statistics,700.0,599.0,648.0,755.0,717.0,820.0,794.0,861.0,1039.0,1341.0,1669.0,1718.0,1790.0,1843.0,1598.0,1672.0,1482.0,1554.0,1684.0
유성구 - 자동차 천대당 교통사고발생건수＜br＞(A÷B×1000),Statistics,7.5,6.0,6.2,6.8,6.0,6.5,6.0,6.3,7.1,8.7,10.4,10.2,10.4,10.4,8.7,9.0,7.7,7.8,8.2
유성구 - 자동차등록대수＜br＞(B),Statistics,93802.0,99710.0,104363.0,110268.0,119397.0,125859.0,132536.0,137013.0,146102.0,153729.0,160667.0,167833.0,172388.0,176623.0,182925.0,185075.0,191847.0,200481.0,204185.0
은평구 - 교통사고발생건수＜br＞(A),Statistics,1241.0,1139.0,1302.0,1385.0,1214.0,1238.0,1197.0,1029.0,1028.0,899.0,851.0,830.0,890.0,870.0,723.0,628.0,706.0,883.0,1000.0
은평구 - 자동차 천대당 교통사고발생건수＜br＞(A÷B×1000),Statistics,11.6,10.7,12.1,12.5,10.5,10.4,9.8,8.3,8.3,7.1,6.7,6.4,6.9,6.7,5.5,4.7,5.3,6.5,7.5
은평구 - 자동차등록대수＜br＞(B),Statistics,107327.0,106885.0,107330.0,110712.0,116001.0,118571.0,121614.0,123434.0,124126.0,126482.0,127647.0,129004.0,129647.0,129820.0,132198.0,133175.0,133758.0,135169.0,134017.0
음성군 - 교통사고발생건수＜br＞(A),Statistics,443.0,480.0,520.0,511.0,497.0,573.0,520.0,452.0,473.0,515.0,524.0,539.0,587.0,582.0,522.0,449.0,468.0,413.0,434.0
음성군 - 자동차 천대당 교통사고발생건수＜br＞(A÷B×1000),Statistics,13.0,13.3,13.7,13.0,12.0,13.3,11.6,9.7,9.6,9.9,9.5,9.5,10.1,9.9,8.7,7.3,7.4,6.4,6.5
음성군 - 자동차등록대수＜br＞(B),Statistics,34019.0,36219.0,37980.0,39374.0,41409.0,43199.0,44901.0,46551.0,49431.0,51892.0,55016.0,56679.0,57995.0,59031.0,60313.0,61552.0,63558.0,64990.0,66474.0
의령군 - 교통사고발생건수＜br＞(A),Statistics,100.0,119.0,116.0,130.0,107.0,149.0,110.0,132.0,129.0,96.0,97.0,102.0,105.0,119.0,98.0,107.0,88.0,84.0,85.0
의령군 - 자동차 천대당 교통사고발생건수＜br＞(A÷B×1000),Statistics,9.3,10.7,10.3,11.2,8.9,12.3,8.7,10.3,9.7,7.1,7.0,7.1,7.2,8.0,6.4,6.8,5.5,5.1,5.1
의령군 - 자동차등록대수＜br＞(B),Statistics,10809.0,11110.0,11244.0,11630.0,11985.0,12069.0,12587.0,12823.0,13279.0,13558.0,13784.0,14268.0,14621.0,14839.0,15250.0,15725.0,16105.0,16342.0,16564.0
의성군 - 교통사고발생건수＜br＞(A),Statistics,219.0,220.0,188.0,205.0,159.0,195.0,182.0,157.0,190.0,205.0,192.0,195.0,208.0,201.0,195.0,174.0,186.0,169.0,182.0
의성군 - 자동차 천대당 교통사고발생건수＜br＞(A÷B×1000),Statistics,10.0,9.9,8.3,8.7,6.6,7.8,7.1,6.0,7.1,7.4,6.7,6.6,6.9,6.5,6.1,5.4,5.6,4.9,5.3
의성군 - 자동차등록대수＜br＞(B),Statistics,21882.0,22321.0,22574.0,23468.0,24103.0,24845.0,25507.0,26098.0,26823.0,27780.0,28812.0,29595.0,30302.0,31071.0,31871.0,32474.0,33260.0,34269.0,34253.0
의왕시 - 교통사고발생건수＜br＞(A),Statistics,339.0,302.0,261.0,349.0,396.0,361.0,375.0,389.0,450.0,563.0,470.0,420.0,398.0,436.0,366.0,374.0,273.0,320.0,386.0
의왕시 - 자동차 천대당 교통사고발생건수＜br＞(A÷B×1000),Statistics,7.7,6.9,5.9,7.5,8.0,7.1,7.1,7.0,8.0,9.7,8.0,7.0,6.5,6.7,5.4,5.4,3.9,4.6,5.6
의왕시 - 자동차등록대수＜br＞(B),Statistics,44274.0,43788.0,43976.0,46740.0,49511.0,50889.0,52993.0,55219.0,56153.0,57857.0,59083.0,60129.0,60789.0,64879.0,67604.0,69201.0,69439.0,70058.0,69302.0
의정부시 - 교통사고발생건수＜br＞(A),Statistics,1755.0,1634.0,1747.0,1857.0,1610.0,1489.0,1313.0,1312.0,1321.0,1501.0,1339.0,1242.0,1439.0,1490.0,1394.0,1366.0,1390.0,1304.0,1251.0
의정부시 - 자동차 천대당 교통사고발생건수＜br＞(A÷B×1000),Statistics,15.6,13.8,14.4,15.0,12.8,11.8,10.4,10.1,9.9,10.9,9.3,8.3,9.3,9.4,8.3,7.9,7.8,7.2,6.9
의정부시 - 자동차등록대수＜br＞(B),Statistics,112845.0,117992.0,121152.0,123780.0,125322.0,125958.0,126686.0,129742.0,133326.0,138261.0,144118.0,149187.0,155356.0,159070.0,167461.0,172542.0,177755.0,181038.0,182158.0
이천시 - 교통사고발생건수＜br＞(A),Statistics,859.0,976.0,900.0,848.0,876.0,767.0,842.0,754.0,778.0,778.0,882.0,904.0,878.0,975.0,976.0,980.0,918.0,865.0,925.0
이천시 - 자동차 천대당 교통사고발생건수＜br＞(A÷B×1000),Statistics,11.4,12.6,11.3,10.3,10.3,8.8,9.4,8.3,8.3,7.9,8.5,8.4,7.9,8.5,8.2,7.9,7.2,6.6,7.0
이천시 - 자동차등록대수＜br＞(B),Statistics,75179.0,77452.0,79753.0,81941.0,84999.0,87503.0,89133.0,91378.0,94288.0,98173.0,103421.0,107590.0,111534.0,114520.0,118637.0,123309.0,127247.0,130537.0,132905.0
익산시 - 교통사고발생건수＜br＞(A),Statistics,1190.0,1393.0,1432.0,1842.0,1886.0,1856.0,1831.0,1711.0,1571.0,1433.0,1254.0,1122.0,955.0,1219.0,961.0,887.0,725.0,749.0,642.0
익산시 - 자동차 천대당 교통사고발생건수＜br＞(A÷B×1000),Statistics,11.3,12.8,13.1,16.4,16.2,15.5,15.1,13.7,12.3,10.8,9.2,8.1,6.8,8.6,6.8,6.2,5.0,5.1,4.3
익산시 - 자동차등록대수＜br＞(B),Statistics,105193.0,108652.0,109716.0,112614.0,116276.0,119490.0,121302.0,124440.0,127905.0,132107.0,136304.0,139203.0,141282.0,141384.0,142300.0,143403.0,145666.0,147598.0,150050.0
인제군 - 교통사고발생건수＜br＞(A),Statistics,146.0,169.0,115.0,111.0,135.0,80.0,101.0,84.0,110.0,106.0,173.0,133.0,93.0,87.0,75.0,78.0,85.0,100.0,77.0
인제군 - 자동차 천대당 교통사고발생건수＜br＞(A÷B×1000),Statistics,12.2,13.6,9.2,8.6,10.1,5.8,7.1,5.6,7.1,6.6,10.4,7.7,5.2,4.8,4.0,4.0,4.2,4.9,3.7
인제군 - 자동차등록대수＜br＞(B),Statistics,12008.0,12436.0,12550.0,12869.0,13304.0,13733.0,14293.0,14880.0,15395.0,16134.0,16677.0,17316.0,17744.0,18056.0,18913.0,19468.0,20094.0,20533.0,20736.0
인천광역시 - 교통사고발생건수＜br＞(A),Statistics,10125.0,9436.0,9353.0,9769.0,9088.0,8977.0,8721.0,7993.0,7768.0,7725.0,7479.0,6766.0,6710.0,7647.0,7373.0,6728.0,6707.0,6735.0,7063.0
인천광역시 - 자동차 천대당 교통사고발생건수＜br＞(A÷B×1000),Statistics,12.3,11.1,10.7,10.9,9.8,9.1,8.3,7.0,6.2,5.7,5.2,4.5,4.3,4.7,4.4,4.0,4.0,3.9,4.0
인천광역시 - 자동차등록대수＜br＞(B),Statistics,822317.0,853226.0,870322.0,895818.0,925711.0,983508.0,1049444.0,1142351.0,1247485.0,1355207.0,1437373.0,1510319.0,1577607.0,1635323.0,1676442.0,1675405.0,1692760.0,1730839.0,1747927.0
임실군 - 교통사고발생건수＜br＞(A),Statistics,162.0,178.0,124.0,114.0,107.0,97.0,101.0,90.0,101.0,116.0,104.0,88.0,89.0,106.0,107.0,100.0,73.0,69.0,93.0
임실군 - 자동차 천대당 교통사고발생건수＜br＞(A÷B×1000),Statistics,16.9,17.8,12.1,10.7,9.7,8.4,8.5,7.5,8.0,8.7,7.5,6.0,5.9,7.0,7.2,6.7,4.8,4.4,5.9
임실군 - 자동차등록대수＜br＞(B),Statistics,9564.0,9976.0,10216.0,10670.0,11037.0,11555.0,11903.0,12006.0,12602.0,13333.0,13922.0,14631.0,15136.0,15090.0,14842.0,14979.0,15343.0,15704.0,15869.0
장성군 - 교통사고발생건수＜br＞(A),Statistics,208.0,210.0,193.0,189.0,233.0,186.0,219.0,205.0,184.0,218.0,200.0,215.0,195.0,243.0,210.0,181.0,167.0,172.0,167.0
장성군 - 자동차 천대당 교통사고발생건수＜br＞(A÷B×1000),Statistics,12.5,12.1,10.9,10.1,11.9,9.2,10.4,9.4,8.2,9.2,8.1,8.5,7.3,8.9,7.6,6.4,5.7,5.8,5.6
장성군 - 자동차등록대수＜br＞(B),Statistics,16597.0,17393.0,17695.0,18665.0,19601.0,20265.0,21098.0,21792.0,22479.0,23628.0,24597.0,25440.0,26641.0,27353.0,27810.0,28193.0,29050.0,29529.0,29784.0
장수군 - 교통사고발생건수＜br＞(A),Statistics,102.0,87.0,91.0,99.0,95.0,73.0,61.0,71.0,71.0,67.0,48.0,42.0,47.0,50.0,50.0,26.0,34.0,42.0,40.0
장수군 - 자동차 천대당 교통사고발생건수＜br＞(A÷B×1000),Statistics,13.6,10.7,11.1,11.6,10.7,8.0,6.4,7.1,6.8,6.2,4.2,3.6,3.9,4.1,4.0,2.1,2.6,3.2,3.1
장수군 - 자동차등록대수＜br＞(B),Statistics,7474.0,8132.0,8174.0,8563.0,8913.0,9173.0,9547.0,9950.0,10402.0,10881.0,11454.0,11704.0,12144.0,12168.0,12461.0,12677.0,12921.0,13001.0,13092.0
장흥군 - 교통사고발생건수＜br＞(A),Statistics,187.0,206.0,163.0,196.0,250.0,192.0,211.0,206.0,201.0,215.0,199.0,218.0,228.0,238.0,205.0,188.0,201.0,217.0,183.0
장흥군 - 자동차 천대당 교통사고발생건수＜br＞(A÷B×1000),Statistics,14.2,14.8,11.4,13.5,16.2,11.9,12.5,11.8,11.1,11.3,10.5,11.1,11.4,11.7,9.9,9.0,9.5,10.1,8.4
장흥군 - 자동차등록대수＜br＞(B),Statistics,13158.0,13944.0,14356.0,14572.0,15410.0,16165.0,16853.0,17428.0,18109.0,19021.0,19032.0,19615.0,20000.0,20342.0,20664.0,20834.0,21157.0,21516.0,21826.0
전국 - 교통사고발생건수＜br＞(A),Statistics,194915.0,190393.0,191393.0,205411.0,201382.0,196223.0,197609.0,188516.0,192822.0,199526.0,189328.0,184862.0,187504.0,195597.0,175581.0,169672.0,165754.0,169359.0,168585.0
전국 - 자동차 천대당 교통사고발생건수＜br＞(A÷B×1000),Statistics,12.3,11.6,11.4,11.9,11.2,10.6,10.5,9.7,9.6,9.5,8.7,8.2,8.1,8.3,7.2,6.8,6.5,6.5,6.4
전국 - 자동차등록대수＜br＞(B),Statistics,15895234.0,16428177.0,16794219.0,17325210.0,17941356.0,18437373.0,18870533.0,19400864.0,20117955.0,20989885.0,21803351.0,22528295.0,23202555.0,23677366.0,24365979.0,24911101.0,25503078.0,25949201.0,26297919.0
전라남도 - 교통사고발생건수＜br＞(A),Statistics,9482.0,9244.0,8971.0,9615.0,9473.0,8605.0,8854.0,8637.0,8710.0,8993.0,8136.0,8416.0,8513.0,9401.0,8435.0,7545.0,7131.0,7302.0,7269.0
전라남도 - 자동차 천대당 교통사고발생건수＜br＞(A÷B×1000),Statistics,15.5,14.5,13.7,14.0,13.3,11.6,11.5,10.8,10.3,10.0,8.5,8.5,8.2,8.9,7.7,6.4,5.8,5.8,5.7
전라남도 - 자동차등록대수＜br＞(B),Statistics,613181.0,637887.0,657162.0,686384.0,713668.0,740903.0,766704.0,799385.0,841881.0,897655.0,952004.0,994318.0,1032074.0,1056239.0,1099894.0,1172282.0,1236858.0,1250386.0,1277926.0
전북특별자치도 - 교통사고발생건수＜br＞(A),Statistics,8701.0,8914.0,8650.0,9588.0,9496.0,9213.0,8966.0,8441.0,8508.0,7913.0,6951.0,6866.0,6194.0,6809.0,5720.0,5398.0,4986.0,5189.0,5239.0
전북특별자치도 - 자동차 천대당 교통사고발생건수＜br＞(A÷B×1000),Statistics,14.1,14.0,13.2,14.0,13.3,12.5,11.9,10.8,10.5,9.4,8.0,7.7,6.8,7.3,6.0,5.6,5.1,5.2,5.2
전북특별자치도 - 자동차등록대수＜br＞(B),Statistics,617567.0,638270.0,654797.0,683103.0,711479.0,736698.0,755456.0,780844.0,807368.0,839181.0,869002.0,892118.0,915944.0,929061.0,948147.0,959920.0,977834.0,992516.0,1002889.0
전주시 - 교통사고발생건수＜br＞(A),Statistics,3330.0,3448.0,3261.0,3526.0,3469.0,3118.0,2951.0,2709.0,2679.0,2336.0,2119.0,2225.0,2103.0,2196.0,1878.0,1951.0,1740.0,1792.0,2004.0
전주시 - 자동차 천대당 교통사고발생건수＜br＞(A÷B×1000),Statistics,15.9,16.1,14.9,15.5,14.6,12.7,11.8,10.3,9.8,8.2,7.2,7.3,6.7,6.8,5.6,5.8,5.1,5.2,5.8
전주시 - 자동차등록대수＜br＞(B),Statistics,209024.0,214692.0,218608.0,228083.0,237995.0,245141.0,251029.0,262610.0,274168.0,285816.0,296296.0,303580.0,315489.0,324152.0,334386.0,338330.0,343554.0,344477.0,344718.0
정선군 - 교통사고발생건수＜br＞(A),Statistics,182.0,185.0,162.0,212.0,156.0,150.0,132.0,142.0,119.0,170.0,145.0,179.0,116.0,101.0,90.0,157.0,147.0,158.0,161.0
정선군 - 자동차 천대당 교통사고발생건수＜br＞(A÷B×1000),Statistics,11.7,11.7,10.1,12.8,9.2,8.7,7.5,7.9,6.5,8.9,7.4,8.8,5.6,4.8,4.2,7.3,6.7,7.2,7.4
정선군 - 자동차등록대수＜br＞(B),Statistics,15555.0,15817.0,15970.0,16546.0,17001.0,17252.0,17533.0,18025.0,18441.0,19087.0,19718.0,20230.0,20696.0,20963.0,21476.0,21548.0,21785.0,21943.0,21854.0
정읍시 - 교통사고발생건수＜br＞(A),Statistics,617.0,636.0,542.0,633.0,644.0,625.0,555.0,544.0,588.0,464.0,507.0,613.0,543.0,506.0,423.0,324.0,346.0,304.0,305.0
정읍시 - 자동차 천대당 교통사고발생건수＜br＞(A÷B×1000),Statistics,15.9,15.9,13.2,14.8,14.3,13.6,11.8,11.3,11.8,9.1,9.7,11.2,9.6,8.9,7.3,5.5,5.7,5.0,5.0
정읍시 - 자동차등록대수＜br＞(B),Statistics,38882.0,39961.0,40933.0,42853.0,44882.0,45909.0,46989.0,48244.0,49630.0,50714.0,52147.0,54697.0,56475.0,56920.0,57930.0,59111.0,60355.0,61292.0,61369.0
제주시 - 교통사고발생건수＜br＞(A),Statistics,,2117.0,2150.0,2429.0,2478.0,2303.0,2542.0,2775.0,2872.0,2945.0,2758.0,2621.0,2645.0,2761.0,2566.0,2649.0,2390.0,2382.0,2533.0
제주시 - 자동차 천대당 교통사고발생건수＜br＞(A÷B×1000),Statistics,,13.0,12.9,14.0,13.7,12.4,11.5,10.7,9.4,8.4,7.4,6.5,5.9,5.6,5.0,4.8,4.1,4.0,4.2
제주시 - 자동차등록대수＜br＞(B),Statistics,,163127.0,166773.0,173592.0,180996.0,185856.0,221472.0,258864.0,304728.0,348784.0,373706.0,400637.0,450061.0,491312.0,509181.0,550432.0,579988.0,592829.0,605017.0
제주특별자치도 - 교통사고발생건수＜br＞(A),Statistics,2947.0,2817.0,2906.0,3242.0,3218.0,3030.0,3366.0,3719.0,3844.0,4017.0,3845.0,3794.0,3718.0,3853.0,3583.0,3787.0,3488.0,3427.0,3487.0
제주특별자치도 - 자동차 천대당 교통사고발생건수＜br＞(A÷B×1000),Statistics,13.3,12.3,12.4,13.4,12.8,11.8,11.4,11.1,10.0,9.2,8.2,7.6,6.7,6.5,5.8,5.8,5.1,4.9,4.9
제주특별자치도 - 자동차등록대수＜br＞(B),Statistics,222025.0,228858.0,233518.0,241651.0,250794.0,257154.0,294488.0,334426.0,384117.0,435015.0,467243.0,500197.0,553578.0,596215.0,615342.0,658594.0,689924.0,703291.0,715445.0
제천시 - 교통사고발생건수＜br＞(A),Statistics,818.0,787.0,853.0,910.0,945.0,810.0,837.0,856.0,876.0,782.0,825.0,859.0,815.0,780.0,704.0,631.0,626.0,649.0,715.0
제천시 - 자동차 천대당 교통사고발생건수＜br＞(A÷B×1000),Statistics,16.8,15.8,16.7,17.2,17.1,14.3,14.5,14.5,14.5,12.5,12.7,12.8,11.9,11.2,10.0,8.8,8.6,8.8,9.6
제천시 - 자동차등록대수＜br＞(B),Statistics,48594.0,49883.0,51060.0,52968.0,55124.0,56778.0,57810.0,59026.0,60473.0,62630.0,64834.0,66967.0,68596.0,69641.0,70711.0,71505.0,72960.0,73773.0,74354.0
종로구 - 교통사고발생건수＜br＞(A),Statistics,1212.0,1381.0,1316.0,1301.0,1210.0,1176.0,1159.0,1079.0,1078.0,1134.0,1085.0,947.0,955.0,932.0,715.0,611.0,767.0,804.0,774.0
종로구 - 자동차 천대당 교통사고발생건수＜br＞(A÷B×1000),Statistics,17.6,17.4,16.0,18.3,24.4,22.6,22.5,21.4,21.4,22.8,21.9,18.6,18.8,18.6,14.2,12.1,15.2,15.8,15.4
종로구 - 자동차등록대수＜br＞(B),Statistics,68829.0,79211.0,82504.0,71167.0,49669.0,52047.0,51521.0,50476.0,50315.0,49817.0,49471.0,50828.0,50732.0,50052.0,50267.0,50348.0,50337.0,50768.0,50099.0
중구 - 교통사고발생건수＜br＞(A),Statistics,1242.0,1266.0,1221.0,1292.0,1291.0,1271.0,1238.0,1249.0,1100.0,1147.0,1114.0,1043.0,970.0,971.0,757.0,684.0,755.0,787.0,824.0
중구 - 자동차 천대당 교통사고발생건수＜br＞(A÷B×1000),Statistics,24.4,20.6,17.5,24.4,20.7,20.7,19.1,21.7,19.9,21.6,21.6,20.2,18.7,18.8,14.8,11.2,12.8,14.4,15.7
중구 - 자동차등록대수＜br＞(B),Statistics,50926.0,61497.0,69788.0,52960.0,62495.0,61378.0,64816.0,57531.0,55277.0,52988.0,51604.0,51540.0,51813.0,51736.0,51126.0,61158.0,58836.0,54772.0,52361.0
중랑구 - 교통사고발생건수＜br＞(A),Statistics,1610.0,1800.0,1667.0,1638.0,1642.0,1404.0,1357.0,1361.0,1238.0,1285.0,1180.0,1234.0,1227.0,1191.0,1044.0,979.0,1054.0,977.0,902.0
중랑구 - 자동차 천대당 교통사고발생건수＜br＞(A÷B×1000),Statistics,16.1,17.8,16.4,16.0,15.8,13.5,13.0,13.0,11.5,11.7,10.5,10.8,10.8,10.6,9.2,8.6,9.1,8.4,7.8
중랑구 - 자동차등록대수＜br＞(B),Statistics,99995.0,101254.0,101895.0,102685.0,103779.0,104071.0,104019.0,104872.0,107913.0,110094.0,112098.0,113916.0,114022.0,112723.0,114020.0,114375.0,116094.0,116428.0,116136.0
증평군 - 교통사고발생건수＜br＞(A),Statistics,118.0,90.0,92.0,113.0,173.0,149.0,125.0,147.0,154.0,168.0,196.0,147.0,139.0,182.0,134.0,164.0,124.0,180.0,131.0
증평군 - 자동차 천대당 교통사고발생건수＜br＞(A÷B×1000),Statistics,10.6,7.7,7.5,8.8,13.0,10.7,8.7,9.9,10.1,10.0,11.0,7.9,7.3,9.3,6.7,8.1,5.8,8.3,6.0
증평군 - 자동차등록대수＜br＞(B),Statistics,11084.0,11668.0,12246.0,12840.0,13286.0,13891.0,14293.0,14795.0,15319.0,16796.0,17838.0,18668.0,19031.0,19581.0,19949.0,20261.0,21231.0,21806.0,21995.0
진도군 - 교통사고발생건수＜br＞(A),Statistics,106.0,107.0,101.0,128.0,139.0,105.0,115.0,109.0,98.0,110.0,84.0,101.0,104.0,118.0,88.0,76.0,62.0,99.0,84.0
진도군 - 자동차 천대당 교통사고발생건수＜br＞(A÷B×1000),Statistics,9.9,9.7,8.9,10.8,11.1,8.1,8.6,7.8,6.8,7.4,5.4,6.3,6.3,7.1,5.0,4.3,3.5,5.4,4.5
진도군 - 자동차등록대수＜br＞(B),Statistics,10676.0,11027.0,11324.0,11848.0,12558.0,12944.0,13401.0,13933.0,14394.0,14867.0,15432.0,16012.0,16436.0,16636.0,17487.0,17551.0,17940.0,18327.0,18704.0
진안군 - 교통사고발생건수＜br＞(A),Statistics,111.0,105.0,74.0,118.0,100.0,88.0,94.0,114.0,89.0,83.0,82.0,52.0,43.0,60.0,40.0,52.0,53.0,87.0,62.0
진안군 - 자동차 천대당 교통사고발생건수＜br＞(A÷B×1000),Statistics,12.7,10.8,7.7,11.3,9.2,7.5,8.4,9.8,7.3,6.6,6.3,3.9,3.1,4.2,2.8,3.5,3.5,5.6,4.0
진안군 - 자동차등록대수＜br＞(B),Statistics,8770.0,9737.0,9596.0,10469.0,10878.0,11684.0,11148.0,11648.0,12109.0,12561.0,12925.0,13484.0,13893.0,14127.0,14380.0,14744.0,14933.0,15447.0,15667.0
진주시 - 교통사고발생건수＜br＞(A),Statistics,1100.0,1131.0,1193.0,1211.0,1156.0,942.0,912.0,985.0,891.0,882.0,794.0,644.0,724.0,699.0,549.0,584.0,480.0,582.0,540.0
진주시 - 자동차 천대당 교통사고발생건수＜br＞(A÷B×1000),Statistics,9.6,9.7,10.1,9.9,9.2,7.3,6.8,7.2,6.2,5.9,5.1,4.0,4.4,4.2,3.2,3.3,2.7,3.2,3.0
진주시 - 자동차등록대수＜br＞(B),Statistics,114371.0,116339.0,118601.0,122411.0,125919.0,129722.0,133272.0,137135.0,142608.0,149981.0,156030.0,160075.0,163638.0,167889.0,171220.0,174515.0,178166.0,180336.0,182139.0
진천군 - 교통사고발생건수＜br＞(A),Statistics,322.0,270.0,275.0,282.0,291.0,309.0,272.0,288.0,306.0,383.0,366.0,444.0,487.0,435.0,429.0,434.0,380.0,432.0,463.0
진천군 - 자동차 천대당 교통사고발생건수＜br＞(A÷B×1000),Statistics,13.7,11.0,10.8,10.5,10.5,10.6,9.0,9.1,9.3,10.7,9.6,10.6,10.7,9.0,8.4,8.2,6.9,7.6,7.9
진천군 - 자동차등록대수＜br＞(B),Statistics,23540.0,24468.0,25504.0,26929.0,27840.0,29174.0,30089.0,31616.0,33028.0,35758.0,38230.0,41796.0,45528.0,48080.0,50794.0,52647.0,54858.0,56672.0,58321.0
창녕군 - 교통사고발생건수＜br＞(A),Statistics,243.0,254.0,259.0,290.0,257.0,237.0,320.0,315.0,290.0,244.0,276.0,315.0,274.0,267.0,271.0,217.0,182.0,190.0,241.0
창녕군 - 자동차 천대당 교통사고발생건수＜br＞(A÷B×1000),Statistics,10.7,10.9,10.9,11.7,9.9,8.7,11.2,10.6,9.5,7.6,8.2,9.1,7.7,7.5,7.5,5.9,4.9,5.1,6.4
창녕군 - 자동차등록대수＜br＞(B),Statistics,22795.0,23237.0,23706.0,24761.0,25916.0,27341.0,28565.0,29630.0,30578.0,32151.0,33491.0,34803.0,35603.0,35812.0,36351.0,36834.0,37148.0,37506.0,37731.0
창원시 - 교통사고발생건수＜br＞(A),Statistics,,,,,3789.0,3671.0,3621.0,3427.0,3128.0,3010.0,2776.0,2499.0,2600.0,2895.0,2648.0,2211.0,2295.0,2634.0,2472.0
창원시 - 자동차 천대당 교통사고발생건수＜br＞(A÷B×1000),Statistics,,,,,7.1,6.6,6.6,6.5,6.1,5.7,5.0,4.5,4.6,5.1,4.4,3.6,3.5,3.9,3.6
창원시 - 자동차등록대수＜br＞(B),Statistics,,,,,533858.0,560172.0,549364.0,528898.0,512509.0,528145.0,551448.0,559516.0,560170.0,563279.0,599336.0,619854.0,650614.0,672279.0,688617.0
천안시 - 교통사고발생건수＜br＞(A),Statistics,1779.0,1772.0,1931.0,1913.0,2123.0,2217.0,2179.0,1799.0,2044.0,2261.0,2175.0,2456.0,2576.0,2731.0,2630.0,2615.0,2542.0,2900.0,2877.0
천안시 - 자동차 천대당 교통사고발생건수＜br＞(A÷B×1000),Statistics,9.2,8.8,9.4,9.1,9.6,9.5,9.1,7.2,7.9,8.3,7.6,8.1,8.2,8.4,7.8,7.6,7.2,8.1,7.9
천안시 - 자동차등록대수＜br＞(B),Statistics,194238.0,201312.0,204779.0,210511.0,222226.0,232173.0,239898.0,248474.0,259373.0,271707.0,286786.0,301427.0,315902.0,324506.0,336725.0,343545.0,351796.0,357203.0,365101.0
철원군 - 교통사고발생건수＜br＞(A),Statistics,197.0,219.0,184.0,175.0,164.0,151.0,175.0,159.0,143.0,169.0,162.0,155.0,127.0,125.0,131.0,115.0,90.0,103.0,87.0
철원군 - 자동차 천대당 교통사고발생건수＜br＞(A÷B×1000),Statistics,11.5,12.5,10.3,9.4,8.6,7.8,8.8,7.9,6.9,7.7,7.2,6.7,5.3,5.2,5.3,4.6,3.6,4.1,3.4
철원군 - 자동차등록대수＜br＞(B),Statistics,17096.0,17553.0,17936.0,18586.0,19042.0,19309.0,19792.0,20165.0,20725.0,21859.0,22620.0,23209.0,23849.0,24174.0,24652.0,24864.0,25079.0,25375.0,25509.0
청도군 - 교통사고발생건수＜br＞(A),Statistics,230.0,199.0,190.0,205.0,212.0,181.0,188.0,175.0,174.0,200.0,148.0,197.0,178.0,171.0,150.0,152.0,166.0,165.0,157.0
청도군 - 자동차 천대당 교통사고발생건수＜br＞(A÷B×1000),Statistics,14.3,11.8,11.1,11.5,11.5,9.5,9.5,8.6,8.1,8.8,6.3,8.2,7.2,6.8,5.8,5.8,6.2,6.0,5.7
청도군 - 자동차등록대수＜br＞(B),Statistics,16138.0,16810.0,17115.0,17771.0,18469.0,19111.0,19815.0,20445.0,21492.0,22634.0,23487.0,24123.0,24659.0,25233.0,25790.0,26341.0,26990.0,27377.0,27729.0
청송군 - 교통사고발생건수＜br＞(A),Statistics,111.0,131.0,137.0,109.0,75.0,96.0,116.0,116.0,121.0,110.0,94.0,79.0,89.0,73.0,52.0,66.0,78.0,104.0,136.0
청송군 - 자동차 천대당 교통사고발생건수＜br＞(A÷B×1000),Statistics,11.1,12.9,13.4,10.2,6.8,8.3,9.7,9.2,9.1,7.9,6.6,5.4,5.9,4.7,3.3,4.0,4.7,6.2,8.0
청송군 - 자동차등록대수＜br＞(B),Statistics,9966.0,10144.0,10239.0,10677.0,11081.0,11563.0,12018.0,12651.0,13239.0,13876.0,14348.0,14746.0,15140.0,15462.0,15957.0,16323.0,16515.0,16776.0,16975.0
청양군 - 교통사고발생건수＜br＞(A),Statistics,187.0,181.0,181.0,216.0,160.0,150.0,187.0,166.0,158.0,195.0,150.0,169.0,143.0,154.0,144.0,126.0,153.0,139.0,109.0
청양군 - 자동차 천대당 교통사고발생건수＜br＞(A÷B×1000),Statistics,17.1,15.9,15.5,17.7,12.5,11.2,13.7,11.7,10.7,12.4,9.0,9.8,8.2,8.6,8.0,7.0,8.3,7.4,5.7
청양군 - 자동차등록대수＜br＞(B),Statistics,10949.0,11349.0,11699.0,12211.0,12836.0,13357.0,13674.0,14216.0,14828.0,15714.0,16603.0,17258.0,17537.0,17852.0,17906.0,17996.0,18442.0,18911.0,18957.0
청주시 - 교통사고발생건수＜br＞(A),Statistics,,,,,,,,,4157.0,4423.0,4299.0,4200.0,4466.0,4297.0,3813.0,3515.0,3395.0,3694.0,3591.0
청주시 - 자동차 천대당 교통사고발생건수＜br＞(A÷B×1000),Statistics,,,,,,,,,11.7,12.0,11.3,10.7,11.0,10.3,8.8,7.8,7.3,7.8,7.5
청주시 - 자동차등록대수＜br＞(B),Statistics,,,,,,,,,354230.0,367758.0,381427.0,392845.0,405987.0,418488.0,434677.0,452133.0,463680.0,473764.0,481582.0
춘천시 - 교통사고발생건수＜br＞(A),Statistics,1191.0,1328.0,1480.0,1684.0,1720.0,1823.0,1698.0,1567.0,1520.0,1596.0,1517.0,1510.0,1395.0,1408.0,1193.0,1158.0,1235.0,1109.0,1172.0
춘천시 - 자동차 천대당 교통사고발생건수＜br＞(A÷B×1000),Statistics,12.7,13.8,15.0,16.4,16.2,16.8,15.5,14.0,13.2,13.4,12.2,11.8,10.6,10.5,8.6,8.1,8.4,7.4,7.8
춘천시 - 자동차등록대수＜br＞(B),Statistics,93793.0,95991.0,98619.0,102702.0,106015.0,108330.0,109305.0,111610.0,114891.0,119092.0,124088.0,127750.0,131605.0,134390.0,139153.0,142993.0,147904.0,149835.0,151040.0
충남 당진군 - 교통사고발생건수＜br＞(A),Statistics,473.0,517.0,561.0,574.0,559.0,569.0,,,,,,,,,,,,,
충남 당진군 - 자동차 천대당 교통사고발생건수＜br＞(A÷B×1000),Statistics,10.2,9.9,10.1,9.7,8.8,8.4,,,,,,,,,,,,,
충남 당진군 - 자동차등록대수＜br＞(B),Statistics,46320.0,51990.0,55467.0,59239.0,63479.0,67378.0,,,,,,,,,,,,,
충남 연기군 - 교통사고발생건수＜br＞(A),Statistics,308.0,297.0,228.0,249.0,300.0,298.0,,,,,,,,,,,,,
충남 연기군 - 자동차 천대당 교통사고발생건수＜br＞(A÷B×1000),Statistics,10.4,9.9,7.6,7.9,9.2,8.7,,,,,,,,,,,,,
충남 연기군 - 자동차등록대수＜br＞(B),Statistics,29613.0,29853.0,29999.0,31390.0,32637.0,34222.0,,,,,,,,,,,,,
충북 청원군 - 교통사고발생건수＜br＞(A),Statistics,726.0,733.0,780.0,797.0,741.0,779.0,844.0,791.0,,,,,,,,,,,
충북 청원군 - 자동차 천대당 교통사고발생건수＜br＞(A÷B×1000),Statistics,13.3,12.4,12.5,12.1,10.8,10.6,11.6,10.5,,,,,,,,,,,
충북 청원군 - 자동차등록대수＜br＞(B),Statistics,54706.0,58906.0,62571.0,65662.0,68826.0,73346.0,72769.0,75323.0,,,,,,,,,,,
충북 청주시 - 교통사고발생건수＜br＞(A),Statistics,2786.0,2831.0,3036.0,3069.0,3055.0,3046.0,3181.0,3231.0,,,,,,,,,,,
충북 청주시 - 자동차 천대당 교통사고발생건수＜br＞(A÷B×1000),Statistics,12.9,12.6,13.4,13.1,12.5,12.1,12.4,12.2,,,,,,,,,,,
충북 청주시 - 자동차등록대수＜br＞(B),Statistics,216142.0,223961.0,227388.0,234047.0,244555.0,251984.0,257560.0,265545.0,,,,,,,,,,,
충주시 - 교통사고발생건수＜br＞(A),Statistics,1002.0,1101.0,985.0,1074.0,1023.0,1096.0,1042.0,986.0,1071.0,1126.0,1168.0,1080.0,1177.0,1192.0,970.0,984.0,935.0,910.0,998.0
충주시 - 자동차 천대당 교통사고발생건수＜br＞(A÷B×1000),Statistics,14.0,14.8,12.9,13.6,12.4,12.8,11.9,11.0,11.6,11.7,11.7,10.4,10.9,10.7,8.4,8.3,7.6,7.2,7.9
충주시 - 자동차등록대수＜br＞(B),Statistics,71543.0,74176.0,76274.0,79247.0,82742.0,85304.0,87340.0,89800.0,92452.0,96066.0,100048.0,103842.0,108085.0,111804.0,115591.0,119176.0,122764.0,125894.0,126190.0
충청남도 - 교통사고발생건수＜br＞(A),Statistics,7458.0,7610.0,7534.0,7769.0,8136.0,7736.0,7149.0,6919.0,7227.0,8173.0,7788.0,8020.0,7695.0,8097.0,7730.0,7328.0,7107.0,7487.0,7750.0
충청남도 - 자동차 천대당 교통사고발생건수＜br＞(A÷B×1000),Statistics,10.6,10.4,9.9,9.7,9.8,8.9,8.4,7.8,7.8,8.4,7.7,7.6,7.0,7.2,6.7,6.2,5.9,6.0,6.1
충청남도 - 자동차등록대수＜br＞(B),Statistics,700321.0,732894.0,762287.0,796918.0,834391.0,868688.0,855751.0,887083.0,924576.0,969162.0,1015144.0,1057515.0,1093582.0,1118117.0,1149845.0,1176350.0,1211477.0,1245446.0,1272954.0
충청북도 - 교통사고발생건수＜br＞(A),Statistics,7049.0,7081.0,7365.0,7546.0,7532.0,7602.0,7597.0,7495.0,7764.0,8148.0,8082.0,8004.0,8443.0,8266.0,7216.0,6810.0,6523.0,6858.0,6962.0
충청북도 - 자동차 천대당 교통사고발생건수＜br＞(A÷B×1000),Statistics,13.3,12.8,12.9,12.8,12.2,11.9,11.6,11.1,11.1,11.2,10.6,10.2,10.4,9.9,8.3,7.6,7.1,7.3,7.3
충청북도 - 자동차등록대수＜br＞(B),Statistics,531667.0,553427.0,569460.0,591478.0,617225.0,640303.0,653610.0,674138.0,699797.0,730069.0,760701.0,787188.0,814698.0,837602.0,865620.0,892301.0,916455.0,936269.0,949503.0
칠곡군 - 교통사고발생건수＜br＞(A),Statistics,652.0,615.0,588.0,651.0,701.0,607.0,629.0,627.0,601.0,678.0,648.0,618.0,612.0,689.0,654.0,613.0,598.0,472.0,490.0
칠곡군 - 자동차 천대당 교통사고발생건수＜br＞(A÷B×1000),Statistics,14.3,12.8,11.8,12.7,13.1,11.1,11.1,10.7,9.7,10.5,9.6,9.0,8.8,9.8,9.3,8.6,8.1,6.4,6.6
칠곡군 - 자동차등록대수＜br＞(B),Statistics,45552.0,48175.0,49843.0,51356.0,53393.0,54768.0,56428.0,58749.0,61782.0,64831.0,67640.0,68947.0,69718.0,70014.0,70529.0,71643.0,73380.0,74044.0,73782.0
태백시 - 교통사고발생건수＜br＞(A),Statistics,250.0,268.0,248.0,244.0,205.0,218.0,189.0,182.0,202.0,236.0,219.0,150.0,198.0,169.0,160.0,184.0,217.0,190.0,219.0
태백시 - 자동차 천대당 교통사고발생건수＜br＞(A÷B×1000),Statistics,14.3,14.8,13.5,12.9,10.5,11.1,9.6,9.2,10.0,11.5,10.4,7.1,9.4,8.1,7.6,8.8,10.4,9.0,10.3
태백시 - 자동차등록대수＜br＞(B),Statistics,17534.0,18102.0,18381.0,18921.0,19558.0,19719.0,19651.0,19808.0,20207.0,20492.0,20981.0,21036.0,21055.0,20988.0,21015.0,20831.0,20932.0,21177.0,21248.0
태안군 - 교통사고발생건수＜br＞(A),Statistics,261.0,288.0,221.0,270.0,285.0,237.0,229.0,256.0,271.0,278.0,285.0,309.0,277.0,268.0,267.0,245.0,229.0,199.0,221.0
태안군 - 자동차 천대당 교통사고발생건수＜br＞(A÷B×1000),Statistics,11.9,12.8,9.4,11.0,11.2,9.1,8.6,9.4,9.5,9.3,9.1,9.5,8.3,7.9,7.6,7.0,6.3,5.4,5.9
태안군 - 자동차등록대수＜br＞(B),Statistics,21868.0,22430.0,23452.0,24604.0,25353.0,26015.0,26545.0,27337.0,28410.0,30019.0,31451.0,32630.0,33381.0,34029.0,35058.0,35250.0,36354.0,37066.0,37570.0
통영시 - 교통사고발생건수＜br＞(A),Statistics,555.0,674.0,699.0,825.0,728.0,708.0,723.0,701.0,661.0,736.0,656.0,633.0,606.0,641.0,571.0,545.0,557.0,570.0,602.0
통영시 - 자동차 천대당 교통사고발생건수＜br＞(A÷B×1000),Statistics,15.6,18.0,17.5,19.6,16.6,15.6,15.7,14.8,13.5,14.3,12.5,11.9,11.3,11.9,10.6,10.0,10.2,10.3,10.9
통영시 - 자동차등록대수＜br＞(B),Statistics,35623.0,37531.0,39921.0,42062.0,43975.0,45322.0,45958.0,47432.0,49043.0,51480.0,52551.0,53090.0,53621.0,53760.0,54079.0,54239.0,54698.0,55290.0,55352.0
파주시 - 교통사고발생건수＜br＞(A),Statistics,1351.0,1228.0,1207.0,1245.0,1344.0,1373.0,1425.0,1386.0,1474.0,1514.0,1378.0,1487.0,1493.0,1445.0,1260.0,1465.0,1404.0,1488.0,1417.0
파주시 - 자동차 천대당 교통사고발생건수＜br＞(A÷B×1000),Statistics,12.1,10.4,9.8,9.7,9.6,9.1,9.1,8.6,8.7,8.4,7.3,7.5,7.2,6.8,5.7,6.2,5.7,5.8,5.4
파주시 - 자동차등록대수＜br＞(B),Statistics,111347.0,118454.0,122654.0,128660.0,140569.0,150142.0,156859.0,160946.0,168773.0,179783.0,188998.0,197096.0,208208.0,211734.0,222522.0,235972.0,247974.0,255100.0,264832.0
평창군 - 교통사고발생건수＜br＞(A),Statistics,249.0,242.0,273.0,242.0,195.0,223.0,229.0,218.0,219.0,215.0,233.0,261.0,205.0,172.0,132.0,169.0,176.0,155.0,173.0
평창군 - 자동차 천대당 교통사고발생건수＜br＞(A÷B×1000),Statistics,13.4,12.7,13.7,11.9,9.5,10.3,10.6,9.9,9.6,9.1,9.5,10.4,8.0,6.6,5.0,6.4,6.4,5.5,6.2
평창군 - 자동차등록대수＜br＞(B),Statistics,18562.0,19057.0,19916.0,20375.0,20536.0,21615.0,21526.0,22028.0,22798.0,23584.0,24450.0,25088.0,25593.0,25867.0,26320.0,26571.0,27457.0,28162.0,28051.0
평택시 - 교통사고발생건수＜br＞(A),Statistics,1853.0,1800.0,1719.0,2001.0,1943.0,1925.0,1829.0,1817.0,2054.0,2347.0,2618.0,2634.0,2988.0,3042.0,2718.0,2691.0,2823.0,2778.0,2536.0
평택시 - 자동차 천대당 교통사고발생건수＜br＞(A÷B×1000),Statistics,12.2,11.4,10.6,12.0,11.2,10.6,9.8,9.4,10.1,10.9,11.4,10.8,11.5,11.1,9.3,8.6,8.6,8.1,7.2
평택시 - 자동차등록대수＜br＞(B),Statistics,151284.0,157949.0,162060.0,166739.0,174040.0,180933.0,186597.0,193457.0,202727.0,215512.0,228762.0,243171.0,259008.0,273124.0,291735.0,312995.0,329305.0,342776.0,351450.0
포천시 - 교통사고발생건수＜br＞(A),Statistics,898.0,933.0,823.0,936.0,899.0,743.0,758.0,806.0,801.0,888.0,769.0,787.0,754.0,806.0,737.0,812.0,762.0,599.0,565.0
포천시 - 자동차 천대당 교통사고발생건수＜br＞(A÷B×1000),Statistics,14.4,14.3,11.9,13.1,12.0,9.5,9.4,9.9,9.6,10.3,8.6,8.7,8.2,8.7,7.7,8.3,7.7,6.0,5.6
포천시 - 자동차등록대수＜br＞(B),Statistics,62561.0,65437.0,69330.0,71428.0,74786.0,78201.0,80446.0,81219.0,83316.0,86351.0,89177.0,90350.0,92189.0,93099.0,95439.0,98345.0,99270.0,99820.0,100306.0
포항시 - 교통사고발생건수＜br＞(A),Statistics,2977.0,2643.0,2600.0,2638.0,2622.0,2374.0,2531.0,2515.0,2544.0,2541.0,2407.0,2197.0,2370.0,2383.0,2147.0,2127.0,1857.0,2158.0,2159.0
포항시 - 자동차 천대당 교통사고발생건수＜br＞(A÷B×1000),Statistics,15.6,13.4,13.0,12.7,12.2,10.8,11.2,10.9,10.7,10.4,9.6,8.5,9.0,8.9,7.9,7.7,6.7,7.6,7.5
포항시 - 자동차등록대수＜br＞(B),Statistics,191086.0,196566.0,200227.0,207558.0,214377.0,220091.0,225261.0,230915.0,237705.0,245447.0,251935.0,257335.0,262141.0,266425.0,271960.0,277277.0,278697.0,284648.0,288997.0
하남시 - 교통사고발생건수＜br＞(A),Statistics,424.0,433.0,478.0,572.0,577.0,549.0,524.0,477.0,600.0,669.0,653.0,615.0,798.0,872.0,933.0,918.0,918.0,978.0,944.0
하남시 - 자동차 천대당 교통사고발생건수＜br＞(A÷B×1000),Statistics,9.7,9.5,9.8,11.0,10.9,10.2,9.7,8.7,10.4,10.1,7.8,6.5,7.6,7.7,7.5,6.7,6.5,6.8,6.5
하남시 - 자동차등록대수＜br＞(B),Statistics,43887.0,45799.0,48989.0,51821.0,53021.0,54062.0,54154.0,54792.0,57840.0,66238.0,83957.0,94178.0,104542.0,113743.0,124309.0,136750.0,141362.0,144590.0,145549.0
하동군 - 교통사고발생건수＜br＞(A),Statistics,191.0,158.0,174.0,199.0,181.0,190.0,190.0,189.0,165.0,177.0,130.0,137.0,124.0,116.0,90.0,88.0,116.0,104.0,143.0
하동군 - 자동차 천대당 교통사고발생건수＜br＞(A÷B×1000),Statistics,11.3,8.8,9.6,10.6,9.4,9.2,9.2,8.9,7.6,7.7,5.5,5.6,5.1,4.7,3.7,3.6,4.7,4.1,5.6
하동군 - 자동차등록대수＜br＞(B),Statistics,16829.0,17924.0,18202.0,18773.0,19311.0,20751.0,20579.0,21172.0,21672.0,22954.0,23699.0,24315.0,24521.0,24829.0,24640.0,24662.0,24871.0,25097.0,25317.0
함안군 - 교통사고발생건수＜br＞(A),Statistics,388.0,355.0,396.0,350.0,380.0,366.0,331.0,298.0,327.0,307.0,224.0,235.0,232.0,270.0,254.0,232.0,223.0,237.0,282.0
함안군 - 자동차 천대당 교통사고발생건수＜br＞(A÷B×1000),Statistics,15.0,13.1,13.8,11.8,12.3,9.4,7.6,6.1,6.5,6.2,4.4,4.6,4.4,5.1,4.2,3.6,2.9,2.9,4.2
함안군 - 자동차등록대수＜br＞(B),Statistics,25882.0,27184.0,28597.0,29713.0,30783.0,39011.0,43468.0,48825.0,50534.0,49326.0,50670.0,50986.0,52278.0,53360.0,59904.0,65105.0,75988.0,80756.0,67771.0
함양군 - 교통사고발생건수＜br＞(A),Statistics,157.0,136.0,189.0,169.0,162.0,192.0,174.0,174.0,148.0,142.0,149.0,143.0,138.0,155.0,130.0,137.0,154.0,152.0,143.0
함양군 - 자동차 천대당 교통사고발생건수＜br＞(A÷B×1000),Statistics,13.4,11.1,12.7,10.5,9.2,9.5,6.4,5.8,5.4,7.0,8.0,7.5,7.2,8.0,6.5,6.8,7.4,7.2,3.7
함양군 - 자동차등록대수＜br＞(B),Statistics,11687.0,12302.0,14893.0,16036.0,17572.0,20262.0,27361.0,30243.0,27438.0,20230.0,18607.0,18961.0,19221.0,19473.0,19918.0,20204.0,20757.0,21128.0,38237.0
함평군 - 교통사고발생건수＜br＞(A),Statistics,226.0,177.0,172.0,166.0,156.0,171.0,150.0,155.0,157.0,143.0,136.0,146.0,166.0,148.0,148.0,152.0,119.0,149.0,111.0
함평군 - 자동차 천대당 교통사고발생건수＜br＞(A÷B×1000),Statistics,19.6,13.8,13.3,12.6,11.4,12.1,10.4,10.2,10.0,8.8,8.2,8.3,5.9,3.3,3.2,3.1,2.7,5.2,4.3
함평군 - 자동차등록대수＜br＞(B),Statistics,11505.0,12837.0,12922.0,13197.0,13642.0,14127.0,14488.0,15141.0,15748.0,16213.0,16660.0,17594.0,28250.0,45489.0,46378.0,49250.0,43710.0,28525.0,25629.0
합천군 - 교통사고발생건수＜br＞(A),Statistics,154.0,149.0,138.0,169.0,154.0,141.0,186.0,169.0,129.0,148.0,139.0,147.0,151.0,152.0,164.0,121.0,123.0,144.0,139.0
합천군 - 자동차 천대당 교통사고발생건수＜br＞(A÷B×1000),Statistics,9.4,8.7,7.9,9.3,8.3,7.4,9.4,8.2,6.0,6.8,6.1,6.4,6.5,6.4,6.8,5.0,4.9,5.7,5.4
합천군 - 자동차등록대수＜br＞(B),Statistics,16417.0,17149.0,17547.0,18176.0,18485.0,19122.0,19762.0,20487.0,21365.0,21908.0,22762.0,22857.0,23218.0,23618.0,23965.0,24403.0,24930.0,25360.0,25689.0
해남군 - 교통사고발생건수＜br＞(A),Statistics,375.0,400.0,355.0,390.0,357.0,352.0,337.0,347.0,308.0,342.0,349.0,341.0,316.0,379.0,250.0,255.0,265.0,232.0,247.0
해남군 - 자동차 천대당 교통사고발생건수＜br＞(A÷B×1000),Statistics,14.1,14.6,12.7,13.4,11.8,11.4,10.5,10.5,9.1,9.7,9.5,9.1,8.2,9.7,5.9,3.3,2.3,1.9,1.9
해남군 - 자동차등록대수＜br＞(B),Statistics,26684.0,27427.0,27999.0,29200.0,30208.0,30994.0,31999.0,32900.0,33967.0,35404.0,36598.0,37658.0,38437.0,39023.0,42523.0,77051.0,116011.0,124528.0,131857.0
해운대구 - 교통사고발생건수＜br＞(A),Statistics,1043.0,702.0,921.0,1174.0,1125.0,1155.0,1515.0,1123.0,1217.0,1113.0,1100.0,894.0,886.0,892.0,777.0,821.0,686.0,681.0,674.0
해운대구 - 자동차 천대당 교통사고발생건수＜br＞(A÷B×1000),Statistics,8.5,5.6,7.2,9.0,8.4,8.4,10.4,7.6,8.0,7.1,6.8,5.4,5.0,5.0,4.4,4.5,3.7,3.8,4.1
해운대구 - 자동차등록대수＜br＞(B),Statistics,122151.0,125521.0,127396.0,130715.0,134114.0,137017.0,145524.0,148685.0,152785.0,157462.0,161567.0,164904.0,178529.0,176728.0,177601.0,182830.0,183046.0,180429.0,163698.0
홍성군 - 교통사고발생건수＜br＞(A),Statistics,401.0,425.0,408.0,392.0,383.0,324.0,269.0,402.0,399.0,421.0,346.0,322.0,284.0,300.0,279.0,218.0,219.0,205.0,283.0
홍성군 - 자동차 천대당 교통사고발생건수＜br＞(A÷B×1000),Statistics,12.9,13.2,12.4,11.5,10.9,8.9,7.2,10.3,9.7,9.5,7.1,6.3,5.5,5.6,5.1,3.9,3.9,3.6,4.8
홍성군 - 자동차등록대수＜br＞(B),Statistics,31117.0,32252.0,32933.0,34211.0,35292.0,36212.0,37360.0,39021.0,41128.0,44228.0,48530.0,50871.0,52069.0,53281.0,54452.0,55217.0,55924.0,57154.0,59178.0
홍천군 - 교통사고발생건수＜br＞(A),Statistics,411.0,415.0,376.0,365.0,317.0,326.0,339.0,332.0,315.0,281.0,334.0,325.0,301.0,329.0,316.0,309.0,243.0,197.0,182.0
홍천군 - 자동차 천대당 교통사고발생건수＜br＞(A÷B×1000),Statistics,16.0,15.5,13.6,12.8,10.8,10.7,10.9,10.3,9.5,8.2,9.3,8.7,7.8,8.5,7.8,7.6,5.8,4.6,4.2
홍천군 - 자동차등록대수＜br＞(B),Statistics,25637.0,26693.0,27662.0,28579.0,29440.0,30426.0,31102.0,32085.0,33070.0,34390.0,36016.0,37505.0,38458.0,38826.0,40260.0,40777.0,41676.0,42407.0,42855.0
화성시 - 교통사고발생건수＜br＞(A),Statistics,1436.0,1558.0,1623.0,1836.0,1969.0,1849.0,1856.0,1732.0,1988.0,2209.0,2190.0,2432.0,2399.0,2665.0,2534.0,2595.0,2744.0,2867.0,3121.0
화성시 - 자동차 천대당 교통사고발생건수＜br＞(A÷B×1000),Statistics,10.7,9.7,8.6,8.8,8.9,8.1,7.9,7.1,7.8,7.7,6.9,6.9,6.1,6.2,5.6,5.4,5.5,5.4,5.7
화성시 - 자동차등록대수＜br＞(B),Statistics,133927.0,161011.0,188009.0,208661.0,220067.0,229640.0,236431.0,243463.0,255078.0,288458.0,318430.0,351861.0,392584.0,426423.0,455136.0,480149.0,502830.0,529610.0,549396.0
화순군 - 교통사고발생건수＜br＞(A),Statistics,320.0,265.0,312.0,331.0,351.0,313.0,295.0,306.0,257.0,291.0,236.0,248.0,255.0,271.0,266.0,270.0,215.0,236.0,207.0
화순군 - 자동차 천대당 교통사고발생건수＜br＞(A÷B×1000),Statistics,12.8,10.4,12.1,12.4,13.0,11.3,10.5,10.6,8.7,9.4,7.4,7.6,7.7,8.1,7.7,7.6,5.9,6.4,5.6
화순군 - 자동차등록대수＜br＞(B),Statistics,24903.0,25399.0,25744.0,26638.0,27097.0,27584.0,28196.0,28977.0,29693.0,30836.0,31751.0,32624.0,33329.0,33473.0,34736.0,35619.0,36295.0,36824.0,37180.0
화천군 - 교통사고발생건수＜br＞(A),Statistics,63.0,67.0,68.0,91.0,79.0,101.0,87.0,68.0,68.0,58.0,74.0,72.0,78.0,91.0,106.0,84.0,78.0,75.0,102.0
화천군 - 자동차 천대당 교통사고발생건수＜br＞(A÷B×1000),Statistics,8.1,8.5,8.3,10.6,8.9,10.8,8.9,6.7,6.2,5.1,6.3,5.8,6.1,7.0,7.9,6.2,5.7,5.5,7.3
화천군 - 자동차등록대수＜br＞(B),Statistics,7756.0,7866.0,8183.0,8576.0,8907.0,9379.0,9824.0,10198.0,10901.0,11306.0,11823.0,12309.0,12687.0,13010.0,13389.0,13597.0,13568.0,13737.0,14022.0
횡성군 - 교통사고발생건수＜br＞(A),Statistics,219.0,223.0,202.0,226.0,192.0,176.0,168.0,210.0,172.0,221.0,232.0,163.0,165.0,186.0,198.0,185.0,142.0,163.0,147.0
횡성군 - 자동차 천대당 교통사고발생건수＜br＞(A÷B×1000),Statistics,13.8,13.5,11.8,12.5,10.3,9.2,8.4,10.1,7.9,9.7,9.7,6.6,6.4,7.0,7.2,6.6,4.9,5.4,4.9
횡성군 - 자동차등록대수＜br＞(B),Statistics,15854.0,16521.0,17107.0,18042.0,18606.0,19189.0,19971.0,20801.0,21718.0,22805.0,23820.0,24819.0,25740.0,26432.0,27441.0,28174.0,29065.0,29949.0,30274.0
