item,category,2004,2005,2006,2007,2008,2009,2010,2011,2012,2013,2014,2015,2016,2017,2018,2019,2020,2021,2022,2023,2024
가평군 - 1인당 자동차등록대수＜br＞(A÷B),Statistics,0.3,0.3,0.3,0.4,0.4,0.4,0.4,0.4,0.4,0.4,0.4,0.4,0.5,0.5,0.5,0.5,0.5,0.5,0.5,0.5,0.6
가평군 - 자동차등록대수＜br＞(A),Statistics,17558.0,18133.0,18913.0,19791.0,21150.0,21876.0,22687.0,23408.0,24351.0,24957.0,25749.0,27063.0,28448.0,29426.0,30414.0,30759.0,31540.0,32423.0,33293.0,34070.0,34587.0
가평군 - 주민등록인구＜br＞(B),Statistics,54845.0,54861.0,54855.0,55698.0,57108.0,57564.0,58890.0,59358.0,60794.0,61017.0,61213.0,62008.0,62448.0,62973.0,62918.0,62415.0,62377.0,62264.0,62150.0,62302.0,62527.0
강남구 - 1인당 자동차등록대수＜br＞(A÷B),Statistics,0.4,0.4,0.4,0.4,0.4,0.4,0.4,0.4,0.4,0.4,0.4,0.4,0.4,0.4,0.4,0.4,0.4,0.4,0.5,0.5,0.5
강남구 - 자동차등록대수＜br＞(A),Statistics,221950.0,229424.0,237278.0,242890.0,243965.0,245031.0,254098.0,246455.0,237373.0,235143.0,240693.0,244787.0,242348.0,238311.0,235314.0,235415.0,236216.0,239643.0,248320.0,253856.0,254871.0
강남구 - 주민등록인구＜br＞(B),Statistics,531517.0,540909.0,556964.0,560958.0,557832.0,562138.0,570095.0,565710.0,564197.0,563599.0,578114.0,576495.0,567115.0,556164.0,542364.0,545169.0,539231.0,533042.0,529102.0,544873.0,557345.0
강동구 - 1인당 자동차등록대수＜br＞(A÷B),Statistics,0.3,0.3,0.3,0.3,0.3,0.3,0.3,0.3,0.3,0.3,0.3,0.3,0.3,0.3,0.3,0.3,0.3,0.3,0.3,0.3,0.3
강동구 - 자동차등록대수＜br＞(A),Statistics,128155.0,127229.0,127814.0,129205.0,130144.0,137037.0,139536.0,142150.0,139876.0,139728.0,139920.0,137662.0,136210.0,136558.0,135420.0,139549.0,149866.0,152178.0,153186.0,154020.0,160983.0
강동구 - 주민등록인구＜br＞(B),Statistics,471145.0,464059.0,461760.0,464546.0,469024.0,484745.0,491871.0,495138.0,487905.0,483379.0,476597.0,458658.0,444168.0,436223.0,427573.0,436067.0,459970.0,462664.0,460067.0,459167.0,476942.0
강릉시 - 1인당 자동차등록대수＜br＞(A÷B),Statistics,0.4,0.4,0.4,0.4,0.4,0.4,0.4,0.4,0.4,0.4,0.4,0.5,0.5,0.5,0.5,0.5,0.5,0.5,0.6,0.6,0.6
강릉시 - 자동차등록대수＜br＞(A),Statistics,81148.0,81785.0,82887.0,84457.0,85173.0,87081.0,89027.0,90246.0,91581.0,93252.0,95579.0,98432.0,101698.0,104693.0,106929.0,109166.0,112396.0,115046.0,117792.0,119692.0,120690.0
강릉시 - 주민등록인구＜br＞(B),Statistics,227259.0,224391.0,222016.0,220484.0,218399.0,217464.0,218503.0,217571.0,217741.0,216806.0,215807.0,214560.0,213846.0,213952.0,212957.0,213442.0,213321.0,212965.0,211381.0,209439.0,207731.0
강북구 - 1인당 자동차등록대수＜br＞(A÷B),Statistics,0.2,0.2,0.2,0.2,0.2,0.2,0.2,0.2,0.2,0.2,0.2,0.2,0.2,0.2,0.2,0.2,0.2,0.3,0.3,0.3,0.3
강북구 - 자동차등록대수＜br＞(A),Statistics,73459.0,72005.0,71992.0,71675.0,71402.0,71940.0,73805.0,74135.0,74722.0,74397.0,74554.0,75760.0,76844.0,77820.0,77365.0,76364.0,75679.0,75337.0,75180.0,74549.0,73728.0
강북구 - 주민등록인구＜br＞(B),Statistics,360525.0,353260.0,348990.0,345478.0,342274.0,340367.0,346520.0,345054.0,343157.0,338707.0,335025.0,330873.0,327195.0,324479.0,319164.0,313954.0,308055.0,299182.0,293660.0,288113.0,283597.0
강서구 - 1인당 자동차등록대수＜br＞(A÷B),Statistics,0.3,0.3,0.3,0.3,0.3,0.3,0.3,0.3,0.3,0.3,0.3,0.3,0.3,0.3,0.3,0.3,0.4,0.4,0.4,0.4,0.4
강서구 - 자동차등록대수＜br＞(A),Statistics,150614.0,158055.0,162512.0,166896.0,172385.0,175261.0,180998.0,179155.0,176671.0,175911.0,185303.0,191072.0,196164.0,202063.0,204466.0,204675.0,205054.0,205058.0,207536.0,205821.0,203720.0
강서구 - 주민등록인구＜br＞(B),Statistics,541671.0,553660.0,554945.0,560424.0,576848.0,572836.0,574127.0,569072.0,567431.0,569070.0,585160.0,589074.0,595485.0,601691.0,596949.0,591796.0,580185.0,574315.0,569166.0,563058.0,556171.0
강원특별자치도 - 1인당 자동차등록대수＜br＞(A÷B),Statistics,0.3,0.3,0.4,0.4,0.4,0.4,0.4,0.4,0.4,0.4,0.4,0.4,0.5,0.5,0.5,0.5,0.5,0.5,0.6,0.6,0.6
강원특별자치도 - 자동차등록대수＜br＞(A),Statistics,513777.0,526126.0,539520.0,555496.0,568213.0,587707.0,606742.0,620463.0,630860.0,646532.0,667144.0,694040.0,722333.0,745959.0,766374.0,782700.0,809099.0,828146.0,851553.0,866640.0,874655.0
강원특별자치도 - 주민등록인구＜br＞(B),Statistics,1521375.0,1513110.0,1505420.0,1503806.0,1508575.0,1512870.0,1529818.0,1536448.0,1538630.0,1542263.0,1544442.0,1549507.0,1550806.0,1550142.0,1543052.0,1541502.0,1542840.0,1538492.0,1536498.0,1527807.0,1517766.0
강진군 - 1인당 자동차등록대수＜br＞(A÷B),Statistics,0.3,0.3,0.3,0.3,0.3,0.3,0.4,0.4,0.4,0.4,0.4,0.5,0.5,0.5,0.5,0.6,0.6,0.6,0.6,0.6,0.6
강진군 - 자동차등록대수＜br＞(A),Statistics,11431.0,12069.0,12801.0,13135.0,13436.0,14154.0,14920.0,15678.0,16074.0,16702.0,17341.0,17770.0,18223.0,18799.0,19205.0,19417.0,19828.0,19905.0,20344.0,20694.0,20850.0
강진군 - 주민등록인구＜br＞(B),Statistics,43550.0,42696.0,41938.0,41352.0,41153.0,41164.0,41624.0,41599.0,40241.0,40079.0,39861.0,38758.0,37753.0,36868.0,36144.0,35286.0,34597.0,33753.0,33177.0,32722.0,32189.0
강화군 - 1인당 자동차등록대수＜br＞(A÷B),Statistics,0.3,0.3,0.4,0.4,0.4,0.4,0.4,0.4,0.4,0.4,0.4,0.5,0.5,0.5,0.5,1.2,1.1,0.8,0.7,0.8,0.7
강화군 - 자동차등록대수＜br＞(A),Statistics,21968.0,22805.0,23334.0,23981.0,25107.0,25988.0,26566.0,27163.0,27543.0,28162.0,29128.0,31529.0,33337.0,34429.0,34239.0,83721.0,73836.0,52791.0,46248.0,53160.0,46846.0
강화군 - 주민등록인구＜br＞(B),Statistics,65114.0,65389.0,65510.0,66466.0,67387.0,67049.0,67104.0,66779.0,66752.0,66735.0,67118.0,67667.0,68010.0,68754.0,68896.0,69178.0,69203.0,69693.0,69803.0,69005.0,69402.0
거제시 - 1인당 자동차등록대수＜br＞(A÷B),Statistics,0.3,0.3,0.3,0.3,0.3,0.3,0.4,0.4,0.4,0.4,0.4,0.4,0.4,0.4,0.4,0.4,0.4,0.5,0.5,0.5,0.5
거제시 - 자동차등록대수＜br＞(A),Statistics,58687.0,62094.0,65294.0,68741.0,72927.0,77619.0,80386.0,84217.0,87615.0,92056.0,97500.0,102977.0,105287.0,105258.0,105341.0,106333.0,108296.0,109084.0,110322.0,111968.0,114112.0
거제시 - 주민등록인구＜br＞(B),Statistics,190141.0,195609.0,201412.0,208208.0,217211.0,225522.0,228355.0,232787.0,236944.0,242077.0,248287.0,255828.0,257183.0,254073.0,250516.0,248276.0,245754.0,241216.0,236662.0,234038.0,232972.0
거창군 - 1인당 자동차등록대수＜br＞(A÷B),Statistics,0.3,0.3,0.3,0.3,0.3,0.4,0.4,0.4,0.4,0.4,0.4,0.5,0.5,0.5,0.5,0.5,0.5,0.6,0.6,0.6,0.6
거창군 - 자동차등록대수＜br＞(A),Statistics,19239.0,19865.0,20583.0,21239.0,21702.0,22670.0,23488.0,24324.0,25190.0,26207.0,27355.0,28758.0,29908.0,30739.0,31671.0,32265.0,32974.0,33763.0,34583.0,35549.0,36118.0
거창군 - 주민등록인구＜br＞(B),Statistics,65615.0,64735.0,63917.0,63979.0,63268.0,63180.0,63421.0,63146.0,63103.0,63177.0,63137.0,63232.0,63308.0,62763.0,62455.0,62179.0,61502.0,61073.0,60387.0,60047.0,59588.0
경기 여주군 - 1인당 자동차등록대수＜br＞(A÷B),Statistics,0.4,0.4,0.5,0.5,0.5,0.5,0.5,0.5,0.5,,,,,,,,,,,,
경기 여주군 - 자동차등록대수＜br＞(A),Statistics,44317.0,45766.0,48184.0,50142.0,51201.0,52893.0,54221.0,55273.0,56146.0,,,,,,,,,,,,
경기 여주군 - 주민등록인구＜br＞(B),Statistics,103976.0,104260.0,105022.0,106926.0,107355.0,108088.0,109250.0,109120.0,109550.0,,,,,,,,,,,,
경기도 - 1인당 자동차등록대수＜br＞(A÷B),Statistics,0.3,0.3,0.3,0.3,0.3,0.4,0.4,0.4,0.4,0.4,0.4,0.4,0.4,0.4,0.4,0.4,0.4,0.5,0.5,0.5,0.5
경기도 - 자동차등록대수＜br＞(A),Statistics,3358474.0,3505759.0,3651142.0,3792395.0,3888856.0,4014392.0,4189151.0,4303774.0,4402396.0,4525170.0,4694527.0,4917091.0,5160921.0,5386022.0,5617611.0,5765692.0,6004126.0,6204452.0,6378632.0,6525098.0,6645518.0
경기도 - 주민등록인구＜br＞(B),Statistics,10462920.0,10697215.0,10906033.0,11106211.0,11292264.0,11460610.0,11786622.0,11937415.0,12093299.0,12234630.0,12357830.0,12522606.0,12716780.0,12873895.0,13077153.0,13239666.0,13427014.0,13565450.0,13589432.0,13630821.0,13694685.0
경남 마산시 - 1인당 자동차등록대수＜br＞(A÷B),Statistics,0.3,0.3,0.3,0.4,0.4,0.4,,,,,,,,,,,,,,,
경남 마산시 - 자동차등록대수＜br＞(A),Statistics,133686.0,138242.0,144864.0,150141.0,156283.0,160214.0,,,,,,,,,,,,,,,
경남 마산시 - 주민등록인구＜br＞(B),Statistics,427248.0,425018.0,421783.0,415805.0,411078.0,406307.0,,,,,,,,,,,,,,,
경남 진해시 - 1인당 자동차등록대수＜br＞(A÷B),Statistics,0.3,0.3,0.3,0.3,0.3,0.4,,,,,,,,,,,,,,,
경남 진해시 - 자동차등록대수＜br＞(A),Statistics,46564.0,50400.0,53305.0,55417.0,58250.0,60902.0,,,,,,,,,,,,,,,
경남 진해시 - 주민등록인구＜br＞(B),Statistics,151393.0,156992.0,161175.0,163108.0,168696.0,171407.0,,,,,,,,,,,,,,,
경남 창원시 - 1인당 자동차등록대수＜br＞(A÷B),Statistics,0.4,0.4,0.4,0.5,0.5,0.5,,,,,,,,,,,,,,,
경남 창원시 - 자동차등록대수＜br＞(A),Statistics,182457.0,199543.0,223750.0,244529.0,265016.0,273816.0,,,,,,,,,,,,,,,
경남 창원시 - 주민등록인구＜br＞(B),Statistics,507161.0,504520.0,503881.0,503930.0,503518.0,502727.0,,,,,,,,,,,,,,,
경산시 - 1인당 자동차등록대수＜br＞(A÷B),Statistics,0.4,0.4,0.4,0.4,0.4,0.4,0.4,0.4,0.4,0.4,0.5,0.5,0.5,0.5,0.5,0.5,0.5,0.5,0.5,0.6,0.6
경산시 - 자동차등록대수＜br＞(A),Statistics,80680.0,85186.0,90410.0,93044.0,93994.0,96178.0,99757.0,103523.0,106865.0,111096.0,117314.0,123227.0,128333.0,132614.0,135884.0,138916.0,141274.0,144500.0,146548.0,148406.0,150322.0
경산시 - 주민등록인구＜br＞(B),Statistics,219579.0,227766.0,234839.0,236881.0,237423.0,236459.0,240708.0,243684.0,246358.0,248805.0,253968.0,256888.0,258037.0,259485.0,261093.0,263185.0,263728.0,268369.0,267725.0,266205.0,266398.0
경상남도 - 1인당 자동차등록대수＜br＞(A÷B),Statistics,0.3,0.3,0.4,0.4,0.4,0.4,0.4,0.4,0.4,0.4,0.5,0.5,0.5,0.5,0.5,0.5,0.5,0.6,0.6,0.6,0.6
경상남도 - 자동차등록대수＜br＞(A),Statistics,1017801.0,1070316.0,1131088.0,1191420.0,1250129.0,1303680.0,1376820.0,1444721.0,1470733.0,1490651.0,1512207.0,1564192.0,1625244.0,1667809.0,1694448.0,1721503.0,1787867.0,1832049.0,1896515.0,1943849.0,1982320.0
경상남도 - 주민등록인구＜br＞(B),Statistics,3143814.0,3160431.0,3172857.0,3196953.0,3225255.0,3250176.0,3290536.0,3308765.0,3319314.0,3333820.0,3350257.0,3364702.0,3373871.0,3380404.0,3373988.0,3362553.0,3340216.0,3314183.0,3280493.0,3251158.0,3228380.0
경상북도 - 1인당 자동차등록대수＜br＞(A÷B),Statistics,0.3,0.4,0.4,0.4,0.4,0.4,0.4,0.4,0.4,0.4,0.5,0.5,0.5,0.5,0.5,0.5,0.6,0.6,0.6,0.6,0.6
경상북도 - 자동차등록대수＜br＞(A),Statistics,914954.0,949941.0,984265.0,1013833.0,1032280.0,1067507.0,1106316.0,1142737.0,1172860.0,1210986.0,1255903.0,1307495.0,1353654.0,1392151.0,1422157.0,1446262.0,1475389.0,1499200.0,1523914.0,1533863.0,1552384.0
경상북도 - 주민등록인구＜br＞(B),Statistics,2695917.0,2688491.0,2688577.0,2681364.0,2673931.0,2669876.0,2689920.0,2699195.0,2698353.0,2699440.0,2700794.0,2702826.0,2700398.0,2691706.0,2676831.0,2665836.0,2639422.0,2626609.0,2600492.0,2554324.0,2531384.0
경주시 - 1인당 자동차등록대수＜br＞(A÷B),Statistics,0.3,0.4,0.4,0.4,0.4,0.4,0.4,0.4,0.4,0.5,0.5,0.5,0.5,0.5,0.5,0.6,0.6,0.6,0.6,0.6,0.6
경주시 - 자동차등록대수＜br＞(A),Statistics,96697.0,99240.0,102266.0,105409.0,106980.0,109613.0,112341.0,115106.0,117818.0,121393.0,125464.0,130229.0,134852.0,137984.0,141075.0,142880.0,145520.0,147721.0,150532.0,153067.0,154911.0
경주시 - 주민등록인구＜br＞(B),Statistics,277870.0,275087.0,273419.0,272206.0,269343.0,267466.0,267098.0,265488.0,264091.0,263283.0,261535.0,259773.0,259452.0,257903.0,256864.0,255402.0,253502.0,251889.0,249607.0,247489.0,244769.0
계룡시 - 1인당 자동차등록대수＜br＞(A÷B),Statistics,0.4,0.4,0.4,0.4,0.4,0.4,0.4,0.4,0.4,0.4,0.4,0.5,0.5,0.5,0.5,0.5,0.5,0.5,0.6,0.6,0.6
계룡시 - 자동차등록대수＜br＞(A),Statistics,10949.0,12214.0,13329.0,13935.0,15533.0,16631.0,17236.0,17467.0,17253.0,17439.0,17715.0,18928.0,19898.0,21227.0,21629.0,21887.0,22646.0,23470.0,24957.0,26825.0,27119.0
계룡시 - 주민등록인구＜br＞(B),Statistics,31174.0,34370.0,36846.0,37775.0,41411.0,42760.0,43088.0,42942.0,41550.0,40957.0,40552.0,41730.0,42634.0,43967.0,43731.0,42971.0,42822.0,43331.0,44475.0,46667.0,46540.0
계양구 - 1인당 자동차등록대수＜br＞(A÷B),Statistics,0.3,0.3,0.3,0.3,0.3,0.3,0.3,0.4,0.4,0.5,0.6,0.7,0.8,0.8,0.9,1.0,1.1,1.0,1.0,0.9,1.0
계양구 - 자동차등록대수＜br＞(A),Statistics,96929.0,97124.0,100159.0,102005.0,102695.0,105691.0,108244.0,121786.0,142846.0,176224.0,207829.0,229386.0,252121.0,273157.0,288621.0,308384.0,320579.0,302708.0,275054.0,265833.0,270749.0
계양구 - 주민등록인구＜br＞(B),Statistics,337103.0,335435.0,342335.0,342564.0,342299.0,344039.0,347810.0,344299.0,342202.0,343806.0,339538.0,334332.0,330284.0,323784.0,312680.0,303471.0,296750.0,295696.0,288856.0,280266.0,280227.0
고령군 - 1인당 자동차등록대수＜br＞(A÷B),Statistics,0.4,0.4,0.4,0.4,0.4,0.5,0.5,0.5,0.5,0.5,0.5,0.6,0.6,0.6,0.6,0.6,0.7,0.7,0.7,0.7,0.8
고령군 - 자동차등록대수＜br＞(A),Statistics,13551.0,14021.0,14721.0,15093.0,15458.0,15941.0,16447.0,17353.0,17939.0,18337.0,19137.0,19824.0,20404.0,20680.0,20829.0,20882.0,21202.0,21319.0,21809.0,22254.0,22792.0
고령군 - 주민등록인구＜br＞(B),Statistics,34522.0,34271.0,34777.0,34907.0,34770.0,34535.0,34678.0,35455.0,35343.0,35198.0,35033.0,34594.0,34257.0,33768.0,32969.0,32373.0,31361.0,30626.0,30353.0,30139.0,30062.0
고성군 - 1인당 자동차등록대수＜br＞(A÷B),Statistics,0.3,0.3,0.3,0.3,0.3,0.4,0.4,0.4,0.4,0.4,0.4,0.4,0.5,0.5,0.5,0.5,0.5,0.6,0.6,0.6,0.6
고성군 - 자동차등록대수＜br＞(A),Statistics,9769.0,9943.0,10010.0,10208.0,10516.0,10979.0,11334.0,11465.0,11697.0,11881.0,12349.0,12896.0,13575.0,14076.0,14036.0,14217.0,14671.0,15455.0,16187.0,16607.0,16846.0
고성군 - 주민등록인구＜br＞(B),Statistics,32361.0,31964.0,31285.0,30383.0,30172.0,30272.0,30112.0,30057.0,30124.0,30398.0,30269.0,30060.0,30114.0,30029.0,28144.0,27260.0,26757.0,27249.0,27274.0,27305.0,26999.0
고양시 - 1인당 자동차등록대수＜br＞(A÷B),Statistics,0.3,0.3,0.3,0.3,0.3,0.3,0.3,0.3,0.3,0.3,0.3,0.4,0.4,0.4,0.4,0.4,0.4,0.4,0.4,0.4,0.4
고양시 - 자동차등록대수＜br＞(A),Statistics,277385.0,286835.0,293222.0,302419.0,309490.0,315013.0,319687.0,325661.0,328879.0,339309.0,351413.0,368404.0,384526.0,396101.0,406289.0,418739.0,432592.0,441983.0,452846.0,461498.0,463886.0
고양시 - 주민등록인구＜br＞(B),Statistics,886000.0,904077.0,910206.0,924839.0,938831.0,938784.0,950115.0,961239.0,969916.0,990571.0,1006154.0,1027546.0,1039684.0,1041983.0,1044189.0,1066351.0,1079216.0,1079353.0,1076535.0,1074907.0,1070120.0
고창군 - 1인당 자동차등록대수＜br＞(A÷B),Statistics,0.3,0.3,0.3,0.3,0.4,0.4,0.4,0.4,0.4,0.4,0.4,0.5,0.5,0.5,0.5,0.6,0.6,0.6,0.6,0.6,0.7
고창군 - 자동차등록대수＜br＞(A),Statistics,18447.0,19039.0,19855.0,20542.0,21194.0,22332.0,23554.0,24273.0,25193.0,26202.0,26827.0,28052.0,29309.0,30356.0,30409.0,30542.0,31167.0,31566.0,32025.0,32762.0,33162.0
고창군 - 주민등록인구＜br＞(B),Statistics,65203.0,63676.0,62030.0,60962.0,60328.0,60102.0,60861.0,60065.0,60440.0,60522.0,60090.0,60046.0,60597.0,60472.0,57041.0,55504.0,54529.0,53386.0,52338.0,51750.0,50982.0
고흥군 - 1인당 자동차등록대수＜br＞(A÷B),Statistics,0.2,0.2,0.3,0.3,0.3,0.3,0.3,0.3,0.4,0.4,0.4,0.4,0.4,0.4,0.5,0.5,0.5,0.5,0.6,0.6,0.6
고흥군 - 자동차등록대수＜br＞(A),Statistics,19827.0,20477.0,21145.0,21571.0,22256.0,23298.0,23863.0,24682.0,25445.0,26217.0,27051.0,28145.0,29130.0,29998.0,30971.0,31675.0,32727.0,33340.0,34153.0,35047.0,35730.0
고흥군 - 주민등록인구＜br＞(B),Statistics,86747.0,83830.0,81068.0,78589.0,76605.0,75127.0,73924.0,72607.0,71560.0,70631.0,69641.0,68601.0,67656.0,66736.0,65777.0,64913.0,63922.0,62762.0,61880.0,61113.0,60190.0
곡성군 - 1인당 자동차등록대수＜br＞(A÷B),Statistics,0.3,0.3,0.3,0.3,0.3,0.3,0.4,0.4,0.4,0.4,0.4,0.5,0.5,0.5,0.5,0.5,0.6,0.6,0.6,0.6,0.6
곡성군 - 자동차등록대수＜br＞(A),Statistics,9125.0,9567.0,10094.0,10364.0,10685.0,10924.0,11348.0,11712.0,12206.0,12784.0,13314.0,14016.0,14702.0,14939.0,15124.0,15160.0,15537.0,15887.0,16199.0,16681.0,16974.0
곡성군 - 주민등록인구＜br＞(B),Statistics,34396.0,34157.0,33631.0,33311.0,32608.0,32084.0,31886.0,31332.0,30878.0,31009.0,30732.0,30672.0,30400.0,30131.0,29624.0,28887.0,28039.0,27535.0,27060.0,26905.0,26566.0
공주시 - 1인당 자동차등록대수＜br＞(A÷B),Statistics,0.3,0.3,0.3,0.4,0.4,0.4,0.4,0.4,0.4,0.4,0.4,0.5,0.5,0.5,0.5,0.5,0.5,0.6,0.6,0.6,0.6
공주시 - 자동차등록대수＜br＞(A),Statistics,40731.0,42299.0,43796.0,45154.0,45994.0,47593.0,49534.0,51100.0,48776.0,49914.0,50213.0,51207.0,52504.0,53448.0,54874.0,55520.0,56648.0,57373.0,58802.0,59768.0,59972.0
공주시 - 주민등록인구＜br＞(B),Statistics,130280.0,129489.0,128330.0,126612.0,125143.0,124172.0,124930.0,124748.0,117298.0,116369.0,113621.0,111261.0,109931.0,108432.0,107581.0,106474.0,104545.0,103145.0,102571.0,102104.0,101285.0
과천시 - 1인당 자동차등록대수＜br＞(A÷B),Statistics,0.3,0.3,0.3,0.3,0.3,0.3,0.3,0.3,0.3,0.3,0.3,0.3,0.4,0.4,0.4,0.4,0.4,0.4,0.4,0.4,0.4
과천시 - 자동차등록대수＜br＞(A),Statistics,20011.0,18382.0,18388.0,19272.0,21470.0,22668.0,22602.0,22907.0,22757.0,22795.0,22957.0,23312.0,22351.0,21065.0,21688.0,22109.0,24409.0,28528.0,30963.0,32689.0,35041.0
과천시 - 주민등록인구＜br＞(B),Statistics,68333.0,60956.0,60482.0,62291.0,69477.0,72049.0,72279.0,71955.0,71068.0,70578.0,70156.0,68946.0,63778.0,57527.0,58142.0,58289.0,63231.0,73345.0,78137.0,81000.0,85512.0
관악구 - 1인당 자동차등록대수＜br＞(A÷B),Statistics,0.2,0.2,0.2,0.2,0.2,0.2,0.2,0.2,0.2,0.2,0.2,0.2,0.2,0.2,0.2,0.2,0.2,0.2,0.2,0.2,0.2
관악구 - 자동차등록대수＜br＞(A),Statistics,115437.0,115875.0,118720.0,119266.0,118677.0,119352.0,119194.0,119090.0,118990.0,118448.0,118922.0,120789.0,122039.0,122103.0,121430.0,120050.0,119393.0,118082.0,118615.0,118303.0,116745.0
관악구 - 주민등록인구＜br＞(B),Statistics,530156.0,530020.0,535217.0,535571.0,534556.0,529869.0,531434.0,526397.0,523029.0,518028.0,513186.0,509663.0,506851.0,503297.0,501957.0,500094.0,495060.0,485699.0,486752.0,481956.0,477812.0
광명시 - 1인당 자동차등록대수＜br＞(A÷B),Statistics,0.2,0.2,0.3,0.3,0.3,0.3,0.3,0.3,0.3,0.3,0.3,0.3,0.3,0.3,0.3,0.3,0.4,0.4,0.4,0.4,0.4
광명시 - 자동차등록대수＜br＞(A),Statistics,81154.0,81691.0,79578.0,82007.0,82091.0,84823.0,95539.0,99812.0,101202.0,102479.0,104313.0,105398.0,106736.0,107805.0,108754.0,106984.0,104537.0,105349.0,106517.0,106091.0,106550.0
광명시 - 주민등록인구＜br＞(B),Statistics,331419.0,327828.0,313372.0,313019.0,310501.0,314257.0,343982.0,355226.0,355560.0,353100.0,348560.0,344978.0,339484.0,332790.0,326841.0,316552.0,298599.0,292893.0,287945.0,280197.0,278167.0
광산구 - 1인당 자동차등록대수＜br＞(A÷B),Statistics,0.3,0.3,0.3,0.3,0.4,0.4,0.4,0.4,0.4,0.4,0.4,0.4,0.4,0.5,0.5,0.5,0.5,0.5,0.5,0.5,0.6
광산구 - 자동차등록대수＜br＞(A),Statistics,95595.0,102236.0,106336.0,109718.0,114212.0,125346.0,137002.0,145133.0,152572.0,159589.0,166504.0,175195.0,180798.0,187756.0,194607.0,200335.0,206942.0,210930.0,215414.0,218104.0,220146.0
광산구 - 주민등록인구＜br＞(B),Statistics,296101.0,306989.0,311621.0,316101.0,320660.0,342936.0,363239.0,375509.0,385101.0,392875.0,397281.0,400753.0,403049.0,404131.0,404547.0,405315.0,405579.0,404221.0,400654.0,396741.0,391611.0
광양시 - 1인당 자동차등록대수＜br＞(A÷B),Statistics,0.4,0.4,0.4,0.4,0.4,0.4,0.4,0.4,0.5,0.5,0.5,0.5,0.5,0.5,0.5,0.6,0.6,0.6,0.6,0.6,0.7
광양시 - 자동차등록대수＜br＞(A),Statistics,48462.0,50870.0,52550.0,54591.0,56979.0,60043.0,62870.0,66769.0,68805.0,70961.0,73720.0,76563.0,79831.0,82202.0,85189.0,87990.0,88660.0,91008.0,95367.0,98678.0,102062.0
광양시 - 주민등록인구＜br＞(B),Statistics,137601.0,138098.0,138237.0,138865.0,141388.0,143461.0,145512.0,150725.0,150837.0,151621.0,152097.0,153587.0,155580.0,155857.0,156564.0,156750.0,151769.0,150531.0,152168.0,152666.0,154692.0
광주광역시 - 1인당 자동차등록대수＜br＞(A÷B),Statistics,0.3,0.3,0.3,0.3,0.3,0.3,0.4,0.4,0.4,0.4,0.4,0.4,0.4,0.4,0.5,0.5,0.5,0.5,0.5,0.5,0.5
광주광역시 - 자동차등록대수＜br＞(A),Statistics,422389.0,436044.0,449911.0,462444.0,474105.0,494460.0,518477.0,535812.0,550821.0,568054.0,589334.0,611280.0,633375.0,649293.0,664316.0,676281.0,691740.0,700783.0,714401.0,723256.0,730751.0
광주광역시 - 주민등록인구＜br＞(B),Statistics,1401172.0,1401745.0,1407798.0,1413444.0,1422702.0,1433640.0,1454636.0,1463464.0,1469216.0,1472910.0,1475884.0,1472199.0,1469214.0,1463770.0,1459336.0,1456468.0,1450062.0,1441611.0,1431050.0,1419237.0,1408422.0
광주시 - 1인당 자동차등록대수＜br＞(A÷B),Statistics,0.4,0.4,0.4,0.4,0.4,0.4,0.5,0.5,0.5,0.5,0.5,0.5,0.5,0.5,0.5,0.5,0.5,0.5,0.5,0.5,0.6
광주시 - 자동차등록대수＜br＞(A),Statistics,84305.0,89445.0,94640.0,100942.0,103397.0,106066.0,112446.0,120632.0,125977.0,132340.0,141345.0,151154.0,162368.0,173321.0,184892.0,191176.0,198991.0,205079.0,211044.0,214351.0,219175.0
광주시 - 주민등록인구＜br＞(B),Statistics,205641.0,214498.0,222048.0,229319.0,234777.0,238583.0,249789.0,265222.0,275656.0,286699.0,298858.0,312579.0,327723.0,345947.0,363782.0,372654.0,382054.0,387289.0,391462.0,391377.0,397605.0
광진구 - 1인당 자동차등록대수＜br＞(A÷B),Statistics,0.2,0.2,0.2,0.2,0.2,0.3,0.2,0.3,0.3,0.3,0.3,0.3,0.3,0.3,0.3,0.3,0.3,0.3,0.3,0.3,0.3
광진구 - 자동차등록대수＜br＞(A),Statistics,91401.0,90003.0,90268.0,91159.0,91027.0,93547.0,92712.0,94340.0,94696.0,95205.0,94798.0,96092.0,97045.0,98631.0,100552.0,99299.0,98883.0,98371.0,98535.0,97627.0,96335.0
광진구 - 주민등록인구＜br＞(B),Statistics,380537.0,375613.0,374442.0,376572.0,375482.0,373998.0,375463.0,371936.0,371313.0,368927.0,363354.0,360369.0,357215.0,357703.0,355559.0,351350.0,346682.0,339996.0,337416.0,335554.0,331963.0
괴산군 - 1인당 자동차등록대수＜br＞(A÷B),Statistics,0.3,0.3,0.3,0.4,0.4,0.4,0.4,0.4,0.5,0.5,0.5,0.5,0.5,0.6,0.6,0.6,0.6,0.6,0.7,0.7,0.7
괴산군 - 자동차등록대수＜br＞(A),Statistics,12231.0,12558.0,13025.0,13447.0,13963.0,14863.0,15596.0,16560.0,17306.0,18020.0,18861.0,19948.0,20823.0,21558.0,22438.0,23011.0,24019.0,24184.0,24448.0,24835.0,25027.0
괴산군 - 주민등록인구＜br＞(B),Statistics,39586.0,38595.0,37570.0,36873.0,36566.0,36775.0,36827.0,37333.0,37713.0,38059.0,38351.0,38787.0,38973.0,39054.0,39133.0,39163.0,39393.0,38122.0,37055.0,36590.0,36252.0
구례군 - 1인당 자동차등록대수＜br＞(A÷B),Statistics,0.3,0.3,0.3,0.3,0.3,0.3,0.4,0.4,0.4,0.4,0.4,0.5,0.5,0.5,0.5,0.5,0.5,0.6,0.6,0.6,0.6
구례군 - 자동차등록대수＜br＞(A),Statistics,8161.0,8366.0,8568.0,8821.0,9004.0,9582.0,10194.0,10625.0,10828.0,11150.0,11653.0,12306.0,12908.0,13375.0,13834.0,13842.0,13928.0,14161.0,14286.0,14454.0,14503.0
구례군 - 주민등록인구＜br＞(B),Statistics,30232.0,29577.0,28837.0,28203.0,27703.0,27518.0,27375.0,27422.0,27077.0,27115.0,27170.0,27308.0,27412.0,27525.0,27117.0,26563.0,25719.0,25235.0,24655.0,24314.0,24025.0
구로구 - 1인당 자동차등록대수＜br＞(A÷B),Statistics,0.3,0.3,0.3,0.3,0.3,0.3,0.3,0.3,0.3,0.3,0.3,0.3,0.3,0.4,0.4,0.4,0.4,0.4,0.4,0.4,0.4
구로구 - 자동차등록대수＜br＞(A),Statistics,118894.0,121394.0,127966.0,133588.0,135862.0,135589.0,138450.0,133631.0,130554.0,134093.0,137199.0,138272.0,140693.0,143960.0,144440.0,144465.0,145267.0,145874.0,148659.0,147818.0,145790.0
구로구 - 주민등록인구＜br＞(B),Statistics,416828.0,416405.0,419832.0,420542.0,420795.0,421967.0,423736.0,427468.0,427520.0,424964.0,425831.0,422092.0,417551.0,410742.0,404497.0,406664.0,404408.0,396754.0,395315.0,392405.0,388169.0
구리시 - 1인당 자동차등록대수＜br＞(A÷B),Statistics,0.3,0.3,0.3,0.3,0.3,0.3,0.3,0.3,0.3,0.3,0.3,0.3,0.3,0.3,0.4,0.4,0.4,0.4,0.4,0.4,0.4
구리시 - 자동차등록대수＜br＞(A),Statistics,54880.0,55321.0,56406.0,58574.0,58751.0,59663.0,60436.0,60564.0,60095.0,59578.0,59806.0,61407.0,65687.0,69885.0,72868.0,72372.0,73503.0,73277.0,73929.0,74584.0,75141.0
구리시 - 주민등록인구＜br＞(B),Statistics,193438.0,192548.0,193847.0,196800.0,195874.0,195593.0,196398.0,194881.0,192341.0,189680.0,186820.0,186721.0,193763.0,200042.0,203553.0,199265.0,197454.0,191948.0,188701.0,187093.0,186882.0
구미시 - 1인당 자동차등록대수＜br＞(A÷B),Statistics,0.4,0.4,0.4,0.4,0.4,0.4,0.4,0.4,0.4,0.4,0.4,0.5,0.5,0.5,0.5,0.5,0.5,0.5,0.6,0.6,0.6
구미시 - 자동차등록대수＜br＞(A),Statistics,130331.0,137883.0,145391.0,150466.0,152922.0,157559.0,165136.0,171521.0,176074.0,182615.0,188812.0,195007.0,200343.0,207633.0,212449.0,216166.0,220317.0,222104.0,224799.0,228803.0,232848.0
구미시 - 주민등록인구＜br＞(B),Statistics,365681.0,374614.0,386465.0,391897.0,393959.0,396419.0,404920.0,413446.0,416949.0,419428.0,420320.0,419915.0,419891.0,421799.0,421494.0,419742.0,416328.0,412581.0,408110.0,405506.0,404820.0
군산시 - 1인당 자동차등록대수＜br＞(A÷B),Statistics,0.3,0.3,0.3,0.3,0.4,0.4,0.4,0.4,0.4,0.4,0.4,0.4,0.5,0.5,0.5,0.5,0.5,0.5,0.5,0.6,0.6
군산시 - 자동차등록대수＜br＞(A),Statistics,82304.0,84460.0,87244.0,90838.0,95156.0,99837.0,104684.0,109492.0,112842.0,116191.0,119751.0,124366.0,128250.0,130345.0,132780.0,134093.0,136647.0,139195.0,142173.0,144553.0,146691.0
군산시 - 주민등록인구＜br＞(B),Statistics,265168.0,263120.0,260989.0,260562.0,263845.0,266922.0,272601.0,275659.0,278341.0,278319.0,278098.0,278398.0,277551.0,274997.0,272645.0,270131.0,267859.0,265304.0,262467.0,259980.0,258047.0
군위군 - 1인당 자동차등록대수＜br＞(A÷B),Statistics,0.3,0.4,0.4,0.4,0.4,0.4,0.4,0.5,0.5,0.5,0.5,0.5,0.6,0.6,0.6,0.6,0.7,0.7,0.7,0.7,0.7
군위군 - 자동차등록대수＜br＞(A),Statistics,9446.0,9789.0,9948.0,10118.0,10291.0,10563.0,10889.0,11150.0,11482.0,11946.0,12424.0,13051.0,13709.0,14306.0,14567.0,14935.0,15249.0,15452.0,16040.0,16198.0,16080.0
군위군 - 주민등록인구＜br＞(B),Statistics,28825.0,27709.0,26687.0,25781.0,25309.0,24966.0,24736.0,24268.0,24119.0,24172.0,24170.0,24126.0,24171.0,24215.0,23919.0,23843.0,23256.0,22945.0,23340.0,22988.0,22463.0
군포시 - 1인당 자동차등록대수＜br＞(A÷B),Statistics,0.3,0.3,0.3,0.3,0.3,0.3,0.3,0.3,0.3,0.3,0.3,0.3,0.3,0.4,0.4,0.4,0.4,0.4,0.4,0.4,0.4
군포시 - 자동차등록대수＜br＞(A),Statistics,79265.0,81124.0,81509.0,82591.0,83364.0,84399.0,89272.0,90145.0,90413.0,91916.0,94648.0,96396.0,98576.0,99793.0,100865.0,101749.0,103583.0,103820.0,105326.0,105135.0,104120.0
군포시 - 주민등록인구＜br＞(B),Statistics,275761.0,277781.0,274569.0,275351.0,277590.0,275731.0,287833.0,287294.0,286841.0,286344.0,288408.0,287519.0,284890.0,281205.0,276916.0,275852.0,273791.0,268535.0,266213.0,261229.0,255931.0
금산군 - 1인당 자동차등록대수＜br＞(A÷B),Statistics,0.3,0.3,0.4,0.4,0.4,0.4,0.4,0.5,0.5,0.5,0.5,0.5,0.5,0.5,0.6,0.6,0.6,0.6,0.6,0.7,0.7
금산군 - 자동차등록대수＜br＞(A),Statistics,19014.0,19737.0,20202.0,21159.0,21705.0,22592.0,23534.0,25546.0,25897.0,26317.0,27303.0,28220.0,28983.0,29371.0,29693.0,30122.0,30891.0,30969.0,31677.0,32675.0,33475.0
금산군 - 주민등록인구＜br＞(B),Statistics,60048.0,58378.0,57552.0,57690.0,56740.0,56220.0,56555.0,56030.0,55715.0,55441.0,55166.0,54879.0,54612.0,53894.0,53222.0,52257.0,51413.0,50477.0,50092.0,50093.0,49615.0
금정구 - 1인당 자동차등록대수＜br＞(A÷B),Statistics,0.3,0.3,0.3,0.3,0.3,0.3,0.3,0.3,0.3,0.3,0.3,0.3,0.4,0.4,0.4,0.4,0.4,0.4,0.4,0.4,0.4
금정구 - 자동차등록대수＜br＞(A),Statistics,73954.0,73293.0,74390.0,75231.0,75735.0,76747.0,79487.0,81557.0,83390.0,84290.0,84656.0,85498.0,86881.0,88433.0,89403.0,88873.0,88521.0,88146.0,86596.0,85368.0,83656.0
금정구 - 주민등록인구＜br＞(B),Statistics,271046.0,264880.0,263338.0,258934.0,256398.0,252039.0,255419.0,254720.0,255692.0,253526.0,249856.0,246026.0,244624.0,244469.0,242956.0,239062.0,232666.0,228049.0,221256.0,215590.0,209932.0
금천구 - 1인당 자동차등록대수＜br＞(A÷B),Statistics,0.3,0.3,0.3,0.3,0.3,0.3,0.3,0.3,0.3,0.3,0.3,0.3,0.4,0.4,0.4,0.4,0.4,0.4,0.4,0.4,0.4
금천구 - 자동차등록대수＜br＞(A),Statistics,70212.0,71177.0,71784.0,71205.0,71249.0,71691.0,72559.0,73986.0,75581.0,78934.0,80823.0,82684.0,84684.0,86427.0,87063.0,87581.0,88395.0,90169.0,91676.0,92139.0,91402.0
금천구 - 주민등록인구＜br＞(B),Statistics,259633.0,256902.0,253243.0,249108.0,247320.0,244835.0,245195.0,243438.0,243288.0,241020.0,238463.0,236284.0,235386.0,235154.0,233917.0,232810.0,231733.0,230811.0,229642.0,227481.0,225159.0
기장군 - 1인당 자동차등록대수＜br＞(A÷B),Statistics,0.3,0.3,0.3,0.4,0.4,0.4,0.4,0.4,0.4,0.4,0.4,0.4,0.4,0.4,0.4,0.5,0.5,0.5,0.5,0.5,0.5
기장군 - 자동차등록대수＜br＞(A),Statistics,25987.0,26646.0,26986.0,27931.0,29062.0,33142.0,38361.0,41370.0,44636.0,52260.0,58369.0,63816.0,67927.0,70842.0,73190.0,74623.0,81011.0,83953.0,86322.0,89626.0,91091.0
기장군 - 주민등록인구＜br＞(B),Statistics,79788.0,80104.0,79334.0,79565.0,81159.0,89384.0,102557.0,108095.0,114566.0,132507.0,144748.0,153093.0,158527.0,161651.0,164864.0,164716.0,174545.0,177125.0,178614.0,178729.0,175626.0
김제시 - 1인당 자동차등록대수＜br＞(A÷B),Statistics,0.3,0.3,0.3,0.4,0.4,0.4,0.4,0.4,0.4,0.4,0.5,0.5,0.5,0.5,0.5,0.6,0.6,0.6,0.6,0.6,0.6
김제시 - 자동차등록대수＜br＞(A),Statistics,33248.0,33975.0,34763.0,35937.0,36461.0,37984.0,38880.0,39276.0,39862.0,40562.0,41719.0,42738.0,43867.0,44986.0,46083.0,46496.0,47273.0,47953.0,49719.0,50778.0,51780.0
김제시 - 주민등록인구＜br＞(B),Statistics,105195.0,102720.0,100238.0,97615.0,95807.0,94770.0,94346.0,93111.0,92317.0,91218.0,90108.0,88721.0,87782.0,86926.0,85331.0,83895.0,82450.0,80913.0,81455.0,81430.0,80635.0
김천시 - 1인당 자동차등록대수＜br＞(A÷B),Statistics,0.3,0.3,0.4,0.4,0.4,0.4,0.4,0.4,0.4,0.4,0.4,0.5,0.5,0.5,0.5,0.5,0.5,0.6,0.6,0.6,0.6
김천시 - 자동차등록대수＜br＞(A),Statistics,46307.0,47735.0,48897.0,50117.0,50262.0,51304.0,53044.0,54688.0,56035.0,57832.0,60275.0,65243.0,68562.0,71147.0,72569.0,74070.0,76063.0,77837.0,79696.0,80788.0,81463.0
김천시 - 주민등록인구＜br＞(B),Statistics,143527.0,141632.0,139682.0,139084.0,138056.0,135918.0,136136.0,136185.0,135504.0,135259.0,135456.0,140132.0,142256.0,142908.0,141104.0,141229.0,140548.0,140239.0,139324.0,137515.0,135446.0
김포시 - 1인당 자동차등록대수＜br＞(A÷B),Statistics,0.4,0.4,0.4,0.4,0.4,0.4,0.4,0.4,0.4,0.4,0.4,0.4,0.4,0.5,0.5,0.5,0.5,0.5,0.5,0.5,0.5
김포시 - 자동차등록대수＜br＞(A),Statistics,80354.0,82065.0,84820.0,85870.0,90986.0,94686.0,99793.0,107634.0,119064.0,129466.0,142598.0,151905.0,163089.0,181655.0,201000.0,208802.0,228800.0,238330.0,242644.0,246989.0,250737.0
김포시 - 주민등록인구＜br＞(B),Statistics,208192.0,207229.0,207824.0,205997.0,220418.0,225805.0,238339.0,256994.0,287432.0,312305.0,340310.0,349990.0,363443.0,392092.0,423170.0,437221.0,473970.0,486508.0,484267.0,486172.0,486853.0
김해시 - 1인당 자동차등록대수＜br＞(A÷B),Statistics,0.3,0.4,0.4,0.4,0.4,0.4,0.4,0.4,0.4,0.4,0.4,0.5,0.5,0.5,0.5,0.5,0.5,0.5,0.5,0.6,0.6
김해시 - 자동차등록대수＜br＞(A),Statistics,148859.0,158125.0,166269.0,176306.0,182154.0,192923.0,202402.0,210263.0,216799.0,224570.0,233388.0,242387.0,249818.0,257652.0,264302.0,274093.0,281502.0,285229.0,291364.0,297305.0,302661.0
김해시 - 주민등록인구＜br＞(B),Statistics,427432.0,443017.0,453728.0,464964.0,477572.0,492413.0,503348.0,507062.0,513260.0,522049.0,527240.0,528865.0,529422.0,532132.0,533672.0,542455.0,542338.0,537673.0,535129.0,533659.0,531676.0
나주시 - 1인당 자동차등록대수＜br＞(A÷B),Statistics,0.3,0.3,0.4,0.4,0.4,0.4,0.4,0.5,0.5,0.5,0.5,0.5,0.5,0.5,0.6,0.6,0.6,0.6,0.6,0.6,0.6
나주시 - 자동차등록대수＜br＞(A),Statistics,31378.0,32571.0,33994.0,35386.0,36220.0,37250.0,38713.0,39726.0,40906.0,42339.0,45302.0,50391.0,54698.0,59172.0,63051.0,65414.0,67726.0,69733.0,71461.0,73464.0,74328.0
나주시 - 주민등록인구＜br＞(B),Statistics,99308.0,97980.0,96417.0,95439.0,92884.0,90875.0,90118.0,88243.0,88067.0,87754.0,90669.0,98182.0,104376.0,110110.0,113839.0,114664.0,115613.0,116726.0,116456.0,117377.0,116654.0
남구 - 1인당 자동차등록대수＜br＞(A÷B),Statistics,0.3,0.3,0.3,0.3,0.3,0.3,0.3,0.3,0.3,0.3,0.3,0.3,0.3,0.4,0.4,0.4,0.4,0.4,0.4,0.4,0.4
남구 - 자동차등록대수＜br＞(A),Statistics,82137.0,83073.0,82781.0,83891.0,85389.0,87063.0,87450.0,89001.0,89108.0,91562.0,92022.0,94773.0,96101.0,96093.0,100410.0,99926.0,99590.0,100833.0,100690.0,101572.0,101865.0
남구 - 주민등록인구＜br＞(B),Statistics,304481.0,302257.0,297893.0,296666.0,298314.0,297963.0,298458.0,295121.0,291175.0,291770.0,286989.0,283101.0,278779.0,273854.0,279917.0,274480.0,267731.0,262069.0,256333.0,254185.0,254498.0
남동구 - 1인당 자동차등록대수＜br＞(A÷B),Statistics,0.3,0.3,0.3,0.3,0.3,0.3,0.3,0.4,0.4,0.4,0.4,0.5,0.5,0.5,0.5,0.5,0.6,0.6,0.6,0.6,0.6
남동구 - 자동차등록대수＜br＞(A),Statistics,121762.0,122055.0,126853.0,139837.0,148827.0,155581.0,161170.0,175054.0,185873.0,207600.0,228864.0,258433.0,265323.0,277016.0,294904.0,292455.0,305694.0,298754.0,288902.0,289210.0,283840.0
남동구 - 주민등록인구＜br＞(B),Statistics,384244.0,379310.0,390044.0,425217.0,450054.0,463414.0,473423.0,495469.0,503597.0,507021.0,514656.0,531395.0,530982.0,536578.0,537161.0,532704.0,525354.0,518272.0,506181.0,492415.0,486225.0
남양주시 - 1인당 자동차등록대수＜br＞(A÷B),Statistics,0.3,0.3,0.3,0.3,0.3,0.3,0.3,0.3,0.3,0.4,0.4,0.4,0.4,0.4,0.4,0.4,0.4,0.4,0.4,0.4,0.5
남양주시 - 자동차등록대수＜br＞(A),Statistics,130117.0,140860.0,149072.0,159426.0,165401.0,175013.0,190271.0,197696.0,207299.0,217110.0,229990.0,244618.0,256286.0,265420.0,279147.0,290806.0,303129.0,317895.0,326650.0,329204.0,332401.0
남양주시 - 주민등록인구＜br＞(B),Statistics,418360.0,450054.0,470617.0,492347.0,505867.0,525211.0,564141.0,578485.0,599539.0,618305.0,636256.0,653454.0,662154.0,665321.0,681828.0,701830.0,713321.0,733798.0,737353.0,732265.0,732482.0
남원시 - 1인당 자동차등록대수＜br＞(A÷B),Statistics,0.3,0.3,0.3,0.3,0.4,0.4,0.4,0.4,0.5,0.5,0.4,0.5,0.5,0.5,0.5,0.6,0.6,0.6,0.6,0.6,0.6
남원시 - 자동차등록대수＜br＞(A),Statistics,27234.0,27740.0,28232.0,28931.0,31209.0,32748.0,33979.0,38341.0,39848.0,39766.0,38233.0,38819.0,40730.0,42245.0,43790.0,45353.0,45576.0,45313.0,44881.0,44547.0,45185.0
남원시 - 주민등록인구＜br＞(B),Statistics,96243.0,93670.0,91265.0,89247.0,88356.0,87675.0,87775.0,87455.0,87000.0,86460.0,85643.0,84856.0,84188.0,83281.0,82554.0,81441.0,80662.0,79431.0,77948.0,76781.0,75647.0
남해군 - 1인당 자동차등록대수＜br＞(A÷B),Statistics,0.2,0.2,0.3,0.3,0.3,0.3,0.3,0.3,0.3,0.4,0.4,0.4,0.4,0.4,0.4,0.5,0.5,0.5,0.5,0.5,0.5
남해군 - 자동차등록대수＜br＞(A),Statistics,12528.0,12886.0,13194.0,14412.0,14486.0,15078.0,15442.0,16215.0,16427.0,16819.0,17328.0,17912.0,18493.0,19084.0,19538.0,19890.0,20383.0,20843.0,21369.0,21571.0,21723.0
남해군 - 주민등록인구＜br＞(B),Statistics,53129.0,51825.0,50792.0,55026.0,50698.0,50244.0,49328.0,50242.0,48223.0,47244.0,46638.0,45865.0,45129.0,44642.0,43990.0,43622.0,42958.0,42266.0,41579.0,40780.0,39832.0
노원구 - 1인당 자동차등록대수＜br＞(A÷B),Statistics,0.2,0.2,0.2,0.2,0.2,0.3,0.3,0.3,0.3,0.3,0.3,0.3,0.3,0.3,0.3,0.3,0.3,0.3,0.3,0.3,0.3
노원구 - 자동차등록대수＜br＞(A),Statistics,151948.0,151189.0,151687.0,153190.0,153740.0,154801.0,155744.0,155244.0,153969.0,152927.0,152935.0,154645.0,155697.0,154708.0,153620.0,152071.0,152729.0,152285.0,152529.0,152510.0,151503.0
노원구 - 주민등록인구＜br＞(B),Statistics,628184.0,622003.0,618093.0,616753.0,615981.0,610616.0,611230.0,603930.0,597189.0,590479.0,582552.0,574583.0,567581.0,554403.0,543752.0,532905.0,523037.0,510956.0,503734.0,498213.0,491247.0
논산시 - 1인당 자동차등록대수＜br＞(A÷B),Statistics,0.3,0.3,0.3,0.4,0.4,0.4,0.4,0.4,0.4,0.4,0.4,0.5,0.5,0.5,0.5,0.5,0.5,0.6,0.6,0.6,0.6
논산시 - 자동차등록대수＜br＞(A),Statistics,42048.0,43166.0,44198.0,45782.0,46858.0,48507.0,50047.0,51234.0,52168.0,53371.0,54950.0,56992.0,58892.0,60537.0,61597.0,62683.0,63534.0,64025.0,65041.0,65342.0,66030.0
논산시 - 주민등록인구＜br＞(B),Statistics,135572.0,134217.0,131466.0,129486.0,127797.0,127097.0,127507.0,127533.0,126653.0,125844.0,124784.0,124232.0,123213.0,122240.0,120230.0,118842.0,116675.0,114483.0,112617.0,110423.0,108529.0
단양군 - 1인당 자동차등록대수＜br＞(A÷B),Statistics,0.3,0.3,0.4,0.4,0.4,0.4,0.4,0.4,0.4,0.4,0.5,0.5,0.5,0.5,0.5,0.6,0.6,0.6,0.6,0.6,0.6
단양군 - 자동차등록대수＜br＞(A),Statistics,11407.0,11680.0,11801.0,12016.0,12240.0,12660.0,12997.0,13306.0,13513.0,13947.0,14337.0,14888.0,15529.0,15846.0,16432.0,16526.0,16635.0,16658.0,17033.0,17419.0,17642.0
단양군 - 주민등록인구＜br＞(B),Statistics,34743.0,34122.0,33346.0,32399.0,31929.0,31842.0,31817.0,31595.0,31253.0,31171.0,30948.0,30761.0,30503.0,30215.0,30255.0,29756.0,29155.0,28331.0,27767.0,27701.0,27352.0
달서구 - 1인당 자동차등록대수＜br＞(A÷B),Statistics,0.3,0.3,0.4,0.4,0.4,0.4,0.4,0.4,0.4,0.4,0.4,0.4,0.4,0.5,0.5,0.5,0.5,0.5,0.5,0.6,0.6
달서구 - 자동차등록대수＜br＞(A),Statistics,203711.0,207811.0,210470.0,216748.0,219945.0,226226.0,233699.0,237199.0,240180.0,246229.0,252307.0,259094.0,265918.0,268762.0,274665.0,280913.0,285020.0,286576.0,292185.0,293969.0,294049.0
달서구 - 주민등록인구＜br＞(B),Statistics,601467.0,595860.0,589041.0,591169.0,594616.0,598011.0,607083.0,606542.0,606557.0,610358.0,606433.0,602641.0,591891.0,578068.0,573413.0,568887.0,558631.0,544926.0,536989.0,527781.0,522021.0
달성군 - 1인당 자동차등록대수＜br＞(A÷B),Statistics,0.4,0.4,0.4,0.4,0.4,0.4,0.4,0.4,0.4,0.4,0.5,0.5,0.5,0.5,0.5,0.5,0.5,0.5,0.6,0.6,0.6
달성군 - 자동차등록대수＜br＞(A),Statistics,57854.0,59997.0,61315.0,62994.0,67382.0,70571.0,73013.0,75856.0,79430.0,81801.0,85226.0,92446.0,106785.0,122405.0,129120.0,134301.0,138584.0,142085.0,145163.0,146888.0,146603.0
달성군 - 주민등록인구＜br＞(B),Statistics,155905.0,158353.0,158314.0,160443.0,171001.0,176135.0,178899.0,180351.0,184366.0,184358.0,184902.0,192747.0,218268.0,243375.0,250543.0,256540.0,259339.0,262451.0,263162.0,262084.0,257580.0
담양군 - 1인당 자동차등록대수＜br＞(A÷B),Statistics,0.3,0.3,0.4,0.4,0.4,0.4,0.4,0.4,0.5,0.5,0.5,0.5,0.5,0.6,0.6,0.6,0.6,0.6,0.7,0.7,0.7
담양군 - 자동차등록대수＜br＞(A),Statistics,16765.0,17501.0,18413.0,19132.0,19278.0,20010.0,20586.0,21433.0,21952.0,22870.0,23807.0,24795.0,25636.0,26501.0,27190.0,27544.0,28290.0,29344.0,30208.0,30802.0,31218.0
담양군 - 주민등록인구＜br＞(B),Statistics,50613.0,50364.0,50332.0,50441.0,48347.0,47286.0,47808.0,47819.0,47612.0,47365.0,47177.0,47009.0,47229.0,47285.0,46917.0,46535.0,46280.0,46180.0,45792.0,45373.0,44623.0
당진시 - 1인당 자동차등록대수＜br＞(A÷B),Statistics,,,,,,,,,0.5,0.5,0.5,0.5,0.5,0.5,0.6,0.6,0.6,0.6,0.6,0.6,0.7
당진시 - 자동차등록대수＜br＞(A),Statistics,,,,,,,,,71031.0,74682.0,79210.0,83771.0,87828.0,91288.0,94251.0,96255.0,98704.0,101460.0,105477.0,109915.0,113337.0
당진시 - 주민등록인구＜br＞(B),Statistics,,,,,,,,,155104.0,159615.0,162844.0,165122.0,166630.0,167439.0,167770.0,167042.0,166249.0,167092.0,168253.0,170302.0,171931.0
대구광역시 - 1인당 자동차등록대수＜br＞(A÷B),Statistics,0.3,0.3,0.3,0.4,0.4,0.4,0.4,0.4,0.4,0.4,0.4,0.4,0.5,0.5,0.5,0.5,0.5,0.5,0.5,0.5,0.5
대구광역시 - 자동차등록대수＜br＞(A),Statistics,831854.0,848492.0,865077.0,881481.0,889127.0,909222.0,948764.0,985349.0,1010065.0,1039225.0,1072305.0,1106002.0,1130811.0,1157053.0,1178353.0,1190154.0,1219196.0,1211095.0,1230183.0,1258088.0,1262654.0
대구광역시 - 주민등록인구＜br＞(B),Statistics,2524712.0,2511306.0,2496115.0,2493261.0,2492724.0,2489781.0,2511676.0,2507271.0,2505644.0,2501588.0,2493264.0,2487829.0,2484557.0,2475231.0,2461769.0,2438031.0,2418346.0,2385412.0,2363691.0,2374960.0,2363629.0
대덕구 - 1인당 자동차등록대수＜br＞(A÷B),Statistics,0.4,0.4,0.4,0.4,0.4,0.4,0.4,0.4,0.4,0.4,0.4,0.5,0.5,0.5,0.5,0.5,0.5,0.5,0.6,0.6,0.6
대덕구 - 자동차등록대수＜br＞(A),Statistics,82417.0,83892.0,84250.0,84139.0,83140.0,83980.0,85003.0,85691.0,87213.0,88941.0,90072.0,91096.0,92117.0,91689.0,92203.0,90694.0,92854.0,93611.0,96237.0,95489.0,95453.0
대덕구 - 주민등록인구＜br＞(B),Statistics,226947.0,223287.0,217332.0,213275.0,211241.0,208147.0,207549.0,205339.0,205688.0,204360.0,201558.0,196839.0,192688.0,186902.0,181991.0,177031.0,176384.0,175046.0,172746.0,169853.0,168217.0
대전광역시 - 1인당 자동차등록대수＜br＞(A÷B),Statistics,0.3,0.3,0.4,0.4,0.4,0.4,0.4,0.4,0.4,0.4,0.4,0.4,0.4,0.4,0.4,0.5,0.5,0.5,0.5,0.5,0.5
대전광역시 - 자동차등록대수＜br＞(A),Statistics,491817.0,506961.0,521234.0,535697.0,539233.0,553857.0,572372.0,584435.0,594786.0,606283.0,621035.0,632954.0,648084.0,659619.0,669959.0,673899.0,686429.0,692702.0,707928.0,723374.0,737012.0
대전광역시 - 주민등록인구＜br＞(B),Statistics,1443471.0,1454638.0,1466158.0,1475659.0,1480895.0,1484180.0,1503664.0,1515603.0,1524583.0,1532811.0,1531809.0,1518775.0,1514370.0,1502227.0,1489936.0,1474870.0,1463882.0,1452251.0,1446072.0,1442216.0,1439157.0
도봉구 - 1인당 자동차등록대수＜br＞(A÷B),Statistics,0.2,0.2,0.2,0.2,0.3,0.3,0.3,0.3,0.3,0.3,0.3,0.3,0.3,0.3,0.3,0.3,0.3,0.3,0.3,0.3,0.3
도봉구 - 자동차등록대수＜br＞(A),Statistics,93386.0,93322.0,93037.0,93583.0,93587.0,94116.0,93719.0,94426.0,93759.0,93700.0,94430.0,95851.0,97059.0,97323.0,97308.0,96435.0,95839.0,95631.0,95690.0,95127.0,94041.0
도봉구 - 주민등록인구＜br＞(B),Statistics,381939.0,381529.0,377534.0,375975.0,373936.0,369733.0,368298.0,365573.0,362270.0,358582.0,353709.0,351242.0,348220.0,344166.0,339413.0,333362.0,325257.0,317366.0,311694.0,306948.0,303228.0
동구 - 1인당 자동차등록대수＜br＞(A÷B),Statistics,0.2,0.3,0.3,0.3,0.3,0.5,0.5,0.3,0.3,0.3,0.3,0.3,0.5,0.5,0.6,0.6,0.6,0.7,0.5,0.6,0.6
동구 - 자동차등록대수＜br＞(A),Statistics,28004.0,27970.0,27954.0,28583.0,29101.0,47417.0,48100.0,31740.0,30621.0,29685.0,30775.0,30123.0,45376.0,47566.0,50723.0,51900.0,52490.0,58194.0,47449.0,51664.0,54991.0
동구 - 주민등록인구＜br＞(B),Statistics,114204.0,109879.0,106890.0,104881.0,102764.0,101153.0,101514.0,100420.0,98529.0,96011.0,94565.0,92069.0,89826.0,88868.0,86912.0,88165.0,88901.0,87679.0,86462.0,87792.0,85911.0
동대문구 - 1인당 자동차등록대수＜br＞(A÷B),Statistics,0.2,0.2,0.2,0.2,0.2,0.2,0.2,0.3,0.3,0.3,0.3,0.3,0.3,0.3,0.3,0.3,0.3,0.3,0.3,0.3,0.3
동대문구 - 자동차등록대수＜br＞(A),Statistics,86754.0,87954.0,89001.0,89366.0,89163.0,89480.0,90954.0,91684.0,92373.0,93469.0,95301.0,96607.0,97333.0,97507.0,98324.0,97910.0,98030.0,98466.0,99447.0,102637.0,102535.0
동대문구 - 주민등록인구＜br＞(B),Statistics,379404.0,381110.0,378860.0,376421.0,370250.0,362146.0,366786.0,365486.0,363258.0,364273.0,363687.0,360153.0,355069.0,350647.0,348052.0,346194.0,342837.0,337400.0,336644.0,341149.0,338735.0
동두천시 - 1인당 자동차등록대수＜br＞(A÷B),Statistics,0.3,0.3,0.3,0.3,0.3,0.3,0.3,0.3,0.3,0.3,0.4,0.4,0.4,0.4,0.4,0.4,0.4,0.4,0.4,0.5,0.5
동두천시 - 자동차등록대수＜br＞(A),Statistics,22854.0,24157.0,25124.0,26618.0,27725.0,29001.0,30927.0,32079.0,33155.0,34096.0,35036.0,35661.0,37002.0,37674.0,38381.0,38230.0,39263.0,40309.0,40875.0,40405.0,40131.0
동두천시 - 주민등록인구＜br＞(B),Statistics,79214.0,82623.0,85803.0,88780.0,90835.0,93211.0,95653.0,96253.0,97175.0,97557.0,97595.0,97974.0,98277.0,97071.0,96226.0,94768.0,94353.0,93592.0,91546.0,88626.0,86838.0
동래구 - 1인당 자동차등록대수＜br＞(A÷B),Statistics,0.3,0.3,0.3,0.3,0.3,0.3,0.3,0.3,0.3,0.3,0.3,0.3,0.3,0.3,0.3,0.4,0.4,0.4,0.4,0.4,0.4
동래구 - 자동차등록대수＜br＞(A),Statistics,72663.0,72527.0,74748.0,78042.0,78546.0,80209.0,82059.0,84701.0,84406.0,85444.0,87121.0,88435.0,90880.0,91933.0,92187.0,95311.0,96657.0,96722.0,100783.0,101222.0,103873.0
동래구 - 주민등록인구＜br＞(B),Statistics,279366.0,276095.0,279528.0,284901.0,282673.0,281644.0,282779.0,283742.0,278767.0,276689.0,275971.0,272837.0,272745.0,270727.0,266515.0,271247.0,270745.0,266866.0,273226.0,270815.0,274370.0
동작구 - 1인당 자동차등록대수＜br＞(A÷B),Statistics,0.2,0.2,0.2,0.2,0.2,0.2,0.2,0.2,0.2,0.2,0.2,0.3,0.3,0.3,0.3,0.3,0.3,0.3,0.3,0.3,0.3
동작구 - 자동차등록대수＜br＞(A),Statistics,93924.0,94630.0,95173.0,95481.0,94623.0,95573.0,96579.0,96802.0,98689.0,101202.0,101536.0,102067.0,104176.0,104837.0,105476.0,105472.0,105588.0,106229.0,106037.0,106496.0,106189.0
동작구 - 주민등록인구＜br＞(B),Statistics,410945.0,410481.0,408582.0,405967.0,400866.0,397920.0,402709.0,401408.0,405491.0,410815.0,407470.0,400641.0,400997.0,396217.0,396203.0,395963.0,391220.0,385483.0,380596.0,378769.0,375799.0
동해시 - 1인당 자동차등록대수＜br＞(A÷B),Statistics,0.3,0.3,0.3,0.3,0.4,0.4,0.4,0.4,0.4,0.4,0.4,0.4,0.5,0.5,0.5,0.5,0.5,0.5,0.5,0.6,0.6
동해시 - 자동차등록대수＜br＞(A),Statistics,32730.0,33016.0,33094.0,33618.0,33911.0,34787.0,35918.0,36529.0,37047.0,38292.0,39590.0,41132.0,42540.0,43647.0,44419.0,45324.0,46848.0,47931.0,48935.0,49697.0,50154.0
동해시 - 주민등록인구＜br＞(B),Statistics,100727.0,99230.0,97497.0,96652.0,95652.0,95271.0,95236.0,95804.0,93897.0,95143.0,94562.0,93895.0,93297.0,92851.0,91272.0,90522.0,90593.0,90081.0,89426.0,88625.0,87675.0
마포구 - 1인당 자동차등록대수＜br＞(A÷B),Statistics,0.3,0.3,0.3,0.3,0.3,0.3,0.3,0.3,0.3,0.3,0.3,0.3,0.3,0.3,0.3,0.3,0.3,0.3,0.3,0.3,0.3
마포구 - 자동차등록대수＜br＞(A),Statistics,104168.0,106997.0,109332.0,110420.0,107847.0,108357.0,110124.0,111398.0,110752.0,111519.0,114870.0,116915.0,117071.0,116531.0,117991.0,117907.0,119389.0,121364.0,122018.0,122309.0,121558.0
마포구 - 주민등록인구＜br＞(B),Statistics,383457.0,388164.0,390583.0,392650.0,385119.0,384013.0,391865.0,389493.0,384644.0,381856.0,385439.0,387643.0,379892.0,374915.0,375077.0,374035.0,371890.0,368905.0,364638.0,363697.0,361417.0
목포시 - 1인당 자동차등록대수＜br＞(A÷B),Statistics,0.3,0.3,0.3,0.3,0.3,0.3,0.3,0.3,0.4,0.4,0.4,0.4,0.4,0.4,0.4,0.4,0.5,0.5,0.5,0.5,0.5
목포시 - 자동차등록대수＜br＞(A),Statistics,65730.0,68684.0,71085.0,74353.0,77539.0,79959.0,82011.0,84467.0,86643.0,87998.0,90434.0,93500.0,96797.0,98001.0,99780.0,101238.0,101424.0,100404.0,102705.0,104352.0,104521.0
목포시 - 주민등록인구＜br＞(B),Statistics,241717.0,242988.0,241679.0,243312.0,245651.0,244339.0,245422.0,244871.0,245073.0,240936.0,239109.0,238382.0,237739.0,234379.0,232327.0,229861.0,224044.0,218589.0,216939.0,214156.0,209890.0
무안군 - 1인당 자동차등록대수＜br＞(A÷B),Statistics,0.3,0.3,0.3,0.3,0.4,0.4,0.4,0.4,0.4,0.4,0.4,0.5,0.5,0.5,0.5,0.5,0.5,0.6,0.6,0.6,0.6
무안군 - 자동차등록대수＜br＞(A),Statistics,18568.0,19472.0,20582.0,22282.0,24128.0,27293.0,28991.0,30562.0,31590.0,33858.0,36045.0,37890.0,39666.0,41504.0,42368.0,42923.0,47238.0,51520.0,52574.0,53950.0,56341.0
무안군 - 주민등록인구＜br＞(B),Statistics,62472.0,61915.0,61766.0,63674.0,66598.0,72417.0,74475.0,75718.0,75741.0,79367.0,81696.0,82236.0,82109.0,82872.0,81991.0,81105.0,86132.0,91107.0,90608.0,90296.0,92687.0
무주군 - 1인당 자동차등록대수＜br＞(A÷B),Statistics,0.3,0.3,0.3,0.3,0.3,0.4,0.4,0.4,0.4,0.4,0.4,0.5,0.5,0.5,0.5,0.5,0.6,0.6,0.6,0.6,0.6
무주군 - 자동차등록대수＜br＞(A),Statistics,7622.0,7925.0,8142.0,8499.0,8801.0,9276.0,9719.0,10106.0,10340.0,10763.0,11346.0,11755.0,12131.0,12469.0,12844.0,13014.0,13395.0,13583.0,13948.0,14348.0,14532.0
무주군 - 주민등록인구＜br＞(B),Statistics,26183.0,25876.0,25417.0,26361.0,26017.0,25811.0,25578.0,25863.0,25321.0,25398.0,25390.0,25220.0,24949.0,24809.0,24589.0,24303.0,24036.0,23748.0,23489.0,23251.0,23032.0
문경시 - 1인당 자동차등록대수＜br＞(A÷B),Statistics,0.3,0.3,0.3,0.3,0.3,0.4,0.4,0.4,0.4,0.4,0.4,0.4,0.5,0.5,0.5,0.5,0.5,0.5,0.6,0.6,0.6
문경시 - 자동차등록대수＜br＞(A),Statistics,23199.0,23851.0,24433.0,24874.0,25698.0,27263.0,28649.0,29580.0,30401.0,31178.0,32401.0,33566.0,34419.0,35166.0,35664.0,36754.0,37684.0,38340.0,39418.0,39821.0,40123.0
문경시 - 주민등록인구＜br＞(B),Statistics,79552.0,78058.0,76177.0,74780.0,75486.0,76645.0,77391.0,76727.0,75899.0,75664.0,75911.0,75784.0,74702.0,73294.0,71874.0,72242.0,71406.0,71154.0,70373.0,68755.0,67257.0
미추홀구 - 1인당 자동차등록대수＜br＞(A÷B),Statistics,,,,,,,,,,,,,,,0.5,0.4,0.4,0.4,0.4,0.4,0.4
미추홀구 - 자동차등록대수＜br＞(A),Statistics,,,,,,,,,,,,,,,205403.0,168273.0,171026.0,169809.0,172078.0,173530.0,183319.0
미추홀구 - 주민등록인구＜br＞(B),Statistics,,,,,,,,,,,,,,,416542.0,408862.0,404343.0,407464.0,406004.0,405995.0,412274.0
밀양시 - 1인당 자동차등록대수＜br＞(A÷B),Statistics,0.3,0.4,0.4,0.4,0.4,0.4,0.4,0.4,0.4,0.5,0.5,0.5,0.5,0.5,0.5,0.6,0.6,0.6,0.6,0.6,0.6
밀양시 - 자동차등록대수＜br＞(A),Statistics,39582.0,40428.0,41393.0,42511.0,43459.0,44922.0,46209.0,47497.0,48514.0,49766.0,51475.0,54022.0,56222.0,57201.0,57817.0,58338.0,59773.0,60605.0,61796.0,62766.0,63138.0
밀양시 - 주민등록인구＜br＞(B),Statistics,115459.0,113636.0,112025.0,111473.0,110858.0,110170.0,110479.0,109329.0,108755.0,108342.0,107765.0,107896.0,108354.0,107898.0,106744.0,105552.0,104831.0,103525.0,102945.0,102084.0,100691.0
보령시 - 1인당 자동차등록대수＜br＞(A÷B),Statistics,0.3,0.3,0.3,0.3,0.4,0.4,0.4,0.4,0.4,0.4,0.4,0.5,0.5,0.5,0.5,0.5,0.5,0.6,0.6,0.6,0.6
보령시 - 자동차등록대수＜br＞(A),Statistics,33553.0,34640.0,35752.0,37412.0,38436.0,40083.0,41374.0,42265.0,42827.0,43929.0,45367.0,47839.0,49465.0,50720.0,51829.0,52812.0,53905.0,54548.0,55485.0,56148.0,56522.0
보령시 - 주민등록인구＜br＞(B),Statistics,108861.0,108056.0,107591.0,107637.0,106885.0,106754.0,107346.0,106421.0,105559.0,104938.0,104321.0,104754.0,103873.0,103198.0,101990.0,101114.0,100229.0,98408.0,97157.0,95772.0,93780.0
보성군 - 1인당 자동차등록대수＜br＞(A÷B),Statistics,0.3,0.3,0.3,0.3,0.3,0.4,0.4,0.4,0.4,0.4,0.5,0.9,1.5,2.0,2.0,1.7,1.2,0.8,0.6,0.6,0.6
보성군 - 자동차등록대수＜br＞(A),Statistics,14545.0,15007.0,15837.0,16401.0,16795.0,17379.0,17937.0,18241.0,18551.0,18994.0,21901.0,42586.0,67637.0,87852.0,86068.0,70686.0,47300.0,33334.0,23858.0,23381.0,23565.0
보성군 - 주민등록인구＜br＞(B),Statistics,54288.0,53145.0,51948.0,50921.0,50004.0,49048.0,48792.0,47894.0,47050.0,46385.0,45882.0,45349.0,44469.0,43755.0,42803.0,41420.0,40482.0,39375.0,38471.0,37686.0,37045.0
보은군 - 1인당 자동차등록대수＜br＞(A÷B),Statistics,0.3,0.3,0.3,0.4,0.4,0.4,0.4,0.4,0.4,0.4,0.5,0.5,0.5,0.5,0.5,0.6,0.6,0.6,0.6,0.7,0.7
보은군 - 자동차등록대수＜br＞(A),Statistics,11588.0,11920.0,12284.0,12564.0,13029.0,13668.0,14176.0,14595.0,14896.0,15341.0,15977.0,16862.0,17456.0,18029.0,18506.0,18735.0,19191.0,19428.0,19873.0,20174.0,20270.0
보은군 - 주민등록인구＜br＞(B),Statistics,38062.0,37114.0,36293.0,35354.0,35069.0,34845.0,34956.0,34717.0,34438.0,34318.0,34240.0,34296.0,34221.0,34053.0,33680.0,32949.0,32412.0,31878.0,31455.0,31010.0,30527.0
봉화군 - 1인당 자동차등록대수＜br＞(A÷B),Statistics,0.3,0.3,0.3,0.3,0.4,0.4,0.4,0.4,0.4,0.4,0.4,0.5,0.5,0.5,0.5,0.6,0.6,0.6,0.6,0.6,0.7
봉화군 - 자동차등록대수＜br＞(A),Statistics,10512.0,10910.0,11175.0,11713.0,12128.0,12737.0,13286.0,13706.0,14120.0,14719.0,15304.0,15987.0,16587.0,17043.0,17541.0,17800.0,18282.0,18561.0,18828.0,19043.0,19085.0
봉화군 - 주민등록인구＜br＞(B),Statistics,37526.0,36599.0,35608.0,35046.0,34628.0,34297.0,34567.0,34192.0,33934.0,33894.0,34023.0,33808.0,33539.0,33259.0,32843.0,32150.0,31494.0,30762.0,30139.0,29603.0,28836.0
부산광역시 - 1인당 자동차등록대수＜br＞(A÷B),Statistics,0.3,0.3,0.3,0.3,0.3,0.3,0.3,0.3,0.3,0.3,0.3,0.4,0.4,0.4,0.4,0.4,0.4,0.4,0.5,0.5,0.5
부산광역시 - 자동차등록대수＜br＞(A),Statistics,966417.0,979969.0,994292.0,1010086.0,1038954.0,1116719.0,1147311.0,1159178.0,1175205.0,1183679.0,1214175.0,1255722.0,1295316.0,1333224.0,1371172.0,1395183.0,1429040.0,1464608.0,1499503.0,1527748.0,1559310.0
부산광역시 - 주민등록인구＜br＞(B),Statistics,3666345.0,3638293.0,3611992.0,3587439.0,3564577.0,3543030.0,3567910.0,3550963.0,3538484.0,3527635.0,3519401.0,3513777.0,3498529.0,3470653.0,3441453.0,3413841.0,3391946.0,3350380.0,3317812.0,3293362.0,3266598.0
부산진구 - 1인당 자동차등록대수＜br＞(A÷B),Statistics,0.2,0.2,0.3,0.3,0.3,0.3,0.3,0.4,0.4,0.3,0.3,0.3,0.3,0.4,0.4,0.4,0.4,0.4,0.4,0.4,0.5
부산진구 - 자동차등록대수＜br＞(A),Statistics,97252.0,100974.0,101607.0,102525.0,103986.0,127423.0,131212.0,138428.0,140028.0,134723.0,130137.0,129789.0,128283.0,130920.0,132106.0,135262.0,143006.0,143461.0,148038.0,154830.0,162216.0
부산진구 - 주민등록인구＜br＞(B),Statistics,405534.0,410610.0,405775.0,402359.0,400516.0,395689.0,395826.0,395044.0,392731.0,389765.0,387378.0,381572.0,376526.0,371703.0,362357.0,357880.0,359886.0,353159.0,355917.0,359508.0,359281.0
부안군 - 1인당 자동차등록대수＜br＞(A÷B),Statistics,0.3,0.3,0.3,0.3,0.3,0.4,0.4,0.4,0.4,0.4,0.4,0.5,0.5,0.5,0.5,0.5,0.5,0.6,0.6,0.6,0.6
부안군 - 자동차등록대수＜br＞(A),Statistics,18940.0,19485.0,19754.0,20137.0,20676.0,21650.0,22405.0,22972.0,23680.0,24548.0,24930.0,25812.0,26741.0,27341.0,27656.0,27774.0,28155.0,28265.0,28911.0,29309.0,29451.0
부안군 - 주민등록인구＜br＞(B),Statistics,66766.0,65018.0,63243.0,61879.0,60872.0,60204.0,60138.0,59080.0,58869.0,59164.0,57534.0,56848.0,57005.0,56086.0,54441.0,53295.0,52140.0,50795.0,50094.0,49187.0,48066.0
부여군 - 1인당 자동차등록대수＜br＞(A÷B),Statistics,0.3,0.3,0.3,0.3,0.4,0.4,0.4,0.4,0.4,0.4,0.4,0.5,0.5,0.5,0.5,0.5,0.5,0.6,0.6,0.6,0.6
부여군 - 자동차등록대수＜br＞(A),Statistics,24383.0,24996.0,25680.0,26404.0,26848.0,27766.0,28577.0,29069.0,29809.0,30608.0,31509.0,32575.0,33577.0,34321.0,34940.0,35078.0,35600.0,35845.0,36339.0,36635.0,36795.0
부여군 - 주민등록인구＜br＞(B),Statistics,83260.0,81430.0,79595.0,77916.0,76687.0,75564.0,75029.0,74004.0,73259.0,72547.0,71754.0,71143.0,70187.0,69086.0,68078.0,66740.0,65354.0,63774.0,62343.0,61046.0,59550.0
부천시 - 1인당 자동차등록대수＜br＞(A÷B),Statistics,0.3,0.3,0.3,0.3,0.3,0.3,0.3,0.3,0.3,0.3,0.3,0.3,0.3,0.4,0.4,0.4,0.4,0.4,0.4,0.4,0.4
부천시 - 자동차등록대수＜br＞(A),Statistics,234063.0,237663.0,243970.0,250235.0,255456.0,262819.0,269420.0,271004.0,272448.0,274537.0,278041.0,282905.0,294966.0,301745.0,307858.0,305967.0,307262.0,309211.0,310441.0,311884.0,310466.0
부천시 - 주민등록인구＜br＞(B),Statistics,855697.0,855359.0,860020.0,864037.0,867678.0,869944.0,875204.0,872452.0,869944.0,863720.0,855586.0,848987.0,851380.0,850329.0,843768.0,829996.0,818383.0,806067.0,790128.0,779968.0,769918.0
부평구 - 1인당 자동차등록대수＜br＞(A÷B),Statistics,0.3,0.3,0.3,0.3,0.3,0.3,0.3,0.3,0.3,0.3,0.3,0.4,0.4,0.4,0.4,0.4,0.5,0.5,0.6,0.6,0.5
부평구 - 자동차등록대수＜br＞(A),Statistics,153002.0,156396.0,159729.0,162146.0,162994.0,166130.0,167907.0,169219.0,167699.0,170843.0,186989.0,201075.0,214234.0,222683.0,225463.0,228866.0,237037.0,252365.0,271703.0,273503.0,267479.0
부평구 - 주민등록인구＜br＞(B),Statistics,557144.0,567347.0,570283.0,568905.0,569246.0,563920.0,567493.0,560936.0,559047.0,556985.0,556992.0,555844.0,549716.0,539941.0,524640.0,511577.0,494962.0,486765.0,489118.0,494138.0,493200.0
북구 - 1인당 자동차등록대수＜br＞(A÷B),Statistics,0.3,0.3,0.3,0.3,0.3,0.3,0.3,0.3,0.3,0.3,0.3,0.3,0.3,0.3,0.4,0.4,0.4,0.4,0.4,0.4,0.4
북구 - 자동차등록대수＜br＞(A),Statistics,84397.0,86646.0,86679.0,87152.0,86860.0,87548.0,89111.0,90444.0,94454.0,95347.0,96969.0,101693.0,104032.0,104173.0,104204.0,103966.0,103651.0,106261.0,106309.0,106162.0,105194.0
북구 - 주민등록인구＜br＞(B),Statistics,333316.0,335699.0,330446.0,325302.0,318859.0,314227.0,312218.0,307988.0,312937.0,309719.0,306974.0,310484.0,310202.0,302924.0,296952.0,291132.0,283952.0,283211.0,278857.0,273596.0,267692.0
사상구 - 1인당 자동차등록대수＜br＞(A÷B),Statistics,0.3,0.3,0.3,0.3,0.3,0.3,0.3,0.4,0.4,0.4,0.4,0.4,0.4,0.4,0.4,0.4,0.4,0.4,0.4,0.4,0.4
사상구 - 자동차등록대수＜br＞(A),Statistics,84938.0,85449.0,85534.0,84872.0,83958.0,84792.0,88222.0,89497.0,90126.0,89030.0,90282.0,90775.0,91470.0,91798.0,91251.0,89888.0,89693.0,89184.0,89157.0,89368.0,88589.0
사상구 - 주민등록인구＜br＞(B),Statistics,282097.0,277481.0,271484.0,265512.0,260897.0,255274.0,257843.0,254413.0,250424.0,246797.0,242953.0,237711.0,232800.0,229219.0,223361.0,218094.0,212586.0,208298.0,203789.0,202932.0,198635.0
사천시 - 1인당 자동차등록대수＜br＞(A÷B),Statistics,0.3,0.3,0.3,0.3,0.4,0.4,0.4,0.4,0.4,0.4,0.4,0.4,0.5,0.5,0.5,0.5,0.5,0.5,0.5,0.6,0.6
사천시 - 자동차등록대수＜br＞(A),Statistics,33798.0,34702.0,36516.0,38811.0,40278.0,41929.0,43712.0,44771.0,46180.0,48072.0,49761.0,51365.0,53043.0,54695.0,56044.0,56496.0,58003.0,58685.0,60011.0,61190.0,62394.0
사천시 - 주민등록인구＜br＞(B),Statistics,112670.0,111293.0,112300.0,112499.0,112828.0,112724.0,114148.0,114133.0,115321.0,116851.0,116485.0,115452.0,114912.0,114252.0,113888.0,111925.0,111105.0,109953.0,109369.0,109030.0,108504.0
사하구 - 1인당 자동차등록대수＜br＞(A÷B),Statistics,0.3,0.3,0.3,0.3,0.3,0.3,0.3,0.3,0.3,0.3,0.3,0.3,0.3,0.3,0.4,0.4,0.4,0.4,0.4,0.4,0.4
사하구 - 자동차등록대수＜br＞(A),Statistics,97489.0,99203.0,99727.0,101397.0,103261.0,104097.0,105969.0,108417.0,109431.0,110397.0,111203.0,112398.0,114166.0,115817.0,116115.0,114686.0,113804.0,113905.0,114400.0,114621.0,114947.0
사하구 - 주민등록인구＜br＞(B),Statistics,374248.0,371909.0,366865.0,364693.0,365368.0,359800.0,358730.0,355443.0,352726.0,349110.0,343371.0,337781.0,334603.0,333301.0,327791.0,321004.0,311757.0,306003.0,301987.0,297831.0,292491.0
산청군 - 1인당 자동차등록대수＜br＞(A÷B),Statistics,0.3,0.3,0.4,0.4,0.4,0.4,0.4,0.4,0.4,0.5,0.5,0.5,0.5,0.5,0.6,0.6,0.6,0.6,0.6,0.7,0.7
산청군 - 자동차등록대수＜br＞(A),Statistics,11992.0,12264.0,12544.0,12908.0,13298.0,14137.0,14723.0,15358.0,15805.0,16579.0,17188.0,18082.0,18856.0,19696.0,20266.0,20509.0,20989.0,21439.0,21872.0,22414.0,22629.0
산청군 - 주민등록인구＜br＞(B),Statistics,36849.0,36294.0,35704.0,35274.0,35043.0,34921.0,35591.0,35651.0,35691.0,35935.0,35849.0,36071.0,36098.0,36340.0,35952.0,35417.0,34857.0,34360.0,34028.0,33752.0,33259.0
삼척시 - 1인당 자동차등록대수＜br＞(A÷B),Statistics,0.3,0.3,0.3,0.3,0.3,0.3,0.4,0.4,0.4,0.4,0.4,0.4,0.4,0.5,0.5,0.5,0.5,0.5,0.5,0.6,0.6
삼척시 - 자동차등록대수＜br＞(A),Statistics,22367.0,22567.0,22730.0,23315.0,23849.0,24991.0,25660.0,26467.0,26992.0,27759.0,28537.0,29436.0,30170.0,30889.0,32248.0,32662.0,33312.0,33584.0,34482.0,35061.0,35369.0
삼척시 - 주민등록인구＜br＞(B),Statistics,74301.0,73134.0,71750.0,70791.0,70954.0,71935.0,72046.0,72312.0,72463.0,73023.0,72314.0,70839.0,69599.0,68514.0,68326.0,67228.0,65243.0,63429.0,63455.0,62651.0,61735.0
상주시 - 1인당 자동차등록대수＜br＞(A÷B),Statistics,0.3,0.3,0.3,0.4,0.4,0.4,0.4,0.4,0.4,0.4,0.5,0.5,0.5,0.5,0.5,0.5,0.6,0.6,0.6,0.6,0.6
상주시 - 자동차등록대수＜br＞(A),Statistics,34535.0,35629.0,36857.0,37959.0,38962.0,40958.0,42543.0,43588.0,44526.0,45671.0,47195.0,48978.0,50825.0,51986.0,53358.0,54625.0,54957.0,55433.0,56797.0,58084.0,58684.0
상주시 - 주민등록인구＜br＞(B),Statistics,112585.0,110444.0,108280.0,106600.0,105381.0,106208.0,105607.0,104685.0,104182.0,103346.0,102892.0,102374.0,101799.0,100947.0,100297.0,100688.0,97228.0,95566.0,94823.0,93858.0,91850.0
서구 - 1인당 자동차등록대수＜br＞(A÷B),Statistics,0.2,0.2,0.2,0.2,0.2,0.2,0.2,0.2,0.2,0.2,0.2,0.2,0.3,0.3,0.3,0.3,0.3,0.3,0.3,0.3,0.3
서구 - 자동차등록대수＜br＞(A),Statistics,26747.0,26645.0,26422.0,26449.0,25513.0,26307.0,26783.0,27556.0,27570.0,27700.0,28404.0,28823.0,28875.0,28850.0,29889.0,29601.0,30447.0,30668.0,31944.0,32077.0,32316.0
서구 - 주민등록인구＜br＞(B),Statistics,142460.0,139607.0,136226.0,132803.0,129385.0,125785.0,126040.0,123718.0,120828.0,118783.0,118115.0,115963.0,112973.0,110039.0,110534.0,108229.0,108135.0,105164.0,105192.0,104089.0,103188.0
서귀포시 - 1인당 자동차등록대수＜br＞(A÷B),Statistics,,,0.4,0.4,0.4,0.4,0.5,0.5,0.5,0.5,0.5,0.5,0.5,0.6,0.6,0.6,0.6,0.6,0.6,0.6,0.6
서귀포시 - 자동차등록대수＜br＞(A),Statistics,,,63099.0,65731.0,66745.0,68059.0,69798.0,71298.0,73016.0,75562.0,79389.0,86231.0,93537.0,99560.0,103517.0,104903.0,106161.0,108162.0,109936.0,110462.0,110428.0
서귀포시 - 주민등록인구＜br＞(B),Statistics,,,154895.0,153800.0,153120.0,152285.0,153716.0,153366.0,154057.0,155641.0,158512.0,164519.0,170932.0,178383.0,181245.0,181584.0,182169.0,183663.0,184770.0,183598.0,182020.0
서대문구 - 1인당 자동차등록대수＜br＞(A÷B),Statistics,0.2,0.2,0.2,0.2,0.2,0.2,0.2,0.2,0.3,0.3,0.3,0.3,0.3,0.3,0.3,0.3,0.3,0.3,0.3,0.3,0.3
서대문구 - 자동차등록대수＜br＞(A),Statistics,82995.0,81968.0,82558.0,83054.0,80052.0,80186.0,79542.0,78039.0,79020.0,79216.0,79582.0,82327.0,84358.0,86068.0,86753.0,87104.0,89496.0,89199.0,90932.0,91648.0,91453.0
서대문구 - 주민등록인구＜br＞(B),Statistics,352071.0,349163.0,349020.0,348575.0,331688.0,327451.0,324541.0,314852.0,315113.0,314110.0,310376.0,312141.0,314194.0,312800.0,310313.0,309397.0,312173.0,304819.0,306337.0,306231.0,302853.0
서산시 - 1인당 자동차등록대수＜br＞(A÷B),Statistics,0.3,0.3,0.4,0.4,0.4,0.4,0.4,0.4,0.4,0.4,0.5,0.5,0.5,0.5,0.5,0.5,0.6,0.6,0.6,0.6,0.6
서산시 - 자동차등록대수＜br＞(A),Statistics,49217.0,51747.0,53919.0,56909.0,59923.0,62889.0,65583.0,68166.0,70156.0,73231.0,76865.0,81439.0,84886.0,88424.0,92499.0,94827.0,98036.0,101073.0,103650.0,106565.0,108021.0
서산시 - 주민등록인구＜br＞(B),Statistics,150131.0,150294.0,150889.0,153569.0,156867.0,158886.0,160468.0,161489.0,163315.0,165837.0,167611.0,170099.0,170788.0,171678.0,174162.0,174690.0,175591.0,176645.0,176413.0,176011.0,174445.0
서울특별시 - 1인당 자동차등록대수＜br＞(A÷B),Statistics,0.3,0.3,0.3,0.3,0.3,0.3,0.3,0.3,0.3,0.3,0.3,0.3,0.3,0.3,0.3,0.3,0.3,0.3,0.3,0.3,0.3
서울특별시 - 자동차등록대수＜br＞(A),Statistics,2779841.0,2808771.0,2856857.0,2933286.0,2949211.0,2954704.0,2981400.0,2977599.0,2969184.0,2973877.0,3013541.0,3056588.0,3083007.0,3116256.0,3124651.0,3124157.0,3157361.0,3176743.0,3193351.0,3191162.0,3176933.0
서울특별시 - 주민등록인구＜br＞(B),Statistics,10173162.0,10167344.0,10181166.0,10192710.0,10200827.0,10208302.0,10312545.0,10249679.0,10195318.0,10143645.0,10103233.0,10022181.0,9930616.0,9857426.0,9765623.0,9729107.0,9668465.0,9509458.0,9428372.0,9386034.0,9331828.0
서천군 - 1인당 자동차등록대수＜br＞(A÷B),Statistics,0.3,0.3,0.3,0.3,0.4,0.4,0.4,0.4,0.4,0.4,0.4,0.5,0.5,0.5,0.5,0.5,0.5,0.6,0.6,0.6,0.6
서천군 - 자동차등록대수＜br＞(A),Statistics,19269.0,19869.0,20375.0,20844.0,21444.0,22228.0,22872.0,23453.0,23935.0,24563.0,25199.0,26061.0,26820.0,27381.0,27609.0,27857.0,28003.0,28156.0,28523.0,28991.0,29189.0
서천군 - 주민등록인구＜br＞(B),Statistics,65650.0,64322.0,62629.0,61168.0,60507.0,60066.0,60085.0,59541.0,58920.0,58441.0,57713.0,56910.0,56012.0,55175.0,53922.0,52805.0,51866.0,50745.0,49964.0,49116.0,48204.0
서초구 - 1인당 자동차등록대수＜br＞(A÷B),Statistics,0.4,0.4,0.4,0.4,0.4,0.4,0.4,0.4,0.4,0.4,0.4,0.4,0.4,0.4,0.4,0.4,0.4,0.4,0.4,0.4,0.4
서초구 - 자동차등록대수＜br＞(A),Statistics,160932.0,161068.0,165633.0,181234.0,167086.0,167067.0,170001.0,171097.0,172223.0,173554.0,179331.0,178847.0,179949.0,181546.0,182123.0,181182.0,181053.0,177133.0,176799.0,177103.0,177348.0
서초구 - 주민등록인구＜br＞(B),Statistics,400868.0,401736.0,408266.0,405969.0,406320.0,425481.0,434720.0,433564.0,435044.0,441763.0,449678.0,446764.0,447192.0,441102.0,433951.0,430826.0,425126.0,412279.0,404325.0,407664.0,408376.0
성남시 - 1인당 자동차등록대수＜br＞(A÷B),Statistics,0.3,0.3,0.3,0.3,0.3,0.3,0.3,0.3,0.3,0.3,0.3,0.3,0.3,0.4,0.4,0.4,0.4,0.4,0.4,0.4,0.4
성남시 - 자동차등록대수＜br＞(A),Statistics,282816.0,296573.0,300918.0,294429.0,287615.0,294001.0,301703.0,303756.0,306059.0,310097.0,315096.0,322510.0,332798.0,338669.0,340311.0,339068.0,345902.0,351186.0,356554.0,361213.0,362025.0
성남시 - 주민등록인구＜br＞(B),Statistics,977166.0,983075.0,964831.0,953960.0,942447.0,962726.0,980190.0,979323.0,978615.0,979534.0,974608.0,971424.0,974580.0,967510.0,954347.0,942724.0,940064.0,930948.0,922518.0,919747.0,913009.0
성동구 - 1인당 자동차등록대수＜br＞(A÷B),Statistics,0.3,0.3,0.3,0.3,0.3,0.3,0.3,0.3,0.3,0.3,0.3,0.3,0.3,0.3,0.3,0.4,0.4,0.4,0.4,0.4,0.4
성동구 - 자동차등록대수＜br＞(A),Statistics,86244.0,88033.0,88741.0,89667.0,85259.0,85647.0,87277.0,87217.0,87704.0,89596.0,91347.0,95767.0,99529.0,103116.0,106094.0,106263.0,106156.0,107564.0,104434.0,104416.0,104163.0
성동구 - 주민등록인구＜br＞(B),Statistics,339113.0,337744.0,334437.0,333535.0,314212.0,308058.0,309093.0,300711.0,299604.0,299337.0,296086.0,297003.0,299259.0,304808.0,308221.0,300889.0,293556.0,285990.0,281000.0,277361.0,273669.0
성북구 - 1인당 자동차등록대수＜br＞(A÷B),Statistics,0.2,0.2,0.2,0.2,0.2,0.2,0.2,0.2,0.2,0.2,0.2,0.3,0.3,0.3,0.3,0.3,0.3,0.3,0.3,0.3,0.3
성북구 - 자동차등록대수＜br＞(A),Statistics,98864.0,102426.0,106684.0,108205.0,109805.0,112409.0,115600.0,116240.0,116339.0,116282.0,115738.0,116544.0,116446.0,117209.0,116543.0,119321.0,120269.0,121073.0,122644.0,122505.0,121752.0
성북구 - 주민등록인구＜br＞(B),Statistics,451122.0,462879.0,472843.0,469973.0,473357.0,476028.0,488932.0,485171.0,481857.0,476589.0,466706.0,459275.0,450355.0,444055.0,435868.0,442650.0,437153.0,430528.0,430397.0,425602.0,421560.0
성주군 - 1인당 자동차등록대수＜br＞(A÷B),Statistics,0.4,0.4,0.4,0.4,0.5,0.5,0.5,0.5,0.5,0.6,0.6,0.6,0.7,0.7,0.7,0.7,0.7,0.8,0.8,0.8,0.8
성주군 - 자동차등록대수＜br＞(A),Statistics,18899.0,19415.0,20058.0,20543.0,20732.0,21789.0,22752.0,23945.0,24685.0,25866.0,27027.0,28353.0,29393.0,30490.0,30901.0,31195.0,32003.0,32468.0,33139.0,33769.0,34114.0
성주군 - 주민등록인구＜br＞(B),Statistics,47731.0,46960.0,46358.0,45680.0,45024.0,45616.0,45289.0,45640.0,45127.0,45067.0,44981.0,45029.0,45205.0,45138.0,44672.0,44015.0,43414.0,42842.0,42566.0,42086.0,41452.0
세종특별자치시 - 1인당 자동차등록대수＜br＞(A÷B),Statistics,,,,,,,,,0.4,0.4,0.4,0.4,0.5,0.5,0.5,0.5,0.5,0.5,0.5,0.5,0.5
세종특별자치시 - 자동차등록대수＜br＞(A),Statistics,,,,,,,,,47760.0,52996.0,67956.0,93140.0,110419.0,129765.0,147925.0,163339.0,174742.0,185042.0,193711.0,198110.0,202257.0
세종특별자치시 - 주민등록인구＜br＞(B),Statistics,,,,,,,,,113117.0,122153.0,156125.0,210884.0,243048.0,280100.0,314126.0,340575.0,355831.0,371895.0,383591.0,386525.0,390685.0
속초시 - 1인당 자동차등록대수＜br＞(A÷B),Statistics,0.3,0.3,0.3,0.3,0.3,0.4,0.4,0.4,0.4,0.4,0.4,0.4,0.4,0.4,0.5,0.5,0.5,0.5,0.5,0.5,0.5
속초시 - 자동차등록대수＜br＞(A),Statistics,27552.0,27745.0,27870.0,28603.0,28856.0,29480.0,30481.0,30761.0,30946.0,31651.0,32196.0,33550.0,34917.0,36601.0,37269.0,38004.0,39711.0,40729.0,41870.0,42635.0,42547.0
속초시 - 주민등록인구＜br＞(B),Statistics,87933.0,87124.0,86073.0,85370.0,84599.0,83822.0,84302.0,83745.0,83579.0,83109.0,82432.0,81992.0,81793.0,82273.0,81682.0,81786.0,82665.0,82791.0,82806.0,82054.0,80933.0
송파구 - 1인당 자동차등록대수＜br＞(A÷B),Statistics,0.3,0.3,0.3,0.3,0.3,0.3,0.3,0.3,0.3,0.3,0.3,0.3,0.3,0.3,0.4,0.4,0.4,0.4,0.4,0.4,0.4
송파구 - 자동차등록대수＜br＞(A),Statistics,186605.0,187674.0,188894.0,193284.0,205246.0,211460.0,213490.0,215036.0,213658.0,214019.0,215990.0,218942.0,222514.0,231819.0,236179.0,240559.0,245833.0,246858.0,250142.0,244299.0,242897.0
송파구 - 주민등록인구＜br＞(B),Statistics,604293.0,605840.0,607005.0,623876.0,668962.0,681476.0,685279.0,682209.0,673115.0,668415.0,664738.0,660302.0,657831.0,664496.0,666635.0,675961.0,667960.0,658338.0,658801.0,654166.0,650110.0
수성구 - 1인당 자동차등록대수＜br＞(A÷B),Statistics,0.3,0.3,0.3,0.4,0.4,0.4,0.4,0.4,0.4,0.4,0.4,0.5,0.5,0.5,0.5,0.5,0.5,0.5,0.5,0.5,0.5
수성구 - 자동차등록대수＜br＞(A),Statistics,148099.0,149104.0,153573.0,158502.0,160548.0,165406.0,175962.0,183468.0,191519.0,200314.0,204237.0,208412.0,209951.0,213452.0,215966.0,218885.0,220692.0,213513.0,217665.0,220199.0,222665.0
수성구 - 주민등록인구＜br＞(B),Statistics,443881.0,437356.0,440172.0,447164.0,451732.0,456196.0,461988.0,461083.0,459779.0,461004.0,456505.0,451786.0,447011.0,439211.0,432759.0,428614.0,424314.0,417097.0,411553.0,407331.0,409107.0
수영구 - 1인당 자동차등록대수＜br＞(A÷B),Statistics,0.3,0.3,0.3,0.3,0.3,0.3,0.4,0.4,0.3,0.3,0.3,0.3,0.4,0.4,0.5,0.5,0.6,0.6,0.7,0.7,0.8
수영구 - 자동차등록대수＜br＞(A),Statistics,48159.0,48456.0,48473.0,49272.0,49589.0,60305.0,62962.0,62980.0,60888.0,58519.0,60118.0,62355.0,68052.0,76909.0,86929.0,93604.0,101001.0,106936.0,118507.0,125428.0,133415.0
수영구 - 주민등록인구＜br＞(B),Statistics,180576.0,178684.0,177814.0,178253.0,177140.0,177292.0,178267.0,176691.0,176666.0,175098.0,178480.0,179795.0,179324.0,179996.0,176246.0,176148.0,176894.0,175095.0,174806.0,174518.0,171918.0
수원시 - 1인당 자동차등록대수＜br＞(A÷B),Statistics,0.3,0.3,0.3,0.3,0.3,0.3,0.3,0.3,0.4,0.4,0.4,0.4,0.4,0.4,0.4,0.4,0.4,0.5,0.5,0.5,0.5
수원시 - 자동차등록대수＜br＞(A),Statistics,323761.0,336065.0,352985.0,356981.0,358239.0,363592.0,371335.0,379694.0,394885.0,411685.0,433967.0,455150.0,475847.0,491122.0,504944.0,507939.0,529578.0,538105.0,556550.0,569460.0,579437.0
수원시 - 주민등록인구＜br＞(B),Statistics,1033829.0,1045587.0,1068906.0,1067702.0,1067425.0,1073149.0,1077535.0,1088489.0,1120258.0,1148157.0,1174228.0,1184624.0,1194041.0,1202628.0,1201166.0,1194465.0,1186078.0,1183714.0,1190964.0,1197257.0,1193005.0
순창군 - 1인당 자동차등록대수＜br＞(A÷B),Statistics,0.3,0.3,0.3,0.3,0.3,0.3,0.4,0.4,0.4,0.4,0.4,0.4,0.5,0.5,0.5,0.5,0.5,0.6,0.6,0.6,0.6
순창군 - 자동차등록대수＜br＞(A),Statistics,8177.0,8576.0,9064.0,9573.0,9969.0,10419.0,10943.0,11033.0,11654.0,12226.0,12905.0,13351.0,13854.0,14197.0,14564.0,14698.0,14927.0,15036.0,15549.0,16068.0,16542.0
순창군 - 주민등록인구＜br＞(B),Statistics,31814.0,32012.0,32485.0,32035.0,30920.0,30179.0,30209.0,29497.0,30055.0,30272.0,30368.0,30248.0,29949.0,29698.0,29209.0,28382.0,27810.0,26855.0,26727.0,26764.0,26822.0
순천시 - 1인당 자동차등록대수＜br＞(A÷B),Statistics,0.3,0.3,0.3,0.3,0.3,0.4,0.4,0.4,0.4,0.4,0.4,0.4,0.5,0.5,0.5,0.5,0.5,0.5,0.5,0.6,0.6
순천시 - 자동차등록대수＜br＞(A),Statistics,82317.0,85410.0,88202.0,91097.0,93314.0,97066.0,101019.0,103946.0,107263.0,111069.0,115867.0,121250.0,126371.0,131149.0,135744.0,139531.0,145022.0,147581.0,150609.0,154099.0,156494.0
순천시 - 주민등록인구＜br＞(B),Statistics,270059.0,270934.0,269940.0,270380.0,269429.0,269516.0,272620.0,272201.0,273798.0,275668.0,277188.0,278765.0,278548.0,279331.0,279389.0,279598.0,282189.0,281436.0,278737.0,278137.0,276329.0
시흥시 - 1인당 자동차등록대수＜br＞(A÷B),Statistics,0.4,0.4,0.4,0.4,0.4,0.4,0.4,0.4,0.4,0.4,0.4,0.5,0.5,0.5,0.5,0.5,0.5,0.5,0.5,0.5,0.5
시흥시 - 자동차등록대수＜br＞(A),Statistics,134955.0,139573.0,143722.0,147271.0,149460.0,154403.0,160208.0,162465.0,163438.0,166516.0,171993.0,180129.0,188788.0,202544.0,220253.0,233946.0,250866.0,262711.0,269484.0,278384.0,281885.0
시흥시 - 주민등록인구＜br＞(B),Statistics,378613.0,387239.0,390477.0,390564.0,392756.0,397912.0,403797.0,401149.0,399485.0,396765.0,394639.0,398256.0,402888.0,419664.0,448687.0,473682.0,500895.0,512030.0,512912.0,519715.0,518132.0
신안군 - 1인당 자동차등록대수＜br＞(A÷B),Statistics,0.2,0.2,0.3,0.3,0.3,0.3,0.3,0.4,0.4,0.4,0.4,0.4,0.5,0.5,0.5,0.5,1.7,2.8,3.3,3.3,3.5
신안군 - 자동차등록대수＜br＞(A),Statistics,10768.0,11145.0,12114.0,12857.0,13628.0,14595.0,15459.0,16000.0,16361.0,17201.0,17904.0,18776.0,19538.0,20491.0,21238.0,21873.0,66463.0,105581.0,124170.0,123911.0,131749.0
신안군 - 주민등록인구＜br＞(B),Statistics,47591.0,46451.0,46714.0,45968.0,45718.0,45294.0,45428.0,44355.0,43898.0,44162.0,43747.0,43294.0,42652.0,42070.0,41263.0,40274.0,38938.0,38217.0,37858.0,38037.0,38173.0
아산시 - 1인당 자동차등록대수＜br＞(A÷B),Statistics,0.3,0.4,0.4,0.4,0.4,0.4,0.4,0.4,0.4,0.4,0.5,0.5,0.5,0.5,0.5,0.5,0.5,0.6,0.6,0.6,0.6
아산시 - 자동차등록대수＜br＞(A),Statistics,68379.0,72534.0,77745.0,83964.0,94165.0,102352.0,107756.0,113685.0,119383.0,125783.0,133182.0,140075.0,147798.0,156643.0,162438.0,167412.0,173160.0,182179.0,191986.0,203365.0,211561.0
아산시 - 주민등록인구＜br＞(B),Statistics,200938.0,204431.0,211560.0,221490.0,240942.0,256449.0,265191.0,274523.0,280490.0,287073.0,293954.0,297737.0,302929.0,311453.0,312822.0,314395.0,316129.0,324580.0,334539.0,345796.0,355014.0
안동시 - 1인당 자동차등록대수＜br＞(A÷B),Statistics,0.3,0.3,0.3,0.4,0.4,0.4,0.4,0.4,0.4,0.4,0.4,0.5,0.5,0.5,0.5,0.5,0.5,0.6,0.6,0.6,0.6
안동시 - 자동차등록대수＜br＞(A),Statistics,55084.0,56456.0,57573.0,58920.0,60528.0,62991.0,65136.0,67749.0,69705.0,71929.0,74385.0,77487.0,80348.0,81825.0,82463.0,83225.0,85324.0,86360.0,87606.0,88840.0,90324.0
안동시 - 주민등록인구＜br＞(B),Statistics,174037.0,171387.0,168733.0,167916.0,167300.0,167432.0,167886.0,168157.0,168302.0,168461.0,168697.0,169221.0,168798.0,166272.0,162180.0,160052.0,158907.0,156972.0,154610.0,152935.0,153159.0
안산시 - 1인당 자동차등록대수＜br＞(A÷B),Statistics,0.3,0.3,0.3,0.3,0.3,0.4,0.4,0.4,0.4,0.4,0.4,0.4,0.4,0.4,0.5,0.5,0.5,0.5,0.5,0.5,0.5
안산시 - 자동차등록대수＜br＞(A),Statistics,216517.0,224351.0,233904.0,242058.0,245248.0,247325.0,256358.0,260652.0,263796.0,270076.0,276895.0,284245.0,291524.0,297614.0,297850.0,297771.0,309505.0,316309.0,322022.0,323710.0,325528.0
안산시 - 주민등록인구＜br＞(B),Statistics,666784.0,679011.0,698819.0,705040.0,708257.0,705346.0,714891.0,715586.0,715108.0,713666.0,707876.0,697885.0,689859.0,677710.0,660343.0,650918.0,654915.0,652726.0,641660.0,629308.0,620579.0
안성시 - 1인당 자동차등록대수＜br＞(A÷B),Statistics,0.4,0.4,0.4,0.4,0.4,0.4,0.4,0.4,0.4,0.5,0.5,0.5,0.5,0.5,0.5,0.6,0.6,0.6,0.6,0.6,0.6
안성시 - 자동차등록대수＜br＞(A),Statistics,57427.0,60088.0,62638.0,66291.0,70245.0,72058.0,76355.0,79679.0,81533.0,83726.0,87019.0,89930.0,94666.0,98117.0,100418.0,103031.0,108455.0,113751.0,115872.0,118627.0,123626.0
안성시 - 주민등록인구＜br＞(B),Statistics,154110.0,157130.0,159655.0,163733.0,169545.0,170919.0,177937.0,180743.0,181608.0,182173.0,181896.0,180199.0,182896.0,182786.0,183579.0,183405.0,187012.0,189534.0,188842.0,189034.0,193949.0
안양시 - 1인당 자동차등록대수＜br＞(A÷B),Statistics,0.3,0.3,0.3,0.3,0.3,0.3,0.3,0.3,0.3,0.3,0.3,0.3,0.4,0.4,0.4,0.4,0.4,0.4,0.4,0.4,0.4
안양시 - 자동차등록대수＜br＞(A),Statistics,177820.0,181356.0,184907.0,188423.0,188418.0,190553.0,194086.0,194263.0,194775.0,196301.0,198675.0,203504.0,209151.0,211192.0,211376.0,209800.0,209297.0,212917.0,219025.0,221466.0,228365.0
안양시 - 주민등록인구＜br＞(B),Statistics,621047.0,625350.0,624280.0,624197.0,620279.0,616547.0,621714.0,615642.0,611412.0,607877.0,600809.0,597789.0,597414.0,587764.0,576831.0,567044.0,550027.0,547178.0,548228.0,544660.0,556492.0
양구군 - 1인당 자동차등록대수＜br＞(A÷B),Statistics,0.3,0.3,0.3,0.4,0.4,0.4,0.4,0.4,0.4,0.4,0.4,0.4,0.5,0.5,0.5,0.5,0.6,0.6,0.6,0.6,0.6
양구군 - 자동차등록대수＜br＞(A),Statistics,6759.0,7024.0,7215.0,7585.0,7758.0,8115.0,8470.0,8759.0,9119.0,9645.0,10226.0,10680.0,11167.0,11621.0,11989.0,12157.0,12267.0,12383.0,12677.0,12929.0,12951.0
양구군 - 주민등록인구＜br＞(B),Statistics,21692.0,21480.0,21269.0,21401.0,21303.0,21323.0,21843.0,22285.0,22799.0,23594.0,23888.0,24089.0,24010.0,23835.0,23408.0,22764.0,22278.0,21748.0,21383.0,21056.0,20621.0
양산시 - 1인당 자동차등록대수＜br＞(A÷B),Statistics,0.3,0.4,0.4,0.4,0.4,0.4,0.4,0.4,0.4,0.4,0.4,0.4,0.5,0.5,0.5,0.5,0.5,0.5,0.5,0.5,0.5
양산시 - 자동차등록대수＜br＞(A),Statistics,73987.0,78360.0,81741.0,85525.0,90309.0,95094.0,101206.0,106111.0,110528.0,116599.0,125102.0,133830.0,144674.0,158297.0,165739.0,169875.0,174259.0,179540.0,183491.0,188180.0,193362.0
양산시 - 주민등록인구＜br＞(B),Statistics,213695.0,222299.0,226425.0,231956.0,243012.0,250387.0,260239.0,266403.0,270460.0,279565.0,292376.0,301291.0,317037.0,338535.0,348639.0,350759.0,352229.0,354726.0,353792.0,355122.0,359531.0
양양군 - 1인당 자동차등록대수＜br＞(A÷B),Statistics,0.3,0.4,0.4,0.4,0.4,0.4,0.4,0.4,0.4,0.4,0.5,0.5,0.5,0.5,0.5,0.6,0.6,0.6,0.6,0.6,0.6
양양군 - 자동차등록대수＜br＞(A),Statistics,10197.0,10375.0,10654.0,10879.0,11054.0,11443.0,11676.0,11946.0,12179.0,12430.0,12817.0,13218.0,13694.0,14302.0,15016.0,15562.0,16235.0,16615.0,17172.0,17505.0,17709.0
양양군 - 주민등록인구＜br＞(B),Statistics,29187.0,29132.0,28661.0,28472.0,28115.0,27957.0,27929.0,27942.0,27802.0,27659.0,27521.0,27479.0,27218.0,27207.0,27347.0,27726.0,27946.0,27913.0,27866.0,27710.0,27489.0
양주시 - 1인당 자동차등록대수＜br＞(A÷B),Statistics,0.4,0.4,0.4,0.4,0.4,0.4,0.4,0.4,0.4,0.4,0.4,0.4,0.4,0.4,0.5,0.5,0.5,0.5,0.5,0.5,0.5
양주시 - 자동차등록대수＜br＞(A),Statistics,53952.0,57259.0,60423.0,64858.0,66388.0,68272.0,74282.0,76070.0,76958.0,77855.0,80700.0,85268.0,88763.0,95113.0,99621.0,103867.0,110181.0,115489.0,122407.0,136401.0,147661.0
양주시 - 주민등록인구＜br＞(B),Statistics,152596.0,160589.0,169806.0,179914.0,179914.0,182106.0,196706.0,200360.0,200310.0,199143.0,202072.0,205184.0,205513.0,212146.0,216951.0,222314.0,230359.0,236368.0,243432.0,268026.0,289005.0
양천구 - 1인당 자동차등록대수＜br＞(A÷B),Statistics,0.3,0.3,0.3,0.3,0.3,0.3,0.3,0.3,0.3,0.3,0.3,0.3,0.3,0.3,0.3,0.3,0.3,0.3,0.3,0.3,0.3
양천구 - 자동차등록대수＜br＞(A),Statistics,136190.0,139667.0,142148.0,144744.0,143687.0,146542.0,146470.0,146701.0,146867.0,147281.0,147457.0,149721.0,150208.0,150823.0,150521.0,149673.0,151449.0,151338.0,151846.0,151409.0,150231.0
양천구 - 주민등록인구＜br＞(B),Statistics,495098.0,499755.0,501717.0,503650.0,502343.0,501395.0,500001.0,500210.0,495911.0,492528.0,486221.0,484532.0,477739.0,471154.0,464185.0,458165.0,454251.0,447302.0,440881.0,436028.0,430976.0
양평군 - 1인당 자동차등록대수＜br＞(A÷B),Statistics,0.3,0.4,0.4,0.4,0.4,0.4,0.4,0.4,0.4,0.4,0.4,0.5,0.5,0.5,0.5,0.5,0.5,0.5,0.5,0.6,0.6
양평군 - 자동차등록대수＜br＞(A),Statistics,28994.0,30329.0,31652.0,33315.0,35010.0,36851.0,39209.0,41501.0,43314.0,44865.0,46890.0,50096.0,53393.0,56759.0,58696.0,59992.0,62134.0,64365.0,66574.0,68960.0,70452.0
양평군 - 주민등록인구＜br＞(B),Statistics,84673.0,85533.0,86298.0,87874.0,89812.0,91450.0,95833.0,99430.0,102193.0,103620.0,105379.0,108316.0,111367.0,115105.0,116095.0,116874.0,118810.0,121230.0,122323.0,125238.0,126804.0
여수시 - 1인당 자동차등록대수＜br＞(A÷B),Statistics,0.3,0.3,0.3,0.3,0.3,0.3,0.3,0.4,0.4,0.4,0.4,0.4,0.4,0.4,0.5,0.5,0.5,0.5,0.5,0.5,0.5
여수시 - 자동차등록대수＜br＞(A),Statistics,83945.0,86286.0,89339.0,92378.0,94717.0,98396.0,102062.0,105977.0,108847.0,112282.0,115955.0,120641.0,124848.0,128348.0,131371.0,134849.0,138454.0,140207.0,143173.0,145689.0,146792.0
여수시 - 주민등록인구＜br＞(B),Statistics,305312.0,301389.0,297489.0,295439.0,295133.0,293546.0,293488.0,292750.0,292217.0,291366.0,290900.0,290168.0,288988.0,286382.0,283300.0,282786.0,280242.0,276762.0,274765.0,271696.0,267816.0
여주시 - 1인당 자동차등록대수＜br＞(A÷B),Statistics,,,,,,,,,,0.5,0.5,0.6,0.6,0.6,0.6,0.6,0.6,0.6,0.7,0.7,0.7
여주시 - 자동차등록대수＜br＞(A),Statistics,,,,,,,,,,57060.0,59278.0,61631.0,63888.0,66033.0,67387.0,68490.0,70352.0,72111.0,74584.0,77019.0,78557.0
여주시 - 주민등록인구＜br＞(B),Statistics,,,,,,,,,,109343.0,110386.0,111033.0,111563.0,111984.0,111525.0,111083.0,111897.0,112150.0,113150.0,114412.0,114610.0
연수구 - 1인당 자동차등록대수＜br＞(A÷B),Statistics,0.3,0.3,0.3,0.3,0.3,0.3,0.3,0.3,0.4,0.4,0.4,0.4,0.5,0.5,0.5,0.5,0.5,0.5,0.6,0.6,0.6
연수구 - 자동차등록대수＜br＞(A),Statistics,78909.0,82757.0,85965.0,87209.0,87381.0,90268.0,94112.0,98460.0,108287.0,118186.0,129515.0,142503.0,154618.0,165995.0,173670.0,185470.0,200408.0,208616.0,215944.0,227932.0,236365.0
연수구 - 주민등록인구＜br＞(B),Statistics,255998.0,265658.0,271010.0,268780.0,268668.0,271497.0,279230.0,287903.0,292589.0,300305.0,310703.0,319052.0,328627.0,335142.0,346359.0,366550.0,387450.0,389644.0,385796.0,392416.0,400213.0
연제구 - 1인당 자동차등록대수＜br＞(A÷B),Statistics,0.3,0.3,0.3,0.3,0.4,0.4,0.4,0.4,0.4,0.4,0.4,0.5,0.4,0.5,0.4,0.5,0.5,0.5,0.6,0.6,0.7
연제구 - 자동차등록대수＜br＞(A),Statistics,61046.0,61475.0,62086.0,62614.0,81979.0,86539.0,81010.0,79970.0,80019.0,80109.0,89034.0,98416.0,90354.0,94625.0,89860.0,98311.0,101714.0,106262.0,124434.0,129145.0,153069.0
연제구 - 주민등록인구＜br＞(B),Statistics,221853.0,217763.0,214809.0,212658.0,212810.0,210390.0,212696.0,213326.0,211536.0,209290.0,208012.0,210718.0,207268.0,206742.0,207840.0,209395.0,209157.0,207144.0,203536.0,205766.0,212589.0
연천군 - 1인당 자동차등록대수＜br＞(A÷B),Statistics,0.5,0.5,0.5,0.5,0.5,0.5,0.5,0.5,0.5,0.5,0.6,0.6,0.6,0.6,0.6,0.7,0.7,0.7,0.7,0.7,0.7
연천군 - 자동차등록대수＜br＞(A),Statistics,24267.0,23927.0,23888.0,24237.0,24348.0,24656.0,24237.0,24394.0,24918.0,25022.0,25361.0,26229.0,27588.0,28362.0,28679.0,28869.0,29303.0,29492.0,29966.0,30089.0,30060.0
연천군 - 주민등록인구＜br＞(B),Statistics,48687.0,47123.0,46075.0,45603.0,45495.0,45241.0,45177.0,44900.0,45599.0,45610.0,45363.0,45725.0,45907.0,45431.0,44633.0,43824.0,43516.0,42721.0,42062.0,41584.0,40866.0
영광군 - 1인당 자동차등록대수＜br＞(A÷B),Statistics,0.3,0.3,0.3,0.3,0.3,0.4,0.4,0.4,0.4,0.4,0.4,0.4,0.5,0.5,0.5,0.5,0.5,0.6,0.6,0.6,0.6
영광군 - 자동차등록대수＜br＞(A),Statistics,16830.0,17206.0,17907.0,18414.0,19067.0,19998.0,20788.0,21469.0,22422.0,23442.0,24226.0,25195.0,26004.0,26619.0,27168.0,27863.0,28542.0,29019.0,30116.0,30712.0,31717.0
영광군 - 주민등록인구＜br＞(B),Statistics,62959.0,61500.0,60045.0,58837.0,58075.0,57037.0,57362.0,56863.0,57224.0,57617.0,56833.0,56267.0,55618.0,54774.0,54127.0,53852.0,53099.0,51985.0,52197.0,51750.0,52098.0
영덕군 - 1인당 자동차등록대수＜br＞(A÷B),Statistics,0.3,0.3,0.3,0.3,0.3,0.3,0.4,0.4,0.4,0.4,0.4,0.4,0.5,0.5,0.5,0.5,0.5,0.6,0.6,0.6,0.6
영덕군 - 자동차등록대수＜br＞(A),Statistics,12632.0,12985.0,13577.0,13726.0,14029.0,14520.0,14961.0,15377.0,15772.0,16402.0,16797.0,17458.0,18150.0,18634.0,18929.0,19080.0,19363.0,19548.0,19850.0,20136.0,20190.0
영덕군 - 주민등록인구＜br＞(B),Statistics,45826.0,45003.0,46460.0,43470.0,42707.0,41710.0,41377.0,40794.0,40257.0,40142.0,39586.0,39191.0,39052.0,38529.0,38108.0,37361.0,36313.0,35314.0,34650.0,34055.0,33210.0
영도구 - 1인당 자동차등록대수＜br＞(A÷B),Statistics,0.2,0.2,0.2,0.2,0.2,0.2,0.2,0.2,0.2,0.2,0.3,0.3,0.3,0.3,0.3,0.3,0.3,0.3,0.3,0.3,0.3
영도구 - 자동차등록대수＜br＞(A),Statistics,32912.0,32925.0,32817.0,32937.0,32808.0,32845.0,33586.0,33963.0,34073.0,33749.0,33750.0,34341.0,34365.0,34792.0,33951.0,33324.0,32965.0,33497.0,33856.0,34210.0,33678.0
영도구 - 주민등록인구＜br＞(B),Statistics,166054.0,162961.0,158780.0,155273.0,152118.0,148139.0,146798.0,143205.0,139765.0,135816.0,132102.0,129385.0,126362.0,123521.0,120109.0,116711.0,113342.0,110638.0,108156.0,106548.0,103737.0
영동군 - 1인당 자동차등록대수＜br＞(A÷B),Statistics,0.3,0.3,0.3,0.3,0.3,0.4,0.4,0.4,0.4,0.4,0.4,0.5,0.5,0.5,0.5,0.5,0.5,0.6,0.6,0.6,0.6
영동군 - 자동차등록대수＜br＞(A),Statistics,15632.0,16143.0,16471.0,17054.0,17580.0,18829.0,19545.0,20340.0,20871.0,21431.0,22206.0,23037.0,24076.0,24687.0,25044.0,25283.0,25574.0,25769.0,26431.0,26872.0,27251.0
영동군 - 주민등록인구＜br＞(B),Statistics,52597.0,51800.0,50819.0,50131.0,50276.0,50426.0,50523.0,50621.0,50663.0,50539.0,50803.0,50693.0,50552.0,50240.0,49715.0,48738.0,47475.0,45773.0,44956.0,44195.0,43551.0
영등포구 - 1인당 자동차등록대수＜br＞(A÷B),Statistics,0.3,0.3,0.3,0.4,0.4,0.4,0.4,0.3,0.4,0.4,0.4,0.4,0.4,0.4,0.4,0.4,0.4,0.4,0.4,0.4,0.4
영등포구 - 자동차등록대수＜br＞(A),Statistics,131235.0,133529.0,137035.0,143910.0,146722.0,146153.0,143025.0,137992.0,137267.0,137169.0,139731.0,145778.0,146180.0,146150.0,143940.0,142010.0,146171.0,146095.0,144596.0,144663.0,143967.0
영등포구 - 주민등록인구＜br＞(B),Statistics,406261.0,408386.0,408698.0,408178.0,408099.0,405798.0,406833.0,397443.0,391408.0,386471.0,382352.0,378504.0,370613.0,368550.0,367778.0,367678.0,379480.0,376837.0,375675.0,374794.0,373773.0
영암군 - 1인당 자동차등록대수＜br＞(A÷B),Statistics,0.3,0.3,0.4,0.4,0.4,0.4,0.4,0.5,0.6,0.7,0.9,0.9,0.9,0.8,0.8,0.9,0.8,0.7,0.7,0.7,0.8
영암군 - 자동차등록대수＜br＞(A),Statistics,19704.0,20623.0,21713.0,23448.0,24110.0,25504.0,26776.0,29021.0,33427.0,41212.0,52065.0,51680.0,48676.0,42384.0,45866.0,48542.0,43050.0,36375.0,36667.0,37900.0,38594.0
영암군 - 주민등록인구＜br＞(B),Statistics,62336.0,62004.0,61546.0,60742.0,60106.0,59837.0,60082.0,60139.0,59997.0,59061.0,58852.0,58137.0,57045.0,55616.0,54731.0,54593.0,53699.0,52937.0,52395.0,52350.0,51391.0
영양군 - 1인당 자동차등록대수＜br＞(A÷B),Statistics,0.3,0.3,0.3,0.3,0.3,0.4,0.4,0.4,0.4,0.4,0.5,0.5,0.5,0.5,0.5,0.6,0.6,0.6,0.6,0.7,0.7
영양군 - 자동차등록대수＜br＞(A),Statistics,5902.0,6120.0,6227.0,6346.0,6513.0,6871.0,7124.0,7392.0,7670.0,8004.0,8234.0,8611.0,8848.0,9157.0,9460.0,9641.0,9904.0,10139.0,10271.0,10445.0,10596.0
영양군 - 주민등록인구＜br＞(B),Statistics,20205.0,20025.0,19615.0,19119.0,18766.0,18553.0,18451.0,18241.0,18208.0,18297.0,18197.0,17898.0,17713.0,17479.0,17356.0,16993.0,16692.0,16320.0,16022.0,15661.0,15328.0
영월군 - 1인당 자동차등록대수＜br＞(A÷B),Statistics,0.3,0.3,0.4,0.4,0.4,0.4,0.4,0.4,0.4,0.4,0.5,0.5,0.5,0.5,0.5,0.5,0.6,0.6,0.6,0.6,0.6
영월군 - 자동차등록대수＜br＞(A),Statistics,13802.0,14020.0,14248.0,14740.0,15068.0,15874.0,16393.0,16775.0,17056.0,17626.0,18445.0,19092.0,19774.0,20466.0,20926.0,21223.0,21789.0,22050.0,22441.0,22719.0,22847.0
영월군 - 주민등록인구＜br＞(B),Statistics,42406.0,41538.0,40511.0,40290.0,40201.0,40265.0,40407.0,40199.0,40155.0,40150.0,40191.0,40216.0,40073.0,40067.0,39730.0,39127.0,38662.0,37904.0,37728.0,37332.0,36721.0
영주시 - 1인당 자동차등록대수＜br＞(A÷B),Statistics,0.3,0.3,0.3,0.4,0.4,0.4,0.4,0.4,0.4,0.4,0.5,0.5,0.5,0.5,0.5,0.5,0.6,0.6,0.6,0.6,0.6
영주시 - 자동차등록대수＜br＞(A),Statistics,38963.0,40140.0,40832.0,41728.0,42524.0,44225.0,45643.0,47325.0,48348.0,49695.0,51122.0,52655.0,54275.0,55318.0,55885.0,56274.0,57225.0,57636.0,58735.0,59266.0,59889.0
영주시 - 주민등록인구＜br＞(B),Statistics,121513.0,119098.0,116965.0,115083.0,113930.0,113309.0,113926.0,114148.0,113547.0,112625.0,110780.0,109735.0,109247.0,108371.0,106801.0,105067.0,103119.0,101942.0,100749.0,100199.0,98870.0
영천시 - 1인당 자동차등록대수＜br＞(A÷B),Statistics,0.4,0.4,0.4,0.4,0.4,0.4,0.4,0.5,0.5,0.5,0.5,0.5,0.6,0.6,0.6,0.6,0.6,0.6,0.6,0.7,0.7
영천시 - 자동차등록대수＜br＞(A),Statistics,40134.0,40710.0,41414.0,42960.0,43591.0,44722.0,46086.0,47771.0,48445.0,49706.0,51442.0,53766.0,56038.0,57806.0,59749.0,60921.0,62199.0,63304.0,64847.0,66231.0,66255.0
영천시 - 주민등록인구＜br＞(B),Statistics,109520.0,107337.0,105029.0,105819.0,104022.0,103115.0,103190.0,104182.0,101798.0,100778.0,100689.0,100648.0,100521.0,100615.0,101595.0,102470.0,102015.0,101888.0,101088.0,100212.0,98143.0
예산군 - 1인당 자동차등록대수＜br＞(A÷B),Statistics,0.3,0.3,0.3,0.4,0.4,0.4,0.4,0.4,0.4,0.4,0.5,0.5,0.5,0.5,0.5,0.6,0.6,0.6,0.6,0.6,0.6
예산군 - 자동차등록대수＜br＞(A),Statistics,29179.0,30086.0,31220.0,32145.0,33052.0,34111.0,36055.0,37346.0,37039.0,38198.0,39324.0,40387.0,41123.0,41969.0,43334.0,43996.0,44577.0,45244.0,47024.0,48883.0,50127.0
예산군 - 주민등록인구＜br＞(B),Statistics,91832.0,90740.0,89585.0,88670.0,88144.0,87163.0,87002.0,86421.0,85876.0,85205.0,84919.0,83484.0,81339.0,80338.0,80083.0,79238.0,78084.0,76801.0,77385.0,78354.0,78772.0
예천군 - 1인당 자동차등록대수＜br＞(A÷B),Statistics,0.3,0.3,0.3,0.3,0.3,0.4,0.4,0.4,0.4,0.4,0.4,0.5,0.5,0.5,0.5,0.5,0.5,0.6,0.6,0.6,0.6
예천군 - 자동차등록대수＜br＞(A),Statistics,14548.0,15101.0,15675.0,16150.0,16640.0,17448.0,18005.0,18440.0,18860.0,19327.0,20032.0,20815.0,22496.0,24748.0,27510.0,28904.0,30282.0,31373.0,32237.0,32817.0,33470.0
예천군 - 주민등록인구＜br＞(B),Statistics,52132.0,50951.0,50218.0,48866.0,47993.0,47306.0,47049.0,46579.0,46027.0,45573.0,45104.0,44674.0,46166.0,49253.0,53274.0,55100.0,55613.0,55739.0,55755.0,55325.0,54609.0
오산시 - 1인당 자동차등록대수＜br＞(A÷B),Statistics,0.3,0.3,0.3,0.3,0.3,0.4,0.4,0.4,0.4,0.4,0.4,0.4,0.4,0.4,0.5,0.5,0.5,0.5,0.5,0.5,0.5
오산시 - 자동차등록대수＜br＞(A),Statistics,40179.0,43811.0,46534.0,50524.0,52279.0,56595.0,66147.0,71719.0,74247.0,78020.0,81415.0,83826.0,88232.0,93883.0,99758.0,105134.0,109374.0,112775.0,115345.0,118211.0,126899.0
오산시 - 주민등록인구＜br＞(B),Statistics,121326.0,129843.0,136311.0,145825.0,150237.0,159734.0,182516.0,193892.0,200291.0,205460.0,208565.0,206828.0,208656.0,213437.0,220070.0,226379.0,229725.0,229983.0,229849.0,229656.0,242065.0
옥천군 - 1인당 자동차등록대수＜br＞(A÷B),Statistics,0.3,0.3,0.3,0.3,0.4,0.4,0.4,0.4,0.4,0.4,0.4,0.5,0.5,0.5,0.5,0.5,0.6,0.6,0.6,0.6,0.6
옥천군 - 자동차등록대수＜br＞(A),Statistics,17415.0,17868.0,18458.0,19065.0,19625.0,20391.0,21129.0,21826.0,22262.0,22743.0,23483.0,24434.0,25424.0,26271.0,27056.0,27422.0,28166.0,28988.0,29619.0,30070.0,30397.0
옥천군 - 주민등록인구＜br＞(B),Statistics,56634.0,55610.0,54923.0,54608.0,54475.0,54117.0,54025.0,53496.0,53244.0,52763.0,52469.0,52404.0,52267.0,51766.0,51465.0,51023.0,50527.0,50093.0,49520.0,48891.0,48204.0
옹진군 - 1인당 자동차등록대수＜br＞(A÷B),Statistics,0.3,0.3,0.4,0.4,0.4,0.4,0.4,0.4,0.4,0.5,0.5,0.5,0.5,0.5,0.6,0.6,0.6,0.6,0.6,0.7,0.7
옹진군 - 자동차등록대수＜br＞(A),Statistics,4986.0,5423.0,5912.0,6310.0,6585.0,7313.0,7899.0,8450.0,8985.0,9552.0,9921.0,10447.0,11189.0,11793.0,12044.0,12030.0,12418.0,12666.0,13350.0,13716.0,13833.0
옹진군 - 주민등록인구＜br＞(B),Statistics,14820.0,15609.0,16491.0,16980.0,17376.0,18221.0,18739.0,19485.0,20039.0,20698.0,20703.0,20962.0,21351.0,21573.0,21036.0,20566.0,20455.0,20342.0,20613.0,20377.0,19996.0
완도군 - 1인당 자동차등록대수＜br＞(A÷B),Statistics,0.2,0.3,0.3,0.3,0.3,0.3,0.3,0.3,0.4,0.4,0.4,0.4,0.4,0.5,0.5,0.5,0.5,0.5,0.6,0.6,0.6
완도군 - 자동차등록대수＜br＞(A),Statistics,14491.0,14931.0,15314.0,15630.0,15966.0,16813.0,17615.0,18516.0,19349.0,20135.0,20906.0,22182.0,23269.0,24041.0,24814.0,25376.0,26107.0,26385.0,26805.0,27323.0,27508.0
완도군 - 주민등록인구＜br＞(B),Statistics,59950.0,58841.0,57464.0,56201.0,54999.0,54301.0,54269.0,54037.0,53871.0,53619.0,53174.0,53014.0,52668.0,52109.0,51477.0,50689.0,49916.0,48631.0,47597.0,46641.0,45631.0
완주군 - 1인당 자동차등록대수＜br＞(A÷B),Statistics,0.3,0.4,0.4,0.4,0.4,0.4,0.4,0.5,0.5,0.5,0.5,0.5,0.5,0.6,0.6,0.6,0.6,0.6,0.6,0.6,0.7
완주군 - 자동차등록대수＜br＞(A),Statistics,28555.0,30290.0,31606.0,32663.0,34088.0,35605.0,37334.0,38253.0,40119.0,41688.0,44841.0,48876.0,51072.0,52880.0,53399.0,53250.0,54708.0,55765.0,57856.0,62632.0,64781.0
완주군 - 주민등록인구＜br＞(B),Statistics,82482.0,83651.0,83199.0,82972.0,83757.0,83885.0,85119.0,84660.0,86164.0,86978.0,90377.0,95303.0,95480.0,95975.0,94444.0,92220.0,91609.0,91142.0,92422.0,97827.0,99279.0
용산구 - 1인당 자동차등록대수＜br＞(A÷B),Statistics,0.3,0.3,0.3,0.3,0.3,0.3,0.3,0.3,0.3,0.3,0.3,0.3,0.3,0.3,0.3,0.3,0.3,0.4,0.3,0.4,0.4
용산구 - 자동차등록대수＜br＞(A),Statistics,71279.0,71497.0,71523.0,72417.0,76166.0,75941.0,75579.0,76714.0,76131.0,75771.0,75450.0,76078.0,75640.0,77458.0,77515.0,76521.0,78995.0,79740.0,75505.0,74770.0,73109.0
용산구 - 주민등록인구＜br＞(B),Statistics,230107.0,230260.0,232035.0,235832.0,238224.0,238708.0,244853.0,246501.0,243232.0,239740.0,235951.0,233342.0,230241.0,229161.0,228999.0,228670.0,230040.0,222953.0,218650.0,213151.0,203854.0
용인시 - 1인당 자동차등록대수＜br＞(A÷B),Statistics,0.4,0.4,0.4,0.4,0.4,0.4,0.4,0.4,0.4,0.4,0.4,0.4,0.4,0.4,0.4,0.4,0.4,0.5,0.5,0.5,0.5
용인시 - 자동차등록대수＜br＞(A),Statistics,230087.0,252226.0,280441.0,298239.0,305201.0,317396.0,335615.0,345438.0,353388.0,365148.0,379841.0,395717.0,410302.0,429162.0,451952.0,463500.0,478727.0,489774.0,500539.0,511129.0,522890.0
용인시 - 주민등록인구＜br＞(B),Statistics,640452.0,693660.0,766569.0,800294.0,816763.0,839204.0,876550.0,896044.0,915959.0,941477.0,961026.0,975746.0,991126.0,1004081.0,1035126.0,1059609.0,1074176.0,1077508.0,1074971.0,1075566.0,1085864.0
울릉군 - 1인당 자동차등록대수＜br＞(A÷B),Statistics,0.3,0.3,0.3,0.3,0.3,0.4,0.4,0.4,0.4,0.4,0.5,0.5,0.5,0.5,0.6,0.6,0.6,0.7,0.7,0.7,0.8
울릉군 - 자동차등록대수＜br＞(A),Statistics,2461.0,2698.0,3147.0,3245.0,3365.0,3678.0,3958.0,4201.0,4415.0,4624.0,4724.0,4909.0,5152.0,5462.0,5632.0,5809.0,5753.0,5984.0,6369.0,6693.0,6870.0
울릉군 - 주민등록인구＜br＞(B),Statistics,9191.0,9538.0,10235.0,10125.0,10168.0,10325.0,10701.0,10742.0,10673.0,10524.0,10264.0,10153.0,10001.0,9975.0,9832.0,9617.0,9077.0,8867.0,8996.0,9077.0,9099.0
울산광역시 - 1인당 자동차등록대수＜br＞(A÷B),Statistics,0.3,0.4,0.4,0.4,0.4,0.4,0.4,0.4,0.4,0.4,0.4,0.4,0.5,0.5,0.5,0.5,0.5,0.5,0.5,0.5,0.6
울산광역시 - 자동차등록대수＜br＞(A),Statistics,369908.0,382715.0,394770.0,407477.0,416565.0,427610.0,440735.0,456051.0,470410.0,485184.0,504604.0,525092.0,538720.0,549489.0,558106.0,565639.0,575700.0,581429.0,588079.0,599266.0,607481.0
울산광역시 - 주민등록인구＜br＞(B),Statistics,1081453.0,1087648.0,1092494.0,1099995.0,1112407.0,1114866.0,1126298.0,1135494.0,1147256.0,1156480.0,1166377.0,1173534.0,1172304.0,1165132.0,1155623.0,1148019.0,1136017.0,1121592.0,1110663.0,1103661.0,1098049.0
울주군 - 1인당 자동차등록대수＜br＞(A÷B),Statistics,0.4,0.4,0.4,0.4,0.4,0.4,0.4,0.4,0.5,0.5,0.5,0.5,0.5,0.5,0.6,0.6,0.6,0.6,0.6,0.6,0.6
울주군 - 자동차등록대수＜br＞(A),Statistics,65344.0,67479.0,70675.0,74996.0,79239.0,83090.0,87029.0,91411.0,95375.0,98082.0,103977.0,111443.0,115427.0,119683.0,123539.0,127477.0,130081.0,132591.0,135320.0,137636.0,140575.0
울주군 - 주민등록인구＜br＞(B),Statistics,174350.0,174353.0,177103.0,183261.0,191687.0,195399.0,201000.0,204680.0,207840.0,208646.0,214392.0,219429.0,219255.0,220718.0,221842.0,223167.0,222538.0,222059.0,221512.0,218997.0,218806.0
울진군 - 1인당 자동차등록대수＜br＞(A÷B),Statistics,0.3,0.3,0.3,0.3,0.3,0.3,0.4,0.4,0.4,0.4,0.4,0.5,0.5,0.5,0.5,0.5,0.5,0.6,0.6,0.6,0.6
울진군 - 자동차등록대수＜br＞(A),Statistics,16822.0,16918.0,17040.0,17406.0,17665.0,18317.0,19136.0,19944.0,20671.0,21788.0,22773.0,23761.0,24698.0,25406.0,25732.0,25980.0,26681.0,27063.0,27551.0,28286.0,28712.0
울진군 - 주민등록인구＜br＞(B),Statistics,58590.0,56707.0,55076.0,53955.0,53042.0,52529.0,52430.0,52045.0,51844.0,51953.0,52104.0,51885.0,51738.0,50974.0,50036.0,49314.0,48716.0,47858.0,47030.0,46669.0,46124.0
원주시 - 1인당 자동차등록대수＜br＞(A÷B),Statistics,0.3,0.4,0.4,0.4,0.4,0.4,0.4,0.4,0.4,0.4,0.4,0.4,0.5,0.5,0.5,0.5,0.5,0.5,0.5,0.5,0.6
원주시 - 자동차등록대수＜br＞(A),Statistics,97684.0,101606.0,107017.0,112055.0,115704.0,119761.0,125374.0,128563.0,131246.0,134396.0,139259.0,146855.0,154605.0,160402.0,166115.0,171679.0,179251.0,185530.0,192437.0,196677.0,199953.0
원주시 - 주민등록인구＜br＞(B),Statistics,284628.0,288454.0,294155.0,298762.0,303975.0,307882.0,314678.0,320536.0,323885.0,324837.0,327292.0,332995.0,337979.0,341337.0,344070.0,349215.0,354376.0,357757.0,360807.0,361503.0,362164.0
유성구 - 1인당 자동차등록대수＜br＞(A÷B),Statistics,0.4,0.4,0.4,0.4,0.4,0.4,0.4,0.4,0.4,0.4,0.4,0.5,0.5,0.5,0.5,0.5,0.5,0.5,0.5,0.5,0.6
유성구 - 자동차등록대수＜br＞(A),Statistics,75161.0,84053.0,93802.0,99710.0,104363.0,110268.0,119397.0,125859.0,132536.0,137013.0,146102.0,153729.0,160667.0,167833.0,172388.0,176623.0,182925.0,185075.0,191847.0,200481.0,204185.0
유성구 - 주민등록인구＜br＞(B),Statistics,203478.0,220767.0,243130.0,250523.0,259831.0,266585.0,281692.0,294353.0,306312.0,313968.0,327461.0,335312.0,343222.0,348428.0,349790.0,349373.0,351047.0,351277.0,356093.0,366845.0,369468.0
은평구 - 1인당 자동차등록대수＜br＞(A÷B),Statistics,0.2,0.2,0.2,0.2,0.2,0.2,0.2,0.2,0.2,0.2,0.2,0.3,0.3,0.3,0.3,0.3,0.3,0.3,0.3,0.3,0.3
은평구 - 자동차등록대수＜br＞(A),Statistics,109338.0,107980.0,107327.0,106885.0,107330.0,110712.0,116001.0,118571.0,121614.0,123434.0,124126.0,126482.0,127647.0,129004.0,129647.0,129820.0,132198.0,133175.0,133758.0,135169.0,134017.0
은평구 - 주민등록인구＜br＞(B),Statistics,478087.0,470751.0,464580.0,459196.0,458401.0,465895.0,488109.0,493634.0,501480.0,503660.0,498644.0,497920.0,491476.0,486794.0,483197.0,480032.0,479835.0,473307.0,466746.0,466770.0,460919.0
음성군 - 1인당 자동차등록대수＜br＞(A÷B),Statistics,0.4,0.4,0.4,0.4,0.4,0.4,0.5,0.5,0.5,0.5,0.5,0.5,0.6,0.6,0.6,0.6,0.6,0.7,0.7,0.7,0.7
음성군 - 자동차등록대수＜br＞(A),Statistics,30598.0,32090.0,34019.0,36219.0,37980.0,39374.0,41409.0,43199.0,44901.0,46551.0,49431.0,51892.0,55016.0,56679.0,57995.0,59031.0,60313.0,61552.0,63558.0,64990.0,66474.0
음성군 - 주민등록인구＜br＞(B),Statistics,85638.0,85969.0,86789.0,88355.0,89542.0,89716.0,91093.0,91644.0,92980.0,93505.0,95324.0,96396.0,97787.0,97306.0,95830.0,94982.0,93153.0,92197.0,92058.0,91183.0,91236.0
의령군 - 1인당 자동차등록대수＜br＞(A÷B),Statistics,0.3,0.3,0.3,0.4,0.4,0.4,0.4,0.4,0.4,0.4,0.5,0.5,0.5,0.5,0.5,0.5,0.6,0.6,0.6,0.6,0.7
의령군 - 자동차등록대수＜br＞(A),Statistics,10403.0,10510.0,10809.0,11110.0,11244.0,11630.0,11985.0,12069.0,12587.0,12823.0,13279.0,13558.0,13784.0,14268.0,14621.0,14839.0,15250.0,15725.0,16105.0,16342.0,16564.0
의령군 - 주민등록인구＜br＞(B),Statistics,32371.0,31099.0,31625.0,31418.0,30734.0,30496.0,30162.0,30045.0,30329.0,29417.0,29209.0,28544.0,28111.0,27849.0,27667.0,27168.0,26800.0,26322.0,26061.0,25475.0,25150.0
의성군 - 1인당 자동차등록대수＜br＞(A÷B),Statistics,0.3,0.3,0.3,0.4,0.4,0.4,0.4,0.4,0.4,0.5,0.5,0.5,0.5,0.6,0.6,0.6,0.6,0.6,0.7,0.7,0.7
의성군 - 자동차등록대수＜br＞(A),Statistics,20715.0,21333.0,21882.0,22321.0,22574.0,23468.0,24103.0,24845.0,25507.0,26098.0,26823.0,27780.0,28812.0,29595.0,30302.0,31071.0,31871.0,32474.0,33260.0,34269.0,34253.0
의성군 - 주민등록인구＜br＞(B),Statistics,66124.0,64457.0,62947.0,61366.0,60033.0,59109.0,58832.0,57744.0,57043.0,56064.0,55212.0,54477.0,54014.0,53474.0,52944.0,52595.0,51724.0,50632.0,50186.0,50086.0,48690.0
의왕시 - 1인당 자동차등록대수＜br＞(A÷B),Statistics,0.3,0.3,0.3,0.3,0.3,0.3,0.3,0.3,0.3,0.3,0.4,0.4,0.4,0.4,0.4,0.4,0.4,0.4,0.4,0.4,0.4
의왕시 - 자동차등록대수＜br＞(A),Statistics,44372.0,45644.0,44274.0,43788.0,43976.0,46740.0,49511.0,50889.0,52993.0,55219.0,56153.0,57857.0,59083.0,60129.0,60789.0,64879.0,67604.0,69201.0,69439.0,70058.0,69302.0
의왕시 - 주민등록인구＜br＞(B),Statistics,145535.0,145952.0,138253.0,135009.0,134488.0,140874.0,147443.0,149607.0,154757.0,159772.0,158482.0,157740.0,156763.0,155767.0,153932.0,161153.0,163795.0,163356.0,160221.0,158870.0,154488.0
의정부시 - 1인당 자동차등록대수＜br＞(A÷B),Statistics,0.3,0.3,0.3,0.3,0.3,0.3,0.3,0.3,0.3,0.3,0.3,0.3,0.3,0.3,0.3,0.4,0.4,0.4,0.4,0.4,0.4
의정부시 - 자동차등록대수＜br＞(A),Statistics,107343.0,109847.0,112845.0,117992.0,121152.0,123780.0,125322.0,125958.0,126686.0,129742.0,133326.0,138261.0,144118.0,149187.0,155356.0,159070.0,167461.0,172542.0,177755.0,181038.0,182158.0
의정부시 - 주민등록인구＜br＞(B),Statistics,397612.0,402410.0,410938.0,421853.0,430849.0,431008.0,431801.0,430400.0,429147.0,430976.0,431112.0,433937.0,438457.0,441584.0,447026.0,451868.0,461710.0,463661.0,463724.0,464213.0,461271.0
이천시 - 1인당 자동차등록대수＜br＞(A÷B),Statistics,0.4,0.4,0.4,0.4,0.4,0.4,0.4,0.4,0.4,0.4,0.5,0.5,0.5,0.5,0.5,0.5,0.5,0.6,0.6,0.6,0.6
이천시 - 자동차등록대수＜br＞(A),Statistics,71040.0,73100.0,75179.0,77452.0,79753.0,81941.0,84999.0,87503.0,89133.0,91378.0,94288.0,98173.0,103421.0,107590.0,111534.0,114520.0,118637.0,123309.0,127247.0,130537.0,132905.0
이천시 - 주민등록인구＜br＞(B),Statistics,190808.0,192271.0,194369.0,195691.0,196633.0,197496.0,202595.0,204566.0,204917.0,205479.0,205014.0,204935.0,210359.0,213142.0,214206.0,215834.0,218388.0,223177.0,222721.0,222098.0,222443.0
익산시 - 1인당 자동차등록대수＜br＞(A÷B),Statistics,0.3,0.3,0.3,0.3,0.4,0.4,0.4,0.4,0.4,0.4,0.4,0.4,0.5,0.5,0.5,0.5,0.5,0.5,0.5,0.5,0.6
익산시 - 자동차등록대수＜br＞(A),Statistics,99822.0,102179.0,105193.0,108652.0,109716.0,112614.0,116276.0,119490.0,121302.0,124440.0,127905.0,132107.0,136304.0,139203.0,141282.0,141384.0,142300.0,143403.0,145666.0,147598.0,150050.0
익산시 - 주민등록인구＜br＞(B),Statistics,322378.0,318506.0,315094.0,313590.0,309269.0,306669.0,307289.0,309804.0,306469.0,306539.0,304117.0,302061.0,300479.0,300187.0,294062.0,287771.0,282276.0,278113.0,273697.0,270036.0,268001.0
인제군 - 1인당 자동차등록대수＜br＞(A÷B),Statistics,0.3,0.4,0.4,0.4,0.4,0.4,0.4,0.4,0.4,0.5,0.5,0.5,0.5,0.5,0.6,0.6,0.6,0.6,0.6,0.6,0.7
인제군 - 자동차등록대수＜br＞(A),Statistics,11133.0,11603.0,12008.0,12436.0,12550.0,12869.0,13304.0,13733.0,14293.0,14880.0,15395.0,16134.0,16677.0,17316.0,17744.0,18056.0,18913.0,19468.0,20094.0,20533.0,20736.0
인제군 - 주민등록인구＜br＞(B),Statistics,32443.0,32811.0,32493.0,32079.0,31620.0,31452.0,31842.0,31970.0,32456.0,32517.0,32475.0,33255.0,32720.0,32582.0,32136.0,31672.0,31694.0,32165.0,32206.0,32020.0,31535.0
인천광역시 - 1인당 자동차등록대수＜br＞(A÷B),Statistics,0.3,0.3,0.3,0.3,0.3,0.3,0.3,0.4,0.4,0.4,0.4,0.5,0.5,0.5,0.5,0.6,0.6,0.6,0.6,0.6,0.6
인천광역시 - 자동차등록대수＜br＞(A),Statistics,782828.0,800149.0,822317.0,853226.0,870322.0,895818.0,925711.0,983508.0,1049444.0,1142351.0,1247485.0,1355207.0,1437373.0,1510319.0,1577607.0,1635323.0,1676442.0,1675405.0,1692760.0,1730839.0,1747927.0
인천광역시 - 주민등록인구＜br＞(B),Statistics,2578817.0,2600495.0,2624391.0,2664576.0,2692696.0,2710579.0,2758296.0,2801274.0,2843981.0,2879782.0,2902608.0,2925815.0,2943069.0,2948542.0,2954642.0,2957026.0,2942828.0,2948375.0,2967314.0,2997410.0,3021010.0
임실군 - 1인당 자동차등록대수＜br＞(A÷B),Statistics,0.3,0.3,0.3,0.3,0.3,0.3,0.4,0.4,0.4,0.4,0.4,0.4,0.5,0.5,0.5,0.5,0.5,0.6,0.6,0.6,0.6
임실군 - 자동차등록대수＜br＞(A),Statistics,8933.0,9286.0,9564.0,9976.0,10216.0,10670.0,11037.0,11555.0,11903.0,12006.0,12602.0,13333.0,13922.0,14631.0,15136.0,15090.0,14842.0,14979.0,15343.0,15704.0,15869.0
임실군 - 주민등록인구＜br＞(B),Statistics,33008.0,32511.0,31976.0,31952.0,31133.0,30703.0,30593.0,30789.0,29956.0,29739.0,29966.0,30271.0,30197.0,30162.0,30072.0,28902.0,27314.0,26730.0,26508.0,25956.0,25577.0
장성군 - 1인당 자동차등록대수＜br＞(A÷B),Statistics,0.3,0.3,0.3,0.4,0.4,0.4,0.4,0.4,0.5,0.5,0.5,0.5,0.5,0.6,0.6,0.6,0.6,0.7,0.7,0.7,0.7
장성군 - 자동차등록대수＜br＞(A),Statistics,15365.0,15830.0,16597.0,17393.0,17695.0,18665.0,19601.0,20265.0,21098.0,21792.0,22479.0,23628.0,24597.0,25440.0,26641.0,27353.0,27810.0,28193.0,29050.0,29529.0,29784.0
장성군 - 주민등록인구＜br＞(B),Statistics,50200.0,49165.0,47870.0,47410.0,46602.0,46214.0,46514.0,46245.0,46289.0,46292.0,46273.0,46360.0,46104.0,46111.0,45795.0,45739.0,44464.0,43365.0,43146.0,42543.0,42026.0
장수군 - 1인당 자동차등록대수＜br＞(A÷B),Statistics,0.3,0.3,0.3,0.3,0.3,0.4,0.4,0.4,0.4,0.4,0.4,0.5,0.5,0.5,0.5,0.5,0.6,0.6,0.6,0.6,0.6
장수군 - 자동차등록대수＜br＞(A),Statistics,6856.0,7135.0,7474.0,8132.0,8174.0,8563.0,8913.0,9173.0,9547.0,9950.0,10402.0,10881.0,11454.0,11704.0,12144.0,12168.0,12461.0,12677.0,12921.0,13001.0,13092.0
장수군 - 주민등록인구＜br＞(B),Statistics,26788.0,24755.0,24209.0,26687.0,23864.0,23478.0,23386.0,23215.0,23191.0,23243.0,23335.0,23277.0,23628.0,23003.0,23221.0,22441.0,22085.0,21695.0,21336.0,20983.0,20663.0
장흥군 - 1인당 자동차등록대수＜br＞(A÷B),Statistics,0.3,0.3,0.3,0.3,0.3,0.3,0.4,0.4,0.4,0.4,0.4,0.4,0.5,0.5,0.5,0.5,0.5,0.6,0.6,0.6,0.6
장흥군 - 자동차등록대수＜br＞(A),Statistics,12218.0,12731.0,13158.0,13944.0,14356.0,14572.0,15410.0,16165.0,16853.0,17428.0,18109.0,19021.0,19032.0,19615.0,20000.0,20342.0,20664.0,20834.0,21157.0,21516.0,21826.0
장흥군 - 주민등록인구＜br＞(B),Statistics,46568.0,45542.0,44451.0,43468.0,42783.0,42097.0,42394.0,42552.0,42672.0,43004.0,43190.0,43513.0,40669.0,40136.0,39312.0,38563.0,37800.0,36547.0,35650.0,35046.0,34451.0
전국 - 1인당 자동차등록대수＜br＞(A÷B),Statistics,0.3,0.3,0.3,0.3,0.3,0.3,0.4,0.4,0.4,0.4,0.4,0.4,0.4,0.4,0.4,0.5,0.5,0.5,0.5,0.5,0.5
전국 - 자동차등록대수＜br＞(A),Statistics,14934092.0,15396715.0,15895234.0,16428177.0,16794219.0,17325210.0,17941356.0,18437373.0,18870533.0,19400864.0,20117955.0,20989885.0,21803351.0,22528295.0,23202555.0,23677366.0,24365979.0,24911101.0,25503078.0,25949201.0,26297919.0
전국 - 주민등록인구＜br＞(B),Statistics,48583805.0,48782274.0,48991779.0,49268928.0,49540367.0,49773145.0,50515666.0,50734284.0,50948272.0,51141463.0,51327916.0,51529338.0,51696216.0,51778544.0,51826059.0,51849861.0,51829023.0,51638809.0,51439038.0,51325329.0,51217221.0
전라남도 - 1인당 자동차등록대수＜br＞(A÷B),Statistics,0.3,0.3,0.3,0.3,0.3,0.4,0.4,0.4,0.4,0.4,0.4,0.5,0.5,0.5,0.5,0.6,0.6,0.6,0.7,0.7,0.7
전라남도 - 자동차등록대수＜br＞(A),Statistics,569016.0,590622.0,613181.0,637887.0,657162.0,686384.0,713668.0,740903.0,766704.0,799385.0,841881.0,897655.0,952004.0,994318.0,1032074.0,1056239.0,1099894.0,1172282.0,1236858.0,1250386.0,1277926.0
전라남도 - 주민등록인구＜br＞(B),Statistics,1986192.0,1967205.0,1942925.0,1929836.0,1919000.0,1913004.0,1918485.0,1914339.0,1909618.0,1907172.0,1905780.0,1908996.0,1903914.0,1896424.0,1882970.0,1868745.0,1851549.0,1832803.0,1817697.0,1804217.0,1788819.0
전북특별자치도 - 1인당 자동차등록대수＜br＞(A÷B),Statistics,0.3,0.3,0.3,0.3,0.4,0.4,0.4,0.4,0.4,0.4,0.4,0.4,0.5,0.5,0.5,0.5,0.5,0.5,0.6,0.6,0.6
전북특별자치도 - 자동차등록대수＜br＞(A),Statistics,580688.0,597650.0,617567.0,638270.0,654797.0,683103.0,711479.0,736698.0,755456.0,780844.0,807368.0,839181.0,869002.0,892118.0,915944.0,929061.0,948147.0,959920.0,977834.0,992516.0,1002889.0
전북특별자치도 - 주민등록인구＜br＞(B),Statistics,1906742.0,1885335.0,1868365.0,1862277.0,1855772.0,1854508.0,1868963.0,1874031.0,1873341.0,1872965.0,1871560.0,1869711.0,1864791.0,1854607.0,1836832.0,1818917.0,1804104.0,1786855.0,1769607.0,1754757.0,1738690.0
전주시 - 1인당 자동차등록대수＜br＞(A÷B),Statistics,0.3,0.3,0.3,0.3,0.3,0.4,0.4,0.4,0.4,0.4,0.4,0.4,0.5,0.5,0.5,0.5,0.5,0.5,0.5,0.5,0.5
전주시 - 자동차등록대수＜br＞(A),Statistics,195508.0,201283.0,209024.0,214692.0,218608.0,228083.0,237995.0,245141.0,251029.0,262610.0,274168.0,285816.0,296296.0,303580.0,315489.0,324152.0,334386.0,338330.0,343554.0,344477.0,344718.0
전주시 - 주민등록인구＜br＞(B),Statistics,622472.0,621749.0,624849.0,623926.0,631532.0,635007.0,641525.0,645894.0,648863.0,650082.0,652877.0,652282.0,651744.0,648964.0,651091.0,654394.0,657432.0,657269.0,651495.0,642727.0,635651.0
정선군 - 1인당 자동차등록대수＜br＞(A÷B),Statistics,0.3,0.3,0.4,0.4,0.4,0.4,0.4,0.4,0.4,0.5,0.5,0.5,0.5,0.5,0.5,0.6,0.6,0.6,0.6,0.6,0.7
정선군 - 자동차등록대수＜br＞(A),Statistics,14934.0,15182.0,15555.0,15817.0,15970.0,16546.0,17001.0,17252.0,17533.0,18025.0,18441.0,19087.0,19718.0,20230.0,20696.0,20963.0,21476.0,21548.0,21785.0,21943.0,21854.0
정선군 - 주민등록인구＜br＞(B),Statistics,45419.0,44203.0,43186.0,41806.0,41269.0,40708.0,41045.0,40181.0,39915.0,39985.0,39425.0,39197.0,38718.0,38173.0,37700.0,37271.0,36870.0,35675.0,34931.0,34202.0,33515.0
정읍시 - 1인당 자동차등록대수＜br＞(A÷B),Statistics,0.3,0.3,0.3,0.3,0.3,0.4,0.4,0.4,0.4,0.4,0.4,0.4,0.5,0.5,0.5,0.5,0.5,0.6,0.6,0.6,0.6
정읍시 - 자동차등록대수＜br＞(A),Statistics,36646.0,37743.0,38882.0,39961.0,40933.0,42853.0,44882.0,45909.0,46989.0,48244.0,49630.0,50714.0,52147.0,54697.0,56475.0,56920.0,57930.0,59111.0,60355.0,61292.0,61369.0
정읍시 - 주민등록인구＜br＞(B),Statistics,132285.0,129050.0,126249.0,124239.0,122842.0,121545.0,122000.0,120466.0,119392.0,118328.0,117183.0,115977.0,115173.0,113776.0,112169.0,110541.0,108508.0,106487.0,105081.0,103620.0,102127.0
제주시 - 1인당 자동차등록대수＜br＞(A÷B),Statistics,,,0.4,0.4,0.4,0.4,0.4,0.4,0.5,0.6,0.7,0.8,0.8,0.8,0.9,1.0,1.0,1.1,1.2,1.2,1.2
제주시 - 자동차등록대수＜br＞(A),Statistics,,,158926.0,163127.0,166773.0,173592.0,180996.0,185856.0,221472.0,258864.0,304728.0,348784.0,373706.0,400637.0,450061.0,491312.0,509181.0,550432.0,579988.0,592829.0,605017.0
제주시 - 주민등록인구＜br＞(B),Statistics,,,403601.0,405458.0,407498.0,410378.0,417539.0,422790.0,429656.0,438165.0,448834.0,459876.0,470665.0,478700.0,485946.0,489405.0,492466.0,493096.0,493389.0,491654.0,488348.0
제주특별자치도 - 1인당 자동차등록대수＜br＞(A÷B),Statistics,0.4,0.4,0.4,0.4,0.4,0.4,0.4,0.4,0.5,0.6,0.6,0.7,0.7,0.8,0.8,0.9,0.9,1.0,1.0,1.0,1.1
제주특별자치도 - 자동차등록대수＜br＞(A),Statistics,206328.0,213310.0,222025.0,228858.0,233518.0,241651.0,250794.0,257154.0,294488.0,334426.0,384117.0,435015.0,467243.0,500197.0,553578.0,596215.0,615342.0,658594.0,689924.0,703291.0,715445.0
제주특별자치도 - 주민등록인구＜br＞(B),Statistics,555362.0,557569.0,558496.0,559258.0,560618.0,562663.0,571255.0,576156.0,583713.0,593806.0,607346.0,624395.0,641597.0,657083.0,667191.0,670989.0,674635.0,676759.0,678159.0,675252.0,670368.0
제천시 - 1인당 자동차등록대수＜br＞(A÷B),Statistics,0.3,0.3,0.4,0.4,0.4,0.4,0.4,0.4,0.4,0.4,0.4,0.5,0.5,0.5,0.5,0.5,0.5,0.5,0.6,0.6,0.6
제천시 - 자동차등록대수＜br＞(A),Statistics,46189.0,47781.0,48594.0,49883.0,51060.0,52968.0,55124.0,56778.0,57810.0,59026.0,60473.0,62630.0,64834.0,66967.0,68596.0,69641.0,70711.0,71505.0,72960.0,73773.0,74354.0
제천시 - 주민등록인구＜br＞(B),Statistics,138872.0,138201.0,136398.0,136218.0,135738.0,135580.0,137264.0,137689.0,137521.0,137204.0,136805.0,136138.0,136517.0,136432.0,135386.0,134617.0,133018.0,131591.0,130988.0,130194.0,128569.0
종로구 - 1인당 자동차등록대수＜br＞(A÷B),Statistics,0.4,0.4,0.4,0.5,0.5,0.4,0.3,0.3,0.3,0.3,0.3,0.3,0.3,0.3,0.3,0.3,0.3,0.3,0.4,0.4,0.4
종로구 - 자동차등록대수＜br＞(A),Statistics,64034.0,65823.0,68829.0,79211.0,82504.0,71167.0,49669.0,52047.0,51521.0,50476.0,50315.0,49817.0,49471.0,50828.0,50732.0,50052.0,50267.0,50348.0,50337.0,50768.0,50099.0
종로구 - 주민등록인구＜br＞(B),Statistics,174372.0,169315.0,166793.0,165846.0,170705.0,168603.0,170578.0,168382.0,165207.0,160070.0,156993.0,154986.0,152737.0,154770.0,153065.0,151290.0,149384.0,144683.0,141379.0,139417.0,138336.0
중구 - 1인당 자동차등록대수＜br＞(A÷B),Statistics,0.4,0.4,0.4,0.5,0.5,0.4,0.5,0.5,0.5,0.4,0.4,0.4,0.4,0.4,0.4,0.4,0.4,0.5,0.5,0.5,0.4
중구 - 자동차등록대수＜br＞(A),Statistics,50947.0,50376.0,50926.0,61497.0,69788.0,52960.0,62495.0,61378.0,64816.0,57531.0,55277.0,52988.0,51604.0,51540.0,51813.0,51736.0,51126.0,61158.0,58836.0,54772.0,52361.0
중구 - 주민등록인구＜br＞(B),Statistics,131971.0,130027.0,130649.0,130044.0,130362.0,129465.0,132822.0,133193.0,133360.0,130465.0,128065.0,125733.0,125249.0,125709.0,125725.0,126171.0,125240.0,122499.0,120437.0,121312.0,120544.0
중랑구 - 1인당 자동차등록대수＜br＞(A÷B),Statistics,0.2,0.2,0.2,0.2,0.2,0.2,0.2,0.2,0.2,0.3,0.3,0.3,0.3,0.3,0.3,0.3,0.3,0.3,0.3,0.3,0.3
중랑구 - 자동차등록대수＜br＞(A),Statistics,100876.0,99476.0,99995.0,101254.0,101895.0,102685.0,103779.0,104071.0,104019.0,104872.0,107913.0,110094.0,112098.0,113916.0,114022.0,112723.0,114020.0,114375.0,116094.0,116428.0,116136.0
중랑구 - 주민등록인구＜br＞(B),Statistics,433858.0,427373.0,426078.0,427071.0,427871.0,424761.0,427455.0,423706.0,419295.0,416798.0,418836.0,413909.0,411005.0,408226.0,403209.0,397015.0,394702.0,387350.0,385318.0,382155.0,379274.0
증평군 - 1인당 자동차등록대수＜br＞(A÷B),Statistics,0.3,0.3,0.4,0.4,0.4,0.4,0.4,0.4,0.4,0.4,0.4,0.5,0.5,0.5,0.5,0.5,0.5,0.6,0.6,0.6,0.6
증평군 - 자동차등록대수＜br＞(A),Statistics,10288.0,10546.0,11084.0,11668.0,12246.0,12840.0,13286.0,13891.0,14293.0,14795.0,15319.0,16796.0,17838.0,18668.0,19031.0,19581.0,19949.0,20261.0,21231.0,21806.0,21995.0
증평군 - 주민등록인구＜br＞(B),Statistics,30899.0,30607.0,30483.0,31145.0,32179.0,33164.0,33533.0,34009.0,34279.0,34546.0,34771.0,36671.0,37308.0,37783.0,37317.0,37392.0,36807.0,36426.0,37262.0,37484.0,37171.0
진도군 - 1인당 자동차등록대수＜br＞(A÷B),Statistics,0.3,0.3,0.3,0.3,0.3,0.3,0.4,0.4,0.4,0.4,0.4,0.5,0.5,0.5,0.5,0.5,0.6,0.6,0.6,0.6,0.7
진도군 - 자동차등록대수＜br＞(A),Statistics,9830.0,10228.0,10676.0,11027.0,11324.0,11848.0,12558.0,12944.0,13401.0,13933.0,14394.0,14867.0,15432.0,16012.0,16436.0,16636.0,17487.0,17551.0,17940.0,18327.0,18704.0
진도군 - 주민등록인구＜br＞(B),Statistics,37329.0,36529.0,35953.0,35206.0,34412.0,33931.0,33743.0,33502.0,33208.0,32998.0,32746.0,32476.0,32078.0,31765.0,31219.0,30715.0,31227.0,30066.0,29507.0,28979.0,28478.0
진안군 - 1인당 자동차등록대수＜br＞(A÷B),Statistics,0.3,0.3,0.3,0.3,0.4,0.4,0.4,0.4,0.4,0.4,0.5,0.5,0.5,0.5,0.5,0.5,0.6,0.6,0.6,0.6,0.6
진안군 - 자동차등록대수＜br＞(A),Statistics,8396.0,8534.0,8770.0,9737.0,9596.0,10469.0,10878.0,11684.0,11148.0,11648.0,12109.0,12561.0,12925.0,13484.0,13893.0,14127.0,14380.0,14744.0,14933.0,15447.0,15667.0
진안군 - 주민등록인구＜br＞(B),Statistics,30757.0,29021.0,27122.0,30250.0,27230.0,27558.0,27543.0,28473.0,26963.0,26703.0,26474.0,26203.0,26069.0,26271.0,25963.0,25697.0,25394.0,24987.0,24550.0,24465.0,24161.0
진주시 - 1인당 자동차등록대수＜br＞(A÷B),Statistics,0.3,0.3,0.3,0.4,0.4,0.4,0.4,0.4,0.4,0.4,0.4,0.4,0.4,0.5,0.5,0.5,0.5,0.5,0.5,0.5,0.5
진주시 - 자동차등록대수＜br＞(A),Statistics,109351.0,112080.0,114371.0,116339.0,118601.0,122411.0,125919.0,129722.0,133272.0,137135.0,142608.0,149981.0,156030.0,160075.0,163638.0,167889.0,171220.0,174515.0,178166.0,180336.0,182139.0
진주시 - 주민등록인구＜br＞(B),Statistics,337425.0,336234.0,333554.0,330756.0,331222.0,331720.0,335037.0,335502.0,337314.0,337071.0,340241.0,344426.0,346739.0,346681.0,345987.0,347334.0,348096.0,347097.0,343782.0,341074.0,338785.0
진천군 - 1인당 자동차등록대수＜br＞(A÷B),Statistics,0.4,0.4,0.4,0.4,0.4,0.4,0.4,0.5,0.5,0.5,0.5,0.5,0.5,0.6,0.6,0.6,0.6,0.6,0.6,0.7,0.7
진천군 - 자동차등록대수＜br＞(A),Statistics,21931.0,22733.0,23540.0,24468.0,25504.0,26929.0,27840.0,29174.0,30089.0,31616.0,33028.0,35758.0,38230.0,41796.0,45528.0,48080.0,50794.0,52647.0,54858.0,56672.0,58321.0
진천군 - 주민등록인구＜br＞(B),Statistics,60347.0,60155.0,60111.0,60154.0,60715.0,61456.0,62094.0,63051.0,63458.0,64606.0,65174.0,67981.0,69950.0,73677.0,78218.0,81084.0,83718.0,85176.0,86147.0,86254.0,86537.0
창녕군 - 1인당 자동차등록대수＜br＞(A÷B),Statistics,0.3,0.3,0.4,0.4,0.4,0.4,0.4,0.4,0.5,0.5,0.5,0.5,0.5,0.5,0.6,0.6,0.6,0.6,0.6,0.7,0.7
창녕군 - 자동차등록대수＜br＞(A),Statistics,21765.0,22406.0,22795.0,23237.0,23706.0,24761.0,25916.0,27341.0,28565.0,29630.0,30578.0,32151.0,33491.0,34803.0,35603.0,35812.0,36351.0,36834.0,37148.0,37506.0,37731.0
창녕군 - 주민등록인구＜br＞(B),Statistics,66074.0,64672.0,63476.0,62255.0,61603.0,61252.0,61714.0,62490.0,62966.0,63447.0,63502.0,63817.0,63982.0,64101.0,63396.0,62331.0,61301.0,60129.0,58372.0,57083.0,56085.0
창원시 - 1인당 자동차등록대수＜br＞(A÷B),Statistics,,,,,,,0.5,0.5,0.5,0.5,0.5,0.5,0.5,0.5,0.5,0.5,0.6,0.6,0.6,0.7,0.7
창원시 - 자동차등록대수＜br＞(A),Statistics,,,,,,,533858.0,560172.0,549364.0,528898.0,512509.0,528145.0,551448.0,559516.0,560170.0,563279.0,599336.0,619854.0,650614.0,672279.0,688617.0
창원시 - 주민등록인구＜br＞(B),Statistics,,,,,,,1090181.0,1091881.0,1091471.0,1083731.0,1075168.0,1070064.0,1063907.0,1057032.0,1053601.0,1044740.0,1036738.0,1032741.0,1021487.0,1009038.0,999858.0
천안시 - 1인당 자동차등록대수＜br＞(A÷B),Statistics,0.3,0.4,0.4,0.4,0.4,0.4,0.4,0.4,0.4,0.4,0.4,0.4,0.5,0.5,0.5,0.5,0.5,0.5,0.5,0.5,0.6
천안시 - 자동차등록대수＜br＞(A),Statistics,172689.0,184652.0,194238.0,201312.0,204779.0,210511.0,222226.0,232173.0,239898.0,248474.0,259373.0,271707.0,286786.0,301427.0,315902.0,324506.0,336725.0,343545.0,351796.0,357203.0,365101.0
천안시 - 주민등록인구＜br＞(B),Statistics,503082.0,512482.0,523323.0,531956.0,537698.0,540832.0,557673.0,571377.0,581988.0,591089.0,598346.0,605776.0,617955.0,631531.0,646075.0,652258.0,658808.0,658486.0,657559.0,655959.0,659920.0
철원군 - 1인당 자동차등록대수＜br＞(A÷B),Statistics,0.3,0.3,0.4,0.4,0.4,0.4,0.4,0.4,0.4,0.4,0.4,0.4,0.5,0.5,0.5,0.5,0.6,0.6,0.6,0.6,0.6
철원군 - 자동차등록대수＜br＞(A),Statistics,16271.0,16743.0,17096.0,17553.0,17936.0,18586.0,19042.0,19309.0,19792.0,20165.0,20725.0,21859.0,22620.0,23209.0,23849.0,24174.0,24652.0,24864.0,25079.0,25375.0,25509.0
철원군 - 주민등록인구＜br＞(B),Statistics,49650.0,48933.0,48024.0,47420.0,47724.0,47669.0,48928.0,48084.0,47968.0,47473.0,47590.0,48799.0,48013.0,47185.0,46413.0,45584.0,44699.0,43340.0,42256.0,41448.0,40497.0
청도군 - 1인당 자동차등록대수＜br＞(A÷B),Statistics,0.3,0.3,0.3,0.4,0.4,0.4,0.4,0.4,0.5,0.5,0.5,0.5,0.5,0.6,0.6,0.6,0.6,0.6,0.6,0.7,0.7
청도군 - 자동차등록대수＜br＞(A),Statistics,14958.0,15510.0,16138.0,16810.0,17115.0,17771.0,18469.0,19111.0,19815.0,20445.0,21492.0,22634.0,23487.0,24123.0,24659.0,25233.0,25790.0,26341.0,26990.0,27377.0,27729.0
청도군 - 주민등록인구＜br＞(B),Statistics,47678.0,46748.0,46144.0,45515.0,44711.0,44279.0,44391.0,44298.0,43968.0,43788.0,43993.0,43724.0,43564.0,43346.0,43057.0,42910.0,42263.0,41891.0,41614.0,41316.0,40582.0
청송군 - 1인당 자동차등록대수＜br＞(A÷B),Statistics,0.3,0.3,0.4,0.4,0.4,0.4,0.4,0.4,0.5,0.5,0.5,0.5,0.5,0.6,0.6,0.6,0.6,0.7,0.7,0.7,0.7
청송군 - 자동차등록대수＜br＞(A),Statistics,9531.0,9730.0,9966.0,10144.0,10239.0,10677.0,11081.0,11563.0,12018.0,12651.0,13239.0,13876.0,14348.0,14746.0,15140.0,15462.0,15957.0,16323.0,16515.0,16776.0,16975.0
청송군 - 주민등록인구＜br＞(B),Statistics,30099.0,29298.0,28465.0,27862.0,27289.0,26917.0,26715.0,26569.0,26481.0,26470.0,26453.0,26384.0,26301.0,26006.0,25678.0,25416.0,25044.0,24539.0,24295.0,24019.0,23716.0
청양군 - 1인당 자동차등록대수＜br＞(A÷B),Statistics,0.3,0.3,0.3,0.3,0.4,0.4,0.4,0.4,0.4,0.4,0.5,0.5,0.5,0.5,0.5,0.6,0.6,0.6,0.6,0.6,0.6
청양군 - 자동차등록대수＜br＞(A),Statistics,10240.0,10711.0,10949.0,11349.0,11699.0,12211.0,12836.0,13357.0,13674.0,14216.0,14828.0,15714.0,16603.0,17258.0,17537.0,17852.0,17906.0,17996.0,18442.0,18911.0,18957.0
청양군 - 주민등록인구＜br＞(B),Statistics,35626.0,34921.0,34086.0,33604.0,33062.0,32613.0,32541.0,32291.0,32087.0,32155.0,32248.0,32485.0,32753.0,32837.0,32296.0,31717.0,30948.0,30440.0,30266.0,30168.0,29658.0
청주시 - 1인당 자동차등록대수＜br＞(A÷B),Statistics,,,,,,,,,,,0.4,0.4,0.5,0.5,0.5,0.5,0.5,0.5,0.5,0.6,0.6
청주시 - 자동차등록대수＜br＞(A),Statistics,,,,,,,,,,,354230.0,367758.0,381427.0,392845.0,405987.0,418488.0,434677.0,452133.0,463680.0,473764.0,481582.0
청주시 - 주민등록인구＜br＞(B),Statistics,,,,,,,,,,,831521.0,831912.0,835197.0,835590.0,837749.0,839566.0,844993.0,848482.0,849573.0,852189.0,854537.0
춘천시 - 1인당 자동차등록대수＜br＞(A÷B),Statistics,0.4,0.4,0.4,0.4,0.4,0.4,0.4,0.4,0.4,0.4,0.4,0.4,0.4,0.5,0.5,0.5,0.5,0.5,0.5,0.5,0.5
춘천시 - 자동차등록대수＜br＞(A),Statistics,89213.0,91750.0,93793.0,95991.0,98619.0,102702.0,106015.0,108330.0,109305.0,111610.0,114891.0,119092.0,124088.0,127750.0,131605.0,134390.0,139153.0,142993.0,147904.0,149835.0,151040.0
춘천시 - 주민등록인구＜br＞(B),Statistics,254323.0,254999.0,256239.0,258141.0,261975.0,264849.0,269950.0,272805.0,273364.0,274455.0,275791.0,277997.0,280707.0,280514.0,280640.0,281291.0,282765.0,284594.0,286664.0,286426.0,286069.0
충남 당진군 - 1인당 자동차등록대수＜br＞(A÷B),Statistics,0.3,0.4,0.4,0.4,0.4,0.4,0.4,0.4,,,,,,,,,,,,,
충남 당진군 - 자동차등록대수＜br＞(A),Statistics,40283.0,43214.0,46320.0,51990.0,55467.0,59239.0,63479.0,67378.0,,,,,,,,,,,,,
충남 당진군 - 주민등록인구＜br＞(B),Statistics,117510.0,120483.0,124925.0,136254.0,136432.0,138798.0,144903.0,150219.0,,,,,,,,,,,,,
충남 연기군 - 1인당 자동차등록대수＜br＞(A÷B),Statistics,0.3,0.3,0.4,0.4,0.4,0.4,0.4,0.4,,,,,,,,,,,,,
충남 연기군 - 자동차등록대수＜br＞(A),Statistics,27524.0,28686.0,29613.0,29853.0,29999.0,31390.0,32637.0,34222.0,,,,,,,,,,,,,
충남 연기군 - 주민등록인구＜br＞(B),Statistics,84455.0,84308.0,82747.0,79977.0,78645.0,79482.0,81871.0,82890.0,,,,,,,,,,,,,
충북 청원군 - 1인당 자동차등록대수＜br＞(A÷B),Statistics,0.4,0.4,0.4,0.4,0.4,0.4,0.5,0.5,0.5,0.5,,,,,,,,,,,
충북 청원군 - 자동차등록대수＜br＞(A),Statistics,43832.0,46169.0,54706.0,58906.0,62571.0,65662.0,68826.0,73346.0,72769.0,75323.0,,,,,,,,,,,
충북 청원군 - 주민등록인구＜br＞(B),Statistics,119745.0,119784.0,136538.0,143021.0,148063.0,149783.0,152944.0,158369.0,154780.0,155002.0,,,,,,,,,,,
충북 청주시 - 1인당 자동차등록대수＜br＞(A÷B),Statistics,0.3,0.3,0.3,0.4,0.4,0.4,0.4,0.4,0.4,0.4,,,,,,,,,,,
충북 청주시 - 자동차등록대수＜br＞(A),Statistics,203725.0,211472.0,216142.0,223961.0,227388.0,234047.0,244555.0,251984.0,257560.0,265545.0,,,,,,,,,,,
충북 청주시 - 주민등록인구＜br＞(B),Statistics,624288.0,630939.0,626679.0,633286.0,638663.0,643161.0,655971.0,661946.0,666852.0,672904.0,,,,,,,,,,,
충주시 - 1인당 자동차등록대수＜br＞(A÷B),Statistics,0.3,0.3,0.3,0.4,0.4,0.4,0.4,0.4,0.4,0.4,0.4,0.5,0.5,0.5,0.5,0.5,0.5,0.6,0.6,0.6,0.6
충주시 - 자동차등록대수＜br＞(A),Statistics,67217.0,69575.0,71543.0,74176.0,76274.0,79247.0,82742.0,85304.0,87340.0,89800.0,92452.0,96066.0,100048.0,103842.0,108085.0,111804.0,115591.0,119176.0,122764.0,125894.0,126190.0
충주시 - 주민등록인구＜br＞(B),Statistics,207534.0,205907.0,204610.0,205064.0,206372.0,206613.0,208481.0,208433.0,208447.0,208115.0,208527.0,207913.0,208350.0,208316.0,210504.0,210737.0,210186.0,209358.0,208277.0,207778.0,207241.0
충청남도 - 1인당 자동차등록대수＜br＞(A÷B),Statistics,0.3,0.3,0.4,0.4,0.4,0.4,0.4,0.4,0.4,0.4,0.4,0.5,0.5,0.5,0.5,0.5,0.5,0.6,0.6,0.6,0.6
충청남도 - 자동차등록대수＜br＞(A),Statistics,635947.0,669355.0,700321.0,732894.0,762287.0,796918.0,834391.0,868688.0,855751.0,887083.0,924576.0,969162.0,1015144.0,1057515.0,1093582.0,1118117.0,1149845.0,1176350.0,1211477.0,1245446.0,1272954.0
충청남도 - 주민등록인구＜br＞(B),Statistics,1953406.0,1962646.0,1974433.0,1995531.0,2018537.0,2037582.0,2075514.0,2101284.0,2028777.0,2047631.0,2062273.0,2077649.0,2096727.0,2116770.0,2126282.0,2123709.0,2121029.0,2119257.0,2123037.0,2130119.0,2136574.0
충청북도 - 1인당 자동차등록대수＜br＞(A÷B),Statistics,0.3,0.3,0.4,0.4,0.4,0.4,0.4,0.4,0.4,0.4,0.4,0.5,0.5,0.5,0.5,0.5,0.5,0.6,0.6,0.6,0.6
충청북도 - 자동차등록대수＜br＞(A),Statistics,492053.0,510535.0,531667.0,553427.0,569460.0,591478.0,617225.0,640303.0,653610.0,674138.0,699797.0,730069.0,760701.0,787188.0,814698.0,837602.0,865620.0,892301.0,916455.0,936269.0,949503.0
충청북도 - 주민등록인구＜br＞(B),Statistics,1488945.0,1488803.0,1494559.0,1506608.0,1519587.0,1527478.0,1549528.0,1562903.0,1565628.0,1572732.0,1578933.0,1583952.0,1591625.0,1594432.0,1599252.0,1600007.0,1600837.0,1597427.0,1595058.0,1593469.0,1591177.0
칠곡군 - 1인당 자동차등록대수＜br＞(A÷B),Statistics,0.4,0.4,0.4,0.4,0.4,0.4,0.4,0.5,0.5,0.5,0.5,0.5,0.5,0.6,0.6,0.6,0.6,0.6,0.7,0.7,0.7
칠곡군 - 자동차등록대수＜br＞(A),Statistics,41117.0,43270.0,45552.0,48175.0,49843.0,51356.0,53393.0,54768.0,56428.0,58749.0,61782.0,64831.0,67640.0,68947.0,69718.0,70014.0,70529.0,71643.0,73380.0,74044.0,73782.0
칠곡군 - 주민등록인구＜br＞(B),Statistics,106475.0,107750.0,111390.0,113851.0,116472.0,117288.0,119087.0,118838.0,119786.0,121182.0,122058.0,122829.0,123199.0,120864.0,118828.0,117047.0,114758.0,113822.0,112487.0,110581.0,107383.0
태백시 - 1인당 자동차등록대수＜br＞(A÷B),Statistics,0.3,0.3,0.3,0.4,0.4,0.4,0.4,0.4,0.4,0.4,0.4,0.4,0.4,0.5,0.5,0.5,0.5,0.5,0.5,0.5,0.6
태백시 - 자동차등록대수＜br＞(A),Statistics,16842.0,17173.0,17534.0,18102.0,18381.0,18921.0,19558.0,19719.0,19651.0,19808.0,20207.0,20492.0,20981.0,21036.0,21055.0,20988.0,21015.0,20831.0,20932.0,21177.0,21248.0
태백시 - 주민등록인구＜br＞(B),Statistics,53264.0,52463.0,51593.0,51490.0,51028.0,50424.0,50864.0,50176.0,49493.0,48794.0,48258.0,47501.0,47070.0,45888.0,44858.0,43866.0,42719.0,40844.0,39428.0,38702.0,37936.0
태안군 - 1인당 자동차등록대수＜br＞(A÷B),Statistics,0.3,0.3,0.3,0.4,0.4,0.4,0.4,0.4,0.4,0.4,0.5,0.5,0.5,0.5,0.5,0.5,0.6,0.6,0.6,0.6,0.6
태안군 - 자동차등록대수＜br＞(A),Statistics,19708.0,20825.0,21868.0,22430.0,23452.0,24604.0,25353.0,26015.0,26545.0,27337.0,28410.0,30019.0,31451.0,32630.0,33381.0,34029.0,35058.0,35250.0,36354.0,37066.0,37570.0
태안군 - 주민등록인구＜br＞(B),Statistics,63764.0,63794.0,63754.0,63042.0,63401.0,63095.0,63247.0,62747.0,62548.0,62416.0,62574.0,63484.0,63900.0,63932.0,63238.0,62743.0,62214.0,61526.0,61335.0,60784.0,60133.0
통영시 - 1인당 자동차등록대수＜br＞(A÷B),Statistics,0.2,0.3,0.3,0.3,0.3,0.3,0.3,0.3,0.3,0.3,0.4,0.4,0.4,0.4,0.4,0.4,0.4,0.4,0.4,0.5,0.5
통영시 - 자동차등록대수＜br＞(A),Statistics,32542.0,33902.0,35623.0,37531.0,39921.0,42062.0,43975.0,45322.0,45958.0,47432.0,49043.0,51480.0,52551.0,53090.0,53621.0,53760.0,54079.0,54239.0,54698.0,55290.0,55352.0
통영시 - 주민등록인구＜br＞(B),Statistics,132959.0,132795.0,133127.0,134431.0,136275.0,137415.0,140297.0,140195.0,139347.0,139719.0,139439.0,139168.0,138160.0,135833.0,133720.0,131404.0,128293.0,125383.0,122681.0,120551.0,118481.0
파주시 - 1인당 자동차등록대수＜br＞(A÷B),Statistics,0.4,0.4,0.4,0.4,0.4,0.4,0.4,0.4,0.4,0.4,0.4,0.4,0.4,0.5,0.5,0.5,0.5,0.5,0.5,0.5,0.5
파주시 - 자동차등록대수＜br＞(A),Statistics,91667.0,98820.0,111347.0,118454.0,122654.0,128660.0,140569.0,150142.0,156859.0,160946.0,168773.0,179783.0,188998.0,197096.0,208208.0,211734.0,222522.0,235972.0,247974.0,255100.0,264832.0
파주시 - 주민등록인구＜br＞(B),Statistics,246323.0,261770.0,292752.0,303831.0,311164.0,323011.0,355632.0,378790.0,394201.0,401718.0,411348.0,423321.0,430781.0,437848.0,451848.0,454040.0,465617.0,483245.0,495315.0,497753.0,511308.0
평창군 - 1인당 자동차등록대수＜br＞(A÷B),Statistics,0.4,0.4,0.4,0.4,0.5,0.5,0.5,0.5,0.5,0.5,0.5,0.5,0.6,0.6,0.6,0.6,0.6,0.6,0.7,0.7,0.7
평창군 - 자동차등록대수＜br＞(A),Statistics,17095.0,17718.0,18562.0,19057.0,19916.0,20375.0,20536.0,21615.0,21526.0,22028.0,22798.0,23584.0,24450.0,25088.0,25593.0,25867.0,26320.0,26571.0,27457.0,28162.0,28051.0
평창군 - 주민등록인구＜br＞(B),Statistics,45311.0,45033.0,44332.0,44003.0,43706.0,43634.0,43622.0,43577.0,43627.0,43666.0,43660.0,43500.0,43318.0,43092.0,42610.0,42106.0,41681.0,40996.0,40990.0,40659.0,40396.0
평택시 - 1인당 자동차등록대수＜br＞(A÷B),Statistics,0.4,0.4,0.4,0.4,0.4,0.4,0.4,0.4,0.4,0.4,0.5,0.5,0.5,0.5,0.5,0.5,0.5,0.6,0.6,0.6,0.6
평택시 - 자동차등록대수＜br＞(A),Statistics,137078.0,144042.0,151284.0,157949.0,162060.0,166739.0,174040.0,180933.0,186597.0,193457.0,202727.0,215512.0,228762.0,243171.0,259008.0,273124.0,291735.0,312995.0,329305.0,342776.0,351450.0
평택시 - 주민등록인구＜br＞(B),Statistics,370653.0,383976.0,396765.0,402458.0,406721.0,410042.0,419457.0,426886.0,434305.0,442034.0,449555.0,460532.0,470832.0,481530.0,495642.0,513027.0,537307.0,564288.0,578529.0,591022.0,598556.0
포천시 - 1인당 자동차등록대수＜br＞(A÷B),Statistics,0.4,0.4,0.4,0.4,0.4,0.4,0.5,0.5,0.5,0.5,0.5,0.6,0.6,0.6,0.6,0.6,0.6,0.7,0.7,0.7,0.7
포천시 - 자동차등록대수＜br＞(A),Statistics,56868.0,59870.0,62561.0,65437.0,69330.0,71428.0,74786.0,78201.0,80446.0,81219.0,83316.0,86351.0,89177.0,90350.0,92189.0,93099.0,95439.0,98345.0,99270.0,99820.0,100306.0
포천시 - 주민등록인구＜br＞(B),Statistics,150364.0,155242.0,157269.0,158156.0,160176.0,158931.0,158658.0,157967.0,157559.0,156603.0,155798.0,155192.0,154763.0,152925.0,150676.0,148379.0,147274.0,148939.0,146701.0,143323.0,141463.0
포항시 - 1인당 자동차등록대수＜br＞(A÷B),Statistics,0.4,0.4,0.4,0.4,0.4,0.4,0.4,0.4,0.4,0.4,0.5,0.5,0.5,0.5,0.5,0.5,0.5,0.6,0.6,0.6,0.6
포항시 - 자동차등록대수＜br＞(A),Statistics,177930.0,185311.0,191086.0,196566.0,200227.0,207558.0,214377.0,220091.0,225261.0,230915.0,237705.0,245447.0,251935.0,257335.0,262141.0,266425.0,271960.0,277277.0,278697.0,284648.0,288997.0
포항시 - 주민등록인구＜br＞(B),Statistics,507129.0,507052.0,505008.0,505555.0,508119.0,509475.0,514755.0,517088.0,518913.0,519467.0,519368.0,519584.0,516775.0,513832.0,510013.0,507025.0,502916.0,503852.0,496650.0,493033.0,491581.0
하남시 - 1인당 자동차등록대수＜br＞(A÷B),Statistics,0.3,0.3,0.3,0.3,0.3,0.3,0.4,0.4,0.4,0.4,0.4,0.4,0.4,0.4,0.4,0.4,0.4,0.4,0.4,0.4,0.4
하남시 - 자동차등록대수＜br＞(A),Statistics,40826.0,42127.0,43887.0,45799.0,48989.0,51821.0,53021.0,54062.0,54154.0,54792.0,57840.0,66238.0,83957.0,94178.0,104542.0,113743.0,124309.0,136750.0,141362.0,144590.0,145549.0
하남시 - 주민등록인구＜br＞(B),Statistics,129903.0,132850.0,134824.0,137131.0,143638.0,148566.0,150479.0,148397.0,146269.0,145096.0,148896.0,166713.0,211101.0,232487.0,254415.0,272455.0,293452.0,320087.0,326059.0,329861.0,329120.0
하동군 - 1인당 자동차등록대수＜br＞(A÷B),Statistics,0.3,0.3,0.3,0.3,0.3,0.4,0.4,0.4,0.4,0.4,0.4,0.5,0.5,0.5,0.5,0.5,0.6,0.6,0.6,0.6,0.6
하동군 - 자동차등록대수＜br＞(A),Statistics,16134.0,16366.0,16829.0,17924.0,18202.0,18773.0,19311.0,20751.0,20579.0,21172.0,21672.0,22954.0,23699.0,24315.0,24521.0,24829.0,24640.0,24662.0,24871.0,25097.0,25317.0
하동군 - 주민등록인구＜br＞(B),Statistics,54881.0,53131.0,52898.0,55526.0,53515.0,52010.0,51509.0,53975.0,50806.0,50177.0,49223.0,50259.0,49622.0,48831.0,47533.0,46574.0,44785.0,43449.0,42465.0,41606.0,40765.0
함안군 - 1인당 자동차등록대수＜br＞(A÷B),Statistics,0.4,0.4,0.4,0.4,0.4,0.4,0.5,0.6,0.6,0.7,0.7,0.7,0.7,0.7,0.8,0.8,0.9,1.0,1.2,1.3,1.2
함안군 - 자동차등록대수＜br＞(A),Statistics,23455.0,24116.0,25882.0,27184.0,28597.0,29713.0,30783.0,39011.0,43468.0,48825.0,50534.0,49326.0,50670.0,50986.0,52278.0,53360.0,59904.0,65105.0,75988.0,80756.0,67771.0
함안군 - 주민등록인구＜br＞(B),Statistics,62081.0,61376.0,63460.0,64865.0,66050.0,66582.0,67207.0,66971.0,67425.0,67667.0,68741.0,69156.0,68937.0,68207.0,67025.0,65700.0,64182.0,62547.0,61456.0,60203.0,58842.0
함양군 - 1인당 자동차등록대수＜br＞(A÷B),Statistics,0.3,0.3,0.3,0.3,0.4,0.4,0.4,0.5,0.7,0.7,0.7,0.5,0.5,0.5,0.5,0.5,0.5,0.5,0.6,0.6,1.1
함양군 - 자동차등록대수＜br＞(A),Statistics,10877.0,11223.0,11687.0,12302.0,14893.0,16036.0,17572.0,20262.0,27361.0,30243.0,27438.0,20230.0,18607.0,18961.0,19221.0,19473.0,19918.0,20204.0,20757.0,21128.0,38237.0
함양군 - 주민등록인구＜br＞(B),Statistics,41922.0,41535.0,41162.0,40637.0,40447.0,40626.0,41197.0,41081.0,40714.0,40692.0,40584.0,40339.0,40241.0,40175.0,40044.0,39637.0,39080.0,38310.0,37708.0,36945.0,36131.0
함평군 - 1인당 자동차등록대수＜br＞(A÷B),Statistics,0.3,0.3,0.3,0.3,0.3,0.4,0.4,0.4,0.4,0.4,0.4,0.5,0.5,0.5,0.8,1.4,1.4,1.6,1.4,0.9,0.9
함평군 - 자동차등록대수＜br＞(A),Statistics,10806.0,11260.0,11505.0,12837.0,12922.0,13197.0,13642.0,14127.0,14488.0,15141.0,15748.0,16213.0,16660.0,17594.0,28250.0,45489.0,46378.0,49250.0,43710.0,28525.0,25629.0
함평군 - 주민등록인구＜br＞(B),Statistics,40205.0,40189.0,38647.0,37998.0,37432.0,37089.0,36702.0,36134.0,35780.0,35610.0,35090.0,34876.0,34397.0,34328.0,33420.0,32861.0,32050.0,31274.0,30784.0,30601.0,30010.0
합천군 - 1인당 자동차등록대수＜br＞(A÷B),Statistics,0.3,0.3,0.3,0.3,0.3,0.3,0.4,0.4,0.4,0.4,0.4,0.4,0.5,0.5,0.5,0.5,0.5,0.6,0.6,0.6,0.6
합천군 - 자동차등록대수＜br＞(A),Statistics,15804.0,16216.0,16417.0,17149.0,17547.0,18176.0,18485.0,19122.0,19762.0,20487.0,21365.0,21908.0,22762.0,22857.0,23218.0,23618.0,23965.0,24403.0,24930.0,25360.0,25689.0
합천군 - 주민등록인구＜br＞(B),Statistics,57909.0,58162.0,55104.0,55450.0,55677.0,52973.0,51092.0,50608.0,50279.0,50290.0,50457.0,49145.0,48026.0,47000.0,45916.0,45204.0,44006.0,42935.0,42142.0,41203.0,40225.0
해남군 - 1인당 자동차등록대수＜br＞(A÷B),Statistics,0.3,0.3,0.3,0.3,0.3,0.4,0.4,0.4,0.4,0.4,0.4,0.5,0.5,0.5,0.5,0.6,0.6,1.1,1.8,1.9,2.1
해남군 - 자동차등록대수＜br＞(A),Statistics,25081.0,26036.0,26684.0,27427.0,27999.0,29200.0,30208.0,30994.0,31999.0,32900.0,33967.0,35404.0,36598.0,37658.0,38437.0,39023.0,42523.0,77051.0,116011.0,124528.0,131857.0
해남군 - 주민등록인구＜br＞(B),Statistics,87736.0,86238.0,84338.0,82529.0,81043.0,81148.0,79579.0,78346.0,78150.0,77684.0,76981.0,76194.0,75121.0,73604.0,71901.0,70354.0,68806.0,67166.0,65831.0,64575.0,63120.0
해운대구 - 1인당 자동차등록대수＜br＞(A÷B),Statistics,0.3,0.3,0.3,0.3,0.3,0.3,0.3,0.3,0.3,0.3,0.4,0.4,0.4,0.4,0.4,0.4,0.4,0.5,0.5,0.5,0.4
해운대구 - 자동차등록대수＜br＞(A),Statistics,111063.0,114170.0,122151.0,125521.0,127396.0,130715.0,134114.0,137017.0,145524.0,148685.0,152785.0,157462.0,161567.0,164904.0,178529.0,176728.0,177601.0,182830.0,183046.0,180429.0,163698.0
해운대구 - 주민등록인구＜br＞(B),Statistics,403432.0,404599.0,418875.0,423816.0,424455.0,424974.0,426729.0,425618.0,428188.0,425536.0,423531.0,422818.0,419853.0,412039.0,409347.0,406102.0,402169.0,396438.0,386785.0,380448.0,376404.0
홍성군 - 1인당 자동차등록대수＜br＞(A÷B),Statistics,0.3,0.3,0.3,0.4,0.4,0.4,0.4,0.4,0.4,0.4,0.4,0.5,0.5,0.5,0.5,0.5,0.5,0.6,0.6,0.6,0.6
홍성군 - 자동차등록대수＜br＞(A),Statistics,28781.0,29979.0,31117.0,32252.0,32933.0,34211.0,35292.0,36212.0,37360.0,39021.0,41128.0,44228.0,48530.0,50871.0,52069.0,53281.0,54452.0,55217.0,55924.0,57154.0,59178.0
홍성군 - 주민등록인구＜br＞(B),Statistics,91223.0,90931.0,89555.0,88685.0,88176.0,87631.0,88078.0,88108.0,88415.0,89704.0,91866.0,94553.0,99971.0,101570.0,101082.0,100423.0,100102.0,99324.0,98068.0,97524.0,99198.0
홍천군 - 1인당 자동차등록대수＜br＞(A÷B),Statistics,0.3,0.4,0.4,0.4,0.4,0.4,0.4,0.4,0.4,0.5,0.5,0.5,0.5,0.5,0.5,0.6,0.6,0.6,0.6,0.6,0.6
홍천군 - 자동차등록대수＜br＞(A),Statistics,24160.0,24939.0,25637.0,26693.0,27662.0,28579.0,29440.0,30426.0,31102.0,32085.0,33070.0,34390.0,36016.0,37505.0,38458.0,38826.0,40260.0,40777.0,41676.0,42407.0,42855.0
홍천군 - 주민등록인구＜br＞(B),Statistics,71907.0,70811.0,70037.0,70142.0,70360.0,69606.0,69893.0,69899.0,69727.0,70638.0,70451.0,70336.0,70076.0,70340.0,69949.0,69150.0,69242.0,68365.0,67977.0,67309.0,66717.0
화성시 - 1인당 자동차등록대수＜br＞(A÷B),Statistics,0.4,0.4,0.4,0.4,0.4,0.4,0.4,0.4,0.4,0.5,0.5,0.5,0.5,0.5,0.5,0.5,0.5,0.5,0.6,0.6,0.6
화성시 - 자동차등록대수＜br＞(A),Statistics,112242.0,125309.0,133927.0,161011.0,188009.0,208661.0,220067.0,229640.0,236431.0,243463.0,255078.0,288458.0,318430.0,351861.0,392584.0,426423.0,455136.0,480149.0,502830.0,529610.0,549396.0
화성시 - 주민등록인구＜br＞(B),Statistics,271563.0,296530.0,310171.0,371972.0,449354.0,491528.0,505838.0,516765.0,525490.0,530251.0,540862.0,596525.0,640890.0,691086.0,758722.0,815396.0,855248.0,887015.0,910814.0,944342.0,968821.0
화순군 - 1인당 자동차등록대수＜br＞(A÷B),Statistics,0.3,0.3,0.3,0.4,0.4,0.4,0.4,0.4,0.4,0.4,0.4,0.5,0.5,0.5,0.5,0.5,0.6,0.6,0.6,0.6,0.6
화순군 - 자동차등록대수＜br＞(A),Statistics,23669.0,24352.0,24903.0,25399.0,25744.0,26638.0,27097.0,27584.0,28196.0,28977.0,29693.0,30836.0,31751.0,32624.0,33329.0,33473.0,34736.0,35619.0,36295.0,36824.0,37180.0
화순군 - 주민등록인구＜br＞(B),Statistics,75023.0,73673.0,72615.0,71551.0,70327.0,69675.0,69368.0,68985.0,68378.0,67829.0,66772.0,65848.0,65303.0,64680.0,63933.0,62737.0,62522.0,62624.0,62024.0,61254.0,60735.0
화천군 - 1인당 자동차등록대수＜br＞(A÷B),Statistics,0.3,0.3,0.3,0.3,0.3,0.4,0.4,0.4,0.4,0.4,0.4,0.4,0.5,0.5,0.5,0.5,0.5,0.6,0.6,0.6,0.6
화천군 - 자동차등록대수＜br＞(A),Statistics,7231.0,7568.0,7756.0,7866.0,8183.0,8576.0,8907.0,9379.0,9824.0,10198.0,10901.0,11306.0,11823.0,12309.0,12687.0,13010.0,13389.0,13597.0,13568.0,13737.0,14022.0
화천군 - 주민등록인구＜br＞(B),Statistics,24267.0,23732.0,23317.0,22944.0,24110.0,24216.0,24364.0,24945.0,25020.0,25079.0,27143.0,27020.0,26264.0,26022.0,25084.0,24917.0,24857.0,24195.0,23388.0,23007.0,22922.0
횡성군 - 1인당 자동차등록대수＜br＞(A÷B),Statistics,0.3,0.4,0.4,0.4,0.4,0.4,0.4,0.4,0.4,0.5,0.5,0.5,0.5,0.5,0.6,0.6,0.6,0.6,0.6,0.6,0.7
횡성군 - 자동차등록대수＜br＞(A),Statistics,14890.0,15369.0,15854.0,16521.0,17107.0,18042.0,18606.0,19189.0,19971.0,20801.0,21718.0,22805.0,23820.0,24819.0,25740.0,26432.0,27441.0,28174.0,29065.0,29949.0,30274.0
횡성군 - 주민등록인구＜br＞(B),Statistics,44297.0,43678.0,42982.0,43176.0,43413.0,44121.0,44254.0,44360.0,44615.0,44937.0,45373.0,45777.0,45991.0,46281.0,46726.0,46575.0,46472.0,46481.0,46532.0,46359.0,46111.0
