item,category,2015,2016,2017,2018,2019,2020,2021,2022,2023,2024
가평군 - 계 - 건수,Statistics,107.0,120.0,135.0,129.0,118.0,118.0,122.0,110.0,116.0,125.0
가평군 - 계 - 농가수,Statistics,445.0,493.0,494.0,455.0,426.0,396.0,407.0,390.0,389.0,388.0
가평군 - 계 - 면적,Statistics,695.0,745.0,848.1,808.9,626.61,589.6,610.96,624.41,623.75,593.41
가평군 - 계 - 출하량,Statistics,3164.0,3277.0,2859.4,2067.9,2884.2,2160.82,2878.09,1893.37,2198.79,1879.65
가평군 - 무농약농산물 - 건수,Statistics,93.0,103.0,118.0,111.0,97.0,98.0,101.0,92.0,98.0,107.0
가평군 - 무농약농산물 - 농가수,Statistics,404.0,429.0,432.0,398.0,368.0,340.0,352.0,372.0,371.0,370.0
가평군 - 무농약농산물 - 면적,Statistics,475.0,396.0,501.2,464.4,321.58,298.3,360.6,425.22,459.25,400.51
가평군 - 무농약농산물 - 출하량,Statistics,2926.0,2847.0,2481.7,1793.7,2476.46,1884.04,2630.04,1824.79,2122.13,1805.15
가평군 - 유기농산물 - 건수,Statistics,14.0,17.0,17.0,18.0,21.0,20.0,21.0,18.0,18.0,18.0
가평군 - 유기농산물 - 농가수,Statistics,41.0,64.0,62.0,57.0,58.0,56.0,55.0,18.0,18.0,18.0
가평군 - 유기농산물 - 면적,Statistics,220.0,349.0,346.9,344.5,305.03,291.29,250.36,199.19,164.51,192.9
가평군 - 유기농산물 - 출하량,Statistics,238.0,430.0,377.7,274.2,407.74,276.79,248.05,68.58,76.67,74.5
강남구 - 계 - 건수,Statistics,8.0,11.0,8.0,9.0,11.0,12.0,8.0,9.0,8.0,8.0
강남구 - 계 - 농가수,Statistics,8.0,11.0,8.0,9.0,11.0,12.0,8.0,9.0,8.0,8.0
강남구 - 계 - 면적,Statistics,2.0,2.0,1.9,1.5,1.46,1.41,0.78,0.75,0.85,0.78
강남구 - 계 - 출하량,Statistics,80.0,120.0,64.6,92.1,99.83,92.08,31.35,99.36,104.11,81.95
강남구 - 무농약농산물 - 건수,Statistics,7.0,11.0,7.0,8.0,9.0,8.0,6.0,7.0,6.0,6.0
강남구 - 무농약농산물 - 농가수,Statistics,7.0,11.0,7.0,8.0,9.0,8.0,6.0,7.0,6.0,6.0
강남구 - 무농약농산물 - 면적,Statistics,2.0,2.0,1.9,1.5,1.46,1.41,0.78,0.75,0.85,0.78
강남구 - 무농약농산물 - 출하량,Statistics,80.0,120.0,61.6,89.1,94.78,87.98,30.17,95.87,102.63,80.95
강남구 - 유기농산물 - 건수,Statistics,1.0,,1.0,1.0,2.0,4.0,2.0,2.0,2.0,2.0
강남구 - 유기농산물 - 농가수,Statistics,1.0,,1.0,1.0,2.0,4.0,2.0,2.0,2.0,2.0
강남구 - 유기농산물 - 면적,Statistics,,,,,,,,,,0.0
강남구 - 유기농산물 - 출하량,Statistics,,,3.0,3.0,5.05,4.1,1.18,3.49,1.48,1.0
강동구 - 계 - 건수,Statistics,25.0,27.0,21.0,15.0,18.0,20.0,18.0,18.0,16.0,15.0
강동구 - 계 - 농가수,Statistics,25.0,27.0,21.0,15.0,18.0,20.0,18.0,18.0,16.0,15.0
강동구 - 계 - 면적,Statistics,12.0,10.0,5.9,5.1,7.34,6.87,5.87,5.8,5.39,6.33
강동구 - 계 - 출하량,Statistics,497.0,523.0,107.1,68.6,182.0,128.25,105.19,86.15,74.98,61.89
강동구 - 무농약농산물 - 건수,Statistics,23.0,27.0,21.0,15.0,18.0,20.0,18.0,18.0,16.0,15.0
강동구 - 무농약농산물 - 농가수,Statistics,23.0,27.0,21.0,15.0,18.0,20.0,18.0,18.0,16.0,15.0
강동구 - 무농약농산물 - 면적,Statistics,11.0,10.0,5.9,5.1,7.34,6.87,5.87,5.8,5.39,6.33
강동구 - 무농약농산물 - 출하량,Statistics,482.0,523.0,107.1,68.6,182.0,128.25,105.19,86.15,74.98,61.89
강동구 - 유기농산물 - 건수,Statistics,2.0,,,,,,,,,0.0
강동구 - 유기농산물 - 농가수,Statistics,2.0,,,,,,,,,0.0
강동구 - 유기농산물 - 면적,Statistics,1.0,,,,,,,,,0.0
강동구 - 유기농산물 - 출하량,Statistics,15.0,,,,,,,,,0.0
강릉시 - 계 - 건수,Statistics,151.0,152.0,162.0,170.0,163.0,161.0,156.0,156.0,156.0,166.0
강릉시 - 계 - 농가수,Statistics,176.0,172.0,184.0,181.0,163.0,161.0,163.0,162.0,162.0,172.0
강릉시 - 계 - 면적,Statistics,151.0,156.0,172.0,189.8,172.77,172.39,178.4,187.79,202.77,209.32
강릉시 - 계 - 출하량,Statistics,1973.0,1047.0,1465.7,1458.6,1172.4,590.8,1043.9,1208.34,1262.32,1454.79
강릉시 - 무농약농산물 - 건수,Statistics,126.0,135.0,148.0,151.0,143.0,139.0,135.0,135.0,136.0,144.0
강릉시 - 무농약농산물 - 농가수,Statistics,142.0,148.0,163.0,162.0,143.0,139.0,142.0,141.0,142.0,150.0
강릉시 - 무농약농산물 - 면적,Statistics,121.0,139.0,145.7,161.6,142.57,138.6,146.07,155.5,172.11,173.45
강릉시 - 무농약농산물 - 출하량,Statistics,1536.0,941.0,1370.0,1351.4,1121.29,559.23,910.42,1102.99,1203.0,1384.73
강릉시 - 유기농산물 - 건수,Statistics,19.0,17.0,14.0,19.0,20.0,22.0,21.0,21.0,20.0,22.0
강릉시 - 유기농산물 - 농가수,Statistics,27.0,24.0,21.0,19.0,20.0,22.0,21.0,21.0,20.0,22.0
강릉시 - 유기농산물 - 면적,Statistics,19.0,17.0,26.3,28.2,30.2,33.79,32.33,32.29,30.66,35.87
강릉시 - 유기농산물 - 출하량,Statistics,123.0,106.0,95.7,107.2,51.12,31.58,133.48,105.36,59.31,70.05
강릉시 - 저농약농산물 - 건수,Statistics,6.0,,,,,,,,,
강릉시 - 저농약농산물 - 농가수,Statistics,7.0,,,,,,,,,
강릉시 - 저농약농산물 - 면적,Statistics,11.0,,,,,,,,,
강릉시 - 저농약농산물 - 출하량,Statistics,314.0,,,,,,,,,
강북구 - 계 - 건수,Statistics,1.0,,,,,,,,,0.0
강북구 - 계 - 농가수,Statistics,1.0,,,,,,,,,0.0
강북구 - 계 - 면적,Statistics,,,,,,,,,,0.0
강북구 - 계 - 출하량,Statistics,,,,,,,,,,0.0
강북구 - 무농약농산물 - 건수,Statistics,1.0,,,,,,,,,0.0
강북구 - 무농약농산물 - 농가수,Statistics,1.0,,,,,,,,,0.0
강북구 - 무농약농산물 - 면적,Statistics,,,,,,,,,,0.0
강북구 - 무농약농산물 - 출하량,Statistics,,,,,,,,,,0.0
강북구 - 유기농산물 - 건수,Statistics,,,,,,,,,,0.0
강북구 - 유기농산물 - 농가수,Statistics,,,,,,,,,,0.0
강북구 - 유기농산물 - 면적,Statistics,,,,,,,,,,0.0
강북구 - 유기농산물 - 출하량,Statistics,,,,,,,,,,0.0
강서구 - 계 - 건수,Statistics,2.0,1.0,14.0,15.0,12.0,11.0,8.0,9.0,8.0,9.0
강서구 - 계 - 농가수,Statistics,2.0,1.0,14.0,15.0,12.0,11.0,8.0,9.0,8.0,9.0
강서구 - 계 - 면적,Statistics,44.0,14.0,6.6,13.9,15.88,13.26,12.61,11.62,9.93,7.29
강서구 - 계 - 출하량,Statistics,51.0,79.0,129.8,115.7,80.01,69.02,86.95,53.72,53.5,47.4
강서구 - 무농약농산물 - 건수,Statistics,2.0,1.0,14.0,14.0,11.0,11.0,8.0,9.0,8.0,9.0
강서구 - 무농약농산물 - 농가수,Statistics,2.0,1.0,14.0,14.0,11.0,11.0,8.0,9.0,8.0,9.0
강서구 - 무농약농산물 - 면적,Statistics,20.0,14.0,6.6,13.9,15.88,13.26,12.61,11.62,9.93,7.29
강서구 - 무농약농산물 - 출하량,Statistics,51.0,79.0,129.8,98.2,57.42,69.02,86.95,53.72,53.5,47.4
강서구 - 유기농산물 - 건수,Statistics,,,,1.0,1.0,,,,,0.0
강서구 - 유기농산물 - 농가수,Statistics,,,,1.0,1.0,,,,,0.0
강서구 - 유기농산물 - 면적,Statistics,,,,,,,,,,0.0
강서구 - 유기농산물 - 출하량,Statistics,,,,17.5,22.59,,,,,0.0
강서구 - 저농약농산물 - 건수,Statistics,5.0,,,,,,,,,
강서구 - 저농약농산물 - 농가수,Statistics,25.0,,,,,,,,,
강서구 - 저농약농산물 - 면적,Statistics,24.0,,,,,,,,,
강원특별자치도 - 계 - 건수,Statistics,1993.0,2081.0,2167.0,2062.0,2091.0,2207.0,2162.0,2071.0,1965.0,1922.0
강원특별자치도 - 계 - 농가수,Statistics,2974.0,2892.0,2630.0,2433.0,2389.0,2466.0,2378.0,2253.0,2146.0,2083.0
강원특별자치도 - 계 - 면적,Statistics,4331.0,4283.0,4061.2,3497.9,3669.59,3675.18,3651.7,3634.05,3579.4,3634.74
강원특별자치도 - 계 - 출하량,Statistics,49038.0,37938.0,23110.2,20467.3,21606.49,18007.9,19950.26,16513.41,16642.68,18930.72
강원특별자치도 - 무농약농산물 - 건수,Statistics,1462.0,1582.0,1609.0,1484.0,1456.0,1499.0,1450.0,1353.0,1280.0,1231.0
강원특별자치도 - 무농약농산물 - 농가수,Statistics,2127.0,2129.0,1957.0,1761.0,1663.0,1690.0,1602.0,1483.0,1410.0,1335.0
강원특별자치도 - 무농약농산물 - 면적,Statistics,2626.0,2630.0,2704.4,2207.7,2239.46,2151.22,2085.26,2035.25,1983.87,1999.89
강원특별자치도 - 무농약농산물 - 출하량,Statistics,35132.0,19779.0,15505.0,12734.6,13351.89,10903.63,11623.37,9201.31,9419.39,10922.15
강원특별자치도 - 유기농산물 - 건수,Statistics,471.0,499.0,558.0,578.0,635.0,708.0,712.0,718.0,685.0,691.0
강원특별자치도 - 유기농산물 - 농가수,Statistics,711.0,763.0,673.0,672.0,726.0,776.0,776.0,770.0,736.0,748.0
강원특별자치도 - 유기농산물 - 면적,Statistics,1575.0,1653.0,1356.8,1290.2,1430.12,1523.97,1566.44,1598.8,1595.53,1634.85
강원특별자치도 - 유기농산물 - 출하량,Statistics,12337.0,18159.0,7605.2,7732.7,8254.6,7104.26,8326.89,7312.1,7223.29,8008.56
강원특별자치도 - 저농약농산물 - 건수,Statistics,60.0,,,,,,,,,
강원특별자치도 - 저농약농산물 - 농가수,Statistics,136.0,,,,,,,,,
강원특별자치도 - 저농약농산물 - 면적,Statistics,130.0,,,,,,,,,
강원특별자치도 - 저농약농산물 - 출하량,Statistics,1569.0,,,,,,,,,
강진군 - 계 - 건수,Statistics,296.0,333.0,366.0,597.0,637.0,558.0,554.0,563.0,613.0,647.0
강진군 - 계 - 농가수,Statistics,519.0,536.0,575.0,773.0,832.0,674.0,606.0,595.0,623.0,659.0
강진군 - 계 - 면적,Statistics,1082.0,1150.0,1259.3,1791.3,1878.64,1615.83,1519.77,1572.6,1527.5,1546.54
강진군 - 계 - 출하량,Statistics,4155.0,4289.0,4490.8,4362.3,4291.75,3261.04,2621.8,1449.82,2495.01,1752.23
강진군 - 무농약농산물 - 건수,Statistics,243.0,284.0,320.0,552.0,587.0,493.0,438.0,302.0,374.0,350.0
강진군 - 무농약농산물 - 농가수,Statistics,442.0,470.0,512.0,712.0,765.0,555.0,466.0,323.0,374.0,350.0
강진군 - 무농약농산물 - 면적,Statistics,878.0,954.0,1078.7,1615.6,1684.59,1332.69,1087.03,764.76,859.46,750.18
강진군 - 무농약농산물 - 출하량,Statistics,3229.0,3039.0,3057.8,3452.6,2902.47,2036.53,1111.61,408.27,729.27,734.79
강진군 - 유기농산물 - 건수,Statistics,45.0,49.0,46.0,45.0,50.0,65.0,116.0,261.0,239.0,297.0
강진군 - 유기농산물 - 농가수,Statistics,62.0,66.0,63.0,61.0,67.0,119.0,140.0,272.0,249.0,309.0
강진군 - 유기농산물 - 면적,Statistics,188.0,196.0,180.6,175.7,194.05,283.13,432.74,807.84,668.05,796.37
강진군 - 유기농산물 - 출하량,Statistics,709.0,1250.0,1433.0,909.7,1389.28,1224.52,1510.2,1041.55,1765.74,1017.44
강진군 - 저농약농산물 - 건수,Statistics,8.0,,,,,,,,,
강진군 - 저농약농산물 - 농가수,Statistics,15.0,,,,,,,,,
강진군 - 저농약농산물 - 면적,Statistics,16.0,,,,,,,,,
강진군 - 저농약농산물 - 출하량,Statistics,217.0,,,,,,,,,
강화군 - 계 - 건수,Statistics,77.0,86.0,166.0,161.0,228.0,213.0,205.0,216.0,214.0,142.0
강화군 - 계 - 농가수,Statistics,293.0,220.0,307.0,306.0,254.0,213.0,205.0,216.0,214.0,237.0
강화군 - 계 - 면적,Statistics,524.0,411.0,628.0,650.7,540.91,487.86,479.6,510.7,532.87,624.6
강화군 - 계 - 출하량,Statistics,1909.0,3383.0,4702.9,5186.3,4146.01,3130.36,3740.3,2566.5,3134.39,3450.7
강화군 - 무농약농산물 - 건수,Statistics,62.0,73.0,154.0,151.0,199.0,185.0,177.0,190.0,182.0,114.0
강화군 - 무농약농산물 - 농가수,Statistics,240.0,172.0,266.0,274.0,225.0,185.0,177.0,190.0,182.0,204.0
강화군 - 무농약농산물 - 면적,Statistics,404.0,313.0,547.7,579.4,487.06,439.85,432.24,464.89,485.25,576.54
강화군 - 무농약농산물 - 출하량,Statistics,1621.0,2773.0,4255.4,4706.2,3859.92,2876.91,3448.19,2374.37,2939.25,3258.04
강화군 - 유기농산물 - 건수,Statistics,15.0,13.0,12.0,10.0,29.0,28.0,28.0,26.0,32.0,28.0
강화군 - 유기농산물 - 농가수,Statistics,53.0,48.0,41.0,32.0,29.0,28.0,28.0,26.0,32.0,33.0
강화군 - 유기농산물 - 면적,Statistics,120.0,98.0,80.3,71.3,53.85,48.01,47.36,45.81,47.62,48.06
강화군 - 유기농산물 - 출하량,Statistics,288.0,610.0,447.5,480.1,286.09,253.44,292.11,192.13,195.14,192.65
거제시 - 계 - 건수,Statistics,45.0,46.0,43.0,43.0,48.0,54.0,63.0,63.0,63.0,70.0
거제시 - 계 - 농가수,Statistics,89.0,83.0,66.0,61.0,64.0,63.0,71.0,81.0,77.0,82.0
거제시 - 계 - 면적,Statistics,64.0,78.0,55.9,58.0,61.82,72.56,68.29,80.32,84.34,95.09
거제시 - 계 - 출하량,Statistics,924.0,851.0,721.4,655.2,778.71,798.43,796.16,845.67,679.65,954.4
거제시 - 무농약농산물 - 건수,Statistics,42.0,44.0,41.0,40.0,41.0,46.0,53.0,49.0,50.0,54.0
거제시 - 무농약농산물 - 농가수,Statistics,86.0,81.0,64.0,58.0,57.0,55.0,61.0,67.0,64.0,66.0
거제시 - 무농약농산물 - 면적,Statistics,63.0,77.0,55.1,56.8,54.58,64.78,59.08,61.42,64.56,72.2
거제시 - 무농약농산물 - 출하량,Statistics,865.0,845.0,699.6,632.3,579.63,624.26,610.54,617.29,445.13,724.18
거제시 - 유기농산물 - 건수,Statistics,2.0,2.0,2.0,3.0,7.0,8.0,10.0,14.0,13.0,16.0
거제시 - 유기농산물 - 농가수,Statistics,2.0,2.0,2.0,3.0,7.0,8.0,10.0,14.0,13.0,16.0
거제시 - 유기농산물 - 면적,Statistics,1.0,1.0,0.8,1.2,7.25,7.78,9.21,18.9,19.78,22.89
거제시 - 유기농산물 - 출하량,Statistics,9.0,6.0,21.8,22.9,199.08,174.17,185.62,228.37,234.52,230.22
거제시 - 저농약농산물 - 건수,Statistics,1.0,,,,,,,,,
거제시 - 저농약농산물 - 농가수,Statistics,1.0,,,,,,,,,
거제시 - 저농약농산물 - 출하량,Statistics,50.0,,,,,,,,,
거창군 - 계 - 건수,Statistics,133.0,115.0,116.0,114.0,117.0,139.0,148.0,244.0,237.0,234.0
거창군 - 계 - 농가수,Statistics,670.0,368.0,368.0,346.0,363.0,502.0,528.0,506.0,469.0,465.0
거창군 - 계 - 면적,Statistics,671.0,475.0,511.9,516.3,547.12,719.32,772.8,779.65,787.8,798.78
거창군 - 계 - 출하량,Statistics,3199.0,1047.0,1969.5,1550.5,1848.64,1821.42,1615.32,1507.91,1169.2,1213.23
거창군 - 무농약농산물 - 건수,Statistics,81.0,95.0,94.0,96.0,95.0,108.0,110.0,200.0,181.0,174.0
거창군 - 무농약농산물 - 농가수,Statistics,377.0,347.0,346.0,328.0,341.0,471.0,490.0,462.0,413.0,405.0
거창군 - 무농약농산물 - 면적,Statistics,333.0,374.0,430.7,438.1,451.79,561.13,571.38,564.08,538.03,539.0
거창군 - 무농약농산물 - 출하량,Statistics,1551.0,872.0,1561.4,1368.2,1710.74,1663.15,1511.24,1384.44,1096.11,1132.41
거창군 - 유기농산물 - 건수,Statistics,21.0,20.0,22.0,18.0,22.0,31.0,38.0,44.0,56.0,60.0
거창군 - 유기농산물 - 농가수,Statistics,22.0,21.0,22.0,18.0,22.0,31.0,38.0,44.0,56.0,60.0
거창군 - 유기농산물 - 면적,Statistics,103.0,101.0,81.2,78.2,95.32,158.19,201.43,215.56,249.76,259.79
거창군 - 유기농산물 - 출하량,Statistics,103.0,175.0,408.1,182.3,137.9,158.27,104.09,123.47,73.09,80.82
거창군 - 저농약농산물 - 건수,Statistics,31.0,,,,,,,,,
거창군 - 저농약농산물 - 농가수,Statistics,271.0,,,,,,,,,
거창군 - 저농약농산물 - 면적,Statistics,235.0,,,,,,,,,
거창군 - 저농약농산물 - 출하량,Statistics,1545.0,,,,,,,,,
경기 남양주시 - 계 - 건수,Statistics,270.0,268.0,239.0,212.0,204.0,207.0,187.0,163.0,153.0,146.0
경기 남양주시 - 계 - 농가수,Statistics,320.0,271.0,239.0,213.0,204.0,207.0,187.0,163.0,153.0,146.0
경기 남양주시 - 계 - 면적,Statistics,207.0,158.0,135.7,129.1,119.45,121.93,112.3,95.38,89.27,82.42
경기 남양주시 - 계 - 출하량,Statistics,1706.0,2517.0,1841.6,1375.5,1924.58,1041.71,1850.3,1253.75,1288.57,1088.33
경기 남양주시 - 무농약농산물 - 건수,Statistics,183.0,156.0,136.0,119.0,114.0,118.0,104.0,87.0,85.0,83.0
경기 남양주시 - 무농약농산물 - 농가수,Statistics,188.0,156.0,136.0,120.0,114.0,118.0,104.0,87.0,85.0,83.0
경기 남양주시 - 무농약농산물 - 면적,Statistics,112.0,90.0,80.0,71.9,65.72,67.61,60.67,47.93,47.16,42.1
경기 남양주시 - 무농약농산물 - 출하량,Statistics,774.0,1297.0,1210.9,931.8,1445.66,644.83,1503.62,893.1,1078.45,827.08
경기 남양주시 - 유기농산물 - 건수,Statistics,86.0,112.0,103.0,93.0,90.0,89.0,83.0,76.0,68.0,63.0
경기 남양주시 - 유기농산물 - 농가수,Statistics,115.0,115.0,103.0,93.0,90.0,89.0,83.0,76.0,68.0,63.0
경기 남양주시 - 유기농산물 - 면적,Statistics,74.0,68.0,55.7,57.2,53.73,54.32,51.63,47.45,42.11,40.32
경기 남양주시 - 유기농산물 - 출하량,Statistics,838.0,1220.0,630.7,443.7,478.93,396.88,346.68,360.65,210.11,261.25
경기 남양주시 - 저농약농산물 - 건수,Statistics,1.0,,,,,,,,,
경기 남양주시 - 저농약농산물 - 농가수,Statistics,17.0,,,,,,,,,
경기 남양주시 - 저농약농산물 - 면적,Statistics,21.0,,,,,,,,,
경기 남양주시 - 저농약농산물 - 출하량,Statistics,94.0,,,,,,,,,
경기 동두천시 - 계 - 건수,Statistics,1.0,1.0,1.0,1.0,1.0,1.0,1.0,,,0.0
경기 동두천시 - 계 - 농가수,Statistics,1.0,1.0,1.0,1.0,1.0,1.0,1.0,,,0.0
경기 동두천시 - 계 - 면적,Statistics,,,0.2,0.2,0.2,0.47,0.47,0.28,0.28,0.28
경기 동두천시 - 계 - 출하량,Statistics,121.0,,,60.8,48.8,40.8,,,,0.0
경기 동두천시 - 무농약농산물 - 건수,Statistics,1.0,1.0,1.0,1.0,1.0,1.0,1.0,,,0.0
경기 동두천시 - 무농약농산물 - 농가수,Statistics,1.0,1.0,1.0,1.0,1.0,1.0,1.0,,,0.0
경기 동두천시 - 무농약농산물 - 면적,Statistics,,,0.2,0.2,0.2,0.47,0.47,0.28,0.28,0.28
경기 동두천시 - 무농약농산물 - 출하량,Statistics,121.0,,,60.8,48.8,40.8,,,,0.0
경기 동두천시 - 유기농산물 - 건수,Statistics,,,,,,,,,,0.0
경기 동두천시 - 유기농산물 - 농가수,Statistics,,,,,,,,,,0.0
경기 동두천시 - 유기농산물 - 면적,Statistics,,,,,,,,,,0.0
경기 동두천시 - 유기농산물 - 출하량,Statistics,,,,,,,,,,0.0
경기 부천시 - 계 - 건수,Statistics,12.0,16.0,12.0,15.0,13.0,14.0,13.0,4.0,4.0,5.0
경기 부천시 - 계 - 농가수,Statistics,224.0,343.0,242.0,202.0,173.0,178.0,160.0,4.0,4.0,5.0
경기 부천시 - 계 - 면적,Statistics,71.0,111.0,79.0,64.3,55.05,54.89,49.63,0.09,,0.0
경기 부천시 - 계 - 출하량,Statistics,536.0,887.0,594.8,401.2,28.1,423.24,403.32,21.55,4.86,4.49
경기 부천시 - 무농약농산물 - 건수,Statistics,12.0,16.0,12.0,15.0,13.0,14.0,13.0,4.0,4.0,3.0
경기 부천시 - 무농약농산물 - 농가수,Statistics,224.0,343.0,242.0,202.0,173.0,178.0,160.0,4.0,4.0,3.0
경기 부천시 - 무농약농산물 - 면적,Statistics,71.0,111.0,79.0,64.3,55.05,54.89,49.63,0.09,,0.0
경기 부천시 - 무농약농산물 - 출하량,Statistics,536.0,887.0,594.8,401.2,28.1,423.24,403.32,21.55,4.86,3.84
경기 부천시 - 유기농산물 - 건수,Statistics,,,,,,,,,,2.0
경기 부천시 - 유기농산물 - 농가수,Statistics,,,,,,,,,,2.0
경기 부천시 - 유기농산물 - 면적,Statistics,,,,,,,,,,0.0
경기 부천시 - 유기농산물 - 출하량,Statistics,,,,,,,,,,0.65
경기 성남시 - 계 - 건수,Statistics,35.0,31.0,29.0,26.0,26.0,28.0,26.0,25.0,23.0,24.0
경기 성남시 - 계 - 농가수,Statistics,35.0,31.0,29.0,26.0,26.0,28.0,26.0,25.0,23.0,24.0
경기 성남시 - 계 - 면적,Statistics,17.0,13.0,12.0,12.8,12.65,12.85,12.81,12.25,12.26,11.58
경기 성남시 - 계 - 출하량,Statistics,814.0,1919.0,822.8,740.2,503.43,402.99,359.76,416.72,421.61,300.1
경기 성남시 - 무농약농산물 - 건수,Statistics,34.0,30.0,28.0,25.0,25.0,28.0,25.0,25.0,23.0,23.0
경기 성남시 - 무농약농산물 - 농가수,Statistics,34.0,30.0,28.0,25.0,25.0,28.0,25.0,25.0,23.0,23.0
경기 성남시 - 무농약농산물 - 면적,Statistics,16.0,13.0,12.0,12.8,12.65,12.85,12.81,12.25,12.26,11.58
경기 성남시 - 무농약농산물 - 출하량,Statistics,814.0,1918.0,822.8,740.2,503.43,402.99,355.78,416.72,421.61,300.1
경기 성남시 - 유기농산물 - 건수,Statistics,,1.0,1.0,1.0,1.0,,1.0,,,1.0
경기 성남시 - 유기농산물 - 농가수,Statistics,,1.0,1.0,1.0,1.0,,1.0,,,1.0
경기 성남시 - 유기농산물 - 면적,Statistics,,,,,,,,,,0.0
경기 성남시 - 유기농산물 - 출하량,Statistics,,1.0,,,,,3.98,,,0.0
경기 성남시 - 저농약농산물 - 건수,Statistics,1.0,,,,,,,,,
경기 성남시 - 저농약농산물 - 농가수,Statistics,1.0,,,,,,,,,
경기 성남시 - 저농약농산물 - 면적,Statistics,1.0,,,,,,,,,
경기 수원시 - 계 - 건수,Statistics,17.0,37.0,34.0,35.0,31.0,27.0,31.0,28.0,25.0,20.0
경기 수원시 - 계 - 농가수,Statistics,35.0,39.0,34.0,35.0,31.0,27.0,31.0,28.0,25.0,20.0
경기 수원시 - 계 - 면적,Statistics,10.0,12.0,11.1,9.7,9.01,9.88,10.84,9.3,6.13,5.57
경기 수원시 - 계 - 출하량,Statistics,485.0,461.0,253.1,230.7,204.32,171.44,183.53,156.3,165.04,193.13
경기 수원시 - 무농약농산물 - 건수,Statistics,12.0,33.0,29.0,33.0,29.0,26.0,29.0,26.0,23.0,18.0
경기 수원시 - 무농약농산물 - 농가수,Statistics,12.0,33.0,29.0,33.0,29.0,26.0,29.0,26.0,23.0,18.0
경기 수원시 - 무농약농산물 - 면적,Statistics,3.0,6.0,6.8,8.2,7.47,8.34,9.25,7.72,4.55,3.98
경기 수원시 - 무농약농산물 - 출하량,Statistics,94.0,197.0,129.5,109.7,156.33,98.14,72.08,59.4,79.89,66.48
경기 수원시 - 유기농산물 - 건수,Statistics,4.0,4.0,5.0,2.0,2.0,1.0,2.0,2.0,2.0,2.0
경기 수원시 - 유기농산물 - 농가수,Statistics,7.0,6.0,5.0,2.0,2.0,1.0,2.0,2.0,2.0,2.0
경기 수원시 - 유기농산물 - 면적,Statistics,7.0,6.0,4.3,1.5,1.54,1.54,1.59,1.59,1.59,1.59
경기 수원시 - 유기농산물 - 출하량,Statistics,98.0,264.0,123.6,121.0,47.98,73.3,111.45,96.9,85.15,126.65
경기 수원시 - 저농약농산물 - 건수,Statistics,1.0,,,,,,,,,
경기 수원시 - 저농약농산물 - 농가수,Statistics,16.0,,,,,,,,,
경기 수원시 - 저농약농산물 - 출하량,Statistics,293.0,,,,,,,,,
경기도 소계 - 계 - 건수,Statistics,3384.0,3524.0,3718.0,3797.0,3918.0,3961.0,3830.0,3648.0,3552.0,3565.0
경기도 소계 - 계 - 농가수,Statistics,5530.0,5222.0,5326.0,5320.0,5366.0,5331.0,5238.0,4835.0,4703.0,4737.0
경기도 소계 - 계 - 면적,Statistics,5277.0,5024.0,5368.7,5433.7,5437.16,5480.87,5365.97,5071.66,5239.47,5334.48
경기도 소계 - 계 - 출하량,Statistics,85480.0,109453.0,77910.7,77045.6,77265.31,80527.05,78424.68,74981.49,77437.87,79775.87
경기도 소계 - 무농약농산물 - 건수,Statistics,2588.0,2736.0,2913.0,3021.0,3119.0,3133.0,2980.0,2824.0,2759.0,2783.0
경기도 소계 - 무농약농산물 - 농가수,Statistics,3851.0,4046.0,4183.0,4229.0,4247.0,4191.0,4066.0,3734.0,3664.0,3716.0
경기도 소계 - 무농약농산물 - 면적,Statistics,3173.0,3322.0,3704.0,3825.1,3829.5,3906.77,3818.71,3638.65,3943.8,4033.11
경기도 소계 - 무농약농산물 - 출하량,Statistics,65831.0,99125.0,68046.8,67487.9,68109.59,71929.38,69563.8,67714.18,70607.56,72800.17
경기도 소계 - 유기농산물 - 건수,Statistics,676.0,788.0,805.0,776.0,799.0,828.0,850.0,824.0,793.0,782.0
경기도 소계 - 유기농산물 - 농가수,Statistics,1126.0,1176.0,1143.0,1091.0,1119.0,1140.0,1172.0,1101.0,1039.0,1021.0
경기도 소계 - 유기농산물 - 면적,Statistics,1563.0,1702.0,1664.7,1608.6,1607.66,1574.1,1547.26,1433.01,1295.67,1301.36
경기도 소계 - 유기농산물 - 출하량,Statistics,9434.0,10328.0,9863.9,9557.7,9155.72,8597.67,8860.88,7267.31,6830.32,6975.7
경기도 소계 - 저농약농산물 - 건수,Statistics,120.0,,,,,,,,,
경기도 소계 - 저농약농산물 - 농가수,Statistics,553.0,,,,,,,,,
경기도 소계 - 저농약농산물 - 면적,Statistics,541.0,,,,,,,,,
경기도 소계 - 저농약농산물 - 출하량,Statistics,10215.0,,,,,,,,,
경남 창원시 - 계 - 건수,Statistics,64.0,45.0,48.0,63.0,60.0,68.0,80.0,72.0,81.0,88.0
경남 창원시 - 계 - 농가수,Statistics,87.0,60.0,62.0,78.0,75.0,92.0,138.0,139.0,156.0,174.0
경남 창원시 - 계 - 면적,Statistics,88.0,52.0,62.0,65.0,68.4,92.33,131.96,128.17,129.52,141.94
경남 창원시 - 계 - 출하량,Statistics,3334.0,943.0,2544.5,2507.0,2435.08,2885.45,4576.78,4672.91,4353.84,5007.78
경남 창원시 - 무농약농산물 - 건수,Statistics,39.0,40.0,43.0,57.0,53.0,60.0,71.0,62.0,71.0,77.0
경남 창원시 - 무농약농산물 - 농가수,Statistics,49.0,55.0,57.0,72.0,68.0,84.0,129.0,129.0,146.0,163.0
경남 창원시 - 무농약농산물 - 면적,Statistics,41.0,43.0,51.5,57.0,60.25,82.96,122.73,118.03,119.38,130.44
경남 창원시 - 무농약농산물 - 출하량,Statistics,2308.0,930.0,2480.1,2347.6,2336.37,2755.5,4415.44,4130.32,4161.8,4779.3
경남 창원시 - 유기농산물 - 건수,Statistics,5.0,5.0,5.0,6.0,7.0,8.0,9.0,10.0,10.0,11.0
경남 창원시 - 유기농산물 - 농가수,Statistics,5.0,5.0,5.0,6.0,7.0,8.0,9.0,10.0,10.0,11.0
경남 창원시 - 유기농산물 - 면적,Statistics,7.0,9.0,10.5,8.0,8.16,9.36,9.23,10.14,10.14,11.49
경남 창원시 - 유기농산물 - 출하량,Statistics,168.0,13.0,64.4,159.4,98.72,129.95,161.34,542.59,192.03,228.49
경남 창원시 - 저농약농산물 - 건수,Statistics,20.0,,,,,,,,,
경남 창원시 - 저농약농산물 - 농가수,Statistics,33.0,,,,,,,,,
경남 창원시 - 저농약농산물 - 면적,Statistics,40.0,,,,,,,,,
경남 창원시 - 저농약농산물 - 출하량,Statistics,858.0,,,,,,,,,
경남 통영시 - 계 - 건수,Statistics,19.0,15.0,12.0,12.0,11.0,10.0,9.0,7.0,8.0,6.0
경남 통영시 - 계 - 농가수,Statistics,19.0,15.0,12.0,12.0,11.0,10.0,9.0,7.0,8.0,6.0
경남 통영시 - 계 - 면적,Statistics,13.0,10.0,7.7,9.8,12.84,13.13,12.6,11.77,11.86,4.06
경남 통영시 - 계 - 출하량,Statistics,152.0,77.0,69.7,196.5,63.4,61.56,49.0,20.45,21.92,15.78
경남 통영시 - 무농약농산물 - 건수,Statistics,18.0,14.0,11.0,11.0,10.0,9.0,7.0,5.0,4.0,4.0
경남 통영시 - 무농약농산물 - 농가수,Statistics,18.0,14.0,11.0,11.0,10.0,9.0,7.0,5.0,4.0,4.0
경남 통영시 - 무농약농산물 - 면적,Statistics,11.0,8.0,6.6,8.7,11.76,12.04,9.45,8.61,1.24,1.2
경남 통영시 - 무농약농산물 - 출하량,Statistics,130.0,56.0,50.2,177.2,47.5,48.71,37.7,13.7,7.22,6.38
경남 통영시 - 유기농산물 - 건수,Statistics,1.0,1.0,1.0,1.0,1.0,1.0,2.0,2.0,4.0,2.0
경남 통영시 - 유기농산물 - 농가수,Statistics,1.0,1.0,1.0,1.0,1.0,1.0,2.0,2.0,4.0,2.0
경남 통영시 - 유기농산물 - 면적,Statistics,2.0,2.0,1.1,1.1,1.08,1.08,3.16,3.16,10.62,2.86
경남 통영시 - 유기농산물 - 출하량,Statistics,22.0,21.0,19.5,19.3,15.9,12.85,11.3,6.75,14.7,9.4
경산시 - 계 - 건수,Statistics,85.0,50.0,51.0,44.0,43.0,46.0,44.0,41.0,32.0,33.0
경산시 - 계 - 농가수,Statistics,262.0,55.0,51.0,44.0,43.0,46.0,44.0,41.0,32.0,33.0
경산시 - 계 - 면적,Statistics,146.0,28.0,23.2,18.7,16.39,18.71,20.95,20.98,20.26,22.69
경산시 - 계 - 출하량,Statistics,4141.0,867.0,502.0,719.1,1436.71,1221.09,1228.27,1743.92,1682.79,1847.01
경산시 - 무농약농산물 - 건수,Statistics,53.0,47.0,48.0,42.0,41.0,44.0,42.0,40.0,31.0,31.0
경산시 - 무농약농산물 - 농가수,Statistics,61.0,52.0,48.0,42.0,41.0,44.0,42.0,40.0,31.0,31.0
경산시 - 무농약농산물 - 면적,Statistics,30.0,27.0,22.1,18.0,15.74,18.18,20.16,20.41,19.7,22.13
경산시 - 무농약농산물 - 출하량,Statistics,797.0,821.0,452.0,710.0,1432.47,1221.09,1226.31,1739.67,1681.3,1843.34
경산시 - 유기농산물 - 건수,Statistics,3.0,3.0,3.0,2.0,2.0,2.0,2.0,1.0,1.0,2.0
경산시 - 유기농산물 - 농가수,Statistics,3.0,3.0,3.0,2.0,2.0,2.0,2.0,1.0,1.0,2.0
경산시 - 유기농산물 - 면적,Statistics,1.0,1.0,1.1,0.7,0.66,0.54,0.79,0.57,0.57,0.57
경산시 - 유기농산물 - 출하량,Statistics,22.0,46.0,50.0,9.1,4.24,,1.96,4.25,1.49,3.67
경산시 - 저농약농산물 - 건수,Statistics,29.0,,,,,,,,,
경산시 - 저농약농산물 - 농가수,Statistics,198.0,,,,,,,,,
경산시 - 저농약농산물 - 면적,Statistics,115.0,,,,,,,,,
경산시 - 저농약농산물 - 출하량,Statistics,3322.0,,,,,,,,,
경상남도 소계 - 계 - 건수,Statistics,2032.0,1789.0,1764.0,1812.0,1860.0,2006.0,2050.0,2098.0,2074.0,2165.0
경상남도 소계 - 계 - 농가수,Statistics,6591.0,5399.0,5073.0,4826.0,4933.0,5207.0,5035.0,4784.0,4518.0,4565.0
경상남도 소계 - 계 - 면적,Statistics,6481.0,5217.0,5019.8,4806.5,4968.05,5364.35,5296.18,5185.37,5073.9,5121.12
경상남도 소계 - 계 - 출하량,Statistics,57909.0,99558.0,38246.0,33487.6,39030.35,41523.01,46323.05,43900.21,40635.88,43965.05
경상남도 소계 - 무농약농산물 - 건수,Statistics,1296.0,1371.0,1339.0,1372.0,1370.0,1438.0,1462.0,1458.0,1371.0,1419.0
경상남도 소계 - 무농약농산물 - 농가수,Statistics,4152.0,3945.0,3619.0,3215.0,3240.0,3323.0,3154.0,3022.0,2765.0,2719.0
경상남도 소계 - 무농약농산물 - 면적,Statistics,3422.0,3544.0,3363.4,3016.6,3063.18,3177.79,3071.32,2916.62,2714.29,2686.98
경상남도 소계 - 무농약농산물 - 출하량,Statistics,27383.0,91591.0,29893.3,26630.4,30320.36,32607.56,37017.53,35532.65,33168.55,35402.39
경상남도 소계 - 유기농산물 - 건수,Statistics,391.0,418.0,425.0,440.0,490.0,568.0,588.0,640.0,703.0,746.0
경상남도 소계 - 유기농산물 - 농가수,Statistics,1287.0,1454.0,1454.0,1611.0,1693.0,1884.0,1881.0,1762.0,1753.0,1846.0
경상남도 소계 - 유기농산물 - 면적,Statistics,1543.0,1673.0,1656.4,1789.9,1904.87,2186.56,2224.86,2268.75,2359.61,2434.14
경상남도 소계 - 유기농산물 - 출하량,Statistics,7384.0,7967.0,8352.7,6857.2,8709.99,8915.45,9305.52,8367.56,7467.34,8562.66
경상남도 소계 - 저농약농산물 - 건수,Statistics,345.0,,,,,,,,,
경상남도 소계 - 저농약농산물 - 농가수,Statistics,1152.0,,,,,,,,,
경상남도 소계 - 저농약농산물 - 면적,Statistics,1516.0,,,,,,,,,
경상남도 소계 - 저농약농산물 - 출하량,Statistics,23142.0,,,,,,,,,
경상북도 소계 - 계 - 건수,Statistics,2720.0,2427.0,2550.0,2421.0,2408.0,2539.0,2425.0,2238.0,2227.0,2165.0
경상북도 소계 - 계 - 농가수,Statistics,8894.0,5503.0,4979.0,4220.0,4101.0,4125.0,3935.0,3547.0,3511.0,3344.0
경상북도 소계 - 계 - 면적,Statistics,7808.0,4909.0,4501.0,3852.1,3722.48,3816.9,3681.08,3411.04,3464.27,3571.09
경상북도 소계 - 계 - 출하량,Statistics,114596.0,62279.0,68531.4,59945.8,69927.01,92848.13,69006.89,63771.32,90811.19,93201.5
경상북도 소계 - 무농약농산물 - 건수,Statistics,1805.0,1997.0,2119.0,1969.0,1949.0,2053.0,1912.0,1716.0,1704.0,1622.0
경상북도 소계 - 무농약농산물 - 농가수,Statistics,4530.0,4391.0,3973.0,3271.0,3134.0,3160.0,2886.0,2499.0,2490.0,2363.0
경상북도 소계 - 무농약농산물 - 면적,Statistics,3860.0,3710.0,3414.7,2817.6,2649.1,2714.02,2513.36,2232.88,2311.43,2417.55
경상북도 소계 - 무농약농산물 - 출하량,Statistics,64386.0,54121.0,60897.8,52805.0,62562.16,85864.83,60877.08,56713.38,83977.76,86213.73
경상북도 소계 - 유기농산물 - 건수,Statistics,423.0,430.0,431.0,452.0,459.0,486.0,513.0,522.0,523.0,543.0
경상북도 소계 - 유기농산물 - 농가수,Statistics,1260.0,1112.0,1006.0,949.0,967.0,965.0,1049.0,1048.0,1021.0,981.0
경상북도 소계 - 유기농산물 - 면적,Statistics,1312.0,1199.0,1086.3,1034.5,1073.38,1102.87,1167.72,1178.15,1152.83,1153.53
경상북도 소계 - 유기농산물 - 출하량,Statistics,8957.0,8158.0,7633.6,7140.8,7364.85,6983.3,8129.81,7057.95,6833.43,6987.77
경상북도 소계 - 저농약농산물 - 건수,Statistics,492.0,,,,,,,,,
경상북도 소계 - 저농약농산물 - 농가수,Statistics,3104.0,,,,,,,,,
경상북도 소계 - 저농약농산물 - 면적,Statistics,2636.0,,,,,,,,,
경상북도 소계 - 저농약농산물 - 출하량,Statistics,41253.0,,,,,,,,,
경주시 - 계 - 건수,Statistics,83.0,60.0,84.0,81.0,91.0,85.0,79.0,76.0,70.0,68.0
경주시 - 계 - 농가수,Statistics,532.0,208.0,216.0,205.0,219.0,213.0,202.0,205.0,189.0,186.0
경주시 - 계 - 면적,Statistics,335.0,136.0,145.3,121.8,123.59,128.44,124.4,122.23,113.58,108.87
경주시 - 계 - 출하량,Statistics,7663.0,2017.0,2615.5,3605.2,3772.49,4936.44,4040.5,2942.81,3385.31,2816.37
경주시 - 무농약농산물 - 건수,Statistics,39.0,51.0,76.0,72.0,80.0,74.0,69.0,65.0,61.0,59.0
경주시 - 무농약농산물 - 농가수,Statistics,165.0,197.0,206.0,194.0,208.0,202.0,192.0,194.0,180.0,177.0
경주시 - 무농약농산물 - 면적,Statistics,108.0,121.0,132.0,102.9,106.37,111.29,109.58,108.4,100.2,95.6
경주시 - 무농약농산물 - 출하량,Statistics,2131.0,1874.0,2411.4,3490.5,3452.08,4727.69,3803.14,2803.29,3056.53,2615.27
경주시 - 유기농산물 - 건수,Statistics,10.0,9.0,8.0,9.0,11.0,11.0,10.0,11.0,9.0,9.0
경주시 - 유기농산물 - 농가수,Statistics,14.0,11.0,10.0,11.0,11.0,11.0,10.0,11.0,9.0,9.0
경주시 - 유기농산물 - 면적,Statistics,15.0,15.0,13.3,18.9,17.22,17.15,14.82,13.83,13.38,13.27
경주시 - 유기농산물 - 출하량,Statistics,119.0,143.0,204.1,114.7,320.41,208.76,237.35,139.52,328.77,201.09
경주시 - 저농약농산물 - 건수,Statistics,34.0,,,,,,,,,
경주시 - 저농약농산물 - 농가수,Statistics,353.0,,,,,,,,,
경주시 - 저농약농산물 - 면적,Statistics,212.0,,,,,,,,,
경주시 - 저농약농산물 - 출하량,Statistics,5413.0,,,,,,,,,
계룡시 - 계 - 건수,Statistics,9.0,10.0,5.0,5.0,7.0,6.0,5.0,6.0,7.0,6.0
계룡시 - 계 - 농가수,Statistics,9.0,10.0,5.0,5.0,7.0,6.0,5.0,6.0,7.0,6.0
계룡시 - 계 - 면적,Statistics,1.0,1.0,0.5,0.4,0.35,0.58,0.83,0.95,1.12,0.83
계룡시 - 계 - 출하량,Statistics,421.0,11.0,34.0,9.3,15.97,11.01,22.05,44.94,43.13,42.16
계룡시 - 무농약농산물 - 건수,Statistics,8.0,9.0,5.0,5.0,5.0,4.0,4.0,5.0,6.0,5.0
계룡시 - 무농약농산물 - 농가수,Statistics,8.0,9.0,5.0,5.0,5.0,4.0,4.0,5.0,6.0,5.0
계룡시 - 무농약농산물 - 면적,Statistics,1.0,1.0,0.5,0.4,0.35,0.58,0.83,0.95,1.12,0.83
계룡시 - 무농약농산물 - 출하량,Statistics,420.0,10.0,34.0,9.3,12.95,7.41,20.55,43.15,41.63,40.46
계룡시 - 유기농산물 - 건수,Statistics,1.0,1.0,,,2.0,2.0,1.0,1.0,1.0,1.0
계룡시 - 유기농산물 - 농가수,Statistics,1.0,1.0,,,2.0,2.0,1.0,1.0,1.0,1.0
계룡시 - 유기농산물 - 면적,Statistics,,,,,,,,,,0.0
계룡시 - 유기농산물 - 출하량,Statistics,1.0,1.0,,,3.02,3.6,1.5,1.79,1.5,1.7
계양구 - 계 - 건수,Statistics,6.0,5.0,4.0,3.0,6.0,7.0,5.0,5.0,4.0,3.0
계양구 - 계 - 농가수,Statistics,7.0,5.0,4.0,3.0,6.0,7.0,5.0,5.0,4.0,3.0
계양구 - 계 - 면적,Statistics,9.0,9.0,8.0,5.2,8.56,8.81,5.83,5.55,2.73,3.13
계양구 - 계 - 출하량,Statistics,84.0,51.0,16.5,72.4,68.41,124.39,101.08,109.58,41.65,43.18
계양구 - 무농약농산물 - 건수,Statistics,6.0,5.0,4.0,2.0,5.0,6.0,5.0,5.0,4.0,3.0
계양구 - 무농약농산물 - 농가수,Statistics,7.0,5.0,4.0,2.0,5.0,6.0,5.0,5.0,4.0,3.0
계양구 - 무농약농산물 - 면적,Statistics,5.0,5.0,4.1,1.2,5.06,5.27,3.49,4.27,1.62,2.02
계양구 - 무농약농산물 - 출하량,Statistics,84.0,51.0,16.5,67.6,31.61,107.39,101.08,109.58,41.65,43.18
계양구 - 유기농산물 - 건수,Statistics,,,,1.0,1.0,1.0,,,,0.0
계양구 - 유기농산물 - 농가수,Statistics,,,,1.0,1.0,1.0,,,,0.0
계양구 - 유기농산물 - 면적,Statistics,4.0,4.0,3.9,4.0,3.5,3.54,2.34,1.28,1.11,1.11
계양구 - 유기농산물 - 출하량,Statistics,,,,4.8,36.8,17.0,,,,0.0
고령군 - 계 - 건수,Statistics,114.0,117.0,111.0,87.0,94.0,132.0,128.0,113.0,124.0,121.0
고령군 - 계 - 농가수,Statistics,329.0,259.0,200.0,140.0,148.0,179.0,174.0,153.0,161.0,154.0
고령군 - 계 - 면적,Statistics,167.0,139.0,113.6,72.6,76.35,97.41,88.47,78.3,78.34,92.89
고령군 - 계 - 출하량,Statistics,1410.0,2450.0,1388.2,1150.5,1824.72,1858.05,1620.02,1343.37,1417.57,1393.77
고령군 - 무농약농산물 - 건수,Statistics,99.0,103.0,94.0,72.0,79.0,115.0,107.0,93.0,102.0,98.0
고령군 - 무농약농산물 - 농가수,Statistics,309.0,241.0,183.0,125.0,133.0,162.0,153.0,133.0,139.0,131.0
고령군 - 무농약농산물 - 면적,Statistics,153.0,127.0,101.4,61.7,65.93,86.51,76.23,66.58,66.75,81.26
고령군 - 무농약농산물 - 출하량,Statistics,1041.0,2119.0,1080.1,942.8,1590.95,1550.07,1314.24,1031.29,1090.14,1101.46
고령군 - 유기농산물 - 건수,Statistics,15.0,14.0,17.0,15.0,15.0,17.0,21.0,20.0,22.0,23.0
고령군 - 유기농산물 - 농가수,Statistics,20.0,18.0,17.0,15.0,15.0,17.0,21.0,20.0,22.0,23.0
고령군 - 유기농산물 - 면적,Statistics,14.0,12.0,12.2,10.9,10.43,10.9,12.24,11.72,11.59,11.63
고령군 - 유기농산물 - 출하량,Statistics,369.0,331.0,308.1,207.7,233.77,307.99,305.78,312.09,327.44,292.3
고성군 - 계 - 건수,Statistics,51.0,60.0,59.0,57.0,57.0,57.0,55.0,58.0,50.0,44.0
고성군 - 계 - 농가수,Statistics,64.0,72.0,70.0,66.0,66.0,66.0,61.0,64.0,56.0,52.0
고성군 - 계 - 면적,Statistics,66.0,86.0,91.6,79.4,82.6,90.51,75.22,72.65,73.24,64.46
고성군 - 계 - 출하량,Statistics,675.0,562.0,547.7,451.3,456.18,494.07,529.27,459.76,236.42,498.89
고성군 - 무농약농산물 - 건수,Statistics,46.0,55.0,53.0,51.0,49.0,44.0,39.0,42.0,36.0,29.0
고성군 - 무농약농산물 - 농가수,Statistics,59.0,67.0,64.0,60.0,58.0,53.0,45.0,48.0,42.0,29.0
고성군 - 무농약농산물 - 면적,Statistics,60.0,80.0,85.1,72.1,73.18,72.98,55.47,55.9,57.42,29.85
고성군 - 무농약농산물 - 출하량,Statistics,663.0,548.0,537.2,442.0,436.23,475.08,493.23,434.81,213.81,410.54
고성군 - 유기농산물 - 건수,Statistics,5.0,5.0,6.0,6.0,8.0,13.0,16.0,16.0,14.0,15.0
고성군 - 유기농산물 - 농가수,Statistics,5.0,5.0,6.0,6.0,8.0,13.0,16.0,16.0,14.0,23.0
고성군 - 유기농산물 - 면적,Statistics,6.0,6.0,6.5,7.3,9.42,17.53,19.75,16.75,15.82,34.61
고성군 - 유기농산물 - 출하량,Statistics,12.0,14.0,10.5,9.3,19.95,18.99,36.04,24.96,22.61,88.35
고성군 - 저농약농산물 - 건수,Statistics,7.0,,,,,,,,,
고성군 - 저농약농산물 - 농가수,Statistics,13.0,,,,,,,,,
고성군 - 저농약농산물 - 면적,Statistics,16.0,,,,,,,,,
고성군 - 저농약농산물 - 출하량,Statistics,373.0,,,,,,,,,
고양시 - 계 - 건수,Statistics,105.0,104.0,97.0,99.0,121.0,145.0,143.0,126.0,124.0,119.0
고양시 - 계 - 농가수,Statistics,146.0,146.0,130.0,137.0,154.0,179.0,177.0,158.0,156.0,152.0
고양시 - 계 - 면적,Statistics,107.0,110.0,97.0,126.1,151.1,191.06,184.3,155.5,156.49,148.58
고양시 - 계 - 출하량,Statistics,3752.0,3731.0,3039.0,2798.7,2927.02,2738.56,2869.3,3072.03,3194.06,2806.39
고양시 - 무농약농산물 - 건수,Statistics,94.0,98.0,91.0,92.0,110.0,135.0,127.0,111.0,111.0,110.0
고양시 - 무농약농산물 - 농가수,Statistics,125.0,134.0,119.0,125.0,139.0,165.0,157.0,139.0,139.0,139.0
고양시 - 무농약농산물 - 면적,Statistics,72.0,91.0,79.9,108.5,135.94,175.66,168.38,139.94,141.66,135.17
고양시 - 무농약농산물 - 출하량,Statistics,3118.0,3562.0,2870.8,2680.4,2722.26,2570.06,2704.35,2905.87,2988.27,2607.61
고양시 - 유기농산물 - 건수,Statistics,7.0,6.0,6.0,7.0,11.0,10.0,16.0,15.0,13.0,9.0
고양시 - 유기농산물 - 농가수,Statistics,14.0,12.0,11.0,12.0,15.0,14.0,20.0,19.0,17.0,13.0
고양시 - 유기농산물 - 면적,Statistics,24.0,19.0,17.1,17.6,15.16,15.41,15.9,15.56,14.83,13.42
고양시 - 유기농산물 - 출하량,Statistics,273.0,169.0,168.2,118.3,204.75,168.5,164.95,166.16,205.79,198.78
고양시 - 저농약농산물 - 건수,Statistics,4.0,,,,,,,,,
고양시 - 저농약농산물 - 농가수,Statistics,7.0,,,,,,,,,
고양시 - 저농약농산물 - 면적,Statistics,11.0,,,,,,,,,
고양시 - 저농약농산물 - 출하량,Statistics,361.0,,,,,,,,,
고창군 - 계 - 건수,Statistics,205.0,191.0,173.0,156.0,155.0,155.0,158.0,163.0,145.0,141.0
고창군 - 계 - 농가수,Statistics,396.0,336.0,289.0,276.0,272.0,287.0,294.0,283.0,273.0,256.0
고창군 - 계 - 면적,Statistics,620.0,625.0,655.3,690.0,704.97,725.58,667.94,819.0,842.14,837.8
고창군 - 계 - 출하량,Statistics,2231.0,2229.0,1894.6,1372.5,2048.96,1603.09,3378.39,2097.0,3410.39,7827.41
고창군 - 무농약농산물 - 건수,Statistics,167.0,163.0,141.0,118.0,110.0,106.0,103.0,105.0,86.0,83.0
고창군 - 무농약농산물 - 농가수,Statistics,285.0,200.0,205.0,185.0,176.0,168.0,147.0,138.0,126.0,114.0
고창군 - 무농약농산물 - 면적,Statistics,304.0,212.0,296.5,288.7,245.61,240.63,223.02,372.27,328.52,313.03
고창군 - 무농약농산물 - 출하량,Statistics,1205.0,969.0,1406.9,786.6,1114.29,940.1,2127.45,1094.1,2774.11,7047.61
고창군 - 유기농산물 - 건수,Statistics,29.0,28.0,32.0,38.0,45.0,49.0,55.0,58.0,59.0,58.0
고창군 - 유기농산물 - 농가수,Statistics,83.0,136.0,84.0,91.0,96.0,119.0,147.0,145.0,147.0,142.0
고창군 - 유기농산물 - 면적,Statistics,278.0,413.0,358.8,401.3,459.36,484.95,444.92,446.73,513.62,524.78
고창군 - 유기농산물 - 출하량,Statistics,753.0,1260.0,487.7,585.9,934.67,662.99,1250.94,1002.89,636.28,779.81
고창군 - 저농약농산물 - 건수,Statistics,9.0,,,,,,,,,
고창군 - 저농약농산물 - 농가수,Statistics,28.0,,,,,,,,,
고창군 - 저농약농산물 - 면적,Statistics,38.0,,,,,,,,,
고창군 - 저농약농산물 - 출하량,Statistics,273.0,,,,,,,,,
고흥군 - 계 - 건수,Statistics,163.0,187.0,286.0,322.0,333.0,361.0,336.0,321.0,313.0,352.0
고흥군 - 계 - 농가수,Statistics,675.0,527.0,1092.0,1106.0,1015.0,854.0,743.0,629.0,561.0,558.0
고흥군 - 계 - 면적,Statistics,1271.0,1133.0,3016.1,3352.0,3462.02,3252.69,2643.33,2145.61,2149.68,2461.34
고흥군 - 계 - 출하량,Statistics,3290.0,1896.0,4595.7,12063.9,4584.37,2873.55,2694.17,1362.56,1156.11,943.37
고흥군 - 무농약농산물 - 건수,Statistics,125.0,155.0,250.0,278.0,286.0,304.0,254.0,214.0,210.0,227.0
고흥군 - 무농약농산물 - 농가수,Statistics,623.0,478.0,1013.0,1026.0,933.0,766.0,607.0,462.0,397.0,345.0
고흥군 - 무농약농산물 - 면적,Statistics,1142.0,1000.0,2826.3,3137.4,3237.85,3009.37,2200.21,1553.18,1624.7,1634.57
고흥군 - 무농약농산물 - 출하량,Statistics,2574.0,1553.0,4008.2,11174.2,4012.18,2107.41,1867.15,1011.68,553.81,465.86
고흥군 - 유기농산물 - 건수,Statistics,36.0,32.0,36.0,44.0,47.0,57.0,82.0,107.0,103.0,125.0
고흥군 - 유기농산물 - 농가수,Statistics,48.0,49.0,79.0,80.0,82.0,88.0,136.0,167.0,164.0,213.0
고흥군 - 유기농산물 - 면적,Statistics,127.0,133.0,189.8,214.6,224.16,243.32,443.12,592.43,524.97,826.77
고흥군 - 유기농산물 - 출하량,Statistics,707.0,343.0,587.5,889.7,572.2,766.14,827.02,350.88,602.3,477.51
고흥군 - 저농약농산물 - 건수,Statistics,2.0,,,,,,,,,
고흥군 - 저농약농산물 - 농가수,Statistics,4.0,,,,,,,,,
고흥군 - 저농약농산물 - 면적,Statistics,2.0,,,,,,,,,
고흥군 - 저농약농산물 - 출하량,Statistics,9.0,,,,,,,,,
곡성군 - 계 - 건수,Statistics,382.0,437.0,507.0,522.0,570.0,616.0,520.0,480.0,479.0,482.0
곡성군 - 계 - 농가수,Statistics,1949.0,2007.0,2042.0,1975.0,2034.0,2161.0,2220.0,2117.0,2127.0,2134.0
곡성군 - 계 - 면적,Statistics,1516.0,1533.0,1622.0,1604.6,1662.99,1703.03,1636.53,1595.01,1556.22,1545.9
곡성군 - 계 - 출하량,Statistics,5561.0,5094.0,5720.1,3531.8,4166.6,3893.92,5014.35,18808.99,11367.48,11943.2
곡성군 - 무농약농산물 - 건수,Statistics,250.0,313.0,372.0,377.0,401.0,357.0,274.0,236.0,240.0,252.0
곡성군 - 무농약농산물 - 농가수,Statistics,1277.0,1235.0,1176.0,1067.0,1032.0,672.0,602.0,480.0,539.0,478.0
곡성군 - 무농약농산물 - 면적,Statistics,983.0,969.0,971.1,904.4,836.07,470.81,328.59,270.9,314.13,305.61
곡성군 - 무농약농산물 - 출하량,Statistics,2760.0,3171.0,3526.7,2164.3,2030.38,1079.25,948.55,15745.42,8349.38,9008.66
곡성군 - 유기농산물 - 건수,Statistics,105.0,124.0,135.0,145.0,169.0,259.0,246.0,244.0,239.0,230.0
곡성군 - 유기농산물 - 농가수,Statistics,638.0,772.0,866.0,908.0,1002.0,1489.0,1618.0,1637.0,1588.0,1656.0
곡성군 - 유기농산물 - 면적,Statistics,498.0,564.0,650.9,700.2,826.92,1232.23,1307.94,1324.11,1242.09,1240.29
곡성군 - 유기농산물 - 출하량,Statistics,2405.0,1923.0,2193.4,1367.5,2136.21,2814.67,4065.8,3063.57,3018.09,2934.54
곡성군 - 저농약농산물 - 건수,Statistics,27.0,,,,,,,,,
곡성군 - 저농약농산물 - 농가수,Statistics,34.0,,,,,,,,,
곡성군 - 저농약농산물 - 면적,Statistics,35.0,,,,,,,,,
곡성군 - 저농약농산물 - 출하량,Statistics,396.0,,,,,,,,,
공주시 - 계 - 건수,Statistics,99.0,83.0,79.0,88.0,103.0,119.0,132.0,139.0,142.0,143.0
공주시 - 계 - 농가수,Statistics,361.0,278.0,247.0,210.0,227.0,216.0,205.0,213.0,209.0,208.0
공주시 - 계 - 면적,Statistics,974.0,783.0,615.0,515.0,566.84,532.52,504.5,482.36,460.41,438.92
공주시 - 계 - 출하량,Statistics,2234.0,1841.0,1371.5,1648.2,1928.61,1659.96,2111.68,1377.26,1326.02,1418.41
공주시 - 무농약농산물 - 건수,Statistics,58.0,56.0,53.0,52.0,58.0,58.0,70.0,70.0,61.0,59.0
공주시 - 무농약농산물 - 농가수,Statistics,205.0,170.0,134.0,104.0,105.0,93.0,74.0,75.0,69.0,73.0
공주시 - 무농약농산물 - 면적,Statistics,499.0,449.0,299.1,214.7,194.44,161.49,135.81,120.86,84.52,87.87
공주시 - 무농약농산물 - 출하량,Statistics,709.0,1302.0,780.5,1006.0,1342.7,1182.43,1402.75,708.75,701.06,828.48
공주시 - 유기농산물 - 건수,Statistics,22.0,27.0,26.0,36.0,45.0,61.0,62.0,69.0,81.0,84.0
공주시 - 유기농산물 - 농가수,Statistics,98.0,108.0,113.0,106.0,122.0,123.0,131.0,138.0,140.0,135.0
공주시 - 유기농산물 - 면적,Statistics,366.0,334.0,315.9,300.3,372.4,371.03,368.69,361.5,375.89,351.04
공주시 - 유기농산물 - 출하량,Statistics,460.0,539.0,591.0,642.2,585.9,477.54,708.93,668.51,624.96,589.93
공주시 - 저농약농산물 - 건수,Statistics,19.0,,,,,,,,,
공주시 - 저농약농산물 - 농가수,Statistics,58.0,,,,,,,,,
공주시 - 저농약농산물 - 면적,Statistics,109.0,,,,,,,,,
공주시 - 저농약농산물 - 출하량,Statistics,1065.0,,,,,,,,,
과천시 - 계 - 건수,Statistics,3.0,3.0,4.0,5.0,6.0,5.0,4.0,5.0,4.0,2.0
과천시 - 계 - 농가수,Statistics,3.0,3.0,4.0,5.0,6.0,5.0,4.0,5.0,4.0,2.0
과천시 - 계 - 면적,Statistics,,,0.2,0.2,0.05,0.26,0.31,0.33,0.3,0.05
과천시 - 계 - 출하량,Statistics,549.0,622.0,500.6,652.8,742.2,179.62,507.08,605.4,606.74,600.5
과천시 - 무농약농산물 - 건수,Statistics,3.0,3.0,4.0,5.0,6.0,5.0,4.0,5.0,4.0,2.0
과천시 - 무농약농산물 - 농가수,Statistics,3.0,3.0,4.0,5.0,6.0,5.0,4.0,5.0,4.0,2.0
과천시 - 무농약농산물 - 면적,Statistics,,,0.2,0.2,0.05,0.26,0.31,0.33,0.3,0.05
과천시 - 무농약농산물 - 출하량,Statistics,549.0,622.0,500.6,652.8,742.2,179.62,507.08,605.4,606.74,600.5
과천시 - 유기농산물 - 건수,Statistics,,,,,,,,,,0.0
과천시 - 유기농산물 - 농가수,Statistics,,,,,,,,,,0.0
과천시 - 유기농산물 - 면적,Statistics,,,,,,,,,,0.0
과천시 - 유기농산물 - 출하량,Statistics,,,,,,,,,,0.0
관악구 - 계 - 건수,Statistics,1.0,1.0,1.0,,,,2.0,2.0,2.0,0.0
관악구 - 계 - 농가수,Statistics,1.0,1.0,1.0,,,,2.0,2.0,2.0,0.0
관악구 - 계 - 면적,Statistics,,,,,,,,,,0.01
관악구 - 계 - 출하량,Statistics,3.0,,,,,,9.2,10.4,19.6,0.0
관악구 - 무농약농산물 - 건수,Statistics,1.0,1.0,1.0,,,,2.0,2.0,2.0,0.0
관악구 - 무농약농산물 - 농가수,Statistics,1.0,1.0,1.0,,,,2.0,2.0,2.0,0.0
관악구 - 무농약농산물 - 면적,Statistics,,,,,,,,,,0.01
관악구 - 무농약농산물 - 출하량,Statistics,3.0,,,,,,9.2,10.4,19.6,0.0
관악구 - 유기농산물 - 건수,Statistics,,,,,,,,,,0.0
관악구 - 유기농산물 - 농가수,Statistics,,,,,,,,,,0.0
관악구 - 유기농산물 - 면적,Statistics,,,,,,,,,,0.0
관악구 - 유기농산물 - 출하량,Statistics,,,,,,,,,,0.0
광명시 - 계 - 건수,Statistics,3.0,2.0,3.0,4.0,4.0,4.0,5.0,7.0,7.0,7.0
광명시 - 계 - 농가수,Statistics,3.0,2.0,3.0,4.0,4.0,4.0,5.0,7.0,7.0,7.0
광명시 - 계 - 면적,Statistics,,,0.1,0.1,0.27,0.22,0.04,0.04,0.04,0.04
광명시 - 계 - 출하량,Statistics,18.0,13.0,7.8,21.1,7.76,3.14,4.0,13.16,28.15,35.18
광명시 - 무농약농산물 - 건수,Statistics,2.0,1.0,2.0,3.0,3.0,3.0,5.0,7.0,7.0,7.0
광명시 - 무농약농산물 - 농가수,Statistics,2.0,1.0,2.0,3.0,3.0,3.0,5.0,7.0,7.0,7.0
광명시 - 무농약농산물 - 면적,Statistics,,,0.1,0.1,0.27,0.22,0.04,0.04,0.04,0.04
광명시 - 무농약농산물 - 출하량,Statistics,16.0,11.0,6.3,20.5,6.73,2.0,4.0,13.16,28.15,35.18
광명시 - 유기농산물 - 건수,Statistics,1.0,1.0,1.0,1.0,1.0,1.0,,,,0.0
광명시 - 유기농산물 - 농가수,Statistics,1.0,1.0,1.0,1.0,1.0,1.0,,,,0.0
광명시 - 유기농산물 - 면적,Statistics,,,,,,,,,,0.0
광명시 - 유기농산물 - 출하량,Statistics,2.0,2.0,1.5,0.6,1.03,1.14,,,,0.0
광산구 - 계 - 건수,Statistics,35.0,38.0,133.0,53.0,75.0,89.0,79.0,82.0,89.0,84.0
광산구 - 계 - 농가수,Statistics,153.0,173.0,361.0,330.0,331.0,324.0,279.0,295.0,309.0,307.0
광산구 - 계 - 면적,Statistics,173.0,216.0,464.8,545.7,543.11,553.09,510.14,416.32,425.82,403.98
광산구 - 계 - 출하량,Statistics,1857.0,2129.0,3783.8,3316.4,4546.76,3594.12,3845.63,3063.69,2534.02,2002.85
광산구 - 무농약농산물 - 건수,Statistics,31.0,35.0,129.0,48.0,59.0,62.0,54.0,58.0,63.0,58.0
광산구 - 무농약농산물 - 농가수,Statistics,148.0,170.0,320.0,294.0,289.0,264.0,223.0,204.0,214.0,213.0
광산구 - 무농약농산물 - 면적,Statistics,162.0,208.0,422.0,505.0,482.08,464.22,413.7,315.72,328.1,321.9
광산구 - 무농약농산물 - 출하량,Statistics,1701.0,2056.0,3577.2,3291.6,4361.21,3219.95,3365.26,2686.01,2111.33,1688.28
광산구 - 유기농산물 - 건수,Statistics,2.0,3.0,4.0,5.0,16.0,27.0,25.0,24.0,26.0,26.0
광산구 - 유기농산물 - 농가수,Statistics,2.0,3.0,41.0,36.0,42.0,60.0,56.0,91.0,95.0,94.0
광산구 - 유기농산물 - 면적,Statistics,6.0,8.0,42.8,40.7,61.03,88.87,96.43,100.6,97.72,82.08
광산구 - 유기농산물 - 출하량,Statistics,74.0,73.0,206.6,24.8,185.55,374.18,480.36,377.68,422.69,314.58
광산구 - 저농약농산물 - 건수,Statistics,2.0,,,,,,,,,
광산구 - 저농약농산물 - 농가수,Statistics,3.0,,,,,,,,,
광산구 - 저농약농산물 - 면적,Statistics,5.0,,,,,,,,,
광산구 - 저농약농산물 - 출하량,Statistics,82.0,,,,,,,,,
광양시 - 계 - 건수,Statistics,228.0,261.0,273.0,278.0,297.0,313.0,315.0,334.0,342.0,332.0
광양시 - 계 - 농가수,Statistics,1331.0,1621.0,1499.0,1524.0,1586.0,1631.0,1565.0,1534.0,1520.0,1485.0
광양시 - 계 - 면적,Statistics,2198.0,2458.0,2357.5,2398.1,2462.49,2494.6,2295.87,2225.2,2289.57,2212.25
광양시 - 계 - 출하량,Statistics,2497.0,2801.0,2183.8,1714.5,1570.0,1434.74,1494.9,1260.57,1212.16,1776.19
광양시 - 무농약농산물 - 건수,Statistics,174.0,205.0,211.0,207.0,203.0,205.0,189.0,193.0,191.0,162.0
광양시 - 무농약농산물 - 농가수,Statistics,1059.0,1224.0,1137.0,1123.0,872.0,824.0,762.0,673.0,550.0,458.0
광양시 - 무농약농산물 - 면적,Statistics,1642.0,1658.0,1582.0,1513.9,1188.72,1081.7,995.28,858.8,747.71,616.03
광양시 - 무농약농산물 - 출하량,Statistics,1432.0,1396.0,1375.3,1070.7,481.58,224.93,186.91,302.52,237.11,502.7
광양시 - 유기농산물 - 건수,Statistics,48.0,56.0,62.0,71.0,94.0,108.0,126.0,141.0,151.0,170.0
광양시 - 유기농산물 - 농가수,Statistics,265.0,397.0,362.0,401.0,714.0,807.0,803.0,861.0,970.0,1027.0
광양시 - 유기농산물 - 면적,Statistics,547.0,800.0,775.5,884.2,1273.77,1412.9,1300.59,1366.4,1541.86,1596.22
광양시 - 유기농산물 - 출하량,Statistics,1056.0,1405.0,808.5,643.8,1088.42,1209.81,1307.99,958.05,975.05,1273.49
광양시 - 저농약농산물 - 건수,Statistics,6.0,,,,,,,,,
광양시 - 저농약농산물 - 농가수,Statistics,7.0,,,,,,,,,
광양시 - 저농약농산물 - 면적,Statistics,9.0,,,,,,,,,
광양시 - 저농약농산물 - 출하량,Statistics,9.0,,,,,,,,,
광주광역시 소계 - 계 - 건수,Statistics,85.0,115.0,232.0,143.0,162.0,185.0,172.0,173.0,209.0,208.0
광주광역시 소계 - 계 - 농가수,Statistics,320.0,362.0,570.0,420.0,418.0,510.0,460.0,436.0,462.0,462.0
광주광역시 소계 - 계 - 면적,Statistics,284.0,336.0,614.2,571.7,559.63,692.94,627.94,493.02,512.75,502.75
광주광역시 소계 - 계 - 출하량,Statistics,2645.0,2811.0,4751.9,3614.6,4715.39,4376.93,4584.22,3586.82,3126.9,2517.92
광주광역시 소계 - 무농약농산물 - 건수,Statistics,74.0,106.0,221.0,129.0,136.0,144.0,135.0,133.0,165.0,165.0
광주광역시 소계 - 무농약농산물 - 농가수,Statistics,308.0,353.0,522.0,375.0,366.0,436.0,392.0,329.0,349.0,351.0
광주광역시 소계 - 무농약농산물 - 면적,Statistics,271.0,327.0,570.4,530.0,497.82,603.25,530.69,391.31,413.15,419.34
광주광역시 소계 - 무농약농산물 - 출하량,Statistics,2321.0,2708.0,4530.5,3577.7,4514.8,3980.59,4073.16,3184.58,2676.38,2170.67
광주광역시 소계 - 유기농산물 - 건수,Statistics,6.0,9.0,11.0,14.0,26.0,41.0,37.0,40.0,44.0,43.0
광주광역시 소계 - 유기농산물 - 농가수,Statistics,6.0,9.0,48.0,45.0,52.0,74.0,68.0,107.0,113.0,111.0
광주광역시 소계 - 유기농산물 - 면적,Statistics,7.0,9.0,43.8,41.7,61.81,89.68,97.25,101.72,99.6,83.41
광주광역시 소계 - 유기농산물 - 출하량,Statistics,84.0,103.0,221.4,36.9,200.59,396.34,511.05,402.24,450.52,347.25
광주광역시 소계 - 저농약농산물 - 건수,Statistics,5.0,,,,,,,,,
광주광역시 소계 - 저농약농산물 - 농가수,Statistics,6.0,,,,,,,,,
광주광역시 소계 - 저농약농산물 - 면적,Statistics,6.0,,,,,,,,,
광주광역시 소계 - 저농약농산물 - 출하량,Statistics,240.0,,,,,,,,,
광주시 - 계 - 건수,Statistics,144.0,140.0,141.0,133.0,113.0,116.0,105.0,103.0,96.0,92.0
광주시 - 계 - 농가수,Statistics,239.0,243.0,243.0,237.0,218.0,116.0,213.0,215.0,204.0,206.0
광주시 - 계 - 면적,Statistics,173.0,178.0,175.2,174.8,160.24,59.42,154.52,148.4,150.73,151.1
광주시 - 계 - 출하량,Statistics,9358.0,8671.0,7773.5,7511.7,6458.52,7786.03,5452.17,5331.53,4529.79,4863.57
광주시 - 무농약농산물 - 건수,Statistics,124.0,121.0,121.0,114.0,92.0,96.0,86.0,86.0,80.0,78.0
광주시 - 무농약농산물 - 농가수,Statistics,219.0,224.0,223.0,218.0,197.0,96.0,194.0,198.0,188.0,192.0
광주시 - 무농약농산물 - 면적,Statistics,153.0,160.0,157.5,156.7,141.39,41.96,139.54,134.94,139.73,140.79
광주시 - 무농약농산물 - 출하량,Statistics,8559.0,8403.0,7155.5,6805.4,5876.85,6957.98,4799.13,4611.73,3832.23,4299.54
광주시 - 유기농산물 - 건수,Statistics,18.0,19.0,20.0,19.0,21.0,20.0,19.0,17.0,16.0,14.0
광주시 - 유기농산물 - 농가수,Statistics,18.0,19.0,20.0,19.0,21.0,20.0,19.0,17.0,16.0,14.0
광주시 - 유기농산물 - 면적,Statistics,19.0,18.0,17.7,18.1,18.85,17.47,14.98,13.45,11.0,10.31
광주시 - 유기농산물 - 출하량,Statistics,791.0,268.0,618.0,706.3,581.66,828.05,653.04,719.8,697.56,564.03
광주시 - 저농약농산물 - 건수,Statistics,2.0,,,,,,,,,
광주시 - 저농약농산물 - 농가수,Statistics,2.0,,,,,,,,,
광주시 - 저농약농산물 - 면적,Statistics,1.0,,,,,,,,,
광주시 - 저농약농산물 - 출하량,Statistics,8.0,,,,,,,,,
광진구 - 계 - 건수,Statistics,2.0,1.0,,1.0,1.0,1.0,,,1.0,2.0
광진구 - 계 - 농가수,Statistics,2.0,1.0,,1.0,1.0,1.0,,,1.0,2.0
광진구 - 계 - 면적,Statistics,,,,,,,,,,0.0
광진구 - 계 - 출하량,Statistics,3.0,10.0,,1.0,1.06,1.0,,,,6.8
광진구 - 무농약농산물 - 건수,Statistics,2.0,1.0,,1.0,1.0,1.0,,,1.0,0.0
광진구 - 무농약농산물 - 농가수,Statistics,2.0,1.0,,1.0,1.0,1.0,,,1.0,0.0
광진구 - 무농약농산물 - 면적,Statistics,,,,,,,,,,0.0
광진구 - 무농약농산물 - 출하량,Statistics,3.0,10.0,,1.0,1.06,1.0,,,,0.0
광진구 - 유기농산물 - 건수,Statistics,,,,,,,,,,2.0
광진구 - 유기농산물 - 농가수,Statistics,,,,,,,,,,2.0
광진구 - 유기농산물 - 면적,Statistics,,,,,,,,,,0.0
광진구 - 유기농산물 - 출하량,Statistics,,,,,,,,,,6.8
괴산군 - 계 - 건수,Statistics,146.0,171.0,193.0,201.0,232.0,299.0,353.0,351.0,322.0,288.0
괴산군 - 계 - 농가수,Statistics,442.0,457.0,454.0,407.0,392.0,524.0,593.0,606.0,588.0,540.0
괴산군 - 계 - 면적,Statistics,440.0,419.0,410.8,378.9,326.6,495.73,547.11,567.73,553.64,552.11
괴산군 - 계 - 출하량,Statistics,8187.0,8808.0,5895.8,5118.0,5868.4,5946.13,6206.02,5380.67,6730.09,6618.14
괴산군 - 무농약농산물 - 건수,Statistics,103.0,127.0,141.0,147.0,162.0,199.0,239.0,222.0,207.0,171.0
괴산군 - 무농약농산물 - 농가수,Statistics,256.0,264.0,257.0,243.0,210.0,298.0,330.0,308.0,300.0,250.0
괴산군 - 무농약농산물 - 면적,Statistics,249.0,243.0,238.5,201.0,140.17,255.24,282.3,271.8,259.96,249.37
괴산군 - 무농약농산물 - 출하량,Statistics,6513.0,7283.0,4114.3,3813.5,3936.49,4576.47,4696.19,3960.31,4880.74,5094.63
괴산군 - 유기농산물 - 건수,Statistics,41.0,44.0,52.0,54.0,70.0,100.0,114.0,129.0,115.0,117.0
괴산군 - 유기농산물 - 농가수,Statistics,184.0,193.0,197.0,164.0,182.0,226.0,263.0,298.0,288.0,290.0
괴산군 - 유기농산물 - 면적,Statistics,185.0,176.0,172.3,177.9,186.42,240.49,264.81,295.93,293.68,302.74
괴산군 - 유기농산물 - 출하량,Statistics,1646.0,1525.0,1781.5,1304.5,1931.9,1369.66,1509.83,1420.36,1849.36,1523.51
괴산군 - 저농약농산물 - 건수,Statistics,2.0,,,,,,,,,
괴산군 - 저농약농산물 - 농가수,Statistics,2.0,,,,,,,,,
괴산군 - 저농약농산물 - 면적,Statistics,6.0,,,,,,,,,
괴산군 - 저농약농산물 - 출하량,Statistics,28.0,,,,,,,,,
구례군 - 계 - 건수,Statistics,244.0,274.0,332.0,414.0,480.0,515.0,506.0,473.0,401.0,426.0
구례군 - 계 - 농가수,Statistics,895.0,797.0,887.0,898.0,915.0,926.0,919.0,906.0,907.0,905.0
구례군 - 계 - 면적,Statistics,1086.0,1026.0,1083.7,1104.0,1095.8,1150.97,1123.54,1104.18,1116.5,1115.25
구례군 - 계 - 출하량,Statistics,1795.0,1025.0,1329.8,1555.9,906.28,1309.57,1607.34,890.53,586.76,767.75
구례군 - 무농약농산물 - 건수,Statistics,210.0,235.0,283.0,325.0,360.0,373.0,360.0,293.0,199.0,184.0
구례군 - 무농약농산물 - 농가수,Statistics,799.0,710.0,763.0,706.0,688.0,626.0,575.0,442.0,370.0,300.0
구례군 - 무농약농산물 - 면적,Statistics,938.0,894.0,892.2,812.1,766.54,735.05,677.84,523.68,419.02,353.46
구례군 - 무농약농산물 - 출하량,Statistics,1505.0,970.0,1210.0,1357.1,738.16,1074.33,1265.87,406.73,226.18,241.58
구례군 - 유기농산물 - 건수,Statistics,30.0,39.0,49.0,89.0,120.0,142.0,146.0,180.0,202.0,242.0
구례군 - 유기농산물 - 농가수,Statistics,87.0,87.0,124.0,192.0,227.0,300.0,344.0,464.0,537.0,605.0
구례군 - 유기농산물 - 면적,Statistics,136.0,132.0,191.5,291.9,329.25,415.92,445.7,580.51,697.49,761.8
구례군 - 유기농산물 - 출하량,Statistics,98.0,55.0,119.8,198.8,168.13,235.25,341.47,483.8,360.58,526.17
구례군 - 저농약농산물 - 건수,Statistics,4.0,,,,,,,,,
구례군 - 저농약농산물 - 농가수,Statistics,9.0,,,,,,,,,
구례군 - 저농약농산물 - 면적,Statistics,12.0,,,,,,,,,
구례군 - 저농약농산물 - 출하량,Statistics,192.0,,,,,,,,,
구로구 - 계 - 건수,Statistics,,,,,1.0,,3.0,4.0,2.0,4.0
구로구 - 계 - 농가수,Statistics,,,,,1.0,,3.0,4.0,2.0,4.0
구로구 - 계 - 면적,Statistics,,,,,,0.01,0.03,0.04,0.03,0.04
구로구 - 계 - 출하량,Statistics,,,,,9.35,,,0.58,,0.0
구로구 - 무농약농산물 - 건수,Statistics,,,,,1.0,,3.0,4.0,2.0,4.0
구로구 - 무농약농산물 - 농가수,Statistics,,,,,1.0,,3.0,4.0,2.0,4.0
구로구 - 무농약농산물 - 면적,Statistics,,,,,,0.01,0.03,0.04,0.03,0.04
구로구 - 무농약농산물 - 출하량,Statistics,,,,,9.35,,,0.58,,0.0
구로구 - 유기농산물 - 건수,Statistics,,,,,,,,,,0.0
구로구 - 유기농산물 - 농가수,Statistics,,,,,,,,,,0.0
구로구 - 유기농산물 - 면적,Statistics,,,,,,,,,,0.0
구로구 - 유기농산물 - 출하량,Statistics,,,,,,,,,,0.0
구리시 - 계 - 건수,Statistics,2.0,3.0,2.0,1.0,2.0,4.0,3.0,2.0,2.0,3.0
구리시 - 계 - 농가수,Statistics,2.0,3.0,2.0,1.0,2.0,4.0,3.0,2.0,2.0,3.0
구리시 - 계 - 면적,Statistics,3.0,1.0,,0.1,,0.97,0.18,0.18,,0.28
구리시 - 계 - 출하량,Statistics,341.0,747.0,15.5,0.8,0.98,2.56,4.54,2.7,1.89,8.02
구리시 - 무농약농산물 - 건수,Statistics,2.0,2.0,2.0,1.0,2.0,4.0,3.0,2.0,2.0,3.0
구리시 - 무농약농산물 - 농가수,Statistics,2.0,2.0,2.0,1.0,2.0,4.0,3.0,2.0,2.0,3.0
구리시 - 무농약농산물 - 면적,Statistics,1.0,1.0,,0.1,,0.97,0.18,0.18,,0.28
구리시 - 무농약농산물 - 출하량,Statistics,341.0,747.0,15.5,0.8,0.98,2.56,4.54,2.7,1.89,8.02
구리시 - 유기농산물 - 건수,Statistics,,1.0,,,,,,,,0.0
구리시 - 유기농산물 - 농가수,Statistics,,1.0,,,,,,,,0.0
구리시 - 유기농산물 - 면적,Statistics,,,,,,,,,,0.0
구리시 - 유기농산물 - 출하량,Statistics,,,,,,,,,,0.0
구리시 - 저농약농산물 - 면적,Statistics,2.0,,,,,,,,,
구미시 - 계 - 건수,Statistics,50.0,46.0,49.0,56.0,37.0,39.0,38.0,32.0,40.0,41.0
구미시 - 계 - 농가수,Statistics,231.0,167.0,138.0,112.0,67.0,59.0,52.0,48.0,54.0,41.0
구미시 - 계 - 면적,Statistics,182.0,120.0,107.9,84.4,43.2,48.97,33.03,34.09,42.4,57.93
구미시 - 계 - 출하량,Statistics,1353.0,1825.0,4619.5,2888.7,2602.51,3364.05,4203.31,3393.9,3427.28,4115.11
구미시 - 무농약농산물 - 건수,Statistics,43.0,42.0,46.0,53.0,34.0,36.0,35.0,27.0,36.0,37.0
구미시 - 무농약농산물 - 농가수,Statistics,134.0,163.0,135.0,109.0,64.0,56.0,49.0,43.0,50.0,37.0
구미시 - 무농약농산물 - 면적,Statistics,107.0,118.0,104.1,80.7,39.88,46.49,30.54,31.47,39.78,55.28
구미시 - 무농약농산물 - 출하량,Statistics,875.0,1777.0,4567.4,2795.7,2546.45,3308.46,4178.31,3353.31,3397.34,4056.52
구미시 - 유기농산물 - 건수,Statistics,4.0,4.0,3.0,3.0,3.0,3.0,3.0,5.0,4.0,4.0
구미시 - 유기농산물 - 농가수,Statistics,4.0,4.0,3.0,3.0,3.0,3.0,3.0,5.0,4.0,4.0
구미시 - 유기농산물 - 면적,Statistics,2.0,2.0,3.8,3.7,3.32,2.49,2.49,2.62,2.62,2.65
구미시 - 유기농산물 - 출하량,Statistics,33.0,48.0,52.1,93.0,56.06,55.59,25.0,40.59,29.93,58.6
구미시 - 저농약농산물 - 건수,Statistics,3.0,,,,,,,,,
구미시 - 저농약농산물 - 농가수,Statistics,93.0,,,,,,,,,
구미시 - 저농약농산물 - 면적,Statistics,73.0,,,,,,,,,
구미시 - 저농약농산물 - 출하량,Statistics,445.0,,,,,,,,,
군산시 - 계 - 건수,Statistics,62.0,54.0,43.0,59.0,62.0,98.0,99.0,110.0,101.0,100.0
군산시 - 계 - 농가수,Statistics,605.0,715.0,601.0,494.0,525.0,492.0,460.0,454.0,435.0,408.0
군산시 - 계 - 면적,Statistics,691.0,812.0,651.0,592.2,616.75,525.84,526.33,462.97,425.52,409.35
군산시 - 계 - 출하량,Statistics,3868.0,3794.0,2603.4,2886.8,3480.68,4273.24,2862.52,2796.44,2070.81,1945.28
군산시 - 무농약농산물 - 건수,Statistics,46.0,43.0,29.0,28.0,47.0,83.0,83.0,89.0,77.0,72.0
군산시 - 무농약농산물 - 농가수,Statistics,519.0,614.0,307.0,227.0,258.0,218.0,207.0,201.0,185.0,141.0
군산시 - 무농약농산물 - 면적,Statistics,565.0,680.0,338.9,268.0,299.22,210.66,241.21,184.57,157.75,109.73
군산시 - 무농약농산물 - 출하량,Statistics,3557.0,2725.0,1781.9,1160.8,2274.67,1964.86,1763.51,1483.48,815.57,584.68
군산시 - 유기농산물 - 건수,Statistics,10.0,11.0,14.0,31.0,15.0,15.0,16.0,21.0,24.0,28.0
군산시 - 유기농산물 - 농가수,Statistics,80.0,101.0,294.0,267.0,267.0,274.0,253.0,253.0,250.0,267.0
군산시 - 유기농산물 - 면적,Statistics,120.0,132.0,312.1,324.2,317.54,315.17,285.12,278.4,267.77,299.62
군산시 - 유기농산물 - 출하량,Statistics,275.0,1069.0,821.5,1726.0,1206.01,2308.38,1099.01,1312.96,1255.25,1360.6
군산시 - 저농약농산물 - 건수,Statistics,6.0,,,,,,,,,
군산시 - 저농약농산물 - 농가수,Statistics,6.0,,,,,,,,,
군산시 - 저농약농산물 - 면적,Statistics,6.0,,,,,,,,,
군산시 - 저농약농산물 - 출하량,Statistics,36.0,,,,,,,,,
군위군 - 계 - 건수,Statistics,53.0,42.0,32.0,31.0,28.0,34.0,37.0,32.0,37.0,34.0
군위군 - 계 - 농가수,Statistics,142.0,65.0,47.0,44.0,32.0,34.0,37.0,32.0,37.0,34.0
군위군 - 계 - 면적,Statistics,148.0,57.0,48.9,45.4,30.18,23.18,24.44,23.0,31.79,33.81
군위군 - 계 - 출하량,Statistics,3508.0,483.0,356.9,1032.4,672.22,622.15,1075.49,1488.33,1135.04,860.82
군위군 - 무농약농산물 - 건수,Statistics,35.0,35.0,27.0,27.0,22.0,23.0,26.0,23.0,28.0,25.0
군위군 - 무농약농산물 - 농가수,Statistics,62.0,55.0,39.0,36.0,22.0,23.0,26.0,23.0,28.0,25.0
군위군 - 무농약농산물 - 면적,Statistics,60.0,42.0,39.4,34.9,15.37,7.41,8.04,6.98,16.13,18.14
군위군 - 무농약농산물 - 출하량,Statistics,694.0,263.0,269.0,600.0,280.84,438.24,803.02,1070.81,725.71,518.44
군위군 - 유기농산물 - 건수,Statistics,7.0,7.0,5.0,4.0,6.0,11.0,11.0,9.0,9.0,9.0
군위군 - 유기농산물 - 농가수,Statistics,10.0,10.0,8.0,8.0,10.0,11.0,11.0,9.0,9.0,9.0
군위군 - 유기농산물 - 면적,Statistics,15.0,15.0,9.5,10.5,14.81,15.77,16.41,16.02,15.67,15.67
군위군 - 유기농산물 - 출하량,Statistics,464.0,220.0,87.9,432.4,391.38,183.91,272.47,417.53,409.33,342.38
군위군 - 저농약농산물 - 건수,Statistics,11.0,,,,,,,,,
군위군 - 저농약농산물 - 농가수,Statistics,70.0,,,,,,,,,
군위군 - 저농약농산물 - 면적,Statistics,73.0,,,,,,,,,
군위군 - 저농약농산물 - 출하량,Statistics,2350.0,,,,,,,,,
군포시 - 계 - 건수,Statistics,12.0,15.0,16.0,15.0,14.0,14.0,19.0,16.0,15.0,16.0
군포시 - 계 - 농가수,Statistics,12.0,15.0,16.0,15.0,14.0,14.0,19.0,16.0,15.0,16.0
군포시 - 계 - 면적,Statistics,4.0,5.0,4.5,4.2,4.25,4.35,5.02,4.04,3.87,3.85
군포시 - 계 - 출하량,Statistics,42.0,51.0,93.5,55.3,44.85,54.65,77.06,83.63,65.03,63.44
군포시 - 무농약농산물 - 건수,Statistics,10.0,13.0,15.0,13.0,12.0,12.0,18.0,15.0,14.0,15.0
군포시 - 무농약농산물 - 농가수,Statistics,10.0,13.0,15.0,13.0,12.0,12.0,18.0,15.0,14.0,15.0
군포시 - 무농약농산물 - 면적,Statistics,4.0,5.0,4.2,4.1,4.12,4.22,5.02,4.04,3.87,3.85
군포시 - 무농약농산물 - 출하량,Statistics,39.0,47.0,93.5,54.3,41.85,52.65,77.06,83.63,65.03,63.44
군포시 - 유기농산물 - 건수,Statistics,2.0,2.0,1.0,2.0,2.0,2.0,1.0,1.0,1.0,1.0
군포시 - 유기농산물 - 농가수,Statistics,2.0,2.0,1.0,2.0,2.0,2.0,1.0,1.0,1.0,1.0
군포시 - 유기농산물 - 면적,Statistics,,,0.3,0.1,0.13,0.13,,,,0.0
군포시 - 유기농산물 - 출하량,Statistics,3.0,4.0,,1.0,3.0,2.0,,,,0.0
금산군 - 계 - 건수,Statistics,120.0,115.0,117.0,127.0,157.0,161.0,158.0,166.0,167.0,178.0
금산군 - 계 - 농가수,Statistics,163.0,124.0,126.0,128.0,157.0,161.0,158.0,166.0,167.0,178.0
금산군 - 계 - 면적,Statistics,60.0,55.0,49.7,52.5,60.44,58.76,66.78,74.62,217.29,98.73
금산군 - 계 - 출하량,Statistics,548.0,516.0,486.3,533.2,793.87,1027.95,1016.54,1028.43,1005.83,1107.3
금산군 - 무농약농산물 - 건수,Statistics,88.0,100.0,92.0,96.0,114.0,117.0,117.0,123.0,126.0,141.0
금산군 - 무농약농산물 - 농가수,Statistics,106.0,109.0,101.0,97.0,114.0,117.0,117.0,123.0,126.0,141.0
금산군 - 무농약농산물 - 면적,Statistics,46.0,44.0,35.4,37.2,42.31,41.51,50.41,57.29,200.29,67.76
금산군 - 무농약농산물 - 출하량,Statistics,330.0,357.0,323.5,381.2,522.75,779.49,713.0,736.3,716.27,863.95
금산군 - 유기농산물 - 건수,Statistics,10.0,15.0,25.0,31.0,43.0,44.0,41.0,43.0,41.0,37.0
금산군 - 유기농산물 - 농가수,Statistics,10.0,15.0,25.0,31.0,43.0,44.0,41.0,43.0,41.0,37.0
금산군 - 유기농산물 - 면적,Statistics,7.0,11.0,14.3,15.3,18.13,17.25,16.37,17.33,17.0,30.98
금산군 - 유기농산물 - 출하량,Statistics,95.0,159.0,162.8,152.0,271.11,248.47,303.55,292.12,289.56,243.35
금산군 - 저농약농산물 - 건수,Statistics,22.0,,,,,,,,,
금산군 - 저농약농산물 - 농가수,Statistics,47.0,,,,,,,,,
금산군 - 저농약농산물 - 면적,Statistics,7.0,,,,,,,,,
금산군 - 저농약농산물 - 출하량,Statistics,123.0,,,,,,,,,
금정구 - 계 - 건수,Statistics,4.0,5.0,4.0,5.0,8.0,5.0,6.0,4.0,2.0,6.0
금정구 - 계 - 농가수,Statistics,4.0,5.0,4.0,5.0,8.0,5.0,6.0,4.0,2.0,6.0
금정구 - 계 - 면적,Statistics,3.0,3.0,3.0,2.6,2.9,1.35,1.96,1.08,1.08,1.08
금정구 - 계 - 출하량,Statistics,278.0,66.0,80.0,124.4,237.88,122.96,323.47,329.08,145.0,313.69
금정구 - 무농약농산물 - 건수,Statistics,4.0,5.0,4.0,5.0,8.0,5.0,6.0,4.0,2.0,6.0
금정구 - 무농약농산물 - 농가수,Statistics,4.0,5.0,4.0,5.0,8.0,5.0,6.0,4.0,2.0,6.0
금정구 - 무농약농산물 - 면적,Statistics,3.0,3.0,3.0,2.6,2.9,1.35,1.96,1.08,1.08,1.08
금정구 - 무농약농산물 - 출하량,Statistics,278.0,66.0,80.0,124.4,237.88,122.96,323.47,329.08,145.0,313.69
금정구 - 유기농산물 - 건수,Statistics,,,,,,,,,,0.0
금정구 - 유기농산물 - 농가수,Statistics,,,,,,,,,,0.0
금정구 - 유기농산물 - 면적,Statistics,,,,,,,,,,0.0
금정구 - 유기농산물 - 출하량,Statistics,,,,,,,,,,0.0
금천구 - 계 - 건수,Statistics,1.0,1.0,2.0,2.0,2.0,1.0,1.0,1.0,2.0,3.0
금천구 - 계 - 농가수,Statistics,1.0,1.0,2.0,2.0,2.0,1.0,1.0,1.0,2.0,3.0
금천구 - 계 - 면적,Statistics,,,,,,,,,,0.06
금천구 - 계 - 출하량,Statistics,,,,2.5,4.0,1.6,1.8,0.7,0.4,0.64
금천구 - 무농약농산물 - 건수,Statistics,1.0,1.0,2.0,2.0,2.0,1.0,1.0,1.0,2.0,3.0
금천구 - 무농약농산물 - 농가수,Statistics,1.0,1.0,2.0,2.0,2.0,1.0,1.0,1.0,2.0,3.0
금천구 - 무농약농산물 - 면적,Statistics,,,,,,,,,,0.06
금천구 - 무농약농산물 - 출하량,Statistics,,,,2.5,4.0,1.6,1.8,0.7,0.4,0.64
금천구 - 유기농산물 - 건수,Statistics,,,,,,,,,,0.0
금천구 - 유기농산물 - 농가수,Statistics,,,,,,,,,,0.0
금천구 - 유기농산물 - 면적,Statistics,,,,,,,,,,0.0
금천구 - 유기농산물 - 출하량,Statistics,,,,,,,,,,0.0
기장군 - 계 - 건수,Statistics,18.0,16.0,20.0,19.0,18.0,16.0,16.0,19.0,24.0,25.0
기장군 - 계 - 농가수,Statistics,64.0,55.0,61.0,57.0,51.0,53.0,46.0,36.0,39.0,45.0
기장군 - 계 - 면적,Statistics,50.0,39.0,43.2,39.1,33.07,36.41,37.34,28.66,29.24,28.79
기장군 - 계 - 출하량,Statistics,794.0,106.0,811.6,859.2,576.62,201.75,208.67,274.15,346.79,229.93
기장군 - 무농약농산물 - 건수,Statistics,15.0,15.0,19.0,18.0,17.0,15.0,14.0,17.0,22.0,22.0
기장군 - 무농약농산물 - 농가수,Statistics,53.0,54.0,60.0,56.0,50.0,52.0,44.0,34.0,37.0,42.0
기장군 - 무농약농산물 - 면적,Statistics,44.0,38.0,42.6,38.5,32.49,35.83,36.13,27.49,28.29,27.76
기장군 - 무농약농산물 - 출하량,Statistics,662.0,106.0,782.0,823.2,576.62,186.75,193.67,253.85,326.79,207.13
기장군 - 유기농산물 - 건수,Statistics,1.0,1.0,1.0,1.0,1.0,1.0,2.0,2.0,2.0,3.0
기장군 - 유기농산물 - 농가수,Statistics,1.0,1.0,1.0,1.0,1.0,1.0,2.0,2.0,2.0,3.0
기장군 - 유기농산물 - 면적,Statistics,2.0,1.0,0.6,0.6,0.58,0.58,1.21,1.17,0.95,1.03
기장군 - 유기농산물 - 출하량,Statistics,132.0,,29.6,36.0,,15.0,15.0,20.3,20.0,22.8
기장군 - 저농약농산물 - 건수,Statistics,2.0,,,,,,,,,
기장군 - 저농약농산물 - 농가수,Statistics,10.0,,,,,,,,,
기장군 - 저농약농산물 - 면적,Statistics,4.0,,,,,,,,,
김제시 - 계 - 건수,Statistics,130.0,95.0,98.0,81.0,92.0,77.0,82.0,75.0,70.0,62.0
김제시 - 계 - 농가수,Statistics,483.0,367.0,350.0,254.0,254.0,218.0,216.0,165.0,144.0,94.0
김제시 - 계 - 면적,Statistics,538.0,433.0,408.1,320.5,303.48,281.66,285.2,220.37,190.69,143.03
김제시 - 계 - 출하량,Statistics,4679.0,3414.0,3422.9,2327.1,2504.85,2318.2,2327.46,2022.19,1639.08,1271.6
김제시 - 무농약농산물 - 건수,Statistics,81.0,71.0,74.0,55.0,65.0,50.0,55.0,48.0,46.0,40.0
김제시 - 무농약농산물 - 농가수,Statistics,252.0,186.0,184.0,112.0,131.0,98.0,100.0,53.0,46.0,40.0
김제시 - 무농약농산물 - 면적,Statistics,262.0,218.0,208.9,136.4,156.62,140.99,123.51,75.73,68.79,61.22
김제시 - 무농약농산물 - 출하량,Statistics,1998.0,1712.0,1721.6,1032.8,1138.62,972.22,1244.47,1194.54,963.2,967.1
김제시 - 유기농산물 - 건수,Statistics,22.0,24.0,24.0,26.0,27.0,27.0,27.0,27.0,24.0,22.0
김제시 - 유기농산물 - 농가수,Statistics,179.0,181.0,166.0,142.0,123.0,120.0,116.0,112.0,98.0,54.0
김제시 - 유기농산물 - 면적,Statistics,222.0,215.0,199.2,184.1,146.86,140.67,161.69,144.64,121.9,81.81
김제시 - 유기농산물 - 출하량,Statistics,2056.0,1702.0,1701.3,1294.3,1366.23,1345.98,1082.99,827.65,675.89,304.5
김제시 - 저농약농산물 - 건수,Statistics,27.0,,,,,,,,,
김제시 - 저농약농산물 - 농가수,Statistics,52.0,,,,,,,,,
김제시 - 저농약농산물 - 면적,Statistics,54.0,,,,,,,,,
김제시 - 저농약농산물 - 출하량,Statistics,625.0,,,,,,,,,
김천시 - 계 - 건수,Statistics,225.0,118.0,145.0,124.0,117.0,120.0,123.0,106.0,107.0,103.0
김천시 - 계 - 농가수,Statistics,836.0,188.0,184.0,138.0,130.0,133.0,127.0,110.0,111.0,107.0
김천시 - 계 - 면적,Statistics,494.0,90.0,95.6,80.4,93.4,97.13,89.57,80.09,99.58,143.25
김천시 - 계 - 출하량,Statistics,8945.0,5421.0,8109.1,6425.1,9508.07,9159.78,9319.12,10960.19,16503.74,15598.45
김천시 - 무농약농산물 - 건수,Statistics,106.0,109.0,136.0,115.0,107.0,108.0,111.0,92.0,90.0,87.0
김천시 - 무농약농산물 - 농가수,Statistics,163.0,178.0,174.0,129.0,120.0,121.0,115.0,96.0,94.0,91.0
김천시 - 무농약농산물 - 면적,Statistics,90.0,83.0,89.9,72.0,84.13,86.85,79.56,69.73,66.43,110.63
김천시 - 무농약농산물 - 출하량,Statistics,7254.0,5385.0,7961.5,6402.6,9487.49,9123.68,9307.71,10854.12,16451.08,15464.49
김천시 - 유기농산물 - 건수,Statistics,12.0,9.0,9.0,9.0,10.0,12.0,12.0,14.0,17.0,16.0
김천시 - 유기농산물 - 농가수,Statistics,13.0,10.0,10.0,9.0,10.0,12.0,12.0,14.0,17.0,16.0
김천시 - 유기농산물 - 면적,Statistics,7.0,7.0,5.7,8.4,9.27,10.27,10.01,10.37,33.15,32.62
김천시 - 유기농산물 - 출하량,Statistics,219.0,36.0,147.6,22.5,20.58,36.1,11.41,106.08,52.66,133.97
김천시 - 저농약농산물 - 건수,Statistics,107.0,,,,,,,,,
김천시 - 저농약농산물 - 농가수,Statistics,660.0,,,,,,,,,
김천시 - 저농약농산물 - 면적,Statistics,397.0,,,,,,,,,
김천시 - 저농약농산물 - 출하량,Statistics,1472.0,,,,,,,,,
김포시 - 계 - 건수,Statistics,126.0,113.0,103.0,105.0,119.0,110.0,116.0,118.0,118.0,122.0
김포시 - 계 - 농가수,Statistics,149.0,135.0,130.0,141.0,167.0,146.0,159.0,176.0,177.0,193.0
김포시 - 계 - 면적,Statistics,148.0,155.0,158.3,145.3,148.05,150.66,170.76,180.75,216.98,232.27
김포시 - 계 - 출하량,Statistics,1704.0,1923.0,1307.7,1715.0,1730.88,1671.15,1818.67,1463.66,1693.79,1875.74
김포시 - 무농약농산물 - 건수,Statistics,116.0,104.0,92.0,94.0,108.0,99.0,104.0,106.0,106.0,110.0
김포시 - 무농약농산물 - 농가수,Statistics,137.0,126.0,119.0,130.0,156.0,135.0,147.0,159.0,155.0,172.0
김포시 - 무농약농산물 - 면적,Statistics,138.0,149.0,151.6,137.4,141.54,145.23,165.79,167.68,200.82,214.96
김포시 - 무농약농산물 - 출하량,Statistics,1476.0,1776.0,1209.4,1641.5,1692.05,1627.51,1791.77,1389.15,1586.53,1651.96
김포시 - 유기농산물 - 건수,Statistics,8.0,9.0,11.0,11.0,11.0,11.0,12.0,12.0,12.0,12.0
김포시 - 유기농산물 - 농가수,Statistics,8.0,9.0,11.0,11.0,11.0,11.0,12.0,17.0,22.0,21.0
김포시 - 유기농산물 - 면적,Statistics,8.0,6.0,6.7,7.9,6.5,5.43,4.96,13.07,16.16,17.31
김포시 - 유기농산물 - 출하량,Statistics,198.0,147.0,98.3,73.5,38.84,43.64,26.91,74.51,107.25,223.78
김포시 - 저농약농산물 - 건수,Statistics,2.0,,,,,,,,,
김포시 - 저농약농산물 - 농가수,Statistics,4.0,,,,,,,,,
김포시 - 저농약농산물 - 면적,Statistics,2.0,,,,,,,,,
김포시 - 저농약농산물 - 출하량,Statistics,30.0,,,,,,,,,
김해시 - 계 - 건수,Statistics,104.0,101.0,115.0,106.0,119.0,116.0,115.0,118.0,108.0,111.0
김해시 - 계 - 농가수,Statistics,431.0,382.0,422.0,454.0,469.0,461.0,435.0,417.0,410.0,407.0
김해시 - 계 - 면적,Statistics,409.0,323.0,339.5,366.6,358.96,355.67,333.99,331.42,311.49,265.77
김해시 - 계 - 출하량,Statistics,2381.0,2382.0,2809.5,3105.7,3437.64,4042.5,3878.26,3454.28,3851.83,3376.78
김해시 - 무농약농산물 - 건수,Statistics,82.0,86.0,96.0,87.0,93.0,89.0,87.0,92.0,83.0,88.0
김해시 - 무농약농산물 - 농가수,Statistics,368.0,358.0,377.0,405.0,414.0,394.0,365.0,344.0,342.0,340.0
김해시 - 무농약농산물 - 면적,Statistics,284.0,292.0,302.7,329.6,319.0,292.46,281.89,261.93,244.96,216.9
김해시 - 무농약농산물 - 출하량,Statistics,1850.0,2072.0,2415.2,2791.8,3103.02,3649.14,3418.01,2856.4,3253.8,3000.96
김해시 - 유기농산물 - 건수,Statistics,15.0,15.0,19.0,19.0,26.0,27.0,28.0,26.0,25.0,23.0
김해시 - 유기농산물 - 농가수,Statistics,38.0,24.0,45.0,49.0,55.0,67.0,70.0,73.0,68.0,67.0
김해시 - 유기농산물 - 면적,Statistics,53.0,31.0,36.8,37.0,39.95,63.21,52.1,69.49,66.53,48.87
김해시 - 유기농산물 - 출하량,Statistics,271.0,310.0,394.3,313.9,334.62,393.36,460.25,597.88,598.03,375.82
김해시 - 저농약농산물 - 건수,Statistics,7.0,,,,,,,,,
김해시 - 저농약농산물 - 농가수,Statistics,25.0,,,,,,,,,
김해시 - 저농약농산물 - 면적,Statistics,72.0,,,,,,,,,
김해시 - 저농약농산물 - 출하량,Statistics,260.0,,,,,,,,,
나주시 - 계 - 건수,Statistics,223.0,240.0,268.0,259.0,275.0,288.0,244.0,209.0,220.0,202.0
나주시 - 계 - 농가수,Statistics,1044.0,854.0,789.0,826.0,781.0,765.0,642.0,503.0,483.0,429.0
나주시 - 계 - 면적,Statistics,1088.0,953.0,791.4,891.7,897.79,886.22,770.17,626.47,571.53,525.65
나주시 - 계 - 출하량,Statistics,18000.0,8381.0,11106.7,10351.9,8877.65,10840.5,11925.37,7626.44,8107.4,7443.0
나주시 - 무농약농산물 - 건수,Statistics,172.0,225.0,253.0,238.0,251.0,253.0,209.0,181.0,185.0,164.0
나주시 - 무농약농산물 - 농가수,Statistics,593.0,719.0,691.0,655.0,586.0,495.0,291.0,204.0,212.0,180.0
나주시 - 무농약농산물 - 면적,Statistics,660.0,779.0,667.4,634.4,615.88,507.28,272.98,220.95,209.87,221.36
나주시 - 무농약농산물 - 출하량,Statistics,8777.0,7699.0,10395.1,9341.2,7855.24,9641.4,10054.82,6655.75,6999.56,6437.47
나주시 - 유기농산물 - 건수,Statistics,14.0,15.0,15.0,21.0,24.0,35.0,35.0,28.0,35.0,38.0
나주시 - 유기농산물 - 농가수,Statistics,95.0,135.0,98.0,171.0,195.0,270.0,351.0,299.0,271.0,249.0
나주시 - 유기농산물 - 면적,Statistics,105.0,174.0,124.0,257.3,281.91,378.94,497.18,405.51,361.67,304.28
나주시 - 유기농산물 - 출하량,Statistics,436.0,682.0,711.6,1010.7,1022.4,1199.1,1870.55,970.7,1107.83,1005.53
나주시 - 저농약농산물 - 건수,Statistics,37.0,,,,,,,,,
나주시 - 저농약농산물 - 농가수,Statistics,356.0,,,,,,,,,
나주시 - 저농약농산물 - 면적,Statistics,323.0,,,,,,,,,
나주시 - 저농약농산물 - 출하량,Statistics,8787.0,,,,,,,,,
남구 - 계 - 건수,Statistics,3.0,3.0,1.0,18.0,20.0,1.0,1.0,1.0,1.0,1.0
남구 - 계 - 농가수,Statistics,3.0,3.0,1.0,18.0,20.0,1.0,1.0,1.0,1.0,1.0
남구 - 계 - 면적,Statistics,5.0,6.0,6.5,6.8,6.34,5.59,0.01,0.02,0.02,0.02
남구 - 계 - 출하량,Statistics,1.0,1.0,0.8,41.3,29.46,85.35,0.8,1.0,8.75,20.15
남구 - 무농약농산물 - 건수,Statistics,3.0,3.0,1.0,15.0,18.0,1.0,1.0,1.0,1.0,1.0
남구 - 무농약농산물 - 농가수,Statistics,3.0,3.0,1.0,15.0,18.0,1.0,1.0,1.0,1.0,1.0
남구 - 무농약농산물 - 면적,Statistics,4.0,5.0,5.9,6.2,5.99,5.2,0.01,0.02,0.02,0.02
남구 - 무농약농산물 - 출하량,Statistics,1.0,1.0,0.8,40.2,28.7,84.04,0.8,1.0,8.75,20.15
남구 - 유기농산물 - 건수,Statistics,1.0,2.0,2.0,3.0,2.0,2.0,2.0,2.0,3.0,0.0
남구 - 유기농산물 - 농가수,Statistics,1.0,2.0,2.0,3.0,2.0,2.0,2.0,2.0,3.0,0.0
남구 - 유기농산물 - 면적,Statistics,1.0,1.0,0.6,0.6,0.35,0.39,0.39,0.47,1.23,0.0
남구 - 유기농산물 - 출하량,Statistics,3.0,3.0,3.8,1.1,0.76,1.31,2.2,,14.35,0.0
남구 - 저농약농산물 - 건수,Statistics,1.0,,,,,,,,,
남구 - 저농약농산물 - 농가수,Statistics,1.0,,,,,,,,,
남구 - 저농약농산물 - 출하량,Statistics,4.0,,,,,,,,,
남동구 - 계 - 건수,Statistics,13.0,11.0,7.0,8.0,8.0,7.0,4.0,7.0,6.0,6.0
남동구 - 계 - 농가수,Statistics,30.0,16.0,13.0,14.0,14.0,14.0,11.0,14.0,13.0,11.0
남동구 - 계 - 면적,Statistics,29.0,7.0,6.4,6.2,6.55,5.91,5.56,4.77,4.58,3.74
남동구 - 계 - 출하량,Statistics,341.0,352.0,312.6,365.3,375.24,216.14,222.81,191.24,185.48,115.86
남동구 - 무농약농산물 - 건수,Statistics,4.0,3.0,4.0,5.0,5.0,5.0,3.0,6.0,5.0,5.0
남동구 - 무농약농산물 - 농가수,Statistics,5.0,3.0,4.0,5.0,5.0,5.0,3.0,6.0,5.0,5.0
남동구 - 무농약농산물 - 면적,Statistics,3.0,,0.6,0.7,0.78,0.78,0.32,0.4,0.21,0.21
남동구 - 무농약농산물 - 출하량,Statistics,13.0,9.0,11.8,15.5,21.64,15.6,16.01,17.61,7.55,10.71
남동구 - 유기농산물 - 건수,Statistics,6.0,8.0,3.0,3.0,3.0,2.0,1.0,1.0,1.0,1.0
남동구 - 유기농산물 - 농가수,Statistics,11.0,13.0,9.0,9.0,9.0,9.0,8.0,8.0,8.0,6.0
남동구 - 유기농산물 - 면적,Statistics,8.0,7.0,5.8,5.5,5.77,5.13,5.23,4.37,4.37,3.53
남동구 - 유기농산물 - 출하량,Statistics,328.0,343.0,300.8,349.8,353.59,200.55,206.81,173.63,177.93,105.15
남동구 - 저농약농산물 - 건수,Statistics,3.0,,,,,,,,,
남동구 - 저농약농산물 - 농가수,Statistics,14.0,,,,,,,,,
남동구 - 저농약농산물 - 면적,Statistics,18.0,,,,,,,,,
남원시 - 계 - 건수,Statistics,159.0,173.0,144.0,146.0,173.0,183.0,183.0,184.0,179.0,171.0
남원시 - 계 - 농가수,Statistics,408.0,379.0,328.0,298.0,276.0,263.0,245.0,235.0,223.0,211.0
남원시 - 계 - 면적,Statistics,480.0,455.0,397.1,351.2,328.34,311.98,318.35,283.18,279.1,280.09
남원시 - 계 - 출하량,Statistics,3255.0,4041.0,4212.6,3535.0,3364.73,2736.47,2863.78,2949.6,2548.07,1669.1
남원시 - 무농약농산물 - 건수,Statistics,113.0,127.0,106.0,97.0,117.0,122.0,126.0,129.0,123.0,109.0
남원시 - 무농약농산물 - 농가수,Statistics,246.0,254.0,212.0,178.0,162.0,142.0,134.0,138.0,132.0,113.0
남원시 - 무농약농산물 - 면적,Statistics,276.0,278.0,235.9,183.2,162.8,132.95,148.46,137.94,148.35,141.97
남원시 - 무농약농산물 - 출하량,Statistics,1873.0,2288.0,2678.2,1852.7,1858.38,1430.95,1483.79,1799.69,1498.76,1089.82
남원시 - 유기농산물 - 건수,Statistics,36.0,46.0,38.0,49.0,56.0,61.0,57.0,55.0,56.0,62.0
남원시 - 유기농산물 - 농가수,Statistics,102.0,125.0,116.0,120.0,114.0,121.0,111.0,97.0,91.0,98.0
남원시 - 유기농산물 - 면적,Statistics,143.0,177.0,161.2,168.0,165.54,179.03,169.9,145.24,130.75,138.12
남원시 - 유기농산물 - 출하량,Statistics,843.0,1753.0,1534.4,1682.3,1506.35,1305.52,1379.99,1149.91,1049.31,579.28
남원시 - 저농약농산물 - 건수,Statistics,10.0,,,,,,,,,
남원시 - 저농약농산물 - 농가수,Statistics,60.0,,,,,,,,,
남원시 - 저농약농산물 - 면적,Statistics,61.0,,,,,,,,,
남원시 - 저농약농산물 - 출하량,Statistics,539.0,,,,,,,,,
남해군 - 계 - 건수,Statistics,137.0,123.0,124.0,120.0,134.0,139.0,142.0,149.0,136.0,123.0
남해군 - 계 - 농가수,Statistics,418.0,361.0,328.0,288.0,281.0,268.0,244.0,238.0,219.0,212.0
남해군 - 계 - 면적,Statistics,285.0,257.0,239.9,224.0,227.06,212.35,194.74,203.54,186.42,167.66
남해군 - 계 - 출하량,Statistics,550.0,531.0,600.3,461.1,591.26,633.84,613.78,661.0,550.71,608.03
남해군 - 무농약농산물 - 건수,Statistics,126.0,112.0,113.0,105.0,110.0,110.0,107.0,101.0,86.0,74.0
남해군 - 무농약농산물 - 농가수,Statistics,373.0,322.0,288.0,249.0,227.0,208.0,180.0,166.0,147.0,138.0
남해군 - 무농약농산물 - 면적,Statistics,256.0,231.0,211.4,191.1,170.95,150.09,127.2,109.73,93.85,83.81
남해군 - 무농약농산물 - 출하량,Statistics,374.0,398.0,440.7,329.5,437.63,435.64,447.96,492.63,401.25,494.87
남해군 - 유기농산물 - 건수,Statistics,11.0,11.0,11.0,15.0,24.0,29.0,35.0,48.0,50.0,49.0
남해군 - 유기농산물 - 농가수,Statistics,45.0,39.0,40.0,39.0,54.0,60.0,64.0,72.0,72.0,74.0
남해군 - 유기농산물 - 면적,Statistics,29.0,26.0,28.5,32.9,56.11,62.26,67.54,93.81,92.57,83.85
남해군 - 유기농산물 - 출하량,Statistics,176.0,133.0,159.6,131.6,153.64,198.2,165.82,168.37,149.46,113.16
노원구 - 계 - 건수,Statistics,2.0,1.0,1.0,1.0,3.0,2.0,2.0,1.0,,1.0
노원구 - 계 - 농가수,Statistics,2.0,1.0,1.0,1.0,3.0,2.0,2.0,1.0,,1.0
노원구 - 계 - 면적,Statistics,1.0,,,,,,,,,0.0
노원구 - 계 - 출하량,Statistics,11.0,3.0,,2.0,,,,,,0.0
노원구 - 무농약농산물 - 건수,Statistics,2.0,1.0,1.0,1.0,3.0,2.0,2.0,1.0,,1.0
노원구 - 무농약농산물 - 농가수,Statistics,2.0,1.0,1.0,1.0,3.0,2.0,2.0,1.0,,1.0
노원구 - 무농약농산물 - 면적,Statistics,,,,,,,,,,0.0
노원구 - 무농약농산물 - 출하량,Statistics,11.0,3.0,,2.0,,,,,,0.0
노원구 - 유기농산물 - 건수,Statistics,,,,,,,,,,0.0
노원구 - 유기농산물 - 농가수,Statistics,,,,,,,,,,0.0
노원구 - 유기농산물 - 면적,Statistics,,,,,,,,,,0.0
노원구 - 유기농산물 - 출하량,Statistics,,,,,,,,,,0.0
노원구 - 저농약농산물 - 면적,Statistics,1.0,,,,,,,,,
논산시 - 계 - 건수,Statistics,191.0,194.0,184.0,189.0,210.0,195.0,186.0,171.0,165.0,167.0
논산시 - 계 - 농가수,Statistics,320.0,249.0,242.0,211.0,220.0,206.0,198.0,183.0,175.0,175.0
논산시 - 계 - 면적,Statistics,290.0,246.0,285.8,298.3,291.52,254.26,262.5,265.37,255.37,240.0
논산시 - 계 - 출하량,Statistics,3562.0,3751.0,3115.0,1419.9,3045.12,2042.94,4292.5,3917.95,3590.48,3384.92
논산시 - 무농약농산물 - 건수,Statistics,163.0,166.0,158.0,157.0,167.0,147.0,132.0,122.0,122.0,127.0
논산시 - 무농약농산물 - 농가수,Statistics,228.0,217.0,211.0,172.0,170.0,152.0,138.0,128.0,127.0,131.0
논산시 - 무농약농산물 - 면적,Statistics,213.0,210.0,241.4,246.5,231.07,190.02,198.76,207.33,206.76,194.08
논산시 - 무농약농산물 - 출하량,Statistics,1449.0,3291.0,2584.4,1139.4,2358.11,1590.72,3636.22,3373.19,3016.43,2900.2
논산시 - 유기농산물 - 건수,Statistics,14.0,28.0,26.0,32.0,43.0,48.0,54.0,49.0,43.0,40.0
논산시 - 유기농산물 - 농가수,Statistics,18.0,32.0,31.0,39.0,50.0,54.0,60.0,55.0,48.0,44.0
논산시 - 유기농산물 - 면적,Statistics,21.0,36.0,44.4,51.8,60.45,64.25,63.73,58.04,48.61,45.92
논산시 - 유기농산물 - 출하량,Statistics,225.0,460.0,530.6,280.5,687.01,452.22,656.28,544.75,574.06,484.72
논산시 - 저농약농산물 - 건수,Statistics,14.0,,,,,,,,,
논산시 - 저농약농산물 - 농가수,Statistics,74.0,,,,,,,,,
논산시 - 저농약농산물 - 면적,Statistics,56.0,,,,,,,,,
논산시 - 저농약농산물 - 출하량,Statistics,1888.0,,,,,,,,,
단양군 - 계 - 건수,Statistics,180.0,295.0,362.0,340.0,291.0,238.0,199.0,189.0,181.0,187.0
단양군 - 계 - 농가수,Statistics,322.0,368.0,393.0,372.0,310.0,249.0,210.0,193.0,185.0,187.0
단양군 - 계 - 면적,Statistics,231.0,260.0,268.6,274.5,260.37,246.61,214.4,206.68,196.63,225.36
단양군 - 계 - 출하량,Statistics,1358.0,1008.0,1681.4,1017.8,761.58,589.36,679.22,357.66,494.01,777.47
단양군 - 무농약농산물 - 건수,Statistics,155.0,245.0,305.0,275.0,216.0,151.0,115.0,97.0,89.0,91.0
단양군 - 무농약농산물 - 농가수,Statistics,249.0,318.0,336.0,298.0,226.0,155.0,115.0,97.0,89.0,91.0
단양군 - 무농약농산물 - 면적,Statistics,145.0,188.0,177.9,162.5,137.18,110.62,95.57,76.01,78.91,98.73
단양군 - 무농약농산물 - 출하량,Statistics,737.0,734.0,1239.9,570.5,357.25,296.75,370.32,168.28,237.76,572.13
단양군 - 유기농산물 - 건수,Statistics,20.0,50.0,57.0,65.0,75.0,87.0,84.0,92.0,92.0,96.0
단양군 - 유기농산물 - 농가수,Statistics,42.0,50.0,57.0,74.0,84.0,94.0,95.0,96.0,96.0,96.0
단양군 - 유기농산물 - 면적,Statistics,63.0,72.0,90.7,112.0,123.19,135.99,118.84,130.67,117.71,126.63
단양군 - 유기농산물 - 출하량,Statistics,219.0,274.0,441.5,447.3,404.32,292.61,308.9,189.38,256.25,205.34
단양군 - 저농약농산물 - 건수,Statistics,5.0,,,,,,,,,
단양군 - 저농약농산물 - 농가수,Statistics,31.0,,,,,,,,,
단양군 - 저농약농산물 - 면적,Statistics,23.0,,,,,,,,,
단양군 - 저농약농산물 - 출하량,Statistics,402.0,,,,,,,,,
달서구 - 계 - 건수,Statistics,3.0,4.0,6.0,7.0,2.0,3.0,2.0,2.0,1.0,2.0
달서구 - 계 - 농가수,Statistics,3.0,4.0,6.0,7.0,2.0,3.0,2.0,2.0,1.0,2.0
달서구 - 계 - 면적,Statistics,,,,,,,,,,0.02
달서구 - 계 - 출하량,Statistics,6.0,123.0,44.3,83.5,3.5,13.6,5.1,4.55,3.7,4.0
달서구 - 무농약농산물 - 건수,Statistics,3.0,3.0,5.0,6.0,1.0,2.0,2.0,2.0,1.0,2.0
달서구 - 무농약농산물 - 농가수,Statistics,3.0,3.0,5.0,6.0,1.0,2.0,2.0,2.0,1.0,2.0
달서구 - 무농약농산물 - 면적,Statistics,,,,,,,,,,0.02
달서구 - 무농약농산물 - 출하량,Statistics,6.0,4.0,25.5,81.2,3.5,3.2,5.1,4.55,3.7,4.0
달서구 - 유기농산물 - 건수,Statistics,,1.0,1.0,1.0,1.0,1.0,,,,0.0
달서구 - 유기농산물 - 농가수,Statistics,,1.0,1.0,1.0,1.0,1.0,,,,0.0
달서구 - 유기농산물 - 면적,Statistics,,,,,,,,,,0.0
달서구 - 유기농산물 - 출하량,Statistics,,119.0,18.8,2.3,,10.4,,,,0.0
달성군 - 계 - 건수,Statistics,66.0,54.0,51.0,36.0,31.0,31.0,32.0,26.0,26.0,21.0
달성군 - 계 - 농가수,Statistics,247.0,81.0,76.0,60.0,47.0,47.0,41.0,35.0,33.0,25.0
달성군 - 계 - 면적,Statistics,141.0,52.0,48.0,35.7,32.24,30.08,20.39,17.56,16.0,14.34
달성군 - 계 - 출하량,Statistics,1290.0,1137.0,1065.8,978.6,880.62,927.87,1267.54,1085.45,782.05,651.84
달성군 - 무농약농산물 - 건수,Statistics,56.0,51.0,48.0,34.0,29.0,27.0,27.0,21.0,21.0,17.0
달성군 - 무농약농산물 - 농가수,Statistics,88.0,78.0,73.0,58.0,45.0,39.0,32.0,26.0,24.0,21.0
달성군 - 무농약농산물 - 면적,Statistics,61.0,48.0,44.6,34.0,30.64,16.6,7.65,6.12,4.75,9.64
달성군 - 무농약농산물 - 출하량,Statistics,1146.0,1008.0,986.3,977.0,880.5,796.55,1121.44,992.77,713.44,639.05
달성군 - 유기농산물 - 건수,Statistics,5.0,3.0,3.0,2.0,2.0,4.0,5.0,5.0,5.0,4.0
달성군 - 유기농산물 - 농가수,Statistics,5.0,3.0,3.0,2.0,2.0,8.0,9.0,9.0,9.0,4.0
달성군 - 유기농산물 - 면적,Statistics,4.0,4.0,3.4,1.7,1.6,13.48,12.74,11.44,11.25,4.7
달성군 - 유기농산물 - 출하량,Statistics,144.0,129.0,79.5,1.6,0.12,131.31,146.1,92.68,68.61,12.79
달성군 - 저농약농산물 - 건수,Statistics,5.0,,,,,,,,,
달성군 - 저농약농산물 - 농가수,Statistics,154.0,,,,,,,,,
달성군 - 저농약농산물 - 면적,Statistics,76.0,,,,,,,,,
담양군 - 계 - 건수,Statistics,425.0,510.0,477.0,527.0,569.0,611.0,641.0,663.0,694.0,762.0
담양군 - 계 - 농가수,Statistics,1373.0,1165.0,1119.0,1231.0,1339.0,1401.0,1406.0,1463.0,1546.0,1676.0
담양군 - 계 - 면적,Statistics,997.0,838.0,874.1,941.6,1069.11,1147.76,1106.28,1139.07,1183.83,1280.58
담양군 - 계 - 출하량,Statistics,4457.0,3881.0,4977.9,4485.2,4823.88,4653.84,5688.25,5053.44,5132.8,5230.26
담양군 - 무농약농산물 - 건수,Statistics,367.0,453.0,417.0,443.0,478.0,503.0,514.0,487.0,523.0,547.0
담양군 - 무농약농산물 - 농가수,Statistics,1062.0,902.0,846.0,878.0,959.0,968.0,907.0,822.0,903.0,959.0
담양군 - 무농약농산물 - 면적,Statistics,749.0,626.0,637.9,627.3,740.45,763.96,667.67,573.58,630.55,675.83
담양군 - 무농약농산물 - 출하량,Statistics,3106.0,2877.0,3629.3,2924.2,3191.05,2874.09,3519.09,2922.65,2898.2,3120.73
담양군 - 유기농산물 - 건수,Statistics,46.0,57.0,60.0,84.0,91.0,108.0,127.0,176.0,171.0,215.0
담양군 - 유기농산물 - 농가수,Statistics,254.0,263.0,273.0,353.0,380.0,433.0,499.0,641.0,643.0,717.0
담양군 - 유기농산물 - 면적,Statistics,202.0,212.0,236.2,314.3,328.66,383.81,438.61,565.48,553.28,604.76
담양군 - 유기농산물 - 출하량,Statistics,950.0,1004.0,1348.6,1561.0,1632.83,1779.76,2169.16,2130.79,2234.6,2109.54
담양군 - 저농약농산물 - 건수,Statistics,12.0,,,,,,,,,
담양군 - 저농약농산물 - 농가수,Statistics,57.0,,,,,,,,,
담양군 - 저농약농산물 - 면적,Statistics,46.0,,,,,,,,,
담양군 - 저농약농산물 - 출하량,Statistics,401.0,,,,,,,,,
당진시 - 계 - 건수,Statistics,79.0,82.0,76.0,74.0,84.0,90.0,85.0,80.0,67.0,62.0
당진시 - 계 - 농가수,Statistics,139.0,134.0,125.0,98.0,111.0,117.0,112.0,107.0,93.0,88.0
당진시 - 계 - 면적,Statistics,144.0,148.0,140.6,157.6,173.47,174.6,166.92,160.03,145.15,103.47
당진시 - 계 - 출하량,Statistics,2692.0,4696.0,4131.6,3780.0,2813.15,4378.31,4435.71,3590.56,2815.21,2488.55
당진시 - 무농약농산물 - 건수,Statistics,60.0,67.0,60.0,59.0,65.0,72.0,67.0,61.0,50.0,45.0
당진시 - 무농약농산물 - 농가수,Statistics,119.0,119.0,109.0,83.0,92.0,99.0,94.0,88.0,76.0,71.0
당진시 - 무농약농산물 - 면적,Statistics,108.0,118.0,103.2,121.5,143.97,148.24,139.09,134.5,122.55,80.73
당진시 - 무농약농산물 - 출하량,Statistics,2051.0,3941.0,2770.0,2625.8,2498.32,3742.22,3777.92,3106.01,2413.15,2154.71
당진시 - 유기농산물 - 건수,Statistics,15.0,15.0,16.0,15.0,19.0,18.0,18.0,19.0,17.0,17.0
당진시 - 유기농산물 - 농가수,Statistics,15.0,15.0,16.0,15.0,19.0,18.0,18.0,19.0,17.0,17.0
당진시 - 유기농산물 - 면적,Statistics,30.0,30.0,37.4,36.1,29.5,26.36,27.83,25.53,22.6,22.73
당진시 - 유기농산물 - 출하량,Statistics,600.0,755.0,1361.6,1154.2,314.83,636.09,657.79,484.55,402.06,333.85
당진시 - 저농약농산물 - 건수,Statistics,4.0,,,,,,,,,
당진시 - 저농약농산물 - 농가수,Statistics,5.0,,,,,,,,,
당진시 - 저농약농산물 - 면적,Statistics,6.0,,,,,,,,,
당진시 - 저농약농산물 - 출하량,Statistics,41.0,,,,,,,,,
대구광역시 소계 - 계 - 건수,Statistics,121.0,103.0,96.0,97.0,113.0,120.0,116.0,105.0,142.0,136.0
대구광역시 소계 - 계 - 농가수,Statistics,337.0,181.0,195.0,141.0,129.0,136.0,125.0,114.0,149.0,140.0
대구광역시 소계 - 계 - 면적,Statistics,185.0,99.0,94.5,63.3,54.98,53.32,43.24,37.04,67.14,68.0
대구광역시 소계 - 계 - 출하량,Statistics,1590.0,1552.0,1482.5,1515.3,1374.43,1428.32,1750.27,1861.29,2723.67,2103.26
대구광역시 소계 - 무농약농산물 - 건수,Statistics,102.0,91.0,86.0,87.0,102.0,106.0,101.0,90.0,119.0,115.0
대구광역시 소계 - 무농약농산물 - 농가수,Statistics,168.0,169.0,185.0,131.0,118.0,118.0,106.0,95.0,122.0,119.0
대구광역시 소계 - 무농약농산물 - 면적,Statistics,101.0,92.0,89.1,60.4,51.81,37.88,29.11,24.22,39.0,46.4
대구광역시 소계 - 무농약농산물 - 출하량,Statistics,1319.0,1160.0,1255.7,1332.7,1218.81,1123.51,1480.28,1456.42,1884.67,1638.53
대구광역시 소계 - 유기농산물 - 건수,Statistics,12.0,12.0,10.0,10.0,11.0,14.0,15.0,15.0,23.0,21.0
대구광역시 소계 - 유기농산물 - 농가수,Statistics,12.0,12.0,10.0,10.0,11.0,18.0,19.0,19.0,27.0,21.0
대구광역시 소계 - 유기농산물 - 면적,Statistics,7.0,7.0,5.4,2.9,3.17,15.44,14.13,12.83,28.14,21.6
대구광역시 소계 - 유기농산물 - 출하량,Statistics,267.0,392.0,226.8,182.6,155.62,304.81,269.99,404.87,839.0,464.73
대구광역시 소계 - 저농약농산물 - 건수,Statistics,7.0,,,,,,,,,
대구광역시 소계 - 저농약농산물 - 농가수,Statistics,157.0,,,,,,,,,
대구광역시 소계 - 저농약농산물 - 면적,Statistics,77.0,,,,,,,,,
대구광역시 소계 - 저농약농산물 - 출하량,Statistics,4.0,,,,,,,,,
대덕구 - 계 - 건수,Statistics,1.0,,,2.0,2.0,2.0,2.0,2.0,2.0,2.0
대덕구 - 계 - 농가수,Statistics,1.0,,,2.0,2.0,2.0,2.0,2.0,2.0,2.0
대덕구 - 계 - 면적,Statistics,2.0,,,,,,,0.16,0.16,0.0
대덕구 - 계 - 출하량,Statistics,,,,,,,8.38,5.6,6.2,8.55
대덕구 - 무농약농산물 - 건수,Statistics,,,,2.0,1.0,1.0,1.0,2.0,2.0,2.0
대덕구 - 무농약농산물 - 농가수,Statistics,,,,2.0,1.0,1.0,1.0,2.0,2.0,2.0
대덕구 - 무농약농산물 - 면적,Statistics,1.0,,,,,,,0.16,0.16,0.0
대덕구 - 무농약농산물 - 출하량,Statistics,,,,,,,,5.6,6.2,8.55
대덕구 - 유기농산물 - 건수,Statistics,,,,,1.0,1.0,1.0,,,0.0
대덕구 - 유기농산물 - 농가수,Statistics,,,,,1.0,1.0,1.0,,,0.0
대덕구 - 유기농산물 - 면적,Statistics,,,,,,,,,,0.0
대덕구 - 유기농산물 - 출하량,Statistics,,,,,,,8.38,,,0.0
대덕구 - 저농약농산물 - 건수,Statistics,1.0,,,,,,,,,
대덕구 - 저농약농산물 - 농가수,Statistics,1.0,,,,,,,,,
대덕구 - 저농약농산물 - 면적,Statistics,1.0,,,,,,,,,
대전광역시 소계 - 계 - 건수,Statistics,47.0,34.0,38.0,42.0,41.0,55.0,67.0,68.0,55.0,56.0
대전광역시 소계 - 계 - 농가수,Statistics,61.0,38.0,45.0,42.0,41.0,55.0,67.0,68.0,55.0,56.0
대전광역시 소계 - 계 - 면적,Statistics,33.0,11.0,11.3,11.3,12.01,13.86,18.95,17.29,14.97,16.99
대전광역시 소계 - 계 - 출하량,Statistics,895.0,827.0,764.8,580.7,583.08,488.31,958.0,902.96,1168.49,1168.12
대전광역시 소계 - 무농약농산물 - 건수,Statistics,25.0,29.0,32.0,37.0,34.0,47.0,59.0,58.0,49.0,47.0
대전광역시 소계 - 무농약농산물 - 농가수,Statistics,32.0,33.0,39.0,37.0,34.0,47.0,59.0,58.0,49.0,47.0
대전광역시 소계 - 무농약농산물 - 면적,Statistics,11.0,9.0,9.3,9.3,9.6,11.44,15.69,14.08,11.77,13.34
대전광역시 소계 - 무농약농산물 - 출하량,Statistics,791.0,782.0,701.8,521.5,527.52,426.34,846.54,851.23,1113.14,1109.54
대전광역시 소계 - 유기농산물 - 건수,Statistics,4.0,5.0,6.0,5.0,7.0,8.0,8.0,10.0,6.0,9.0
대전광역시 소계 - 유기농산물 - 농가수,Statistics,4.0,5.0,6.0,5.0,7.0,8.0,8.0,10.0,6.0,9.0
대전광역시 소계 - 유기농산물 - 면적,Statistics,3.0,2.0,2.0,2.0,2.41,2.41,3.25,3.21,3.19,3.65
대전광역시 소계 - 유기농산물 - 출하량,Statistics,46.0,45.0,63.0,59.2,55.56,61.96,111.46,51.73,55.34,58.58
대전광역시 소계 - 저농약농산물 - 건수,Statistics,18.0,,,,,,,,,
대전광역시 소계 - 저농약농산물 - 농가수,Statistics,25.0,,,,,,,,,
대전광역시 소계 - 저농약농산물 - 면적,Statistics,19.0,,,,,,,,,
대전광역시 소계 - 저농약농산물 - 출하량,Statistics,58.0,,,,,,,,,
도봉구 - 계 - 건수,Statistics,1.0,,1.0,1.0,2.0,2.0,,1.0,1.0,1.0
도봉구 - 계 - 농가수,Statistics,1.0,,1.0,1.0,2.0,2.0,,1.0,1.0,1.0
도봉구 - 계 - 면적,Statistics,,,,,,,,,,0.0
도봉구 - 계 - 출하량,Statistics,33.0,,0.9,0.7,2.48,1.15,,0.03,0.05,0.0
도봉구 - 무농약농산물 - 건수,Statistics,1.0,,1.0,1.0,2.0,2.0,,,,0.0
도봉구 - 무농약농산물 - 농가수,Statistics,1.0,,1.0,1.0,2.0,2.0,,,,0.0
도봉구 - 무농약농산물 - 면적,Statistics,,,,,,,,,,0.0
도봉구 - 무농약농산물 - 출하량,Statistics,33.0,,0.9,0.7,2.48,1.15,,,,0.0
도봉구 - 유기농산물 - 건수,Statistics,,,,,,,,1.0,1.0,1.0
도봉구 - 유기농산물 - 농가수,Statistics,,,,,,,,1.0,1.0,1.0
도봉구 - 유기농산물 - 면적,Statistics,,,,,,,,,,0.0
도봉구 - 유기농산물 - 출하량,Statistics,,,,,,,,0.03,0.05,0.0
동구 - 계 - 건수,Statistics,27.0,27.0,28.0,1.0,70.0,76.0,72.0,68.0,69.0,0.0
동구 - 계 - 농가수,Statistics,61.0,78.0,102.0,1.0,70.0,76.0,72.0,68.0,69.0,0.0
동구 - 계 - 면적,Statistics,41.0,44.0,44.2,26.0,21.32,21.83,21.68,19.06,19.18,0.0
동구 - 계 - 출하량,Statistics,173.0,148.0,240.7,1.6,333.34,329.95,354.3,394.18,373.42,0.0
동구 - 무농약농산물 - 건수,Statistics,22.0,24.0,26.0,1.0,67.0,71.0,67.0,63.0,65.0,0.0
동구 - 무농약농산물 - 농가수,Statistics,56.0,75.0,100.0,1.0,67.0,71.0,67.0,63.0,65.0,0.0
동구 - 무농약농산물 - 면적,Statistics,38.0,42.0,43.5,25.4,20.36,20.48,20.46,17.84,18.12,0.0
동구 - 무농약농산물 - 출하량,Statistics,156.0,137.0,239.7,1.6,325.83,311.17,326.84,377.77,360.72,0.0
동구 - 유기농산물 - 건수,Statistics,5.0,3.0,2.0,2.0,3.0,5.0,5.0,5.0,4.0,0.0
동구 - 유기농산물 - 농가수,Statistics,5.0,3.0,2.0,2.0,3.0,5.0,5.0,5.0,4.0,0.0
동구 - 유기농산물 - 면적,Statistics,2.0,2.0,0.7,0.6,0.96,1.35,1.22,1.22,1.06,0.0
동구 - 유기농산물 - 출하량,Statistics,17.0,11.0,1.0,3.0,7.5,18.78,27.45,16.4,12.7,0.0
동구 - 저농약농산물 - 건수,Statistics,1.0,,,,,,,,,
동구 - 저농약농산물 - 농가수,Statistics,1.0,,,,,,,,,
동구 - 저농약농산물 - 면적,Statistics,1.0,,,,,,,,,
동구 - 저농약농산물 - 출하량,Statistics,18.0,,,,,,,,,
동대문구 - 계 - 건수,Statistics,,1.0,1.0,1.0,2.0,1.0,,1.0,1.0,2.0
동대문구 - 계 - 농가수,Statistics,,1.0,1.0,1.0,2.0,1.0,,1.0,1.0,2.0
동대문구 - 계 - 면적,Statistics,,,,,,,,,,0.0
동대문구 - 계 - 출하량,Statistics,,2.0,0.8,1.4,45.26,,,0.39,0.83,2.34
동대문구 - 무농약농산물 - 건수,Statistics,,1.0,1.0,1.0,1.0,1.0,,1.0,1.0,1.0
동대문구 - 무농약농산물 - 농가수,Statistics,,1.0,1.0,1.0,1.0,1.0,,1.0,1.0,1.0
동대문구 - 무농약농산물 - 면적,Statistics,,,,,,,,,,0.0
동대문구 - 무농약농산물 - 출하량,Statistics,,2.0,0.8,1.4,0.76,,,0.39,0.83,0.99
동대문구 - 유기농산물 - 건수,Statistics,,,,,1.0,,,,,1.0
동대문구 - 유기농산물 - 농가수,Statistics,,,,,1.0,,,,,1.0
동대문구 - 유기농산물 - 면적,Statistics,,,,,,,,,,0.0
동대문구 - 유기농산물 - 출하량,Statistics,,,,,44.5,,,,,1.35
동래구 - 계 - 건수,Statistics,1.0,1.0,1.0,1.0,1.0,1.0,1.0,,,0.0
동래구 - 계 - 농가수,Statistics,1.0,1.0,1.0,1.0,1.0,1.0,1.0,,,0.0
동래구 - 계 - 면적,Statistics,,,,,,,,,,0.0
동래구 - 계 - 출하량,Statistics,,,0.4,0.2,0.25,0.25,,,,0.0
동래구 - 무농약농산물 - 건수,Statistics,1.0,1.0,1.0,1.0,1.0,1.0,1.0,,,0.0
동래구 - 무농약농산물 - 농가수,Statistics,1.0,1.0,1.0,1.0,1.0,1.0,1.0,,,0.0
동래구 - 무농약농산물 - 면적,Statistics,,,,,,,,,,0.0
동래구 - 무농약농산물 - 출하량,Statistics,,,0.4,0.2,0.25,0.25,,,,0.0
동래구 - 유기농산물 - 건수,Statistics,,,,,,,,,,0.0
동래구 - 유기농산물 - 농가수,Statistics,,,,,,,,,,0.0
동래구 - 유기농산물 - 면적,Statistics,,,,,,,,,,0.0
동래구 - 유기농산물 - 출하량,Statistics,,,,,,,,,,0.0
동작구 - 계 - 건수,Statistics,1.0,2.0,3.0,4.0,4.0,3.0,4.0,4.0,3.0,2.0
동작구 - 계 - 농가수,Statistics,1.0,2.0,3.0,4.0,4.0,3.0,4.0,4.0,3.0,2.0
동작구 - 계 - 면적,Statistics,,,,,0.02,0.02,0.02,0.02,0.02,0.02
동작구 - 계 - 출하량,Statistics,31.0,102.0,48.6,69.1,65.12,8.81,10.53,18.96,9.61,0.88
동작구 - 무농약농산물 - 건수,Statistics,1.0,2.0,3.0,4.0,4.0,2.0,2.0,2.0,1.0,0.0
동작구 - 무농약농산물 - 농가수,Statistics,1.0,2.0,3.0,4.0,4.0,2.0,2.0,2.0,1.0,0.0
동작구 - 무농약농산물 - 면적,Statistics,,,,,0.02,0.02,0.02,0.02,0.02,0.02
동작구 - 무농약농산물 - 출하량,Statistics,31.0,102.0,48.6,69.1,65.12,7.65,8.91,18.0,8.12,0.0
동작구 - 유기농산물 - 건수,Statistics,,,,,,1.0,2.0,2.0,2.0,2.0
동작구 - 유기농산물 - 농가수,Statistics,,,,,,1.0,2.0,2.0,2.0,2.0
동작구 - 유기농산물 - 면적,Statistics,,,,,,,,,,0.0
동작구 - 유기농산물 - 출하량,Statistics,,,,,,1.16,1.62,0.96,1.49,0.88
동해시 - 계 - 건수,Statistics,30.0,37.0,35.0,34.0,37.0,39.0,35.0,28.0,28.0,25.0
동해시 - 계 - 농가수,Statistics,106.0,121.0,100.0,93.0,92.0,82.0,62.0,56.0,53.0,49.0
동해시 - 계 - 면적,Statistics,45.0,69.0,68.6,64.9,60.99,59.44,52.95,50.1,49.71,47.72
동해시 - 계 - 출하량,Statistics,282.0,357.0,281.3,279.6,298.11,227.13,266.56,167.84,163.58,155.62
동해시 - 무농약농산물 - 건수,Statistics,22.0,35.0,33.0,32.0,34.0,34.0,31.0,24.0,24.0,22.0
동해시 - 무농약농산물 - 농가수,Statistics,98.0,119.0,98.0,91.0,89.0,77.0,58.0,52.0,49.0,46.0
동해시 - 무농약농산물 - 면적,Statistics,39.0,65.0,64.2,61.3,57.37,55.02,47.35,44.17,43.79,43.02
동해시 - 무농약농산물 - 출하량,Statistics,232.0,330.0,269.1,278.5,296.07,200.8,233.25,139.08,150.23,134.54
동해시 - 유기농산물 - 건수,Statistics,3.0,2.0,2.0,2.0,3.0,5.0,4.0,4.0,4.0,3.0
동해시 - 유기농산물 - 농가수,Statistics,3.0,2.0,2.0,2.0,3.0,5.0,4.0,4.0,4.0,3.0
동해시 - 유기농산물 - 면적,Statistics,4.0,4.0,4.4,3.6,3.62,4.42,5.6,5.93,5.93,4.7
동해시 - 유기농산물 - 출하량,Statistics,23.0,27.0,12.2,1.1,2.04,26.33,33.31,28.75,13.35,21.08
동해시 - 저농약농산물 - 건수,Statistics,5.0,,,,,,,,,
동해시 - 저농약농산물 - 농가수,Statistics,5.0,,,,,,,,,
동해시 - 저농약농산물 - 면적,Statistics,2.0,,,,,,,,,
동해시 - 저농약농산물 - 출하량,Statistics,27.0,,,,,,,,,
마포구 - 계 - 건수,Statistics,,,,,,,,1.0,,1.0
마포구 - 계 - 농가수,Statistics,,,,,,,,1.0,,1.0
마포구 - 계 - 면적,Statistics,,,,,,,,0.01,,0.0
마포구 - 계 - 출하량,Statistics,,,,,,,,19.1,,3.37
마포구 - 무농약농산물 - 건수,Statistics,,,,,,,,1.0,,1.0
마포구 - 무농약농산물 - 농가수,Statistics,,,,,,,,1.0,,1.0
마포구 - 무농약농산물 - 면적,Statistics,,,,,,,,0.01,,0.0
마포구 - 무농약농산물 - 출하량,Statistics,,,,,,,,19.1,,3.37
마포구 - 유기농산물 - 건수,Statistics,,,,,,,,,,0.0
마포구 - 유기농산물 - 농가수,Statistics,,,,,,,,,,0.0
마포구 - 유기농산물 - 면적,Statistics,,,,,,,,,,0.0
마포구 - 유기농산물 - 출하량,Statistics,,,,,,,,,,0.0
목포시 - 계 - 건수,Statistics,7.0,15.0,12.0,14.0,16.0,20.0,20.0,19.0,19.0,22.0
목포시 - 계 - 농가수,Statistics,7.0,15.0,12.0,14.0,16.0,20.0,20.0,19.0,19.0,22.0
목포시 - 계 - 면적,Statistics,3.0,10.0,7.1,11.4,13.93,13.61,12.81,11.1,8.24,11.08
목포시 - 계 - 출하량,Statistics,19.0,162.0,117.8,74.7,242.73,192.26,183.21,192.02,332.45,274.57
목포시 - 무농약농산물 - 건수,Statistics,6.0,14.0,11.0,13.0,16.0,17.0,16.0,12.0,11.0,13.0
목포시 - 무농약농산물 - 농가수,Statistics,6.0,14.0,11.0,13.0,16.0,17.0,16.0,12.0,11.0,13.0
목포시 - 무농약농산물 - 면적,Statistics,3.0,10.0,7.1,11.4,13.93,13.61,12.63,9.18,3.58,6.43
목포시 - 무농약농산물 - 출하량,Statistics,16.0,154.0,109.6,64.8,242.73,190.26,53.21,60.13,94.7,98.93
목포시 - 유기농산물 - 건수,Statistics,1.0,1.0,1.0,1.0,,3.0,4.0,7.0,8.0,9.0
목포시 - 유기농산물 - 농가수,Statistics,1.0,1.0,1.0,1.0,,3.0,4.0,7.0,8.0,9.0
목포시 - 유기농산물 - 면적,Statistics,,,,,,,0.18,1.92,4.66,4.66
목포시 - 유기농산물 - 출하량,Statistics,3.0,8.0,8.2,9.9,,2.0,130.0,131.89,237.74,175.64
무안군 - 계 - 건수,Statistics,187.0,230.0,283.0,336.0,403.0,475.0,430.0,411.0,389.0,343.0
무안군 - 계 - 농가수,Statistics,464.0,612.0,759.0,802.0,935.0,1138.0,795.0,635.0,607.0,531.0
무안군 - 계 - 면적,Statistics,1572.0,1817.0,2122.9,2096.3,2487.04,2573.82,1927.96,1557.5,1609.38,1255.64
무안군 - 계 - 출하량,Statistics,6231.0,5419.0,7098.5,6341.1,8730.0,10864.32,9498.87,8058.7,8658.37,7184.27
무안군 - 무농약농산물 - 건수,Statistics,159.0,199.0,236.0,278.0,314.0,285.0,220.0,168.0,166.0,128.0
무안군 - 무농약농산물 - 농가수,Statistics,410.0,563.0,674.0,689.0,744.0,829.0,439.0,217.0,256.0,199.0
무안군 - 무농약농산물 - 면적,Statistics,1421.0,1631.0,1822.8,1775.3,1881.5,1449.66,733.65,389.16,578.46,284.11
무안군 - 무농약농산물 - 출하량,Statistics,4950.0,3481.0,4639.7,4237.6,5851.38,6181.7,3354.54,3010.21,3312.77,2169.32
무안군 - 유기농산물 - 건수,Statistics,25.0,31.0,47.0,58.0,89.0,190.0,210.0,243.0,223.0,215.0
무안군 - 유기농산물 - 농가수,Statistics,51.0,49.0,85.0,113.0,191.0,309.0,356.0,418.0,351.0,332.0
무안군 - 유기농산물 - 면적,Statistics,143.0,186.0,300.1,321.0,605.53,1124.16,1194.31,1168.34,1030.92,971.52
무안군 - 유기농산물 - 출하량,Statistics,1281.0,1938.0,2458.8,2103.5,2878.62,4682.61,6144.33,5048.49,5345.6,5014.95
무안군 - 저농약농산물 - 건수,Statistics,3.0,,,,,,,,,
무안군 - 저농약농산물 - 농가수,Statistics,3.0,,,,,,,,,
무안군 - 저농약농산물 - 면적,Statistics,8.0,,,,,,,,,
무주군 - 계 - 건수,Statistics,278.0,246.0,272.0,241.0,163.0,135.0,122.0,118.0,102.0,96.0
무주군 - 계 - 농가수,Statistics,444.0,305.0,364.0,314.0,214.0,181.0,156.0,153.0,141.0,137.0
무주군 - 계 - 면적,Statistics,301.0,253.0,287.7,269.1,222.38,240.44,227.72,240.33,240.39,222.13
무주군 - 계 - 출하량,Statistics,842.0,673.0,844.7,736.5,537.78,509.03,391.5,312.48,271.6,321.75
무주군 - 무농약농산물 - 건수,Statistics,245.0,235.0,260.0,227.0,147.0,116.0,104.0,96.0,68.0,58.0
무주군 - 무농약농산물 - 농가수,Statistics,391.0,294.0,352.0,300.0,198.0,162.0,138.0,131.0,107.0,99.0
무주군 - 무농약농산물 - 면적,Statistics,250.0,226.0,262.2,245.1,197.14,214.47,205.18,201.11,166.52,126.05
무주군 - 무농약농산물 - 출하량,Statistics,691.0,582.0,760.2,643.6,435.04,408.83,336.75,261.98,225.39,266.02
무주군 - 유기농산물 - 건수,Statistics,10.0,11.0,12.0,14.0,16.0,19.0,18.0,22.0,34.0,38.0
무주군 - 유기농산물 - 농가수,Statistics,10.0,11.0,12.0,14.0,16.0,19.0,18.0,22.0,34.0,38.0
무주군 - 유기농산물 - 면적,Statistics,26.0,27.0,25.5,24.0,25.24,25.97,22.54,39.22,73.87,96.08
무주군 - 유기농산물 - 출하량,Statistics,71.0,91.0,84.5,92.9,102.74,100.19,54.75,50.5,46.21,55.74
무주군 - 저농약농산물 - 건수,Statistics,23.0,,,,,,,,,
무주군 - 저농약농산물 - 농가수,Statistics,43.0,,,,,,,,,
무주군 - 저농약농산물 - 면적,Statistics,25.0,,,,,,,,,
무주군 - 저농약농산물 - 출하량,Statistics,80.0,,,,,,,,,
문경시 - 계 - 건수,Statistics,126.0,121.0,117.0,117.0,134.0,128.0,117.0,108.0,92.0,90.0
문경시 - 계 - 농가수,Statistics,263.0,239.0,198.0,170.0,160.0,156.0,143.0,146.0,119.0,120.0
문경시 - 계 - 면적,Statistics,340.0,305.0,226.2,182.1,145.96,143.4,134.17,133.7,128.94,121.9
문경시 - 계 - 출하량,Statistics,1779.0,1392.0,1173.0,1102.6,1284.03,1004.41,1047.52,1201.08,1087.23,987.09
문경시 - 무농약농산물 - 건수,Statistics,85.0,106.0,101.0,96.0,113.0,103.0,90.0,82.0,69.0,67.0
문경시 - 무농약농산물 - 농가수,Statistics,186.0,204.0,162.0,129.0,119.0,110.0,97.0,90.0,77.0,75.0
문경시 - 무농약농산물 - 면적,Statistics,242.0,264.0,186.4,136.8,106.65,102.79,89.91,90.87,87.1,80.29
문경시 - 무농약농산물 - 출하량,Statistics,1531.0,1287.0,1098.2,1022.3,1214.03,923.48,1028.89,1075.86,1031.27,904.3
문경시 - 유기농산물 - 건수,Statistics,17.0,15.0,16.0,21.0,21.0,25.0,27.0,26.0,23.0,23.0
문경시 - 유기농산물 - 농가수,Statistics,38.0,35.0,36.0,41.0,41.0,46.0,46.0,56.0,42.0,45.0
문경시 - 유기농산물 - 면적,Statistics,43.0,41.0,39.8,45.3,39.31,40.61,44.26,42.82,41.85,41.61
문경시 - 유기농산물 - 출하량,Statistics,97.0,105.0,74.8,80.3,70.0,80.93,18.63,125.22,55.96,82.78
문경시 - 저농약농산물 - 건수,Statistics,24.0,,,,,,,,,
문경시 - 저농약농산물 - 농가수,Statistics,39.0,,,,,,,,,
문경시 - 저농약농산물 - 면적,Statistics,55.0,,,,,,,,,
문경시 - 저농약농산물 - 출하량,Statistics,151.0,,,,,,,,,
미추홀구 - 계 - 건수,Statistics,,,,2.0,1.0,1.0,,,,0.0
미추홀구 - 계 - 농가수,Statistics,,,,2.0,1.0,1.0,,,,0.0
미추홀구 - 계 - 면적,Statistics,,,,,,,,,,0.0
미추홀구 - 계 - 출하량,Statistics,,,,,,2.2,,,,0.0
미추홀구 - 무농약농산물 - 건수,Statistics,,,,2.0,1.0,1.0,,,,0.0
미추홀구 - 무농약농산물 - 농가수,Statistics,,,,2.0,1.0,1.0,,,,0.0
미추홀구 - 무농약농산물 - 면적,Statistics,,,,,,,,,,0.0
미추홀구 - 무농약농산물 - 출하량,Statistics,,,,,,2.2,,,,0.0
미추홀구 - 유기농산물 - 건수,Statistics,,,,,,,,,,0.0
미추홀구 - 유기농산물 - 농가수,Statistics,,,,,,,,,,0.0
미추홀구 - 유기농산물 - 면적,Statistics,,,,,,,,,,0.0
미추홀구 - 유기농산물 - 출하량,Statistics,,,,,,,,,,0.0
밀양시 - 계 - 건수,Statistics,131.0,106.0,99.0,91.0,88.0,86.0,92.0,77.0,86.0,112.0
밀양시 - 계 - 농가수,Statistics,213.0,141.0,122.0,92.0,106.0,102.0,92.0,91.0,92.0,128.0
밀양시 - 계 - 면적,Statistics,257.0,156.0,138.0,110.3,130.76,127.76,103.71,78.53,85.04,117.98
밀양시 - 계 - 출하량,Statistics,3008.0,1245.0,2700.1,2075.9,2746.97,2265.0,2718.22,2592.16,2496.82,2970.89
밀양시 - 무농약농산물 - 건수,Statistics,77.0,85.0,77.0,69.0,73.0,72.0,78.0,62.0,70.0,96.0
밀양시 - 무농약농산물 - 농가수,Statistics,137.0,120.0,99.0,69.0,90.0,88.0,78.0,76.0,76.0,112.0
밀양시 - 무농약농산물 - 면적,Statistics,129.0,129.0,111.8,86.7,112.62,107.24,87.87,63.53,70.55,104.26
밀양시 - 무농약농산물 - 출하량,Statistics,767.0,880.0,2207.4,1796.1,2497.2,2050.52,2585.38,2324.74,2394.79,2711.83
밀양시 - 유기농산물 - 건수,Statistics,23.0,21.0,22.0,22.0,15.0,14.0,14.0,15.0,16.0,16.0
밀양시 - 유기농산물 - 농가수,Statistics,23.0,21.0,23.0,23.0,16.0,14.0,14.0,15.0,16.0,16.0
밀양시 - 유기농산물 - 면적,Statistics,32.0,27.0,26.2,23.6,18.14,20.53,15.83,15.01,14.49,13.72
밀양시 - 유기농산물 - 출하량,Statistics,546.0,365.0,492.7,279.8,249.77,214.48,132.85,267.42,102.03,259.06
밀양시 - 저농약농산물 - 건수,Statistics,31.0,,,,,,,,,
밀양시 - 저농약농산물 - 농가수,Statistics,53.0,,,,,,,,,
밀양시 - 저농약농산물 - 면적,Statistics,96.0,,,,,,,,,
밀양시 - 저농약농산물 - 출하량,Statistics,1695.0,,,,,,,,,
보령시 - 계 - 건수,Statistics,114.0,97.0,76.0,80.0,89.0,108.0,99.0,104.0,89.0,92.0
보령시 - 계 - 농가수,Statistics,261.0,211.0,182.0,130.0,159.0,180.0,160.0,168.0,150.0,150.0
보령시 - 계 - 면적,Statistics,342.0,311.0,226.3,151.0,184.53,204.22,182.82,189.13,180.75,180.97
보령시 - 계 - 출하량,Statistics,1892.0,2100.0,2158.8,1247.3,995.62,1271.4,1247.08,1582.2,1183.36,1120.06
보령시 - 무농약농산물 - 건수,Statistics,98.0,82.0,62.0,63.0,71.0,86.0,76.0,78.0,67.0,63.0
보령시 - 무농약농산물 - 농가수,Statistics,219.0,174.0,155.0,63.0,91.0,108.0,94.0,99.0,72.0,67.0
보령시 - 무농약농산물 - 면적,Statistics,251.0,220.0,197.4,42.7,70.49,86.06,80.19,87.52,50.95,40.86
보령시 - 무농약농산물 - 출하량,Statistics,1552.0,1637.0,1623.1,774.8,737.78,938.45,843.03,1049.62,611.53,648.14
보령시 - 유기농산물 - 건수,Statistics,12.0,15.0,14.0,17.0,18.0,22.0,23.0,26.0,22.0,29.0
보령시 - 유기농산물 - 농가수,Statistics,13.0,37.0,27.0,67.0,68.0,72.0,66.0,69.0,78.0,83.0
보령시 - 유기농산물 - 면적,Statistics,71.0,91.0,28.9,108.3,114.04,118.16,102.63,101.61,129.8,140.11
보령시 - 유기농산물 - 출하량,Statistics,203.0,463.0,535.7,472.5,257.85,332.95,404.06,532.58,571.83,471.92
보령시 - 저농약농산물 - 건수,Statistics,4.0,,,,,,,,,
보령시 - 저농약농산물 - 농가수,Statistics,29.0,,,,,,,,,
보령시 - 저농약농산물 - 면적,Statistics,20.0,,,,,,,,,
보령시 - 저농약농산물 - 출하량,Statistics,137.0,,,,,,,,,
보성군 - 계 - 건수,Statistics,211.0,255.0,273.0,408.0,446.0,479.0,442.0,415.0,404.0,382.0
보성군 - 계 - 농가수,Statistics,865.0,790.0,747.0,806.0,804.0,837.0,722.0,641.0,609.0,698.0
보성군 - 계 - 면적,Statistics,1530.0,1534.0,1368.3,1392.6,1361.09,1328.17,1188.21,1102.2,1123.09,1168.12
보성군 - 계 - 출하량,Statistics,3102.0,5636.0,5966.4,5095.3,3043.89,2558.46,3320.13,3125.5,3687.43,4371.04
보성군 - 무농약농산물 - 건수,Statistics,140.0,173.0,184.0,315.0,331.0,343.0,252.0,202.0,180.0,177.0
보성군 - 무농약농산물 - 농가수,Statistics,712.0,674.0,612.0,600.0,567.0,569.0,300.0,243.0,210.0,300.0
보성군 - 무농약농산물 - 면적,Statistics,1164.0,1201.0,1040.9,898.7,839.75,746.95,397.2,352.19,345.55,411.08
보성군 - 무농약농산물 - 출하량,Statistics,2620.0,4642.0,5120.3,4285.2,2397.58,1966.1,1766.88,1971.66,2343.71,2824.03
보성군 - 유기농산물 - 건수,Statistics,64.0,82.0,89.0,93.0,115.0,136.0,190.0,213.0,224.0,205.0
보성군 - 유기농산물 - 농가수,Statistics,119.0,116.0,135.0,206.0,237.0,268.0,422.0,398.0,399.0,398.0
보성군 - 유기농산물 - 면적,Statistics,338.0,333.0,327.4,493.9,521.34,581.22,791.02,750.01,777.54,757.03
보성군 - 유기농산물 - 출하량,Statistics,360.0,994.0,846.1,810.1,646.31,592.36,1553.25,1153.83,1343.72,1547.01
보성군 - 저농약농산물 - 건수,Statistics,7.0,,,,,,,,,
보성군 - 저농약농산물 - 농가수,Statistics,34.0,,,,,,,,,
보성군 - 저농약농산물 - 면적,Statistics,28.0,,,,,,,,,
보성군 - 저농약농산물 - 출하량,Statistics,122.0,,,,,,,,,
보은군 - 계 - 건수,Statistics,37.0,39.0,58.0,50.0,54.0,57.0,56.0,56.0,50.0,50.0
보은군 - 계 - 농가수,Statistics,124.0,129.0,134.0,126.0,128.0,102.0,116.0,117.0,119.0,117.0
보은군 - 계 - 면적,Statistics,152.0,150.0,159.3,153.2,156.76,141.75,153.85,148.61,156.92,157.92
보은군 - 계 - 출하량,Statistics,632.0,643.0,675.2,594.8,379.07,519.32,635.43,506.17,614.06,560.76
보은군 - 무농약농산물 - 건수,Statistics,34.0,36.0,46.0,37.0,40.0,39.0,37.0,37.0,33.0,33.0
보은군 - 무농약농산물 - 농가수,Statistics,109.0,95.0,102.0,92.0,94.0,60.0,68.0,69.0,71.0,71.0
보은군 - 무농약농산물 - 면적,Statistics,126.0,100.0,110.2,96.5,99.96,64.34,67.19,59.61,80.22,82.2
보은군 - 무농약농산물 - 출하량,Statistics,460.0,388.0,470.8,391.2,280.48,201.4,265.06,222.97,310.03,267.74
보은군 - 유기농산물 - 건수,Statistics,2.0,3.0,12.0,13.0,14.0,18.0,19.0,19.0,17.0,17.0
보은군 - 유기농산물 - 농가수,Statistics,13.0,34.0,32.0,34.0,34.0,42.0,48.0,48.0,48.0,46.0
보은군 - 유기농산물 - 면적,Statistics,24.0,50.0,49.1,56.7,56.8,77.4,86.65,89.0,76.7,75.72
보은군 - 유기농산물 - 출하량,Statistics,109.0,255.0,204.4,203.6,98.58,317.93,370.37,283.21,304.03,293.01
보은군 - 저농약농산물 - 건수,Statistics,1.0,,,,,,,,,
보은군 - 저농약농산물 - 농가수,Statistics,2.0,,,,,,,,,
보은군 - 저농약농산물 - 면적,Statistics,2.0,,,,,,,,,
보은군 - 저농약농산물 - 출하량,Statistics,63.0,,,,,,,,,
봉화군 - 계 - 건수,Statistics,157.0,174.0,185.0,202.0,212.0,202.0,198.0,192.0,187.0,178.0
봉화군 - 계 - 농가수,Statistics,226.0,178.0,193.0,209.0,212.0,202.0,198.0,192.0,187.0,178.0
봉화군 - 계 - 면적,Statistics,248.0,199.0,222.0,233.1,258.32,278.14,277.25,314.9,316.34,332.38
봉화군 - 계 - 출하량,Statistics,1984.0,754.0,1219.2,1222.8,969.32,831.77,984.25,899.08,1048.35,1232.26
봉화군 - 무농약농산물 - 건수,Statistics,135.0,160.0,161.0,178.0,184.0,175.0,166.0,157.0,151.0,142.0
봉화군 - 무농약농산물 - 농가수,Statistics,149.0,162.0,169.0,185.0,184.0,175.0,166.0,157.0,151.0,142.0
봉화군 - 무농약농산물 - 면적,Statistics,130.0,161.0,186.3,202.9,225.39,244.8,244.25,279.22,276.45,272.74
봉화군 - 무농약농산물 - 출하량,Statistics,354.0,544.0,892.3,1030.3,739.58,696.44,768.22,676.51,796.39,948.96
봉화군 - 유기농산물 - 건수,Statistics,14.0,14.0,24.0,24.0,28.0,27.0,32.0,35.0,36.0,36.0
봉화군 - 유기농산물 - 농가수,Statistics,19.0,16.0,24.0,24.0,28.0,27.0,32.0,35.0,36.0,36.0
봉화군 - 유기농산물 - 면적,Statistics,44.0,38.0,35.7,30.2,32.93,33.34,33.0,35.68,39.89,59.63
봉화군 - 유기농산물 - 출하량,Statistics,303.0,210.0,326.9,192.5,229.74,135.33,216.03,222.57,251.96,283.3
봉화군 - 저농약농산물 - 건수,Statistics,8.0,,,,,,,,,
봉화군 - 저농약농산물 - 농가수,Statistics,58.0,,,,,,,,,
봉화군 - 저농약농산물 - 면적,Statistics,74.0,,,,,,,,,
봉화군 - 저농약농산물 - 출하량,Statistics,1327.0,,,,,,,,,
부산광역시 소계 - 계 - 건수,Statistics,72.0,59.0,59.0,44.0,46.0,49.0,54.0,52.0,53.0,62.0
부산광역시 소계 - 계 - 농가수,Statistics,138.0,98.0,100.0,82.0,79.0,86.0,84.0,69.0,68.0,82.0
부산광역시 소계 - 계 - 면적,Statistics,97.0,56.0,61.7,52.0,45.34,52.41,51.3,40.26,41.09,41.43
부산광역시 소계 - 계 - 출하량,Statistics,1443.0,622.0,2069.5,1185.7,1067.97,707.37,1038.57,1037.32,808.24,947.0
부산광역시 소계 - 무농약농산물 - 건수,Statistics,64.0,58.0,58.0,43.0,44.0,46.0,49.0,47.0,49.0,57.0
부산광역시 소계 - 무농약농산물 - 농가수,Statistics,102.0,97.0,99.0,81.0,77.0,83.0,79.0,64.0,64.0,77.0
부산광역시 소계 - 무농약농산물 - 면적,Statistics,67.0,55.0,61.1,51.4,44.76,51.83,50.1,39.08,40.14,40.39
부산광역시 소계 - 무농약농산물 - 출하량,Statistics,1311.0,622.0,2039.9,1149.7,1063.67,689.97,1019.88,1013.77,786.04,923.23
부산광역시 소계 - 유기농산물 - 건수,Statistics,1.0,1.0,1.0,1.0,2.0,3.0,5.0,5.0,4.0,5.0
부산광역시 소계 - 유기농산물 - 농가수,Statistics,1.0,1.0,1.0,1.0,2.0,3.0,5.0,5.0,4.0,5.0
부산광역시 소계 - 유기농산물 - 면적,Statistics,2.0,1.0,0.6,0.6,0.58,0.58,1.21,1.17,0.95,1.03
부산광역시 소계 - 유기농산물 - 출하량,Statistics,132.0,,29.6,36.0,4.3,17.4,18.69,23.55,22.2,23.77
부산광역시 소계 - 저농약농산물 - 건수,Statistics,7.0,,,,,,,,,
부산광역시 소계 - 저농약농산물 - 농가수,Statistics,35.0,,,,,,,,,
부산광역시 소계 - 저농약농산물 - 면적,Statistics,28.0,,,,,,,,,
부산진구 - 계 - 건수,Statistics,,1.0,,1.0,,1.0,,1.0,1.0,0.0
부산진구 - 계 - 농가수,Statistics,,1.0,,1.0,,1.0,,1.0,1.0,0.0
부산진구 - 계 - 면적,Statistics,,,,,,,,0.01,0.01,0.0
부산진구 - 계 - 출하량,Statistics,,,,0.6,,0.01,,,,0.0
부산진구 - 무농약농산물 - 건수,Statistics,,1.0,,1.0,,1.0,,1.0,1.0,0.0
부산진구 - 무농약농산물 - 농가수,Statistics,,1.0,,1.0,,1.0,,1.0,1.0,0.0
부산진구 - 무농약농산물 - 면적,Statistics,,,,,,,,0.01,0.01,0.0
부산진구 - 무농약농산물 - 출하량,Statistics,,,,0.6,,0.01,,,,0.0
부산진구 - 유기농산물 - 건수,Statistics,,,,,,,,,,0.0
부산진구 - 유기농산물 - 농가수,Statistics,,,,,,,,,,0.0
부산진구 - 유기농산물 - 면적,Statistics,,,,,,,,,,0.0
부산진구 - 유기농산물 - 출하량,Statistics,,,,,,,,,,0.0
부안군 - 계 - 건수,Statistics,55.0,60.0,59.0,63.0,66.0,83.0,64.0,61.0,55.0,57.0
부안군 - 계 - 농가수,Statistics,145.0,157.0,155.0,151.0,150.0,155.0,153.0,136.0,135.0,132.0
부안군 - 계 - 면적,Statistics,415.0,315.0,296.0,286.2,284.33,285.97,285.02,258.95,248.2,243.05
부안군 - 계 - 출하량,Statistics,1389.0,1958.0,2367.7,1776.5,2684.76,2528.95,2390.24,2124.21,1923.62,1752.44
부안군 - 무농약농산물 - 건수,Statistics,37.0,40.0,33.0,35.0,34.0,39.0,30.0,28.0,22.0,22.0
부안군 - 무농약농산물 - 농가수,Statistics,76.0,77.0,83.0,85.0,79.0,76.0,73.0,62.0,60.0,58.0
부안군 - 무농약농산물 - 면적,Statistics,153.0,149.0,130.0,113.8,100.01,87.04,80.27,66.71,69.93,74.24
부안군 - 무농약농산물 - 출하량,Statistics,773.0,594.0,1023.2,684.3,855.8,712.58,631.79,582.88,533.57,463.46
부안군 - 유기농산물 - 건수,Statistics,18.0,20.0,26.0,28.0,32.0,44.0,34.0,33.0,33.0,35.0
부안군 - 유기농산물 - 농가수,Statistics,69.0,80.0,72.0,66.0,71.0,79.0,80.0,74.0,75.0,74.0
부안군 - 유기농산물 - 면적,Statistics,262.0,166.0,166.0,172.4,184.32,198.94,204.75,192.24,178.27,168.81
부안군 - 유기농산물 - 출하량,Statistics,616.0,1364.0,1344.5,1092.2,1828.96,1816.37,1758.45,1541.33,1390.05,1288.98
부여군 - 계 - 건수,Statistics,175.0,187.0,192.0,204.0,257.0,351.0,332.0,332.0,367.0,382.0
부여군 - 계 - 농가수,Statistics,634.0,625.0,534.0,425.0,418.0,489.0,463.0,455.0,462.0,462.0
부여군 - 계 - 면적,Statistics,954.0,969.0,832.5,641.6,617.5,699.61,716.39,684.23,720.95,733.44
부여군 - 계 - 출하량,Statistics,4382.0,9505.0,5082.4,4357.2,5341.56,4951.7,5441.87,4914.82,5362.78,4704.85
부여군 - 무농약농산물 - 건수,Statistics,129.0,152.0,159.0,153.0,190.0,267.0,238.0,238.0,253.0,253.0
부여군 - 무농약농산물 - 농가수,Statistics,454.0,509.0,375.0,241.0,229.0,296.0,272.0,274.0,277.0,270.0
부여군 - 무농약농산물 - 면적,Statistics,689.0,804.0,564.9,345.2,258.34,310.64,334.98,317.83,329.32,344.32
부여군 - 무농약농산물 - 출하량,Statistics,3004.0,4805.0,3412.2,2858.1,3883.61,3498.96,3650.14,3519.0,3886.53,3350.8
부여군 - 유기농산물 - 건수,Statistics,34.0,35.0,33.0,51.0,67.0,84.0,94.0,94.0,114.0,129.0
부여군 - 유기농산물 - 농가수,Statistics,114.0,116.0,159.0,184.0,189.0,193.0,191.0,181.0,185.0,192.0
부여군 - 유기농산물 - 면적,Statistics,206.0,165.0,267.6,296.4,359.17,388.97,381.41,366.4,391.63,389.11
부여군 - 유기농산물 - 출하량,Statistics,737.0,4700.0,1670.2,1499.1,1457.95,1452.74,1791.73,1395.82,1476.25,1354.04
부여군 - 저농약농산물 - 건수,Statistics,12.0,,,,,,,,,
부여군 - 저농약농산물 - 농가수,Statistics,66.0,,,,,,,,,
부여군 - 저농약농산물 - 면적,Statistics,59.0,,,,,,,,,
부여군 - 저농약농산물 - 출하량,Statistics,641.0,,,,,,,,,
부평구 - 계 - 건수,Statistics,2.0,4.0,2.0,2.0,3.0,3.0,2.0,1.0,2.0,3.0
부평구 - 계 - 농가수,Statistics,2.0,4.0,2.0,2.0,3.0,3.0,2.0,1.0,2.0,3.0
부평구 - 계 - 면적,Statistics,,,,,,,,,,0.0
부평구 - 계 - 출하량,Statistics,19.0,180.0,,106.9,80.54,60.97,41.45,15.1,20.9,27.25
부평구 - 무농약농산물 - 건수,Statistics,,2.0,,,2.0,2.0,1.0,1.0,2.0,2.0
부평구 - 무농약농산물 - 농가수,Statistics,,2.0,,,2.0,2.0,1.0,1.0,2.0,2.0
부평구 - 무농약농산물 - 면적,Statistics,,,,,,,,,,0.0
부평구 - 무농약농산물 - 출하량,Statistics,,144.0,,,38.68,22.53,24.0,15.1,20.9,26.2
부평구 - 유기농산물 - 건수,Statistics,2.0,2.0,2.0,2.0,1.0,1.0,1.0,,,1.0
부평구 - 유기농산물 - 농가수,Statistics,2.0,2.0,2.0,2.0,1.0,1.0,1.0,,,1.0
부평구 - 유기농산물 - 면적,Statistics,,,,,,,,,,0.0
부평구 - 유기농산물 - 출하량,Statistics,19.0,36.0,,106.9,41.86,38.44,17.45,,,1.05
북구 - 계 - 건수,Statistics,9.0,8.0,1.0,6.0,5.0,5.0,5.0,3.0,1.0,1.0
북구 - 계 - 농가수,Statistics,9.0,8.0,1.0,6.0,5.0,5.0,5.0,3.0,1.0,1.0
북구 - 계 - 면적,Statistics,3.0,3.0,2.3,1.6,1.41,1.76,1.76,1.76,1.76,2.16
북구 - 계 - 출하량,Statistics,108.0,135.0,127.7,177.6,152.35,150.81,118.94,165.85,0.01,4.0
북구 - 무농약농산물 - 건수,Statistics,7.0,5.0,1.0,3.0,2.0,2.0,2.0,36.0,1.0,1.0
북구 - 무농약농산물 - 농가수,Statistics,7.0,5.0,1.0,3.0,2.0,2.0,2.0,86.0,1.0,1.0
북구 - 무농약농산물 - 면적,Statistics,2.0,2.0,1.0,1.0,0.81,1.76,1.76,1.76,1.76,2.16
북구 - 무농약농산물 - 출하량,Statistics,2.0,3.0,1.2,11.0,7.5,7.98,24.5,294.03,0.01,4.0
북구 - 유기농산물 - 건수,Statistics,2.0,3.0,3.0,3.0,3.0,3.0,3.0,3.0,3.0,0.0
북구 - 유기농산물 - 농가수,Statistics,2.0,3.0,3.0,3.0,3.0,3.0,3.0,3.0,3.0,0.0
북구 - 유기농산물 - 면적,Statistics,1.0,1.0,1.3,0.6,0.61,0.61,0.17,0.17,0.17,0.0
북구 - 유기농산물 - 출하량,Statistics,106.0,132.0,126.5,166.6,144.84,142.82,94.44,165.85,158.0,0.0
북구 - 저농약농산물 - 건수,Statistics,1.0,,,,,,,,,
북구 - 저농약농산물 - 농가수,Statistics,1.0,,,,,,,,,
북구 - 저농약농산물 - 면적,Statistics,1.0,,,,,,,,,
북구 - 저농약농산물 - 출하량,Statistics,70.0,,,,,,,,,
사상구 - 계 - 건수,Statistics,1.0,1.0,,,,,1.0,1.0,1.0,2.0
사상구 - 계 - 농가수,Statistics,1.0,1.0,,,,,1.0,1.0,1.0,2.0
사상구 - 계 - 면적,Statistics,,,,,,,,,,0.0
사상구 - 계 - 출하량,Statistics,,,,,,,0.49,0.15,,3.38
사상구 - 무농약농산물 - 건수,Statistics,1.0,1.0,,,,,,,,1.0
사상구 - 무농약농산물 - 농가수,Statistics,1.0,1.0,,,,,,,,1.0
사상구 - 무농약농산물 - 면적,Statistics,,,,,,,,,,0.0
사상구 - 무농약농산물 - 출하량,Statistics,,,,,,,,,,3.38
사상구 - 유기농산물 - 건수,Statistics,,,,,,,1.0,1.0,1.0,1.0
사상구 - 유기농산물 - 농가수,Statistics,,,,,,,1.0,1.0,1.0,1.0
사상구 - 유기농산물 - 면적,Statistics,,,,,,,,,,0.0
사상구 - 유기농산물 - 출하량,Statistics,,,,,,,0.49,0.15,,0.0
사천시 - 계 - 건수,Statistics,63.0,46.0,48.0,40.0,43.0,45.0,52.0,55.0,39.0,40.0
사천시 - 계 - 농가수,Statistics,217.0,163.0,143.0,120.0,102.0,110.0,108.0,103.0,74.0,73.0
사천시 - 계 - 면적,Statistics,170.0,134.0,142.7,94.2,97.75,114.49,97.92,92.41,66.95,60.55
사천시 - 계 - 출하량,Statistics,3022.0,1027.0,1224.6,931.5,653.61,912.73,922.45,1365.89,829.56,1141.59
사천시 - 무농약농산물 - 건수,Statistics,28.0,29.0,34.0,27.0,30.0,32.0,37.0,41.0,25.0,27.0
사천시 - 무농약농산물 - 농가수,Statistics,120.0,99.0,104.0,83.0,61.0,72.0,69.0,67.0,40.0,43.0
사천시 - 무농약농산물 - 면적,Statistics,100.0,102.0,121.0,72.5,65.58,85.41,67.76,65.29,36.13,33.01
사천시 - 무농약농산물 - 출하량,Statistics,1011.0,842.0,1106.0,860.7,551.04,765.96,763.99,1211.83,681.81,1021.75
사천시 - 유기농산물 - 건수,Statistics,17.0,17.0,14.0,13.0,13.0,13.0,15.0,14.0,14.0,13.0
사천시 - 유기농산물 - 농가수,Statistics,67.0,64.0,39.0,37.0,41.0,38.0,39.0,36.0,34.0,30.0
사천시 - 유기농산물 - 면적,Statistics,36.0,32.0,21.7,21.7,32.17,29.08,30.16,27.12,30.82,27.54
사천시 - 유기농산물 - 출하량,Statistics,215.0,185.0,118.6,70.8,102.57,146.77,158.46,154.06,147.74,119.84
사천시 - 저농약농산물 - 건수,Statistics,18.0,,,,,,,,,
사천시 - 저농약농산물 - 농가수,Statistics,30.0,,,,,,,,,
사천시 - 저농약농산물 - 면적,Statistics,34.0,,,,,,,,,
사천시 - 저농약농산물 - 출하량,Statistics,1796.0,,,,,,,,,
사하구 - 계 - 건수,Statistics,1.0,3.0,2.0,1.0,1.0,1.0,1.0,3.0,3.0,4.0
사하구 - 계 - 농가수,Statistics,1.0,3.0,2.0,1.0,1.0,1.0,1.0,3.0,3.0,4.0
사하구 - 계 - 면적,Statistics,,,,,,,,0.01,0.01,0.01
사하구 - 계 - 출하량,Statistics,44.0,42.0,4.6,0.5,4.3,2.1,2.2,27.88,20.21,26.71
사하구 - 무농약농산물 - 건수,Statistics,1.0,3.0,2.0,1.0,,,,2.0,2.0,3.0
사하구 - 무농약농산물 - 농가수,Statistics,1.0,3.0,2.0,1.0,,,,2.0,2.0,3.0
사하구 - 무농약농산물 - 면적,Statistics,,,,,,,,0.01,0.01,0.01
사하구 - 무농약농산물 - 출하량,Statistics,44.0,42.0,4.6,0.5,,,,25.78,18.01,25.74
사하구 - 유기농산물 - 건수,Statistics,,,,,1.0,1.0,1.0,1.0,1.0,1.0
사하구 - 유기농산물 - 농가수,Statistics,,,,,1.0,1.0,1.0,1.0,1.0,1.0
사하구 - 유기농산물 - 면적,Statistics,,,,,,,,,,0.0
사하구 - 유기농산물 - 출하량,Statistics,,,,,4.3,2.1,2.2,2.1,2.2,0.97
산청군 - 계 - 건수,Statistics,117.0,99.0,103.0,108.0,113.0,123.0,137.0,130.0,126.0,126.0
산청군 - 계 - 농가수,Statistics,903.0,717.0,654.0,550.0,610.0,630.0,652.0,585.0,521.0,497.0
산청군 - 계 - 면적,Statistics,1011.0,825.0,744.0,677.2,767.46,754.19,755.67,723.81,702.5,676.07
산청군 - 계 - 출하량,Statistics,5076.0,5414.0,3807.6,2755.8,4531.67,4349.76,4603.68,3108.78,3165.42,3458.71
산청군 - 무농약농산물 - 건수,Statistics,66.0,68.0,74.0,80.0,81.0,87.0,100.0,92.0,93.0,89.0
산청군 - 무농약농산물 - 농가수,Statistics,394.0,396.0,349.0,248.0,329.0,329.0,361.0,312.0,274.0,247.0
산청군 - 무농약농산물 - 면적,Statistics,343.0,361.0,305.2,252.3,338.34,331.46,346.41,316.89,312.96,269.95
산청군 - 무농약농산물 - 출하량,Statistics,1342.0,3434.0,1144.8,1613.2,2131.79,2217.75,2305.18,1726.36,1479.38,1674.41
산청군 - 유기농산물 - 건수,Statistics,27.0,31.0,29.0,28.0,32.0,36.0,37.0,38.0,33.0,37.0
산청군 - 유기농산물 - 농가수,Statistics,335.0,321.0,305.0,302.0,281.0,301.0,291.0,273.0,247.0,250.0
산청군 - 유기농산물 - 면적,Statistics,491.0,464.0,438.8,424.9,429.12,422.72,409.25,406.92,389.55,406.12
산청군 - 유기농산물 - 출하량,Statistics,1673.0,1980.0,2662.8,1142.6,2399.88,2132.01,2298.5,1382.42,1686.04,1784.3
산청군 - 저농약농산물 - 건수,Statistics,24.0,,,,,,,,,
산청군 - 저농약농산물 - 농가수,Statistics,174.0,,,,,,,,,
산청군 - 저농약농산물 - 면적,Statistics,177.0,,,,,,,,,
산청군 - 저농약농산물 - 출하량,Statistics,2061.0,,,,,,,,,
삼척시 - 계 - 건수,Statistics,183.0,172.0,167.0,159.0,174.0,190.0,194.0,189.0,174.0,162.0
삼척시 - 계 - 농가수,Statistics,291.0,251.0,247.0,235.0,238.0,263.0,268.0,258.0,236.0,215.0
삼척시 - 계 - 면적,Statistics,351.0,350.0,358.2,342.9,354.89,386.6,392.13,396.98,377.24,364.11
삼척시 - 계 - 출하량,Statistics,1002.0,724.0,396.1,342.4,315.14,309.06,339.47,299.25,330.3,270.75
삼척시 - 무농약농산물 - 건수,Statistics,149.0,142.0,138.0,118.0,120.0,130.0,126.0,117.0,104.0,96.0
삼척시 - 무농약농산물 - 농가수,Statistics,226.0,198.0,192.0,167.0,158.0,176.0,175.0,162.0,142.0,127.0
삼척시 - 무농약농산물 - 면적,Statistics,257.0,293.0,300.1,272.2,263.05,294.0,280.26,277.43,250.26,241.13
삼척시 - 무농약농산물 - 출하량,Statistics,667.0,385.0,280.8,167.2,129.51,170.98,184.24,160.06,137.75,158.58
삼척시 - 유기농산물 - 건수,Statistics,26.0,30.0,29.0,41.0,54.0,60.0,68.0,72.0,70.0,66.0
삼척시 - 유기농산물 - 농가수,Statistics,48.0,53.0,55.0,68.0,80.0,87.0,93.0,96.0,94.0,88.0
삼척시 - 유기농산물 - 면적,Statistics,82.0,57.0,58.1,70.7,91.84,92.6,111.87,119.55,126.98,122.98
삼척시 - 유기농산물 - 출하량,Statistics,260.0,339.0,115.3,175.2,185.63,138.08,155.23,139.19,192.55,112.18
삼척시 - 저농약농산물 - 건수,Statistics,8.0,,,,,,,,,
삼척시 - 저농약농산물 - 농가수,Statistics,17.0,,,,,,,,,
삼척시 - 저농약농산물 - 면적,Statistics,12.0,,,,,,,,,
삼척시 - 저농약농산물 - 출하량,Statistics,75.0,,,,,,,,,
상주시 - 계 - 건수,Statistics,388.0,405.0,431.0,401.0,393.0,407.0,371.0,326.0,340.0,315.0
상주시 - 계 - 농가수,Statistics,925.0,745.0,750.0,626.0,608.0,594.0,516.0,437.0,429.0,391.0
상주시 - 계 - 면적,Statistics,983.0,825.0,830.1,732.7,712.99,733.87,639.3,549.89,528.98,500.5
상주시 - 계 - 출하량,Statistics,6434.0,6169.0,6557.5,5306.6,5712.83,5430.8,5530.66,5445.77,5531.57,6138.57
상주시 - 무농약농산물 - 건수,Statistics,294.0,327.0,359.0,323.0,317.0,331.0,287.0,244.0,250.0,223.0
상주시 - 무농약농산물 - 농가수,Statistics,587.0,603.0,612.0,496.0,487.0,474.0,389.0,323.0,300.0,272.0
상주시 - 무농약농산물 - 면적,Statistics,573.0,592.0,613.5,534.7,514.33,529.16,438.15,355.53,337.19,329.43
상주시 - 무농약농산물 - 출하량,Statistics,3804.0,5023.0,5643.9,4280.1,4586.62,4341.31,4402.19,4500.25,4642.55,5343.99
상주시 - 유기농산물 - 건수,Statistics,73.0,78.0,72.0,78.0,76.0,76.0,84.0,82.0,90.0,92.0
상주시 - 유기농산물 - 농가수,Statistics,144.0,142.0,138.0,130.0,121.0,120.0,127.0,114.0,129.0,119.0
상주시 - 유기농산물 - 면적,Statistics,242.0,233.0,216.6,198.0,198.66,204.71,201.15,194.36,191.79,171.08
상주시 - 유기농산물 - 출하량,Statistics,975.0,1146.0,913.6,1026.5,1126.21,1089.49,1128.47,945.52,889.02,794.58
상주시 - 저농약농산물 - 건수,Statistics,21.0,,,,,,,,,
상주시 - 저농약농산물 - 농가수,Statistics,194.0,,,,,,,,,
상주시 - 저농약농산물 - 면적,Statistics,168.0,,,,,,,,,
상주시 - 저농약농산물 - 출하량,Statistics,1655.0,,,,,,,,,
서구 - 계 - 건수,Statistics,2.0,2.0,2.0,2.0,1.0,1.0,2.0,2.0,2.0,0.0
서구 - 계 - 농가수,Statistics,2.0,2.0,2.0,2.0,1.0,1.0,2.0,2.0,2.0,0.0
서구 - 계 - 면적,Statistics,1.0,1.0,0.7,0.5,0.5,0.5,1.18,0.41,0.69,0.0
서구 - 계 - 출하량,Statistics,3.0,1.0,1.8,1.5,0.52,1.4,46.23,50.73,1.07,0.0
서구 - 무농약농산물 - 건수,Statistics,2.0,2.0,2.0,2.0,1.0,1.0,2.0,2.0,2.0,0.0
서구 - 무농약농산물 - 농가수,Statistics,2.0,2.0,2.0,2.0,1.0,1.0,2.0,2.0,2.0,0.0
서구 - 무농약농산물 - 면적,Statistics,1.0,1.0,0.3,0.1,0.12,0.12,1.18,0.41,0.69,0.0
서구 - 무농약농산물 - 출하량,Statistics,3.0,1.0,1.8,1.5,0.52,1.4,46.23,50.73,1.07,0.0
서구 - 유기농산물 - 건수,Statistics,1.0,1.0,1.0,1.0,1.0,1.0,3.0,3.0,4.0,0.0
서구 - 유기농산물 - 농가수,Statistics,1.0,1.0,1.0,1.0,1.0,1.0,3.0,3.0,4.0,0.0
서구 - 유기농산물 - 면적,Statistics,1.0,,0.4,0.4,0.38,0.38,0.5,,,0.0
서구 - 유기농산물 - 출하량,Statistics,5.0,5.0,5.5,2.9,3.03,2.67,2.1,1.08,0.4,0.0
서구 - 저농약농산물 - 건수,Statistics,2.0,,,,,,,,,
서구 - 저농약농산물 - 농가수,Statistics,2.0,,,,,,,,,
서구 - 저농약농산물 - 면적,Statistics,2.0,,,,,,,,,
서귀포시 - 계 - 건수,Statistics,409.0,403.0,397.0,384.0,438.0,455.0,459.0,437.0,428.0,396.0
서귀포시 - 계 - 농가수,Statistics,445.0,444.0,428.0,414.0,466.0,480.0,484.0,437.0,428.0,396.0
서귀포시 - 계 - 면적,Statistics,1432.0,1277.0,1208.3,1172.8,1199.77,1183.84,1186.61,1301.01,1336.21,1321.39
서귀포시 - 계 - 출하량,Statistics,6397.0,9625.0,16117.0,4502.6,17786.37,9280.01,17261.41,13780.3,16047.0,13622.24
서귀포시 - 무농약농산물 - 건수,Statistics,319.0,325.0,307.0,284.0,318.0,312.0,305.0,277.0,261.0,223.0
서귀포시 - 무농약농산물 - 농가수,Statistics,328.0,332.0,313.0,289.0,318.0,312.0,305.0,277.0,261.0,223.0
서귀포시 - 무농약농산물 - 면적,Statistics,563.0,458.0,430.0,384.7,394.31,386.69,398.95,545.76,567.29,545.77
서귀포시 - 무농약농산물 - 출하량,Statistics,4174.0,7672.0,9706.6,3410.9,9874.96,3265.31,9468.23,7397.88,7994.17,5987.15
서귀포시 - 유기농산물 - 건수,Statistics,66.0,78.0,90.0,100.0,120.0,143.0,154.0,160.0,167.0,173.0
서귀포시 - 유기농산물 - 농가수,Statistics,90.0,112.0,115.0,125.0,148.0,168.0,179.0,160.0,167.0,173.0
서귀포시 - 유기농산물 - 면적,Statistics,842.0,819.0,778.3,788.1,805.46,797.15,787.66,755.25,768.92,775.62
서귀포시 - 유기농산물 - 출하량,Statistics,1685.0,1953.0,6410.4,1091.7,7911.42,6014.69,7793.18,6382.43,8052.83,7635.09
서귀포시 - 저농약농산물 - 건수,Statistics,24.0,,,,,,,,,
서귀포시 - 저농약농산물 - 농가수,Statistics,27.0,,,,,,,,,
서귀포시 - 저농약농산물 - 면적,Statistics,27.0,,,,,,,,,
서귀포시 - 저농약농산물 - 출하량,Statistics,538.0,,,,,,,,,
서대문구 - 계 - 건수,Statistics,,,1.0,1.0,,,,1.0,1.0,1.0
서대문구 - 계 - 농가수,Statistics,,,1.0,1.0,,,,1.0,1.0,1.0
서대문구 - 계 - 면적,Statistics,,,,,,,,,,0.0
서대문구 - 계 - 출하량,Statistics,,,0.4,,,,,,,0.0
서대문구 - 무농약농산물 - 건수,Statistics,,,1.0,1.0,,,,1.0,1.0,1.0
서대문구 - 무농약농산물 - 농가수,Statistics,,,1.0,1.0,,,,1.0,1.0,1.0
서대문구 - 무농약농산물 - 면적,Statistics,,,,,,,,,,0.0
서대문구 - 무농약농산물 - 출하량,Statistics,,,0.4,,,,,,,0.0
서대문구 - 유기농산물 - 건수,Statistics,,,,,,,,,,0.0
서대문구 - 유기농산물 - 농가수,Statistics,,,,,,,,,,0.0
서대문구 - 유기농산물 - 면적,Statistics,,,,,,,,,,0.0
서대문구 - 유기농산물 - 출하량,Statistics,,,,,,,,,,0.0
서산시 - 계 - 건수,Statistics,79.0,84.0,84.0,72.0,89.0,102.0,103.0,101.0,103.0,97.0
서산시 - 계 - 농가수,Statistics,127.0,125.0,126.0,100.0,123.0,106.0,128.0,130.0,133.0,128.0
서산시 - 계 - 면적,Statistics,210.0,188.0,142.4,148.9,168.99,169.85,180.43,175.34,185.01,187.21
서산시 - 계 - 출하량,Statistics,993.0,814.0,1174.4,727.4,893.79,1992.49,1120.73,968.34,1098.17,1111.3
서산시 - 무농약농산물 - 건수,Statistics,63.0,69.0,67.0,58.0,73.0,86.0,86.0,85.0,78.0,73.0
서산시 - 무농약농산물 - 농가수,Statistics,111.0,110.0,84.0,68.0,87.0,90.0,86.0,89.0,85.0,79.0
서산시 - 무농약농산물 - 면적,Statistics,124.0,112.0,73.7,61.2,82.61,97.04,94.11,94.36,85.4,87.95
서산시 - 무농약농산물 - 출하량,Statistics,827.0,672.0,770.3,555.4,754.64,1690.88,856.34,651.41,752.04,774.16
서산시 - 유기농산물 - 건수,Statistics,12.0,15.0,17.0,14.0,16.0,16.0,17.0,16.0,25.0,24.0
서산시 - 유기농산물 - 농가수,Statistics,12.0,15.0,42.0,32.0,36.0,16.0,42.0,41.0,48.0,49.0
서산시 - 유기농산물 - 면적,Statistics,76.0,76.0,68.7,87.7,86.38,72.81,86.31,80.98,99.62,99.25
서산시 - 유기농산물 - 출하량,Statistics,166.0,142.0,404.1,172.0,139.15,301.61,264.39,316.93,346.12,337.14
서산시 - 저농약농산물 - 건수,Statistics,4.0,,,,,,,,,
서산시 - 저농약농산물 - 농가수,Statistics,4.0,,,,,,,,,
서산시 - 저농약농산물 - 면적,Statistics,10.0,,,,,,,,,
서울특별시 소계 - 계 - 건수,Statistics,69.0,67.0,67.0,65.0,76.0,76.0,62.0,72.0,60.0,68.0
서울특별시 소계 - 계 - 농가수,Statistics,69.0,67.0,67.0,65.0,76.0,76.0,62.0,72.0,60.0,68.0
서울특별시 소계 - 계 - 면적,Statistics,15.0,12.0,14.7,20.8,24.92,21.94,19.82,18.77,16.42,14.91
서울특별시 소계 - 계 - 출하량,Statistics,1048.0,1050.0,480.1,451.0,607.92,445.79,352.57,380.38,352.94,311.9
서울특별시 소계 - 무농약농산물 - 건수,Statistics,62.0,63.0,63.0,59.0,69.0,67.0,55.0,63.0,53.0,55.0
서울특별시 소계 - 무농약농산물 - 농가수,Statistics,62.0,63.0,63.0,59.0,69.0,67.0,55.0,63.0,53.0,55.0
서울특별시 소계 - 무농약농산물 - 면적,Statistics,13.0,12.0,14.7,20.8,24.92,21.94,19.82,18.77,16.42,14.77
서울특별시 소계 - 무농약농산물 - 출하량,Statistics,986.0,1043.0,467.2,423.0,526.99,432.67,349.46,375.38,349.89,300.2
서울특별시 소계 - 유기농산물 - 건수,Statistics,6.0,4.0,4.0,6.0,7.0,9.0,7.0,9.0,7.0,13.0
서울특별시 소계 - 유기농산물 - 농가수,Statistics,6.0,4.0,4.0,6.0,7.0,9.0,7.0,9.0,7.0,13.0
서울특별시 소계 - 유기농산물 - 면적,Statistics,1.0,,,,,,,,,0.14
서울특별시 소계 - 유기농산물 - 출하량,Statistics,22.0,7.0,12.9,28.0,80.93,13.12,3.11,5.0,3.05,11.7
서울특별시 소계 - 저농약농산물 - 건수,Statistics,1.0,,,,,,,,,
서울특별시 소계 - 저농약농산물 - 농가수,Statistics,1.0,,,,,,,,,
서울특별시 소계 - 저농약농산물 - 면적,Statistics,1.0,,,,,,,,,
서울특별시 소계 - 저농약농산물 - 출하량,Statistics,40.0,,,,,,,,,
서천군 - 계 - 건수,Statistics,48.0,63.0,61.0,68.0,77.0,76.0,65.0,53.0,59.0,50.0
서천군 - 계 - 농가수,Statistics,548.0,554.0,529.0,581.0,543.0,504.0,498.0,474.0,460.0,382.0
서천군 - 계 - 면적,Statistics,631.0,614.0,569.4,664.2,612.39,566.17,523.39,514.95,496.93,428.97
서천군 - 계 - 출하량,Statistics,3420.0,3378.0,3077.5,2426.5,3217.34,2245.54,2940.09,1870.71,2090.47,1789.17
서천군 - 무농약농산물 - 건수,Statistics,45.0,58.0,57.0,63.0,72.0,68.0,55.0,41.0,46.0,38.0
서천군 - 무농약농산물 - 농가수,Statistics,545.0,499.0,452.0,503.0,492.0,454.0,433.0,399.0,393.0,336.0
서천군 - 무농약농산물 - 면적,Statistics,627.0,482.0,436.0,528.0,499.39,454.66,390.89,364.8,356.29,310.92
서천군 - 무농약농산물 - 출하량,Statistics,3379.0,3160.0,2695.6,2306.2,2900.53,2085.21,2546.19,1570.27,1793.63,1534.12
서천군 - 유기농산물 - 건수,Statistics,2.0,5.0,4.0,5.0,5.0,8.0,10.0,12.0,13.0,12.0
서천군 - 유기농산물 - 농가수,Statistics,2.0,55.0,77.0,78.0,51.0,50.0,65.0,75.0,67.0,46.0
서천군 - 유기농산물 - 면적,Statistics,1.0,132.0,133.4,136.2,113.0,111.51,132.5,150.14,140.64,118.04
서천군 - 유기농산물 - 출하량,Statistics,6.0,218.0,381.9,120.3,316.81,160.33,393.9,300.43,296.84,255.05
서천군 - 저농약농산물 - 건수,Statistics,1.0,,,,,,,,,
서천군 - 저농약농산물 - 농가수,Statistics,1.0,,,,,,,,,
서천군 - 저농약농산물 - 면적,Statistics,3.0,,,,,,,,,
서천군 - 저농약농산물 - 출하량,Statistics,35.0,,,,,,,,,
서초구 - 계 - 건수,Statistics,3.0,3.0,2.0,2.0,3.0,3.0,3.0,6.0,2.0,5.0
서초구 - 계 - 농가수,Statistics,3.0,3.0,2.0,2.0,3.0,3.0,3.0,6.0,2.0,5.0
서초구 - 계 - 면적,Statistics,,,0.3,0.3,0.18,0.18,0.33,0.35,0.02,0.19
서초구 - 계 - 출하량,Statistics,6.0,7.0,8.5,8.0,13.8,5.98,0.95,5.21,5.7,12.74
서초구 - 무농약농산물 - 건수,Statistics,2.0,2.0,1.0,1.0,2.0,2.0,2.0,5.0,2.0,4.0
서초구 - 무농약농산물 - 농가수,Statistics,2.0,2.0,1.0,1.0,2.0,2.0,2.0,5.0,2.0,4.0
서초구 - 무농약농산물 - 면적,Statistics,,,0.3,0.3,0.18,0.18,0.33,0.35,0.02,0.19
서초구 - 무농약농산물 - 출하량,Statistics,2.0,5.0,3.5,3.4,8.8,0.98,0.95,5.21,5.7,12.53
서초구 - 유기농산물 - 건수,Statistics,1.0,1.0,1.0,1.0,1.0,1.0,1.0,1.0,,1.0
서초구 - 유기농산물 - 농가수,Statistics,1.0,1.0,1.0,1.0,1.0,1.0,1.0,1.0,,1.0
서초구 - 유기농산물 - 면적,Statistics,,,,,,,,,,0.0
서초구 - 유기농산물 - 출하량,Statistics,4.0,2.0,5.0,4.6,5.0,5.0,,,,0.22
성동구 - 계 - 건수,Statistics,1.0,,,,1.0,1.0,,,,0.0
성동구 - 계 - 농가수,Statistics,1.0,,,,1.0,1.0,,,,0.0
성동구 - 계 - 면적,Statistics,,,,,0.01,,,,,0.0
성동구 - 계 - 출하량,Statistics,6.0,,,,1.44,1.7,,,,0.0
성동구 - 무농약농산물 - 건수,Statistics,1.0,,,,1.0,1.0,,,,0.0
성동구 - 무농약농산물 - 농가수,Statistics,1.0,,,,1.0,1.0,,,,0.0
성동구 - 무농약농산물 - 면적,Statistics,,,,,0.01,,,,,0.0
성동구 - 무농약농산물 - 출하량,Statistics,6.0,,,,1.44,1.7,,,,0.0
성동구 - 유기농산물 - 건수,Statistics,,,,,,,,,,0.0
성동구 - 유기농산물 - 농가수,Statistics,,,,,,,,,,0.0
성동구 - 유기농산물 - 면적,Statistics,,,,,,,,,,0.0
성동구 - 유기농산물 - 출하량,Statistics,,,,,,,,,,0.0
성북구 - 계 - 건수,Statistics,3.0,2.0,2.0,2.0,1.0,2.0,,1.0,,0.0
성북구 - 계 - 농가수,Statistics,3.0,2.0,2.0,2.0,1.0,2.0,,1.0,,0.0
성북구 - 계 - 면적,Statistics,,,,,,,,,,0.0
성북구 - 계 - 출하량,Statistics,4.0,4.0,2.5,2.0,2.0,2.7,,0.26,,0.0
성북구 - 무농약농산물 - 건수,Statistics,2.0,1.0,1.0,1.0,,1.0,,1.0,,0.0
성북구 - 무농약농산물 - 농가수,Statistics,2.0,1.0,1.0,1.0,,1.0,,1.0,,0.0
성북구 - 무농약농산물 - 면적,Statistics,,,,,,,,,,0.0
성북구 - 무농약농산물 - 출하량,Statistics,2.0,2.0,,0.5,,0.2,,0.26,,0.0
성북구 - 유기농산물 - 건수,Statistics,1.0,1.0,1.0,1.0,1.0,1.0,,,,0.0
성북구 - 유기농산물 - 농가수,Statistics,1.0,1.0,1.0,1.0,1.0,1.0,,,,0.0
성북구 - 유기농산물 - 면적,Statistics,,,,,,,,,,0.0
성북구 - 유기농산물 - 출하량,Statistics,2.0,2.0,2.5,1.5,2.0,2.5,,,,0.0
성주군 - 계 - 건수,Statistics,97.0,68.0,91.0,71.0,76.0,78.0,80.0,78.0,75.0,68.0
성주군 - 계 - 농가수,Statistics,211.0,103.0,120.0,98.0,101.0,105.0,106.0,102.0,98.0,90.0
성주군 - 계 - 면적,Statistics,171.0,64.0,73.6,54.7,58.17,64.01,62.65,54.37,55.52,51.59
성주군 - 계 - 출하량,Statistics,8655.0,3806.0,4943.8,4532.8,5341.96,4911.4,5230.44,4321.23,4041.58,4832.09
성주군 - 무농약농산물 - 건수,Statistics,59.0,60.0,81.0,62.0,66.0,67.0,67.0,61.0,58.0,51.0
성주군 - 무농약농산물 - 농가수,Statistics,90.0,83.0,98.0,77.0,80.0,82.0,82.0,74.0,70.0,63.0
성주군 - 무농약농산물 - 면적,Statistics,51.0,42.0,49.0,31.8,36.15,41.05,38.31,28.63,29.85,27.45
성주군 - 무농약농산물 - 출하량,Statistics,4945.0,3106.0,3800.9,3724.6,4246.17,4069.5,4282.64,3190.6,2992.13,3877.52
성주군 - 유기농산물 - 건수,Statistics,9.0,8.0,10.0,9.0,10.0,11.0,13.0,17.0,17.0,17.0
성주군 - 유기농산물 - 농가수,Statistics,21.0,20.0,22.0,21.0,21.0,23.0,24.0,28.0,28.0,27.0
성주군 - 유기농산물 - 면적,Statistics,22.0,22.0,24.6,22.9,22.02,22.95,24.34,25.73,25.67,24.14
성주군 - 유기농산물 - 출하량,Statistics,748.0,700.0,1142.9,808.2,1095.79,841.91,947.8,1130.63,1049.45,954.57
성주군 - 저농약농산물 - 건수,Statistics,29.0,,,,,,,,,
성주군 - 저농약농산물 - 농가수,Statistics,100.0,,,,,,,,,
성주군 - 저농약농산물 - 면적,Statistics,98.0,,,,,,,,,
성주군 - 저농약농산물 - 출하량,Statistics,2962.0,,,,,,,,,
세종특별자치시 소계 - 계 - 건수,Statistics,46.0,47.0,70.0,66.0,69.0,69.0,73.0,66.0,64.0,64.0
세종특별자치시 소계 - 계 - 농가수,Statistics,94.0,82.0,140.0,90.0,105.0,102.0,118.0,120.0,109.0,115.0
세종특별자치시 소계 - 계 - 면적,Statistics,113.0,119.0,158.0,119.3,130.41,125.33,127.98,114.09,110.99,106.09
세종특별자치시 소계 - 계 - 출하량,Statistics,736.0,864.0,388.1,660.2,867.1,474.2,782.54,636.06,607.9,688.28
세종특별자치시 소계 - 무농약농산물 - 건수,Statistics,33.0,42.0,61.0,50.0,57.0,55.0,59.0,57.0,52.0,53.0
세종특별자치시 소계 - 무농약농산물 - 농가수,Statistics,34.0,65.0,121.0,67.0,87.0,88.0,104.0,103.0,92.0,99.0
세종특별자치시 소계 - 무농약농산물 - 면적,Statistics,32.0,79.0,113.5,76.9,113.34,107.58,109.03,97.45,90.66,81.57
세종특별자치시 소계 - 무농약농산물 - 출하량,Statistics,405.0,720.0,270.4,491.1,705.84,420.79,723.51,605.63,566.0,648.4
세종특별자치시 소계 - 유기농산물 - 건수,Statistics,5.0,5.0,9.0,16.0,12.0,14.0,14.0,9.0,12.0,11.0
세종특별자치시 소계 - 유기농산물 - 농가수,Statistics,17.0,17.0,19.0,23.0,18.0,14.0,14.0,17.0,17.0,16.0
세종특별자치시 소계 - 유기농산물 - 면적,Statistics,44.0,40.0,44.5,42.4,17.07,17.75,18.95,16.64,20.33,24.52
세종특별자치시 소계 - 유기농산물 - 출하량,Statistics,77.0,144.0,117.7,169.1,161.26,53.41,59.03,30.43,41.9,39.88
세종특별자치시 소계 - 저농약농산물 - 건수,Statistics,8.0,,,,,,,,,
세종특별자치시 소계 - 저농약농산물 - 농가수,Statistics,43.0,,,,,,,,,
세종특별자치시 소계 - 저농약농산물 - 면적,Statistics,37.0,,,,,,,,,
세종특별자치시 소계 - 저농약농산물 - 출하량,Statistics,254.0,,,,,,,,,
속초시 - 계 - 건수,Statistics,33.0,39.0,33.0,31.0,29.0,32.0,31.0,28.0,31.0,30.0
속초시 - 계 - 농가수,Statistics,33.0,39.0,33.0,31.0,29.0,32.0,31.0,28.0,31.0,30.0
속초시 - 계 - 면적,Statistics,25.0,38.0,34.9,31.5,26.47,25.57,25.37,22.62,22.83,23.64
속초시 - 계 - 출하량,Statistics,190.0,354.0,234.5,176.6,121.33,123.39,140.34,104.83,101.15,118.77
속초시 - 무농약농산물 - 건수,Statistics,33.0,39.0,33.0,31.0,29.0,31.0,29.0,26.0,29.0,28.0
속초시 - 무농약농산물 - 농가수,Statistics,33.0,39.0,33.0,31.0,29.0,31.0,29.0,26.0,29.0,28.0
속초시 - 무농약농산물 - 면적,Statistics,25.0,38.0,34.9,31.5,26.47,25.35,25.15,22.46,22.68,23.48
속초시 - 무농약농산물 - 출하량,Statistics,190.0,354.0,234.5,176.6,121.33,117.89,135.34,101.98,97.8,116.19
속초시 - 유기농산물 - 건수,Statistics,,,,,,1.0,2.0,2.0,2.0,2.0
속초시 - 유기농산물 - 농가수,Statistics,,,,,,1.0,2.0,2.0,2.0,2.0
속초시 - 유기농산물 - 면적,Statistics,,,,,,0.22,0.22,0.16,0.16,0.16
속초시 - 유기농산물 - 출하량,Statistics,,,,,,5.5,5.0,2.85,3.35,2.57
송파구 - 계 - 건수,Statistics,6.0,4.0,1.0,2.0,5.0,4.0,3.0,4.0,4.0,3.0
송파구 - 계 - 농가수,Statistics,6.0,4.0,1.0,2.0,5.0,4.0,3.0,4.0,4.0,3.0
송파구 - 계 - 면적,Statistics,,,,,0.01,0.01,0.01,0.01,0.01,0.01
송파구 - 계 - 출하량,Statistics,121.0,44.0,0.2,7.3,22.15,16.87,16.93,7.31,1.63,2.24
송파구 - 무농약농산물 - 건수,Statistics,6.0,4.0,1.0,2.0,5.0,3.0,2.0,3.0,3.0,2.0
송파구 - 무농약농산물 - 농가수,Statistics,6.0,4.0,1.0,2.0,5.0,3.0,2.0,3.0,3.0,2.0
송파구 - 무농약농산물 - 면적,Statistics,,,,,0.01,0.01,0.01,0.01,0.01,0.01
송파구 - 무농약농산물 - 출하량,Statistics,121.0,44.0,0.2,7.3,22.15,16.6,16.7,7.01,1.6,2.0
송파구 - 유기농산물 - 건수,Statistics,,,,,,1.0,1.0,1.0,1.0,1.0
송파구 - 유기농산물 - 농가수,Statistics,,,,,,1.0,1.0,1.0,1.0,1.0
송파구 - 유기농산물 - 면적,Statistics,,,,,,,,,,0.0
송파구 - 유기농산물 - 출하량,Statistics,,,,,,0.27,0.23,0.3,0.03,0.24
수성구 - 계 - 건수,Statistics,12.0,8.0,4.0,5.0,4.0,3.0,3.0,4.0,4.0,3.0
수성구 - 계 - 농가수,Statistics,13.0,8.0,4.0,5.0,4.0,3.0,3.0,4.0,4.0,3.0
수성구 - 계 - 면적,Statistics,,,,,,,,,,0.0
수성구 - 계 - 출하량,Statistics,6.0,8.0,2.2,11.4,4.1,3.35,2.6,210.43,270.95,89.94
수성구 - 무농약농산물 - 건수,Statistics,11.0,6.0,3.0,3.0,2.0,2.0,1.0,2.0,2.0,2.0
수성구 - 무농약농산물 - 농가수,Statistics,11.0,6.0,3.0,3.0,2.0,2.0,1.0,2.0,2.0,2.0
수성구 - 무농약농산물 - 면적,Statistics,,,,,,,,,,0.0
수성구 - 무농약농산물 - 출하량,Statistics,6.0,7.0,1.2,2.3,0.95,1.85,0.6,80.5,80.6,87.94
수성구 - 유기농산물 - 건수,Statistics,,2.0,1.0,2.0,2.0,1.0,2.0,2.0,2.0,1.0
수성구 - 유기농산물 - 농가수,Statistics,,2.0,1.0,2.0,2.0,1.0,2.0,2.0,2.0,1.0
수성구 - 유기농산물 - 면적,Statistics,,,,,,,,,,0.0
수성구 - 유기농산물 - 출하량,Statistics,,1.0,1.0,9.1,3.15,1.5,2.0,129.93,190.35,2.0
수성구 - 저농약농산물 - 건수,Statistics,1.0,,,,,,,,,
수성구 - 저농약농산물 - 농가수,Statistics,2.0,,,,,,,,,
수영구 - 계 - 건수,Statistics,1.0,1.0,1.0,1.0,1.0,1.0,1.0,1.0,2.0,2.0
수영구 - 계 - 농가수,Statistics,1.0,1.0,1.0,1.0,1.0,1.0,1.0,1.0,2.0,2.0
수영구 - 계 - 면적,Statistics,,,,,,,,,,0.0
수영구 - 계 - 출하량,Statistics,,,,,5.0,19.59,19.59,0.15,5.66,5.94
수영구 - 무농약농산물 - 건수,Statistics,1.0,1.0,1.0,1.0,1.0,1.0,1.0,1.0,2.0,2.0
수영구 - 무농약농산물 - 농가수,Statistics,1.0,1.0,1.0,1.0,1.0,1.0,1.0,1.0,2.0,2.0
수영구 - 무농약농산물 - 면적,Statistics,,,,,,,,,,0.0
수영구 - 무농약농산물 - 출하량,Statistics,,,,,5.0,19.59,19.59,0.15,5.66,5.94
수영구 - 유기농산물 - 건수,Statistics,,,,,,,,,,0.0
수영구 - 유기농산물 - 농가수,Statistics,,,,,,,,,,0.0
수영구 - 유기농산물 - 면적,Statistics,,,,,,,,,,0.0
수영구 - 유기농산물 - 출하량,Statistics,,,,,,,,,,0.0
순창군 - 계 - 건수,Statistics,304.0,336.0,320.0,304.0,349.0,366.0,390.0,392.0,399.0,415.0
순창군 - 계 - 농가수,Statistics,799.0,896.0,893.0,870.0,824.0,884.0,887.0,820.0,816.0,833.0
순창군 - 계 - 면적,Statistics,1123.0,1265.0,1317.5,1303.3,1227.66,1252.29,1189.76,1106.39,1055.53,1066.45
순창군 - 계 - 출하량,Statistics,2971.0,3047.0,3909.8,3492.7,2985.78,3181.61,2730.35,1751.81,1648.51,1817.4
순창군 - 무농약농산물 - 건수,Statistics,293.0,321.0,301.0,282.0,311.0,316.0,332.0,293.0,271.0,237.0
순창군 - 무농약농산물 - 농가수,Statistics,775.0,846.0,843.0,810.0,697.0,717.0,680.0,528.0,484.0,394.0
순창군 - 무농약농산물 - 면적,Statistics,1081.0,1200.0,1239.5,1217.1,1042.0,1019.61,919.17,707.53,560.65,427.38
순창군 - 무농약농산물 - 출하량,Statistics,2862.0,2879.0,3680.0,3200.3,2386.2,2442.81,1807.74,908.22,863.2,774.53
순창군 - 유기농산물 - 건수,Statistics,11.0,15.0,19.0,22.0,38.0,50.0,58.0,99.0,128.0,178.0
순창군 - 유기농산물 - 농가수,Statistics,24.0,50.0,50.0,60.0,127.0,167.0,207.0,292.0,332.0,439.0
순창군 - 유기농산물 - 면적,Statistics,42.0,65.0,78.0,86.2,185.66,232.68,270.6,398.86,494.88,639.07
순창군 - 유기농산물 - 출하량,Statistics,109.0,168.0,229.8,292.4,599.58,738.81,922.62,843.59,785.31,1042.87
순천시 - 계 - 건수,Statistics,349.0,339.0,452.0,532.0,519.0,536.0,497.0,479.0,473.0,493.0
순천시 - 계 - 농가수,Statistics,1634.0,1578.0,1479.0,1479.0,1456.0,1486.0,1383.0,1282.0,1260.0,1250.0
순천시 - 계 - 면적,Statistics,2026.0,1971.0,1929.3,1881.4,1921.53,1935.44,1822.47,1736.26,1746.72,1707.48
순천시 - 계 - 출하량,Statistics,4343.0,3785.0,3395.3,2296.9,2374.12,1832.13,1737.65,1511.86,1247.28,1353.09
순천시 - 무농약농산물 - 건수,Statistics,292.0,308.0,403.0,443.0,362.0,311.0,264.0,235.0,220.0,215.0
순천시 - 무농약농산물 - 농가수,Statistics,1503.0,1507.0,1322.0,891.0,736.0,642.0,530.0,405.0,380.0,362.0
순천시 - 무농약농산물 - 면적,Statistics,1809.0,1803.0,1654.0,951.0,765.62,657.5,531.61,375.95,356.74,334.17
순천시 - 무농약농산물 - 출하량,Statistics,3437.0,2962.0,2566.6,1460.2,1052.12,705.5,503.45,460.16,352.37,325.82
순천시 - 유기농산물 - 건수,Statistics,28.0,31.0,49.0,89.0,157.0,225.0,233.0,244.0,253.0,278.0
순천시 - 유기농산물 - 농가수,Statistics,74.0,71.0,157.0,588.0,720.0,844.0,853.0,877.0,880.0,888.0
순천시 - 유기농산물 - 면적,Statistics,165.0,168.0,275.3,930.4,1155.9,1277.94,1290.86,1360.31,1389.98,1373.31
순천시 - 유기농산물 - 출하량,Statistics,770.0,823.0,828.7,836.7,1322.0,1126.63,1234.2,1051.7,894.92,1027.27
순천시 - 저농약농산물 - 건수,Statistics,29.0,,,,,,,,,
순천시 - 저농약농산물 - 농가수,Statistics,57.0,,,,,,,,,
순천시 - 저농약농산물 - 면적,Statistics,52.0,,,,,,,,,
순천시 - 저농약농산물 - 출하량,Statistics,136.0,,,,,,,,,
시흥시 - 계 - 건수,Statistics,16.0,16.0,22.0,24.0,29.0,34.0,33.0,84.0,79.0,86.0
시흥시 - 계 - 농가수,Statistics,16.0,16.0,71.0,107.0,145.0,184.0,172.0,194.0,180.0,188.0
시흥시 - 계 - 면적,Statistics,7.0,7.0,66.2,98.6,149.23,179.89,173.78,209.37,208.49,198.15
시흥시 - 계 - 출하량,Statistics,164.0,134.0,401.1,619.6,742.83,857.0,1184.38,796.83,891.76,832.54
시흥시 - 무농약농산물 - 건수,Statistics,16.0,16.0,22.0,24.0,29.0,34.0,33.0,84.0,79.0,86.0
시흥시 - 무농약농산물 - 농가수,Statistics,16.0,16.0,71.0,107.0,145.0,184.0,172.0,194.0,180.0,188.0
시흥시 - 무농약농산물 - 면적,Statistics,7.0,7.0,66.2,98.6,149.23,179.89,173.78,209.37,208.49,198.15
시흥시 - 무농약농산물 - 출하량,Statistics,164.0,134.0,401.1,619.6,742.83,857.0,1184.38,796.83,891.76,832.54
시흥시 - 유기농산물 - 건수,Statistics,,,,,,,,,,0.0
시흥시 - 유기농산물 - 농가수,Statistics,,,,,,,,,,0.0
시흥시 - 유기농산물 - 면적,Statistics,,,,,,,,,,0.0
시흥시 - 유기농산물 - 출하량,Statistics,,,,,,,,,,0.0
신안군 - 계 - 건수,Statistics,286.0,365.0,404.0,464.0,587.0,773.0,807.0,884.0,874.0,854.0
신안군 - 계 - 농가수,Statistics,1896.0,1921.0,1814.0,1795.0,1930.0,1996.0,1834.0,1676.0,1661.0,1640.0
신안군 - 계 - 면적,Statistics,3211.0,3692.0,3835.8,3766.6,4226.89,4436.63,4024.1,3779.57,3541.35,3414.62
신안군 - 계 - 출하량,Statistics,7836.0,9970.0,8473.4,10426.3,9559.87,12446.13,23376.36,5916.39,8216.07,8058.45
신안군 - 무농약농산물 - 건수,Statistics,258.0,330.0,342.0,320.0,339.0,407.0,369.0,287.0,323.0,282.0
신안군 - 무농약농산물 - 농가수,Statistics,1810.0,1839.0,1616.0,1313.0,1048.0,845.0,583.0,349.0,399.0,371.0
신안군 - 무농약농산물 - 면적,Statistics,2997.0,3482.0,3313.7,2466.6,1837.22,1517.0,861.12,516.29,624.58,623.93
신안군 - 무농약농산물 - 출하량,Statistics,7335.0,9337.0,7158.7,6410.3,4554.41,4286.98,4181.32,708.45,1251.16,913.68
신안군 - 유기농산물 - 건수,Statistics,28.0,35.0,62.0,144.0,248.0,366.0,438.0,597.0,551.0,572.0
신안군 - 유기농산물 - 농가수,Statistics,86.0,82.0,198.0,482.0,882.0,1151.0,1251.0,1327.0,1262.0,1269.0
신안군 - 유기농산물 - 면적,Statistics,214.0,210.0,522.1,1300.0,2389.67,2919.63,3162.98,3263.27,2916.77,2790.69
신안군 - 유기농산물 - 출하량,Statistics,501.0,633.0,1314.7,4016.0,5005.46,8159.15,19195.03,5207.94,6964.91,7144.77
아산시 - 계 - 건수,Statistics,177.0,130.0,138.0,155.0,172.0,176.0,180.0,164.0,146.0,149.0
아산시 - 계 - 농가수,Statistics,717.0,595.0,502.0,621.0,605.0,597.0,561.0,509.0,530.0,493.0
아산시 - 계 - 면적,Statistics,768.0,551.0,454.6,605.1,595.47,576.88,503.67,478.47,507.38,495.39
아산시 - 계 - 출하량,Statistics,10578.0,6285.0,7914.4,8508.1,7661.9,6478.65,4394.72,5172.81,5345.51,4769.16
아산시 - 무농약농산물 - 건수,Statistics,91.0,78.0,83.0,87.0,105.0,106.0,106.0,96.0,86.0,87.0
아산시 - 무농약농산물 - 농가수,Statistics,139.0,141.0,157.0,175.0,175.0,170.0,157.0,134.0,163.0,136.0
아산시 - 무농약농산물 - 면적,Statistics,84.0,95.0,128.0,148.9,129.27,112.07,84.87,87.59,127.13,119.01
아산시 - 무농약농산물 - 출하량,Statistics,1610.0,2432.0,4537.9,4144.0,3442.4,2738.26,1237.11,1800.73,2132.22,1756.89
아산시 - 유기농산물 - 건수,Statistics,62.0,52.0,55.0,68.0,67.0,70.0,74.0,68.0,60.0,62.0
아산시 - 유기농산물 - 농가수,Statistics,464.0,454.0,345.0,446.0,430.0,427.0,404.0,375.0,367.0,357.0
아산시 - 유기농산물 - 면적,Statistics,481.0,456.0,326.6,456.2,466.2,464.81,418.8,390.88,380.25,376.38
아산시 - 유기농산물 - 출하량,Statistics,4251.0,3853.0,3376.5,4364.1,4219.5,3740.39,3157.61,3372.08,3213.29,3012.26
아산시 - 저농약농산물 - 건수,Statistics,24.0,,,,,,,,,
아산시 - 저농약농산물 - 농가수,Statistics,114.0,,,,,,,,,
아산시 - 저농약농산물 - 면적,Statistics,203.0,,,,,,,,,
아산시 - 저농약농산물 - 출하량,Statistics,4717.0,,,,,,,,,
안동시 - 계 - 건수,Statistics,90.0,94.0,104.0,90.0,95.0,102.0,91.0,81.0,96.0,101.0
안동시 - 계 - 농가수,Statistics,289.0,226.0,199.0,168.0,183.0,202.0,172.0,153.0,160.0,166.0
안동시 - 계 - 면적,Statistics,284.0,215.0,205.0,143.5,157.1,189.88,163.32,183.72,217.19,238.17
안동시 - 계 - 출하량,Statistics,3104.0,1378.0,1478.5,1910.5,1425.41,1317.0,1358.45,1121.04,1077.27,1069.85
안동시 - 무농약농산물 - 건수,Statistics,61.0,80.0,89.0,77.0,79.0,84.0,75.0,62.0,76.0,81.0
안동시 - 무농약농산물 - 농가수,Statistics,181.0,197.0,169.0,147.0,145.0,162.0,136.0,117.0,127.0,133.0
안동시 - 무농약농산물 - 면적,Statistics,144.0,159.0,149.3,105.3,103.99,139.72,113.5,136.08,176.39,194.67
안동시 - 무농약농산물 - 출하량,Statistics,1408.0,1094.0,1156.5,1703.9,1112.9,980.91,1016.71,827.26,776.44,796.1
안동시 - 유기농산물 - 건수,Statistics,14.0,14.0,15.0,13.0,16.0,18.0,16.0,19.0,20.0,20.0
안동시 - 유기농산물 - 농가수,Statistics,29.0,29.0,30.0,21.0,38.0,40.0,36.0,36.0,33.0,33.0
안동시 - 유기농산물 - 면적,Statistics,58.0,56.0,55.7,38.2,53.11,50.16,49.83,47.63,40.8,43.5
안동시 - 유기농산물 - 출하량,Statistics,348.0,284.0,322.0,206.6,312.51,336.09,341.74,293.78,300.83,273.75
안동시 - 저농약농산물 - 건수,Statistics,15.0,,,,,,,,,
안동시 - 저농약농산물 - 농가수,Statistics,79.0,,,,,,,,,
안동시 - 저농약농산물 - 면적,Statistics,82.0,,,,,,,,,
안동시 - 저농약농산물 - 출하량,Statistics,1348.0,,,,,,,,,
안산시 - 계 - 건수,Statistics,8.0,8.0,15.0,15.0,14.0,20.0,54.0,55.0,48.0,44.0
안산시 - 계 - 농가수,Statistics,37.0,8.0,15.0,15.0,14.0,20.0,59.0,65.0,53.0,51.0
안산시 - 계 - 면적,Statistics,20.0,3.0,4.8,5.4,4.84,5.12,43.47,51.11,45.93,34.25
안산시 - 계 - 출하량,Statistics,208.0,30.0,39.0,58.2,59.33,69.08,294.41,288.66,356.57,284.15
안산시 - 무농약농산물 - 건수,Statistics,5.0,8.0,14.0,15.0,13.0,19.0,54.0,54.0,47.0,43.0
안산시 - 무농약농산물 - 농가수,Statistics,5.0,8.0,14.0,15.0,13.0,19.0,59.0,64.0,52.0,50.0
안산시 - 무농약농산물 - 면적,Statistics,2.0,3.0,4.8,5.4,4.16,5.12,43.47,50.72,45.54,33.86
안산시 - 무농약농산물 - 출하량,Statistics,28.0,30.0,39.0,58.2,57.15,69.08,294.41,280.86,350.57,279.7
안산시 - 유기농산물 - 건수,Statistics,,,1.0,,1.0,1.0,,1.0,1.0,1.0
안산시 - 유기농산물 - 농가수,Statistics,,,1.0,,1.0,1.0,,1.0,1.0,1.0
안산시 - 유기농산물 - 면적,Statistics,,,,,0.68,,,0.39,0.39,0.39
안산시 - 유기농산물 - 출하량,Statistics,,,,,2.18,,,7.8,6.0,4.45
안산시 - 저농약농산물 - 건수,Statistics,3.0,,,,,,,,,
안산시 - 저농약농산물 - 농가수,Statistics,32.0,,,,,,,,,
안산시 - 저농약농산물 - 면적,Statistics,18.0,,,,,,,,,
안산시 - 저농약농산물 - 출하량,Statistics,180.0,,,,,,,,,
안성시 - 계 - 건수,Statistics,205.0,210.0,263.0,280.0,354.0,366.0,329.0,291.0,325.0,315.0
안성시 - 계 - 농가수,Statistics,548.0,427.0,520.0,533.0,512.0,504.0,449.0,404.0,353.0,339.0
안성시 - 계 - 면적,Statistics,470.0,330.0,421.6,403.8,436.65,434.54,439.68,366.75,370.5,394.24
안성시 - 계 - 출하량,Statistics,7622.0,6335.0,6504.6,6704.7,6426.46,7593.63,6189.96,7781.84,7995.41,9384.68
안성시 - 무농약농산물 - 건수,Statistics,152.0,190.0,243.0,256.0,328.0,326.0,281.0,240.0,269.0,268.0
안성시 - 무농약농산물 - 농가수,Statistics,313.0,347.0,452.0,479.0,462.0,441.0,372.0,323.0,288.0,284.0
안성시 - 무농약농산물 - 면적,Statistics,203.0,230.0,316.3,333.7,357.08,370.24,351.67,308.65,331.23,348.0
안성시 - 무농약농산물 - 출하량,Statistics,3368.0,5973.0,6189.8,6207.7,5277.9,6804.84,5804.27,7551.0,7866.19,8946.64
안성시 - 유기농산물 - 건수,Statistics,24.0,20.0,20.0,24.0,26.0,40.0,48.0,51.0,56.0,47.0
안성시 - 유기농산물 - 농가수,Statistics,122.0,80.0,68.0,54.0,50.0,63.0,77.0,81.0,65.0,55.0
안성시 - 유기농산물 - 면적,Statistics,108.0,100.0,105.3,70.1,79.57,64.29,88.02,58.1,39.27,46.24
안성시 - 유기농산물 - 출하량,Statistics,343.0,362.0,314.8,497.0,1148.56,788.79,385.68,230.84,129.22,438.04
안성시 - 저농약농산물 - 건수,Statistics,29.0,,,,,,,,,
안성시 - 저농약농산물 - 농가수,Statistics,113.0,,,,,,,,,
안성시 - 저농약농산물 - 면적,Statistics,159.0,,,,,,,,,
안성시 - 저농약농산물 - 출하량,Statistics,3911.0,,,,,,,,,
안양시 - 계 - 건수,Statistics,4.0,5.0,2.0,4.0,3.0,6.0,6.0,4.0,4.0,3.0
안양시 - 계 - 농가수,Statistics,4.0,5.0,2.0,4.0,3.0,6.0,6.0,4.0,4.0,3.0
안양시 - 계 - 면적,Statistics,,,0.6,0.6,0.58,0.58,0.58,,,0.0
안양시 - 계 - 출하량,Statistics,108.0,36.0,28.2,22.8,29.38,33.76,21.45,9.76,96.48,9.3
안양시 - 무농약농산물 - 건수,Statistics,4.0,5.0,2.0,4.0,3.0,6.0,6.0,4.0,4.0,2.0
안양시 - 무농약농산물 - 농가수,Statistics,4.0,5.0,2.0,4.0,3.0,6.0,6.0,4.0,4.0,2.0
안양시 - 무농약농산물 - 면적,Statistics,,,0.6,0.6,0.58,0.58,0.58,,,0.0
안양시 - 무농약농산물 - 출하량,Statistics,108.0,36.0,28.2,22.8,29.38,33.76,21.45,9.76,96.48,8.1
안양시 - 유기농산물 - 건수,Statistics,,,,,,,,,,1.0
안양시 - 유기농산물 - 농가수,Statistics,,,,,,,,,,1.0
안양시 - 유기농산물 - 면적,Statistics,,,,,,,,,,0.0
안양시 - 유기농산물 - 출하량,Statistics,,,,,,,,,,1.2
양구군 - 계 - 건수,Statistics,119.0,150.0,146.0,125.0,117.0,124.0,126.0,119.0,98.0,78.0
양구군 - 계 - 농가수,Statistics,193.0,168.0,160.0,130.0,122.0,129.0,132.0,125.0,104.0,84.0
양구군 - 계 - 면적,Statistics,333.0,324.0,322.8,257.1,271.57,283.08,273.9,285.86,226.12,201.15
양구군 - 계 - 출하량,Statistics,3617.0,1947.0,1746.2,975.8,1460.04,1129.99,1472.58,1065.11,1032.96,1090.33
양구군 - 무농약농산물 - 건수,Statistics,79.0,96.0,100.0,85.0,76.0,76.0,76.0,66.0,50.0,34.0
양구군 - 무농약농산물 - 농가수,Statistics,115.0,100.0,104.0,85.0,76.0,76.0,76.0,66.0,50.0,34.0
양구군 - 무농약농산물 - 면적,Statistics,187.0,188.0,190.8,152.9,159.08,160.16,146.39,154.87,102.1,74.77
양구군 - 무농약농산물 - 출하량,Statistics,1345.0,1171.0,1093.8,435.6,762.45,560.13,673.63,422.45,477.87,445.88
양구군 - 유기농산물 - 건수,Statistics,39.0,54.0,46.0,40.0,41.0,48.0,50.0,53.0,48.0,44.0
양구군 - 유기농산물 - 농가수,Statistics,73.0,68.0,56.0,45.0,46.0,53.0,56.0,59.0,54.0,50.0
양구군 - 유기농산물 - 면적,Statistics,139.0,136.0,132.0,104.2,112.49,122.92,127.51,130.99,124.02,126.37
양구군 - 유기농산물 - 출하량,Statistics,2083.0,776.0,652.4,540.2,697.59,569.86,798.95,642.65,555.09,644.45
양구군 - 저농약농산물 - 건수,Statistics,1.0,,,,,,,,,
양구군 - 저농약농산물 - 농가수,Statistics,5.0,,,,,,,,,
양구군 - 저농약농산물 - 면적,Statistics,7.0,,,,,,,,,
양구군 - 저농약농산물 - 출하량,Statistics,189.0,,,,,,,,,
양산시 - 계 - 건수,Statistics,24.0,27.0,21.0,29.0,29.0,30.0,34.0,31.0,28.0,28.0
양산시 - 계 - 농가수,Statistics,40.0,41.0,21.0,29.0,29.0,30.0,34.0,31.0,28.0,28.0
양산시 - 계 - 면적,Statistics,31.0,26.0,13.4,20.5,29.72,28.35,31.18,31.02,18.88,27.29
양산시 - 계 - 출하량,Statistics,423.0,332.0,302.3,375.2,454.82,310.45,433.05,305.03,283.81,296.62
양산시 - 무농약농산물 - 건수,Statistics,20.0,24.0,19.0,26.0,26.0,28.0,32.0,27.0,25.0,25.0
양산시 - 무농약농산물 - 농가수,Statistics,36.0,38.0,19.0,26.0,26.0,28.0,32.0,27.0,25.0,25.0
양산시 - 무농약농산물 - 면적,Statistics,30.0,25.0,12.1,19.2,27.94,26.29,29.02,24.43,13.71,21.95
양산시 - 무농약농산물 - 출하량,Statistics,349.0,284.0,292.7,367.0,449.0,301.95,429.94,300.37,276.69,287.51
양산시 - 유기농산물 - 건수,Statistics,3.0,3.0,2.0,3.0,3.0,2.0,2.0,4.0,3.0,3.0
양산시 - 유기농산물 - 농가수,Statistics,3.0,3.0,2.0,3.0,3.0,2.0,2.0,4.0,3.0,3.0
양산시 - 유기농산물 - 면적,Statistics,1.0,1.0,1.3,1.3,1.78,2.07,2.16,6.59,5.17,5.34
양산시 - 유기농산물 - 출하량,Statistics,74.0,48.0,9.6,8.2,5.83,8.5,3.11,4.66,7.12,9.11
양산시 - 저농약농산물 - 건수,Statistics,1.0,,,,,,,,,
양산시 - 저농약농산물 - 농가수,Statistics,1.0,,,,,,,,,
양양군 - 계 - 건수,Statistics,36.0,43.0,51.0,56.0,75.0,92.0,85.0,71.0,57.0,59.0
양양군 - 계 - 농가수,Statistics,50.0,52.0,55.0,60.0,75.0,92.0,85.0,71.0,57.0,59.0
양양군 - 계 - 면적,Statistics,30.0,51.0,50.5,51.2,56.37,61.55,60.62,52.73,48.69,47.9
양양군 - 계 - 출하량,Statistics,122.0,219.0,253.1,243.5,210.73,200.51,273.66,240.8,193.14,202.43
양양군 - 무농약농산물 - 건수,Statistics,33.0,41.0,46.0,48.0,61.0,77.0,70.0,56.0,42.0,43.0
양양군 - 무농약농산물 - 농가수,Statistics,47.0,50.0,50.0,52.0,61.0,77.0,70.0,56.0,42.0,43.0
양양군 - 무농약농산물 - 면적,Statistics,26.0,49.0,48.5,48.4,51.87,54.7,51.11,41.86,37.49,34.5
양양군 - 무농약농산물 - 출하량,Statistics,112.0,218.0,246.0,231.5,180.79,150.32,235.65,215.06,158.51,168.44
양양군 - 유기농산물 - 건수,Statistics,3.0,2.0,5.0,8.0,14.0,15.0,15.0,15.0,15.0,16.0
양양군 - 유기농산물 - 농가수,Statistics,3.0,2.0,5.0,8.0,14.0,15.0,15.0,15.0,15.0,16.0
양양군 - 유기농산물 - 면적,Statistics,4.0,2.0,2.0,2.8,4.5,6.85,9.51,10.87,11.2,13.4
양양군 - 유기농산물 - 출하량,Statistics,10.0,1.0,7.1,12.0,29.93,50.19,38.02,25.74,34.63,33.99
양주시 - 계 - 건수,Statistics,24.0,28.0,25.0,28.0,29.0,29.0,31.0,35.0,34.0,39.0
양주시 - 계 - 농가수,Statistics,42.0,43.0,38.0,44.0,41.0,42.0,43.0,45.0,43.0,48.0
양주시 - 계 - 면적,Statistics,26.0,29.0,30.6,34.3,32.54,35.08,35.84,35.22,38.97,46.1
양주시 - 계 - 출하량,Statistics,743.0,928.0,581.3,661.5,705.95,748.31,627.22,788.64,741.69,797.4
양주시 - 무농약농산물 - 건수,Statistics,18.0,21.0,19.0,23.0,24.0,25.0,27.0,31.0,30.0,33.0
양주시 - 무농약농산물 - 농가수,Statistics,33.0,36.0,32.0,39.0,36.0,38.0,39.0,41.0,39.0,42.0
양주시 - 무농약농산물 - 면적,Statistics,17.0,21.0,24.8,28.8,27.48,31.16,31.5,30.89,34.64,38.3
양주시 - 무농약농산물 - 출하량,Statistics,352.0,304.0,300.8,395.2,541.75,567.31,451.95,580.8,606.71,549.45
양주시 - 유기농산물 - 건수,Statistics,5.0,7.0,6.0,5.0,5.0,4.0,4.0,4.0,4.0,6.0
양주시 - 유기농산물 - 농가수,Statistics,5.0,7.0,6.0,5.0,5.0,4.0,4.0,4.0,4.0,6.0
양주시 - 유기농산물 - 면적,Statistics,6.0,8.0,5.8,5.5,5.06,3.92,4.34,4.33,4.33,7.81
양주시 - 유기농산물 - 출하량,Statistics,391.0,624.0,280.5,266.3,164.2,181.0,175.26,207.84,134.98,247.94
양주시 - 저농약농산물 - 건수,Statistics,1.0,,,,,,,,,
양주시 - 저농약농산물 - 농가수,Statistics,4.0,,,,,,,,,
양주시 - 저농약농산물 - 면적,Statistics,3.0,,,,,,,,,
양천구 - 계 - 건수,Statistics,1.0,2.0,1.0,2.0,2.0,2.0,1.0,1.0,1.0,1.0
양천구 - 계 - 농가수,Statistics,1.0,2.0,1.0,2.0,2.0,2.0,1.0,1.0,1.0,1.0
양천구 - 계 - 면적,Statistics,,,,,0.01,0.01,0.01,0.01,0.01,0.01
양천구 - 계 - 출하량,Statistics,,103.0,98.9,71.0,65.96,77.0,59.1,60.0,59.16,70.5
양천구 - 무농약농산물 - 건수,Statistics,1.0,2.0,1.0,2.0,2.0,2.0,1.0,1.0,1.0,1.0
양천구 - 무농약농산물 - 농가수,Statistics,1.0,2.0,1.0,2.0,2.0,2.0,1.0,1.0,1.0,1.0
양천구 - 무농약농산물 - 면적,Statistics,,,,,0.01,0.01,0.01,0.01,0.01,0.01
양천구 - 무농약농산물 - 출하량,Statistics,,103.0,98.9,71.0,65.96,77.0,59.1,60.0,59.16,70.5
양천구 - 유기농산물 - 건수,Statistics,,,,,,,,,,0.0
양천구 - 유기농산물 - 농가수,Statistics,,,,,,,,,,0.0
양천구 - 유기농산물 - 면적,Statistics,,,,,,,,,,0.0
양천구 - 유기농산물 - 출하량,Statistics,,,,,,,,,,0.0
양평군 - 계 - 건수,Statistics,1280.0,1298.0,1361.0,1360.0,1311.0,1315.0,1266.0,1201.0,1174.0,1195.0
양평군 - 계 - 농가수,Statistics,1413.0,1337.0,1388.0,1388.0,1342.0,1345.0,1289.0,1224.0,1196.0,1219.0
양평군 - 계 - 면적,Statistics,1248.0,1185.0,1222.2,1239.5,1230.38,1245.15,1191.93,1137.0,1129.23,1134.59
양평군 - 계 - 출하량,Statistics,16397.0,16203.0,14995.8,13412.1,17401.7,15909.07,16431.91,13098.05,13384.58,13090.87
양평군 - 무농약농산물 - 건수,Statistics,929.0,922.0,972.0,973.0,923.0,916.0,861.0,792.0,773.0,783.0
양평군 - 무농약농산물 - 농가수,Statistics,986.0,922.0,972.0,973.0,923.0,916.0,861.0,792.0,773.0,783.0
양평군 - 무농약농산물 - 면적,Statistics,694.0,686.0,717.2,709.1,672.4,683.72,640.92,596.04,617.33,635.61
양평군 - 무농약농산물 - 출하량,Statistics,14251.0,14263.0,12063.7,11351.5,15517.21,14193.69,14453.13,11783.72,12023.53,11761.48
양평군 - 유기농산물 - 건수,Statistics,319.0,376.0,389.0,387.0,388.0,399.0,405.0,409.0,401.0,412.0
양평군 - 유기농산물 - 농가수,Statistics,392.0,415.0,416.0,415.0,419.0,429.0,428.0,432.0,423.0,436.0
양평군 - 유기농산물 - 면적,Statistics,528.0,499.0,505.0,530.4,557.97,561.43,551.0,540.96,511.9,498.99
양평군 - 유기농산물 - 출하량,Statistics,1957.0,1940.0,2932.1,2060.6,1884.49,1715.39,1978.78,1314.33,1361.06,1329.39
양평군 - 저농약농산물 - 건수,Statistics,32.0,,,,,,,,,
양평군 - 저농약농산물 - 농가수,Statistics,35.0,,,,,,,,,
양평군 - 저농약농산물 - 면적,Statistics,26.0,,,,,,,,,
양평군 - 저농약농산물 - 출하량,Statistics,189.0,,,,,,,,,
여수시 - 계 - 건수,Statistics,146.0,152.0,176.0,190.0,212.0,209.0,207.0,198.0,191.0,194.0
여수시 - 계 - 농가수,Statistics,1425.0,1293.0,1279.0,1096.0,1033.0,995.0,912.0,861.0,827.0,804.0
여수시 - 계 - 면적,Statistics,699.0,689.0,663.8,584.4,565.12,526.81,470.21,431.97,421.7,418.93
여수시 - 계 - 출하량,Statistics,2660.0,3039.0,3516.2,2400.3,1956.67,1205.46,1958.72,1315.89,1467.11,1517.66
여수시 - 무농약농산물 - 건수,Statistics,135.0,142.0,162.0,167.0,176.0,165.0,155.0,145.0,144.0,147.0
여수시 - 무농약농산물 - 농가수,Statistics,1414.0,1244.0,1222.0,967.0,781.0,591.0,371.0,330.0,310.0,296.0
여수시 - 무농약농산물 - 면적,Statistics,691.0,668.0,627.0,503.1,369.14,216.78,118.77,108.34,111.12,109.23
여수시 - 무농약농산물 - 출하량,Statistics,2627.0,2954.0,3353.6,2205.6,1419.2,569.78,866.98,548.11,565.89,658.46
여수시 - 유기농산물 - 건수,Statistics,7.0,10.0,14.0,23.0,36.0,44.0,52.0,53.0,47.0,47.0
여수시 - 유기농산물 - 농가수,Statistics,7.0,49.0,57.0,129.0,252.0,404.0,541.0,531.0,517.0,508.0
여수시 - 유기농산물 - 면적,Statistics,7.0,21.0,36.8,81.3,195.98,310.02,351.45,323.63,310.58,309.7
여수시 - 유기농산물 - 출하량,Statistics,33.0,85.0,162.6,194.7,537.46,635.68,1091.75,767.78,901.22,859.19
여수시 - 저농약농산물 - 건수,Statistics,4.0,,,,,,,,,
여수시 - 저농약농산물 - 농가수,Statistics,4.0,,,,,,,,,
여수시 - 저농약농산물 - 면적,Statistics,1.0,,,,,,,,,
여주시 - 계 - 건수,Statistics,241.0,249.0,258.0,264.0,261.0,243.0,235.0,218.0,218.0,218.0
여주시 - 계 - 농가수,Statistics,281.0,276.0,273.0,278.0,270.0,249.0,240.0,222.0,218.0,218.0
여주시 - 계 - 면적,Statistics,389.0,398.0,412.3,415.0,405.06,398.41,366.86,328.66,345.94,356.65
여주시 - 계 - 출하량,Statistics,11342.0,14861.0,15390.1,15327.8,11938.13,10289.87,9937.58,9873.49,9386.79,10388.23
여주시 - 무농약농산물 - 건수,Statistics,168.0,174.0,184.0,195.0,191.0,172.0,168.0,159.0,167.0,167.0
여주시 - 무농약농산물 - 농가수,Statistics,179.0,185.0,189.0,200.0,194.0,176.0,173.0,163.0,167.0,167.0
여주시 - 무농약농산물 - 면적,Statistics,247.0,274.0,292.5,305.3,301.7,291.35,261.52,223.1,245.38,259.03
여주시 - 무농약농산물 - 출하량,Statistics,9951.0,13728.0,14331.7,14071.8,10934.69,9454.2,9050.05,9034.55,8411.69,9543.9
여주시 - 유기농산물 - 건수,Statistics,69.0,75.0,74.0,69.0,70.0,71.0,67.0,59.0,51.0,51.0
여주시 - 유기농산물 - 농가수,Statistics,91.0,91.0,84.0,78.0,76.0,73.0,67.0,59.0,51.0,51.0
여주시 - 유기농산물 - 면적,Statistics,124.0,124.0,119.8,109.7,103.37,107.06,105.34,105.56,100.55,97.62
여주시 - 유기농산물 - 출하량,Statistics,1173.0,1133.0,1058.4,1256.0,1003.43,835.66,887.53,838.94,975.1,844.34
여주시 - 저농약농산물 - 건수,Statistics,4.0,,,,,,,,,
여주시 - 저농약농산물 - 농가수,Statistics,11.0,,,,,,,,,
여주시 - 저농약농산물 - 면적,Statistics,18.0,,,,,,,,,
여주시 - 저농약농산물 - 출하량,Statistics,218.0,,,,,,,,,
연수구 - 계 - 건수,Statistics,,1.0,,,1.0,1.0,1.0,1.0,1.0,1.0
연수구 - 계 - 농가수,Statistics,,1.0,,,1.0,1.0,1.0,1.0,1.0,1.0
연수구 - 계 - 면적,Statistics,,,,,,,,,,0.0
연수구 - 계 - 출하량,Statistics,,,,,2.78,1.85,0.65,0.5,0.5,0.51
연수구 - 무농약농산물 - 건수,Statistics,,1.0,,,1.0,1.0,1.0,1.0,1.0,1.0
연수구 - 무농약농산물 - 농가수,Statistics,,1.0,,,1.0,1.0,1.0,1.0,1.0,1.0
연수구 - 무농약농산물 - 면적,Statistics,,,,,,,,,,0.0
연수구 - 무농약농산물 - 출하량,Statistics,,,,,2.78,1.85,0.65,0.5,0.5,0.51
연수구 - 유기농산물 - 건수,Statistics,,,,,,,,,,0.0
연수구 - 유기농산물 - 농가수,Statistics,,,,,,,,,,0.0
연수구 - 유기농산물 - 면적,Statistics,,,,,,,,,,0.0
연수구 - 유기농산물 - 출하량,Statistics,,,,,,,,,,0.0
연제구 - 계 - 건수,Statistics,1.0,2.0,1.0,,,3.0,5.0,4.0,2.0,2.0
연제구 - 계 - 농가수,Statistics,1.0,2.0,1.0,,,3.0,5.0,4.0,2.0,2.0
연제구 - 계 - 면적,Statistics,,,,,,0.02,0.03,0.02,0.01,0.01
연제구 - 계 - 출하량,Statistics,,1.0,2.5,,,2.8,26.51,12.19,4.9,3.08
연제구 - 무농약농산물 - 건수,Statistics,1.0,2.0,1.0,,,2.0,4.0,3.0,2.0,2.0
연제구 - 무농약농산물 - 농가수,Statistics,1.0,2.0,1.0,,,2.0,4.0,3.0,2.0,2.0
연제구 - 무농약농산물 - 면적,Statistics,,,,,,0.02,0.03,0.02,0.01,0.01
연제구 - 무농약농산물 - 출하량,Statistics,,1.0,2.5,,,2.5,25.51,11.19,4.9,3.08
연제구 - 유기농산물 - 건수,Statistics,,,,,,1.0,1.0,1.0,,0.0
연제구 - 유기농산물 - 농가수,Statistics,,,,,,1.0,1.0,1.0,,0.0
연제구 - 유기농산물 - 면적,Statistics,,,,,,,,,,0.0
연제구 - 유기농산물 - 출하량,Statistics,,,,,,0.3,1.0,1.0,,0.0
연천군 - 계 - 건수,Statistics,56.0,74.0,93.0,138.0,165.0,167.0,148.0,160.0,82.0,87.0
연천군 - 계 - 농가수,Statistics,108.0,108.0,128.0,155.0,178.0,179.0,160.0,171.0,171.0,178.0
연천군 - 계 - 면적,Statistics,183.0,188.0,218.1,292.3,300.92,304.64,281.89,302.22,307.56,322.99
연천군 - 계 - 출하량,Statistics,1023.0,705.0,1089.8,1394.9,1428.11,1685.72,1573.15,1210.09,1342.17,1339.43
연천군 - 무농약농산물 - 건수,Statistics,39.0,62.0,80.0,125.0,155.0,156.0,138.0,149.0,69.0,72.0
연천군 - 무농약농산물 - 농가수,Statistics,91.0,96.0,115.0,142.0,168.0,168.0,150.0,160.0,158.0,163.0
연천군 - 무농약농산물 - 면적,Statistics,126.0,135.0,171.0,250.9,264.6,274.06,257.21,276.28,280.53,297.17
연천군 - 무농약농산물 - 출하량,Statistics,773.0,653.0,1031.8,1328.0,1375.16,1623.9,1531.44,1176.68,1301.94,1321.43
연천군 - 유기농산물 - 건수,Statistics,17.0,12.0,13.0,13.0,10.0,11.0,10.0,11.0,13.0,15.0
연천군 - 유기농산물 - 농가수,Statistics,17.0,12.0,13.0,13.0,10.0,11.0,10.0,11.0,13.0,15.0
연천군 - 유기농산물 - 면적,Statistics,57.0,53.0,47.1,41.4,36.32,30.58,24.68,25.94,27.03,25.82
연천군 - 유기농산물 - 출하량,Statistics,250.0,52.0,58.0,66.9,52.94,61.82,41.71,33.41,40.23,18.0
영광군 - 계 - 건수,Statistics,244.0,263.0,263.0,316.0,348.0,473.0,397.0,373.0,352.0,334.0
영광군 - 계 - 농가수,Statistics,1287.0,1682.0,1293.0,1298.0,1318.0,1291.0,1194.0,979.0,907.0,813.0
영광군 - 계 - 면적,Statistics,2091.0,2755.0,2260.8,2217.2,2455.3,2346.78,2058.69,1723.85,1542.34,1353.4
영광군 - 계 - 출하량,Statistics,6011.0,5297.0,6064.5,8125.1,5617.07,4979.72,6862.07,4258.58,4021.33,3538.48
영광군 - 무농약농산물 - 건수,Statistics,213.0,233.0,218.0,252.0,258.0,294.0,189.0,140.0,152.0,139.0
영광군 - 무농약농산물 - 농가수,Statistics,1172.0,1564.0,1117.0,1035.0,964.0,584.0,297.0,190.0,224.0,188.0
영광군 - 무농약농산물 - 면적,Statistics,1882.0,2526.0,1944.1,1752.5,1795.45,1104.44,394.48,262.98,336.69,274.07
영광군 - 무농약농산물 - 출하량,Statistics,4395.0,4390.0,4585.6,5846.5,3138.02,1828.5,946.28,448.72,366.06,418.5
영광군 - 유기농산물 - 건수,Statistics,25.0,30.0,45.0,64.0,90.0,179.0,208.0,233.0,200.0,195.0
영광군 - 유기농산물 - 농가수,Statistics,101.0,118.0,176.0,263.0,354.0,707.0,897.0,789.0,683.0,625.0
영광군 - 유기농산물 - 면적,Statistics,199.0,229.0,316.7,464.7,659.86,1242.34,1664.21,1460.87,1205.64,1079.33
영광군 - 유기농산물 - 출하량,Statistics,1609.0,907.0,1478.9,2278.6,2479.05,3151.22,5915.8,3809.86,3655.27,3119.98
영광군 - 저농약농산물 - 건수,Statistics,6.0,,,,,,,,,
영광군 - 저농약농산물 - 농가수,Statistics,14.0,,,,,,,,,
영광군 - 저농약농산물 - 면적,Statistics,10.0,,,,,,,,,
영광군 - 저농약농산물 - 출하량,Statistics,7.0,,,,,,,,,
영덕군 - 계 - 건수,Statistics,30.0,25.0,22.0,16.0,14.0,25.0,24.0,20.0,21.0,23.0
영덕군 - 계 - 농가수,Statistics,303.0,295.0,218.0,28.0,26.0,36.0,35.0,30.0,31.0,34.0
영덕군 - 계 - 면적,Statistics,186.0,164.0,132.1,28.0,28.66,32.76,35.89,31.7,37.92,38.66
영덕군 - 계 - 출하량,Statistics,800.0,853.0,586.5,83.4,190.37,232.04,196.19,110.37,216.43,92.73
영덕군 - 무농약농산물 - 건수,Statistics,17.0,19.0,17.0,11.0,9.0,19.0,17.0,13.0,15.0,16.0
영덕군 - 무농약농산물 - 농가수,Statistics,261.0,289.0,213.0,23.0,21.0,30.0,28.0,23.0,25.0,27.0
영덕군 - 무농약농산물 - 면적,Statistics,155.0,152.0,120.1,16.1,17.34,20.35,23.24,19.05,25.34,26.19
영덕군 - 무농약농산물 - 출하량,Statistics,590.0,687.0,497.0,81.1,70.33,155.82,107.17,58.51,101.03,28.84
영덕군 - 유기농산물 - 건수,Statistics,6.0,6.0,5.0,5.0,5.0,6.0,7.0,7.0,6.0,7.0
영덕군 - 유기농산물 - 농가수,Statistics,6.0,6.0,5.0,5.0,5.0,6.0,7.0,7.0,6.0,7.0
영덕군 - 유기농산물 - 면적,Statistics,12.0,12.0,12.0,11.9,11.32,12.41,12.65,12.65,12.58,12.47
영덕군 - 유기농산물 - 출하량,Statistics,58.0,166.0,89.5,2.3,120.04,76.22,89.02,51.86,115.4,63.89
영덕군 - 저농약농산물 - 건수,Statistics,7.0,,,,,,,,,
영덕군 - 저농약농산물 - 농가수,Statistics,36.0,,,,,,,,,
영덕군 - 저농약농산물 - 면적,Statistics,19.0,,,,,,,,,
영덕군 - 저농약농산물 - 출하량,Statistics,152.0,,,,,,,,,
영도구 - 계 - 건수,Statistics,,,,,,,,,,0.0
영도구 - 계 - 농가수,Statistics,,,,,,,,,,0.0
영도구 - 계 - 면적,Statistics,,,,,,,,,,0.0
영도구 - 계 - 출하량,Statistics,,,,,,,,,,0.0
영도구 - 무농약농산물 - 건수,Statistics,,,,,,,,,,0.0
영도구 - 무농약농산물 - 농가수,Statistics,,,,,,,,,,0.0
영도구 - 무농약농산물 - 면적,Statistics,,,,,,,,,,0.0
영도구 - 무농약농산물 - 출하량,Statistics,,,,,,,,,,0.0
영도구 - 유기농산물 - 건수,Statistics,,,,,,,,,,0.0
영도구 - 유기농산물 - 농가수,Statistics,,,,,,,,,,0.0
영도구 - 유기농산물 - 면적,Statistics,,,,,,,,,,0.0
영도구 - 유기농산물 - 출하량,Statistics,,,,,,,,,,0.0
영동군 - 계 - 건수,Statistics,122.0,119.0,126.0,246.0,138.0,115.0,108.0,103.0,87.0,86.0
영동군 - 계 - 농가수,Statistics,149.0,380.0,273.0,246.0,139.0,115.0,108.0,103.0,87.0,86.0
영동군 - 계 - 면적,Statistics,117.0,174.0,145.5,141.3,112.95,115.27,115.02,111.54,113.71,109.79
영동군 - 계 - 출하량,Statistics,413.0,493.0,698.4,593.7,333.24,424.39,347.61,514.61,489.65,408.8
영동군 - 무농약농산물 - 건수,Statistics,87.0,97.0,102.0,218.0,106.0,82.0,72.0,65.0,54.0,53.0
영동군 - 무농약농산물 - 농가수,Statistics,89.0,356.0,249.0,218.0,107.0,82.0,72.0,65.0,54.0,53.0
영동군 - 무농약농산물 - 면적,Statistics,61.0,141.0,112.2,105.4,74.62,64.5,65.76,46.73,50.63,50.49
영동군 - 무농약농산물 - 출하량,Statistics,241.0,413.0,600.8,472.5,267.11,337.19,248.83,434.37,423.53,351.17
영동군 - 유기농산물 - 건수,Statistics,19.0,22.0,24.0,28.0,32.0,33.0,36.0,38.0,33.0,33.0
영동군 - 유기농산물 - 농가수,Statistics,22.0,24.0,24.0,28.0,32.0,33.0,36.0,38.0,33.0,33.0
영동군 - 유기농산물 - 면적,Statistics,29.0,33.0,33.3,35.9,38.33,50.77,49.26,64.81,63.09,59.3
영동군 - 유기농산물 - 출하량,Statistics,80.0,80.0,97.6,121.2,66.13,87.2,98.78,80.23,66.12,57.63
영동군 - 저농약농산물 - 건수,Statistics,16.0,,,,,,,,,
영동군 - 저농약농산물 - 농가수,Statistics,38.0,,,,,,,,,
영동군 - 저농약농산물 - 면적,Statistics,27.0,,,,,,,,,
영동군 - 저농약농산물 - 출하량,Statistics,92.0,,,,,,,,,
영등포구 - 계 - 건수,Statistics,1.0,1.0,1.0,,,,,,,0.0
영등포구 - 계 - 농가수,Statistics,1.0,1.0,1.0,,,,,,,0.0
영등포구 - 계 - 면적,Statistics,,,,,,,,,,0.0
영등포구 - 계 - 출하량,Statistics,2.0,2.0,2.0,,,,,,,0.0
영등포구 - 무농약농산물 - 건수,Statistics,1.0,1.0,1.0,,,,,,,0.0
영등포구 - 무농약농산물 - 농가수,Statistics,1.0,1.0,1.0,,,,,,,0.0
영등포구 - 무농약농산물 - 면적,Statistics,,,,,,,,,,0.0
영등포구 - 무농약농산물 - 출하량,Statistics,2.0,2.0,2.0,,,,,,,0.0
영등포구 - 유기농산물 - 건수,Statistics,,,,,,,,,,0.0
영등포구 - 유기농산물 - 농가수,Statistics,,,,,,,,,,0.0
영등포구 - 유기농산물 - 면적,Statistics,,,,,,,,,,0.0
영등포구 - 유기농산물 - 출하량,Statistics,,,,,,,,,,0.0
영암군 - 계 - 건수,Statistics,266.0,302.0,337.0,367.0,441.0,467.0,370.0,401.0,389.0,387.0
영암군 - 계 - 농가수,Statistics,1704.0,1842.0,1695.0,1752.0,1843.0,1946.0,1700.0,1508.0,1471.0,1499.0
영암군 - 계 - 면적,Statistics,3194.0,3384.0,3409.6,3457.6,3619.19,3854.12,3437.95,3027.3,2850.58,2766.66
영암군 - 계 - 출하량,Statistics,8405.0,6315.0,11850.6,11135.0,17600.26,12837.33,14494.56,19371.55,17676.45,12379.2
영암군 - 무농약농산물 - 건수,Statistics,201.0,240.0,250.0,252.0,301.0,298.0,192.0,194.0,189.0,205.0
영암군 - 무농약농산물 - 농가수,Statistics,1436.0,1405.0,1091.0,951.0,826.0,754.0,514.0,421.0,459.0,492.0
영암군 - 무농약농산물 - 면적,Statistics,2686.0,2586.0,2310.5,1833.8,1514.1,1395.79,994.8,902.17,952.05,1048.22
영암군 - 무농약농산물 - 출하량,Statistics,5172.0,5528.0,6673.6,6184.6,9821.1,5978.44,6601.81,10327.65,10766.14,6919.81
영암군 - 유기농산물 - 건수,Statistics,39.0,62.0,87.0,115.0,140.0,169.0,178.0,207.0,200.0,182.0
영암군 - 유기농산물 - 농가수,Statistics,201.0,437.0,604.0,801.0,1017.0,1192.0,1186.0,1087.0,1012.0,1007.0
영암군 - 유기농산물 - 면적,Statistics,374.0,798.0,1099.1,1623.8,2105.09,2458.33,2443.15,2125.13,1898.54,1718.44
영암군 - 유기농산물 - 출하량,Statistics,836.0,787.0,5177.0,4950.4,7779.16,6858.9,7892.75,9043.89,6910.3,5459.39
영암군 - 저농약농산물 - 건수,Statistics,26.0,,,,,,,,,
영암군 - 저농약농산물 - 농가수,Statistics,67.0,,,,,,,,,
영암군 - 저농약농산물 - 면적,Statistics,134.0,,,,,,,,,
영암군 - 저농약농산물 - 출하량,Statistics,2397.0,,,,,,,,,
영양군 - 계 - 건수,Statistics,67.0,70.0,78.0,61.0,59.0,60.0,62.0,61.0,55.0,54.0
영양군 - 계 - 농가수,Statistics,162.0,104.0,92.0,69.0,63.0,76.0,75.0,69.0,64.0,62.0
영양군 - 계 - 면적,Statistics,196.0,110.0,95.9,85.8,90.83,108.0,106.25,104.86,102.26,109.52
영양군 - 계 - 출하량,Statistics,384.0,256.0,445.8,464.5,472.15,400.77,422.88,337.49,344.08,327.48
영양군 - 무농약농산물 - 건수,Statistics,51.0,61.0,69.0,53.0,48.0,48.0,50.0,47.0,41.0,35.0
영양군 - 무농약농산물 - 농가수,Statistics,85.0,90.0,83.0,61.0,52.0,64.0,63.0,55.0,50.0,43.0
영양군 - 무농약농산물 - 면적,Statistics,82.0,95.0,83.4,74.0,62.98,80.71,78.39,73.06,55.33,59.49
영양군 - 무농약농산물 - 출하량,Statistics,321.0,240.0,425.0,442.4,457.8,383.91,317.51,278.3,221.24,202.48
영양군 - 유기농산물 - 건수,Statistics,7.0,9.0,9.0,8.0,11.0,12.0,12.0,14.0,14.0,19.0
영양군 - 유기농산물 - 농가수,Statistics,12.0,14.0,9.0,8.0,11.0,12.0,12.0,14.0,14.0,19.0
영양군 - 유기농산물 - 면적,Statistics,16.0,15.0,12.5,11.8,27.85,27.29,27.86,31.81,46.93,50.03
영양군 - 유기농산물 - 출하량,Statistics,17.0,16.0,20.8,22.1,14.36,16.86,105.38,59.19,122.85,125.0
영양군 - 저농약농산물 - 건수,Statistics,9.0,,,,,,,,,
영양군 - 저농약농산물 - 농가수,Statistics,65.0,,,,,,,,,
영양군 - 저농약농산물 - 면적,Statistics,98.0,,,,,,,,,
영양군 - 저농약농산물 - 출하량,Statistics,46.0,,,,,,,,,
영월군 - 계 - 건수,Statistics,90.0,104.0,116.0,105.0,94.0,103.0,100.0,91.0,85.0,76.0
영월군 - 계 - 농가수,Statistics,178.0,183.0,159.0,131.0,122.0,126.0,123.0,115.0,107.0,97.0
영월군 - 계 - 면적,Statistics,252.0,242.0,268.0,298.0,286.45,292.05,280.83,292.63,279.88,215.2
영월군 - 계 - 출하량,Statistics,1819.0,2263.0,1692.3,1314.6,1423.93,1014.48,1347.24,660.17,853.66,814.45
영월군 - 무농약농산물 - 건수,Statistics,71.0,86.0,91.0,79.0,68.0,77.0,73.0,64.0,57.0,49.0
영월군 - 무농약농산물 - 농가수,Statistics,146.0,156.0,134.0,105.0,91.0,95.0,91.0,82.0,73.0,65.0
영월군 - 무농약농산물 - 면적,Statistics,230.0,223.0,249.5,276.0,257.03,190.14,118.51,130.25,109.01,104.23
영월군 - 무농약농산물 - 출하량,Statistics,1143.0,1766.0,1245.7,918.6,1030.37,671.26,951.89,470.69,509.92,412.97
영월군 - 유기농산물 - 건수,Statistics,18.0,18.0,25.0,26.0,26.0,26.0,27.0,27.0,28.0,27.0
영월군 - 유기농산물 - 농가수,Statistics,31.0,27.0,25.0,26.0,31.0,31.0,32.0,33.0,34.0,32.0
영월군 - 유기농산물 - 면적,Statistics,21.0,19.0,18.5,22.0,29.43,101.91,162.32,162.38,170.87,110.97
영월군 - 유기농산물 - 출하량,Statistics,637.0,497.0,446.6,396.0,393.57,343.22,395.34,189.47,343.73,401.47
영월군 - 저농약농산물 - 건수,Statistics,1.0,,,,,,,,,
영월군 - 저농약농산물 - 농가수,Statistics,1.0,,,,,,,,,
영월군 - 저농약농산물 - 면적,Statistics,1.0,,,,,,,,,
영월군 - 저농약농산물 - 출하량,Statistics,39.0,,,,,,,,,
영주시 - 계 - 건수,Statistics,56.0,38.0,45.0,34.0,44.0,52.0,47.0,39.0,38.0,42.0
영주시 - 계 - 농가수,Statistics,165.0,78.0,87.0,56.0,66.0,79.0,67.0,39.0,47.0,50.0
영주시 - 계 - 면적,Statistics,214.0,116.0,122.1,75.2,72.91,77.83,124.33,87.98,86.85,90.93
영주시 - 계 - 출하량,Statistics,2008.0,772.0,630.9,306.7,353.81,285.56,391.44,448.44,288.74,288.48
영주시 - 무농약농산물 - 건수,Statistics,23.0,24.0,32.0,22.0,32.0,38.0,31.0,24.0,23.0,29.0
영주시 - 무농약농산물 - 농가수,Statistics,77.0,64.0,74.0,44.0,54.0,65.0,51.0,24.0,32.0,37.0
영주시 - 무농약농산물 - 면적,Statistics,86.0,65.0,86.2,49.8,55.64,56.18,93.35,54.14,58.99,41.59
영주시 - 무농약농산물 - 출하량,Statistics,415.0,530.0,604.3,279.5,318.4,261.95,365.06,391.31,262.46,258.37
영주시 - 유기농산물 - 건수,Statistics,14.0,14.0,13.0,12.0,12.0,14.0,16.0,15.0,15.0,13.0
영주시 - 유기농산물 - 농가수,Statistics,14.0,14.0,13.0,12.0,12.0,14.0,16.0,15.0,15.0,13.0
영주시 - 유기농산물 - 면적,Statistics,46.0,51.0,35.9,25.4,17.27,21.65,30.98,33.84,27.86,49.34
영주시 - 유기농산물 - 출하량,Statistics,180.0,242.0,26.6,27.2,35.41,23.61,26.37,57.12,26.28,30.11
영주시 - 저농약농산물 - 건수,Statistics,19.0,,,,,,,,,
영주시 - 저농약농산물 - 농가수,Statistics,74.0,,,,,,,,,
영주시 - 저농약농산물 - 면적,Statistics,82.0,,,,,,,,,
영주시 - 저농약농산물 - 출하량,Statistics,1413.0,,,,,,,,,
영천시 - 계 - 건수,Statistics,145.0,108.0,100.0,90.0,92.0,105.0,102.0,84.0,72.0,75.0
영천시 - 계 - 농가수,Statistics,440.0,175.0,121.0,96.0,92.0,105.0,102.0,84.0,72.0,75.0
영천시 - 계 - 면적,Statistics,421.0,222.0,152.9,129.2,140.57,149.1,171.88,153.63,134.28,129.26
영천시 - 계 - 출하량,Statistics,4527.0,1879.0,1905.7,2158.8,2484.43,2281.59,2176.11,1463.0,1930.44,2329.92
영천시 - 무농약농산물 - 건수,Statistics,97.0,95.0,92.0,78.0,79.0,87.0,84.0,71.0,58.0,63.0
영천시 - 무농약농산물 - 농가수,Statistics,166.0,151.0,102.0,78.0,79.0,87.0,84.0,71.0,58.0,63.0
영천시 - 무농약농산물 - 면적,Statistics,216.0,203.0,130.0,107.8,125.87,131.71,150.63,127.1,104.62,100.9
영천시 - 무농약농산물 - 출하량,Statistics,1123.0,1278.0,1724.6,2026.9,2329.12,2083.75,1956.23,1312.16,1737.59,1719.14
영천시 - 유기농산물 - 건수,Statistics,12.0,13.0,8.0,12.0,13.0,18.0,18.0,13.0,14.0,12.0
영천시 - 유기농산물 - 농가수,Statistics,25.0,24.0,19.0,18.0,13.0,18.0,18.0,13.0,14.0,12.0
영천시 - 유기농산물 - 면적,Statistics,20.0,19.0,22.9,21.4,14.7,17.39,21.26,26.53,29.66,28.36
영천시 - 유기농산물 - 출하량,Statistics,705.0,601.0,181.1,131.9,155.31,197.85,219.88,150.84,192.85,610.78
영천시 - 저농약농산물 - 건수,Statistics,36.0,,,,,,,,,
영천시 - 저농약농산물 - 농가수,Statistics,249.0,,,,,,,,,
영천시 - 저농약농산물 - 면적,Statistics,185.0,,,,,,,,,
영천시 - 저농약농산물 - 출하량,Statistics,2699.0,,,,,,,,,
예산군 - 계 - 건수,Statistics,128.0,112.0,86.0,67.0,71.0,91.0,101.0,100.0,122.0,116.0
예산군 - 계 - 농가수,Statistics,440.0,341.0,294.0,208.0,188.0,186.0,167.0,144.0,163.0,158.0
예산군 - 계 - 면적,Statistics,499.0,340.0,309.8,272.6,242.44,220.44,212.6,207.52,229.98,224.48
예산군 - 계 - 출하량,Statistics,3424.0,1473.0,1709.5,1451.1,791.8,637.54,739.59,748.73,877.13,991.8
예산군 - 무농약농산물 - 건수,Statistics,102.0,101.0,74.0,56.0,62.0,79.0,86.0,82.0,99.0,90.0
예산군 - 무농약농산물 - 농가수,Statistics,307.0,293.0,253.0,160.0,138.0,133.0,120.0,103.0,120.0,112.0
예산군 - 무농약농산물 - 면적,Statistics,240.0,226.0,243.8,156.2,126.74,107.31,109.58,110.3,135.18,129.65
예산군 - 무농약농산물 - 출하량,Statistics,1264.0,1320.0,1286.8,1079.2,482.55,421.28,460.52,413.36,568.31,694.91
예산군 - 유기농산물 - 건수,Statistics,7.0,11.0,12.0,11.0,9.0,12.0,15.0,18.0,23.0,26.0
예산군 - 유기농산물 - 농가수,Statistics,37.0,48.0,41.0,48.0,50.0,53.0,47.0,41.0,43.0,46.0
예산군 - 유기농산물 - 면적,Statistics,116.0,114.0,66.0,116.4,115.7,113.13,103.01,97.22,94.81,94.83
예산군 - 유기농산물 - 출하량,Statistics,357.0,153.0,422.7,371.9,309.25,216.26,279.07,335.36,308.82,296.89
예산군 - 저농약농산물 - 건수,Statistics,19.0,,,,,,,,,
예산군 - 저농약농산물 - 농가수,Statistics,96.0,,,,,,,,,
예산군 - 저농약농산물 - 면적,Statistics,143.0,,,,,,,,,
예산군 - 저농약농산물 - 출하량,Statistics,1803.0,,,,,,,,,
예천군 - 계 - 건수,Statistics,108.0,90.0,88.0,77.0,74.0,72.0,79.0,73.0,82.0,76.0
예천군 - 계 - 농가수,Statistics,366.0,222.0,183.0,132.0,112.0,99.0,96.0,77.0,82.0,81.0
예천군 - 계 - 면적,Statistics,552.0,371.0,289.9,228.8,167.45,168.75,165.46,138.63,139.19,144.47
예천군 - 계 - 출하량,Statistics,1460.0,687.0,782.6,1077.2,797.48,621.09,760.19,635.23,663.27,670.79
예천군 - 무농약농산물 - 건수,Statistics,80.0,75.0,73.0,64.0,63.0,61.0,67.0,56.0,58.0,52.0
예천군 - 무농약농산물 - 농가수,Statistics,299.0,197.0,160.0,111.0,93.0,80.0,76.0,56.0,58.0,57.0
예천군 - 무농약농산물 - 면적,Statistics,447.0,327.0,249.5,192.2,132.06,132.2,128.98,104.04,106.66,106.54
예천군 - 무농약농산물 - 출하량,Statistics,657.0,530.0,591.4,930.7,573.32,529.07,543.19,471.88,531.81,544.57
예천군 - 유기농산물 - 건수,Statistics,16.0,15.0,15.0,13.0,11.0,11.0,12.0,17.0,24.0,24.0
예천군 - 유기농산물 - 농가수,Statistics,26.0,25.0,23.0,21.0,19.0,19.0,20.0,21.0,24.0,24.0
예천군 - 유기농산물 - 면적,Statistics,43.0,44.0,40.4,36.6,35.39,36.55,36.48,34.59,32.53,37.93
예천군 - 유기농산물 - 출하량,Statistics,213.0,157.0,191.2,146.5,224.16,92.02,217.0,163.36,131.46,126.22
예천군 - 저농약농산물 - 건수,Statistics,12.0,,,,,,,,,
예천군 - 저농약농산물 - 농가수,Statistics,41.0,,,,,,,,,
예천군 - 저농약농산물 - 면적,Statistics,62.0,,,,,,,,,
예천군 - 저농약농산물 - 출하량,Statistics,590.0,,,,,,,,,
오산시 - 계 - 건수,Statistics,2.0,2.0,3.0,4.0,3.0,2.0,,1.0,,1.0
오산시 - 계 - 농가수,Statistics,2.0,2.0,3.0,4.0,3.0,2.0,,1.0,,1.0
오산시 - 계 - 면적,Statistics,,,0.2,0.6,0.39,,,,,0.01
오산시 - 계 - 출하량,Statistics,3.0,,1.6,41.8,47.2,1.7,,1.51,,1.5
오산시 - 무농약농산물 - 건수,Statistics,2.0,2.0,3.0,4.0,3.0,2.0,,1.0,,1.0
오산시 - 무농약농산물 - 농가수,Statistics,2.0,2.0,3.0,4.0,3.0,2.0,,1.0,,1.0
오산시 - 무농약농산물 - 면적,Statistics,,,0.2,0.6,0.39,,,,,0.01
오산시 - 무농약농산물 - 출하량,Statistics,3.0,,1.6,41.8,47.2,1.7,,1.51,,1.5
오산시 - 유기농산물 - 건수,Statistics,,,,,,,,,,0.0
오산시 - 유기농산물 - 농가수,Statistics,,,,,,,,,,0.0
오산시 - 유기농산물 - 면적,Statistics,,,,,,,,,,0.0
오산시 - 유기농산물 - 출하량,Statistics,,,,,,,,,,0.0
옥천군 - 계 - 건수,Statistics,123.0,132.0,137.0,140.0,160.0,175.0,186.0,198.0,191.0,183.0
옥천군 - 계 - 농가수,Statistics,370.0,391.0,339.0,312.0,323.0,307.0,314.0,319.0,319.0,302.0
옥천군 - 계 - 면적,Statistics,299.0,319.0,300.7,266.9,266.37,258.83,261.81,266.11,261.88,271.54
옥천군 - 계 - 출하량,Statistics,1271.0,1671.0,1477.0,1775.3,1422.0,1921.93,2100.47,1628.35,993.16,1079.9
옥천군 - 무농약농산물 - 건수,Statistics,88.0,107.0,108.0,106.0,122.0,131.0,133.0,140.0,131.0,116.0
옥천군 - 무농약농산물 - 농가수,Statistics,279.0,344.0,265.0,235.0,210.0,213.0,188.0,189.0,187.0,164.0
옥천군 - 무농약농산물 - 면적,Statistics,235.0,285.0,240.1,187.0,154.87,161.76,147.36,148.05,150.37,146.26
옥천군 - 무농약농산물 - 출하량,Statistics,918.0,1383.0,1142.5,1390.6,939.98,1579.45,1426.14,1131.6,676.73,661.23
옥천군 - 유기농산물 - 건수,Statistics,22.0,25.0,29.0,34.0,38.0,44.0,53.0,58.0,60.0,67.0
옥천군 - 유기농산물 - 농가수,Statistics,51.0,47.0,74.0,77.0,113.0,94.0,126.0,130.0,132.0,138.0
옥천군 - 유기농산물 - 면적,Statistics,37.0,34.0,60.6,79.9,111.5,97.06,114.45,118.06,111.51,125.28
옥천군 - 유기농산물 - 출하량,Statistics,298.0,288.0,334.5,384.7,482.03,342.48,674.32,496.75,316.43,418.67
옥천군 - 저농약농산물 - 건수,Statistics,13.0,,,,,,,,,
옥천군 - 저농약농산물 - 농가수,Statistics,40.0,,,,,,,,,
옥천군 - 저농약농산물 - 면적,Statistics,27.0,,,,,,,,,
옥천군 - 저농약농산물 - 출하량,Statistics,55.0,,,,,,,,,
옹진군 - 계 - 건수,Statistics,17.0,9.0,7.0,5.0,4.0,5.0,5.0,5.0,4.0,5.0
옹진군 - 계 - 농가수,Statistics,45.0,36.0,23.0,10.0,4.0,5.0,5.0,5.0,4.0,5.0
옹진군 - 계 - 면적,Statistics,23.0,20.0,13.6,5.6,1.53,2.85,1.13,1.69,1.63,4.47
옹진군 - 계 - 출하량,Statistics,659.0,120.0,47.8,32.0,9.95,14.21,11.1,23.52,25.23,17.95
옹진군 - 무농약농산물 - 건수,Statistics,16.0,8.0,6.0,3.0,3.0,3.0,4.0,4.0,3.0,4.0
옹진군 - 무농약농산물 - 농가수,Statistics,36.0,28.0,16.0,3.0,3.0,3.0,4.0,4.0,3.0,4.0
옹진군 - 무농약농산물 - 면적,Statistics,17.0,15.0,8.9,1.4,1.38,1.21,0.98,1.54,1.48,4.32
옹진군 - 무농약농산물 - 출하량,Statistics,659.0,120.0,47.8,30.8,9.22,13.46,10.4,22.8,25.23,17.18
옹진군 - 유기농산물 - 건수,Statistics,1.0,1.0,1.0,2.0,1.0,2.0,1.0,1.0,1.0,1.0
옹진군 - 유기농산물 - 농가수,Statistics,9.0,8.0,7.0,7.0,1.0,2.0,1.0,1.0,1.0,1.0
옹진군 - 유기농산물 - 면적,Statistics,6.0,5.0,4.7,4.2,0.15,1.64,0.15,0.15,0.15,0.15
옹진군 - 유기농산물 - 출하량,Statistics,,,,1.2,0.73,0.75,0.7,0.72,,0.77
완도군 - 계 - 건수,Statistics,136.0,176.0,199.0,239.0,236.0,229.0,158.0,156.0,145.0,148.0
완도군 - 계 - 농가수,Statistics,1395.0,1041.0,1166.0,1105.0,831.0,843.0,225.0,231.0,187.0,194.0
완도군 - 계 - 면적,Statistics,994.0,729.0,904.2,930.1,925.99,784.02,273.47,381.29,326.91,325.79
완도군 - 계 - 출하량,Statistics,889.0,564.0,465.3,466.3,1912.43,715.12,545.94,414.3,336.42,291.75
완도군 - 무농약농산물 - 건수,Statistics,124.0,158.0,177.0,202.0,194.0,183.0,102.0,98.0,82.0,82.0
완도군 - 무농약농산물 - 농가수,Statistics,1352.0,992.0,1110.0,1027.0,758.0,772.0,146.0,160.0,112.0,117.0
완도군 - 무농약농산물 - 면적,Statistics,955.0,686.0,859.7,882.3,875.47,693.08,171.37,284.19,203.23,197.09
완도군 - 무농약농산물 - 출하량,Statistics,839.0,457.0,352.2,377.4,1822.27,553.55,283.68,206.4,143.78,77.99
완도군 - 유기농산물 - 건수,Statistics,12.0,18.0,22.0,37.0,42.0,46.0,56.0,58.0,63.0,66.0
완도군 - 유기농산물 - 농가수,Statistics,43.0,49.0,56.0,78.0,73.0,71.0,79.0,71.0,75.0,77.0
완도군 - 유기농산물 - 면적,Statistics,39.0,43.0,44.5,47.8,50.52,90.95,102.1,97.09,123.67,128.7
완도군 - 유기농산물 - 출하량,Statistics,50.0,107.0,113.1,88.9,90.16,161.57,262.26,207.9,192.64,213.76
완주군 - 계 - 건수,Statistics,119.0,103.0,122.0,127.0,152.0,158.0,158.0,146.0,138.0,136.0
완주군 - 계 - 농가수,Statistics,364.0,307.0,300.0,318.0,331.0,314.0,281.0,254.0,248.0,237.0
완주군 - 계 - 면적,Statistics,370.0,332.0,290.9,306.8,286.34,271.71,237.67,231.41,214.67,211.04
완주군 - 계 - 출하량,Statistics,2446.0,1700.0,2325.3,1731.6,2116.84,1983.47,1660.47,1771.3,991.19,1185.72
완주군 - 무농약농산물 - 건수,Statistics,68.0,80.0,97.0,104.0,124.0,132.0,129.0,113.0,103.0,99.0
완주군 - 무농약농산물 - 농가수,Statistics,207.0,216.0,220.0,235.0,248.0,227.0,199.0,165.0,155.0,146.0
완주군 - 무농약농산물 - 면적,Statistics,199.0,200.0,181.3,198.0,179.58,168.5,148.39,132.85,115.87,114.07
완주군 - 무농약농산물 - 출하량,Statistics,1365.0,1241.0,1755.7,1389.4,1766.81,1608.09,1228.58,1398.23,809.42,899.41
완주군 - 유기농산물 - 건수,Statistics,24.0,23.0,25.0,23.0,28.0,26.0,29.0,33.0,35.0,37.0
완주군 - 유기농산물 - 농가수,Statistics,88.0,91.0,80.0,83.0,83.0,87.0,82.0,89.0,93.0,91.0
완주군 - 유기농산물 - 면적,Statistics,114.0,132.0,109.6,108.8,106.77,103.21,89.27,98.56,98.81,96.97
완주군 - 유기농산물 - 출하량,Statistics,609.0,459.0,569.6,342.2,350.03,375.39,431.89,373.06,181.77,286.32
완주군 - 저농약농산물 - 건수,Statistics,27.0,,,,,,,,,
완주군 - 저농약농산물 - 농가수,Statistics,69.0,,,,,,,,,
완주군 - 저농약농산물 - 면적,Statistics,57.0,,,,,,,,,
완주군 - 저농약농산물 - 출하량,Statistics,472.0,,,,,,,,,
용산구 - 계 - 건수,Statistics,3.0,3.0,2.0,2.0,2.0,3.0,2.0,1.0,2.0,4.0
용산구 - 계 - 농가수,Statistics,3.0,3.0,2.0,2.0,2.0,3.0,2.0,1.0,2.0,4.0
용산구 - 계 - 면적,Statistics,,,,,,,,,,0.0
용산구 - 계 - 출하량,Statistics,8.0,4.0,5.6,1.6,4.17,22.59,13.28,0.02,0.56,0.0
용산구 - 무농약농산물 - 건수,Statistics,2.0,1.0,1.0,1.0,1.0,2.0,1.0,,1.0,2.0
용산구 - 무농약농산물 - 농가수,Statistics,2.0,1.0,1.0,1.0,1.0,2.0,1.0,,1.0,2.0
용산구 - 무농약농산물 - 면적,Statistics,,,,,,,,,,0.0
용산구 - 무농약농산물 - 출하량,Statistics,7.0,1.0,3.2,1.6,2.38,22.5,13.2,,0.56,0.0
용산구 - 유기농산물 - 건수,Statistics,1.0,2.0,1.0,1.0,1.0,1.0,1.0,1.0,1.0,2.0
용산구 - 유기농산물 - 농가수,Statistics,1.0,2.0,1.0,1.0,1.0,1.0,1.0,1.0,1.0,2.0
용산구 - 유기농산물 - 면적,Statistics,,,,,,,,,,0.0
용산구 - 유기농산물 - 출하량,Statistics,1.0,3.0,2.4,,1.79,0.1,0.08,0.02,,0.0
용인시 - 계 - 건수,Statistics,76.0,111.0,124.0,131.0,152.0,135.0,127.0,129.0,138.0,131.0
용인시 - 계 - 농가수,Statistics,306.0,359.0,359.0,350.0,379.0,370.0,332.0,309.0,311.0,307.0
용인시 - 계 - 면적,Statistics,274.0,302.0,303.6,294.5,319.08,307.53,307.79,279.79,275.05,282.76
용인시 - 계 - 출하량,Statistics,3471.0,4900.0,4103.6,4079.8,3971.05,3068.2,4371.16,3210.23,4374.84,4995.6
용인시 - 무농약농산물 - 건수,Statistics,67.0,102.0,114.0,124.0,145.0,127.0,119.0,121.0,128.0,123.0
용인시 - 무농약농산물 - 농가수,Statistics,124.0,180.0,182.0,183.0,203.0,191.0,140.0,141.0,150.0,153.0
용인시 - 무농약농산물 - 면적,Statistics,62.0,90.0,97.5,102.4,136.0,130.63,124.02,119.03,133.24,152.34
용인시 - 무농약농산물 - 출하량,Statistics,2065.0,3365.0,2813.4,2882.4,3110.41,2227.82,3153.15,2530.14,3936.59,4517.83
용인시 - 유기농산물 - 건수,Statistics,9.0,9.0,10.0,7.0,7.0,8.0,8.0,8.0,10.0,8.0
용인시 - 유기농산물 - 농가수,Statistics,182.0,179.0,177.0,167.0,176.0,179.0,192.0,168.0,161.0,154.0
용인시 - 유기농산물 - 면적,Statistics,212.0,212.0,206.1,192.1,183.07,176.9,183.77,160.75,141.81,130.42
용인시 - 유기농산물 - 출하량,Statistics,1406.0,1535.0,1290.2,1197.4,860.63,840.38,1218.0,680.08,438.26,477.76
울릉군 - 계 - 건수,Statistics,3.0,3.0,19.0,37.0,32.0,24.0,18.0,13.0,8.0,7.0
울릉군 - 계 - 농가수,Statistics,89.0,39.0,19.0,37.0,32.0,24.0,18.0,13.0,8.0,7.0
울릉군 - 계 - 면적,Statistics,74.0,40.0,27.2,41.1,33.96,31.47,28.53,24.11,17.89,16.89
울릉군 - 계 - 출하량,Statistics,270.0,84.0,20.1,45.2,81.41,74.48,46.3,31.99,22.37,10.86
울릉군 - 무농약농산물 - 건수,Statistics,3.0,3.0,19.0,37.0,32.0,24.0,18.0,12.0,7.0,6.0
울릉군 - 무농약농산물 - 농가수,Statistics,89.0,39.0,19.0,37.0,32.0,24.0,18.0,12.0,7.0,6.0
울릉군 - 무농약농산물 - 면적,Statistics,74.0,40.0,15.1,29.0,21.85,19.37,16.42,10.79,4.47,3.47
울릉군 - 무농약농산물 - 출하량,Statistics,270.0,84.0,20.1,45.2,81.41,74.48,46.3,30.35,15.57,7.14
울릉군 - 유기농산물 - 건수,Statistics,,,,,,,,1.0,1.0,1.0
울릉군 - 유기농산물 - 농가수,Statistics,,,,,,,,1.0,1.0,1.0
울릉군 - 유기농산물 - 면적,Statistics,,,12.1,12.1,12.11,12.11,12.11,13.33,13.43,13.43
울릉군 - 유기농산물 - 출하량,Statistics,,,,,,,,1.64,6.8,3.72
울산광역시 소계 - 계 - 건수,Statistics,64.0,41.0,35.0,33.0,43.0,73.0,100.0,98.0,95.0,99.0
울산광역시 소계 - 계 - 농가수,Statistics,467.0,126.0,76.0,55.0,71.0,130.0,146.0,144.0,173.0,165.0
울산광역시 소계 - 계 - 면적,Statistics,452.0,111.0,70.1,47.3,52.68,78.92,85.97,92.01,102.88,95.49
울산광역시 소계 - 계 - 출하량,Statistics,5273.0,362.0,1094.3,1006.9,637.8,590.86,1239.89,1437.39,1370.44,1117.03
울산광역시 소계 - 무농약농산물 - 건수,Statistics,42.0,37.0,30.0,29.0,40.0,71.0,98.0,96.0,92.0,94.0
울산광역시 소계 - 무농약농산물 - 농가수,Statistics,184.0,122.0,71.0,51.0,68.0,128.0,144.0,142.0,170.0,160.0
울산광역시 소계 - 무농약농산물 - 면적,Statistics,124.0,84.0,48.4,34.6,49.94,76.28,83.54,89.25,98.53,90.45
울산광역시 소계 - 무농약농산물 - 출하량,Statistics,2468.0,342.0,207.8,432.9,633.8,529.86,1193.89,1374.39,1181.44,786.93
울산광역시 소계 - 유기농산물 - 건수,Statistics,5.0,4.0,5.0,4.0,3.0,2.0,2.0,2.0,3.0,5.0
울산광역시 소계 - 유기농산물 - 농가수,Statistics,5.0,4.0,5.0,4.0,3.0,2.0,2.0,2.0,3.0,5.0
울산광역시 소계 - 유기농산물 - 면적,Statistics,58.0,27.0,21.7,12.7,2.74,2.64,2.43,2.76,4.35,5.04
울산광역시 소계 - 유기농산물 - 출하량,Statistics,88.0,20.0,886.5,574.0,4.0,61.0,46.0,63.0,189.0,330.1
울산광역시 소계 - 저농약농산물 - 건수,Statistics,17.0,,,,,,,,,
울산광역시 소계 - 저농약농산물 - 농가수,Statistics,278.0,,,,,,,,,
울산광역시 소계 - 저농약농산물 - 면적,Statistics,270.0,,,,,,,,,
울산광역시 소계 - 저농약농산물 - 출하량,Statistics,2717.0,,,,,,,,,
울주군 - 계 - 건수,Statistics,39.0,18.0,13.0,12.0,17.0,47.0,74.0,73.0,65.0,69.0
울주군 - 계 - 농가수,Statistics,430.0,103.0,54.0,34.0,45.0,104.0,120.0,119.0,143.0,135.0
울주군 - 계 - 면적,Statistics,420.0,97.0,58.7,36.6,37.34,62.53,70.64,77.45,86.52,81.07
울주군 - 계 - 출하량,Statistics,4997.0,143.0,1024.3,773.7,368.69,397.45,1061.83,975.37,856.89,738.35
울주군 - 무농약농산물 - 건수,Statistics,21.0,15.0,9.0,8.0,15.0,45.0,72.0,71.0,62.0,65.0
울주군 - 무농약농산물 - 농가수,Statistics,163.0,100.0,50.0,30.0,43.0,102.0,118.0,117.0,140.0,131.0
울주군 - 무농약농산물 - 면적,Statistics,113.0,71.0,37.7,24.0,34.69,59.88,68.21,74.69,82.17,76.03
울주군 - 무농약농산물 - 출하량,Statistics,2242.0,129.0,141.3,199.7,364.69,336.45,1015.83,912.37,667.89,411.25
울주군 - 유기농산물 - 건수,Statistics,4.0,3.0,4.0,4.0,2.0,2.0,2.0,2.0,3.0,4.0
울주군 - 유기농산물 - 농가수,Statistics,4.0,3.0,4.0,4.0,2.0,2.0,2.0,2.0,3.0,4.0
울주군 - 유기농산물 - 면적,Statistics,57.0,26.0,21.0,12.6,2.64,2.64,2.43,2.76,4.35,5.04
울주군 - 유기농산물 - 출하량,Statistics,81.0,14.0,883.0,574.0,4.0,61.0,46.0,63.0,189.0,327.1
울주군 - 저농약농산물 - 건수,Statistics,14.0,,,,,,,,,
울주군 - 저농약농산물 - 농가수,Statistics,263.0,,,,,,,,,
울주군 - 저농약농산물 - 면적,Statistics,250.0,,,,,,,,,
울주군 - 저농약농산물 - 출하량,Statistics,2674.0,,,,,,,,,
울진군 - 계 - 건수,Statistics,351.0,364.0,350.0,367.0,339.0,339.0,318.0,305.0,308.0,309.0
울진군 - 계 - 농가수,Statistics,991.0,891.0,789.0,736.0,673.0,656.0,630.0,616.0,608.0,559.0
울진군 - 계 - 면적,Statistics,774.0,700.0,612.2,579.0,548.78,536.18,519.52,526.96,505.1,479.01
울진군 - 계 - 출하량,Statistics,4545.0,3786.0,3664.3,3159.2,3149.16,2512.95,3015.54,1875.87,2237.9,2100.34
울진군 - 무농약농산물 - 건수,Statistics,215.0,217.0,207.0,204.0,184.0,192.0,173.0,164.0,175.0,164.0
울진군 - 무농약농산물 - 농가수,Statistics,315.0,334.0,314.0,284.0,232.0,229.0,195.0,180.0,188.0,171.0
울진군 - 무농약농산물 - 면적,Statistics,242.0,250.0,235.7,205.5,163.45,153.37,113.68,118.8,131.87,130.73
울진군 - 무농약농산물 - 출하량,Statistics,1596.0,1308.0,1390.7,1229.2,1117.82,739.52,813.26,534.84,739.65,742.27
울진군 - 유기농산물 - 건수,Statistics,136.0,147.0,143.0,163.0,155.0,147.0,145.0,141.0,133.0,145.0
울진군 - 유기농산물 - 농가수,Statistics,676.0,557.0,475.0,452.0,441.0,427.0,435.0,436.0,420.0,388.0
울진군 - 유기농산물 - 면적,Statistics,532.0,450.0,376.5,373.5,385.33,382.81,405.85,408.16,373.23,348.28
울진군 - 유기농산물 - 출하량,Statistics,2949.0,2478.0,2273.6,1930.0,2031.33,1773.43,2202.28,1341.03,1498.25,1358.07
원주시 - 계 - 건수,Statistics,294.0,208.0,211.0,192.0,192.0,189.0,182.0,172.0,169.0,159.0
원주시 - 계 - 농가수,Statistics,435.0,341.0,293.0,229.0,227.0,228.0,202.0,184.0,179.0,159.0
원주시 - 계 - 면적,Statistics,408.0,331.0,274.9,224.4,216.88,213.73,174.12,160.0,161.66,143.03
원주시 - 계 - 출하량,Statistics,2986.0,9723.0,1877.3,2471.0,2218.87,1655.56,1791.92,1578.97,1550.69,1840.62
원주시 - 무농약농산물 - 건수,Statistics,237.0,169.0,156.0,133.0,133.0,132.0,125.0,113.0,117.0,109.0
원주시 - 무농약농산물 - 농가수,Statistics,300.0,278.0,234.0,166.0,168.0,171.0,145.0,125.0,127.0,109.0
원주시 - 무농약농산물 - 면적,Statistics,264.0,246.0,201.5,147.3,147.32,149.18,110.66,101.3,109.19,92.16
원주시 - 무농약농산물 - 출하량,Statistics,1688.0,1755.0,1108.1,1326.7,1127.72,843.86,840.68,695.01,690.9,696.09
원주시 - 유기농산물 - 건수,Statistics,32.0,39.0,55.0,59.0,59.0,57.0,57.0,59.0,52.0,50.0
원주시 - 유기농산물 - 농가수,Statistics,58.0,63.0,59.0,63.0,59.0,57.0,57.0,59.0,52.0,50.0
원주시 - 유기농산물 - 면적,Statistics,73.0,85.0,73.4,77.1,69.56,64.55,63.46,58.7,52.46,50.87
원주시 - 유기농산물 - 출하량,Statistics,594.0,7968.0,769.2,1144.3,1091.15,811.7,951.24,883.96,859.79,1144.53
원주시 - 저농약농산물 - 건수,Statistics,25.0,,,,,,,,,
원주시 - 저농약농산물 - 농가수,Statistics,77.0,,,,,,,,,
원주시 - 저농약농산물 - 면적,Statistics,71.0,,,,,,,,,
원주시 - 저농약농산물 - 출하량,Statistics,704.0,,,,,,,,,
유성구 - 계 - 건수,Statistics,20.0,13.0,14.0,18.0,19.0,23.0,33.0,34.0,25.0,25.0
유성구 - 계 - 농가수,Statistics,30.0,17.0,21.0,18.0,19.0,23.0,33.0,34.0,25.0,25.0
유성구 - 계 - 면적,Statistics,19.0,7.0,6.7,6.4,7.25,8.18,12.21,10.7,8.62,9.82
유성구 - 계 - 출하량,Statistics,429.0,535.0,718.6,431.3,454.03,407.53,767.65,747.84,963.49,1048.87
유성구 - 무농약농산물 - 건수,Statistics,10.0,11.0,12.0,16.0,17.0,21.0,31.0,32.0,23.0,22.0
유성구 - 무농약농산물 - 농가수,Statistics,17.0,15.0,19.0,16.0,17.0,21.0,31.0,32.0,23.0,22.0
유성구 - 무농약농산물 - 면적,Statistics,9.0,7.0,6.3,6.0,6.89,7.81,11.85,10.34,8.26,9.23
유성구 - 무농약농산물 - 출하량,Statistics,370.0,505.0,675.4,391.3,417.76,362.66,687.99,713.24,924.88,1007.75
유성구 - 유기농산물 - 건수,Statistics,2.0,2.0,2.0,2.0,2.0,2.0,2.0,2.0,2.0,3.0
유성구 - 유기농산물 - 농가수,Statistics,2.0,2.0,2.0,2.0,2.0,2.0,2.0,2.0,2.0,3.0
유성구 - 유기농산물 - 면적,Statistics,1.0,,0.4,0.4,0.36,0.36,0.36,0.36,0.36,0.59
유성구 - 유기농산물 - 출하량,Statistics,34.0,30.0,43.2,40.0,36.26,44.87,79.66,34.6,38.61,41.12
유성구 - 저농약농산물 - 건수,Statistics,8.0,,,,,,,,,
유성구 - 저농약농산물 - 농가수,Statistics,11.0,,,,,,,,,
유성구 - 저농약농산물 - 면적,Statistics,9.0,,,,,,,,,
유성구 - 저농약농산물 - 출하량,Statistics,25.0,,,,,,,,,
은평구 - 계 - 건수,Statistics,1.0,2.0,1.0,1.0,2.0,1.0,1.0,1.0,1.0,1.0
은평구 - 계 - 농가수,Statistics,1.0,2.0,1.0,1.0,2.0,1.0,1.0,1.0,1.0,1.0
은평구 - 계 - 면적,Statistics,,,,,,,,,,0.0
은평구 - 계 - 출하량,Statistics,1.0,2.0,0.2,0.2,,0.14,0.14,0.36,0.56,0.41
은평구 - 무농약농산물 - 건수,Statistics,1.0,2.0,1.0,1.0,2.0,1.0,1.0,1.0,1.0,1.0
은평구 - 무농약농산물 - 농가수,Statistics,1.0,2.0,1.0,1.0,2.0,1.0,1.0,1.0,1.0,1.0
은평구 - 무농약농산물 - 면적,Statistics,,,,,,,,,,0.0
은평구 - 무농약농산물 - 출하량,Statistics,1.0,2.0,0.2,0.2,,0.14,0.14,0.36,0.56,0.41
은평구 - 유기농산물 - 건수,Statistics,,,,,,,,,,0.0
은평구 - 유기농산물 - 농가수,Statistics,,,,,,,,,,0.0
은평구 - 유기농산물 - 면적,Statistics,,,,,,,,,,0.0
은평구 - 유기농산물 - 출하량,Statistics,,,,,,,,,,0.0
음성군 - 계 - 건수,Statistics,85.0,90.0,83.0,87.0,102.0,106.0,103.0,98.0,83.0,77.0
음성군 - 계 - 농가수,Statistics,160.0,141.0,112.0,118.0,148.0,148.0,138.0,125.0,113.0,110.0
음성군 - 계 - 면적,Statistics,186.0,140.0,111.5,99.4,124.07,109.99,91.32,82.26,83.4,94.08
음성군 - 계 - 출하량,Statistics,7572.0,13260.0,13184.0,11305.5,14224.35,10582.95,14494.53,9089.87,9773.92,14208.53
음성군 - 무농약농산물 - 건수,Statistics,56.0,69.0,60.0,62.0,66.0,66.0,61.0,58.0,48.0,43.0
음성군 - 무농약농산물 - 농가수,Statistics,93.0,120.0,89.0,93.0,112.0,108.0,96.0,85.0,78.0,76.0
음성군 - 무농약농산물 - 면적,Statistics,89.0,116.0,85.7,69.8,88.46,73.3,58.62,49.58,52.03,62.32
음성군 - 무농약농산물 - 출하량,Statistics,4110.0,11852.0,11055.8,10993.9,12406.73,9627.86,13333.79,8045.85,8778.08,12983.69
음성군 - 유기농산물 - 건수,Statistics,19.0,21.0,23.0,25.0,36.0,40.0,42.0,40.0,35.0,34.0
음성군 - 유기농산물 - 농가수,Statistics,19.0,21.0,23.0,25.0,36.0,40.0,42.0,40.0,35.0,34.0
음성군 - 유기농산물 - 면적,Statistics,24.0,24.0,25.8,29.6,35.61,36.69,32.7,32.68,31.37,31.77
음성군 - 유기농산물 - 출하량,Statistics,388.0,1408.0,2128.2,311.6,1817.62,955.08,1160.74,1044.02,995.84,1224.84
음성군 - 저농약농산물 - 건수,Statistics,10.0,,,,,,,,,
음성군 - 저농약농산물 - 농가수,Statistics,48.0,,,,,,,,,
음성군 - 저농약농산물 - 면적,Statistics,73.0,,,,,,,,,
음성군 - 저농약농산물 - 출하량,Statistics,3074.0,,,,,,,,,
의령군 - 계 - 건수,Statistics,114.0,112.0,94.0,88.0,87.0,89.0,90.0,88.0,80.0,76.0
의령군 - 계 - 농가수,Statistics,220.0,268.0,278.0,245.0,251.0,266.0,205.0,200.0,191.0,156.0
의령군 - 계 - 면적,Statistics,210.0,212.0,216.5,194.9,187.08,205.23,182.72,170.06,165.53,143.15
의령군 - 계 - 출하량,Statistics,3717.0,2529.0,2363.4,2120.4,2134.95,3131.5,2626.46,2831.37,2011.54,1646.72
의령군 - 무농약농산물 - 건수,Statistics,93.0,99.0,81.0,77.0,74.0,76.0,73.0,70.0,67.0,60.0
의령군 - 무농약농산물 - 농가수,Statistics,174.0,255.0,265.0,234.0,231.0,242.0,179.0,182.0,174.0,128.0
의령군 - 무농약농산물 - 면적,Statistics,120.0,171.0,177.6,159.1,155.57,179.54,147.23,135.85,133.59,95.32
의령군 - 무농약농산물 - 출하량,Statistics,2790.0,2319.0,2253.2,2095.3,2110.42,3091.09,2586.57,2792.7,1968.44,1487.81
의령군 - 유기농산물 - 건수,Statistics,13.0,13.0,13.0,11.0,13.0,13.0,17.0,18.0,13.0,16.0
의령군 - 유기농산물 - 농가수,Statistics,13.0,13.0,13.0,11.0,20.0,24.0,26.0,18.0,17.0,28.0
의령군 - 유기농산물 - 면적,Statistics,44.0,41.0,38.9,35.8,31.51,25.69,35.49,34.21,31.94,47.83
의령군 - 유기농산물 - 출하량,Statistics,105.0,210.0,110.2,25.1,24.53,40.41,39.9,38.67,43.1,158.91
의령군 - 저농약농산물 - 건수,Statistics,8.0,,,,,,,,,
의령군 - 저농약농산물 - 농가수,Statistics,33.0,,,,,,,,,
의령군 - 저농약농산물 - 면적,Statistics,46.0,,,,,,,,,
의령군 - 저농약농산물 - 출하량,Statistics,822.0,,,,,,,,,
의성군 - 계 - 건수,Statistics,100.0,67.0,77.0,73.0,75.0,85.0,83.0,82.0,87.0,76.0
의성군 - 계 - 농가수,Statistics,399.0,115.0,120.0,116.0,135.0,117.0,112.0,105.0,109.0,96.0
의성군 - 계 - 면적,Statistics,436.0,133.0,131.0,123.9,138.31,125.83,113.05,101.07,109.44,103.56
의성군 - 계 - 출하량,Statistics,6446.0,504.0,321.8,692.8,905.93,940.46,888.37,789.7,684.69,753.51
의성군 - 무농약농산물 - 건수,Statistics,36.0,54.0,59.0,58.0,59.0,66.0,62.0,61.0,64.0,51.0
의성군 - 무농약농산물 - 농가수,Statistics,51.0,73.0,77.0,77.0,76.0,76.0,68.0,61.0,64.0,51.0
의성군 - 무농약농산물 - 면적,Statistics,45.0,85.0,88.0,83.6,78.28,73.15,60.32,44.98,46.88,41.22
의성군 - 무농약농산물 - 출하량,Statistics,334.0,274.0,231.8,289.6,509.12,614.45,446.92,485.5,427.25,450.62
의성군 - 유기농산물 - 건수,Statistics,10.0,13.0,18.0,15.0,16.0,19.0,21.0,21.0,23.0,25.0
의성군 - 유기농산물 - 농가수,Statistics,40.0,42.0,43.0,39.0,59.0,41.0,44.0,44.0,45.0,45.0
의성군 - 유기농산물 - 면적,Statistics,47.0,48.0,43.0,40.3,60.02,52.68,52.73,56.09,62.56,62.34
의성군 - 유기농산물 - 출하량,Statistics,203.0,230.0,90.0,403.2,396.81,326.01,441.45,304.2,257.44,302.89
의성군 - 저농약농산물 - 건수,Statistics,54.0,,,,,,,,,
의성군 - 저농약농산물 - 농가수,Statistics,308.0,,,,,,,,,
의성군 - 저농약농산물 - 면적,Statistics,344.0,,,,,,,,,
의성군 - 저농약농산물 - 출하량,Statistics,5909.0,,,,,,,,,
의왕시 - 계 - 건수,Statistics,6.0,9.0,10.0,17.0,12.0,18.0,20.0,20.0,19.0,16.0
의왕시 - 계 - 농가수,Statistics,17.0,20.0,21.0,26.0,22.0,27.0,20.0,20.0,19.0,16.0
의왕시 - 계 - 면적,Statistics,9.0,10.0,10.1,9.1,9.75,10.29,6.44,7.06,5.56,4.89
의왕시 - 계 - 출하량,Statistics,170.0,66.0,168.7,228.7,94.55,90.37,54.08,73.94,96.44,81.01
의왕시 - 무농약농산물 - 건수,Statistics,6.0,8.0,9.0,16.0,12.0,15.0,17.0,17.0,17.0,15.0
의왕시 - 무농약농산물 - 농가수,Statistics,17.0,19.0,20.0,25.0,22.0,24.0,17.0,17.0,17.0,15.0
의왕시 - 무농약농산물 - 면적,Statistics,9.0,10.0,9.8,8.9,9.55,10.04,6.2,6.79,5.3,4.67
의왕시 - 무농약농산물 - 출하량,Statistics,170.0,66.0,168.7,228.3,94.55,90.25,53.52,73.15,91.94,77.84
의왕시 - 유기농산물 - 건수,Statistics,,1.0,1.0,1.0,,3.0,3.0,3.0,2.0,1.0
의왕시 - 유기농산물 - 농가수,Statistics,,1.0,1.0,1.0,,3.0,3.0,3.0,2.0,1.0
의왕시 - 유기농산물 - 면적,Statistics,,,0.3,0.2,0.2,0.25,0.24,0.26,0.26,0.22
의왕시 - 유기농산물 - 출하량,Statistics,,,,0.4,,0.12,0.56,0.79,4.5,3.18
의정부시 - 계 - 건수,Statistics,1.0,1.0,3.0,2.0,2.0,2.0,3.0,3.0,5.0,6.0
의정부시 - 계 - 농가수,Statistics,1.0,1.0,3.0,2.0,2.0,2.0,3.0,3.0,5.0,6.0
의정부시 - 계 - 면적,Statistics,1.0,1.0,1.0,0.9,1.23,1.19,1.36,0.65,0.52,0.5
의정부시 - 계 - 출하량,Statistics,10.0,11.0,16.4,22.4,9.42,6.15,10.47,7.07,39.83,5.59
의정부시 - 무농약농산물 - 건수,Statistics,,,2.0,1.0,1.0,1.0,2.0,2.0,3.0,4.0
의정부시 - 무농약농산물 - 농가수,Statistics,,,2.0,1.0,1.0,1.0,2.0,2.0,3.0,4.0
의정부시 - 무농약농산물 - 면적,Statistics,,,0.3,0.2,0.53,0.73,0.9,0.19,0.06,0.06
의정부시 - 무농약농산물 - 출하량,Statistics,,,2.3,,0.12,2.0,4.17,2.86,36.5,4.11
의정부시 - 유기농산물 - 건수,Statistics,1.0,1.0,1.0,1.0,1.0,1.0,1.0,1.0,2.0,2.0
의정부시 - 유기농산물 - 농가수,Statistics,1.0,1.0,1.0,1.0,1.0,1.0,1.0,1.0,2.0,2.0
의정부시 - 유기농산물 - 면적,Statistics,1.0,1.0,0.7,0.7,0.7,0.46,0.46,0.46,0.46,0.44
의정부시 - 유기농산물 - 출하량,Statistics,10.0,11.0,14.1,22.4,9.3,4.15,6.3,4.21,3.33,1.48
이천시 - 계 - 건수,Statistics,120.0,172.0,144.0,148.0,145.0,137.0,125.0,117.0,126.0,137.0
이천시 - 계 - 농가수,Statistics,137.0,196.0,150.0,155.0,152.0,144.0,132.0,122.0,132.0,143.0
이천시 - 계 - 면적,Statistics,202.0,272.0,204.6,195.6,207.29,191.95,168.63,146.58,156.62,165.2
이천시 - 계 - 출하량,Statistics,3934.0,5874.0,4687.9,6244.5,5877.02,8362.6,7780.74,11834.1,12796.75,11388.52
이천시 - 무농약농산물 - 건수,Statistics,96.0,137.0,110.0,114.0,103.0,94.0,79.0,76.0,91.0,101.0
이천시 - 무농약농산물 - 농가수,Statistics,113.0,161.0,116.0,121.0,110.0,101.0,86.0,81.0,97.0,107.0
이천시 - 무농약농산물 - 면적,Statistics,168.0,218.0,154.5,148.1,138.79,122.77,97.49,85.4,101.66,111.87
이천시 - 무농약농산물 - 출하량,Statistics,3534.0,4841.0,3996.6,5249.2,4795.44,7057.67,6516.52,10614.76,11646.78,10379.89
이천시 - 유기농산물 - 건수,Statistics,23.0,35.0,34.0,34.0,42.0,43.0,46.0,41.0,35.0,36.0
이천시 - 유기농산물 - 농가수,Statistics,23.0,35.0,34.0,34.0,42.0,43.0,46.0,41.0,35.0,36.0
이천시 - 유기농산물 - 면적,Statistics,31.0,54.0,50.1,47.5,68.51,69.18,71.14,61.18,54.96,53.34
이천시 - 유기농산물 - 출하량,Statistics,400.0,1033.0,691.3,995.3,1081.58,1304.93,1264.22,1219.35,1149.96,1008.63
이천시 - 저농약농산물 - 건수,Statistics,1.0,,,,,,,,,
이천시 - 저농약농산물 - 농가수,Statistics,1.0,,,,,,,,,
이천시 - 저농약농산물 - 면적,Statistics,3.0,,,,,,,,,
익산시 - 계 - 건수,Statistics,225.0,227.0,202.0,277.0,294.0,295.0,267.0,232.0,221.0,220.0
익산시 - 계 - 농가수,Statistics,472.0,510.0,419.0,370.0,356.0,368.0,335.0,293.0,278.0,267.0
익산시 - 계 - 면적,Statistics,732.0,770.0,669.0,597.9,575.63,584.28,505.67,465.25,449.09,451.37
익산시 - 계 - 출하량,Statistics,5415.0,5344.0,5696.8,5302.7,5954.92,5332.7,4625.99,3611.05,2996.55,2999.46
익산시 - 무농약농산물 - 건수,Statistics,176.0,183.0,159.0,198.0,217.0,223.0,192.0,160.0,153.0,151.0
익산시 - 무농약농산물 - 농가수,Statistics,341.0,380.0,291.0,247.0,243.0,255.0,217.0,180.0,170.0,155.0
익산시 - 무농약농산물 - 면적,Statistics,463.0,501.0,392.7,331.4,316.3,317.04,245.05,197.21,197.47,178.96
익산시 - 무농약농산물 - 출하량,Statistics,3160.0,3669.0,3398.0,3250.9,3490.51,3235.84,2806.2,1952.96,1595.99,1605.59
익산시 - 유기농산물 - 건수,Statistics,42.0,44.0,43.0,79.0,77.0,72.0,75.0,72.0,68.0,69.0
익산시 - 유기농산물 - 농가수,Statistics,124.0,130.0,128.0,123.0,113.0,113.0,118.0,113.0,108.0,112.0
익산시 - 유기농산물 - 면적,Statistics,254.0,269.0,276.3,266.5,259.34,267.23,260.62,268.04,251.62,272.41
익산시 - 유기농산물 - 출하량,Statistics,2102.0,1675.0,2298.8,2051.8,2464.41,2096.86,1819.78,1658.09,1400.56,1393.87
익산시 - 저농약농산물 - 건수,Statistics,7.0,,,,,,,,,
익산시 - 저농약농산물 - 농가수,Statistics,7.0,,,,,,,,,
익산시 - 저농약농산물 - 면적,Statistics,15.0,,,,,,,,,
익산시 - 저농약농산물 - 출하량,Statistics,153.0,,,,,,,,,
인제군 - 계 - 건수,Statistics,94.0,101.0,106.0,101.0,88.0,85.0,86.0,85.0,82.0,98.0
인제군 - 계 - 농가수,Statistics,126.0,138.0,130.0,124.0,105.0,101.0,102.0,101.0,97.0,121.0
인제군 - 계 - 면적,Statistics,267.0,207.0,188.1,175.2,167.17,155.15,153.57,148.54,139.93,161.74
인제군 - 계 - 출하량,Statistics,2645.0,789.0,1321.7,1077.0,607.45,733.63,701.22,349.93,767.04,824.03
인제군 - 무농약농산물 - 건수,Statistics,83.0,90.0,95.0,86.0,71.0,67.0,66.0,65.0,61.0,75.0
인제군 - 무농약농산물 - 농가수,Statistics,92.0,101.0,101.0,92.0,71.0,67.0,66.0,65.0,61.0,82.0
인제군 - 무농약농산물 - 면적,Statistics,154.0,111.0,108.5,97.7,78.02,67.77,66.4,66.8,58.4,72.26
인제군 - 무농약농산물 - 출하량,Statistics,745.0,222.0,437.3,297.6,260.62,307.69,243.52,113.9,231.01,291.64
인제군 - 유기농산물 - 건수,Statistics,11.0,11.0,11.0,15.0,17.0,18.0,20.0,20.0,21.0,23.0
인제군 - 유기농산물 - 농가수,Statistics,34.0,37.0,29.0,32.0,34.0,34.0,36.0,36.0,36.0,39.0
인제군 - 유기농산물 - 면적,Statistics,113.0,96.0,79.6,77.5,89.15,87.38,87.17,81.74,81.53,89.49
인제군 - 유기농산물 - 출하량,Statistics,1900.0,567.0,884.4,779.4,346.82,425.94,457.69,236.03,536.02,532.39
인천광역시 소계 - 계 - 건수,Statistics,122.0,119.0,190.0,184.0,253.0,239.0,224.0,237.0,233.0,161.0
인천광역시 소계 - 계 - 농가수,Statistics,384.0,285.0,353.0,340.0,285.0,246.0,231.0,244.0,240.0,261.0
인천광역시 소계 - 계 - 면적,Statistics,587.0,447.0,656.7,668.2,558.06,505.93,493.31,523.12,542.5,636.39
인천광역시 소계 - 계 - 출하량,Statistics,3195.0,4093.0,5102.2,5825.3,4722.96,3584.78,4163.63,2957.17,3409.23,3658.44
인천광역시 소계 - 무농약농산물 - 건수,Statistics,94.0,94.0,171.0,165.0,217.0,204.0,193.0,209.0,199.0,130.0
인천광역시 소계 - 무농약농산물 - 농가수,Statistics,294.0,213.0,293.0,288.0,243.0,204.0,193.0,209.0,199.0,220.0
인천광역시 소계 - 무농약농산물 - 면적,Statistics,430.0,333.0,561.6,582.8,494.4,447.23,438.22,471.51,489.25,583.53
인천광역시 소계 - 무농약농산물 - 출하량,Statistics,2555.0,3099.0,4348.4,4879.6,4000.86,3071.93,3646.56,2590.69,3036.16,3358.82
인천광역시 소계 - 유기농산물 - 건수,Statistics,25.0,25.0,19.0,19.0,36.0,35.0,31.0,28.0,34.0,31.0
인천광역시 소계 - 유기농산물 - 농가수,Statistics,76.0,72.0,60.0,52.0,42.0,42.0,38.0,35.0,41.0,41.0
인천광역시 소계 - 유기농산물 - 면적,Statistics,139.0,114.0,95.1,85.4,63.66,58.7,55.09,51.61,53.25,52.86
인천광역시 소계 - 유기농산물 - 출하량,Statistics,640.0,994.0,753.8,945.7,722.1,512.85,517.07,366.48,373.07,299.62
인천광역시 소계 - 저농약농산물 - 건수,Statistics,3.0,,,,,,,,,
인천광역시 소계 - 저농약농산물 - 농가수,Statistics,14.0,,,,,,,,,
인천광역시 소계 - 저농약농산물 - 면적,Statistics,18.0,,,,,,,,,
임실군 - 계 - 건수,Statistics,87.0,129.0,98.0,68.0,71.0,78.0,88.0,85.0,87.0,88.0
임실군 - 계 - 농가수,Statistics,136.0,131.0,99.0,68.0,71.0,78.0,88.0,85.0,87.0,88.0
임실군 - 계 - 면적,Statistics,173.0,171.0,127.5,98.6,106.25,105.75,113.69,106.82,113.09,115.95
임실군 - 계 - 출하량,Statistics,303.0,486.0,670.1,736.5,1024.7,1259.02,1127.38,815.95,679.95,571.32
임실군 - 무농약농산물 - 건수,Statistics,71.0,116.0,86.0,60.0,62.0,69.0,79.0,68.0,70.0,65.0
임실군 - 무농약농산물 - 농가수,Statistics,111.0,118.0,87.0,60.0,62.0,69.0,79.0,68.0,70.0,65.0
임실군 - 무농약농산물 - 면적,Statistics,149.0,152.0,111.6,81.1,88.41,87.7,100.49,89.53,89.76,84.93
임실군 - 무농약농산물 - 출하량,Statistics,275.0,448.0,606.0,601.6,882.2,999.03,1020.57,737.67,608.31,465.3
임실군 - 유기농산물 - 건수,Statistics,12.0,13.0,12.0,8.0,9.0,9.0,9.0,17.0,17.0,23.0
임실군 - 유기농산물 - 농가수,Statistics,12.0,13.0,12.0,8.0,9.0,9.0,9.0,17.0,17.0,23.0
임실군 - 유기농산물 - 면적,Statistics,14.0,19.0,15.9,17.5,17.84,18.04,13.2,17.29,23.33,31.02
임실군 - 유기농산물 - 출하량,Statistics,28.0,38.0,64.1,134.9,142.5,260.0,106.81,78.28,71.64,106.02
임실군 - 저농약농산물 - 건수,Statistics,4.0,,,,,,,,,
임실군 - 저농약농산물 - 농가수,Statistics,13.0,,,,,,,,,
임실군 - 저농약농산물 - 면적,Statistics,10.0,,,,,,,,,
장성군 - 계 - 건수,Statistics,193.0,268.0,246.0,225.0,224.0,221.0,212.0,189.0,211.0,190.0
장성군 - 계 - 농가수,Statistics,586.0,497.0,546.0,479.0,478.0,429.0,403.0,325.0,367.0,338.0
장성군 - 계 - 면적,Statistics,651.0,552.0,606.6,618.5,603.3,503.22,430.72,341.52,353.35,318.88
장성군 - 계 - 출하량,Statistics,3937.0,3368.0,3985.0,2617.5,2598.39,2180.93,2486.16,1525.04,1325.34,1264.23
장성군 - 무농약농산물 - 건수,Statistics,148.0,234.0,209.0,183.0,177.0,135.0,117.0,92.0,121.0,102.0
장성군 - 무농약농산물 - 농가수,Statistics,407.0,374.0,418.0,353.0,318.0,225.0,150.0,97.0,160.0,141.0
장성군 - 무농약농산물 - 면적,Statistics,455.0,421.0,453.4,440.9,390.77,250.55,113.99,62.59,107.76,96.62
장성군 - 무농약농산물 - 출하량,Statistics,2386.0,2632.0,3213.6,2202.5,1794.6,1287.78,1230.54,698.94,720.91,727.82
장성군 - 유기농산물 - 건수,Statistics,28.0,34.0,37.0,42.0,47.0,86.0,95.0,97.0,90.0,88.0
장성군 - 유기농산물 - 농가수,Statistics,113.0,123.0,128.0,126.0,160.0,204.0,253.0,228.0,207.0,197.0
장성군 - 유기농산물 - 면적,Statistics,110.0,131.0,153.2,177.6,212.53,252.67,316.73,278.93,245.59,222.26
장성군 - 유기농산물 - 출하량,Statistics,501.0,736.0,771.4,415.0,803.79,893.15,1255.63,826.09,604.43,536.41
장성군 - 저농약농산물 - 건수,Statistics,17.0,,,,,,,,,
장성군 - 저농약농산물 - 농가수,Statistics,66.0,,,,,,,,,
장성군 - 저농약농산물 - 면적,Statistics,86.0,,,,,,,,,
장성군 - 저농약농산물 - 출하량,Statistics,1050.0,,,,,,,,,
장수군 - 계 - 건수,Statistics,53.0,54.0,65.0,54.0,57.0,58.0,58.0,63.0,59.0,55.0
장수군 - 계 - 농가수,Statistics,92.0,61.0,65.0,54.0,57.0,66.0,63.0,66.0,59.0,55.0
장수군 - 계 - 면적,Statistics,108.0,68.0,45.8,49.4,51.64,65.72,69.58,81.96,79.35,91.65
장수군 - 계 - 출하량,Statistics,415.0,368.0,382.1,322.8,384.45,381.38,375.92,347.86,353.29,416.02
장수군 - 무농약농산물 - 건수,Statistics,36.0,39.0,48.0,42.0,45.0,46.0,47.0,47.0,44.0,39.0
장수군 - 무농약농산물 - 농가수,Statistics,47.0,46.0,48.0,42.0,45.0,54.0,52.0,50.0,44.0,39.0
장수군 - 무농약농산물 - 면적,Statistics,59.0,57.0,35.1,41.8,35.23,47.98,51.89,61.88,60.39,61.9
장수군 - 무농약농산물 - 출하량,Statistics,172.0,180.0,242.6,203.5,222.56,280.66,290.17,271.66,299.37,351.15
장수군 - 유기농산물 - 건수,Statistics,9.0,15.0,17.0,12.0,12.0,12.0,11.0,16.0,15.0,16.0
장수군 - 유기농산물 - 농가수,Statistics,16.0,15.0,17.0,12.0,12.0,12.0,11.0,16.0,15.0,16.0
장수군 - 유기농산물 - 면적,Statistics,12.0,11.0,10.7,7.6,16.4,17.74,17.69,20.08,18.95,29.75
장수군 - 유기농산물 - 출하량,Statistics,82.0,188.0,139.5,119.3,161.88,100.72,85.75,76.2,53.92,64.86
장수군 - 저농약농산물 - 건수,Statistics,8.0,,,,,,,,,
장수군 - 저농약농산물 - 농가수,Statistics,29.0,,,,,,,,,
장수군 - 저농약농산물 - 면적,Statistics,37.0,,,,,,,,,
장수군 - 저농약농산물 - 출하량,Statistics,161.0,,,,,,,,,
장흥군 - 계 - 건수,Statistics,261.0,272.0,293.0,317.0,344.0,401.0,420.0,360.0,331.0,295.0
장흥군 - 계 - 농가수,Statistics,1593.0,1589.0,1750.0,1894.0,1977.0,2113.0,1893.0,1639.0,1489.0,1382.0
장흥군 - 계 - 면적,Statistics,2307.0,2425.0,2598.2,2896.2,3166.82,3106.5,2719.03,2359.95,2065.65,1895.14
장흥군 - 계 - 출하량,Statistics,2647.0,2914.0,4453.1,5174.4,3693.47,2546.96,2441.87,1907.89,2724.15,2211.89
장흥군 - 무농약농산물 - 건수,Statistics,178.0,186.0,185.0,213.0,202.0,209.0,185.0,141.0,132.0,125.0
장흥군 - 무농약농산물 - 농가수,Statistics,1176.0,1165.0,1248.0,1284.0,1245.0,823.0,536.0,350.0,365.0,349.0
장흥군 - 무농약농산물 - 면적,Statistics,1608.0,1692.0,1754.8,1896.1,1923.95,1074.66,567.57,385.74,388.63,392.57
장흥군 - 무농약농산물 - 출하량,Statistics,1766.0,1875.0,2241.8,2756.9,1459.93,1530.78,512.71,414.56,830.88,627.21
장흥군 - 유기농산물 - 건수,Statistics,81.0,86.0,108.0,104.0,142.0,192.0,235.0,219.0,199.0,170.0
장흥군 - 유기농산물 - 농가수,Statistics,415.0,424.0,502.0,610.0,732.0,1290.0,1357.0,1289.0,1124.0,1033.0
장흥군 - 유기농산물 - 면적,Statistics,694.0,733.0,843.4,1000.1,1242.87,2031.85,2151.46,1974.21,1677.02,1502.57
장흥군 - 유기농산물 - 출하량,Statistics,861.0,1039.0,2211.3,2417.5,2233.54,1016.19,1929.16,1493.33,1893.27,1584.67
장흥군 - 저농약농산물 - 건수,Statistics,2.0,,,,,,,,,
장흥군 - 저농약농산물 - 농가수,Statistics,2.0,,,,,,,,,
장흥군 - 저농약농산물 - 면적,Statistics,5.0,,,,,,,,,
장흥군 - 저농약농산물 - 출하량,Statistics,20.0,,,,,,,,,
전라남도 소계 - 계 - 건수,Statistics,5568.0,6419.0,7136.0,8083.0,8917.0,9722.0,9323.0,9038.0,8952.0,8981.0
전라남도 소계 - 계 - 농가수,Statistics,26117.0,26342.0,26113.0,26406.0,27354.0,27950.0,24927.0,22008.0,21633.0,21343.0
전라남도 소계 - 계 - 면적,Statistics,37294.0,39940.0,42346.1,43256.1,46459.98,45928.03,40528.72,36281.93,35539.92,34293.93
전라남도 소계 - 계 - 출하량,Statistics,110066.0,99768.0,125793.3,123008.3,122206.94,117194.35,135235.07,107806.26,109527.03,99423.23
전라남도 소계 - 무농약농산물 - 건수,Statistics,4479.0,5377.0,5842.0,6409.0,6654.0,6424.0,5455.0,4617.0,4686.0,4520.0
전라남도 소계 - 무농약농산물 - 농가수,Statistics,22119.0,22332.0,21372.0,19869.0,18668.0,14407.0,10088.0,7544.0,7835.0,7468.0
전라남도 소계 - 무농약농산물 - 면적,Statistics,31138.0,33373.0,34422.5,31798.3,30738.4,22158.06,14645.39,11490.34,12608.44,11869.79
전라남도 소계 - 무농약농산물 - 출하량,Statistics,78211.0,81149.0,96245.6,90741.5,81548.76,64522.69,55081.49,57842.12,56376.89,51218.24
전라남도 소계 - 유기농산물 - 건수,Statistics,885.0,1042.0,1294.0,1674.0,2263.0,3298.0,3868.0,4421.0,4266.0,4461.0
전라남도 소계 - 유기농산물 - 농가수,Statistics,3241.0,4010.0,4741.0,6537.0,8686.0,13543.0,14839.0,14464.0,13798.0,13875.0
전라남도 소계 - 유기농산물 - 면적,Statistics,5326.0,6567.0,7923.6,11457.8,15721.58,23769.97,25883.33,24791.6,22931.48,22424.14
전라남도 소계 - 유기농산물 - 출하량,Statistics,17791.0,18619.0,29547.7,32266.8,40658.19,52671.66,80153.57,49964.14,53150.14,48205.0
전라남도 소계 - 저농약농산물 - 건수,Statistics,204.0,,,,,,,,,
전라남도 소계 - 저농약농산물 - 농가수,Statistics,757.0,,,,,,,,,
전라남도 소계 - 저농약농산물 - 면적,Statistics,830.0,,,,,,,,,
전라남도 소계 - 저농약농산물 - 출하량,Statistics,14064.0,,,,,,,,,
전라북도 소계 - 계 - 건수,Statistics,2147.0,2133.0,2040.0,1962.0,2030.0,2085.0,2074.0,2031.0,1923.0,1901.0
전라북도 소계 - 계 - 농가수,Statistics,5419.0,5211.0,4800.0,4311.0,4191.0,4136.0,3980.0,3718.0,3571.0,3439.0
전라북도 소계 - 계 - 면적,Statistics,6884.0,6799.0,6280.3,5857.7,5707.03,5632.74,5359.35,5209.74,5007.74,4921.66
전라북도 소계 - 계 - 출하량,Statistics,35111.0,33029.0,34268.0,29949.0,34173.72,35485.9,34036.44,27988.75,23962.0,26991.72
전라북도 소계 - 무농약농산물 - 건수,Statistics,1701.0,1785.0,1674.0,1523.0,1558.0,1565.0,1533.0,1407.0,1261.0,1162.0
전라북도 소계 - 무농약농산물 - 농가수,Statistics,4110.0,4081.0,3578.0,3060.0,2867.0,2719.0,2525.0,2180.0,2019.0,1760.0
전라북도 소계 - 무농약농산물 - 면적,Statistics,4755.0,4852.0,4270.9,3732.7,3423.59,3229.75,3019.68,2737.94,2438.03,2116.42
전라북도 소계 - 무농약농산물 - 출하량,Statistics,23609.0,22510.0,23389.5,18707.6,21569.53,21892.42,21485.56,17321.99,15091.15,18389.02
전라북도 소계 - 유기농산물 - 건수,Statistics,308.0,348.0,366.0,439.0,472.0,520.0,541.0,624.0,662.0,739.0
전라북도 소계 - 유기농산물 - 농가수,Statistics,974.0,1130.0,1222.0,1251.0,1324.0,1417.0,1455.0,1538.0,1552.0,1679.0
전라북도 소계 - 유기농산물 - 면적,Statistics,1798.0,1947.0,2009.4,2125.0,2283.44,2402.99,2339.66,2471.8,2569.71,2805.24
전라북도 소계 - 유기농산물 - 출하량,Statistics,8823.0,10519.0,10878.5,11241.4,12604.18,13593.49,12550.87,10666.76,8870.85,8602.7
전라북도 소계 - 저농약농산물 - 건수,Statistics,138.0,,,,,,,,,
전라북도 소계 - 저농약농산물 - 농가수,Statistics,335.0,,,,,,,,,
전라북도 소계 - 저농약농산물 - 면적,Statistics,331.0,,,,,,,,,
전라북도 소계 - 저농약농산물 - 출하량,Statistics,2679.0,,,,,,,,,
전주시 - 계 - 건수,Statistics,52.0,49.0,46.0,47.0,66.0,65.0,64.0,71.0,63.0,64.0
전주시 - 계 - 농가수,Statistics,447.0,422.0,412.0,407.0,431.0,421.0,405.0,406.0,405.0,412.0
전주시 - 계 - 면적,Statistics,343.0,293.0,292.7,270.9,279.91,272.73,257.51,240.45,235.29,228.93
전주시 - 계 - 출하량,Statistics,3491.0,2978.0,2446.4,2239.6,3558.27,5087.2,5340.86,4780.53,3313.56,3221.87
전주시 - 무농약농산물 - 건수,Statistics,36.0,44.0,42.0,40.0,60.0,59.0,55.0,60.0,55.0,57.0
전주시 - 무농약농산물 - 농가수,Statistics,365.0,355.0,346.0,256.0,283.0,283.0,264.0,271.0,278.0,257.0
전주시 - 무농약농산물 - 면적,Statistics,288.0,250.0,248.9,190.5,201.69,197.31,183.65,172.48,169.72,143.08
전주시 - 무농약농산물 - 출하량,Statistics,3085.0,2697.0,2235.8,1758.6,3108.74,4537.85,4869.63,4465.75,3005.4,2836.8
전주시 - 유기농산물 - 건수,Statistics,5.0,5.0,4.0,7.0,6.0,6.0,9.0,11.0,8.0,7.0
전주시 - 유기농산물 - 농가수,Statistics,67.0,67.0,66.0,151.0,148.0,138.0,141.0,135.0,127.0,155.0
전주시 - 유기농산물 - 면적,Statistics,44.0,43.0,43.8,80.4,78.22,75.41,73.85,67.97,65.58,85.87
전주시 - 유기농산물 - 출하량,Statistics,360.0,281.0,210.6,481.0,449.53,549.35,471.23,314.78,308.17,385.07
전주시 - 저농약농산물 - 건수,Statistics,11.0,,,,,,,,,
전주시 - 저농약농산물 - 농가수,Statistics,15.0,,,,,,,,,
전주시 - 저농약농산물 - 면적,Statistics,11.0,,,,,,,,,
전주시 - 저농약농산물 - 출하량,Statistics,46.0,,,,,,,,,
정선군 - 계 - 건수,Statistics,80.0,93.0,102.0,98.0,110.0,111.0,105.0,101.0,94.0,88.0
정선군 - 계 - 농가수,Statistics,80.0,97.0,106.0,98.0,110.0,111.0,105.0,101.0,94.0,88.0
정선군 - 계 - 면적,Statistics,175.0,181.0,174.7,165.8,188.62,169.09,168.26,173.04,196.61,224.7
정선군 - 계 - 출하량,Statistics,738.0,707.0,700.9,619.2,727.97,438.34,601.6,567.88,555.81,520.43
정선군 - 무농약농산물 - 건수,Statistics,51.0,68.0,72.0,64.0,74.0,75.0,71.0,72.0,69.0,62.0
정선군 - 무농약농산물 - 농가수,Statistics,51.0,68.0,72.0,64.0,74.0,75.0,71.0,72.0,69.0,62.0
정선군 - 무농약농산물 - 면적,Statistics,99.0,106.0,95.9,81.9,94.61,79.83,82.88,113.5,142.23,171.95
정선군 - 무농약농산물 - 출하량,Statistics,547.0,514.0,486.3,396.4,490.46,255.6,313.21,460.97,437.9,367.11
정선군 - 유기농산물 - 건수,Statistics,29.0,25.0,30.0,34.0,36.0,36.0,34.0,29.0,25.0,26.0
정선군 - 유기농산물 - 농가수,Statistics,29.0,29.0,34.0,34.0,36.0,36.0,34.0,29.0,25.0,26.0
정선군 - 유기농산물 - 면적,Statistics,76.0,75.0,78.8,83.9,94.02,89.25,85.37,59.54,54.38,52.75
정선군 - 유기농산물 - 출하량,Statistics,191.0,193.0,214.6,222.8,237.51,182.74,288.39,106.92,117.91,153.32
정읍시 - 계 - 건수,Statistics,130.0,130.0,147.0,132.0,129.0,138.0,145.0,149.0,139.0,128.0
정읍시 - 계 - 농가수,Statistics,233.0,230.0,204.0,172.0,176.0,169.0,175.0,165.0,150.0,137.0
정읍시 - 계 - 면적,Statistics,442.0,421.0,363.1,279.4,289.83,284.82,290.49,265.69,224.39,199.79
정읍시 - 계 - 출하량,Statistics,2399.0,1298.0,2127.4,1960.2,2278.39,2373.69,2239.57,1485.59,940.7,1098.52
정읍시 - 무농약농산물 - 건수,Statistics,74.0,75.0,81.0,67.0,66.0,64.0,65.0,58.0,60.0,51.0
정읍시 - 무농약농산물 - 농가수,Statistics,139.0,151.0,122.0,101.0,97.0,83.0,83.0,69.0,67.0,56.0
정읍시 - 무농약농산물 - 면적,Statistics,240.0,240.0,186.0,134.1,140.8,116.69,112.95,90.98,75.15,52.27
정읍시 - 무농약농산물 - 출하량,Statistics,1272.0,965.0,1065.9,1170.2,1429.63,1268.12,1005.21,477.52,313.71,409.24
정읍시 - 유기농산물 - 건수,Statistics,51.0,55.0,66.0,65.0,63.0,74.0,80.0,91.0,79.0,77.0
정읍시 - 유기농산물 - 농가수,Statistics,82.0,79.0,82.0,71.0,79.0,86.0,92.0,96.0,83.0,81.0
정읍시 - 유기농산물 - 면적,Statistics,185.0,181.0,177.1,145.3,149.03,168.13,177.54,174.71,149.24,147.53
정읍시 - 유기농산물 - 출하량,Statistics,833.0,333.0,1061.5,790.0,848.77,1105.56,1234.36,1008.07,626.99,689.27
정읍시 - 저농약농산물 - 건수,Statistics,5.0,,,,,,,,,
정읍시 - 저농약농산물 - 농가수,Statistics,12.0,,,,,,,,,
정읍시 - 저농약농산물 - 면적,Statistics,17.0,,,,,,,,,
정읍시 - 저농약농산물 - 출하량,Statistics,294.0,,,,,,,,,
제주시 - 계 - 건수,Statistics,532.0,560.0,572.0,600.0,624.0,674.0,661.0,676.0,660.0,648.0
제주시 - 계 - 농가수,Statistics,659.0,700.0,671.0,684.0,705.0,754.0,737.0,744.0,715.0,700.0
제주시 - 계 - 면적,Statistics,1162.0,1132.0,1180.1,950.8,1004.43,1027.22,1039.43,1046.11,1007.81,1036.29
제주시 - 계 - 출하량,Statistics,8481.0,12616.0,10832.0,8332.1,10825.14,10134.27,10042.93,10412.92,8145.63,9809.22
제주시 - 무농약농산물 - 건수,Statistics,411.0,414.0,415.0,428.0,436.0,448.0,408.0,410.0,378.0,362.0
제주시 - 무농약농산물 - 농가수,Statistics,472.0,484.0,454.0,460.0,466.0,482.0,439.0,437.0,403.0,386.0
제주시 - 무농약농산물 - 면적,Statistics,546.0,531.0,494.4,438.5,468.44,544.91,558.19,588.93,515.19,527.44
제주시 - 무농약농산물 - 출하량,Statistics,5019.0,7265.0,5978.6,4489.4,5542.37,3344.13,6054.56,5017.62,3912.04,3782.52
제주시 - 유기농산물 - 건수,Statistics,110.0,146.0,157.0,172.0,188.0,226.0,253.0,266.0,282.0,286.0
제주시 - 유기농산물 - 농가수,Statistics,173.0,216.0,217.0,224.0,239.0,272.0,298.0,307.0,312.0,314.0
제주시 - 유기농산물 - 면적,Statistics,605.0,601.0,685.7,512.3,535.99,482.3,481.24,457.18,492.62,508.85
제주시 - 유기농산물 - 출하량,Statistics,3400.0,5351.0,4853.4,3842.7,5282.77,6790.14,3988.36,5395.3,4233.59,6026.7
제주시 - 저농약농산물 - 건수,Statistics,11.0,,,,,,,,,
제주시 - 저농약농산물 - 농가수,Statistics,14.0,,,,,,,,,
제주시 - 저농약농산물 - 면적,Statistics,11.0,,,,,,,,,
제주시 - 저농약농산물 - 출하량,Statistics,62.0,,,,,,,,,
제주특별자치도 소계 - 계 - 건수,Statistics,941.0,963.0,969.0,984.0,1062.0,1129.0,1120.0,1113.0,1088.0,1044.0
제주특별자치도 소계 - 계 - 농가수,Statistics,1104.0,1144.0,1099.0,1098.0,1171.0,1234.0,1221.0,1181.0,1143.0,1096.0
제주특별자치도 소계 - 계 - 면적,Statistics,2594.0,2409.0,2388.4,2123.6,2204.19,2211.06,2226.03,2347.12,2344.02,2357.69
제주특별자치도 소계 - 계 - 출하량,Statistics,14878.0,22241.0,26949.0,12834.7,28611.51,19414.28,27304.33,24193.22,24192.63,23431.47
제주특별자치도 소계 - 무농약농산물 - 건수,Statistics,730.0,739.0,722.0,712.0,754.0,760.0,713.0,687.0,639.0,585.0
제주특별자치도 소계 - 무농약농산물 - 농가수,Statistics,800.0,816.0,767.0,749.0,784.0,794.0,744.0,714.0,664.0,609.0
제주특별자치도 소계 - 무농약농산물 - 면적,Statistics,1109.0,989.0,924.4,823.2,862.74,931.6,957.14,1134.69,1082.48,1073.21
제주특별자치도 소계 - 무농약농산물 - 출하량,Statistics,9193.0,14937.0,15685.2,7900.3,15417.33,6609.44,15522.79,12415.5,11906.21,9769.68
제주특별자치도 소계 - 유기농산물 - 건수,Statistics,176.0,224.0,247.0,272.0,308.0,369.0,407.0,426.0,449.0,459.0
제주특별자치도 소계 - 유기농산물 - 농가수,Statistics,263.0,328.0,332.0,349.0,387.0,440.0,477.0,467.0,479.0,487.0
제주특별자치도 소계 - 유기농산물 - 면적,Statistics,1447.0,1420.0,1464.0,1300.4,1341.45,1279.45,1268.9,1212.43,1261.54,1284.47
제주특별자치도 소계 - 유기농산물 - 출하량,Statistics,5085.0,7304.0,11263.8,4934.4,13194.18,12804.84,11781.54,11777.72,12286.42,13661.79
제주특별자치도 소계 - 저농약농산물 - 건수,Statistics,35.0,,,,,,,,,
제주특별자치도 소계 - 저농약농산물 - 농가수,Statistics,41.0,,,,,,,,,
제주특별자치도 소계 - 저농약농산물 - 면적,Statistics,38.0,,,,,,,,,
제주특별자치도 소계 - 저농약농산물 - 출하량,Statistics,600.0,,,,,,,,,
제천시 - 계 - 건수,Statistics,42.0,52.0,63.0,67.0,72.0,115.0,107.0,145.0,155.0,184.0
제천시 - 계 - 농가수,Statistics,140.0,139.0,138.0,134.0,134.0,169.0,160.0,199.0,194.0,216.0
제천시 - 계 - 면적,Statistics,175.0,185.0,182.7,155.1,159.52,184.65,164.83,195.29,198.81,220.95
제천시 - 계 - 출하량,Statistics,859.0,653.0,775.8,811.4,540.13,460.48,774.4,625.57,740.07,438.46
제천시 - 무농약농산물 - 건수,Statistics,30.0,42.0,48.0,51.0,42.0,78.0,81.0,117.0,126.0,154.0
제천시 - 무농약농산물 - 농가수,Statistics,116.0,125.0,119.0,114.0,82.0,110.0,108.0,148.0,145.0,167.0
제천시 - 무농약농산물 - 면적,Statistics,143.0,170.0,168.1,135.1,98.99,121.2,104.85,136.65,135.62,148.67
제천시 - 무농약농산물 - 출하량,Statistics,561.0,506.0,607.0,647.2,268.44,118.39,510.19,420.5,503.24,214.48
제천시 - 유기농산물 - 건수,Statistics,9.0,10.0,15.0,16.0,30.0,37.0,26.0,28.0,29.0,30.0
제천시 - 유기농산물 - 농가수,Statistics,13.0,14.0,19.0,20.0,52.0,59.0,52.0,51.0,49.0,49.0
제천시 - 유기농산물 - 면적,Statistics,17.0,15.0,14.6,20.0,60.54,63.45,59.99,58.65,63.19,72.28
제천시 - 유기농산물 - 출하량,Statistics,130.0,147.0,168.8,164.2,271.69,342.09,264.2,205.07,236.83,223.98
제천시 - 저농약농산물 - 건수,Statistics,3.0,,,,,,,,,
제천시 - 저농약농산물 - 농가수,Statistics,11.0,,,,,,,,,
제천시 - 저농약농산물 - 면적,Statistics,15.0,,,,,,,,,
제천시 - 저농약농산물 - 출하량,Statistics,168.0,,,,,,,,,
종로구 - 계 - 건수,Statistics,3.0,1.0,1.0,1.0,,2.0,1.0,1.0,1.0,2.0
종로구 - 계 - 농가수,Statistics,3.0,1.0,1.0,1.0,,2.0,1.0,1.0,1.0,2.0
종로구 - 계 - 면적,Statistics,,,,,,0.13,0.13,0.13,0.13,0.14
종로구 - 계 - 출하량,Statistics,145.0,43.0,,1.4,,7.22,0.49,1.45,0.2,1.21
종로구 - 무농약농산물 - 건수,Statistics,3.0,1.0,1.0,,,2.0,1.0,1.0,1.0,1.0
종로구 - 무농약농산물 - 농가수,Statistics,3.0,1.0,1.0,,,2.0,1.0,1.0,1.0,1.0
종로구 - 무농약농산물 - 면적,Statistics,,,,,,0.13,0.13,0.13,0.13,0.0
종로구 - 무농약농산물 - 출하량,Statistics,145.0,43.0,,,,7.22,0.49,1.45,0.2,0.0
종로구 - 유기농산물 - 건수,Statistics,,,,1.0,,,,,,1.0
종로구 - 유기농산물 - 농가수,Statistics,,,,1.0,,,,,,1.0
종로구 - 유기농산물 - 면적,Statistics,,,,,,,,,,0.14
종로구 - 유기농산물 - 출하량,Statistics,,,,1.4,,,,,,1.21
중구 - 계 - 건수,Statistics,1.0,1.0,1.0,1.0,2.0,2.0,1.0,1.0,1.0,1.0
중구 - 계 - 농가수,Statistics,1.0,1.0,1.0,1.0,2.0,2.0,1.0,1.0,1.0,1.0
중구 - 계 - 면적,Statistics,1.0,,0.9,1.2,1.05,0.01,0.01,0.01,0.01,0.01
중구 - 계 - 출하량,Statistics,2.0,2.0,10.7,3.7,1.34,7.87,9.87,7.58,0.87,0.81
중구 - 무농약농산물 - 건수,Statistics,1.0,1.0,1.0,1.0,2.0,2.0,1.0,1.0,1.0,1.0
중구 - 무농약농산물 - 농가수,Statistics,1.0,1.0,1.0,1.0,2.0,2.0,1.0,1.0,1.0,1.0
중구 - 무농약농산물 - 면적,Statistics,1.0,,0.9,1.2,1.05,0.01,0.01,0.01,0.01,0.01
중구 - 무농약농산물 - 출하량,Statistics,2.0,2.0,10.7,3.7,1.34,7.87,9.87,7.58,0.87,0.81
중구 - 유기농산물 - 건수,Statistics,1.0,1.0,1.0,,1.0,1.0,2.0,1.0,1.0,0.0
중구 - 유기농산물 - 농가수,Statistics,1.0,1.0,1.0,,1.0,1.0,2.0,1.0,1.0,0.0
중구 - 유기농산물 - 면적,Statistics,,,,,,,0.84,0.84,0.84,0.0
중구 - 유기농산물 - 출하량,Statistics,7.0,6.0,3.5,,3.2,3.5,6.85,,,0.0
중구 - 저농약농산물 - 건수,Statistics,1.0,,,,,,,,,
중구 - 저농약농산물 - 농가수,Statistics,1.0,,,,,,,,,
중구 - 저농약농산물 - 면적,Statistics,9.0,,,,,,,,,
중구 - 저농약농산물 - 출하량,Statistics,4.0,,,,,,,,,
중랑구 - 계 - 건수,Statistics,2.0,2.0,2.0,2.0,2.0,3.0,4.0,4.0,3.0,2.0
중랑구 - 계 - 농가수,Statistics,2.0,2.0,2.0,2.0,2.0,3.0,4.0,4.0,3.0,2.0
중랑구 - 계 - 면적,Statistics,,,,,,,,,,0.0
중랑구 - 계 - 출하량,Statistics,44.0,,10.0,2.7,7.95,1.8,6.79,8.8,21.17,18.72
중랑구 - 무농약농산물 - 건수,Statistics,1.0,2.0,2.0,2.0,2.0,3.0,4.0,3.0,3.0,2.0
중랑구 - 무농약농산물 - 농가수,Statistics,1.0,2.0,2.0,2.0,2.0,3.0,4.0,3.0,3.0,2.0
중랑구 - 무농약농산물 - 면적,Statistics,,,,,,,,,,0.0
중랑구 - 무농약농산물 - 출하량,Statistics,4.0,,10.0,2.7,7.95,1.8,6.79,8.6,21.17,18.72
중랑구 - 유기농산물 - 건수,Statistics,,,,,,,,1.0,,0.0
중랑구 - 유기농산물 - 농가수,Statistics,,,,,,,,1.0,,0.0
중랑구 - 유기농산물 - 면적,Statistics,,,,,,,,,,0.0
중랑구 - 유기농산물 - 출하량,Statistics,,,,,,,,0.2,,0.0
중랑구 - 저농약농산물 - 건수,Statistics,1.0,,,,,,,,,
중랑구 - 저농약농산물 - 농가수,Statistics,1.0,,,,,,,,,
중랑구 - 저농약농산물 - 출하량,Statistics,40.0,,,,,,,,,
증평군 - 계 - 건수,Statistics,15.0,20.0,24.0,25.0,24.0,27.0,26.0,26.0,30.0,26.0
증평군 - 계 - 농가수,Statistics,47.0,47.0,51.0,46.0,44.0,44.0,34.0,34.0,38.0,34.0
증평군 - 계 - 면적,Statistics,36.0,40.0,42.0,37.1,35.08,34.88,31.88,32.31,35.28,31.38
증평군 - 계 - 출하량,Statistics,350.0,622.0,282.2,772.9,275.06,318.53,562.32,227.27,482.4,428.78
증평군 - 무농약농산물 - 건수,Statistics,8.0,13.0,17.0,17.0,14.0,15.0,14.0,15.0,19.0,16.0
증평군 - 무농약농산물 - 농가수,Statistics,22.0,24.0,28.0,17.0,14.0,15.0,14.0,15.0,19.0,16.0
증평군 - 무농약농산물 - 면적,Statistics,13.0,19.0,21.5,12.6,10.49,10.05,11.73,14.4,18.73,16.87
증평군 - 무농약농산물 - 출하량,Statistics,76.0,429.0,132.3,496.6,95.81,61.92,368.94,112.71,402.76,339.2
증평군 - 유기농산물 - 건수,Statistics,7.0,7.0,7.0,8.0,10.0,12.0,12.0,11.0,11.0,10.0
증평군 - 유기농산물 - 농가수,Statistics,25.0,23.0,23.0,29.0,30.0,29.0,20.0,19.0,19.0,18.0
증평군 - 유기농산물 - 면적,Statistics,23.0,21.0,20.5,24.5,24.59,24.83,20.15,17.9,16.55,14.52
증평군 - 유기농산물 - 출하량,Statistics,274.0,193.0,149.9,276.3,179.24,256.61,193.38,114.56,79.64,89.58
진도군 - 계 - 건수,Statistics,176.0,215.0,225.0,244.0,295.0,370.0,450.0,449.0,462.0,494.0
진도군 - 계 - 농가수,Statistics,1267.0,1580.0,1387.0,1333.0,1454.0,1595.0,1426.0,1061.0,1060.0,996.0
진도군 - 계 - 면적,Statistics,2896.0,3750.0,3431.4,3408.7,3675.92,3545.42,3111.23,2500.6,2489.29,2301.6
진도군 - 계 - 출하량,Statistics,2679.0,2616.0,5845.1,2939.7,6694.69,5447.91,5043.8,3199.12,3649.45,3402.3
진도군 - 무농약농산물 - 건수,Statistics,145.0,180.0,174.0,181.0,198.0,162.0,166.0,134.0,183.0,209.0
진도군 - 무농약농산물 - 농가수,Statistics,1231.0,1533.0,1300.0,1194.0,1199.0,563.0,406.0,225.0,313.0,324.0
진도군 - 무농약농산물 - 면적,Statistics,2799.0,3624.0,3242.6,3038.8,3073.21,1022.46,552.88,326.1,582.74,626.96
진도군 - 무농약농산물 - 출하량,Statistics,2369.0,2272.0,4685.6,1832.0,4993.52,2293.93,1644.39,807.19,707.98,905.43
진도군 - 유기농산물 - 건수,Statistics,31.0,35.0,51.0,63.0,97.0,208.0,284.0,315.0,279.0,285.0
진도군 - 유기농산물 - 농가수,Statistics,36.0,47.0,87.0,139.0,255.0,1032.0,1020.0,836.0,747.0,672.0
진도군 - 유기농산물 - 면적,Statistics,97.0,126.0,188.8,369.9,602.71,2522.96,2558.35,2174.5,1906.55,1674.64
진도군 - 유기농산물 - 출하량,Statistics,310.0,344.0,1159.5,1107.7,1701.17,3153.98,3399.41,2391.93,2941.47,2496.87
진안군 - 계 - 건수,Statistics,288.0,286.0,251.0,207.0,201.0,196.0,196.0,182.0,165.0,168.0
진안군 - 계 - 농가수,Statistics,395.0,395.0,321.0,265.0,254.0,240.0,222.0,203.0,177.0,172.0
진안군 - 계 - 면적,Statistics,548.0,586.0,478.6,442.2,429.52,423.99,384.41,426.95,410.31,421.0
진안군 - 계 - 출하량,Statistics,1407.0,1699.0,1364.2,1528.5,1248.6,1917.85,1722.02,1122.73,1174.66,893.82
진안군 - 무농약농산물 - 건수,Statistics,258.0,248.0,217.0,170.0,153.0,140.0,133.0,113.0,83.0,79.0
진안군 - 무농약농산물 - 농가수,Statistics,356.0,344.0,278.0,222.0,188.0,167.0,152.0,126.0,95.0,83.0
진안군 - 무농약농산물 - 면적,Statistics,466.0,489.0,403.4,303.5,258.21,248.19,236.45,247.15,229.18,227.58
진안군 - 무농약농산물 - 출하량,Statistics,1321.0,1561.0,1033.5,972.3,606.08,1090.48,869.71,693.3,785.15,628.31
진안군 - 유기농산물 - 건수,Statistics,29.0,38.0,34.0,37.0,48.0,56.0,63.0,69.0,82.0,89.0
진안군 - 유기농산물 - 농가수,Statistics,38.0,51.0,43.0,43.0,66.0,73.0,70.0,77.0,82.0,89.0
진안군 - 유기농산물 - 면적,Statistics,82.0,97.0,75.2,138.7,171.31,175.8,147.97,179.8,181.13,193.42
진안군 - 유기농산물 - 출하량,Statistics,86.0,138.0,330.7,556.2,642.53,827.37,852.31,429.44,389.51,265.51
진안군 - 저농약농산물 - 건수,Statistics,1.0,,,,,,,,,
진안군 - 저농약농산물 - 농가수,Statistics,1.0,,,,,,,,,
진주시 - 계 - 건수,Statistics,192.0,162.0,137.0,147.0,154.0,170.0,169.0,171.0,169.0,172.0
진주시 - 계 - 농가수,Statistics,243.0,184.0,159.0,190.0,197.0,213.0,235.0,267.0,223.0,275.0
진주시 - 계 - 면적,Statistics,293.0,118.0,107.5,126.5,136.45,147.87,168.86,183.15,156.36,205.11
진주시 - 계 - 출하량,Statistics,7501.0,4579.0,3648.7,4202.4,4071.22,4900.1,5724.06,6158.39,5536.41,5751.86
진주시 - 무농약농산물 - 건수,Statistics,98.0,126.0,105.0,122.0,131.0,148.0,145.0,146.0,144.0,145.0
진주시 - 무농약농산물 - 농가수,Statistics,121.0,148.0,127.0,165.0,174.0,191.0,211.0,242.0,198.0,248.0
진주시 - 무농약농산물 - 면적,Statistics,72.0,92.0,78.1,106.2,114.48,127.0,141.03,155.43,127.56,178.4
진주시 - 무농약농산물 - 출하량,Statistics,3140.0,3719.0,3183.9,3764.8,3706.36,4464.5,5230.53,5661.28,5143.17,5056.43
진주시 - 유기농산물 - 건수,Statistics,37.0,36.0,32.0,25.0,23.0,22.0,24.0,25.0,25.0,27.0
진주시 - 유기농산물 - 농가수,Statistics,37.0,36.0,32.0,25.0,23.0,22.0,24.0,25.0,25.0,27.0
진주시 - 유기농산물 - 면적,Statistics,25.0,26.0,29.4,20.3,21.97,20.87,27.83,27.73,28.8,26.71
진주시 - 유기농산물 - 출하량,Statistics,814.0,860.0,464.8,437.6,364.85,435.6,493.53,497.1,393.24,695.43
진주시 - 저농약농산물 - 건수,Statistics,57.0,,,,,,,,,
진주시 - 저농약농산물 - 농가수,Statistics,85.0,,,,,,,,,
진주시 - 저농약농산물 - 면적,Statistics,196.0,,,,,,,,,
진주시 - 저농약농산물 - 출하량,Statistics,3547.0,,,,,,,,,
진천군 - 계 - 건수,Statistics,83.0,92.0,73.0,66.0,56.0,62.0,69.0,65.0,63.0,57.0
진천군 - 계 - 농가수,Statistics,389.0,464.0,293.0,262.0,230.0,235.0,244.0,238.0,217.0,188.0
진천군 - 계 - 면적,Statistics,414.0,489.0,304.2,281.9,251.8,254.28,250.67,236.83,208.17,175.32
진천군 - 계 - 출하량,Statistics,4978.0,3958.0,3590.5,3463.1,4590.02,3645.79,4823.8,3620.93,2549.58,2945.77
진천군 - 무농약농산물 - 건수,Statistics,63.0,76.0,58.0,52.0,44.0,50.0,56.0,50.0,48.0,44.0
진천군 - 무농약농산물 - 농가수,Statistics,299.0,387.0,221.0,194.0,167.0,172.0,177.0,174.0,156.0,135.0
진천군 - 무농약농산물 - 면적,Statistics,340.0,430.0,249.2,231.3,201.96,209.12,203.54,192.78,168.02,139.62
진천군 - 무농약농산물 - 출하량,Statistics,4304.0,3137.0,2923.1,2877.2,4020.14,2944.35,3817.82,2740.8,1845.44,2162.15
진천군 - 유기농산물 - 건수,Statistics,14.0,16.0,15.0,14.0,12.0,12.0,13.0,15.0,15.0,13.0
진천군 - 유기농산물 - 농가수,Statistics,76.0,77.0,72.0,68.0,63.0,63.0,67.0,64.0,61.0,53.0
진천군 - 유기농산물 - 면적,Statistics,61.0,59.0,55.0,50.6,49.84,45.16,47.13,44.05,40.16,35.7
진천군 - 유기농산물 - 출하량,Statistics,674.0,821.0,667.4,585.9,569.88,701.44,1005.98,880.13,704.13,783.62
진천군 - 저농약농산물 - 건수,Statistics,6.0,,,,,,,,,
진천군 - 저농약농산물 - 농가수,Statistics,14.0,,,,,,,,,
진천군 - 저농약농산물 - 면적,Statistics,13.0,,,,,,,,,
창녕군 - 계 - 건수,Statistics,56.0,49.0,64.0,120.0,67.0,85.0,91.0,101.0,106.0,118.0
창녕군 - 계 - 농가수,Statistics,244.0,205.0,192.0,185.0,189.0,220.0,146.0,193.0,206.0,229.0
창녕군 - 계 - 면적,Statistics,240.0,183.0,182.2,163.6,178.56,211.92,187.5,221.53,247.52,287.68
창녕군 - 계 - 출하량,Statistics,4256.0,2498.0,4088.4,3194.7,4027.78,4079.12,4299.92,3985.46,4952.04,6299.54
창녕군 - 무농약농산물 - 건수,Statistics,35.0,40.0,53.0,110.0,59.0,72.0,81.0,86.0,89.0,100.0
창녕군 - 무농약농산물 - 농가수,Statistics,146.0,146.0,137.0,138.0,147.0,115.0,95.0,140.0,149.0,161.0
창녕군 - 무농약농산물 - 면적,Statistics,128.0,143.0,148.8,133.8,150.81,135.5,145.64,175.16,199.42,233.1
창녕군 - 무농약농산물 - 출하량,Statistics,2774.0,2288.0,3905.5,3025.8,3846.34,3622.41,4039.35,3653.3,4767.8,6092.44
창녕군 - 유기농산물 - 건수,Statistics,9.0,9.0,11.0,10.0,8.0,13.0,10.0,15.0,17.0,18.0
창녕군 - 유기농산물 - 농가수,Statistics,68.0,59.0,55.0,47.0,42.0,105.0,51.0,53.0,57.0,68.0
창녕군 - 유기농산물 - 면적,Statistics,50.0,40.0,33.4,29.8,27.74,76.41,41.86,46.37,48.1,54.57
창녕군 - 유기농산물 - 출하량,Statistics,229.0,210.0,182.9,168.9,181.45,456.71,260.56,332.17,184.24,207.1
창녕군 - 저농약농산물 - 건수,Statistics,12.0,,,,,,,,,
창녕군 - 저농약농산물 - 농가수,Statistics,30.0,,,,,,,,,
창녕군 - 저농약농산물 - 면적,Statistics,62.0,,,,,,,,,
창녕군 - 저농약농산물 - 출하량,Statistics,1253.0,,,,,,,,,
천안시 - 계 - 건수,Statistics,164.0,151.0,169.0,146.0,171.0,175.0,208.0,179.0,176.0,195.0
천안시 - 계 - 농가수,Statistics,454.0,381.0,372.0,275.0,353.0,357.0,386.0,354.0,356.0,382.0
천안시 - 계 - 면적,Statistics,438.0,408.0,365.5,332.6,369.38,355.65,276.67,259.5,273.42,295.94
천안시 - 계 - 출하량,Statistics,9648.0,7690.0,6810.5,6075.1,7944.19,4408.33,7568.24,8112.41,8609.3,4825.92
천안시 - 무농약농산물 - 건수,Statistics,112.0,134.0,151.0,127.0,148.0,151.0,183.0,156.0,150.0,168.0
천안시 - 무농약농산물 - 농가수,Statistics,167.0,211.0,191.0,157.0,179.0,184.0,195.0,168.0,169.0,192.0
천안시 - 무농약농산물 - 면적,Statistics,115.0,273.0,220.5,144.4,152.27,157.47,115.3,99.33,114.8,136.27
천안시 - 무농약농산물 - 출하량,Statistics,4286.0,6498.0,5733.7,5384.8,7395.0,3635.01,6577.21,7238.58,7705.67,3933.06
천안시 - 유기농산물 - 건수,Statistics,17.0,17.0,18.0,19.0,23.0,24.0,25.0,23.0,26.0,27.0
천안시 - 유기농산물 - 농가수,Statistics,161.0,170.0,181.0,118.0,174.0,173.0,191.0,186.0,187.0,190.0
천안시 - 유기농산물 - 면적,Statistics,136.0,135.0,145.0,188.2,217.11,198.19,161.36,160.17,158.61,159.67
천안시 - 유기농산물 - 출하량,Statistics,1226.0,1192.0,1076.8,690.3,549.19,773.33,991.03,873.82,903.63,892.86
천안시 - 저농약농산물 - 건수,Statistics,35.0,,,,,,,,,
천안시 - 저농약농산물 - 농가수,Statistics,126.0,,,,,,,,,
천안시 - 저농약농산물 - 면적,Statistics,187.0,,,,,,,,,
천안시 - 저농약농산물 - 출하량,Statistics,4136.0,,,,,,,,,
철원군 - 계 - 건수,Statistics,57.0,58.0,69.0,53.0,52.0,88.0,82.0,81.0,75.0,75.0
철원군 - 계 - 농가수,Statistics,146.0,139.0,114.0,103.0,96.0,92.0,82.0,81.0,75.0,75.0
철원군 - 계 - 면적,Statistics,321.0,282.0,238.7,221.8,202.44,192.62,174.65,162.54,156.6,163.7
철원군 - 계 - 출하량,Statistics,1707.0,1706.0,1198.1,1211.6,1156.67,955.04,1152.09,766.46,649.76,867.4
철원군 - 무농약농산물 - 건수,Statistics,42.0,40.0,46.0,30.0,36.0,51.0,47.0,45.0,42.0,41.0
철원군 - 무농약농산물 - 농가수,Statistics,94.0,80.0,64.0,51.0,53.0,51.0,47.0,45.0,42.0,41.0
철원군 - 무농약농산물 - 면적,Statistics,206.0,156.0,136.1,119.0,122.5,120.9,106.65,87.95,85.38,76.99
철원군 - 무농약농산물 - 출하량,Statistics,1070.0,947.0,741.4,638.5,633.74,588.76,712.36,401.98,373.15,403.33
철원군 - 유기농산물 - 건수,Statistics,15.0,18.0,23.0,23.0,16.0,37.0,35.0,36.0,33.0,34.0
철원군 - 유기농산물 - 농가수,Statistics,52.0,59.0,50.0,52.0,43.0,41.0,35.0,36.0,33.0,34.0
철원군 - 유기농산물 - 면적,Statistics,115.0,126.0,102.6,102.8,79.94,71.72,68.01,74.59,71.22,86.71
철원군 - 유기농산물 - 출하량,Statistics,637.0,759.0,456.7,573.1,522.93,366.27,439.73,364.49,276.6,464.07
청도군 - 계 - 건수,Statistics,124.0,117.0,111.0,103.0,97.0,117.0,105.0,101.0,104.0,110.0
청도군 - 계 - 농가수,Statistics,291.0,238.0,225.0,215.0,204.0,210.0,192.0,183.0,179.0,179.0
청도군 - 계 - 면적,Statistics,191.0,137.0,146.9,130.9,105.54,110.97,84.3,80.89,85.68,91.07
청도군 - 계 - 출하량,Statistics,28965.0,20146.0,20489.0,17676.5,20775.08,43637.6,18868.07,17484.54,39854.01,41161.91
청도군 - 무농약농산물 - 건수,Statistics,97.0,107.0,103.0,95.0,90.0,108.0,96.0,93.0,96.0,101.0
청도군 - 무농약농산물 - 농가수,Statistics,222.0,228.0,217.0,207.0,197.0,201.0,183.0,175.0,171.0,170.0
청도군 - 무농약농산물 - 면적,Statistics,145.0,131.0,142.8,126.8,101.6,93.18,76.04,72.93,77.93,82.16
청도군 - 무농약농산물 - 출하량,Statistics,28238.0,20111.0,20215.1,17014.4,20722.21,43331.21,18666.77,16952.51,39319.61,40507.59
청도군 - 유기농산물 - 건수,Statistics,12.0,10.0,8.0,8.0,7.0,9.0,9.0,8.0,8.0,9.0
청도군 - 유기농산물 - 농가수,Statistics,12.0,10.0,8.0,8.0,7.0,9.0,9.0,8.0,8.0,9.0
청도군 - 유기농산물 - 면적,Statistics,6.0,6.0,4.1,4.1,3.94,17.79,8.26,7.96,7.75,8.91
청도군 - 유기농산물 - 출하량,Statistics,40.0,35.0,273.9,662.1,52.86,306.39,201.3,532.03,534.39,654.33
청도군 - 저농약농산물 - 건수,Statistics,15.0,,,,,,,,,
청도군 - 저농약농산물 - 농가수,Statistics,57.0,,,,,,,,,
청도군 - 저농약농산물 - 면적,Statistics,40.0,,,,,,,,,
청도군 - 저농약농산물 - 출하량,Statistics,687.0,,,,,,,,,
청송군 - 계 - 건수,Statistics,65.0,56.0,67.0,61.0,55.0,56.0,47.0,51.0,53.0,54.0
청송군 - 계 - 농가수,Statistics,117.0,78.0,85.0,76.0,70.0,69.0,57.0,61.0,61.0,62.0
청송군 - 계 - 면적,Statistics,190.0,94.0,116.6,105.0,101.62,98.75,82.99,92.07,108.85,118.63
청송군 - 계 - 출하량,Statistics,1026.0,700.0,729.8,548.4,551.19,929.84,908.29,438.81,1081.21,737.25
청송군 - 무농약농산물 - 건수,Statistics,37.0,44.0,52.0,48.0,42.0,40.0,28.0,29.0,31.0,31.0
청송군 - 무농약농산물 - 농가수,Statistics,66.0,63.0,70.0,63.0,57.0,53.0,38.0,39.0,39.0,39.0
청송군 - 무농약농산물 - 면적,Statistics,84.0,66.0,85.0,74.2,75.68,68.88,48.66,51.04,69.56,79.2
청송군 - 무농약농산물 - 출하량,Statistics,371.0,340.0,436.4,458.0,396.99,475.44,395.43,295.38,873.89,565.81
청송군 - 유기농산물 - 건수,Statistics,13.0,12.0,15.0,13.0,13.0,16.0,19.0,22.0,22.0,23.0
청송군 - 유기농산물 - 농가수,Statistics,16.0,15.0,15.0,13.0,13.0,16.0,19.0,22.0,22.0,23.0
청송군 - 유기농산물 - 면적,Statistics,41.0,28.0,31.6,30.8,25.94,29.87,34.33,41.03,39.29,39.43
청송군 - 유기농산물 - 출하량,Statistics,237.0,360.0,293.4,90.4,154.2,454.4,512.86,143.43,207.33,171.44
청송군 - 저농약농산물 - 건수,Statistics,15.0,,,,,,,,,
청송군 - 저농약농산물 - 농가수,Statistics,35.0,,,,,,,,,
청송군 - 저농약농산물 - 면적,Statistics,65.0,,,,,,,,,
청송군 - 저농약농산물 - 출하량,Statistics,418.0,,,,,,,,,
청양군 - 계 - 건수,Statistics,79.0,117.0,119.0,113.0,144.0,215.0,222.0,210.0,200.0,182.0
청양군 - 계 - 농가수,Statistics,402.0,449.0,413.0,368.0,402.0,444.0,430.0,398.0,383.0,353.0
청양군 - 계 - 면적,Statistics,862.0,788.0,695.5,637.5,651.27,669.13,639.15,613.33,622.9,582.21
청양군 - 계 - 출하량,Statistics,1400.0,1671.0,1528.4,1877.0,1424.37,2431.01,1712.72,1380.34,1511.88,1379.93
청양군 - 무농약농산물 - 건수,Statistics,56.0,93.0,93.0,85.0,105.0,172.0,179.0,167.0,149.0,128.0
청양군 - 무농약농산물 - 농가수,Statistics,280.0,292.0,225.0,181.0,202.0,238.0,233.0,205.0,189.0,161.0
청양군 - 무농약농산물 - 면적,Statistics,537.0,355.0,227.6,149.6,176.14,167.15,157.85,126.45,132.39,121.3
청양군 - 무농약농산물 - 출하량,Statistics,814.0,1229.0,816.4,1220.2,751.15,821.57,1030.49,891.25,975.13,845.16
청양군 - 유기농산물 - 건수,Statistics,23.0,24.0,26.0,28.0,39.0,43.0,43.0,43.0,51.0,54.0
청양군 - 유기농산물 - 농가수,Statistics,122.0,157.0,188.0,187.0,200.0,206.0,197.0,193.0,194.0,192.0
청양군 - 유기농산물 - 면적,Statistics,325.0,433.0,467.9,487.9,475.13,501.99,481.31,486.88,490.51,460.91
청양군 - 유기농산물 - 출하량,Statistics,586.0,442.0,712.0,656.8,673.22,1609.44,682.23,489.08,536.75,534.76
청주시 - 계 - 건수,Statistics,224.0,280.0,304.0,297.0,315.0,342.0,326.0,308.0,321.0,288.0
청주시 - 계 - 농가수,Statistics,951.0,1148.0,1001.0,944.0,915.0,906.0,922.0,877.0,875.0,866.0
청주시 - 계 - 면적,Statistics,763.0,992.0,879.5,831.7,807.32,737.56,767.55,712.67,698.87,689.81
청주시 - 계 - 출하량,Statistics,10684.0,9033.0,8101.7,10231.2,10942.8,10313.44,13539.11,9398.91,10218.48,9790.91
청주시 - 무농약농산물 - 건수,Statistics,148.0,196.0,211.0,200.0,192.0,215.0,195.0,173.0,182.0,156.0
청주시 - 무농약농산물 - 농가수,Statistics,618.0,836.0,701.0,637.0,577.0,358.0,304.0,245.0,252.0,230.0
청주시 - 무농약농산물 - 면적,Statistics,480.0,712.0,617.4,565.4,486.52,257.81,217.81,165.27,167.25,159.32
청주시 - 무농약농산물 - 출하량,Statistics,6823.0,6889.0,5764.2,7655.7,7554.77,6107.67,7862.18,4929.92,5725.23,5521.39
청주시 - 유기농산물 - 건수,Statistics,74.0,84.0,93.0,97.0,123.0,127.0,131.0,135.0,139.0,132.0
청주시 - 유기농산물 - 농가수,Statistics,307.0,312.0,300.0,307.0,338.0,548.0,618.0,632.0,623.0,636.0
청주시 - 유기농산물 - 면적,Statistics,273.0,280.0,262.1,266.3,320.79,479.75,549.75,547.4,531.62,530.48
청주시 - 유기농산물 - 출하량,Statistics,3835.0,2144.0,2337.5,2575.5,3388.04,4205.77,5676.93,4468.99,4493.23,4269.54
청주시 - 저농약농산물 - 건수,Statistics,2.0,,,,,,,,,
청주시 - 저농약농산물 - 농가수,Statistics,26.0,,,,,,,,,
청주시 - 저농약농산물 - 면적,Statistics,10.0,,,,,,,,,
청주시 - 저농약농산물 - 출하량,Statistics,26.0,,,,,,,,,
춘천시 - 계 - 건수,Statistics,97.0,147.0,145.0,150.0,182.0,197.0,180.0,180.0,187.0,186.0
춘천시 - 계 - 농가수,Statistics,186.0,191.0,160.0,166.0,182.0,205.0,188.0,186.0,192.0,186.0
춘천시 - 계 - 면적,Statistics,166.0,175.0,127.2,124.8,241.7,176.55,188.94,178.31,187.79,173.02
춘천시 - 계 - 출하량,Statistics,1795.0,1495.0,1164.8,826.5,943.9,871.2,631.98,635.97,640.64,598.1
춘천시 - 무농약농산물 - 건수,Statistics,71.0,125.0,132.0,137.0,166.0,178.0,160.0,159.0,163.0,163.0
춘천시 - 무농약농산물 - 농가수,Statistics,154.0,169.0,147.0,153.0,166.0,186.0,168.0,165.0,168.0,163.0
춘천시 - 무농약농산물 - 면적,Statistics,131.0,148.0,107.9,107.3,210.33,144.55,158.74,143.41,151.14,134.28
춘천시 - 무농약농산물 - 출하량,Statistics,1423.0,1294.0,1046.2,734.2,857.65,826.74,582.28,597.58,589.63,549.63
춘천시 - 유기농산물 - 건수,Statistics,20.0,22.0,13.0,13.0,16.0,19.0,20.0,21.0,24.0,23.0
춘천시 - 유기농산물 - 농가수,Statistics,25.0,22.0,13.0,13.0,16.0,19.0,20.0,21.0,24.0,23.0
춘천시 - 유기농산물 - 면적,Statistics,30.0,27.0,19.3,17.5,31.37,32.0,30.2,34.89,36.65,38.74
춘천시 - 유기농산물 - 출하량,Statistics,250.0,201.0,118.6,92.3,86.25,44.46,49.69,38.39,51.01,48.46
춘천시 - 저농약농산물 - 건수,Statistics,6.0,,,,,,,,,
춘천시 - 저농약농산물 - 농가수,Statistics,7.0,,,,,,,,,
춘천시 - 저농약농산물 - 면적,Statistics,5.0,,,,,,,,,
춘천시 - 저농약농산물 - 출하량,Statistics,122.0,,,,,,,,,
충주시 - 계 - 건수,Statistics,213.0,185.0,198.0,211.0,236.0,255.0,243.0,246.0,235.0,232.0
충주시 - 계 - 농가수,Statistics,480.0,354.0,348.0,313.0,311.0,349.0,328.0,332.0,322.0,311.0
충주시 - 계 - 면적,Statistics,566.0,439.0,433.8,417.6,406.64,424.73,400.23,382.43,382.61,366.59
충주시 - 계 - 출하량,Statistics,5536.0,3987.0,5121.6,4005.1,4468.78,4119.51,4606.19,4272.36,4068.0,4485.07
충주시 - 무농약농산물 - 건수,Statistics,121.0,123.0,124.0,133.0,142.0,150.0,126.0,125.0,123.0,126.0
충주시 - 무농약농산물 - 농가수,Statistics,260.0,249.0,213.0,174.0,142.0,150.0,126.0,125.0,123.0,126.0
충주시 - 무농약농산물 - 면적,Statistics,277.0,281.0,251.9,231.7,196.09,146.35,110.64,86.24,94.01,94.27
충주시 - 무농약농산물 - 출하량,Statistics,2281.0,2779.0,3153.2,2643.1,2481.16,2547.58,3089.01,2818.07,2721.08,3015.59
충주시 - 유기농산물 - 건수,Statistics,61.0,62.0,74.0,78.0,94.0,105.0,117.0,121.0,112.0,106.0
충주시 - 유기농산물 - 농가수,Statistics,102.0,105.0,135.0,139.0,169.0,199.0,202.0,207.0,199.0,185.0
충주시 - 유기농산물 - 면적,Statistics,155.0,158.0,181.9,185.9,210.54,278.39,289.59,296.18,288.6,272.32
충주시 - 유기농산물 - 출하량,Statistics,1209.0,1208.0,1968.4,1362.0,1987.62,1571.92,1517.18,1454.29,1346.92,1469.47
충주시 - 저농약농산물 - 건수,Statistics,31.0,,,,,,,,,
충주시 - 저농약농산물 - 농가수,Statistics,118.0,,,,,,,,,
충주시 - 저농약농산물 - 면적,Statistics,134.0,,,,,,,,,
충주시 - 저농약농산물 - 출하량,Statistics,2046.0,,,,,,,,,
충청남도 소계 - 계 - 건수,Statistics,1572.0,1558.0,1504.0,1566.0,1859.0,2129.0,2159.0,2102.0,2090.0,2082.0
충청남도 소계 - 계 - 농가수,Statistics,5544.0,4976.0,4321.0,4132.0,4272.0,4311.0,4180.0,3986.0,3922.0,3755.0
충청남도 소계 - 계 - 면적,Statistics,6950.0,6100.0,5228.9,5125.1,5203.53,5168.52,4858.68,4708.21,4864.62,4553.91
충청남도 소계 - 계 - 출하량,Statistics,51713.0,50634.0,43955.0,39618.8,43103.16,39855.04,43463.22,39204.27,39600.96,32877.98
충청남도 소계 - 무농약농산물 - 건수,Statistics,1141.0,1244.0,1176.0,1130.0,1344.0,1545.0,1532.0,1457.0,1416.0,1383.0
충청남도 소계 - 무농약농산물 - 농가수,Statistics,3144.0,3077.0,2622.0,2175.0,2250.0,2323.0,2197.0,2057.0,2029.0,1904.0
충청남도 소계 - 무농약농산물 - 면적,Statistics,3709.0,3521.0,2895.7,2292.6,2224.37,2185.4,2019.04,1923.52,2049.89,1813.14
충청남도 소계 - 무농약농산물 - 출하량,Statistics,22710.0,31682.0,28166.3,24045.0,28185.92,24608.75,28011.59,25907.04,26495.02,20943.56
충청남도 소계 - 유기농산물 - 건수,Statistics,269.0,314.0,328.0,436.0,515.0,584.0,627.0,645.0,674.0,699.0
충청남도 소계 - 유기농산물 - 농가수,Statistics,1768.0,1899.0,1699.0,1957.0,2022.0,1988.0,1983.0,1929.0,1893.0,1851.0
충청남도 소계 - 유기농산물 - 면적,Statistics,2420.0,2579.0,2333.2,2832.5,2979.16,2983.12,2839.64,2784.7,2814.73,2740.77
충청남도 소계 - 유기농산물 - 출하량,Statistics,14401.0,18952.0,15788.7,15573.8,14917.24,15246.29,15451.63,13297.23,13105.94,11934.42
충청남도 소계 - 저농약농산물 - 건수,Statistics,162.0,,,,,,,,,
충청남도 소계 - 저농약농산물 - 농가수,Statistics,632.0,,,,,,,,,
충청남도 소계 - 저농약농산물 - 면적,Statistics,821.0,,,,,,,,,
충청남도 소계 - 저농약농산물 - 출하량,Statistics,14602.0,,,,,,,,,
충청북도 소계 - 계 - 건수,Statistics,1270.0,1475.0,1621.0,1730.0,1680.0,1791.0,1776.0,1785.0,1718.0,1658.0
충청북도 소계 - 계 - 농가수,Statistics,3574.0,4018.0,3536.0,3280.0,3074.0,3148.0,3167.0,3143.0,3057.0,2957.0
충청북도 소계 - 계 - 면적,Statistics,3379.0,3607.0,3238.6,3037.6,2907.47,3004.28,2998.69,2942.45,2889.92,2894.85
충청북도 소계 - 계 - 출하량,Statistics,41840.0,44136.0,41483.6,39688.8,43805.41,38841.84,48769.1,35622.36,37153.4,41742.6
충청북도 소계 - 무농약농산물 - 건수,Statistics,893.0,1131.0,1220.0,1298.0,1146.0,1176.0,1129.0,1099.0,1060.0,1003.0
충청북도 소계 - 무농약농산물 - 농가수,Statistics,2390.0,3118.0,2580.0,2315.0,1941.0,1721.0,1598.0,1520.0,1474.0,1379.0
충청북도 소계 - 무농약농산물 - 면적,Statistics,2158.0,2685.0,2272.7,1998.3,1689.31,1474.28,1365.38,1247.12,1255.75,1248.12
충청북도 소계 - 무농약농산물 - 출하량,Statistics,27024.0,35793.0,31203.9,31952.0,32608.37,28399.05,35988.48,24985.37,26504.62,31183.42
충청북도 소계 - 유기농산물 - 건수,Statistics,288.0,344.0,401.0,432.0,534.0,615.0,647.0,686.0,658.0,655.0
충청북도 소계 - 유기농산물 - 농가수,Statistics,854.0,900.0,956.0,965.0,1133.0,1427.0,1569.0,1623.0,1583.0,1578.0
충청북도 소계 - 유기농산물 - 면적,Statistics,891.0,922.0,965.9,1039.3,1218.16,1530.0,1633.31,1695.33,1634.17,1646.73
충청북도 소계 - 유기농산물 - 출하량,Statistics,8862.0,8343.0,10279.7,7736.8,11197.05,10442.79,12780.62,10636.99,10648.78,10559.18
충청북도 소계 - 저농약농산물 - 건수,Statistics,89.0,,,,,,,,,
충청북도 소계 - 저농약농산물 - 농가수,Statistics,330.0,,,,,,,,,
충청북도 소계 - 저농약농산물 - 면적,Statistics,330.0,,,,,,,,,
충청북도 소계 - 저농약농산물 - 출하량,Statistics,5954.0,,,,,,,,,
칠곡군 - 계 - 건수,Statistics,60.0,59.0,59.0,53.0,50.0,56.0,49.0,39.0,39.0,44.0
칠곡군 - 계 - 농가수,Statistics,96.0,59.0,59.0,53.0,50.0,56.0,49.0,39.0,39.0,44.0
칠곡군 - 계 - 면적,Statistics,102.0,55.0,52.3,50.6,50.97,55.56,57.99,32.62,45.74,66.82
칠곡군 - 계 - 출하량,Statistics,787.0,492.0,591.0,786.0,1193.53,1151.36,1186.78,965.94,892.06,919.51
칠곡군 - 무농약농산물 - 건수,Statistics,42.0,52.0,52.0,47.0,44.0,50.0,43.0,34.0,33.0,37.0
칠곡군 - 무농약농산물 - 농가수,Statistics,50.0,52.0,52.0,47.0,44.0,50.0,43.0,34.0,33.0,37.0
칠곡군 - 무농약농산물 - 면적,Statistics,41.0,44.0,41.2,40.8,41.28,42.95,45.87,20.4,33.49,54.14
칠곡군 - 무농약농산물 - 출하량,Statistics,600.0,462.0,558.9,739.4,1177.21,1129.7,1162.38,945.47,868.3,901.54
칠곡군 - 유기농산물 - 건수,Statistics,7.0,7.0,7.0,6.0,6.0,6.0,6.0,5.0,6.0,7.0
칠곡군 - 유기농산물 - 농가수,Statistics,7.0,7.0,7.0,6.0,6.0,6.0,6.0,5.0,6.0,7.0
칠곡군 - 유기농산물 - 면적,Statistics,8.0,11.0,11.1,9.8,9.69,12.61,12.11,12.21,12.25,12.68
칠곡군 - 유기농산물 - 출하량,Statistics,33.0,30.0,32.1,46.6,16.32,21.66,24.4,20.47,23.76,17.97
칠곡군 - 저농약농산물 - 건수,Statistics,11.0,,,,,,,,,
칠곡군 - 저농약농산물 - 농가수,Statistics,39.0,,,,,,,,,
칠곡군 - 저농약농산물 - 면적,Statistics,53.0,,,,,,,,,
칠곡군 - 저농약농산물 - 출하량,Statistics,154.0,,,,,,,,,
태백시 - 계 - 건수,Statistics,4.0,9.0,11.0,12.0,20.0,26.0,31.0,26.0,27.0,26.0
태백시 - 계 - 농가수,Statistics,4.0,9.0,11.0,12.0,20.0,26.0,31.0,26.0,27.0,26.0
태백시 - 계 - 면적,Statistics,4.0,10.0,11.6,16.4,22.55,29.88,38.27,34.72,36.89,35.98
태백시 - 계 - 출하량,Statistics,49.0,135.0,72.4,27.8,57.59,26.39,52.14,51.01,40.83,62.07
태백시 - 무농약농산물 - 건수,Statistics,3.0,8.0,10.0,11.0,16.0,22.0,26.0,20.0,16.0,9.0
태백시 - 무농약농산물 - 농가수,Statistics,3.0,8.0,10.0,11.0,16.0,22.0,26.0,20.0,16.0,9.0
태백시 - 무농약농산물 - 면적,Statistics,4.0,9.0,11.6,16.4,16.54,23.52,25.99,21.79,15.3,6.07
태백시 - 무농약농산물 - 출하량,Statistics,49.0,133.0,72.4,27.8,18.59,18.84,40.14,38.19,25.72,26.17
태백시 - 유기농산물 - 건수,Statistics,1.0,1.0,1.0,1.0,4.0,4.0,5.0,6.0,11.0,17.0
태백시 - 유기농산물 - 농가수,Statistics,1.0,1.0,1.0,1.0,4.0,4.0,5.0,6.0,11.0,17.0
태백시 - 유기농산물 - 면적,Statistics,,1.0,,,6.0,6.36,12.28,12.93,21.58,29.92
태백시 - 유기농산물 - 출하량,Statistics,,2.0,,,38.99,7.54,12.0,12.82,15.11,35.9
태안군 - 계 - 건수,Statistics,51.0,57.0,47.0,97.0,108.0,123.0,131.0,135.0,119.0,110.0
태안군 - 계 - 농가수,Statistics,164.0,125.0,106.0,97.0,108.0,123.0,131.0,135.0,119.0,110.0
태안군 - 계 - 면적,Statistics,106.0,50.0,49.6,38.7,45.59,64.74,67.67,67.46,65.89,60.07
태안군 - 계 - 출하량,Statistics,385.0,706.0,1259.4,354.9,308.21,599.34,737.17,557.74,862.53,407.65
태안군 - 무농약농산물 - 건수,Statistics,33.0,27.0,14.0,19.0,36.0,49.0,51.0,49.0,41.0,34.0
태안군 - 무농약농산물 - 농가수,Statistics,65.0,33.0,14.0,19.0,36.0,49.0,51.0,49.0,41.0,34.0
태안군 - 무농약농산물 - 면적,Statistics,64.0,18.0,10.6,14.8,23.61,39.78,39.72,28.19,22.86,19.75
태안군 - 무농약농산물 - 출하량,Statistics,212.0,370.0,50.9,76.0,144.33,300.2,287.78,175.69,358.63,115.93
태안군 - 유기농산물 - 건수,Statistics,17.0,30.0,33.0,78.0,72.0,74.0,80.0,86.0,78.0,76.0
태안군 - 유기농산물 - 농가수,Statistics,93.0,92.0,92.0,78.0,72.0,74.0,80.0,86.0,78.0,76.0
태안군 - 유기농산물 - 면적,Statistics,33.0,32.0,39.0,23.9,21.98,24.96,27.95,39.27,43.03,40.32
태안군 - 유기농산물 - 출하량,Statistics,173.0,336.0,1208.5,278.9,163.88,299.14,449.39,382.04,503.9,291.72
태안군 - 저농약농산물 - 건수,Statistics,1.0,,,,,,,,,
태안군 - 저농약농산물 - 농가수,Statistics,6.0,,,,,,,,,
태안군 - 저농약농산물 - 면적,Statistics,9.0,,,,,,,,,
파주시 - 계 - 건수,Statistics,106.0,117.0,173.0,185.0,203.0,222.0,215.0,185.0,180.0,195.0
파주시 - 계 - 농가수,Statistics,187.0,133.0,173.0,185.0,203.0,222.0,215.0,185.0,180.0,195.0
파주시 - 계 - 면적,Statistics,310.0,278.0,360.0,388.3,439.33,487.46,425.31,395.56,515.81,546.21
파주시 - 계 - 출하량,Statistics,6000.0,24682.0,2967.2,3064.5,3154.53,3793.08,3839.8,2827.18,3325.92,3381.0
파주시 - 무농약농산물 - 건수,Statistics,85.0,102.0,148.0,164.0,175.0,192.0,187.0,157.0,153.0,172.0
파주시 - 무농약농산물 - 농가수,Statistics,135.0,106.0,148.0,164.0,175.0,192.0,187.0,157.0,153.0,172.0
파주시 - 무농약농산물 - 면적,Statistics,210.0,216.0,323.4,365.5,405.05,452.54,391.73,360.88,481.66,513.4
파주시 - 무농약농산물 - 출하량,Statistics,3718.0,24363.0,2761.0,2870.2,2805.04,3432.92,3330.07,2367.5,2836.42,2942.06
파주시 - 유기농산물 - 건수,Statistics,11.0,15.0,25.0,21.0,28.0,30.0,28.0,28.0,27.0,23.0
파주시 - 유기농산물 - 농가수,Statistics,25.0,27.0,25.0,21.0,28.0,30.0,28.0,28.0,27.0,23.0
파주시 - 유기농산물 - 면적,Statistics,61.0,62.0,36.6,22.8,34.27,34.92,33.58,34.68,34.15,32.81
파주시 - 유기농산물 - 출하량,Statistics,492.0,319.0,206.2,194.3,349.49,360.15,509.73,459.68,489.5,438.94
파주시 - 저농약농산물 - 건수,Statistics,10.0,,,,,,,,,
파주시 - 저농약농산물 - 농가수,Statistics,27.0,,,,,,,,,
파주시 - 저농약농산물 - 면적,Statistics,39.0,,,,,,,,,
파주시 - 저농약농산물 - 출하량,Statistics,1790.0,,,,,,,,,
평창군 - 계 - 건수,Statistics,62.0,65.0,77.0,70.0,73.0,90.0,110.0,124.0,136.0,149.0
평창군 - 계 - 농가수,Statistics,77.0,79.0,85.0,77.0,80.0,96.0,115.0,129.0,140.0,153.0
평창군 - 계 - 면적,Statistics,428.0,403.0,301.2,271.1,313.15,355.45,439.42,468.46,510.36,600.96
평창군 - 계 - 출하량,Statistics,5269.0,3101.0,1862.9,1779.2,2192.47,1738.64,1599.81,2018.22,1872.0,2562.17
평창군 - 무농약농산물 - 건수,Statistics,43.0,45.0,57.0,50.0,49.0,59.0,81.0,84.0,92.0,92.0
평창군 - 무농약농산물 - 농가수,Statistics,58.0,59.0,65.0,57.0,56.0,65.0,86.0,89.0,96.0,96.0
평창군 - 무농약농산물 - 면적,Statistics,135.0,120.0,98.5,93.1,122.67,154.37,237.57,185.59,217.75,268.98
평창군 - 무농약농산물 - 출하량,Statistics,3458.0,1707.0,1619.1,1374.8,1751.52,1387.18,1065.76,901.34,1055.93,1620.85
평창군 - 유기농산물 - 건수,Statistics,18.0,20.0,20.0,20.0,24.0,31.0,29.0,40.0,44.0,57.0
평창군 - 유기농산물 - 농가수,Statistics,18.0,20.0,20.0,20.0,24.0,31.0,29.0,40.0,44.0,57.0
평창군 - 유기농산물 - 면적,Statistics,291.0,283.0,202.7,178.0,190.47,201.08,201.85,282.87,292.61,331.98
평창군 - 유기농산물 - 출하량,Statistics,1811.0,1394.0,243.8,404.4,440.95,351.46,534.04,1116.87,816.07,941.32
평창군 - 저농약농산물 - 건수,Statistics,1.0,,,,,,,,,
평창군 - 저농약농산물 - 농가수,Statistics,1.0,,,,,,,,,
평창군 - 저농약농산물 - 면적,Statistics,2.0,,,,,,,,,
평택시 - 계 - 건수,Statistics,109.0,110.0,118.0,111.0,127.0,130.0,137.0,132.0,133.0,124.0
평택시 - 계 - 농가수,Statistics,176.0,149.0,136.0,122.0,136.0,139.0,145.0,138.0,139.0,130.0
평택시 - 계 - 면적,Statistics,171.0,113.0,105.8,102.1,101.22,114.88,104.87,92.2,102.14,105.89
평택시 - 계 - 출하량,Statistics,2430.0,3806.0,2100.9,1752.5,2481.89,4335.11,2356.83,2545.25,1636.37,3273.04
평택시 - 무농약농산물 - 건수,Statistics,80.0,92.0,101.0,99.0,114.0,118.0,119.0,115.0,115.0,108.0
평택시 - 무농약농산물 - 농가수,Statistics,116.0,127.0,119.0,110.0,123.0,127.0,127.0,121.0,121.0,114.0
평택시 - 무농약농산물 - 면적,Statistics,78.0,82.0,72.9,74.7,85.71,100.68,86.8,77.1,87.63,92.21
평택시 - 무농약농산물 - 출하량,Statistics,2080.0,3587.0,1903.1,1643.1,2390.33,4245.69,2175.26,2419.67,1491.8,3131.3
평택시 - 유기농산물 - 건수,Statistics,17.0,18.0,17.0,12.0,13.0,12.0,18.0,17.0,18.0,16.0
평택시 - 유기농산물 - 농가수,Statistics,21.0,22.0,17.0,12.0,13.0,12.0,18.0,17.0,18.0,16.0
평택시 - 유기농산물 - 면적,Statistics,33.0,31.0,32.9,27.4,15.51,14.19,18.06,15.1,14.51,13.68
평택시 - 유기농산물 - 출하량,Statistics,255.0,219.0,197.8,109.4,91.56,89.42,181.57,125.58,144.57,141.74
평택시 - 저농약농산물 - 건수,Statistics,12.0,,,,,,,,,
평택시 - 저농약농산물 - 농가수,Statistics,39.0,,,,,,,,,
평택시 - 저농약농산물 - 면적,Statistics,60.0,,,,,,,,,
평택시 - 저농약농산물 - 출하량,Statistics,95.0,,,,,,,,,
포천시 - 계 - 건수,Statistics,76.0,63.0,62.0,66.0,95.0,97.0,96.0,93.0,90.0,85.0
포천시 - 계 - 농가수,Statistics,147.0,63.0,62.0,66.0,95.0,97.0,112.0,93.0,90.0,85.0
포천시 - 계 - 면적,Statistics,120.0,55.0,55.2,66.5,73.0,64.82,61.43,55.93,47.37,48.71
포천시 - 계 - 출하량,Statistics,2052.0,1028.0,1287.0,1196.5,1190.54,1867.87,1340.18,968.9,1416.76,1289.44
포천시 - 무농약농산물 - 건수,Statistics,57.0,51.0,52.0,56.0,85.0,89.0,83.0,82.0,82.0,76.0
포천시 - 무농약농산물 - 농가수,Statistics,58.0,51.0,52.0,56.0,85.0,89.0,99.0,82.0,82.0,76.0
포천시 - 무농약농산물 - 면적,Statistics,51.0,37.0,39.8,54.2,63.87,53.94,48.4,41.25,35.46,35.69
포천시 - 무농약농산물 - 출하량,Statistics,1037.0,944.0,1240.3,1118.6,1164.64,1852.84,1308.79,947.41,1355.25,1257.68
포천시 - 유기농산물 - 건수,Statistics,11.0,12.0,10.0,10.0,10.0,8.0,13.0,11.0,8.0,9.0
포천시 - 유기농산물 - 농가수,Statistics,11.0,12.0,10.0,10.0,10.0,8.0,13.0,11.0,8.0,9.0
포천시 - 유기농산물 - 면적,Statistics,18.0,18.0,15.4,12.3,9.13,10.88,13.04,14.68,11.91,13.02
포천시 - 유기농산물 - 출하량,Statistics,67.0,84.0,46.7,77.9,25.89,15.03,31.38,21.49,61.51,31.75
포천시 - 저농약농산물 - 건수,Statistics,8.0,,,,,,,,,
포천시 - 저농약농산물 - 농가수,Statistics,78.0,,,,,,,,,
포천시 - 저농약농산물 - 면적,Statistics,51.0,,,,,,,,,
포천시 - 저농약농산물 - 출하량,Statistics,948.0,,,,,,,,,
포항시 - 계 - 건수,Statistics,143.0,135.0,134.0,145.0,157.0,175.0,185.0,185.0,197.0,177.0
포항시 - 계 - 농가수,Statistics,1229.0,776.0,685.0,652.0,675.0,675.0,731.0,612.0,671.0,629.0
포항시 - 계 - 면적,Statistics,974.0,589.0,530.5,505.2,527.21,498.55,533.34,441.25,489.92,512.08
포항시 - 계 - 출하량,Statistics,14402.0,5558.0,5400.7,3050.8,4422.19,5123.44,4508.69,4329.22,3393.31,3778.15
포항시 - 무농약농산물 - 건수,Statistics,98.0,126.0,126.0,135.0,145.0,160.0,168.0,166.0,179.0,161.0
포항시 - 무농약농산물 - 농가수,Statistics,762.0,676.0,597.0,570.0,594.0,590.0,592.0,479.0,546.0,510.0
포항시 - 무농약농산물 - 면적,Statistics,555.0,516.0,464.3,436.1,459.11,427.72,429.56,342.64,396.45,422.44
포항시 - 무농약농산물 - 출하량,Statistics,5037.0,4984.0,4869.3,2565.8,4118.84,4704.68,3925.48,3834.22,2964.18,3333.42
포항시 - 유기농산물 - 건수,Statistics,12.0,9.0,8.0,10.0,12.0,15.0,17.0,19.0,18.0,16.0
포항시 - 유기농산물 - 농가수,Statistics,111.0,100.0,88.0,82.0,81.0,85.0,139.0,133.0,125.0,119.0
포항시 - 유기농산물 - 면적,Statistics,78.0,73.0,66.2,69.1,68.1,70.83,103.78,98.61,93.46,89.64
포항시 - 유기농산물 - 출하량,Statistics,625.0,574.0,531.4,485.0,303.35,418.75,583.21,494.99,429.13,444.74
포항시 - 저농약농산물 - 건수,Statistics,33.0,,,,,,,,,
포항시 - 저농약농산물 - 농가수,Statistics,356.0,,,,,,,,,
포항시 - 저농약농산물 - 면적,Statistics,341.0,,,,,,,,,
포항시 - 저농약농산물 - 출하량,Statistics,8740.0,,,,,,,,,
하남시 - 계 - 건수,Statistics,14.0,16.0,12.0,9.0,13.0,12.0,11.0,13.0,16.0,14.0
하남시 - 계 - 농가수,Statistics,14.0,16.0,12.0,9.0,13.0,12.0,11.0,13.0,16.0,14.0
하남시 - 계 - 면적,Statistics,3.0,3.0,1.7,1.7,2.46,2.63,2.8,2.91,2.43,2.21
하남시 - 계 - 출하량,Statistics,228.0,180.0,190.9,149.7,151.99,92.8,143.71,163.04,129.27,133.14
하남시 - 무농약농산물 - 건수,Statistics,11.0,13.0,9.0,6.0,9.0,8.0,7.0,8.0,11.0,10.0
하남시 - 무농약농산물 - 농가수,Statistics,11.0,13.0,9.0,6.0,9.0,8.0,7.0,8.0,11.0,10.0
하남시 - 무농약농산물 - 면적,Statistics,2.0,2.0,0.7,0.5,1.13,1.3,1.22,1.33,1.33,1.25
하남시 - 무농약농산물 - 출하량,Statistics,176.0,135.0,146.5,112.5,117.01,41.51,104.4,89.7,88.89,108.82
하남시 - 유기농산물 - 건수,Statistics,3.0,3.0,3.0,3.0,4.0,4.0,4.0,5.0,5.0,4.0
하남시 - 유기농산물 - 농가수,Statistics,3.0,3.0,3.0,3.0,4.0,4.0,4.0,5.0,5.0,4.0
하남시 - 유기농산물 - 면적,Statistics,1.0,1.0,1.0,1.2,1.33,1.33,1.58,1.58,1.1,0.96
하남시 - 유기농산물 - 출하량,Statistics,52.0,45.0,44.4,37.2,34.98,51.29,39.31,73.34,40.38,24.32
하동군 - 계 - 건수,Statistics,326.0,316.0,300.0,288.0,295.0,310.0,317.0,299.0,327.0,391.0
하동군 - 계 - 농가수,Statistics,714.0,715.0,679.0,681.0,630.0,709.0,690.0,642.0,575.0,615.0
하동군 - 계 - 면적,Statistics,883.0,942.0,849.3,855.0,814.75,885.2,840.16,814.47,794.19,793.17
하동군 - 계 - 출하량,Statistics,2607.0,2500.0,2445.0,1813.9,1675.5,1895.9,2673.86,2533.87,1998.88,2051.74
하동군 - 무농약농산물 - 건수,Statistics,174.0,165.0,142.0,116.0,117.0,112.0,127.0,105.0,97.0,139.0
하동군 - 무농약농산물 - 농가수,Statistics,444.0,452.0,375.0,325.0,239.0,261.0,243.0,204.0,139.0,160.0
하동군 - 무농약농산물 - 면적,Statistics,465.0,489.0,377.1,317.8,262.19,269.98,241.35,216.45,194.49,187.7
하동군 - 무농약농산물 - 출하량,Statistics,1206.0,1282.0,1329.9,711.7,498.57,627.06,1444.48,1207.96,1094.29,827.58
하동군 - 유기농산물 - 건수,Statistics,133.0,151.0,158.0,172.0,178.0,198.0,190.0,194.0,230.0,252.0
하동군 - 유기농산물 - 농가수,Statistics,238.0,263.0,304.0,356.0,391.0,448.0,447.0,438.0,436.0,455.0
하동군 - 유기농산물 - 면적,Statistics,392.0,453.0,472.2,537.2,552.56,615.23,598.8,598.02,599.7,605.47
하동군 - 유기농산물 - 출하량,Statistics,1260.0,1218.0,1115.1,1102.2,1176.92,1268.84,1229.38,1325.91,904.59,1224.17
하동군 - 저농약농산물 - 건수,Statistics,19.0,,,,,,,,,
하동군 - 저농약농산물 - 농가수,Statistics,32.0,,,,,,,,,
하동군 - 저농약농산물 - 면적,Statistics,26.0,,,,,,,,,
하동군 - 저농약농산물 - 출하량,Statistics,141.0,,,,,,,,,
함안군 - 계 - 건수,Statistics,112.0,48.0,39.0,46.0,51.0,60.0,59.0,56.0,49.0,51.0
함안군 - 계 - 농가수,Statistics,251.0,107.0,80.0,72.0,94.0,108.0,104.0,104.0,101.0,103.0
함안군 - 계 - 면적,Statistics,279.0,96.0,84.4,71.6,88.8,106.39,93.85,89.2,84.07,84.66
함안군 - 계 - 출하량,Statistics,5250.0,63823.0,829.9,803.4,1166.41,1302.15,1631.22,2090.43,1840.99,1596.32
함안군 - 무농약농산물 - 건수,Statistics,43.0,43.0,36.0,43.0,46.0,55.0,54.0,51.0,43.0,44.0
함안군 - 무농약농산물 - 농가수,Statistics,108.0,102.0,77.0,69.0,89.0,103.0,99.0,99.0,95.0,96.0
함안군 - 무농약농산물 - 면적,Statistics,85.0,91.0,81.3,68.5,82.12,99.71,88.15,83.56,77.88,77.96
함안군 - 무농약농산물 - 출하량,Statistics,902.0,63806.0,828.2,800.1,1151.32,1274.94,1615.7,2078.27,1827.84,1574.6
함안군 - 유기농산물 - 건수,Statistics,5.0,5.0,3.0,3.0,5.0,5.0,5.0,5.0,6.0,7.0
함안군 - 유기농산물 - 농가수,Statistics,5.0,5.0,3.0,3.0,5.0,5.0,5.0,5.0,6.0,7.0
함안군 - 유기농산물 - 면적,Statistics,5.0,5.0,3.1,3.1,6.68,6.68,5.7,5.64,6.19,6.7
함안군 - 유기농산물 - 출하량,Statistics,8.0,17.0,1.7,3.3,15.09,27.21,15.52,12.17,13.15,21.72
함안군 - 저농약농산물 - 건수,Statistics,64.0,,,,,,,,,
함안군 - 저농약농산물 - 농가수,Statistics,138.0,,,,,,,,,
함안군 - 저농약농산물 - 면적,Statistics,189.0,,,,,,,,,
함안군 - 저농약농산물 - 출하량,Statistics,4340.0,,,,,,,,,
함양군 - 계 - 건수,Statistics,176.0,164.0,163.0,168.0,170.0,184.0,164.0,149.0,158.0,154.0
함양군 - 계 - 농가수,Statistics,762.0,556.0,532.0,492.0,493.0,446.0,427.0,284.0,294.0,285.0
함양군 - 계 - 면적,Statistics,798.0,583.0,583.8,557.3,565.24,590.99,608.69,536.11,536.54,545.89
함양군 - 계 - 출하량,Statistics,7773.0,4826.0,3539.7,2783.0,3038.86,2678.52,2752.46,3086.02,1694.39,1858.43
함양군 - 무농약농산물 - 건수,Statistics,118.0,147.0,145.0,147.0,134.0,130.0,105.0,88.0,76.0,66.0
함양군 - 무농약농산물 - 농가수,Statistics,347.0,365.0,351.0,275.0,265.0,201.0,119.0,88.0,80.0,70.0
함양군 - 무농약농산물 - 면적,Statistics,389.0,472.0,477.9,418.4,391.34,329.57,286.92,254.64,190.6,175.24
함양군 - 무농약농산물 - 출하량,Statistics,3203.0,4278.0,2970.4,2096.1,2158.76,1911.81,1612.85,2558.26,1197.49,1349.09
함양군 - 유기농산물 - 건수,Statistics,21.0,17.0,18.0,21.0,36.0,54.0,59.0,61.0,82.0,88.0
함양군 - 유기농산물 - 농가수,Statistics,198.0,191.0,181.0,217.0,228.0,245.0,308.0,196.0,214.0,215.0
함양군 - 유기농산물 - 면적,Statistics,119.0,111.0,105.9,138.9,173.9,261.42,321.77,281.47,345.95,370.65
함양군 - 유기농산물 - 출하량,Statistics,672.0,548.0,569.3,686.9,880.1,766.72,1139.61,527.77,496.9,509.33
함양군 - 저농약농산물 - 건수,Statistics,37.0,,,,,,,,,
함양군 - 저농약농산물 - 농가수,Statistics,217.0,,,,,,,,,
함양군 - 저농약농산물 - 면적,Statistics,290.0,,,,,,,,,
함양군 - 저농약농산물 - 출하량,Statistics,3898.0,,,,,,,,,
함평군 - 계 - 건수,Statistics,395.0,504.0,631.0,639.0,674.0,710.0,676.0,646.0,612.0,589.0
함평군 - 계 - 농가수,Statistics,1151.0,1428.0,1271.0,1288.0,1280.0,1273.0,1155.0,1034.0,983.0,917.0
함평군 - 계 - 면적,Statistics,1852.0,2151.0,2055.2,1996.8,1987.41,1915.6,1713.66,1564.39,1487.59,1351.19
함평군 - 계 - 출하량,Statistics,7110.0,8575.0,8929.4,8546.6,7412.98,9268.12,11073.64,8572.81,7807.44,7062.02
함평군 - 무농약농산물 - 건수,Statistics,289.0,390.0,471.0,446.0,431.0,412.0,318.0,280.0,258.0,225.0
함평군 - 무농약농산물 - 농가수,Statistics,755.0,923.0,805.0,771.0,733.0,585.0,443.0,350.0,325.0,276.0
함평군 - 무농약농산물 - 면적,Statistics,1097.0,1200.0,1155.4,989.6,901.64,652.44,441.7,334.85,323.49,265.31
함평군 - 무농약농산물 - 출하량,Statistics,5029.0,6593.0,5907.1,5760.1,4112.49,5209.47,4925.0,4308.95,3988.49,3583.04
함평군 - 유기농산물 - 건수,Statistics,101.0,114.0,160.0,193.0,243.0,298.0,358.0,366.0,354.0,364.0
함평군 - 유기농산물 - 농가수,Statistics,378.0,505.0,466.0,517.0,547.0,688.0,712.0,684.0,658.0,641.0
함평군 - 유기농산물 - 면적,Statistics,741.0,951.0,899.8,1007.2,1085.76,1263.16,1271.96,1229.55,1164.1,1085.88
함평군 - 유기농산물 - 출하량,Statistics,1902.0,1982.0,3022.3,2786.5,3300.49,4058.65,6148.64,4263.87,3818.96,3478.98
함평군 - 저농약농산물 - 건수,Statistics,5.0,,,,,,,,,
함평군 - 저농약농산물 - 농가수,Statistics,18.0,,,,,,,,,
함평군 - 저농약농산물 - 면적,Statistics,14.0,,,,,,,,,
함평군 - 저농약농산물 - 출하량,Statistics,179.0,,,,,,,,,
합천군 - 계 - 건수,Statistics,94.0,101.0,130.0,119.0,139.0,157.0,150.0,156.0,147.0,139.0
합천군 - 계 - 농가수,Statistics,345.0,346.0,354.0,329.0,334.0,332.0,313.0,306.0,288.0,266.0
합천군 - 계 - 면적,Statistics,258.0,250.0,268.2,223.3,240.41,245.98,246.66,248.31,246.69,242.06
합천군 - 계 - 출하량,Statistics,1951.0,1962.0,1976.9,1371.5,2419.81,2362.22,3306.52,1970.19,2069.99,2135.18
합천군 - 무농약농산물 - 건수,Statistics,70.0,83.0,110.0,95.0,110.0,114.0,107.0,107.0,96.0,86.0
합천군 - 무농약농산물 - 농가수,Statistics,309.0,324.0,330.0,301.0,301.0,285.0,266.0,253.0,233.0,203.0
합천군 - 무농약농산물 - 면적,Statistics,192.0,220.0,236.9,180.7,194.81,192.31,193.77,187.04,178.39,165.16
합천군 - 무농약농산물 - 출하량,Statistics,1237.0,1718.0,1847.7,1183.5,2204.82,2040.11,2938.89,1567.36,1619.86,1561.73
합천군 - 유기농산물 - 건수,Statistics,16.0,18.0,20.0,24.0,29.0,43.0,43.0,49.0,51.0,53.0
합천군 - 유기농산물 - 농가수,Statistics,20.0,22.0,24.0,28.0,33.0,47.0,47.0,53.0,55.0,63.0
합천군 - 유기농산물 - 면적,Statistics,29.0,30.0,31.3,42.6,45.6,53.67,52.89,61.27,68.3,76.9
합천군 - 유기농산물 - 출하량,Statistics,211.0,244.0,129.2,188.0,214.98,322.12,367.62,402.83,450.13,573.44
합천군 - 저농약농산물 - 건수,Statistics,8.0,,,,,,,,,
합천군 - 저농약농산물 - 농가수,Statistics,16.0,,,,,,,,,
합천군 - 저농약농산물 - 면적,Statistics,37.0,,,,,,,,,
합천군 - 저농약농산물 - 출하량,Statistics,503.0,,,,,,,,,
해남군 - 계 - 건수,Statistics,451.0,490.0,531.0,542.0,672.0,755.0,793.0,720.0,732.0,759.0
해남군 - 계 - 농가수,Statistics,1480.0,1470.0,1517.0,1450.0,1742.0,1938.0,1775.0,1280.0,1375.0,1358.0
해남군 - 계 - 면적,Statistics,3620.0,4062.0,4862.2,4573.2,5342.19,5460.92,5154.82,4492.3,4764.85,4497.8
해남군 - 계 - 출하량,Statistics,10301.0,11213.0,17620.1,15237.3,17072.41,18251.79,17838.04,9649.61,15255.95,14245.2
해남군 - 무농약농산물 - 건수,Statistics,376.0,412.0,437.0,428.0,496.0,479.0,460.0,386.0,399.0,391.0
해남군 - 무농약농산물 - 농가수,Statistics,1344.0,1337.0,1329.0,1210.0,1354.0,1082.0,806.0,526.0,688.0,659.0
해남군 - 무농약농산물 - 면적,Statistics,3231.0,3698.0,4370.4,3912.6,4141.97,2952.29,2258.09,2170.74,2636.49,2366.44
해남군 - 무농약농산물 - 출하량,Statistics,8113.0,9813.0,14945.5,11852.9,13721.7,11072.66,8133.32,5355.84,9258.24,9022.87
해남군 - 유기농산물 - 건수,Statistics,72.0,78.0,94.0,114.0,176.0,276.0,333.0,334.0,333.0,368.0
해남군 - 유기농산물 - 농가수,Statistics,133.0,133.0,188.0,240.0,388.0,856.0,969.0,754.0,687.0,699.0
해남군 - 유기농산물 - 면적,Statistics,344.0,364.0,491.8,660.6,1200.22,2508.63,2896.74,2321.56,2128.36,2131.36
해남군 - 유기농산물 - 출하량,Statistics,2188.0,1400.0,2674.6,3384.4,3350.71,7179.13,9704.73,4293.78,5997.7,5222.33
해남군 - 저농약농산물 - 건수,Statistics,3.0,,,,,,,,,
해남군 - 저농약농산물 - 농가수,Statistics,3.0,,,,,,,,,
해남군 - 저농약농산물 - 면적,Statistics,45.0,,,,,,,,,
해운대구 - 계 - 건수,Statistics,3.0,1.0,1.0,,,,1.0,,,0.0
해운대구 - 계 - 농가수,Statistics,3.0,1.0,1.0,,,,1.0,,,0.0
해운대구 - 계 - 면적,Statistics,,,,,,,,,,0.0
해운대구 - 계 - 출하량,Statistics,11.0,,,,,,14.4,,,0.0
해운대구 - 무농약농산물 - 건수,Statistics,3.0,1.0,1.0,,,,1.0,,,0.0
해운대구 - 무농약농산물 - 농가수,Statistics,3.0,1.0,1.0,,,,1.0,,,0.0
해운대구 - 무농약농산물 - 면적,Statistics,,,,,,,,,,0.0
해운대구 - 무농약농산물 - 출하량,Statistics,11.0,,,,,,14.4,,,0.0
해운대구 - 유기농산물 - 건수,Statistics,,,,,,,,,,0.0
해운대구 - 유기농산물 - 농가수,Statistics,,,,,,,,,,0.0
해운대구 - 유기농산물 - 면적,Statistics,,,,,,,,,,0.0
해운대구 - 유기농산물 - 출하량,Statistics,,,,,,,,,,0.0
홍성군 - 계 - 건수,Statistics,59.0,76.0,71.0,81.0,120.0,141.0,152.0,162.0,161.0,153.0
홍성군 - 계 - 농가수,Statistics,805.0,775.0,518.0,675.0,651.0,619.0,578.0,544.0,515.0,482.0
홍성군 - 계 - 면적,Statistics,671.0,648.0,491.7,609.1,623.33,621.1,554.37,534.96,502.05,483.3
홍성군 - 계 - 출하량,Statistics,6134.0,6197.0,4101.3,5203.6,5927.65,5718.85,5682.54,3937.05,3879.15,3336.82
홍성군 - 무농약농산물 - 건수,Statistics,35.0,52.0,48.0,50.0,73.0,83.0,82.0,84.0,82.0,72.0
홍성군 - 무농약농산물 - 농가수,Statistics,191.0,191.0,156.0,147.0,135.0,136.0,129.0,118.0,116.0,96.0
홍성군 - 무농약농산물 - 면적,Statistics,111.0,114.0,113.6,81.3,93.37,111.4,86.63,86.22,80.33,71.84
홍성군 - 무농약농산물 - 출하량,Statistics,803.0,658.0,747.0,484.6,959.09,1176.67,972.35,629.71,822.78,502.59
홍성군 - 유기농산물 - 건수,Statistics,21.0,24.0,23.0,31.0,47.0,58.0,70.0,78.0,79.0,81.0
홍성군 - 유기농산물 - 농가수,Statistics,608.0,584.0,362.0,528.0,516.0,483.0,449.0,426.0,399.0,386.0
홍성군 - 유기농산물 - 면적,Statistics,551.0,534.0,378.1,527.8,529.96,509.71,467.74,448.74,421.72,411.46
홍성군 - 유기농산물 - 출하량,Statistics,5315.0,5539.0,3354.3,4719.0,4968.56,4542.18,4710.18,3307.34,3056.37,2834.23
홍성군 - 저농약농산물 - 건수,Statistics,3.0,,,,,,,,,
홍성군 - 저농약농산물 - 농가수,Statistics,6.0,,,,,,,,,
홍성군 - 저농약농산물 - 면적,Statistics,9.0,,,,,,,,,
홍성군 - 저농약농산물 - 출하량,Statistics,16.0,,,,,,,,,
홍천군 - 계 - 건수,Statistics,339.0,339.0,357.0,345.0,322.0,331.0,335.0,301.0,275.0,263.0
홍천군 - 계 - 농가수,Statistics,397.0,404.0,370.0,345.0,322.0,331.0,335.0,301.0,275.0,263.0
홍천군 - 계 - 면적,Statistics,621.0,609.0,793.5,441.1,461.88,464.0,486.25,501.95,481.55,479.85
홍천군 - 계 - 출하량,Statistics,19324.0,6707.0,3878.2,3260.7,4482.23,4119.55,4688.85,4042.84,3941.53,4862.82
홍천군 - 무농약농산물 - 건수,Statistics,169.0,175.0,176.0,166.0,133.0,128.0,130.0,115.0,109.0,103.0
홍천군 - 무농약농산물 - 농가수,Statistics,196.0,195.0,180.0,166.0,133.0,128.0,130.0,115.0,109.0,103.0
홍천군 - 무농약농산물 - 면적,Statistics,321.0,270.0,518.0,174.1,150.42,148.36,163.58,204.32,190.86,188.5
홍천군 - 무농약농산물 - 출하량,Statistics,17411.0,3991.0,2190.9,2026.8,2107.33,2024.43,2158.76,2209.06,2050.8,2589.29
홍천군 - 유기농산물 - 건수,Statistics,165.0,164.0,181.0,179.0,189.0,203.0,205.0,186.0,166.0,160.0
홍천군 - 유기농산물 - 농가수,Statistics,190.0,209.0,190.0,179.0,189.0,203.0,205.0,186.0,166.0,160.0
홍천군 - 유기농산물 - 면적,Statistics,294.0,339.0,275.5,267.0,311.46,315.64,322.67,297.63,290.7,291.35
홍천군 - 유기농산물 - 출하량,Statistics,1854.0,2716.0,1687.3,1233.9,2374.9,2095.12,2530.09,1833.78,1890.74,2273.53
홍천군 - 저농약농산물 - 건수,Statistics,5.0,,,,,,,,,
홍천군 - 저농약농산물 - 농가수,Statistics,11.0,,,,,,,,,
홍천군 - 저농약농산물 - 면적,Statistics,6.0,,,,,,,,,
홍천군 - 저농약농산물 - 출하량,Statistics,59.0,,,,,,,,,
화성시 - 계 - 건수,Statistics,203.0,182.0,214.0,231.0,228.0,233.0,219.0,200.0,194.0,188.0
화성시 - 계 - 농가수,Statistics,480.0,338.0,405.0,405.0,430.0,482.0,458.0,433.0,434.0,434.0
화성시 - 계 - 면적,Statistics,409.0,362.0,428.7,409.1,436.31,500.18,441.2,429.71,427.26,461.7
화성시 - 계 - 출하량,Statistics,6985.0,4855.0,4247.3,4431.9,4049.59,5046.01,5859.84,5189.11,5227.95,5381.9
화성시 - 무농약농산물 - 건수,Statistics,167.0,150.0,178.0,196.0,194.0,194.0,179.0,166.0,164.0,160.0
화성시 - 무농약농산물 - 농가수,Statistics,287.0,277.0,333.0,326.0,347.0,397.0,370.0,344.0,354.0,358.0
화성시 - 무농약농산물 - 면적,Statistics,252.0,289.0,338.8,308.7,325.27,387.04,328.61,310.97,324.42,357.92
화성시 - 무농약농산물 - 출하량,Statistics,4690.0,4389.0,3535.9,3393.9,3367.06,4486.77,5274.07,4626.06,4758.75,4867.02
화성시 - 유기농산물 - 건수,Statistics,27.0,32.0,36.0,35.0,34.0,39.0,40.0,34.0,30.0,28.0
화성시 - 유기농산물 - 농가수,Statistics,27.0,61.0,72.0,79.0,83.0,85.0,88.0,89.0,80.0,76.0
화성시 - 유기농산물 - 면적,Statistics,31.0,73.0,89.9,100.4,111.04,113.14,112.59,118.75,102.84,103.78
화성시 - 유기농산물 - 출하량,Statistics,197.0,466.0,711.4,1038.0,682.54,559.24,585.77,563.05,469.2,514.88
화성시 - 저농약농산물 - 건수,Statistics,9.0,,,,,,,,,
화성시 - 저농약농산물 - 농가수,Statistics,166.0,,,,,,,,,
화성시 - 저농약농산물 - 면적,Statistics,126.0,,,,,,,,,
화성시 - 저농약농산물 - 출하량,Statistics,2098.0,,,,,,,,,
화순군 - 계 - 건수,Statistics,299.0,331.0,302.0,331.0,339.0,342.0,328.0,295.0,306.0,294.0
화순군 - 계 - 농가수,Statistics,1577.0,1497.0,1395.0,1482.0,1755.0,1638.0,1389.0,1090.0,1044.0,1055.0
화순군 - 계 - 면적,Statistics,1410.0,1328.0,1286.6,1341.8,1579.43,1345.88,1087.9,864.0,814.06,820.07
화순군 - 계 - 출하량,Statistics,4141.0,3528.0,3607.8,4066.3,4477.43,3600.53,3327.86,2334.68,3064.08,2413.11
화순군 - 무농약농산물 - 건수,Statistics,274.0,308.0,277.0,296.0,293.0,236.0,212.0,197.0,204.0,194.0
화순군 - 무농약농산물 - 농가수,Statistics,1536.0,1460.0,1359.0,1404.0,1544.0,620.0,341.0,263.0,278.0,311.0
화순군 - 무농약농산물 - 면적,Statistics,1348.0,1265.0,1210.5,1200.5,1344.56,509.99,265.95,244.01,251.89,276.52
화순군 - 무농약농산물 - 출하량,Statistics,3774.0,3354.0,3489.7,3780.6,3956.64,1829.34,1123.41,1062.15,1680.28,1433.54
화순군 - 유기농산물 - 건수,Statistics,19.0,23.0,25.0,35.0,46.0,106.0,116.0,98.0,102.0,100.0
화순군 - 유기농산물 - 농가수,Statistics,34.0,37.0,36.0,78.0,211.0,1018.0,1048.0,827.0,766.0,744.0
화순군 - 유기농산물 - 면적,Statistics,58.0,63.0,76.1,141.3,234.87,835.89,821.95,619.99,562.17,543.55
화순군 - 유기농산물 - 출하량,Statistics,225.0,174.0,118.1,285.7,520.79,1771.19,2204.45,1272.53,1383.8,979.56
화순군 - 저농약농산물 - 건수,Statistics,6.0,,,,,,,,,
화순군 - 저농약농산물 - 농가수,Statistics,7.0,,,,,,,,,
화순군 - 저농약농산물 - 면적,Statistics,4.0,,,,,,,,,
화순군 - 저농약농산물 - 출하량,Statistics,142.0,,,,,,,,,
화천군 - 계 - 건수,Statistics,117.0,117.0,111.0,108.0,119.0,129.0,123.0,130.0,114.0,113.0
화천군 - 계 - 농가수,Statistics,191.0,178.0,144.0,156.0,153.0,162.0,147.0,134.0,129.0,124.0
화천군 - 계 - 면적,Statistics,329.0,320.0,249.1,241.7,235.19,252.27,241.25,243.18,239.88,283.16
화천군 - 계 - 출하량,Statistics,2044.0,1590.0,1478.4,994.6,1067.26,640.61,879.69,543.33,648.54,562.6
화천군 - 무농약농산물 - 건수,Statistics,88.0,94.0,89.0,87.0,90.0,99.0,93.0,90.0,75.0,74.0
화천군 - 무농약농산물 - 농가수,Statistics,142.0,140.0,112.0,123.0,113.0,121.0,105.0,94.0,90.0,85.0
화천군 - 무농약농산물 - 면적,Statistics,196.0,230.0,155.8,162.8,142.58,152.57,146.9,148.13,147.07,183.55
화천군 - 무농약농산물 - 출하량,Statistics,1498.0,1194.0,1099.3,863.5,647.14,402.79,570.28,349.96,447.99,361.12
화천군 - 유기농산물 - 건수,Statistics,28.0,23.0,22.0,21.0,29.0,30.0,30.0,40.0,39.0,39.0
화천군 - 유기농산물 - 농가수,Statistics,45.0,38.0,32.0,33.0,40.0,41.0,42.0,40.0,39.0,39.0
화천군 - 유기농산물 - 면적,Statistics,128.0,90.0,93.3,78.9,92.61,99.69,94.36,95.05,92.81,99.61
화천군 - 유기농산물 - 출하량,Statistics,506.0,396.0,379.1,131.1,420.12,237.83,309.41,193.38,200.55,201.48
화천군 - 저농약농산물 - 건수,Statistics,1.0,,,,,,,,,
화천군 - 저농약농산물 - 농가수,Statistics,4.0,,,,,,,,,
화천군 - 저농약농산물 - 면적,Statistics,5.0,,,,,,,,,
화천군 - 저농약농산물 - 출하량,Statistics,40.0,,,,,,,,,
횡성군 - 계 - 건수,Statistics,156.0,187.0,209.0,196.0,187.0,163.0,146.0,131.0,127.0,125.0
횡성군 - 계 - 농가수,Statistics,241.0,258.0,209.0,196.0,187.0,163.0,146.0,131.0,132.0,130.0
횡성군 - 계 - 면적,Statistics,359.0,449.0,335.6,300.8,307.89,295.27,247.52,201.96,187.65,195.09
횡성군 - 계 - 출하량,Statistics,2801.0,4512.0,2938.6,2957.3,2694.23,2739.51,2437.95,1752.7,1802.33,1624.45
횡성군 - 무농약농산물 - 건수,Statistics,116.0,139.0,134.0,125.0,108.0,80.0,72.0,60.0,58.0,58.0
횡성군 - 무농약농산물 - 농가수,Statistics,171.0,154.0,134.0,125.0,108.0,80.0,72.0,60.0,63.0,63.0
횡성군 - 무농약농산물 - 면적,Statistics,171.0,159.0,151.8,132.1,123.86,119.23,115.57,80.0,71.71,80.72
횡성군 - 무농약농산물 - 출하량,Statistics,1355.0,2309.0,1426.9,1046.9,1379.07,1342.05,1278.73,386.21,567.46,785.04
횡성군 - 유기농산물 - 건수,Statistics,39.0,48.0,75.0,71.0,79.0,83.0,74.0,71.0,69.0,67.0
횡성군 - 유기농산물 - 농가수,Statistics,69.0,104.0,75.0,71.0,79.0,83.0,74.0,71.0,69.0,67.0
횡성군 - 유기농산물 - 면적,Statistics,180.0,290.0,183.8,168.7,184.03,176.04,131.95,121.96,115.94,114.37
횡성군 - 유기농산물 - 출하량,Statistics,1446.0,2203.0,1511.7,1910.4,1315.17,1397.45,1159.23,1366.49,1234.87,839.41
횡성군 - 저농약농산물 - 건수,Statistics,1.0,,,,,,,,,
횡성군 - 저농약농산물 - 농가수,Statistics,1.0,,,,,,,,,
횡성군 - 저농약농산물 - 면적,Statistics,8.0,,,,,,,,,
