item,category,2009,2010,2011,2012,2013,2014,2015,2016,2017,2018,2019,2020,2021,2022,2023
가평군 - 녹지지역 - 면적,Statistics,76386063.0,76386063.0,76365467.0,75570121.0,75570266.0,75570266.0,75570266.0,75532356.0,75532501.0,75531823.0,75524987.0,75447073.0,75447073.0,75404773.0,75352643.0
가평군 - 녹지지역 - 비율,Statistics,93.28,93.28,93.25,92.28,92.28,92.28,92.28,92.24,92.24,92.24,92.23,92.13,92.13,92.08,92.02
가평군 - 도시지역 - 면적,Statistics,81889445.0,81889445.0,81889445.0,81889445.0,81889445.0,81889445.0,81889445.0,81889445.0,81889445.0,81889445.0,81889445.0,81889445.0,81889445.0,81889445.0,81889445.0
강남구 - 녹지지역 - 면적,Statistics,16384937.0,15212471.0,15212471.0,15212471.0,15212471.0,15212471.0,15212471.0,15212471.0,13631009.0,13631009.0,13631009.0,13631009.0,13631009.0,13631009.0,13631009.0
강남구 - 녹지지역 - 비율,Statistics,41.43,38.46,38.46,38.46,38.46,38.46,38.46,38.46,34.51,34.51,34.51,34.51,34.51,34.51,34.51
강남구 - 도시지역 - 면적,Statistics,39550000.0,39550000.0,39550000.0,39550000.0,39550000.0,39550000.0,39550000.0,39550000.0,39497268.0,39497268.0,39497268.0,39497268.0,39497268.0,39497452.0,39497452.0
강동구 - 녹지지역 - 면적,Statistics,10886516.0,10886516.0,10886516.0,10839743.0,9923454.0,9923454.0,10910074.0,10910074.0,10910074.0,10910074.0,10910074.0,10910074.0,10910074.0,10831938.0,10831938.0
강동구 - 녹지지역 - 비율,Statistics,44.29,44.29,44.29,44.1,40.37,40.37,44.43,44.43,44.43,44.43,44.43,44.43,44.43,44.11,44.11
강동구 - 도시지역 - 면적,Statistics,24580000.0,24580000.0,24580000.0,24580000.0,24580000.0,24580000.0,24556203.0,24556203.0,24556203.0,24556203.0,24556203.0,24556203.0,24556203.0,24556203.0,24556203.0
강릉시 - 녹지지역 - 면적,Statistics,57625906.0,54668379.0,54668379.0,54668379.0,54159958.0,54159958.0,54120919.0,54120919.0,53865829.0,53865829.0,53865829.0,53746927.0,53746927.0,53746927.0,53746927.0
강릉시 - 녹지지역 - 비율,Statistics,74.91,65.04,65.04,65.04,64.44,64.44,64.27,63.85,63.53,63.53,63.53,63.26,63.26,63.26,68.56
강릉시 - 도시지역 - 면적,Statistics,76931330.0,84047505.0,84047505.0,84047505.0,84047505.0,84047505.0,84204778.0,84762822.0,84783347.0,84783347.0,84783347.0,84958649.0,84958649.0,84958649.0,78392991.0
강북구 - 녹지지역 - 면적,Statistics,14190000.0,14190000.0,14190000.0,14190000.0,14190000.0,14190000.0,12380402.0,12380402.0,12380402.0,12380402.0,12380402.0,12384780.0,12464840.0,12464840.0,12464840.0
강북구 - 녹지지역 - 비율,Statistics,60.18,60.18,60.18,60.18,60.18,60.18,52.38,52.38,52.38,52.38,52.38,52.4,52.74,52.74,52.74
강북구 - 도시지역 - 면적,Statistics,23580000.0,23580000.0,23580000.0,23580000.0,23580000.0,23580000.0,23635959.0,23635959.0,23636019.0,23636019.0,23636019.0,23636019.0,23636019.0,23636019.0,23636019.0
강서구 - 녹지지역 - 면적,Statistics,23409142.0,23368950.0,23369411.0,23365488.0,23365488.0,23365488.0,23284731.0,23284731.0,22500881.0,22500637.0,22500605.0,22500605.0,22500605.0,22500605.0,22500605.0
강서구 - 녹지지역 - 비율,Statistics,56.54,56.45,56.45,56.44,56.44,56.44,56.24,56.24,54.27,54.27,54.27,54.27,54.27,54.27,54.27
강서구 - 도시지역 - 면적,Statistics,41400000.0,41400000.0,41400000.0,41400000.0,41400000.0,41400000.0,41400000.0,41400000.0,41462497.0,41462415.0,41463274.0,41463274.0,41463273.0,41463273.0,41463248.0
강원특별자치도 - 녹지지역 - 면적,Statistics,793749561.0,790907463.0,790379370.0,793075663.0,796174959.0,795380297.0,794860369.0,796360419.0,795311127.0,794355604.0,793902730.0,794017929.0,794197506.0,794115753.0,793264771.0
강원특별자치도 - 녹지지역 - 비율,Statistics,79.78,78.35,78.1,77.99,77.9,77.82,77.73,77.53,77.42,77.21,77.19,77.11,77.11,77.1,78.95
강원특별자치도 - 도시지역 - 면적,Statistics,994892241.0,1009506443.0,1012011361.0,1016937071.0,1022102313.0,1022114847.0,1022563285.0,1027198470.0,1027228237.0,1028778399.0,1028522877.0,1029687366.0,1030004376.0,1030008274.0,1004738631.0
강진군 - 녹지지역 - 면적,Statistics,19856327.0,19856327.0,19856327.0,19856327.0,19856327.0,19856327.0,19856327.0,19856327.0,19855441.0,19463513.0,19463513.0,19463513.0,19463513.0,19463513.0,19817443.0
강진군 - 녹지지역 - 비율,Statistics,71.26,71.26,73.43,73.43,73.43,73.43,73.43,73.43,73.43,71.98,71.98,71.98,71.98,71.98,72.18
강진군 - 도시지역 - 면적,Statistics,27865730.0,27865730.0,27041759.0,27041759.0,27041759.0,27041759.0,27041759.0,27041759.0,27041759.0,27041759.0,27041759.0,27041759.0,27041759.0,27041759.0,27456039.0
강화군 - 녹지지역 - 면적,Statistics,14582500.0,14582500.0,14582500.0,14565640.0,14433300.0,14433300.0,14578700.0,14578700.0,14568800.0,14558900.0,14558900.0,14558900.0,14558900.0,14558900.0,14545855.0
강화군 - 녹지지역 - 비율,Statistics,86.56,86.56,86.56,83.5,84.1,84.09,84.24,84.24,84.18,84.12,84.12,84.12,84.12,84.12,83.06
강화군 - 도시지역 - 면적,Statistics,16845800.0,16845800.0,16845800.0,17442884.0,17161142.0,17163475.0,17306615.0,17306615.0,17306615.0,17306615.0,17306615.0,17306615.0,17306615.0,17306303.0,17511613.0
거제시 - 녹지지역 - 면적,Statistics,63143238.0,62755654.0,61814454.0,61814454.0,65356213.0,62260291.0,62165438.0,62266480.0,62266480.0,62456146.0,62413020.0,62411257.0,62411257.0,62411257.0,62411257.0
거제시 - 녹지지역 - 비율,Statistics,64.32,63.76,62.98,63.01,64.42,63.24,63.93,64.03,64.03,63.34,63.29,63.72,63.72,63.72,63.72
거제시 - 도시지역 - 면적,Statistics,98172373.0,98431308.0,98145201.0,98095202.0,101452549.0,98454173.0,97244221.0,97244221.0,97244221.0,98609973.0,98620051.0,97944801.0,97944801.0,97944801.0,97944801.0
거창군 - 녹지지역 - 면적,Statistics,25354389.0,25354389.0,25410348.0,25417323.0,25417323.0,25418787.0,25418787.0,25417317.0,25413367.0,25413367.0,25413367.0,25413367.0,25413367.0,25413367.0,25413400.0
거창군 - 녹지지역 - 비율,Statistics,81.37,81.37,79.65,79.65,79.65,79.67,79.67,79.66,79.65,79.65,79.65,79.65,79.65,79.65,78.9
거창군 - 도시지역 - 면적,Statistics,31158735.0,31158735.0,31904168.0,31911143.0,31911143.0,31906464.0,31906464.0,31906464.0,31906464.0,31906464.0,31906464.0,31906464.0,31906464.0,31906464.0,32210186.0
경기도 - 녹지지역 - 면적,Statistics,2590446155.0,2570617120.0,2624121608.0,2617993548.0,2613340929.0,2608324142.0,2610369452.0,2609977121.0,2609046640.0,2609090987.0,2603756858.0,2600686964.0,2579325673.0,2575728972.0,2555858725.0
경기도 - 녹지지역 - 비율,Statistics,79.97,78.75,78.8,78.59,78.25,77.9,77.75,77.51,77.4,77.28,77.1,76.97,76.19,76.05,75.82
경기도 - 도시지역 - 면적,Statistics,3239452978.0,3264237533.0,3330278692.0,3331056000.0,3339583747.0,3348294610.0,3357453240.0,3367486105.0,3371075153.0,3376013136.0,3377274307.0,3378712218.0,3385441488.0,3386898994.0,3370827754.0
경산시 - 녹지지역 - 면적,Statistics,84710748.0,84707053.0,84690282.0,84701452.0,85477722.0,85588365.0,85613635.0,85613635.0,85613635.0,85613635.0,94139153.0,94139153.0,92512810.0,92512810.0,92512810.0
경산시 - 녹지지역 - 비율,Statistics,77.94,77.94,76.36,76.37,74.44,74.53,74.56,74.56,74.56,74.56,76.08,76.08,74.77,74.77,74.77
경산시 - 도시지역 - 면적,Statistics,108690036.0,108686341.0,110915169.0,110915169.0,114831835.0,114831835.0,114831835.0,114831835.0,114831835.0,114831835.0,123741231.0,123741231.0,123728319.0,123728319.0,123728319.0
경상남도 - 녹지지역 - 면적,Statistics,1492721160.0,1488340810.0,1479633713.0,1481613292.0,1482998299.0,1478635298.0,1477490676.0,1477619147.0,1475224553.0,1474575866.0,1473933845.0,1474005446.0,1470869189.0,1465596323.0,1467107440.0
경상남도 - 녹지지역 - 비율,Statistics,76.01,79.27,78.7,78.48,78.31,78.12,77.92,78.19,77.95,73.45,73.38,73.52,73.26,73.0,73.0
경상남도 - 도시지역 - 면적,Statistics,1963756963.0,1877455242.0,1879998259.0,1887860832.0,1893863908.0,1892833064.0,1896271107.0,1889759767.0,1892605781.0,2007719820.0,2008568781.0,2004845346.0,2007710621.0,2007539323.0,2009783733.0
경상북도 - 녹지지역 - 면적,Statistics,1329497985.0,1374005317.0,1370778755.0,1368561957.0,1368414394.0,1369446101.0,1368533499.0,1365652259.0,1363503396.0,1364764124.0,1377251002.0,1376103929.0,1375422427.0,1374659977.0,1367890979.0
경상북도 - 녹지지역 - 비율,Statistics,75.19,75.03,74.71,74.27,74.07,74.03,73.97,73.6,73.43,73.11,73.26,73.2,73.2,73.21,73.11
경상북도 - 도시지역 - 면적,Statistics,1768211310.0,1831356118.0,1834757408.0,1842786082.0,1847438673.0,1849864949.0,1850243160.0,1855416781.0,1856748798.0,1866786485.0,1879985260.0,1879972483.0,1879078335.0,1877732907.0,1870996639.0
경주시 - 녹지지역 - 면적,Statistics,363915534.0,411283952.0,411284105.0,411247759.0,410641466.0,410520566.0,410520566.0,410297637.0,410301049.0,408153675.0,407990645.0,407990645.0,408196226.0,408196226.0,408196226.0
경주시 - 녹지지역 - 비율,Statistics,89.69,89.78,89.78,89.68,89.5,89.48,89.48,89.15,89.1,87.81,87.8,87.8,87.82,88.0,88.0
경주시 - 도시지역 - 면적,Statistics,405764002.0,458094112.0,458094112.0,458549162.0,458797176.0,458797176.0,458797176.0,460253134.0,460490505.0,464832544.0,464678805.0,464678805.0,464824021.0,463852114.0,463852114.0
계룡시 - 녹지지역 - 면적,Statistics,45210070.0,45210070.0,45210070.0,44572625.0,44572625.0,44595581.0,44382489.0,44404171.0,44404171.0,44403346.0,44403346.0,44403346.0,44402733.0,44402733.0,44408296.0
계룡시 - 녹지지역 - 비율,Statistics,91.85,91.85,91.85,90.55,90.55,90.6,90.17,90.21,90.21,90.21,90.2,90.2,90.2,90.2,90.2
계룡시 - 도시지역 - 면적,Statistics,49221918.0,49221918.0,49221918.0,49221981.0,49221981.0,49221981.0,49221981.0,49221873.0,49221873.0,49221048.0,49225821.0,49225821.0,49225821.0,49225821.0,49231150.0
계양구 - 녹지지역 - 면적,Statistics,34803975.0,34774869.0,34774869.0,34748324.0,34748755.0,34748755.0,34223759.0,34162506.0,34125820.0,34125843.0,34125803.0,33503840.0,33814774.0,31502964.0,31257098.0
계양구 - 녹지지역 - 비율,Statistics,76.4,76.34,76.34,76.29,76.29,76.29,75.13,74.97,74.92,74.92,74.92,73.55,74.24,69.16,68.62
계양구 - 도시지역 - 면적,Statistics,45553141.0,45549927.0,45549927.0,45549927.0,45549960.0,45549996.0,45550111.0,45570111.0,45549909.0,45549827.0,45549828.0,45549424.0,45549863.0,45548544.0,45548927.0
고령군 - 녹지지역 - 면적,Statistics,25682525.0,25682525.0,25682525.0,25682525.0,25682525.0,25682525.0,25871975.0,25873060.0,25873060.0,25800280.0,25802895.0,25802895.0,25800330.0,25800330.0,25800330.0
고령군 - 녹지지역 - 비율,Statistics,84.17,84.17,84.17,84.17,81.99,81.99,80.29,80.29,80.3,79.4,79.46,79.46,79.45,79.45,79.45
고령군 - 도시지역 - 면적,Statistics,30514266.0,30514468.0,30514468.0,30514468.0,31325447.0,31325447.0,32224961.0,32224831.0,32220928.0,32492599.0,32473748.0,32473748.0,32473748.0,32473748.0,32473748.0
고성군 - 녹지지역 - 면적,Statistics,5643258.0,5675373.0,5675373.0,8362130.0,8362130.0,8362130.0,8340800.0,8368536.0,8317985.0,8317985.0,8304854.0,8304854.0,8304854.0,8304854.0,8304854.0
고성군 - 녹지지역 - 비율,Statistics,73.1,71.1,71.1,67.54,67.54,67.54,67.37,67.37,66.96,66.96,66.86,66.86,66.86,66.86,69.33
고성군 - 도시지역 - 면적,Statistics,7720023.0,7982698.0,7982698.0,12380128.0,12380128.0,12380128.0,12380128.0,12421767.0,12421767.0,12421767.0,12421767.0,12421767.0,12421767.0,12421947.0,11979402.0
고양시 - 녹지지역 - 면적,Statistics,151489936.0,151530409.0,150545086.0,150542280.0,150235509.0,150289910.0,149848563.0,149824803.0,149520036.0,149852554.0,149477399.0,149095090.0,145090022.0,144745865.0,144666520.0
고양시 - 녹지지역 - 비율,Statistics,78.98,78.9,78.39,78.39,78.63,78.66,78.11,78.09,77.94,77.48,77.0,76.47,74.4,74.23,74.19
고양시 - 도시지역 - 면적,Statistics,191808518.0,192042932.0,192042440.0,192032728.0,191068487.0,191068487.0,191850650.0,191850023.0,191850023.0,193400919.0,194127720.0,194977956.0,195008686.0,195009556.0,195000580.0
고창군 - 녹지지역 - 면적,Statistics,26176696.0,26139283.0,26139283.0,26139283.0,26139719.0,26139719.0,26210500.0,26210500.0,26210500.0,26210500.0,26210500.0,26199811.0,26210429.0,26210429.0,26210429.0
고창군 - 녹지지역 - 비율,Statistics,82.36,80.11,80.11,80.11,80.11,80.11,80.76,80.76,80.76,80.76,80.76,80.71,80.73,80.73,80.73
고창군 - 도시지역 - 면적,Statistics,31782100.0,32630919.0,32630919.0,32630919.0,32631219.0,32631219.0,32453860.0,32453860.0,32453860.0,32453860.0,32453860.0,32461878.0,32466784.0,32466784.0,32466784.0
고흥군 - 녹지지역 - 면적,Statistics,23170242.0,23173688.0,23173688.0,23173688.0,23173688.0,23173688.0,23173688.0,23173688.0,23128123.0,23128123.0,23128123.0,23128123.0,23128123.0,23128123.0,23128123.0
고흥군 - 녹지지역 - 비율,Statistics,73.15,73.17,73.17,73.16,73.16,73.16,73.16,73.16,70.81,70.81,70.81,70.81,70.81,70.81,70.81
고흥군 - 도시지역 - 면적,Statistics,31675678.0,31672934.0,31672934.0,31675678.0,31675678.0,31675678.0,31675678.0,31675678.0,32660659.0,32660659.0,32660659.0,32660659.0,32660659.0,32660659.0,32660659.0
곡성군 - 녹지지역 - 면적,Statistics,12897409.0,12897409.0,12897409.0,12897409.0,12897409.0,12908145.0,12710181.0,12710181.0,12708507.0,12708507.0,12708507.0,12708507.0,12708507.0,12708507.0,12698670.0
곡성군 - 녹지지역 - 비율,Statistics,83.33,83.33,83.33,83.33,83.33,83.4,82.12,82.12,82.11,82.11,82.11,82.11,82.11,82.11,82.05
곡성군 - 도시지역 - 면적,Statistics,15477288.0,15477288.0,15477288.0,15477288.0,15477288.0,15477288.0,15477288.0,15477288.0,15477288.0,15477288.0,15477288.0,15477288.0,15477288.0,15477288.0,15477288.0
공주시 - 녹지지역 - 면적,Statistics,51137317.0,51084607.0,51084607.0,51084607.0,50228290.0,50229037.0,50229037.0,50240946.0,50235952.0,50235952.0,50235951.0,50235952.0,50235952.0,50235952.0,50235952.0
공주시 - 녹지지역 - 비율,Statistics,87.46,87.37,87.37,86.37,84.56,83.55,83.55,83.57,83.57,83.57,83.57,83.57,83.57,83.57,83.57
공주시 - 도시지역 - 면적,Statistics,58466513.0,58466513.0,58466513.0,59145838.0,59401803.0,60114957.0,60114957.0,60114957.0,60114957.0,60114957.0,60114954.0,60114957.0,60114957.0,60114957.0,60114957.0
과천시 - 녹지지역 - 면적,Statistics,32452829.0,32452829.0,32822300.0,31908099.0,31908099.0,31820129.0,31814154.0,31726669.0,31726669.0,31115748.0,31110023.0,31110023.0,31115112.0,31115112.0,31115112.0
과천시 - 녹지지역 - 비율,Statistics,90.62,90.62,91.55,89.0,89.0,88.75,88.73,88.49,88.49,86.79,86.77,86.77,86.79,86.79,86.79
과천시 - 도시지역 - 면적,Statistics,35813000.0,35813000.0,35853000.0,35853000.0,35853000.0,35853000.0,35853000.0,35853000.0,35853000.0,35853000.0,35853000.0,35853000.0,35853000.0,35853000.0,35853000.0
관악구 - 녹지지역 - 면적,Statistics,17663896.0,17663896.0,17663896.0,17663896.0,17663896.0,17663896.0,17663896.0,17663896.0,13846047.0,13846047.0,13846047.0,13846047.0,13846047.0,13846047.0,13846047.0
관악구 - 녹지지역 - 비율,Statistics,59.74,59.74,59.74,59.74,59.74,59.74,59.74,59.74,46.83,46.83,46.83,46.83,46.83,46.83,46.83
관악구 - 도시지역 - 면적,Statistics,29570000.0,29570000.0,29570000.0,29570000.0,29570000.0,29570000.0,29570000.0,29570000.0,29563482.0,29563482.0,29563482.0,29563482.0,29563482.0,29563482.0,29563482.0
광명시 - 녹지지역 - 면적,Statistics,27711388.0,21543366.0,21544284.0,21544284.0,21591112.0,21302262.0,27545171.0,27541642.0,27544201.0,27212829.0,26884378.0,26714921.0,26715255.0,26715255.0,26715255.0
광명시 - 녹지지역 - 비율,Statistics,71.97,55.95,55.95,55.95,56.07,55.32,71.53,71.52,71.53,70.67,69.82,69.38,69.38,69.38,69.38
광명시 - 도시지역 - 면적,Statistics,38506473.0,38506473.0,38506550.0,38506550.0,38506569.0,38506473.0,38506473.0,38506473.0,38506472.0,38506472.0,38506473.0,38506473.0,38506473.0,38506473.0,38506473.0
광산구 - 녹지지역 - 면적,Statistics,163611632.0,163614821.0,163566404.0,163554789.0,163554789.0,163554789.0,163554789.0,157149120.0,156907059.0,157135670.0,157023095.0,156673814.0,156629787.0,156558373.0,156434441.0
광산구 - 녹지지역 - 비율,Statistics,81.02,81.03,81.01,81.01,81.01,81.01,81.01,77.31,77.75,77.83,77.81,77.61,77.62,77.61,77.56
광산구 - 도시지역 - 면적,Statistics,201933331.0,201929181.0,201906112.0,201906112.0,201906113.0,201906113.0,201906113.0,203272589.0,201815081.0,201906112.0,201793538.0,201863790.0,201798359.0,201726606.0,201705958.0
광양시 - 녹지지역 - 면적,Statistics,83996292.0,83996292.0,84002056.0,84035715.0,83995847.0,84009978.0,83776952.0,83672913.0,83341869.0,83341869.0,83341869.0,83348937.0,83381191.0,83416428.0,83376826.0
광양시 - 녹지지역 - 비율,Statistics,46.37,46.37,47.49,47.51,47.49,47.49,47.36,47.3,47.12,47.12,47.12,47.12,47.14,47.16,47.14
광양시 - 도시지역 - 면적,Statistics,181138398.0,181138398.0,176885410.0,176885410.0,176885410.0,176885410.0,176887820.0,176886009.0,176886009.0,176886009.0,176886009.0,176886009.0,176886009.0,176886009.0,176886009.0
광주광역시 - 녹지지역 - 면적,Statistics,372905640.0,372900880.0,372820458.0,372735896.0,372694291.0,372694291.0,372694291.0,361312180.0,359844811.0,358764406.0,358713372.0,357681289.0,357485576.0,357196034.0,356579415.0
광주광역시 - 녹지지역 - 비율,Statistics,77.67,77.67,77.66,77.64,77.64,77.64,77.64,75.03,74.96,74.73,74.73,74.5,74.48,74.43,74.31
광주광역시 - 도시지역 - 면적,Statistics,480117230.0,480108790.0,480053716.0,480053747.0,480050517.0,480050517.0,480050517.0,481554450.0,480047663.0,480053767.0,480002734.0,480081726.0,479978979.0,479890096.0,479838049.0
광주시 - 녹지지역 - 면적,Statistics,160290723.0,160148270.0,160148270.0,160148270.0,160152140.0,160152140.0,160137895.0,160056885.0,160056885.0,159612933.0,159384739.0,159251905.0,159247390.0,159247390.0,138006077.0
광주시 - 녹지지역 - 비율,Statistics,93.05,92.97,92.97,92.97,92.97,92.97,92.97,92.92,92.92,92.66,92.53,92.45,92.44,92.44,90.86
광주시 - 도시지역 - 면적,Statistics,172256000.0,172256000.0,172256000.0,172256000.0,172256000.0,172256000.0,172256000.0,172260533.0,172260533.0,172260533.0,172259487.0,172263425.0,172263424.0,172263424.0,151889586.0
광진구 - 녹지지역 - 면적,Statistics,5480000.0,5480000.0,5480000.0,5480000.0,5480000.0,5480000.0,5480000.0,5480000.0,5274873.0,5274873.0,5274873.0,5274873.0,5274873.0,5274873.0,5274873.0
광진구 - 녹지지역 - 비율,Statistics,32.14,32.14,32.14,32.14,32.14,32.14,32.14,32.14,30.89,30.89,30.89,30.89,30.89,30.89,30.89
광진구 - 도시지역 - 면적,Statistics,17050000.0,17050000.0,17050000.0,17050000.0,17050000.0,17050000.0,17050000.0,17050000.0,17075115.0,17075115.0,17075115.0,17075115.0,17075115.0,17075115.0,17075115.0
괴산군 - 녹지지역 - 면적,Statistics,8236451.0,8244789.0,8544646.0,8544646.0,8544646.0,8612753.0,8612753.0,8612753.0,8654679.0,8654679.0,8466411.0,8466411.0,8495779.0,8495779.0,8494386.0
괴산군 - 녹지지역 - 비율,Statistics,66.18,66.25,65.36,67.63,67.63,70.84,70.43,70.43,69.73,69.7,68.18,68.11,68.35,68.35,68.31
괴산군 - 도시지역 - 면적,Statistics,12445211.0,12445211.0,13073708.0,12634616.0,12634616.0,12157709.0,12228633.0,12228633.0,12411518.0,12417874.0,12417874.0,12429805.0,12430138.0,12430138.0,12434501.0
구례군 - 녹지지역 - 면적,Statistics,8132310.0,8132310.0,8132310.0,8132310.0,8132310.0,8132310.0,8132310.0,8132310.0,8114636.0,8114636.0,8114636.0,8114636.0,8114011.0,8114011.0,8114011.0
구례군 - 녹지지역 - 비율,Statistics,74.57,74.57,74.57,74.57,74.57,74.57,74.57,74.57,74.41,74.41,74.41,74.41,74.4,74.4,74.4
구례군 - 도시지역 - 면적,Statistics,10906000.0,10906000.0,10906000.0,10906000.0,10906000.0,10906000.0,10906000.0,10906000.0,10906000.0,10906000.0,10906000.0,10906000.0,10906000.0,10906000.0,10906000.0
구로구 - 녹지지역 - 면적,Statistics,6078254.0,5929255.0,5929078.0,5929078.0,5929078.0,5884531.0,5884531.0,5884531.0,5157862.0,5157562.0,5157562.0,5157562.0,5157562.0,5157562.0,5157562.0
구로구 - 녹지지역 - 비율,Statistics,30.21,29.47,29.47,29.47,29.47,29.25,29.25,29.25,25.61,25.61,25.61,25.61,25.61,25.61,25.61
구로구 - 도시지역 - 면적,Statistics,20120000.0,20120000.0,20120000.0,20120000.0,20120000.0,20119485.0,20119485.0,20119485.0,20136328.0,20136328.0,20136328.0,20136328.0,20136328.0,20136328.0,20136328.0
구리시 - 녹지지역 - 면적,Statistics,26325561.0,25567422.0,25566949.0,25554954.0,25554954.0,25530767.0,25498717.0,25498717.0,25477336.0,25476370.0,25136777.0,25136777.0,25136777.0,25136777.0,25136777.0
구리시 - 녹지지역 - 비율,Statistics,79.07,76.8,76.8,76.76,76.76,76.69,76.59,76.59,76.53,76.52,75.5,75.5,75.5,75.5,75.5
구리시 - 도시지역 - 면적,Statistics,33292001.0,33292000.0,33292000.0,33292045.0,33292067.0,33292067.0,33292067.0,33292067.0,33292067.0,33292067.0,33292067.0,33292067.0,33292067.0,33292067.0,33292067.0
구미시 - 녹지지역 - 면적,Statistics,126865089.0,126806602.0,126806602.0,127405127.0,127405127.0,127620055.0,127474102.0,126376876.0,126428962.0,126428962.0,126459313.0,126461027.0,126461027.0,126461027.0,126461027.0
구미시 - 녹지지역 - 비율,Statistics,71.88,68.3,68.3,68.62,68.62,68.74,68.66,68.02,68.05,68.05,68.05,68.06,68.06,68.06,68.06
구미시 - 도시지역 - 면적,Statistics,176504788.0,185660963.0,185660963.0,185660963.0,185660963.0,185660963.0,185659426.0,185781767.0,185781767.0,185781767.0,185820299.0,185821767.0,185821767.0,185821767.0,185821767.0
군산시 - 녹지지역 - 면적,Statistics,82092210.0,82088662.0,82088229.0,82057571.0,82055713.0,82085010.0,82138284.0,81832013.0,81832013.0,82993556.0,82993556.0,82993556.0,82993556.0,82993556.0,82993556.0
군산시 - 녹지지역 - 비율,Statistics,39.57,39.57,39.57,39.57,39.56,39.58,39.6,39.46,39.46,40.02,40.02,40.02,40.02,40.02,40.02
군산시 - 도시지역 - 면적,Statistics,207448821.0,207448822.0,207448822.0,207398894.0,207398894.0,207398894.0,207398894.0,207398894.0,207398894.0,207398894.0,207398894.0,207398894.0,207398894.0,207398894.0,207398894.0
군위군 - 녹지지역 - 면적,Statistics,6123042.0,6123042.0,6123042.0,6123042.0,6123042.0,6105365.0,6105365.0,6105365.0,6105365.0,6105365.0,6093936.0,6093936.0,6093936.0,6093936.0,
군위군 - 녹지지역 - 비율,Statistics,82.26,82.26,82.26,82.26,82.26,82.02,82.02,82.02,82.02,82.02,84.1,84.1,84.1,84.1,
군위군 - 도시지역 - 면적,Statistics,7443500.0,7443500.0,7443500.0,7443500.0,7443500.0,7443500.0,7443500.0,7443500.0,7443500.0,7443500.0,7246000.0,7246000.0,7246000.0,7246000.0,
군포시 - 녹지지역 - 면적,Statistics,25439218.0,25436947.0,25441025.0,25478613.0,25284119.0,25284119.0,25447904.0,25447904.0,25447904.0,25270914.0,24911040.0,24911040.0,24906867.0,24902734.0,24902734.0
군포시 - 녹지지역 - 비율,Statistics,69.96,69.95,69.97,69.88,69.35,69.35,69.98,69.98,69.98,69.31,68.32,68.32,68.31,68.3,68.3
군포시 - 도시지역 - 면적,Statistics,36362000.0,36362000.0,36362000.0,36460654.0,36460654.0,36460654.0,36362000.0,36362000.0,36362000.0,36460228.0,36460228.0,36460228.0,36460323.0,36459541.0,36459541.0
금산군 - 녹지지역 - 면적,Statistics,24134778.0,24134778.0,24184752.0,24184752.0,24184752.0,24184752.0,24184752.0,24162265.0,24054344.0,24054344.0,24054344.0,24054344.0,24054344.0,24054344.0,24054344.0
금산군 - 녹지지역 - 비율,Statistics,82.29,82.29,82.24,82.24,82.24,82.24,82.24,82.03,81.67,81.67,81.67,81.67,81.67,81.67,81.67
금산군 - 도시지역 - 면적,Statistics,29328530.0,29328530.0,29406235.0,29406235.0,29406235.0,29406235.0,29406235.0,29454111.0,29453071.0,29453071.0,29453071.0,29453071.0,29453071.0,29453071.0,29453071.0
금정구 - 녹지지역 - 면적,Statistics,53966769.0,53757889.0,53744348.0,53744201.0,53744201.0,53553831.0,53553831.0,53553831.0,53553831.0,53553831.0,53553831.0,53553831.0,53553831.0,53537691.0,53537691.0
금정구 - 녹지지역 - 비율,Statistics,82.8,82.48,82.46,82.46,82.46,82.16,82.16,82.16,82.16,82.16,82.16,82.16,82.16,82.14,82.14
금정구 - 도시지역 - 면적,Statistics,65179775.0,65179775.0,65179775.0,65179775.0,65179775.0,65179775.0,65179775.0,65179775.0,65179775.0,65179775.0,65179775.0,65179775.0,65179775.0,65179775.0,65179775.0
금천구 - 녹지지역 - 면적,Statistics,2820000.0,2820000.0,2820000.0,2820000.0,2820000.0,2820000.0,2820000.0,2820000.0,2895630.0,2895630.0,2895630.0,2895630.0,2895630.0,2895630.0,2895630.0
금천구 - 녹지지역 - 비율,Statistics,21.09,21.09,21.09,21.09,21.09,21.09,21.09,21.09,22.25,22.25,22.25,22.25,22.25,22.25,22.25
금천구 - 도시지역 - 면적,Statistics,13370000.0,13370000.0,13370000.0,13370000.0,13370000.0,13370000.0,13370000.0,13370000.0,13012685.0,13012685.0,13012685.0,13012685.0,13012685.0,13012685.0,13012685.0
기장군 - 녹지지역 - 면적,Statistics,200710628.0,200096848.0,196112148.0,193753974.0,192648396.0,191558825.0,191558825.0,191343371.0,191343371.0,191349351.0,191353902.0,191356186.0,191318826.0,191318826.0,191293034.0
기장군 - 녹지지역 - 비율,Statistics,90.57,90.3,88.5,87.43,86.95,86.46,86.46,86.36,86.36,86.36,86.37,86.37,86.35,86.35,86.34
기장군 - 도시지역 - 면적,Statistics,221600001.0,221600002.0,221600002.0,221600001.0,221563954.0,221563955.0,221563955.0,221563955.0,221563955.0,221563954.0,221563954.0,221563954.0,221563954.0,221563954.0,221563955.0
김제시 - 녹지지역 - 면적,Statistics,31624836.0,31624836.0,31760478.0,31760478.0,31760478.0,31760478.0,31760478.0,31760478.0,31760478.0,31760478.0,31709927.0,31709927.0,31709927.0,31709927.0,31709765.0
김제시 - 녹지지역 - 비율,Statistics,72.25,72.25,72.46,72.46,72.46,72.46,72.46,72.46,72.46,72.46,72.34,72.34,72.34,72.34,71.81
김제시 - 도시지역 - 면적,Statistics,43773811.0,43773811.0,43831974.0,43831974.0,43831974.0,43831974.0,43831974.0,43831974.0,43831974.0,43831974.0,43831566.0,43831566.0,43831566.0,43831566.0,44158904.0
김천시 - 녹지지역 - 면적,Statistics,42378007.0,42239795.0,42239795.0,42267892.0,42240961.0,42240961.0,42277998.0,42146143.0,42082616.0,42082616.0,42082616.0,42082616.0,42082616.0,42088605.0,42088605.0
김천시 - 녹지지역 - 비율,Statistics,68.12,67.95,67.95,66.48,66.47,66.47,66.53,66.32,65.12,65.12,65.12,65.12,65.12,65.13,65.13
김천시 - 도시지역 - 면적,Statistics,62213234.0,62159898.0,62159898.0,63578092.0,63551161.0,63551161.0,63548115.0,63548115.0,64622360.0,64622360.0,64622360.0,64622360.0,64622360.0,64622418.0,64622418.0
김포시 - 녹지지역 - 면적,Statistics,64817576.0,62988679.0,76146480.0,76467915.0,76388163.0,76325416.0,76349722.0,76349722.0,76349722.0,76349722.0,76349722.0,76349722.0,74815054.0,74815054.0,74815054.0
김포시 - 녹지지역 - 비율,Statistics,75.07,72.95,75.4,75.72,74.94,74.88,74.9,74.9,74.9,74.9,74.9,74.9,71.46,71.46,71.46
김포시 - 도시지역 - 면적,Statistics,86339707.0,86340668.0,100983682.0,100981181.0,101933117.0,101933117.0,101933117.0,101933117.0,101933117.0,101933117.0,101933117.0,101933117.0,104689413.0,104689413.0,104689413.0
김해시 - 녹지지역 - 면적,Statistics,218584160.0,218326799.0,213853371.0,213097871.0,212424654.0,211745219.0,211553525.0,211152105.0,208840112.0,208527614.0,208530279.0,207844995.0,208912102.0,206751135.0,206687100.0
김해시 - 녹지지역 - 비율,Statistics,83.13,82.93,81.19,80.44,80.02,79.53,79.4,79.11,78.19,78.07,78.08,77.82,78.19,77.47,77.44
김해시 - 도시지역 - 면적,Statistics,262947091.0,263269027.0,263396723.0,264919866.0,265480936.0,266255956.0,266443911.0,266906655.0,267087103.0,267087930.0,267062845.0,267067205.0,267179611.0,266886091.0,266886583.0
나주시 - 녹지지역 - 면적,Statistics,83399036.0,83011542.0,83011542.0,83011542.0,82972359.0,82564980.0,82564980.0,82564980.0,82564980.0,82564980.0,82545700.0,82545700.0,82754152.0,82381184.0,82381184.0
나주시 - 녹지지역 - 비율,Statistics,81.29,78.93,78.93,78.93,78.89,79.26,79.26,79.26,79.26,79.26,79.21,79.21,78.66,78.31,78.31
나주시 - 도시지역 - 면적,Statistics,102596082.0,105164535.0,105164535.0,105164535.0,105169938.0,104165701.0,104170378.0,104170378.0,104170378.0,104170378.0,104208246.0,104208246.0,105204946.0,105204946.0,105204942.0
남구 - 녹지지역 - 면적,Statistics,12460721.0,12865051.0,12865051.0,12860928.0,12860928.0,12861218.0,12861218.0,12861218.0,12861218.0,12861218.0,12861218.0,12861218.0,12861218.0,12861218.0,12861218.0
남구 - 녹지지역 - 비율,Statistics,29.31,30.27,30.27,30.26,30.26,30.26,30.26,30.26,30.26,30.26,30.26,30.26,30.26,30.26,30.26
남구 - 도시지역 - 면적,Statistics,42507260.0,42507260.0,42507261.0,42507261.0,42507261.0,42507261.0,42507261.0,42507261.0,42507261.0,42507261.0,42507261.0,42507261.0,42507261.0,42507261.0,42507261.0
남동구 - 녹지지역 - 면적,Statistics,27118665.0,27725043.0,27725043.0,27725043.0,27725043.0,29103503.0,29103503.0,29103503.0,29103503.0,28452811.0,28452811.0,28461739.0,28461739.0,28461739.0,28304355.0
남동구 - 녹지지역 - 비율,Statistics,39.57,39.37,39.37,39.37,39.37,42.12,42.12,42.12,42.12,41.45,41.45,41.45,41.45,41.45,49.84
남동구 - 도시지역 - 면적,Statistics,68528631.0,70415594.0,70415612.0,70415612.0,70415612.0,69090152.0,69090152.0,69090152.0,69090152.0,68648644.0,68648644.0,68657807.0,68657807.0,68657808.0,56793522.0
남양주시 - 녹지지역 - 면적,Statistics,209823625.0,206726363.0,205229562.0,204602701.0,203276672.0,202830060.0,201267644.0,201051220.0,201106097.0,201105484.0,200769262.0,200761403.0,194177593.0,192835381.0,192836100.0
남양주시 - 녹지지역 - 비율,Statistics,90.45,88.31,87.67,87.41,86.84,86.65,83.24,83.15,83.17,83.17,82.82,82.81,80.1,79.54,79.55
남양주시 - 도시지역 - 면적,Statistics,231965440.0,234083192.0,234083192.0,234083192.0,234083363.0,234083363.0,241792389.0,241792390.0,241792389.0,241792390.0,242423014.0,242423014.0,242423014.0,242423014.0,242423014.0
남원시 - 녹지지역 - 면적,Statistics,21908880.0,21752928.0,21420127.0,21420127.0,21420127.0,21420127.0,21420127.0,21420127.0,21398187.0,21398187.0,21398187.0,21398187.0,21398187.0,21398187.0,21398187.0
남원시 - 녹지지역 - 비율,Statistics,73.34,72.82,71.71,71.71,71.71,71.71,71.71,71.71,69.82,69.82,69.82,69.82,69.82,69.82,69.82
남원시 - 도시지역 - 면적,Statistics,29871000.0,29871000.0,29871000.0,29871000.0,29871000.0,29871000.0,29871000.0,29871000.0,30647473.0,30647473.0,30647473.0,30647473.0,30647473.0,30647473.0,30647473.0
남해군 - 녹지지역 - 면적,Statistics,10352621.0,10352621.0,10352621.0,10352602.0,10352602.0,10352602.0,10352602.0,10352602.0,10352602.0,10352602.0,10352602.0,10352602.0,10359422.0,10359422.0,10359422.0
남해군 - 녹지지역 - 비율,Statistics,87.72,87.72,87.72,87.72,87.72,87.72,87.72,87.72,87.72,87.72,87.72,87.72,87.78,87.78,87.78
남해군 - 도시지역 - 면적,Statistics,11801283.0,11801283.0,11801283.0,11801283.0,11801283.0,11801283.0,11801283.0,11801283.0,11801283.0,11801283.0,11801283.0,11801283.0,11801283.0,11801283.0,11801283.0
노원구 - 녹지지역 - 면적,Statistics,22230407.0,22230407.0,22230734.0,22230734.0,22201923.0,22201923.0,22201912.0,22197837.0,21026581.0,21026581.0,21026581.0,21026587.0,21026586.0,21025771.0,21025771.0
노원구 - 녹지지역 - 비율,Statistics,62.69,62.69,62.69,62.69,62.61,62.61,62.61,62.6,59.07,59.07,59.15,59.15,59.15,59.16,59.16
노원구 - 도시지역 - 면적,Statistics,35460000.0,35460000.0,35460000.0,35460000.0,35460032.0,35460032.0,35459862.0,35459862.0,35595942.0,35595942.0,35545790.0,35546826.0,35546825.0,35543309.0,35543308.0
논산시 - 녹지지역 - 면적,Statistics,39889392.0,39890935.0,39644758.0,39644532.0,39514118.0,39514118.0,39589685.0,39589685.0,39614589.0,39614589.0,39614589.0,39614589.0,39614589.0,39614589.0,39618553.0
논산시 - 녹지지역 - 비율,Statistics,80.15,80.15,79.57,78.46,79.31,79.27,79.42,79.42,79.47,79.47,79.47,79.47,79.47,79.47,80.71
논산시 - 도시지역 - 면적,Statistics,49766840.0,49769435.0,49821071.0,50526823.0,49821072.0,49847710.0,49847710.0,49847710.0,49850582.0,49850582.0,49850582.0,49850582.0,49850582.0,49850582.0,49085759.0
단양군 - 녹지지역 - 면적,Statistics,30357448.0,30431822.0,30431822.0,30431822.0,30431822.0,30431822.0,30431822.0,30431822.0,30431822.0,30431822.0,30431822.0,30431822.0,30431822.0,30431822.0,30431822.0
단양군 - 녹지지역 - 비율,Statistics,85.51,85.37,85.37,85.37,85.37,85.37,85.37,85.37,85.37,85.37,85.37,85.37,85.37,85.37,85.37
단양군 - 도시지역 - 면적,Statistics,35502234.0,35644901.0,35644901.0,35644901.0,35644901.0,35644901.0,35644901.0,35644901.0,35644901.0,35644901.0,35644901.0,35644901.0,35644901.0,35644901.0,35644901.0
달서구 - 녹지지역 - 면적,Statistics,,28187739.0,27650995.0,27665936.0,27644241.0,27648924.0,27649712.0,27647947.0,27651457.0,27649603.0,27608918.0,27609203.0,27621767.0,27643939.0,27640426.0
달서구 - 녹지지역 - 비율,Statistics,,45.21,44.35,44.38,44.34,44.35,44.35,44.35,44.35,44.35,44.29,44.29,44.3,44.32,44.32
달서구 - 도시지역 - 면적,Statistics,,62342296.0,62342471.0,62341070.0,62341087.0,62340753.0,62341541.0,62339776.0,62343286.0,62341432.0,62339757.0,62340042.0,62352606.0,62374778.0,62371265.0
달성군 - 녹지지역 - 면적,Statistics,,333094966.0,332693152.0,332636336.0,332807508.0,332884669.0,332836541.0,333611378.0,333607151.0,333620246.0,334965022.0,334953859.0,335137355.0,336636627.0,336586196.0
달성군 - 녹지지역 - 비율,Statistics,,88.42,88.41,88.4,88.45,88.45,88.43,88.64,88.64,88.64,88.66,88.66,88.67,88.71,88.7
달성군 - 도시지역 - 면적,Statistics,,376702945.0,376303752.0,376303093.0,376284892.0,376362104.0,376372147.0,376376084.0,376371857.0,376384952.0,377799698.0,377788398.0,377972263.0,379471535.0,379469499.0
담양군 - 녹지지역 - 면적,Statistics,128195482.0,122000803.0,122004991.0,122000803.0,122079231.0,122079231.0,122079231.0,122477680.0,122477680.0,122477680.0,122477680.0,122488801.0,122475737.0,122475695.0,122475737.0
담양군 - 녹지지역 - 비율,Statistics,93.21,92.71,92.72,92.71,92.36,92.36,91.48,91.78,91.78,91.78,91.78,91.79,91.78,91.78,91.78
담양군 - 도시지역 - 면적,Statistics,137541100.0,131590400.0,131590400.0,131590400.0,132170907.0,132170907.0,133453605.0,133448080.0,133448080.0,133448080.0,133448080.0,133448209.0,133448210.0,133448210.0,133448210.0
당진군 - 녹지지역 - 면적,Statistics,29205540.0,29545654.0,30086475.0,,,,,,,,,,,,
당진군 - 녹지지역 - 비율,Statistics,27.32,35.3,35.68,,,,,,,,,,,,
당진군 - 도시지역 - 면적,Statistics,106917543.0,83688407.0,84313090.0,,,,,,,,,,,,
당진시 - 녹지지역 - 면적,Statistics,,,,30080786.0,30434800.0,30434800.0,30376967.0,30121983.0,30014781.0,29991441.0,30120726.0,29891996.0,29968053.0,30460526.0,30428327.0
당진시 - 녹지지역 - 비율,Statistics,,,,34.84,40.66,40.66,40.45,39.43,40.24,40.01,40.08,39.77,39.51,39.9,39.86
당진시 - 도시지역 - 면적,Statistics,,,,86346852.0,74846976.0,74846976.0,75098153.0,76388108.0,74584470.0,74954163.0,75160787.0,75159380.0,75847910.0,76346790.0,76345800.0
대구광역시 - 녹지지역 - 면적,Statistics,621461579.0,621018843.0,619983037.0,619315226.0,618710307.0,618782830.0,617924513.0,617685996.0,617607324.0,617503124.0,618689902.0,618124429.0,618303816.0,619827688.0,625583154.0
대구광역시 - 녹지지역 - 비율,Statistics,77.83,77.77,77.68,77.61,77.54,77.55,77.44,77.41,77.39,77.39,77.4,77.33,77.34,77.38,77.4
대구광역시 - 도시지역 - 면적,Statistics,798467527.0,798498469.0,798083296.0,798032488.0,797883045.0,797940177.0,797962749.0,797969025.0,798003179.0,797919337.0,799328917.0,799299015.0,799509757.0,801033747.0,808195732.0
대덕구 - 녹지지역 - 면적,Statistics,47824255.0,47823778.0,47966175.0,47966175.0,47966175.0,47966175.0,47966175.0,47881505.0,47918282.0,49960402.0,49702054.0,49716674.0,49716674.0,49716674.0,49716674.0
대덕구 - 녹지지역 - 비율,Statistics,69.9,69.9,70.11,70.11,70.11,70.11,70.11,69.98,70.04,72.73,72.02,72.04,72.04,72.04,72.04
대덕구 - 도시지역 - 면적,Statistics,68421417.0,68421414.0,68419960.0,68419960.0,68419960.0,68419960.0,68419960.0,68419960.0,68419960.0,68692125.0,69010118.0,69010118.0,69010118.0,69010118.0,69010118.0
대전광역시 - 녹지지역 - 면적,Statistics,401845953.0,401760781.0,402122320.0,401742866.0,401818078.0,401802814.0,401052112.0,400967442.0,400939211.0,402981331.0,399318255.0,399332875.0,399332875.0,399332875.0,399332875.0
대전광역시 - 녹지지역 - 비율,Statistics,81.19,81.17,81.24,81.17,81.13,81.13,80.93,80.91,80.91,81.28,80.49,80.49,80.49,80.49,80.49
대전광역시 - 도시지역 - 면적,Statistics,494959003.0,494958998.0,494957058.0,494957655.0,495269034.0,495258867.0,495546287.0,495546287.0,495546171.0,495818299.0,496123890.0,496123890.0,496123890.0,496123890.0,496123890.0
도봉구 - 녹지지역 - 면적,Statistics,8637764.0,8637764.0,8637764.0,8637764.0,8637764.0,8637764.0,8637764.0,8637764.0,10841445.0,10841445.0,10841445.0,10387632.0,10387632.0,10384130.0,10381593.0
도봉구 - 녹지지역 - 비율,Statistics,41.43,41.43,41.43,41.43,41.43,41.43,41.43,41.43,52.43,52.43,52.43,49.84,49.84,49.83,49.82
도봉구 - 도시지역 - 면적,Statistics,20850000.0,20850000.0,20850000.0,20850000.0,20850000.0,20850000.0,20850000.0,20850000.0,20679052.0,20679052.0,20679052.0,20839966.0,20839966.0,20839966.0,20839966.0
동구 - 녹지지역 - 면적,Statistics,3089485.0,3089485.0,3089485.0,3089485.0,3089485.0,3089485.0,3089485.0,3089485.0,3089485.0,3089485.0,3089485.0,3090992.0,3090992.0,3090992.0,3090992.0
동구 - 녹지지역 - 비율,Statistics,26.65,26.65,26.65,26.65,26.65,26.65,26.65,26.65,26.65,26.65,26.65,26.66,26.66,26.66,26.66
동구 - 도시지역 - 면적,Statistics,11593305.0,11593305.0,11593305.0,11593305.0,11593305.0,11593305.0,11593305.0,11593305.0,11593305.0,11593305.0,11593305.0,11593305.0,11593305.0,11593305.0,11593305.0
동대문구 - 녹지지역 - 면적,Statistics,120000.0,120000.0,120000.0,120000.0,120000.0,384319.0,384319.0,384319.0,383081.0,383081.0,383081.0,383081.0,383081.0,383081.0,383081.0
동대문구 - 녹지지역 - 비율,Statistics,0.84,0.84,0.84,0.84,0.84,2.63,2.63,2.63,2.69,2.69,2.69,2.69,2.69,2.69,2.69
동대문구 - 도시지역 - 면적,Statistics,14220000.0,14220000.0,14220000.0,14220000.0,14220000.0,14625893.0,14626119.0,14626119.0,14245433.0,14245433.0,14245433.0,14251163.0,14251236.0,14251806.0,14251806.0
동두천시 - 녹지지역 - 면적,Statistics,25558438.0,25631387.0,25631387.0,25631387.0,25631387.0,25631387.0,25535905.0,25465480.0,25465480.0,25465247.0,25439773.0,25439773.0,25440331.0,25439892.0,25344708.0
동두천시 - 녹지지역 - 비율,Statistics,77.25,77.47,77.47,76.95,76.97,76.97,76.69,76.48,76.48,76.48,75.79,75.79,75.79,75.79,75.51
동두천시 - 도시지역 - 면적,Statistics,33085501.0,33085501.0,33085501.0,33309421.0,33298502.0,33298502.0,33298502.0,33298502.0,33298502.0,33297990.0,33565811.0,33565811.0,33565219.0,33565219.0,33565219.0
동래구 - 녹지지역 - 면적,Statistics,5580629.0,5579709.0,5579214.0,5579214.0,5579330.0,5924310.0,5924310.0,5924310.0,5924310.0,5924310.0,5924310.0,5924309.0,5888668.0,5819142.0,5819143.0
동래구 - 녹지지역 - 비율,Statistics,33.42,33.42,33.41,33.41,33.41,35.48,35.48,35.48,35.48,35.48,35.48,35.48,35.27,34.85,34.85
동래구 - 도시지역 - 면적,Statistics,16697577.0,16697577.0,16697577.0,16697577.0,16697577.0,16697578.0,16697578.0,16697577.0,16697577.0,16697577.0,16697577.0,16697577.0,16697577.0,16697577.0,16697577.0
동작구 - 녹지지역 - 면적,Statistics,700000.0,700000.0,700000.0,700000.0,700000.0,700000.0,2252275.0,2252275.0,2252275.0,2252275.0,2252275.0,2252275.0,2252275.0,2250329.0,2250329.0
동작구 - 녹지지역 - 비율,Statistics,4.28,4.28,4.28,4.28,4.28,4.28,13.74,13.74,13.74,13.74,13.74,13.74,13.74,13.73,13.73
동작구 - 도시지역 - 면적,Statistics,16350000.0,16350000.0,16350000.0,16350000.0,16350000.0,16345101.0,16387882.0,16387882.0,16387882.0,16387882.0,16387882.0,16387882.0,16387882.0,16387883.0,16387891.0
동해시 - 녹지지역 - 면적,Statistics,82179676.0,82179676.0,82196800.0,82196800.0,82179676.0,82179676.0,82179676.0,82179611.0,82179762.0,81750661.0,81750661.0,81863718.0,81863718.0,81770077.0,81745526.0
동해시 - 녹지지역 - 비율,Statistics,66.13,66.13,66.14,66.14,66.13,66.13,66.13,66.13,66.13,65.98,65.98,66.01,66.01,65.94,76.99
동해시 - 도시지역 - 면적,Statistics,124277319.0,124277319.0,124277320.0,124277320.0,124277320.0,124277320.0,124277320.0,124277317.0,124277317.0,123901726.0,123901726.0,124014784.0,124014784.0,124014784.0,106174140.0
마산시 - 녹지지역 - 면적,Statistics,137821304.0,,,,,,,,,,,,,,
마산시 - 녹지지역 - 비율,Statistics,50.92,,,,,,,,,,,,,,
마산시 - 도시지역 - 면적,Statistics,270678906.0,,,,,,,,,,,,,,
마포구 - 녹지지역 - 면적,Statistics,11217742.0,11180697.0,11180698.0,11180698.0,11180698.0,11180698.0,11180698.0,9558447.0,9558447.0,9558937.0,9560036.0,9559911.0,9559911.0,9559911.0,9657426.0
마포구 - 녹지지역 - 비율,Statistics,47.0,46.84,46.84,46.84,46.84,46.84,46.84,40.01,40.01,40.01,40.03,40.03,40.03,40.03,40.42
마포구 - 도시지역 - 면적,Statistics,23870000.0,23870000.0,23870000.0,23870000.0,23870000.0,23870000.0,23870000.0,23890251.0,23890251.0,23890251.0,23884089.0,23883966.0,23883966.0,23883966.0,23890251.0
목포시 - 녹지지역 - 면적,Statistics,31684351.0,30257064.0,30257064.0,30258445.0,29886607.0,29760286.0,29760286.0,29760286.0,29748108.0,29748108.0,29748108.0,29678059.0,27548633.0,27420644.0,27420644.0
목포시 - 녹지지역 - 비율,Statistics,28.17,26.9,26.9,26.9,26.57,26.46,26.46,26.46,26.45,26.45,26.45,26.38,24.49,24.38,24.38
목포시 - 도시지역 - 면적,Statistics,112490000.0,112490000.0,112490000.0,112490000.0,112487667.0,112490000.0,112490000.0,112490000.0,112490000.0,112490000.0,112490000.0,112490000.0,112490000.0,112490000.0,112490000.0
무안군 - 녹지지역 - 면적,Statistics,21992084.0,21992084.0,21992084.0,21992084.0,21992084.0,21992084.0,21992084.0,21992084.0,21992084.0,21990288.0,21990288.0,21964789.0,21964789.0,21809572.0,21809572.0
무안군 - 녹지지역 - 비율,Statistics,45.47,45.47,45.47,45.47,45.47,45.47,45.4,71.54,71.54,71.53,71.53,70.7,70.7,70.02,70.02
무안군 - 도시지역 - 면적,Statistics,48364778.0,48364778.0,48364778.0,48364778.0,48364778.0,48364778.0,48439987.0,30740673.0,30740673.0,30744451.0,30744451.0,31069640.0,31069640.0,31148575.0,31148575.0
무주군 - 녹지지역 - 면적,Statistics,10066843.0,9957670.0,9957670.0,9957670.0,9957670.0,9957670.0,9957670.0,9957670.0,9957670.0,9957670.0,9953796.0,9953796.0,9953796.0,9953796.0,9953796.0
무주군 - 녹지지역 - 비율,Statistics,50.0,49.73,49.73,49.73,80.61,80.61,80.61,80.61,80.61,80.61,80.58,80.58,80.58,80.58,80.58
무주군 - 도시지역 - 면적,Statistics,20134468.0,20025295.0,20025295.0,20025295.0,12353295.0,12353295.0,12353295.0,12353295.0,12353295.0,12353295.0,12353295.0,12353295.0,12353295.0,12353295.0,12353295.0
문경시 - 녹지지역 - 면적,Statistics,27531800.0,27006803.0,27006803.0,27006803.0,27209116.0,27209116.0,27209116.0,27209116.0,27217556.0,27217556.0,27217556.0,27217556.0,27217556.0,27217556.0,27217556.0
문경시 - 녹지지역 - 비율,Statistics,73.44,71.26,71.26,71.26,71.79,71.79,71.79,71.79,71.81,71.81,71.81,71.81,71.91,71.91,71.91
문경시 - 도시지역 - 면적,Statistics,37491010.0,37900782.0,37900782.0,37900782.0,37900782.0,37900782.0,37900782.0,37900782.0,37900782.0,37900782.0,37900782.0,37900782.0,37848000.0,37848000.0,37848000.0
미추홀구 - 녹지지역 - 면적,Statistics,,,,,,,,,,4407446.0,4417731.0,4417731.0,4417731.0,4417731.0,4435461.0
미추홀구 - 녹지지역 - 비율,Statistics,,,,,,,,,,17.7,17.78,17.78,17.78,17.78,17.8
미추홀구 - 도시지역 - 면적,Statistics,,,,,,,,,,24897342.0,24840389.0,24840389.0,24840389.0,24840389.0,24921836.0
밀양시 - 녹지지역 - 면적,Statistics,45443357.0,45443357.0,45443357.0,45443357.0,45443357.0,45443357.0,45443357.0,45443357.0,45696807.0,45715282.0,45757459.0,45757459.0,45757459.0,45757459.0,45757459.0
밀양시 - 녹지지역 - 비율,Statistics,76.61,76.61,76.61,76.61,76.61,76.61,76.29,76.29,73.98,74.01,74.47,74.47,74.47,74.47,74.47
밀양시 - 도시지역 - 면적,Statistics,59317768.0,59316261.0,59316261.0,59316261.0,59316261.0,59316261.0,59568691.0,59568691.0,61766865.0,61769242.0,61441669.0,61441669.0,61441669.0,61441669.0,61441669.0
보령시 - 녹지지역 - 면적,Statistics,19056005.0,19056005.0,19269508.0,19117248.0,19117156.0,19330671.0,19160903.0,19231696.0,19231696.0,19231696.0,19231696.0,18975785.0,18975785.0,18979695.0,18982139.0
보령시 - 녹지지역 - 비율,Statistics,55.9,55.68,54.57,54.14,54.14,54.41,54.19,54.44,54.44,54.44,54.44,63.12,63.12,53.73,53.73
보령시 - 도시지역 - 면적,Statistics,34087488.0,34226414.0,35313680.0,35313707.0,35313681.0,35528206.0,35358561.0,35324504.0,35324504.0,35324504.0,35324504.0,30064183.0,30064183.0,35327241.0,35327241.0
보성군 - 녹지지역 - 면적,Statistics,18992305.0,18992305.0,18846541.0,20312358.0,20312358.0,20312358.0,20312358.0,20312358.0,20312358.0,20312358.0,20312358.0,20265213.0,20265213.0,20265213.0,20265213.0
보성군 - 녹지지역 - 비율,Statistics,84.94,84.94,84.29,78.17,78.17,84.51,84.51,84.51,84.51,84.51,84.51,84.53,84.53,84.53,84.53
보성군 - 도시지역 - 면적,Statistics,22360000.0,22360000.0,22360000.0,25985980.0,25985980.0,24034080.0,24034080.0,24034080.0,24034080.0,24034080.0,24034080.0,23973695.0,23973695.0,23973695.0,23973695.0
보은군 - 녹지지역 - 면적,Statistics,10913994.0,11079238.0,11079238.0,11079238.0,11041655.0,11041655.0,11041655.0,11041655.0,11041655.0,11041655.0,10863461.0,10863461.0,10863461.0,10863461.0,10863461.0
보은군 - 녹지지역 - 비율,Statistics,70.02,67.29,61.73,62.44,62.23,62.24,62.24,62.25,62.25,62.25,61.25,61.25,61.25,61.25,61.25
보은군 - 도시지역 - 면적,Statistics,15586955.0,16464394.0,17948858.0,17744274.0,17744438.0,17741461.0,17741222.0,17737591.0,17737591.0,17737591.0,17737591.0,17736716.0,17736716.0,17736716.0,17736716.0
봉화군 - 녹지지역 - 면적,Statistics,7292160.0,7292160.0,7278490.0,7278490.0,7278490.0,7278490.0,7278490.0,7267685.0,7267685.0,7267685.0,7267685.0,7267685.0,7309444.0,7309444.0,7309444.0
봉화군 - 녹지지역 - 비율,Statistics,78.41,78.41,78.26,76.74,76.74,76.74,76.74,76.63,76.63,76.63,76.63,76.63,77.07,77.07,77.07
봉화군 - 도시지역 - 면적,Statistics,9300000.0,9300000.0,9300000.0,9484653.0,9484653.0,9484653.0,9484653.0,9484653.0,9484653.0,9484653.0,9484653.0,9484653.0,9484653.0,9484653.0,9484653.0
부산광역시 - 녹지지역 - 면적,Statistics,577305021.0,576508531.0,563200624.0,560662775.0,555902452.0,554765334.0,547118411.0,546836972.0,546225644.0,546228649.0,544747568.0,544711620.0,544872774.0,543569407.0,543390841.0
부산광역시 - 녹지지역 - 비율,Statistics,61.06,61.11,59.73,59.45,58.95,58.97,58.15,58.12,58.06,58.06,57.9,57.9,57.91,57.77,57.76
부산광역시 - 도시지역 - 면적,Statistics,945518627.0,943382552.0,942982553.0,943008858.0,942972811.0,940825057.0,940825057.0,940825056.0,940825056.0,940825058.0,940825058.0,940825055.0,940825971.0,940844566.0,940825056.0
부산진구 - 녹지지역 - 면적,Statistics,13785174.0,13785174.0,13785174.0,13785134.0,13785134.0,13755174.0,13755174.0,13755174.0,13755174.0,13755174.0,13755174.0,13755174.0,13755174.0,13755174.0,13755174.0
부산진구 - 녹지지역 - 비율,Statistics,46.44,46.44,46.44,46.44,46.44,46.34,46.34,46.34,46.34,46.37,46.37,46.37,46.37,46.37,46.37
부산진구 - 도시지역 - 면적,Statistics,29682617.0,29682617.0,29682617.0,29682617.0,29682617.0,29682617.0,29682617.0,29682617.0,29682617.0,29666536.0,29666536.0,29666536.0,29666536.0,29666536.0,29666536.0
부안군 - 녹지지역 - 면적,Statistics,32406216.0,32406216.0,32406216.0,32406216.0,38289688.0,37962370.0,37962370.0,37962370.0,37962370.0,37962370.0,37964298.0,37964298.0,37964298.0,37964298.0,37964833.0
부안군 - 녹지지역 - 비율,Statistics,67.83,67.83,68.57,68.57,80.15,79.46,79.46,79.46,79.46,79.46,79.46,79.46,79.46,79.46,80.34
부안군 - 도시지역 - 면적,Statistics,47775171.0,47775171.0,47258000.0,47258000.0,47775171.0,47775171.0,47775171.0,47775171.0,47775171.0,47775171.0,47775171.0,47775171.0,47775171.0,47775171.0,47258000.0
부여군 - 녹지지역 - 면적,Statistics,39436691.0,39436691.0,39436691.0,39436691.0,39143254.0,39143254.0,39143254.0,39143254.0,39143254.0,38777277.0,39015288.0,39058912.0,39058912.0,39058912.0,39058912.0
부여군 - 녹지지역 - 비율,Statistics,90.89,90.89,90.89,90.89,90.21,90.21,90.21,90.21,90.21,90.04,89.92,90.02,90.02,90.02,90.02
부여군 - 도시지역 - 면적,Statistics,43390736.0,43390736.0,43390736.0,43390736.0,43390736.0,43390736.0,43391336.0,43391336.0,43391336.0,43066254.0,43390736.0,43390736.0,43390736.0,43390736.0,43390736.0
부천시 - 녹지지역 - 면적,Statistics,23974493.0,23056154.0,23075780.0,22706661.0,22696634.0,22696936.0,22593612.0,22375677.0,22210416.0,22210417.0,22003763.0,22009438.0,18928890.0,18922668.0,18541991.0
부천시 - 녹지지역 - 비율,Statistics,44.85,43.14,43.17,42.48,42.46,42.46,42.27,41.86,41.55,41.55,41.17,41.18,35.41,35.4,34.69
부천시 - 도시지역 - 면적,Statistics,53450000.0,53450000.0,53450000.0,53450000.0,53450000.0,53450000.0,53450000.0,53450000.0,53450000.0,53450000.0,53450000.0,53450001.0,53450001.0,53450000.0,53450000.0
부평구 - 녹지지역 - 면적,Statistics,10508388.0,10508388.0,10508388.0,10508388.0,10508388.0,10508388.0,10511723.0,10511723.0,10511723.0,10504730.0,10504730.0,10504730.0,10504730.0,12263217.0,12263436.0
부평구 - 녹지지역 - 비율,Statistics,32.85,32.85,32.85,32.85,32.85,32.85,32.86,32.86,32.85,32.83,32.83,32.83,32.83,38.22,38.22
부평구 - 도시지역 - 면적,Statistics,31984731.0,31984731.0,31984731.0,31984731.0,31984731.0,31984731.0,31987758.0,31987758.0,31994589.0,31994589.0,31994600.0,31994600.0,31994438.0,32082459.0,32082725.0
북구 - 녹지지역 - 면적,Statistics,29300386.0,29284166.0,29277696.0,29277696.0,29277696.0,29275856.0,29275855.0,29231265.0,29231265.0,29231265.0,29231265.0,29219843.0,29219843.0,29219843.0,29219843.0
북구 - 녹지지역 - 비율,Statistics,74.3,74.26,74.24,74.24,74.24,74.24,74.24,74.13,74.13,74.13,74.13,74.1,74.1,74.1,74.1
북구 - 도시지역 - 면적,Statistics,39434038.0,39434038.0,39434038.0,39434038.0,39434038.0,39434038.0,39434038.0,39434038.0,39434038.0,39434038.0,39434038.0,39434038.0,39434038.0,39434038.0,39434038.0
사상구 - 녹지지역 - 면적,Statistics,20891692.0,20891692.0,20891692.0,20891692.0,20891692.0,20873342.0,20873342.0,20873342.0,20873342.0,20873342.0,20873283.0,20873283.0,20873283.0,20823446.0,20823446.0
사상구 - 녹지지역 - 비율,Statistics,57.86,57.86,57.86,57.86,57.86,57.81,57.81,57.81,57.81,57.81,57.81,57.81,57.81,57.67,57.67
사상구 - 도시지역 - 면적,Statistics,36106274.0,36106274.0,36106274.0,36106274.0,36106274.0,36106274.0,36106274.0,36106274.0,36106274.0,36106275.0,36106275.0,36106274.0,36106274.0,36106275.0,36106274.0
사천시 - 녹지지역 - 면적,Statistics,70346841.0,69556993.0,66696970.0,67671202.0,66676885.0,67466733.0,67097895.0,67195984.0,67261637.0,67261637.0,67261637.0,67274910.0,67262819.0,67262819.0,66961519.0
사천시 - 녹지지역 - 비율,Statistics,78.22,77.04,72.45,74.81,73.14,73.81,72.16,73.4,73.03,73.03,72.39,72.4,72.39,72.39,71.9
사천시 - 도시지역 - 면적,Statistics,89937196.0,90285318.0,92058602.0,90456286.0,91160919.0,91409898.0,92984372.0,91552304.0,92095429.0,92095429.0,92910748.0,92916327.0,92916793.0,92916793.0,93130680.0
사하구 - 녹지지역 - 면적,Statistics,21237915.0,21071325.0,20823410.0,21153489.0,21153489.0,21130859.0,21130859.0,21130859.0,21130859.0,21130859.0,21325182.0,21325386.0,21325386.0,21325386.0,21325386.0
사하구 - 녹지지역 - 비율,Statistics,31.06,30.81,30.45,30.93,30.93,30.9,30.9,30.9,30.9,30.9,31.19,31.19,31.19,31.19,31.19
사하구 - 도시지역 - 면적,Statistics,68381835.0,68381835.0,68381835.0,68381835.0,68381835.0,68381835.0,68381835.0,68381835.0,68381835.0,68381835.0,68381835.0,68381835.0,68381835.0,68381835.0,68381835.0
산청군 - 녹지지역 - 면적,Statistics,6557333.0,6557333.0,6462916.0,6462916.0,6454096.0,6454096.0,6454096.0,6454096.0,6430463.0,6420236.0,6420236.0,6425386.0,6425386.0,6385671.0,7716178.0
산청군 - 녹지지역 - 비율,Statistics,63.42,63.53,62.62,62.62,62.53,62.53,62.53,61.59,61.47,62.32,61.37,61.39,61.39,61.01,73.72
산청군 - 도시지역 - 면적,Statistics,10339614.0,10320857.0,10321511.0,10321511.0,10321511.0,10321511.0,10320970.0,10479849.0,10461324.0,10302447.0,10461334.0,10466483.0,10466483.0,10466483.0,10466483.0
삼척시 - 녹지지역 - 면적,Statistics,57182439.0,55994867.0,55994135.0,55994135.0,55847078.0,55846740.0,55851264.0,56952192.0,56952192.0,56599576.0,56229816.0,56229816.0,56229797.0,56226482.0,56056231.0
삼척시 - 녹지지역 - 비율,Statistics,79.3,75.35,72.9,72.91,72.71,72.71,72.72,71.03,71.03,70.39,70.39,70.39,70.39,70.39,70.87
삼척시 - 도시지역 - 면적,Statistics,72111156.0,74312315.0,76810003.0,76800751.0,76808612.0,76810233.0,76803019.0,80176759.0,80176759.0,80405183.0,79882143.0,79882143.0,79882140.0,79883698.0,79101671.0
상주시 - 녹지지역 - 면적,Statistics,37871103.0,37892891.0,37892891.0,37892891.0,37892891.0,37892891.0,37620191.0,37620191.0,37620191.0,37586084.0,37586084.0,37586084.0,37586084.0,37586084.0,37586084.0
상주시 - 녹지지역 - 비율,Statistics,75.51,75.4,75.4,75.4,75.4,75.4,74.86,74.86,74.86,74.8,74.8,74.8,74.22,74.8,74.8
상주시 - 도시지역 - 면적,Statistics,50152310.0,50256371.0,50256371.0,50256371.0,50256371.0,50256371.0,50256371.0,50256371.0,50256371.0,50246829.0,50246829.0,50246829.0,50640213.0,50245929.0,50245929.0
서구 - 녹지지역 - 면적,Statistics,8108859.0,7987899.0,7970584.0,7987855.0,7987855.0,7987415.0,7987415.0,7987415.0,7987415.0,7987415.0,8012630.0,8012630.0,8012630.0,8012630.0,7980036.0
서구 - 녹지지역 - 비율,Statistics,27.62,27.2,27.15,27.2,27.2,27.2,27.2,27.2,27.2,27.2,27.29,27.29,27.29,27.27,27.18
서구 - 도시지역 - 면적,Statistics,29362772.0,29362772.0,29362772.0,29362772.0,29362772.0,29362772.0,29362772.0,29362772.0,29362772.0,29362772.0,29362772.0,29362772.0,29362772.0,29382282.0,29362772.0
서귀포시 - 녹지지역 - 면적,Statistics,153237968.0,194766312.0,194766312.0,194766312.0,194766312.0,194766312.0,194766312.0,194766312.0,204783049.0,204783049.0,204783049.0,204476225.0,204476225.0,204476225.0,204476225.0
서귀포시 - 녹지지역 - 비율,Statistics,83.15,85.92,85.92,85.92,85.92,85.92,85.92,85.92,85.41,85.41,85.41,85.39,85.39,85.39,85.39
서귀포시 - 도시지역 - 면적,Statistics,184292153.0,226694949.0,226694949.0,226694949.0,226694949.0,226694949.0,226694949.0,226694949.0,239755875.0,239755875.0,239755875.0,239451968.0,239451968.0,239451968.0,239451968.0
서대문구 - 녹지지역 - 면적,Statistics,1895556.0,1895556.0,1895556.0,1895556.0,1895556.0,1895556.0,1895556.0,1895556.0,1963055.0,1963055.0,1963055.0,1963055.0,1963055.0,1963055.0,1963055.0
서대문구 - 녹지지역 - 비율,Statistics,10.77,10.77,10.77,10.77,10.77,10.77,10.77,10.77,11.1,11.1,11.1,11.1,11.1,11.1,11.1
서대문구 - 도시지역 - 면적,Statistics,17600000.0,17600000.0,17600000.0,17600000.0,17600000.0,17600000.0,17600000.0,17600000.0,17685973.0,17685845.0,17685845.0,17685845.0,17685845.0,17685845.0,17685845.0
서산시 - 녹지지역 - 면적,Statistics,108196575.0,108457023.0,108457023.0,108457023.0,107789400.0,107356143.0,107077252.0,107081430.0,107066930.0,107066930.0,107066930.0,107069136.0,107069137.0,107069137.0,103908602.0
서산시 - 녹지지역 - 비율,Statistics,54.84,54.2,54.19,53.95,53.81,53.61,53.47,53.47,53.47,53.47,53.47,53.47,53.47,53.47,51.9
서산시 - 도시지역 - 면적,Statistics,197310024.0,200117784.0,200132784.0,201034526.0,200328508.0,200256022.0,200253515.0,200253628.0,200225499.0,200235993.0,200235993.0,200224909.0,200224913.0,200224913.0,200224913.0
서울특별시 - 녹지지역 - 면적,Statistics,244643584.0,242810549.0,242680124.0,242594040.0,241649982.0,241895036.0,243747702.0,241323140.0,234399725.0,234848783.0,234822576.0,234367642.0,233902078.0,233691182.0,233805758.0
서울특별시 - 녹지지역 - 비율,Statistics,40.37,40.07,40.05,40.03,39.88,39.89,40.27,39.81,38.71,38.78,38.78,38.69,38.62,38.58,38.6
서울특별시 - 도시지역 - 면적,Statistics,605958000.0,605958000.0,605958000.0,605958000.0,605961477.0,606361456.0,605267992.0,606114295.0,605597491.0,605569314.0,605512630.0,605680193.0,605680264.0,605672952.0,605673772.0
서천군 - 녹지지역 - 면적,Statistics,14876520.0,12033520.0,12033520.0,12033520.0,13098474.0,13098474.0,13710516.0,13710516.0,13694424.0,13694424.0,13516263.0,13519037.0,13511410.0,13507788.0,13507352.0
서천군 - 녹지지역 - 비율,Statistics,44.69,57.7,57.7,57.7,60.56,60.56,60.32,60.4,60.33,60.33,59.51,58.68,58.67,58.65,58.65
서천군 - 도시지역 - 면적,Statistics,33288000.0,20855256.0,20855256.0,20855256.0,21630541.0,21630541.0,22730591.0,22699229.0,22699229.0,22699229.0,22712136.0,23038239.0,23030031.0,23030031.0,23029159.0
서초구 - 녹지지역 - 면적,Statistics,27890284.0,27512048.0,27512048.0,27512048.0,27512048.0,27512048.0,27512048.0,26704958.0,26692558.0,26692558.0,26692558.0,26687459.0,26687459.0,26560963.0,26560639.0
서초구 - 녹지지역 - 비율,Statistics,59.17,58.36,58.36,58.36,58.36,58.36,58.36,56.94,56.91,56.91,56.91,56.9,56.9,56.63,56.63
서초구 - 도시지역 - 면적,Statistics,47138000.0,47138000.0,47138000.0,47138000.0,47138000.0,47138000.0,47138000.0,46899887.0,46899887.0,46899887.0,46899887.0,46899887.0,46899887.0,46899888.0,46899563.0
성남시 - 녹지지역 - 면적,Statistics,108222452.0,106662895.0,106393609.0,106338553.0,106268719.0,106272389.0,105951887.0,105227156.0,105198405.0,105200413.0,104566413.0,103907864.0,103535647.0,103535647.0,103589139.0
성남시 - 녹지지역 - 비율,Statistics,76.31,75.21,75.02,74.98,74.93,74.93,74.71,74.2,74.18,74.18,73.73,73.27,73.0,73.0,73.04
성남시 - 도시지역 - 면적,Statistics,141820896.0,141820897.0,141820899.0,141820899.0,141820898.0,141820897.0,141820897.0,141820897.0,141820897.0,141820897.0,141820898.0,141820898.0,141820898.0,141820880.0,141820897.0
성동구 - 녹지지역 - 면적,Statistics,4494894.0,4494894.0,4346183.0,4346183.0,4346183.0,4346330.0,4346330.0,4346330.0,4332406.0,4332406.0,4332406.0,4332406.0,4332406.0,4332406.0,4332406.0
성동구 - 녹지지역 - 비율,Statistics,26.69,26.69,25.81,25.81,25.81,25.81,25.81,25.81,25.78,25.78,25.78,25.78,25.78,25.78,25.79
성동구 - 도시지역 - 면적,Statistics,16840000.0,16840000.0,16840000.0,16840000.0,16840000.0,16839500.0,16839500.0,16839500.0,16804426.0,16804426.0,16804270.0,16804270.0,16804270.0,16804270.0,16799152.0
성북구 - 녹지지역 - 면적,Statistics,6564308.0,6564308.0,6564308.0,6564308.0,6564308.0,6564308.0,6564308.0,6564308.0,6432862.0,6432862.0,6432862.0,6432862.0,6432862.0,6432862.0,6432862.0
성북구 - 녹지지역 - 비율,Statistics,26.74,26.74,26.74,26.74,26.74,26.74,26.74,26.74,26.13,26.13,26.13,26.13,26.13,26.13,26.13
성북구 - 도시지역 - 면적,Statistics,24550000.0,24550000.0,24550000.0,24550000.0,24550000.0,24550000.0,24550000.0,24550000.0,24621422.0,24621422.0,24621422.0,24621422.0,24621422.0,24621422.0,24621422.0
성주군 - 녹지지역 - 면적,Statistics,6596590.0,6596590.0,6596190.0,6490690.0,6490690.0,6490690.0,6490690.0,6490690.0,6490690.0,6490690.0,6490690.0,6490690.0,6490705.0,6490705.0,6490705.0
성주군 - 녹지지역 - 비율,Statistics,68.53,68.53,68.52,61.34,61.38,61.38,61.38,61.38,61.32,61.32,61.32,61.33,61.33,61.33,61.33
성주군 - 도시지역 - 면적,Statistics,9625800.0,9626165.0,9626165.0,10581546.0,10575453.0,10575453.0,10575453.0,10575453.0,10584723.0,10584723.0,10584723.0,10583153.0,10583153.0,10583153.0,10583153.0
세종특별자치시 - 녹지지역 - 면적,Statistics,,,,99777811.0,99777811.0,99317087.0,98992747.0,98992747.0,97625665.0,98705006.0,98705006.0,97277636.0,97420469.0,97420469.0,97420469.0
세종특별자치시 - 녹지지역 - 비율,Statistics,,,,71.28,71.06,70.45,70.22,70.22,69.01,69.16,69.16,68.27,67.97,68.69,68.69
세종특별자치시 - 도시지역 - 면적,Statistics,,,,139983328.0,140413907.0,140971318.0,140971433.0,140971433.0,141468621.0,142715907.0,142715907.0,142495482.0,143324836.0,141833041.0,141833041.0
속초시 - 녹지지역 - 면적,Statistics,23861043.0,23861043.0,23630598.0,23630598.0,27683224.0,27685358.0,27323571.0,27344317.0,27344317.0,27344317.0,27344317.0,27311021.0,27311981.0,27373662.0,27373662.0
속초시 - 녹지지역 - 비율,Statistics,63.69,63.69,63.07,63.07,65.45,65.45,64.95,65.0,65.0,65.0,65.0,64.93,64.93,65.07,65.07
속초시 - 도시지역 - 면적,Statistics,37466791.0,37466791.0,37466791.0,37466791.0,42299605.0,42299605.0,42065437.0,42065437.0,42065437.0,42065437.0,42065437.0,42065437.0,42065437.0,42065436.0,42065436.0
송파구 - 녹지지역 - 면적,Statistics,10318963.0,10318963.0,10318963.0,10318963.0,10318963.0,10318963.0,10557941.0,10557941.0,10557941.0,10557941.0,10530667.0,10530667.0,10071861.0,10071861.0,10071861.0
송파구 - 녹지지역 - 비율,Statistics,30.45,30.45,30.45,30.45,30.45,30.45,31.18,31.18,31.18,31.18,31.1,31.1,29.75,29.75,29.75
송파구 - 도시지역 - 면적,Statistics,33890000.0,33890000.0,33890000.0,33890000.0,33890000.0,33890000.0,33858375.0,33858375.0,33858375.0,33858375.0,33857302.0,33857302.0,33857302.0,33857302.0,33857302.0
수성구 - 녹지지역 - 면적,Statistics,,57082764.0,57047302.0,56277621.0,56254855.0,56266963.0,56265962.0,56266749.0,56323355.0,56321137.0,56305221.0,55771193.0,55769762.0,55768443.0,55564066.0
수성구 - 녹지지역 - 비율,Statistics,,74.65,74.61,73.6,73.57,73.58,73.58,73.58,73.59,73.59,73.57,72.87,72.87,72.87,72.6
수성구 - 도시지역 - 면적,Statistics,,76462900.0,76462068.0,76467812.0,76464886.0,76466610.0,76465609.0,76466396.0,76536623.0,76534405.0,76535269.0,76536911.0,76535524.0,76534323.0,76536006.0
수영구 - 녹지지역 - 면적,Statistics,3679090.0,3620826.0,3592826.0,3592826.0,3592826.0,3592826.0,3592826.0,3592826.0,3582726.0,3582726.0,3590363.0,3590363.0,3590363.0,3590363.0,3590363.0
수영구 - 녹지지역 - 비율,Statistics,22.13,25.71,25.51,25.51,25.51,25.51,25.51,25.51,25.44,25.44,25.49,25.49,25.49,25.49,25.49
수영구 - 도시지역 - 면적,Statistics,16621650.0,14084751.0,14084751.0,14084751.0,14084751.0,14084751.0,14084751.0,14084751.0,14084751.0,14084752.0,14084752.0,14084751.0,14085667.0,14084751.0,14084751.0
수원시 - 녹지지역 - 면적,Statistics,69309349.0,68399380.0,68129134.0,68129134.0,68166227.0,67396530.0,67186125.0,66626119.0,66148388.0,66050954.0,66107672.0,65312494.0,65312494.0,65312494.0,65297955.0
수원시 - 녹지지역 - 비율,Statistics,57.23,56.48,56.26,56.26,56.27,55.64,55.46,55.0,54.61,54.53,54.55,53.92,53.92,53.92,53.88
수원시 - 도시지역 - 면적,Statistics,121103097.0,121103097.0,121103097.0,121103097.0,121138690.0,121138690.0,121138690.0,121138690.0,121138690.0,121138690.0,121182030.0,121136868.0,121136868.0,121136868.0,121180275.0
순창군 - 녹지지역 - 면적,Statistics,9122770.0,9122770.0,9122770.0,9122770.0,9122770.0,9122770.0,9122770.0,9122770.0,9122770.0,9122770.0,9122770.0,9032659.0,9032659.0,9032659.0,9032659.0
순창군 - 녹지지역 - 비율,Statistics,90.24,90.24,90.24,90.24,90.24,90.24,90.24,90.24,90.24,90.24,90.24,89.34,89.34,89.34,89.34
순창군 - 도시지역 - 면적,Statistics,10110000.0,10110000.0,10110000.0,10110000.0,10110000.0,10110000.0,10110000.0,10110000.0,10110000.0,10110000.0,10110000.0,10110000.0,10110000.0,10110000.0,10110000.0
순천시 - 녹지지역 - 면적,Statistics,172126724.0,171485490.0,171004938.0,170352631.0,170352631.0,170352631.0,170352631.0,170311262.0,170100565.0,170044837.0,168302452.0,167826400.0,167292615.0,167292615.0,167292615.0
순천시 - 녹지지역 - 비율,Statistics,86.61,86.28,86.04,85.71,85.71,85.71,85.71,85.69,85.59,85.56,85.37,84.83,84.56,84.56,84.56
순천시 - 도시지역 - 면적,Statistics,198748000.0,198748000.0,198748000.0,198748000.0,198748000.0,198748000.0,198748000.0,198748000.0,198748000.0,198748000.0,197141157.0,197839766.0,197839766.0,197839766.0,197839766.0
시흥시 - 녹지지역 - 면적,Statistics,99273785.0,93828043.0,95283224.0,95232725.0,95232725.0,95232725.0,95232725.0,99102536.0,99496485.0,99496485.0,98373712.0,98306604.0,98306604.0,98309604.0,96784470.0
시흥시 - 녹지지역 - 비율,Statistics,74.1,70.03,71.12,71.08,71.08,71.08,71.08,73.97,73.67,73.67,72.84,72.79,72.79,72.79,71.66
시흥시 - 도시지역 - 면적,Statistics,133974164.0,133974164.0,133974164.0,133974164.0,133974164.0,133974164.0,133974164.0,133974164.0,135056862.0,135059861.0,135056862.0,135056863.0,135056863.0,135059863.0,135056862.0
신안군 - 녹지지역 - 면적,Statistics,3311007.0,7514899.0,7514899.0,7514899.0,7514899.0,7514899.0,7514899.0,3311007.0,3311007.0,3311007.0,3316288.0,3316288.0,3316288.0,3316288.0,3316288.0
신안군 - 녹지지역 - 비율,Statistics,89.01,47.75,44.01,44.01,44.01,44.01,44.01,89.01,89.01,89.01,89.02,89.02,89.02,89.02,89.02
신안군 - 도시지역 - 면적,Statistics,3720000.0,15737145.0,17074646.0,17074646.0,17074646.0,17074646.0,17074646.0,3720000.0,3720000.0,3720000.0,3725281.0,3725281.0,3725281.0,3725281.0,3725281.0
아산시 - 녹지지역 - 면적,Statistics,43857412.0,43685463.0,49495072.0,50553835.0,50553145.0,50187607.0,50186227.0,50239558.0,50201494.0,50364369.0,49676358.0,49784937.0,49563162.0,49384218.0,49330004.0
아산시 - 녹지지역 - 비율,Statistics,51.01,50.0,53.08,61.47,61.22,60.77,60.45,60.17,59.81,59.3,57.58,54.09,53.79,53.21,52.47
아산시 - 도시지역 - 면적,Statistics,85969679.0,87369053.0,93246445.0,82236596.0,82581343.0,82581081.0,83014719.0,83489213.0,83932933.0,84935069.0,86275783.0,92034569.0,92147361.0,92818557.0,94018099.0
안동시 - 녹지지역 - 면적,Statistics,56556100.0,57409319.0,57410819.0,58888938.0,58888938.0,58630347.0,58176030.0,58176030.0,58176030.0,60027607.0,60038843.0,60022001.0,60046419.0,60046471.0,59998088.0
안동시 - 녹지지역 - 비율,Statistics,78.38,78.81,78.55,77.93,77.93,77.67,77.55,77.24,77.24,75.96,75.97,75.95,75.79,75.79,75.73
안동시 - 도시지역 - 면적,Statistics,72153836.0,72840852.0,73085852.0,75565085.0,75565085.0,75483858.0,75016506.0,75315830.0,75315830.0,79029099.0,79027431.0,79027430.0,79223135.0,79223187.0,79223187.0
안산시 - 녹지지역 - 면적,Statistics,105488152.0,105997648.0,107280123.0,107232137.0,107232137.0,107189154.0,107192868.0,107044159.0,107027267.0,108830262.0,108830262.0,108830262.0,106914861.0,106911305.0,106910539.0
안산시 - 녹지지역 - 비율,Statistics,71.69,72.72,71.81,71.78,71.78,71.75,71.63,71.53,71.52,71.85,71.85,71.85,70.58,70.58,70.58
안산시 - 도시지역 - 면적,Statistics,147154850.0,145766663.0,149388487.0,149388487.0,149388487.0,149388531.0,149646684.0,149643348.0,149656734.0,151472341.0,151472339.0,151472340.0,151472343.0,151472343.0,151471394.0
안성시 - 녹지지역 - 면적,Statistics,143360002.0,143360002.0,142485516.0,139892636.0,139779242.0,139779242.0,139527781.0,139527781.0,139527781.0,139345419.0,138644904.0,138367372.0,138367372.0,138367372.0,138367372.0
안성시 - 녹지지역 - 비율,Statistics,91.43,91.39,90.83,89.81,89.74,89.74,89.5,89.5,89.5,89.35,88.75,88.78,88.78,88.77,88.77
안성시 - 도시지역 - 면적,Statistics,156804837.0,156864837.0,156871486.0,155762995.0,155763194.0,155763194.0,155905229.0,155905229.0,155905229.0,155948886.0,156213560.0,155860500.0,155860500.0,155875148.0,155875148.0
안양시 - 녹지지역 - 면적,Statistics,36399154.0,36348827.0,36347713.0,36348555.0,36348789.0,36348638.0,36345222.0,36341291.0,37890936.0,37890936.0,37890936.0,37890936.0,37890936.0,37910221.0,37910221.0
안양시 - 녹지지역 - 비율,Statistics,62.26,62.18,62.18,62.18,62.18,62.18,62.17,62.17,64.79,64.79,64.79,64.79,64.79,64.8,64.8
안양시 - 도시지역 - 면적,Statistics,58458643.0,58458965.0,58458643.0,58458263.0,58458059.0,58458075.0,58458075.0,58457915.0,58480054.0,58480054.0,58480054.0,58480054.0,58480054.0,58499339.0,58499339.0
양구군 - 녹지지역 - 면적,Statistics,2116215.0,2074622.0,2074622.0,2074669.0,2074669.0,2074669.0,2074669.0,2074669.0,2074669.0,2074669.0,2028728.0,2028728.0,2028728.0,2028728.0,2028728.0
양구군 - 녹지지역 - 비율,Statistics,57.04,55.92,55.92,55.92,55.92,55.92,55.92,55.92,55.92,55.92,54.68,54.68,54.68,54.68,54.68
양구군 - 도시지역 - 면적,Statistics,3710000.0,3710000.0,3710000.0,3710000.0,3710000.0,3710000.0,3710000.0,3710000.0,3710000.0,3710000.0,3710000.0,3710000.0,3710000.0,3710000.0,3710000.0
양산시 - 녹지지역 - 면적,Statistics,261874428.0,264079157.0,263821605.0,265696700.0,265696700.0,265200967.0,265203401.0,265420893.0,265420893.0,266584525.0,266584525.0,266552105.0,262664023.0,262664023.0,263249786.0
양산시 - 녹지지역 - 비율,Statistics,86.46,85.57,85.48,85.52,85.52,85.36,85.36,85.43,85.43,85.18,85.18,85.17,84.25,84.25,84.44
양산시 - 도시지역 - 면적,Statistics,302884025.0,308629652.0,308629652.0,310685711.0,310685711.0,310683327.0,310683327.0,310686067.0,310686067.0,312975446.0,312975446.0,312975446.0,311750184.0,311750184.0,311750184.0
양양군 - 녹지지역 - 면적,Statistics,7810476.0,7810476.0,7810476.0,7810476.0,7810476.0,7810476.0,7810476.0,7804231.0,7776046.0,7776046.0,7776046.0,8201490.0,8518495.0,8518495.0,8518495.0
양양군 - 녹지지역 - 비율,Statistics,72.74,72.74,72.74,72.74,72.74,72.74,72.74,72.69,72.4,72.4,72.4,70.02,70.81,70.81,70.81
양양군 - 도시지역 - 면적,Statistics,10736875.0,10736875.0,10736875.0,10736875.0,10736875.0,10736875.0,10736875.0,10736875.0,10739801.0,10739801.0,10739801.0,11712272.0,12029284.0,12029284.0,12029284.0
양주시 - 녹지지역 - 면적,Statistics,131822219.0,119935220.0,119791726.0,119684825.0,119663984.0,119663984.0,119474070.0,119270278.0,118574818.0,118561224.0,118210430.0,118205726.0,118561224.0,117961755.0,117957097.0
양주시 - 녹지지역 - 비율,Statistics,87.83,79.91,79.81,79.74,79.73,79.73,79.6,79.32,78.81,78.8,78.57,78.57,78.8,77.89,77.89
양주시 - 도시지역 - 면적,Statistics,150092266.0,150092266.0,150092266.0,150093206.0,150093206.0,150093830.0,150092739.0,150364475.0,150458222.0,150455384.0,150455382.0,150455047.0,150455384.0,151447049.0,151447049.0
양천구 - 녹지지역 - 면적,Statistics,4409443.0,4409443.0,4409443.0,4350362.0,4350362.0,4350362.0,3981474.0,3981474.0,4043275.0,4043275.0,4043275.0,4043275.0,4043275.0,4043275.0,4043275.0
양천구 - 녹지지역 - 비율,Statistics,25.33,25.33,25.33,24.99,24.99,24.99,22.87,22.87,23.14,23.14,23.14,23.14,23.14,23.14,23.14
양천구 - 도시지역 - 면적,Statistics,17410000.0,17410000.0,17410000.0,17410000.0,17410000.0,17410000.0,17410000.0,17410000.0,17469613.0,17469613.0,17469613.0,17469613.0,17469613.0,17469613.0,17469613.0
양평군 - 녹지지역 - 면적,Statistics,47800050.0,47800050.0,47800050.0,47800050.0,47650534.0,47521541.0,47521993.0,47521993.0,47521993.0,47521993.0,47534281.0,47469357.0,47534281.0,47421834.0,47421834.0
양평군 - 녹지지역 - 비율,Statistics,93.36,93.36,93.36,93.36,93.07,92.82,92.82,92.82,92.82,92.82,92.84,92.72,92.84,92.62,92.62
양평군 - 도시지역 - 면적,Statistics,51198870.0,51198870.0,51198870.0,51198870.0,51198870.0,51198870.0,51198870.0,51198870.0,51198870.0,51198870.0,51198870.0,51198870.0,51198870.0,51201769.0,51201769.0
여수시 - 녹지지역 - 면적,Statistics,217505883.0,217574992.0,217541902.0,217174515.0,217178425.0,217182810.0,215962390.0,214809894.0,214807507.0,214807507.0,215036801.0,215036801.0,215073797.0,215066130.0,215046305.0
여수시 - 녹지지역 - 비율,Statistics,63.03,63.05,63.04,62.93,62.93,62.93,62.58,62.25,62.25,62.25,62.31,62.31,62.32,62.32,71.06
여수시 - 도시지역 - 면적,Statistics,345093243.0,345093242.0,345097651.0,345097606.0,345097549.0,345097039.0,345097039.0,345097039.0,345097039.0,345097039.0,345097039.0,345097039.0,345099809.0,345099809.0,302614035.0
여주군 - 녹지지역 - 면적,Statistics,19799950.0,22506426.0,22483284.0,22483284.0,,,,,,,,,,,
여주군 - 녹지지역 - 비율,Statistics,85.87,87.18,86.89,86.68,,,,,,,,,,,
여주군 - 도시지역 - 면적,Statistics,23057178.0,25817384.0,25876992.0,25936824.0,,,,,,,,,,,
여주시 - 녹지지역 - 면적,Statistics,,,,,22483284.0,22435608.0,22435608.0,22321645.0,22321645.0,22321645.0,22321645.0,22079620.0,22079620.0,21771526.0,21657612.0
여주시 - 녹지지역 - 비율,Statistics,,,,,86.68,86.52,86.52,86.09,85.55,85.55,85.55,83.52,83.52,82.17,81.71
여주시 - 도시지역 - 면적,Statistics,,,,,25936824.0,25932577.0,25932577.0,25929042.0,26093192.0,26093192.0,26093192.0,26436959.0,26436959.0,26494520.0,26505317.0
연기군 - 녹지지역 - 면적,Statistics,94856069.0,94856069.0,94856069.0,,,,,,,,,,,,
연기군 - 녹지지역 - 비율,Statistics,72.37,72.37,71.91,,,,,,,,,,,,
연기군 - 도시지역 - 면적,Statistics,131063258.0,131078743.0,131917585.0,,,,,,,,,,,,
연수구 - 녹지지역 - 면적,Statistics,25093918.0,25093918.0,30897721.0,21335633.0,21335633.0,20993945.0,21984260.0,23560235.0,23560235.0,23543612.0,30659269.0,30659269.0,30087371.0,31349780.0,31243921.0
연수구 - 녹지지역 - 비율,Statistics,21.09,21.09,25.97,17.93,17.93,17.64,18.48,19.1,19.1,19.09,41.83,41.83,41.05,42.24,46.6
연수구 - 도시지역 - 면적,Statistics,118979884.0,118979884.0,118979884.0,118979885.0,118979885.0,118979885.0,118979885.0,123327193.0,123327193.0,123327193.0,73287493.0,73287493.0,73300094.0,74224666.0,67041461.0
연제구 - 녹지지역 - 면적,Statistics,3601909.0,3601909.0,3601909.0,3602692.0,3602692.0,3584962.0,3584962.0,3584962.0,3584962.0,3584962.0,3584962.0,3584962.0,3584962.0,3584962.0,3584962.0
연제구 - 녹지지역 - 비율,Statistics,29.82,29.82,29.82,29.83,29.83,29.68,29.68,29.68,29.68,29.64,29.64,29.64,29.64,29.64,29.64
연제구 - 도시지역 - 면적,Statistics,12078474.0,12078474.0,12078474.0,12078474.0,12078474.0,12078474.0,12078474.0,12078474.0,12078474.0,12094555.0,12094555.0,12094555.0,12094555.0,12094555.0,12094555.0
연천군 - 녹지지역 - 면적,Statistics,25251346.0,25250797.0,24470687.0,24452813.0,24382236.0,24382236.0,24423871.0,24406309.0,24429040.0,24429270.0,24429405.0,24429405.0,24429405.0,24264779.0,24264779.0
연천군 - 녹지지역 - 비율,Statistics,85.54,84.62,81.99,81.93,81.7,81.7,81.84,81.78,80.24,80.24,80.24,80.24,80.24,79.18,79.18
연천군 - 도시지역 - 면적,Statistics,29519050.0,29841416.0,29845126.0,29845126.0,29845126.0,29845126.0,29845126.0,29845126.0,30445145.0,30445145.0,30445145.0,30445145.0,30445145.0,30645330.0,30645330.0
영광군 - 녹지지역 - 면적,Statistics,32998625.0,32998625.0,32986391.0,32986391.0,32986834.0,32986834.0,32986834.0,32986834.0,32986834.0,32835637.0,32835637.0,32835637.0,32835637.0,32835637.0,32835637.0
영광군 - 녹지지역 - 비율,Statistics,70.2,70.2,70.18,70.18,70.16,70.16,70.16,70.16,70.16,69.84,69.84,69.84,69.84,69.84,69.84
영광군 - 도시지역 - 면적,Statistics,47004447.0,47004447.0,47004447.0,47004447.0,47015634.0,47015634.0,47015634.0,47015634.0,47015634.0,47016366.0,47016366.0,47016366.0,47016366.0,47016366.0,47016366.0
영덕군 - 녹지지역 - 면적,Statistics,10800504.0,10728656.0,10728656.0,10728656.0,10728656.0,10728656.0,10728656.0,10728656.0,10728656.0,10728656.0,10728656.0,10728656.0,10728656.0,10728656.0,10728656.0
영덕군 - 녹지지역 - 비율,Statistics,68.93,68.47,68.47,68.47,68.47,68.47,68.47,56.73,56.73,56.73,56.73,56.73,68.47,68.47,68.47
영덕군 - 도시지역 - 면적,Statistics,15669000.0,15669000.0,15669000.0,15669000.0,15669000.0,15669000.0,15669000.0,18911332.0,18911332.0,18911332.0,18911332.0,18911332.0,15669000.0,15669000.0,15669000.0
영도구 - 녹지지역 - 면적,Statistics,7631429.0,7617473.0,7617473.0,7617473.0,7616008.0,7608938.0,7608938.0,7608938.0,7608938.0,7608938.0,7608938.0,7603070.0,7603070.0,7603070.0,7603070.0
영도구 - 녹지지역 - 비율,Statistics,13.59,13.56,13.56,13.56,13.56,13.55,13.55,13.55,13.55,13.55,13.55,13.54,13.54,13.54,13.54
영도구 - 도시지역 - 면적,Statistics,56165682.0,56165682.0,56165682.0,56165682.0,56165682.0,56165682.0,56165682.0,56165682.0,56165682.0,56165682.0,56165682.0,56165682.0,56165682.0,56165682.0,56165682.0
영동군 - 녹지지역 - 면적,Statistics,24745926.0,24649683.0,24649683.0,24649683.0,24649683.0,24649683.0,24649683.0,24649683.0,24649683.0,24632323.0,24632323.0,24632323.0,24632323.0,24632323.0,24632323.0
영동군 - 녹지지역 - 비율,Statistics,80.23,79.92,79.92,79.92,79.92,79.92,79.24,79.24,79.24,79.19,79.19,79.19,79.19,79.19,79.17
영동군 - 도시지역 - 면적,Statistics,30843586.0,30843472.0,30843472.0,30843472.0,30843472.0,30843472.0,31106651.0,31106651.0,31106651.0,31106651.0,31106651.0,31106651.0,31106652.0,31106652.0,31111344.0
영등포구 - 녹지지역 - 면적,Statistics,6768664.0,6768664.0,6768664.0,6768664.0,6768664.0,6768664.0,8708804.0,8708804.0,8708804.0,8708804.0,8708804.0,8708804.0,8708804.0,8708804.0,8708804.0
영등포구 - 녹지지역 - 비율,Statistics,27.56,27.56,27.56,27.56,27.56,27.56,35.76,35.76,35.76,35.76,35.76,35.76,35.76,35.76,35.76
영등포구 - 도시지역 - 면적,Statistics,24560000.0,24560000.0,24560000.0,24560000.0,24560000.0,24560000.0,24354829.0,24354829.0,24354829.0,24354830.0,24354830.0,24354830.0,24354830.0,24354830.0,24354830.0
영암군 - 녹지지역 - 면적,Statistics,42670533.0,42670533.0,42670533.0,42670533.0,42670533.0,42670533.0,42578803.0,42578803.0,42578803.0,42578803.0,49185838.0,49188130.0,49188130.0,49188130.0,49022566.0
영암군 - 녹지지역 - 비율,Statistics,42.17,42.23,42.23,42.23,42.23,42.23,42.14,42.14,42.14,42.14,47.92,47.92,47.92,47.92,55.92
영암군 - 도시지역 - 면적,Statistics,101184652.0,101048377.0,101048377.0,101048377.0,101048377.0,101048377.0,101048377.0,101048377.0,101048377.0,101048377.0,102640605.0,102642897.0,102642897.0,102642897.0,87673348.0
영양군 - 녹지지역 - 면적,Statistics,9766470.0,9766470.0,9766470.0,9766470.0,9766470.0,9766470.0,9766470.0,9766470.0,9766470.0,9766470.0,9766470.0,9766470.0,9689357.0,9689357.0,9689357.0
영양군 - 녹지지역 - 비율,Statistics,85.27,85.27,85.27,85.27,85.27,85.27,85.27,85.27,85.27,85.27,85.27,85.27,84.6,84.6,84.6
영양군 - 도시지역 - 면적,Statistics,11453009.0,11453009.0,11453009.0,11453009.0,11453009.0,11453009.0,11453000.0,11453000.0,11453000.0,11453000.0,11453000.0,11453000.0,11453000.0,11453000.0,11453000.0
영월군 - 녹지지역 - 면적,Statistics,21713224.0,21304092.0,21303273.0,21307598.0,21307924.0,21257775.0,21257775.0,21261607.0,21261607.0,21236258.0,21236258.0,21236258.0,21231358.0,21236258.0,21236258.0
영월군 - 녹지지역 - 비율,Statistics,82.33,80.78,80.78,80.79,80.79,80.57,80.57,80.59,80.59,80.49,80.49,80.49,80.47,80.49,80.49
영월군 - 도시지역 - 면적,Statistics,26373000.0,26373000.0,26373000.0,26373000.0,26373000.0,26383940.0,26383940.0,26383940.0,26383940.0,26383940.0,26383940.0,26383940.0,26383940.0,26383940.0,26383940.0
영주시 - 녹지지역 - 면적,Statistics,37483307.0,37487446.0,37487446.0,37487446.0,37462437.0,37337727.0,37337727.0,37337727.0,37337727.0,37337727.0,37337727.0,37337643.0,37337572.0,37273523.0,36625132.0
영주시 - 녹지지역 - 비율,Statistics,75.34,74.85,74.61,74.57,74.52,74.55,74.55,74.55,74.55,74.55,74.55,74.57,74.54,74.39,72.67
영주시 - 도시지역 - 면적,Statistics,49752582.0,50084231.0,50247332.0,50272670.0,50271895.0,50085198.0,50085198.0,50085198.0,50085198.0,50085198.0,50085086.0,50073264.0,50092894.0,50107121.0,50397189.0
영천시 - 녹지지역 - 면적,Statistics,39562259.0,39562259.0,39556559.0,39536682.0,39536682.0,39507697.0,39385332.0,39252173.0,39220907.0,39047379.0,39046838.0,39046838.0,39047573.0,39047573.0,39047573.0
영천시 - 녹지지역 - 비율,Statistics,69.5,69.5,69.49,69.29,69.29,69.24,69.02,68.79,68.73,68.51,68.51,68.51,66.57,66.57,66.57
영천시 - 도시지역 - 면적,Statistics,56924306.0,56924306.0,56924306.0,57062378.0,57062378.0,57062378.0,57062378.0,57062378.0,57062378.0,56996498.0,56996498.0,56996498.0,58659064.0,58659064.0,58659064.0
예산군 - 녹지지역 - 면적,Statistics,25014805.0,25714222.0,25714222.0,25712916.0,26774574.0,25620702.0,25620702.0,25620702.0,25675329.0,25675329.0,25675329.0,25648678.0,25648678.0,25648678.0,25648678.0
예산군 - 녹지지역 - 비율,Statistics,70.99,70.85,70.04,70.04,70.61,69.69,69.69,69.69,69.66,69.75,69.75,69.67,69.67,68.52,68.52
예산군 - 도시지역 - 면적,Statistics,35234924.0,36293744.0,36711493.0,36711493.0,37917714.0,36763842.0,36763842.0,36763842.0,36860453.0,36812406.0,36812406.0,36812408.0,36812408.0,37433607.0,37433607.0
예천군 - 녹지지역 - 면적,Statistics,8452107.0,8452107.0,8452107.0,9154101.0,9154101.0,9114662.0,9067711.0,9067711.0,8999117.0,9407750.0,9407751.0,9407751.0,9407751.0,9408351.0,9431869.0
예천군 - 녹지지역 - 비율,Statistics,68.08,68.08,68.08,62.76,62.76,62.66,62.55,62.55,62.08,57.55,57.55,57.55,57.55,57.52,56.85
예천군 - 도시지역 - 면적,Statistics,12415025.0,12415025.0,12415025.0,14585598.0,14585598.0,14546159.0,14497080.0,14497080.0,14497079.0,16347826.0,16347828.0,16347828.0,16347828.0,16355798.0,16591849.0
오산시 - 녹지지역 - 면적,Statistics,29267321.0,29267321.0,29270736.0,29256348.0,29293622.0,28761477.0,28601941.0,28374873.0,28374737.0,28240060.0,28187484.0,27919333.0,27920120.0,27811198.0,27753757.0
오산시 - 녹지지역 - 비율,Statistics,68.45,68.45,68.46,68.42,68.51,67.27,66.89,66.36,66.36,66.05,65.92,65.3,65.3,65.04,64.99
오산시 - 도시지역 - 면적,Statistics,42757000.0,42757000.0,42757000.0,42757000.0,42757000.0,42757000.0,42757000.0,42757000.0,42757001.0,42757000.0,42757000.0,42757002.0,42757002.0,42756997.0,42707000.0
옥천군 - 녹지지역 - 면적,Statistics,48127963.0,47944329.0,47944329.0,47944329.0,47944329.0,47944329.0,47944329.0,47946765.0,47964975.0,47964975.0,47964975.0,47964975.0,47964975.0,47964975.0,47964975.0
옥천군 - 녹지지역 - 비율,Statistics,87.97,87.64,87.64,87.64,87.64,87.64,87.64,87.08,87.11,87.11,87.11,87.11,87.11,87.11,87.11
옥천군 - 도시지역 - 면적,Statistics,54707315.0,54707315.0,54707315.0,54707315.0,54707315.0,54707315.0,54707315.0,55061021.0,55061021.0,55061021.0,55061021.0,55061021.0,55061021.0,55061021.0,55061021.0
옹진군 - 녹지지역 - 면적,Statistics,0.0,0.0,0.0,0.0,0.0,0.0,0.0,0.0,0.0,0.0,0.0,0.0,0.0,,0.0
옹진군 - 녹지지역 - 비율,Statistics,0.0,0.0,0.0,0.0,0.0,0.0,0.0,0.0,0.0,0.0,0.0,0.0,0.0,,0.0
옹진군 - 도시지역 - 면적,Statistics,9790000.0,9379473.0,9379473.0,9379473.0,7576815.0,7576815.0,7576815.0,7585970.0,7585970.0,7585970.0,7585970.0,7585970.0,7585977.0,3978567.0,7598931.0
완도군 - 녹지지역 - 면적,Statistics,19319738.0,19334446.0,19334446.0,19292940.0,19292940.0,19292940.0,19292940.0,19292940.0,19292940.0,19293348.0,19293348.0,19293348.0,19293348.0,19293348.0,19293348.0
완도군 - 녹지지역 - 비율,Statistics,75.11,72.6,72.6,72.44,72.44,72.44,72.44,72.44,72.44,72.44,72.44,72.44,72.44,72.44,72.44
완도군 - 도시지역 - 면적,Statistics,25722740.0,26633097.0,26633097.0,26633097.0,26633097.0,26633097.0,26633097.0,26633097.0,26633097.0,26633097.0,26633097.0,26633097.0,26633097.0,26633097.0,26633097.0
완주군 - 녹지지역 - 면적,Statistics,138011901.0,136526183.0,135850348.0,137067958.0,136288300.0,136288300.0,136288300.0,136288300.0,135964720.0,135693803.0,133843603.0,133038975.0,133038973.0,133043680.0,133043680.0
완주군 - 녹지지역 - 비율,Statistics,91.61,90.62,90.57,90.6,90.56,90.56,90.56,90.56,90.34,90.16,88.75,88.67,88.67,88.67,88.67
완주군 - 도시지역 - 면적,Statistics,150650450.0,150663528.0,149987693.0,151287693.0,150497709.0,150497709.0,150497709.0,150497709.0,150497709.0,150497709.0,150804430.0,150045961.0,150045964.0,150050671.0,150050671.0
용산구 - 녹지지역 - 면적,Statistics,9012300.0,8951569.0,8951569.0,8975262.0,8975262.0,8975262.0,8975262.0,8975262.0,8530162.0,8975262.0,8975262.0,8975262.0,8888445.0,8888445.0,8908366.0
용산구 - 녹지지역 - 비율,Statistics,41.21,40.93,40.93,41.04,41.04,41.04,41.04,41.04,38.95,41.04,41.04,41.04,40.64,40.64,40.73
용산구 - 도시지역 - 면적,Statistics,21870000.0,21870000.0,21870000.0,21870000.0,21870000.0,21870000.0,21870000.0,21870000.0,21898766.0,21870000.0,21870000.0,21870000.0,21870000.0,21870000.0,21870000.0
용인시 - 녹지지역 - 면적,Statistics,347025789.0,345522190.0,344774213.0,344733554.0,344733249.0,344733249.0,344314295.0,343263059.0,342647037.0,342607475.0,342404550.0,342287358.0,340995264.0,340921280.0,340995264.0
용인시 - 녹지지역 - 비율,Statistics,89.39,89.0,88.81,88.8,88.78,88.78,88.68,88.41,88.24,88.23,88.18,88.15,86.94,86.92,86.94
용인시 - 도시지역 - 면적,Statistics,388230795.0,388230795.0,388230795.0,388230795.0,388304199.0,388304199.0,388275523.0,388275186.0,388296207.0,388296171.0,388296611.0,388296558.0,392238936.0,392238936.0,392238936.0
울릉군 - 녹지지역 - 면적,Statistics,6927380.0,6927380.0,6927380.0,6959806.0,6959806.0,9099674.0,9099674.0,9099674.0,9099674.0,9099674.0,9099674.0,9099674.0,9099674.0,9099674.0,9099674.0
울릉군 - 녹지지역 - 비율,Statistics,88.44,88.44,88.44,88.85,88.85,86.8,86.8,86.8,86.8,86.8,86.8,86.8,86.8,86.8,86.8
울릉군 - 도시지역 - 면적,Statistics,7832800.0,7832800.0,7832800.0,7833464.0,7833464.0,10483319.0,10483319.0,10483319.0,10483319.0,10483319.0,10483319.0,10483319.0,10483319.0,10483319.0,10483319.0
울산광역시 - 녹지지역 - 면적,Statistics,528267313.0,526179571.0,525813991.0,517912630.0,516894965.0,516314824.0,515739580.0,514751496.0,515285813.0,515078500.0,515264441.0,522035487.0,519945191.0,519620724.0,510647183.0
울산광역시 - 녹지지역 - 비율,Statistics,70.11,69.65,69.61,68.59,68.45,68.33,68.26,68.13,68.2,68.17,68.2,68.53,68.04,67.99,76.03
울산광역시 - 도시지역 - 면적,Statistics,753469238.0,755429960.0,755424849.0,755133152.0,755136776.0,755598443.0,755550507.0,755545355.0,755551876.0,755545356.0,755545353.0,761731893.0,764204857.0,764212886.0,671649337.0
울주군 - 녹지지역 - 면적,Statistics,358648317.0,357644944.0,357471483.0,348146936.0,348238181.0,347657015.0,347270889.0,346278717.0,345985268.0,345777955.0,345946736.0,352717782.0,352822754.0,352822754.0,342994395.0
울주군 - 녹지지역 - 비율,Statistics,73.02,72.55,72.51,71.42,71.44,71.26,71.19,70.98,70.92,70.88,70.91,71.4,70.88,70.88,84.9
울주군 - 도시지역 - 면적,Statistics,491162123.0,492987854.0,492982744.0,487430649.0,487430649.0,487889006.0,487841070.0,487835917.0,487842438.0,487835918.0,487835915.0,494022455.0,497769781.0,497769781.0,403977896.0
울진군 - 녹지지역 - 면적,Statistics,34451630.0,34451630.0,33764274.0,33775564.0,33775564.0,33775564.0,33697966.0,33697966.0,33721772.0,33721772.0,33721772.0,33721772.0,33721772.0,33721772.0,33721772.0
울진군 - 녹지지역 - 비율,Statistics,73.44,73.44,70.75,70.58,70.58,70.58,70.42,70.36,70.37,70.37,70.37,70.37,70.37,70.37,70.37
울진군 - 도시지역 - 면적,Statistics,46909700.0,46909700.0,47724941.0,47852469.0,47852469.0,47852469.0,47852199.0,47894455.0,47920405.0,47920405.0,47920405.0,47920405.0,47920405.0,47920405.0,47920405.0
원주시 - 녹지지역 - 면적,Statistics,54256817.0,54192930.0,53972721.0,53975422.0,53940304.0,53421531.0,53342453.0,53424019.0,53125032.0,53129677.0,53398586.0,53442706.0,53375133.0,53369434.0,53418202.0
원주시 - 녹지지역 - 비율,Statistics,62.1,62.11,61.84,61.84,61.81,61.22,61.12,61.06,60.52,60.35,60.47,60.52,60.44,60.44,60.23
원주시 - 도시지역 - 면적,Statistics,87365717.0,87251771.0,87281832.0,87281832.0,87268083.0,87268083.0,87271008.0,87488844.0,87785359.0,88038796.0,88306314.0,88304463.0,88304465.0,88305095.0,88683975.0
유성구 - 녹지지역 - 면적,Statistics,155292012.0,155207317.0,155272277.0,154968036.0,154968036.0,154968036.0,154968036.0,154968036.0,154968036.0,154968036.0,152131217.0,152131217.0,152131217.0,152131217.0,152131217.0
유성구 - 녹지지역 - 비율,Statistics,87.61,87.56,87.6,87.43,87.43,87.43,87.43,87.43,87.43,87.43,85.56,85.56,85.56,85.56,85.56
유성구 - 도시지역 - 면적,Statistics,177251011.0,177251011.0,177251011.0,177251011.0,177251011.0,177251011.0,177251011.0,177251011.0,177251011.0,177251011.0,177801819.0,177801819.0,177801819.0,177801819.0,177801819.0
은평구 - 녹지지역 - 면적,Statistics,14493051.0,14497685.0,14515359.0,14515359.0,14516401.0,14516401.0,13910308.0,13910307.0,13898866.0,13902080.0,13902080.0,13902080.0,13902080.0,13902080.0,13902080.0
은평구 - 녹지지역 - 비율,Statistics,48.77,48.78,48.84,48.84,48.84,48.84,48.31,46.69,46.66,46.67,46.67,46.67,46.67,46.67,46.67
은평구 - 도시지역 - 면적,Statistics,29720000.0,29720000.0,29720000.0,29720000.0,29723445.0,29723445.0,28791778.0,29793436.0,29788522.0,29788522.0,29788522.0,29788522.0,29788522.0,29788522.0,29788522.0
음성군 - 녹지지역 - 면적,Statistics,13397000.0,15067008.0,15067008.0,15284894.0,15499421.0,15607004.0,15607070.0,15803063.0,15809332.0,15582349.0,15579286.0,14842868.0,14921791.0,15581619.0,15581619.0
음성군 - 녹지지역 - 비율,Statistics,52.98,48.67,48.67,49.22,49.02,47.16,47.15,45.06,43.62,43.91,40.83,38.43,38.59,41.55,41.55
음성군 - 도시지역 - 면적,Statistics,25287000.0,30956953.0,30956953.0,31053420.0,31621407.0,33096611.0,33099830.0,35069605.0,36240352.0,35483134.0,38153239.0,38618516.0,38672271.0,37499761.0,37499750.0
의령군 - 녹지지역 - 면적,Statistics,12498534.0,12498534.0,12498534.0,12498534.0,12498534.0,12498534.0,12498534.0,12498534.0,12498534.0,11940463.0,11940463.0,11940463.0,11998026.0,11998026.0,11998026.0
의령군 - 녹지지역 - 비율,Statistics,80.16,80.16,80.16,80.16,80.16,80.16,80.16,80.16,80.16,75.43,75.42,75.42,74.13,74.13,74.13
의령군 - 도시지역 - 면적,Statistics,15591845.0,15591845.0,15591845.0,15591845.0,15591845.0,15591845.0,15591845.0,15591845.0,15591845.0,15830845.0,15832558.0,15832558.0,16184652.0,16184652.0,16184652.0
의성군 - 녹지지역 - 면적,Statistics,27200549.0,27200549.0,27200549.0,27114017.0,27114017.0,27114017.0,27114017.0,27114017.0,27114017.0,27114017.0,27114017.0,27112505.0,27112505.0,27112505.0,27112505.0
의성군 - 녹지지역 - 비율,Statistics,83.48,83.48,83.48,83.22,83.22,83.22,83.22,83.22,83.22,83.22,83.22,83.21,83.21,83.21,83.21
의성군 - 도시지역 - 면적,Statistics,32583000.0,32583000.0,32583000.0,32583010.0,32579677.0,32583010.0,32583000.0,32583000.0,32583000.0,32583000.0,32583000.0,32583000.0,32583000.0,32583000.0,32583000.0
의왕시 - 녹지지역 - 면적,Statistics,47728229.0,47728229.0,47731258.0,47731258.0,47731258.0,47565214.0,46767991.0,46208131.0,46191527.0,46191527.0,45818191.0,45819877.0,45819877.0,45370058.0,45370058.0
의왕시 - 녹지지역 - 비율,Statistics,88.38,88.38,88.39,88.39,88.39,88.08,86.62,85.58,85.55,85.55,84.86,84.87,84.87,84.03,84.03
의왕시 - 도시지역 - 면적,Statistics,54003117.0,54003117.0,54003117.0,54003117.0,54003117.0,54003095.0,53991234.0,53991234.0,53991234.0,53991234.0,53990394.0,53991357.0,53991357.0,53991356.0,53991356.0
의정부시 - 녹지지역 - 면적,Statistics,63340403.0,63340403.0,63706722.0,63694849.0,63407602.0,63408561.0,63408561.0,62780541.0,62780541.0,63504069.0,63485929.0,63413082.0,63155631.0,63149144.0,63222161.0
의정부시 - 녹지지역 - 비율,Statistics,77.62,77.62,78.07,78.06,77.71,77.71,77.71,76.94,76.94,77.81,77.8,77.71,77.4,77.39,77.53
의정부시 - 도시지역 - 면적,Statistics,81598379.0,81598379.0,81598379.0,81598379.0,81598379.0,81598379.0,81598379.0,81598379.0,81598379.0,81616520.0,81598380.0,81598380.0,81598380.0,81598396.0,81546632.0
이천시 - 녹지지역 - 면적,Statistics,73129238.0,72983617.0,72983617.0,73063895.0,72013747.0,72013747.0,72014140.0,71761533.0,71761533.0,71255961.0,71821450.0,71821450.0,71821450.0,71813630.0,71546277.0
이천시 - 녹지지역 - 비율,Statistics,90.13,89.95,89.77,89.11,87.77,87.61,87.55,87.2,87.2,86.58,87.38,87.38,87.38,87.37,86.09
이천시 - 도시지역 - 면적,Statistics,81136000.0,81136000.0,81303410.0,81992398.0,82045613.0,82199545.0,82259181.0,82297680.0,82297681.0,82297681.0,82195456.0,82195456.0,82195456.0,82195456.0,83103376.0
익산시 - 녹지지역 - 면적,Statistics,46373651.0,45803056.0,44499250.0,45907948.0,45844114.0,45827679.0,45498679.0,45498679.0,45498679.0,45498679.0,45930050.0,45516558.0,45337294.0,45293996.0,45337294.0
익산시 - 녹지지역 - 비율,Statistics,62.86,62.09,60.33,60.33,60.25,60.23,59.8,59.8,59.8,59.8,60.36,59.82,59.58,59.56,59.58
익산시 - 도시지역 - 면적,Statistics,73767376.0,73767376.0,73765731.0,76090192.0,76090199.0,76091104.0,76091104.0,76091104.0,76091104.0,76091104.0,76088794.0,76088724.0,76088724.0,76052609.0,76088724.0
인제군 - 녹지지역 - 면적,Statistics,8460109.0,10650624.0,10650624.0,10650624.0,10650624.0,10652144.0,10652144.0,10652144.0,10650989.0,10650989.0,10650989.0,10650989.0,10650989.0,10650989.0,10650989.0
인제군 - 녹지지역 - 비율,Statistics,69.62,71.77,71.77,71.77,71.77,71.78,71.78,71.78,71.78,71.78,71.78,71.78,71.78,71.78,71.78
인제군 - 도시지역 - 면적,Statistics,12152600.0,14839362.0,14839362.0,14839362.0,14839362.0,14839362.0,14839362.0,14839362.0,14839016.0,14839016.0,14839016.0,14839016.0,14839016.0,14839016.0,14839016.0
인천광역시 - 녹지지역 - 면적,Statistics,299019689.0,293682113.0,299359769.0,285631826.0,289698022.0,287897741.0,287013622.0,288532419.0,288485833.0,287669507.0,294604259.0,293991224.0,293658058.0,294153917.0,291446721.0
인천광역시 - 녹지지역 - 비율,Statistics,52.42,50.17,51.14,49.03,49.95,49.98,49.88,49.73,49.73,49.62,55.62,55.51,55.44,55.73,56.83
인천광역시 - 도시지역 - 면적,Statistics,570484285.0,585334610.0,585318598.0,582516972.0,579949330.0,576020846.0,575396743.0,580154144.0,580144347.0,579740346.0,529642905.0,529650659.0,529699653.0,527855326.0,512816173.0
임실군 - 녹지지역 - 면적,Statistics,14903200.0,14828816.0,14828816.0,14828816.0,14828816.0,14828816.0,14828816.0,14737269.0,14737269.0,14737269.0,14737269.0,14707376.0,14707376.0,14707376.0,14707376.0
임실군 - 녹지지역 - 비율,Statistics,83.92,83.5,83.5,83.5,83.5,83.5,83.5,81.96,81.96,81.96,81.96,81.78,81.78,81.78,81.78
임실군 - 도시지역 - 면적,Statistics,17758000.0,17758000.0,17758000.0,17758000.0,17758000.0,17758000.0,17758000.0,17980530.0,17980530.0,17980530.0,17980530.0,17985020.0,17985020.0,17985020.0,17985020.0
장성군 - 녹지지역 - 면적,Statistics,101345107.0,98684487.0,98684487.0,97937926.0,97793762.0,97793762.0,97793762.0,97777420.0,97743760.0,97743760.0,96935385.0,95138403.0,95138403.0,95163092.0,95163092.0
장성군 - 녹지지역 - 비율,Statistics,93.46,90.84,90.84,90.15,90.02,90.02,90.02,90.0,89.97,89.97,89.23,87.57,87.57,87.6,87.6
장성군 - 도시지역 - 면적,Statistics,108440000.0,108637200.0,108637200.0,108637200.0,108637200.0,108637200.0,108637200.0,108637200.0,108637200.0,108637200.0,108637200.0,108637200.0,108637200.0,108637200.0,108637200.0
장수군 - 녹지지역 - 면적,Statistics,4019290.0,4013880.0,4013880.0,4013880.0,4013880.0,4013880.0,4013880.0,4013880.0,3972839.0,3972839.0,3972839.0,3972839.0,3972839.0,3972839.0,3972839.0
장수군 - 녹지지역 - 비율,Statistics,73.1,73.0,73.0,73.0,73.0,73.0,73.0,73.0,72.57,72.57,72.57,72.57,72.57,72.57,72.57
장수군 - 도시지역 - 면적,Statistics,5498500.0,5498500.0,5498500.0,5498500.0,5498500.0,5498500.0,5498500.0,5498500.0,5474447.0,5474447.0,5474447.0,5474447.0,5474447.0,5474447.0,5474447.0
장흥군 - 녹지지역 - 면적,Statistics,31608269.0,31608270.0,31608270.0,31608270.0,31608270.0,31608270.0,31597182.0,31597182.0,31597182.0,31608930.0,31608930.0,31608930.0,31608930.0,31608930.0,31608930.0
장흥군 - 녹지지역 - 비율,Statistics,84.82,84.82,84.82,84.82,84.82,84.82,84.85,84.85,84.85,84.82,84.82,84.82,84.82,84.82,84.82
장흥군 - 도시지역 - 면적,Statistics,37266138.0,37266139.0,37266139.0,37266139.0,37266139.0,37266139.0,37238230.0,37238230.0,37238230.0,37266140.0,37266140.0,37266140.0,37266140.0,37266140.0,37266140.0
전국 - 녹지지역 - 면적,Statistics,12621061420.0,12666463646.0,12704226625.0,12682078857.0,12682832963.0,12662057538.0,12647111046.0,12625688659.0,12616653497.0,12628463815.0,12631888644.0,12622450518.0,12592483477.0,12580824299.0,12544815339.0
전국 - 녹지지역 - 비율,Statistics,72.45,72.41,72.35,72.11,72.09,71.96,71.8,71.7,71.54,70.99,71.11,71.04,70.8,70.71,71.32
전국 - 도시지역 - 면적,Statistics,17420225241.0,17492203102.0,17558814700.0,17587130337.0,17593378293.0,17596849134.0,17613681961.0,17609522529.0,17635879004.0,17788926660.0,17763339465.0,17769135370.0,17786546574.0,17791754999.0,17589843385.0
전라남도 - 녹지지역 - 면적,Statistics,1183680523.0,1176660365.0,1175732843.0,1175420960.0,1174942655.0,1174505877.0,1172744289.0,1167624600.0,1166980043.0,1175930564.0,1180182382.0,1177688806.0,1175286666.0,1174697856.0,1175173262.0
전라남도 - 녹지지역 - 비율,Statistics,68.09,67.35,68.13,67.97,67.89,67.98,67.83,68.77,68.69,68.43,68.68,68.5,68.31,68.28,70.97
전라남도 - 도시지역 - 면적,Statistics,1738382586.0,1747196695.0,1725763011.0,1729390899.0,1730720686.0,1727641644.0,1728970750.0,1697909454.0,1698905643.0,1718429832.0,1718458198.0,1719363436.0,1720423117.0,1720488398.0,1655892649.0
전북특별자치도 - 녹지지역 - 면적,Statistics,604664328.0,603112197.0,600724815.0,603320465.0,608369462.0,608117198.0,607912386.0,607423390.0,607036829.0,607914845.0,604066083.0,602061277.0,601892629.0,599364316.0,599407987.0
전북특별자치도 - 녹지지역 - 비율,Statistics,67.98,67.68,67.5,67.52,68.69,68.66,68.65,68.58,68.48,68.58,68.15,67.98,67.96,67.75,67.77
전북특별자치도 - 도시지역 - 면적,Statistics,889423249.0,891125281.0,889988898.0,893563431.0,885617959.0,885675046.0,885497687.0,885721699.0,886474119.0,886474119.0,886379912.0,885633881.0,885638790.0,884641960.0,884488242.0
전주시 - 녹지지역 - 면적,Statistics,151725513.0,151619073.0,151312390.0,151312390.0,151326933.0,151332426.0,151332559.0,151332559.0,151332559.0,151332559.0,148955123.0,148299130.0,148299130.0,145809408.0,145809408.0
전주시 - 녹지지역 - 비율,Statistics,76.77,76.72,76.56,76.56,76.57,76.57,76.57,76.57,76.57,76.57,75.52,75.19,75.19,74.29,74.29
전주시 - 도시지역 - 면적,Statistics,197627900.0,197627900.0,197627900.0,197627900.0,197627900.0,197627900.0,197627900.0,197627900.0,197627900.0,197627900.0,197229690.0,197229690.0,197229690.0,196264268.0,196264268.0
정선군 - 녹지지역 - 면적,Statistics,35623607.0,35684883.0,35685526.0,35685512.0,35692466.0,35692466.0,35692466.0,35781860.0,35790567.0,35794115.0,35794115.0,35788288.0,35788288.0,35788288.0,35768856.0
정선군 - 녹지지역 - 비율,Statistics,83.66,83.8,83.8,83.8,83.82,83.82,83.82,84.1,84.12,84.12,84.12,84.12,84.12,84.12,84.11
정선군 - 도시지역 - 면적,Statistics,42582840.0,42582840.0,42582840.0,42582826.0,42582840.0,42582840.0,42582840.0,42548998.0,42548998.0,42548998.0,42548998.0,42543171.0,42543171.0,42543171.0,42526135.0
정읍시 - 녹지지역 - 면적,Statistics,31833067.0,31893067.0,31989601.0,31989601.0,31985497.0,32042196.0,32042196.0,31951018.0,31951018.0,31951018.0,31951018.0,31951018.0,31951018.0,31951018.0,31951018.0
정읍시 - 녹지지역 - 비율,Statistics,66.63,66.75,66.96,66.96,66.95,66.99,66.99,66.8,66.8,66.8,66.8,66.8,66.8,66.8,66.8
정읍시 - 도시지역 - 면적,Statistics,47776652.0,47776652.0,47776757.0,47776757.0,47775791.0,47831973.0,47831973.0,47833455.0,47833455.0,47833455.0,47833455.0,47833455.0,47833455.0,47833455.0,47833455.0
제주시 - 녹지지역 - 면적,Statistics,181441053.0,184246444.0,184246444.0,184246444.0,184246444.0,184246444.0,184246444.0,184246444.0,184168796.0,184176961.0,184176961.0,183793929.0,183793929.0,183793929.0,183470160.0
제주시 - 녹지지역 - 비율,Statistics,81.27,81.35,81.35,81.35,81.35,81.35,81.35,81.35,79.85,79.77,79.77,79.81,79.81,79.81,79.67
제주시 - 도시지역 - 면적,Statistics,223260597.0,226476829.0,226476829.0,226476829.0,226476829.0,226476829.0,226476829.0,226476829.0,230655483.0,230872373.0,230872373.0,230285390.0,230285390.0,230285390.0,230285390.0
제주특별자치도 - 녹지지역 - 면적,Statistics,334679021.0,379012756.0,379012756.0,379012756.0,379012756.0,379012756.0,379012756.0,379012756.0,388951845.0,388960010.0,388960010.0,388270154.0,388270154.0,388270154.0,387946385.0
제주특별자치도 - 녹지지역 - 비율,Statistics,82.12,83.64,83.64,83.64,83.64,83.64,83.64,83.64,82.68,82.65,82.65,82.66,82.66,82.66,82.59
제주특별자치도 - 도시지역 - 면적,Statistics,407552750.0,453171778.0,453171778.0,453171778.0,453171778.0,453171778.0,453171778.0,453171778.0,470411358.0,470628248.0,470628248.0,469737358.0,469737358.0,469737358.0,469737358.0
제천시 - 녹지지역 - 면적,Statistics,45712665.0,45712665.0,45712665.0,45712665.0,45712665.0,45712665.0,45697916.0,45439678.0,45439678.0,45671099.0,45671099.0,45671099.0,45675159.0,45669423.0,45669423.0
제천시 - 녹지지역 - 비율,Statistics,80.63,80.63,80.63,80.63,80.63,80.63,80.61,80.15,80.15,79.23,79.23,79.23,79.23,79.22,79.22
제천시 - 도시지역 - 면적,Statistics,56691828.0,56691828.0,56691828.0,56691828.0,56691828.0,56691828.0,56691849.0,56691849.0,56691849.0,57646100.0,57646100.0,57646100.0,57646099.0,57646100.0,57646100.0
종로구 - 녹지지역 - 면적,Statistics,11195810.0,11195810.0,11195810.0,11195810.0,11195810.0,11195810.0,11195810.0,11204665.0,11203867.0,11204665.0,11204665.0,11204384.0,11204384.0,11204384.0,11204384.0
종로구 - 녹지지역 - 비율,Statistics,46.82,46.82,46.82,46.82,46.82,46.82,46.82,46.74,46.74,46.74,46.74,46.74,46.74,46.74,46.74
종로구 - 도시지역 - 면적,Statistics,23910000.0,23910000.0,23910000.0,23910000.0,23910000.0,23910000.0,23910000.0,23972507.0,23971709.0,23972507.0,23972507.0,23972507.0,23972507.0,23972507.0,23972507.0
중구 - 녹지지역 - 면적,Statistics,0.0,0.0,0.0,0.0,0.0,25135.0,25135.0,25135.0,25135.0,25135.0,25135.0,25135.0,25135.0,25134.0,25135.0
중구 - 녹지지역 - 비율,Statistics,0.0,0.0,0.0,0.0,0.0,0.25,0.25,0.25,0.25,0.25,0.25,0.25,0.25,0.25,0.25
중구 - 도시지역 - 면적,Statistics,9970000.0,9970000.0,9970000.0,9970000.0,9970000.0,9970000.0,9970000.0,9970000.0,9974292.0,9974292.0,9974292.0,9974292.0,9974292.0,9969740.0,9969741.0
중랑구 - 녹지지역 - 면적,Statistics,7781653.0,7781653.0,7781653.0,7781653.0,7781653.0,7781653.0,7781653.0,7781653.0,7352187.0,7352187.0,7352187.0,7352187.0,7352187.0,7352187.0,7352187.0
중랑구 - 녹지지역 - 비율,Statistics,41.99,41.99,41.99,41.99,41.99,41.99,41.99,41.99,39.67,39.67,39.67,39.67,39.67,39.67,39.67
중랑구 - 도시지역 - 면적,Statistics,18530000.0,18530000.0,18530000.0,18530000.0,18530000.0,18530000.0,18530000.0,18530000.0,18531520.0,18531520.0,18531520.0,18531526.0,18531526.0,18531526.0,18531521.0
증평군 - 녹지지역 - 면적,Statistics,8872066.0,8853248.0,8853248.0,8853248.0,8853248.0,8853248.0,8853248.0,8853248.0,8853148.0,8853148.0,8853148.0,8783697.0,8783697.0,8783697.0,8783697.0
증평군 - 녹지지역 - 비율,Statistics,69.42,65.51,65.64,65.64,65.64,65.35,65.36,65.37,65.37,65.37,65.37,64.85,64.85,64.85,64.85
증평군 - 도시지역 - 면적,Statistics,12781000.0,13514721.0,13488022.0,13488022.0,13488022.0,13547629.0,13544569.0,13543795.0,13543694.0,13543694.0,13543694.0,13543694.0,13543694.0,13543694.0,13543694.0
진도군 - 녹지지역 - 면적,Statistics,19847728.0,19847728.0,19402894.0,19402894.0,19402894.0,19402894.0,19402894.0,19402894.0,19402894.0,19402894.0,19402894.0,19346838.0,19346838.0,19346838.0,19346838.0
진도군 - 녹지지역 - 비율,Statistics,81.83,84.58,84.5,84.5,84.5,84.5,84.5,84.5,84.5,84.5,84.5,84.24,84.24,84.24,84.24
진도군 - 도시지역 - 면적,Statistics,24256230.0,23466903.0,22963322.0,22963322.0,22963322.0,22963322.0,22963322.0,22963322.0,22963322.0,22963322.0,22963322.0,22966658.0,22966658.0,22966658.0,22966658.0
진안군 - 녹지지역 - 면적,Statistics,4399255.0,5335757.0,5335757.0,5335757.0,5335757.0,5335757.0,5335757.0,5335757.0,5335757.0,5323147.0,5323147.0,5323147.0,5323147.0,5323147.0,5323147.0
진안군 - 녹지지역 - 비율,Statistics,80.74,83.39,83.39,83.39,83.39,83.39,83.39,83.39,83.39,83.2,83.2,83.2,83.2,83.2,83.2
진안군 - 도시지역 - 면적,Statistics,5449000.0,6398307.0,6398307.0,6398307.0,6398307.0,6398307.0,6398307.0,6398307.0,6398307.0,6398307.0,6398307.0,6398307.0,6398307.0,6398307.0,6398307.0
진주시 - 녹지지역 - 면적,Statistics,249091904.0,249117846.0,249020080.0,248889703.0,248870811.0,248348683.0,247502205.0,247502205.0,247503849.0,247502544.0,247504188.0,247503396.0,247457444.0,246894968.0,246896033.0
진주시 - 녹지지역 - 비율,Statistics,90.43,90.39,90.34,90.27,90.26,90.07,89.76,89.76,89.76,89.76,89.76,89.76,89.74,89.5,89.5
진주시 - 도시지역 - 면적,Statistics,275441380.0,275618130.0,275643134.0,275722943.0,275722979.0,275722984.0,275746360.0,275744020.0,275744020.0,275744020.0,275746360.0,275745226.0,275745526.0,275868891.0,275868891.0
진천군 - 녹지지역 - 면적,Statistics,12754038.0,13423186.0,13905690.0,13905690.0,13905690.0,13868646.0,13870863.0,13765174.0,13765173.0,13781002.0,13781002.0,13565242.0,13576066.0,13576066.0,13859933.0
진천군 - 녹지지역 - 비율,Statistics,68.7,57.44,57.14,57.14,56.79,56.64,56.64,53.22,52.38,52.48,52.48,51.58,50.12,50.12,45.82
진천군 - 도시지역 - 면적,Statistics,18564416.0,23369869.0,24337451.0,24337451.0,24486881.0,24486881.0,24489716.0,25862494.0,26278219.0,26261955.0,26261955.0,26299913.0,27087912.0,27087912.0,30247840.0
진해시 - 녹지지역 - 면적,Statistics,94505390.0,,,,,,,,,,,,,,
진해시 - 녹지지역 - 비율,Statistics,73.94,,,,,,,,,,,,,,
진해시 - 도시지역 - 면적,Statistics,127816360.0,,,,,,,,,,,,,,
창녕군 - 녹지지역 - 면적,Statistics,39688141.0,39490118.0,39490118.0,39490118.0,39490118.0,39490118.0,39490118.0,39490118.0,39480587.0,39009926.0,39000395.0,39000395.0,39000395.0,39000395.0,39000395.0
창녕군 - 녹지지역 - 비율,Statistics,84.15,82.72,82.72,82.28,82.34,82.34,82.34,82.24,79.88,78.95,78.83,78.83,78.83,78.83,78.83
창녕군 - 도시지역 - 면적,Statistics,47162593.0,47739406.0,47739406.0,47993452.0,47957998.0,47957998.0,47957998.0,48015759.0,49425286.0,49409506.0,49474929.0,49474929.0,49474929.0,49474929.0,49474929.0
창원시 - 녹지지역 - 면적,Statistics,134008334.0,360461131.0,360461131.0,359805568.0,359519519.0,359163176.0,359751633.0,359897426.0,359895312.0,359448767.0,358663117.0,359388722.0,359030870.0,356633685.0,356339107.0
창원시 - 녹지지역 - 비율,Statistics,70.36,74.39,74.39,73.94,73.88,73.72,73.43,74.36,74.36,60.38,60.25,60.37,60.31,59.9,59.86
창원시 - 도시지역 - 면적,Statistics,190456474.0,484564652.0,484564652.0,486640289.0,486641279.0,487227339.0,489898363.0,484020507.0,484020509.0,595333663.0,595333663.0,595333540.0,595333540.0,595332981.0,595332985.0
천안시 - 녹지지역 - 면적,Statistics,94041293.0,94132844.0,94644208.0,94636321.0,94286329.0,93729807.0,90801757.0,90830938.0,90701862.0,90758988.0,90781627.0,89280820.0,89500026.0,89213042.0,88932266.0
천안시 - 녹지지역 - 비율,Statistics,67.15,67.4,67.98,67.76,67.5,67.11,64.53,64.56,64.47,64.51,64.13,63.0,62.18,61.98,61.36
천안시 - 도시지역 - 면적,Statistics,140054668.0,139655094.0,139233374.0,139672793.0,139676589.0,139674091.0,140712458.0,140687116.0,140692385.0,140692261.0,141564968.0,141709476.0,143943184.0,143948819.0,144931352.0
철원군 - 녹지지역 - 면적,Statistics,19683497.0,19197028.0,19197028.0,19197028.0,19149427.0,19149427.0,19149427.0,19149427.0,19149427.0,19105707.0,19105707.0,19105707.0,19105707.0,19105707.0,19105707.0
철원군 - 녹지지역 - 비율,Statistics,75.57,71.93,71.93,71.93,72.37,72.37,72.37,72.37,72.37,72.22,72.22,72.22,72.22,72.22,72.22
철원군 - 도시지역 - 면적,Statistics,26045000.0,26687887.0,26687887.0,26687887.0,26458928.0,26458928.0,26458928.0,26458928.0,26458928.0,26456700.0,26456700.0,26456700.0,26456700.0,26456700.0,26456700.0
청도군 - 녹지지역 - 면적,Statistics,18445930.0,18445930.0,18445930.0,18445930.0,18371002.0,18371002.0,18371002.0,18371002.0,18371002.0,18371002.0,18371002.0,18371002.0,18371002.0,18371002.0,18371586.0
청도군 - 녹지지역 - 비율,Statistics,87.21,87.21,87.21,87.21,86.86,86.86,86.86,86.86,86.86,86.86,86.86,86.86,86.86,86.86,86.87
청도군 - 도시지역 - 면적,Statistics,21150000.0,21150000.0,21150000.0,21150000.0,21150000.0,21150000.0,21150000.0,21150000.0,21150000.0,21150000.0,21150000.0,21150000.0,21150000.0,21150000.0,21148845.0
청송군 - 녹지지역 - 면적,Statistics,4292839.0,4292839.0,4292839.0,4292839.0,4292839.0,4292839.0,4290109.0,4290109.0,4290109.0,4290109.0,4290109.0,4290109.0,4290109.0,4290109.0,4290109.0
청송군 - 녹지지역 - 비율,Statistics,69.28,69.28,69.28,69.28,69.28,69.28,69.24,69.24,69.24,69.24,69.24,69.24,69.24,69.24,69.24
청송군 - 도시지역 - 면적,Statistics,6196276.0,6196276.0,6196276.0,6196276.0,6196276.0,6196276.0,6196276.0,6196276.0,6196276.0,6196276.0,6196276.0,6196276.0,6196276.0,6196276.0,6196276.0
청양군 - 녹지지역 - 면적,Statistics,4286357.0,4241647.0,4241647.0,4241647.0,4241647.0,4241647.0,4241647.0,4241647.0,4241647.0,4163460.0,4163460.0,4163460.0,4163460.0,4163460.0,4163460.0
청양군 - 녹지지역 - 비율,Statistics,71.99,71.18,71.18,71.18,71.18,71.18,71.18,71.18,71.18,69.87,69.87,69.87,69.87,69.87,62.22
청양군 - 도시지역 - 면적,Statistics,5954020.0,5959271.0,5959271.0,5959271.0,5959271.0,5959271.0,5959271.0,5959271.0,5959271.0,5959271.0,5959271.0,5959271.0,5959271.0,5959271.0,6691120.0
청원군 - 녹지지역 - 면적,Statistics,162505395.0,162337477.0,162279881.0,161723790.0,161350489.0,,,,,,,,,,
청원군 - 녹지지역 - 비율,Statistics,89.89,89.8,89.03,88.05,88.53,,,,,,,,,,
청원군 - 도시지역 - 면적,Statistics,180781796.0,180781796.0,182285521.0,183682858.0,182251234.0,,,,,,,,,,
청주시 - 녹지지역 - 면적,Statistics,118309206.0,118181704.0,118181704.0,118181704.0,118093531.0,274309656.0,274309693.0,274273522.0,273120630.0,274273522.0,270778752.0,270778752.0,270778752.0,271511866.0,271012399.0
청주시 - 녹지지역 - 비율,Statistics,77.06,76.98,76.98,76.98,76.92,81.65,81.47,81.3,80.83,81.3,79.77,79.77,79.77,79.96,78.9
청주시 - 도시지역 - 면적,Statistics,153522000.0,153522000.0,153522000.0,153522000.0,153522000.0,335977291.0,336701918.0,337378337.0,337909981.0,337378337.0,339442798.0,339442798.0,339442798.0,339545953.0,343500414.0
춘천시 - 녹지지역 - 면적,Statistics,309205129.0,309210447.0,309116792.0,309119269.0,308921171.0,308692115.0,308332033.0,308189737.0,308098857.0,308086605.0,308086605.0,307955446.0,307889550.0,307889568.0,307204235.0
춘천시 - 녹지지역 - 비율,Statistics,92.58,92.58,92.56,92.41,92.4,92.34,92.35,92.31,92.28,91.88,91.88,91.84,91.82,91.82,91.62
춘천시 - 도시지역 - 면적,Statistics,333980176.0,333984275.0,333961443.0,334498989.0,334316742.0,334316742.0,333858704.0,333858704.0,333859733.0,335305853.0,335305853.0,335305853.0,335305852.0,335307383.0,335306770.0
충주시 - 녹지지역 - 면적,Statistics,80614701.0,80614701.0,81957142.0,81957142.0,81955931.0,81955931.0,81668494.0,81668494.0,81668494.0,81668494.0,81701464.0,81701464.0,81701464.0,81583842.0,81583842.0
충주시 - 녹지지역 - 비율,Statistics,77.14,77.14,76.65,76.58,75.48,75.48,75.22,75.12,75.12,75.12,75.15,75.15,75.15,73.63,73.63
충주시 - 도시지역 - 면적,Statistics,104501913.0,104501913.0,106928658.0,107016058.0,108573274.0,108573274.0,108573242.0,108722161.0,108722161.0,108722161.0,108722161.0,108722161.0,108722161.0,110808546.0,110808546.0
충청남도 - 녹지지역 - 면적,Statistics,681627055.0,682406500.0,689255386.0,594438295.0,594450491.0,592178520.0,589217115.0,589130718.0,588785769.0,588537441.0,586246612.0,584391697.0,584473107.0,584483779.0,581081494.0
충청남도 - 녹지지역 - 비율,Statistics,63.8,65.55,65.67,65.23,65.97,65.74,65.22,65.09,65.14,65.04,64.56,64.29,64.08,63.59,63.08
충청남도 - 도시지역 - 면적,Statistics,1068364000.0,1041038260.0,1049638536.0,911353829.0,901032944.0,900758143.0,903409823.0,905131392.0,903897573.0,904905818.0,908086503.0,909043093.0,912069919.0,919129887.0,921188502.0
충청북도 - 녹지지역 - 면적,Statistics,564546853.0,566539850.0,568607056.0,568268851.0,567983110.0,562987392.0,562687526.0,562485857.0,561399269.0,562555068.0,558723743.0,557702114.0,557825289.0,559094873.0,558877880.0
충청북도 - 녹지지역 - 비율,Statistics,80.51,79.41,78.93,78.78,78.65,77.82,77.66,77.15,76.76,76.96,75.94,75.75,75.68,75.75,74.99
충청북도 - 도시지역 - 면적,Statistics,701215254.0,713444373.0,720428687.0,721366215.0,722209388.0,723468372.0,724529846.0,729047038.0,731347938.0,731003419.0,735737985.0,736252276.0,737094363.0,738111394.0,745234827.0
칠곡군 - 녹지지역 - 면적,Statistics,130897936.0,130897936.0,130870086.0,130870086.0,130518670.0,130518670.0,130518670.0,129232319.0,129232319.0,129703472.0,129703472.0,129703142.0,129703142.0,129703142.0,129702382.0
칠곡군 - 녹지지역 - 비율,Statistics,87.78,87.78,87.8,87.8,87.68,87.68,87.68,86.81,86.81,87.13,87.13,87.13,87.13,87.13,87.12
칠곡군 - 도시지역 - 면적,Statistics,149113139.0,149113139.0,149062259.0,149062259.0,148859614.0,148859614.0,148859614.0,148871154.0,148871154.0,148869428.0,148869428.0,148865952.0,148865952.0,148865952.0,148869677.0
태백시 - 녹지지역 - 면적,Statistics,56353784.0,55551348.0,55551348.0,55551348.0,55551348.0,55551348.0,55551348.0,55551348.0,55551348.0,55551348.0,55551348.0,55389802.0,55389802.0,55389802.0,55389802.0
태백시 - 녹지지역 - 비율,Statistics,84.57,83.37,83.37,83.37,83.37,83.37,83.37,83.37,83.37,83.37,83.37,83.24,83.24,83.24,83.24
태백시 - 도시지역 - 면적,Statistics,66633000.0,66633000.0,66633000.0,66633000.0,66633000.0,66633000.0,66633000.0,66633000.0,66633000.0,66633000.0,66633000.0,66544336.0,66544336.0,66544336.0,66544336.0
태안군 - 녹지지역 - 면적,Statistics,24009951.0,26517704.0,26478484.0,26411746.0,26411746.0,26411746.0,26411746.0,26411746.0,26412066.0,26412066.0,25318208.0,25318208.0,25334369.0,25318208.0,25432112.0
태안군 - 녹지지역 - 비율,Statistics,74.53,74.59,74.48,74.48,74.48,74.48,74.48,74.48,74.46,74.46,69.76,69.76,69.81,69.76,70.08
태안군 - 도시지역 - 면적,Statistics,32216669.0,35551889.0,35551889.0,35463150.0,35463150.0,35463150.0,35463150.0,35463150.0,35471551.0,35471551.0,36291475.0,36291475.0,36291475.0,36291475.0,36291475.0
통영시 - 녹지지역 - 면적,Statistics,40892860.0,41159368.0,41159368.0,41157982.0,41148877.0,41152041.0,41148169.0,41148169.0,41148140.0,41148140.0,41148140.0,41195972.0,41195972.0,41195972.0,41195972.0
통영시 - 녹지지역 - 비율,Statistics,70.11,67.03,67.03,67.02,66.8,66.81,66.71,66.71,66.71,66.71,66.69,69.92,66.74,66.74,66.74
통영시 - 도시지역 - 면적,Statistics,58328771.0,61407207.0,61407207.0,61407207.0,61595944.0,61597708.0,61681820.0,61681820.0,61682008.0,61682008.0,61698772.0,58919895.0,61728545.0,61727781.0,61727716.0
파주시 - 녹지지역 - 면적,Statistics,44630664.0,44280472.0,46880974.0,46883534.0,47292307.0,47292307.0,48527215.0,48535090.0,48547848.0,48589159.0,48553932.0,48590400.0,48590400.0,48763656.0,48763633.0
파주시 - 녹지지역 - 비율,Statistics,56.15,55.51,58.77,58.63,58.97,58.97,60.51,60.52,60.52,60.05,59.71,59.33,59.33,59.42,59.42
파주시 - 도시지역 - 면적,Statistics,79480150.0,79772465.0,79769371.0,79965626.0,80201620.0,80201620.0,80201620.0,80201620.0,80221974.0,80918908.0,81322573.0,81898412.0,81898412.0,82066815.0,82068796.0
평창군 - 녹지지역 - 면적,Statistics,10540269.0,11373895.0,11373895.0,11373895.0,11373895.0,11373895.0,11710759.0,11710759.0,11394529.0,11394529.0,11394529.0,11394529.0,11394529.0,11394529.0,11394529.0
평창군 - 녹지지역 - 비율,Statistics,71.41,71.33,71.33,71.33,71.33,71.33,69.0,69.0,68.31,68.31,68.31,68.31,68.31,68.31,68.31
평창군 - 도시지역 - 면적,Statistics,14759341.0,15944841.0,15944841.0,15944841.0,15944841.0,15944841.0,16971071.0,16971071.0,16680775.0,16680775.0,16680775.0,16680775.0,16680775.0,16680775.0,16680775.0
평택시 - 녹지지역 - 면적,Statistics,75823668.0,75503843.0,75503843.0,75503843.0,73882024.0,72193230.0,72193230.0,74453474.0,74139118.0,73986596.0,73832273.0,74036875.0,74036875.0,74036875.0,74514980.0
평택시 - 녹지지역 - 비율,Statistics,66.28,60.34,60.34,60.34,55.44,50.97,50.97,49.38,48.81,48.6,48.87,49.05,49.05,49.05,49.36
평택시 - 도시지역 - 면적,Statistics,114398437.0,125136243.0,125136243.0,125136243.0,133271200.0,141637668.0,141637668.0,150783352.0,151906909.0,152224409.0,151090527.0,150952990.0,150952990.0,150952990.0,150947009.0
포천시 - 녹지지역 - 면적,Statistics,28757190.0,28829163.0,28829163.0,28503013.0,28503013.0,27904623.0,28008465.0,27186184.0,27160404.0,27158121.0,27158121.0,27178379.0,27159308.0,26997882.0,26997882.0
포천시 - 녹지지역 - 비율,Statistics,81.83,78.19,76.69,74.57,74.51,72.58,72.53,70.4,69.62,69.61,69.61,69.31,69.26,68.85,68.85
포천시 - 도시지역 - 면적,Statistics,35142728.0,36871761.0,37591379.0,38221137.0,38253459.0,38448443.0,38615080.0,38614315.0,39013035.0,39013035.0,39013035.0,39212343.0,39212343.0,39211183.0,39211183.0
포항시 - 녹지지역 - 면적,Statistics,215694376.0,212751383.0,210274915.0,205444751.0,205403182.0,204559752.0,204518007.0,204518007.0,202444787.0,203401941.0,207494098.0,206364079.0,207116161.0,206411119.0,206409489.0
포항시 - 녹지지역 - 비율,Statistics,55.54,54.76,54.12,52.87,52.87,52.64,52.63,52.63,52.1,52.35,52.78,52.49,52.68,52.5,52.5
포항시 - 도시지역 - 면적,Statistics,388359691.0,388542180.0,388542180.0,388616158.0,388532867.0,388613318.0,388613318.0,388613318.0,388602403.0,388539512.0,393162227.0,393164851.0,393162228.0,393160684.0,393141727.0
하남시 - 녹지지역 - 면적,Statistics,80962287.0,79006875.0,79006875.0,78511330.0,78520314.0,78329434.0,78064869.0,78021443.0,78020343.0,78020343.0,78020343.0,78020343.0,75300878.0,75244749.0,75244749.0
하남시 - 녹지지역 - 비율,Statistics,86.99,84.89,84.89,84.36,84.37,84.16,83.9,83.85,83.85,83.85,83.85,83.85,80.93,80.87,80.87
하남시 - 도시지역 - 면적,Statistics,93069364.0,93069364.0,93069364.0,93069364.0,93069364.0,93068525.0,93044654.0,93044654.0,93044652.0,93044652.0,93044652.0,93044654.0,93044678.0,93045619.0,93045619.0
하동군 - 녹지지역 - 면적,Statistics,5412218.0,5936955.0,5936955.0,6853559.0,6853559.0,6853559.0,6853559.0,6853559.0,6853559.0,6641046.0,6641046.0,6641046.0,6641046.0,6528557.0,6528557.0
하동군 - 녹지지역 - 비율,Statistics,66.5,42.01,42.01,39.08,39.08,39.08,39.08,39.08,39.08,37.87,37.87,37.87,37.87,37.23,37.23
하동군 - 도시지역 - 면적,Statistics,8139000.0,14131649.0,14131649.0,17536070.0,17536070.0,17536070.0,17536071.0,17536071.0,17536071.0,17536071.0,17535890.0,17535890.0,17535890.0,17536070.0,17536070.0
함안군 - 녹지지역 - 면적,Statistics,27841596.0,27845368.0,27845368.0,27594886.0,27480315.0,27472399.0,27330344.0,27299289.0,27299289.0,27299289.0,27449089.0,27449089.0,27485319.0,27485319.0,27471484.0
함안군 - 녹지지역 - 비율,Statistics,71.96,70.92,70.67,69.89,67.81,67.55,68.13,67.85,69.28,69.15,69.53,70.03,68.69,68.69,68.4
함안군 - 도시지역 - 면적,Statistics,38689580.0,39263657.0,39399823.0,39481575.0,40526199.0,40671383.0,40115070.0,40232938.0,39404854.0,39479042.0,39479042.0,39195903.0,40012524.0,40012524.0,40164529.0
함양군 - 녹지지역 - 면적,Statistics,15918523.0,15918523.0,15918523.0,15918523.0,15918523.0,15918523.0,15918523.0,15918523.0,15924280.0,15924280.0,15924280.0,15924280.0,15924280.0,15924280.0,15924279.0
함양군 - 녹지지역 - 비율,Statistics,81.76,81.76,81.76,81.76,81.76,81.76,81.76,81.76,82.12,82.12,82.12,82.12,82.12,82.12,82.12
함양군 - 도시지역 - 면적,Statistics,19468805.0,19468805.0,19468805.0,19468805.0,19468805.0,19468805.0,19468805.0,19468805.0,19391344.0,19391344.0,19391344.0,19391344.0,19391344.0,19391344.0,19391343.0
함평군 - 녹지지역 - 면적,Statistics,21067595.0,21067595.0,21067595.0,21066804.0,21100771.0,21168441.0,21161081.0,21161081.0,21172289.0,21103183.0,21083431.0,21072695.0,21072695.0,21072609.0,20994782.0
함평군 - 녹지지역 - 비율,Statistics,77.12,77.12,77.12,77.12,75.22,75.74,75.74,75.74,75.75,75.26,75.19,75.15,75.15,75.15,75.01
함평군 - 도시지역 - 면적,Statistics,27316480.0,27316480.0,27316480.0,27315689.0,28050769.0,27948310.0,27940331.0,27940331.0,27951539.0,28039211.0,28039043.0,28039043.0,28039043.0,28039043.0,27987776.0
합천군 - 녹지지역 - 면적,Statistics,19885242.0,19972088.0,19972088.0,19972088.0,19972088.0,19972088.0,19972088.0,19972088.0,19818414.0,19818414.0,19818414.0,19818414.0,19818414.0,19818414.0,19818414.0
합천군 - 녹지지역 - 비율,Statistics,84.45,84.82,84.82,84.82,84.82,84.82,84.82,84.82,84.17,84.17,84.17,84.17,84.17,84.17,84.17
합천군 - 도시지역 - 면적,Statistics,23545555.0,23545887.0,23545887.0,23545887.0,23545887.0,23545887.0,23545887.0,23545887.0,23545887.0,23545887.0,23545887.0,23545887.0,23545887.0,23545887.0,23545887.0
해남군 - 녹지지역 - 면적,Statistics,21964474.0,21964474.0,21964474.0,21964474.0,21964474.0,21964474.0,21964474.0,21964474.0,21964474.0,31572594.0,31572594.0,31541056.0,31538114.0,31553347.0,31987436.0
해남군 - 녹지지역 - 비율,Statistics,39.78,39.78,57.79,57.79,57.79,57.82,57.82,57.82,57.82,55.01,55.01,55.02,54.96,55.0,64.14
해남군 - 도시지역 - 면적,Statistics,55208602.0,55208602.0,38008548.0,38008548.0,38008548.0,37986279.0,37986279.0,37986279.0,37986279.0,57390376.0,57390376.0,57326444.0,57386654.0,57373000.0,49869565.0
해운대구 - 녹지지역 - 면적,Statistics,38216704.0,38215454.0,38215454.0,38196722.0,38196722.0,38216132.0,38216132.0,38216132.0,38216132.0,38216132.0,38161371.0,38161371.0,38161371.0,36993507.0,36993703.0
해운대구 - 녹지지역 - 비율,Statistics,69.4,69.4,69.4,69.37,69.37,69.4,69.4,69.4,69.4,69.4,69.3,69.3,69.3,67.18,67.18
해운대구 - 도시지역 - 면적,Statistics,55064589.0,55065412.0,55065412.0,55065412.0,55065412.0,55065412.0,55065412.0,55065412.0,55065412.0,55065412.0,55065412.0,55065412.0,55065412.0,55065412.0,55065412.0
홍성군 - 녹지지역 - 면적,Statistics,24418280.0,24409268.0,24418280.0,24270046.0,24100181.0,24100181.0,24100181.0,24100181.0,24093230.0,24093230.0,23372497.0,23372497.0,23372497.0,23372497.0,23372497.0
홍성군 - 녹지지역 - 비율,Statistics,67.65,67.68,67.65,67.29,66.81,66.81,66.81,66.81,66.71,66.71,65.44,65.44,65.44,65.44,65.62
홍성군 - 도시지역 - 면적,Statistics,36093190.0,36065473.0,36097196.0,36068572.0,36073344.0,36073344.0,36073344.0,36073344.0,36115459.0,36115459.0,35714016.0,35714016.0,35714016.0,35714016.0,35620063.0
홍천군 - 녹지지역 - 면적,Statistics,25017396.0,25017396.0,25017396.0,25017396.0,25017396.0,25017396.0,25017396.0,25341850.0,25336723.0,25236045.0,24932854.0,24916162.0,24916162.0,24870465.0,24870282.0
홍천군 - 녹지지역 - 비율,Statistics,82.63,82.63,82.63,82.63,82.63,82.63,82.63,82.51,82.49,82.16,81.17,81.12,81.12,80.97,80.97
홍천군 - 도시지역 - 면적,Statistics,30276073.0,30276073.0,30276073.0,30276073.0,30276073.0,30276073.0,30276073.0,30715247.0,30715247.0,30715247.0,30715247.0,30715247.0,30715247.0,30715247.0,30715247.0
화성시 - 녹지지역 - 면적,Statistics,188785057.0,202597830.0,242452551.0,242361927.0,242466861.0,242466861.0,241567042.0,241132451.0,240849547.0,240685034.0,240573062.0,240573062.0,240573062.0,240573062.0,243855975.0
화성시 - 녹지지역 - 비율,Statistics,72.14,75.15,76.63,76.6,76.64,76.64,76.31,76.03,75.93,75.78,75.7,75.7,75.7,75.7,75.91
화성시 - 도시지역 - 면적,Statistics,261685072.0,269602639.0,316385794.0,316385794.0,316371074.0,316371074.0,316576207.0,317157379.0,317206638.0,317604045.0,317786985.0,317786985.0,317786985.0,317786985.0,321246129.0
화순군 - 녹지지역 - 면적,Statistics,67599002.0,67599002.0,67778002.0,67778002.0,67778002.0,67778002.0,67778002.0,67778002.0,67778002.0,67778002.0,67778002.0,67778002.0,67778002.0,67778002.0,67778002.0
화순군 - 녹지지역 - 비율,Statistics,91.34,91.34,91.58,91.58,91.58,91.58,91.58,91.58,91.58,91.58,91.58,91.58,91.58,91.58,91.58
화순군 - 도시지역 - 면적,Statistics,74007000.0,74007000.0,74012000.0,74012000.0,74012000.0,74012000.0,74012000.0,74012000.0,74012000.0,74012000.0,74012000.0,74012000.0,74012000.0,74012000.0,74012000.0
화천군 - 녹지지역 - 면적,Statistics,10660930.0,10661042.0,10661042.0,10661042.0,10661042.0,10661042.0,10661042.0,10661042.0,10649081.0,10649081.0,10649081.0,10649081.0,10649081.0,10649081.0,10649081.0
화천군 - 녹지지역 - 비율,Statistics,84.6,80.58,80.58,80.58,80.58,80.58,80.58,80.58,80.49,80.49,80.49,80.49,80.49,80.49,80.49
화천군 - 도시지역 - 면적,Statistics,12601000.0,13229891.0,13229891.0,13229891.0,13230291.0,13230291.0,13230291.0,13230291.0,13229891.0,13229891.0,13229891.0,13229891.0,13229891.0,13229891.0,13229891.0
횡성군 - 녹지지역 - 면적,Statistics,5815786.0,5799342.0,5799342.0,5799342.0,5792151.0,5792151.0,5792151.0,5792151.0,5792167.0,5792167.0,5802407.0,5802407.0,5802407.0,5802407.0,5802407.0
횡성군 - 녹지지역 - 비율,Statistics,63.42,63.24,63.24,63.24,58.39,58.39,58.62,58.39,58.4,58.4,58.5,58.5,58.5,58.5,58.5
횡성군 - 도시지역 - 면적,Statistics,9170000.0,9170000.0,9170000.0,9170000.0,9919108.0,9919081.0,9880511.0,9919108.0,9918922.0,9918922.0,9918922.0,9918922.0,9918922.0,9918922.0,9918922.0
