item,category,2012,2013,2014,2015,2016,2017,2018,2019,2020,2021,2022,2023,2024
가평군 - 고등학교,Statistics,27.23,27.08,26.36,25.81,24.83,24.35,23.22,22.11,20.57,20.39,20.04,20.67,20.46
가평군 - 유치원,Statistics,14.77,13.56,14.06,14.94,12.14,10.69,10.39,9.33,8.83,9.19,9.35,8.46,7.48
가평군 - 전체,Statistics,22.62,22.06,20.99,20.79,19.86,19.46,18.9,18.33,17.87,17.72,17.51,17.42,16.58
가평군 - 중학교,Statistics,27.81,27.29,25.74,25.23,23.79,23.59,23.4,23.0,23.72,23.2,22.1,22.28,22.08
가평군 - 초등학교,Statistics,19.53,18.85,17.57,17.43,17.32,17.21,16.58,16.35,15.9,15.53,15.61,15.25,14.0
강남구 - 고등학교,Statistics,35.94,34.88,34.37,33.93,33.48,31.02,28.09,25.54,24.88,24.98,24.72,24.9,25.71
강남구 - 유치원,Statistics,23.18,22.49,22.33,22.53,22.49,22.59,19.74,19.06,18.01,17.7,16.75,16.19,16.76
강남구 - 전체,Statistics,31.08,29.88,29.22,28.59,28.06,27.3,26.07,25.45,25.63,25.9,25.52,24.82,25.01
강남구 - 중학교,Statistics,33.89,32.56,30.42,29.2,27.69,27.66,27.22,26.78,28.11,29.66,29.68,29.46,29.3
강남구 - 초등학교,Statistics,26.45,25.35,25.61,25.32,25.3,25.12,25.24,25.87,26.17,25.83,25.22,23.76,23.68
강동구 - 고등학교,Statistics,32.33,30.82,29.94,29.07,28.91,27.76,26.41,24.68,24.19,23.99,23.78,24.52,25.65
강동구 - 유치원,Statistics,26.3,24.54,22.67,22.48,22.16,21.77,21.87,19.82,20.37,21.13,20.48,19.73,19.91
강동구 - 전체,Statistics,28.62,27.41,26.64,25.89,25.21,24.01,23.79,22.61,22.45,22.59,22.55,22.75,23.2
강동구 - 중학교,Statistics,31.77,30.59,29.06,27.55,25.72,24.34,23.03,22.25,23.68,24.01,24.08,23.95,24.74
강동구 - 초등학교,Statistics,25.52,24.5,24.5,24.1,23.61,22.4,23.19,22.3,21.57,21.64,21.72,21.98,22.03
강릉시 - 고등학교,Statistics,30.69,30.28,29.58,29.01,28.6,27.41,25.17,22.98,21.65,21.65,21.58,22.42,22.31
강릉시 - 유치원,Statistics,18.46,19.63,17.62,18.5,18.88,18.58,17.33,17.68,16.27,15.64,14.98,14.94,14.61
강릉시 - 전체,Statistics,27.29,26.25,25.43,24.55,23.85,22.95,21.96,21.23,20.68,20.49,20.19,19.93,19.62
강릉시 - 중학교,Statistics,33.04,32.74,31.75,30.05,28.08,26.69,25.85,25.13,25.66,26.1,25.84,24.91,24.87
강릉시 - 초등학교,Statistics,24.09,22.18,21.62,20.91,20.44,19.86,19.61,19.44,19.08,18.64,18.3,17.83,17.27
강북구 - 고등학교,Statistics,32.48,31.39,30.25,29.22,28.88,28.7,27.18,25.9,25.22,24.94,24.06,24.62,24.92
강북구 - 유치원,Statistics,24.42,26.17,22.49,22.37,20.64,18.5,16.43,14.8,13.82,15.18,14.2,14.27,13.28
강북구 - 전체,Statistics,28.71,28.34,27.37,26.58,25.38,24.84,23.86,23.12,22.64,22.34,21.69,21.75,21.34
강북구 - 중학교,Statistics,32.35,32.46,31.74,30.07,28.14,27.34,26.06,24.9,24.96,24.78,24.1,23.83,23.92
강북구 - 초등학교,Statistics,25.76,24.96,24.51,24.19,23.19,23.05,22.76,22.54,21.93,21.06,20.64,20.66,19.79
강서구 - 고등학교,Statistics,32.53,31.4,30.21,29.22,28.54,27.72,26.11,24.87,22.59,22.96,22.13,22.06,22.95
강서구 - 유치원,Statistics,24.69,24.71,21.47,20.82,19.99,20.48,19.62,18.27,18.22,19.38,17.66,17.47,17.04
강서구 - 전체,Statistics,28.82,27.83,26.79,25.75,24.87,24.18,23.56,22.82,22.06,22.07,21.57,21.39,21.32
강서구 - 중학교,Statistics,31.51,31.45,30.35,28.43,26.81,25.52,24.54,23.56,23.69,24.38,24.34,23.76,23.97
강서구 - 초등학교,Statistics,26.17,24.71,24.32,23.76,23.16,22.54,22.76,22.61,22.1,21.3,21.07,20.94,20.3
강원특별자치도 - 고등학교,Statistics,29.45,29.34,29.38,28.86,28.11,26.67,24.76,22.8,21.53,21.25,20.87,21.36,21.41
강원특별자치도 - 유치원,Statistics,18.4,18.59,17.78,18.46,18.77,17.65,16.81,15.91,15.15,14.87,14.42,14.12,14.02
강원특별자치도 - 전체,Statistics,24.09,23.38,22.81,22.1,21.57,20.75,20.06,19.39,18.97,18.79,18.6,18.37,18.11
강원특별자치도 - 중학교,Statistics,29.92,29.5,28.32,26.62,24.8,23.53,22.72,22.06,22.58,22.89,23.12,22.73,22.58
강원특별자치도 - 초등학교,Statistics,20.32,19.08,18.62,18.06,17.95,17.69,17.66,17.62,17.31,17.0,16.8,16.38,15.87
강진군 - 고등학교,Statistics,26.75,25.52,23.23,23.02,22.88,22.26,21.39,19.15,17.93,17.93,17.57,18.02,17.62
강진군 - 유치원,Statistics,9.94,10.0,10.38,9.61,10.83,9.0,7.11,6.71,6.88,7.0,7.93,7.53,8.2
강진군 - 전체,Statistics,19.23,18.11,16.92,16.05,15.49,15.05,14.33,13.67,13.21,12.79,12.39,12.08,11.7
강진군 - 중학교,Statistics,25.0,23.31,21.51,19.13,18.02,17.73,16.78,15.72,15.31,15.39,14.65,13.96,13.62
강진군 - 초등학교,Statistics,14.68,13.68,13.02,12.89,12.3,12.24,11.91,11.87,11.45,10.59,10.05,9.57,8.96
강화군 - 고등학교,Statistics,28.24,27.67,27.23,26.74,25.14,23.86,22.44,21.11,20.86,20.13,19.4,19.73,19.87
강화군 - 유치원,Statistics,14.59,14.51,12.91,13.36,13.13,12.6,12.63,10.95,11.59,10.9,9.93,8.9,9.05
강화군 - 전체,Statistics,19.59,18.97,18.0,17.99,17.34,17.03,16.48,16.32,16.15,15.75,15.08,14.8,14.69
강화군 - 중학교,Statistics,24.5,24.4,22.01,22.22,20.69,21.03,20.29,19.73,20.2,20.45,21.0,20.65,20.12
강화군 - 초등학교,Statistics,15.13,14.1,13.84,13.79,13.71,13.73,13.42,14.13,13.51,13.1,12.13,11.64,11.32
거제시 - 고등학교,Statistics,34.1,33.94,33.75,33.23,33.56,33.59,29.59,28.4,25.65,26.52,25.86,25.38,25.26
거제시 - 유치원,Statistics,21.56,22.54,21.4,21.2,22.46,21.37,20.05,18.84,17.73,19.11,17.85,17.23,16.55
거제시 - 전체,Statistics,27.78,27.13,26.39,25.84,25.88,25.4,24.32,23.83,23.13,23.56,23.02,22.15,21.76
거제시 - 중학교,Statistics,32.75,31.95,31.09,29.9,28.78,27.59,26.53,25.49,25.42,26.42,26.96,25.26,25.35
거제시 - 초등학교,Statistics,24.99,23.72,23.08,22.9,22.99,22.98,22.98,23.3,23.16,22.83,22.16,21.14,20.31
거창군 - 고등학교,Statistics,27.0,27.73,27.38,27.04,26.25,26.14,22.82,21.33,20.54,20.07,19.67,19.6,19.98
거창군 - 유치원,Statistics,16.61,16.78,16.03,16.39,16.14,16.42,14.29,14.29,13.37,12.77,12.46,12.63,12.17
거창군 - 전체,Statistics,22.15,21.63,21.3,21.05,20.18,19.99,19.1,18.62,17.91,17.75,17.43,17.1,16.91
거창군 - 중학교,Statistics,27.31,26.39,25.89,24.42,22.18,22.27,21.71,21.51,21.26,21.59,21.45,21.03,21.01
거창군 - 초등학교,Statistics,17.9,16.68,16.67,16.76,16.5,16.29,16.84,16.86,16.07,15.91,15.46,14.92,14.25
경기 여주군 - 고등학교,Statistics,30.84,29.94,,,,,,,,,,,
경기 여주군 - 유치원,Statistics,17.73,17.56,,,,,,,,,,,
경기 여주군 - 전체,Statistics,23.49,22.78,,,,,,,,,,,
경기 여주군 - 중학교,Statistics,26.9,27.06,,,,,,,,,,,
경기 여주군 - 초등학교,Statistics,20.36,19.23,,,,,,,,,,,
경기도 - 고등학교,Statistics,34.32,33.39,31.97,30.9,30.08,28.87,26.97,25.42,24.69,24.59,24.37,24.93,25.54
경기도 - 유치원,Statistics,22.09,22.05,19.94,20.49,19.26,18.2,17.07,16.1,15.96,16.86,15.93,15.31,15.02
경기도 - 전체,Statistics,29.61,28.68,27.35,26.94,26.14,25.53,24.84,24.2,23.91,24.1,23.43,23.26,22.69
경기도 - 중학교,Statistics,34.6,33.86,32.07,30.71,29.67,29.09,28.98,28.68,28.66,28.79,27.74,27.32,26.93
경기도 - 초등학교,Statistics,27.04,25.88,25.19,25.31,25.01,24.99,24.98,24.71,24.34,24.12,23.42,23.13,21.8
경산시 - 고등학교,Statistics,34.26,33.79,33.06,31.65,30.95,29.74,27.55,25.44,23.85,23.6,23.05,23.18,23.3
경산시 - 유치원,Statistics,20.51,19.46,17.16,16.52,17.54,17.27,16.64,16.66,17.11,17.79,17.91,17.71,16.68
경산시 - 전체,Statistics,26.95,26.23,25.08,24.17,23.85,23.33,22.76,22.22,22.08,22.16,21.91,21.71,21.27
경산시 - 중학교,Statistics,32.33,32.24,30.92,28.68,26.55,24.78,24.55,23.08,23.22,23.37,23.84,23.31,22.82
경산시 - 초등학교,Statistics,24.16,23.33,22.92,22.73,22.58,22.68,22.79,22.87,22.85,22.59,21.94,21.72,21.21
경상남도 - 고등학교,Statistics,31.82,31.21,30.34,29.75,29.2,28.16,25.6,24.09,22.66,22.84,22.46,22.72,22.95
경상남도 - 유치원,Statistics,21.84,22.01,21.27,21.07,21.11,20.59,19.09,18.11,17.36,18.37,17.58,17.27,16.52
경상남도 - 전체,Statistics,26.63,25.81,25.24,24.73,24.16,23.53,22.6,22.03,21.45,21.73,21.31,20.89,20.58
경상남도 - 중학교,Statistics,31.07,30.61,30.07,29.18,27.87,26.71,25.48,24.75,24.59,25.08,24.9,24.2,24.03
경상남도 - 초등학교,Statistics,23.3,22.01,21.69,21.5,21.2,21.04,21.17,21.24,20.88,20.79,20.34,19.65,19.06
경상북도 - 고등학교,Statistics,29.58,29.27,28.5,27.51,27.04,26.0,23.95,22.2,21.02,20.85,20.25,20.34,20.56
경상북도 - 유치원,Statistics,19.43,19.43,18.12,18.81,18.99,18.85,17.62,16.69,16.61,17.08,16.4,15.95,15.62
경상북도 - 전체,Statistics,24.75,24.3,23.55,22.95,22.45,21.98,21.25,20.43,20.08,20.05,19.56,19.3,19.05
경상북도 - 중학교,Statistics,29.07,28.66,27.79,25.77,23.99,22.8,22.53,21.36,21.43,21.47,21.43,21.11,21.08
경상북도 - 초등학교,Statistics,21.81,21.12,20.74,20.58,20.48,20.55,20.55,20.42,20.15,19.9,19.31,18.92,18.3
경주시 - 고등학교,Statistics,28.26,28.23,27.54,26.29,25.73,24.25,22.15,20.35,19.36,19.43,19.13,19.21,19.57
경주시 - 유치원,Statistics,19.86,19.61,19.28,19.98,20.25,20.1,18.99,17.19,16.79,17.16,16.73,15.96,15.37
경주시 - 전체,Statistics,25.34,24.82,24.28,23.47,22.92,22.35,21.58,20.37,20.02,20.19,19.91,19.5,19.23
경주시 - 중학교,Statistics,30.68,30.59,29.66,27.33,25.23,24.09,23.93,22.37,22.79,23.14,23.11,23.02,22.39
경주시 - 초등학교,Statistics,22.47,21.49,21.18,20.94,20.92,21.03,20.97,20.44,20.11,20.09,19.75,18.99,18.52
계룡시 - 고등학교,Statistics,32.53,31.15,30.25,29.13,30.19,29.43,27.77,26.87,25.51,25.57,25.85,27.06,27.36
계룡시 - 유치원,Statistics,21.49,19.05,19.62,20.03,18.98,19.7,18.75,17.93,16.76,18.08,16.05,15.67,15.58
계룡시 - 전체,Statistics,27.81,26.91,26.58,25.52,25.85,25.39,24.9,24.26,23.9,23.77,22.85,22.52,22.77
계룡시 - 중학교,Statistics,32.34,31.94,31.19,30.0,30.15,29.35,28.36,27.79,28.39,27.82,27.63,27.18,24.96
계룡시 - 초등학교,Statistics,25.55,24.84,24.76,23.43,24.12,23.61,23.91,23.41,23.22,22.55,21.32,20.47,21.67
계양구 - 고등학교,Statistics,34.68,33.48,31.86,30.55,29.5,28.33,26.09,24.56,23.68,23.6,23.35,23.37,23.65
계양구 - 유치원,Statistics,24.36,24.42,21.9,22.43,22.08,21.6,17.51,17.5,17.71,17.58,16.89,16.26,16.61
계양구 - 전체,Statistics,28.98,28.12,26.98,26.08,25.28,24.54,22.94,22.43,22.02,21.96,21.79,21.17,20.99
계양구 - 중학교,Statistics,35.03,33.97,32.58,30.01,27.79,26.31,24.44,23.34,23.59,24.52,24.29,23.68,23.33
계양구 - 초등학교,Statistics,24.58,23.73,23.36,23.14,22.97,22.72,22.28,22.3,21.55,21.02,21.02,20.16,19.63
고령군 - 고등학교,Statistics,25.5,25.33,24.88,24.63,25.04,23.52,21.78,19.83,18.35,18.43,18.57,18.17,18.55
고령군 - 유치원,Statistics,16.43,16.65,15.5,13.05,11.14,10.87,11.33,10.5,9.8,9.08,8.25,8.75,7.0
고령군 - 전체,Statistics,18.09,17.99,17.52,16.38,15.99,15.86,15.98,15.07,14.5,14.35,13.88,13.81,12.94
고령군 - 중학교,Statistics,22.63,21.0,20.23,17.34,17.05,16.21,15.39,15.0,15.26,15.08,14.97,14.66,13.91
고령군 - 초등학교,Statistics,14.77,14.95,14.73,14.44,14.34,14.51,15.44,14.64,13.88,13.64,12.8,12.81,11.73
고성군 - 고등학교,Statistics,18.02,19.16,20.45,19.75,18.39,15.73,14.93,12.58,11.1,10.89,11.62,12.65,13.97
고성군 - 유치원,Statistics,10.46,10.0,12.15,14.54,15.15,15.46,13.92,13.0,12.69,10.23,12.15,12.18,9.45
고성군 - 전체,Statistics,14.97,14.47,14.41,13.69,13.01,12.15,11.76,11.26,10.82,10.74,11.46,11.75,11.5
고성군 - 중학교,Statistics,24.21,23.08,22.21,19.43,17.0,16.23,16.67,16.52,15.48,13.82,14.67,15.6,15.95
고성군 - 초등학교,Statistics,12.03,11.01,10.33,9.94,9.63,9.4,9.21,9.38,9.47,10.05,10.62,10.63,10.05
고양시 - 고등학교,Statistics,36.0,34.47,33.23,32.17,31.29,29.49,27.11,25.04,24.19,23.97,23.5,23.49,23.58
고양시 - 유치원,Statistics,23.15,24.75,22.65,22.11,20.48,19.1,16.95,15.37,15.17,16.37,15.17,14.78,14.71
고양시 - 전체,Statistics,30.72,29.88,28.57,28.21,27.23,26.38,25.23,24.1,23.84,24.05,22.98,22.73,21.98
고양시 - 중학교,Statistics,35.72,34.73,32.92,31.51,30.81,30.25,29.28,28.43,28.47,28.56,26.16,25.74,25.2
고양시 - 초등학교,Statistics,27.38,26.18,25.5,26.17,25.49,25.44,25.51,25.05,24.9,24.76,23.79,23.51,21.88
고창군 - 고등학교,Statistics,25.75,25.64,25.18,23.99,23.88,22.93,21.66,19.08,17.73,17.61,17.11,17.15,17.15
고창군 - 유치원,Statistics,13.39,12.97,12.69,12.82,13.21,12.73,10.62,10.18,9.44,9.27,8.71,9.44,8.62
고창군 - 전체,Statistics,19.15,18.81,18.09,17.42,17.16,16.71,15.71,14.85,14.05,13.99,13.56,13.2,13.14
고창군 - 중학교,Statistics,22.37,23.41,22.45,21.81,20.8,19.59,18.17,17.32,16.73,17.05,16.84,15.78,16.22
고창군 - 초등학교,Statistics,14.55,13.49,12.63,12.23,12.11,12.4,12.17,12.2,11.6,11.5,10.98,10.44,10.01
고흥군 - 고등학교,Statistics,20.06,20.92,20.67,21.28,21.23,22.07,20.61,19.84,18.96,16.89,16.09,16.73,16.49
고흥군 - 유치원,Statistics,12.28,11.29,11.24,11.69,11.2,9.97,9.5,8.8,8.68,8.88,8.92,8.67,8.65
고흥군 - 전체,Statistics,18.17,17.46,16.89,16.34,15.76,15.4,14.72,14.06,13.58,13.23,12.5,12.12,11.82
고흥군 - 중학교,Statistics,22.89,22.39,21.01,19.49,18.07,16.86,16.29,15.3,15.37,15.39,14.64,13.96,13.69
고흥군 - 초등학교,Statistics,16.24,15.0,14.47,13.78,13.46,13.38,12.86,12.43,11.69,11.62,10.81,10.27,9.8
곡성군 - 고등학교,Statistics,24.42,23.55,21.76,21.68,20.82,22.11,19.76,17.85,16.45,15.84,15.55,15.63,16.19
곡성군 - 유치원,Statistics,9.8,10.87,11.93,10.31,11.0,11.75,9.31,8.38,7.06,9.47,8.4,6.53,6.93
곡성군 - 전체,Statistics,19.58,19.47,18.48,17.84,17.28,17.11,16.06,14.97,14.15,13.88,13.54,12.81,12.56
곡성군 - 중학교,Statistics,28.68,29.96,27.58,25.96,25.21,21.76,20.64,21.17,21.23,20.22,19.91,19.08,18.96
곡성군 - 초등학교,Statistics,15.46,15.18,14.34,14.14,13.68,13.64,13.62,12.6,12.1,11.54,11.44,10.47,9.45
공주시 - 고등학교,Statistics,29.87,29.17,28.02,27.24,25.95,24.79,23.54,22.06,21.04,19.78,19.32,19.06,19.23
공주시 - 유치원,Statistics,17.83,17.09,17.49,18.12,17.48,16.66,15.42,14.85,13.71,13.65,12.52,11.86,11.8
공주시 - 전체,Statistics,23.78,23.12,22.62,21.72,20.82,20.26,19.39,18.82,18.3,17.62,16.85,16.3,15.9
공주시 - 중학교,Statistics,29.02,28.22,27.54,25.76,24.93,23.99,22.3,22.06,22.04,21.34,20.77,20.23,19.99
공주시 - 초등학교,Statistics,19.25,18.5,18.21,17.25,16.58,16.67,16.58,16.52,16.33,15.76,14.85,13.95,13.02
과천시 - 고등학교,Statistics,33.11,32.16,29.92,27.67,25.79,24.51,23.04,21.84,21.29,21.47,21.39,20.98,20.86
과천시 - 유치원,Statistics,16.72,20.35,20.21,19.0,19.83,14.23,12.61,11.29,15.52,18.04,17.92,13.8,15.98
과천시 - 전체,Statistics,31.24,30.01,28.62,27.25,26.4,24.77,24.23,23.5,24.0,24.2,24.51,23.27,23.09
과천시 - 중학교,Statistics,36.55,35.93,34.24,33.17,31.84,29.82,30.24,28.64,29.41,28.42,28.19,27.7,28.57
과천시 - 초등학교,Statistics,29.73,27.07,26.48,25.99,25.99,25.41,25.22,25.46,25.5,25.31,25.8,25.3,23.95
관악구 - 고등학교,Statistics,29.51,29.2,28.21,27.33,26.43,25.84,24.8,23.6,22.77,22.56,22.19,22.31,22.82
관악구 - 유치원,Statistics,24.79,24.51,21.01,21.77,20.98,20.03,18.59,16.94,15.26,16.06,15.22,14.93,13.78
관악구 - 전체,Statistics,28.01,27.23,25.94,25.26,24.25,23.52,22.69,21.79,21.05,20.93,20.45,20.29,19.87
관악구 - 중학교,Statistics,32.04,31.39,29.76,27.61,26.15,25.13,23.94,23.18,23.13,23.38,22.63,22.15,21.62
관악구 - 초등학교,Statistics,25.98,24.75,24.1,23.85,22.97,22.41,22.05,21.44,20.76,20.1,19.72,19.45,18.7
광명시 - 고등학교,Statistics,34.78,32.81,30.66,28.59,28.02,27.14,25.84,24.27,23.71,23.2,22.93,23.25,23.7
광명시 - 유치원,Statistics,24.85,24.88,22.87,22.85,22.73,20.16,17.41,15.68,15.28,14.85,13.93,12.93,12.52
광명시 - 전체,Statistics,30.91,29.75,28.49,27.71,27.02,26.16,25.25,24.24,23.81,23.44,23.01,22.71,22.09
광명시 - 중학교,Statistics,34.75,33.69,32.12,30.04,28.82,28.78,28.77,28.2,27.68,28.02,27.44,27.13,26.46
광명시 - 초등학교,Statistics,28.62,27.51,27.1,27.4,26.82,26.16,25.69,25.03,24.5,23.75,23.46,22.96,21.61
광산구 - 고등학교,Statistics,34.48,34.56,33.9,33.43,32.92,31.8,30.55,28.98,28.05,27.37,26.53,26.11,25.81
광산구 - 유치원,Statistics,22.02,22.51,19.09,20.59,20.35,20.23,19.44,18.54,18.44,19.33,18.18,17.6,17.17
광산구 - 전체,Statistics,29.22,28.45,27.33,26.61,25.68,24.94,24.44,23.71,23.15,23.03,22.42,21.99,21.37
광산구 - 중학교,Statistics,34.44,34.05,33.04,30.74,28.5,26.51,25.84,24.96,25.04,25.23,24.77,24.55,23.99
광산구 - 초등학교,Statistics,26.72,25.33,24.89,24.17,23.65,23.43,23.39,23.05,22.2,21.66,21.2,20.66,19.77
광양시 - 고등학교,Statistics,33.56,33.55,32.36,30.97,29.82,28.7,26.66,24.33,22.79,21.97,21.16,21.79,22.21
광양시 - 유치원,Statistics,17.26,16.3,15.78,14.42,14.5,13.94,12.87,12.13,11.1,12.97,12.51,12.35,11.6
광양시 - 전체,Statistics,27.0,26.06,25.3,24.29,23.5,22.92,22.24,21.63,20.92,20.76,20.23,19.89,19.6
광양시 - 중학교,Statistics,33.58,32.19,31.15,29.83,27.71,26.4,25.66,25.33,24.85,24.46,24.54,24.25,24.28
광양시 - 초등학교,Statistics,22.95,21.82,21.48,21.42,21.25,21.31,21.51,21.5,20.96,20.23,19.56,18.8,18.11
광주광역시 - 고등학교,Statistics,35.57,35.44,34.67,33.79,32.98,31.59,29.32,27.13,25.57,24.67,23.85,23.77,23.97
광주광역시 - 유치원,Statistics,21.1,20.78,17.67,19.27,19.04,19.28,18.15,18.18,18.37,18.84,18.06,17.4,16.72
광주광역시 - 전체,Statistics,29.01,28.13,26.83,26.16,25.23,24.43,23.45,22.84,22.35,22.21,21.79,21.46,21.04
광주광역시 - 중학교,Statistics,34.41,33.64,32.38,30.1,27.84,25.89,24.98,24.07,24.16,24.48,24.17,23.88,23.6
광주광역시 - 초등학교,Statistics,25.25,24.0,23.35,22.83,22.36,22.07,21.88,21.86,21.37,21.09,20.9,20.51,19.79
광주시 - 고등학교,Statistics,36.97,36.22,34.37,32.47,31.55,30.85,27.3,25.54,24.65,25.27,26.08,27.24,28.36
광주시 - 유치원,Statistics,23.43,21.16,19.82,21.6,21.41,19.81,17.93,15.0,15.09,16.34,15.82,14.84,14.86
광주시 - 전체,Statistics,30.87,30.06,28.98,29.09,28.59,27.95,26.46,25.91,25.09,25.17,24.67,24.22,23.69
광주시 - 중학교,Statistics,35.75,35.05,33.58,32.97,31.92,31.1,30.27,29.54,29.02,29.35,28.27,27.81,28.44
광주시 - 초등학교,Statistics,28.35,27.8,27.24,27.91,27.71,27.43,26.76,27.18,25.79,25.25,24.48,23.74,22.21
광진구 - 고등학교,Statistics,36.08,35.27,34.48,33.24,32.36,30.65,28.73,26.62,25.98,26.09,26.07,26.47,27.08
광진구 - 유치원,Statistics,25.15,25.35,24.08,23.52,23.51,23.08,22.26,20.86,19.76,18.8,18.0,18.84,18.31
광진구 - 전체,Statistics,29.58,28.82,28.01,27.1,26.27,25.38,24.5,23.92,23.41,23.44,23.08,23.1,22.84
광진구 - 중학교,Statistics,32.63,32.22,30.61,29.2,27.23,26.06,24.88,24.49,24.87,25.79,25.14,24.54,24.44
광진구 - 초등학교,Statistics,25.58,24.45,24.23,23.77,23.4,23.05,22.89,23.08,22.31,22.06,21.77,21.64,20.94
괴산군 - 고등학교,Statistics,27.88,28.18,29.29,29.76,30.18,28.82,26.53,23.82,22.63,23.67,21.87,20.59,19.58
괴산군 - 유치원,Statistics,13.47,13.58,12.74,12.89,12.75,11.05,11.16,10.05,9.95,8.37,9.05,8.42,7.5
괴산군 - 전체,Statistics,14.4,14.76,14.29,13.81,13.22,12.92,12.43,11.87,11.64,11.56,11.6,11.14,10.48
괴산군 - 중학교,Statistics,17.48,18.65,18.83,18.23,16.38,14.23,13.69,13.05,13.24,13.33,13.75,13.28,11.9
괴산군 - 초등학교,Statistics,11.44,11.33,10.51,9.97,9.66,10.23,9.95,9.87,9.68,9.74,9.73,9.21,8.76
구례군 - 고등학교,Statistics,24.11,23.0,22.67,23.04,22.85,21.77,19.08,17.08,15.92,15.8,14.54,14.92,15.32
구례군 - 유치원,Statistics,14.13,13.13,13.41,13.18,12.65,12.56,10.75,9.44,9.81,9.73,9.0,7.13,7.2
구례군 - 전체,Statistics,17.3,17.02,16.65,15.85,15.23,14.83,13.99,13.3,13.14,13.1,12.56,11.8,11.36
구례군 - 중학교,Statistics,23.12,25.57,24.97,22.67,20.73,18.3,17.86,17.75,18.22,18.19,17.71,14.87,14.97
구례군 - 초등학교,Statistics,13.45,12.76,12.45,11.96,11.68,11.98,11.72,11.38,11.21,11.13,10.7,10.45,9.48
구로구 - 고등학교,Statistics,33.05,32.25,31.32,30.36,29.67,28.85,27.32,25.55,24.41,24.18,23.91,24.22,24.7
구로구 - 유치원,Statistics,24.06,24.21,22.59,22.02,21.63,21.38,20.58,19.12,18.74,18.96,17.6,17.48,16.92
구로구 - 전체,Statistics,28.12,27.24,26.72,25.85,25.12,24.61,23.83,22.67,21.93,21.74,21.45,21.53,21.37
구로구 - 중학교,Statistics,31.26,29.72,29.45,27.38,25.66,24.89,23.99,23.49,23.06,23.2,23.24,22.87,23.1
구로구 - 초등학교,Statistics,25.09,24.22,24.12,23.79,23.4,23.1,22.76,21.76,20.97,20.51,20.29,20.44,19.86
구리시 - 고등학교,Statistics,36.62,35.5,34.5,33.03,32.4,29.69,27.51,25.56,24.94,24.58,23.52,23.95,23.98
구리시 - 유치원,Statistics,25.81,24.73,24.56,23.79,22.32,20.26,19.79,18.72,17.86,16.98,15.75,15.09,14.38
구리시 - 전체,Statistics,31.32,30.43,29.37,28.67,27.79,26.56,25.71,24.75,24.36,24.12,22.85,22.76,22.17
구리시 - 중학교,Statistics,35.63,35.32,33.09,32.28,31.1,30.2,30.2,28.82,28.47,28.66,26.0,25.81,25.4
구리시 - 초등학교,Statistics,27.61,26.61,25.94,25.83,25.39,25.4,24.82,24.43,24.28,24.03,22.98,22.82,21.79
구미시 - 고등학교,Statistics,32.91,32.29,31.45,30.81,30.59,29.89,27.85,26.02,24.41,23.29,21.88,21.72,21.94
구미시 - 유치원,Statistics,22.01,22.17,19.21,20.58,20.09,20.78,18.88,18.12,18.13,19.12,18.48,18.24,18.25
구미시 - 전체,Statistics,28.83,28.25,26.91,26.53,25.81,25.42,24.4,23.64,23.06,22.93,22.22,21.98,21.68
구미시 - 중학교,Statistics,33.0,32.7,31.75,29.7,27.49,25.62,25.52,23.91,23.96,23.81,23.9,23.51,23.59
구미시 - 초등학교,Statistics,27.04,26.2,25.53,25.35,25.23,25.17,24.89,25.01,24.26,23.87,23.01,22.73,21.8
군산시 - 고등학교,Statistics,29.1,29.16,29.19,29.13,29.29,28.98,27.31,25.32,23.69,23.74,23.16,22.99,23.26
군산시 - 유치원,Statistics,18.43,18.11,17.9,18.34,18.36,18.58,17.09,15.98,15.35,15.73,15.35,14.35,13.72
군산시 - 전체,Statistics,26.19,25.26,25.02,24.48,24.09,23.74,23.02,22.21,21.56,21.39,20.94,20.29,19.87
군산시 - 중학교,Statistics,34.16,34.03,32.98,31.84,30.23,28.58,27.52,26.4,26.3,26.24,25.98,25.19,24.96
군산시 - 초등학교,Statistics,23.54,21.93,21.91,21.39,21.29,21.25,21.36,21.28,20.77,20.2,19.72,19.0,18.18
군위군 - 고등학교,Statistics,24.2,23.85,24.11,22.11,23.06,22.69,21.5,19.69,18.06,20.31,19.77,18.31,19.08
군위군 - 유치원,Statistics,11.33,10.4,10.3,12.22,11.4,11.1,9.0,6.9,6.6,7.38,7.5,6.25,5.14
군위군 - 전체,Statistics,15.12,14.65,14.59,14.14,13.52,13.43,12.37,11.76,11.36,11.36,11.24,10.49,10.55
군위군 - 중학교,Statistics,17.88,16.48,16.43,14.71,13.29,12.19,11.14,11.73,11.48,11.78,12.09,11.32,11.33
군위군 - 초등학교,Statistics,10.78,10.59,10.76,10.96,10.62,11.24,10.55,10.18,10.08,9.4,9.17,8.66,8.47
군포시 - 고등학교,Statistics,36.31,35.01,32.71,30.64,29.89,28.08,25.93,23.98,22.74,22.57,22.58,23.24,23.81
군포시 - 유치원,Statistics,24.89,24.41,23.52,23.63,22.8,20.94,18.53,16.23,15.36,16.41,15.15,14.7,14.27
군포시 - 전체,Statistics,30.84,29.91,28.67,27.94,27.21,26.15,25.04,23.99,23.16,23.21,22.56,22.51,21.79
군포시 - 중학교,Statistics,35.42,35.03,32.8,31.95,29.79,28.87,28.68,28.51,27.76,27.52,26.13,25.76,25.0
군포시 - 초등학교,Statistics,27.64,26.69,26.26,26.05,25.97,25.52,25.09,24.64,23.86,23.35,22.76,22.54,20.99
금산군 - 고등학교,Statistics,25.53,25.44,25.65,26.81,25.12,23.86,21.78,19.09,17.96,17.24,16.29,18.0,18.11
금산군 - 유치원,Statistics,18.26,17.28,16.26,15.7,14.85,13.74,11.63,11.85,10.63,10.19,9.92,9.81,9.0
금산군 - 전체,Statistics,20.4,19.76,19.17,19.03,18.26,17.5,16.76,16.02,15.49,14.97,14.16,14.27,13.59
금산군 - 중학교,Statistics,26.49,26.79,24.71,23.77,22.49,21.37,20.52,19.83,21.1,21.06,19.62,19.44,18.05
금산군 - 초등학교,Statistics,16.49,15.41,15.18,15.11,14.83,14.64,14.65,14.39,13.61,12.92,12.04,11.69,10.73
금정구 - 고등학교,Statistics,31.85,30.11,28.58,27.26,26.68,26.26,25.35,23.79,22.59,21.41,20.3,20.4,20.8
금정구 - 유치원,Statistics,24.22,25.33,23.22,23.13,23.3,22.54,21.8,20.08,18.9,19.07,19.05,17.94,17.7
금정구 - 전체,Statistics,27.66,26.94,25.89,24.87,24.32,23.93,23.61,22.89,22.42,22.17,21.62,21.19,21.07
금정구 - 중학교,Statistics,31.49,31.34,30.4,28.35,27.34,25.58,25.33,24.52,25.05,25.28,25.09,24.29,23.98
금정구 - 초등학교,Statistics,23.33,22.53,22.1,21.68,21.27,21.68,21.99,22.26,22.09,22.14,21.61,21.11,20.67
금천구 - 고등학교,Statistics,31.25,30.93,29.77,29.18,28.24,26.71,25.16,23.58,22.82,22.18,22.17,22.58,23.16
금천구 - 유치원,Statistics,21.25,23.09,20.92,18.96,18.93,18.41,16.66,15.05,15.5,16.74,17.2,16.44,16.5
금천구 - 전체,Statistics,26.91,26.02,25.35,24.32,23.41,22.04,21.21,20.3,20.01,20.04,19.82,19.94,19.74
금천구 - 중학교,Statistics,30.66,28.89,28.59,25.97,24.03,23.31,22.68,21.92,22.63,22.51,21.92,21.36,21.35
금천구 - 초등학교,Statistics,24.1,22.82,22.58,22.35,21.77,20.25,19.96,19.56,18.82,18.81,18.54,18.94,18.33
기장군 - 고등학교,Statistics,34.75,33.98,33.01,32.44,32.8,30.55,28.77,27.91,27.59,27.17,26.34,27.42,28.37
기장군 - 유치원,Statistics,22.32,20.26,19.54,22.14,21.63,21.61,21.07,18.23,18.38,18.8,16.7,15.76,16.38
기장군 - 전체,Statistics,26.54,26.19,24.99,25.77,25.74,24.82,24.65,24.39,23.71,23.52,22.59,22.7,22.95
기장군 - 중학교,Statistics,31.09,31.82,30.46,29.33,28.69,27.46,27.07,26.92,26.24,25.37,25.37,25.62,26.29
기장군 - 초등학교,Statistics,23.43,23.88,23.21,24.07,24.48,23.63,24.04,24.97,23.72,23.44,22.58,22.69,22.25
김제시 - 고등학교,Statistics,26.42,25.74,25.23,22.67,22.11,20.15,19.42,18.09,17.81,18.23,18.12,17.57,17.88
김제시 - 유치원,Statistics,12.98,13.19,12.45,13.91,13.87,14.27,12.22,11.59,10.56,10.57,9.83,8.84,8.66
김제시 - 전체,Statistics,18.96,18.45,18.14,17.22,16.79,16.13,15.41,14.78,14.29,14.13,13.91,13.41,13.15
김제시 - 중학교,Statistics,26.48,26.33,26.24,24.71,23.07,22.22,21.16,20.16,20.24,20.29,19.85,19.39,19.75
김제시 - 초등학교,Statistics,14.03,13.27,13.13,12.84,12.85,12.9,12.85,12.65,12.05,11.55,11.33,10.89,10.07
김천시 - 고등학교,Statistics,31.01,31.1,30.39,28.92,27.48,25.89,23.86,22.72,21.46,20.64,20.14,20.51,21.07
김천시 - 유치원,Statistics,18.13,18.54,19.07,18.95,20.26,18.65,17.12,16.13,16.37,17.07,16.59,16.53,16.19
김천시 - 전체,Statistics,23.52,23.49,23.23,22.14,21.83,21.67,20.93,20.34,20.09,19.76,19.23,19.04,19.02
김천시 - 중학교,Statistics,27.54,27.0,27.1,23.13,21.28,22.34,22.97,22.73,22.74,22.02,21.46,21.25,21.18
김천시 - 초등학교,Statistics,19.3,19.14,18.81,18.89,19.34,19.97,19.9,19.76,19.7,19.27,18.7,18.17,17.87
김포시 - 고등학교,Statistics,33.19,33.25,29.86,28.64,28.77,28.12,27.26,26.68,26.72,27.65,28.14,29.19,29.9
김포시 - 유치원,Statistics,20.13,19.61,20.34,19.4,17.96,16.87,17.3,17.69,17.18,18.54,16.6,16.29,15.81
김포시 - 전체,Statistics,27.42,26.72,25.56,25.27,24.76,24.44,24.64,25.0,24.71,25.4,24.65,24.7,24.14
김포시 - 중학교,Statistics,33.04,32.25,30.14,29.4,28.83,29.76,30.14,30.29,30.62,31.01,30.1,29.8,29.67
김포시 - 초등학교,Statistics,25.15,24.78,23.98,24.95,24.96,25.32,25.8,26.18,25.57,25.6,25.0,24.68,23.28
김해시 - 고등학교,Statistics,34.61,33.93,32.48,33.36,32.98,31.54,28.97,27.11,25.61,25.63,24.94,24.97,24.97
김해시 - 유치원,Statistics,23.54,23.68,23.69,23.3,22.0,21.89,20.27,19.62,18.78,20.23,19.46,19.33,19.01
김해시 - 전체,Statistics,28.86,27.98,27.78,27.6,26.9,26.13,25.04,24.13,23.6,23.96,23.34,22.86,22.67
김해시 - 중학교,Statistics,32.94,32.73,32.79,32.27,30.76,29.23,27.64,26.95,26.69,26.99,26.96,26.04,25.92
김해시 - 초등학교,Statistics,26.08,24.52,24.62,24.42,24.23,23.87,23.84,23.19,22.94,23.0,22.18,21.57,21.19
나주시 - 고등학교,Statistics,24.27,24.61,23.6,22.97,23.03,23.08,21.78,20.58,19.68,19.46,18.45,18.57,18.81
나주시 - 유치원,Statistics,15.83,15.65,13.67,14.44,15.57,15.07,15.64,15.39,14.31,15.79,15.56,14.72,14.23
나주시 - 전체,Statistics,20.91,20.71,19.63,19.19,19.31,19.31,19.27,19.03,18.3,18.66,17.92,17.77,17.67
나주시 - 중학교,Statistics,25.32,24.63,22.99,21.17,19.75,19.64,19.47,19.28,19.43,19.8,18.67,18.97,19.17
나주시 - 초등학교,Statistics,17.82,17.35,16.7,16.9,17.74,18.44,19.0,19.32,18.53,18.69,18.04,17.78,17.45
남구 - 고등학교,Statistics,29.32,28.07,27.08,26.26,25.93,24.65,22.82,20.84,19.95,19.27,18.52,18.94,18.97
남구 - 유치원,Statistics,25.16,25.56,22.92,23.44,23.17,21.37,21.44,18.79,17.98,19.51,19.47,19.26,19.23
남구 - 전체,Statistics,28.07,27.04,25.88,25.19,24.67,23.87,23.21,22.55,22.18,22.27,21.79,21.49,21.33
남구 - 중학교,Statistics,34.22,33.28,31.62,29.42,27.66,26.16,25.83,25.64,26.18,26.38,26.22,25.37,25.05
남구 - 초등학교,Statistics,24.38,23.12,22.57,22.57,22.52,22.76,22.62,23.39,23.08,23.13,22.51,21.9,21.58
남동구 - 고등학교,Statistics,32.96,32.07,30.82,29.68,29.76,28.85,27.15,25.36,24.25,24.39,24.42,24.9,25.49
남동구 - 유치원,Statistics,22.88,22.2,19.13,19.32,18.58,20.36,18.23,18.37,18.12,19.43,18.58,17.94,17.16
남동구 - 전체,Statistics,28.65,27.5,26.16,25.65,24.97,25.07,24.05,23.7,23.4,23.69,23.48,22.92,22.67
남동구 - 중학교,Statistics,35.45,34.47,33.12,31.0,29.33,27.82,26.9,26.47,27.09,27.82,27.38,26.84,26.62
남동구 - 초등학교,Statistics,25.51,24.2,23.81,24.19,24.01,24.26,24.14,24.02,23.5,23.01,22.91,21.94,21.37
남양주시 - 고등학교,Statistics,34.47,33.31,32.22,31.76,31.27,30.37,27.96,26.47,25.53,25.67,25.84,26.77,27.97
남양주시 - 유치원,Statistics,22.02,22.05,19.8,19.54,19.76,18.8,17.89,16.63,15.96,16.44,15.86,15.24,14.59
남양주시 - 전체,Statistics,29.58,28.65,27.81,27.07,26.71,26.14,25.67,24.79,24.5,24.62,23.75,23.9,23.16
남양주시 - 중학교,Statistics,34.36,33.28,32.4,31.26,30.38,29.19,29.45,28.98,29.1,29.53,27.6,27.56,26.92
남양주시 - 초등학교,Statistics,27.58,26.5,26.42,25.92,25.7,25.69,25.94,25.25,25.08,24.76,23.72,23.71,22.06
남원시 - 고등학교,Statistics,26.67,26.35,25.79,24.66,24.09,22.83,21.11,19.07,17.95,17.53,17.37,16.87,17.25
남원시 - 유치원,Statistics,12.14,12.33,12.81,13.7,13.48,11.96,10.96,9.06,8.78,8.36,8.26,7.18,6.24
남원시 - 전체,Statistics,21.33,20.64,20.54,19.88,19.37,18.54,17.61,16.69,16.04,15.66,15.31,14.77,14.44
남원시 - 중학교,Statistics,27.47,27.61,27.25,25.93,24.39,22.51,21.07,20.47,19.89,19.96,19.9,20.13,20.04
남원시 - 초등학교,Statistics,18.2,16.94,16.84,16.41,16.29,16.14,15.8,15.48,14.9,14.33,13.73,12.91,12.22
남해군 - 고등학교,Statistics,25.94,25.1,22.97,22.23,22.76,21.36,19.5,18.55,16.63,17.78,16.86,17.0,17.62
남해군 - 유치원,Statistics,14.75,15.38,15.13,16.06,13.81,11.44,9.94,10.0,11.24,11.35,9.65,10.07,9.63
남해군 - 전체,Statistics,19.6,18.79,17.89,17.32,16.7,16.05,15.01,14.74,13.73,14.13,13.93,13.77,13.7
남해군 - 중학교,Statistics,20.81,20.8,19.86,18.16,16.65,16.59,15.65,16.14,15.49,16.21,17.06,17.36,15.88
남해군 - 초등학교,Statistics,15.65,14.13,13.76,13.65,13.23,13.05,12.55,12.48,11.44,11.43,11.32,10.68,10.65
노원구 - 고등학교,Statistics,33.25,32.65,31.72,31.03,30.62,29.34,27.24,24.99,23.65,22.81,21.49,21.03,21.58
노원구 - 유치원,Statistics,24.27,23.73,21.19,20.18,20.44,19.24,18.6,17.72,17.42,18.85,17.77,16.76,15.99
노원구 - 전체,Statistics,29.4,28.68,27.57,26.75,25.89,25.0,23.79,22.82,22.08,21.96,21.21,20.91,20.93
노원구 - 중학교,Statistics,33.32,32.83,31.72,29.87,27.64,26.42,24.96,23.77,23.5,24.11,23.51,23.16,23.3
노원구 - 초등학교,Statistics,25.89,24.86,24.12,23.86,23.09,22.78,22.24,22.25,21.52,20.98,20.63,20.64,20.48
논산시 - 고등학교,Statistics,25.79,25.63,25.91,25.56,25.44,24.55,22.81,21.18,20.11,19.32,18.49,17.91,17.61
논산시 - 유치원,Statistics,15.68,15.9,15.36,15.62,14.21,13.29,11.09,11.77,11.83,12.53,11.74,10.53,9.07
논산시 - 전체,Statistics,22.63,22.16,21.52,21.26,20.76,20.31,19.27,18.73,18.16,17.96,17.52,16.67,16.19
논산시 - 중학교,Statistics,29.84,28.65,27.21,25.87,24.76,24.31,23.31,22.69,22.98,23.57,22.64,21.2,20.15
논산시 - 초등학교,Statistics,18.61,18.09,17.27,17.53,17.29,17.26,16.91,16.89,16.19,15.83,15.81,15.06,14.72
단양군 - 고등학교,Statistics,25.59,26.32,27.17,28.26,29.3,28.74,26.92,24.2,22.23,21.85,21.31,21.19,19.73
단양군 - 유치원,Statistics,11.22,11.05,9.8,8.5,7.63,7.89,7.82,7.44,6.33,6.86,6.92,7.5,7.21
단양군 - 전체,Statistics,16.39,15.75,15.0,14.54,14.1,14.11,13.83,13.57,13.01,12.94,12.33,12.06,12.32
단양군 - 중학교,Statistics,21.58,21.21,19.0,18.26,17.41,18.5,18.56,16.28,16.31,16.03,14.88,13.61,14.52
단양군 - 초등학교,Statistics,12.99,12.19,11.72,11.36,10.87,10.61,10.26,10.76,10.16,10.06,9.46,9.38,9.79
달서구 - 고등학교,Statistics,34.16,33.59,32.38,31.28,30.17,28.96,26.8,24.85,23.54,22.91,21.97,22.2,22.67
달서구 - 유치원,Statistics,25.02,24.32,21.65,22.41,23.22,22.62,21.21,20.34,19.56,20.96,20.67,20.13,19.74
달서구 - 전체,Statistics,29.43,27.9,26.65,25.87,25.6,25.03,24.26,23.74,23.0,22.97,22.49,22.47,22.59
달서구 - 중학교,Statistics,34.82,33.34,31.49,28.92,26.57,25.7,25.41,24.97,24.88,24.68,24.57,24.25,25.84
달서구 - 초등학교,Statistics,25.18,23.06,22.51,22.42,23.15,23.14,23.21,23.62,22.97,22.8,22.31,22.42,21.83
달성군 - 고등학교,Statistics,34.42,33.94,32.56,31.25,30.25,28.87,26.54,24.64,23.84,23.9,23.86,24.03,24.2
달성군 - 유치원,Statistics,22.03,21.66,20.54,20.08,21.71,22.15,22.66,20.98,21.32,21.97,20.8,19.79,17.66
달성군 - 전체,Statistics,25.48,24.63,24.02,23.04,22.4,22.09,22.63,22.16,22.03,22.36,22.05,22.01,21.79
달성군 - 중학교,Statistics,30.8,29.81,29.24,26.16,23.62,23.2,22.62,22.13,22.35,22.51,22.11,22.64,23.71
달성군 - 초등학교,Statistics,21.85,20.84,20.63,20.72,20.3,20.19,21.73,22.06,21.78,22.06,22.01,21.98,21.87
담양군 - 고등학교,Statistics,26.3,26.38,26.25,26.01,26.07,25.28,23.2,20.39,18.83,18.94,18.72,18.6,18.75
담양군 - 유치원,Statistics,12.64,13.68,14.64,15.36,14.24,13.88,13.04,12.84,11.6,12.16,11.12,9.72,9.0
담양군 - 전체,Statistics,18.75,18.51,18.86,18.67,18.42,17.87,16.88,15.88,14.96,14.79,14.35,14.06,13.88
담양군 - 중학교,Statistics,25.26,23.5,22.55,21.32,19.74,19.41,18.54,18.63,17.87,16.81,16.73,16.73,17.16
담양군 - 초등학교,Statistics,13.3,12.73,13.37,13.31,13.6,13.35,13.09,12.86,12.39,12.41,11.93,11.63,11.11
당진시 - 고등학교,Statistics,31.92,32.01,31.96,30.93,31.16,30.08,27.82,25.42,24.08,23.76,24.0,24.4,25.5
당진시 - 유치원,Statistics,18.33,18.67,19.12,19.42,18.43,17.85,17.2,17.16,16.17,17.04,16.05,14.86,14.2
당진시 - 전체,Statistics,24.92,24.87,24.83,24.35,24.01,23.33,22.86,22.65,22.44,22.08,21.57,21.1,20.54
당진시 - 중학교,Statistics,30.62,30.38,29.56,28.33,27.62,26.25,25.79,25.77,26.46,26.02,25.77,25.6,24.53
당진시 - 초등학교,Statistics,21.31,21.12,21.39,21.51,21.47,21.23,21.36,21.7,21.67,20.97,20.22,19.46,18.53
대구광역시 - 고등학교,Statistics,34.21,33.6,32.12,31.07,30.23,28.95,26.66,24.7,23.45,22.9,22.01,22.32,22.82
대구광역시 - 유치원,Statistics,24.37,23.49,20.45,20.15,20.63,20.12,19.55,18.96,18.83,20.21,19.82,19.24,18.73
대구광역시 - 전체,Statistics,28.91,27.51,26.16,25.3,24.87,24.25,23.61,23.04,22.5,22.58,22.18,22.03,22.21
대구광역시 - 중학교,Statistics,34.14,32.71,31.18,28.63,26.4,25.24,24.77,24.03,24.09,24.15,23.84,23.52,24.82
대구광역시 - 초등학교,Statistics,24.63,22.83,22.26,22.26,22.6,22.65,22.87,23.11,22.52,22.4,22.17,21.99,21.71
대덕구 - 고등학교,Statistics,32.06,31.46,29.95,28.97,28.75,28.01,25.4,23.38,22.31,21.69,20.89,20.95,21.45
대덕구 - 유치원,Statistics,20.49,20.7,18.24,19.53,19.27,19.47,17.31,15.42,15.99,16.71,16.6,16.39,15.33
대덕구 - 전체,Statistics,26.32,25.46,24.12,23.29,22.46,22.14,20.92,19.83,19.41,19.31,19.13,18.82,18.54
대덕구 - 중학교,Statistics,32.04,31.72,30.47,28.8,27.06,26.26,24.65,23.36,22.68,22.59,22.19,22.07,22.04
대덕구 - 초등학교,Statistics,23.56,22.13,21.33,20.32,19.59,19.35,19.01,18.62,18.07,17.83,17.87,17.31,16.75
대전광역시 - 고등학교,Statistics,34.01,33.68,32.68,31.49,30.77,29.19,26.77,24.43,23.14,22.23,21.33,21.28,21.5
대전광역시 - 유치원,Statistics,21.03,21.03,19.06,19.98,19.95,19.66,18.54,17.1,16.73,17.45,16.79,16.21,15.53
대전광역시 - 전체,Statistics,27.96,27.09,26.2,25.42,24.68,24.14,23.12,22.13,21.53,21.36,20.69,20.45,20.24
대전광역시 - 중학교,Statistics,32.8,32.27,31.45,29.92,28.62,27.94,26.79,25.81,25.45,25.64,24.46,23.92,23.97
대전광역시 - 초등학교,Statistics,24.75,23.42,23.12,22.38,21.72,21.65,21.41,21.28,20.79,20.39,20.01,19.86,19.43
도봉구 - 고등학교,Statistics,32.32,31.39,29.68,27.88,26.78,26.31,24.75,23.34,22.22,22.23,21.78,21.87,22.75
도봉구 - 유치원,Statistics,25.01,23.65,20.38,19.84,19.78,19.53,18.78,19.2,18.77,18.55,17.96,16.22,16.32
도봉구 - 전체,Statistics,28.12,27.27,26.11,24.98,24.09,23.46,22.62,22.1,21.4,21.27,20.83,20.64,20.79
도봉구 - 중학교,Statistics,32.19,31.76,30.39,28.54,26.54,25.08,23.44,22.29,22.33,22.83,22.37,22.12,22.9
도봉구 - 초등학교,Statistics,25.12,24.21,23.83,23.24,22.77,22.37,22.14,22.01,21.1,20.67,20.29,20.32,19.91
동구 - 고등학교,Statistics,29.53,29.11,28.17,27.54,26.59,25.18,23.75,22.56,21.26,19.6,18.37,18.2,18.47
동구 - 유치원,Statistics,25.18,25.3,24.23,23.4,21.33,20.0,18.9,18.73,20.05,19.83,18.32,18.24,20.13
동구 - 전체,Statistics,26.55,25.92,24.79,23.76,23.25,22.03,21.97,21.45,21.25,20.79,19.71,19.49,19.58
동구 - 중학교,Statistics,28.92,27.74,26.51,24.53,25.06,23.92,23.53,23.97,24.25,23.39,22.73,21.97,21.55
동구 - 초등학교,Statistics,22.38,21.58,20.31,19.53,19.18,18.33,20.2,20.01,20.19,21.0,19.91,19.86,19.5
동대문구 - 고등학교,Statistics,31.82,30.63,29.6,29.47,29.15,28.33,26.49,24.25,22.6,23.03,22.43,22.51,23.59
동대문구 - 유치원,Statistics,21.83,23.25,20.41,20.7,20.79,19.93,18.6,18.24,17.7,19.23,18.46,17.99,18.12
동대문구 - 전체,Statistics,27.34,26.48,25.87,25.51,24.75,24.13,22.81,22.14,21.68,22.0,21.76,21.67,21.92
동대문구 - 중학교,Statistics,31.15,30.08,29.05,27.48,25.46,24.46,22.86,22.25,22.66,23.42,22.99,22.79,22.58
동대문구 - 초등학교,Statistics,24.43,23.32,23.72,23.71,23.11,22.87,22.1,22.11,21.82,21.46,21.61,21.6,21.71
동두천시 - 고등학교,Statistics,30.73,29.86,29.18,29.32,28.46,27.15,25.21,23.74,23.21,22.33,21.55,21.86,22.46
동두천시 - 유치원,Statistics,19.0,18.83,16.8,19.16,15.88,14.07,12.22,10.72,9.89,11.61,10.35,9.55,10.28
동두천시 - 전체,Statistics,27.46,27.06,25.95,25.71,24.62,24.1,23.12,21.98,21.85,22.28,21.45,20.87,20.21
동두천시 - 중학교,Statistics,34.67,34.4,32.4,29.85,27.69,27.34,27.1,25.52,25.42,25.45,24.23,23.57,22.95
동두천시 - 초등학교,Statistics,25.01,24.67,23.6,23.4,23.42,23.67,23.22,22.59,22.58,22.64,21.86,20.84,18.93
동래구 - 고등학교,Statistics,34.46,33.6,31.96,30.76,30.25,29.03,26.96,25.06,23.86,23.23,22.59,23.47,23.81
동래구 - 유치원,Statistics,27.4,26.13,23.71,23.41,24.09,22.65,20.65,19.71,19.43,20.61,19.66,19.06,20.05
동래구 - 전체,Statistics,29.56,28.42,27.43,26.55,26.26,25.77,24.77,23.96,23.82,23.96,23.41,23.48,23.48
동래구 - 중학교,Statistics,32.49,31.6,30.11,28.16,27.56,26.66,26.34,25.94,26.95,27.53,26.45,26.72,26.45
동래구 - 초등학교,Statistics,24.52,23.05,23.39,23.27,23.13,23.83,23.72,23.56,23.64,23.59,23.42,23.06,22.69
동작구 - 고등학교,Statistics,33.83,32.14,31.1,30.15,29.79,28.63,27.64,26.01,24.89,24.62,23.42,23.1,23.49
동작구 - 유치원,Statistics,23.02,23.21,20.75,20.7,20.02,19.67,18.56,19.1,18.72,20.16,20.12,18.63,18.1
동작구 - 전체,Statistics,28.29,27.56,26.88,26.23,25.51,24.99,24.03,23.56,22.96,22.85,22.17,21.66,21.16
동작구 - 중학교,Statistics,31.06,30.99,29.87,28.64,27.07,26.24,24.92,24.08,24.16,24.29,23.56,23.17,22.96
동작구 - 초등학교,Statistics,25.9,25.1,25.41,25.03,24.65,24.48,23.82,23.53,22.67,22.12,21.52,21.07,20.12
동해시 - 고등학교,Statistics,30.44,30.08,28.91,29.0,27.32,26.72,24.7,23.52,21.92,21.25,20.13,20.62,21.09
동해시 - 유치원,Statistics,19.35,19.84,19.07,20.57,19.74,18.83,17.06,14.9,15.03,15.55,14.56,14.09,13.98
동해시 - 전체,Statistics,27.09,26.23,25.56,25.09,23.99,23.17,22.17,21.53,21.24,20.72,20.41,20.25,20.14
동해시 - 중학교,Statistics,30.57,29.79,29.3,27.35,25.08,24.0,22.66,22.21,24.16,24.15,24.86,25.03,24.99
동해시 - 초등학교,Statistics,25.7,24.22,23.69,23.2,22.94,22.2,22.22,22.31,21.45,20.44,20.24,19.67,19.03
마포구 - 고등학교,Statistics,32.65,31.68,30.95,30.58,30.67,30.17,28.56,26.9,25.31,24.62,23.36,23.43,23.75
마포구 - 유치원,Statistics,25.37,24.94,22.9,22.06,21.42,20.52,19.73,19.18,19.47,20.69,19.54,18.42,18.17
마포구 - 전체,Statistics,27.76,27.03,26.34,25.81,24.97,24.36,23.74,23.42,22.91,22.89,22.3,21.81,21.35
마포구 - 중학교,Statistics,31.19,30.86,30.23,28.78,26.93,25.76,24.7,24.16,24.75,25.35,25.08,24.19,23.57
마포구 - 초등학교,Statistics,25.09,24.17,23.81,23.77,23.01,22.64,22.53,22.76,21.95,21.53,21.19,20.82,20.08
목포시 - 고등학교,Statistics,30.39,29.84,29.06,28.27,27.79,26.59,24.68,22.77,21.55,21.25,20.55,21.29,22.04
목포시 - 유치원,Statistics,19.43,18.64,17.78,17.17,17.26,17.61,16.19,15.64,15.54,15.97,15.29,14.45,14.39
목포시 - 전체,Statistics,27.81,27.38,26.77,25.99,25.27,24.87,24.07,23.22,22.63,22.21,21.48,21.26,21.12
목포시 - 중학교,Statistics,34.72,34.41,33.23,31.21,29.87,29.08,28.12,27.2,27.32,27.27,26.95,26.75,26.68
목포시 - 초등학교,Statistics,25.47,25.15,25.11,25.21,24.67,24.67,24.81,24.4,23.57,22.42,21.4,20.83,20.0
무안군 - 고등학교,Statistics,29.38,29.09,28.7,29.07,29.22,28.75,27.0,25.9,24.76,24.03,24.02,24.24,24.76
무안군 - 유치원,Statistics,14.03,14.78,13.7,14.72,16.26,15.4,14.7,12.15,11.71,14.74,14.6,13.89,13.2
무안군 - 전체,Statistics,22.19,21.52,21.48,22.01,21.92,21.44,20.89,20.3,19.92,20.43,20.32,19.98,19.56
무안군 - 중학교,Statistics,27.22,27.55,26.43,26.87,26.47,25.08,24.35,23.75,24.69,24.81,24.82,24.97,24.34
무안군 - 초등학교,Statistics,18.69,17.29,18.6,19.29,18.97,18.95,18.94,19.06,18.52,18.94,18.85,18.18,17.55
무주군 - 고등학교,Statistics,20.7,20.78,18.46,18.18,18.16,18.24,17.31,17.0,15.97,16.34,16.42,16.78,16.67
무주군 - 유치원,Statistics,11.76,13.72,12.22,13.21,12.65,12.11,11.88,11.88,12.07,10.06,10.07,6.57,6.14
무주군 - 전체,Statistics,16.37,16.5,15.55,15.38,15.14,15.11,14.56,14.34,13.84,13.43,13.42,12.74,12.28
무주군 - 중학교,Statistics,19.09,19.13,18.03,17.09,16.97,16.47,16.03,15.78,15.53,15.44,16.03,15.71,16.47
무주군 - 초등학교,Statistics,14.18,13.96,13.75,13.81,13.61,13.79,13.29,13.05,12.47,12.01,11.64,10.91,9.81
문경시 - 고등학교,Statistics,26.61,26.98,26.51,25.92,25.09,23.53,21.43,19.6,18.26,18.8,18.18,18.63,18.41
문경시 - 유치원,Statistics,19.56,19.84,18.93,20.12,19.82,18.94,17.02,15.34,16.67,16.87,15.69,14.06,12.65
문경시 - 전체,Statistics,23.0,22.75,22.09,21.47,20.6,19.53,18.55,17.89,17.4,17.24,16.63,15.96,15.56
문경시 - 중학교,Statistics,28.12,28.47,27.59,25.7,23.01,21.32,20.51,20.68,19.91,19.69,19.38,18.21,18.75
문경시 - 초등학교,Statistics,19.61,18.64,18.05,17.51,17.29,16.77,16.61,16.62,16.13,15.61,15.03,14.25,13.58
미추홀구 - 고등학교,Statistics,,,,,,,,22.12,20.91,20.52,20.0,20.24,20.12
미추홀구 - 유치원,Statistics,,,,,,,,18.6,17.53,19.86,19.41,18.64,18.68
미추홀구 - 전체,Statistics,,,,,,,,23.02,22.47,22.53,22.32,21.87,21.72
미추홀구 - 중학교,Statistics,,,,,,,,26.11,26.18,26.39,26.48,25.89,26.23
미추홀구 - 초등학교,Statistics,,,,,,,,23.62,23.36,22.84,22.66,21.94,21.54
밀양시 - 고등학교,Statistics,25.46,24.33,24.15,23.61,22.83,22.44,19.64,19.3,18.88,19.96,20.23,20.77,20.89
밀양시 - 유치원,Statistics,16.87,17.47,17.03,17.15,18.23,17.53,16.73,16.25,15.93,15.08,14.49,14.09,12.76
밀양시 - 전체,Statistics,22.32,21.69,21.5,21.11,20.35,19.91,19.21,18.94,18.78,18.8,18.35,17.9,17.41
밀양시 - 중학교,Statistics,26.6,26.25,25.89,25.58,24.21,23.47,22.78,21.99,22.3,22.43,22.09,21.03,20.65
밀양시 - 초등학교,Statistics,19.74,18.81,18.8,18.61,17.82,17.7,18.11,18.17,17.93,17.48,16.73,15.93,15.24
보령시 - 고등학교,Statistics,27.72,26.86,26.25,25.43,25.0,24.11,22.63,20.9,19.79,19.11,18.78,18.84,19.08
보령시 - 유치원,Statistics,18.59,19.17,18.77,18.48,18.58,18.05,16.38,15.2,15.15,14.05,13.64,13.0,12.91
보령시 - 전체,Statistics,21.68,21.26,20.57,20.23,19.74,18.99,18.37,17.77,17.26,17.0,16.22,15.68,15.35
보령시 - 중학교,Statistics,28.03,28.05,26.76,26.04,25.47,24.34,23.48,22.88,22.47,23.65,21.83,20.88,20.53
보령시 - 초등학교,Statistics,17.62,16.97,16.42,16.48,16.08,15.6,15.64,15.56,15.11,14.72,13.99,13.38,12.69
보성군 - 고등학교,Statistics,23.19,24.8,23.69,22.95,22.7,21.94,19.97,17.66,16.15,16.87,16.59,16.78,16.13
보성군 - 유치원,Statistics,8.97,10.1,9.64,9.54,8.64,8.5,8.59,7.5,7.0,5.95,5.76,5.95,4.69
보성군 - 전체,Statistics,16.61,16.51,16.19,15.46,14.72,14.45,14.03,12.94,12.37,12.39,11.95,11.56,11.18
보성군 - 중학교,Statistics,21.77,20.84,21.5,20.39,18.11,17.16,16.14,15.59,15.86,15.98,15.82,15.02,14.98
보성군 - 초등학교,Statistics,12.73,11.97,11.55,11.09,10.7,10.91,11.19,10.61,10.12,10.05,9.48,8.89,8.23
보은군 - 고등학교,Statistics,27.5,26.82,25.72,24.92,23.9,22.82,21.55,20.71,18.86,18.77,18.23,17.97,16.4
보은군 - 유치원,Statistics,12.17,13.13,12.22,12.78,12.96,11.91,10.43,9.92,10.42,10.96,10.46,9.17,8.96
보은군 - 전체,Statistics,17.35,16.7,15.92,15.24,14.62,13.87,13.52,12.94,12.48,12.29,11.96,11.66,11.45
보은군 - 중학교,Statistics,25.82,24.26,23.13,21.79,20.86,19.5,18.71,17.08,16.11,15.19,15.47,15.03,15.58
보은군 - 초등학교,Statistics,12.28,11.46,10.89,10.31,10.01,9.65,9.84,9.77,9.61,9.57,9.11,9.03,8.82
봉화군 - 고등학교,Statistics,24.0,24.11,23.82,23.96,23.39,23.58,22.56,21.76,20.68,20.76,20.48,20.44,21.28
봉화군 - 유치원,Statistics,11.25,10.75,10.19,10.19,10.52,8.75,8.19,8.48,8.6,9.06,8.67,8.78,8.29
봉화군 - 전체,Statistics,14.24,14.06,14.13,13.94,13.6,13.51,12.9,12.34,12.25,12.1,11.9,11.37,11.42
봉화군 - 중학교,Statistics,18.25,18.13,17.7,15.95,14.9,16.91,15.71,14.25,15.26,14.69,13.66,13.5,14.16
봉화군 - 초등학교,Statistics,10.91,10.53,10.74,11.03,10.78,10.57,10.47,10.06,9.74,9.53,9.6,8.7,8.23
부산광역시 - 고등학교,Statistics,31.06,30.16,28.87,27.9,27.36,26.34,24.83,23.11,22.11,21.29,20.44,20.68,21.07
부산광역시 - 유치원,Statistics,25.15,24.35,21.81,22.75,22.79,21.99,20.52,19.35,19.0,19.71,18.56,17.87,18.06
부산광역시 - 전체,Statistics,27.41,26.52,25.3,24.68,24.38,23.81,23.22,22.65,22.26,22.25,21.64,21.47,21.33
부산광역시 - 중학교,Statistics,31.66,30.97,29.83,28.0,26.88,25.78,25.31,24.81,24.91,24.99,24.61,24.58,24.41
부산광역시 - 초등학교,Statistics,23.73,22.76,22.04,21.84,22.0,22.06,22.28,22.53,22.21,22.26,21.8,21.49,20.93
부산진구 - 고등학교,Statistics,28.52,27.18,25.76,24.88,24.35,23.72,22.59,21.35,20.41,19.52,18.67,18.77,19.35
부산진구 - 유치원,Statistics,27.49,25.96,23.15,23.31,23.53,22.54,22.48,21.3,21.26,20.57,19.37,18.69,19.23
부산진구 - 전체,Statistics,26.88,25.81,24.6,23.76,23.43,22.86,22.54,21.96,21.53,21.42,20.75,20.71,20.68
부산진구 - 중학교,Statistics,31.5,30.42,29.55,27.54,26.38,25.23,24.56,23.88,24.1,24.32,23.71,23.97,23.8
부산진구 - 초등학교,Statistics,23.36,22.55,21.83,21.35,21.38,21.3,21.62,21.75,21.24,21.65,21.2,21.13,20.55
부안군 - 고등학교,Statistics,24.57,24.73,23.99,23.51,22.3,21.23,19.05,17.2,15.81,16.46,16.43,16.14,17.15
부안군 - 유치원,Statistics,13.18,13.38,12.83,13.2,13.12,12.05,11.49,10.27,10.92,10.7,9.09,10.07,8.31
부안군 - 전체,Statistics,17.72,17.1,16.82,16.27,15.54,14.98,14.23,13.46,12.98,12.93,12.8,12.58,12.41
부안군 - 중학교,Statistics,22.21,21.06,21.17,20.07,18.8,17.3,16.04,15.19,15.26,15.19,15.52,15.13,14.97
부안군 - 초등학교,Statistics,13.95,12.94,12.69,12.17,11.79,11.83,11.85,11.78,11.21,10.99,10.99,10.51,10.13
부여군 - 고등학교,Statistics,25.48,25.4,24.73,24.74,23.74,23.04,20.42,18.82,17.66,17.16,16.31,16.45,16.56
부여군 - 유치원,Statistics,11.8,12.07,13.14,13.59,12.98,12.53,12.19,12.39,11.0,10.79,9.63,9.06,9.73
부여군 - 전체,Statistics,18.77,18.18,17.7,17.47,16.66,15.92,15.03,14.45,13.96,13.69,12.99,12.6,12.36
부여군 - 중학교,Statistics,25.83,25.15,23.61,22.9,21.92,19.99,19.52,18.88,19.76,19.57,18.94,18.48,17.68
부여군 - 초등학교,Statistics,14.71,13.76,13.4,13.25,12.61,12.34,11.87,11.67,11.24,11.08,10.58,10.05,9.61
부천시 - 고등학교,Statistics,32.3,31.09,29.25,27.44,26.0,25.66,24.64,23.64,22.76,22.67,22.6,23.08,23.32
부천시 - 유치원,Statistics,23.23,22.29,20.01,19.93,19.7,18.67,17.38,16.39,15.74,16.73,16.24,15.28,15.22
부천시 - 전체,Statistics,29.63,28.51,26.98,26.28,25.49,24.82,24.24,23.7,23.21,23.43,22.77,22.33,21.89
부천시 - 중학교,Statistics,34.41,33.34,31.36,30.75,29.84,28.57,27.93,27.76,27.96,27.61,26.31,25.47,25.34
부천시 - 초등학교,Statistics,27.27,26.29,25.6,25.56,25.22,24.94,24.98,24.73,24.25,24.18,23.39,22.85,21.68
부평구 - 고등학교,Statistics,31.22,30.6,29.53,28.6,27.33,25.52,23.51,22.26,22.04,22.04,21.45,22.0,22.61
부평구 - 유치원,Statistics,23.03,23.07,20.9,21.07,21.1,20.52,19.16,17.89,16.68,17.77,17.35,16.35,16.2
부평구 - 전체,Statistics,27.96,27.06,26.05,25.44,24.75,23.87,22.85,22.32,21.92,22.05,21.66,21.14,21.25
부평구 - 중학교,Statistics,34.97,33.82,32.49,30.56,28.83,27.39,26.28,24.88,25.0,25.37,25.32,24.75,25.19
부평구 - 초등학교,Statistics,24.28,23.19,22.77,22.76,22.64,22.47,22.11,22.46,22.04,21.63,21.17,20.38,20.21
북구 - 고등학교,Statistics,35.47,34.69,32.86,31.25,30.4,28.4,26.64,23.63,22.34,21.36,20.14,19.88,19.63
북구 - 유치원,Statistics,23.85,24.09,20.83,23.28,23.35,22.82,20.06,18.25,17.98,19.3,17.55,16.69,16.78
북구 - 전체,Statistics,27.46,27.01,25.39,24.86,24.58,23.9,22.98,21.91,21.36,21.37,20.82,20.7,20.24
북구 - 중학교,Statistics,31.19,31.09,29.74,27.58,26.28,25.1,25.05,24.54,23.89,23.51,23.55,23.98,23.8
북구 - 초등학교,Statistics,23.21,22.57,21.46,21.27,21.64,21.72,21.53,21.38,21.08,21.1,20.95,20.95,19.97
사상구 - 고등학교,Statistics,30.97,29.56,28.14,27.22,26.58,25.58,24.06,22.51,21.59,20.8,19.9,19.42,20.04
사상구 - 유치원,Statistics,25.62,23.93,20.99,22.19,22.13,21.56,19.5,18.79,17.58,18.75,17.21,17.46,17.35
사상구 - 전체,Statistics,26.07,24.83,23.48,22.96,22.86,22.28,21.54,21.25,20.66,20.6,20.01,19.57,19.27
사상구 - 중학교,Statistics,29.64,28.79,28.33,26.61,25.75,24.9,23.99,23.6,23.42,23.03,22.89,23.13,22.53
사상구 - 초등학교,Statistics,23.06,21.82,20.78,20.38,20.77,20.46,20.61,20.95,20.58,20.26,19.94,19.0,18.41
사천시 - 고등학교,Statistics,26.63,26.35,26.35,26.39,25.39,24.65,22.15,21.57,20.3,21.19,20.91,21.32,21.04
사천시 - 유치원,Statistics,19.97,18.87,17.1,16.36,16.63,15.05,13.58,12.94,12.46,13.83,12.66,12.45,13.09
사천시 - 전체,Statistics,24.25,23.43,23.04,22.75,22.13,21.51,20.56,20.51,20.03,20.31,20.12,19.9,19.79
사천시 - 중학교,Statistics,28.92,28.45,28.19,27.24,26.09,24.19,23.31,22.95,22.58,22.66,23.0,23.1,22.79
사천시 - 초등학교,Statistics,22.07,20.97,20.78,20.82,20.33,20.5,20.28,20.71,20.35,20.0,19.78,18.96,18.74
사하구 - 고등학교,Statistics,30.94,29.94,28.66,28.14,27.64,26.31,25.09,23.52,22.99,22.06,21.01,20.95,20.98
사하구 - 유치원,Statistics,23.96,23.17,20.73,21.88,21.79,21.43,18.08,17.88,17.68,19.06,17.65,17.34,16.4
사하구 - 전체,Statistics,27.84,26.69,25.25,24.57,24.13,23.47,22.66,22.28,21.99,21.95,21.31,21.27,20.89
사하구 - 중학교,Statistics,33.55,32.49,30.59,28.73,27.16,26.06,25.37,24.51,24.19,24.47,24.15,24.23,24.32
사하구 - 초등학교,Statistics,24.47,23.17,22.26,21.57,21.56,21.42,21.79,22.09,21.82,21.59,21.23,21.19,20.47
산청군 - 고등학교,Statistics,21.84,21.47,21.13,20.55,20.3,18.53,18.06,17.7,17.08,17.6,16.72,17.02,16.06
산청군 - 유치원,Statistics,10.88,10.75,10.25,12.38,12.38,11.38,10.87,9.81,8.5,8.94,10.0,8.5,7.5
산청군 - 전체,Statistics,16.02,15.86,15.39,14.82,13.92,13.3,13.19,12.97,12.67,12.53,12.17,11.92,11.33
산청군 - 중학교,Statistics,19.33,20.1,19.13,17.55,15.79,15.62,15.6,15.94,16.8,17.36,17.13,16.34,15.18
산청군 - 초등학교,Statistics,12.67,12.24,11.93,11.42,10.54,10.42,10.45,10.28,9.72,9.09,8.77,8.41,8.01
삼척시 - 고등학교,Statistics,24.27,24.42,24.22,23.02,22.7,21.0,19.67,18.28,17.92,18.1,18.77,19.31,18.68
삼척시 - 유치원,Statistics,18.85,19.22,18.52,18.43,18.39,17.7,17.93,17.2,15.32,14.87,15.41,14.78,14.08
삼척시 - 전체,Statistics,20.56,19.93,19.46,18.79,18.12,17.15,16.99,16.66,16.2,16.09,16.08,16.33,15.64
삼척시 - 중학교,Statistics,24.23,23.81,22.34,20.88,18.76,17.76,17.58,17.45,17.92,17.77,17.77,18.68,18.26
삼척시 - 초등학교,Statistics,17.49,16.16,16.06,15.77,15.48,14.88,15.2,15.43,14.9,14.78,14.37,14.41,13.55
상주시 - 고등학교,Statistics,28.26,28.21,27.23,26.26,25.46,24.06,21.85,19.76,18.22,18.61,17.83,18.36,18.21
상주시 - 유치원,Statistics,19.25,19.79,18.36,18.24,17.89,17.49,16.91,16.17,15.06,15.04,13.79,13.82,13.46
상주시 - 전체,Statistics,21.69,21.45,20.54,20.06,19.45,18.91,18.23,17.29,16.59,16.31,15.6,15.56,15.36
상주시 - 중학교,Statistics,24.42,23.56,22.67,21.58,20.3,19.64,18.74,17.73,17.86,18.01,18.31,17.97,17.39
상주시 - 초등학교,Statistics,17.46,16.92,16.31,16.34,16.11,16.07,16.28,16.0,15.52,14.65,13.72,13.39,13.17
서구 - 고등학교,Statistics,29.13,28.48,27.2,26.71,26.16,25.63,23.98,22.29,21.22,20.17,18.99,18.8,19.35
서구 - 유치원,Statistics,25.57,25.29,24.19,24.04,23.77,25.55,25.18,22.2,18.82,18.5,18.67,17.71,16.03
서구 - 전체,Statistics,26.45,25.82,24.98,24.13,23.82,23.61,22.85,21.98,20.96,20.78,20.37,20.42,20.0
서구 - 중학교,Statistics,31.32,30.32,29.54,27.64,26.71,25.96,25.87,25.02,24.73,25.03,24.29,24.45,24.07
서구 - 초등학교,Statistics,21.33,20.76,20.34,20.07,20.31,20.3,19.87,20.04,19.25,19.33,19.41,19.77,18.98
서귀포시 - 고등학교,Statistics,30.65,30.34,29.0,28.52,28.18,27.83,26.27,24.25,22.86,23.11,23.13,23.01,23.23
서귀포시 - 유치원,Statistics,14.73,15.96,15.91,16.34,18.23,18.66,18.86,17.34,17.04,17.21,16.84,14.74,13.88
서귀포시 - 전체,Statistics,24.0,23.39,22.73,22.2,22.08,21.94,22.02,21.35,21.04,21.06,21.0,20.22,19.6
서귀포시 - 중학교,Statistics,29.67,28.99,28.93,27.89,25.58,24.49,24.87,24.72,24.9,25.11,24.55,24.31,23.24
서귀포시 - 초등학교,Statistics,20.04,19.0,18.4,18.12,18.74,19.02,19.75,19.61,19.52,19.37,19.52,18.48,17.69
서대문구 - 고등학교,Statistics,32.21,31.96,31.06,29.87,29.49,29.21,27.97,26.61,25.12,24.55,23.98,24.12,24.75
서대문구 - 유치원,Statistics,23.92,23.37,21.36,21.07,21.47,20.7,20.42,19.51,20.8,20.71,19.54,19.55,18.83
서대문구 - 전체,Statistics,27.33,26.54,25.94,25.08,23.87,23.58,23.23,22.67,22.55,22.39,22.07,22.05,21.79
서대문구 - 중학교,Statistics,29.94,28.68,27.99,26.37,24.25,23.09,22.5,21.7,21.87,22.23,22.04,21.97,21.58
서대문구 - 초등학교,Statistics,24.94,24.07,23.85,23.39,22.14,22.4,22.5,22.44,22.32,22.04,21.93,21.84,21.4
서산시 - 고등학교,Statistics,32.28,32.34,32.08,32.44,31.56,31.09,28.79,26.19,24.77,23.6,23.84,24.21,25.08
서산시 - 유치원,Statistics,19.42,20.28,17.69,19.14,17.42,15.93,15.3,15.79,15.57,16.27,15.42,13.6,12.83
서산시 - 전체,Statistics,26.58,26.29,25.47,25.34,24.06,23.52,22.41,22.48,22.09,21.94,21.47,20.66,20.33
서산시 - 중학교,Statistics,31.42,31.94,31.21,29.42,26.64,25.62,24.64,25.28,25.17,25.71,25.47,24.56,24.01
서산시 - 초등학교,Statistics,23.92,22.93,22.53,22.45,21.96,21.94,21.28,21.85,21.58,21.15,20.45,19.56,18.89
서울특별시 - 고등학교,Statistics,32.77,31.87,30.94,30.13,29.67,28.61,26.8,24.97,23.74,23.53,22.9,22.96,23.65
서울특별시 - 유치원,Statistics,24.18,24.13,21.87,21.38,21.08,20.41,19.52,18.57,18.2,18.89,17.96,17.38,17.09
서울특별시 - 전체,Statistics,28.63,27.81,26.96,26.19,25.36,24.6,23.76,22.96,22.45,22.47,22.03,21.84,21.77
서울특별시 - 중학교,Statistics,32.01,31.39,30.2,28.49,26.57,25.55,24.43,23.65,23.91,24.49,24.17,23.77,23.77
서울특별시 - 초등학교,Statistics,25.55,24.51,24.27,24.0,23.42,23.0,22.86,22.59,22.06,21.71,21.43,21.27,20.83
서천군 - 고등학교,Statistics,24.48,24.33,23.62,22.98,22.24,20.99,19.63,18.33,17.34,17.52,17.55,17.8,17.53
서천군 - 유치원,Statistics,10.39,10.81,10.68,10.46,10.29,10.6,9.8,9.13,8.0,8.0,7.7,7.04,6.52
서천군 - 전체,Statistics,19.0,18.6,17.96,17.38,16.67,16.19,15.65,15.0,14.34,13.92,13.54,13.04,12.64
서천군 - 중학교,Statistics,26.52,26.38,25.62,23.98,22.87,20.85,21.27,20.63,20.33,19.43,17.96,17.36,16.75
서천군 - 초등학교,Statistics,14.83,13.96,13.4,13.22,12.64,12.89,12.64,12.41,11.97,11.37,11.09,10.3,9.85
서초구 - 고등학교,Statistics,35.71,34.46,33.8,32.71,32.31,31.01,28.91,26.92,25.14,25.15,24.77,25.39,26.62
서초구 - 유치원,Statistics,25.98,23.92,23.89,23.46,23.24,22.3,20.98,18.96,18.01,18.13,17.38,17.25,17.05
서초구 - 전체,Statistics,31.34,30.29,29.57,28.83,27.98,27.43,26.46,25.6,25.07,25.34,25.2,24.93,24.74
서초구 - 중학교,Statistics,33.55,33.45,31.6,29.96,28.24,27.62,26.28,25.91,25.83,27.51,27.67,27.41,27.34
서초구 - 초등학교,Statistics,28.4,27.32,27.14,27.2,26.49,26.49,26.31,25.91,25.76,25.42,25.31,24.51,23.62
성남시 - 고등학교,Statistics,32.23,31.45,30.37,29.57,28.64,27.74,26.14,24.69,23.95,23.68,23.05,23.39,23.9
성남시 - 유치원,Statistics,22.71,24.22,22.49,22.57,20.77,19.64,17.22,15.95,15.6,16.38,15.48,15.35,15.55
성남시 - 전체,Statistics,30.47,29.36,27.88,27.51,26.6,26.12,25.12,24.49,24.23,24.24,23.56,23.49,22.95
성남시 - 중학교,Statistics,35.24,33.72,31.56,30.43,29.35,28.9,28.79,28.56,28.67,28.79,28.46,28.03,27.31
성남시 - 초등학교,Statistics,28.65,26.91,25.72,25.97,25.61,25.7,25.45,25.42,25.16,24.7,23.87,23.67,22.31
성동구 - 고등학교,Statistics,29.97,29.28,28.18,27.47,27.08,25.97,23.66,21.41,19.22,19.44,20.07,20.38,22.24
성동구 - 유치원,Statistics,27.11,26.23,24.29,22.95,22.09,22.17,21.38,19.35,19.01,18.15,17.11,15.42,14.71
성동구 - 전체,Statistics,26.77,26.11,25.19,24.27,23.25,22.57,21.63,20.88,19.87,19.86,19.81,19.35,19.21
성동구 - 중학교,Statistics,29.9,29.32,28.52,26.62,24.61,23.8,22.72,22.17,22.2,22.9,22.24,21.17,20.59
성동구 - 초등학교,Statistics,24.04,23.32,22.67,22.22,21.41,20.73,20.38,20.47,19.42,19.19,19.31,19.09,18.64
성북구 - 고등학교,Statistics,31.99,30.73,29.86,28.81,28.32,27.84,26.22,25.09,23.57,23.29,22.54,22.57,22.84
성북구 - 유치원,Statistics,23.55,24.28,23.07,22.2,21.49,20.54,19.71,18.66,18.57,19.39,18.63,18.71,17.88
성북구 - 전체,Statistics,28.14,27.43,26.71,26.01,25.39,24.79,23.91,23.2,22.62,22.49,22.0,21.76,21.3
성북구 - 중학교,Statistics,31.74,31.08,30.13,28.97,27.39,26.05,24.78,24.0,24.18,24.08,23.8,23.13,23.0
성북구 - 초등학교,Statistics,26.06,25.25,24.82,24.56,24.26,24.14,23.75,23.34,22.62,22.23,21.84,21.59,20.77
성주군 - 고등학교,Statistics,27.32,26.61,24.74,23.46,23.07,22.0,20.73,19.58,19.46,19.3,18.84,19.08,19.37
성주군 - 유치원,Statistics,10.85,10.85,11.7,13.0,12.47,12.47,11.12,11.06,10.56,8.88,8.0,7.73,7.93
성주군 - 전체,Statistics,17.21,17.0,15.89,15.69,15.16,14.73,14.44,13.56,13.26,12.92,12.17,11.97,12.1
성주군 - 중학교,Statistics,21.33,20.77,18.59,17.57,15.77,14.98,14.78,13.84,13.17,13.26,13.3,12.91,12.74
성주군 - 초등학교,Statistics,12.69,12.5,11.68,11.87,12.01,12.01,12.27,11.56,11.34,11.04,9.91,9.57,9.52
세종특별자치시 - 고등학교,Statistics,,28.0,24.97,23.24,23.33,22.27,22.8,22.72,22.57,22.58,22.74,22.92,23.55
세종특별자치시 - 유치원,Statistics,,18.64,15.88,18.18,19.09,16.08,15.98,15.95,15.99,15.49,14.6,14.25,13.63
세종특별자치시 - 전체,Statistics,,23.29,21.07,20.32,21.69,20.51,20.72,20.79,20.77,20.75,20.46,20.31,20.5
세종특별자치시 - 중학교,Statistics,,26.37,23.09,20.85,22.49,21.78,22.23,22.58,22.7,22.7,23.03,23.56,23.93
세종특별자치시 - 초등학교,Statistics,,21.16,20.04,19.87,21.63,20.89,21.09,21.0,20.88,20.87,20.31,19.77,19.85
속초시 - 고등학교,Statistics,33.92,33.82,33.85,33.16,32.58,30.84,28.7,26.16,24.04,23.81,23.75,23.96,23.57
속초시 - 유치원,Statistics,18.31,18.97,17.77,19.8,19.9,19.37,18.06,16.28,17.42,18.88,16.54,16.0,16.13
속초시 - 전체,Statistics,28.26,27.13,26.68,25.8,25.15,23.97,23.14,22.54,22.07,22.11,22.18,21.79,21.25
속초시 - 중학교,Statistics,32.39,31.71,30.94,29.47,27.13,25.38,24.89,24.62,25.47,25.94,27.15,27.13,27.11
속초시 - 초등학교,Statistics,24.96,22.95,22.52,21.38,21.29,20.59,20.48,20.97,20.38,20.11,20.27,19.47,18.55
송파구 - 고등학교,Statistics,33.93,32.92,31.82,30.75,30.3,29.17,27.08,24.86,23.95,23.84,23.05,23.16,23.86
송파구 - 유치원,Statistics,24.28,24.77,23.78,22.41,22.41,22.44,21.46,20.26,19.98,20.37,19.86,18.61,18.34
송파구 - 전체,Statistics,29.8,28.99,28.08,27.03,25.93,25.34,24.43,23.13,22.91,23.08,22.67,22.48,22.46
송파구 - 중학교,Statistics,33.05,32.22,30.93,29.32,27.02,25.94,25.11,24.06,24.41,24.82,24.52,24.02,24.2
송파구 - 초등학교,Statistics,26.78,25.78,25.35,24.82,23.85,23.76,23.46,22.48,22.31,22.41,22.15,22.18,21.8
수성구 - 고등학교,Statistics,36.91,36.38,34.88,34.05,33.19,31.19,28.06,25.42,23.58,22.86,21.9,22.36,22.72
수성구 - 유치원,Statistics,25.8,23.87,20.63,19.31,19.37,19.41,18.67,17.8,18.3,20.23,20.67,20.18,20.43
수성구 - 전체,Statistics,31.72,30.11,28.8,27.75,27.16,26.37,25.45,24.53,24.11,24.1,23.72,23.46,23.86
수성구 - 중학교,Statistics,36.55,35.22,33.76,30.83,28.96,27.57,27.23,26.26,26.58,26.62,25.96,25.42,26.56
수성구 - 초등학교,Statistics,26.68,24.62,24.26,24.52,24.69,24.73,24.9,25.06,24.72,24.36,24.23,23.77,23.81
수영구 - 고등학교,Statistics,35.32,34.76,32.97,30.96,29.71,28.48,25.9,23.52,21.72,21.04,20.55,20.92,21.93
수영구 - 유치원,Statistics,27.14,24.99,24.01,24.73,24.16,22.08,19.79,19.4,20.69,20.13,19.26,17.64,17.75
수영구 - 전체,Statistics,28.2,27.41,25.53,25.1,24.65,24.11,23.08,22.35,22.27,22.03,21.82,21.31,21.38
수영구 - 중학교,Statistics,31.4,30.25,28.93,26.14,25.99,25.32,25.38,24.88,24.95,24.5,24.26,23.99,24.13
수영구 - 초등학교,Statistics,24.19,23.7,21.49,22.18,21.98,22.3,22.13,21.96,22.02,22.04,22.08,21.42,21.09
수원시 - 고등학교,Statistics,35.02,34.38,32.97,31.62,30.48,29.06,27.34,25.64,24.64,24.14,23.66,24.04,24.67
수원시 - 유치원,Statistics,23.91,23.35,21.61,22.47,20.87,20.12,19.52,17.94,18.01,18.18,16.68,16.67,16.35
수원시 - 전체,Statistics,30.96,29.88,28.4,27.97,27.12,26.5,26.08,25.16,24.78,24.54,23.76,23.76,23.17
수원시 - 중학교,Statistics,35.59,34.57,32.32,30.62,30.16,29.83,29.98,29.7,29.71,29.53,28.4,28.43,27.78
수원시 - 초등학교,Statistics,28.17,26.95,26.14,26.46,26.15,26.02,26.24,25.79,25.25,24.68,24.01,23.78,22.45
순창군 - 고등학교,Statistics,25.42,25.19,24.75,24.69,23.44,22.53,21.19,19.75,19.16,18.78,18.88,18.91,19.47
순창군 - 유치원,Statistics,10.09,10.95,11.59,11.71,12.62,10.57,9.81,9.62,9.24,8.19,8.33,7.57,7.35
순창군 - 전체,Statistics,14.85,14.45,14.34,14.04,13.73,13.38,12.81,12.51,12.15,11.7,11.39,11.32,11.09
순창군 - 중학교,Statistics,20.97,20.77,19.72,19.03,17.94,17.57,16.92,16.78,16.37,16.45,15.82,15.97,14.63
순창군 - 초등학교,Statistics,11.14,10.31,10.36,10.08,10.02,10.08,9.78,9.67,9.23,8.7,8.23,8.11,7.9
순천시 - 고등학교,Statistics,33.91,33.11,31.5,30.1,29.18,27.9,26.0,23.73,22.55,22.05,21.55,21.46,21.55
순천시 - 유치원,Statistics,19.65,18.6,16.68,15.86,16.29,15.87,15.73,15.51,14.92,15.44,15.0,14.57,14.56
순천시 - 전체,Statistics,28.27,27.81,26.86,25.75,25.18,24.51,23.67,22.89,22.32,22.04,21.34,21.02,20.78
순천시 - 중학교,Statistics,34.0,33.98,32.74,30.78,29.5,28.73,27.58,26.69,26.94,27.36,26.22,26.15,25.91
순천시 - 초등학교,Statistics,24.32,23.99,24.01,23.81,23.67,23.47,23.25,23.14,22.62,21.77,20.91,20.38,19.82
시흥시 - 고등학교,Statistics,34.28,33.36,32.91,32.71,32.0,30.55,28.18,26.61,25.72,25.62,25.33,26.09,26.87
시흥시 - 유치원,Statistics,22.65,22.01,19.87,20.75,19.6,17.85,17.97,17.82,16.8,17.41,16.23,15.98,15.51
시흥시 - 전체,Statistics,29.66,28.71,27.43,27.26,26.56,25.9,25.17,24.78,24.41,24.31,23.73,23.42,23.01
시흥시 - 중학교,Statistics,33.72,32.82,30.89,29.75,29.11,28.93,28.21,28.38,27.68,27.51,26.97,26.42,26.11
시흥시 - 초등학교,Statistics,27.22,26.05,25.0,25.04,24.59,24.72,24.65,24.58,24.75,24.36,23.91,23.27,22.34
신안군 - 고등학교,Statistics,15.93,16.0,16.63,17.25,16.62,16.41,15.22,13.89,13.43,13.59,12.5,12.62,13.09
신안군 - 유치원,Statistics,9.39,11.0,10.32,9.73,10.86,10.36,10.05,8.52,8.14,8.71,7.22,6.47,5.89
신안군 - 전체,Statistics,10.61,10.57,10.25,10.28,10.17,9.74,9.45,9.15,8.91,8.98,8.61,8.04,7.72
신안군 - 중학교,Statistics,13.44,13.54,13.0,12.5,11.2,9.98,9.45,9.36,9.52,10.23,9.78,9.29,9.66
신안군 - 초등학교,Statistics,8.23,7.77,7.4,7.65,7.73,7.56,7.67,7.85,7.58,7.42,7.28,6.55,5.8
아산시 - 고등학교,Statistics,35.68,36.03,34.75,33.85,31.84,31.01,29.15,28.05,27.92,28.36,28.34,28.63,29.05
아산시 - 유치원,Statistics,21.01,20.77,20.29,21.64,19.17,18.68,18.73,17.65,16.93,17.44,16.88,15.72,15.25
아산시 - 전체,Statistics,27.65,26.98,26.35,26.38,25.31,24.6,24.39,23.77,23.53,23.49,22.72,22.37,22.1
아산시 - 중학교,Statistics,31.99,31.68,30.75,30.37,29.25,27.66,27.19,26.99,27.29,27.6,26.87,26.08,26.05
아산시 - 초등학교,Statistics,25.1,24.0,23.57,23.63,23.45,23.14,23.55,23.15,22.82,22.21,21.21,20.95,20.28
안동시 - 고등학교,Statistics,27.35,27.09,26.6,25.6,25.54,24.9,22.96,21.23,20.5,20.54,20.02,19.74,19.84
안동시 - 유치원,Statistics,19.44,20.51,19.85,19.87,20.0,20.28,18.83,17.41,16.83,17.33,16.58,15.87,14.98
안동시 - 전체,Statistics,24.22,23.76,23.55,22.88,22.61,22.22,21.86,20.78,20.55,20.55,19.97,19.61,19.28
안동시 - 중학교,Statistics,28.85,28.21,28.2,26.63,24.37,23.28,23.93,22.84,23.02,23.47,23.31,22.89,22.76
안동시 - 초등학교,Statistics,21.52,20.64,20.61,20.39,20.85,20.74,21.21,20.58,20.51,20.04,19.25,18.92,18.36
안산시 - 고등학교,Statistics,37.33,35.92,33.47,31.36,30.5,29.17,26.63,24.09,22.87,22.3,21.79,22.34,22.75
안산시 - 유치원,Statistics,22.07,22.16,19.88,20.81,19.2,18.13,16.71,15.59,15.56,17.37,17.01,15.98,15.38
안산시 - 전체,Statistics,31.49,30.16,28.44,27.54,26.57,25.78,24.8,23.85,23.26,23.41,22.51,22.39,21.66
안산시 - 중학교,Statistics,36.51,35.22,32.97,30.95,29.16,28.21,27.83,27.82,27.3,27.18,26.07,25.69,24.9
안산시 - 초등학교,Statistics,28.11,26.43,25.62,25.41,25.21,24.97,24.98,24.63,24.02,23.97,22.67,22.5,21.04
안성시 - 고등학교,Statistics,32.45,32.97,31.76,30.99,30.66,30.17,28.26,26.63,25.49,24.58,24.32,25.22,26.18
안성시 - 유치원,Statistics,18.27,17.16,15.84,16.47,15.63,14.83,13.41,13.52,14.27,15.11,14.57,13.92,13.28
안성시 - 전체,Statistics,25.24,24.43,23.49,23.22,22.69,22.41,21.75,21.34,21.09,21.5,21.17,21.14,20.4
안성시 - 중학교,Statistics,31.39,30.72,29.79,28.13,27.44,27.01,27.09,26.9,26.81,27.06,26.6,25.82,25.47
안성시 - 초등학교,Statistics,22.16,21.33,20.71,20.73,20.55,20.64,20.57,20.37,19.77,20.15,19.76,19.87,18.34
안양시 - 고등학교,Statistics,35.07,33.73,32.26,30.96,29.97,28.32,26.32,24.86,24.08,23.69,23.0,23.24,23.59
안양시 - 유치원,Statistics,21.62,22.46,20.36,21.46,19.35,19.1,17.64,16.97,17.25,17.18,17.18,17.06,16.87
안양시 - 전체,Statistics,30.98,29.83,28.34,27.91,26.97,26.19,25.41,24.62,24.32,24.25,23.76,23.74,22.98
안양시 - 중학교,Statistics,35.92,35.33,32.72,31.41,30.26,29.06,28.75,27.93,28.15,28.54,27.53,27.45,27.01
안양시 - 초등학교,Statistics,28.17,26.46,25.88,25.95,25.71,25.57,25.7,25.28,24.76,24.48,24.18,24.01,22.28
양구군 - 고등학교,Statistics,27.46,26.68,27.58,27.94,27.91,26.03,24.26,22.83,21.69,21.0,19.69,18.89,18.91
양구군 - 유치원,Statistics,14.3,15.0,12.73,13.18,15.0,13.36,11.58,12.5,12.0,11.77,14.08,12.92,9.77
양구군 - 전체,Statistics,18.73,18.22,17.66,17.42,16.67,15.85,15.37,14.97,14.54,14.29,14.01,13.79,13.34
양구군 - 중학교,Statistics,20.75,21.59,20.66,19.84,17.25,17.12,16.39,15.79,15.84,15.31,14.61,13.78,13.91
양구군 - 초등학교,Statistics,14.74,13.84,13.33,13.12,12.43,11.87,12.09,11.98,11.56,11.45,11.41,11.77,11.35
양산시 - 고등학교,Statistics,34.13,33.62,32.97,33.18,33.34,33.5,31.26,30.08,29.44,30.04,30.33,30.4,30.21
양산시 - 유치원,Statistics,23.71,22.85,22.96,22.4,22.91,22.76,21.61,19.74,18.89,19.66,18.82,18.51,17.91
양산시 - 전체,Statistics,28.25,27.27,26.79,26.42,26.18,25.65,25.18,24.61,24.12,24.21,23.85,23.32,23.01
양산시 - 중학교,Statistics,32.51,32.21,31.79,31.17,29.97,29.34,28.53,28.14,27.68,28.23,27.25,26.49,26.58
양산시 - 초등학교,Statistics,25.24,23.85,23.31,23.25,23.16,22.63,23.34,23.6,23.27,22.72,22.54,21.66,21.05
양양군 - 고등학교,Statistics,24.04,23.96,24.04,22.92,22.88,21.65,20.36,20.87,20.27,21.43,20.35,21.42,21.63
양양군 - 유치원,Statistics,13.4,12.6,11.3,12.1,11.15,11.4,10.55,11.21,10.26,9.58,8.28,7.47,7.29
양양군 - 전체,Statistics,15.39,14.7,14.29,13.69,13.17,12.84,12.61,12.64,12.79,12.77,12.2,11.79,11.94
양양군 - 중학교,Statistics,22.63,22.48,21.15,19.24,17.78,16.74,17.86,16.57,17.74,17.37,17.81,16.73,17.12
양양군 - 초등학교,Statistics,11.54,10.47,10.25,9.93,9.65,9.62,9.47,9.8,10.04,10.13,9.61,9.27,9.22
양주시 - 고등학교,Statistics,33.92,34.24,33.94,33.79,32.74,31.46,29.86,28.8,28.11,27.36,26.77,27.08,28.1
양주시 - 유치원,Statistics,17.47,17.68,15.11,16.9,14.19,13.87,13.21,12.81,13.03,15.27,15.17,15.07,16.26
양주시 - 전체,Statistics,27.35,26.95,25.55,25.59,24.37,24.12,23.36,22.92,22.7,23.21,22.47,22.44,22.68
양주시 - 중학교,Statistics,34.81,34.97,34.08,31.63,30.71,29.82,29.28,28.05,27.84,27.63,26.28,26.67,26.8
양주시 - 초등학교,Statistics,25.33,24.55,23.38,23.56,23.09,23.47,22.92,22.78,22.27,22.46,21.55,21.28,21.01
양천구 - 고등학교,Statistics,35.5,34.61,33.4,33.1,32.71,31.01,28.46,26.21,24.95,24.91,24.69,25.28,26.01
양천구 - 유치원,Statistics,24.43,25.11,22.31,20.92,20.46,19.42,18.77,19.1,18.61,18.3,16.62,16.2,16.84
양천구 - 전체,Statistics,30.29,29.34,28.43,27.56,26.73,25.74,24.78,24.25,23.97,24.1,23.55,23.28,23.43
양천구 - 중학교,Statistics,34.13,33.29,32.16,30.27,28.24,27.09,25.86,25.08,25.49,26.7,26.3,25.92,25.6
양천구 - 초등학교,Statistics,26.32,24.98,24.85,24.65,24.34,23.83,23.79,23.96,23.75,23.33,22.82,22.16,22.16
양평군 - 고등학교,Statistics,28.86,28.8,28.61,28.55,27.65,26.91,24.6,22.87,22.16,22.07,21.85,21.81,22.49
양평군 - 유치원,Statistics,16.51,15.13,14.62,14.47,13.13,12.52,12.61,11.2,9.8,10.5,9.53,9.04,8.64
양평군 - 전체,Statistics,23.7,23.16,22.72,22.51,22.06,21.45,20.98,20.36,19.76,19.82,19.44,18.91,18.36
양평군 - 중학교,Statistics,28.24,27.35,26.52,25.45,25.1,23.98,23.39,23.53,23.15,23.7,23.12,22.69,21.83
양평군 - 초등학교,Statistics,20.42,19.95,19.55,19.7,19.8,19.53,19.75,19.52,18.98,18.79,18.53,17.66,16.65
여수시 - 고등학교,Statistics,30.71,30.9,30.62,29.88,29.05,27.69,25.58,24.22,22.69,21.68,20.7,20.59,20.6
여수시 - 유치원,Statistics,17.89,16.98,15.81,15.34,15.1,14.94,14.99,13.81,13.65,14.82,14.13,14.04,14.15
여수시 - 전체,Statistics,25.82,25.52,24.69,24.06,23.51,22.88,22.05,21.4,20.72,20.49,19.75,19.56,19.34
여수시 - 중학교,Statistics,32.8,32.47,30.96,29.43,28.04,27.41,25.51,25.04,25.42,25.82,25.61,24.97,24.91
여수시 - 초등학교,Statistics,22.25,21.8,21.22,21.3,21.27,21.02,20.96,20.91,20.12,19.38,18.62,18.52,17.94
여주시 - 고등학교,Statistics,,,29.08,28.52,29.05,27.54,26.03,24.31,23.29,22.92,22.17,22.43,22.54
여주시 - 유치원,Statistics,,,16.04,17.72,15.95,15.05,13.53,12.4,11.94,12.94,12.1,11.99,11.11
여주시 - 전체,Statistics,,,22.31,22.15,21.41,20.87,20.43,19.75,19.37,19.33,18.76,18.7,18.17
여주시 - 중학교,Statistics,,,27.36,26.65,24.92,23.54,23.56,23.41,23.02,22.91,22.28,22.41,21.92
여주시 - 초등학교,Statistics,,,18.92,18.75,18.36,18.62,18.8,18.53,18.41,18.04,17.6,17.26,16.41
연수구 - 고등학교,Statistics,33.61,32.46,31.15,28.91,28.38,27.49,26.53,24.78,24.27,24.08,23.85,24.02,24.79
연수구 - 유치원,Statistics,23.77,23.99,22.32,21.8,21.42,22.01,20.54,19.37,19.93,20.53,19.53,19.15,18.89
연수구 - 전체,Statistics,29.74,28.99,27.98,27.05,26.24,26.1,25.18,24.33,24.6,24.51,24.19,23.66,23.66
연수구 - 중학교,Statistics,35.71,35.09,34.28,32.02,31.01,30.43,29.1,27.76,28.69,29.04,28.62,28.41,28.32
연수구 - 초등학교,Statistics,25.97,25.18,24.56,24.98,24.33,24.71,24.22,24.15,24.45,23.97,23.85,22.85,22.57
연제구 - 고등학교,Statistics,32.41,32.54,30.5,28.82,27.44,27.22,26.47,25.47,24.62,23.95,23.67,24.0,24.42
연제구 - 유치원,Statistics,25.22,23.71,21.76,21.81,23.21,23.07,21.55,22.07,23.04,21.28,19.7,17.99,19.03
연제구 - 전체,Statistics,27.71,26.83,25.55,24.58,24.45,24.07,23.81,23.68,23.86,23.39,22.65,22.49,22.22
연제구 - 중학교,Statistics,31.78,31.14,29.83,27.94,26.49,25.28,24.73,24.27,24.62,24.59,23.72,24.16,23.49
연제구 - 초등학교,Statistics,24.96,23.97,23.15,22.67,23.1,22.97,23.22,23.36,23.55,23.2,22.58,22.37,21.79
연천군 - 고등학교,Statistics,29.67,28.84,26.84,25.69,24.96,24.26,22.45,19.09,16.94,15.79,15.93,15.85,15.95
연천군 - 유치원,Statistics,13.5,14.08,14.58,13.11,13.97,14.86,15.41,14.69,13.55,12.34,11.64,11.14,10.68
연천군 - 전체,Statistics,21.27,20.13,19.09,18.35,17.94,17.71,17.45,15.96,15.23,15.12,14.77,14.15,13.52
연천군 - 중학교,Statistics,29.09,26.79,25.88,24.56,23.27,21.4,21.63,19.35,18.69,19.83,18.68,17.67,16.85
연천군 - 초등학교,Statistics,17.22,15.74,14.6,14.5,14.43,14.65,14.61,13.91,13.73,13.89,13.65,12.91,12.01
영광군 - 고등학교,Statistics,22.67,23.17,22.86,23.17,22.91,21.94,20.08,18.49,17.13,16.33,16.11,16.43,16.52
영광군 - 유치원,Statistics,12.88,13.0,13.94,13.15,12.47,12.56,11.82,11.0,9.8,12.33,11.12,10.42,10.14
영광군 - 전체,Statistics,19.11,19.14,18.93,18.52,18.28,18.07,17.32,16.59,16.05,15.95,15.59,15.36,14.61
영광군 - 중학교,Statistics,25.25,25.26,24.3,21.46,20.9,20.52,19.34,18.98,19.37,19.24,19.33,18.88,18.39
영광군 - 초등학교,Statistics,15.82,15.58,15.4,15.63,15.74,16.01,16.13,15.83,15.54,14.97,14.52,14.2,12.86
영덕군 - 고등학교,Statistics,23.31,23.43,21.42,21.49,21.66,20.94,17.56,16.42,15.66,16.34,15.53,15.42,15.94
영덕군 - 유치원,Statistics,9.2,9.2,9.19,11.6,10.47,9.19,8.44,8.06,9.25,8.64,6.88,5.38,4.3
영덕군 - 전체,Statistics,17.87,17.62,16.47,16.63,16.34,15.77,14.88,14.18,13.92,13.96,13.26,12.73,12.69
영덕군 - 중학교,Statistics,22.16,21.51,20.28,18.74,17.51,16.98,15.9,14.98,14.16,13.66,13.8,13.37,13.68
영덕군 - 초등학교,Statistics,15.24,14.91,14.0,14.51,14.58,14.35,14.44,14.06,13.97,14.11,13.36,12.49,11.92
영도구 - 고등학교,Statistics,24.29,24.29,24.61,24.43,24.33,24.11,22.44,20.87,19.43,18.68,17.98,17.92,18.52
영도구 - 유치원,Statistics,22.78,22.11,19.6,20.42,19.94,18.96,16.82,15.69,15.1,16.78,14.98,14.68,14.83
영도구 - 전체,Statistics,24.49,23.83,22.94,22.09,21.86,21.37,20.58,19.72,19.14,18.83,18.21,18.21,18.3
영도구 - 중학교,Statistics,30.49,29.96,28.8,26.14,24.42,22.88,22.73,22.32,22.2,22.12,21.56,21.73,21.62
영도구 - 초등학교,Statistics,21.94,20.74,19.59,18.88,19.27,19.27,19.29,18.8,18.58,17.88,17.54,17.53,17.22
영동군 - 고등학교,Statistics,28.2,26.22,25.91,24.76,24.55,24.04,22.92,20.68,19.79,18.28,17.34,17.35,17.0
영동군 - 유치원,Statistics,16.6,16.97,17.86,17.04,16.07,14.38,13.0,10.93,11.15,10.25,10.08,10.22,8.96
영동군 - 전체,Statistics,20.55,19.44,19.07,18.03,16.95,16.1,15.32,15.14,14.72,14.31,13.91,13.87,13.46
영동군 - 중학교,Statistics,25.15,24.1,22.9,21.86,18.72,17.22,15.42,17.0,16.89,17.19,17.3,17.52,17.45
영동군 - 초등학교,Statistics,16.39,15.14,14.75,13.83,13.23,12.83,12.87,13.16,12.68,12.32,11.95,11.69,11.09
영등포구 - 고등학교,Statistics,32.03,30.89,30.01,28.75,28.24,26.9,25.52,23.63,22.94,23.37,23.16,22.97,23.66
영등포구 - 유치원,Statistics,22.8,25.1,23.54,22.8,22.32,21.57,20.94,19.63,19.16,20.34,19.14,18.55,18.21
영등포구 - 전체,Statistics,26.83,26.34,25.64,24.82,23.83,22.71,22.3,21.56,21.27,21.69,21.36,21.36,20.99
영등포구 - 중학교,Statistics,30.35,30.22,29.68,28.13,25.82,24.53,23.5,22.56,23.04,23.32,23.44,23.09,22.81
영등포구 - 초등학교,Statistics,23.97,22.94,22.59,22.3,21.57,20.6,20.91,20.86,20.51,20.75,20.46,20.8,20.01
영암군 - 고등학교,Statistics,23.9,24.18,24.01,23.67,24.15,23.67,21.91,18.86,16.93,17.29,16.58,16.93,17.03
영암군 - 유치원,Statistics,15.97,14.23,13.78,14.58,14.84,14.95,12.45,11.55,13.33,11.16,10.63,8.94,8.86
영암군 - 전체,Statistics,20.2,19.7,19.19,19.01,18.81,18.23,17.24,16.26,15.85,15.15,14.86,14.26,13.83
영암군 - 중학교,Statistics,24.17,24.03,22.08,21.5,20.9,19.67,18.55,17.54,17.52,16.63,17.18,17.09,17.16
영암군 - 초등학교,Statistics,17.89,17.14,16.87,16.8,16.43,16.01,15.83,15.72,15.18,14.45,14.01,13.16,12.2
영양군 - 고등학교,Statistics,24.26,22.26,23.32,22.36,22.36,19.86,18.19,16.55,15.84,14.79,14.28,15.39,15.41
영양군 - 유치원,Statistics,11.58,10.67,10.18,11.18,11.64,8.46,9.91,9.36,9.88,7.56,5.78,5.67,6.0
영양군 - 전체,Statistics,15.79,15.11,15.01,14.87,14.41,13.28,12.9,12.0,12.12,11.32,10.86,10.71,10.49
영양군 - 중학교,Statistics,18.0,18.91,17.09,16.36,13.95,12.77,13.15,12.89,14.28,15.29,14.56,14.59,12.39
영양군 - 초등학교,Statistics,12.08,11.29,11.57,11.65,11.55,11.77,11.13,10.41,10.21,9.32,9.18,8.57,8.78
영월군 - 고등학교,Statistics,20.03,21.33,21.19,21.07,20.42,19.54,17.89,15.98,15.52,15.52,16.26,15.92,15.31
영월군 - 유치원,Statistics,16.42,14.15,13.0,12.89,12.41,12.3,11.41,10.0,9.33,8.65,10.14,10.17,9.87
영월군 - 전체,Statistics,16.16,15.8,15.49,15.03,14.39,13.86,13.25,12.79,12.4,12.59,12.91,12.37,12.29
영월군 - 중학교,Statistics,19.32,19.13,18.55,17.96,17.08,15.87,14.94,14.4,14.41,14.17,14.64,13.64,13.67
영월군 - 초등학교,Statistics,12.98,12.27,12.07,11.5,11.04,10.84,10.88,11.21,10.64,11.22,11.09,10.59,10.69
영주시 - 고등학교,Statistics,28.93,28.87,28.4,27.35,26.4,25.52,23.99,22.13,21.07,20.76,20.79,20.52,20.63
영주시 - 유치원,Statistics,20.24,18.9,18.73,19.13,19.83,18.49,16.3,15.25,13.61,13.72,14.08,12.52,12.02
영주시 - 전체,Statistics,26.1,25.53,24.73,23.78,23.21,22.24,21.54,20.47,20.13,19.86,19.62,19.19,18.95
영주시 - 중학교,Statistics,30.76,30.98,29.45,26.03,24.86,23.07,22.74,21.16,21.58,21.57,21.31,21.33,21.36
영주시 - 초등학교,Statistics,23.39,22.42,21.6,21.48,21.18,20.76,20.79,20.39,20.53,19.86,19.26,18.73,17.97
영천시 - 고등학교,Statistics,28.37,27.82,27.01,26.23,25.61,24.16,22.72,20.9,19.72,19.26,18.86,19.02,19.75
영천시 - 유치원,Statistics,17.98,17.83,17.04,17.74,17.34,16.45,16.16,15.11,15.12,14.83,14.3,13.79,13.86
영천시 - 전체,Statistics,22.95,22.35,21.65,21.04,20.82,19.89,19.44,18.54,17.88,17.76,17.48,17.04,17.01
영천시 - 중학교,Statistics,26.21,25.38,24.35,22.43,22.8,20.03,20.2,18.45,18.24,18.58,18.59,18.69,18.02
영천시 - 초등학교,Statistics,19.57,18.81,18.36,18.2,18.04,18.23,18.04,18.05,17.29,17.16,16.88,15.89,15.7
예산군 - 고등학교,Statistics,25.81,25.42,25.43,25.38,24.8,23.73,22.1,20.52,19.83,19.8,19.98,20.6,20.69
예산군 - 유치원,Statistics,16.53,16.44,15.77,15.8,14.24,13.92,13.0,11.68,10.31,11.23,10.83,10.65,9.5
예산군 - 전체,Statistics,21.19,20.42,19.95,19.41,18.49,17.5,16.76,16.34,16.14,16.13,16.06,16.02,15.73
예산군 - 중학교,Statistics,28.24,26.84,25.4,23.85,22.23,20.1,19.15,19.51,20.67,20.71,21.03,20.28,20.98
예산군 - 초등학교,Statistics,16.9,15.97,15.74,15.36,14.84,14.14,13.98,13.99,13.6,13.17,12.83,12.77,11.96
예천군 - 고등학교,Statistics,23.17,23.59,23.66,21.69,23.4,22.31,18.7,17.8,17.49,19.46,19.34,19.89,19.93
예천군 - 유치원,Statistics,13.78,13.53,12.63,14.68,14.21,13.11,15.43,13.84,16.36,15.33,14.2,14.56,14.82
예천군 - 전체,Statistics,18.54,18.04,17.44,16.96,16.82,16.09,15.35,15.31,15.97,16.55,16.43,16.16,15.96
예천군 - 중학교,Statistics,21.16,20.3,19.91,19.13,18.33,16.62,15.28,13.88,12.98,13.4,13.55,12.61,12.68
예천군 - 초등학교,Statistics,16.25,15.67,14.85,14.56,14.37,14.2,13.81,15.2,16.19,16.76,16.77,16.15,15.61
오산시 - 고등학교,Statistics,34.18,33.86,33.43,33.0,32.36,31.0,29.06,27.62,27.16,27.5,27.14,27.64,28.77
오산시 - 유치원,Statistics,23.63,22.7,18.99,21.15,20.34,19.46,17.93,16.54,15.81,16.85,16.31,15.13,13.84
오산시 - 전체,Statistics,29.66,28.7,27.24,27.44,26.77,26.27,25.11,24.52,24.35,24.86,24.3,23.85,23.04
오산시 - 중학교,Statistics,36.01,34.73,34.15,32.93,32.28,31.7,31.42,31.44,31.68,32.11,31.44,31.22,31.12
오산시 - 초등학교,Statistics,27.89,27.11,26.51,26.3,26.03,26.2,25.34,25.22,25.05,24.65,23.76,23.11,21.63
옥천군 - 고등학교,Statistics,29.25,29.75,28.43,27.54,26.3,26.54,24.8,23.11,21.18,20.32,20.11,20.57,21.07
옥천군 - 유치원,Statistics,16.28,16.25,15.83,16.18,15.55,15.24,15.49,14.03,13.74,13.09,11.74,10.5,9.54
옥천군 - 전체,Statistics,20.47,19.82,19.3,18.85,18.2,17.97,17.58,17.02,16.36,16.11,15.19,15.05,14.84
옥천군 - 중학교,Statistics,26.64,24.87,24.05,22.9,21.39,19.73,18.89,18.91,19.13,19.39,18.72,18.44,17.88
옥천군 - 초등학교,Statistics,16.37,15.53,15.19,15.01,14.93,15.17,15.29,15.17,14.41,14.21,13.05,12.81,12.34
옹진군 - 고등학교,Statistics,10.47,11.58,13.95,12.78,14.04,12.65,13.05,11.32,10.48,9.41,10.65,11.0,10.58
옹진군 - 유치원,Statistics,14.46,15.82,12.0,12.67,12.83,12.17,12.08,9.75,8.27,9.89,6.9,6.4,6.1
옹진군 - 전체,Statistics,12.04,12.31,12.15,11.69,11.53,11.0,11.21,10.96,10.0,9.89,9.65,8.99,8.52
옹진군 - 중학교,Statistics,15.24,14.71,13.38,13.26,11.42,11.46,11.09,11.14,11.0,10.25,10.33,9.16,9.79
옹진군 - 초등학교,Statistics,10.85,10.93,11.02,10.46,10.36,9.95,10.41,11.0,9.74,9.93,9.44,8.53,7.44
완도군 - 고등학교,Statistics,24.43,25.12,24.22,23.76,22.9,21.49,19.79,18.15,18.2,18.02,18.19,17.74,17.45
완도군 - 유치원,Statistics,14.47,14.61,14.05,14.88,15.07,14.9,14.34,13.45,12.67,11.55,10.24,9.8,9.57
완도군 - 전체,Statistics,17.86,17.46,16.89,16.43,16.0,15.51,15.26,14.61,14.19,13.79,13.24,12.69,12.42
완도군 - 중학교,Statistics,22.54,22.91,22.18,19.91,18.53,17.11,17.27,16.25,16.78,15.69,15.55,14.44,15.17
완도군 - 초등학교,Statistics,14.78,13.73,13.34,13.15,13.1,13.13,13.27,13.13,12.4,12.45,11.87,11.41,10.71
완주군 - 고등학교,Statistics,27.0,27.26,27.26,25.82,25.15,23.98,21.44,18.75,16.94,17.79,17.06,16.92,17.61
완주군 - 유치원,Statistics,15.25,16.13,15.92,16.06,16.78,15.73,14.77,13.43,12.58,13.89,12.47,11.76,11.58
완주군 - 전체,Statistics,20.4,20.27,20.0,19.58,19.5,18.96,18.15,17.25,16.45,16.58,16.08,15.33,15.32
완주군 - 중학교,Statistics,23.9,23.82,23.22,23.1,22.72,21.74,21.51,20.86,20.44,20.6,20.44,19.53,19.98
완주군 - 초등학교,Statistics,17.11,16.73,16.48,16.57,16.63,16.78,16.67,16.44,15.89,15.19,14.87,13.99,13.72
용산구 - 고등학교,Statistics,28.84,28.57,27.83,27.56,27.28,26.51,24.88,22.89,21.45,20.51,19.3,18.68,19.02
용산구 - 유치원,Statistics,24.7,24.61,22.29,22.19,22.52,21.16,19.92,21.65,20.68,21.79,18.94,18.9,18.82
용산구 - 전체,Statistics,26.92,26.13,25.45,24.66,23.94,23.24,22.28,21.43,20.54,20.18,19.25,18.9,18.85
용산구 - 중학교,Statistics,30.87,30.65,28.7,26.22,24.12,23.23,22.21,21.46,21.16,21.2,20.62,20.03,20.3
용산구 - 초등학교,Statistics,24.04,22.53,22.74,22.25,21.65,21.24,20.9,20.32,19.57,19.18,18.65,18.52,18.05
용인시 - 고등학교,Statistics,35.61,34.93,33.94,33.81,33.52,32.03,29.96,28.33,28.02,28.29,27.89,28.74,29.27
용인시 - 유치원,Statistics,22.57,23.14,20.9,21.36,19.57,18.62,17.61,16.1,16.44,17.89,16.78,16.02,15.78
용인시 - 전체,Statistics,29.67,29.19,28.1,28.01,27.12,26.68,26.06,25.29,25.2,25.69,24.97,24.7,23.99
용인시 - 중학교,Statistics,34.76,34.52,32.99,31.9,30.57,30.36,30.68,30.16,30.28,30.23,29.48,28.42,27.86
용인시 - 초등학교,Statistics,27.63,26.77,26.23,26.48,26.11,26.23,26.01,25.6,25.18,25.11,24.26,23.91,22.4
울릉군 - 고등학교,Statistics,18.56,19.56,18.11,16.11,15.33,15.38,10.7,7.6,6.1,7.67,8.0,8.0,7.9
울릉군 - 유치원,Statistics,16.71,16.0,15.29,14.86,15.71,14.63,14.75,13.13,10.25,11.57,10.57,10.5,13.17
울릉군 - 전체,Statistics,14.08,13.73,14.04,13.25,12.7,12.04,11.45,10.47,10.9,11.16,11.06,10.34,10.26
울릉군 - 중학교,Statistics,15.36,15.36,15.0,12.53,10.5,9.69,10.5,9.67,18.86,19.0,17.29,15.71,15.0
울릉군 - 초등학교,Statistics,11.61,10.59,11.68,12.2,12.13,11.36,11.15,11.11,10.81,10.15,10.54,9.71,9.09
울산광역시 - 고등학교,Statistics,34.84,33.97,32.61,31.41,30.56,29.04,26.65,24.22,22.93,22.69,22.34,22.88,23.59
울산광역시 - 유치원,Statistics,23.16,23.53,22.47,21.82,22.35,22.27,20.05,18.37,18.04,19.35,18.57,17.64,17.2
울산광역시 - 전체,Statistics,28.48,27.67,26.48,25.82,25.33,24.68,23.9,22.99,22.63,22.74,21.96,21.92,21.84
울산광역시 - 중학교,Statistics,31.77,30.88,29.82,28.52,27.08,26.24,25.79,25.19,25.14,25.26,24.96,24.94,24.88
울산광역시 - 초등학교,Statistics,24.94,23.87,22.82,22.91,22.79,22.59,23.0,22.97,22.88,22.61,21.4,21.3,20.89
울주군 - 고등학교,Statistics,31.44,30.88,30.78,30.54,30.02,28.61,26.11,24.27,23.14,22.93,22.56,22.76,23.04
울주군 - 유치원,Statistics,20.98,21.52,20.27,19.66,19.75,18.9,16.74,15.84,15.06,16.63,15.71,15.08,14.58
울주군 - 전체,Statistics,25.83,25.47,24.75,24.22,23.94,23.41,22.62,21.99,21.47,21.54,20.79,20.87,20.47
울주군 - 중학교,Statistics,29.5,29.82,28.91,27.53,26.27,25.51,25.21,24.24,24.18,24.17,23.89,23.85,23.65
울주군 - 초등학교,Statistics,23.52,22.66,21.98,21.85,21.89,21.72,21.84,21.98,21.63,21.11,19.99,20.16,19.29
울진군 - 고등학교,Statistics,25.23,24.89,24.18,23.63,23.64,22.74,21.33,19.15,18.13,18.27,18.1,18.48,18.25
울진군 - 유치원,Statistics,14.2,15.04,13.92,15.26,12.89,12.67,12.75,12.6,11.0,10.12,8.2,9.5,8.69
울진군 - 전체,Statistics,20.2,19.63,19.16,18.93,18.09,17.54,17.17,16.29,15.89,15.84,15.56,15.81,15.7
울진군 - 중학교,Statistics,24.83,24.2,23.37,22.25,19.51,18.37,18.05,18.17,18.26,17.81,17.57,16.54,17.13
울진군 - 초등학교,Statistics,17.17,16.15,15.98,15.82,15.53,15.4,15.33,14.61,14.41,14.48,14.3,14.84,14.63
원주시 - 고등학교,Statistics,34.7,33.52,34.64,34.05,33.11,31.54,29.15,26.98,25.61,25.21,24.69,25.34,25.55
원주시 - 유치원,Statistics,21.34,20.81,19.57,20.0,21.14,19.45,18.82,18.37,16.8,16.97,16.44,15.86,16.25
원주시 - 전체,Statistics,28.54,27.63,26.87,25.86,25.62,24.52,23.7,22.82,22.17,22.02,21.64,21.43,21.23
원주시 - 중학교,Statistics,32.93,32.63,31.43,29.3,28.11,26.63,25.46,24.38,25.11,25.74,25.91,26.03,25.79
원주시 - 초등학교,Statistics,25.29,24.16,23.22,22.38,22.52,22.09,22.01,21.64,21.06,20.5,20.06,19.57,18.98
유성구 - 고등학교,Statistics,33.56,33.32,32.47,31.53,31.43,29.99,27.31,24.62,23.35,22.49,21.83,21.75,21.92
유성구 - 유치원,Statistics,21.37,21.17,19.38,20.7,20.67,20.18,19.49,18.07,17.43,17.97,17.44,17.02,16.38
유성구 - 전체,Statistics,27.76,27.13,26.43,25.79,25.2,24.58,23.67,22.65,21.86,21.8,21.09,21.01,20.89
유성구 - 중학교,Statistics,32.46,32.35,31.92,30.45,29.21,28.53,27.32,26.5,25.84,26.04,24.5,24.2,24.68
유성구 - 초등학교,Statistics,24.88,24.01,23.94,23.14,22.5,22.25,22.22,22.08,21.38,21.2,20.63,20.71,20.41
은평구 - 고등학교,Statistics,31.33,30.6,30.35,29.61,29.56,28.71,27.12,25.7,24.44,23.58,22.65,22.45,22.81
은평구 - 유치원,Statistics,23.21,22.46,18.27,18.78,19.27,17.1,17.35,16.25,16.21,17.46,16.57,15.76,16.28
은평구 - 전체,Statistics,28.07,27.46,26.45,25.94,25.36,24.47,24.0,23.05,22.43,22.35,21.7,21.26,21.17
은평구 - 중학교,Statistics,32.49,32.44,31.19,28.86,26.78,25.7,24.56,23.74,23.76,24.23,23.36,22.88,22.88
은평구 - 초등학교,Statistics,25.25,24.51,24.16,24.31,23.85,23.44,23.61,22.9,22.15,21.75,21.37,20.92,20.41
음성군 - 고등학교,Statistics,29.55,30.08,29.86,28.84,28.05,27.32,25.84,23.72,21.75,20.93,20.37,20.09,19.89
음성군 - 유치원,Statistics,17.64,16.38,15.51,17.01,16.72,16.26,15.0,13.63,12.43,13.27,12.49,12.3,12.57
음성군 - 전체,Statistics,22.77,22.12,21.25,20.62,19.94,19.46,18.73,18.29,17.57,17.35,16.89,16.81,16.61
음성군 - 중학교,Statistics,27.39,26.61,25.15,23.27,21.61,20.59,20.09,19.55,19.27,19.28,19.17,18.62,18.71
음성군 - 초등학교,Statistics,20.08,19.48,18.53,17.98,17.56,17.51,17.16,17.47,17.07,16.49,16.01,15.92,15.27
의령군 - 고등학교,Statistics,24.12,24.2,25.04,24.8,22.88,22.24,19.19,17.19,16.04,17.17,15.91,15.83,15.65
의령군 - 유치원,Statistics,9.71,11.93,11.2,11.93,11.0,8.67,10.67,10.6,9.8,10.53,11.43,11.33,9.53
의령군 - 전체,Statistics,13.17,12.98,13.22,13.19,12.39,11.71,11.73,11.29,10.63,11.07,11.1,10.5,10.21
의령군 - 중학교,Statistics,19.48,18.39,18.58,19.59,18.23,16.96,16.33,14.78,14.52,14.96,15.92,14.35,13.96
의령군 - 초등학교,Statistics,9.33,8.71,8.83,8.65,8.4,8.18,8.41,8.66,8.03,8.29,8.25,7.64,7.53
의성군 - 고등학교,Statistics,22.27,21.62,21.93,19.65,20.04,18.33,16.06,15.67,15.05,15.36,15.64,16.65,16.69
의성군 - 유치원,Statistics,10.45,10.38,9.45,11.39,11.16,9.58,8.5,7.9,6.26,6.13,5.81,4.71,5.29
의성군 - 전체,Statistics,15.59,15.11,14.85,14.18,14.15,13.62,12.92,12.4,12.18,12.09,11.74,11.75,11.02
의성군 - 중학교,Statistics,17.3,16.85,15.38,14.28,14.42,15.2,14.55,13.8,13.41,14.16,13.67,12.7,11.36
의성군 - 초등학교,Statistics,12.19,11.8,12.11,11.92,11.79,11.57,11.63,11.35,11.49,10.67,10.09,10.09,9.12
의왕시 - 고등학교,Statistics,33.58,32.43,30.94,28.29,28.11,27.28,25.7,23.37,22.44,22.96,23.33,23.51,23.57
의왕시 - 유치원,Statistics,23.68,23.75,22.92,23.22,21.32,18.39,16.14,15.47,16.23,15.95,15.51,14.88,13.23
의왕시 - 전체,Statistics,29.31,28.7,27.28,26.43,25.75,24.75,23.85,22.86,22.62,22.97,22.57,22.57,21.68
의왕시 - 중학교,Statistics,33.35,33.83,30.88,29.71,28.48,27.77,27.06,27.23,26.15,26.44,25.61,25.06,24.54
의왕시 - 초등학교,Statistics,27.14,26.1,25.06,24.9,24.78,24.31,24.17,23.19,22.94,23.23,22.53,22.65,21.36
의정부시 - 고등학교,Statistics,35.56,34.68,32.49,30.9,29.1,27.54,25.84,24.26,23.18,22.75,22.44,23.01,23.39
의정부시 - 유치원,Statistics,22.08,22.32,19.24,19.69,17.38,16.56,16.36,16.06,15.22,16.16,15.84,15.42,15.36
의정부시 - 전체,Statistics,30.46,29.66,27.78,27.02,25.85,25.19,24.88,24.28,23.58,23.56,22.96,22.89,22.33
의정부시 - 중학교,Statistics,34.9,34.56,31.85,30.0,29.0,28.57,28.82,28.53,27.86,27.49,26.95,26.15,25.93
의정부시 - 초등학교,Statistics,27.63,26.38,25.56,25.39,25.34,25.22,25.51,25.23,24.66,24.38,23.42,23.4,22.0
이천시 - 고등학교,Statistics,32.46,30.56,30.04,29.79,29.66,28.67,26.51,24.92,23.64,23.25,23.23,23.44,23.46
이천시 - 유치원,Statistics,18.12,17.89,16.18,17.31,16.18,14.56,14.2,13.39,14.56,14.96,14.84,14.22,13.47
이천시 - 전체,Statistics,27.12,26.11,25.26,24.99,24.23,23.65,23.2,22.69,22.69,22.74,22.15,22.11,21.33
이천시 - 중학교,Statistics,31.66,31.54,30.58,28.85,27.45,27.08,27.29,26.62,26.49,26.89,25.59,25.25,25.5
이천시 - 초등학교,Statistics,24.83,23.7,23.2,23.08,22.83,23.03,23.07,23.13,22.88,22.64,21.89,21.9,20.25
익산시 - 고등학교,Statistics,30.44,30.07,29.38,28.82,28.54,27.54,25.87,23.96,22.43,22.25,21.04,21.18,21.19
익산시 - 유치원,Statistics,15.9,16.49,16.23,16.3,16.83,14.97,13.73,11.96,12.86,14.0,13.32,12.34,12.3
익산시 - 전체,Statistics,25.3,24.65,24.26,23.9,23.68,22.53,21.42,20.27,19.93,19.81,19.19,18.72,18.4
익산시 - 중학교,Statistics,31.9,32.23,32.22,31.5,29.79,28.03,26.16,24.61,24.34,24.05,23.63,23.2,23.17
익산시 - 초등학교,Statistics,22.78,21.25,20.91,20.83,21.01,20.54,20.11,19.87,19.31,18.63,18.17,17.49,16.58
인제군 - 고등학교,Statistics,25.38,24.68,26.0,25.94,24.16,22.0,18.31,18.76,17.75,17.71,18.26,18.65,18.81
인제군 - 유치원,Statistics,14.03,14.26,14.33,14.52,14.45,13.22,12.59,10.73,10.23,10.69,10.77,10.6,9.6
인제군 - 전체,Statistics,17.48,16.74,16.56,15.84,15.58,14.67,14.25,14.06,13.49,13.52,13.92,13.69,13.46
인제군 - 중학교,Statistics,27.11,24.95,23.79,21.8,20.63,18.67,18.38,18.03,16.74,17.05,18.06,17.86,15.95
인제군 - 초등학교,Statistics,13.52,12.95,12.87,12.35,12.44,12.14,12.38,12.5,12.18,12.03,12.41,11.99,12.23
인천광역시 - 고등학교,Statistics,31.62,31.01,30.12,29.2,28.42,27.29,25.62,24.01,23.25,23.05,22.62,22.95,23.47
인천광역시 - 유치원,Statistics,23.04,22.73,20.24,20.2,20.07,20.79,18.6,18.13,18.08,18.68,18.16,17.63,17.37
인천광역시 - 전체,Statistics,28.01,27.16,26.18,25.56,24.85,24.55,23.48,23.05,22.85,22.83,22.48,22.12,22.18
인천광역시 - 중학교,Statistics,34.62,33.68,32.47,30.49,28.73,27.66,26.67,25.77,26.24,26.72,26.32,25.81,26.18
인천광역시 - 초등학교,Statistics,24.47,23.51,23.2,23.26,22.98,23.05,22.76,23.0,22.7,22.25,21.99,21.43,21.23
임실군 - 고등학교,Statistics,23.68,23.13,24.14,23.32,23.0,19.96,18.57,16.7,15.77,15.76,15.6,16.35,17.8
임실군 - 유치원,Statistics,11.79,11.47,10.95,11.63,12.26,11.32,9.74,9.32,7.11,7.17,6.76,5.87,6.07
임실군 - 전체,Statistics,12.9,12.56,12.65,12.29,12.25,11.73,11.08,10.71,10.02,9.84,9.62,9.45,9.37
임실군 - 중학교,Statistics,14.9,14.18,14.73,13.73,13.06,12.44,11.79,11.24,11.05,11.5,11.87,11.78,10.47
임실군 - 초등학교,Statistics,10.2,9.94,9.88,9.74,9.75,9.76,9.44,9.47,8.98,8.49,8.03,7.71,7.61
장성군 - 고등학교,Statistics,25.66,25.85,27.19,26.96,26.63,25.98,23.8,21.54,20.28,20.48,19.65,19.26,18.77
장성군 - 유치원,Statistics,16.52,15.71,16.33,16.67,16.74,14.5,12.65,11.64,11.08,12.46,12.21,10.74,10.85
장성군 - 전체,Statistics,19.48,19.16,19.49,19.03,18.85,18.06,16.94,16.39,15.84,15.8,15.22,14.56,14.14
장성군 - 중학교,Statistics,22.81,22.19,22.76,22.34,21.09,19.85,19.58,20.6,19.36,19.13,18.24,18.88,17.81
장성군 - 초등학교,Statistics,15.79,15.71,15.65,15.08,15.18,15.06,14.52,14.45,14.28,13.79,13.34,12.5,11.91
장수군 - 고등학교,Statistics,23.05,21.93,21.7,19.8,19.0,17.7,15.97,13.26,12.97,15.18,16.42,16.19,18.08
장수군 - 유치원,Statistics,11.93,12.13,11.38,12.63,14.18,13.33,12.2,10.53,10.27,8.07,7.57,6.69,7.0
장수군 - 전체,Statistics,16.4,15.65,15.24,14.99,14.7,14.17,13.73,12.85,12.26,12.31,12.23,11.41,11.11
장수군 - 중학교,Statistics,17.19,16.88,15.87,15.19,14.06,13.78,13.58,13.09,12.97,13.83,13.86,12.71,12.26
장수군 - 초등학교,Statistics,13.38,12.4,12.36,12.91,12.9,12.79,13.05,13.01,12.03,11.33,10.88,9.92,8.79
장흥군 - 고등학교,Statistics,21.9,22.63,22.88,22.42,21.7,19.53,18.19,16.3,14.91,15.58,14.97,15.61,15.85
장흥군 - 유치원,Statistics,13.52,12.45,12.56,12.48,12.07,10.93,11.68,11.56,10.37,9.21,8.39,8.24,8.08
장흥군 - 전체,Statistics,17.94,17.72,17.28,16.67,16.31,15.36,14.71,14.29,13.33,13.16,12.76,12.27,11.89
장흥군 - 중학교,Statistics,24.39,23.87,22.55,21.63,20.77,19.67,18.51,17.5,16.82,16.62,16.66,15.52,14.98
장흥군 - 초등학교,Statistics,14.78,14.44,13.75,13.16,13.15,12.93,12.5,12.87,12.04,11.8,11.42,10.85,10.29
전국 - 고등학교,Statistics,32.5,31.87,30.86,29.97,29.31,28.16,26.24,24.47,23.4,23.11,22.62,22.9,23.36
전국 - 유치원,Statistics,21.62,21.51,19.75,20.03,19.67,19.05,17.91,17.01,16.72,17.45,16.66,16.07,15.72
전국 - 전체,Statistics,27.58,26.77,25.81,25.2,24.55,23.94,23.18,22.53,22.11,22.14,21.63,21.38,21.11
전국 - 중학교,Statistics,32.39,31.74,30.51,28.91,27.4,26.41,25.74,25.12,25.21,25.46,24.99,24.61,24.53
전국 - 초등학교,Statistics,24.32,23.22,22.76,22.61,22.36,22.26,22.26,22.2,21.81,21.54,21.06,20.7,19.99
전라남도 - 고등학교,Statistics,28.48,28.45,27.72,27.13,26.64,25.66,23.77,21.84,20.52,20.16,19.54,19.76,19.94
전라남도 - 유치원,Statistics,16.35,15.88,15.2,14.84,15.03,14.68,14.06,13.31,12.83,13.64,13.1,12.49,12.29
전라남도 - 전체,Statistics,23.35,22.89,22.29,21.67,21.18,20.64,19.94,19.23,18.62,18.48,17.93,17.59,17.29
전라남도 - 중학교,Statistics,29.49,29.05,27.9,26.28,24.8,23.81,22.82,22.22,22.32,22.32,21.92,21.57,21.41
전라남도 - 초등학교,Statistics,19.75,19.03,18.78,18.72,18.58,18.53,18.54,18.43,17.83,17.36,16.77,16.25,15.57
전북특별자치도 - 고등학교,Statistics,30.06,29.79,29.34,28.49,28.19,27.19,25.59,23.51,22.2,22.0,21.27,21.27,21.53
전북특별자치도 - 유치원,Statistics,15.96,16.25,16.0,16.42,16.72,15.89,14.74,13.46,13.54,14.23,13.77,13.09,12.47
전북특별자치도 - 전체,Statistics,24.42,23.7,23.34,22.84,22.42,21.75,20.88,19.99,19.46,19.36,18.95,18.44,18.06
전북특별자치도 - 중학교,Statistics,30.4,30.26,29.71,28.75,27.38,26.0,24.61,23.57,23.18,23.16,22.9,22.4,22.19
전북특별자치도 - 초등학교,Statistics,21.32,19.93,19.72,19.5,19.3,19.25,19.1,18.99,18.46,18.01,17.66,16.93,16.18
전주시 - 고등학교,Statistics,34.8,34.41,33.97,33.58,33.15,31.88,29.77,27.32,26.01,25.33,24.37,24.54,24.72
전주시 - 유치원,Statistics,17.61,17.73,17.44,17.66,18.04,17.16,16.16,14.85,15.16,16.32,16.16,15.68,14.6
전주시 - 전체,Statistics,29.26,28.26,27.94,27.52,26.93,26.14,25.08,24.04,23.51,23.45,23.01,22.5,21.89
전주시 - 중학교,Statistics,35.11,34.86,34.36,33.44,32.28,30.86,29.07,27.88,27.15,27.09,26.63,26.22,25.78
전주시 - 초등학교,Statistics,27.16,25.22,25.22,25.09,24.63,24.61,24.38,24.2,23.67,23.22,22.83,21.87,20.9
정선군 - 고등학교,Statistics,18.56,19.14,20.4,21.28,20.92,20.4,18.39,16.15,15.2,15.23,14.55,15.33,14.95
정선군 - 유치원,Statistics,14.0,15.17,13.96,15.79,15.46,14.08,13.6,12.29,10.0,8.24,8.48,8.38,7.65
정선군 - 전체,Statistics,15.35,15.47,15.61,15.2,14.9,14.48,13.73,12.99,12.39,11.99,11.78,11.4,11.11
정선군 - 중학교,Statistics,21.04,21.29,21.73,20.47,18.04,16.95,16.86,16.0,15.86,15.63,16.19,15.24,15.26
정선군 - 초등학교,Statistics,12.39,11.93,11.89,11.11,11.52,11.57,11.05,11.02,10.67,10.4,9.85,9.1,8.72
정읍시 - 고등학교,Statistics,28.15,27.72,27.35,24.66,24.49,23.49,23.29,21.54,19.85,18.66,17.75,17.81,17.85
정읍시 - 유치원,Statistics,13.16,13.94,13.61,14.94,14.45,13.86,13.26,12.52,12.32,12.78,11.85,11.31,10.84
정읍시 - 전체,Statistics,21.82,21.21,20.71,20.0,19.26,18.62,18.06,17.28,16.44,16.13,15.6,15.05,14.68
정읍시 - 중학교,Statistics,26.63,26.27,25.79,25.11,23.66,22.88,21.55,20.7,20.27,20.01,19.77,18.82,18.33
정읍시 - 초등학교,Statistics,18.27,17.06,16.5,16.3,15.73,15.57,15.44,15.23,14.41,14.17,13.73,13.08,12.44
제주시 - 고등학교,Statistics,36.37,35.91,34.98,34.35,33.71,32.66,31.07,29.46,28.31,26.2,26.17,26.24,26.47
제주시 - 유치원,Statistics,22.72,23.29,22.56,23.82,24.43,24.16,24.21,22.84,22.47,22.22,22.04,20.45,19.99
제주시 - 전체,Statistics,29.58,28.65,27.78,27.32,26.76,26.43,26.02,25.58,25.24,24.62,24.19,23.61,23.35
제주시 - 중학교,Statistics,35.19,34.07,32.88,31.31,29.29,28.22,27.52,26.98,26.85,26.78,26.49,25.82,25.88
제주시 - 초등학교,Statistics,25.46,24.14,23.49,23.34,23.19,23.46,23.65,23.93,23.84,23.47,22.79,22.16,21.53
제주특별자치도 - 고등학교,Statistics,34.79,34.37,33.32,32.74,32.21,31.36,29.79,28.07,26.88,25.44,25.41,25.42,25.66
제주특별자치도 - 유치원,Statistics,20.9,21.7,21.1,22.01,22.95,22.84,22.92,21.54,21.18,20.99,20.71,19.01,18.45
제주특별자치도 - 전체,Statistics,28.09,27.26,26.46,25.97,25.53,25.25,24.97,24.47,24.15,23.7,23.36,22.72,22.36
제주특별자치도 - 중학교,Statistics,33.74,32.77,31.9,30.46,28.38,27.3,26.89,26.43,26.38,26.37,26.0,25.45,25.21
제주특별자치도 - 초등학교,Statistics,23.98,22.76,22.13,21.95,22.0,22.25,22.59,22.75,22.67,22.36,21.91,21.15,20.48
제천시 - 고등학교,Statistics,30.81,30.61,29.77,28.64,27.13,26.28,25.18,23.37,21.95,21.44,21.49,21.72,22.17
제천시 - 유치원,Statistics,20.05,18.14,17.16,17.48,16.91,16.52,15.77,15.41,15.31,14.67,13.66,13.4,12.58
제천시 - 전체,Statistics,25.62,24.66,23.75,22.83,21.63,21.05,20.61,20.1,19.59,19.46,19.06,19.03,18.46
제천시 - 중학교,Statistics,30.35,29.55,28.25,26.88,24.77,23.58,23.33,22.84,22.63,22.61,22.72,22.13,21.38
제천시 - 초등학교,Statistics,22.01,21.0,20.33,19.55,18.9,18.77,18.93,19.03,18.65,18.64,18.09,18.12,17.24
종로구 - 고등학교,Statistics,31.63,31.19,30.68,30.2,29.59,29.02,26.85,24.85,23.07,22.85,21.44,20.92,21.49
종로구 - 유치원,Statistics,22.65,22.55,21.97,20.98,20.46,20.31,19.68,18.44,18.44,19.94,18.87,18.75,18.08
종로구 - 전체,Statistics,27.98,27.23,26.66,26.13,25.57,24.6,23.2,22.15,21.14,21.05,20.13,19.68,19.77
종로구 - 중학교,Statistics,29.39,28.83,27.67,26.41,24.49,23.29,21.65,21.14,20.84,20.85,19.98,19.08,18.54
종로구 - 초등학교,Statistics,23.03,21.58,21.2,21.13,21.22,20.15,19.88,19.94,19.3,19.0,18.72,18.43,18.33
중구 - 고등학교,Statistics,30.13,29.36,28.15,27.49,27.3,26.66,25.91,24.59,23.37,22.41,20.78,19.92,20.24
중구 - 유치원,Statistics,24.31,23.44,17.54,17.71,16.8,16.05,15.38,15.37,14.42,17.28,16.44,16.31,16.3
중구 - 전체,Statistics,26.88,25.99,24.85,24.43,23.45,22.47,21.9,21.16,20.45,20.23,19.43,19.21,19.36
중구 - 중학교,Statistics,26.02,25.52,23.87,22.38,19.66,18.16,17.27,16.46,16.62,16.56,16.1,15.81,16.88
중구 - 초등학교,Statistics,23.85,22.63,23.05,23.23,22.43,21.39,21.24,21.06,20.53,20.12,20.11,20.56,20.04
중랑구 - 고등학교,Statistics,31.66,30.72,29.27,28.2,27.75,26.97,25.18,23.52,22.53,22.17,22.47,22.7,23.23
중랑구 - 유치원,Statistics,24.16,23.56,21.68,21.31,20.78,20.52,19.7,18.89,17.53,16.82,16.61,16.13,15.73
중랑구 - 전체,Statistics,27.44,26.65,25.67,24.89,24.14,23.43,22.6,21.86,21.12,20.69,20.39,20.78,20.5
중랑구 - 중학교,Statistics,30.76,30.54,29.37,27.57,25.78,24.73,23.35,22.56,22.16,22.81,22.5,22.4,22.0
중랑구 - 초등학교,Statistics,24.55,23.47,23.08,22.94,22.57,22.03,21.88,21.56,20.91,20.12,19.64,20.44,19.94
증평군 - 고등학교,Statistics,29.97,29.86,28.78,26.98,25.6,23.43,21.04,18.54,17.43,17.71,17.04,17.16,17.37
증평군 - 유치원,Statistics,17.76,16.71,18.08,16.94,18.44,17.81,16.88,15.53,14.88,14.53,13.76,14.59,15.59
증평군 - 전체,Statistics,26.0,25.47,24.8,23.66,23.05,22.06,21.55,20.83,20.56,19.96,19.63,19.4,19.37
증평군 - 중학교,Statistics,28.72,27.17,25.51,24.73,23.67,23.53,23.4,22.7,22.51,21.11,21.51,21.62,21.18
증평군 - 초등학교,Statistics,23.33,23.07,22.57,21.98,21.82,21.27,21.81,22.23,22.56,21.72,21.2,20.3,20.08
진도군 - 고등학교,Statistics,20.22,20.45,20.63,20.03,20.33,19.74,18.74,17.7,14.26,14.79,15.19,15.78,15.91
진도군 - 유치원,Statistics,13.05,14.35,15.58,14.14,14.0,12.5,11.65,12.65,10.48,11.43,11.1,10.45,9.2
진도군 - 전체,Statistics,16.16,16.17,16.24,15.65,15.31,14.45,14.0,13.68,12.72,12.92,12.59,12.18,11.79
진도군 - 중학교,Statistics,22.89,21.88,21.55,20.59,19.11,17.75,16.65,16.24,17.24,17.35,17.0,15.34,14.97
진도군 - 초등학교,Statistics,13.14,12.86,12.74,12.33,12.13,11.64,11.76,11.61,11.13,11.11,10.59,10.23,9.76
진안군 - 고등학교,Statistics,23.55,24.1,23.52,22.0,21.33,19.55,19.14,18.9,19.23,17.84,16.77,15.61,16.58
진안군 - 유치원,Statistics,11.06,11.21,12.11,12.75,12.33,12.0,9.95,8.83,9.27,7.33,6.27,6.63,6.07
진안군 - 전체,Statistics,13.95,13.82,13.57,13.04,12.51,11.96,11.43,11.3,11.22,10.99,10.16,9.68,9.49
진안군 - 중학교,Statistics,14.71,14.21,13.37,12.39,11.21,10.87,10.37,10.62,10.62,10.78,10.61,10.7,10.1
진안군 - 초등학교,Statistics,10.97,10.77,10.65,10.32,10.17,9.98,9.83,9.64,9.16,9.34,8.38,7.73,7.33
진주시 - 고등학교,Statistics,32.55,31.79,30.98,29.72,28.69,27.39,24.89,22.99,21.2,20.97,20.57,21.0,21.43
진주시 - 유치원,Statistics,19.85,19.89,18.55,19.45,21.04,20.64,19.8,18.48,18.75,18.6,18.01,17.79,16.52
진주시 - 전체,Statistics,28.07,27.19,26.01,25.35,24.87,24.41,23.26,22.47,21.73,21.92,21.52,21.3,20.98
진주시 - 중학교,Statistics,33.84,32.93,31.71,30.43,28.79,27.77,26.39,25.77,25.16,25.72,25.26,24.96,24.76
진주시 - 초등학교,Statistics,24.41,23.27,22.24,22.05,21.95,22.2,21.88,21.87,21.32,21.55,21.16,20.62,20.05
진천군 - 고등학교,Statistics,28.56,29.51,28.64,27.86,26.47,24.86,23.65,22.35,22.09,21.66,21.4,21.4,21.64
진천군 - 유치원,Statistics,17.94,17.69,17.03,16.43,17.82,16.6,16.67,15.03,12.65,14.37,14.11,14.4,14.77
진천군 - 전체,Statistics,23.14,22.42,21.99,21.36,20.65,20.32,20.67,20.33,19.87,20.34,20.13,19.86,19.39
진천군 - 중학교,Statistics,28.83,26.61,26.5,24.77,22.99,21.8,21.79,22.03,22.32,22.11,22.33,22.47,22.4
진천군 - 초등학교,Statistics,20.06,19.19,18.87,18.7,18.38,18.79,19.84,20.11,19.96,20.45,20.11,19.47,18.3
창녕군 - 고등학교,Statistics,24.46,24.54,24.24,23.88,23.76,22.33,20.28,19.19,17.57,17.92,17.27,17.7,18.85
창녕군 - 유치원,Statistics,15.03,15.89,15.0,15.54,14.29,14.38,13.27,14.0,12.71,12.22,11.94,11.0,10.03
창녕군 - 전체,Statistics,19.8,19.5,19.1,18.75,18.04,17.21,16.47,16.33,15.65,15.53,15.37,14.94,14.87
창녕군 - 중학교,Statistics,25.71,25.18,24.76,23.51,21.68,19.95,17.82,18.32,18.02,18.52,18.71,17.73,17.89
창녕군 - 초등학교,Statistics,15.69,14.94,14.67,14.57,14.24,13.93,14.52,14.5,14.27,13.75,13.68,13.04,12.25
창원시 - 고등학교,Statistics,33.28,32.3,30.98,29.65,28.77,27.4,25.17,23.57,22.19,22.17,21.75,22.15,22.54
창원시 - 유치원,Statistics,23.69,23.99,22.91,22.43,22.47,22.12,19.95,18.92,17.9,19.4,18.52,18.41,17.61
창원시 - 전체,Statistics,28.6,27.7,26.96,26.21,25.43,24.75,23.58,22.95,22.32,22.72,22.3,21.99,21.59
창원시 - 중학교,Statistics,32.61,32.24,31.85,31.09,29.74,28.25,26.7,25.57,25.51,26.02,25.79,25.24,24.86
창원시 - 초등학교,Statistics,25.39,24.02,23.59,23.35,22.79,22.76,22.74,22.91,22.52,22.56,22.15,21.53,20.78
천안시 - 고등학교,Statistics,36.56,36.35,35.55,35.36,34.18,33.15,30.8,28.5,27.52,27.31,27.25,27.44,27.95
천안시 - 유치원,Statistics,23.96,22.89,21.83,22.29,21.29,20.72,19.82,18.69,17.45,18.04,16.88,16.02,15.49
천안시 - 전체,Statistics,29.69,29.09,28.2,27.94,26.85,26.3,25.46,25.0,24.66,24.64,23.77,23.13,23.1
천안시 - 중학교,Statistics,33.96,33.7,32.26,31.01,29.52,28.58,27.96,28.17,28.81,28.96,28.42,27.75,27.86
천안시 - 초등학교,Statistics,26.07,25.35,24.76,24.89,24.23,24.15,24.08,24.4,24.28,23.85,22.65,21.69,21.38
철원군 - 고등학교,Statistics,26.93,27.03,28.0,28.68,27.4,25.16,23.58,21.05,19.4,17.75,17.33,17.04,16.61
철원군 - 유치원,Statistics,16.95,17.0,15.17,15.39,14.91,13.4,13.36,13.17,14.75,14.15,11.86,11.86,10.62
철원군 - 전체,Statistics,21.4,20.69,20.25,19.89,19.3,18.05,17.5,16.91,16.59,16.06,15.7,15.08,14.56
철원군 - 중학교,Statistics,29.54,28.58,26.86,25.34,23.21,21.44,20.22,21.29,21.66,21.43,20.91,20.98,20.0
철원군 - 초등학교,Statistics,17.14,16.19,15.89,15.46,15.54,14.91,14.89,14.35,13.96,13.79,13.82,12.88,12.45
청도군 - 고등학교,Statistics,28.46,28.92,28.6,27.61,26.04,23.57,21.25,19.75,20.11,20.2,19.72,20.15,20.51
청도군 - 유치원,Statistics,12.45,10.54,10.83,12.73,13.64,13.29,14.52,13.43,12.86,11.4,11.21,10.26,9.71
청도군 - 전체,Statistics,19.22,18.86,19.11,18.92,18.5,17.49,16.8,16.12,15.73,15.73,15.11,14.98,14.99
청도군 - 중학교,Statistics,22.8,21.93,21.97,19.75,19.22,17.73,17.82,17.23,17.27,17.89,16.89,16.2,15.97
청도군 - 초등학교,Statistics,13.17,12.75,13.21,13.44,13.51,13.73,13.48,13.53,12.48,12.48,11.86,11.64,11.05
청송군 - 고등학교,Statistics,20.15,21.08,19.72,19.96,20.09,18.68,16.9,16.21,14.71,15.38,14.12,14.94,13.94
청송군 - 유치원,Statistics,16.23,17.08,17.38,16.0,16.62,16.43,15.43,14.21,12.0,10.79,10.57,11.0,10.69
청송군 - 전체,Statistics,15.36,16.02,15.11,14.65,14.36,13.94,13.03,12.59,11.73,11.31,10.75,10.68,10.56
청송군 - 중학교,Statistics,16.36,16.83,14.85,13.91,13.59,12.97,12.38,11.87,11.84,10.67,9.97,9.41,10.03
청송군 - 초등학교,Statistics,12.68,13.2,12.8,12.59,12.07,11.95,11.33,11.36,10.72,10.65,10.21,10.04,9.76
청양군 - 고등학교,Statistics,25.74,25.69,26.2,26.27,23.69,20.86,20.18,18.67,18.82,18.0,17.61,17.56,17.24
청양군 - 유치원,Statistics,13.48,14.6,14.43,13.67,15.05,14.29,12.52,11.38,8.9,9.67,7.89,6.58,6.88
청양군 - 전체,Statistics,16.99,16.74,16.45,15.83,15.03,14.19,13.39,12.75,12.73,12.78,12.26,11.91,11.69
청양군 - 중학교,Statistics,21.18,20.79,19.57,18.26,15.53,14.38,14.31,14.09,15.43,16.86,15.74,16.13,16.37
청양군 - 초등학교,Statistics,12.83,12.12,11.84,11.57,11.31,11.4,10.73,10.42,10.52,10.17,9.96,9.47,8.81
청주시 - 고등학교,Statistics,,,,32.46,31.88,30.58,28.82,26.89,25.77,25.18,24.49,24.55,24.93
청주시 - 유치원,Statistics,,,,18.98,18.97,18.53,17.78,17.72,15.81,16.34,15.46,14.95,14.9
청주시 - 전체,Statistics,,,,25.96,25.32,24.87,24.39,23.97,23.19,22.87,22.31,22.21,21.81
청주시 - 중학교,Statistics,,,,29.73,28.3,27.63,27.39,26.9,26.61,26.1,25.66,25.55,25.31
청주시 - 초등학교,Statistics,,,,22.98,22.65,22.75,22.87,23.0,22.53,22.09,21.64,21.55,20.64
춘천시 - 고등학교,Statistics,34.24,33.78,32.85,31.58,30.78,29.38,27.73,25.34,23.53,23.18,22.56,23.18,23.41
춘천시 - 유치원,Statistics,20.22,21.15,20.67,21.86,21.65,20.11,19.5,18.16,17.99,17.79,17.08,17.06,16.8
춘천시 - 전체,Statistics,28.64,27.9,26.84,26.0,25.22,24.34,23.63,22.86,22.32,21.96,21.6,21.33,20.89
춘천시 - 중학교,Statistics,33.48,33.27,31.73,30.4,28.14,26.83,25.95,25.11,25.59,25.91,26.01,25.29,25.0
춘천시 - 초등학교,Statistics,25.03,23.63,22.72,22.05,21.88,21.75,21.6,21.84,21.4,20.72,20.42,19.87,19.02
충남 연기군 - 고등학교,Statistics,30.44,,,,,,,,,,,,
충남 연기군 - 유치원,Statistics,19.48,,,,,,,,,,,,
충남 연기군 - 전체,Statistics,23.81,,,,,,,,,,,,
충남 연기군 - 중학교,Statistics,28.74,,,,,,,,,,,,
충남 연기군 - 초등학교,Statistics,20.61,,,,,,,,,,,,
충북 청원군 - 고등학교,Statistics,29.07,28.76,28.24,,,,,,,,,,
충북 청원군 - 유치원,Statistics,19.01,18.55,17.17,,,,,,,,,,
충북 청원군 - 전체,Statistics,24.24,23.01,22.48,,,,,,,,,,
충북 청원군 - 중학교,Statistics,27.53,26.69,26.06,,,,,,,,,,
충북 청원군 - 초등학교,Statistics,22.19,20.74,20.49,,,,,,,,,,
충북 청주시 - 고등학교,Statistics,35.62,35.1,34.41,,,,,,,,,,
충북 청주시 - 유치원,Statistics,21.13,20.07,19.6,,,,,,,,,,
충북 청주시 - 전체,Statistics,29.53,28.71,27.99,,,,,,,,,,
충북 청주시 - 중학교,Statistics,33.53,33.27,32.27,,,,,,,,,,
충북 청주시 - 초등학교,Statistics,26.17,25.1,24.62,,,,,,,,,,
충주시 - 고등학교,Statistics,31.61,31.22,30.12,28.59,27.7,26.8,25.4,23.98,22.96,22.59,22.43,22.62,22.25
충주시 - 유치원,Statistics,19.62,19.53,18.68,18.72,18.72,17.86,15.96,16.81,16.06,15.76,15.53,15.53,14.88
충주시 - 전체,Statistics,25.44,24.98,24.04,23.13,22.42,21.88,21.24,20.99,20.35,19.99,19.91,19.95,19.31
충주시 - 중학교,Statistics,31.15,30.9,30.11,28.77,27.48,26.29,26.18,24.96,24.2,23.88,23.24,22.93,23.2
충주시 - 초등학교,Statistics,21.18,20.45,19.58,19.13,18.68,18.73,18.89,19.22,18.85,18.39,18.54,18.59,17.43
충청남도 - 고등학교,Statistics,31.28,31.16,30.64,30.31,29.43,28.49,26.61,24.81,23.91,23.51,23.35,23.6,24.04
충청남도 - 유치원,Statistics,19.88,19.72,19.08,19.65,18.56,17.99,17.2,16.47,15.7,16.18,15.36,14.42,13.95
충청남도 - 전체,Statistics,25.33,24.91,24.29,24.05,23.26,22.68,22.04,21.61,21.29,21.16,20.53,20.07,19.84
충청남도 - 중학교,Statistics,30.76,30.46,29.33,28.2,26.86,25.76,25.16,25.15,25.56,25.76,25.2,24.54,24.21
충청남도 - 초등학교,Statistics,21.69,21.01,20.63,20.7,20.39,20.28,20.28,20.38,20.15,19.7,18.94,18.35,17.84
충청북도 - 고등학교,Statistics,32.57,32.27,31.51,30.43,29.66,28.52,26.92,25.07,23.91,23.37,22.86,22.93,23.06
충청북도 - 유치원,Statistics,19.23,18.5,17.88,17.91,17.88,17.33,16.46,16.1,14.82,15.12,14.43,14.1,13.92
충청북도 - 전체,Statistics,25.92,25.15,24.43,23.51,22.8,22.32,21.85,21.44,20.81,20.59,20.16,20.08,19.7
충청북도 - 중학교,Statistics,30.58,30.0,28.98,27.5,25.93,25.03,24.69,24.18,23.92,23.62,23.32,23.12,22.95
충청북도 - 초등학교,Statistics,22.27,21.31,20.77,20.12,19.73,19.79,19.94,20.17,19.81,19.52,19.16,19.06,18.27
칠곡군 - 고등학교,Statistics,28.86,28.25,28.13,27.13,27.9,28.15,26.03,24.02,22.5,22.25,22.08,22.27,22.07
칠곡군 - 유치원,Statistics,20.52,19.85,17.89,18.8,18.06,18.1,16.4,16.09,15.98,16.86,16.13,15.64,15.06
칠곡군 - 전체,Statistics,24.11,23.51,23.05,22.69,22.09,21.85,21.04,20.54,20.24,20.28,19.91,19.64,18.55
칠곡군 - 중학교,Statistics,29.89,29.67,29.11,27.45,25.4,23.87,23.47,22.78,23.25,21.94,21.67,21.26,20.65
칠곡군 - 초등학교,Statistics,21.78,20.92,20.79,20.57,20.15,20.18,19.91,19.84,19.5,19.8,19.38,19.03,17.23
태백시 - 고등학교,Statistics,22.86,23.56,24.23,24.16,23.85,22.87,21.09,18.75,17.4,17.02,16.43,16.46,16.89
태백시 - 유치원,Statistics,18.09,19.13,17.0,17.61,18.12,15.65,14.04,11.29,11.59,9.29,8.0,8.35,8.81
태백시 - 전체,Statistics,21.17,20.95,20.7,20.43,19.73,19.01,18.38,17.2,16.84,16.48,15.99,15.46,15.77
태백시 - 중학교,Statistics,28.54,29.02,28.35,26.77,24.98,23.29,22.68,22.04,21.77,22.7,22.54,22.27,22.81
태백시 - 초등학교,Statistics,18.42,17.23,17.02,16.88,16.27,16.36,16.48,15.92,15.67,15.21,14.5,13.5,13.51
태안군 - 고등학교,Statistics,26.36,26.43,25.91,25.73,25.35,24.16,22.33,20.58,19.67,18.34,17.6,17.45,18.2
태안군 - 유치원,Statistics,13.84,14.31,14.03,14.0,14.69,13.06,11.27,10.33,10.45,10.71,10.23,8.97,9.38
태안군 - 전체,Statistics,19.56,19.14,18.35,18.19,18.09,17.03,16.17,15.46,14.87,14.62,14.14,14.0,13.96
태안군 - 중학교,Statistics,26.42,24.73,23.56,22.62,21.47,20.68,20.11,20.56,19.17,19.29,19.63,18.95,18.72
태안군 - 초등학교,Statistics,15.68,15.11,14.37,14.53,14.8,13.91,13.54,12.94,12.49,12.25,11.65,11.92,11.41
통영시 - 고등학교,Statistics,33.47,33.26,33.65,32.81,32.7,32.6,27.73,25.45,24.07,24.42,24.41,24.54,25.15
통영시 - 유치원,Statistics,23.45,22.73,21.96,22.77,21.04,19.16,16.87,16.09,14.88,16.67,15.18,14.07,13.43
통영시 - 전체,Statistics,27.03,25.97,25.78,25.16,24.42,23.74,22.6,21.98,21.46,21.61,21.25,20.66,20.34
통영시 - 중학교,Statistics,30.56,29.8,29.08,27.95,26.94,25.46,24.58,24.32,24.18,24.23,24.14,23.37,23.42
통영시 - 초등학교,Statistics,23.73,22.18,22.22,21.73,21.32,21.35,21.59,21.4,21.14,20.52,20.02,19.2,18.13
파주시 - 고등학교,Statistics,32.85,32.1,30.27,29.96,28.93,27.95,26.1,25.12,24.92,25.48,25.49,26.17,26.73
파주시 - 유치원,Statistics,21.3,21.24,17.73,19.57,18.43,17.65,17.1,16.21,16.86,17.97,16.22,15.47,15.12
파주시 - 전체,Statistics,27.58,27.1,25.62,25.87,25.03,24.64,24.16,23.66,23.6,24.18,23.46,23.38,22.92
파주시 - 중학교,Statistics,32.92,33.0,31.82,31.17,29.54,29.07,29.68,29.48,29.33,29.75,28.85,28.75,28.52
파주시 - 초등학교,Statistics,25.22,24.73,24.31,24.43,24.17,24.19,23.99,23.74,23.17,23.35,22.75,22.61,21.57
평창군 - 고등학교,Statistics,21.76,24.31,25.5,24.52,23.2,22.16,20.79,18.63,17.37,17.02,16.85,16.98,17.32
평창군 - 유치원,Statistics,16.74,15.25,15.59,14.78,14.04,13.44,13.08,10.61,8.48,9.76,8.57,9.15,7.74
평창군 - 전체,Statistics,17.21,16.72,16.53,15.87,15.48,15.07,14.54,13.57,12.76,12.69,12.76,12.05,12.01
평창군 - 중학교,Statistics,24.86,23.85,22.0,20.3,19.24,18.78,17.91,17.26,16.54,17.0,17.6,16.41,16.41
평창군 - 초등학교,Statistics,13.52,12.52,12.28,12.08,12.08,11.94,11.76,11.31,10.73,10.31,10.5,9.44,9.34
평택시 - 고등학교,Statistics,34.75,34.18,33.26,32.06,31.61,30.09,28.2,26.31,25.74,25.69,25.64,26.55,27.51
평택시 - 유치원,Statistics,20.79,19.27,16.2,16.7,16.13,15.48,14.8,14.8,15.08,16.72,15.87,14.98,15.03
평택시 - 전체,Statistics,28.55,27.48,26.17,26.0,25.06,24.61,23.99,23.56,23.45,24.14,23.47,23.09,22.62
평택시 - 중학교,Statistics,34.34,33.8,32.17,31.2,29.74,28.78,28.48,28.61,28.67,30.02,29.2,27.37,26.6
평택시 - 초등학교,Statistics,25.61,24.4,24.07,24.46,23.71,24.14,24.15,23.77,23.44,23.59,22.92,22.81,21.65
포천시 - 고등학교,Statistics,30.01,28.89,28.16,27.3,26.93,25.1,22.93,21.94,20.91,20.04,18.92,18.9,18.99
포천시 - 유치원,Statistics,15.63,15.84,12.38,14.41,13.07,12.23,11.19,9.57,9.64,13.03,14.34,14.52,14.32
포천시 - 전체,Statistics,24.28,23.56,22.42,22.19,21.48,20.66,19.73,18.93,18.23,18.6,18.27,17.98,17.07
포천시 - 중학교,Statistics,29.04,28.95,28.36,26.43,25.59,24.23,22.9,22.45,22.36,23.15,21.62,21.21,20.12
포천시 - 초등학교,Statistics,21.73,20.52,19.89,19.89,19.48,19.35,19.25,18.74,17.59,17.26,17.23,16.78,15.21
포항시 - 고등학교,Statistics,30.79,30.27,29.04,28.04,27.19,26.11,24.08,22.24,21.15,21.08,20.54,20.74,21.0
포항시 - 유치원,Statistics,19.68,20.04,19.2,20.24,20.86,20.77,19.48,18.19,18.05,18.53,17.4,16.8,16.52
포항시 - 전체,Statistics,27.02,26.51,25.65,25.0,24.38,23.98,23.09,22.23,21.82,21.92,21.33,21.13,20.81
포항시 - 중학교,Statistics,31.44,30.77,29.87,28.11,26.17,24.92,24.31,22.92,22.72,23.04,22.96,22.83,23.04
포항시 - 초등학교,Statistics,24.84,24.15,23.73,23.35,23.13,23.44,23.29,23.38,23.1,22.93,22.18,21.83,20.89
하남시 - 고등학교,Statistics,31.76,30.5,28.19,26.49,23.82,23.01,22.05,21.9,23.09,23.41,24.11,25.34,26.29
하남시 - 유치원,Statistics,22.34,21.9,21.05,20.25,20.93,19.26,18.94,18.59,17.92,16.91,16.41,15.24,15.13
하남시 - 전체,Statistics,28.86,28.05,26.7,25.35,24.85,24.78,24.5,24.54,24.91,24.89,24.48,24.35,24.03
하남시 - 중학교,Statistics,33.7,33.05,29.94,27.89,27.16,28.1,28.62,28.09,28.21,28.13,28.4,28.46,28.69
하남시 - 초등학교,Statistics,26.93,26.09,25.8,25.2,25.63,25.96,25.67,25.9,26.18,26.1,25.27,24.79,23.63
하동군 - 고등학교,Statistics,24.19,24.28,24.95,25.1,24.53,21.12,17.91,16.98,16.0,16.36,14.8,14.64,14.37
하동군 - 유치원,Statistics,10.38,10.62,11.76,11.24,9.4,7.5,6.76,6.55,7.89,6.37,8.0,7.63,6.43
하동군 - 전체,Statistics,17.15,16.53,16.56,15.92,15.36,13.98,13.56,12.97,12.57,12.38,11.59,11.08,10.65
하동군 - 중학교,Statistics,21.72,21.22,20.25,19.38,19.0,18.8,18.15,17.06,16.91,17.63,16.28,15.85,15.61
하동군 - 초등학교,Statistics,13.99,13.0,12.95,12.49,12.18,11.42,11.66,11.25,10.64,10.16,9.44,8.72,8.26
함안군 - 고등학교,Statistics,25.92,26.85,27.45,27.08,27.44,27.0,24.55,22.38,21.68,21.45,20.98,21.13,21.64
함안군 - 유치원,Statistics,19.4,20.15,20.15,18.46,18.46,18.31,15.02,13.58,14.33,14.05,13.51,12.53,10.88
함안군 - 전체,Statistics,21.63,21.41,20.94,20.25,20.37,19.54,18.78,17.99,17.94,18.12,17.79,17.0,16.58
함안군 - 중학교,Statistics,26.75,26.01,24.8,23.44,22.9,21.78,21.16,19.95,20.56,21.0,21.2,20.59,20.32
함안군 - 초등학교,Statistics,18.69,18.05,17.49,17.37,17.75,16.91,17.19,17.06,16.6,16.59,16.01,14.86,14.34
함양군 - 고등학교,Statistics,27.75,27.14,26.89,24.96,24.78,23.38,21.0,17.59,16.0,15.83,16.17,16.48,16.26
함양군 - 유치원,Statistics,18.42,17.74,17.88,16.28,16.48,13.12,13.67,13.63,12.79,12.91,12.3,11.35,9.67
함양군 - 전체,Statistics,19.52,18.88,18.47,17.72,17.24,16.52,15.56,15.03,14.16,13.86,13.41,13.09,12.43
함양군 - 중학교,Statistics,23.92,24.62,22.55,21.72,19.64,19.78,18.25,18.72,18.2,17.96,17.47,17.27,16.05
함양군 - 초등학교,Statistics,15.1,14.02,13.93,13.81,13.68,13.48,12.89,12.9,12.19,11.66,11.02,10.49,10.06
함평군 - 고등학교,Statistics,24.83,25.17,25.07,25.45,24.82,23.54,21.59,20.79,18.96,18.64,17.91,17.73,18.07
함평군 - 유치원,Statistics,10.86,11.27,11.0,10.07,11.2,9.67,8.73,6.2,6.08,5.0,4.09,4.45,4.5
함평군 - 전체,Statistics,19.5,18.55,18.02,17.2,16.58,15.74,15.15,14.41,14.0,13.62,12.75,12.31,12.15
함평군 - 중학교,Statistics,23.67,21.77,20.89,18.55,16.95,15.92,16.28,15.08,15.89,15.26,13.9,14.49,14.08
함평군 - 초등학교,Statistics,15.31,13.81,13.15,12.71,12.46,12.05,12.02,11.93,11.62,11.29,10.6,9.51,8.98
합천군 - 고등학교,Statistics,22.37,22.51,21.57,21.69,19.96,18.06,15.53,14.92,13.98,14.26,13.68,14.25,14.93
합천군 - 유치원,Statistics,14.96,15.16,13.68,12.76,11.58,12.0,11.21,10.35,9.35,10.16,10.0,9.05,9.26
합천군 - 전체,Statistics,15.82,14.9,14.42,13.75,13.19,12.4,11.81,12.01,11.28,11.51,11.08,10.5,10.22
합천군 - 중학교,Statistics,20.96,19.56,18.59,17.92,16.96,16.78,16.27,15.64,15.64,15.98,15.39,13.72,13.66
합천군 - 초등학교,Statistics,11.41,10.23,10.27,9.64,9.6,8.97,9.06,9.89,9.08,9.07,8.58,8.16,7.25
해남군 - 고등학교,Statistics,23.78,24.29,23.93,24.15,24.95,22.79,20.64,17.83,17.03,17.28,16.77,16.61,16.49
해남군 - 유치원,Statistics,14.55,14.14,14.6,13.32,13.84,12.93,12.42,11.55,11.16,12.58,11.74,11.11,10.49
해남군 - 전체,Statistics,19.65,19.02,19.01,18.7,18.37,17.45,16.86,15.94,15.41,15.32,14.72,14.3,13.63
해남군 - 중학교,Statistics,28.71,28.26,27.17,25.67,23.91,21.43,20.6,20.4,20.33,19.83,19.74,19.62,18.61
해남군 - 초등학교,Statistics,15.92,14.78,14.81,15.06,14.76,14.87,14.94,14.55,13.98,13.44,12.79,12.17,11.36
해운대구 - 고등학교,Statistics,32.54,32.28,31.05,29.79,29.02,27.83,26.22,24.02,22.86,22.02,21.14,21.53,21.71
해운대구 - 유치원,Statistics,25.51,25.19,21.88,22.51,22.38,21.95,21.06,19.23,18.17,19.94,19.94,19.75,19.72
해운대구 - 전체,Statistics,28.43,27.65,26.43,25.76,25.44,25.03,24.39,23.64,23.0,23.18,22.51,22.37,22.09
해운대구 - 중학교,Statistics,32.62,31.78,30.92,29.49,28.47,27.29,26.3,25.68,25.85,25.84,25.58,25.43,25.15
해운대구 - 초등학교,Statistics,25.18,24.08,23.23,22.96,23.14,23.41,23.48,23.67,23.03,23.23,22.26,21.91,21.32
홍성군 - 고등학교,Statistics,27.29,27.5,26.97,26.54,26.0,24.98,23.96,22.88,22.5,22.01,21.13,20.79,20.95
홍성군 - 유치원,Statistics,17.71,17.85,17.91,18.08,17.2,16.91,15.51,14.7,16.16,16.71,16.34,15.98,15.02
홍성군 - 전체,Statistics,22.49,22.26,21.78,22.12,21.46,21.08,20.74,20.34,20.63,20.43,19.71,19.24,18.56
홍성군 - 중학교,Statistics,29.14,28.2,27.21,26.42,24.57,23.99,24.39,24.52,24.57,24.98,24.27,23.22,22.09
홍성군 - 초등학교,Statistics,18.4,18.2,17.87,19.14,19.18,19.44,19.63,19.57,19.75,19.18,18.39,18.01,17.31
홍천군 - 고등학교,Statistics,28.38,29.9,29.56,30.09,29.25,27.08,24.77,22.8,21.92,21.1,20.06,20.01,19.7
홍천군 - 유치원,Statistics,14.6,15.04,14.96,14.54,14.6,14.06,12.39,11.37,11.35,11.62,10.64,9.9,9.9
홍천군 - 전체,Statistics,18.27,17.83,17.76,17.27,16.92,16.55,15.71,14.61,14.74,14.76,14.46,14.13,13.79
홍천군 - 중학교,Statistics,26.05,25.42,23.98,21.77,20.23,19.76,18.73,17.87,18.61,19.24,19.34,18.15,17.51
홍천군 - 초등학교,Statistics,13.42,12.33,12.51,12.23,12.26,12.45,12.36,11.66,11.78,11.74,11.61,11.47,11.09
화성시 - 고등학교,Statistics,34.0,34.41,33.85,34.47,34.33,33.26,30.64,29.41,28.97,29.26,29.39,30.13,31.18
화성시 - 유치원,Statistics,22.28,22.24,19.37,20.31,19.48,18.57,16.79,16.52,16.35,17.09,15.98,14.9,14.47
화성시 - 전체,Statistics,29.22,28.4,26.95,26.71,26.26,25.8,25.17,25.01,25.0,25.1,24.61,24.36,23.93
화성시 - 중학교,Statistics,34.92,35.03,33.71,31.51,30.72,30.37,30.74,31.3,31.83,31.7,30.84,30.49,30.36
화성시 - 초등학교,Statistics,28.09,26.37,25.35,25.22,25.2,25.18,25.65,25.45,25.32,24.69,24.2,23.81,22.65
화순군 - 고등학교,Statistics,30.26,30.64,30.41,30.84,30.06,28.8,26.23,23.2,21.04,20.64,20.47,21.37,20.7
화순군 - 유치원,Statistics,13.89,13.72,13.24,13.68,13.3,13.42,12.24,11.29,10.29,10.0,9.78,9.25,8.71
화순군 - 전체,Statistics,22.97,22.19,21.63,21.25,20.24,19.75,18.87,17.96,16.77,16.65,16.59,15.92,15.23
화순군 - 중학교,Statistics,27.74,27.62,26.88,24.79,22.12,21.51,20.18,19.85,20.24,20.37,20.5,19.25,18.17
화순군 - 초등학교,Statistics,19.82,18.1,17.43,17.21,16.6,16.35,16.43,16.25,14.8,14.76,14.7,13.63,12.85
화천군 - 고등학교,Statistics,23.28,24.16,23.81,22.55,22.38,20.17,19.34,16.27,16.07,15.72,15.31,14.83,15.32
화천군 - 유치원,Statistics,16.48,15.25,15.91,15.13,15.75,14.21,13.86,13.4,11.86,8.5,8.39,8.27,10.43
화천군 - 전체,Statistics,16.25,15.94,15.7,14.87,14.54,13.87,13.29,12.99,12.66,12.03,11.86,11.94,12.02
화천군 - 중학교,Statistics,26.78,26.81,25.74,22.82,20.07,18.03,17.14,17.74,17.19,17.42,17.27,16.88,16.58
화천군 - 초등학교,Statistics,12.06,11.51,11.17,10.69,10.73,10.84,10.45,10.67,10.54,10.37,10.27,10.52,10.11
횡성군 - 고등학교,Statistics,20.46,20.37,20.24,19.63,19.45,18.11,17.29,16.81,16.93,16.93,16.67,17.3,16.91
횡성군 - 유치원,Statistics,15.0,16.15,16.78,16.89,16.28,14.63,14.16,12.95,12.33,11.67,10.9,10.33,9.7
횡성군 - 전체,Statistics,17.06,16.61,16.24,15.61,15.21,14.65,14.42,14.07,13.99,14.07,13.88,13.81,13.54
횡성군 - 중학교,Statistics,22.89,22.02,19.56,18.27,16.9,16.17,15.44,14.96,15.35,15.7,15.78,15.11,15.54
횡성군 - 초등학교,Statistics,13.13,12.5,12.72,12.36,12.09,12.01,12.3,12.2,11.86,11.94,11.8,11.58,11.11
