item,category,2004,2005,2006,2007,2008,2009,2010,2011,2012,2013,2014,2015,2016,2017,2018,2019,2020,2021,2022,2023
가평군 - 60세이상 주민등록인구＜br＞(B),Statistics,11849.0,12180.0,12357.0,12954.0,13492.0,13881.0,14579.0,14834.0,15778.0,16442.0,17249.0,18394.0,19286.0,20247.0,21148.0,22020.0,23171.0,24135.0,25040.0,25749.0
가평군 - 노인여가복지시설수＜br＞(A),Statistics,129.0,128.0,131.0,135.0,139.0,144.0,146.0,153.0,155.0,156.0,162.0,165.0,164.0,166.0,165.0,169.0,169.0,170.0,170.0,173.0
가평군 - 노인천명당 노인여가복지시설수＜br＞(A÷B×1000),Statistics,10.9,10.5,10.6,10.4,10.3,10.4,10.0,10.3,9.8,9.5,9.4,9.0,8.5,8.2,7.8,7.7,7.3,7.0,6.8,6.7
강남구 - 60세이상 주민등록인구＜br＞(B),Statistics,48070.0,50861.0,54947.0,59137.0,62436.0,65899.0,70331.0,72446.0,76705.0,80316.0,85701.0,90732.0,94448.0,97681.0,99449.0,104175.0,107937.0,111054.0,113664.0,118960.0
강남구 - 노인여가복지시설수＜br＞(A),Statistics,146.0,149.0,152.0,166.0,167.0,171.0,176.0,183.0,169.0,193.0,195.0,198.0,193.0,193.0,193.0,195.0,195.0,190.0,184.0,203.0
강남구 - 노인천명당 노인여가복지시설수＜br＞(A÷B×1000),Statistics,3.0,2.9,2.8,2.8,2.7,2.6,2.5,2.5,2.2,2.4,2.3,2.2,2.0,2.0,1.9,1.9,1.8,1.7,1.6,1.7
강동구 - 60세이상 주민등록인구＜br＞(B),Statistics,42075.0,43494.0,45763.0,49097.0,52865.0,57771.0,62462.0,65702.0,69881.0,73312.0,77286.0,80943.0,83942.0,87226.0,91161.0,97740.0,106445.0,111309.0,115562.0,119204.0
강동구 - 노인여가복지시설수＜br＞(A),Statistics,115.0,119.0,120.0,120.0,124.0,135.0,138.0,144.0,134.0,136.0,140.0,140.0,135.0,129.0,138.0,138.0,134.0,136.0,146.0,153.0
강동구 - 노인천명당 노인여가복지시설수＜br＞(A÷B×1000),Statistics,2.7,2.7,2.6,2.4,2.3,2.3,2.2,2.2,1.9,1.9,1.8,1.7,1.6,1.5,1.5,1.4,1.3,1.2,1.3,1.3
강릉시 - 60세이상 주민등록인구＜br＞(B),Statistics,35326.0,36157.0,37244.0,38525.0,39616.0,40801.0,42295.0,43127.0,45277.0,46846.0,48915.0,51144.0,53342.0,56231.0,58704.0,61704.0,64958.0,67466.0,69688.0,71537.0
강릉시 - 노인여가복지시설수＜br＞(A),Statistics,234.0,245.0,258.0,270.0,277.0,288.0,298.0,307.0,312.0,308.0,312.0,298.0,300.0,303.0,307.0,311.0,311.0,314.0,316.0,321.0
강릉시 - 노인천명당 노인여가복지시설수＜br＞(A÷B×1000),Statistics,6.6,6.8,6.9,7.0,7.0,7.1,7.0,7.1,6.9,6.6,6.4,5.8,5.6,5.4,5.2,5.0,4.8,4.7,4.5,4.5
강북구 - 60세이상 주민등록인구＜br＞(B),Statistics,46808.0,48518.0,50329.0,52917.0,55093.0,57759.0,61547.0,63049.0,65966.0,68123.0,70925.0,74078.0,77009.0,80128.0,82763.0,85954.0,89253.0,90494.0,92170.0,94078.0
강북구 - 노인여가복지시설수＜br＞(A),Statistics,91.0,97.0,102.0,104.0,104.0,108.0,110.0,112.0,109.0,111.0,112.0,111.0,113.0,114.0,115.0,117.0,118.0,118.0,119.0,121.0
강북구 - 노인천명당 노인여가복지시설수＜br＞(A÷B×1000),Statistics,1.9,2.0,2.0,2.0,1.9,1.9,1.8,1.8,1.7,1.6,1.6,1.5,1.5,1.4,1.4,1.4,1.3,1.3,1.3,1.3
강서구 - 60세이상 주민등록인구＜br＞(B),Statistics,52586.0,55775.0,59055.0,63647.0,69246.0,72643.0,77224.0,79357.0,84237.0,89096.0,96085.0,102814.0,109163.0,115954.0,121298.0,127547.0,132794.0,136995.0,140918.0,144621.0
강서구 - 노인여가복지시설수＜br＞(A),Statistics,178.0,189.0,195.0,201.0,208.0,216.0,217.0,221.0,216.0,223.0,222.0,231.0,239.0,228.0,247.0,251.0,248.0,245.0,216.0,250.0
강서구 - 노인천명당 노인여가복지시설수＜br＞(A÷B×1000),Statistics,3.4,3.4,3.3,3.2,3.0,3.0,2.8,2.8,2.6,2.5,2.3,2.2,2.2,2.0,2.0,2.0,1.9,1.8,1.5,1.7
강원특별자치도 - 60세이상 주민등록인구＜br＞(B),Statistics,255344.0,261220.0,267014.0,275009.0,282916.0,289564.0,299088.0,304331.0,318860.0,329876.0,344204.0,360910.0,377649.0,397313.0,416228.0,437496.0,461177.0,481387.0,499873.0,514346.0
강원특별자치도 - 노인여가복지시설수＜br＞(A),Statistics,2296.0,2443.0,2545.0,2640.0,2747.0,2821.0,2883.0,2936.0,2977.0,3019.0,3071.0,3101.0,3150.0,3183.0,3226.0,3268.0,3308.0,3333.0,3384.0,3402.0
강원특별자치도 - 노인천명당 노인여가복지시설수＜br＞(A÷B×1000),Statistics,9.0,9.4,9.5,9.6,9.7,9.7,9.6,9.6,9.3,9.2,8.9,8.6,8.3,8.0,7.8,7.5,7.2,6.9,6.8,6.6
강진군 - 60세이상 주민등록인구＜br＞(B),Statistics,13265.0,13352.0,13335.0,13461.0,13668.0,13818.0,13985.0,14044.0,14149.0,14196.0,14242.0,14329.0,14434.0,14627.0,14894.0,15209.0,15554.0,15818.0,15975.0,16092.0
강진군 - 노인여가복지시설수＜br＞(A),Statistics,313.0,327.0,319.0,316.0,321.0,321.0,324.0,178.0,328.0,330.0,329.0,333.0,335.0,338.0,341.0,341.0,341.0,341.0,343.0,343.0
강진군 - 노인천명당 노인여가복지시설수＜br＞(A÷B×1000),Statistics,23.6,24.5,23.9,23.5,23.5,23.2,23.2,12.7,23.2,23.2,23.1,23.2,23.2,23.1,22.9,22.4,21.9,21.6,21.5,21.3
강화군 - 60세이상 주민등록인구＜br＞(B),Statistics,17218.0,17693.0,18289.0,19232.0,20088.0,20617.0,21162.0,21481.0,22279.0,23020.0,23971.0,25104.0,26040.0,27196.0,28397.0,29594.0,30843.0,32187.0,33416.0,34055.0
강화군 - 노인여가복지시설수＜br＞(A),Statistics,199.0,213.0,219.0,224.0,226.0,227.0,227.0,228.0,227.0,228.0,228.0,231.0,231.0,234.0,234.0,239.0,238.0,240.0,240.0,241.0
강화군 - 노인천명당 노인여가복지시설수＜br＞(A÷B×1000),Statistics,11.6,12.0,12.0,11.6,11.3,11.0,10.7,10.6,10.2,9.9,9.5,9.2,8.9,8.6,8.2,8.1,7.7,7.5,7.2,7.1
거제시 - 60세이상 주민등록인구＜br＞(B),Statistics,18801.0,19147.0,19659.0,20483.0,21477.0,22528.0,23406.0,24530.0,25961.0,27081.0,28575.0,30627.0,32680.0,34943.0,37497.0,40145.0,43177.0,46226.0,49016.0,51339.0
거제시 - 노인여가복지시설수＜br＞(A),Statistics,257.0,271.0,280.0,287.0,293.0,299.0,305.0,306.0,318.0,318.0,320.0,321.0,323.0,324.0,313.0,322.0,327.0,329.0,333.0,336.0
거제시 - 노인천명당 노인여가복지시설수＜br＞(A÷B×1000),Statistics,13.7,14.2,14.2,14.0,13.6,13.3,13.0,12.5,12.2,11.7,11.2,10.5,9.9,9.3,8.3,8.0,7.6,7.1,6.8,6.5
거창군 - 60세이상 주민등록인구＜br＞(B),Statistics,16601.0,16579.0,16629.0,16983.0,17147.0,17479.0,17767.0,17943.0,18450.0,18777.0,19154.0,19714.0,20320.0,20807.0,21329.0,22080.0,22742.0,23599.0,24302.0,24657.0
거창군 - 노인여가복지시설수＜br＞(A),Statistics,363.0,399.0,405.0,393.0,403.0,414.0,421.0,426.0,427.0,430.0,432.0,435.0,436.0,407.0,443.0,441.0,439.0,441.0,439.0,438.0
거창군 - 노인천명당 노인여가복지시설수＜br＞(A÷B×1000),Statistics,21.9,24.1,24.4,23.1,23.5,23.7,23.7,23.7,23.1,22.9,22.6,22.1,21.5,19.6,20.8,20.0,19.3,18.7,18.1,17.8
경기 여주군 - 60세이상 주민등록인구＜br＞(B),Statistics,18228.0,18607.0,19129.0,19898.0,20466.0,21076.0,21750.0,22194.0,23518.0,,,,,,,,,,,
경기 여주군 - 노인여가복지시설수＜br＞(A),Statistics,298.0,302.0,307.0,308.0,310.0,315.0,316.0,316.0,319.0,,,,,,,,,,,
경기 여주군 - 노인천명당 노인여가복지시설수＜br＞(A÷B×1000),Statistics,16.3,16.2,16.0,15.5,15.1,14.9,14.5,14.2,13.6,,,,,,,,,,,
경기도 - 60세이상 주민등록인구＜br＞(B),Statistics,1057527.0,1107998.0,1164950.0,1236671.0,1306582.0,1371321.0,1456012.0,1509529.0,1601518.0,1681601.0,1780595.0,1912653.0,2044471.0,2188530.0,2346568.0,2513666.0,2703166.0,2874785.0,3023136.0,3166838.0
경기도 - 노인여가복지시설수＜br＞(A),Statistics,7417.0,7611.0,7958.0,8141.0,8369.0,8667.0,8945.0,9175.0,9129.0,9264.0,9372.0,9469.0,9545.0,9669.0,9834.0,10054.0,10082.0,10133.0,10267.0,10412.0
경기도 - 노인천명당 노인여가복지시설수＜br＞(A÷B×1000),Statistics,7.0,6.9,6.8,6.6,6.4,6.3,6.1,6.1,5.7,5.5,5.3,5.0,4.7,4.4,4.2,4.0,3.7,3.5,3.4,3.3
경남 마산시 - 60세이상 주민등록인구＜br＞(B),Statistics,49678.0,50845.0,52789.0,55079.0,57864.0,60689.0,,,,,,,,,,,,,,
경남 마산시 - 노인여가복지시설수＜br＞(A),Statistics,365.0,388.0,410.0,426.0,434.0,443.0,,,,,,,,,,,,,,
경남 마산시 - 노인천명당 노인여가복지시설수＜br＞(A÷B×1000),Statistics,7.3,7.6,7.8,7.7,7.5,7.3,,,,,,,,,,,,,,
경남 진해시 - 60세이상 주민등록인구＜br＞(B),Statistics,18438.0,19232.0,20027.0,20871.0,22013.0,22801.0,,,,,,,,,,,,,,
경남 진해시 - 노인여가복지시설수＜br＞(A),Statistics,125.0,130.0,143.0,151.0,157.0,161.0,,,,,,,,,,,,,,
경남 진해시 - 노인천명당 노인여가복지시설수＜br＞(A÷B×1000),Statistics,6.8,6.8,7.1,7.2,7.1,7.1,,,,,,,,,,,,,,
경남 창원시 - 60세이상 주민등록인구＜br＞(B),Statistics,33607.0,34396.0,35436.0,37214.0,39193.0,41163.0,,,,,,,,,,,,,,
경남 창원시 - 노인여가복지시설수＜br＞(A),Statistics,271.0,290.0,299.0,308.0,314.0,323.0,,,,,,,,,,,,,,
경남 창원시 - 노인천명당 노인여가복지시설수＜br＞(A÷B×1000),Statistics,8.1,8.4,8.4,8.3,8.0,7.8,,,,,,,,,,,,,,
경산시 - 60세이상 주민등록인구＜br＞(B),Statistics,29750.0,31048.0,32459.0,34074.0,35677.0,37313.0,39081.0,40759.0,42755.0,44741.0,47085.0,49830.0,52091.0,54919.0,57536.0,61192.0,64710.0,69013.0,71897.0,74482.0
경산시 - 노인여가복지시설수＜br＞(A),Statistics,305.0,312.0,329.0,337.0,342.0,347.0,352.0,358.0,362.0,368.0,372.0,377.0,382.0,403.0,392.0,396.0,396.0,399.0,401.0,399.0
경산시 - 노인천명당 노인여가복지시설수＜br＞(A÷B×1000),Statistics,10.3,10.0,10.1,9.9,9.6,9.3,9.0,8.8,8.5,8.2,7.9,7.6,7.3,7.3,6.8,6.5,6.1,5.8,5.6,5.4
경상남도 - 60세이상 주민등록인구＜br＞(B),Statistics,443748.0,451230.0,461378.0,477290.0,495242.0,513313.0,534344.0,552051.0,576412.0,597113.0,624506.0,658095.0,690760.0,728257.0,764033.0,804153.0,850571.0,894331.0,932541.0,962206.0
경상남도 - 노인여가복지시설수＜br＞(A),Statistics,5582.0,6055.0,6273.0,6388.0,6582.0,6825.0,6967.0,7063.0,7162.0,7258.0,7293.0,7358.0,7398.0,7432.0,7483.0,7536.0,7563.0,7599.0,7638.0,7666.0
경상남도 - 노인천명당 노인여가복지시설수＜br＞(A÷B×1000),Statistics,12.6,13.4,13.6,13.4,13.3,13.3,13.0,12.8,12.4,12.2,11.7,11.2,10.7,10.2,9.8,9.4,8.9,8.5,8.2,8.0
경상북도 - 60세이상 주민등록인구＜br＞(B),Statistics,490420.0,493843.0,498097.0,510579.0,524985.0,540469.0,556756.0,570722.0,591562.0,610777.0,632243.0,657871.0,683618.0,711642.0,737233.0,771746.0,805487.0,839027.0,865860.0,875605.0
경상북도 - 노인여가복지시설수＜br＞(A),Statistics,6313.0,6504.0,6892.0,6813.0,7022.0,7222.0,7372.0,7532.0,7658.0,7764.0,7859.0,7928.0,7982.0,8078.0,8131.0,8219.0,8261.0,8308.0,8344.0,8171.0
경상북도 - 노인천명당 노인여가복지시설수＜br＞(A÷B×1000),Statistics,12.9,13.2,13.8,13.3,13.4,13.4,13.2,13.2,12.9,12.7,12.4,12.1,11.7,11.4,11.0,10.6,10.3,9.9,9.6,9.3
경주시 - 60세이상 주민등록인구＜br＞(B),Statistics,48167.0,48826.0,49174.0,50518.0,51991.0,53618.0,55291.0,56792.0,58733.0,60681.0,62701.0,65233.0,67920.0,70774.0,73545.0,76935.0,80550.0,83777.0,86697.0,89338.0
경주시 - 노인여가복지시설수＜br＞(A),Statistics,530.0,553.0,578.0,527.0,542.0,560.0,569.0,578.0,587.0,606.0,608.0,613.0,610.0,612.0,620.0,628.0,629.0,634.0,637.0,637.0
경주시 - 노인천명당 노인여가복지시설수＜br＞(A÷B×1000),Statistics,11.0,11.3,11.8,10.4,10.4,10.4,10.3,10.2,10.0,10.0,9.7,9.4,9.0,8.6,8.4,8.2,7.8,7.6,7.3,7.1
계룡시 - 60세이상 주민등록인구＜br＞(B),Statistics,2604.0,2809.0,3095.0,3243.0,3658.0,3937.0,4176.0,4354.0,4456.0,4652.0,4944.0,5294.0,5764.0,6365.0,6785.0,7220.0,7825.0,8395.0,9022.0,9748.0
계룡시 - 노인여가복지시설수＜br＞(A),Statistics,26.0,30.0,33.0,31.0,37.0,37.0,34.0,36.0,36.0,36.0,35.0,36.0,36.0,37.0,36.0,38.0,37.0,41.0,41.0,42.0
계룡시 - 노인천명당 노인여가복지시설수＜br＞(A÷B×1000),Statistics,10.0,10.7,10.7,9.6,10.1,9.4,8.1,8.3,8.1,7.7,7.1,6.8,6.2,5.8,5.3,5.3,4.7,4.9,4.5,4.3
계양구 - 60세이상 주민등록인구＜br＞(B),Statistics,23907.0,24605.0,26253.0,27797.0,29312.0,30780.0,32601.0,33639.0,35896.0,38116.0,40606.0,43724.0,46991.0,50590.0,54061.0,57985.0,63109.0,68467.0,72706.0,76460.0
계양구 - 노인여가복지시설수＜br＞(A),Statistics,136.0,136.0,138.0,141.0,145.0,148.0,154.0,157.0,155.0,164.0,166.0,166.0,165.0,165.0,163.0,163.0,162.0,161.0,159.0,165.0
계양구 - 노인천명당 노인여가복지시설수＜br＞(A÷B×1000),Statistics,5.7,5.5,5.3,5.1,4.9,4.8,4.7,4.7,4.3,4.3,4.1,3.8,3.5,3.3,3.0,2.8,2.6,2.4,2.2,2.2
고령군 - 60세이상 주민등록인구＜br＞(B),Statistics,9170.0,9150.0,9284.0,9464.0,9673.0,9921.0,10126.0,10378.0,10689.0,10915.0,11174.0,11512.0,11863.0,12219.0,12492.0,12980.0,13375.0,13779.0,14190.0,14617.0
고령군 - 노인여가복지시설수＜br＞(A),Statistics,144.0,153.0,165.0,170.0,179.0,180.0,183.0,187.0,187.0,192.0,197.0,199.0,199.0,203.0,204.0,205.0,207.0,209.0,211.0,212.0
고령군 - 노인천명당 노인여가복지시설수＜br＞(A÷B×1000),Statistics,15.7,16.7,17.8,18.0,18.5,18.1,18.1,18.0,17.5,17.6,17.6,17.3,16.8,16.6,16.3,15.8,15.5,15.2,14.9,14.5
고성군 - 60세이상 주민등록인구＜br＞(B),Statistics,7388.0,7521.0,7637.0,7729.0,7900.0,8018.0,8115.0,8179.0,8414.0,8615.0,8925.0,9302.0,9675.0,9967.0,10191.0,10514.0,10891.0,11376.0,11721.0,11962.0
고성군 - 노인여가복지시설수＜br＞(A),Statistics,83.0,93.0,98.0,103.0,105.0,108.0,109.0,111.0,112.0,113.0,113.0,111.0,111.0,111.0,111.0,111.0,111.0,112.0,114.0,116.0
고성군 - 노인천명당 노인여가복지시설수＜br＞(A÷B×1000),Statistics,11.2,12.4,12.8,13.3,13.3,13.5,13.4,13.6,13.3,13.1,12.7,11.9,11.5,11.1,10.9,10.6,10.2,9.8,9.7,9.7
고양시 - 60세이상 주민등록인구＜br＞(B),Statistics,90287.0,94319.0,98166.0,103686.0,109279.0,112290.0,116916.0,120212.0,126412.0,133587.0,142097.0,154276.0,165134.0,176484.0,188970.0,204598.0,221476.0,235306.0,247692.0,260305.0
고양시 - 노인여가복지시설수＜br＞(A),Statistics,480.0,492.0,496.0,505.0,516.0,519.0,520.0,520.0,535.0,542.0,552.0,556.0,561.0,564.0,565.0,570.0,575.0,579.0,584.0,593.0
고양시 - 노인천명당 노인여가복지시설수＜br＞(A÷B×1000),Statistics,5.3,5.2,5.1,4.9,4.7,4.6,4.4,4.3,4.2,4.1,3.9,3.6,3.4,3.2,3.0,2.8,2.6,2.5,2.4,2.3
고창군 - 60세이상 주민등록인구＜br＞(B),Statistics,19352.0,19370.0,19289.0,19466.0,19653.0,20075.0,20502.0,20610.0,20923.0,21101.0,21522.0,21967.0,22403.0,22991.0,23231.0,23574.0,24202.0,24663.0,24937.0,25244.0
고창군 - 노인여가복지시설수＜br＞(A),Statistics,418.0,480.0,489.0,536.0,507.0,520.0,544.0,555.0,560.0,565.0,572.0,573.0,575.0,582.0,592.0,592.0,599.0,602.0,605.0,608.0
고창군 - 노인천명당 노인여가복지시설수＜br＞(A÷B×1000),Statistics,21.6,24.8,25.4,27.5,25.8,25.9,26.5,26.9,26.8,26.8,26.6,26.1,25.7,25.3,25.5,25.1,24.8,24.4,24.3,24.1
고흥군 - 60세이상 주민등록인구＜br＞(B),Statistics,29011.0,28907.0,28743.0,29032.0,29181.0,29385.0,29696.0,29892.0,30184.0,30276.0,30577.0,30851.0,31063.0,31265.0,31649.0,32306.0,33043.0,33522.0,33849.0,34056.0
고흥군 - 노인여가복지시설수＜br＞(A),Statistics,567.0,678.0,625.0,629.0,634.0,633.0,634.0,493.0,637.0,637.0,637.0,636.0,637.0,637.0,642.0,644.0,646.0,646.0,647.0,649.0
고흥군 - 노인천명당 노인여가복지시설수＜br＞(A÷B×1000),Statistics,19.5,23.5,21.7,21.7,21.7,21.5,21.3,16.5,21.1,21.0,20.8,20.6,20.5,20.4,20.3,19.9,19.6,19.3,19.1,19.1
곡성군 - 60세이상 주민등록인구＜br＞(B),Statistics,11176.0,11088.0,11090.0,11173.0,11216.0,11370.0,11508.0,11516.0,11663.0,11693.0,11865.0,12040.0,12109.0,12331.0,12503.0,12742.0,12999.0,13281.0,13500.0,13689.0
곡성군 - 노인여가복지시설수＜br＞(A),Statistics,286.0,293.0,293.0,297.0,303.0,304.0,310.0,632.0,308.0,316.0,318.0,320.0,321.0,325.0,325.0,325.0,324.0,324.0,321.0,321.0
곡성군 - 노인천명당 노인여가복지시설수＜br＞(A÷B×1000),Statistics,25.6,26.4,26.4,26.6,27.0,26.7,26.9,54.9,26.4,27.0,26.8,26.6,26.5,26.4,26.0,25.5,24.9,24.4,23.8,23.4
공주시 - 60세이상 주민등록인구＜br＞(B),Statistics,26509.0,26764.0,26929.0,27272.0,27874.0,28572.0,29469.0,29929.0,28921.0,29524.0,30415.0,31797.0,32804.0,34019.0,35153.0,36604.0,38087.0,39401.0,40514.0,41459.0
공주시 - 노인여가복지시설수＜br＞(A),Statistics,388.0,400.0,402.0,407.0,412.0,418.0,430.0,435.0,405.0,408.0,412.0,415.0,413.0,415.0,418.0,425.0,428.0,435.0,436.0,439.0
공주시 - 노인천명당 노인여가복지시설수＜br＞(A÷B×1000),Statistics,14.6,14.9,14.9,14.9,14.8,14.6,14.6,14.5,14.0,13.8,13.5,13.1,12.6,12.2,11.9,11.6,11.2,11.0,10.8,10.6
과천시 - 60세이상 주민등록인구＜br＞(B),Statistics,7119.0,6679.0,6805.0,7222.0,8173.0,8687.0,9226.0,9460.0,9881.0,10324.0,10800.0,11341.0,11314.0,11066.0,11605.0,12100.0,13599.0,15895.0,17000.0,17887.0
과천시 - 노인여가복지시설수＜br＞(A),Statistics,30.0,28.0,28.0,29.0,31.0,33.0,34.0,34.0,34.0,34.0,34.0,34.0,33.0,30.0,30.0,31.0,31.0,32.0,36.0,36.0
과천시 - 노인천명당 노인여가복지시설수＜br＞(A÷B×1000),Statistics,4.2,4.2,4.1,4.0,3.8,3.8,3.7,3.6,3.4,3.3,3.1,3.0,2.9,2.7,2.6,2.6,2.3,2.0,2.1,2.0
관악구 - 60세이상 주민등록인구＜br＞(B),Statistics,56222.0,58850.0,62243.0,65993.0,69404.0,72853.0,77728.0,79787.0,83658.0,86547.0,89980.0,93995.0,97468.0,100776.0,103790.0,107647.0,111636.0,112521.0,114868.0,117067.0
관악구 - 노인여가복지시설수＜br＞(A),Statistics,96.0,98.0,110.0,122.0,126.0,126.0,128.0,128.0,134.0,129.0,128.0,128.0,144.0,130.0,132.0,134.0,134.0,131.0,131.0,133.0
관악구 - 노인천명당 노인여가복지시설수＜br＞(A÷B×1000),Statistics,1.7,1.7,1.8,1.8,1.8,1.7,1.6,1.6,1.6,1.5,1.4,1.4,1.5,1.3,1.3,1.2,1.2,1.2,1.1,1.1
광명시 - 60세이상 주민등록인구＜br＞(B),Statistics,32066.0,32786.0,32605.0,34149.0,35448.0,37266.0,41299.0,43556.0,46005.0,47765.0,50339.0,53467.0,56258.0,58994.0,61936.0,64005.0,63995.0,66012.0,67991.0,68751.0
광명시 - 노인여가복지시설수＜br＞(A),Statistics,94.0,94.0,92.0,89.0,96.0,102.0,110.0,113.0,115.0,120.0,121.0,117.0,122.0,119.0,123.0,125.0,122.0,119.0,120.0,119.0
광명시 - 노인천명당 노인여가복지시설수＜br＞(A÷B×1000),Statistics,2.9,2.9,2.8,2.6,2.7,2.7,2.7,2.6,2.5,2.5,2.4,2.2,2.2,2.0,2.0,2.0,1.9,1.8,1.8,1.7
광산구 - 60세이상 주민등록인구＜br＞(B),Statistics,25011.0,26058.0,27115.0,28384.0,29593.0,31934.0,34257.0,36070.0,37968.0,39616.0,41517.0,43888.0,45967.0,48711.0,51785.0,55302.0,59317.0,62622.0,65656.0,69161.0
광산구 - 노인여가복지시설수＜br＞(A),Statistics,256.0,273.0,291.0,301.0,307.0,316.0,340.0,349.0,353.0,356.0,369.0,369.0,371.0,375.0,377.0,379.0,381.0,383.0,387.0,392.0
광산구 - 노인천명당 노인여가복지시설수＜br＞(A÷B×1000),Statistics,10.2,10.5,10.7,10.6,10.4,9.9,9.9,9.7,9.3,9.0,8.9,8.4,8.1,7.7,7.3,6.9,6.4,6.1,5.9,5.7
광양시 - 60세이상 주민등록인구＜br＞(B),Statistics,15245.0,15492.0,15871.0,16572.0,17244.0,17889.0,18621.0,19426.0,20063.0,20703.0,21831.0,23142.0,24361.0,25734.0,27294.0,28989.0,30621.0,32363.0,34384.0,36290.0
광양시 - 노인여가복지시설수＜br＞(A),Statistics,217.0,235.0,250.0,267.0,275.0,282.0,292.0,545.0,305.0,306.0,311.0,314.0,316.0,313.0,311.0,327.0,326.0,329.0,336.0,340.0
광양시 - 노인천명당 노인여가복지시설수＜br＞(A÷B×1000),Statistics,14.2,15.2,15.8,16.1,15.9,15.8,15.7,28.1,15.2,14.8,14.2,13.6,13.0,12.2,11.4,11.3,10.6,10.2,9.8,9.4
광주광역시 - 60세이상 주민등록인구＜br＞(B),Statistics,143898.0,149033.0,155509.0,163731.0,171348.0,180378.0,190347.0,197801.0,207611.0,215273.0,224771.0,236357.0,246989.0,259819.0,272334.0,287281.0,303295.0,315550.0,326561.0,339020.0
광주광역시 - 노인여가복지시설수＜br＞(A),Statistics,980.0,1031.0,1087.0,1106.0,1146.0,1187.0,1233.0,1264.0,1288.0,1313.0,1339.0,1351.0,1348.0,1363.0,1364.0,1382.0,1385.0,1403.0,1425.0,1438.0
광주광역시 - 노인천명당 노인여가복지시설수＜br＞(A÷B×1000),Statistics,6.8,6.9,7.0,6.8,6.7,6.6,6.5,6.4,6.2,6.1,6.0,5.7,5.5,5.2,5.0,4.8,4.6,4.4,4.4,4.2
광주시 - 60세이상 주민등록인구＜br＞(B),Statistics,22278.0,23738.0,25456.0,27387.0,29276.0,30972.0,33180.0,35482.0,38785.0,41600.0,45204.0,49983.0,54997.0,60960.0,67294.0,73076.0,79824.0,86094.0,91426.0,96109.0
광주시 - 노인여가복지시설수＜br＞(A),Statistics,205.0,214.0,229.0,229.0,235.0,239.0,338.0,251.0,255.0,257.0,260.0,268.0,266.0,277.0,283.0,292.0,291.0,293.0,298.0,307.0
광주시 - 노인천명당 노인여가복지시설수＜br＞(A÷B×1000),Statistics,9.2,9.0,9.0,8.4,8.0,7.7,10.2,7.1,6.6,6.2,5.8,5.4,4.8,4.5,4.2,4.0,3.6,3.4,3.3,3.2
광진구 - 60세이상 주민등록인구＜br＞(B),Statistics,36026.0,37262.0,38856.0,41296.0,43426.0,45585.0,48487.0,49670.0,52604.0,54715.0,56979.0,59955.0,62526.0,65883.0,68849.0,72066.0,75233.0,76876.0,79077.0,81491.0
광진구 - 노인여가복지시설수＜br＞(A),Statistics,88.0,91.0,95.0,98.0,100.0,103.0,103.0,103.0,111.0,103.0,103.0,105.0,107.0,110.0,109.0,108.0,106.0,104.0,106.0,107.0
광진구 - 노인천명당 노인여가복지시설수＜br＞(A÷B×1000),Statistics,2.4,2.4,2.4,2.4,2.3,2.3,2.1,2.1,2.1,1.9,1.8,1.8,1.7,1.7,1.6,1.5,1.4,1.4,1.3,1.3
괴산군 - 60세이상 주민등록인구＜br＞(B),Statistics,12319.0,12416.0,12340.0,12483.0,12558.0,12775.0,12931.0,13166.0,13475.0,13801.0,14382.0,15005.0,15556.0,16049.0,16685.0,17257.0,18153.0,18815.0,19179.0,19556.0
괴산군 - 노인여가복지시설수＜br＞(A),Statistics,339.0,347.0,346.0,347.0,351.0,350.0,351.0,352.0,327.0,328.0,328.0,331.0,331.0,332.0,332.0,334.0,338.0,340.0,340.0,341.0
괴산군 - 노인천명당 노인여가복지시설수＜br＞(A÷B×1000),Statistics,27.5,27.9,28.0,27.8,28.0,27.4,27.1,26.7,24.3,23.8,22.8,22.1,21.3,20.7,19.9,19.4,18.6,18.1,17.7,17.4
구례군 - 60세이상 주민등록인구＜br＞(B),Statistics,8905.0,8951.0,8982.0,9106.0,9132.0,9263.0,9417.0,9503.0,9663.0,9771.0,9912.0,10116.0,10301.0,10548.0,10797.0,11115.0,11499.0,11787.0,11982.0,12136.0
구례군 - 노인여가복지시설수＜br＞(A),Statistics,227.0,243.0,254.0,265.0,268.0,271.0,276.0,294.0,274.0,278.0,277.0,277.0,275.0,274.0,276.0,277.0,277.0,284.0,287.0,289.0
구례군 - 노인천명당 노인여가복지시설수＜br＞(A÷B×1000),Statistics,25.5,27.1,28.3,29.1,29.3,29.3,29.3,30.9,28.4,28.5,27.9,27.4,26.7,26.0,25.6,24.9,24.1,24.1,24.0,23.8
구로구 - 60세이상 주민등록인구＜br＞(B),Statistics,42253.0,44465.0,47035.0,50496.0,53773.0,57191.0,61039.0,63912.0,67714.0,70998.0,75101.0,79268.0,83031.0,86894.0,90808.0,95838.0,100925.0,103345.0,106239.0,109459.0
구로구 - 노인여가복지시설수＜br＞(A),Statistics,154.0,161.0,163.0,168.0,172.0,172.0,175.0,186.0,188.0,194.0,205.0,210.0,210.0,211.0,215.0,219.0,221.0,222.0,226.0,229.0
구로구 - 노인천명당 노인여가복지시설수＜br＞(A÷B×1000),Statistics,3.6,3.6,3.5,3.3,3.2,3.0,2.9,2.9,2.8,2.7,2.7,2.6,2.5,2.4,2.4,2.3,2.2,2.1,2.1,2.1
구리시 - 60세이상 주민등록인구＜br＞(B),Statistics,18042.0,18352.0,19051.0,20145.0,20958.0,21834.0,22915.0,23442.0,24542.0,25513.0,26695.0,28653.0,31361.0,34061.0,36851.0,39213.0,41834.0,43463.0,45312.0,47222.0
구리시 - 노인여가복지시설수＜br＞(A),Statistics,114.0,119.0,120.0,121.0,125.0,127.0,128.0,129.0,126.0,123.0,125.0,138.0,127.0,130.0,143.0,135.0,133.0,133.0,131.0,132.0
구리시 - 노인천명당 노인여가복지시설수＜br＞(A÷B×1000),Statistics,6.3,6.5,6.3,6.0,6.0,5.8,5.6,5.5,5.1,4.8,4.7,4.8,4.0,3.8,3.9,3.4,3.2,3.1,2.9,2.8
구미시 - 60세이상 주민등록인구＜br＞(B),Statistics,28266.0,28669.0,29311.0,30636.0,32086.0,33520.0,35121.0,36561.0,38728.0,40797.0,42937.0,45625.0,48702.0,52121.0,55473.0,60112.0,64730.0,69498.0,73923.0,78330.0
구미시 - 노인여가복지시설수＜br＞(A),Statistics,311.0,319.0,326.0,332.0,338.0,343.0,356.0,364.0,372.0,377.0,380.0,385.0,391.0,401.0,409.0,413.0,416.0,416.0,421.0,423.0
구미시 - 노인천명당 노인여가복지시설수＜br＞(A÷B×1000),Statistics,11.0,11.1,11.1,10.8,10.5,10.2,10.1,10.0,9.6,9.2,8.9,8.4,8.0,7.7,7.4,6.9,6.4,6.0,5.7,5.4
군산시 - 60세이상 주민등록인구＜br＞(B),Statistics,38460.0,39308.0,40695.0,42530.0,44037.0,45492.0,47923.0,49601.0,51460.0,52959.0,55182.0,57910.0,60252.0,63083.0,65591.0,68604.0,72255.0,74868.0,77261.0,79219.0
군산시 - 노인여가복지시설수＜br＞(A),Statistics,358.0,375.0,390.0,421.0,436.0,448.0,454.0,461.0,469.0,483.0,491.0,502.0,510.0,517.0,521.0,532.0,527.0,529.0,535.0,539.0
군산시 - 노인천명당 노인여가복지시설수＜br＞(A÷B×1000),Statistics,9.3,9.5,9.6,9.9,9.9,9.8,9.5,9.3,9.1,9.1,8.9,8.7,8.5,8.2,7.9,7.8,7.3,7.1,6.9,6.8
군위군 - 60세이상 주민등록인구＜br＞(B),Statistics,9699.0,9622.0,9463.0,9516.0,9594.0,9765.0,9875.0,9877.0,10089.0,10262.0,10524.0,10824.0,11162.0,11447.0,11573.0,11983.0,12312.0,12676.0,13210.0,13418.0
군위군 - 노인여가복지시설수＜br＞(A),Statistics,183.0,183.0,184.0,170.0,172.0,175.0,184.0,191.0,195.0,201.0,205.0,205.0,209.0,210.0,209.0,211.0,212.0,212.0,213.0,214.0
군위군 - 노인천명당 노인여가복지시설수＜br＞(A÷B×1000),Statistics,18.9,19.0,19.4,17.9,17.9,17.9,18.6,19.3,19.3,19.6,19.5,18.9,18.7,18.3,18.1,17.6,17.2,16.7,16.1,15.9
군포시 - 60세이상 주민등록인구＜br＞(B),Statistics,23708.0,24720.0,25639.0,26932.0,28234.0,29113.0,31358.0,32280.0,34006.0,35445.0,37702.0,40378.0,43097.0,46160.0,49333.0,53014.0,57295.0,60443.0,63765.0,66429.0
군포시 - 노인여가복지시설수＜br＞(A),Statistics,96.0,98.0,97.0,98.0,99.0,101.0,107.0,106.0,109.0,110.0,113.0,121.0,116.0,322.0,121.0,121.0,120.0,122.0,121.0,123.0
군포시 - 노인천명당 노인여가복지시설수＜br＞(A÷B×1000),Statistics,4.0,4.0,3.8,3.6,3.5,3.5,3.4,3.3,3.2,3.1,3.0,3.0,2.7,7.0,2.5,2.3,2.1,2.0,1.9,1.9
금산군 - 60세이상 주민등록인구＜br＞(B),Statistics,15419.0,15417.0,15511.0,15821.0,16030.0,16208.0,16616.0,16767.0,17201.0,17538.0,18176.0,18700.0,19252.0,19831.0,20278.0,20713.0,21471.0,22186.0,22814.0,23325.0
금산군 - 노인여가복지시설수＜br＞(A),Statistics,277.0,281.0,288.0,288.0,290.0,300.0,306.0,307.0,310.0,316.0,322.0,323.0,323.0,324.0,332.0,336.0,338.0,340.0,345.0,346.0
금산군 - 노인천명당 노인여가복지시설수＜br＞(A÷B×1000),Statistics,18.0,18.2,18.6,18.2,18.1,18.5,18.4,18.3,18.0,18.0,17.7,17.3,16.8,16.3,16.4,16.2,15.7,15.3,15.1,14.8
금정구 - 60세이상 주민등록인구＜br＞(B),Statistics,32958.0,33760.0,35351.0,37075.0,39198.0,41040.0,43884.0,45881.0,48771.0,50961.0,53045.0,56024.0,58882.0,62102.0,65318.0,68399.0,70584.0,72273.0,73742.0,75082.0
금정구 - 노인여가복지시설수＜br＞(A),Statistics,125.0,121.0,122.0,123.0,125.0,132.0,134.0,135.0,134.0,133.0,136.0,141.0,144.0,144.0,145.0,146.0,144.0,145.0,142.0,146.0
금정구 - 노인천명당 노인여가복지시설수＜br＞(A÷B×1000),Statistics,3.8,3.6,3.5,3.3,3.2,3.2,3.1,2.9,2.7,2.6,2.6,2.5,2.4,2.3,2.2,2.1,2.0,2.0,1.9,1.9
금천구 - 60세이상 주민등록인구＜br＞(B),Statistics,26393.0,27780.0,28899.0,30679.0,32278.0,33820.0,36243.0,37460.0,39585.0,41340.0,43278.0,45756.0,48175.0,50600.0,53014.0,55811.0,58713.0,60422.0,62651.0,64684.0
금천구 - 노인여가복지시설수＜br＞(A),Statistics,62.0,67.0,67.0,71.0,70.0,74.0,73.0,75.0,79.0,78.0,79.0,81.0,80.0,79.0,80.0,85.0,83.0,84.0,82.0,88.0
금천구 - 노인천명당 노인여가복지시설수＜br＞(A÷B×1000),Statistics,2.3,2.4,2.3,2.3,2.2,2.2,2.0,2.0,2.0,1.9,1.8,1.8,1.7,1.6,1.5,1.5,1.4,1.4,1.3,1.4
기장군 - 60세이상 주민등록인구＜br＞(B),Statistics,12817.0,13144.0,13412.0,14068.0,14941.0,16286.0,18352.0,19621.0,21260.0,23782.0,26079.0,28432.0,30416.0,32592.0,34548.0,36374.0,39670.0,41702.0,43655.0,45335.0
기장군 - 노인여가복지시설수＜br＞(A),Statistics,159.0,168.0,182.0,186.0,194.0,209.0,224.0,233.0,241.0,255.0,269.0,276.0,282.0,276.0,281.0,287.0,292.0,294.0,302.0,307.0
기장군 - 노인천명당 노인여가복지시설수＜br＞(A÷B×1000),Statistics,12.4,12.8,13.6,13.2,13.0,12.8,12.2,11.9,11.3,10.7,10.3,9.7,9.3,8.5,8.1,7.9,7.4,7.1,6.9,6.8
김제시 - 60세이상 주민등록인구＜br＞(B),Statistics,26723.0,26714.0,26728.0,27154.0,27435.0,27948.0,28774.0,29191.0,29638.0,29942.0,30429.0,31105.0,31728.0,32322.0,32734.0,33423.0,34406.0,35075.0,35888.0,36302.0
김제시 - 노인여가복지시설수＜br＞(A),Statistics,493.0,514.0,540.0,557.0,571.0,590.0,594.0,602.0,610.0,614.0,616.0,623.0,624.0,624.0,624.0,624.0,626.0,629.0,630.0,632.0
김제시 - 노인천명당 노인여가복지시설수＜br＞(A÷B×1000),Statistics,18.4,19.2,20.2,20.5,20.8,21.1,20.6,20.6,20.6,20.5,20.2,20.0,19.7,19.3,19.1,18.7,18.2,17.9,17.6,17.4
김천시 - 60세이상 주민등록인구＜br＞(B),Statistics,29016.0,28998.0,29161.0,29807.0,30583.0,31319.0,32140.0,32884.0,34005.0,35010.0,36029.0,37517.0,38872.0,40255.0,41332.0,43175.0,44796.0,46626.0,48031.0,49180.0
김천시 - 노인여가복지시설수＜br＞(A),Statistics,451.0,452.0,458.0,468.0,475.0,480.0,481.0,487.0,494.0,498.0,499.0,503.0,511.0,518.0,517.0,524.0,526.0,527.0,530.0,528.0
김천시 - 노인천명당 노인여가복지시설수＜br＞(A÷B×1000),Statistics,15.5,15.6,15.7,15.7,15.5,15.3,15.0,14.8,14.5,14.2,13.8,13.4,13.1,12.9,12.5,12.1,11.7,11.3,11.0,10.7
김포시 - 60세이상 주민등록인구＜br＞(B),Statistics,24707.0,25455.0,26346.0,27361.0,29831.0,31817.0,34445.0,37208.0,41701.0,45893.0,50584.0,54960.0,59797.0,66035.0,72870.0,78695.0,87247.0,93721.0,98627.0,103872.0
김포시 - 노인여가복지시설수＜br＞(A),Statistics,253.0,256.0,258.0,257.0,262.0,266.0,273.0,284.0,291.0,302.0,315.0,317.0,325.0,124.0,332.0,353.0,356.0,356.0,369.0,378.0
김포시 - 노인천명당 노인여가복지시설수＜br＞(A÷B×1000),Statistics,10.2,10.1,9.8,9.4,8.8,8.4,7.9,7.6,7.0,6.6,6.2,5.8,5.4,1.9,4.6,4.5,4.1,3.8,3.7,3.6
김해시 - 60세이상 주민등록인구＜br＞(B),Statistics,37753.0,39531.0,41394.0,43567.0,46420.0,49357.0,52467.0,54660.0,58076.0,60932.0,64427.0,68746.0,73071.0,78589.0,83873.0,90479.0,97669.0,104116.0,110787.0,116625.0
김해시 - 노인여가복지시설수＜br＞(A),Statistics,427.0,492.0,481.0,477.0,493.0,514.0,520.0,521.0,526.0,553.0,536.0,539.0,541.0,543.0,558.0,563.0,565.0,569.0,571.0,574.0
김해시 - 노인천명당 노인여가복지시설수＜br＞(A÷B×1000),Statistics,11.3,12.4,11.6,10.9,10.6,10.4,9.9,9.5,9.1,9.1,8.3,7.8,7.4,6.9,6.7,6.2,5.8,5.5,5.2,4.9
나주시 - 60세이상 주민등록인구＜br＞(B),Statistics,25850.0,26076.0,26177.0,26451.0,26525.0,26830.0,27230.0,27159.0,27395.0,27545.0,28223.0,29305.0,30409.0,31610.0,32868.0,34003.0,35369.0,36448.0,37308.0,38140.0
나주시 - 노인여가복지시설수＜br＞(A),Statistics,441.0,465.0,488.0,507.0,512.0,538.0,541.0,334.0,545.0,555.0,553.0,582.0,600.0,596.0,605.0,611.0,611.0,615.0,616.0,618.0
나주시 - 노인천명당 노인여가복지시설수＜br＞(A÷B×1000),Statistics,17.1,17.8,18.6,19.2,19.3,20.1,19.9,12.3,19.9,20.1,19.6,19.9,19.7,18.9,18.4,18.0,17.3,16.9,16.5,16.2
남구 - 60세이상 주민등록인구＜br＞(B),Statistics,38863.0,40289.0,41888.0,44338.0,46867.0,49456.0,52274.0,54217.0,56971.0,59275.0,61416.0,64247.0,66727.0,69446.0,72741.0,74449.0,76527.0,77953.0,78915.0,80016.0
남구 - 노인여가복지시설수＜br＞(A),Statistics,182.0,172.0,190.0,175.0,174.0,176.0,179.0,177.0,178.0,179.0,186.0,189.0,184.0,187.0,193.0,192.0,188.0,186.0,189.0,182.0
남구 - 노인천명당 노인여가복지시설수＜br＞(A÷B×1000),Statistics,4.7,4.3,4.5,3.9,3.7,3.6,3.4,3.3,3.1,3.0,3.0,2.9,2.8,2.7,2.7,2.6,2.5,2.4,2.4,2.3
남동구 - 60세이상 주민등록인구＜br＞(B),Statistics,34846.0,35919.0,38603.0,43020.0,47501.0,50774.0,54451.0,58288.0,62576.0,66062.0,70959.0,78256.0,83420.0,90347.0,97215.0,104066.0,111351.0,117845.0,123056.0,128059.0
남동구 - 노인여가복지시설수＜br＞(A),Statistics,122.0,126.0,128.0,134.0,145.0,146.0,154.0,168.0,170.0,173.0,169.0,176.0,180.0,182.0,186.0,188.0,187.0,189.0,194.0,196.0
남동구 - 노인천명당 노인여가복지시설수＜br＞(A÷B×1000),Statistics,3.5,3.5,3.3,3.1,3.1,2.9,2.8,2.9,2.7,2.6,2.4,2.2,2.2,2.0,1.9,1.8,1.7,1.6,1.6,1.5
남양주시 - 60세이상 주민등록인구＜br＞(B),Statistics,47020.0,51177.0,54885.0,59287.0,63476.0,67706.0,74383.0,78193.0,84345.0,89635.0,96584.0,105105.0,112615.0,120435.0,129102.0,138817.0,149439.0,160535.0,169166.0,176180.0
남양주시 - 노인여가복지시설수＜br＞(A),Statistics,353.0,375.0,398.0,405.0,423.0,437.0,471.0,480.0,492.0,499.0,504.0,516.0,521.0,529.0,530.0,540.0,543.0,545.0,559.0,557.0
남양주시 - 노인천명당 노인여가복지시설수＜br＞(A÷B×1000),Statistics,7.5,7.3,7.3,6.8,6.7,6.5,6.3,6.1,5.8,5.6,5.2,4.9,4.6,4.4,4.1,3.9,3.6,3.4,3.3,3.2
남원시 - 60세이상 주민등록인구＜br＞(B),Statistics,21672.0,21696.0,21766.0,22244.0,22718.0,23137.0,23609.0,23991.0,24543.0,24885.0,25439.0,26161.0,26708.0,27361.0,27961.0,28899.0,29883.0,30690.0,31337.0,31754.0
남원시 - 노인여가복지시설수＜br＞(A),Statistics,453.0,453.0,455.0,462.0,469.0,473.0,477.0,482.0,487.0,483.0,485.0,486.0,487.0,493.0,493.0,494.0,498.0,498.0,498.0,498.0
남원시 - 노인천명당 노인여가복지시설수＜br＞(A÷B×1000),Statistics,20.9,20.9,20.9,20.8,20.6,20.4,20.2,20.1,19.8,19.4,19.1,18.6,18.2,18.0,17.6,17.1,16.7,16.2,15.9,15.7
남해군 - 60세이상 주민등록인구＜br＞(B),Statistics,17831.0,17713.0,17823.0,18343.0,18241.0,18422.0,18482.0,18866.0,18957.0,18996.0,19106.0,19355.0,19516.0,19808.0,20069.0,20317.0,20708.0,21126.0,21457.0,21529.0
남해군 - 노인여가복지시설수＜br＞(A),Statistics,230.0,227.0,228.0,228.0,228.0,232.0,236.0,256.0,257.0,260.0,261.0,263.0,263.0,324.0,263.0,266.0,268.0,271.0,271.0,274.0
남해군 - 노인천명당 노인여가복지시설수＜br＞(A÷B×1000),Statistics,12.9,12.8,12.8,12.4,12.5,12.6,12.8,13.6,13.6,13.7,13.7,13.6,13.5,16.4,13.1,13.1,12.9,12.8,12.6,12.7
노원구 - 60세이상 주민등록인구＜br＞(B),Statistics,65171.0,66924.0,69267.0,72698.0,75694.0,78435.0,82391.0,84117.0,87849.0,91203.0,95302.0,100415.0,105137.0,109612.0,114294.0,119521.0,124630.0,128093.0,131689.0,135451.0
노원구 - 노인여가복지시설수＜br＞(A),Statistics,223.0,231.0,238.0,245.0,247.0,250.0,252.0,251.0,259.0,256.0,256.0,257.0,260.0,265.0,263.0,264.0,259.0,261.0,261.0,275.0
노원구 - 노인천명당 노인여가복지시설수＜br＞(A÷B×1000),Statistics,3.4,3.5,3.4,3.4,3.3,3.2,3.1,3.0,2.9,2.8,2.7,2.6,2.5,2.4,2.3,2.2,2.1,2.0,2.0,2.0
논산시 - 60세이상 주민등록인구＜br＞(B),Statistics,29062.0,29317.0,29392.0,29996.0,30702.0,31384.0,32359.0,32791.0,33468.0,34166.0,35275.0,36484.0,37554.0,38647.0,39659.0,41021.0,42380.0,43449.0,44305.0,44851.0
논산시 - 노인여가복지시설수＜br＞(A),Statistics,444.0,454.0,452.0,462.0,469.0,478.0,482.0,491.0,493.0,502.0,519.0,518.0,525.0,525.0,525.0,520.0,526.0,528.0,523.0,524.0
논산시 - 노인천명당 노인여가복지시설수＜br＞(A÷B×1000),Statistics,15.3,15.5,15.4,15.4,15.3,15.2,14.9,15.0,14.7,14.7,14.7,14.2,14.0,13.6,13.2,12.7,12.4,12.2,11.8,11.7
단양군 - 60세이상 주민등록인구＜br＞(B),Statistics,8441.0,8512.0,8459.0,8592.0,8772.0,8941.0,9124.0,9233.0,9482.0,9702.0,10057.0,10429.0,10808.0,11295.0,11759.0,12251.0,12697.0,13122.0,13430.0,13775.0
단양군 - 노인여가복지시설수＜br＞(A),Statistics,149.0,151.0,152.0,153.0,154.0,153.0,156.0,156.0,157.0,159.0,159.0,161.0,161.0,161.0,162.0,163.0,164.0,166.0,166.0,166.0
단양군 - 노인천명당 노인여가복지시설수＜br＞(A÷B×1000),Statistics,17.7,17.7,18.0,17.8,17.6,17.1,17.1,16.9,16.6,16.4,15.8,15.4,14.9,14.3,13.8,13.3,12.9,12.7,12.4,12.1
달서구 - 60세이상 주민등록인구＜br＞(B),Statistics,52240.0,53296.0,54895.0,57923.0,61740.0,65140.0,69385.0,72802.0,77845.0,82460.0,87068.0,92522.0,97677.0,103085.0,109105.0,117447.0,124161.0,130576.0,136231.0,141325.0
달서구 - 노인여가복지시설수＜br＞(A),Statistics,225.0,227.0,228.0,234.0,246.0,246.0,257.0,263.0,266.0,267.0,267.0,272.0,275.0,271.0,280.0,277.0,277.0,277.0,279.0,284.0
달서구 - 노인천명당 노인여가복지시설수＜br＞(A÷B×1000),Statistics,4.3,4.3,4.2,4.0,4.0,3.8,3.7,3.6,3.4,3.2,3.1,2.9,2.8,2.6,2.6,2.4,2.2,2.1,2.0,2.0
달성군 - 60세이상 주민등록인구＜br＞(B),Statistics,19114.0,19650.0,20087.0,20971.0,22424.0,23614.0,24865.0,25819.0,27362.0,28391.0,29591.0,32223.0,36071.0,40561.0,43592.0,47276.0,50934.0,54825.0,58168.0,60784.0
달성군 - 노인여가복지시설수＜br＞(A),Statistics,231.0,235.0,244.0,249.0,258.0,258.0,271.0,267.0,279.0,283.0,280.0,284.0,290.0,310.0,318.0,324.0,325.0,329.0,333.0,340.0
달성군 - 노인천명당 노인여가복지시설수＜br＞(A÷B×1000),Statistics,12.1,12.0,12.1,11.9,11.5,10.9,10.9,10.3,10.2,10.0,9.5,8.8,8.0,7.6,7.3,6.9,6.4,6.0,5.7,5.6
담양군 - 60세이상 주민등록인구＜br＞(B),Statistics,13774.0,13922.0,14078.0,14535.0,14734.0,14925.0,15319.0,15425.0,15653.0,15923.0,16287.0,16687.0,16999.0,17500.0,17915.0,18309.0,19095.0,19631.0,20173.0,20562.0
담양군 - 노인여가복지시설수＜br＞(A),Statistics,243.0,269.0,289.0,304.0,315.0,329.0,334.0,319.0,340.0,349.0,348.0,349.0,352.0,356.0,362.0,364.0,366.0,367.0,368.0,369.0
담양군 - 노인천명당 노인여가복지시설수＜br＞(A÷B×1000),Statistics,17.6,19.3,20.5,20.9,21.4,22.0,21.8,20.7,21.7,21.9,21.4,20.9,20.7,20.3,20.2,19.9,19.2,18.7,18.2,17.9
당진시 - 60세이상 주민등록인구＜br＞(B),Statistics,,,,,,,,,32441.0,33255.0,34240.0,35809.0,37020.0,38492.0,39911.0,41505.0,43495.0,45602.0,47632.0,49227.0
당진시 - 노인여가복지시설수＜br＞(A),Statistics,,,,,,,,,332.0,333.0,341.0,344.0,351.0,358.0,363.0,347.0,364.0,366.0,369.0,374.0
당진시 - 노인천명당 노인여가복지시설수＜br＞(A÷B×1000),Statistics,,,,,,,,,10.2,10.0,10.0,9.6,9.5,9.3,9.1,8.4,8.4,8.0,7.7,7.6
대구광역시 - 60세이상 주민등록인구＜br＞(B),Statistics,287300.0,293461.0,300873.0,315612.0,331818.0,347399.0,366227.0,380433.0,401870.0,419926.0,438702.0,462409.0,485662.0,510382.0,532908.0,561258.0,589060.0,613267.0,635665.0,671088.0
대구광역시 - 노인여가복지시설수＜br＞(A),Statistics,1214.0,1230.0,1267.0,1309.0,1341.0,1342.0,1417.0,1444.0,1462.0,1477.0,1490.0,1502.0,1516.0,1529.0,1562.0,1567.0,1574.0,1584.0,1609.0,1858.0
대구광역시 - 노인천명당 노인여가복지시설수＜br＞(A÷B×1000),Statistics,4.2,4.2,4.2,4.1,4.0,3.9,3.9,3.8,3.6,3.5,3.4,3.2,3.1,3.0,2.9,2.8,2.7,2.6,2.5,2.8
대덕구 - 60세이상 주민등록인구＜br＞(B),Statistics,20060.0,20551.0,21091.0,22180.0,23217.0,24242.0,25499.0,26540.0,28067.0,29207.0,30848.0,32604.0,34387.0,36203.0,38004.0,39998.0,42725.0,45220.0,47469.0,49059.0
대덕구 - 노인여가복지시설수＜br＞(A),Statistics,108.0,114.0,117.0,117.0,115.0,115.0,122.0,117.0,118.0,126.0,126.0,125.0,119.0,121.0,122.0,122.0,119.0,119.0,124.0,125.0
대덕구 - 노인천명당 노인여가복지시설수＜br＞(A÷B×1000),Statistics,5.4,5.5,5.5,5.3,5.0,4.7,4.8,4.4,4.2,4.3,4.1,3.8,3.5,3.3,3.2,3.1,2.8,2.6,2.6,2.5
대전광역시 - 60세이상 주민등록인구＜br＞(B),Statistics,143475.0,148792.0,154505.0,162903.0,170873.0,179141.0,189437.0,196937.0,207941.0,217453.0,229976.0,243621.0,257327.0,271745.0,285272.0,300403.0,317204.0,332427.0,345759.0,357071.0
대전광역시 - 노인여가복지시설수＜br＞(A),Statistics,678.0,695.0,725.0,736.0,752.0,768.0,788.0,777.0,794.0,826.0,819.0,826.0,824.0,833.0,837.0,844.0,848.0,850.0,862.0,871.0
대전광역시 - 노인천명당 노인여가복지시설수＜br＞(A÷B×1000),Statistics,4.7,4.7,4.7,4.5,4.4,4.3,4.2,3.9,3.8,3.8,3.6,3.4,3.2,3.1,2.9,2.8,2.7,2.6,2.5,2.4
도봉구 - 60세이상 주민등록인구＜br＞(B),Statistics,41441.0,43407.0,45652.0,48469.0,51100.0,53232.0,55951.0,57684.0,60928.0,63516.0,66652.0,70823.0,74873.0,79105.0,83158.0,87042.0,90895.0,93107.0,95729.0,98511.0
도봉구 - 노인여가복지시설수＜br＞(A),Statistics,123.0,127.0,131.0,133.0,134.0,135.0,139.0,139.0,143.0,143.0,145.0,147.0,147.0,147.0,147.0,149.0,149.0,145.0,141.0,151.0
도봉구 - 노인천명당 노인여가복지시설수＜br＞(A÷B×1000),Statistics,3.0,2.9,2.9,2.7,2.6,2.5,2.5,2.4,2.3,2.3,2.2,2.1,2.0,1.9,1.8,1.7,1.6,1.6,1.5,1.5
동구 - 60세이상 주민등록인구＜br＞(B),Statistics,20174.0,20422.0,20784.0,21479.0,22129.0,22875.0,24022.0,24648.0,25429.0,26082.0,26908.0,27687.0,28372.0,29283.0,29717.0,30909.0,32143.0,32342.0,32658.0,33248.0
동구 - 노인여가복지시설수＜br＞(A),Statistics,69.0,74.0,74.0,67.0,66.0,71.0,72.0,75.0,76.0,75.0,76.0,78.0,79.0,81.0,81.0,81.0,83.0,83.0,86.0,86.0
동구 - 노인천명당 노인여가복지시설수＜br＞(A÷B×1000),Statistics,3.4,3.6,3.6,3.1,3.0,3.1,3.0,3.0,3.0,2.9,2.8,2.8,2.8,2.8,2.7,2.6,2.6,2.6,2.6,2.6
동대문구 - 60세이상 주민등록인구＜br＞(B),Statistics,48735.0,50977.0,52927.0,55207.0,56856.0,58150.0,62075.0,63581.0,66485.0,68968.0,71679.0,74811.0,77146.0,80003.0,82392.0,85295.0,88004.0,88504.0,90467.0,92671.0
동대문구 - 노인여가복지시설수＜br＞(A),Statistics,108.0,110.0,120.0,126.0,127.0,131.0,133.0,140.0,137.0,146.0,147.0,146.0,149.0,149.0,152.0,152.0,151.0,148.0,153.0,155.0
동대문구 - 노인천명당 노인여가복지시설수＜br＞(A÷B×1000),Statistics,2.2,2.2,2.3,2.3,2.2,2.3,2.1,2.2,2.1,2.1,2.1,2.0,1.9,1.9,1.8,1.8,1.7,1.7,1.7,1.7
동두천시 - 60세이상 주민등록인구＜br＞(B),Statistics,11498.0,12194.0,13061.0,14198.0,15057.0,15781.0,16814.0,17346.0,18313.0,19044.0,19840.0,21068.0,22249.0,23360.0,24606.0,25751.0,27118.0,28041.0,28730.0,29528.0
동두천시 - 노인여가복지시설수＜br＞(A),Statistics,83.0,88.0,98.0,100.0,102.0,104.0,108.0,109.0,111.0,112.0,112.0,116.0,116.0,116.0,116.0,117.0,116.0,116.0,115.0,114.0
동두천시 - 노인천명당 노인여가복지시설수＜br＞(A÷B×1000),Statistics,7.2,7.2,7.5,7.0,6.8,6.6,6.4,6.3,6.1,5.9,5.6,5.5,5.2,5.0,4.7,4.5,4.3,4.1,4.0,3.9
동래구 - 60세이상 주민등록인구＜br＞(B),Statistics,33378.0,34426.0,36183.0,38745.0,40847.0,43149.0,45835.0,47904.0,50339.0,52649.0,55275.0,58013.0,61014.0,63846.0,66030.0,69583.0,72804.0,74937.0,78122.0,79990.0
동래구 - 노인여가복지시설수＜br＞(A),Statistics,123.0,131.0,133.0,136.0,140.0,143.0,146.0,146.0,151.0,152.0,157.0,158.0,161.0,158.0,161.0,157.0,155.0,152.0,157.0,159.0
동래구 - 노인천명당 노인여가복지시설수＜br＞(A÷B×1000),Statistics,3.7,3.8,3.7,3.5,3.4,3.3,3.2,3.0,3.0,2.9,2.8,2.7,2.6,2.5,2.4,2.3,2.1,2.0,2.0,2.0
동작구 - 60세이상 주민등록인구＜br＞(B),Statistics,49025.0,51049.0,53085.0,55495.0,57380.0,59667.0,63334.0,64861.0,68114.0,71256.0,74005.0,76637.0,79773.0,82492.0,85988.0,89631.0,92939.0,94536.0,95532.0,97181.0
동작구 - 노인여가복지시설수＜br＞(A),Statistics,102.0,108.0,114.0,118.0,125.0,132.0,134.0,140.0,162.0,149.0,152.0,150.0,148.0,152.0,152.0,156.0,151.0,151.0,155.0,163.0
동작구 - 노인천명당 노인여가복지시설수＜br＞(A÷B×1000),Statistics,2.1,2.1,2.1,2.1,2.2,2.2,2.1,2.2,2.4,2.1,2.1,2.0,1.9,1.8,1.8,1.7,1.6,1.6,1.6,1.7
동해시 - 60세이상 주민등록인구＜br＞(B),Statistics,14453.0,14783.0,15097.0,15655.0,16260.0,16742.0,17300.0,17746.0,18390.0,19185.0,20016.0,20986.0,21779.0,22836.0,23812.0,24967.0,26292.0,27277.0,28289.0,29037.0
동해시 - 노인여가복지시설수＜br＞(A),Statistics,82.0,82.0,83.0,90.0,92.0,93.0,95.0,96.0,102.0,103.0,104.0,109.0,112.0,114.0,120.0,124.0,128.0,133.0,138.0,140.0
동해시 - 노인천명당 노인여가복지시설수＜br＞(A÷B×1000),Statistics,5.7,5.5,5.5,5.7,5.7,5.6,5.5,5.4,5.5,5.4,5.2,5.2,5.1,5.0,5.0,5.0,4.9,4.9,4.9,4.8
마포구 - 60세이상 주민등록인구＜br＞(B),Statistics,46893.0,48785.0,50438.0,53007.0,53534.0,55316.0,59265.0,59922.0,61684.0,62951.0,65100.0,67797.0,68446.0,70186.0,72292.0,74729.0,76979.0,77808.0,79048.0,80919.0
마포구 - 노인여가복지시설수＜br＞(A),Statistics,113.0,126.0,138.0,144.0,147.0,153.0,157.0,161.0,158.0,162.0,165.0,167.0,170.0,170.0,172.0,173.0,169.0,170.0,172.0,176.0
마포구 - 노인천명당 노인여가복지시설수＜br＞(A÷B×1000),Statistics,2.4,2.6,2.7,2.7,2.7,2.8,2.6,2.7,2.6,2.6,2.5,2.5,2.5,2.4,2.4,2.3,2.2,2.2,2.2,2.2
목포시 - 60세이상 주민등록인구＜br＞(B),Statistics,27878.0,29088.0,30158.0,31776.0,33099.0,34515.0,36345.0,37738.0,39431.0,40538.0,42002.0,43886.0,45664.0,47768.0,49838.0,52203.0,54675.0,56589.0,58186.0,59920.0
목포시 - 노인여가복지시설수＜br＞(A),Statistics,109.0,126.0,147.0,151.0,158.0,170.0,176.0,279.0,186.0,187.0,195.0,196.0,199.0,210.0,221.0,203.0,215.0,212.0,214.0,214.0
목포시 - 노인천명당 노인여가복지시설수＜br＞(A÷B×1000),Statistics,3.9,4.3,4.9,4.8,4.8,4.9,4.8,7.4,4.7,4.6,4.6,4.5,4.4,4.4,4.4,3.9,3.9,3.7,3.7,3.6
무안군 - 60세이상 주민등록인구＜br＞(B),Statistics,16209.0,16530.0,16748.0,17180.0,17631.0,18266.0,18683.0,19018.0,19364.0,19746.0,20099.0,20589.0,20977.0,21505.0,22020.0,22518.0,23608.0,24569.0,25177.0,25735.0
무안군 - 노인여가복지시설수＜br＞(A),Statistics,317.0,363.0,379.0,386.0,393.0,404.0,408.0,638.0,413.0,410.0,415.0,412.0,414.0,413.0,411.0,416.0,415.0,412.0,419.0,418.0
무안군 - 노인천명당 노인여가복지시설수＜br＞(A÷B×1000),Statistics,19.6,22.0,22.6,22.5,22.3,22.1,21.8,33.5,21.3,20.8,20.6,20.0,19.7,19.2,18.7,18.5,17.6,16.8,16.6,16.2
무주군 - 60세이상 주민등록인구＜br＞(B),Statistics,7942.0,7956.0,8025.0,8192.0,8236.0,8317.0,8518.0,8622.0,8767.0,8876.0,9083.0,9365.0,9509.0,9795.0,9954.0,10182.0,10442.0,10749.0,11053.0,11200.0
무주군 - 노인여가복지시설수＜br＞(A),Statistics,220.0,226.0,228.0,234.0,248.0,254.0,263.0,266.0,267.0,269.0,271.0,271.0,270.0,271.0,272.0,272.0,270.0,271.0,271.0,271.0
무주군 - 노인천명당 노인여가복지시설수＜br＞(A÷B×1000),Statistics,27.7,28.4,28.4,28.6,30.1,30.5,30.9,30.9,30.5,30.3,29.8,28.9,28.4,27.7,27.3,26.7,25.9,25.2,24.5,24.2
문경시 - 60세이상 주민등록인구＜br＞(B),Statistics,20037.0,20043.0,19990.0,20298.0,20860.0,21349.0,22045.0,22457.0,23028.0,23545.0,24212.0,24884.0,25739.0,26501.0,27154.0,28118.0,28997.0,29957.0,30404.0,30832.0
문경시 - 노인여가복지시설수＜br＞(A),Statistics,286.0,294.0,313.0,323.0,330.0,339.0,346.0,363.0,364.0,366.0,369.0,373.0,376.0,385.0,387.0,393.0,393.0,395.0,396.0,398.0
문경시 - 노인천명당 노인여가복지시설수＜br＞(A÷B×1000),Statistics,14.3,14.7,15.7,15.9,15.8,15.9,15.7,16.2,15.8,15.5,15.2,15.0,14.6,14.5,14.3,14.0,13.6,13.2,13.0,12.9
미추홀구 - 60세이상 주민등록인구＜br＞(B),Statistics,,,,,,,,,,,,,,,93500.0,97627.0,101870.0,106199.0,110103.0,114037.0
미추홀구 - 노인여가복지시설수＜br＞(A),Statistics,,,,,,,,,,,,,,,164.0,167.0,171.0,172.0,171.0,170.0
미추홀구 - 노인천명당 노인여가복지시설수＜br＞(A÷B×1000),Statistics,,,,,,,,,,,,,,,1.8,1.7,1.7,1.6,1.6,1.5
밀양시 - 60세이상 주민등록인구＜br＞(B),Statistics,25307.0,25318.0,25610.0,26419.0,27131.0,27805.0,28725.0,29488.0,30563.0,31565.0,32514.0,33957.0,35407.0,37098.0,38489.0,39912.0,41583.0,42946.0,44235.0,45303.0
밀양시 - 노인여가복지시설수＜br＞(A),Statistics,257.0,281.0,296.0,317.0,332.0,360.0,374.0,393.0,399.0,406.0,409.0,413.0,415.0,420.0,424.0,431.0,434.0,435.0,441.0,445.0
밀양시 - 노인천명당 노인여가복지시설수＜br＞(A÷B×1000),Statistics,10.2,11.1,11.6,12.0,12.2,12.9,13.0,13.3,13.1,12.9,12.6,12.2,11.7,11.3,11.0,10.8,10.4,10.1,10.0,9.8
보령시 - 60세이상 주민등록인구＜br＞(B),Statistics,22264.0,22533.0,22830.0,23655.0,24357.0,25031.0,26021.0,26640.0,27376.0,27955.0,28858.0,30076.0,31007.0,32009.0,32988.0,34163.0,35651.0,36810.0,37856.0,38410.0
보령시 - 노인여가복지시설수＜br＞(A),Statistics,306.0,328.0,333.0,337.0,343.0,351.0,363.0,369.0,376.0,382.0,390.0,394.0,397.0,399.0,403.0,406.0,408.0,415.0,418.0,419.0
보령시 - 노인천명당 노인여가복지시설수＜br＞(A÷B×1000),Statistics,13.7,14.6,14.6,14.2,14.1,14.0,14.0,13.9,13.7,13.7,13.5,13.1,12.8,12.5,12.2,11.9,11.4,11.3,11.0,10.9
보성군 - 60세이상 주민등록인구＜br＞(B),Statistics,17642.0,17586.0,17464.0,17528.0,17561.0,17715.0,17905.0,17988.0,18181.0,18238.0,18442.0,18617.0,18763.0,19008.0,19163.0,19433.0,19758.0,19929.0,20084.0,20183.0
보성군 - 노인여가복지시설수＜br＞(A),Statistics,243.0,281.0,317.0,347.0,364.0,377.0,391.0,404.0,420.0,423.0,432.0,435.0,437.0,443.0,443.0,444.0,448.0,451.0,451.0,450.0
보성군 - 노인천명당 노인여가복지시설수＜br＞(A÷B×1000),Statistics,13.8,16.0,18.2,19.8,20.7,21.3,21.8,22.5,23.1,23.2,23.4,23.4,23.3,23.3,23.1,22.8,22.7,22.6,22.5,22.3
보은군 - 60세이상 주민등록인구＜br＞(B),Statistics,11321.0,11259.0,11195.0,11318.0,11479.0,11667.0,11869.0,12003.0,12168.0,12318.0,12612.0,13005.0,13438.0,13888.0,14303.0,14651.0,15030.0,15524.0,15845.0,16099.0
보은군 - 노인여가복지시설수＜br＞(A),Statistics,255.0,258.0,264.0,263.0,272.0,271.0,274.0,275.0,277.0,278.0,280.0,280.0,283.0,283.0,285.0,290.0,290.0,291.0,291.0,292.0
보은군 - 노인천명당 노인여가복지시설수＜br＞(A÷B×1000),Statistics,22.5,22.9,23.6,23.2,23.7,23.2,23.1,22.9,22.8,22.6,22.2,21.5,21.1,20.4,19.9,19.8,19.3,18.7,18.4,18.1
봉화군 - 60세이상 주민등록인구＜br＞(B),Statistics,11757.0,11672.0,11632.0,11767.0,11911.0,12063.0,12254.0,12346.0,12628.0,12825.0,13173.0,13566.0,13851.0,14239.0,14541.0,14883.0,15290.0,15610.0,15993.0,16114.0
봉화군 - 노인여가복지시설수＜br＞(A),Statistics,173.0,180.0,189.0,191.0,205.0,212.0,219.0,219.0,226.0,233.0,249.0,252.0,255.0,256.0,257.0,263.0,263.0,264.0,264.0,261.0
봉화군 - 노인천명당 노인여가복지시설수＜br＞(A÷B×1000),Statistics,14.7,15.4,16.2,16.2,17.2,17.6,17.9,17.7,17.9,18.2,18.9,18.6,18.4,18.0,17.7,17.7,17.2,16.9,16.5,16.2
부산광역시 - 60세이상 주민등록인구＜br＞(B),Statistics,455223.0,468623.0,486883.0,512579.0,538619.0,565237.0,599836.0,623335.0,657106.0,686144.0,720268.0,762654.0,798789.0,837866.0,874182.0,914540.0,957514.0,986656.0,1015212.0,1040733.0
부산광역시 - 노인여가복지시설수＜br＞(A),Statistics,2010.0,2049.0,2124.0,2082.0,2111.0,2165.0,2209.0,2244.0,2289.0,2314.0,2378.0,2430.0,2444.0,2469.0,2509.0,2522.0,2529.0,2530.0,2558.0,2594.0
부산광역시 - 노인천명당 노인여가복지시설수＜br＞(A÷B×1000),Statistics,4.4,4.4,4.4,4.1,3.9,3.8,3.7,3.6,3.5,3.4,3.3,3.2,3.1,2.9,2.9,2.8,2.6,2.6,2.5,2.5
부산진구 - 60세이상 주민등록인구＜br＞(B),Statistics,54569.0,56325.0,57932.0,60368.0,63372.0,65988.0,69931.0,72343.0,75664.0,78518.0,81926.0,85813.0,89029.0,92244.0,94609.0,98131.0,102454.0,104282.0,107526.0,110469.0
부산진구 - 노인여가복지시설수＜br＞(A),Statistics,245.0,251.0,256.0,234.0,237.0,242.0,245.0,249.0,252.0,257.0,266.0,274.0,275.0,283.0,281.0,282.0,283.0,285.0,285.0,292.0
부산진구 - 노인천명당 노인여가복지시설수＜br＞(A÷B×1000),Statistics,4.5,4.5,4.4,3.9,3.7,3.7,3.5,3.4,3.3,3.3,3.2,3.2,3.1,3.1,3.0,2.9,2.8,2.7,2.7,2.6
부안군 - 60세이상 주민등록인구＜br＞(B),Statistics,18048.0,18028.0,18043.0,18351.0,18469.0,18787.0,19214.0,19412.0,19727.0,19881.0,20190.0,20605.0,20956.0,21418.0,21685.0,22165.0,22658.0,23006.0,23351.0,23566.0
부안군 - 노인여가복지시설수＜br＞(A),Statistics,314.0,348.0,362.0,387.0,423.0,439.0,456.0,459.0,461.0,469.0,469.0,468.0,471.0,471.0,478.0,475.0,477.0,479.0,479.0,482.0
부안군 - 노인천명당 노인여가복지시설수＜br＞(A÷B×1000),Statistics,17.4,19.3,20.1,21.1,22.9,23.4,23.7,23.6,23.4,23.6,23.2,22.7,22.5,22.0,22.0,21.4,21.1,20.8,20.5,20.5
부여군 - 60세이상 주민등록인구＜br＞(B),Statistics,22521.0,22530.0,22535.0,22764.0,23064.0,23464.0,23968.0,24198.0,24582.0,24878.0,25550.0,26313.0,27001.0,27759.0,28353.0,29013.0,29867.0,30510.0,30855.0,30985.0
부여군 - 노인여가복지시설수＜br＞(A),Statistics,413.0,419.0,432.0,443.0,450.0,452.0,457.0,455.0,458.0,458.0,458.0,460.0,462.0,466.0,463.0,466.0,466.0,469.0,471.0,471.0
부여군 - 노인천명당 노인여가복지시설수＜br＞(A÷B×1000),Statistics,18.3,18.6,19.2,19.5,19.5,19.3,19.1,18.8,18.6,18.4,17.9,17.5,17.1,16.8,16.3,16.1,15.6,15.4,15.3,15.2
부천시 - 60세이상 주민등록인구＜br＞(B),Statistics,70654.0,72910.0,76390.0,80983.0,85627.0,90097.0,95597.0,99431.0,106321.0,111801.0,118586.0,127416.0,136967.0,147314.0,157419.0,168500.0,180394.0,190456.0,198836.0,206727.0
부천시 - 노인여가복지시설수＜br＞(A),Statistics,331.0,339.0,343.0,352.0,354.0,356.0,355.0,362.0,366.0,371.0,371.0,361.0,372.0,828.0,377.0,391.0,381.0,377.0,376.0,374.0
부천시 - 노인천명당 노인여가복지시설수＜br＞(A÷B×1000),Statistics,4.7,4.6,4.5,4.3,4.1,4.0,3.7,3.6,3.4,3.3,3.1,2.8,2.7,5.6,2.4,2.3,2.1,2.0,1.9,1.8
부평구 - 60세이상 주민등록인구＜br＞(B),Statistics,51420.0,54007.0,56560.0,59787.0,62516.0,65293.0,68971.0,70842.0,74912.0,78300.0,82790.0,88568.0,92887.0,97870.0,102833.0,108199.0,113656.0,118842.0,125287.0,131436.0
부평구 - 노인여가복지시설수＜br＞(A),Statistics,176.0,187.0,194.0,187.0,200.0,193.0,201.0,200.0,202.0,205.0,205.0,205.0,203.0,198.0,199.0,194.0,190.0,196.0,191.0,192.0
부평구 - 노인천명당 노인여가복지시설수＜br＞(A÷B×1000),Statistics,3.4,3.5,3.4,3.1,3.2,3.0,2.9,2.8,2.7,2.6,2.5,2.3,2.2,2.0,1.9,1.8,1.7,1.6,1.5,1.5
북구 - 60세이상 주민등록인구＜br＞(B),Statistics,31290.0,32640.0,34093.0,35986.0,37444.0,39383.0,41649.0,43408.0,46626.0,48972.0,52022.0,56517.0,60237.0,63843.0,67553.0,71631.0,76119.0,80861.0,84547.0,87676.0
북구 - 노인여가복지시설수＜br＞(A),Statistics,142.0,148.0,155.0,148.0,148.0,150.0,150.0,150.0,157.0,156.0,157.0,161.0,163.0,166.0,163.0,167.0,166.0,166.0,168.0,171.0
북구 - 노인천명당 노인여가복지시설수＜br＞(A÷B×1000),Statistics,4.5,4.5,4.5,4.1,4.0,3.8,3.6,3.5,3.4,3.2,3.0,2.8,2.7,2.6,2.4,2.3,2.2,2.1,2.0,2.0
사상구 - 60세이상 주민등록인구＜br＞(B),Statistics,26219.0,26942.0,27981.0,29533.0,31243.0,32670.0,34879.0,36500.0,38644.0,40710.0,43161.0,45895.0,48271.0,51342.0,54022.0,57148.0,60434.0,63291.0,65436.0,67848.0
사상구 - 노인여가복지시설수＜br＞(A),Statistics,130.0,129.0,131.0,130.0,131.0,132.0,134.0,136.0,138.0,139.0,140.0,146.0,144.0,143.0,145.0,146.0,146.0,146.0,145.0,147.0
사상구 - 노인천명당 노인여가복지시설수＜br＞(A÷B×1000),Statistics,5.0,4.8,4.7,4.4,4.2,4.0,3.8,3.7,3.6,3.4,3.2,3.2,3.0,2.8,2.7,2.6,2.4,2.3,2.2,2.2
사천시 - 60세이상 주민등록인구＜br＞(B),Statistics,20829.0,21051.0,21456.0,22045.0,22693.0,23368.0,24108.0,24762.0,25598.0,26313.0,27275.0,28427.0,29370.0,30336.0,31319.0,32324.0,33780.0,35035.0,36220.0,36849.0
사천시 - 노인여가복지시설수＜br＞(A),Statistics,272.0,278.0,294.0,305.0,313.0,322.0,325.0,329.0,332.0,335.0,339.0,342.0,341.0,338.0,337.0,343.0,343.0,344.0,346.0,345.0
사천시 - 노인천명당 노인여가복지시설수＜br＞(A÷B×1000),Statistics,13.1,13.2,13.7,13.8,13.8,13.8,13.5,13.3,13.0,12.7,12.4,12.0,11.6,11.1,10.8,10.6,10.2,9.8,9.6,9.4
사하구 - 60세이상 주민등록인구＜br＞(B),Statistics,39350.0,40612.0,42263.0,44518.0,47212.0,49275.0,52195.0,54365.0,57610.0,60423.0,63658.0,67766.0,71888.0,76810.0,80560.0,84589.0,88693.0,92066.0,95520.0,98169.0
사하구 - 노인여가복지시설수＜br＞(A),Statistics,141.0,150.0,158.0,151.0,153.0,159.0,160.0,167.0,176.0,176.0,181.0,183.0,190.0,194.0,199.0,202.0,205.0,206.0,207.0,212.0
사하구 - 노인천명당 노인여가복지시설수＜br＞(A÷B×1000),Statistics,3.6,3.7,3.7,3.4,3.2,3.2,3.1,3.1,3.1,2.9,2.8,2.7,2.6,2.5,2.5,2.4,2.3,2.2,2.2,2.2
산청군 - 60세이상 주민등록인구＜br＞(B),Statistics,12210.0,12195.0,12255.0,12454.0,12548.0,12722.0,13023.0,13173.0,13491.0,13733.0,14101.0,14584.0,14942.0,15369.0,15776.0,16222.0,16806.0,17388.0,17858.0,18132.0
산청군 - 노인여가복지시설수＜br＞(A),Statistics,267.0,294.0,310.0,288.0,295.0,310.0,318.0,327.0,333.0,337.0,339.0,340.0,341.0,381.0,345.0,344.0,345.0,348.0,348.0,348.0
산청군 - 노인천명당 노인여가복지시설수＜br＞(A÷B×1000),Statistics,21.9,24.1,25.3,23.1,23.5,24.4,24.4,24.8,24.7,24.5,24.0,23.3,22.8,24.8,21.9,21.2,20.5,20.0,19.5,19.2
삼척시 - 60세이상 주민등록인구＜br＞(B),Statistics,15107.0,15308.0,15441.0,15788.0,16168.0,16570.0,17114.0,17189.0,17761.0,18288.0,18823.0,19426.0,19957.0,20609.0,21284.0,22101.0,22963.0,23539.0,24178.0,24571.0
삼척시 - 노인여가복지시설수＜br＞(A),Statistics,154.0,173.0,187.0,194.0,204.0,213.0,214.0,218.0,221.0,230.0,227.0,230.0,239.0,240.0,240.0,243.0,245.0,245.0,247.0,248.0
삼척시 - 노인천명당 노인여가복지시설수＜br＞(A÷B×1000),Statistics,10.2,11.3,12.1,12.3,12.6,12.9,12.5,12.7,12.4,12.6,12.1,11.8,12.0,11.6,11.3,11.0,10.7,10.4,10.2,10.1
상주시 - 60세이상 주민등록인구＜br＞(B),Statistics,30235.0,30024.0,29882.0,30227.0,30639.0,31482.0,31998.0,32335.0,33306.0,33953.0,34669.0,35620.0,36414.0,37398.0,38405.0,39830.0,40661.0,41581.0,42422.0,43134.0
상주시 - 노인여가복지시설수＜br＞(A),Statistics,492.0,504.0,514.0,525.0,532.0,544.0,553.0,558.0,568.0,573.0,577.0,581.0,584.0,588.0,588.0,590.0,590.0,589.0,590.0,595.0
상주시 - 노인천명당 노인여가복지시설수＜br＞(A÷B×1000),Statistics,16.3,16.8,17.2,17.4,17.4,17.3,17.3,17.3,17.1,16.9,16.6,16.3,16.0,15.7,15.3,14.8,14.5,14.2,13.9,13.8
서구 - 60세이상 주민등록인구＜br＞(B),Statistics,23504.0,23946.0,24459.0,25225.0,26007.0,26781.0,28360.0,29047.0,30025.0,30766.0,31952.0,32972.0,33577.0,34214.0,35386.0,36317.0,37770.0,37938.0,38759.0,39243.0
서구 - 노인여가복지시설수＜br＞(A),Statistics,81.0,85.0,88.0,85.0,77.0,77.0,78.0,77.0,77.0,77.0,76.0,77.0,79.0,80.0,79.0,79.0,80.0,80.0,83.0,88.0
서구 - 노인천명당 노인여가복지시설수＜br＞(A÷B×1000),Statistics,3.4,3.5,3.6,3.4,3.0,2.9,2.8,2.7,2.6,2.5,2.4,2.3,2.4,2.3,2.2,2.2,2.1,2.1,2.1,2.2
서귀포시 - 60세이상 주민등록인구＜br＞(B),Statistics,,,28081.0,29164.0,30309.0,31193.0,32361.0,33131.0,34226.0,35190.0,36657.0,38781.0,41112.0,43392.0,45428.0,47547.0,50078.0,52017.0,54113.0,56161.0
서귀포시 - 노인여가복지시설수＜br＞(A),Statistics,,,137.0,139.0,140.0,141.0,137.0,142.0,142.0,138.0,143.0,144.0,151.0,155.0,151.0,154.0,155.0,154.0,165.0,165.0
서귀포시 - 노인천명당 노인여가복지시설수＜br＞(A÷B×1000),Statistics,,,4.9,4.8,4.6,4.5,4.2,4.3,4.1,3.9,3.9,3.7,3.7,3.6,3.3,3.2,3.1,3.0,3.0,2.9
서대문구 - 60세이상 주민등록인구＜br＞(B),Statistics,46708.0,48155.0,49925.0,52262.0,51784.0,53178.0,55681.0,55432.0,57595.0,59593.0,61421.0,64156.0,66565.0,68881.0,70991.0,73372.0,76057.0,76424.0,78238.0,80100.0
서대문구 - 노인여가복지시설수＜br＞(A),Statistics,96.0,100.0,104.0,109.0,102.0,104.0,103.0,101.0,110.0,110.0,110.0,112.0,116.0,119.0,122.0,126.0,127.0,125.0,129.0,131.0
서대문구 - 노인천명당 노인여가복지시설수＜br＞(A÷B×1000),Statistics,2.1,2.1,2.1,2.1,2.0,2.0,1.8,1.8,1.9,1.8,1.8,1.7,1.7,1.7,1.7,1.7,1.7,1.6,1.6,1.6
서산시 - 60세이상 주민등록인구＜br＞(B),Statistics,25732.0,25991.0,26533.0,27343.0,28437.0,29569.0,30622.0,31342.0,32502.0,33309.0,34553.0,36093.0,37641.0,39106.0,40931.0,42949.0,45309.0,47693.0,49723.0,51433.0
서산시 - 노인여가복지시설수＜br＞(A),Statistics,343.0,349.0,356.0,362.0,374.0,385.0,401.0,397.0,381.0,382.0,381.0,381.0,381.0,385.0,388.0,386.0,395.0,396.0,399.0,400.0
서산시 - 노인천명당 노인여가복지시설수＜br＞(A÷B×1000),Statistics,13.3,13.4,13.4,13.2,13.2,13.0,13.1,12.7,11.7,11.5,11.0,10.6,10.1,9.8,9.5,9.0,8.7,8.3,8.0,7.8
서울특별시 - 60세이상 주민등록인구＜br＞(B),Statistics,1110501.0,1156157.0,1209543.0,1279656.0,1342702.0,1408317.0,1504667.0,1543069.0,1619521.0,1683046.0,1759482.0,1847676.0,1923213.0,2006472.0,2084246.0,2179310.0,2275599.0,2320109.0,2376138.0,2440415.0
서울특별시 - 노인여가복지시설수＜br＞(A),Statistics,2910.0,3036.0,3152.0,3257.0,3322.0,3443.0,3495.0,3572.0,3640.0,3687.0,3743.0,3777.0,3808.0,3816.0,3885.0,3942.0,3910.0,3869.0,3868.0,4051.0
서울특별시 - 노인천명당 노인여가복지시설수＜br＞(A÷B×1000),Statistics,2.6,2.6,2.6,2.5,2.5,2.4,2.3,2.3,2.2,2.2,2.1,2.0,2.0,1.9,1.9,1.8,1.7,1.7,1.6,1.7
서천군 - 60세이상 주민등록인구＜br＞(B),Statistics,18737.0,18647.0,18570.0,18937.0,19325.0,19711.0,20270.0,20601.0,20967.0,21261.0,21719.0,22220.0,22546.0,22984.0,23333.0,23740.0,24384.0,24889.0,25208.0,25407.0
서천군 - 노인여가복지시설수＜br＞(A),Statistics,220.0,240.0,250.0,266.0,281.0,286.0,299.0,314.0,323.0,330.0,334.0,336.0,340.0,342.0,342.0,339.0,344.0,344.0,348.0,360.0
서천군 - 노인천명당 노인여가복지시설수＜br＞(A÷B×1000),Statistics,11.7,12.9,13.5,14.0,14.5,14.5,14.8,15.2,15.4,15.5,15.4,15.1,15.1,14.9,14.7,14.3,14.1,13.8,13.8,14.2
서초구 - 60세이상 주민등록인구＜br＞(B),Statistics,39139.0,40861.0,43666.0,46302.0,49293.0,54036.0,58271.0,59779.0,62946.0,66232.0,69802.0,73026.0,76554.0,79265.0,81122.0,84282.0,87079.0,86892.0,87717.0,90727.0
서초구 - 노인여가복지시설수＜br＞(A),Statistics,117.0,123.0,122.0,122.0,118.0,126.0,131.0,132.0,132.0,122.0,144.0,145.0,146.0,145.0,149.0,152.0,151.0,145.0,148.0,152.0
서초구 - 노인천명당 노인여가복지시설수＜br＞(A÷B×1000),Statistics,3.0,3.0,2.8,2.6,2.4,2.3,2.2,2.2,2.1,1.8,2.1,2.0,1.9,1.8,1.8,1.8,1.7,1.7,1.7,1.7
성남시 - 60세이상 주민등록인구＜br＞(B),Statistics,93924.0,98092.0,100614.0,104690.0,109251.0,116139.0,123530.0,126915.0,133570.0,139806.0,146756.0,155832.0,164558.0,173310.0,181847.0,190787.0,201147.0,208608.0,215714.0,223470.0
성남시 - 노인여가복지시설수＜br＞(A),Statistics,291.0,285.0,287.0,300.0,305.0,324.0,346.0,353.0,357.0,372.0,381.0,379.0,387.0,392.0,388.0,395.0,394.0,394.0,380.0,408.0
성남시 - 노인천명당 노인여가복지시설수＜br＞(A÷B×1000),Statistics,3.1,2.9,2.9,2.9,2.8,2.8,2.8,2.8,2.7,2.7,2.6,2.4,2.4,2.3,2.1,2.1,2.0,1.9,1.8,1.8
성동구 - 60세이상 주민등록인구＜br＞(B),Statistics,39388.0,40704.0,41955.0,43970.0,43129.0,44253.0,46965.0,47143.0,48617.0,50101.0,51811.0,54700.0,57260.0,60384.0,63239.0,64907.0,67076.0,68087.0,69300.0,70599.0
성동구 - 노인여가복지시설수＜br＞(A),Statistics,130.0,134.0,136.0,140.0,143.0,144.0,145.0,151.0,157.0,161.0,163.0,168.0,172.0,178.0,180.0,179.0,179.0,177.0,177.0,183.0
성동구 - 노인천명당 노인여가복지시설수＜br＞(A÷B×1000),Statistics,3.3,3.3,3.2,3.2,3.3,3.3,3.1,3.2,3.2,3.2,3.1,3.1,3.0,2.9,2.8,2.8,2.7,2.6,2.6,2.6
성북구 - 60세이상 주민등록인구＜br＞(B),Statistics,58470.0,61087.0,64105.0,66380.0,69469.0,72110.0,77559.0,79057.0,82374.0,84743.0,86898.0,89644.0,92035.0,94827.0,97255.0,101861.0,105151.0,106495.0,109039.0,111312.0
성북구 - 노인여가복지시설수＜br＞(A),Statistics,114.0,122.0,129.0,136.0,142.0,151.0,151.0,155.0,159.0,167.0,171.0,173.0,172.0,176.0,181.0,190.0,190.0,184.0,188.0,196.0
성북구 - 노인천명당 노인여가복지시설수＜br＞(A÷B×1000),Statistics,1.9,2.0,2.0,2.0,2.0,2.1,1.9,2.0,1.9,2.0,2.0,1.9,1.9,1.9,1.9,1.9,1.8,1.7,1.7,1.8
성주군 - 60세이상 주민등록인구＜br＞(B),Statistics,12860.0,12832.0,12830.0,13095.0,13356.0,13710.0,14058.0,14378.0,14755.0,15123.0,15470.0,15969.0,16604.0,17114.0,17607.0,18348.0,19143.0,19898.0,20752.0,21149.0
성주군 - 노인여가복지시설수＜br＞(A),Statistics,159.0,158.0,218.0,197.0,217.0,236.0,243.0,245.0,256.0,262.0,270.0,274.0,276.0,279.0,281.0,283.0,286.0,288.0,288.0,296.0
성주군 - 노인천명당 노인여가복지시설수＜br＞(A÷B×1000),Statistics,12.4,12.3,17.0,15.0,16.2,17.2,17.3,17.0,17.4,17.3,17.5,17.2,16.6,16.3,16.0,15.4,14.9,14.5,13.9,14.0
세종특별자치시 - 60세이상 주민등록인구＜br＞(B),Statistics,,,,,,,,,22906.0,23913.0,26728.0,31351.0,34910.0,39401.0,43947.0,48533.0,52890.0,57169.0,61005.0,63482.0
세종특별자치시 - 노인여가복지시설수＜br＞(A),Statistics,,,,,,,,,300.0,399.0,401.0,431.0,452.0,462.0,486.0,202.0,505.0,504.0,515.0,522.0
세종특별자치시 - 노인천명당 노인여가복지시설수＜br＞(A÷B×1000),Statistics,,,,,,,,,13.1,16.7,15.0,13.7,12.9,11.7,11.1,4.2,9.5,8.8,8.4,8.2
속초시 - 60세이상 주민등록인구＜br＞(B),Statistics,11893.0,12352.0,12784.0,13259.0,13714.0,14096.0,14569.0,14787.0,15444.0,16052.0,16853.0,17704.0,18597.0,19741.0,20754.0,21980.0,23453.0,24663.0,25542.0,26491.0
속초시 - 노인여가복지시설수＜br＞(A),Statistics,52.0,54.0,55.0,59.0,62.0,68.0,71.0,72.0,78.0,80.0,82.0,85.0,87.0,87.0,89.0,91.0,93.0,95.0,96.0,98.0
속초시 - 노인천명당 노인여가복지시설수＜br＞(A÷B×1000),Statistics,4.4,4.4,4.3,4.4,4.5,4.8,4.9,4.9,5.1,5.0,4.9,4.8,4.7,4.4,4.3,4.1,4.0,3.9,3.8,3.7
송파구 - 60세이상 주민등록인구＜br＞(B),Statistics,53272.0,55734.0,58922.0,64808.0,73301.0,78622.0,83813.0,86180.0,90628.0,95055.0,100092.0,106773.0,112457.0,119854.0,126720.0,135018.0,141574.0,146455.0,152030.0,156494.0
송파구 - 노인여가복지시설수＜br＞(A),Statistics,145.0,143.0,145.0,149.0,155.0,165.0,170.0,171.0,165.0,177.0,180.0,183.0,181.0,183.0,188.0,190.0,192.0,189.0,193.0,202.0
송파구 - 노인천명당 노인여가복지시설수＜br＞(A÷B×1000),Statistics,2.7,2.6,2.5,2.3,2.1,2.1,2.0,2.0,1.8,1.9,1.8,1.7,1.6,1.5,1.5,1.4,1.4,1.3,1.3,1.3
수성구 - 60세이상 주민등록인구＜br＞(B),Statistics,50886.0,51061.0,52415.0,55165.0,57951.0,60923.0,64065.0,66198.0,69696.0,72803.0,75197.0,78607.0,82177.0,85596.0,88534.0,92780.0,96789.0,100072.0,103291.0,106515.0
수성구 - 노인여가복지시설수＜br＞(A),Statistics,186.0,193.0,201.0,215.0,223.0,224.0,237.0,243.0,241.0,246.0,250.0,248.0,249.0,249.0,251.0,251.0,255.0,256.0,258.0,261.0
수성구 - 노인천명당 노인여가복지시설수＜br＞(A÷B×1000),Statistics,3.7,3.8,3.8,3.9,3.8,3.7,3.7,3.7,3.5,3.4,3.3,3.2,3.0,2.9,2.8,2.7,2.6,2.6,2.5,2.5
수영구 - 60세이상 주민등록인구＜br＞(B),Statistics,24610.0,25402.0,26679.0,28531.0,30149.0,32115.0,33849.0,35136.0,37130.0,38701.0,41136.0,43642.0,45495.0,47650.0,49097.0,51374.0,53283.0,54473.0,55824.0,57135.0
수영구 - 노인여가복지시설수＜br＞(A),Statistics,60.0,65.0,66.0,66.0,75.0,74.0,76.0,80.0,84.0,86.0,88.0,92.0,92.0,94.0,98.0,99.0,96.0,99.0,99.0,100.0
수영구 - 노인천명당 노인여가복지시설수＜br＞(A÷B×1000),Statistics,2.4,2.6,2.5,2.3,2.5,2.3,2.2,2.3,2.3,2.2,2.1,2.1,2.0,2.0,2.0,1.9,1.8,1.8,1.8,1.8
수원시 - 60세이상 주민등록인구＜br＞(B),Statistics,80322.0,84329.0,89756.0,95490.0,99846.0,103917.0,108784.0,112815.0,121406.0,128291.0,137225.0,147862.0,158004.0,169385.0,180716.0,192638.0,206110.0,219134.0,231300.0,243715.0
수원시 - 노인여가복지시설수＜br＞(A),Statistics,390.0,396.0,404.0,401.0,402.0,410.0,417.0,417.0,448.0,461.0,468.0,489.0,498.0,509.0,518.0,533.0,533.0,532.0,534.0,540.0
수원시 - 노인천명당 노인여가복지시설수＜br＞(A÷B×1000),Statistics,4.9,4.7,4.5,4.2,4.0,3.9,3.8,3.7,3.7,3.6,3.4,3.3,3.2,3.0,2.9,2.8,2.6,2.4,2.3,2.2
순창군 - 60세이상 주민등록인구＜br＞(B),Statistics,10287.0,10335.0,10420.0,10536.0,10546.0,10579.0,10694.0,10597.0,10823.0,10973.0,11157.0,11316.0,11469.0,11608.0,11701.0,11849.0,12164.0,12291.0,12534.0,12647.0
순창군 - 노인여가복지시설수＜br＞(A),Statistics,302.0,313.0,320.0,331.0,339.0,358.0,363.0,371.0,370.0,370.0,370.0,370.0,372.0,373.0,374.0,373.0,372.0,372.0,371.0,373.0
순창군 - 노인천명당 노인여가복지시설수＜br＞(A÷B×1000),Statistics,29.4,30.3,30.7,31.4,32.1,33.8,33.9,35.0,34.2,33.7,33.2,32.7,32.4,32.1,32.0,31.5,30.6,30.3,29.6,29.5
순천시 - 60세이상 주민등록인구＜br＞(B),Statistics,36074.0,36713.0,37232.0,38575.0,39731.0,40977.0,42567.0,43800.0,45280.0,46529.0,48361.0,50587.0,52569.0,55286.0,57922.0,61115.0,65145.0,68248.0,70950.0,74038.0
순천시 - 노인여가복지시설수＜br＞(A),Statistics,501.0,570.0,599.0,603.0,612.0,620.0,628.0,420.0,638.0,646.0,650.0,657.0,657.0,663.0,670.0,679.0,685.0,686.0,693.0,696.0
순천시 - 노인천명당 노인여가복지시설수＜br＞(A÷B×1000),Statistics,13.9,15.5,16.1,15.6,15.4,15.1,14.8,9.6,14.1,13.9,13.4,13.0,12.5,12.0,11.6,11.1,10.5,10.1,9.8,9.4
시흥시 - 60세이상 주민등록인구＜br＞(B),Statistics,26500.0,27885.0,29138.0,30538.0,32098.0,33709.0,35407.0,36243.0,37990.0,39453.0,41523.0,44811.0,48323.0,53491.0,60134.0,67641.0,77121.0,84880.0,91262.0,97803.0
시흥시 - 노인여가복지시설수＜br＞(A),Statistics,235.0,227.0,247.0,237.0,240.0,249.0,253.0,250.0,253.0,255.0,257.0,253.0,257.0,637.0,268.0,290.0,292.0,300.0,310.0,317.0
시흥시 - 노인천명당 노인여가복지시설수＜br＞(A÷B×1000),Statistics,8.9,8.1,8.5,7.8,7.5,7.4,7.1,6.9,6.7,6.5,6.2,5.6,5.3,11.9,4.5,4.3,3.8,3.5,3.4,3.2
신안군 - 60세이상 주민등록인구＜br＞(B),Statistics,15494.0,15553.0,15850.0,16044.0,16180.0,16283.0,16460.0,16469.0,16681.0,16843.0,17029.0,17280.0,17438.0,17727.0,17930.0,18222.0,18511.0,18836.0,19141.0,19439.0
신안군 - 노인여가복지시설수＜br＞(A),Statistics,234.0,281.0,307.0,317.0,345.0,367.0,377.0,397.0,388.0,394.0,415.0,406.0,406.0,405.0,410.0,412.0,413.0,408.0,414.0,417.0
신안군 - 노인천명당 노인여가복지시설수＜br＞(A÷B×1000),Statistics,15.1,18.1,19.4,19.8,21.3,22.5,22.9,24.1,23.3,23.4,24.4,23.5,23.3,22.8,22.9,22.6,22.3,21.7,21.6,21.5
아산시 - 60세이상 주민등록인구＜br＞(B),Statistics,29556.0,30134.0,30910.0,32181.0,34074.0,35659.0,37408.0,38792.0,40397.0,41938.0,44010.0,46517.0,49065.0,52046.0,54548.0,57547.0,61122.0,65101.0,68745.0,72091.0
아산시 - 노인여가복지시설수＜br＞(A),Statistics,440.0,451.0,460.0,469.0,475.0,492.0,497.0,505.0,515.0,516.0,519.0,514.0,518.0,523.0,526.0,527.0,533.0,531.0,543.0,550.0
아산시 - 노인천명당 노인여가복지시설수＜br＞(A÷B×1000),Statistics,14.9,15.0,14.9,14.6,13.9,13.8,13.3,13.0,12.7,12.3,11.8,11.0,10.6,10.0,9.6,9.2,8.7,8.2,7.9,7.6
안동시 - 60세이상 주민등록인구＜br＞(B),Statistics,35868.0,35913.0,36251.0,37006.0,37888.0,38738.0,39535.0,40415.0,41821.0,43061.0,44230.0,45572.0,47078.0,48651.0,49822.0,51530.0,53425.0,55059.0,56027.0,56875.0
안동시 - 노인여가복지시설수＜br＞(A),Statistics,422.0,442.0,455.0,466.0,485.0,500.0,504.0,512.0,521.0,524.0,531.0,538.0,534.0,535.0,540.0,545.0,550.0,554.0,557.0,561.0
안동시 - 노인천명당 노인여가복지시설수＜br＞(A÷B×1000),Statistics,11.8,12.3,12.6,12.6,12.8,12.9,12.7,12.7,12.5,12.2,12.0,11.8,11.3,11.0,10.8,10.6,10.3,10.1,9.9,9.9
안산시 - 60세이상 주민등록인구＜br＞(B),Statistics,46799.0,49124.0,52545.0,55540.0,58666.0,61458.0,65001.0,67263.0,71143.0,74089.0,78135.0,82910.0,87852.0,93522.0,100161.0,107940.0,117878.0,127150.0,135115.0,142378.0
안산시 - 노인여가복지시설수＜br＞(A),Statistics,186.0,190.0,203.0,212.0,224.0,233.0,239.0,243.0,247.0,253.0,259.0,262.0,254.0,254.0,254.0,265.0,263.0,263.0,268.0,275.0
안산시 - 노인천명당 노인여가복지시설수＜br＞(A÷B×1000),Statistics,4.0,3.9,3.9,3.8,3.8,3.8,3.7,3.6,3.5,3.4,3.3,3.2,2.9,2.7,2.5,2.5,2.2,2.1,2.0,1.9
안성시 - 60세이상 주민등록인구＜br＞(B),Statistics,23841.0,24363.0,24969.0,26179.0,27303.0,28131.0,29447.0,30212.0,31710.0,32796.0,34099.0,35863.0,37830.0,39921.0,42054.0,44368.0,47658.0,50618.0,52651.0,54645.0
안성시 - 노인여가복지시설수＜br＞(A),Statistics,382.0,387.0,404.0,415.0,437.0,441.0,446.0,451.0,452.0,455.0,456.0,457.0,456.0,117.0,467.0,470.0,477.0,478.0,483.0,481.0
안성시 - 노인천명당 노인여가복지시설수＜br＞(A÷B×1000),Statistics,16.0,15.9,16.2,15.9,16.0,15.7,15.1,14.9,14.3,13.9,13.4,12.7,12.1,2.9,11.1,10.6,10.0,9.4,9.2,8.8
안양시 - 60세이상 주민등록인구＜br＞(B),Statistics,55722.0,57728.0,59689.0,62591.0,65391.0,68100.0,71926.0,73639.0,77441.0,80992.0,85110.0,90941.0,96143.0,101155.0,106803.0,113292.0,118950.0,124601.0,131129.0,136317.0
안양시 - 노인여가복지시설수＜br＞(A),Statistics,214.0,219.0,222.0,230.0,232.0,239.0,244.0,412.0,248.0,249.0,247.0,258.0,249.0,243.0,250.0,245.0,238.0,237.0,243.0,246.0
안양시 - 노인천명당 노인여가복지시설수＜br＞(A÷B×1000),Statistics,3.8,3.8,3.7,3.7,3.5,3.5,3.4,5.6,3.2,3.1,2.9,2.8,2.6,2.4,2.3,2.2,2.0,1.9,1.9,1.8
양구군 - 60세이상 주민등록인구＜br＞(B),Statistics,4343.0,4389.0,4464.0,4525.0,4573.0,4661.0,4716.0,4722.0,4854.0,5036.0,5206.0,5457.0,5667.0,5951.0,6215.0,6449.0,6708.0,7008.0,7242.0,7416.0
양구군 - 노인여가복지시설수＜br＞(A),Statistics,32.0,77.0,79.0,81.0,83.0,83.0,85.0,86.0,86.0,86.0,87.0,89.0,89.0,90.0,91.0,91.0,91.0,91.0,92.0,93.0
양구군 - 노인천명당 노인여가복지시설수＜br＞(A÷B×1000),Statistics,7.4,17.5,17.7,17.9,18.2,17.8,18.0,18.2,17.7,17.1,16.7,16.3,15.7,15.1,14.6,14.1,13.6,13.0,12.7,12.5
양산시 - 60세이상 주민등록인구＜br＞(B),Statistics,22036.0,23360.0,24444.0,25895.0,28155.0,30112.0,32703.0,34899.0,37301.0,40096.0,43836.0,47884.0,52835.0,58779.0,63638.0,68396.0,73795.0,79440.0,84035.0,88407.0
양산시 - 노인여가복지시설수＜br＞(A),Statistics,202.0,212.0,227.0,230.0,241.0,249.0,253.0,255.0,272.0,274.0,283.0,284.0,289.0,301.0,306.0,312.0,313.0,316.0,326.0,334.0
양산시 - 노인천명당 노인여가복지시설수＜br＞(A÷B×1000),Statistics,9.2,9.1,9.3,8.9,8.6,8.3,7.7,7.3,7.3,6.8,6.5,5.9,5.5,5.1,4.8,4.6,4.2,4.0,3.9,3.8
양양군 - 60세이상 주민등록인구＜br＞(B),Statistics,6733.0,6948.0,7092.0,7338.0,7491.0,7605.0,7747.0,7898.0,8268.0,8484.0,8819.0,9224.0,9488.0,9927.0,10406.0,10862.0,11375.0,11921.0,12320.0,12559.0
양양군 - 노인여가복지시설수＜br＞(A),Statistics,87.0,94.0,102.0,106.0,115.0,117.0,122.0,127.0,126.0,124.0,125.0,124.0,125.0,126.0,128.0,130.0,134.0,136.0,136.0,136.0
양양군 - 노인천명당 노인여가복지시설수＜br＞(A÷B×1000),Statistics,12.9,13.5,14.4,14.4,15.4,15.4,15.7,16.1,15.2,14.6,14.2,13.4,13.2,12.7,12.3,12.0,11.8,11.4,11.0,10.8
양주시 - 60세이상 주민등록인구＜br＞(B),Statistics,17816.0,19143.0,21095.0,23440.0,24625.0,25927.0,28453.0,29547.0,30958.0,32176.0,34105.0,36798.0,38856.0,42643.0,45959.0,49282.0,53332.0,57182.0,60765.0,66402.0
양주시 - 노인여가복지시설수＜br＞(A),Statistics,183.0,188.0,220.0,219.0,214.0,223.0,239.0,248.0,252.0,253.0,257.0,263.0,263.0,266.0,261.0,273.0,273.0,276.0,282.0,284.0
양주시 - 노인천명당 노인여가복지시설수＜br＞(A÷B×1000),Statistics,10.3,9.8,10.4,9.3,8.7,8.6,8.4,8.4,8.1,7.9,7.5,7.1,6.8,6.2,5.7,5.5,5.1,4.8,4.6,4.3
양천구 - 60세이상 주민등록인구＜br＞(B),Statistics,43571.0,45767.0,48038.0,50925.0,53600.0,56335.0,59703.0,62193.0,65788.0,69030.0,72488.0,76978.0,80610.0,84699.0,88899.0,93543.0,98745.0,102573.0,106647.0,109963.0
양천구 - 노인여가복지시설수＜br＞(A),Statistics,141.0,162.0,172.0,172.0,177.0,179.0,179.0,183.0,173.0,194.0,194.0,192.0,193.0,193.0,191.0,197.0,191.0,190.0,177.0,193.0
양천구 - 노인천명당 노인여가복지시설수＜br＞(A÷B×1000),Statistics,3.2,3.5,3.6,3.4,3.3,3.2,3.0,2.9,2.6,2.8,2.7,2.5,2.4,2.3,2.1,2.1,1.9,1.9,1.7,1.8
양평군 - 60세이상 주민등록인구＜br＞(B),Statistics,18738.0,19253.0,19720.0,20534.0,21452.0,22286.0,23627.0,24679.0,26527.0,27706.0,29161.0,31513.0,33657.0,36185.0,38327.0,40476.0,43210.0,45899.0,48083.0,50825.0
양평군 - 노인여가복지시설수＜br＞(A),Statistics,291.0,296.0,309.0,314.0,319.0,329.0,329.0,339.0,341.0,345.0,349.0,353.0,354.0,358.0,360.0,363.0,364.0,365.0,379.0,372.0
양평군 - 노인천명당 노인여가복지시설수＜br＞(A÷B×1000),Statistics,15.5,15.4,15.7,15.3,14.9,14.8,13.9,13.7,12.9,12.5,12.0,11.2,10.5,9.9,9.4,9.0,8.4,8.0,7.9,7.3
여수시 - 60세이상 주민등록인구＜br＞(B),Statistics,42612.0,43508.0,44715.0,46725.0,48511.0,50286.0,52555.0,54351.0,56507.0,57966.0,60519.0,63396.0,65547.0,68139.0,70731.0,74175.0,77707.0,80523.0,83235.0,85738.0
여수시 - 노인여가복지시설수＜br＞(A),Statistics,434.0,446.0,454.0,462.0,471.0,492.0,485.0,327.0,501.0,509.0,516.0,524.0,524.0,526.0,524.0,526.0,529.0,528.0,529.0,529.0
여수시 - 노인천명당 노인여가복지시설수＜br＞(A÷B×1000),Statistics,10.2,10.3,10.2,9.9,9.7,9.8,9.2,6.0,8.9,8.8,8.5,8.3,8.0,7.7,7.4,7.1,6.8,6.6,6.4,6.2
여주시 - 60세이상 주민등록인구＜br＞(B),Statistics,,,,,,,,,,24374.0,25372.0,26847.0,28327.0,29885.0,31420.0,32968.0,35025.0,37015.0,38844.0,40517.0
여주시 - 노인여가복지시설수＜br＞(A),Statistics,,,,,,,,,,318.0,319.0,322.0,323.0,324.0,325.0,325.0,327.0,330.0,337.0,340.0
여주시 - 노인천명당 노인여가복지시설수＜br＞(A÷B×1000),Statistics,,,,,,,,,,13.0,12.6,12.0,11.4,10.8,10.3,9.9,9.3,8.9,8.7,8.4
연수구 - 60세이상 주민등록인구＜br＞(B),Statistics,20347.0,21524.0,22660.0,23555.0,24644.0,26042.0,27474.0,28914.0,30791.0,32839.0,35414.0,38495.0,41988.0,45716.0,50400.0,56356.0,63072.0,68068.0,72426.0,77100.0
연수구 - 노인여가복지시설수＜br＞(A),Statistics,101.0,103.0,109.0,111.0,118.0,116.0,121.0,126.0,128.0,135.0,140.0,141.0,145.0,147.0,152.0,158.0,158.0,158.0,166.0,167.0
연수구 - 노인천명당 노인여가복지시설수＜br＞(A÷B×1000),Statistics,5.0,4.8,4.8,4.7,4.8,4.5,4.4,4.4,4.2,4.1,4.0,3.7,3.5,3.2,3.0,2.8,2.5,2.3,2.3,2.2
연제구 - 60세이상 주민등록인구＜br＞(B),Statistics,27533.0,28147.0,29000.0,30621.0,32494.0,34228.0,36361.0,37856.0,39761.0,41496.0,43506.0,46376.0,47878.0,50079.0,52802.0,55697.0,58570.0,60631.0,62150.0,63743.0
연제구 - 노인여가복지시설수＜br＞(A),Statistics,110.0,117.0,120.0,125.0,127.0,129.0,130.0,132.0,130.0,132.0,134.0,134.0,127.0,132.0,132.0,135.0,137.0,136.0,136.0,140.0
연제구 - 노인천명당 노인여가복지시설수＜br＞(A÷B×1000),Statistics,4.0,4.2,4.1,4.1,3.9,3.8,3.6,3.5,3.3,3.2,3.1,2.9,2.7,2.6,2.5,2.4,2.3,2.2,2.2,2.2
연천군 - 60세이상 주민등록인구＜br＞(B),Statistics,10164.0,10224.0,10321.0,10614.0,10933.0,11240.0,11535.0,11659.0,11951.0,12200.0,12651.0,13182.0,13726.0,14279.0,14737.0,15266.0,15860.0,16246.0,16737.0,17286.0
연천군 - 노인여가복지시설수＜br＞(A),Statistics,97.0,98.0,100.0,100.0,103.0,103.0,104.0,103.0,105.0,107.0,106.0,106.0,106.0,106.0,106.0,108.0,109.0,110.0,110.0,111.0
연천군 - 노인천명당 노인여가복지시설수＜br＞(A÷B×1000),Statistics,9.5,9.6,9.7,9.4,9.4,9.2,9.0,8.8,8.8,8.8,8.4,8.0,7.7,7.4,7.2,7.1,6.9,6.8,6.6,6.4
영광군 - 60세이상 주민등록인구＜br＞(B),Statistics,16130.0,16141.0,16177.0,16413.0,16711.0,16914.0,17266.0,17451.0,17752.0,17914.0,18155.0,18494.0,18673.0,19080.0,19436.0,19732.0,20186.0,20468.0,20863.0,21077.0
영광군 - 노인여가복지시설수＜br＞(A),Statistics,265.0,266.0,281.0,302.0,330.0,346.0,360.0,563.0,361.0,363.0,359.0,360.0,364.0,368.0,372.0,374.0,379.0,377.0,379.0,379.0
영광군 - 노인천명당 노인여가복지시설수＜br＞(A÷B×1000),Statistics,16.4,16.5,17.4,18.4,19.7,20.5,20.9,32.3,20.3,20.3,19.8,19.5,19.5,19.3,19.1,19.0,18.8,18.4,18.2,18.0
영덕군 - 60세이상 주민등록인구＜br＞(B),Statistics,14341.0,14317.0,14459.0,14462.0,14648.0,14799.0,15009.0,15200.0,15439.0,15708.0,15919.0,16225.0,16523.0,16824.0,17006.0,17307.0,17652.0,17814.0,17902.0,18085.0
영덕군 - 노인여가복지시설수＜br＞(A),Statistics,209.0,211.0,216.0,216.0,216.0,219.0,222.0,224.0,228.0,230.0,232.0,232.0,237.0,240.0,240.0,241.0,244.0,244.0,245.0,248.0
영덕군 - 노인천명당 노인여가복지시설수＜br＞(A÷B×1000),Statistics,14.6,14.7,14.9,14.9,14.7,14.8,14.8,14.7,14.8,14.6,14.6,14.3,14.3,14.3,14.1,13.9,13.8,13.7,13.7,13.7
영도구 - 60세이상 주민등록인구＜br＞(B),Statistics,25643.0,26312.0,27059.0,28296.0,29395.0,30415.0,31832.0,32698.0,33884.0,34800.0,35976.0,37550.0,38748.0,40011.0,41048.0,42251.0,43482.0,43854.0,44353.0,44751.0
영도구 - 노인여가복지시설수＜br＞(A),Statistics,85.0,83.0,85.0,81.0,82.0,82.0,83.0,85.0,85.0,82.0,91.0,85.0,85.0,85.0,86.0,85.0,85.0,85.0,86.0,86.0
영도구 - 노인천명당 노인여가복지시설수＜br＞(A÷B×1000),Statistics,3.3,3.2,3.1,2.9,2.8,2.7,2.6,2.6,2.5,2.4,2.5,2.3,2.2,2.1,2.1,2.0,2.0,1.9,1.9,1.9
영동군 - 60세이상 주민등록인구＜br＞(B),Statistics,14258.0,14316.0,14388.0,14593.0,14864.0,15241.0,15661.0,15891.0,16224.0,16513.0,16912.0,17499.0,17980.0,18651.0,19141.0,19570.0,20177.0,20670.0,21204.0,21490.0
영동군 - 노인여가복지시설수＜br＞(A),Statistics,264.0,281.0,296.0,291.0,312.0,311.0,317.0,321.0,330.0,331.0,331.0,335.0,342.0,342.0,344.0,350.0,350.0,351.0,352.0,354.0
영동군 - 노인천명당 노인여가복지시설수＜br＞(A÷B×1000),Statistics,18.5,19.6,20.6,19.9,21.0,20.4,20.2,20.2,20.3,20.0,19.6,19.1,19.0,18.3,18.0,17.9,17.3,17.0,16.6,16.5
영등포구 - 60세이상 주민등록인구＜br＞(B),Statistics,45783.0,48242.0,50755.0,53639.0,56597.0,59186.0,63209.0,64011.0,66601.0,68237.0,70687.0,73551.0,74849.0,77519.0,80123.0,83039.0,87676.0,88642.0,90541.0,92395.0
영등포구 - 노인여가복지시설수＜br＞(A),Statistics,165.0,178.0,184.0,187.0,191.0,199.0,203.0,200.0,206.0,205.0,201.0,200.0,202.0,201.0,203.0,205.0,202.0,199.0,204.0,207.0
영등포구 - 노인천명당 노인여가복지시설수＜br＞(A÷B×1000),Statistics,3.6,3.7,3.6,3.5,3.4,3.4,3.2,3.1,3.1,3.0,2.8,2.7,2.7,2.6,2.5,2.5,2.3,2.2,2.3,2.2
영암군 - 60세이상 주민등록인구＜br＞(B),Statistics,15055.0,15262.0,15350.0,15440.0,15585.0,15726.0,16009.0,16136.0,16389.0,16423.0,16666.0,16936.0,17234.0,17535.0,17870.0,18422.0,18992.0,19508.0,19950.0,20477.0
영암군 - 노인여가복지시설수＜br＞(A),Statistics,322.0,351.0,358.0,376.0,392.0,402.0,409.0,412.0,419.0,423.0,434.0,437.0,448.0,445.0,449.0,456.0,459.0,463.0,467.0,467.0
영암군 - 노인천명당 노인여가복지시설수＜br＞(A÷B×1000),Statistics,21.4,23.0,23.3,24.4,25.2,25.6,25.5,25.5,25.6,25.8,26.0,25.8,26.0,25.4,25.1,24.8,24.2,23.7,23.4,22.8
영양군 - 60세이상 주민등록인구＜br＞(B),Statistics,6747.0,6764.0,6738.0,6735.0,6775.0,6870.0,6975.0,6983.0,7084.0,7205.0,7275.0,7397.0,7536.0,7668.0,7832.0,7957.0,8135.0,8247.0,8379.0,8436.0
영양군 - 노인여가복지시설수＜br＞(A),Statistics,106.0,113.0,123.0,121.0,133.0,144.0,146.0,148.0,148.0,155.0,158.0,162.0,164.0,164.0,164.0,165.0,173.0,179.0,181.0,187.0
영양군 - 노인천명당 노인여가복지시설수＜br＞(A÷B×1000),Statistics,15.7,16.7,18.3,18.0,19.6,21.0,20.9,21.2,20.9,21.5,21.7,21.9,21.8,21.4,20.9,20.7,21.3,21.7,21.6,22.2
영월군 - 60세이상 주민등록인구＜br＞(B),Statistics,10440.0,10517.0,10466.0,10602.0,10837.0,11013.0,11322.0,11465.0,11946.0,12304.0,12791.0,13224.0,13708.0,14291.0,14854.0,15381.0,16047.0,16432.0,17001.0,17347.0
영월군 - 노인여가복지시설수＜br＞(A),Statistics,127.0,134.0,138.0,150.0,158.0,160.0,164.0,165.0,167.0,172.0,173.0,175.0,180.0,182.0,184.0,188.0,188.0,189.0,191.0,190.0
영월군 - 노인천명당 노인여가복지시설수＜br＞(A÷B×1000),Statistics,12.2,12.7,13.2,14.1,14.6,14.5,14.5,14.4,14.0,14.0,13.5,13.2,13.1,12.7,12.4,12.2,11.7,11.5,11.2,11.0
영주시 - 60세이상 주민등록인구＜br＞(B),Statistics,25028.0,25043.0,25118.0,25628.0,26414.0,27106.0,27951.0,28558.0,29583.0,30494.0,31550.0,32566.0,33641.0,34835.0,35769.0,37025.0,38177.0,39247.0,39968.0,40465.0
영주시 - 노인여가복지시설수＜br＞(A),Statistics,257.0,277.0,294.0,300.0,311.0,314.0,324.0,326.0,330.0,336.0,337.0,339.0,343.0,348.0,353.0,365.0,368.0,371.0,372.0,371.0
영주시 - 노인천명당 노인여가복지시설수＜br＞(A÷B×1000),Statistics,10.3,11.1,11.7,11.7,11.8,11.6,11.6,11.4,11.2,11.0,10.7,10.4,10.2,10.0,9.9,9.9,9.6,9.5,9.3,9.2
영천시 - 60세이상 주민등록인구＜br＞(B),Statistics,25558.0,25645.0,25637.0,26562.0,27054.0,27748.0,28395.0,29158.0,29797.0,30585.0,31505.0,32537.0,33663.0,34752.0,35977.0,37532.0,39065.0,40668.0,41763.0,42803.0
영천시 - 노인여가복지시설수＜br＞(A),Statistics,345.0,357.0,378.0,385.0,392.0,405.0,417.0,420.0,423.0,424.0,427.0,429.0,419.0,423.0,425.0,427.0,427.0,433.0,433.0,434.0
영천시 - 노인천명당 노인여가복지시설수＜br＞(A÷B×1000),Statistics,13.5,13.9,14.7,14.5,14.5,14.6,14.7,14.4,14.2,13.9,13.6,13.2,12.4,12.2,11.8,11.4,10.9,10.6,10.4,10.1
예산군 - 60세이상 주민등록인구＜br＞(B),Statistics,22589.0,22596.0,22717.0,23196.0,23703.0,24124.0,24815.0,25213.0,25867.0,26476.0,27310.0,28259.0,28977.0,29808.0,30625.0,31463.0,32637.0,33774.0,34737.0,35308.0
예산군 - 노인여가복지시설수＜br＞(A),Statistics,310.0,335.0,335.0,331.0,338.0,348.0,353.0,353.0,362.0,361.0,363.0,368.0,369.0,370.0,375.0,380.0,380.0,382.0,383.0,397.0
예산군 - 노인천명당 노인여가복지시설수＜br＞(A÷B×1000),Statistics,13.7,14.8,14.7,14.3,14.3,14.4,14.2,14.0,14.0,13.6,13.3,13.0,12.7,12.4,12.2,12.1,11.6,11.3,11.0,11.2
예천군 - 60세이상 주민등록인구＜br＞(B),Statistics,16998.0,16801.0,16750.0,16877.0,17069.0,17235.0,17394.0,17520.0,17767.0,18023.0,18408.0,18777.0,19304.0,19934.0,20598.0,21236.0,21866.0,22405.0,22816.0,22953.0
예천군 - 노인여가복지시설수＜br＞(A),Statistics,212.0,245.0,263.0,278.0,307.0,321.0,329.0,335.0,342.0,342.0,345.0,348.0,349.0,353.0,364.0,368.0,373.0,376.0,378.0,382.0
예천군 - 노인천명당 노인여가복지시설수＜br＞(A÷B×1000),Statistics,12.5,14.6,15.7,16.5,18.0,18.6,18.9,19.1,19.2,19.0,18.7,18.5,18.1,17.7,17.7,17.3,17.1,16.8,16.6,16.6
오산시 - 60세이상 주민등록인구＜br＞(B),Statistics,9362.0,9837.0,10636.0,11624.0,12459.0,13853.0,16358.0,17658.0,18920.0,19958.0,21150.0,22666.0,24184.0,26157.0,28566.0,31386.0,34271.0,36935.0,39299.0,41276.0
오산시 - 노인여가복지시설수＜br＞(A),Statistics,81.0,71.0,91.0,79.0,83.0,88.0,99.0,102.0,111.0,115.0,115.0,112.0,118.0,402.0,128.0,138.0,139.0,141.0,144.0,148.0
오산시 - 노인천명당 노인여가복지시설수＜br＞(A÷B×1000),Statistics,8.7,7.2,8.6,6.8,6.7,6.4,6.1,5.8,5.9,5.8,5.4,4.9,4.9,15.4,4.5,4.4,4.1,3.8,3.7,3.6
옥천군 - 60세이상 주민등록인구＜br＞(B),Statistics,13690.0,13654.0,13752.0,13943.0,14176.0,14514.0,14967.0,15212.0,15674.0,16054.0,16572.0,17171.0,17822.0,18544.0,19164.0,19725.0,20549.0,21298.0,22033.0,22256.0
옥천군 - 노인여가복지시설수＜br＞(A),Statistics,273.0,272.0,276.0,262.0,273.0,283.0,289.0,291.0,293.0,295.0,294.0,295.0,297.0,298.0,301.0,306.0,309.0,310.0,311.0,314.0
옥천군 - 노인천명당 노인여가복지시설수＜br＞(A÷B×1000),Statistics,19.9,19.9,20.1,18.8,19.3,19.5,19.3,19.1,18.7,18.4,17.7,17.2,16.7,16.1,15.7,15.5,15.0,14.6,14.1,14.1
옹진군 - 60세이상 주민등록인구＜br＞(B),Statistics,3850.0,3976.0,4128.0,4316.0,4459.0,4703.0,4915.0,5046.0,5327.0,5508.0,5694.0,6095.0,6461.0,6844.0,7084.0,7338.0,7789.0,8209.0,8627.0,8972.0
옹진군 - 노인여가복지시설수＜br＞(A),Statistics,54.0,53.0,55.0,58.0,62.0,64.0,65.0,67.0,67.0,68.0,68.0,69.0,70.0,70.0,70.0,71.0,71.0,73.0,73.0,74.0
옹진군 - 노인천명당 노인여가복지시설수＜br＞(A÷B×1000),Statistics,14.0,13.3,13.3,13.4,13.9,13.6,13.2,13.3,12.6,12.3,11.9,11.3,10.8,10.2,9.9,9.7,9.1,8.9,8.5,8.2
완도군 - 60세이상 주민등록인구＜br＞(B),Statistics,16961.0,17213.0,17313.0,17648.0,17850.0,18074.0,18352.0,18557.0,18745.0,18753.0,18950.0,19208.0,19565.0,19799.0,20064.0,20508.0,21044.0,21294.0,21472.0,21655.0
완도군 - 노인여가복지시설수＜br＞(A),Statistics,252.0,269.0,281.0,287.0,291.0,290.0,293.0,409.0,291.0,302.0,303.0,306.0,306.0,307.0,310.0,306.0,306.0,307.0,309.0,311.0
완도군 - 노인천명당 노인여가복지시설수＜br＞(A÷B×1000),Statistics,14.9,15.6,16.2,16.3,16.3,16.0,16.0,22.0,15.5,16.1,16.0,15.9,15.6,15.5,15.5,14.9,14.5,14.4,14.4,14.4
완주군 - 60세이상 주민등록인구＜br＞(B),Statistics,17784.0,17957.0,18149.0,18866.0,19332.0,19782.0,20458.0,20745.0,21327.0,21806.0,22796.0,24157.0,25132.0,26118.0,26926.0,27826.0,29221.0,30531.0,31589.0,33242.0
완주군 - 노인여가복지시설수＜br＞(A),Statistics,362.0,377.0,395.0,407.0,412.0,410.0,418.0,421.0,426.0,427.0,430.0,438.0,441.0,442.0,445.0,445.0,447.0,,452.0,452.0
완주군 - 노인천명당 노인여가복지시설수＜br＞(A÷B×1000),Statistics,20.4,21.0,21.8,21.6,21.3,20.7,20.4,20.3,20.0,19.6,18.9,18.1,17.5,16.9,16.5,16.0,15.3,,14.3,13.6
용산구 - 60세이상 주민등록인구＜br＞(B),Statistics,33643.0,34542.0,35228.0,36647.0,38035.0,39381.0,43176.0,43910.0,45160.0,46035.0,47234.0,48850.0,50142.0,51547.0,52967.0,54659.0,56613.0,55208.0,54814.0,55324.0
용산구 - 노인여가복지시설수＜br＞(A),Statistics,86.0,90.0,93.0,93.0,96.0,98.0,103.0,107.0,100.0,114.0,113.0,111.0,111.0,112.0,115.0,111.0,110.0,111.0,110.0,114.0
용산구 - 노인천명당 노인여가복지시설수＜br＞(A÷B×1000),Statistics,2.6,2.6,2.6,2.5,2.5,2.5,2.4,2.4,2.2,2.5,2.4,2.3,2.2,2.2,2.2,2.0,1.9,2.0,2.0,2.1
용인시 - 60세이상 주민등록인구＜br＞(B),Statistics,66462.0,73653.0,83376.0,90890.0,96777.0,102533.0,109531.0,114731.0,122237.0,129497.0,136859.0,146438.0,155227.0,165410.0,178161.0,191207.0,204088.0,215132.0,224475.0,235073.0
용인시 - 노인여가복지시설수＜br＞(A),Statistics,542.0,600.0,639.0,668.0,691.0,711.0,732.0,764.0,766.0,781.0,795.0,802.0,810.0,371.0,840.0,855.0,860.0,866.0,874.0,876.0
용인시 - 노인천명당 노인여가복지시설수＜br＞(A÷B×1000),Statistics,8.2,8.1,7.7,7.3,7.1,6.9,6.7,6.7,6.3,6.0,5.8,5.5,5.2,2.2,4.7,4.5,4.2,4.0,3.9,3.7
울릉군 - 60세이상 주민등록인구＜br＞(B),Statistics,2181.0,2255.0,2350.0,2419.0,2482.0,2534.0,2657.0,2746.0,2814.0,2868.0,2890.0,2973.0,3050.0,3183.0,3269.0,3364.0,3399.0,3449.0,3589.0,3703.0
울릉군 - 노인여가복지시설수＜br＞(A),Statistics,23.0,23.0,23.0,23.0,23.0,25.0,26.0,26.0,26.0,26.0,26.0,24.0,24.0,26.0,27.0,27.0,26.0,26.0,26.0,25.0
울릉군 - 노인천명당 노인여가복지시설수＜br＞(A÷B×1000),Statistics,10.5,10.2,9.8,9.5,9.3,9.9,9.8,9.5,9.2,9.1,9.0,8.1,7.9,8.2,8.3,8.0,7.6,7.5,7.2,6.8
울산광역시 - 60세이상 주민등록인구＜br＞(B),Statistics,85019.0,88618.0,92636.0,98076.0,104563.0,110475.0,118181.0,124893.0,133844.0,142401.0,152208.0,164509.0,175893.0,188429.0,201236.0,215905.0,231488.0,246261.0,260238.0,272754.0
울산광역시 - 노인여가복지시설수＜br＞(A),Statistics,650.0,683.0,703.0,707.0,732.0,744.0,767.0,775.0,777.0,785.0,792.0,807.0,822.0,828.0,841.0,855.0,867.0,873.0,873.0,880.0
울산광역시 - 노인천명당 노인여가복지시설수＜br＞(A÷B×1000),Statistics,7.6,7.7,7.6,7.2,7.0,6.7,6.5,6.2,5.8,5.5,5.2,4.9,4.7,4.4,4.2,4.0,3.7,3.5,3.4,3.2
울주군 - 60세이상 주민등록인구＜br＞(B),Statistics,21555.0,22047.0,22778.0,23996.0,25286.0,26409.0,27887.0,28981.0,30531.0,32139.0,34082.0,36733.0,38899.0,41384.0,44123.0,47242.0,50693.0,54382.0,57666.0,60486.0
울주군 - 노인여가복지시설수＜br＞(A),Statistics,323.0,331.0,352.0,351.0,367.0,372.0,378.0,378.0,382.0,390.0,388.0,394.0,394.0,397.0,402.0,410.0,412.0,414.0,413.0,414.0
울주군 - 노인천명당 노인여가복지시설수＜br＞(A÷B×1000),Statistics,15.0,15.0,15.5,14.6,14.5,14.1,13.6,13.0,12.5,12.1,11.4,10.7,10.1,9.6,9.1,8.7,8.1,7.6,7.2,6.8
울진군 - 60세이상 주민등록인구＜br＞(B),Statistics,14787.0,14742.0,14671.0,14673.0,14866.0,15017.0,15181.0,15243.0,15406.0,15636.0,15974.0,16240.0,16626.0,17009.0,17305.0,17749.0,18350.0,18939.0,19231.0,19548.0
울진군 - 노인여가복지시설수＜br＞(A),Statistics,198.0,206.0,209.0,215.0,219.0,227.0,229.0,234.0,241.0,243.0,250.0,253.0,255.0,255.0,256.0,255.0,256.0,256.0,255.0,255.0
울진군 - 노인천명당 노인여가복지시설수＜br＞(A÷B×1000),Statistics,13.4,14.0,14.2,14.7,14.7,15.1,15.1,15.4,15.6,15.5,15.7,15.6,15.3,15.0,14.8,14.4,14.0,13.5,13.3,13.0
원주시 - 60세이상 주민등록인구＜br＞(B),Statistics,37914.0,38999.0,40254.0,41644.0,43141.0,44276.0,45902.0,47277.0,50414.0,52290.0,54960.0,58510.0,62196.0,66331.0,70668.0,75774.0,81213.0,86489.0,91418.0,95195.0
원주시 - 노인여가복지시설수＜br＞(A),Statistics,295.0,315.0,334.0,349.0,362.0,370.0,383.0,390.0,399.0,406.0,412.0,418.0,429.0,437.0,443.0,458.0,462.0,468.0,480.0,477.0
원주시 - 노인천명당 노인여가복지시설수＜br＞(A÷B×1000),Statistics,7.8,8.1,8.3,8.4,8.4,8.4,8.3,8.2,7.9,7.8,7.5,7.1,6.9,6.6,6.3,6.0,5.7,5.4,5.3,5.0
유성구 - 60세이상 주민등록인구＜br＞(B),Statistics,16360.0,17877.0,19489.0,20612.0,21998.0,23172.0,25121.0,26797.0,29102.0,30930.0,33721.0,37086.0,40455.0,43966.0,47286.0,50811.0,54614.0,58521.0,62341.0,66195.0
유성구 - 노인여가복지시설수＜br＞(A),Statistics,139.0,147.0,161.0,159.0,167.0,167.0,168.0,164.0,173.0,181.0,179.0,187.0,191.0,197.0,198.0,200.0,201.0,201.0,204.0,208.0
유성구 - 노인천명당 노인여가복지시설수＜br＞(A÷B×1000),Statistics,8.5,8.2,8.3,7.7,7.6,7.2,6.7,6.1,5.9,5.9,5.3,5.0,4.7,4.5,4.2,3.9,3.7,3.4,3.3,3.1
은평구 - 60세이상 주민등록인구＜br＞(B),Statistics,58023.0,59910.0,61885.0,64924.0,68040.0,72153.0,79119.0,81893.0,86885.0,90735.0,94315.0,99178.0,102963.0,107182.0,111647.0,116327.0,121993.0,124788.0,126927.0,130731.0
은평구 - 노인여가복지시설수＜br＞(A),Statistics,95.0,108.0,108.0,110.0,120.0,132.0,134.0,147.0,160.0,165.0,168.0,171.0,170.0,176.0,176.0,180.0,178.0,175.0,179.0,188.0
은평구 - 노인천명당 노인여가복지시설수＜br＞(A÷B×1000),Statistics,1.6,1.8,1.7,1.7,1.8,1.8,1.7,1.8,1.8,1.8,1.8,1.7,1.7,1.6,1.6,1.5,1.5,1.4,1.4,1.4
음성군 - 60세이상 주민등록인구＜br＞(B),Statistics,16152.0,16427.0,16714.0,17141.0,17674.0,18075.0,18748.0,19172.0,20010.0,20620.0,21455.0,22624.0,23809.0,24990.0,26308.0,27625.0,28935.0,30377.0,31711.0,32558.0
음성군 - 노인여가복지시설수＜br＞(A),Statistics,338.0,341.0,351.0,358.0,369.0,371.0,374.0,385.0,386.0,387.0,387.0,389.0,391.0,392.0,395.0,398.0,401.0,403.0,405.0,410.0
음성군 - 노인천명당 노인여가복지시설수＜br＞(A÷B×1000),Statistics,20.9,20.8,21.0,20.9,20.9,20.5,19.9,20.1,19.3,18.8,18.0,17.2,16.4,15.7,15.0,14.4,13.9,13.3,12.8,12.6
의령군 - 60세이상 주민등록인구＜br＞(B),Statistics,10990.0,10883.0,10965.0,11071.0,11008.0,11157.0,11186.0,11242.0,11468.0,11428.0,11598.0,11749.0,11878.0,12133.0,12311.0,12540.0,12870.0,13273.0,13561.0,13618.0
의령군 - 노인여가복지시설수＜br＞(A),Statistics,229.0,243.0,253.0,259.0,265.0,282.0,288.0,291.0,288.0,289.0,288.0,295.0,290.0,292.0,296.0,295.0,293.0,293.0,296.0,298.0
의령군 - 노인천명당 노인여가복지시설수＜br＞(A÷B×1000),Statistics,20.8,22.3,23.1,23.4,24.1,25.3,25.7,25.9,25.1,25.3,24.8,25.1,24.4,24.1,24.0,23.5,22.8,22.1,21.8,21.9
의성군 - 60세이상 주민등록인구＜br＞(B),Statistics,22650.0,22433.0,22212.0,22325.0,22564.0,22886.0,23194.0,23401.0,23879.0,24187.0,24546.0,24963.0,25434.0,26009.0,26444.0,27069.0,27706.0,28229.0,28627.0,28985.0
의성군 - 노인여가복지시설수＜br＞(A),Statistics,459.0,464.0,473.0,419.0,420.0,423.0,425.0,467.0,473.0,474.0,474.0,475.0,480.0,484.0,488.0,489.0,489.0,489.0,489.0,489.0
의성군 - 노인천명당 노인여가복지시설수＜br＞(A÷B×1000),Statistics,20.3,20.7,21.3,18.8,18.6,18.5,18.3,20.0,19.8,19.6,19.3,19.0,18.9,18.6,18.5,18.1,17.6,17.3,17.1,16.9
의왕시 - 60세이상 주민등록인구＜br＞(B),Statistics,13561.0,14245.0,14165.0,14662.0,15368.0,16404.0,17579.0,18403.0,19884.0,21514.0,22782.0,24568.0,26254.0,28287.0,30237.0,33421.0,35512.0,37765.0,39180.0,40497.0
의왕시 - 노인여가복지시설수＜br＞(A),Statistics,91.0,95.0,91.0,94.0,96.0,99.0,102.0,104.0,108.0,113.0,112.0,112.0,112.0,131.0,112.0,113.0,114.0,110.0,114.0,114.0
의왕시 - 노인천명당 노인여가복지시설수＜br＞(A÷B×1000),Statistics,6.7,6.7,6.4,6.4,6.2,6.0,5.8,5.7,5.4,5.3,4.9,4.6,4.3,4.6,3.7,3.4,3.2,2.9,2.9,2.8
의정부시 - 60세이상 주민등록인구＜br＞(B),Statistics,42221.0,44436.0,47358.0,51134.0,54654.0,57151.0,59819.0,61549.0,64708.0,67620.0,71341.0,76068.0,80685.0,85527.0,91091.0,97052.0,104819.0,109928.0,114921.0,120029.0
의정부시 - 노인여가복지시설수＜br＞(A),Statistics,182.0,196.0,203.0,213.0,228.0,233.0,237.0,239.0,235.0,237.0,239.0,234.0,240.0,243.0,248.0,257.0,257.0,259.0,266.0,271.0
의정부시 - 노인천명당 노인여가복지시설수＜br＞(A÷B×1000),Statistics,4.3,4.4,4.3,4.2,4.2,4.1,4.0,3.9,3.6,3.5,3.4,3.1,3.0,2.8,2.7,2.6,2.5,2.4,2.3,2.3
이천시 - 60세이상 주민등록인구＜br＞(B),Statistics,23043.0,23507.0,24126.0,25069.0,25894.0,26741.0,27970.0,28832.0,30335.0,31454.0,32965.0,34842.0,36911.0,39095.0,41381.0,43728.0,46767.0,50139.0,52513.0,54586.0
이천시 - 노인여가복지시설수＜br＞(A),Statistics,329.0,334.0,342.0,351.0,356.0,362.0,372.0,378.0,383.0,394.0,390.0,391.0,397.0,460.0,406.0,410.0,413.0,414.0,413.0,415.0
이천시 - 노인천명당 노인여가복지시설수＜br＞(A÷B×1000),Statistics,14.3,14.2,14.2,14.0,13.7,13.5,13.3,13.1,12.6,12.5,11.8,11.2,10.8,11.8,9.8,9.4,8.8,8.3,7.9,7.6
익산시 - 60세이상 주민등록인구＜br＞(B),Statistics,46372.0,46878.0,47583.0,49359.0,50546.0,52048.0,54206.0,55949.0,57834.0,59524.0,61829.0,64694.0,67431.0,70421.0,72871.0,75783.0,79602.0,82351.0,84690.0,86688.0
익산시 - 노인여가복지시설수＜br＞(A),Statistics,513.0,510.0,566.0,558.0,599.0,621.0,637.0,653.0,659.0,663.0,676.0,683.0,696.0,703.0,707.0,707.0,707.0,709.0,710.0,713.0
익산시 - 노인천명당 노인여가복지시설수＜br＞(A÷B×1000),Statistics,11.1,10.9,11.9,11.3,11.9,11.9,11.8,11.7,11.4,11.1,10.9,10.6,10.3,10.0,9.7,9.3,8.9,8.6,8.4,8.2
인제군 - 60세이상 주민등록인구＜br＞(B),Statistics,5926.0,6063.0,6199.0,6331.0,6370.0,6438.0,6493.0,6542.0,6869.0,7069.0,7337.0,7678.0,7974.0,8398.0,8763.0,9115.0,9659.0,10195.0,10571.0,10906.0
인제군 - 노인여가복지시설수＜br＞(A),Statistics,66.0,68.0,69.0,76.0,75.0,79.0,79.0,79.0,79.0,82.0,83.0,84.0,85.0,85.0,85.0,87.0,88.0,88.0,88.0,89.0
인제군 - 노인천명당 노인여가복지시설수＜br＞(A÷B×1000),Statistics,11.1,11.2,11.1,12.0,11.8,12.3,12.2,12.1,11.5,11.6,11.3,10.9,10.7,10.1,9.7,9.5,9.1,8.6,8.3,8.2
인천광역시 - 60세이상 주민등록인구＜br＞(B),Statistics,255086.0,265145.0,278358.0,295849.0,311800.0,327442.0,346561.0,360437.0,384237.0,404699.0,429563.0,461292.0,490540.0,523893.0,558602.0,596023.0,636196.0,674683.0,712345.0,749001.0
인천광역시 - 노인여가복지시설수＜br＞(A),Statistics,1167.0,1233.0,1277.0,1291.0,1335.0,1338.0,1373.0,1415.0,1439.0,1483.0,1490.0,1505.0,1516.0,1524.0,1540.0,1563.0,1559.0,1571.0,1589.0,1607.0
인천광역시 - 노인천명당 노인여가복지시설수＜br＞(A÷B×1000),Statistics,4.6,4.7,4.6,4.4,4.3,4.1,4.0,3.9,3.7,3.7,3.5,3.3,3.1,2.9,2.8,2.6,2.5,2.3,2.2,2.1
임실군 - 60세이상 주민등록인구＜br＞(B),Statistics,10775.0,10618.0,10622.0,10759.0,10826.0,10904.0,11135.0,11218.0,11285.0,11297.0,11446.0,11694.0,11821.0,12032.0,12280.0,12476.0,12717.0,13009.0,13311.0,13411.0
임실군 - 노인여가복지시설수＜br＞(A),Statistics,304.0,299.0,303.0,310.0,321.0,323.0,333.0,335.0,342.0,342.0,341.0,343.0,345.0,347.0,349.0,348.0,351.0,354.0,354.0,353.0
임실군 - 노인천명당 노인여가복지시설수＜br＞(A÷B×1000),Statistics,28.2,28.2,28.5,28.8,29.7,29.6,29.9,29.9,30.3,30.3,29.8,29.3,29.2,28.8,28.4,27.9,27.6,27.2,26.6,26.3
장성군 - 60세이상 주민등록인구＜br＞(B),Statistics,13623.0,13586.0,13544.0,13755.0,13883.0,14126.0,14413.0,14528.0,14812.0,14990.0,15187.0,15583.0,15799.0,16202.0,16498.0,16924.0,17449.0,17823.0,18273.0,18610.0
장성군 - 노인여가복지시설수＜br＞(A),Statistics,161.0,214.0,216.0,229.0,252.0,270.0,302.0,328.0,319.0,327.0,331.0,337.0,337.0,334.0,340.0,340.0,340.0,341.0,341.0,344.0
장성군 - 노인천명당 노인여가복지시설수＜br＞(A÷B×1000),Statistics,11.8,15.8,15.9,16.6,18.2,19.1,21.0,22.6,21.5,21.8,21.8,21.6,21.3,20.6,20.6,20.1,19.5,19.1,18.7,18.5
장수군 - 60세이상 주민등록인구＜br＞(B),Statistics,7687.0,7638.0,7568.0,7712.0,7709.0,7782.0,7917.0,7992.0,8176.0,8334.0,8487.0,8727.0,8960.0,9099.0,9299.0,9469.0,9785.0,10055.0,10233.0,10325.0
장수군 - 노인여가복지시설수＜br＞(A),Statistics,260.0,262.0,266.0,269.0,271.0,271.0,275.0,274.0,274.0,274.0,274.0,274.0,274.0,274.0,276.0,276.0,278.0,279.0,280.0,280.0
장수군 - 노인천명당 노인여가복지시설수＜br＞(A÷B×1000),Statistics,33.8,34.3,35.1,34.9,35.2,34.8,34.7,34.3,33.5,32.9,32.3,31.4,30.6,30.1,29.7,29.1,28.4,27.7,27.4,27.1
장흥군 - 60세이상 주민등록인구＜br＞(B),Statistics,14434.0,14404.0,14357.0,14427.0,14527.0,14609.0,14883.0,14976.0,15087.0,15136.0,15343.0,15642.0,15628.0,15845.0,15973.0,16217.0,16639.0,16766.0,16795.0,16948.0
장흥군 - 노인여가복지시설수＜br＞(A),Statistics,356.0,371.0,371.0,375.0,383.0,392.0,393.0,361.0,399.0,400.0,404.0,402.0,405.0,403.0,405.0,406.0,408.0,408.0,408.0,408.0
장흥군 - 노인천명당 노인여가복지시설수＜br＞(A÷B×1000),Statistics,24.7,25.8,25.8,26.0,26.4,26.8,26.4,24.1,26.4,26.4,26.3,25.7,25.9,25.4,25.4,25.0,24.5,24.3,24.3,24.1
전국 - 60세이상 주민등록인구＜br＞(B),Statistics,6135317.0,6309958.0,6517860.0,6817806.0,7110229.0,7401159.0,7782587.0,8020279.0,8408663.0,8737654.0,9147370.0,9656763.0,10134728.0,10666349.0,11193257.0,11791950.0,12446546.0,12987782.0,13485327.0,13950110.0
전국 - 노인여가복지시설수＜br＞(A),Statistics,52261.0,54781.0,56844.0,57777.0,59422.0,61065.0,62469.0,63591.0,64077.0,64983.0,65665.0,66292.0,66787.0,67324.0,68013.0,68413.0,69005.0,68823.0,69786.0,70455.0
전국 - 노인천명당 노인여가복지시설수＜br＞(A÷B×1000),Statistics,8.5,8.7,8.7,8.5,8.4,8.3,8.0,7.9,7.6,7.4,7.2,6.9,6.6,6.3,6.1,5.8,5.5,5.3,5.2,5.1
전라남도 - 60세이상 주민등록인구＜br＞(B),Statistics,414798.0,419401.0,423232.0,432806.0,440535.0,449340.0,460360.0,467559.0,477349.0,483837.0,494954.0,508892.0,520641.0,536080.0,551115.0,569636.0,591838.0,609063.0,624130.0,638809.0
전라남도 - 노인여가복지시설수＜br＞(A),Statistics,6770.0,7413.0,7628.0,7853.0,8086.0,8336.0,8486.0,8579.0,8657.0,8760.0,8851.0,8928.0,8986.0,9024.0,9092.0,9137.0,9179.0,9195.0,9244.0,9269.0
전라남도 - 노인천명당 노인여가복지시설수＜br＞(A÷B×1000),Statistics,16.3,17.7,18.0,18.1,18.4,18.6,18.4,18.3,18.1,18.1,17.9,17.5,17.3,16.8,16.5,16.0,15.5,15.1,14.8,14.5
전북특별자치도 - 60세이상 주민등록인구＜br＞(B),Statistics,333370.0,336506.0,342006.0,352990.0,361415.0,371020.0,385224.0,394072.0,405499.0,414786.0,428786.0,445741.0,459952.0,476417.0,490867.0,509438.0,532174.0,549965.0,565379.0,578227.0
전북특별자치도 - 노인여가복지시설수＜br＞(A),Statistics,5332.0,5556.0,5764.0,5896.0,6103.0,6248.0,6382.0,6467.0,6527.0,6562.0,6619.0,6660.0,6703.0,6745.0,6795.0,6814.0,6865.0,6431.0,6903.0,6926.0
전북특별자치도 - 노인천명당 노인여가복지시설수＜br＞(A÷B×1000),Statistics,16.0,16.5,16.9,16.7,16.9,16.8,16.6,16.4,16.1,15.8,15.4,14.9,14.6,14.2,13.8,13.4,12.9,11.7,12.2,12.0
전주시 - 60세이상 주민등록인구＜br＞(B),Statistics,69119.0,71068.0,74083.0,77889.0,81630.0,85144.0,90101.0,93610.0,97942.0,101737.0,106886.0,112535.0,117342.0,122669.0,128211.0,135433.0,143484.0,150093.0,155578.0,160259.0
전주시 - 노인여가복지시설수＜br＞(A),Statistics,492.0,525.0,551.0,532.0,568.0,561.0,569.0,582.0,586.0,591.0,599.0,605.0,608.0,612.0,625.0,633.0,649.0,655.0,662.0,666.0
전주시 - 노인천명당 노인여가복지시설수＜br＞(A÷B×1000),Statistics,7.1,7.4,7.4,6.8,7.0,6.6,6.3,6.2,6.0,5.8,5.6,5.4,5.2,5.0,4.9,4.7,4.5,4.4,4.3,4.2
정선군 - 60세이상 주민등록인구＜br＞(B),Statistics,9337.0,9464.0,9528.0,9632.0,9844.0,9998.0,10444.0,10568.0,10916.0,11249.0,11617.0,12067.0,12493.0,12970.0,13451.0,13985.0,14728.0,14947.0,15245.0,15531.0
정선군 - 노인여가복지시설수＜br＞(A),Statistics,98.0,96.0,103.0,112.0,124.0,133.0,140.0,146.0,140.0,142.0,152.0,158.0,163.0,162.0,167.0,167.0,173.0,174.0,178.0,179.0
정선군 - 노인천명당 노인여가복지시설수＜br＞(A÷B×1000),Statistics,10.5,10.1,10.8,11.6,12.6,13.3,13.4,13.8,12.8,12.6,13.1,13.1,13.0,12.5,12.4,11.9,11.7,11.6,11.7,11.5
정읍시 - 60세이상 주민등록인구＜br＞(B),Statistics,30281.0,30075.0,30157.0,30728.0,31114.0,31673.0,32621.0,32911.0,33390.0,33691.0,34379.0,35369.0,35955.0,36893.0,37601.0,38621.0,39785.0,40636.0,41358.0,41900.0
정읍시 - 노인여가복지시설수＜br＞(A),Statistics,589.0,606.0,620.0,605.0,631.0,660.0,674.0,678.0,690.0,684.0,692.0,693.0,696.0,702.0,706.0,712.0,734.0,717.0,717.0,719.0
정읍시 - 노인천명당 노인여가복지시설수＜br＞(A÷B×1000),Statistics,19.5,20.1,20.6,19.7,20.3,20.8,20.7,20.6,20.7,20.3,20.1,19.6,19.4,19.0,18.8,18.4,18.4,17.6,17.3,17.2
제주시 - 60세이상 주민등록인구＜br＞(B),Statistics,,,53833.0,56137.0,58440.0,60372.0,63152.0,65224.0,67979.0,70398.0,73941.0,78971.0,83626.0,88310.0,93124.0,98194.0,103521.0,108281.0,112848.0,117808.0
제주시 - 노인여가복지시설수＜br＞(A),Statistics,,,252.0,247.0,256.0,260.0,270.0,276.0,282.0,299.0,290.0,301.0,305.0,308.0,307.0,315.0,315.0,322.0,328.0,332.0
제주시 - 노인천명당 노인여가복지시설수＜br＞(A÷B×1000),Statistics,,,4.7,4.4,4.4,4.3,4.3,4.2,4.1,4.2,3.9,3.8,3.6,3.5,3.3,3.2,3.0,3.0,2.9,2.8
제주특별자치도 - 60세이상 주민등록인구＜br＞(B),Statistics,76595.0,78933.0,81914.0,85301.0,88749.0,91565.0,95513.0,98355.0,102205.0,105588.0,110598.0,117752.0,124738.0,131702.0,138552.0,145741.0,153599.0,160298.0,166961.0,173969.0
제주특별자치도 - 노인여가복지시설수＜br＞(A),Statistics,362.0,374.0,389.0,386.0,396.0,401.0,407.0,418.0,424.0,437.0,433.0,445.0,456.0,463.0,458.0,469.0,470.0,476.0,493.0,497.0
제주특별자치도 - 노인천명당 노인여가복지시설수＜br＞(A÷B×1000),Statistics,4.7,4.7,4.7,4.5,4.5,4.4,4.3,4.2,4.1,4.1,3.9,3.8,3.7,3.5,3.3,3.2,3.1,3.0,3.0,2.9
제천시 - 60세이상 주민등록인구＜br＞(B),Statistics,23099.0,23608.0,23983.0,24830.0,25579.0,26194.0,27072.0,27744.0,29400.0,30463.0,31841.0,33296.0,34812.0,36803.0,38609.0,40412.0,42381.0,44324.0,45842.0,46957.0
제천시 - 노인여가복지시설수＜br＞(A),Statistics,249.0,252.0,263.0,273.0,285.0,294.0,300.0,310.0,315.0,320.0,320.0,327.0,329.0,333.0,337.0,340.0,340.0,343.0,344.0,346.0
제천시 - 노인천명당 노인여가복지시설수＜br＞(A÷B×1000),Statistics,10.8,10.7,11.0,11.0,11.1,11.2,11.1,11.2,10.7,10.5,10.0,9.8,9.5,9.0,8.7,8.4,8.0,7.7,7.5,7.4
종로구 - 60세이상 주민등록인구＜br＞(B),Statistics,25610.0,25732.0,26019.0,27043.0,28163.0,28862.0,31231.0,31497.0,32485.0,32514.0,33151.0,34230.0,35074.0,36520.0,37505.0,38592.0,39795.0,39120.0,39103.0,39832.0
종로구 - 노인여가복지시설수＜br＞(A),Statistics,72.0,54.0,55.0,57.0,57.0,65.0,65.0,63.0,81.0,68.0,69.0,70.0,69.0,71.0,75.0,76.0,75.0,74.0,73.0,77.0
종로구 - 노인천명당 노인여가복지시설수＜br＞(A÷B×1000),Statistics,2.8,2.1,2.1,2.1,2.0,2.3,2.1,2.0,2.5,2.1,2.1,2.0,2.0,1.9,2.0,2.0,1.9,1.9,1.9,1.9
중구 - 60세이상 주민등록인구＜br＞(B),Statistics,19379.0,19701.0,20337.0,21140.0,21710.0,22527.0,24525.0,25201.0,26186.0,26653.0,27473.0,28262.0,29206.0,30333.0,31406.0,32892.0,34225.0,34109.0,34507.0,35288.0
중구 - 노인여가복지시설수＜br＞(A),Statistics,45.0,45.0,45.0,45.0,48.0,48.0,49.0,49.0,65.0,53.0,53.0,52.0,49.0,52.0,52.0,53.0,54.0,54.0,54.0,55.0
중구 - 노인천명당 노인여가복지시설수＜br＞(A÷B×1000),Statistics,2.3,2.3,2.2,2.1,2.2,2.1,2.0,1.9,2.5,2.0,1.9,1.8,1.7,1.7,1.7,1.6,1.6,1.6,1.6,1.6
중랑구 - 60세이상 주민등록인구＜br＞(B),Statistics,45817.0,47575.0,50212.0,53478.0,56496.0,59353.0,63338.0,65225.0,68846.0,71777.0,76037.0,80304.0,84361.0,88921.0,93116.0,97822.0,103232.0,106252.0,109661.0,113353.0
중랑구 - 노인여가복지시설수＜br＞(A),Statistics,105.0,104.0,114.0,121.0,122.0,126.0,127.0,130.0,133.0,128.0,128.0,129.0,132.0,133.0,138.0,142.0,143.0,141.0,144.0,149.0
중랑구 - 노인천명당 노인여가복지시설수＜br＞(A÷B×1000),Statistics,2.3,2.2,2.3,2.3,2.2,2.1,2.0,2.0,1.9,1.8,1.7,1.6,1.6,1.5,1.5,1.5,1.4,1.3,1.3,1.3
증평군 - 60세이상 주민등록인구＜br＞(B),Statistics,4797.0,4862.0,4938.0,5110.0,5356.0,5540.0,5776.0,5923.0,6220.0,6435.0,6746.0,7198.0,7641.0,8135.0,8475.0,8912.0,9344.0,9842.0,10450.0,10859.0
증평군 - 노인여가복지시설수＜br＞(A),Statistics,93.0,99.0,100.0,103.0,98.0,101.0,105.0,106.0,105.0,112.0,116.0,112.0,115.0,115.0,115.0,117.0,119.0,119.0,120.0,121.0
증평군 - 노인천명당 노인여가복지시설수＜br＞(A÷B×1000),Statistics,19.4,20.4,20.3,20.2,18.3,18.2,18.2,17.9,16.9,17.4,17.2,15.6,15.1,14.1,13.6,13.1,12.7,12.1,11.5,11.1
진도군 - 60세이상 주민등록인구＜br＞(B),Statistics,11514.0,11681.0,11754.0,11864.0,11905.0,11948.0,12079.0,12131.0,12215.0,12197.0,12190.0,12352.0,12445.0,12619.0,12703.0,12898.0,13400.0,13514.0,13619.0,13688.0
진도군 - 노인여가복지시설수＜br＞(A),Statistics,241.0,245.0,247.0,249.0,251.0,256.0,259.0,311.0,263.0,265.0,268.0,268.0,269.0,273.0,274.0,276.0,279.0,280.0,281.0,283.0
진도군 - 노인천명당 노인여가복지시설수＜br＞(A÷B×1000),Statistics,20.9,21.0,21.0,21.0,21.1,21.4,21.4,25.6,21.5,21.7,22.0,21.7,21.6,21.6,21.6,21.4,20.8,20.7,20.6,20.7
진안군 - 60세이상 주민등록인구＜br＞(B),Statistics,8868.0,8865.0,8878.0,9204.0,9164.0,9352.0,9552.0,9623.0,9664.0,9780.0,9961.0,10136.0,10286.0,10607.0,10822.0,11134.0,11570.0,11948.0,12259.0,12470.0
진안군 - 노인여가복지시설수＜br＞(A),Statistics,254.0,268.0,279.0,287.0,308.0,320.0,325.0,328.0,326.0,328.0,333.0,331.0,334.0,334.0,333.0,331.0,330.0,337.0,339.0,340.0
진안군 - 노인천명당 노인여가복지시설수＜br＞(A÷B×1000),Statistics,28.6,30.2,31.4,31.2,33.6,34.2,34.0,34.1,33.7,33.5,33.4,32.7,32.5,31.5,30.8,29.7,28.5,28.2,27.7,27.3
진주시 - 60세이상 주민등록인구＜br＞(B),Statistics,44784.0,45802.0,46871.0,48367.0,50284.0,52211.0,54550.0,56355.0,59049.0,61079.0,64209.0,67656.0,70649.0,74015.0,77388.0,80965.0,85595.0,89826.0,93044.0,95541.0
진주시 - 노인여가복지시설수＜br＞(A),Statistics,413.0,438.0,470.0,481.0,494.0,504.0,517.0,517.0,526.0,528.0,533.0,542.0,546.0,546.0,548.0,548.0,553.0,557.0,567.0,570.0
진주시 - 노인천명당 노인여가복지시설수＜br＞(A÷B×1000),Statistics,9.2,9.6,10.0,9.9,9.8,9.7,9.5,9.2,8.9,8.6,8.3,8.0,7.7,7.4,7.1,6.8,6.5,6.2,6.1,6.0
진천군 - 60세이상 주민등록인구＜br＞(B),Statistics,10919.0,11026.0,11228.0,11467.0,11804.0,12035.0,12378.0,12657.0,13041.0,13611.0,14267.0,15000.0,15789.0,16819.0,17680.0,18662.0,19858.0,21074.0,22212.0,22952.0
진천군 - 노인여가복지시설수＜br＞(A),Statistics,247.0,250.0,257.0,254.0,256.0,263.0,261.0,268.0,271.0,272.0,274.0,277.0,279.0,284.0,287.0,292.0,292.0,292.0,293.0,293.0
진천군 - 노인천명당 노인여가복지시설수＜br＞(A÷B×1000),Statistics,22.6,22.7,22.9,22.2,21.7,21.9,21.1,21.2,20.8,20.0,19.2,18.5,17.7,16.9,16.2,15.6,14.7,13.9,13.2,12.8
창녕군 - 60세이상 주민등록인구＜br＞(B),Statistics,18082.0,18053.0,18108.0,18298.0,18549.0,18847.0,19325.0,19753.0,20276.0,20734.0,21297.0,22033.0,22718.0,23619.0,24238.0,25012.0,25923.0,26656.0,27205.0,27552.0
창녕군 - 노인여가복지시설수＜br＞(A),Statistics,308.0,332.0,338.0,352.0,363.0,373.0,376.0,382.0,384.0,395.0,398.0,398.0,399.0,438.0,403.0,401.0,401.0,401.0,401.0,401.0
창녕군 - 노인천명당 노인여가복지시설수＜br＞(A÷B×1000),Statistics,17.0,18.4,18.7,19.2,19.6,19.8,19.5,19.3,18.9,19.1,18.7,18.1,17.6,18.5,16.6,16.0,15.5,15.0,14.7,14.6
창원시 - 60세이상 주민등록인구＜br＞(B),Statistics,,,,,,,131681.0,137353.0,145596.0,152681.0,161670.0,172729.0,183287.0,194668.0,206533.0,220034.0,235193.0,249246.0,261696.0,271407.0
창원시 - 노인여가복지시설수＜br＞(A),Statistics,,,,,,,945.0,959.0,978.0,992.0,998.0,1006.0,1019.0,1020.0,1028.0,1044.0,1049.0,1056.0,1058.0,1058.0
창원시 - 노인천명당 노인여가복지시설수＜br＞(A÷B×1000),Statistics,,,,,,,7.2,7.0,6.7,6.5,6.2,5.8,5.6,5.2,5.0,4.7,4.5,4.2,4.0,3.9
천안시 - 60세이상 주민등록인구＜br＞(B),Statistics,48104.0,49216.0,51082.0,53460.0,56158.0,58477.0,61912.0,64291.0,67595.0,70490.0,74232.0,79270.0,84252.0,90175.0,96384.0,103066.0,111272.0,118944.0,126256.0,132352.0
천안시 - 노인여가복지시설수＜br＞(A),Statistics,551.0,576.0,603.0,615.0,623.0,642.0,659.0,674.0,681.0,686.0,694.0,702.0,708.0,721.0,735.0,749.0,749.0,748.0,754.0,759.0
천안시 - 노인천명당 노인여가복지시설수＜br＞(A÷B×1000),Statistics,11.5,11.7,11.8,11.5,11.1,11.0,10.6,10.5,10.1,9.7,9.3,8.9,8.4,8.0,7.6,7.3,6.7,6.3,6.0,5.7
철원군 - 60세이상 주민등록인구＜br＞(B),Statistics,9076.0,9334.0,9475.0,9740.0,9984.0,10227.0,10514.0,10539.0,10786.0,11107.0,11468.0,11948.0,12319.0,12705.0,13165.0,13597.0,14092.0,14406.0,14812.0,15208.0
철원군 - 노인여가복지시설수＜br＞(A),Statistics,111.0,112.0,114.0,114.0,114.0,116.0,118.0,120.0,119.0,118.0,119.0,119.0,123.0,124.0,124.0,125.0,128.0,129.0,131.0,132.0
철원군 - 노인천명당 노인여가복지시설수＜br＞(A÷B×1000),Statistics,12.2,12.0,12.0,11.7,11.4,11.3,11.2,11.4,11.0,10.6,10.4,10.0,10.0,9.8,9.4,9.2,9.1,9.0,8.8,8.7
청도군 - 60세이상 주민등록인구＜br＞(B),Statistics,14969.0,14875.0,14859.0,15085.0,15272.0,15590.0,15895.0,16241.0,16695.0,17207.0,17677.0,18206.0,18720.0,19229.0,19750.0,20495.0,21100.0,21715.0,22242.0,22650.0
청도군 - 노인여가복지시설수＜br＞(A),Statistics,266.0,271.0,277.0,281.0,286.0,291.0,299.0,305.0,307.0,312.0,312.0,316.0,316.0,316.0,316.0,318.0,318.0,321.0,319.0,319.0
청도군 - 노인천명당 노인여가복지시설수＜br＞(A÷B×1000),Statistics,17.8,18.2,18.6,18.6,18.7,18.7,18.8,18.8,18.4,18.1,17.7,17.4,16.9,16.4,16.0,15.5,15.1,14.8,14.3,14.1
청송군 - 60세이상 주민등록인구＜br＞(B),Statistics,9222.0,9267.0,9224.0,9352.0,9419.0,9622.0,9810.0,9970.0,10176.0,10417.0,10677.0,10918.0,11162.0,11401.0,11676.0,12026.0,12364.0,12637.0,12934.0,13127.0
청송군 - 노인여가복지시설수＜br＞(A),Statistics,135.0,135.0,168.0,151.0,159.0,171.0,176.0,184.0,192.0,197.0,205.0,208.0,211.0,215.0,218.0,222.0,223.0,227.0,231.0,232.0
청송군 - 노인천명당 노인여가복지시설수＜br＞(A÷B×1000),Statistics,14.6,14.6,18.2,16.1,16.9,17.8,17.9,18.5,18.9,18.9,19.2,19.1,18.9,18.9,18.7,18.5,18.0,18.0,17.9,17.7
청양군 - 60세이상 주민등록인구＜br＞(B),Statistics,11007.0,10994.0,10942.0,11038.0,11130.0,11307.0,11526.0,11689.0,11880.0,12085.0,12419.0,12802.0,13169.0,13466.0,13680.0,14056.0,14447.0,14873.0,15177.0,15337.0
청양군 - 노인여가복지시설수＜br＞(A),Statistics,243.0,266.0,275.0,279.0,284.0,285.0,294.0,298.0,302.0,304.0,303.0,303.0,302.0,302.0,301.0,305.0,304.0,309.0,309.0,309.0
청양군 - 노인천명당 노인여가복지시설수＜br＞(A÷B×1000),Statistics,22.1,24.2,25.1,25.3,25.5,25.2,25.5,25.5,25.4,25.2,24.4,23.7,22.9,22.4,22.0,21.7,21.0,20.8,20.4,20.1
청주시 - 60세이상 주민등록인구＜br＞(B),Statistics,,,,,,,,,,,121806.0,128683.0,136010.0,144296.0,152517.0,161509.0,171675.0,182246.0,191530.0,198719.0
청주시 - 노인여가복지시설수＜br＞(A),Statistics,,,,,,,,,,,1018.0,1030.0,1035.0,1048.0,1049.0,1062.0,1060.0,1070.0,1076.0,1089.0
청주시 - 노인천명당 노인여가복지시설수＜br＞(A÷B×1000),Statistics,,,,,,,,,,,8.4,8.0,7.6,7.3,6.9,6.6,6.2,5.9,5.6,5.5
춘천시 - 60세이상 주민등록인구＜br＞(B),Statistics,38275.0,39401.0,40702.0,42259.0,43776.0,44781.0,46422.0,47365.0,49792.0,51716.0,54147.0,56959.0,59915.0,63110.0,66249.0,69414.0,73060.0,76707.0,80057.0,82468.0
춘천시 - 노인여가복지시설수＜br＞(A),Statistics,280.0,288.0,301.0,302.0,317.0,322.0,324.0,328.0,333.0,339.0,350.0,354.0,352.0,352.0,357.0,359.0,366.0,367.0,373.0,375.0
춘천시 - 노인천명당 노인여가복지시설수＜br＞(A÷B×1000),Statistics,7.3,7.3,7.4,7.1,7.2,7.2,7.0,6.9,6.7,6.6,6.5,6.2,5.9,5.6,5.4,5.2,5.0,4.8,4.7,4.5
충남 당진군 - 60세이상 주민등록인구＜br＞(B),Statistics,24917.0,25299.0,26008.0,27648.0,28391.0,29153.0,30322.0,31265.0,,,,,,,,,,,,
충남 당진군 - 노인여가복지시설수＜br＞(A),Statistics,281.0,288.0,290.0,291.0,303.0,306.0,319.0,325.0,,,,,,,,,,,,
충남 당진군 - 노인천명당 노인여가복지시설수＜br＞(A÷B×1000),Statistics,11.3,11.4,11.2,10.5,10.7,10.5,10.5,10.4,,,,,,,,,,,,
충남 연기군 - 60세이상 주민등록인구＜br＞(B),Statistics,16214.0,16445.0,16485.0,16344.0,16502.0,16896.0,17599.0,17979.0,,,,,,,,,,,,
충남 연기군 - 노인여가복지시설수＜br＞(A),Statistics,301.0,304.0,311.0,309.0,311.0,321.0,331.0,336.0,,,,,,,,,,,,
충남 연기군 - 노인천명당 노인여가복지시설수＜br＞(A÷B×1000),Statistics,18.6,18.5,18.9,18.9,18.8,19.0,18.8,18.7,,,,,,,,,,,,
충북 청원군 - 60세이상 주민등록인구＜br＞(B),Statistics,23955.0,24241.0,25261.0,26131.0,27193.0,27908.0,28738.0,29598.0,29047.0,29797.0,,,,,,,,,,
충북 청원군 - 노인여가복지시설수＜br＞(A),Statistics,491.0,511.0,508.0,517.0,528.0,536.0,538.0,545.0,522.0,526.0,,,,,,,,,,
충북 청원군 - 노인천명당 노인여가복지시설수＜br＞(A÷B×1000),Statistics,20.5,21.1,20.1,19.8,19.4,19.2,18.7,18.4,18.0,17.7,,,,,,,,,,
충북 청주시 - 60세이상 주민등록인구＜br＞(B),Statistics,58410.0,60635.0,62589.0,65761.0,68462.0,71090.0,74652.0,77452.0,82006.0,86242.0,,,,,,,,,,
충북 청주시 - 노인여가복지시설수＜br＞(A),Statistics,399.0,415.0,424.0,438.0,446.0,457.0,470.0,531.0,482.0,488.0,,,,,,,,,,
충북 청주시 - 노인천명당 노인여가복지시설수＜br＞(A÷B×1000),Statistics,6.8,6.8,6.8,6.7,6.5,6.4,6.3,6.9,5.9,5.7,,,,,,,,,,
충주시 - 60세이상 주민등록인구＜br＞(B),Statistics,34158.0,34706.0,35368.0,36369.0,37407.0,38201.0,39192.0,40017.0,41969.0,43197.0,44901.0,46978.0,49425.0,51953.0,54679.0,57480.0,60408.0,63526.0,66085.0,67880.0
충주시 - 노인여가복지시설수＜br＞(A),Statistics,471.0,478.0,484.0,490.0,498.0,509.0,517.0,522.0,527.0,529.0,538.0,536.0,539.0,543.0,547.0,550.0,551.0,558.0,560.0,558.0
충주시 - 노인천명당 노인여가복지시설수＜br＞(A÷B×1000),Statistics,13.8,13.8,13.7,13.5,13.3,13.3,13.2,13.0,12.6,12.2,12.0,11.4,10.9,10.5,10.0,9.6,9.1,8.8,8.5,8.2
충청남도 - 60세이상 주민등록인구＜br＞(B),Statistics,351494.0,355336.0,360747.0,371016.0,382758.0,393997.0,408926.0,418687.0,411506.0,422468.0,438235.0,458092.0,476486.0,496978.0,516614.0,538767.0,566081.0,591986.0,615003.0,633445.0
충청남도 - 노인여가복지시설수＜br＞(A),Statistics,5012.0,5213.0,5339.0,5423.0,5536.0,5659.0,5793.0,5868.0,5562.0,5610.0,5670.0,5701.0,5735.0,5775.0,5816.0,5837.0,5886.0,5921.0,5956.0,6007.0
충청남도 - 노인천명당 노인여가복지시설수＜br＞(A÷B×1000),Statistics,14.3,14.7,14.8,14.6,14.5,14.4,14.2,14.0,13.5,13.3,12.9,12.4,12.0,11.6,11.3,10.8,10.4,10.0,9.7,9.5
충청북도 - 60세이상 주민등록인구＜br＞(B),Statistics,231519.0,235662.0,240215.0,247738.0,255324.0,262181.0,271108.0,278068.0,288716.0,298753.0,311551.0,326888.0,343090.0,361423.0,379320.0,398054.0,419207.0,440818.0,459521.0,473101.0
충청북도 - 노인여가복지시설수＜br＞(A),Statistics,3568.0,3655.0,3721.0,3749.0,3842.0,3899.0,3952.0,4062.0,3992.0,4025.0,4045.0,4073.0,4102.0,4131.0,4154.0,4202.0,4214.0,4243.0,4258.0,4284.0
충청북도 - 노인천명당 노인여가복지시설수＜br＞(A÷B×1000),Statistics,15.4,15.5,15.5,15.1,15.0,14.9,14.6,14.6,13.8,13.5,13.0,12.5,12.0,11.4,11.0,10.6,10.1,9.6,9.3,9.1
칠곡군 - 60세이상 주민등록인구＜br＞(B),Statistics,14948.0,15226.0,15473.0,15960.0,16536.0,17025.0,17765.0,18022.0,18735.0,19273.0,19999.0,20772.0,21670.0,22704.0,23674.0,25114.0,26500.0,27935.0,29138.0,30195.0
칠곡군 - 노인여가복지시설수＜br＞(A),Statistics,179.0,184.0,191.0,196.0,204.0,215.0,226.0,229.0,234.0,237.0,242.0,245.0,252.0,254.0,255.0,261.0,262.0,264.0,267.0,268.0
칠곡군 - 노인천명당 노인여가복지시설수＜br＞(A÷B×1000),Statistics,12.0,12.1,12.3,12.3,12.3,12.6,12.7,12.7,12.5,12.3,12.1,11.8,11.6,11.2,10.8,10.4,9.9,9.5,9.2,8.9
태백시 - 60세이상 주민등록인구＜br＞(B),Statistics,8495.0,8646.0,8790.0,9164.0,9481.0,9799.0,10614.0,10783.0,11266.0,11691.0,12147.0,12599.0,13143.0,13569.0,13961.0,14596.0,15046.0,15054.0,15017.0,15206.0
태백시 - 노인여가복지시설수＜br＞(A),Statistics,74.0,76.0,70.0,70.0,72.0,77.0,78.0,86.0,90.0,92.0,99.0,101.0,104.0,107.0,107.0,109.0,110.0,110.0,111.0,110.0
태백시 - 노인천명당 노인여가복지시설수＜br＞(A÷B×1000),Statistics,8.7,8.8,8.0,7.6,7.6,7.9,7.3,8.0,8.0,7.9,8.2,8.0,7.9,7.9,7.7,7.5,7.3,7.3,7.4,7.2
태안군 - 60세이상 주민등록인구＜br＞(B),Statistics,15167.0,15460.0,15815.0,16424.0,17257.0,17839.0,18511.0,18920.0,19497.0,20017.0,20704.0,21499.0,22341.0,23195.0,24061.0,24907.0,25970.0,27136.0,28054.0,28670.0
태안군 - 노인여가복지시설수＜br＞(A),Statistics,167.0,176.0,189.0,195.0,199.0,209.0,215.0,217.0,225.0,228.0,229.0,233.0,234.0,235.0,235.0,236.0,240.0,243.0,244.0,244.0
태안군 - 노인천명당 노인여가복지시설수＜br＞(A÷B×1000),Statistics,11.0,11.4,12.0,11.9,11.5,11.7,11.6,11.5,11.5,11.4,11.1,10.8,10.5,10.1,9.8,9.5,9.2,9.0,8.7,8.5
통영시 - 60세이상 주민등록인구＜br＞(B),Statistics,19531.0,19830.0,20292.0,20971.0,21937.0,22832.0,23680.0,24501.0,25612.0,26536.0,27745.0,29188.0,30584.0,32050.0,33453.0,35134.0,36937.0,38559.0,39895.0,40884.0
통영시 - 노인여가복지시설수＜br＞(A),Statistics,161.0,173.0,179.0,185.0,186.0,190.0,197.0,198.0,201.0,210.0,220.0,227.0,229.0,235.0,242.0,249.0,252.0,254.0,254.0,257.0
통영시 - 노인천명당 노인여가복지시설수＜br＞(A÷B×1000),Statistics,8.2,8.7,8.8,8.8,8.5,8.3,8.3,8.1,7.8,7.9,7.9,7.8,7.5,7.3,7.2,7.1,6.8,6.6,6.4,6.3
파주시 - 60세이상 주민등록인구＜br＞(B),Statistics,36483.0,38419.0,41747.0,44299.0,46327.0,48727.0,52510.0,55344.0,58708.0,61299.0,64567.0,69127.0,73341.0,77995.0,83559.0,88218.0,94638.0,101522.0,107831.0,113223.0
파주시 - 노인여가복지시설수＜br＞(A),Statistics,275.0,293.0,320.0,326.0,336.0,339.0,354.0,369.0,379.0,384.0,390.0,397.0,396.0,397.0,416.0,413.0,411.0,410.0,419.0,426.0
파주시 - 노인천명당 노인여가복지시설수＜br＞(A÷B×1000),Statistics,7.5,7.6,7.7,7.4,7.3,7.0,6.7,6.7,6.5,6.3,6.0,5.7,5.4,5.1,5.0,4.7,4.3,4.0,3.9,3.8
평창군 - 60세이상 주민등록인구＜br＞(B),Statistics,9899.0,10112.0,10218.0,10394.0,10624.0,10797.0,11016.0,11167.0,11794.0,12156.0,12680.0,13280.0,13831.0,14571.0,15239.0,16112.0,16972.0,17638.0,18392.0,18794.0
평창군 - 노인여가복지시설수＜br＞(A),Statistics,124.0,128.0,143.0,147.0,157.0,159.0,163.0,163.0,166.0,172.0,174.0,176.0,176.0,177.0,182.0,180.0,182.0,182.0,187.0,191.0
평창군 - 노인천명당 노인여가복지시설수＜br＞(A÷B×1000),Statistics,12.5,12.7,14.0,14.1,14.8,14.7,14.8,14.6,14.1,14.1,13.7,13.3,12.7,12.1,11.9,11.2,10.7,10.3,10.2,10.2
평택시 - 60세이상 주민등록인구＜br＞(B),Statistics,44956.0,46698.0,48553.0,50932.0,53149.0,55129.0,58526.0,60174.0,62900.0,65111.0,68187.0,72407.0,76494.0,80872.0,86215.0,92408.0,100100.0,106973.0,112535.0,117794.0
평택시 - 노인여가복지시설수＜br＞(A),Statistics,396.0,420.0,441.0,462.0,476.0,497.0,501.0,512.0,519.0,524.0,533.0,557.0,536.0,259.0,593.0,585.0,596.0,611.0,618.0,629.0
평택시 - 노인천명당 노인여가복지시설수＜br＞(A÷B×1000),Statistics,8.8,9.0,9.1,9.1,9.0,9.0,8.6,8.5,8.3,8.0,7.8,7.7,7.0,3.2,6.9,6.3,6.0,5.7,5.5,5.3
포천시 - 60세이상 주민등록인구＜br＞(B),Statistics,21916.0,23039.0,23967.0,25032.0,26091.0,26777.0,27520.0,28029.0,29305.0,30336.0,31685.0,33379.0,35149.0,37290.0,39451.0,41755.0,44387.0,47245.0,49289.0,51044.0
포천시 - 노인여가복지시설수＜br＞(A),Statistics,246.0,269.0,279.0,282.0,289.0,294.0,299.0,303.0,306.0,307.0,309.0,305.0,308.0,310.0,309.0,313.0,314.0,315.0,308.0,319.0
포천시 - 노인천명당 노인여가복지시설수＜br＞(A÷B×1000),Statistics,11.2,11.7,11.6,11.3,11.1,11.0,10.9,10.8,10.4,10.1,9.8,9.1,8.8,8.3,7.8,7.5,7.1,6.7,6.2,6.2
포항시 - 60세이상 주민등록인구＜br＞(B),Statistics,58166.0,59678.0,61169.0,64093.0,67628.0,71239.0,75006.0,78498.0,83650.0,88261.0,93619.0,100145.0,105993.0,112456.0,118453.0,125786.0,133184.0,140268.0,145725.0,150604.0
포항시 - 노인여가복지시설수＜br＞(A),Statistics,468.0,468.0,548.0,522.0,535.0,551.0,563.0,572.0,582.0,588.0,594.0,597.0,605.0,610.0,621.0,630.0,634.0,635.0,640.0,651.0
포항시 - 노인천명당 노인여가복지시설수＜br＞(A÷B×1000),Statistics,8.0,7.8,9.0,8.1,7.9,7.7,7.5,7.3,7.0,6.7,6.3,6.0,5.7,5.4,5.2,5.0,4.8,4.5,4.4,4.3
하남시 - 60세이상 주민등록인구＜br＞(B),Statistics,14253.0,15176.0,15754.0,16847.0,18498.0,19967.0,21388.0,21859.0,22946.0,24106.0,26055.0,29711.0,36894.0,42208.0,47699.0,52592.0,58112.0,63998.0,67505.0,70493.0
하남시 - 노인여가복지시설수＜br＞(A),Statistics,88.0,93.0,98.0,101.0,104.0,117.0,115.0,116.0,107.0,109.0,110.0,109.0,120.0,110.0,137.0,149.0,150.0,156.0,166.0,170.0
하남시 - 노인천명당 노인여가복지시설수＜br＞(A÷B×1000),Statistics,6.2,6.1,6.2,6.0,5.6,5.9,5.4,5.3,4.7,4.5,4.2,3.7,3.3,2.6,2.9,2.8,2.6,2.4,2.5,2.4
하동군 - 60세이상 주민등록인구＜br＞(B),Statistics,15572.0,15533.0,15648.0,16166.0,16326.0,16577.0,16799.0,17311.0,17345.0,17524.0,17791.0,18352.0,18658.0,19097.0,19454.0,19863.0,20430.0,20997.0,21429.0,21693.0
하동군 - 노인여가복지시설수＜br＞(A),Statistics,350.0,357.0,357.0,359.0,362.0,367.0,364.0,365.0,365.0,370.0,370.0,372.0,379.0,261.0,383.0,385.0,385.0,385.0,385.0,385.0
하동군 - 노인천명당 노인여가복지시설수＜br＞(A÷B×1000),Statistics,22.5,23.0,22.8,22.2,22.2,22.1,21.7,21.1,21.0,21.1,20.8,20.3,20.3,13.7,19.7,19.4,18.8,18.3,18.0,17.7
함안군 - 60세이상 주민등록인구＜br＞(B),Statistics,14168.0,14208.0,14404.0,14734.0,15086.0,15462.0,15935.0,16169.0,16682.0,17098.0,17732.0,18470.0,19128.0,19975.0,20714.0,21430.0,22352.0,23253.0,23884.0,24241.0
함안군 - 노인여가복지시설수＜br＞(A),Statistics,190.0,246.0,270.0,286.0,315.0,327.0,333.0,333.0,336.0,335.0,332.0,335.0,334.0,336.0,335.0,332.0,334.0,334.0,329.0,329.0
함안군 - 노인천명당 노인여가복지시설수＜br＞(A÷B×1000),Statistics,13.4,17.3,18.7,19.4,20.9,21.1,20.9,20.6,20.1,19.6,18.7,18.1,17.5,16.8,16.2,15.5,14.9,14.4,13.8,13.6
함양군 - 60세이상 주민등록인구＜br＞(B),Statistics,13104.0,13141.0,13190.0,13422.0,13556.0,13804.0,14056.0,14163.0,14430.0,14569.0,14810.0,15242.0,15648.0,16049.0,16342.0,16722.0,17255.0,17668.0,18014.0,18181.0
함양군 - 노인여가복지시설수＜br＞(A),Statistics,337.0,368.0,358.0,367.0,370.0,378.0,385.0,386.0,394.0,395.0,398.0,404.0,405.0,341.0,409.0,410.0,411.0,411.0,412.0,411.0
함양군 - 노인천명당 노인여가복지시설수＜br＞(A÷B×1000),Statistics,25.7,28.0,27.1,27.3,27.3,27.4,27.4,27.3,27.3,27.1,26.9,26.5,25.9,21.2,25.0,24.5,23.8,23.3,22.9,22.6
함평군 - 60세이상 주민등록인구＜br＞(B),Statistics,13098.0,13159.0,13017.0,13155.0,13218.0,13359.0,13489.0,13516.0,13611.0,13603.0,13715.0,13840.0,13977.0,14267.0,14392.0,14727.0,14993.0,15280.0,15432.0,15699.0
함평군 - 노인여가복지시설수＜br＞(A),Statistics,179.0,231.0,247.0,263.0,283.0,309.0,319.0,292.0,336.0,347.0,351.0,367.0,371.0,372.0,375.0,378.0,378.0,377.0,380.0,380.0
함평군 - 노인천명당 노인여가복지시설수＜br＞(A÷B×1000),Statistics,13.7,17.6,19.0,20.0,21.4,23.1,23.6,21.6,24.7,25.5,25.6,26.5,26.5,26.1,26.1,25.7,25.2,24.7,24.6,24.2
합천군 - 60세이상 주민등록인구＜br＞(B),Statistics,18970.0,18955.0,18834.0,19044.0,19409.0,19435.0,19627.0,19780.0,20110.0,20268.0,20573.0,20879.0,21107.0,21403.0,21536.0,21940.0,22387.0,22907.0,23106.0,23089.0
합천군 - 노인여가복지시설수＜br＞(A),Statistics,290.0,354.0,389.0,403.0,427.0,471.0,500.0,507.0,513.0,518.0,519.0,521.0,524.0,523.0,525.0,525.0,525.0,527.0,528.0,529.0
합천군 - 노인천명당 노인여가복지시설수＜br＞(A÷B×1000),Statistics,15.3,18.7,20.7,21.2,22.0,24.2,25.5,25.6,25.5,25.6,25.2,25.0,24.8,24.4,24.4,23.9,23.5,23.0,22.9,22.9
해남군 - 60세이상 주민등록인구＜br＞(B),Statistics,24282.0,24468.0,24511.0,24866.0,25090.0,25431.0,25683.0,25861.0,26163.0,26254.0,26442.0,26752.0,27157.0,27638.0,28046.0,28599.0,29268.0,29677.0,29984.0,30225.0
해남군 - 노인여가복지시설수＜br＞(A),Statistics,531.0,534.0,536.0,537.0,538.0,556.0,561.0,382.0,567.0,571.0,577.0,580.0,580.0,587.0,590.0,594.0,596.0,601.0,601.0,601.0
해남군 - 노인천명당 노인여가복지시설수＜br＞(A÷B×1000),Statistics,21.9,21.8,21.9,21.6,21.4,21.9,21.8,14.8,21.7,21.7,21.8,21.7,21.4,21.2,21.0,20.8,20.4,20.3,20.0,19.9
해운대구 - 60세이상 주민등록인구＜br＞(B),Statistics,45050.0,46763.0,49877.0,53178.0,55856.0,58889.0,62320.0,64825.0,68926.0,72089.0,75750.0,80915.0,85272.0,89462.0,93922.0,98724.0,103532.0,107072.0,109778.0,112782.0
해운대구 - 노인여가복지시설수＜br＞(A),Statistics,211.0,202.0,202.0,213.0,216.0,223.0,230.0,233.0,239.0,241.0,244.0,252.0,259.0,260.0,268.0,265.0,266.0,266.0,268.0,269.0
해운대구 - 노인천명당 노인여가복지시설수＜br＞(A÷B×1000),Statistics,4.7,4.3,4.0,4.0,3.9,3.8,3.7,3.6,3.5,3.3,3.2,3.1,3.0,2.9,2.9,2.7,2.6,2.5,2.4,2.4
홍성군 - 60세이상 주민등록인구＜br＞(B),Statistics,21092.0,21184.0,21393.0,21694.0,22096.0,22666.0,23332.0,23916.0,24356.0,24924.0,25830.0,26959.0,28093.0,29076.0,29925.0,30800.0,32164.0,33223.0,34105.0,34842.0
홍성군 - 노인여가복지시설수＜br＞(A),Statistics,302.0,316.0,330.0,338.0,347.0,349.0,353.0,356.0,363.0,368.0,370.0,374.0,376.0,373.0,374.0,377.0,374.0,374.0,373.0,373.0
홍성군 - 노인천명당 노인여가복지시설수＜br＞(A÷B×1000),Statistics,14.3,14.9,15.4,15.6,15.7,15.4,15.1,14.9,14.9,14.8,14.3,13.9,13.4,12.8,12.5,12.2,11.6,11.3,10.9,10.7
홍천군 - 60세이상 주민등록인구＜br＞(B),Statistics,14989.0,15234.0,15432.0,15794.0,16203.0,16475.0,16807.0,17013.0,17812.0,18372.0,19158.0,20189.0,21290.0,22580.0,23824.0,24956.0,26197.0,27558.0,28643.0,29508.0
홍천군 - 노인여가복지시설수＜br＞(A),Statistics,167.0,171.0,177.0,183.0,189.0,193.0,195.0,194.0,195.0,196.0,200.0,199.0,201.0,206.0,206.0,206.0,207.0,206.0,208.0,207.0
홍천군 - 노인천명당 노인여가복지시설수＜br＞(A÷B×1000),Statistics,11.1,11.2,11.5,11.6,11.7,11.7,11.6,11.4,10.9,10.7,10.4,9.9,9.4,9.1,8.6,8.3,7.9,7.5,7.3,7.0
화성시 - 60세이상 주민등록인구＜br＞(B),Statistics,33988.0,35730.0,37531.0,42364.0,48483.0,52612.0,54639.0,56340.0,59272.0,61774.0,65187.0,71847.0,78981.0,86797.0,96916.0,107452.0,118789.0,129714.0,140403.0,150706.0
화성시 - 노인여가복지시설수＜br＞(A),Statistics,452.0,421.0,461.0,509.0,542.0,633.0,611.0,615.0,604.0,606.0,611.0,599.0,638.0,575.0,663.0,710.0,721.0,724.0,740.0,764.0
화성시 - 노인천명당 노인여가복지시설수＜br＞(A÷B×1000),Statistics,13.3,11.8,12.3,12.0,11.2,12.0,11.2,10.9,10.2,9.8,9.4,8.3,8.1,6.6,6.8,6.6,6.1,5.6,5.3,5.1
화순군 - 60세이상 주민등록인구＜br＞(B),Statistics,16566.0,16721.0,16766.0,17080.0,17353.0,17631.0,17895.0,18074.0,18361.0,18600.0,18917.0,19260.0,19529.0,20047.0,20609.0,21270.0,22283.0,23189.0,23798.0,24412.0
화순군 - 노인여가복지시설수＜br＞(A),Statistics,331.0,355.0,370.0,384.0,395.0,407.0,414.0,261.0,419.0,422.0,428.0,430.0,433.0,436.0,436.0,438.0,438.0,438.0,440.0,443.0
화순군 - 노인천명당 노인여가복지시설수＜br＞(A÷B×1000),Statistics,20.0,21.2,22.1,22.5,22.8,23.1,23.1,14.4,22.8,22.7,22.6,22.3,22.2,21.7,21.2,20.6,19.7,18.9,18.5,18.1
화천군 - 60세이상 주민등록인구＜br＞(B),Statistics,5017.0,5087.0,5153.0,5244.0,5322.0,5390.0,5522.0,5584.0,5701.0,5800.0,6090.0,6299.0,6545.0,6817.0,7076.0,7423.0,7858.0,8069.0,8254.0,8444.0
화천군 - 노인여가복지시설수＜br＞(A),Statistics,76.0,75.0,71.0,67.0,68.0,68.0,69.0,71.0,72.0,74.0,76.0,75.0,76.0,83.0,87.0,88.0,90.0,92.0,92.0,96.0
화천군 - 노인천명당 노인여가복지시설수＜br＞(A÷B×1000),Statistics,15.1,14.7,13.8,12.8,12.8,12.6,12.5,12.7,12.6,12.8,12.5,11.9,11.6,12.2,12.3,11.9,11.5,11.4,11.1,11.4
횡성군 - 60세이상 주민등록인구＜br＞(B),Statistics,10733.0,10905.0,11038.0,11386.0,11612.0,11877.0,12176.0,12380.0,13156.0,13616.0,14252.0,14914.0,15730.0,16709.0,17612.0,18566.0,19665.0,20642.0,21483.0,22166.0
횡성군 - 노인여가복지시설수＜br＞(A),Statistics,154.0,162.0,163.0,167.0,173.0,174.0,176.0,177.0,180.0,182.0,183.0,196.0,198.0,197.0,198.0,200.0,201.0,202.0,206.0,204.0
횡성군 - 노인천명당 노인여가복지시설수＜br＞(A÷B×1000),Statistics,14.3,14.9,14.8,14.7,14.9,14.7,14.5,14.3,13.7,13.4,12.8,13.1,12.6,11.8,11.2,10.8,10.2,9.8,9.6,9.2
