item,category,2000,2001,2002,2003,2004,2005,2006,2007,2008,2009,2010,2011,2012,2013,2014,2015,2016,2017,2018,2019,2020,2021,2022,2023,2024
가평군 - 남녀성비＜br＞(A÷B×100),Statistics,104.2,104.2,104.1,104.8,104.6,104.9,104.9,104.6,104.6,104.9,105.4,105.8,106.1,105.2,105.1,105.1,105.0,105.1,105.4,105.5,106.4,106.6,106.8,106.5,106.1
가평군 - 남자인구수＜br＞(A),Statistics,28632.0,28602.0,28313.0,28172.0,28035.0,28087.0,28077.0,28471.0,29191.0,29475.0,30214.0,30510.0,31298.0,31284.0,31370.0,31774.0,31981.0,32276.0,32288.0,32042.0,32156.0,32129.0,32102.0,32137.0,32194.0
가평군 - 여자인구수＜br＞(B),Statistics,27479.0,27443.0,27193.0,26888.0,26810.0,26774.0,26778.0,27227.0,27917.0,28089.0,28676.0,28848.0,29496.0,29733.0,29843.0,30234.0,30467.0,30697.0,30630.0,30373.0,30221.0,30135.0,30048.0,30165.0,30333.0
강남구 - 남녀성비＜br＞(A÷B×100),Statistics,96.5,95.9,95.7,95.0,94.6,94.4,94.0,93.4,93.1,92.9,92.7,92.6,92.4,92.4,92.2,92.1,91.9,92.0,91.8,91.7,91.7,91.7,91.7,91.6,91.6
강남구 - 남자인구수＜br＞(A),Statistics,270296.0,264593.0,261641.0,257776.0,258371.0,262628.0,269857.0,270925.0,268963.0,270720.0,274303.0,271991.0,270970.0,270601.0,277267.0,276425.0,271604.0,266442.0,259611.0,260806.0,257999.0,255047.0,253072.0,260520.0,266412.0
강남구 - 여자인구수＜br＞(B),Statistics,280047.0,276047.0,273497.0,271201.0,273146.0,278281.0,287107.0,290033.0,288869.0,291418.0,295792.0,293719.0,293227.0,292998.0,300847.0,300070.0,295511.0,289722.0,282753.0,284363.0,281232.0,277995.0,276030.0,284353.0,290933.0
강동구 - 남녀성비＜br＞(A÷B×100),Statistics,101.8,102.1,102.2,102.0,101.6,101.1,101.1,100.8,100.7,100.5,100.5,100.3,100.2,99.8,99.6,99.5,99.1,98.8,98.2,97.6,96.8,96.3,95.9,95.6,95.4
강동구 - 남자인구수＜br＞(A),Statistics,250541.0,247208.0,243391.0,241000.0,237408.0,233352.0,232102.0,233223.0,235333.0,243001.0,246492.0,247973.0,244172.0,241503.0,237816.0,228709.0,221118.0,216777.0,211816.0,215335.0,226216.0,227002.0,225221.0,224423.0,232862.0
강동구 - 여자인구수＜br＞(B),Statistics,246008.0,242033.0,238079.0,236230.0,233737.0,230707.0,229658.0,231323.0,233691.0,241744.0,245379.0,247165.0,243733.0,241876.0,238781.0,229949.0,223050.0,219446.0,215757.0,220732.0,233754.0,235662.0,234846.0,234744.0,244080.0
강릉시 - 남녀성비＜br＞(A÷B×100),Statistics,99.6,99.5,99.4,99.5,99.4,99.2,99.3,99.4,99.3,98.9,98.8,99.1,99.0,98.7,98.6,98.6,98.7,98.7,98.5,98.5,98.4,98.5,98.4,98.2,98.1
강릉시 - 남자인구수＜br＞(A),Statistics,116331.0,115662.0,114579.0,114231.0,113261.0,111728.0,110622.0,109916.0,108842.0,108146.0,108613.0,108294.0,108318.0,107689.0,107149.0,106545.0,106231.0,106286.0,105697.0,105893.0,105794.0,105667.0,104845.0,103759.0,102890.0
강릉시 - 여자인구수＜br＞(B),Statistics,116790.0,116281.0,115290.0,114842.0,113998.0,112663.0,111394.0,110568.0,109557.0,109318.0,109890.0,109277.0,109423.0,109117.0,108658.0,108015.0,107615.0,107666.0,107260.0,107549.0,107527.0,107298.0,106536.0,105680.0,104841.0
강북구 - 남녀성비＜br＞(A÷B×100),Statistics,99.8,99.9,99.9,99.4,99.1,99.0,98.9,98.8,98.5,98.6,98.7,98.1,98.0,97.7,97.3,97.1,96.7,96.0,95.7,95.3,95.1,94.9,94.4,93.9,93.2
강북구 - 남자인구수＜br＞(A),Statistics,175860.0,175613.0,180859.0,179773.0,179484.0,175723.0,173510.0,171730.0,169887.0,168998.0,172109.0,170906.0,169866.0,167342.0,165223.0,162967.0,160861.0,158918.0,156071.0,153235.0,150143.0,145705.0,142567.0,139514.0,136789.0
강북구 - 여자인구수＜br＞(B),Statistics,176135.0,175791.0,181037.0,180890.0,181041.0,177537.0,175480.0,173748.0,172387.0,171369.0,174411.0,174148.0,173291.0,171365.0,169802.0,167906.0,166334.0,165561.0,163093.0,160719.0,157912.0,153477.0,151093.0,148599.0,146808.0
강서구 - 남녀성비＜br＞(A÷B×100),Statistics,98.9,98.8,98.5,98.5,98.2,98.1,97.9,97.7,97.5,97.3,97.4,97.0,96.7,96.3,96.0,95.6,95.2,94.9,94.5,93.9,93.3,92.7,92.3,92.0,91.8
강서구 - 남자인구수＜br＞(A),Statistics,259235.0,259108.0,262185.0,266490.0,268424.0,274159.0,274528.0,276977.0,284817.0,282529.0,283248.0,280274.0,278969.0,279207.0,286644.0,287947.0,290478.0,292989.0,290079.0,286563.0,280034.0,276292.0,273203.0,269822.0,266237.0
강서구 - 여자인구수＜br＞(B),Statistics,261996.0,262381.0,266136.0,270513.0,273247.0,279501.0,280417.0,283447.0,292031.0,290307.0,290879.0,288798.0,288462.0,289863.0,298516.0,301127.0,305007.0,308702.0,306870.0,305233.0,300151.0,298023.0,295963.0,293236.0,289934.0
강원특별자치도 - 남녀성비＜br＞(A÷B×100),Statistics,101.0,100.7,100.7,101.0,101.1,101.1,101.1,101.1,101.3,101.3,101.3,101.3,101.3,101.4,101.5,101.7,101.5,101.4,101.3,101.2,101.3,101.3,101.2,101.2,101.1
강원특별자치도 - 남자인구수＜br＞(A),Statistics,781133.0,778766.0,771945.0,767294.0,764803.0,760642.0,756894.0,756184.0,759282.0,761270.0,769807.0,773278.0,774273.0,776498.0,778007.0,781434.0,781146.0,780635.0,776456.0,775386.0,776505.0,774332.0,772947.0,768449.0,763025.0
강원특별자치도 - 여자인구수＜br＞(B),Statistics,773555.0,773641.0,766775.0,759740.0,756572.0,752468.0,748526.0,747622.0,749293.0,751600.0,760011.0,763170.0,764357.0,765765.0,766435.0,768073.0,769660.0,769507.0,766596.0,766116.0,766335.0,764160.0,763551.0,759358.0,754741.0
강진군 - 남녀성비＜br＞(A÷B×100),Statistics,94.2,92.3,93.5,93.4,93.1,92.6,91.9,91.5,91.0,90.9,90.5,90.3,91.2,91.3,91.3,91.4,92.4,92.7,92.3,92.4,93.5,94.0,94.6,95.1,96.0
강진군 - 남자인구수＜br＞(A),Statistics,23898.0,24404.0,22412.0,21607.0,20993.0,20530.0,20086.0,19753.0,19606.0,19603.0,19778.0,19744.0,19192.0,19123.0,19021.0,18507.0,18127.0,17731.0,17350.0,16944.0,16715.0,16359.0,16128.0,15949.0,15766.0
강진군 - 여자인구수＜br＞(B),Statistics,25356.0,26442.0,23969.0,23136.0,22557.0,22166.0,21852.0,21599.0,21547.0,21561.0,21846.0,21855.0,21049.0,20956.0,20840.0,20251.0,19626.0,19137.0,18794.0,18342.0,17882.0,17394.0,17049.0,16773.0,16423.0
강화군 - 남녀성비＜br＞(A÷B×100),Statistics,99.4,99.3,98.9,99.3,99.7,99.3,99.2,99.5,99.7,99.9,99.8,100.0,100.2,100.9,100.6,100.5,101.0,100.8,100.6,100.4,100.2,100.1,100.1,100.4,100.0
강화군 - 남자인구수＜br＞(A),Statistics,33441.0,33315.0,32667.0,32409.0,32511.0,32576.0,32631.0,33154.0,33650.0,33504.0,33526.0,33388.0,33415.0,33520.0,33657.0,33916.0,34170.0,34509.0,34546.0,34665.0,34644.0,34868.0,34918.0,34566.0,34707.0
강화군 - 여자인구수＜br＞(B),Statistics,33659.0,33545.0,33031.0,32635.0,32603.0,32813.0,32879.0,33312.0,33737.0,33545.0,33578.0,33391.0,33337.0,33215.0,33461.0,33751.0,33840.0,34245.0,34350.0,34513.0,34559.0,34825.0,34885.0,34439.0,34695.0
거제시 - 남녀성비＜br＞(A÷B×100),Statistics,105.0,105.2,105.7,106.4,106.5,107.1,107.5,108.4,109.5,110.5,109.9,109.3,109.9,110.4,111.2,112.2,111.8,110.7,109.6,110.2,110.4,109.9,109.5,109.9,110.2
거제시 - 남자인구수＜br＞(A),Statistics,89619.0,91743.0,93533.0,96003.0,98068.0,101160.0,104360.0,108290.0,113525.0,118410.0,119547.0,121587.0,124076.0,127020.0,130708.0,135281.0,135738.0,133467.0,131003.0,130141.0,128978.0,126291.0,123712.0,122542.0,122140.0
거제시 - 여자인구수＜br＞(B),Statistics,85362.0,87237.0,88502.0,90205.0,92073.0,94449.0,97052.0,99918.0,103686.0,107112.0,108808.0,111200.0,112868.0,115057.0,117579.0,120547.0,121445.0,120606.0,119513.0,118135.0,116776.0,114925.0,112950.0,111496.0,110832.0
거창군 - 남녀성비＜br＞(A÷B×100),Statistics,96.0,95.6,94.7,95.1,94.9,95.2,95.3,94.8,94.8,94.7,94.7,94.4,94.2,94.4,93.9,94.2,94.4,94.4,94.5,95.3,95.7,96.3,96.5,96.9,96.9
거창군 - 남자인구수＜br＞(A),Statistics,34164.0,33524.0,32702.0,32355.0,31952.0,31568.0,31188.0,31136.0,30791.0,30733.0,30843.0,30665.0,30613.0,30671.0,30581.0,30664.0,30746.0,30476.0,30340.0,30345.0,30082.0,29955.0,29655.0,29555.0,29322.0
거창군 - 여자인구수＜br＞(B),Statistics,35580.0,35050.0,34522.0,34015.0,33663.0,33167.0,32729.0,32843.0,32477.0,32447.0,32578.0,32481.0,32490.0,32506.0,32556.0,32568.0,32562.0,32287.0,32115.0,31834.0,31420.0,31118.0,30732.0,30492.0,30266.0
경기 여주군 - 남녀성비＜br＞(A÷B×100),Statistics,102.1,102.2,102.2,102.4,102.9,102.8,102.5,102.0,102.0,101.6,102.1,102.3,102.1,,,,,,,,,,,,
경기 여주군 - 남자인구수＜br＞(A),Statistics,52353.0,52888.0,52753.0,52625.0,52742.0,52855.0,53162.0,53988.0,54210.0,54478.0,55199.0,55175.0,55348.0,,,,,,,,,,,,
경기 여주군 - 여자인구수＜br＞(B),Statistics,51269.0,51760.0,51627.0,51405.0,51234.0,51405.0,51860.0,52938.0,53145.0,53610.0,54051.0,53945.0,54202.0,,,,,,,,,,,,
경기도 - 남녀성비＜br＞(A÷B×100),Statistics,102.1,102.1,102.0,101.9,101.8,101.8,101.7,101.6,101.6,101.5,101.7,101.6,101.5,101.4,101.3,101.2,101.2,101.2,101.2,101.2,101.2,101.3,101.3,101.2,101.0
경기도 - 남자인구수＜br＞(A),Statistics,4658523.0,4822367.0,5012229.0,5150549.0,5277320.0,5395500.0,5499796.0,5598206.0,5690673.0,5773569.0,5942454.0,6015357.0,6091035.0,6159193.0,6219813.0,6299812.0,6395453.0,6475323.0,6577501.0,6659995.0,6754469.0,6827298.0,6839276.0,6855895.0,6882186.0
경기도 - 여자인구수＜br＞(B),Statistics,4560820.0,4722129.0,4915244.0,5056302.0,5185600.0,5301715.0,5406237.0,5508005.0,5601591.0,5687041.0,5844168.0,5922058.0,6002264.0,6075437.0,6138017.0,6222794.0,6321327.0,6398572.0,6499652.0,6579671.0,6672545.0,6738152.0,6750156.0,6774926.0,6812499.0
경남 마산시 - 남녀성비＜br＞(A÷B×100),Statistics,100.3,100.4,100.4,100.7,100.7,101.0,100.8,101.3,101.5,101.6,,,,,,,,,,,,,,,
경남 마산시 - 남자인구수＜br＞(A),Statistics,216618.0,217044.0,216916.0,215517.0,214378.0,213556.0,211775.0,209288.0,207043.0,204780.0,,,,,,,,,,,,,,,
경남 마산시 - 여자인구수＜br＞(B),Statistics,216002.0,216091.0,215987.0,214095.0,212870.0,211462.0,210008.0,206517.0,204035.0,201527.0,,,,,,,,,,,,,,,
경남 진해시 - 남녀성비＜br＞(A÷B×100),Statistics,101.5,101.8,101.7,101.7,102.1,101.7,103.0,103.1,103.2,103.8,,,,,,,,,,,,,,,
경남 진해시 - 남자인구수＜br＞(A),Statistics,67407.0,67924.0,71170.0,75769.0,76497.0,79147.0,81788.0,82789.0,85691.0,87288.0,,,,,,,,,,,,,,,
경남 진해시 - 여자인구수＜br＞(B),Statistics,66384.0,66736.0,69954.0,74539.0,74896.0,77845.0,79387.0,80319.0,83005.0,84119.0,,,,,,,,,,,,,,,
경남 창원시 - 남녀성비＜br＞(A÷B×100),Statistics,103.4,103.5,103.6,104.0,104.0,104.6,104.5,104.5,104.4,104.3,,,,,,,,,,,,,,,
경남 창원시 - 남자인구수＜br＞(A),Statistics,264280.0,266496.0,261399.0,260243.0,258589.0,257961.0,257485.0,257494.0,257234.0,256704.0,,,,,,,,,,,,,,,
경남 창원시 - 여자인구수＜br＞(B),Statistics,255518.0,257572.0,252260.0,250196.0,248572.0,246559.0,246396.0,246436.0,246284.0,246023.0,,,,,,,,,,,,,,,
경산시 - 남녀성비＜br＞(A÷B×100),Statistics,100.4,100.5,100.5,100.9,101.1,101.4,101.5,101.7,101.7,101.8,102.0,102.1,101.9,101.7,101.5,101.3,101.6,101.6,101.5,101.6,101.4,101.1,101.3,101.1,101.0
경산시 - 남자인구수＜br＞(A),Statistics,107127.0,108275.0,109501.0,108617.0,110412.0,114651.0,118315.0,119454.0,119731.0,119284.0,121560.0,123114.0,124367.0,125454.0,127909.0,129290.0,130060.0,130775.0,131537.0,132616.0,132805.0,134940.0,134746.0,133847.0,133851.0
경산시 - 여자인구수＜br＞(B),Statistics,106694.0,107720.0,108945.0,107623.0,109167.0,113115.0,116524.0,117427.0,117692.0,117175.0,119148.0,120570.0,121991.0,123351.0,126059.0,127598.0,127977.0,128710.0,129556.0,130569.0,130923.0,133429.0,132979.0,132358.0,132547.0
경상남도 - 남녀성비＜br＞(A÷B×100),Statistics,100.2,100.2,100.3,100.4,100.6,100.7,100.8,100.9,101.2,101.3,101.3,101.3,101.3,101.4,101.4,101.5,101.5,101.3,101.2,101.3,101.4,101.4,101.4,101.4,101.6
경상남도 - 남자인구수＜br＞(A),Statistics,1548720.0,1555175.0,1564368.0,1572720.0,1576357.0,1585900.0,1592610.0,1605983.0,1622127.0,1635700.0,1656042.0,1664755.0,1670545.0,1678592.0,1687114.0,1694981.0,1699219.0,1701413.0,1697412.0,1692032.0,1681423.0,1668338.0,1651675.0,1636987.0,1626926.0
경상남도 - 여자인구수＜br＞(B),Statistics,1545693.0,1551327.0,1560050.0,1566297.0,1567457.0,1574531.0,1580247.0,1590970.0,1603128.0,1614476.0,1634494.0,1644010.0,1648769.0,1655228.0,1663143.0,1669721.0,1674652.0,1678991.0,1676576.0,1670521.0,1658793.0,1645845.0,1628818.0,1614171.0,1601454.0
경상북도 - 남녀성비＜br＞(A÷B×100),Statistics,100.4,100.3,100.3,100.4,100.7,100.8,100.8,100.9,100.9,100.9,100.9,100.9,100.9,100.9,100.9,100.9,101.0,101.1,101.2,101.4,101.5,101.6,101.8,102.1,102.4
경상북도 - 남자인구수＜br＞(A),Statistics,1401512.0,1394244.0,1380211.0,1363201.0,1352420.0,1349437.0,1349830.0,1346756.0,1343199.0,1340977.0,1351202.0,1355727.0,1355294.0,1355951.0,1356182.0,1357306.0,1356868.0,1353164.0,1346689.0,1342037.0,1329211.0,1323661.0,1311881.0,1290298.0,1280547.0
경상북도 - 여자인구수＜br＞(B),Statistics,1395666.0,1390460.0,1376533.0,1357631.0,1343497.0,1339054.0,1338747.0,1334608.0,1330732.0,1328899.0,1338718.0,1343468.0,1343059.0,1343489.0,1344612.0,1345520.0,1343530.0,1338542.0,1330142.0,1323799.0,1310211.0,1302948.0,1288611.0,1264026.0,1250837.0
경주시 - 남녀성비＜br＞(A÷B×100),Statistics,99.0,99.0,99.0,99.1,99.4,99.6,99.7,99.9,100.0,100.1,100.1,100.1,100.1,100.1,100.1,100.3,100.3,100.4,100.6,100.4,100.3,100.1,100.2,100.3,100.4
경주시 - 남자인구수＜br＞(A),Statistics,144336.0,143029.0,141561.0,139926.0,138536.0,137261.0,136505.0,136019.0,134663.0,133819.0,133646.0,132822.0,132100.0,131725.0,130820.0,130055.0,129944.0,129178.0,128802.0,127928.0,126911.0,126024.0,124909.0,123906.0,122608.0
경주시 - 여자인구수＜br＞(B),Statistics,145813.0,144477.0,143028.0,141251.0,139334.0,137826.0,136914.0,136187.0,134680.0,133647.0,133452.0,132666.0,131991.0,131558.0,130715.0,129718.0,129508.0,128725.0,128062.0,127474.0,126591.0,125865.0,124698.0,123583.0,122161.0
계룡시 - 남녀성비＜br＞(A÷B×100),Statistics,,,,98.4,98.5,98.2,98.0,98.0,97.0,97.9,98.0,98.6,98.6,98.3,98.5,98.5,98.4,98.6,98.3,98.6,99.4,99.1,99.4,99.7,99.6
계룡시 - 남자인구수＜br＞(A),Statistics,,,,15404.0,15467.0,17032.0,18238.0,18692.0,20388.0,21152.0,21322.0,21321.0,20633.0,20304.0,20118.0,20703.0,21148.0,21834.0,21674.0,21338.0,21343.0,21563.0,22166.0,23294.0,23219.0
계룡시 - 여자인구수＜br＞(B),Statistics,,,,15654.0,15707.0,17338.0,18608.0,19083.0,21023.0,21608.0,21766.0,21621.0,20917.0,20653.0,20434.0,21027.0,21486.0,22133.0,22057.0,21633.0,21479.0,21768.0,22309.0,23373.0,23321.0
계양구 - 남녀성비＜br＞(A÷B×100),Statistics,101.7,101.6,101.5,101.3,101.3,101.2,101.2,101.1,100.9,100.9,101.0,101.3,100.9,100.7,100.6,100.5,100.2,100.0,99.7,99.8,99.5,99.3,99.2,99.0,98.9
계양구 - 남자인구수＜br＞(A),Statistics,169983.0,171201.0,171827.0,171225.0,169658.0,168687.0,172173.0,172258.0,171957.0,172753.0,174791.0,173225.0,171886.0,172539.0,170238.0,167579.0,165301.0,161925.0,156128.0,151569.0,147976.0,147316.0,143881.0,139459.0,139318.0
계양구 - 여자인구수＜br＞(B),Statistics,167094.0,168495.0,169247.0,168950.0,167445.0,166748.0,170162.0,170306.0,170342.0,171286.0,173019.0,171074.0,170316.0,171267.0,169300.0,166753.0,164983.0,161859.0,156552.0,151902.0,148774.0,148380.0,144975.0,140807.0,140909.0
고령군 - 남녀성비＜br＞(A÷B×100),Statistics,102.2,102.4,102.3,102.6,102.9,103.4,103.1,103.6,104.1,103.9,104.0,104.3,104.3,104.5,103.8,103.9,104.3,103.8,104.1,104.6,105.1,105.8,105.4,105.6,106.5
고령군 - 남자인구수＜br＞(A),Statistics,18997.0,18619.0,18191.0,17697.0,17510.0,17422.0,17650.0,17759.0,17734.0,17597.0,17682.0,18102.0,18046.0,17988.0,17847.0,17630.0,17485.0,17200.0,16818.0,16548.0,16074.0,15741.0,15572.0,15477.0,15507.0
고령군 - 여자인구수＜br＞(B),Statistics,18590.0,18177.0,17787.0,17245.0,17012.0,16849.0,17127.0,17148.0,17036.0,16938.0,16996.0,17353.0,17297.0,17210.0,17186.0,16964.0,16772.0,16568.0,16151.0,15825.0,15287.0,14885.0,14781.0,14662.0,14555.0
고성군 - 남녀성비＜br＞(A÷B×100),Statistics,101.0,101.1,102.3,102.3,102.7,103.2,102.7,103.4,104.0,106.0,107.4,108.4,110.2,113.9,113.7,113.5,111.8,111.3,109.8,107.4,106.5,106.0,106.4,105.5,105.2
고성군 - 남자인구수＜br＞(A),Statistics,17783.0,17419.0,17053.0,16554.0,16398.0,16231.0,15849.0,15443.0,15384.0,15578.0,15590.0,15635.0,15792.0,16184.0,16107.0,15981.0,15899.0,15817.0,14729.0,14114.0,13802.0,14019.0,14060.0,14018.0,13841.0
고성군 - 여자인구수＜br＞(B),Statistics,17608.0,17224.0,16668.0,16185.0,15963.0,15733.0,15436.0,14940.0,14788.0,14694.0,14522.0,14422.0,14332.0,14214.0,14162.0,14079.0,14215.0,14212.0,13415.0,13146.0,12955.0,13230.0,13214.0,13287.0,13158.0
고양시 - 남녀성비＜br＞(A÷B×100),Statistics,99.1,98.9,98.8,98.5,98.2,98.1,98.0,97.7,97.6,97.5,97.7,97.5,97.3,97.1,97.0,96.8,96.6,96.4,96.3,96.2,96.0,95.8,95.5,95.2,95.1
고양시 - 남자인구수＜br＞(A),Statistics,396999.0,403591.0,415739.0,429347.0,438926.0,447780.0,450541.0,457136.0,463691.0,463498.0,469508.0,474421.0,478333.0,487990.0,495535.0,505459.0,510923.0,511564.0,512359.0,522749.0,528480.0,528094.0,525741.0,524368.0,521495.0
고양시 - 여자인구수＜br＞(B),Statistics,400598.0,407876.0,420925.0,435730.0,447074.0,456297.0,459665.0,467703.0,475140.0,475286.0,480607.0,486818.0,491583.0,502581.0,510619.0,522087.0,528761.0,530419.0,531830.0,543602.0,550736.0,551259.0,550794.0,550539.0,548625.0
고창군 - 남녀성비＜br＞(A÷B×100),Statistics,97.4,95.9,96.8,95.5,97.0,97.1,96.7,97.0,97.8,98.0,97.4,97.7,98.2,98.0,97.5,97.7,97.6,98.0,97.9,97.6,97.8,98.6,98.8,99.6,99.6
고창군 - 남자인구수＜br＞(A),Statistics,36569.0,36359.0,34260.0,34009.0,32105.0,31362.0,30488.0,30014.0,29832.0,29750.0,30030.0,29689.0,29951.0,29955.0,29658.0,29672.0,29927.0,29934.0,28215.0,27418.0,26964.0,26507.0,26005.0,25817.0,25441.0
고창군 - 여자인구수＜br＞(B),Statistics,37535.0,37927.0,35397.0,35630.0,33098.0,32314.0,31542.0,30948.0,30496.0,30352.0,30831.0,30376.0,30489.0,30567.0,30432.0,30374.0,30670.0,30538.0,28826.0,28086.0,27565.0,26879.0,26333.0,25933.0,25541.0
고흥군 - 남녀성비＜br＞(A÷B×100),Statistics,96.5,96.2,95.0,94.4,94.6,94.5,94.4,93.7,93.7,93.5,93.2,93.4,92.9,92.8,92.6,92.8,92.8,92.7,93.5,94.0,94.5,95.0,95.1,95.7,96.7
고흥군 - 남자인구수＜br＞(A),Statistics,49583.0,46998.0,45163.0,44450.0,42168.0,40739.0,39365.0,38020.0,37060.0,36298.0,35666.0,35055.0,34464.0,34003.0,33483.0,33027.0,32556.0,32112.0,31783.0,31445.0,31051.0,30569.0,30170.0,29893.0,29597.0
고흥군 - 여자인구수＜br＞(B),Statistics,51406.0,48866.0,47552.0,47068.0,44579.0,43091.0,41703.0,40569.0,39545.0,38829.0,38258.0,37552.0,37096.0,36628.0,36158.0,35574.0,35100.0,34624.0,33994.0,33468.0,32871.0,32193.0,31710.0,31220.0,30593.0
곡성군 - 남녀성비＜br＞(A÷B×100),Statistics,94.3,95.3,94.8,94.4,94.3,94.7,94.7,93.4,94.0,93.9,94.3,94.5,94.4,94.7,95.0,95.1,94.7,94.5,94.8,95.5,95.6,96.7,97.9,98.9,98.6
곡성군 - 남자인구수＜br＞(A),Statistics,19968.0,18922.0,17884.0,17143.0,16690.0,16610.0,16357.0,16083.0,15796.0,15540.0,15475.0,15224.0,14997.0,15085.0,14976.0,14948.0,14786.0,14643.0,14417.0,14114.0,13707.0,13540.0,13386.0,13375.0,13192.0
곡성군 - 여자인구수＜br＞(B),Statistics,21181.0,19845.0,18870.0,18154.0,17706.0,17547.0,17274.0,17228.0,16812.0,16544.0,16411.0,16108.0,15881.0,15924.0,15756.0,15724.0,15614.0,15488.0,15207.0,14773.0,14332.0,13995.0,13674.0,13530.0,13374.0
공주시 - 남녀성비＜br＞(A÷B×100),Statistics,100.7,100.7,100.6,100.6,101.4,101.3,101.3,101.7,101.9,101.9,102.0,102.0,101.7,101.9,101.8,101.2,100.9,100.8,100.7,100.4,100.1,99.6,99.8,99.5,99.6
공주시 - 남자인구수＜br＞(A),Statistics,68044.0,67232.0,66478.0,65669.0,65577.0,65165.0,64591.0,63841.0,63153.0,62678.0,63097.0,62989.0,59145.0,58728.0,57314.0,55958.0,55221.0,54437.0,53979.0,53343.0,52297.0,51459.0,51231.0,50924.0,50546.0
공주시 - 여자인구수＜br＞(B),Statistics,67545.0,66746.0,66106.0,65288.0,64703.0,64324.0,63739.0,62771.0,61990.0,61494.0,61833.0,61759.0,58153.0,57641.0,56307.0,55303.0,54710.0,53995.0,53602.0,53131.0,52248.0,51686.0,51340.0,51180.0,50739.0
과천시 - 남녀성비＜br＞(A÷B×100),Statistics,97.2,97.5,97.2,96.7,96.8,96.6,96.6,97.0,96.8,96.4,96.0,95.6,94.9,94.8,94.7,94.5,94.7,95.4,95.6,96.6,96.6,96.9,96.7,96.1,95.4
과천시 - 남자인구수＜br＞(A),Statistics,35208.0,35149.0,34739.0,34567.0,33603.0,29954.0,29721.0,30668.0,34171.0,35369.0,35397.0,35170.0,34612.0,34355.0,34129.0,33502.0,31013.0,28085.0,28423.0,28638.0,31068.0,36092.0,38416.0,39687.0,41757.0
과천시 - 여자인구수＜br＞(B),Statistics,36224.0,36052.0,35749.0,35757.0,34730.0,31002.0,30761.0,31623.0,35306.0,36680.0,36882.0,36785.0,36456.0,36223.0,36027.0,35444.0,32765.0,29442.0,29719.0,29651.0,32163.0,37253.0,39721.0,41313.0,43755.0
관악구 - 남녀성비＜br＞(A÷B×100),Statistics,103.9,104.4,104.6,104.4,104.1,103.9,103.6,103.7,103.4,103.1,103.1,103.0,102.9,102.5,102.4,102.1,102.2,101.6,100.9,100.8,100.7,100.9,101.1,101.4,101.3
관악구 - 남자인구수＜br＞(A),Statistics,267272.0,269604.0,266951.0,266908.0,270391.0,270064.0,272339.0,272618.0,271762.0,269023.0,269783.0,267145.0,265281.0,262248.0,259631.0,257491.0,256143.0,253661.0,252160.0,251009.0,248339.0,243991.0,244748.0,242651.0,240457.0
관악구 - 여자인구수＜br＞(B),Statistics,257132.0,258160.0,255256.0,255548.0,259765.0,259956.0,262878.0,262953.0,262794.0,260846.0,261651.0,259252.0,257748.0,255780.0,253555.0,252172.0,250708.0,249636.0,249797.0,249085.0,246721.0,241708.0,242004.0,239305.0,237355.0
광명시 - 남녀성비＜br＞(A÷B×100),Statistics,100.8,100.8,100.5,100.1,99.7,99.8,99.7,99.5,99.3,99.0,99.0,98.8,98.4,98.3,98.3,98.5,98.2,98.2,98.0,97.7,97.3,97.2,96.8,96.4,96.0
광명시 - 남자인구수＜br＞(A),Statistics,169766.0,168821.0,170860.0,168114.0,165496.0,163751.0,156469.0,156118.0,154721.0,156349.0,171115.0,176556.0,176365.0,175031.0,172768.0,171180.0,168241.0,164878.0,161734.0,156405.0,147278.0,144384.0,141632.0,137512.0,136261.0
광명시 - 여자인구수＜br＞(B),Statistics,168373.0,167488.0,169947.0,167969.0,165923.0,164077.0,156903.0,156901.0,155780.0,157908.0,172867.0,178670.0,179195.0,178069.0,175792.0,173798.0,171243.0,167912.0,165107.0,160147.0,151321.0,148509.0,146313.0,142685.0,141906.0
광산구 - 남녀성비＜br＞(A÷B×100),Statistics,101.5,101.7,101.2,101.4,101.5,101.4,101.3,101.3,101.1,101.0,100.8,100.7,100.8,100.8,100.6,100.9,101.0,101.1,101.2,101.3,101.5,101.6,101.7,101.8,102.0
광산구 - 남자인구수＜br＞(A),Statistics,127389.0,132614.0,138480.0,144514.0,149122.0,154543.0,156799.0,159098.0,161232.0,172295.0,182376.0,188367.0,193280.0,197204.0,199253.0,201245.0,202480.0,203193.0,203479.0,203983.0,204296.0,203707.0,201971.0,200098.0,197732.0
광산구 - 여자인구수＜br＞(B),Statistics,125513.0,130418.0,136821.0,142468.0,146979.0,152446.0,154822.0,157003.0,159428.0,170641.0,180863.0,187142.0,191821.0,195671.0,198028.0,199508.0,200569.0,200938.0,201068.0,201332.0,201283.0,200514.0,198683.0,196643.0,193879.0
광양시 - 남녀성비＜br＞(A÷B×100),Statistics,104.2,104.2,104.0,104.5,104.5,104.5,104.4,104.8,105.1,105.2,105.7,106.3,106.2,105.9,105.6,105.4,105.9,106.3,107.1,107.9,109.0,109.3,109.5,109.8,110.2
광양시 - 남자인구수＜br＞(A),Statistics,70381.0,70534.0,70299.0,69729.0,70318.0,70570.0,70607.0,71056.0,72439.0,73549.0,74789.0,77670.0,77678.0,77990.0,78128.0,78815.0,80012.0,80301.0,80972.0,81365.0,79144.0,78626.0,79523.0,79892.0,81108.0
광양시 - 여자인구수＜br＞(B),Statistics,67559.0,67704.0,67614.0,66755.0,67283.0,67528.0,67630.0,67809.0,68949.0,69912.0,70723.0,73055.0,73159.0,73631.0,73969.0,74772.0,75568.0,75556.0,75592.0,75385.0,72625.0,71905.0,72645.0,72774.0,73584.0
광주광역시 - 남녀성비＜br＞(A÷B×100),Statistics,98.7,98.7,98.6,98.7,98.6,98.5,98.5,98.6,98.5,98.4,98.5,98.3,98.3,98.3,98.2,98.3,98.3,98.2,98.1,98.0,97.9,97.9,97.7,97.6,97.5
광주광역시 - 남자인구수＜br＞(A),Statistics,681570.0,687267.0,693937.0,693149.0,695479.0,695687.0,698664.0,701561.0,705817.0,711091.0,721780.0,725606.0,728406.0,730216.0,731339.0,729662.0,728137.0,725295.0,722581.0,720740.0,717348.0,713015.0,707299.0,700896.0,695224.0
광주광역시 - 여자인구수＜br＞(B),Statistics,690339.0,696498.0,703515.0,702613.0,705693.0,706058.0,709134.0,711883.0,716885.0,722549.0,732856.0,737858.0,740810.0,742694.0,744545.0,742537.0,741077.0,738475.0,736755.0,735728.0,732714.0,728596.0,723751.0,718341.0,713198.0
광주시 - 남녀성비＜br＞(A÷B×100),Statistics,,105.4,104.7,104.7,104.8,104.8,105.3,105.5,105.8,106.0,106.4,105.9,105.8,105.9,106.0,105.7,105.6,105.4,105.0,104.9,104.6,104.2,104.1,104.1,103.9
광주시 - 남자인구수＜br＞(A),Statistics,,78442.0,89827.0,97936.0,105212.0,109769.0,113875.0,117740.0,120690.0,122741.0,128739.0,136415.0,141695.0,147488.0,153812.0,160610.0,168345.0,177521.0,186309.0,190774.0,195298.0,197673.0,199707.0,199601.0,202621.0
광주시 - 여자인구수＜br＞(B),Statistics,,74436.0,85787.0,93530.0,100429.0,104729.0,108173.0,111579.0,114087.0,115842.0,121050.0,128807.0,133961.0,139211.0,145046.0,151969.0,159378.0,168426.0,177473.0,181880.0,186756.0,189616.0,191755.0,191776.0,194984.0
광진구 - 남녀성비＜br＞(A÷B×100),Statistics,101.4,101.5,101.0,100.6,100.0,99.5,99.0,98.6,98.4,98.1,98.2,98.0,97.7,97.2,96.8,96.4,95.8,95.2,94.5,94.0,93.3,93.2,92.9,92.5,92.2
광진구 - 남자인구수＜br＞(A),Statistics,197061.0,195484.0,194200.0,192996.0,190304.0,187320.0,186268.0,186945.0,186237.0,185190.0,186024.0,184103.0,183528.0,181864.0,178738.0,176884.0,174797.0,174414.0,172794.0,170262.0,167310.0,164058.0,162541.0,161277.0,159237.0
광진구 - 여자인구수＜br＞(B),Statistics,194248.0,192625.0,192311.0,191933.0,190233.0,188293.0,188174.0,189627.0,189245.0,188808.0,189439.0,187833.0,187785.0,187063.0,184616.0,183485.0,182418.0,183289.0,182765.0,181088.0,179372.0,175938.0,174875.0,174277.0,172726.0
괴산군 - 남녀성비＜br＞(A÷B×100),Statistics,101.8,101.8,101.8,102.4,102.0,102.0,101.9,102.0,101.5,101.5,102.2,102.5,103.0,103.3,103.3,103.5,103.0,103.4,103.7,104.5,105.5,106.0,106.2,106.5,107.5
괴산군 - 남자인구수＜br＞(A),Statistics,22393.0,21760.0,21097.0,20448.0,19991.0,19487.0,18959.0,18617.0,18422.0,18520.0,18615.0,18896.0,19139.0,19341.0,19488.0,19727.0,19773.0,19855.0,19924.0,20013.0,20225.0,19612.0,19082.0,18872.0,18782.0
괴산군 - 여자인구수＜br＞(B),Statistics,21987.0,21366.0,20730.0,19963.0,19595.0,19108.0,18611.0,18256.0,18144.0,18255.0,18212.0,18437.0,18574.0,18718.0,18863.0,19060.0,19200.0,19199.0,19209.0,19150.0,19168.0,18510.0,17973.0,17718.0,17470.0
구례군 - 남녀성비＜br＞(A÷B×100),Statistics,96.8,96.3,96.1,96.2,95.7,96.0,96.0,95.8,95.3,95.1,95.1,95.3,95.0,94.8,94.5,94.6,94.8,94.8,94.7,94.8,94.8,94.9,95.6,95.7,95.5
구례군 - 남자인구수＜br＞(A),Statistics,16522.0,16161.0,15563.0,14963.0,14786.0,14484.0,14122.0,13798.0,13515.0,13414.0,13346.0,13380.0,13193.0,13196.0,13199.0,13278.0,13342.0,13392.0,13191.0,12924.0,12519.0,12285.0,12052.0,11890.0,11736.0
구례군 - 여자인구수＜br＞(B),Statistics,17066.0,16787.0,16192.0,15546.0,15446.0,15093.0,14715.0,14405.0,14188.0,14104.0,14029.0,14042.0,13884.0,13919.0,13971.0,14030.0,14070.0,14133.0,13926.0,13639.0,13200.0,12950.0,12603.0,12424.0,12289.0
구로구 - 남녀성비＜br＞(A÷B×100),Statistics,104.0,103.8,103.7,103.6,103.2,102.8,102.6,102.3,102.0,101.9,102.1,101.6,101.1,100.7,100.3,99.4,98.9,98.7,98.2,97.7,97.5,97.2,96.6,96.1,95.9
구로구 - 남자인구수＜br＞(A),Statistics,205510.0,211580.0,210467.0,210121.0,211704.0,211109.0,212559.0,212665.0,212461.0,212953.0,214032.0,215474.0,214982.0,213251.0,213213.0,210440.0,207667.0,204003.0,200417.0,200987.0,199673.0,195537.0,194274.0,192341.0,189991.0
구로구 - 여자인구수＜br＞(B),Statistics,197587.0,203750.0,202896.0,202724.0,205124.0,205296.0,207273.0,207877.0,208334.0,209014.0,209704.0,211994.0,212538.0,211713.0,212618.0,211652.0,209884.0,206739.0,204080.0,205677.0,204735.0,201217.0,201041.0,200064.0,198178.0
구리시 - 남녀성비＜br＞(A÷B×100),Statistics,101.1,100.8,100.2,99.8,99.5,99.8,99.9,99.7,99.4,99.3,99.5,99.7,99.6,99.7,99.6,99.4,99.0,98.7,98.6,98.7,98.4,98.3,98.1,97.9,97.9
구리시 - 남자인구수＜br＞(A),Statistics,85170.0,92772.0,96701.0,96374.0,96486.0,96174.0,96882.0,98272.0,97644.0,97435.0,97951.0,97313.0,95956.0,94679.0,93217.0,93096.0,96397.0,99390.0,101084.0,98968.0,97939.0,95172.0,93442.0,92559.0,92459.0
구리시 - 여자인구수＜br＞(B),Statistics,84247.0,92044.0,96513.0,96573.0,96952.0,96374.0,96965.0,98528.0,98230.0,98158.0,98447.0,97568.0,96385.0,95001.0,93603.0,93625.0,97366.0,100652.0,102469.0,100297.0,99515.0,96776.0,95259.0,94534.0,94423.0
구미시 - 남녀성비＜br＞(A÷B×100),Statistics,102.5,102.3,102.6,103.1,103.5,103.9,103.4,103.3,103.3,103.3,103.8,103.7,103.5,103.8,104.2,104.5,104.5,104.8,105.0,105.2,105.5,105.7,105.9,106.5,106.8
구미시 - 남자인구수＜br＞(A),Statistics,170523.0,174049.0,177268.0,180520.0,185980.0,190863.0,196423.0,199147.0,200203.0,201402.0,206195.0,210447.0,212041.0,213652.0,214452.0,214528.0,214600.0,215826.0,215863.0,215208.0,213720.0,212021.0,209909.0,209131.0,209069.0
구미시 - 여자인구수＜br＞(B),Statistics,166391.0,170110.0,172743.0,175109.0,179701.0,183751.0,190042.0,192750.0,193756.0,195017.0,198725.0,202999.0,204908.0,205776.0,205868.0,205387.0,205291.0,205973.0,205631.0,204534.0,202608.0,200560.0,198201.0,196375.0,195751.0
군산시 - 남녀성비＜br＞(A÷B×100),Statistics,101.2,100.9,101.4,101.5,101.6,101.8,101.9,102.6,102.9,103.2,103.1,103.4,103.4,103.3,103.2,103.1,103.0,102.6,102.3,102.0,102.1,102.5,102.6,102.7,103.0
군산시 - 남자인구수＜br＞(A),Statistics,139602.0,138985.0,136922.0,135316.0,133643.0,132741.0,131744.0,131932.0,133832.0,135581.0,138380.0,140108.0,141486.0,141436.0,141252.0,141328.0,140793.0,139246.0,137897.0,136421.0,135332.0,134290.0,132887.0,131719.0,130936.0
군산시 - 여자인구수＜br＞(B),Statistics,137889.0,137732.0,135085.0,133323.0,131525.0,130379.0,129245.0,128630.0,130013.0,131341.0,134221.0,135551.0,136855.0,136883.0,136846.0,137070.0,136758.0,135751.0,134748.0,133710.0,132527.0,131014.0,129580.0,128261.0,127111.0
군위군 - 남녀성비＜br＞(A÷B×100),Statistics,98.8,96.6,97.6,98.3,99.6,100.1,100.6,101.1,101.4,101.7,101.1,101.1,100.0,100.0,100.6,100.2,101.2,102.3,103.9,104.2,104.6,105.2,105.3,107.1,107.0
군위군 - 남자인구수＜br＞(A),Statistics,16221.0,16734.0,15634.0,14755.0,14381.0,13864.0,13381.0,12958.0,12740.0,12587.0,12436.0,12200.0,12059.0,12089.0,12120.0,12077.0,12156.0,12247.0,12188.0,12166.0,11892.0,11761.0,11969.0,11886.0,11613.0
군위군 - 여자인구수＜br＞(B),Statistics,16416.0,17321.0,16020.0,15007.0,14444.0,13845.0,13306.0,12823.0,12569.0,12379.0,12300.0,12068.0,12060.0,12083.0,12050.0,12049.0,12015.0,11968.0,11731.0,11677.0,11364.0,11184.0,11371.0,11102.0,10850.0
군포시 - 남녀성비＜br＞(A÷B×100),Statistics,101.0,100.7,100.6,100.7,100.3,100.0,99.9,100.1,100.0,99.9,99.6,99.4,99.2,99.1,99.0,98.9,98.9,98.7,98.7,98.5,98.5,98.5,98.6,98.4,98.5
군포시 - 남자인구수＜br＞(A),Statistics,135718.0,135014.0,134683.0,137370.0,138102.0,138901.0,137192.0,137718.0,138790.0,137792.0,143654.0,143186.0,142833.0,142559.0,143497.0,142989.0,141647.0,139692.0,137536.0,136878.0,135834.0,133246.0,132165.0,129573.0,126988.0
군포시 - 여자인구수＜br＞(B),Statistics,134433.0,134066.0,133876.0,136395.0,137659.0,138880.0,137377.0,137633.0,138800.0,137939.0,144179.0,144108.0,144008.0,143785.0,144911.0,144530.0,143243.0,141513.0,139380.0,138974.0,137957.0,135289.0,134048.0,131656.0,128943.0
금산군 - 남녀성비＜br＞(A÷B×100),Statistics,102.9,103.2,103.1,102.5,103.3,103.6,103.1,102.8,103.3,103.4,103.3,102.7,102.7,102.9,102.9,102.4,101.9,101.8,101.7,101.4,101.7,101.8,102.2,102.5,102.8
금산군 - 남자인구수＜br＞(A),Statistics,32716.0,31981.0,31150.0,30751.0,30506.0,29708.0,29210.0,29239.0,28830.0,28575.0,28736.0,28393.0,28232.0,28116.0,27981.0,27769.0,27558.0,27181.0,26836.0,26309.0,25928.0,25466.0,25315.0,25355.0,25146.0
금산군 - 여자인구수＜br＞(B),Statistics,31799.0,31004.0,30200.0,29989.0,29542.0,28670.0,28342.0,28451.0,27910.0,27645.0,27819.0,27637.0,27483.0,27325.0,27185.0,27110.0,27054.0,26713.0,26386.0,25948.0,25485.0,25011.0,24777.0,24738.0,24469.0
금정구 - 남녀성비＜br＞(A÷B×100),Statistics,99.1,99.1,99.1,98.9,98.6,98.2,98.2,98.1,97.8,97.8,97.7,97.5,97.4,97.3,97.1,96.7,96.7,96.7,96.4,96.0,95.4,95.7,95.5,95.2,94.9
금정구 - 남자인구수＜br＞(A),Statistics,145454.0,142221.0,138627.0,136563.0,134581.0,131230.0,130463.0,128224.0,126795.0,124628.0,126247.0,125734.0,126142.0,125009.0,123091.0,120957.0,120291.0,120153.0,119261.0,117070.0,113595.0,111513.0,108085.0,105149.0,102206.0
금정구 - 여자인구수＜br＞(B),Statistics,146733.0,143539.0,139884.0,138133.0,136465.0,133650.0,132875.0,130710.0,129603.0,127411.0,129172.0,128986.0,129550.0,128517.0,126765.0,125069.0,124333.0,124316.0,123695.0,121992.0,119071.0,116536.0,113171.0,110441.0,107726.0
금천구 - 남녀성비＜br＞(A÷B×100),Statistics,105.1,105.2,104.9,104.3,104.0,103.9,103.9,104.0,103.7,104.0,104.9,105.0,105.1,105.0,104.5,104.3,103.8,103.3,103.4,103.1,102.4,102.0,101.7,101.2,101.1
금천구 - 남자인구수＜br＞(A),Statistics,136559.0,133523.0,133805.0,133379.0,132390.0,130883.0,129041.0,126977.0,125931.0,124836.0,125528.0,124665.0,124675.0,123462.0,121878.0,120604.0,119885.0,119497.0,118915.0,118209.0,117226.0,116527.0,115786.0,114414.0,113211.0
금천구 - 여자인구수＜br＞(B),Statistics,129872.0,126953.0,127608.0,127845.0,127243.0,126019.0,124202.0,122131.0,121389.0,119999.0,119667.0,118773.0,118613.0,117558.0,116585.0,115680.0,115501.0,115657.0,115002.0,114601.0,114507.0,114284.0,113856.0,113067.0,111948.0
기장군 - 남녀성비＜br＞(A÷B×100),Statistics,98.2,98.4,98.8,98.9,99.3,99.6,100.0,100.3,100.2,100.1,99.7,99.2,98.8,98.1,97.8,98.0,97.8,98.1,98.0,98.1,98.1,98.1,98.0,98.2,98.2
기장군 - 남자인구수＜br＞(A),Statistics,36824.0,37779.0,37953.0,38608.0,39747.0,39980.0,39660.0,39844.0,40628.0,44713.0,51211.0,53840.0,56941.0,65619.0,71581.0,75755.0,78373.0,80067.0,81598.0,81571.0,86439.0,87691.0,88426.0,88536.0,87022.0
기장군 - 여자인구수＜br＞(B),Statistics,37500.0,38387.0,38431.0,39024.0,40041.0,40124.0,39674.0,39721.0,40531.0,44671.0,51346.0,54255.0,57625.0,66888.0,73167.0,77338.0,80154.0,81584.0,83266.0,83145.0,88106.0,89434.0,90188.0,90193.0,88604.0
김제시 - 남녀성비＜br＞(A÷B×100),Statistics,99.8,99.2,99.5,99.1,99.8,99.8,100.0,99.7,99.9,99.6,99.0,98.5,98.6,98.3,98.3,98.2,98.4,98.4,98.6,98.5,98.2,98.7,98.8,99.6,100.2
김제시 - 남자인구수＜br＞(A),Statistics,57871.0,57386.0,55360.0,55101.0,52545.0,51298.0,50111.0,48726.0,47869.0,47288.0,46941.0,46202.0,45830.0,45207.0,44657.0,43957.0,43527.0,43110.0,42357.0,41624.0,40844.0,40193.0,40476.0,40631.0,40360.0
김제시 - 여자인구수＜br＞(B),Statistics,57994.0,57858.0,55629.0,55609.0,52650.0,51422.0,50127.0,48889.0,47938.0,47482.0,47405.0,46909.0,46487.0,46011.0,45451.0,44764.0,44255.0,43816.0,42974.0,42271.0,41606.0,40720.0,40979.0,40799.0,40275.0
김천시 - 남녀성비＜br＞(A÷B×100),Statistics,98.6,98.5,98.7,97.5,98.7,98.6,98.7,98.8,98.7,98.5,98.6,98.4,98.7,98.8,98.9,99.8,100.2,100.3,100.3,100.4,100.7,100.5,100.7,100.9,101.1
김천시 - 남자인구수＜br＞(A),Statistics,74404.0,74850.0,72847.0,74191.0,71276.0,70312.0,69386.0,69126.0,68569.0,67446.0,67573.0,67528.0,67317.0,67222.0,67355.0,70004.0,71201.0,71556.0,70663.0,70743.0,70525.0,70305.0,69900.0,69082.0,68101.0
김천시 - 여자인구수＜br＞(B),Statistics,75460.0,76008.0,73819.0,76115.0,72251.0,71320.0,70296.0,69958.0,69487.0,68472.0,68563.0,68657.0,68187.0,68037.0,68101.0,70128.0,71055.0,71352.0,70441.0,70486.0,70023.0,69934.0,69424.0,68433.0,67345.0
김포시 - 남녀성비＜br＞(A÷B×100),Statistics,103.5,103.1,102.8,102.7,102.5,102.7,102.8,103.1,102.9,103.1,103.1,102.8,102.2,101.5,101.1,101.0,101.0,100.8,100.8,100.9,100.4,100.1,99.8,99.8,99.6
김포시 - 남자인구수＜br＞(A),Statistics,82919.0,91588.0,98034.0,103063.0,105384.0,104984.0,105336.0,104568.0,111801.0,114603.0,121016.0,130283.0,145275.0,157341.0,171105.0,175892.0,182597.0,196801.0,212410.0,219552.0,237507.0,243415.0,241904.0,242801.0,242951.0
김포시 - 여자인구수＜br＞(B),Statistics,80078.0,88816.0,95404.0,100328.0,102808.0,102245.0,102488.0,101429.0,108617.0,111202.0,117323.0,126711.0,142157.0,154964.0,169205.0,174098.0,180846.0,195291.0,210760.0,217669.0,236463.0,243093.0,242363.0,243371.0,243902.0
김해시 - 남녀성비＜br＞(A÷B×100),Statistics,101.2,101.4,101.2,101.3,101.6,101.4,101.2,101.3,101.5,101.4,101.7,101.7,101.9,101.9,102.1,102.1,102.1,102.2,102.2,102.3,102.3,102.3,102.3,102.2,102.4
김해시 - 남자인구수＜br＞(A),Statistics,172814.0,178148.0,196283.0,204960.0,215436.0,223062.0,228243.0,233985.0,240583.0,247971.0,253810.0,255716.0,259026.0,263489.0,266361.0,267227.0,267513.0,268959.0,269736.0,274336.0,274313.0,271899.0,270652.0,269755.0,268933.0
김해시 - 여자인구수＜br＞(B),Statistics,170803.0,175620.0,194009.0,202408.0,211996.0,219955.0,225485.0,230979.0,236989.0,244442.0,249538.0,251346.0,254234.0,258560.0,260879.0,261638.0,261909.0,263173.0,263936.0,268119.0,268025.0,265774.0,264477.0,263904.0,262743.0
나주시 - 남녀성비＜br＞(A÷B×100),Statistics,99.7,99.4,99.5,99.3,99.5,99.9,100.3,101.1,100.8,101.3,101.0,101.3,101.2,101.1,102.0,101.6,101.3,101.2,101.3,101.2,101.3,101.9,101.8,102.0,102.1
나주시 - 남자인구수＜br＞(A),Statistics,54138.0,52767.0,51290.0,50664.0,49531.0,48962.0,48288.0,47981.0,46638.0,45726.0,45294.0,44403.0,44298.0,44123.0,45787.0,49486.0,52528.0,55396.0,57274.0,57668.0,58194.0,58906.0,58749.0,59261.0,58934.0
나주시 - 여자인구수＜br＞(B),Statistics,54321.0,53065.0,51535.0,51044.0,49777.0,49018.0,48129.0,47458.0,46246.0,45149.0,44824.0,43840.0,43769.0,43631.0,44882.0,48696.0,51848.0,54714.0,56565.0,56996.0,57419.0,57820.0,57707.0,58116.0,57720.0
남구 - 남녀성비＜br＞(A÷B×100),Statistics,100.9,100.6,100.4,100.1,100.1,99.8,99.7,99.7,99.4,98.9,98.8,98.4,97.9,97.7,97.3,97.0,96.8,96.6,96.5,96.1,95.9,95.4,95.4,95.0,94.8
남구 - 남자인구수＜br＞(A),Statistics,150460.0,151789.0,152970.0,153715.0,152295.0,150988.0,148720.0,148111.0,148709.0,148192.0,148297.0,146362.0,144063.0,144189.0,141511.0,139403.0,137096.0,134592.0,137437.0,134519.0,131037.0,127955.0,125118.0,123851.0,123837.0
남구 - 여자인구수＜br＞(B),Statistics,149058.0,150853.0,152405.0,153572.0,152186.0,151269.0,149173.0,148555.0,149605.0,149771.0,150161.0,148759.0,147112.0,147581.0,145478.0,143698.0,141683.0,139262.0,142480.0,139961.0,136694.0,134114.0,131215.0,130334.0,130661.0
남동구 - 남녀성비＜br＞(A÷B×100),Statistics,101.9,101.9,101.9,101.8,101.4,101.2,101.0,100.7,100.2,99.8,99.9,99.9,99.7,99.7,99.7,99.5,99.4,99.3,99.1,99.0,98.7,98.7,98.7,98.6,98.5
남동구 - 남자인구수＜br＞(A),Statistics,205841.0,205772.0,203707.0,198022.0,193486.0,190765.0,195954.0,213301.0,225247.0,231501.0,236568.0,247604.0,251391.0,253179.0,256882.0,264986.0,264714.0,267290.0,267426.0,264955.0,260923.0,257468.0,251394.0,244530.0,241220.0
남동구 - 여자인구수＜br＞(B),Statistics,202004.0,201843.0,199867.0,194456.0,190758.0,188545.0,194090.0,211916.0,224807.0,231913.0,236855.0,247865.0,252206.0,253842.0,257774.0,266409.0,266268.0,269288.0,269735.0,267749.0,264431.0,260804.0,254787.0,247885.0,245005.0
남양주시 - 남녀성비＜br＞(A÷B×100),Statistics,101.9,102.2,102.0,101.5,101.4,101.1,100.9,100.7,100.7,100.6,100.7,100.5,100.4,100.2,100.1,99.8,99.8,99.7,99.5,99.3,99.2,99.0,98.7,98.4,98.1
남양주시 - 남자인구수＜br＞(A),Statistics,180915.0,189544.0,198270.0,203406.0,210648.0,226239.0,236305.0,247078.0,253758.0,263414.0,283057.0,289957.0,300404.0,309444.0,318208.0,326447.0,330749.0,332152.0,340030.0,349664.0,355197.0,365103.0,366261.0,363190.0,362652.0
남양주시 - 여자인구수＜br＞(B),Statistics,177481.0,185497.0,194344.0,200349.0,207712.0,223815.0,234312.0,245269.0,252109.0,261797.0,281084.0,288528.0,299135.0,308861.0,318048.0,327007.0,331405.0,333169.0,341798.0,352166.0,358124.0,368695.0,371092.0,369075.0,369830.0
남원시 - 남녀성비＜br＞(A÷B×100),Statistics,97.5,97.2,97.8,97.0,97.4,97.3,96.9,96.5,96.7,97.1,97.1,96.5,96.5,96.3,96.4,96.3,96.5,96.4,96.3,96.0,96.2,96.3,96.3,96.3,96.3
남원시 - 남자인구수＜br＞(A),Statistics,51130.0,51263.0,49643.0,50197.0,47495.0,46201.0,44904.0,43837.0,43446.0,43199.0,43236.0,42944.0,42730.0,42415.0,42034.0,41634.0,41341.0,40868.0,40508.0,39884.0,39560.0,38965.0,38246.0,37674.0,37120.0
남원시 - 여자인구수＜br＞(B),Statistics,52441.0,52714.0,50749.0,51753.0,48748.0,47469.0,46361.0,45410.0,44910.0,44476.0,44539.0,44511.0,44270.0,44045.0,43609.0,43222.0,42847.0,42413.0,42046.0,41557.0,41102.0,40466.0,39702.0,39107.0,38527.0
남해군 - 남녀성비＜br＞(A÷B×100),Statistics,92.7,92.3,92.2,91.5,91.4,91.9,91.7,91.1,91.5,91.6,91.7,91.5,91.1,91.3,91.2,91.2,91.5,91.6,91.7,92.7,93.1,93.7,94.4,94.9,94.9
남해군 - 남자인구수＜br＞(A),Statistics,28750.0,27806.0,26851.0,25988.0,25369.0,24816.0,24292.0,26233.0,24225.0,24018.0,23599.0,24004.0,22986.0,22546.0,22247.0,21878.0,21566.0,21348.0,21044.0,20988.0,20707.0,20450.0,20190.0,19859.0,19394.0
남해군 - 여자인구수＜br＞(B),Statistics,31012.0,30110.0,29107.0,28404.0,27760.0,27009.0,26500.0,28793.0,26473.0,26226.0,25729.0,26238.0,25237.0,24698.0,24391.0,23987.0,23563.0,23294.0,22946.0,22634.0,22251.0,21816.0,21389.0,20921.0,20438.0
노원구 - 남녀성비＜br＞(A÷B×100),Statistics,98.2,98.1,97.9,97.8,97.5,97.1,96.8,96.5,96.2,96.1,96.0,95.8,95.7,95.5,95.3,95.0,94.9,94.6,94.3,93.8,93.2,92.9,92.6,92.3,92.1
노원구 - 남자인구수＜br＞(A),Statistics,313369.0,320404.0,317436.0,312390.0,310082.0,306356.0,304047.0,302823.0,301982.0,299211.0,299384.0,295551.0,292081.0,288435.0,284225.0,279987.0,276333.0,269508.0,263919.0,257923.0,252383.0,246053.0,242145.0,239117.0,235464.0
노원구 - 여자인구수＜br＞(B),Statistics,319265.0,326501.0,324216.0,319541.0,318102.0,315647.0,314046.0,313930.0,313999.0,311405.0,311846.0,308379.0,305108.0,302044.0,298327.0,294596.0,291248.0,284895.0,279833.0,274982.0,270654.0,264903.0,261589.0,259096.0,255783.0
논산시 - 남녀성비＜br＞(A÷B×100),Statistics,99.9,100.2,100.2,100.1,100.0,100.0,100.4,100.6,100.8,100.8,100.6,100.1,99.6,100.1,100.0,100.1,100.4,100.3,100.0,99.9,99.9,99.7,99.7,99.9,100.3
논산시 - 남자인구수＜br＞(A),Statistics,71169.0,70197.0,68795.0,67899.0,67799.0,67094.0,65863.0,64929.0,64156.0,63802.0,63944.0,63800.0,63212.0,62954.0,62387.0,62142.0,61724.0,61204.0,60113.0,59406.0,58316.0,57147.0,56237.0,55187.0,54346.0
논산시 - 여자인구수＜br＞(B),Statistics,71221.0,70090.0,68624.0,67820.0,67773.0,67123.0,65603.0,64557.0,63641.0,63295.0,63563.0,63733.0,63441.0,62890.0,62397.0,62090.0,61489.0,61036.0,60117.0,59436.0,58359.0,57336.0,56380.0,55236.0,54183.0
단양군 - 남녀성비＜br＞(A÷B×100),Statistics,102.4,102.5,102.0,101.7,102.4,101.7,101.2,101.1,101.2,101.8,102.2,102.4,101.9,101.0,101.2,101.5,101.5,101.2,101.5,102.4,102.8,102.8,103.5,103.5,104.3
단양군 - 남자인구수＜br＞(A),Statistics,20234.0,19600.0,18847.0,17997.0,17580.0,17205.0,16772.0,16288.0,16057.0,16062.0,16081.0,15987.0,15772.0,15663.0,15566.0,15496.0,15362.0,15198.0,15237.0,15058.0,14782.0,14360.0,14120.0,14087.0,13967.0
단양군 - 여자인구수＜br＞(B),Statistics,19766.0,19121.0,18473.0,17704.0,17163.0,16917.0,16574.0,16111.0,15872.0,15780.0,15736.0,15608.0,15481.0,15508.0,15382.0,15265.0,15141.0,15017.0,15018.0,14698.0,14373.0,13971.0,13647.0,13614.0,13385.0
달서구 - 남녀성비＜br＞(A÷B×100),Statistics,100.8,100.7,100.6,100.6,100.6,100.5,100.5,100.4,100.0,99.9,99.9,99.7,99.4,99.2,99.1,99.0,98.8,98.5,98.2,97.8,97.4,97.1,96.7,96.3,96.1
달서구 - 남자인구수＜br＞(A),Statistics,295409.0,300833.0,303697.0,302948.0,301566.0,298710.0,295184.0,296122.0,297356.0,298865.0,303462.0,302775.0,302340.0,303952.0,301846.0,299818.0,294121.0,286779.0,284127.0,281348.0,275626.0,268498.0,263961.0,258933.0,255813.0
달서구 - 여자인구수＜br＞(B),Statistics,293137.0,298831.0,301736.0,301001.0,299901.0,297150.0,293857.0,295047.0,297260.0,299146.0,303621.0,303767.0,304217.0,306406.0,304587.0,302823.0,297770.0,291289.0,289286.0,287539.0,283005.0,276428.0,273028.0,268848.0,266208.0
달성군 - 남녀성비＜br＞(A÷B×100),Statistics,104.8,104.9,104.8,105.5,105.4,105.6,105.1,104.9,104.8,104.2,104.3,104.2,104.2,104.3,104.6,104.4,103.8,103.7,103.4,103.3,103.2,103.0,102.8,103.0,102.9
달성군 - 남자인구수＜br＞(A),Statistics,78951.0,79921.0,79629.0,80872.0,79995.0,81332.0,81135.0,82155.0,87511.0,89879.0,91336.0,92050.0,94065.0,94119.0,94539.0,98465.0,111194.0,123893.0,127374.0,130361.0,131708.0,133149.0,133399.0,132962.0,130613.0
달성군 - 여자인구수＜br＞(B),Statistics,75330.0,76179.0,75972.0,76682.0,75910.0,77021.0,77179.0,78288.0,83490.0,86256.0,87563.0,88301.0,90301.0,90239.0,90363.0,94282.0,107074.0,119482.0,123169.0,126179.0,127631.0,129302.0,129763.0,129122.0,126967.0
담양군 - 남녀성비＜br＞(A÷B×100),Statistics,102.2,102.5,102.6,102.0,102.3,102.1,102.2,102.7,102.8,103.1,101.7,101.7,102.2,101.3,101.4,101.4,100.9,100.9,101.9,104.0,103.2,103.0,102.4,102.4,101.9
담양군 - 남자인구수＜br＞(A),Statistics,27840.0,26964.0,26096.0,25720.0,25593.0,25444.0,25437.0,25561.0,24507.0,24004.0,24101.0,24113.0,24060.0,23833.0,23753.0,23668.0,23723.0,23746.0,23683.0,23719.0,23502.0,23428.0,23168.0,22961.0,22516.0
담양군 - 여자인구수＜br＞(B),Statistics,27249.0,26304.0,25439.0,25213.0,25020.0,24920.0,24895.0,24880.0,23840.0,23282.0,23707.0,23706.0,23552.0,23532.0,23424.0,23341.0,23506.0,23539.0,23234.0,22816.0,22778.0,22752.0,22624.0,22412.0,22107.0
당진시 - 남녀성비＜br＞(A÷B×100),Statistics,,,,,,,,,,,,,107.7,108.1,109.1,109.9,110.3,110.8,111.4,112.1,113.0,113.8,113.9,114.7,115.5
당진시 - 남자인구수＜br＞(A),Statistics,,,,,,,,,,,,,80427.0,82925.0,84963.0,86454.0,87388.0,88026.0,88423.0,88299.0,88206.0,88952.0,89606.0,90987.0,92131.0
당진시 - 여자인구수＜br＞(B),Statistics,,,,,,,,,,,,,74677.0,76690.0,77881.0,78668.0,79242.0,79413.0,79347.0,78743.0,78043.0,78140.0,78647.0,79315.0,79800.0
대구광역시 - 남녀성비＜br＞(A÷B×100),Statistics,101.0,100.9,100.9,100.8,100.6,100.5,100.4,100.3,100.1,99.8,99.9,99.7,99.4,99.2,99.1,98.9,98.7,98.4,98.1,97.8,97.4,97.2,96.8,96.6,96.3
대구광역시 - 남자인구수＜br＞(A),Statistics,1268348.0,1268488.0,1268530.0,1269880.0,1266254.0,1259092.0,1250849.0,1248233.0,1246873.0,1243878.0,1255245.0,1251577.0,1249320.0,1246071.0,1241119.0,1237291.0,1234169.0,1227814.0,1219342.0,1205286.0,1193109.0,1175632.0,1162865.0,1166803.0,1159601.0
대구광역시 - 여자인구수＜br＞(B),Statistics,1255905.0,1256621.0,1257273.0,1259664.0,1258458.0,1252214.0,1245266.0,1245028.0,1245851.0,1245903.0,1256431.0,1255694.0,1256324.0,1255517.0,1252145.0,1250538.0,1250388.0,1247417.0,1242427.0,1232745.0,1225237.0,1209780.0,1200826.0,1208157.0,1204028.0
대덕구 - 남녀성비＜br＞(A÷B×100),Statistics,102.2,102.2,102.7,103.1,103.2,103.6,103.5,103.2,102.9,103.1,103.4,103.7,103.4,103.4,103.5,103.4,103.2,103.2,103.3,103.5,103.5,103.4,103.3,103.3,103.1
대덕구 - 남자인구수＜br＞(A),Statistics,116964.0,116717.0,116480.0,116380.0,115243.0,113598.0,110541.0,108323.0,107127.0,105643.0,105503.0,104530.0,104542.0,103881.0,102489.0,100069.0,97879.0,94912.0,92457.0,90030.0,89698.0,88989.0,87788.0,86301.0,85407.0
대덕구 - 여자인구수＜br＞(B),Statistics,114413.0,114222.0,113446.0,112828.0,111704.0,109689.0,106791.0,104952.0,104114.0,102504.0,102046.0,100809.0,101146.0,100479.0,99069.0,96770.0,94809.0,91990.0,89534.0,87001.0,86686.0,86057.0,84958.0,83552.0,82810.0
대전광역시 - 남녀성비＜br＞(A÷B×100),Statistics,100.9,100.8,100.8,100.8,100.8,100.7,100.7,100.4,100.3,100.3,100.5,100.4,100.4,100.2,100.2,100.1,100.0,100.0,99.8,99.8,99.7,99.6,99.5,99.5,99.4
대전광역시 - 남자인구수＜br＞(A),Statistics,695881.0,704489.0,712653.0,718968.0,724588.0,729818.0,735595.0,739472.0,741611.0,743121.0,753648.0,759188.0,763671.0,767309.0,766497.0,759778.0,757289.0,750969.0,744338.0,736607.0,730699.0,724626.0,721245.0,719292.0,717291.0
대전광역시 - 여자인구수＜br＞(B),Statistics,689725.0,698675.0,706920.0,713328.0,718883.0,724820.0,730563.0,736187.0,739284.0,741059.0,750016.0,756415.0,760912.0,765502.0,765312.0,758997.0,757081.0,751258.0,745598.0,738263.0,733183.0,727625.0,724827.0,722924.0,721866.0
도봉구 - 남녀성비＜br＞(A÷B×100),Statistics,100.6,100.5,100.1,99.8,99.2,99.0,98.6,98.4,98.3,98.0,98.1,98.1,97.9,97.6,97.4,97.1,96.8,96.2,95.9,95.7,95.2,94.8,94.4,94.1,93.7
도봉구 - 남자인구수＜br＞(A),Statistics,186009.0,186049.0,186078.0,188073.0,190240.0,189766.0,187442.0,186424.0,185376.0,182985.0,182407.0,181004.0,179194.0,177153.0,174554.0,173029.0,171238.0,168759.0,166160.0,163051.0,158620.0,154487.0,151398.0,148796.0,146696.0
도봉구 - 여자인구수＜br＞(B),Statistics,184967.0,185210.0,185833.0,188526.0,191699.0,191763.0,190092.0,189551.0,188560.0,186748.0,185891.0,184569.0,183076.0,181429.0,179155.0,178213.0,176982.0,175407.0,173253.0,170311.0,166637.0,162879.0,160296.0,158152.0,156532.0
동구 - 남녀성비＜br＞(A÷B×100),Statistics,99.2,99.4,99.4,99.6,99.4,99.7,100.0,100.1,100.3,100.1,99.6,99.4,99.0,99.0,98.6,98.6,98.2,97.7,97.2,96.6,95.9,95.7,95.6,94.9,94.4
동구 - 남자인구수＜br＞(A),Statistics,63311.0,61979.0,60339.0,58680.0,56930.0,54869.0,53442.0,52473.0,51462.0,50594.0,50649.0,50064.0,49007.0,47756.0,46952.0,45699.0,44516.0,43927.0,42830.0,43327.0,43509.0,42877.0,42249.0,42736.0,41709.0
동구 - 여자인구수＜br＞(B),Statistics,63827.0,62324.0,60704.0,58937.0,57274.0,55010.0,53448.0,52408.0,51302.0,50559.0,50865.0,50356.0,49522.0,48255.0,47613.0,46370.0,45310.0,44941.0,44082.0,44838.0,45392.0,44802.0,44213.0,45056.0,44202.0
동대문구 - 남녀성비＜br＞(A÷B×100),Statistics,102.9,102.9,102.8,102.5,102.0,101.9,101.6,101.6,101.8,101.6,101.6,101.3,101.1,100.9,100.7,100.5,100.1,100.0,99.5,98.9,98.1,97.6,97.0,96.3,95.7
동대문구 - 남자인구수＜br＞(A),Statistics,192896.0,193588.0,193538.0,193763.0,191597.0,192317.0,190947.0,189686.0,186744.0,182550.0,184874.0,183925.0,182661.0,182987.0,182510.0,180485.0,177640.0,175324.0,173567.0,172113.0,169769.0,166646.0,165755.0,167346.0,165620.0
동대문구 - 여자인구수＜br＞(B),Statistics,187548.0,188211.0,188303.0,189112.0,187807.0,188793.0,187913.0,186735.0,183506.0,179596.0,181912.0,181561.0,180597.0,181286.0,181177.0,179668.0,177429.0,175323.0,174485.0,174081.0,173068.0,170754.0,170889.0,173803.0,173115.0
동두천시 - 남녀성비＜br＞(A÷B×100),Statistics,102.4,102.2,102.5,102.7,102.3,101.8,101.4,101.3,100.9,100.5,99.9,99.9,99.9,99.9,100.0,99.2,99.3,99.2,99.5,99.7,99.4,99.6,99.6,99.5,99.3
동두천시 - 남자인구수＜br＞(A),Statistics,38204.0,37545.0,37046.0,37862.0,40060.0,41673.0,43206.0,44669.0,45623.0,46726.0,47798.0,48091.0,48570.0,48765.0,48789.0,48794.0,48970.0,48344.0,47988.0,47308.0,47038.0,46694.0,45673.0,44198.0,43264.0
동두천시 - 여자인구수＜br＞(B),Statistics,37325.0,36721.0,36131.0,36873.0,39154.0,40950.0,42597.0,44111.0,45212.0,46485.0,47855.0,48162.0,48605.0,48792.0,48806.0,49180.0,49307.0,48727.0,48238.0,47460.0,47315.0,46898.0,45873.0,44428.0,43574.0
동래구 - 남녀성비＜br＞(A÷B×100),Statistics,99.5,99.5,99.2,99.3,99.3,99.1,98.8,98.7,98.7,98.3,98.1,97.9,97.6,97.4,97.0,96.8,96.4,96.1,95.7,95.2,94.8,94.5,93.9,93.6,93.0
동래구 - 남자인구수＜br＞(A),Statistics,149658.0,147283.0,144610.0,140551.0,139215.0,137428.0,138946.0,141536.0,140424.0,139596.0,140009.0,140377.0,137722.0,136514.0,135902.0,134214.0,133890.0,132673.0,130338.0,132295.0,131735.0,129681.0,132296.0,130920.0,132236.0
동래구 - 여자인구수＜br＞(B),Statistics,150423.0,148078.0,145786.0,141505.0,140151.0,138667.0,140582.0,143365.0,142249.0,142048.0,142770.0,143365.0,141045.0,140175.0,140069.0,138623.0,138855.0,138054.0,136177.0,138952.0,139010.0,137185.0,140930.0,139895.0,142134.0
동작구 - 남녀성비＜br＞(A÷B×100),Statistics,101.3,100.8,100.4,100.0,99.5,98.8,98.2,98.0,97.6,97.4,97.3,97.0,96.8,96.9,96.7,96.2,95.9,95.2,94.5,94.1,93.6,93.7,93.6,93.6,93.5
동작구 - 남자인구수＜br＞(A),Statistics,209248.0,203840.0,201955.0,205203.0,204946.0,203993.0,202449.0,200891.0,197951.0,196339.0,198587.0,197672.0,199454.0,202144.0,200328.0,196463.0,196267.0,193255.0,192533.0,191976.0,189152.0,186426.0,184030.0,183153.0,181576.0
동작구 - 여자인구수＜br＞(B),Statistics,206644.0,202276.0,201092.0,205157.0,205999.0,206488.0,206133.0,205076.0,202915.0,201581.0,204122.0,203736.0,206037.0,208671.0,207142.0,204178.0,204730.0,202962.0,203670.0,203987.0,202068.0,199057.0,196566.0,195616.0,194223.0
동해시 - 남녀성비＜br＞(A÷B×100),Statistics,101.6,101.3,101.2,101.5,101.9,102.1,102.2,102.0,102.4,102.4,102.3,101.6,101.9,102.3,102.4,102.4,102.2,102.8,102.6,102.6,103.1,103.4,103.2,103.4,103.0
동해시 - 남자인구수＜br＞(A),Statistics,52235.0,52114.0,51737.0,51250.0,50848.0,50141.0,49282.0,48793.0,48383.0,48202.0,48170.0,48289.0,47387.0,48104.0,47850.0,47503.0,47166.0,47067.0,46212.0,45845.0,45991.0,45795.0,45423.0,45045.0,44495.0
동해시 - 여자인구수＜br＞(B),Statistics,51419.0,51456.0,51120.0,50514.0,49879.0,49089.0,48215.0,47859.0,47269.0,47069.0,47066.0,47515.0,46510.0,47039.0,46712.0,46392.0,46131.0,45784.0,45060.0,44677.0,44602.0,44286.0,44003.0,43580.0,43180.0
마포구 - 남녀성비＜br＞(A÷B×100),Statistics,98.3,98.3,98.1,97.8,97.3,96.5,96.0,96.1,95.7,95.2,95.1,94.5,94.1,93.8,93.4,92.7,92.1,91.3,90.6,89.7,89.0,88.8,88.4,87.8,87.2
마포구 - 남자인구수＜br＞(A),Statistics,192008.0,187922.0,185903.0,187569.0,189108.0,190582.0,191287.0,192383.0,188327.0,187324.0,191034.0,189243.0,186452.0,184774.0,186177.0,186495.0,182162.0,178939.0,178240.0,176891.0,175150.0,173504.0,171043.0,169990.0,168356.0
마포구 - 여자인구수＜br＞(B),Statistics,195300.0,191219.0,189514.0,191882.0,194349.0,197582.0,199296.0,200267.0,196792.0,196689.0,200831.0,200250.0,198192.0,197082.0,199262.0,201148.0,197730.0,195976.0,196837.0,197144.0,196740.0,195401.0,193595.0,193707.0,193061.0
목포시 - 남녀성비＜br＞(A÷B×100),Statistics,98.7,98.9,98.9,99.0,99.0,99.4,99.6,100.4,100.3,100.4,100.1,100.0,100.0,99.5,99.6,99.6,99.3,99.3,99.3,99.4,99.2,99.1,98.8,98.8,98.8
목포시 - 남자인구수＜br＞(A),Statistics,121928.0,122009.0,121776.0,120123.0,120244.0,121128.0,120614.0,121871.0,123023.0,122429.0,122784.0,122415.0,122512.0,120160.0,119322.0,118975.0,118474.0,116763.0,115729.0,114565.0,111578.0,108808.0,107826.0,106416.0,104326.0
목포시 - 여자인구수＜br＞(B),Statistics,123564.0,123335.0,123133.0,121337.0,121473.0,121860.0,121065.0,121441.0,122628.0,121910.0,122638.0,122456.0,122561.0,120776.0,119787.0,119407.0,119265.0,117616.0,116598.0,115296.0,112466.0,109781.0,109113.0,107740.0,105564.0
무안군 - 남녀성비＜br＞(A÷B×100),Statistics,101.1,101.0,100.7,101.1,101.0,101.3,101.7,101.3,101.1,100.9,100.8,100.4,100.7,100.1,100.1,99.9,100.5,100.2,100.5,100.5,100.9,100.9,101.3,101.3,100.8
무안군 - 남자인구수＜br＞(A),Statistics,35296.0,34621.0,33104.0,32016.0,31393.0,31153.0,31145.0,32038.0,33486.0,36379.0,37383.0,37927.0,37997.0,39705.0,40869.0,41098.0,41153.0,41473.0,41104.0,40659.0,43254.0,45753.0,45607.0,45431.0,46533.0
무안군 - 여자인구수＜br＞(B),Statistics,34916.0,34283.0,32872.0,31665.0,31079.0,30762.0,30621.0,31636.0,33112.0,36038.0,37092.0,37791.0,37744.0,39662.0,40827.0,41138.0,40956.0,41399.0,40887.0,40446.0,42878.0,45354.0,45001.0,44865.0,46154.0
무주군 - 남녀성비＜br＞(A÷B×100),Statistics,98.8,97.2,98.1,98.5,98.7,99.8,100.0,99.2,99.1,98.2,98.4,98.4,98.3,97.9,98.2,98.0,98.4,98.2,98.6,99.0,99.0,99.2,99.8,100.1,101.0
무주군 - 남자인구수＜br＞(A),Statistics,14516.0,14949.0,13816.0,13260.0,13006.0,12928.0,12707.0,13126.0,12948.0,12787.0,12684.0,12830.0,12553.0,12565.0,12580.0,12484.0,12371.0,12294.0,12209.0,12090.0,11959.0,11826.0,11731.0,11629.0,11572.0
무주군 - 여자인구수＜br＞(B),Statistics,14691.0,15384.0,14078.0,13456.0,13177.0,12948.0,12710.0,13235.0,13069.0,13024.0,12894.0,13033.0,12768.0,12833.0,12810.0,12736.0,12578.0,12515.0,12380.0,12213.0,12077.0,11922.0,11758.0,11622.0,11460.0
문경시 - 남녀성비＜br＞(A÷B×100),Statistics,97.6,97.1,97.7,98.0,97.9,97.6,97.6,97.9,97.6,97.1,96.6,96.3,96.7,96.5,96.3,96.1,95.7,96.0,95.8,96.0,96.1,96.4,96.6,96.6,96.6
문경시 - 남자인구수＜br＞(A),Statistics,44409.0,43879.0,41397.0,40212.0,39363.0,38562.0,37627.0,37002.0,37277.0,37764.0,38036.0,37632.0,37319.0,37164.0,37231.0,37131.0,36537.0,35907.0,35174.0,35391.0,35000.0,34919.0,34577.0,33775.0,33041.0
문경시 - 여자인구수＜br＞(B),Statistics,45491.0,45212.0,42352.0,41046.0,40189.0,39496.0,38550.0,37778.0,38209.0,38881.0,39355.0,39095.0,38580.0,38500.0,38680.0,38653.0,38165.0,37387.0,36700.0,36851.0,36406.0,36235.0,35796.0,34980.0,34216.0
미추홀구 - 남녀성비＜br＞(A÷B×100),Statistics,,,,,,,,,,,,,,,,,,,101.8,101.7,101.5,101.5,101.3,101.2,101.3
미추홀구 - 남자인구수＜br＞(A),Statistics,,,,,,,,,,,,,,,,,,,210088.0,206129.0,203638.0,205283.0,204354.0,204247.0,207449.0
미추홀구 - 여자인구수＜br＞(B),Statistics,,,,,,,,,,,,,,,,,,,206454.0,202733.0,200705.0,202181.0,201650.0,201748.0,204825.0
밀양시 - 남녀성비＜br＞(A÷B×100),Statistics,97.6,97.5,97.5,97.1,97.3,96.9,96.7,96.6,96.3,96.1,95.9,95.9,96.0,96.0,95.9,95.8,95.7,95.4,95.6,95.7,96.0,96.5,96.8,97.3,97.9
밀양시 - 남자인구수＜br＞(A),Statistics,61525.0,60721.0,59420.0,58001.0,56950.0,55938.0,55080.0,54781.0,54387.0,53992.0,54089.0,53511.0,53255.0,53057.0,52759.0,52786.0,52992.0,52692.0,52161.0,51618.0,51356.0,50849.0,50636.0,50356.0,49811.0
밀양시 - 여자인구수＜br＞(B),Statistics,63049.0,62278.0,60922.0,59731.0,58509.0,57698.0,56945.0,56692.0,56471.0,56178.0,56390.0,55818.0,55500.0,55285.0,55006.0,55110.0,55362.0,55206.0,54583.0,53934.0,53475.0,52676.0,52309.0,51728.0,50880.0
보령시 - 남녀성비＜br＞(A÷B×100),Statistics,102.7,102.5,102.5,102.3,102.6,102.5,102.5,102.3,102.4,102.3,101.9,101.8,101.9,102.1,102.0,102.3,102.3,102.4,102.3,102.4,102.8,103.0,102.7,102.6,102.6
보령시 - 남자인구수＜br＞(A),Statistics,60045.0,58877.0,57387.0,55825.0,55125.0,54694.0,54455.0,54426.0,54065.0,53990.0,54188.0,53685.0,53272.0,53010.0,52668.0,52968.0,52521.0,52214.0,51580.0,51146.0,50807.0,49933.0,49237.0,48494.0,47484.0
보령시 - 여자인구수＜br＞(B),Statistics,58459.0,57429.0,55978.0,54555.0,53736.0,53362.0,53136.0,53211.0,52820.0,52764.0,53158.0,52736.0,52287.0,51928.0,51653.0,51786.0,51352.0,50984.0,50410.0,49968.0,49422.0,48475.0,47920.0,47278.0,46296.0
보성군 - 남녀성비＜br＞(A÷B×100),Statistics,95.7,95.6,94.6,94.1,94.7,95.0,94.3,94.3,94.0,93.8,93.6,93.3,93.1,93.4,93.3,93.6,93.6,93.6,93.9,93.9,95.0,95.4,95.8,96.1,96.6
보성군 - 남자인구수＜br＞(A),Statistics,29984.0,29037.0,27840.0,27141.0,26410.0,25894.0,25207.0,24715.0,24231.0,23738.0,23586.0,23120.0,22690.0,22395.0,22146.0,21928.0,21503.0,21153.0,20725.0,20063.0,19719.0,19221.0,18823.0,18465.0,18204.0
보성군 - 여자인구수＜br＞(B),Statistics,31345.0,30380.0,29442.0,28842.0,27878.0,27251.0,26741.0,26206.0,25773.0,25310.0,25206.0,24774.0,24360.0,23990.0,23736.0,23421.0,22966.0,22602.0,22078.0,21357.0,20763.0,20154.0,19648.0,19221.0,18841.0
보은군 - 남녀성비＜br＞(A÷B×100),Statistics,101.6,101.7,101.5,101.5,100.8,100.8,100.5,100.8,100.6,99.9,99.9,99.8,99.4,99.3,99.7,99.9,99.8,99.8,99.9,100.7,101.1,101.7,101.9,102.2,103.2
보은군 - 남자인구수＜br＞(A),Statistics,21790.0,21222.0,20361.0,19628.0,19111.0,18630.0,18193.0,17744.0,17584.0,17413.0,17473.0,17344.0,17168.0,17098.0,17092.0,17140.0,17093.0,17009.0,16834.0,16531.0,16292.0,16074.0,15877.0,15671.0,15503.0
보은군 - 여자인구수＜br＞(B),Statistics,21455.0,20860.0,20059.0,19345.0,18951.0,18484.0,18100.0,17610.0,17485.0,17432.0,17483.0,17373.0,17270.0,17220.0,17148.0,17156.0,17128.0,17044.0,16846.0,16418.0,16120.0,15804.0,15578.0,15339.0,15024.0
봉화군 - 남녀성비＜br＞(A÷B×100),Statistics,100.9,100.4,99.6,98.6,99.5,99.3,100.2,100.4,100.4,100.2,100.1,100.0,99.2,99.0,98.8,98.5,98.8,99.0,99.8,100.9,101.4,102.2,103.0,104.0,104.3
봉화군 - 남자인구수＜br＞(A),Statistics,21531.0,20721.0,19888.0,19578.0,18717.0,18239.0,17821.0,17562.0,17346.0,17162.0,17292.0,17099.0,16903.0,16859.0,16911.0,16774.0,16667.0,16550.0,16409.0,16146.0,15853.0,15551.0,15295.0,15090.0,14720.0
봉화군 - 여자인구수＜br＞(B),Statistics,21334.0,20643.0,19964.0,19861.0,18809.0,18360.0,17787.0,17484.0,17282.0,17135.0,17275.0,17093.0,17031.0,17035.0,17112.0,17034.0,16872.0,16709.0,16434.0,16004.0,15641.0,15211.0,14844.0,14513.0,14116.0
부산광역시 - 남녀성비＜br＞(A÷B×100),Statistics,99.9,99.8,99.7,99.6,99.5,99.3,99.2,99.1,99.0,98.8,98.8,98.6,98.3,98.1,97.8,97.6,97.3,97.1,96.8,96.4,96.0,95.8,95.4,95.1,94.8
부산광역시 - 남자인구수＜br＞(A),Statistics,1897050.0,1883524.0,1862520.0,1842405.0,1828634.0,1812599.0,1798940.0,1785903.0,1773154.0,1761202.0,1773170.0,1762848.0,1754479.0,1747000.0,1740417.0,1735570.0,1725607.0,1709508.0,1692421.0,1675417.0,1661000.0,1639044.0,1619915.0,1605431.0,1589912.0
부산광역시 - 여자인구수＜br＞(B),Statistics,1899456.0,1887012.0,1867605.0,1849040.0,1837711.0,1825694.0,1813052.0,1801536.0,1791423.0,1781828.0,1794740.0,1788115.0,1784005.0,1780635.0,1778984.0,1778207.0,1772922.0,1761145.0,1749032.0,1738424.0,1730946.0,1711336.0,1697897.0,1687931.0,1676686.0
부산진구 - 남녀성비＜br＞(A÷B×100),Statistics,100.2,100.0,99.8,99.6,99.6,99.0,98.8,98.6,98.2,98.0,98.0,97.7,97.5,96.9,96.4,96.1,95.8,95.4,94.8,94.0,93.5,93.0,92.6,92.4,92.0
부산진구 - 남자인구수＜br＞(A),Statistics,215379.0,213209.0,210105.0,204941.0,202373.0,204291.0,201709.0,199766.0,198474.0,195868.0,195905.0,195246.0,193834.0,191789.0,190136.0,187028.0,184213.0,181502.0,176316.0,173446.0,173920.0,170181.0,171141.0,172607.0,172115.0
부산진구 - 여자인구수＜br＞(B),Statistics,214994.0,213309.0,210540.0,205662.0,203161.0,206319.0,204066.0,202593.0,202042.0,199821.0,199921.0,199798.0,198897.0,197976.0,197242.0,194544.0,192313.0,190201.0,186041.0,184434.0,185966.0,182978.0,184776.0,186901.0,187166.0
부안군 - 남녀성비＜br＞(A÷B×100),Statistics,97.7,97.0,97.9,98.5,98.1,98.1,98.3,98.3,98.6,98.3,98.0,98.3,97.9,98.0,98.1,98.0,98.4,98.8,98.7,98.7,98.8,98.9,98.9,99.2,99.8
부안군 - 남자인구수＜br＞(A),Statistics,36932.0,37373.0,34816.0,33774.0,33065.0,32205.0,31353.0,30668.0,30221.0,29842.0,29767.0,29291.0,29118.0,29290.0,28490.0,28136.0,28268.0,27880.0,27048.0,26473.0,25914.0,25262.0,24913.0,24496.0,24010.0
부안군 - 여자인구수＜br＞(B),Statistics,37784.0,38541.0,35558.0,34292.0,33701.0,32813.0,31890.0,31211.0,30651.0,30362.0,30371.0,29789.0,29751.0,29874.0,29044.0,28712.0,28737.0,28206.0,27393.0,26822.0,26226.0,25533.0,25181.0,24691.0,24056.0
부여군 - 남녀성비＜br＞(A÷B×100),Statistics,99.5,99.5,99.5,99.9,100.4,100.2,99.8,100.0,100.0,100.1,99.9,99.7,99.7,99.6,98.8,98.5,98.5,98.4,98.1,98.1,98.2,98.4,98.7,99.3,99.2
부여군 - 남자인구수＜br＞(A),Statistics,46212.0,45080.0,43902.0,42612.0,41722.0,40756.0,39757.0,38961.0,38338.0,37810.0,37503.0,36945.0,36570.0,36193.0,35661.0,35298.0,34837.0,34259.0,33721.0,33049.0,32374.0,31634.0,30970.0,30417.0,29658.0
부여군 - 여자인구수＜br＞(B),Statistics,46455.0,45293.0,44112.0,42663.0,41538.0,40674.0,39838.0,38955.0,38349.0,37754.0,37526.0,37059.0,36689.0,36354.0,36093.0,35845.0,35350.0,34827.0,34357.0,33691.0,32980.0,32140.0,31373.0,30629.0,29892.0
부천시 - 남녀성비＜br＞(A÷B×100),Statistics,102.4,102.4,102.1,101.7,101.5,101.4,101.2,101.0,100.9,100.6,100.9,100.8,100.5,100.4,100.2,99.9,99.7,99.5,99.2,98.8,98.5,98.3,98.0,97.7,97.5
부천시 - 남자인구수＜br＞(A),Statistics,392516.0,395247.0,412438.0,425777.0,431005.0,430562.0,432680.0,434114.0,435849.0,436334.0,439548.0,437885.0,436113.0,432691.0,428251.0,424315.0,425101.0,424038.0,420179.0,412500.0,406023.0,399484.0,391102.0,385531.0,380064.0
부천시 - 여자인구수＜br＞(B),Statistics,383299.0,385844.0,404061.0,418479.0,424692.0,424797.0,427340.0,429923.0,431829.0,433610.0,435656.0,434567.0,433831.0,431029.0,427335.0,424672.0,426279.0,426291.0,423589.0,417496.0,412360.0,406583.0,399026.0,394437.0,389854.0
부평구 - 남녀성비＜br＞(A÷B×100),Statistics,101.9,101.7,101.6,101.1,100.9,100.6,100.7,100.6,100.5,100.5,100.7,100.3,100.1,99.9,99.6,99.2,98.9,98.6,98.4,98.1,97.8,97.5,97.4,97.0,96.7
부평구 - 남자인구수＜br＞(A),Statistics,275868.0,278328.0,281385.0,278574.0,279824.0,284528.0,286190.0,285303.0,285335.0,282639.0,284701.0,280854.0,279725.0,278352.0,277916.0,276826.0,273356.0,268118.0,260144.0,253338.0,244713.0,240348.0,241285.0,243292.0,242457.0
부평구 - 여자인구수＜br＞(B),Statistics,270652.0,273765.0,276925.0,275453.0,277320.0,282819.0,284093.0,283602.0,283911.0,281281.0,282792.0,280082.0,279322.0,278633.0,279076.0,279018.0,276360.0,271823.0,264496.0,258239.0,250249.0,246417.0,247833.0,250846.0,250743.0
북구 - 남녀성비＜br＞(A÷B×100),Statistics,101.0,101.1,100.9,100.5,100.2,100.1,100.0,100.1,99.9,99.7,100.0,99.8,99.7,99.5,99.2,99.0,98.9,98.5,98.3,98.2,98.0,97.5,97.0,96.8,96.3
북구 - 남자인구수＜br＞(A),Statistics,154363.0,156584.0,161235.0,163796.0,166863.0,167915.0,165261.0,162714.0,159332.0,156884.0,156130.0,153873.0,156218.0,154473.0,152895.0,154500.0,154276.0,150355.0,147233.0,144229.0,140527.0,139795.0,137274.0,134559.0,131353.0
북구 - 여자인구수＜br＞(B),Statistics,152875.0,154897.0,159741.0,162914.0,166453.0,167784.0,165185.0,162588.0,159527.0,157343.0,156088.0,154115.0,156719.0,155246.0,154079.0,155984.0,155926.0,152569.0,149719.0,146903.0,143425.0,143416.0,141583.0,139037.0,136339.0
사상구 - 남녀성비＜br＞(A÷B×100),Statistics,103.3,103.1,103.2,103.3,103.3,103.1,103.5,103.5,103.7,103.7,104.3,104.3,104.1,104.1,103.9,103.6,103.5,103.2,102.8,102.3,102.1,101.7,101.3,100.8,100.5
사상구 - 남자인구수＜br＞(A),Statistics,153024.0,152453.0,149368.0,146301.0,143335.0,140867.0,138044.0,135053.0,132808.0,129969.0,131618.0,129863.0,127701.0,125900.0,123783.0,120981.0,118419.0,116416.0,113240.0,110286.0,107405.0,105034.0,102544.0,101865.0,99549.0
사상구 - 여자인구수＜br＞(B),Statistics,148103.0,147856.0,144722.0,141637.0,138762.0,136614.0,133440.0,130459.0,128089.0,125305.0,126225.0,124550.0,122723.0,120897.0,119170.0,116730.0,114381.0,112803.0,110121.0,107808.0,105181.0,103264.0,101245.0,101067.0,99086.0
사천시 - 남녀성비＜br＞(A÷B×100),Statistics,100.2,100.0,99.9,100.0,100.3,100.1,100.5,101.0,101.3,101.5,101.0,101.0,100.6,100.8,100.5,100.7,100.8,101.2,101.6,101.8,101.7,101.7,102.0,102.3,102.9
사천시 - 남자인구수＜br＞(A),Statistics,59710.0,59665.0,58504.0,57288.0,56411.0,55687.0,56285.0,56517.0,56777.0,56772.0,57365.0,57343.0,57826.0,58660.0,58392.0,57932.0,57698.0,57476.0,57394.0,56451.0,56010.0,55433.0,55239.0,55139.0,55028.0
사천시 - 여자인구수＜br＞(B),Statistics,59616.0,59640.0,58572.0,57268.0,56259.0,55606.0,56015.0,55982.0,56051.0,55952.0,56783.0,56790.0,57495.0,58191.0,58093.0,57520.0,57214.0,56776.0,56494.0,55474.0,55095.0,54520.0,54130.0,53891.0,53476.0
사하구 - 남녀성비＜br＞(A÷B×100),Statistics,100.3,100.5,100.4,100.4,100.3,100.1,100.1,100.3,100.1,100.3,100.5,100.5,100.4,100.2,100.1,100.0,100.0,99.7,99.8,99.5,99.2,99.0,98.7,98.5,98.4
사하구 - 남자인구수＜br＞(A),Statistics,194306.0,192373.0,189541.0,188014.0,187366.0,186053.0,183487.0,182588.0,182810.0,180207.0,179855.0,178160.0,176689.0,174748.0,171769.0,168860.0,167290.0,166434.0,163766.0,160101.0,155228.0,152197.0,150009.0,147805.0,145062.0
사하구 - 여자인구수＜br＞(B),Statistics,193714.0,191491.0,188695.0,187269.0,186882.0,185856.0,183378.0,182105.0,182558.0,179593.0,178875.0,177283.0,176037.0,174362.0,171602.0,168921.0,167313.0,166867.0,164025.0,160903.0,156529.0,153806.0,151978.0,150026.0,147429.0
산청군 - 남녀성비＜br＞(A÷B×100),Statistics,96.3,95.9,95.5,95.5,95.1,95.2,94.8,94.5,94.2,95.0,94.8,95.2,95.8,96.1,95.7,95.7,95.8,95.9,95.8,95.7,96.4,97.1,98.3,98.6,98.2
산청군 - 남자인구수＜br＞(A),Statistics,20111.0,19519.0,18921.0,18455.0,17962.0,17697.0,17371.0,17134.0,17002.0,17016.0,17320.0,17385.0,17462.0,17613.0,17531.0,17643.0,17666.0,17793.0,17589.0,17321.0,17110.0,16931.0,16871.0,16758.0,16475.0
산청군 - 여자인구수＜br＞(B),Statistics,20886.0,20344.0,19805.0,19328.0,18887.0,18597.0,18333.0,18140.0,18041.0,17905.0,18271.0,18266.0,18229.0,18322.0,18318.0,18428.0,18432.0,18547.0,18363.0,18096.0,17747.0,17429.0,17157.0,16994.0,16784.0
삼척시 - 남녀성비＜br＞(A÷B×100),Statistics,101.8,101.4,101.7,101.7,102.1,101.7,101.5,101.5,102.6,102.9,101.9,102.9,103.5,104.9,104.4,103.3,102.6,102.2,102.5,102.6,102.4,102.1,102.7,103.2,103.8
삼척시 - 남자인구수＜br＞(A),Statistics,41447.0,40164.0,39036.0,38205.0,37529.0,36873.0,36146.0,35653.0,35940.0,36490.0,36367.0,36681.0,36847.0,37384.0,36940.0,36000.0,35253.0,34638.0,34587.0,34038.0,33011.0,32043.0,32156.0,31822.0,31437.0
삼척시 - 여자인구수＜br＞(B),Statistics,40730.0,39606.0,38398.0,37554.0,36772.0,36261.0,35604.0,35138.0,35014.0,35445.0,35679.0,35631.0,35616.0,35639.0,35374.0,34839.0,34346.0,33876.0,33739.0,33190.0,32232.0,31386.0,31299.0,30829.0,30298.0
상주시 - 남녀성비＜br＞(A÷B×100),Statistics,98.0,97.4,97.3,97.2,96.9,96.7,96.8,96.6,96.8,97.1,97.3,97.1,96.9,96.6,96.3,95.8,95.9,95.6,95.7,96.2,96.0,96.2,96.9,96.8,97.4
상주시 - 남자인구수＜br＞(A),Statistics,61693.0,60234.0,58697.0,56857.0,55402.0,54283.0,53248.0,52389.0,51844.0,52321.0,52081.0,51569.0,51259.0,50785.0,50485.0,50084.0,49824.0,49344.0,49046.0,49378.0,47634.0,46869.0,46660.0,46166.0,45315.0
상주시 - 여자인구수＜br＞(B),Statistics,62981.0,61813.0,60302.0,58480.0,57183.0,56161.0,55032.0,54211.0,53537.0,53887.0,53526.0,53116.0,52923.0,52561.0,52407.0,52290.0,51975.0,51603.0,51251.0,51310.0,49594.0,48697.0,48163.0,47692.0,46535.0
서구 - 남녀성비＜br＞(A÷B×100),Statistics,98.0,97.9,98.0,98.3,98.5,98.5,99.0,99.0,99.0,99.0,98.5,98.2,98.1,97.8,97.1,96.7,96.5,95.9,95.4,94.6,93.8,93.6,93.4,92.5,92.2
서구 - 남자인구수＜br＞(A),Statistics,76601.0,75121.0,73273.0,71527.0,70688.0,69268.0,67767.0,66060.0,64353.0,62582.0,62550.0,61285.0,59843.0,58741.0,58190.0,57007.0,55469.0,53873.0,53978.0,52627.0,52341.0,50853.0,50801.0,50028.0,49503.0
서구 - 여자인구수＜br＞(B),Statistics,78152.0,76753.0,74747.0,72778.0,71772.0,70339.0,68459.0,66743.0,65032.0,63203.0,63490.0,62433.0,60985.0,60042.0,59925.0,58956.0,57504.0,56166.0,56556.0,55602.0,55794.0,54311.0,54391.0,54061.0,53685.0
서귀포시 - 남녀성비＜br＞(A÷B×100),Statistics,99.0,99.0,99.0,99.4,99.6,99.8,101.1,101.2,101.1,101.3,101.3,101.6,101.6,101.7,102.1,102.3,102.6,102.7,102.5,102.3,102.1,101.9,101.5,101.4,101.3
서귀포시 - 남자인구수＜br＞(A),Statistics,42566.0,42346.0,42089.0,41512.0,41800.0,41469.0,77881.0,77362.0,76981.0,76630.0,77367.0,77279.0,77625.0,78475.0,80075.0,83205.0,86568.0,90358.0,91745.0,91812.0,92021.0,92683.0,93086.0,92415.0,91580.0
서귀포시 - 여자인구수＜br＞(B),Statistics,43005.0,42783.0,42512.0,41763.0,41970.0,41558.0,77014.0,76438.0,76139.0,75655.0,76349.0,76087.0,76432.0,77166.0,78437.0,81314.0,84364.0,88025.0,89500.0,89772.0,90148.0,90980.0,91684.0,91183.0,90440.0
서대문구 - 남녀성비＜br＞(A÷B×100),Statistics,98.4,98.3,97.9,97.6,97.1,96.8,96.2,95.8,95.9,95.8,95.9,95.8,95.6,95.3,95.2,94.9,94.3,93.5,93.0,92.5,91.7,91.6,90.8,90.4,89.9
서대문구 - 남자인구수＜br＞(A),Statistics,182202.0,181514.0,179411.0,175720.0,173452.0,171773.0,171098.0,170588.0,162350.0,160243.0,158857.0,154033.0,154017.0,153315.0,151338.0,152008.0,152510.0,151144.0,149569.0,148663.0,149360.0,145694.0,145816.0,145404.0,143412.0
서대문구 - 여자인구수＜br＞(B),Statistics,185178.0,184714.0,183203.0,180033.0,178619.0,177390.0,177922.0,177987.0,169338.0,167208.0,165684.0,160819.0,161096.0,160795.0,159038.0,160133.0,161684.0,161656.0,160744.0,160734.0,162813.0,159125.0,160521.0,160827.0,159441.0
서산시 - 남녀성비＜br＞(A÷B×100),Statistics,102.1,101.9,101.9,101.4,102.4,102.8,103.1,103.2,103.6,103.8,103.8,104.3,104.5,104.8,105.0,105.4,105.7,106.0,106.4,107.1,108.6,109.0,109.0,109.8,109.9
서산시 - 남자인구수＜br＞(A),Statistics,75809.0,75775.0,74755.0,76453.0,75964.0,76176.0,76600.0,77996.0,79808.0,80943.0,81747.0,82448.0,83439.0,84858.0,85841.0,87280.0,87770.0,88359.0,89793.0,90348.0,91399.0,92122.0,92011.0,92112.0,91328.0
서산시 - 여자인구수＜br＞(B),Statistics,74219.0,74341.0,73395.0,75365.0,74167.0,74118.0,74289.0,75573.0,77059.0,77943.0,78721.0,79041.0,79876.0,80979.0,81770.0,82819.0,83018.0,83319.0,84369.0,84342.0,84192.0,84523.0,84402.0,83899.0,83117.0
서울특별시 - 남녀성비＜br＞(A÷B×100),Statistics,100.4,100.4,100.2,99.9,99.5,99.2,98.9,98.7,98.5,98.3,98.3,98.0,97.8,97.5,97.2,96.9,96.5,96.1,95.6,95.2,94.7,94.4,94.1,93.7,93.3
서울특별시 - 남자인구수＜br＞(A),Statistics,5166605.0,5141741.0,5108964.0,5084908.0,5074686.0,5062492.0,5062107.0,5063188.0,5061809.0,5059269.0,5111259.0,5073899.0,5041336.0,5007869.0,4979768.0,4930943.0,4876789.0,4830206.0,4773899.0,4744059.0,4701723.0,4618040.0,4570048.0,4540031.0,4505355.0
서울특별시 - 여자인구수＜br＞(B),Statistics,5144709.0,5121595.0,5098331.0,5089178.0,5098476.0,5104852.0,5119059.0,5129522.0,5139018.0,5149033.0,5201286.0,5175780.0,5153982.0,5135776.0,5123465.0,5091238.0,5053827.0,5027220.0,4991724.0,4985048.0,4966742.0,4891418.0,4858324.0,4846003.0,4826473.0
서천군 - 남녀성비＜br＞(A÷B×100),Statistics,98.6,98.4,98.5,98.5,98.5,98.4,98.1,98.0,98.0,97.6,97.1,96.8,97.2,96.9,96.8,97.1,96.7,97.1,97.5,97.8,97.6,97.7,97.8,97.6,98.2
서천군 - 남자인구수＜br＞(A),Statistics,37363.0,36102.0,34787.0,33451.0,32581.0,31898.0,31016.0,30269.0,29946.0,29664.0,29606.0,29285.0,29041.0,28754.0,28392.0,28039.0,27539.0,27176.0,26620.0,26110.0,25614.0,25081.0,24709.0,24257.0,23879.0
서천군 - 여자인구수＜br＞(B),Statistics,37896.0,36685.0,35329.0,33963.0,33069.0,32424.0,31613.0,30899.0,30561.0,30402.0,30479.0,30256.0,29879.0,29687.0,29321.0,28871.0,28473.0,27999.0,27302.0,26695.0,26252.0,25664.0,25255.0,24859.0,24325.0
서초구 - 남녀성비＜br＞(A÷B×100),Statistics,97.0,96.9,96.7,96.3,95.7,95.5,95.0,94.8,94.6,94.2,94.0,93.8,93.7,93.4,93.0,92.5,92.3,91.9,91.9,91.7,91.7,91.5,91.5,91.1,90.6
서초구 - 남자인구수＜br＞(A),Statistics,195942.0,193795.0,191409.0,193632.0,196076.0,196268.0,198874.0,197555.0,197570.0,206346.0,210652.0,209902.0,210440.0,213285.0,216740.0,214737.0,214673.0,211236.0,207868.0,206039.0,203359.0,197034.0,193159.0,194291.0,194153.0
서초구 - 여자인구수＜br＞(B),Statistics,201927.0,200054.0,197847.0,201125.0,204792.0,205468.0,209392.0,208414.0,208750.0,219135.0,224068.0,223662.0,224604.0,228478.0,232938.0,232027.0,232519.0,229866.0,226083.0,224787.0,221767.0,215245.0,211166.0,213373.0,214223.0
성남시 - 남녀성비＜br＞(A÷B×100),Statistics,101.1,100.9,100.8,100.8,100.6,100.5,100.4,100.1,99.9,99.6,99.6,99.6,99.6,99.4,99.1,98.8,98.4,98.1,98.1,98.0,98.1,98.2,98.1,98.0,97.8
성남시 - 남자인구수＜br＞(A),Statistics,464609.0,468407.0,472449.0,482893.0,490108.0,492825.0,483364.0,477252.0,471033.0,480310.0,489222.0,488586.0,488319.0,488219.0,485207.0,482864.0,483374.0,479225.0,472506.0,466644.0,465407.0,461131.0,456882.0,455137.0,451408.0
성남시 - 여자인구수＜br＞(B),Statistics,459781.0,464373.0,468525.0,479155.0,487058.0,490250.0,481467.0,476708.0,471414.0,482416.0,490968.0,490737.0,490296.0,491315.0,489401.0,488560.0,491206.0,488285.0,481841.0,476080.0,474657.0,469817.0,465636.0,464610.0,461601.0
성동구 - 남녀성비＜br＞(A÷B×100),Statistics,102.2,102.2,101.8,101.3,101.2,100.6,100.7,100.8,100.6,100.4,100.7,100.4,100.0,99.5,99.1,98.8,98.3,97.4,96.5,95.9,95.5,95.1,94.6,94.2,93.7
성동구 - 남자인구수＜br＞(A),Statistics,172246.0,172553.0,171866.0,170817.0,170565.0,169346.0,167763.0,167424.0,157602.0,154333.0,155067.0,150655.0,149832.0,149304.0,147363.0,147570.0,148326.0,150368.0,151359.0,147273.0,143387.0,139380.0,136633.0,134519.0,132409.0
성동구 - 여자인구수＜br＞(B),Statistics,168544.0,168822.0,168907.0,168551.0,168548.0,168398.0,166674.0,166111.0,156610.0,153725.0,154026.0,150056.0,149772.0,150033.0,148723.0,149433.0,150933.0,154440.0,156862.0,153616.0,150169.0,146610.0,144367.0,142842.0,141260.0
성북구 - 남녀성비＜br＞(A÷B×100),Statistics,101.2,101.2,100.6,100.4,99.8,99.1,98.9,98.7,98.4,98.1,97.9,97.7,97.2,96.9,96.5,96.0,95.5,95.2,94.6,94.0,93.1,93.1,92.6,92.2,92.0
성북구 - 남자인구수＜br＞(A),Statistics,231749.0,226644.0,222614.0,226943.0,225280.0,230451.0,235057.0,233505.0,234730.0,235755.0,241927.0,239726.0,237474.0,234573.0,229205.0,224980.0,219951.0,216556.0,211904.0,214437.0,210810.0,207578.0,206961.0,204171.0,202003.0
성북구 - 여자인구수＜br＞(B),Statistics,229113.0,223958.0,221195.0,226114.0,225842.0,232428.0,237786.0,236468.0,238627.0,240273.0,247005.0,245445.0,244383.0,242016.0,237501.0,234295.0,230404.0,227499.0,223964.0,228213.0,226343.0,222950.0,223436.0,221431.0,219557.0
성주군 - 남녀성비＜br＞(A÷B×100),Statistics,102.7,103.0,101.7,102.9,103.2,103.2,104.3,104.5,104.2,104.3,103.8,104.2,105.2,105.2,104.7,105.1,105.1,105.7,106.2,106.7,107.3,107.7,108.6,109.5,109.6
성주군 - 남자인구수＜br＞(A),Statistics,25896.0,25564.0,26103.0,24671.0,24244.0,23851.0,23665.0,23344.0,22978.0,23286.0,23072.0,23286.0,23138.0,23102.0,23007.0,23076.0,23166.0,23191.0,23011.0,22716.0,22473.0,22216.0,22161.0,22000.0,21672.0
성주군 - 여자인구수＜br＞(B),Statistics,25208.0,24816.0,25658.0,23984.0,23487.0,23109.0,22693.0,22336.0,22046.0,22330.0,22217.0,22354.0,21989.0,21965.0,21974.0,21953.0,22039.0,21947.0,21661.0,21299.0,20941.0,20626.0,20405.0,20086.0,19780.0
세종특별자치시 - 남녀성비＜br＞(A÷B×100),Statistics,,,,,,,,,,,,,103.9,103.8,102.1,100.6,100.0,99.5,99.7,99.5,99.6,99.7,99.6,99.2,99.1
세종특별자치시 - 남자인구수＜br＞(A),Statistics,,,,,,,,,,,,,57633.0,62205.0,78862.0,105752.0,121505.0,139734.0,156831.0,169845.0,177568.0,185678.0,191389.0,192524.0,194413.0
세종특별자치시 - 여자인구수＜br＞(B),Statistics,,,,,,,,,,,,,55484.0,59948.0,77263.0,105132.0,121543.0,140366.0,157295.0,170730.0,178263.0,186217.0,192202.0,194001.0,196272.0
속초시 - 남녀성비＜br＞(A÷B×100),Statistics,98.4,97.9,98.0,97.9,97.5,97.5,97.3,97.2,97.1,96.9,97.2,97.1,97.1,97.0,97.0,97.0,97.1,97.1,97.1,97.7,98.2,98.5,98.2,98.0,97.4
속초시 - 남자인구수＜br＞(A),Statistics,44647.0,44630.0,44561.0,44040.0,43413.0,43003.0,42458.0,42068.0,41676.0,41260.0,41543.0,41260.0,41165.0,40929.0,40590.0,40377.0,40288.0,40531.0,40248.0,40420.0,40965.0,41080.0,41037.0,40620.0,39931.0
속초시 - 여자인구수＜br＞(B),Statistics,45385.0,45601.0,45468.0,45007.0,44520.0,44121.0,43615.0,43302.0,42923.0,42562.0,42759.0,42485.0,42414.0,42180.0,41842.0,41615.0,41505.0,41742.0,41434.0,41366.0,41700.0,41711.0,41769.0,41434.0,41002.0
송파구 - 남녀성비＜br＞(A÷B×100),Statistics,98.9,98.9,98.7,98.6,98.3,97.9,97.8,97.3,96.9,96.4,96.4,96.2,96.0,95.7,95.6,95.4,95.0,94.7,94.3,93.8,93.2,93.1,92.8,92.5,92.1
송파구 - 남자인구수＜br＞(A),Statistics,329686.0,325867.0,321426.0,307516.0,299576.0,299659.0,300173.0,307693.0,329262.0,334477.0,336359.0,334494.0,329747.0,326919.0,324902.0,322441.0,320557.0,323147.0,323526.0,327164.0,322299.0,317346.0,317180.0,314347.0,311728.0
송파구 - 여자인구수＜br＞(B),Statistics,333491.0,329616.0,325611.0,311998.0,304717.0,306181.0,306832.0,316183.0,339700.0,346999.0,348920.0,347715.0,343368.0,341496.0,339836.0,337861.0,337274.0,341349.0,343109.0,348797.0,345661.0,340992.0,341621.0,339819.0,338382.0
수성구 - 남녀성비＜br＞(A÷B×100),Statistics,99.3,99.2,99.4,99.2,98.9,98.5,98.1,97.8,97.5,97.0,96.9,96.6,96.2,96.1,95.9,95.7,95.5,95.0,94.8,94.3,93.7,93.6,93.4,93.0,92.7
수성구 - 남자인구수＜br＞(A),Statistics,228998.0,227371.0,222779.0,223314.0,220678.0,216981.0,218016.0,221136.0,223016.0,224599.0,227298.0,226551.0,225429.0,225950.0,223495.0,220898.0,218317.0,213939.0,210621.0,208024.0,205293.0,201689.0,198731.0,196277.0,196815.0
수성구 - 여자인구수＜br＞(B),Statistics,230660.0,229116.0,224100.0,225116.0,223203.0,220375.0,222156.0,226028.0,228716.0,231597.0,234690.0,234532.0,234350.0,235054.0,233010.0,230888.0,228694.0,225272.0,222138.0,220590.0,219021.0,215408.0,212822.0,211054.0,212292.0
수영구 - 남녀성비＜br＞(A÷B×100),Statistics,96.3,96.3,95.8,95.7,95.1,94.9,94.9,94.5,94.5,94.1,93.8,93.4,93.2,93.0,92.5,91.8,91.3,91.0,90.8,90.3,89.6,89.3,88.6,88.4,87.9
수영구 - 남자인구수＜br＞(A),Statistics,90612.0,88837.0,87023.0,86598.0,88027.0,87010.0,86582.0,86584.0,86083.0,85939.0,86304.0,85338.0,85230.0,84361.0,85773.0,86077.0,85573.0,85778.0,83852.0,83565.0,83573.0,82609.0,82144.0,81901.0,80422.0
수영구 - 여자인구수＜br＞(B),Statistics,94131.0,92238.0,90858.0,90521.0,92549.0,91674.0,91232.0,91669.0,91057.0,91353.0,91963.0,91353.0,91436.0,90737.0,92707.0,93718.0,93751.0,94218.0,92394.0,92583.0,93321.0,92486.0,92662.0,92617.0,91496.0
수원시 - 남녀성비＜br＞(A÷B×100),Statistics,101.2,101.2,101.2,101.1,100.9,100.8,101.0,100.9,100.9,101.2,101.7,101.5,101.4,101.4,101.5,101.4,101.4,101.5,101.5,101.4,101.4,101.4,101.4,101.2,101.1
수원시 - 남자인구수＜br＞(A),Statistics,476843.0,490314.0,512940.0,519293.0,519130.0,524999.0,537044.0,536253.0,536059.0,539655.0,543233.0,548382.0,564008.0,578035.0,591384.0,596508.0,601152.0,605835.0,604918.0,601410.0,597076.0,595933.0,599619.0,602346.0,599668.0
수원시 - 여자인구수＜br＞(B),Statistics,471222.0,484552.0,506771.0,513651.0,514699.0,520588.0,531862.0,531449.0,531366.0,533494.0,534302.0,540107.0,556250.0,570122.0,582844.0,588116.0,592889.0,596793.0,596248.0,593055.0,589002.0,587781.0,591345.0,594911.0,593337.0
순창군 - 남녀성비＜br＞(A÷B×100),Statistics,96.5,96.2,96.0,95.8,95.4,95.1,95.3,94.6,95.4,96.3,96.4,95.6,94.1,93.9,94.3,94.3,92.9,93.5,94.0,94.1,94.6,96.5,96.7,96.8,97.1
순창군 - 남자인구수＜br＞(A),Statistics,16982.0,16616.0,15837.0,15406.0,15531.0,15607.0,15853.0,15576.0,15100.0,14802.0,14829.0,14416.0,14567.0,14658.0,14739.0,14679.0,14427.0,14349.0,14156.0,13756.0,13520.0,13189.0,13138.0,13161.0,13217.0
순창군 - 여자인구수＜br＞(B),Statistics,17605.0,17276.0,16492.0,16076.0,16283.0,16405.0,16632.0,16459.0,15820.0,15377.0,15380.0,15081.0,15488.0,15614.0,15629.0,15569.0,15522.0,15349.0,15053.0,14626.0,14290.0,13666.0,13589.0,13603.0,13605.0
순천시 - 남녀성비＜br＞(A÷B×100),Statistics,99.6,99.7,99.6,99.7,99.9,99.8,99.9,100.0,99.9,99.9,100.0,100.0,99.9,99.8,99.6,99.7,99.5,99.3,99.2,99.3,99.5,99.6,99.5,99.6,99.7
순천시 - 남자인구수＜br＞(A),Statistics,134897.0,135653.0,135306.0,134729.0,134934.0,135311.0,134881.0,135160.0,134665.0,134706.0,136321.0,136084.0,136833.0,137674.0,138325.0,139163.0,138959.0,139167.0,139114.0,139324.0,140772.0,140466.0,139014.0,138814.0,137943.0
순천시 - 여자인구수＜br＞(B),Statistics,135448.0,136081.0,135833.0,135114.0,135125.0,135623.0,135059.0,135220.0,134764.0,134810.0,136299.0,136117.0,136965.0,137994.0,138863.0,139602.0,139589.0,140164.0,140275.0,140274.0,141417.0,140970.0,139723.0,139323.0,138386.0
시흥시 - 남녀성비＜br＞(A÷B×100),Statistics,104.6,105.7,106.7,107.3,107.8,108.3,108.5,108.7,109.3,109.5,110.0,110.0,110.0,110.3,110.2,110.4,110.4,110.1,109.8,109.7,109.4,109.3,109.3,109.2,108.8
시흥시 - 남자인구수＜br＞(A),Statistics,162643.0,173336.0,182687.0,190619.0,196419.0,201293.0,203173.0,203467.0,205146.0,207943.0,211468.0,210087.0,209254.0,208141.0,206925.0,208957.0,211392.0,219949.0,234840.0,247804.0,261730.0,267423.0,267861.0,271236.0,270037.0
시흥시 - 여자인구수＜br＞(B),Statistics,155440.0,164066.0,171173.0,177604.0,182194.0,185946.0,187304.0,187097.0,187610.0,189969.0,192329.0,191062.0,190231.0,188624.0,187714.0,189299.0,191496.0,199715.0,213847.0,225878.0,239165.0,244607.0,245051.0,248479.0,248095.0
신안군 - 남녀성비＜br＞(A÷B×100),Statistics,102.5,102.3,102.2,101.2,102.9,103.8,104.5,105.1,106.0,106.6,107.5,108.4,108.7,110.1,110.5,111.5,112.2,112.8,113.3,113.4,114.3,115.2,116.2,117.1,117.5
신안군 - 남자인구수＜br＞(A),Statistics,26898.0,25966.0,25124.0,25515.0,24137.0,23664.0,23870.0,23555.0,23520.0,23367.0,23538.0,23070.0,22869.0,23145.0,22969.0,22825.0,22555.0,22301.0,21915.0,21402.0,20769.0,20455.0,20346.0,20514.0,20625.0
신안군 - 여자인구수＜br＞(B),Statistics,26252.0,25376.0,24580.0,25211.0,23454.0,22787.0,22844.0,22413.0,22198.0,21927.0,21890.0,21285.0,21029.0,21017.0,20778.0,20469.0,20097.0,19769.0,19348.0,18872.0,18169.0,17762.0,17512.0,17523.0,17548.0
아산시 - 남녀성비＜br＞(A÷B×100),Statistics,102.7,102.6,100.9,100.5,100.3,101.7,102.9,104.0,103.9,103.2,103.2,103.5,104.1,104.3,104.9,105.2,105.7,106.3,106.8,107.2,108.0,108.5,108.8,108.8,108.9
아산시 - 남자인구수＜br＞(A),Statistics,93337.0,94446.0,95990.0,96821.0,100637.0,103065.0,107303.0,112929.0,122763.0,130253.0,134672.0,139635.0,143069.0,146565.0,150506.0,152634.0,155692.0,160483.0,161546.0,162694.0,164115.0,168881.0,174333.0,180223.0,185092.0
아산시 - 여자인구수＜br＞(B),Statistics,90854.0,92023.0,95133.0,96301.0,100301.0,101366.0,104257.0,108561.0,118179.0,126196.0,130519.0,134888.0,137421.0,140508.0,143448.0,145103.0,147237.0,150970.0,151276.0,151701.0,152014.0,155699.0,160206.0,165573.0,169922.0
안동시 - 남녀성비＜br＞(A÷B×100),Statistics,100.1,100.0,99.9,99.7,99.7,99.8,99.7,99.1,98.8,98.3,97.8,97.6,97.5,97.6,97.4,97.4,97.5,97.6,97.8,98.1,98.0,97.7,97.8,97.6,98.2
안동시 - 남자인구수＜br＞(A),Statistics,91997.0,90905.0,89597.0,87722.0,86876.0,85624.0,84220.0,83582.0,83145.0,82991.0,83013.0,83037.0,83091.0,83229.0,83240.0,83491.0,83341.0,82143.0,80204.0,79239.0,78661.0,77590.0,76447.0,75538.0,75871.0
안동시 - 여자인구수＜br＞(B),Statistics,91906.0,90933.0,89729.0,87955.0,87161.0,85763.0,84513.0,84334.0,84155.0,84441.0,84873.0,85120.0,85211.0,85232.0,85457.0,85730.0,85457.0,84129.0,81976.0,80813.0,80246.0,79382.0,78163.0,77397.0,77288.0
안산시 - 남녀성비＜br＞(A÷B×100),Statistics,106.3,105.9,105.3,105.0,104.9,104.9,104.9,104.9,104.9,104.8,105.4,105.1,105.0,105.0,105.2,105.1,105.0,105.3,105.3,105.2,105.2,105.2,105.2,105.0,105.0
안산시 - 남자인구수＜br＞(A),Statistics,292142.0,303818.0,322516.0,333834.0,341341.0,347566.0,357765.0,360884.0,362581.0,360949.0,366839.0,366764.0,366354.0,365575.0,362826.0,357634.0,353394.0,347585.0,338701.0,333766.0,335804.0,334646.0,328940.0,322328.0,317870.0
안산시 - 여자인구수＜br＞(B),Statistics,274770.0,286780.0,306345.0,317791.0,325443.0,331445.0,341054.0,344156.0,345676.0,344397.0,348052.0,348822.0,348754.0,348091.0,345050.0,340251.0,336465.0,330125.0,321642.0,317152.0,319111.0,318080.0,312720.0,306980.0,302709.0
안성시 - 남녀성비＜br＞(A÷B×100),Statistics,102.4,102.0,102.1,102.5,102.7,102.7,103.1,103.4,103.7,103.9,104.0,104.1,104.1,104.1,104.1,104.1,104.3,104.9,105.2,105.7,106.3,106.8,106.9,107.1,107.0
안성시 - 남자인구수＜br＞(A),Statistics,69121.0,71495.0,74716.0,76690.0,78077.0,79595.0,81057.0,83216.0,86294.0,87090.0,90730.0,92204.0,92627.0,92935.0,92757.0,91896.0,93389.0,93574.0,94095.0,94227.0,96355.0,97895.0,97581.0,97738.0,100245.0
안성시 - 여자인구수＜br＞(B),Statistics,67469.0,70110.0,73182.0,74832.0,76033.0,77535.0,78598.0,80517.0,83251.0,83829.0,87207.0,88539.0,88981.0,89238.0,89139.0,88303.0,89507.0,89212.0,89484.0,89178.0,90657.0,91639.0,91261.0,91296.0,93704.0
안양시 - 남녀성비＜br＞(A÷B×100),Statistics,100.9,101.0,100.6,100.4,100.2,100.1,99.9,99.7,99.6,99.7,99.8,99.7,99.6,99.4,99.2,99.0,98.8,98.6,98.2,98.0,97.8,97.8,97.7,97.5,97.3
안양시 - 남자인구수＜br＞(A),Statistics,291832.0,297371.0,298526.0,302804.0,310844.0,312890.0,312043.0,311702.0,309566.0,307808.0,310476.0,307313.0,305066.0,302983.0,299250.0,297422.0,296959.0,291751.0,285816.0,280652.0,271936.0,270496.0,270878.0,268911.0,274453.0
안양시 - 여자인구수＜br＞(B),Statistics,289334.0,294299.0,296616.0,301701.0,310203.0,312460.0,312237.0,312495.0,310713.0,308739.0,311238.0,308329.0,306346.0,304894.0,301559.0,300367.0,300455.0,296013.0,291015.0,286392.0,278091.0,276682.0,277350.0,275749.0,282039.0
양구군 - 남녀성비＜br＞(A÷B×100),Statistics,104.8,104.0,103.9,106.5,106.7,106.7,106.9,109.0,109.8,109.3,109.2,111.7,112.9,113.4,114.2,116.0,116.5,115.4,113.8,113.1,113.2,111.5,110.3,110.7,109.4
양구군 - 남자인구수＜br＞(A),Statistics,11983.0,11824.0,11481.0,11344.0,11197.0,11089.0,10991.0,11159.0,11147.0,11135.0,11401.0,11758.0,12088.0,12540.0,12735.0,12936.0,12918.0,12768.0,12462.0,12082.0,11829.0,11464.0,11215.0,11063.0,10774.0
양구군 - 여자인구수＜br＞(B),Statistics,11437.0,11374.0,11046.0,10651.0,10495.0,10391.0,10278.0,10242.0,10156.0,10188.0,10442.0,10527.0,10711.0,11054.0,11153.0,11153.0,11092.0,11067.0,10946.0,10682.0,10449.0,10284.0,10168.0,9993.0,9847.0
양산시 - 남녀성비＜br＞(A÷B×100),Statistics,101.7,101.5,101.6,101.8,101.8,102.0,101.6,101.7,101.8,101.4,101.3,101.3,101.4,101.3,101.4,101.3,101.2,101.0,101.0,100.8,100.6,100.4,100.4,100.0,100.3
양산시 - 남자인구수＜br＞(A),Statistics,97608.0,101087.0,103799.0,106139.0,107819.0,112232.0,114109.0,116978.0,122576.0,126053.0,130940.0,134085.0,136159.0,140719.0,147189.0,151653.0,159503.0,170132.0,175184.0,176114.0,176641.0,177759.0,177238.0,177596.0,180021.0
양산시 - 여자인구수＜br＞(B),Statistics,95944.0,99607.0,102159.0,104285.0,105876.0,110067.0,112316.0,114978.0,120436.0,124334.0,129299.0,132318.0,134301.0,138846.0,145187.0,149638.0,157534.0,168403.0,173455.0,174645.0,175588.0,176967.0,176554.0,177526.0,179510.0
양양군 - 남녀성비＜br＞(A÷B×100),Statistics,102.3,102.5,102.8,103.0,104.1,103.1,102.9,103.5,103.2,103.6,104.1,104.6,103.9,104.4,103.6,103.3,103.4,103.7,103.4,103.5,103.6,104.3,104.3,105.0,105.0
양양군 - 남자인구수＜br＞(A),Statistics,15242.0,15274.0,15242.0,14957.0,14884.0,14791.0,14538.0,14478.0,14276.0,14226.0,14242.0,14282.0,14169.0,14130.0,14005.0,13965.0,13838.0,13849.0,13900.0,14099.0,14220.0,14251.0,14228.0,14192.0,14079.0
양양군 - 여자인구수＜br＞(B),Statistics,14899.0,14906.0,14834.0,14523.0,14303.0,14341.0,14123.0,13994.0,13839.0,13731.0,13687.0,13660.0,13633.0,13529.0,13516.0,13514.0,13380.0,13358.0,13447.0,13627.0,13726.0,13662.0,13638.0,13518.0,13410.0
양주시 - 남녀성비＜br＞(A÷B×100),Statistics,,,,106.0,106.1,106.2,105.7,105.2,105.2,105.3,104.6,104.3,103.9,103.5,103.3,103.0,102.9,103.0,102.8,103.0,103.1,102.8,102.4,102.1,101.4
양주시 - 남자인구수＜br＞(A),Statistics,,,,76175.0,78567.0,82693.0,87249.0,92222.0,92251.0,93397.0,100576.0,102266.0,102085.0,101287.0,102688.0,104133.0,104235.0,107650.0,109978.0,112775.0,116916.0,119835.0,123173.0,135376.0,145474.0
양주시 - 여자인구수＜br＞(B),Statistics,,,,71887.0,74029.0,77896.0,82557.0,87692.0,87663.0,88709.0,96130.0,98094.0,98225.0,97856.0,99384.0,101051.0,101278.0,104496.0,106973.0,109539.0,113443.0,116533.0,120259.0,132650.0,143531.0
양천구 - 남녀성비＜br＞(A÷B×100),Statistics,101.6,101.5,101.3,100.7,100.5,100.1,99.7,99.6,99.5,99.1,99.2,99.1,98.9,98.8,98.3,98.1,97.9,97.4,97.1,96.7,96.3,96.1,95.8,95.4,95.2
양천구 - 남자인구수＜br＞(A),Statistics,245288.0,243971.0,243807.0,244369.0,248169.0,250040.0,250479.0,251355.0,250516.0,249567.0,249024.0,248927.0,246637.0,244742.0,241020.0,239995.0,236290.0,232518.0,228634.0,225186.0,222824.0,219214.0,215682.0,212835.0,210199.0
양천구 - 여자인구수＜br＞(B),Statistics,241493.0,240374.0,240711.0,242593.0,246929.0,249715.0,251238.0,252295.0,251827.0,251828.0,250977.0,251283.0,249274.0,247786.0,245201.0,244537.0,241449.0,238636.0,235551.0,232979.0,231427.0,228088.0,225199.0,223193.0,220777.0
양평군 - 남녀성비＜br＞(A÷B×100),Statistics,101.7,101.9,102.1,101.5,102.0,102.2,102.3,102.2,102.3,102.7,102.2,101.8,101.6,101.7,102.1,102.1,102.2,101.5,101.2,100.7,100.5,100.8,101.1,100.6,100.5
양평군 - 남자인구수＜br＞(A),Statistics,41744.0,41749.0,41930.0,42178.0,42759.0,43240.0,43630.0,44420.0,45412.0,46331.0,48449.0,50157.0,51497.0,52240.0,53245.0,54727.0,56285.0,57981.0,58396.0,58654.0,59563.0,60846.0,61495.0,62801.0,63574.0
양평군 - 여자인구수＜br＞(B),Statistics,41029.0,40955.0,41062.0,41552.0,41914.0,42293.0,42668.0,43454.0,44400.0,45119.0,47384.0,49273.0,50696.0,51380.0,52134.0,53589.0,55082.0,57124.0,57699.0,58220.0,59247.0,60384.0,60828.0,62437.0,63230.0
여수시 - 남녀성비＜br＞(A÷B×100),Statistics,101.8,101.7,101.7,102.0,101.9,101.9,101.9,102.2,102.3,102.3,102.4,102.4,102.5,102.6,102.6,102.8,102.9,102.7,103.1,103.5,104.2,104.0,103.6,103.8,103.6
여수시 - 남자인구수＜br＞(A),Statistics,163388.0,161454.0,159109.0,156686.0,154101.0,152088.0,150153.0,149304.0,149242.0,148462.0,148455.0,148115.0,147922.0,147539.0,147346.0,147088.0,146565.0,145122.0,143802.0,143791.0,142995.0,141074.0,139821.0,138354.0,136273.0
여수시 - 여자인구수＜br＞(B),Statistics,160525.0,158692.0,156427.0,153664.0,151211.0,149301.0,147336.0,146135.0,145891.0,145084.0,145033.0,144635.0,144295.0,143827.0,143554.0,143080.0,142423.0,141260.0,139498.0,138995.0,137247.0,135688.0,134944.0,133342.0,131543.0
여주시 - 남녀성비＜br＞(A÷B×100),Statistics,,,,,,,,,,,,,,102.0,102.0,102.4,102.4,102.3,102.6,103.2,103.2,103.4,103.6,103.5,103.7
여주시 - 남자인구수＜br＞(A),Statistics,,,,,,,,,,,,,,55211.0,55745.0,56180.0,56445.0,56629.0,56479.0,56427.0,56838.0,57022.0,57567.0,58177.0,58355.0
여주시 - 여자인구수＜br＞(B),Statistics,,,,,,,,,,,,,,54132.0,54641.0,54853.0,55118.0,55355.0,55046.0,54656.0,55059.0,55128.0,55583.0,56235.0,56255.0
연수구 - 남녀성비＜br＞(A÷B×100),Statistics,100.3,100.5,100.5,100.4,100.2,100.5,100.5,100.6,100.6,100.5,100.9,100.5,100.3,100.0,99.8,99.7,99.3,99.2,99.0,99.0,98.8,98.6,98.5,98.4,98.0
연수구 - 남자인구수＜br＞(A),Statistics,131380.0,130831.0,129976.0,129030.0,128146.0,133129.0,135870.0,134818.0,134761.0,136078.0,140216.0,144277.0,146499.0,150157.0,155161.0,159287.0,163753.0,166878.0,172298.0,182374.0,192570.0,193417.0,191405.0,194599.0,198116.0
연수구 - 여자인구수＜br＞(B),Statistics,130939.0,130207.0,129278.0,128534.0,127852.0,132529.0,135140.0,133962.0,133907.0,135419.0,139014.0,143626.0,146090.0,150148.0,155542.0,159765.0,164874.0,168264.0,174061.0,184176.0,194880.0,196227.0,194391.0,197817.0,202097.0
연제구 - 남녀성비＜br＞(A÷B×100),Statistics,99.7,99.7,99.6,99.5,99.3,99.1,98.6,98.1,97.8,98.0,97.9,97.8,97.6,97.2,97.0,96.5,95.7,94.8,94.2,93.6,92.8,92.9,92.1,91.5,91.4
연제구 - 남자인구수＜br＞(A),Statistics,111501.0,112962.0,113891.0,112435.0,110526.0,108391.0,106674.0,105317.0,105221.0,104142.0,105243.0,105483.0,104471.0,103174.0,102403.0,103507.0,101330.0,100613.0,100789.0,101253.0,100700.0,99761.0,97604.0,98344.0,101514.0
연제구 - 여자인구수＜br＞(B),Statistics,111843.0,113305.0,114377.0,113038.0,111327.0,109372.0,108135.0,107341.0,107589.0,106248.0,107453.0,107843.0,107065.0,106116.0,105609.0,107211.0,105938.0,106129.0,107051.0,108142.0,108457.0,107383.0,105932.0,107422.0,111075.0
연천군 - 남녀성비＜br＞(A÷B×100),Statistics,105.4,105.3,105.1,104.8,106.7,106.0,106.2,105.9,106.1,106.2,105.8,106.3,107.6,108.2,107.3,109.7,110.4,109.9,109.9,110.1,110.0,110.2,110.8,109.9,109.9
연천군 - 남자인구수＜br＞(A),Statistics,27090.0,26489.0,25810.0,25331.0,25131.0,24253.0,23726.0,23459.0,23416.0,23304.0,23230.0,23135.0,23631.0,23708.0,23475.0,23917.0,24090.0,23790.0,23364.0,22962.0,22799.0,22399.0,22113.0,21776.0,21400.0
연천군 - 여자인구수＜br＞(B),Statistics,25696.0,25166.0,24562.0,24177.0,23556.0,22870.0,22349.0,22144.0,22079.0,21937.0,21947.0,21765.0,21968.0,21902.0,21888.0,21808.0,21817.0,21641.0,21269.0,20862.0,20717.0,20322.0,19949.0,19808.0,19466.0
영광군 - 남녀성비＜br＞(A÷B×100),Statistics,99.8,98.9,98.8,98.8,99.0,99.2,99.2,98.9,98.6,98.9,99.1,98.5,98.9,99.2,99.1,99.0,99.4,99.3,99.5,99.3,99.4,99.7,99.9,100.0,100.1
영광군 - 남자인구수＜br＞(A),Statistics,36346.0,34863.0,33318.0,31879.0,31322.0,30621.0,29901.0,29256.0,28833.0,28357.0,28549.0,28212.0,28460.0,28691.0,28286.0,27997.0,27724.0,27296.0,27000.0,26828.0,26468.0,25959.0,26081.0,25874.0,26061.0
영광군 - 여자인구수＜br＞(B),Statistics,36434.0,35257.0,33737.0,32269.0,31637.0,30879.0,30144.0,29581.0,29242.0,28680.0,28813.0,28651.0,28764.0,28926.0,28547.0,28270.0,27894.0,27478.0,27127.0,27024.0,26631.0,26026.0,26116.0,25876.0,26037.0
영덕군 - 남녀성비＜br＞(A÷B×100),Statistics,92.8,92.3,90.2,91.9,91.6,91.4,89.8,90.2,90.5,90.4,90.5,90.5,90.6,90.9,90.9,90.6,91.0,91.0,90.5,90.8,90.0,90.5,90.7,91.1,91.9
영덕군 - 남자인구수＜br＞(A),Statistics,24609.0,23804.0,24946.0,22490.0,21913.0,21489.0,21984.0,20615.0,20284.0,19809.0,19657.0,19378.0,19136.0,19118.0,18846.0,18625.0,18607.0,18360.0,18103.0,17777.0,17197.0,16777.0,16481.0,16232.0,15902.0
영덕군 - 여자인구수＜br＞(B),Statistics,26522.0,25789.0,27656.0,24475.0,23913.0,23514.0,24476.0,22855.0,22423.0,21901.0,21720.0,21416.0,21121.0,21024.0,20740.0,20566.0,20445.0,20169.0,20005.0,19584.0,19116.0,18537.0,18169.0,17823.0,17308.0
영도구 - 남녀성비＜br＞(A÷B×100),Statistics,100.1,99.9,99.7,99.9,99.9,99.7,99.8,100.0,99.8,99.7,99.7,99.4,99.2,99.2,98.9,98.6,98.2,98.1,97.9,97.5,97.1,97.0,96.9,96.5,96.4
영도구 - 남자인구수＜br＞(A),Statistics,92275.0,89856.0,87213.0,85146.0,82972.0,81375.0,79315.0,77638.0,75991.0,73951.0,73285.0,71384.0,69619.0,67626.0,65670.0,64237.0,62596.0,61156.0,59429.0,57629.0,55846.0,54471.0,53223.0,52317.0,50912.0
영도구 - 여자인구수＜br＞(B),Statistics,92213.0,89985.0,87465.0,85209.0,83082.0,81586.0,79465.0,77635.0,76127.0,74188.0,73513.0,71821.0,70146.0,68190.0,66432.0,65148.0,63766.0,62365.0,60680.0,59082.0,57496.0,56167.0,54933.0,54231.0,52825.0
영동군 - 남녀성비＜br＞(A÷B×100),Statistics,99.2,99.4,99.3,99.5,99.5,99.7,99.6,99.5,99.6,99.8,99.3,99.4,99.5,98.7,98.9,99.4,99.8,98.7,98.4,98.5,99.0,99.3,100.1,100.4,101.5
영동군 - 남자인구수＜br＞(A),Statistics,29193.0,28513.0,27772.0,26944.0,26238.0,25863.0,25354.0,25007.0,25084.0,25183.0,25173.0,25230.0,25268.0,25102.0,25255.0,25276.0,25248.0,24960.0,24663.0,24181.0,23624.0,22810.0,22486.0,22146.0,21933.0
영동군 - 여자인구수＜br＞(B),Statistics,29434.0,28671.0,27980.0,27092.0,26359.0,25937.0,25465.0,25124.0,25192.0,25243.0,25350.0,25391.0,25395.0,25437.0,25548.0,25417.0,25304.0,25280.0,25052.0,24557.0,23851.0,22963.0,22470.0,22049.0,21618.0
영등포구 - 남녀성비＜br＞(A÷B×100),Statistics,103.1,103.3,103.0,102.8,102.3,102.2,102.0,101.9,101.7,101.4,101.7,101.3,101.1,100.7,100.3,100.2,99.9,99.7,99.3,98.5,97.8,97.4,96.7,96.2,95.7
영등포구 - 남자인구수＜br＞(A),Statistics,206354.0,206761.0,207424.0,204446.0,205393.0,206376.0,206343.0,205976.0,205732.0,204349.0,205106.0,199987.0,196765.0,193880.0,191464.0,189394.0,185200.0,183975.0,183224.0,182438.0,187647.0,185926.0,184660.0,183726.0,182802.0
영등포구 - 여자인구수＜br＞(B),Statistics,200156.0,200099.0,201329.0,198881.0,200868.0,202010.0,202355.0,202202.0,202367.0,201449.0,201727.0,197456.0,194643.0,192591.0,190888.0,189110.0,185413.0,184575.0,184554.0,185240.0,191833.0,190911.0,191015.0,191068.0,190971.0
영암군 - 남녀성비＜br＞(A÷B×100),Statistics,100.0,100.5,100.5,100.4,100.7,100.9,101.1,101.9,102.8,103.4,103.7,104.0,104.0,103.8,104.2,104.5,105.3,105.1,105.7,105.5,105.7,108.0,109.3,109.6,110.2
영암군 - 남자인구수＜br＞(A),Statistics,32633.0,32276.0,32394.0,31699.0,31284.0,31139.0,30940.0,30655.0,30462.0,30425.0,30591.0,30659.0,30580.0,30083.0,30029.0,29713.0,29253.0,28502.0,28118.0,28027.0,27595.0,27485.0,27359.0,27372.0,26939.0
영암군 - 여자인구수＜br＞(B),Statistics,32635.0,32115.0,32243.0,31568.0,31052.0,30865.0,30606.0,30087.0,29644.0,29412.0,29491.0,29480.0,29417.0,28978.0,28823.0,28424.0,27792.0,27114.0,26613.0,26566.0,26104.0,25452.0,25036.0,24978.0,24452.0
영양군 - 남녀성비＜br＞(A÷B×100),Statistics,99.2,98.4,98.2,97.6,97.1,96.8,97.1,97.2,97.2,98.0,96.9,97.0,97.1,96.7,96.7,96.8,97.1,97.3,97.5,98.2,98.0,99.6,99.7,99.4,99.3
영양군 - 남자인구수＜br＞(A),Statistics,11354.0,10998.0,10594.0,10260.0,9953.0,9851.0,9662.0,9422.0,9250.0,9183.0,9080.0,8982.0,8969.0,8996.0,8944.0,8803.0,8724.0,8618.0,8567.0,8419.0,8263.0,8144.0,7997.0,7805.0,7639.0
영양군 - 여자인구수＜br＞(B),Statistics,11451.0,11174.0,10791.0,10512.0,10252.0,10174.0,9953.0,9697.0,9516.0,9370.0,9371.0,9259.0,9239.0,9301.0,9253.0,9095.0,8989.0,8861.0,8789.0,8574.0,8429.0,8176.0,8025.0,7856.0,7689.0
영월군 - 남녀성비＜br＞(A÷B×100),Statistics,102.0,97.5,101.8,102.0,102.5,103.2,103.4,103.5,103.3,103.4,103.7,103.9,103.8,104.1,105.0,106.0,106.3,106.2,106.5,106.1,107.0,107.4,107.1,107.2,107.1
영월군 - 남자인구수＜br＞(A),Statistics,24434.0,25721.0,22833.0,22231.0,21469.0,21096.0,20594.0,20488.0,20422.0,20468.0,20574.0,20480.0,20448.0,20478.0,20581.0,20691.0,20652.0,20639.0,20493.0,20143.0,19986.0,19626.0,19509.0,19318.0,18990.0
영월군 - 여자인구수＜br＞(B),Statistics,23959.0,26380.0,22440.0,21796.0,20937.0,20442.0,19917.0,19802.0,19779.0,19797.0,19833.0,19719.0,19707.0,19672.0,19610.0,19525.0,19421.0,19428.0,19237.0,18984.0,18676.0,18278.0,18219.0,18014.0,17731.0
영주시 - 남녀성비＜br＞(A÷B×100),Statistics,100.4,100.1,100.4,100.2,100.2,100.1,99.8,99.5,99.4,99.4,99.1,98.9,98.8,99.3,99.0,98.7,98.6,98.4,98.3,98.2,98.1,98.5,98.2,98.5,98.8
영주시 - 남자인구수＜br＞(A),Statistics,65724.0,64395.0,63135.0,61968.0,60812.0,59583.0,58425.0,57397.0,56785.0,56481.0,56713.0,56759.0,56442.0,56102.0,55109.0,54518.0,54245.0,53737.0,52941.0,52060.0,51070.0,50591.0,49920.0,49730.0,49141.0
영주시 - 여자인구수＜br＞(B),Statistics,65451.0,64312.0,62905.0,61838.0,60701.0,59515.0,58540.0,57686.0,57145.0,56828.0,57213.0,57389.0,57105.0,56523.0,55671.0,55217.0,55002.0,54634.0,53860.0,53007.0,52049.0,51351.0,50829.0,50469.0,49729.0
영천시 - 남녀성비＜br＞(A÷B×100),Statistics,100.1,100.2,100.4,100.2,100.2,100.1,100.3,99.9,100.3,101.0,101.2,101.8,101.7,101.4,101.1,101.3,101.5,102.2,102.6,103.4,103.2,103.2,103.5,104.2,104.8
영천시 - 남자인구수＜br＞(A),Statistics,59849.0,59047.0,57803.0,56266.0,54818.0,53683.0,52584.0,52896.0,52090.0,51813.0,51895.0,52547.0,51337.0,50743.0,50619.0,50641.0,50644.0,50857.0,51453.0,52100.0,51812.0,51737.0,51406.0,51137.0,50226.0
영천시 - 여자인구수＜br＞(B),Statistics,59790.0,58944.0,57598.0,56157.0,54702.0,53654.0,52445.0,52923.0,51932.0,51302.0,51295.0,51635.0,50461.0,50035.0,50070.0,50007.0,49877.0,49758.0,50142.0,50370.0,50203.0,50151.0,49682.0,49075.0,47917.0
예산군 - 남녀성비＜br＞(A÷B×100),Statistics,100.2,100.1,100.2,100.3,100.6,100.6,100.7,101.0,100.8,100.9,100.8,100.6,100.4,100.3,100.2,100.6,100.8,100.6,100.6,100.9,100.6,100.9,100.8,100.6,100.7
예산군 - 남자인구수＜br＞(A),Statistics,50762.0,50175.0,48935.0,47586.0,46043.0,45503.0,44949.0,44560.0,44239.0,43783.0,43675.0,43335.0,43033.0,42660.0,42506.0,41870.0,40827.0,40280.0,40171.0,39806.0,39156.0,38574.0,38848.0,39285.0,39533.0
예산군 - 여자인구수＜br＞(B),Statistics,50670.0,50114.0,48851.0,47443.0,45789.0,45237.0,44636.0,44110.0,43905.0,43380.0,43327.0,43086.0,42843.0,42545.0,42413.0,41614.0,40512.0,40058.0,39912.0,39432.0,38928.0,38227.0,38537.0,39069.0,39239.0
예천군 - 남녀성비＜br＞(A÷B×100),Statistics,98.1,97.9,97.4,97.4,97.2,97.0,97.7,98.2,98.2,98.1,97.7,97.0,96.8,96.6,96.5,96.1,96.4,97.0,96.6,96.3,96.8,96.6,96.6,96.9,97.3
예천군 - 남자인구수＜br＞(A),Statistics,29648.0,28729.0,27504.0,26466.0,25696.0,25084.0,24811.0,24209.0,23780.0,23427.0,23246.0,22938.0,22640.0,22395.0,22145.0,21895.0,22663.0,24246.0,26170.0,27032.0,27352.0,27391.0,27400.0,27224.0,26929.0
예천군 - 여자인구수＜br＞(B),Statistics,30237.0,29352.0,28242.0,27183.0,26436.0,25867.0,25407.0,24657.0,24213.0,23879.0,23803.0,23641.0,23387.0,23178.0,22959.0,22779.0,23503.0,25007.0,27104.0,28068.0,28261.0,28348.0,28355.0,28101.0,27680.0
오산시 - 남녀성비＜br＞(A÷B×100),Statistics,102.7,102.6,102.7,103.1,103.4,103.6,103.5,103.9,104.1,104.4,104.0,104.3,104.6,104.8,105.0,105.1,105.4,105.6,106.0,106.8,107.1,108.0,108.6,108.9,108.9
오산시 - 남자인구수＜br＞(A),Statistics,53678.0,58005.0,58761.0,59976.0,61679.0,66060.0,69321.0,74319.0,76628.0,81570.0,93054.0,98983.0,102396.0,105145.0,106843.0,105966.0,107056.0,109620.0,113237.0,116904.0,118785.0,119409.0,119646.0,119722.0,126193.0
오산시 - 여자인구수＜br＞(B),Statistics,52255.0,56535.0,57195.0,58191.0,59647.0,63783.0,66990.0,71506.0,73609.0,78164.0,89462.0,94909.0,97895.0,100315.0,101722.0,100862.0,101600.0,103817.0,106833.0,109475.0,110940.0,110574.0,110203.0,109934.0,115872.0
옥천군 - 남녀성비＜br＞(A÷B×100),Statistics,101.1,101.5,101.6,101.5,101.9,102.0,101.7,101.8,101.7,101.5,101.2,101.6,101.2,101.3,101.0,101.0,100.9,101.3,101.4,101.5,101.8,101.6,101.7,102.3,102.4
옥천군 - 남자인구수＜br＞(A),Statistics,30571.0,29975.0,29457.0,28970.0,28579.0,28083.0,27695.0,27554.0,27468.0,27256.0,27174.0,26965.0,26784.0,26557.0,26369.0,26334.0,26251.0,26049.0,25911.0,25707.0,25489.0,25242.0,24974.0,24718.0,24384.0
옥천군 - 여자인구수＜br＞(B),Statistics,30227.0,29540.0,29004.0,28535.0,28055.0,27527.0,27228.0,27054.0,27007.0,26861.0,26851.0,26531.0,26460.0,26206.0,26100.0,26070.0,26016.0,25717.0,25554.0,25316.0,25038.0,24851.0,24546.0,24173.0,23820.0
옹진군 - 남녀성비＜br＞(A÷B×100),Statistics,103.6,104.2,104.5,105.4,106.7,107.3,110.5,112.9,114.6,115.7,117.0,120.3,126.7,129.8,127.3,130.8,132.2,130.8,131.0,131.4,132.1,132.6,133.0,133.3,131.4
옹진군 - 남자인구수＜br＞(A),Statistics,7129.0,7169.0,7214.0,7321.0,7651.0,8079.0,8657.0,9006.0,9278.0,9772.0,10104.0,10641.0,11200.0,11691.0,11594.0,11878.0,12155.0,12225.0,11928.0,11678.0,11641.0,11598.0,11768.0,11643.0,11353.0
옹진군 - 여자인구수＜br＞(B),Statistics,6879.0,6881.0,6906.0,6949.0,7169.0,7530.0,7834.0,7974.0,8098.0,8449.0,8635.0,8844.0,8839.0,9007.0,9109.0,9084.0,9196.0,9348.0,9108.0,8888.0,8814.0,8744.0,8845.0,8734.0,8643.0
완도군 - 남녀성비＜br＞(A÷B×100),Statistics,99.6,99.2,98.4,99.0,99.2,99.3,99.1,99.0,98.6,98.3,98.5,98.4,98.9,98.9,99.0,99.4,99.6,100.3,100.7,100.9,101.1,101.3,101.9,101.9,102.3
완도군 - 남자인구수＜br＞(A),Statistics,33417.0,32561.0,31224.0,30422.0,29860.0,29315.0,28608.0,27965.0,27312.0,26916.0,26927.0,26799.0,26782.0,26662.0,26453.0,26430.0,26285.0,26092.0,25822.0,25457.0,25099.0,24475.0,24017.0,23545.0,23072.0
완도군 - 여자인구수＜br＞(B),Statistics,33561.0,32836.0,31740.0,30723.0,30090.0,29526.0,28856.0,28236.0,27687.0,27385.0,27342.0,27238.0,27089.0,26957.0,26721.0,26584.0,26383.0,26017.0,25655.0,25232.0,24817.0,24156.0,23580.0,23096.0,22559.0
완주군 - 남녀성비＜br＞(A÷B×100),Statistics,105.1,104.2,104.9,104.9,105.4,106.3,106.7,106.8,106.8,106.2,105.9,105.1,105.2,105.4,105.6,105.3,105.2,105.5,105.4,105.3,105.7,105.8,105.9,105.4,105.5
완주군 - 남자인구수＜br＞(A),Statistics,43039.0,44259.0,43319.0,42831.0,42323.0,43102.0,42953.0,42857.0,43257.0,43210.0,43775.0,43389.0,44165.0,44635.0,46425.0,48889.0,48950.0,49282.0,48457.0,47290.0,47077.0,46845.0,47529.0,50192.0,50965.0
완주군 - 여자인구수＜br＞(B),Statistics,40970.0,42460.0,41307.0,40818.0,40159.0,40549.0,40246.0,40115.0,40500.0,40675.0,41344.0,41271.0,41999.0,42343.0,43952.0,46414.0,46530.0,46693.0,45987.0,44930.0,44532.0,44297.0,44893.0,47635.0,48314.0
용산구 - 남녀성비＜br＞(A÷B×100),Statistics,98.2,98.2,98.2,97.7,97.4,96.6,96.6,96.6,96.2,96.1,95.3,95.1,94.9,94.5,94.4,94.2,94.1,93.7,93.5,93.3,92.8,92.6,92.5,92.3,91.6
용산구 - 남자인구수＜br＞(A),Statistics,118935.0,119405.0,116242.0,114602.0,113512.0,113158.0,114041.0,115865.0,116781.0,116954.0,119482.0,120183.0,118461.0,116491.0,114578.0,113177.0,111601.0,110878.0,110640.0,110356.0,110722.0,107210.0,105087.0,102312.0,97469.0
용산구 - 여자인구수＜br＞(B),Statistics,121152.0,121628.0,118411.0,117269.0,116595.0,117102.0,117994.0,119967.0,121443.0,121754.0,125371.0,126318.0,124771.0,123249.0,121373.0,120165.0,118640.0,118283.0,118359.0,118314.0,119318.0,115743.0,113563.0,110839.0,106385.0
용인시 - 남녀성비＜br＞(A÷B×100),Statistics,103.0,102.7,101.7,101.2,100.6,100.2,99.6,99.5,99.3,99.0,99.1,99.0,98.9,98.8,98.9,98.7,98.7,98.8,98.7,98.6,98.4,98.4,98.5,98.4,98.2
용인시 - 남자인구수＜br＞(A),Statistics,198979.0,228829.0,265005.0,289323.0,321133.0,347191.0,382538.0,399180.0,407046.0,417548.0,436342.0,445667.0,455451.0,467945.0,477759.0,484727.0,492374.0,498923.0,514127.0,525946.0,532847.0,534459.0,533323.0,533387.0,538049.0
용인시 - 여자인구수＜br＞(B),Statistics,193154.0,222841.0,260617.0,285932.0,319319.0,346469.0,384031.0,401114.0,409717.0,421656.0,440208.0,450377.0,460508.0,473532.0,483267.0,491019.0,498752.0,505158.0,520999.0,533663.0,541329.0,543049.0,541648.0,542179.0,547815.0
울릉군 - 남녀성비＜br＞(A÷B×100),Statistics,106.1,105.4,105.1,106.7,107.9,109.7,110.2,109.1,108.3,109.3,110.7,110.3,112.1,112.6,114.4,115.2,118.8,120.0,118.3,119.2,120.3,120.8,123.8,124.5,128.7
울릉군 - 남자인구수＜br＞(A),Statistics,5272.0,5103.0,4928.0,4772.0,4771.0,4990.0,5365.0,5282.0,5286.0,5393.0,5622.0,5634.0,5641.0,5573.0,5477.0,5435.0,5430.0,5441.0,5328.0,5230.0,4956.0,4851.0,4976.0,5033.0,5121.0
울릉군 - 여자인구수＜br＞(B),Statistics,4969.0,4841.0,4687.0,4473.0,4420.0,4548.0,4870.0,4843.0,4882.0,4932.0,5079.0,5108.0,5032.0,4951.0,4787.0,4718.0,4571.0,4534.0,4504.0,4387.0,4121.0,4016.0,4020.0,4044.0,3978.0
울산광역시 - 남녀성비＜br＞(A÷B×100),Statistics,105.3,105.5,105.5,105.6,105.7,105.7,105.8,106.0,106.2,106.0,105.8,105.8,106.0,106.1,106.3,106.4,106.2,106.0,105.7,105.6,105.7,105.7,105.6,105.7,106.0
울산광역시 - 남자인구수＜br＞(A),Statistics,533559.0,541907.0,546847.0,551084.0,555660.0,558866.0,561611.0,565897.0,572815.0,573607.0,579071.0,583825.0,590424.0,595319.0,600904.0,604889.0,603797.0,599480.0,593819.0,589712.0,583708.0,576217.0,570368.0,567153.0,564888.0
울산광역시 - 여자인구수＜br＞(B),Statistics,506666.0,513711.0,518190.0,521783.0,525793.0,528782.0,530883.0,534098.0,539592.0,541259.0,547227.0,551669.0,556832.0,561161.0,565473.0,568645.0,568507.0,565652.0,561804.0,558307.0,552309.0,545375.0,540295.0,536508.0,533161.0
울주군 - 남녀성비＜br＞(A÷B×100),Statistics,103.8,103.8,104.4,104.6,104.5,104.6,104.8,104.9,105.1,105.4,105.7,106.0,106.1,106.1,106.0,106.1,106.1,106.5,106.7,106.6,106.8,106.9,107.2,107.3,107.5
울주군 - 남자인구수＜br＞(A),Statistics,83934.0,86735.0,87486.0,88861.0,89102.0,89148.0,90638.0,93811.0,98249.0,100289.0,103304.0,105343.0,107001.0,107413.0,110330.0,112947.0,112895.0,113851.0,114514.0,115145.0,114918.0,114744.0,114582.0,113351.0,113337.0
울주군 - 여자인구수＜br＞(B),Statistics,80827.0,83530.0,83835.0,84982.0,85248.0,85205.0,86465.0,89450.0,93438.0,95110.0,97696.0,99337.0,100839.0,101233.0,104062.0,106482.0,106360.0,106867.0,107328.0,108022.0,107620.0,107315.0,106930.0,105646.0,105469.0
울진군 - 남녀성비＜br＞(A÷B×100),Statistics,98.6,98.4,98.3,97.9,97.2,96.9,96.8,97.1,96.9,96.9,96.7,96.1,96.8,97.5,98.3,99.0,99.8,99.8,99.7,100.0,100.7,100.8,101.5,101.9,102.9
울진군 - 남자인구수＜br＞(A),Statistics,32912.0,32586.0,31486.0,30190.0,28881.0,27903.0,27090.0,26584.0,26110.0,25857.0,25778.0,25504.0,25507.0,25642.0,25825.0,25813.0,25847.0,25463.0,24983.0,24658.0,24441.0,24026.0,23687.0,23553.0,23392.0
울진군 - 여자인구수＜br＞(B),Statistics,33386.0,33102.0,32025.0,30841.0,29709.0,28804.0,27986.0,27371.0,26932.0,26672.0,26652.0,26541.0,26337.0,26311.0,26279.0,26072.0,25891.0,25511.0,25053.0,24656.0,24275.0,23832.0,23343.0,23116.0,22732.0
원주시 - 남녀성비＜br＞(A÷B×100),Statistics,99.8,99.8,99.7,99.5,99.4,99.5,99.5,99.6,99.5,99.4,99.2,99.1,99.0,99.0,98.9,98.9,98.7,98.9,98.9,98.7,98.6,98.4,98.3,98.2,98.0
원주시 - 남자인구수＜br＞(A),Statistics,134837.0,136976.0,138224.0,140036.0,141859.0,143833.0,146694.0,149066.0,151626.0,153495.0,156741.0,159522.0,161117.0,161588.0,162734.0,165547.0,167854.0,169742.0,171048.0,173425.0,175939.0,177396.0,178880.0,179115.0,179228.0
원주시 - 여자인구수＜br＞(B),Statistics,135172.0,137290.0,138665.0,140702.0,142769.0,144621.0,147461.0,149696.0,152349.0,154387.0,157937.0,161014.0,162768.0,163249.0,164558.0,167448.0,170125.0,171595.0,173022.0,175790.0,178437.0,180361.0,181927.0,182388.0,182936.0
유성구 - 남녀성비＜br＞(A÷B×100),Statistics,103.4,103.4,103.0,102.8,102.8,102.3,102.3,102.0,101.9,101.8,101.9,101.7,102.0,102.0,101.9,101.7,101.7,101.8,101.7,102.0,102.0,102.1,102.4,102.6,102.6
유성구 - 남자인구수＜br＞(A),Statistics,80122.0,87283.0,95055.0,98340.0,103166.0,111634.0,122922.0,126492.0,131143.0,134497.0,142156.0,148403.0,154669.0,158541.0,165264.0,169079.0,173072.0,175744.0,176412.0,176415.0,177240.0,177463.0,180166.0,185786.0,187149.0
유성구 - 여자인구수＜br＞(B),Statistics,77516.0,84449.0,92291.0,95634.0,100312.0,109133.0,120208.0,124031.0,128688.0,132088.0,139536.0,145950.0,151643.0,155427.0,162197.0,166233.0,170150.0,172684.0,173378.0,172958.0,173807.0,173814.0,175927.0,181059.0,182319.0
은평구 - 남녀성비＜br＞(A÷B×100),Statistics,98.9,99.1,99.0,98.8,98.5,98.4,98.2,98.0,97.8,97.3,97.2,96.8,96.5,96.1,95.8,95.3,94.8,94.4,93.7,93.2,92.3,91.7,91.2,90.5,89.9
은평구 - 남자인구수＜br＞(A),Statistics,233400.0,232828.0,233910.0,235970.0,237265.0,233418.0,230143.0,227286.0,226636.0,229728.0,240536.0,242779.0,246318.0,246858.0,243977.0,242975.0,239183.0,236353.0,233702.0,231528.0,230279.0,226458.0,222592.0,221725.0,218214.0
은평구 - 여자인구수＜br＞(B),Statistics,236017.0,234891.0,236295.0,238808.0,240822.0,237333.0,234437.0,231910.0,231765.0,236167.0,247573.0,250855.0,255162.0,256802.0,254667.0,254945.0,252293.0,250441.0,249495.0,248504.0,249556.0,246849.0,244154.0,245045.0,242705.0
음성군 - 남녀성비＜br＞(A÷B×100),Statistics,105.0,105.6,106.0,106.6,107.4,107.6,107.8,108.4,108.7,109.6,110.3,110.1,110.2,110.1,109.9,110.7,110.7,110.8,111.6,112.4,112.8,112.9,113.1,113.4,114.1
음성군 - 남자인구수＜br＞(A),Statistics,45045.0,44840.0,44546.0,44259.0,44340.0,44561.0,45029.0,45962.0,46643.0,46903.0,47768.0,48030.0,48743.0,48991.0,49919.0,50648.0,51372.0,51156.0,50546.0,50264.0,49388.0,48883.0,48849.0,48454.0,48618.0
음성군 - 여자인구수＜br＞(B),Statistics,42911.0,42449.0,42016.0,41512.0,41298.0,41408.0,41760.0,42393.0,42899.0,42813.0,43325.0,43614.0,44237.0,44514.0,45405.0,45748.0,46415.0,46150.0,45284.0,44718.0,43765.0,43314.0,43209.0,42729.0,42618.0
의령군 - 남녀성비＜br＞(A÷B×100),Statistics,91.7,91.7,91.9,91.7,91.7,92.1,91.9,92.2,92.1,92.3,92.4,92.7,92.6,93.2,93.1,92.3,93.2,93.8,94.2,95.1,96.2,97.1,97.9,98.9,99.5
의령군 - 남자인구수＜br＞(A),Statistics,16495.0,16023.0,15684.0,15676.0,15487.0,14912.0,15147.0,15071.0,14734.0,14635.0,14486.0,14452.0,14582.0,14193.0,14081.0,13700.0,13562.0,13478.0,13418.0,13242.0,13140.0,12966.0,12893.0,12668.0,12546.0
의령군 - 여자인구수＜br＞(B),Statistics,17995.0,17471.0,17067.0,17090.0,16884.0,16187.0,16478.0,16347.0,16000.0,15861.0,15676.0,15593.0,15747.0,15224.0,15128.0,14844.0,14549.0,14371.0,14249.0,13926.0,13660.0,13356.0,13168.0,12807.0,12604.0
의성군 - 남녀성비＜br＞(A÷B×100),Statistics,98.0,97.9,97.5,97.3,97.1,97.2,96.8,97.1,97.2,97.0,96.5,96.3,95.9,95.6,95.2,95.2,95.1,95.4,95.3,95.7,95.5,96.0,97.0,98.1,99.2
의성군 - 남자인구수＜br＞(A),Statistics,37776.0,36542.0,34989.0,33726.0,32583.0,31766.0,30957.0,30225.0,29591.0,29102.0,28885.0,28329.0,27932.0,27399.0,26922.0,26575.0,26334.0,26102.0,25838.0,25720.0,25265.0,24796.0,24709.0,24808.0,24244.0
의성군 - 여자인구수＜br＞(B),Statistics,38551.0,37330.0,35874.0,34646.0,33541.0,32691.0,31990.0,31141.0,30442.0,30007.0,29947.0,29415.0,29111.0,28665.0,28290.0,27902.0,27680.0,27372.0,27106.0,26875.0,26459.0,25836.0,25477.0,25278.0,24446.0
의왕시 - 남녀성비＜br＞(A÷B×100),Statistics,103.2,102.6,101.8,101.8,101.5,101.3,101.6,101.6,101.5,101.3,101.3,100.5,100.3,100.1,100.0,99.8,99.8,99.6,99.7,99.4,99.0,98.7,98.3,98.5,98.1
의왕시 - 남자인구수＜br＞(A),Statistics,61615.0,62892.0,67301.0,72321.0,73296.0,73448.0,69667.0,68031.0,67757.0,70878.0,74185.0,75003.0,77506.0,79919.0,79245.0,78794.0,78304.0,77736.0,76834.0,80353.0,81470.0,81148.0,79417.0,78829.0,76489.0
의왕시 - 여자인구수＜br＞(B),Statistics,59677.0,61299.0,66094.0,71067.0,72239.0,72504.0,68586.0,66978.0,66731.0,69996.0,73258.0,74604.0,77251.0,79853.0,79237.0,78946.0,78459.0,78031.0,77098.0,80800.0,82325.0,82208.0,80804.0,80041.0,77999.0
의정부시 - 남녀성비＜br＞(A÷B×100),Statistics,99.8,99.8,99.5,99.1,98.9,98.7,98.7,98.5,98.3,98.2,98.1,98.0,98.0,97.8,97.6,97.7,97.5,97.5,97.2,97.1,97.0,97.2,96.8,96.7,96.4
의정부시 - 남자인구수＜br＞(A),Statistics,180341.0,183398.0,188754.0,196534.0,197664.0,199896.0,204114.0,209353.0,213550.0,213596.0,213839.0,213071.0,212373.0,213109.0,212947.0,214396.0,216400.0,217944.0,220360.0,222590.0,227342.0,228538.0,228107.0,228163.0,226449.0
의정부시 - 여자인구수＜br＞(B),Statistics,180790.0,183773.0,189670.0,198269.0,199948.0,202514.0,206824.0,212500.0,217299.0,217412.0,217962.0,217329.0,216774.0,217867.0,218165.0,219541.0,222057.0,223640.0,226666.0,229278.0,234368.0,235123.0,235617.0,236050.0,234822.0
이천시 - 남녀성비＜br＞(A÷B×100),Statistics,102.4,102.2,102.3,101.4,101.6,102.4,103.0,103.0,102.9,102.6,102.7,102.6,102.8,103.0,103.0,103.2,103.6,104.3,105.3,106.4,107.1,107.7,108.5,108.6,109.1
이천시 - 남자인구수＜br＞(A),Statistics,92885.0,94665.0,95825.0,96041.0,96154.0,97268.0,98605.0,99291.0,99731.0,100018.0,102648.0,103617.0,103896.0,104253.0,104008.0,104066.0,107044.0,108815.0,109878.0,111244.0,112947.0,115727.0,115925.0,115622.0,116044.0
이천시 - 여자인구수＜br＞(B),Statistics,90720.0,92609.0,93701.0,94712.0,94654.0,95003.0,95764.0,96400.0,96902.0,97478.0,99947.0,100949.0,101021.0,101226.0,101006.0,100869.0,103315.0,104327.0,104328.0,104590.0,105441.0,107450.0,106796.0,106476.0,106399.0
익산시 - 남녀성비＜br＞(A÷B×100),Statistics,99.3,99.4,99.4,99.6,99.7,99.7,100.0,99.8,100.0,100.0,100.0,100.2,100.0,100.0,99.7,99.5,99.3,99.3,99.3,99.3,99.2,99.1,99.2,99.1,99.2
익산시 - 남자인구수＜br＞(A),Statistics,166602.0,166837.0,164595.0,162290.0,160934.0,159043.0,157548.0,156648.0,154648.0,153348.0,153673.0,155042.0,153203.0,153261.0,151864.0,150621.0,149740.0,149587.0,146494.0,143392.0,140573.0,138427.0,136330.0,134381.0,133433.0
익산시 - 여자인구수＜br＞(B),Statistics,167722.0,167920.0,165506.0,162948.0,161444.0,159463.0,157546.0,156942.0,154621.0,153321.0,153616.0,154762.0,153266.0,153278.0,152253.0,151440.0,150739.0,150600.0,147568.0,144379.0,141703.0,139686.0,137367.0,135655.0,134568.0
인제군 - 남녀성비＜br＞(A÷B×100),Statistics,106.1,105.3,106.0,107.6,108.0,109.4,109.5,110.4,109.8,108.7,110.5,113.8,115.3,114.3,113.8,118.3,117.5,117.2,117.3,118.0,116.9,118.8,119.4,119.3,119.9
인제군 - 남자인구수＜br＞(A),Statistics,17308.0,16976.0,16697.0,16635.0,16843.0,17144.0,16984.0,16829.0,16545.0,16382.0,16717.0,17014.0,17379.0,17345.0,17287.0,18020.0,17677.0,17579.0,17349.0,17143.0,17084.0,17461.0,17529.0,17422.0,17194.0
인제군 - 여자인구수＜br＞(B),Statistics,16310.0,16116.0,15750.0,15457.0,15600.0,15667.0,15509.0,15250.0,15075.0,15070.0,15125.0,14956.0,15077.0,15172.0,15188.0,15235.0,15043.0,15003.0,14787.0,14529.0,14610.0,14704.0,14677.0,14598.0,14341.0
인천광역시 - 남녀성비＜br＞(A÷B×100),Statistics,101.9,101.9,102.0,101.9,101.7,101.6,101.7,101.6,101.5,101.4,101.6,101.5,101.4,101.3,101.1,101.0,100.8,100.7,100.6,100.5,100.3,100.3,100.2,100.0,99.8
인천광역시 - 남자인구수＜br＞(A),Statistics,1284769.0,1294400.0,1301499.0,1296989.0,1300343.0,1310759.0,1323375.0,1342975.0,1356473.0,1364809.0,1390356.0,1410980.0,1431593.0,1448835.0,1459074.0,1469869.0,1477671.0,1479597.0,1481844.0,1482249.0,1473943.0,1476373.0,1485175.0,1499016.0,1509243.0
인천광역시 - 여자인구수＜br＞(B),Statistics,1261000.0,1270198.0,1276490.0,1273205.0,1278474.0,1289736.0,1301016.0,1321601.0,1336223.0,1345770.0,1367940.0,1390294.0,1412388.0,1430947.0,1443534.0,1455946.0,1465398.0,1468945.0,1472798.0,1474777.0,1468885.0,1472002.0,1482139.0,1498394.0,1511767.0
임실군 - 남녀성비＜br＞(A÷B×100),Statistics,101.2,100.3,101.1,100.5,101.2,102.2,102.5,101.7,102.5,102.1,102.5,103.3,102.5,102.1,102.9,103.1,103.9,104.2,103.4,102.9,104.6,105.0,105.1,106.0,106.7
임실군 - 남자인구수＜br＞(A),Statistics,18868.0,18746.0,17634.0,17183.0,16602.0,16436.0,16186.0,16108.0,15755.0,15514.0,15488.0,15643.0,15161.0,15027.0,15197.0,15368.0,15387.0,15391.0,15288.0,14659.0,13966.0,13692.0,13586.0,13354.0,13202.0
임실군 - 여자인구수＜br＞(B),Statistics,18646.0,18693.0,17437.0,17100.0,16406.0,16075.0,15790.0,15844.0,15378.0,15189.0,15105.0,15146.0,14795.0,14712.0,14769.0,14903.0,14810.0,14771.0,14784.0,14243.0,13348.0,13038.0,12922.0,12602.0,12375.0
장성군 - 남녀성비＜br＞(A÷B×100),Statistics,100.6,100.7,101.1,101.2,101.8,102.4,102.8,103.5,104.0,104.2,103.5,103.7,102.9,102.1,101.8,101.9,102.0,102.1,102.7,105.6,105.1,104.9,105.6,106.0,105.2
장성군 - 남자인구수＜br＞(A),Statistics,28074.0,27439.0,26416.0,25899.0,25320.0,24878.0,24265.0,24111.0,23760.0,23577.0,23659.0,23543.0,23472.0,23385.0,23345.0,23394.0,23275.0,23300.0,23205.0,23489.0,22781.0,22206.0,22162.0,21892.0,21548.0
장성군 - 여자인구수＜br＞(B),Statistics,27912.0,27248.0,26126.0,25594.0,24880.0,24287.0,23605.0,23299.0,22842.0,22637.0,22855.0,22702.0,22817.0,22907.0,22928.0,22966.0,22829.0,22811.0,22590.0,22250.0,21683.0,21159.0,20984.0,20651.0,20478.0
장수군 - 남녀성비＜br＞(A÷B×100),Statistics,97.7,95.6,99.2,95.4,97.9,100.0,100.6,98.5,100.0,99.9,99.3,98.7,98.7,98.5,98.1,98.0,97.8,98.4,98.7,99.0,99.2,99.3,100.9,100.8,100.8
장수군 - 남자인구수＜br＞(A),Statistics,14847.0,14884.0,13123.0,14379.0,13250.0,12380.0,12139.0,13244.0,11931.0,11735.0,11653.0,11534.0,11522.0,11535.0,11558.0,11521.0,11681.0,11410.0,11533.0,11165.0,11000.0,10812.0,10718.0,10535.0,10372.0
장수군 - 여자인구수＜br＞(B),Statistics,15204.0,15561.0,13226.0,15066.0,13538.0,12375.0,12070.0,13443.0,11933.0,11743.0,11733.0,11681.0,11669.0,11708.0,11777.0,11756.0,11947.0,11593.0,11688.0,11276.0,11085.0,10883.0,10618.0,10448.0,10291.0
장흥군 - 남녀성비＜br＞(A÷B×100),Statistics,94.9,94.4,93.2,92.8,93.0,92.8,93.0,93.0,93.2,93.4,93.7,93.7,94.2,94.3,94.3,94.1,93.7,94.5,94.4,94.0,94.7,94.8,95.4,95.5,96.0
장흥군 - 남자인구수＜br＞(A),Statistics,26001.0,25124.0,24232.0,23023.0,22436.0,21923.0,21421.0,20948.0,20641.0,20329.0,20509.0,20582.0,20697.0,20870.0,20961.0,21091.0,19670.0,19499.0,19085.0,18690.0,18381.0,17785.0,17402.0,17121.0,16876.0
장흥군 - 여자인구수＜br＞(B),Statistics,27391.0,26614.0,26000.0,24814.0,24132.0,23619.0,23030.0,22520.0,22142.0,21768.0,21885.0,21970.0,21975.0,22134.0,22229.0,22422.0,20999.0,20637.0,20227.0,19873.0,19419.0,18762.0,18248.0,17925.0,17575.0
전국 - 남녀성비＜br＞(A÷B×100),Statistics,100.8,100.8,100.7,100.6,100.6,100.5,100.5,100.5,100.4,100.3,100.4,100.3,100.2,100.1,100.0,99.9,99.8,99.7,99.6,99.5,99.4,99.4,99.4,99.2,99.1
전국 - 남자인구수＜br＞(A),Statistics,23962088.0,24102463.0,24200192.0,24270143.0,24363083.0,24456234.0,24557004.0,24691249.0,24822897.0,24929939.0,25310385.0,25406934.0,25504060.0,25588336.0,25669296.0,25758186.0,25827594.0,25855919.0,25866129.0,25864816.0,25841029.0,25746684.0,25636951.0,25565736.0,25498324.0
전국 - 여자인구수＜br＞(B),Statistics,23770470.0,23919080.0,24029756.0,24116680.0,24220722.0,24326040.0,24434775.0,24577679.0,24717470.0,24843206.0,25205281.0,25327350.0,25444212.0,25553127.0,25658620.0,25771152.0,25868622.0,25922625.0,25959930.0,25985045.0,25987994.0,25892125.0,25802087.0,25759593.0,25718897.0
전라남도 - 남녀성비＜br＞(A÷B×100),Statistics,99.4,99.3,99.1,99.1,99.2,99.3,99.5,99.7,99.8,99.9,99.9,99.9,99.9,99.8,99.8,99.9,100.0,100.0,100.3,100.7,101.1,101.3,101.4,101.7,101.8
전라남도 - 남자인구수＜br＞(A),Statistics,1061959.0,1045903.0,1022322.0,1004190.0,989227.0,980392.0,968861.0,963411.0,958491.0,955954.0,958624.0,956747.0,954354.0,952597.0,951975.0,953881.0,951889.0,948290.0,943000.0,937674.0,930615.0,922221.0,915272.0,909548.0,902380.0
전라남도 - 여자인구수＜br＞(B),Statistics,1068655.0,1053405.0,1031882.0,1013540.0,996965.0,986813.0,974064.0,966425.0,960509.0,957050.0,959861.0,957592.0,955264.0,954575.0,953805.0,955115.0,952025.0,948134.0,939970.0,931071.0,920934.0,910582.0,902425.0,894669.0,886439.0
전북특별자치도 - 남녀성비＜br＞(A÷B×100),Statistics,98.9,98.5,98.9,98.6,99.0,99.2,99.2,99.2,99.3,99.4,99.4,99.4,99.3,99.2,99.1,99.0,99.0,98.9,98.9,98.8,98.9,99.0,99.1,99.1,99.2
전북특별자치도 - 남자인구수＜br＞(A),Statistics,993967.0,995701.0,971729.0,970289.0,948697.0,938746.0,930450.0,927367.0,924770.0,924480.0,931481.0,934002.0,933386.0,932894.0,931536.0,930255.0,927505.0,922307.0,913297.0,904110.0,896874.0,888994.0,880592.0,873419.0,866030.0
전북특별자치도 - 여자인구수＜br＞(B),Statistics,1005288.0,1010753.0,982117.0,984141.0,958045.0,946589.0,937915.0,934910.0,931002.0,930028.0,937482.0,940029.0,939955.0,940071.0,940024.0,939456.0,937286.0,932300.0,923535.0,914807.0,907230.0,897861.0,889015.0,881338.0,872660.0
전주시 - 남녀성비＜br＞(A÷B×100),Statistics,97.8,97.7,97.6,97.8,97.6,97.6,97.4,97.5,97.3,97.5,97.5,97.6,97.6,97.5,97.2,97.2,97.1,96.9,97.0,97.0,96.9,96.9,96.7,96.5,96.4
전주시 - 남자인구수＜br＞(A),Statistics,306763.0,307457.0,308529.0,305979.0,307510.0,307062.0,308267.0,307969.0,311493.0,313479.0,316749.0,318945.0,320457.0,320998.0,321874.0,321515.0,321048.0,319442.0,320576.0,322236.0,323542.0,323427.0,320265.0,315709.0,312053.0
전주시 - 여자인구수＜br＞(B),Statistics,313758.0,314826.0,315956.0,312840.0,314962.0,314687.0,316582.0,315957.0,320039.0,321528.0,324776.0,326949.0,328406.0,329084.0,331003.0,330767.0,330696.0,329522.0,330515.0,332158.0,333890.0,333842.0,331230.0,327018.0,323598.0
정선군 - 남녀성비＜br＞(A÷B×100),Statistics,106.9,106.7,103.8,107.0,106.4,106.7,107.4,107.2,107.7,107.9,107.7,107.5,107.6,107.1,107.1,106.9,106.6,107.2,108.2,108.1,108.4,108.5,109.6,109.1,108.9
정선군 - 남자인구수＜br＞(A),Statistics,26129.0,25320.0,26087.0,23894.0,23409.0,22816.0,22361.0,21634.0,21403.0,21123.0,21286.0,20815.0,20686.0,20675.0,20387.0,20253.0,19975.0,19748.0,19595.0,19360.0,19174.0,18565.0,18264.0,17844.0,17475.0
정선군 - 여자인구수＜br＞(B),Statistics,24443.0,23728.0,25139.0,22331.0,22010.0,21387.0,20825.0,20172.0,19866.0,19585.0,19759.0,19366.0,19229.0,19310.0,19038.0,18944.0,18743.0,18425.0,18105.0,17911.0,17696.0,17110.0,16667.0,16358.0,16040.0
정읍시 - 남녀성비＜br＞(A÷B×100),Statistics,95.9,95.7,97.0,93.9,97.2,97.5,97.9,98.0,97.7,97.8,98.0,98.0,98.0,97.8,97.7,97.8,98.0,98.2,98.0,98.1,98.3,98.7,99.0,99.3,99.7
정읍시 - 남자인구수＜br＞(A),Statistics,74401.0,74225.0,68522.0,75220.0,65218.0,63695.0,62449.0,61489.0,60711.0,60094.0,60396.0,59639.0,59092.0,58508.0,57922.0,57335.0,57008.0,56365.0,55529.0,54736.0,53791.0,52892.0,52272.0,51624.0,50997.0
정읍시 - 여자인구수＜br＞(B),Statistics,77621.0,77588.0,70611.0,80099.0,67067.0,65355.0,63800.0,62750.0,62131.0,61451.0,61604.0,60827.0,60300.0,59820.0,59261.0,58642.0,58165.0,57411.0,56640.0,55805.0,54717.0,53595.0,52809.0,51996.0,51130.0
제주시 - 남녀성비＜br＞(A÷B×100),Statistics,97.2,97.4,97.7,97.6,97.9,98.4,99.2,99.2,99.4,99.5,99.5,99.5,99.8,100.0,100.1,100.2,100.5,100.9,100.8,100.7,100.3,100.0,99.8,99.8,99.6
제주시 - 남자인구수＜br＞(A),Statistics,137306.0,140378.0,143260.0,144312.0,146473.0,150534.0,200973.0,201884.0,203107.0,204689.0,208215.0,210873.0,214588.0,219029.0,224581.0,230223.0,235977.0,240465.0,243974.0,245533.0,246588.0,246494.0,246504.0,245561.0,243675.0
제주시 - 여자인구수＜br＞(B),Statistics,141229.0,144120.0,146614.0,147812.0,149595.0,152965.0,202628.0,203574.0,204391.0,205689.0,209324.0,211917.0,215068.0,219136.0,224253.0,229653.0,234688.0,238235.0,241972.0,243872.0,245878.0,246602.0,246885.0,246093.0,244673.0
제주특별자치도 - 남녀성비＜br＞(A÷B×100),Statistics,98.5,98.5,98.9,99.1,99.3,99.6,99.7,99.7,99.8,100.0,100.0,100.1,100.2,100.4,100.6,100.8,101.1,101.4,101.3,101.1,100.8,100.5,100.3,100.2,100.0
제주특별자치도 - 남자인구수＜br＞(A),Statistics,269126.0,271394.0,273871.0,274841.0,276693.0,278281.0,278854.0,279246.0,280088.0,281319.0,285582.0,288152.0,292213.0,297504.0,304656.0,313428.0,322545.0,330823.0,335719.0,337345.0,338609.0,339177.0,339590.0,337976.0,335255.0
제주특별자치도 - 여자인구수＜br＞(B),Statistics,273242.0,275495.0,276960.0,277456.0,278669.0,279288.0,279642.0,280012.0,280530.0,281344.0,285673.0,288004.0,291500.0,296302.0,302690.0,310967.0,319052.0,326260.0,331472.0,333644.0,336026.0,337582.0,338569.0,337276.0,335113.0
제천시 - 남녀성비＜br＞(A÷B×100),Statistics,101.5,101.8,101.6,101.9,101.9,101.8,101.6,101.3,101.5,101.7,101.5,101.3,101.0,101.0,100.7,100.2,100.5,100.6,100.3,100.4,100.6,101.1,101.0,101.1,101.5
제천시 - 남자인구수＜br＞(A),Statistics,74511.0,73131.0,72169.0,70986.0,70096.0,69715.0,68749.0,68554.0,68368.0,68356.0,69145.0,69287.0,69088.0,68929.0,68639.0,68145.0,68444.0,68428.0,67792.0,67459.0,66705.0,66170.0,65833.0,65456.0,64768.0
제천시 - 여자인구수＜br＞(B),Statistics,73439.0,71837.0,71062.0,69690.0,68776.0,68486.0,67649.0,67664.0,67370.0,67224.0,68119.0,68402.0,68433.0,68275.0,68166.0,67993.0,68073.0,68004.0,67594.0,67158.0,66313.0,65421.0,65155.0,64738.0,63801.0
종로구 - 남녀성비＜br＞(A÷B×100),Statistics,100.8,101.2,101.2,101.1,101.3,100.8,100.6,100.4,100.1,99.9,99.7,99.4,99.2,98.7,97.8,97.6,97.0,96.4,95.6,95.1,94.6,94.2,93.7,93.3,92.8
종로구 - 남자인구수＜br＞(A),Statistics,93549.0,92657.0,91151.0,89234.0,87731.0,84981.0,83634.0,83104.0,85398.0,84257.0,85182.0,83931.0,82274.0,79519.0,77621.0,76548.0,75201.0,75967.0,74825.0,73746.0,72635.0,70183.0,68395.0,67306.0,66570.0
종로구 - 여자인구수＜br＞(B),Statistics,92829.0,91568.0,90080.0,88285.0,86641.0,84334.0,83159.0,82742.0,85307.0,84346.0,85396.0,84451.0,82933.0,80551.0,79372.0,78438.0,77536.0,78803.0,78240.0,77544.0,76749.0,74500.0,72984.0,72111.0,71766.0
중구 - 남녀성비＜br＞(A÷B×100),Statistics,100.1,100.2,100.1,100.0,99.9,99.9,99.6,99.6,99.8,100.9,101.4,101.4,101.1,100.4,100.0,99.4,98.7,98.1,97.1,96.3,95.6,94.8,94.6,93.6,92.8
중구 - 남자인구수＜br＞(A),Statistics,70538.0,71577.0,69116.0,67269.0,65947.0,64995.0,65208.0,64908.0,65110.0,65025.0,66879.0,67065.0,67043.0,65371.0,64033.0,62687.0,62204.0,62253.0,61947.0,61910.0,61222.0,59630.0,58563.0,58659.0,58015.0
중구 - 여자인구수＜br＞(B),Statistics,70472.0,71439.0,69018.0,67279.0,66024.0,65032.0,65441.0,65136.0,65252.0,64440.0,65943.0,66128.0,66317.0,65094.0,64032.0,63046.0,63045.0,63456.0,63778.0,64261.0,64018.0,62869.0,61874.0,62653.0,62529.0
중랑구 - 남녀성비＜br＞(A÷B×100),Statistics,101.4,101.1,101.0,100.8,100.3,100.1,99.9,100.1,100.4,100.2,100.6,100.4,100.4,100.2,99.9,99.6,99.4,99.2,98.8,98.5,97.8,97.4,96.8,96.2,95.7
중랑구 - 남자인구수＜br＞(A),Statistics,230852.0,225653.0,222179.0,218949.0,217271.0,213775.0,212918.0,213662.0,214351.0,212576.0,214383.0,212291.0,210043.0,208641.0,209323.0,206505.0,204900.0,203325.0,200419.0,196959.0,195165.0,191112.0,189537.0,187372.0,185473.0
중랑구 - 여자인구수＜br＞(B),Statistics,227588.0,223275.0,219946.0,217140.0,216587.0,213598.0,213160.0,213409.0,213520.0,212185.0,213072.0,211415.0,209252.0,208157.0,209513.0,207404.0,206105.0,204901.0,202790.0,200056.0,199537.0,196238.0,195781.0,194783.0,193801.0
증평군 - 남녀성비＜br＞(A÷B×100),Statistics,,,,102.5,102.4,103.3,103.1,102.9,103.0,105.7,106.1,105.8,104.4,103.9,105.1,105.2,105.0,106.0,106.3,107.2,108.2,108.9,108.5,108.7,108.8
증평군 - 남자인구수＜br＞(A),Statistics,,,,15850.0,15632.0,15553.0,15475.0,15795.0,16327.0,17041.0,17264.0,17480.0,17511.0,17606.0,17821.0,18803.0,19110.0,19446.0,19229.0,19350.0,19129.0,18993.0,19387.0,19523.0,19370.0
증평군 - 여자인구수＜br＞(B),Statistics,,,,15460.0,15267.0,15054.0,15008.0,15350.0,15852.0,16123.0,16269.0,16529.0,16768.0,16940.0,16950.0,17868.0,18198.0,18337.0,18088.0,18042.0,17678.0,17433.0,17875.0,17961.0,17801.0
진도군 - 남녀성비＜br＞(A÷B×100),Statistics,94.0,93.4,92.2,92.1,92.2,92.2,93.1,92.9,92.9,93.2,93.5,93.9,93.6,94.3,94.6,94.8,95.9,96.4,96.5,96.6,97.7,98.4,99.1,99.5,99.1
진도군 - 남자인구수＜br＞(A),Statistics,20459.0,19868.0,19009.0,18397.0,17907.0,17521.0,17336.0,16955.0,16572.0,16371.0,16309.0,16224.0,16058.0,16012.0,15919.0,15801.0,15701.0,15592.0,15328.0,15093.0,15429.0,14908.0,14684.0,14453.0,14173.0
진도군 - 여자인구수＜br＞(B),Statistics,21770.0,21271.0,20610.0,19985.0,19422.0,19008.0,18617.0,18251.0,17840.0,17560.0,17434.0,17278.0,17150.0,16986.0,16827.0,16675.0,16377.0,16173.0,15891.0,15622.0,15798.0,15158.0,14823.0,14526.0,14305.0
진안군 - 남녀성비＜br＞(A÷B×100),Statistics,102.7,100.5,101.8,101.4,101.2,102.4,102.8,100.6,101.7,101.1,101.6,101.3,101.0,100.8,100.7,100.2,100.0,100.2,100.8,101.8,102.1,102.8,103.7,104.4,104.6
진안군 - 남자인구수＜br＞(A),Statistics,15845.0,16362.0,15353.0,15344.0,15470.0,14686.0,13748.0,15173.0,13727.0,13851.0,13880.0,14330.0,13551.0,13404.0,13286.0,13116.0,13037.0,13149.0,13030.0,12966.0,12832.0,12667.0,12496.0,12497.0,12352.0
진안군 - 여자인구수＜br＞(B),Statistics,15428.0,16273.0,15086.0,15131.0,15287.0,14335.0,13374.0,15077.0,13503.0,13707.0,13663.0,14143.0,13412.0,13299.0,13188.0,13087.0,13032.0,13122.0,12933.0,12731.0,12562.0,12320.0,12054.0,11968.0,11809.0
진주시 - 남녀성비＜br＞(A÷B×100),Statistics,98.2,98.2,98.2,98.3,98.2,98.1,98.2,98.4,98.5,98.4,98.3,98.2,98.1,98.2,98.1,98.0,98.3,98.2,98.1,97.9,97.8,97.8,97.7,97.5,97.6
진주시 - 남자인구수＜br＞(A),Statistics,169367.0,168448.0,168386.0,167212.0,167187.0,166478.0,165283.0,164051.0,164338.0,164563.0,166099.0,166254.0,167069.0,166985.0,168480.0,170506.0,171855.0,171801.0,171321.0,171834.0,172107.0,171601.0,169862.0,168392.0,167356.0
진주시 - 여자인구수＜br＞(B),Statistics,172455.0,171458.0,171557.0,170107.0,170238.0,169756.0,168271.0,166705.0,166884.0,167157.0,168938.0,169248.0,170245.0,170086.0,171761.0,173920.0,174884.0,174880.0,174666.0,175500.0,175989.0,175496.0,173920.0,172682.0,171429.0
진천군 - 남녀성비＜br＞(A÷B×100),Statistics,103.5,103.7,103.8,104.5,104.6,105.0,106.0,106.3,106.6,107.5,107.5,107.1,107.4,107.8,107.8,108.0,108.4,108.3,109.3,109.5,109.9,110.5,111.9,112.4,112.0
진천군 - 남자인구수＜br＞(A),Statistics,30579.0,30703.0,30402.0,30525.0,30845.0,30805.0,30933.0,31001.0,31325.0,31833.0,32173.0,32604.0,32862.0,33519.0,33815.0,35290.0,36387.0,38314.0,40839.0,42388.0,43836.0,44715.0,45488.0,45652.0,45723.0
진천군 - 여자인구수＜br＞(B),Statistics,29542.0,29606.0,29297.0,29199.0,29502.0,29350.0,29178.0,29153.0,29390.0,29623.0,29921.0,30447.0,30596.0,31087.0,31359.0,32691.0,33563.0,35363.0,37379.0,38696.0,39882.0,40461.0,40659.0,40602.0,40814.0
창녕군 - 남녀성비＜br＞(A÷B×100),Statistics,96.8,96.8,96.9,96.7,96.5,96.5,96.3,96.3,96.2,96.5,97.0,97.0,97.4,97.9,97.5,98.2,98.4,98.7,98.7,99.0,98.7,99.2,100.0,99.9,100.5
창녕군 - 남자인구수＜br＞(A),Statistics,35911.0,34943.0,34064.0,33097.0,32443.0,31764.0,31142.0,30544.0,30210.0,30077.0,30380.0,30772.0,31074.0,31381.0,31355.0,31622.0,31735.0,31844.0,31495.0,31015.0,30452.0,29948.0,29180.0,28528.0,28112.0
창녕군 - 여자인구수＜br＞(B),Statistics,37108.0,36104.0,35156.0,34216.0,33631.0,32908.0,32334.0,31711.0,31393.0,31175.0,31334.0,31718.0,31892.0,32066.0,32147.0,32195.0,32247.0,32257.0,31901.0,31316.0,30849.0,30181.0,29192.0,28555.0,27973.0
창원시 - 남녀성비＜br＞(A÷B×100),Statistics,,,,,,,,,,,103.3,103.4,103.4,103.4,103.4,103.3,103.1,102.9,102.8,102.7,102.7,102.7,102.6,102.5,102.5
창원시 - 남자인구수＜br＞(A),Statistics,,,,,,,,,,,553938.0,554950.0,554788.0,551005.0,546530.0,543647.0,540073.0,536167.0,534119.0,529262.0,525278.0,523223.0,517211.0,510633.0,506050.0
창원시 - 여자인구수＜br＞(B),Statistics,,,,,,,,,,,536243.0,536931.0,536683.0,532726.0,528638.0,526417.0,523834.0,520865.0,519482.0,515478.0,511460.0,509518.0,504276.0,498405.0,493808.0
천안시 - 남녀성비＜br＞(A÷B×100),Statistics,101.6,101.7,101.6,101.8,102.0,102.0,102.2,102.2,102.4,102.2,102.7,102.8,102.9,103.2,103.3,103.3,103.4,103.7,103.8,104.0,104.2,104.6,104.9,105.1,105.4
천안시 - 남자인구수＜br＞(A),Statistics,212410.0,218045.0,222395.0,230322.0,254072.0,258765.0,264491.0,268883.0,271984.0,273299.0,282595.0,289642.0,295203.0,300141.0,304099.0,307821.0,314122.0,321435.0,329079.0,332447.0,336221.0,336612.0,336716.0,336169.0,338613.0
천안시 - 여자인구수＜br＞(B),Statistics,209008.0,214489.0,218848.0,226179.0,249010.0,253717.0,258832.0,263073.0,265714.0,267533.0,275078.0,281735.0,286785.0,290948.0,294247.0,297955.0,303833.0,310096.0,316996.0,319811.0,322587.0,321874.0,320843.0,319790.0,321307.0
철원군 - 남녀성비＜br＞(A÷B×100),Statistics,104.0,103.3,103.3,105.7,105.8,106.1,106.4,105.8,107.7,106.4,109.2,107.8,106.8,105.9,107.7,113.8,112.6,111.6,110.9,108.9,108.1,107.5,107.2,107.6,106.9
철원군 - 남자인구수＜br＞(A),Statistics,27121.0,26456.0,25673.0,25801.0,25527.0,25191.0,24758.0,24377.0,24744.0,24573.0,25543.0,24949.0,24776.0,24418.0,24676.0,25971.0,25429.0,24886.0,24408.0,23767.0,23216.0,22453.0,21863.0,21478.0,20922.0
철원군 - 여자인구수＜br＞(B),Statistics,26069.0,25616.0,24859.0,24411.0,24123.0,23742.0,23266.0,23043.0,22980.0,23096.0,23385.0,23135.0,23192.0,23055.0,22914.0,22828.0,22584.0,22299.0,22005.0,21817.0,21483.0,20887.0,20393.0,19970.0,19575.0
청도군 - 남녀성비＜br＞(A÷B×100),Statistics,94.1,93.7,93.4,93.3,94.1,93.7,94.1,94.4,94.7,94.9,95.0,94.8,94.8,94.8,95.1,95.7,95.5,95.9,96.2,96.4,96.7,96.7,97.5,98.4,99.0
청도군 - 남자인구수＜br＞(A),Statistics,25447.0,24806.0,24495.0,24195.0,23109.0,22609.0,22369.0,22101.0,21744.0,21564.0,21627.0,21552.0,21398.0,21314.0,21448.0,21382.0,21278.0,21221.0,21117.0,21065.0,20775.0,20598.0,20541.0,20493.0,20193.0
청도군 - 여자인구수＜br＞(B),Statistics,27050.0,26462.0,26221.0,25946.0,24569.0,24139.0,23775.0,23414.0,22967.0,22715.0,22764.0,22746.0,22570.0,22474.0,22545.0,22342.0,22286.0,22125.0,21940.0,21845.0,21488.0,21293.0,21073.0,20823.0,20389.0
청송군 - 남녀성비＜br＞(A÷B×100),Statistics,98.8,98.4,97.8,98.8,98.7,98.0,98.1,97.5,98.6,98.8,97.9,98.2,97.5,98.5,98.4,97.9,97.9,98.3,98.8,99.8,99.4,99.9,100.3,100.9,100.8
청송군 - 남자인구수＜br＞(A),Statistics,17021.0,16623.0,15979.0,15563.0,14951.0,14502.0,14093.0,13758.0,13548.0,13379.0,13213.0,13162.0,13075.0,13134.0,13119.0,13054.0,13008.0,12891.0,12762.0,12694.0,12482.0,12261.0,12168.0,12063.0,11905.0
청송군 - 여자인구수＜br＞(B),Statistics,17227.0,16894.0,16344.0,15750.0,15148.0,14796.0,14372.0,14104.0,13741.0,13538.0,13502.0,13407.0,13406.0,13336.0,13334.0,13330.0,13293.0,13115.0,12916.0,12722.0,12562.0,12278.0,12127.0,11956.0,11811.0
청양군 - 남녀성비＜br＞(A÷B×100),Statistics,100.7,100.6,100.4,100.8,100.3,100.7,101.4,101.7,102.0,102.0,101.2,101.0,100.7,100.0,99.7,99.9,100.2,101.3,101.5,101.8,102.8,103.4,103.9,104.7,104.6
청양군 - 남자인구수＜br＞(A),Statistics,20588.0,20072.0,19332.0,18573.0,17840.0,17519.0,17160.0,16942.0,16695.0,16468.0,16366.0,16222.0,16097.0,16076.0,16103.0,16236.0,16389.0,16527.0,16271.0,15997.0,15691.0,15472.0,15421.0,15427.0,15163.0
청양군 - 여자인구수＜br＞(B),Statistics,20437.0,19957.0,19256.0,18419.0,17786.0,17402.0,16926.0,16662.0,16367.0,16145.0,16175.0,16069.0,15990.0,16079.0,16145.0,16249.0,16364.0,16310.0,16025.0,15720.0,15257.0,14968.0,14845.0,14741.0,14495.0
청주시 - 남녀성비＜br＞(A÷B×100),Statistics,,,,,,,,,,,,,,,100.7,100.7,100.8,100.9,101.4,101.5,101.6,101.7,102.1,102.1,102.1
청주시 - 남자인구수＜br＞(A),Statistics,,,,,,,,,,,,,,,417233.0,417341.0,419323.0,419676.0,421774.0,422864.0,425848.0,427881.0,429208.0,430449.0,431740.0
청주시 - 여자인구수＜br＞(B),Statistics,,,,,,,,,,,,,,,414288.0,414571.0,415874.0,415914.0,415975.0,416702.0,419145.0,420601.0,420365.0,421740.0,422797.0
춘천시 - 남녀성비＜br＞(A÷B×100),Statistics,98.2,98.2,97.9,97.7,98.1,97.7,97.7,97.5,97.5,97.6,97.5,97.4,97.4,97.3,97.3,97.1,97.0,97.1,97.1,97.3,97.5,97.6,97.5,97.5,97.5
춘천시 - 남자인구수＜br＞(A),Statistics,124467.0,124440.0,124986.0,125240.0,125914.0,126039.0,126620.0,127453.0,129339.0,130791.0,133275.0,134600.0,134874.0,135377.0,136017.0,136974.0,138251.0,138159.0,138243.0,138700.0,139576.0,140584.0,141490.0,141419.0,141225.0
춘천시 - 여자인구수＜br＞(B),Statistics,126745.0,126702.0,127638.0,128123.0,128409.0,128960.0,129619.0,130688.0,132636.0,134058.0,136675.0,138205.0,138490.0,139078.0,139774.0,141023.0,142456.0,142355.0,142397.0,142591.0,143189.0,144010.0,145174.0,145007.0,144844.0
충남 당진군 - 남녀성비＜br＞(A÷B×100),Statistics,101.2,100.9,101.1,101.4,101.5,101.8,102.9,104.6,105.6,106.0,106.5,107.2,,,,,,,,,,,,,
충남 당진군 - 남자인구수＜br＞(A),Statistics,61621.0,60503.0,59511.0,58638.0,59200.0,60789.0,63366.0,69647.0,70081.0,71405.0,74720.0,77703.0,,,,,,,,,,,,,
충남 당진군 - 여자인구수＜br＞(B),Statistics,60874.0,59942.0,58884.0,57839.0,58310.0,59694.0,61559.0,66607.0,66351.0,67393.0,70183.0,72516.0,,,,,,,,,,,,,
충남 연기군 - 남녀성비＜br＞(A÷B×100),Statistics,101.7,101.9,101.8,101.5,102.5,103.1,103.9,104.2,104.8,104.6,103.5,103.7,,,,,,,,,,,,,
충남 연기군 - 남자인구수＜br＞(A),Statistics,40582.0,41047.0,41522.0,41683.0,42743.0,42807.0,42174.0,40807.0,40238.0,40640.0,41648.0,42207.0,,,,,,,,,,,,,
충남 연기군 - 여자인구수＜br＞(B),Statistics,39889.0,40281.0,40801.0,41050.0,41712.0,41501.0,40573.0,39170.0,38407.0,38842.0,40223.0,40683.0,,,,,,,,,,,,,
충북 청원군 - 남녀성비＜br＞(A÷B×100),Statistics,103.9,103.8,103.4,103.4,103.8,104.6,104.7,105.1,105.3,105.8,105.9,106.0,106.4,106.7,,,,,,,,,,,
충북 청원군 - 남자인구수＜br＞(A),Statistics,63168.0,63242.0,62425.0,61636.0,60992.0,61234.0,69843.0,73303.0,75942.0,77006.0,78675.0,81481.0,79793.0,79998.0,,,,,,,,,,,
충북 청원군 - 여자인구수＜br＞(B),Statistics,60816.0,60939.0,60357.0,59599.0,58753.0,58550.0,66695.0,69718.0,72121.0,72777.0,74269.0,76888.0,74987.0,75004.0,,,,,,,,,,,
충북 청주시 - 남녀성비＜br＞(A÷B×100),Statistics,99.4,99.2,99.1,99.1,99.4,99.6,99.4,99.4,99.3,99.2,99.3,99.3,99.3,99.3,,,,,,,,,,,
충북 청주시 - 남자인구수＜br＞(A),Statistics,289509.0,295075.0,300668.0,306178.0,311162.0,314762.0,312462.0,315661.0,318145.0,320304.0,326886.0,329761.0,332202.0,335273.0,,,,,,,,,,,
충북 청주시 - 여자인구수＜br＞(B),Statistics,291352.0,297429.0,303273.0,308977.0,313126.0,316177.0,314217.0,317625.0,320518.0,322857.0,329085.0,332185.0,334650.0,337631.0,,,,,,,,,,,
충주시 - 남녀성비＜br＞(A÷B×100),Statistics,101.9,102.0,101.9,101.9,101.8,101.9,101.9,101.9,101.7,101.5,101.2,101.4,101.4,101.4,101.3,101.4,101.4,101.6,101.9,102.3,102.3,102.4,102.6,103.0,103.0
충주시 - 남자인구수＜br＞(A),Statistics,109661.0,108675.0,106982.0,105536.0,104708.0,103934.0,103278.0,103481.0,104033.0,104091.0,104874.0,104916.0,104956.0,104785.0,104944.0,104696.0,104877.0,105000.0,106222.0,106569.0,106273.0,105932.0,105478.0,105420.0,105132.0
충주시 - 여자인구수＜br＞(B),Statistics,107644.0,106574.0,104998.0,103602.0,102826.0,101973.0,101332.0,101583.0,102339.0,102522.0,103607.0,103517.0,103491.0,103330.0,103583.0,103217.0,103473.0,103316.0,104282.0,104168.0,103913.0,103426.0,102799.0,102358.0,102109.0
충청남도 - 남녀성비＜br＞(A÷B×100),Statistics,101.2,101.1,100.9,100.9,101.2,101.4,101.8,102.1,102.2,102.2,102.3,102.4,102.5,102.7,102.9,103.1,103.2,103.4,103.6,103.9,104.3,104.6,104.8,105.1,105.4
충청남도 - 남자인구수＜br＞(A),Statistics,966413.0,964509.0,958290.0,960719.0,982648.0,988191.0,995826.0,1007900.0,1020317.0,1029725.0,1049363.0,1063012.0,1026812.0,1037421.0,1045892.0,1054439.0,1064765.0,1076270.0,1082009.0,1081938.0,1082634.0,1083366.0,1086632.0,1091570.0,1096128.0
충청남도 - 여자인구수＜br＞(B),Statistics,955191.0,953628.0,949435.0,952084.0,970758.0,974455.0,978607.0,987631.0,998220.0,1007857.0,1026151.0,1038272.0,1001965.0,1010210.0,1016381.0,1023210.0,1031962.0,1040500.0,1044273.0,1041771.0,1038395.0,1035891.0,1036405.0,1038549.0,1040446.0
충청북도 - 남녀성비＜br＞(A÷B×100),Statistics,101.1,101.2,101.1,101.1,101.3,101.5,101.5,101.5,101.5,101.6,101.7,101.7,101.7,101.7,101.7,101.8,101.9,102.0,102.4,102.6,102.8,103.0,103.4,103.5,103.7
충청북도 - 남자인구수＜br＞(A),Statistics,752953.0,752588.0,750277.0,748957.0,749274.0,749832.0,752742.0,758967.0,765398.0,769968.0,781301.0,787981.0,789286.0,792862.0,796141.0,798896.0,803240.0,805091.0,808971.0,810384.0,811591.0,810672.0,810782.0,810448.0,809920.0
충청북도 - 여자인구수＜br＞(B),Statistics,744560.0,743932.0,742436.0,740678.0,739671.0,738971.0,741817.0,747641.0,754189.0,757510.0,768227.0,774922.0,776342.0,779870.0,782792.0,785056.0,788385.0,789341.0,790281.0,789623.0,789246.0,786755.0,784276.0,783021.0,781257.0
칠곡군 - 남녀성비＜br＞(A÷B×100),Statistics,104.4,104.4,103.8,104.7,105.0,105.0,105.4,105.8,106.5,105.6,106.1,107.1,107.3,107.6,107.7,107.4,108.1,108.2,108.8,109.1,108.9,108.6,109.6,110.2,110.6
칠곡군 - 남자인구수＜br＞(A),Statistics,52894.0,53507.0,53917.0,54139.0,54548.0,55196.0,57159.0,58540.0,60060.0,60228.0,61314.0,61458.0,62001.0,62805.0,63281.0,63611.0,64002.0,62820.0,61923.0,61063.0,59828.0,59260.0,58821.0,57966.0,56390.0
칠곡군 - 여자인구수＜br＞(B),Statistics,50643.0,51236.0,51927.0,51704.0,51927.0,52554.0,54231.0,55311.0,56412.0,57060.0,57773.0,57380.0,57785.0,58377.0,58777.0,59218.0,59197.0,58044.0,56905.0,55984.0,54930.0,54562.0,53666.0,52615.0,50993.0
태백시 - 남녀성비＜br＞(A÷B×100),Statistics,104.3,103.8,103.8,103.6,104.1,105.0,105.5,105.0,104.4,104.3,104.5,103.5,103.1,103.2,103.2,103.2,103.1,102.2,101.6,102.2,102.7,102.3,101.7,101.3,102.3
태백시 - 남자인구수＜br＞(A),Statistics,29113.0,28624.0,28096.0,27451.0,27171.0,26867.0,26488.0,26371.0,26065.0,25746.0,25987.0,25520.0,25123.0,24783.0,24509.0,24128.0,23899.0,23196.0,22612.0,22168.0,21640.0,20656.0,19881.0,19476.0,19180.0
태백시 - 여자인구수＜br＞(B),Statistics,27910.0,27569.0,27058.0,26497.0,26093.0,25596.0,25105.0,25119.0,24963.0,24678.0,24877.0,24656.0,24370.0,24011.0,23749.0,23373.0,23171.0,22692.0,22246.0,21698.0,21079.0,20188.0,19547.0,19226.0,18756.0
태안군 - 남녀성비＜br＞(A÷B×100),Statistics,101.0,100.8,100.6,101.0,100.8,100.9,101.3,100.9,100.8,100.7,100.8,101.2,100.8,101.5,101.4,102.1,102.0,102.3,102.2,102.2,101.7,101.8,102.2,102.5,102.5
태안군 - 남자인구수＜br＞(A),Statistics,34546.0,34069.0,33122.0,32117.0,32014.0,32044.0,32077.0,31670.0,31825.0,31651.0,31744.0,31560.0,31404.0,31435.0,31506.0,32069.0,32260.0,32325.0,31959.0,31715.0,31371.0,31033.0,30997.0,30762.0,30440.0
태안군 - 여자인구수＜br＞(B),Statistics,34200.0,33809.0,32940.0,31813.0,31750.0,31750.0,31677.0,31372.0,31576.0,31444.0,31503.0,31187.0,31144.0,30981.0,31068.0,31415.0,31640.0,31607.0,31279.0,31028.0,30843.0,30493.0,30338.0,30022.0,29693.0
통영시 - 남녀성비＜br＞(A÷B×100),Statistics,101.5,101.8,101.8,102.3,102.6,102.6,103.0,103.5,104.0,104.1,104.0,103.2,102.7,102.8,102.7,102.3,102.0,101.8,101.3,101.1,101.1,100.8,100.8,100.8,100.9
통영시 - 남자인구수＜br＞(A),Statistics,68953.0,68387.0,67636.0,67463.0,67325.0,67241.0,67540.0,68375.0,69465.0,70090.0,71534.0,71211.0,70610.0,70840.0,70639.0,70360.0,69769.0,68528.0,67303.0,66053.0,64502.0,62928.0,61587.0,60517.0,59496.0
통영시 - 여자인구수＜br＞(B),Statistics,67911.0,67160.0,66471.0,65957.0,65634.0,65554.0,65587.0,66056.0,66810.0,67325.0,68763.0,68984.0,68737.0,68879.0,68800.0,68808.0,68391.0,67305.0,66417.0,65351.0,63791.0,62455.0,61094.0,60034.0,58985.0
파주시 - 남녀성비＜br＞(A÷B×100),Statistics,103.7,102.5,102.6,102.9,103.5,103.9,103.7,103.5,103.9,104.0,104.4,104.4,103.7,103.5,103.3,103.1,103.0,103.1,103.0,103.1,102.8,102.9,103.0,102.7,102.1
파주시 - 남자인구수＜br＞(A),Statistics,97589.0,113700.0,119091.0,120532.0,125291.0,133390.0,149065.0,154504.0,158556.0,164689.0,181603.0,193479.0,200716.0,204347.0,208984.0,214893.0,218565.0,222312.0,229250.0,230461.0,236049.0,245085.0,251334.0,252159.0,258306.0
파주시 - 여자인구수＜br＞(B),Statistics,94137.0,110958.0,116056.0,117126.0,121032.0,128380.0,143687.0,149327.0,152608.0,158322.0,174029.0,185311.0,193485.0,197371.0,202364.0,208428.0,212216.0,215536.0,222598.0,223579.0,229568.0,238160.0,243981.0,245594.0,253002.0
평창군 - 남녀성비＜br＞(A÷B×100),Statistics,102.6,102.5,102.7,103.1,103.3,103.6,104.2,104.9,105.3,105.4,105.3,105.1,104.6,104.4,104.0,104.3,104.4,104.5,104.5,104.8,104.7,106.0,106.9,107.4,107.8
평창군 - 남자인구수＜br＞(A),Statistics,23867.0,23521.0,23441.0,23545.0,23027.0,22912.0,22619.0,22530.0,22415.0,22394.0,22375.0,22334.0,22305.0,22298.0,22257.0,22204.0,22126.0,22021.0,21771.0,21550.0,21321.0,21091.0,21176.0,21056.0,20955.0
평창군 - 여자인구수＜br＞(B),Statistics,23258.0,22957.0,22821.0,22830.0,22284.0,22121.0,21713.0,21473.0,21291.0,21240.0,21247.0,21243.0,21322.0,21368.0,21403.0,21296.0,21192.0,21071.0,20839.0,20556.0,20360.0,19905.0,19814.0,19603.0,19441.0
평택시 - 남녀성비＜br＞(A÷B×100),Statistics,101.7,102.1,102.4,102.5,102.8,103.2,103.2,103.3,103.2,103.0,102.8,103.0,103.3,103.4,103.8,103.9,104.3,105.0,105.4,106.0,106.9,108.7,110.2,110.7,110.5
평택시 - 남자인구수＜br＞(A),Statistics,179589.0,180952.0,181381.0,184700.0,187930.0,195046.0,201468.0,204480.0,206604.0,208097.0,212580.0,216624.0,220715.0,224729.0,228958.0,234685.0,240345.0,246618.0,254336.0,264012.0,277617.0,293954.0,303283.0,310473.0,314231.0
평택시 - 여자인구수＜br＞(B),Statistics,176514.0,177311.0,177150.0,180279.0,182723.0,188930.0,195297.0,197978.0,200117.0,201945.0,206877.0,210262.0,213590.0,217305.0,220597.0,225847.0,230487.0,234912.0,241306.0,249015.0,259690.0,270334.0,275246.0,280549.0,284325.0
포천시 - 남녀성비＜br＞(A÷B×100),Statistics,,,,107.3,107.6,107.1,107.3,107.7,108.2,108.8,109.8,110.0,109.9,110.0,109.7,110.4,110.6,110.8,111.1,111.5,112.3,112.7,112.6,112.4,112.2
포천시 - 남자인구수＜br＞(A),Statistics,,,,77777.0,77920.0,80287.0,81386.0,81996.0,83227.0,82815.0,83025.0,82751.0,82491.0,82034.0,81502.0,81436.0,81291.0,80375.0,79310.0,78231.0,77905.0,78915.0,77707.0,75837.0,74787.0
포천시 - 여자인구수＜br＞(B),Statistics,,,,72463.0,72444.0,74955.0,75883.0,76160.0,76949.0,76116.0,75633.0,75216.0,75068.0,74569.0,74296.0,73756.0,73472.0,72550.0,71366.0,70148.0,69369.0,70024.0,68994.0,67486.0,66676.0
포항시 - 남녀성비＜br＞(A÷B×100),Statistics,103.1,102.9,103.1,103.2,103.3,103.5,103.7,103.7,103.5,103.5,103.3,103.2,103.2,102.9,102.6,102.4,102.1,102.0,102.2,102.1,102.2,102.7,102.7,103.1,103.2
포항시 - 남자인구수＜br＞(A),Statistics,261872.0,261245.0,259751.0,258420.0,257688.0,257849.0,257090.0,257385.0,258441.0,259082.0,261586.0,262648.0,263576.0,263461.0,263070.0,262814.0,261105.0,259491.0,257789.0,256140.0,254222.0,255292.0,251630.0,250242.0,249710.0
포항시 - 여자인구수＜br＞(B),Statistics,254105.0,253794.0,251916.0,250430.0,249441.0,249203.0,247918.0,248170.0,249678.0,250393.0,253169.0,254440.0,255337.0,256006.0,256298.0,256770.0,255670.0,254341.0,252224.0,250885.0,248694.0,248560.0,245020.0,242791.0,241871.0
하남시 - 남녀성비＜br＞(A÷B×100),Statistics,105.0,105.5,104.7,105.0,105.2,105.3,105.4,105.4,105.0,104.8,104.8,104.4,104.2,104.1,103.9,103.1,101.8,101.1,101.0,101.1,101.0,100.1,99.7,99.1,98.8
하남시 - 남자인구수＜br＞(A),Statistics,63190.0,63480.0,65245.0,65721.0,66595.0,68140.0,69171.0,70361.0,73555.0,76041.0,77001.0,75787.0,74629.0,74020.0,75864.0,84646.0,106472.0,116889.0,127865.0,136985.0,147424.0,160163.0,162773.0,164202.0,163567.0
하남시 - 여자인구수＜br＞(B),Statistics,60176.0,60179.0,62296.0,62605.0,63308.0,64710.0,65653.0,66770.0,70083.0,72525.0,73478.0,72610.0,71640.0,71076.0,73032.0,82067.0,104629.0,115598.0,126550.0,135470.0,146028.0,159924.0,163286.0,165659.0,165553.0
하동군 - 남녀성비＜br＞(A÷B×100),Statistics,96.6,95.7,96.6,95.4,96.1,96.8,97.0,96.1,97.0,96.7,97.0,96.5,97.1,96.9,97.3,97.4,97.2,97.3,98.1,98.8,99.7,99.7,100.2,100.2,100.2
하동군 - 남자인구수＜br＞(A),Statistics,29267.0,29485.0,27898.0,28316.0,26898.0,26135.0,26040.0,27207.0,26346.0,25570.0,25359.0,26506.0,25023.0,24699.0,24276.0,24804.0,24463.0,24083.0,23534.0,23149.0,22364.0,21696.0,21255.0,20825.0,20402.0
하동군 - 여자인구수＜br＞(B),Statistics,30289.0,30813.0,28879.0,29694.0,27983.0,26996.0,26858.0,28319.0,27169.0,26440.0,26150.0,27469.0,25783.0,25478.0,24947.0,25455.0,25159.0,24748.0,23999.0,23425.0,22421.0,21753.0,21210.0,20781.0,20363.0
함안군 - 남녀성비＜br＞(A÷B×100),Statistics,99.8,99.8,100.1,100.5,101.4,101.7,101.5,101.1,101.6,101.9,102.2,102.0,102.4,101.9,101.4,101.7,102.1,102.0,102.5,102.2,103.0,103.5,104.3,105.0,105.1
함안군 - 남자인구수＜br＞(A),Statistics,32396.0,32655.0,32180.0,31802.0,31251.0,30947.0,31971.0,32609.0,33289.0,33604.0,33966.0,33813.0,34107.0,34146.0,34611.0,34865.0,34819.0,34433.0,33923.0,33203.0,32561.0,31816.0,31371.0,30840.0,30148.0
함안군 - 여자인구수＜br＞(B),Statistics,32450.0,32713.0,32138.0,31633.0,30830.0,30429.0,31489.0,32256.0,32761.0,32978.0,33241.0,33158.0,33318.0,33521.0,34130.0,34291.0,34118.0,33774.0,33102.0,32497.0,31621.0,30731.0,30085.0,29363.0,28694.0
함양군 - 남녀성비＜br＞(A÷B×100),Statistics,93.7,93.3,93.0,92.7,92.1,92.1,91.8,91.6,91.9,91.7,91.4,91.7,91.2,91.4,91.5,91.6,91.7,91.9,91.9,93.0,93.2,93.7,94.0,94.2,95.1
함양군 - 남자인구수＜br＞(A),Statistics,22439.0,21812.0,21195.0,20575.0,20101.0,19914.0,19701.0,19430.0,19370.0,19434.0,19674.0,19650.0,19421.0,19433.0,19386.0,19290.0,19244.0,19242.0,19172.0,19097.0,18853.0,18531.0,18270.0,17922.0,17616.0
함양군 - 여자인구수＜br＞(B),Statistics,23937.0,23372.0,22787.0,22185.0,21821.0,21621.0,21461.0,21207.0,21077.0,21192.0,21523.0,21431.0,21293.0,21259.0,21198.0,21049.0,20997.0,20933.0,20872.0,20540.0,20227.0,19779.0,19438.0,19023.0,18515.0
함평군 - 남녀성비＜br＞(A÷B×100),Statistics,98.9,98.4,97.6,96.7,97.5,97.6,97.9,98.3,98.2,98.5,97.9,97.9,97.5,98.4,98.3,97.7,98.3,98.2,99.2,99.7,100.5,101.2,101.9,102.7,103.4
함평군 - 남자인구수＜br＞(A),Statistics,22487.0,21585.0,20732.0,20708.0,19844.0,19849.0,19122.0,18832.0,18543.0,18406.0,18157.0,17872.0,17668.0,17665.0,17399.0,17237.0,17047.0,17004.0,16642.0,16404.0,16062.0,15730.0,15539.0,15505.0,15255.0
함평군 - 여자인구수＜br＞(B),Statistics,22745.0,21937.0,21233.0,21411.0,20361.0,20340.0,19525.0,19166.0,18889.0,18683.0,18545.0,18262.0,18112.0,17945.0,17691.0,17639.0,17350.0,17324.0,16778.0,16457.0,15988.0,15544.0,15245.0,15096.0,14755.0
합천군 - 남녀성비＜br＞(A÷B×100),Statistics,95.3,95.0,94.4,92.2,92.3,92.0,92.0,92.1,91.7,91.8,91.3,91.2,90.8,90.3,90.5,91.0,90.6,91.3,92.0,92.0,93.0,93.7,94.6,95.5,96.6
합천군 - 남자인구수＜br＞(A),Statistics,29892.0,29032.0,27994.0,28862.0,27796.0,27862.0,26400.0,26584.0,26639.0,25354.0,24382.0,24141.0,23921.0,23858.0,23968.0,23408.0,22825.0,22430.0,22001.0,21655.0,21209.0,20765.0,20487.0,20132.0,19764.0
합천군 - 여자인구수＜br＞(B),Statistics,31363.0,30567.0,29655.0,31298.0,30113.0,30300.0,28704.0,28866.0,29038.0,27619.0,26710.0,26467.0,26358.0,26432.0,26489.0,25737.0,25201.0,24570.0,23915.0,23549.0,22797.0,22170.0,21655.0,21071.0,20461.0
해남군 - 남녀성비＜br＞(A÷B×100),Statistics,95.9,95.7,95.2,94.9,94.9,95.2,95.2,95.6,96.2,96.4,96.5,96.2,95.6,95.0,94.6,94.6,94.7,95.0,96.2,97.0,97.5,98.2,99.1,99.8,100.4
해남군 - 남자인구수＜br＞(A),Statistics,48572.0,47152.0,45029.0,43811.0,42729.0,42057.0,41132.0,40341.0,39745.0,39839.0,39081.0,38424.0,38203.0,37838.0,37415.0,37049.0,36538.0,35867.0,35253.0,34642.0,33975.0,33273.0,32772.0,32249.0,31626.0
해남군 - 여자인구수＜br＞(B),Statistics,50658.0,49293.0,47294.0,46170.0,45007.0,44181.0,43206.0,42188.0,41298.0,41309.0,40498.0,39922.0,39947.0,39846.0,39566.0,39145.0,38583.0,37737.0,36648.0,35712.0,34831.0,33893.0,33059.0,32326.0,31494.0
해운대구 - 남녀성비＜br＞(A÷B×100),Statistics,98.3,98.1,98.0,97.7,97.4,97.1,96.8,96.7,96.4,96.1,95.8,95.6,95.3,95.1,95.0,94.8,94.3,94.0,93.6,93.3,92.8,92.6,92.2,92.0,91.9
해운대구 - 남자인구수＜br＞(A),Statistics,202655.0,201839.0,198775.0,199483.0,199107.0,199351.0,206075.0,208322.0,208284.0,208273.0,208787.0,208071.0,208973.0,207384.0,206336.0,205811.0,203814.0,199630.0,197871.0,195960.0,193618.0,190624.0,185514.0,182289.0,180283.0
해운대구 - 여자인구수＜br＞(B),Statistics,206187.0,205723.0,202888.0,204102.0,204325.0,205248.0,212800.0,215494.0,216171.0,216701.0,217942.0,217547.0,219215.0,218152.0,217195.0,217007.0,216039.0,212409.0,211476.0,210142.0,208551.0,205814.0,201271.0,198159.0,196121.0
홍성군 - 남녀성비＜br＞(A÷B×100),Statistics,99.4,99.5,99.3,98.3,98.9,98.7,99.1,99.0,98.7,99.1,98.9,99.0,99.2,99.3,99.6,99.7,99.1,99.0,98.8,98.9,99.0,99.1,99.2,99.7,99.8
홍성군 - 남자인구수＜br＞(A),Statistics,47543.0,46659.0,45528.0,46915.0,45358.0,45176.0,44576.0,44109.0,43808.0,43612.0,43800.0,43842.0,44035.0,44702.0,45847.0,47198.0,49769.0,50530.0,50244.0,49931.0,49796.0,49437.0,48835.0,48677.0,49550.0
홍성군 - 여자인구수＜br＞(B),Statistics,47826.0,46899.0,45849.0,47743.0,45865.0,45755.0,44979.0,44576.0,44368.0,44019.0,44278.0,44266.0,44380.0,45002.0,46019.0,47355.0,50202.0,51040.0,50838.0,50492.0,50306.0,49887.0,49233.0,48847.0,49648.0
홍천군 - 남녀성비＜br＞(A÷B×100),Statistics,102.8,102.9,103.1,103.4,104.3,104.1,104.1,104.0,103.7,104.3,103.8,104.0,104.0,105.0,104.5,104.3,104.1,104.0,104.1,104.6,106.2,106.0,105.8,106.1,106.6
홍천군 - 남자인구수＜br＞(A),Statistics,37748.0,37530.0,36819.0,36279.0,36707.0,36116.0,35727.0,35764.0,35824.0,35537.0,35595.0,35639.0,35548.0,36181.0,35996.0,35906.0,35738.0,35855.0,35671.0,35359.0,35663.0,35184.0,34954.0,34655.0,34423.0
홍천군 - 여자인구수＜br＞(B),Statistics,36713.0,36489.0,35695.0,35072.0,35200.0,34695.0,34310.0,34378.0,34536.0,34069.0,34298.0,34260.0,34179.0,34457.0,34455.0,34430.0,34338.0,34485.0,34278.0,33791.0,33579.0,33181.0,33023.0,32654.0,32294.0
화성시 - 남녀성비＜br＞(A÷B×100),Statistics,,107.0,107.5,109.0,108.9,109.1,109.3,108.2,106.9,106.3,106.4,106.5,106.7,106.7,107.0,106.7,106.8,107.1,107.4,107.5,107.9,108.1,108.3,108.1,107.9
화성시 - 남자인구수＜br＞(A),Statistics,,108831.0,117573.0,123194.0,141583.0,154691.0,161964.0,193276.0,232122.0,253316.0,260758.0,266519.0,271219.0,273731.0,279520.0,307907.0,330923.0,357381.0,392871.0,422470.0,443841.0,460788.0,473507.0,490518.0,502881.0
화성시 - 여자인구수＜br＞(B),Statistics,,101693.0,109357.0,113032.0,129980.0,141839.0,148207.0,178696.0,217232.0,238212.0,245080.0,250246.0,254271.0,256520.0,261342.0,288618.0,309967.0,333705.0,365851.0,392926.0,411407.0,426227.0,437307.0,453824.0,465940.0
화순군 - 남녀성비＜br＞(A÷B×100),Statistics,99.7,99.7,98.9,99.0,98.5,98.3,98.3,98.2,98.5,98.2,98.0,97.8,97.3,97.1,96.8,96.6,96.8,96.9,97.1,98.1,97.8,97.5,97.6,98.0,98.1
화순군 - 남자인구수＜br＞(A),Statistics,39249.0,39545.0,39002.0,37866.0,37227.0,36512.0,36004.0,35453.0,34895.0,34519.0,34326.0,34112.0,33729.0,33420.0,32844.0,32363.0,32113.0,31838.0,31488.0,31061.0,30906.0,30910.0,30643.0,30322.0,30077.0
화순군 - 여자인구수＜br＞(B),Statistics,39361.0,39674.0,39441.0,38257.0,37796.0,37161.0,36611.0,36098.0,35432.0,35156.0,35042.0,34873.0,34649.0,34409.0,33928.0,33485.0,33190.0,32842.0,32445.0,31676.0,31616.0,31714.0,31381.0,30932.0,30658.0
화천군 - 남녀성비＜br＞(A÷B×100),Statistics,105.4,106.0,104.9,112.3,110.4,110.4,110.5,111.8,118.5,119.4,119.4,120.5,118.6,117.1,126.7,128.1,124.3,122.2,118.5,118.1,118.3,118.8,116.0,115.3,115.5
화천군 - 남자인구수＜br＞(A),Statistics,12924.0,12845.0,12334.0,12983.0,12735.0,12451.0,12241.0,12111.0,13078.0,13181.0,13260.0,13630.0,13575.0,13529.0,15168.0,15173.0,14554.0,14313.0,13603.0,13495.0,13472.0,13138.0,12560.0,12321.0,12283.0
화천군 - 여자인구수＜br＞(B),Statistics,12264.0,12120.0,11754.0,11557.0,11532.0,11281.0,11076.0,10833.0,11032.0,11035.0,11104.0,11315.0,11445.0,11550.0,11975.0,11847.0,11710.0,11709.0,11481.0,11422.0,11385.0,11057.0,10828.0,10686.0,10639.0
횡성군 - 남녀성비＜br＞(A÷B×100),Statistics,104.8,104.7,104.2,104.3,104.3,104.5,104.1,104.4,104.4,104.5,103.7,103.6,103.4,103.6,103.0,103.3,103.6,103.5,104.1,104.4,105.2,105.5,105.4,105.7,105.8
횡성군 - 남자인구수＜br＞(A),Statistics,23517.0,23270.0,23066.0,22618.0,22612.0,22321.0,21922.0,22051.0,22173.0,22543.0,22528.0,22576.0,22676.0,22866.0,23019.0,23260.0,23398.0,23541.0,23828.0,23785.0,23822.0,23859.0,23877.0,23826.0,23703.0
횡성군 - 여자인구수＜br＞(B),Statistics,22444.0,22226.0,22132.0,21688.0,21685.0,21357.0,21060.0,21125.0,21240.0,21578.0,21726.0,21784.0,21939.0,22071.0,22354.0,22517.0,22593.0,22740.0,22898.0,22790.0,22650.0,22622.0,22655.0,22533.0,22408.0
