item,category,2006,2007,2008,2009,2010,2011,2012,2013,2014,2015,2016,2017,2018,2019,2020,2021,2022,2023
가평군 - 1인당면적 녹지지역 - 1인당 도시지역면적 현황,Statistics,2462.5,2425.25,2425.25,2204.5,2574.174799,2035.435444,1966.640322,2134.51,2135.9,2087.86,2072.1,2054.86,2056.63,2073.04,2072.15,2075.92,2078.58,2015.1
가평군 - 1인당면적 주+상+공 - 1인당 도시지역면적 현황,Statistics,159.85,159.25,159.25,158.83,185.461414,147.235407,164.4543798,178.49,178.6,174.59,174.4,172.9404211,173.11,174.69,176.94,177.26,178.75,174.81
가평군 - 공업지역 - 1인당 도시지역면적 현황,Statistics,0.0,1.82,1.82,1.73,2.017051965,1.595340903,1.557643262,1.69,1.69,1.65,1.64,1.63,1.63,1.64,1.64,1.65,1.65,1.6
가평군 - 도시지역 면적 - 1인당 도시지역면적 현황,Statistics,83834000.0,83893000.0,83893000.0,81889445.0,81889445.0,81889445.0,81889445.0,81889445.0,81889445.0,81889445.0,81889445.0,81889445.0,81889445.0,81889445.0,81889445.0,81889445.0,81889445.0,81889445.0
가평군 - 도시지역 인구 - 1인당 도시지역면적 현황,Statistics,31969.0,32460.0,32460.0,34650.0,29674.0,37518.0,38426.0,35404.0,35381.0,36195.0,36452.0,36758.0,36726.0,36432.0,36410.0,36344.0,36277.0,37394.0
가평군 - 상업지역 - 1인당 도시지역면적 현황,Statistics,14.08,13.86,13.86,14.0,16.35081216,12.93229916,12.4747827,13.54,13.55,13.24,13.36,13.25,13.26,13.37,13.37,13.4,13.41,13.0
가평군 - 주거지역 - 1인당 도시지역면적 현황,Statistics,145.78,143.57,143.57,143.1,167.0935499,132.7077669,150.4219539,163.26,163.36,159.69,159.4,158.07,158.22,159.69,161.92,162.22,163.7,160.2
강남구 - 1인당면적 녹지지역 - 1인당 도시지역면적 현황,Statistics,29.42,29.21,29.37,29.15,26.68409826,26.89093528,26.96304837,26.99,26.31,26.39,26.82,24.51,25.13,25.0,25.28,25.57,25.76,25.02
강남구 - 1인당면적 주+상+공 - 1인당 도시지역면적 현황,Statistics,41.59,41.3,41.53,41.21,42.69030425,43.02121051,43.13657995,43.18,42.1,42.22,42.91,46.50833028,47.69,47.45,47.97,48.53,48.89,47.47
강남구 - 공업지역 - 1인당 도시지역면적 현황,Statistics,0.0,0.0,0.0,0.0,0.0,0.0,0.0,0.0,0.0,0.0,0.0,0.0,0.0,0.0,0.0,0.0,,0.0
강남구 - 도시지역 면적 - 1인당 도시지역면적 현황,Statistics,39550000.0,39550000.0,39550000.0,39550000.0,39550000.0,39550000.0,39550000.0,39550000.0,39550000.0,39550000.0,39550000.0,39497268.0,39497268.0,39497268.0,39497268.0,39497268.0,39497452.0,39497452.0
강남구 - 도시지역 인구 - 1인당 도시지역면적 현황,Statistics,556964.0,560958.0,557832.0,562138.0,570095.0,565710.0,564197.0,563599.0,578114.0,576495.0,567115.0,556164.0,542364.0,545169.0,539231.0,533042.0,529102.0,544873.0
강남구 - 상업지역 - 1인당 도시지역면적 현황,Statistics,4.04,4.01,4.03,4.0,4.071172348,4.102729314,4.113731551,4.12,4.01,4.03,4.09,3.02,3.09,3.08,3.11,3.15,3.17,3.08
강남구 - 주거지역 - 1인당 도시지역면적 현황,Statistics,37.55,37.28,37.49,37.21,38.6191319,38.9184812,39.0228484,39.06,38.08,38.19,38.82,43.49,44.6,44.37,44.86,45.38,45.72,44.39
강동구 - 1인당면적 녹지지역 - 1인당 도시지역면적 현황,Statistics,23.58,25.92,23.21,22.46,22.13286817,21.98683195,22.21691313,20.53,20.82,23.79,24.56,25.01,25.52,25.02,23.72,23.58,23.54,23.59
강동구 - 1인당면적 주+상+공 - 1인당 도시지역면적 현황,Statistics,29.65,27.0,29.2,28.25,27.83958396,27.65589391,28.16174665,30.32,30.75,29.75,30.72,31.28246103,31.92,31.29,29.67,29.49,29.83,29.89
강동구 - 공업지역 - 1인당 도시지역면적 현황,Statistics,0.0,0.0,0.0,0.0,0.0,0.0,0.0,0.0,0.0,0.0,0.0,0.0,0.0,0.0,0.0,0.0,0.17,0.17
강동구 - 도시지역 면적 - 1인당 도시지역면적 현황,Statistics,24580000.0,24579999.0,24580000.0,24580000.0,24580000.0,24580000.0,24580000.0,24580000.0,24580000.0,24556203.0,24556203.0,24556203.0,24556203.0,24556203.0,24556203.0,24556203.0,24556203.0,24556203.0
강동구 - 도시지역 인구 - 1인당 도시지역면적 현황,Statistics,461760.0,464546.0,469024.0,484745.0,491871.0,495138.0,487905.0,483379.0,476597.0,458658.0,444168.0,436223.0,427573.0,436067.0,459970.0,462664.0,460067.0,459167.0
강동구 - 상업지역 - 1인당 도시지역면적 현황,Statistics,1.26,1.37,1.24,1.2,1.178506153,1.17073018,1.188085795,1.25,1.27,1.47,1.52,1.54,1.59,1.56,1.48,1.47,1.51,1.52
강동구 - 주거지역 - 1인당 도시지역면적 현황,Statistics,28.4,25.62,27.96,27.05,26.6610778,26.48516373,26.97366086,29.07,29.48,28.28,29.21,29.74,30.33,29.74,28.19,28.02,28.15,28.2
강릉시 - 1인당면적 녹지지역 - 1인당 도시지역면적 현황,Statistics,306.47,303.26,306.21,306.21,287.0650392,291.0493366,298.2226071,296.72,298.09,285.81,293.64,288.93,290.27,288.72,288.24,285.15,285.1,284.2
강릉시 - 1인당면적 주+상+공 - 1인당 도시지역면적 현황,Statistics,97.05,95.91,96.83,96.83,120.1795483,121.8475712,124.8506552,128.17,128.77,124.59,131.03,130.6192004,131.23,130.52,132.18,130.76,130.73,130.32
강릉시 - 공업지역 - 1인당 도시지역면적 현황,Statistics,10.34,10.22,10.31,10.31,22.03467777,22.34050641,22.89111579,26.03,26.15,25.92,29.66,28.93,29.06,28.9,30.19,29.87,29.86,29.77
강릉시 - 도시지역 면적 - 1인당 도시지역면적 현황,Statistics,76850700.0,76920948.0,76931330.0,76931330.0,84047505.0,84047505.0,84047505.0,84047505.0,84047505.0,84204778.0,84762822.0,84783347.0,84783347.0,84783347.0,84958649.0,84958649.0,84958649.0,78392991.0
강릉시 - 도시지역 인구 - 1인당 도시지역면적 현황,Statistics,187765.0,189990.0,188193.0,188193.0,190439.0,187832.0,183314.0,182527.0,181688.0,189358.0,184309.0,186434.0,185570.0,186570.0,186464.0,188487.0,188520.0,189119.0
강릉시 - 상업지역 - 1인당 도시지역면적 현황,Statistics,8.86,8.75,8.84,8.84,9.549992386,9.682540781,9.921178961,10.02,10.07,9.66,9.93,9.82,9.87,9.81,9.72,9.61,9.61,9.58
강릉시 - 주거지역 - 1인당 도시지역면적 현황,Statistics,77.85,76.94,77.68,77.68,88.59487815,89.82452404,92.03836041,92.12,92.55,89.0,91.44,91.87,92.3,91.81,92.26,91.27,91.26,90.97
강북구 - 1인당면적 녹지지역 - 1인당 도시지역면적 현황,Statistics,40.66,41.07,41.46,41.69,40.95001732,41.12399798,41.35133481,41.89,42.36,37.42,37.84,38.15,38.79,39.43,40.2,41.66,42.45,43.26
강북구 - 1인당면적 주+상+공 - 1인당 도시지역면적 현황,Statistics,26.91,27.18,27.43,27.59,27.098003,27.21313186,27.36356828,27.72,28.03,34.02,34.4,34.68827567,35.27,35.85,36.52,37.34,38.04,38.77
강북구 - 공업지역 - 1인당 도시지역면적 현황,Statistics,0.0,0.0,0.0,0.0,0.0,0.0,0.0,0.0,0.0,0.0,0.0,0.0,0.0,0.0,0.0,0.0,,0.0
강북구 - 도시지역 면적 - 1인당 도시지역면적 현황,Statistics,23580000.0,23580000.0,23580000.0,23580000.0,23580000.0,23580000.0,23580000.0,23580000.0,23580000.0,23635959.0,23635959.0,23636019.0,23636019.0,23636019.0,23636019.0,23636019.0,23636019.0,23636019.0
강북구 - 도시지역 인구 - 1인당 도시지역면적 현황,Statistics,348990.0,345478.0,342274.0,340367.0,346520.0,345054.0,343157.0,338707.0,335025.0,330873.0,327195.0,324479.0,319164.0,313954.0,308055.0,299182.0,293660.0,288113.0
강북구 - 상업지역 - 1인당 도시지역면적 현황,Statistics,0.92,0.93,0.93,0.94,0.923467621,0.933621984,0.938783123,0.95,0.96,0.82,0.83,0.83,0.85,0.86,0.88,0.91,0.93,0.94
강북구 - 주거지역 - 1인당 도시지역면적 현황,Statistics,25.99,26.25,26.5,26.65,26.17453538,26.27950987,26.42478516,26.77,27.07,33.2,33.57,33.86,34.42,34.99,35.64,36.43,37.11,37.83
강서구 - 1인당면적 녹지지역 - 1인당 도시지역면적 현황,Statistics,47.25,46.78,40.58,40.87,40.70345063,41.06582471,41.1776727,41.06,39.93,39.53,39.1,37.4,37.69,38.02,38.78,39.18,39.53,39.96
강서구 - 1인당면적 주+상+공 - 1인당 도시지역면적 현황,Statistics,27.35,27.09,31.19,31.41,31.40603037,31.68419638,31.7827401,31.69,30.82,30.75,30.42,31.51387672,31.76,32.04,32.68,33.02,33.32,33.68
강서구 - 공업지역 - 1인당 도시지역면적 현황,Statistics,3.19,3.16,5.0,5.03,5.020692286,5.062413895,5.076925653,5.06,4.92,4.89,4.84,4.85,4.89,4.93,5.03,5.08,5.13,5.19
강서구 - 도시지역 면적 - 1인당 도시지역면적 현황,Statistics,41400000.0,41400000.0,41400000.0,41400000.0,41400000.0,41400000.0,41400000.0,41400000.0,41400000.0,41400000.0,41400000.0,41462497.0,41462415.0,41463274.0,41463274.0,41463273.0,41463273.0,41463248.0
강서구 - 도시지역 인구 - 1인당 도시지역면적 현황,Statistics,554945.0,560424.0,576848.0,572836.0,574127.0,569072.0,567431.0,569070.0,585160.0,589074.0,595485.0,601691.0,596949.0,591796.0,580185.0,574315.0,569166.0,563058.0
강서구 - 상업지역 - 1인당 도시지역면적 현황,Statistics,1.49,1.39,2.52,2.54,2.597573359,2.623523913,2.358318456,2.35,2.29,2.27,2.25,2.2,2.21,2.24,2.28,2.31,2.33,2.35
강서구 - 주거지역 - 1인당 도시지역면적 현황,Statistics,22.67,22.55,23.67,23.84,23.78776473,23.99825857,24.347496,24.28,23.61,23.59,23.34,24.46,24.66,24.87,25.37,25.63,25.86,26.14
강원특별자치도 - 1인당면적 녹지지역 - 1인당 도시지역면적 현황,Statistics,653.73,650.44,662.46,658.84,637.321312,632.1325674,640.3414261,634.29,634.39,626.8,633.69,630.19,632.04,631.06,621.95,622.4,623.17,623.07
강원특별자치도 - 1인당면적 주+상+공 - 1인당 도시지역면적 현황,Statistics,135.36,137.41,143.03,144.62,150.6940693,149.9950677,152.9808312,152.59,153.4,152.91,155.58,155.7317906,157.34,157.35,156.15,156.34,156.64,157.01
강원특별자치도 - 공업지역 - 1인당 도시지역면적 현황,Statistics,21.66,21.5,22.65,23.18,27.56832989,27.7433262,28.51445596,29.0,29.07,29.29,29.95,29.8,30.83,30.81,30.91,30.97,31.02,30.82
강원특별자치도 - 도시지역 면적 - 1인당 도시지역면적 현황,Statistics,981362881.0,993137222.0,992883080.0,994892241.0,1009506443.0,1012011361.0,1016937071.0,1022102313.0,1022114847.0,1022563285.0,1027198470.0,1027228237.0,1028778399.0,1028522877.0,1029687366.0,1030004376.0,1030008274.0,1004738631.0
강원특별자치도 - 도시지역 인구 - 1인당 도시지역면적 현황,Statistics,1213270.0,1220396.0,1198908.0,1204768.0,1240987.0,1250338.0,1238520.0,1255214.0,1253768.0,1268121.0,1256712.0,1262010.0,1256813.0,1258048.0,1276651.0,1276023.0,1274319.0,1273158.0
강원특별자치도 - 상업지역 - 1인당 도시지역면적 현황,Statistics,12.68,12.99,13.81,14.06,14.0732143,14.02124785,14.27497901,14.3,14.37,14.26,14.46,14.47,14.5,14.46,14.42,14.43,14.53,14.57
강원특별자치도 - 주거지역 - 1인당 도시지역면적 현황,Statistics,101.03,102.92,106.58,107.38,109.0525251,108.2304937,110.1913962,109.29,109.96,109.36,111.18,111.46,112.02,112.09,110.83,110.94,111.09,111.62
강진군 - 1인당면적 녹지지역 - 1인당 도시지역면적 현황,Statistics,978.7,984.14,984.14,1061.44,1053.050859,1077.683962,1077.566994,1271.94,1471.6,1321.9,1341.19,1341.49,1354.83,1385.6,1413.16,1534.37,1585.62,1614.59
강진군 - 1인당면적 주+상+공 - 1인당 도시지역면적 현황,Statistics,259.05,260.49,260.49,359.41,356.5743,320.1950611,320.1603082,377.91,437.23,392.76,398.49,398.654145,438.01,447.95,456.87,496.05,512.62,517.58
강진군 - 공업지역 - 1인당 도시지역면적 현황,Statistics,37.34,37.55,37.55,119.86,118.9118053,76.97313433,76.96477994,90.85,105.11,94.42,95.79,95.82,98.5,100.74,102.74,111.56,115.28,120.21
강진군 - 도시지역 면적 - 1인당 도시지역면적 현황,Statistics,26382000.0,26382000.0,27865730.0,27865730.0,27865730.0,27041759.0,27041759.0,27041759.0,27041759.0,27041759.0,27041759.0,27041759.0,27041759.0,27041759.0,27041759.0,27041759.0,27041759.0,27456039.0
강진군 - 도시지역 인구 - 1인당 도시지역면적 현황,Statistics,20262.0,20150.0,20150.0,18707.0,18856.0,18425.0,18427.0,15611.0,13493.0,15021.0,14805.0,14801.0,14366.0,14047.0,13773.0,12685.0,12275.0,12274.0
강진군 - 상업지역 - 1인당 도시지역면적 현황,Statistics,31.47,31.65,31.65,32.33,32.07530759,32.82561737,32.82205459,38.74,44.82,40.26,40.85,40.84,42.1,43.05,43.91,47.68,49.27,49.27
강진군 - 주거지역 - 1인당 도시지역면적 현황,Statistics,190.24,191.3,191.3,207.22,205.5871871,210.3963094,210.3734737,248.32,287.3,258.08,261.84,262.0,297.41,304.16,310.21,336.82,348.07,348.1
강화군 - 1인당면적 녹지지역 - 1인당 도시지역면적 현황,Statistics,642.17,638.18,635.02,799.74,799.7422398,799.7422398,800.002197,545.06,545.06,959.13,829.7,823.56,629.41,626.92,641.16,639.19,636.65,644.45
강화군 - 1인당면적 주+상+공 - 1인당 도시지역면적 현황,Statistics,97.07,96.47,95.99,120.89,120.889547,120.889547,158.0295491,100.79,100.88,175.59,151.89,151.4310345,116.24,115.78,118.41,118.05,117.58,128.78
강화군 - 공업지역 - 1인당 도시지역면적 현황,Statistics,3.37,3.35,3.34,4.2,4.200943293,4.200943293,29.851266,20.32,20.41,35.4,30.63,30.42,23.26,23.17,23.7,23.63,23.53,24.51
강화군 - 도시지역 면적 - 1인당 도시지역면적 현황,Statistics,16845800.0,16845800.0,16845800.0,16845800.0,16845800.0,16845800.0,17442884.0,17161142.0,17163475.0,17306615.0,17306615.0,17306615.0,17306615.0,17306615.0,17306615.0,17306615.0,17306303.0,17511613.0
강화군 - 도시지역 인구 - 1인당 도시지역면적 현황,Statistics,22708.0,22850.0,22964.0,18234.0,18234.0,18234.0,18207.0,26480.0,26480.0,15200.0,17571.0,17690.0,23131.0,23223.0,22707.0,22777.0,22868.0,22571.0
강화군 - 상업지역 - 1인당 도시지역면적 현황,Statistics,8.73,8.67,8.63,10.87,10.86980366,10.86980366,11.71417587,7.6,7.6,13.24,11.46,11.38,8.7,8.67,8.87,8.84,8.8,9.45
강화군 - 주거지역 - 1인당 도시지역면적 현황,Statistics,84.97,84.44,84.02,105.82,105.8188,105.8188,116.4641072,72.87,72.87,126.94,109.81,109.63,84.27,83.94,85.85,85.58,85.24,94.82
거제시 - 1인당면적 녹지지역 - 1인당 도시지역면적 현황,Statistics,397.68,354.27,377.99,362.72,360.4906482,341.4333201,331.1039252,340.71,327.8,318.03,315.15,319.2,323.27,309.55,312.72,318.6,325.57,322.05
거제시 - 1인당면적 주+상+공 - 1인당 도시지역면적 현황,Statistics,133.2,118.66,121.36,123.42,127.1373934,127.5656802,123.7064309,119.43,121.92,112.76,113.37,114.8253276,122.22,117.37,118.58,120.81,123.46,122.12
거제시 - 공업지역 - 1인당 도시지역면적 현황,Statistics,52.15,46.46,47.55,51.88,55.59269088,53.64504761,52.022122,49.42,51.32,44.31,43.98,44.55,43.05,41.3,41.72,42.51,43.44,42.97
거제시 - 도시지역 면적 - 1인당 도시지역면적 현황,Statistics,94573391.0,94573000.0,96962377.0,98172373.0,98431308.0,98145201.0,98095202.0,101452549.0,98454173.0,97244221.0,97244221.0,97244221.0,98609973.0,98620051.0,97944801.0,97944801.0,97944801.0,97944801.0
거제시 - 도시지역 인구 - 1인당 도시지역면적 현황,Statistics,152151.0,170794.0,167056.0,174084.0,174084.0,181044.0,186692.0,191825.0,189931.0,195471.0,197578.0,195068.0,193200.0,201622.0,199577.0,195892.0,191696.0,193795.0
거제시 - 상업지역 - 1인당 도시지역면적 현황,Statistics,10.36,9.23,9.43,9.05,9.069937501,8.885850953,8.617026975,8.39,8.47,8.23,8.68,8.79,10.01,9.58,9.69,9.87,10.09,9.98
거제시 - 주거지역 - 1인당 도시지역면적 현황,Statistics,70.69,62.97,64.38,62.49,62.47476506,65.0347816,63.06728194,61.63,62.13,60.22,60.71,61.49,69.16,66.49,67.17,68.43,69.93,69.17
거창군 - 1인당면적 녹지지역 - 1인당 도시지역면적 현황,Statistics,615.83,616.08,644.51,646.63,635.4324202,638.6435106,637.2013086,631.77,657.7,623.99,622.79,626.42,621.51,619.17,625.99,624.76,631.86,635.59
거창군 - 1인당면적 주+상+공 - 1인당 도시지역면적 현황,Statistics,129.68,129.73,147.55,148.03,145.468685,163.2105157,162.7972624,161.41,167.87,159.26,159.0,160.0507037,158.79,158.2,159.94,159.63,161.44,169.99
거창군 - 공업지역 - 1인당 도시지역면적 현황,Statistics,11.38,11.38,14.81,14.86,14.59973434,31.96989042,31.88894181,31.62,32.79,31.11,31.05,31.34,31.09,30.98,31.32,31.26,31.61,39.39
거창군 - 도시지역 면적 - 1인당 도시지역면적 현황,Statistics,31158000.0,31158000.0,31158735.0,31158735.0,31158735.0,31904168.0,31911143.0,31911143.0,31906464.0,31906464.0,31906464.0,31906464.0,31906464.0,31906464.0,31906464.0,31906464.0,31906464.0,32210186.0
거창군 - 도시지역 인구 - 1인당 도시지역면적 현황,Statistics,41794.0,41777.0,39339.0,39210.0,39901.0,39788.0,39889.0,40232.0,38648.0,40736.0,40812.0,40569.0,40890.0,41044.0,40597.0,40677.0,40220.0,39984.0
거창군 - 상업지역 - 1인당 도시지역면적 현황,Statistics,8.32,8.32,8.84,8.87,8.715069798,8.739821052,8.717691594,8.64,9.0,8.54,8.52,8.57,8.5,8.47,8.57,8.55,8.65,8.7
거창군 - 주거지역 - 1인당 도시지역면적 현황,Statistics,109.98,110.03,123.9,124.31,122.1538809,122.5008043,122.190629,121.15,126.08,119.61,119.43,120.14,119.2,118.75,120.06,119.82,121.18,121.9
경기도 - 1인당면적 녹지지역 - 1인당 도시지역면적 현황,Statistics,259.26,258.87,250.44,246.82,237.4155075,238.7669286,235.4440112,229.6,226.64,223.34,220.14,217.85,214.86,213.05,210.07,206.51,206.06,204.09
경기도 - 1인당면적 주+상+공 - 1인당 도시지역면적 현황,Statistics,47.03,52.12,53.31,55.38,60.73609492,62.81398671,62.70845053,62.69,63.14,63.45,63.51,63.17674855,62.71,62.85,62.32,64.15,64.51,64.72
경기도 - 공업지역 - 1인당 도시지역면적 현황,Statistics,6.19,7.77,7.8,8.49,9.368923287,9.783362083,9.917923278,9.96,10.47,10.5,10.74,10.86,10.85,10.99,10.83,11.22,11.31,11.3
경기도 - 도시지역 면적 - 1인당 도시지역면적 현황,Statistics,3115751678.0,3188859434.0,3236168746.0,3239452978.0,3264237533.0,3330278692.0,3331056000.0,3339583747.0,3348294610.0,3357453240.0,3367486105.0,3371075153.0,3376013136.0,3377274307.0,3378712218.0,3385441488.0,3386898994.0,3370827754.0
경기도 - 도시지역 인구 - 1인당 도시지역면적 현황,Statistics,9747529.0,10049410.0,10280016.0,10495316.0,10827503.0,10990306.0,11119389.0,11381947.0,11508728.0,11687832.0,11855896.0,11976132.0,12143441.0,12221217.0,12380374.0,12489790.0,12499793.0,12523221.0
경기도 - 상업지역 - 1인당 도시지역면적 현황,Statistics,3.98,4.2,4.37,4.55,4.960368517,5.270351708,5.300951518,5.29,5.29,5.15,5.19,5.14,5.13,5.13,5.1,5.29,5.3,5.31
경기도 - 주거지역 - 1인당 도시지역면적 현황,Statistics,36.86,40.15,41.13,42.34,46.40680312,47.76027292,47.48957573,47.44,47.38,47.8,47.58,47.17,46.73,46.72,46.39,47.64,47.9,48.11
경산시 - 1인당면적 녹지지역 - 1인당 도시지역면적 현황,Statistics,394.39,389.8,386.56,403.94,396.7952342,391.817985,387.617734,387.32,379.94,375.68,373.79,371.74,370.13,403.51,402.7,387.17,387.15,387.16
경산시 - 1인당면적 주+상+공 - 1인당 도시지역면적 현황,Statistics,111.25,109.95,109.04,114.34,112.3267409,111.0178212,109.7621203,122.91,129.82,128.21,127.57,126.8657624,126.32,126.86,126.6,130.64,130.63,130.64
경산시 - 공업지역 - 1인당 도시지역면적 현황,Statistics,26.16,25.86,25.64,27.47,26.98082238,26.7252518,26.43527307,36.45,43.58,43.08,42.86,42.63,42.44,41.47,41.38,41.12,41.12,41.12
경산시 - 도시지역 면적 - 1인당 도시지역면적 현황,Statistics,103931000.0,103931000.0,103931000.0,108690036.0,108686341.0,110915169.0,110915169.0,114831835.0,114831835.0,114831835.0,114831835.0,114831835.0,114831835.0,123741231.0,123741231.0,123728319.0,123728319.0,123728319.0
경산시 - 도시지역 인구 - 1인당 도시지역면적 현황,Statistics,205543.0,207966.0,209710.0,209710.0,213478.0,216147.0,218518.0,220690.0,225270.0,227892.0,229041.0,230308.0,231308.0,233300.0,233768.0,238948.0,238960.0,238950.0
경산시 - 상업지역 - 1인당 도시지역면적 현황,Statistics,7.8,7.71,7.65,7.52,7.388063407,7.296798012,7.217625093,7.64,7.56,7.51,7.48,7.44,7.4,7.86,7.84,7.82,7.82,7.82
경산시 - 주거지역 - 1인당 도시지역면적 현황,Statistics,77.28,76.38,75.75,79.36,77.95785514,76.9957714,76.10922212,78.82,78.68,77.62,77.23,76.8,76.47,77.54,77.38,81.69,81.68,81.69
경상남도 - 1인당면적 녹지지역 - 1인당 도시지역면적 현황,Statistics,557.71,550.87,570.26,538.59,535.3146987,528.4996905,527.4189886,524.83,522.65,517.73,512.36,509.89,509.37,507.78,509.78,512.9,512.8,515.97
경상남도 - 1인당면적 주+상+공 - 1인당 도시지역면적 현황,Statistics,114.19,115.46,122.82,120.4,125.7130748,129.0116584,131.2208319,132.1,133.08,133.57,132.11,133.8928528,135.37,135.28,135.41,137.65,141.06,142.54
경상남도 - 공업지역 - 1인당 도시지역면적 현황,Statistics,31.33,31.76,34.72,37.06,42.0224011,43.23940962,45.17960171,46.19,46.83,47.63,46.59,48.38,48.43,48.45,48.17,49.8,51.8,52.85
경상남도 - 도시지역 면적 - 1인당 도시지역면적 현황,Statistics,1848318893.0,1852938472.0,1956889974.0,1963756963.0,1877455242.0,1879998259.0,1887860832.0,1893863908.0,1892833064.0,1896271107.0,1889759767.0,1892605781.0,2007719820.0,2008568781.0,2004845346.0,2007710621.0,2007539323.0,2009783733.0
경상남도 - 도시지역 인구 - 1인당 도시지역면적 현황,Statistics,2684762.0,2712749.0,2617167.0,2771511.0,2780310.0,2799687.0,2809177.0,2825666.0,2829119.0,2853794.0,2883962.0,2893244.0,2894899.0,2902685.0,2891466.0,2867756.0,2858005.0,2843389.0
경상남도 - 상업지역 - 1인당 도시지역면적 현황,Statistics,9.79,9.8,10.46,9.87,9.902441814,9.952993674,10.06735175,10.11,10.23,10.26,10.16,10.13,10.17,10.15,10.19,10.32,10.3,10.57
경상남도 - 주거지역 - 1인당 도시지역면적 현황,Statistics,73.07,73.9,77.64,73.47,73.78823189,75.81925515,75.97387847,75.8,76.02,75.68,75.36,75.38,76.76,76.68,77.05,77.54,78.96,79.12
경상북도 - 1인당면적 녹지지역 - 1인당 도시지역면적 현황,Statistics,640.67,641.6,644.41,647.29,667.1055678,651.3148634,660.4617555,657.48,660.65,654.32,649.41,648.27,651.2,657.67,668.05,669.91,670.14,669.87
경상북도 - 1인당면적 주+상+공 - 1인당 도시지역면적 현황,Statistics,146.99,150.04,152.02,162.25,171.7285265,170.1484948,177.3118353,179.29,181.77,181.12,182.46,184.5790974,189.5,190.01,193.72,195.69,196.07,196.98
경상북도 - 공업지역 - 1인당 도시지역면적 현황,Statistics,46.96,48.06,49.03,54.89,62.42845248,62.9599208,64.86047297,66.68,68.07,68.32,69.07,70.74,73.37,73.35,74.97,75.69,75.98,76.81
경상북도 - 도시지역 면적 - 1인당 도시지역면적 현황,Statistics,1769000750.0,1770667200.0,1773005400.0,1768211310.0,1831356118.0,1834757408.0,1842786082.0,1847438673.0,1849864949.0,1850243160.0,1855416781.0,1856748798.0,1866786485.0,1879985260.0,1879972483.0,1879078335.0,1877732907.0,1870996639.0
경상북도 - 도시지역 인구 - 1인당 도시지역면적 현황,Statistics,2081581.0,2076898.0,2065202.0,2053957.0,2059652.0,2104633.0,2072129.0,2081294.0,2072868.0,2091548.0,2102922.0,2103299.0,2095784.0,2094138.0,2059868.0,2053158.0,2051295.0,2042020.0
경상북도 - 상업지역 - 1인당 도시지역면적 현황,Statistics,11.71,11.83,11.89,12.08,12.31461189,12.04850774,12.65590414,12.69,12.83,12.75,12.73,12.9,13.08,13.23,13.46,13.52,13.52,13.54
경상북도 - 주거지역 - 1인당 도시지역면적 현황,Statistics,88.32,90.15,91.1,95.28,96.98546211,95.14006623,99.7954582,99.92,100.87,100.04,100.66,100.94,103.05,103.43,105.29,106.48,106.58,106.62
경주시 - 1인당면적 녹지지역 - 1인당 도시지역면적 현황,Statistics,1601.14,1608.28,1625.74,1637.15,1852.797333,1864.033616,1854.087622,1857.22,1875.44,1881.32,1882.64,1893.97,1884.05,1894.08,1908.25,1916.38,1907.46,1923.91
경주시 - 1인당면적 주+상+공 - 1인당 도시지역면적 현황,Statistics,180.3,181.11,183.07,184.36,205.4803586,206.7257231,207.8562933,212.38,215.08,215.75,223.72,226.1481287,256.1,257.61,259.54,260.46,259.25,261.49
경주시 - 공업지역 - 1인당 도시지역면적 현황,Statistics,81.15,81.15,82.03,82.61,94.13717452,94.70803383,96.42645375,100.6,102.16,102.49,110.34,112.08,139.49,140.29,141.34,141.25,140.59,141.8
경주시 - 도시지역 면적 - 1인당 도시지역면적 현황,Statistics,405764002.0,405764002.0,405764002.0,405764002.0,458094112.0,458094112.0,458549162.0,458797176.0,458797176.0,458797176.0,460253134.0,460490505.0,464832544.0,464678805.0,464678805.0,464824021.0,463852114.0,463852114.0
경주시 - 도시지역 인구 - 1인당 도시지역면적 현황,Statistics,227285.0,226276.0,223846.0,222286.0,221980.0,220642.0,221806.0,221105.0,218893.0,218209.0,217937.0,216636.0,216636.0,215403.0,213804.0,213004.0,214000.0,212170.0
경주시 - 상업지역 - 1인당 도시지역면적 현황,Statistics,11.34,11.39,11.51,11.59,13.06665465,13.14589244,13.07690504,13.12,13.25,13.29,13.31,13.39,13.56,13.64,13.74,13.75,13.68,13.8
경주시 - 주거지역 - 1인당 도시지역면적 현황,Statistics,87.81,88.56,89.52,90.15,98.27652942,98.87179685,98.35293455,98.66,99.66,99.97,100.07,100.68,103.05,103.68,104.46,105.47,104.98,105.88
계룡시 - 1인당면적 녹지지역 - 1인당 도시지역면적 현황,Statistics,1349.69,1315.88,1091.74,1057.3,1049.249675,1052.817056,1072.746691,1088.28,1099.71,1063.56,1041.52,1009.94,1015.37,1033.33,1036.93,1024.73,998.38,951.6
계룡시 - 1인당면적 주+상+공 - 1인당 도시지역면적 현황,Statistics,105.39,102.8,96.88,93.82,93.10824359,93.42480555,111.897858,113.52,114.09,115.97,113.0,109.5754088,110.17,112.23,112.62,111.31,108.44,103.35
계룡시 - 공업지역 - 1인당 도시지역면적 현황,Statistics,14.78,14.42,13.15,12.74,12.64103695,12.68401565,17.6533574,17.91,18.09,17.58,17.2,16.68,16.77,17.18,17.24,17.04,16.6,15.82
계룡시 - 도시지역 면적 - 1인당 도시지역면적 현황,Statistics,53614000.0,53590699.0,49221981.0,49221918.0,49221918.0,49221918.0,49221981.0,49221981.0,49221981.0,49221981.0,49221873.0,49221873.0,49221048.0,49225821.0,49225821.0,49225821.0,49225821.0,49231150.0
계룡시 - 도시지역 인구 - 1인당 도시지역면적 현황,Statistics,36846.0,37775.0,41411.0,42760.0,43088.0,42942.0,41550.0,40957.0,40552.0,41730.0,42634.0,43967.0,43731.0,42971.0,42822.0,43331.0,44475.0,46667.0
계룡시 - 상업지역 - 1인당 도시지역면적 현황,Statistics,8.15,7.95,7.25,7.03,6.971778685,6.995482278,8.269338147,8.39,8.47,8.23,7.76,7.52,7.56,7.69,7.72,7.63,7.43,7.09
계룡시 - 주거지역 - 1인당 도시지역면적 현황,Statistics,82.46,80.43,76.47,74.06,73.49542796,73.74530762,85.97516245,87.22,87.52,90.16,88.04,85.37,85.83,87.35,87.65,86.64,84.41,80.44
계양구 - 1인당면적 녹지지역 - 1인당 도시지역면적 현황,Statistics,99.94,99.87,99.95,101.16,99.98237256,101.001946,101.5433107,101.07,102.34,102.36,103.43,105.4,109.14,112.45,112.9,114.36,109.06,111.53
계양구 - 1인당면적 주+상+공 - 1인당 도시지역면적 현황,Statistics,33.19,33.17,33.2,31.24,30.97972456,31.29564129,31.56499085,31.42,31.81,33.88,34.54,35.28305599,36.54,37.64,40.59,39.69,48.62,50.99
계양구 - 공업지역 - 1인당 도시지역면적 현황,Statistics,11.7,11.7,11.71,5.9,5.835620022,5.895128943,5.799463475,5.77,5.84,4.87,4.69,4.54,4.51,4.64,4.75,4.77,4.88,5.9
계양구 - 도시지역 면적 - 1인당 도시지역면적 현황,Statistics,45574078.0,45574078.0,45574078.0,45553141.0,45549927.0,45549927.0,45549927.0,45549960.0,45549996.0,45550111.0,45570111.0,45549909.0,45549827.0,45549828.0,45549424.0,45549863.0,45548544.0,45548927.0
계양구 - 도시지역 인구 - 1인당 도시지역면적 현황,Statistics,342335.0,342564.0,342299.0,344039.0,347810.0,344299.0,342202.0,343806.0,339538.0,334332.0,330284.0,323784.0,312680.0,303471.0,296750.0,295696.0,288856.0,280266.0
계양구 - 상업지역 - 1인당 도시지역면적 현황,Statistics,1.76,1.76,1.76,1.87,1.843103994,1.861899105,1.882706705,1.87,1.9,1.93,1.95,1.99,2.06,2.12,2.17,2.18,2.9,3.14
계양구 - 주거지역 - 1인당 도시지역면적 현황,Statistics,19.73,19.72,19.73,23.47,23.30100055,23.53861324,23.88282067,23.77,24.07,27.08,27.89,28.76,29.97,30.88,33.67,32.74,40.85,41.96
고령군 - 1인당면적 녹지지역 - 1인당 도시지역면적 현황,Statistics,1608.37,1554.16,1292.4,1329.25,1322.41002,1271.538024,1236.46069,1245.15,1245.45,1263.22,1277.75,1299.57,1326.36,1348.75,1392.19,1427.88,1435.66,1457.65
고령군 - 1인당면적 주+상+공 - 1인당 도시지역면적 현황,Statistics,302.52,292.32,243.14,250.08,248.7999073,239.228785,232.6292908,224.58,224.63,297.4,300.79,305.7344919,338.25,342.8,353.85,363.09,365.07,370.66
고령군 - 공업지역 - 1인당 도시지역면적 현황,Statistics,113.59,109.76,91.33,93.94,93.46418825,89.86869987,87.38953348,78.32,78.34,150.11,151.81,154.21,180.07,181.96,187.83,192.66,193.71,196.68
고령군 - 도시지역 면적 - 1인당 도시지역면적 현황,Statistics,30513144.0,30513144.0,30514266.0,30514266.0,30514468.0,30514468.0,30514468.0,31325447.0,31325447.0,32224961.0,32224831.0,32220928.0,32492599.0,32473748.0,32473748.0,32473748.0,32473748.0,32473748.0
고령군 - 도시지역 인구 - 1인당 도시지역면적 현황,Statistics,15968.0,16525.0,19872.0,19321.0,19421.0,20198.0,20771.0,20626.0,20621.0,20481.0,20249.0,19909.0,19452.0,19131.0,18534.0,18069.0,17971.0,17700.0
고령군 - 상업지역 - 1인당 도시지역면적 현황,Statistics,9.01,8.7,7.24,7.44,7.404356109,7.119516784,6.923113957,6.97,6.97,7.02,7.1,7.22,7.4,7.52,7.76,7.96,8.01,8.13
고령군 - 주거지역 - 1인당 도시지역면적 현황,Statistics,179.92,173.86,144.57,148.7,147.931363,142.2405684,138.3166434,139.29,139.32,140.28,141.88,144.31,150.79,153.32,158.26,162.47,163.36,165.86
고성군 - 1인당면적 녹지지역 - 1인당 도시지역면적 현황,Statistics,353.12,353.12,370.24,367.83,492.1839389,506.5488218,542.5374684,546.04,547.8,543.98,545.43,545.16,545.16,561.97,572.55,562.2,561.67,532.46
고성군 - 1인당면적 주+상+공 - 1인당 도시지역면적 현황,Statistics,120.38,120.38,126.21,125.39,186.8289827,192.2817744,230.8496075,232.34,233.09,233.45,234.35,239.4794862,239.48,248.38,253.06,248.48,248.52,235.59
고성군 - 공업지역 - 1인당 도시지역면적 현황,Statistics,7.97,7.97,8.36,8.3,11.04526927,11.36763656,13.8989165,13.99,14.03,13.97,12.66,13.24,13.24,13.91,14.17,13.91,14.15,13.42
고성군 - 도시지역 면적 - 1인당 도시지역면적 현황,Statistics,7720300.0,7720300.0,7720023.0,7720023.0,7982698.0,7982698.0,12380128.0,12380128.0,12380128.0,12380128.0,12421767.0,12421767.0,12421767.0,12421767.0,12421767.0,12421767.0,12421947.0,11979402.0
고성군 - 도시지역 인구 - 1인당 도시지역면적 현황,Statistics,15981.0,15981.0,15242.0,15342.0,11531.0,11204.0,15413.0,15314.0,15265.0,15333.0,15343.0,15258.0,15258.0,14778.0,14505.0,14772.0,14786.0,15597.0
고성군 - 상업지역 - 1인당 도시지역면적 현황,Statistics,17.74,17.74,18.6,18.47,24.5794814,25.29685826,25.18004282,25.34,25.42,25.31,25.68,25.83,25.83,26.67,27.17,26.68,26.65,25.27
고성군 - 주거지역 - 1인당 도시지역면적 현황,Statistics,94.67,94.67,99.26,98.62,151.2042321,155.6172795,191.7706482,193.01,193.63,194.16,196.01,200.41,200.41,207.81,211.72,207.89,207.71,196.91
고양시 - 1인당면적 녹지지역 - 1인당 도시지역면적 현황,Statistics,196.22,187.31,179.9,179.3,176.9725076,172.9528583,171.8295564,159.57,157.65,154.44,152.61,152.01,152.02,148.49,146.37,142.42,142.46,142.49
고양시 - 1인당면적 주+상+공 - 1인당 도시지역면적 현황,Statistics,37.45,43.95,44.09,46.58,45.91434031,46.29657185,45.99939391,43.13,42.78,43.29,42.81,43.03441738,44.18,43.65,43.52,48.99,49.46,49.58
고양시 - 공업지역 - 1인당 도시지역면적 현황,Statistics,0.08,0.08,0.08,0.08,0.077081462,0.075823721,0.075332662,0.07,0.07,0.07,0.07,0.07,0.07,0.0,0.0,0.1,0.1,0.1
고양시 - 도시지역 면적 - 1인당 도시지역면적 현황,Statistics,193796175.0,194766470.0,191808518.0,191808518.0,192042932.0,192042440.0,192032728.0,191068487.0,191068487.0,191850650.0,191850023.0,191850023.0,193400919.0,194127720.0,194977956.0,195008686.0,195009556.0,195000580.0
고양시 - 도시지역 인구 - 1인당 도시지역면적 현황,Statistics,823388.0,838021.0,852013.0,844906.0,856237.0,870440.0,876114.0,941499.0,953298.0,970300.0,981762.0,983631.0,985713.0,1006634.0,1018586.0,1018715.0,1016055.0,1015241.0
고양시 - 상업지역 - 1인당 도시지역면적 현황,Statistics,5.45,6.35,6.33,6.49,6.404733736,6.477082855,6.437916755,5.99,5.93,5.62,5.59,5.58,5.8,5.79,5.81,6.83,6.86,6.86
고양시 - 주거지역 - 1인당 도시지역면적 현황,Statistics,31.92,37.52,37.69,40.01,39.43252511,39.74366527,39.4861445,37.07,36.78,37.6,37.14,37.38,38.31,37.86,37.71,42.07,42.5,42.62
고창군 - 1인당면적 녹지지역 - 1인당 도시지역면적 현황,Statistics,1075.9,1054.1,1046.11,1050.05,1035.46518,1049.180501,1054.896606,1051.43,1070.03,1074.86,1060.47,1061.97,1125.98,1157.15,1177.36,1203.03,1185.94,1343.78
고창군 - 1인당면적 주+상+공 - 1인당 도시지역면적 현황,Statistics,230.9,226.22,224.01,224.85,257.1556013,260.5617725,261.9813552,261.11,265.73,256.03,252.6,252.9621976,268.21,275.63,281.4,287.16,283.08,320.76
고창군 - 공업지역 - 1인당 도시지역면적 현황,Statistics,17.05,16.7,16.57,16.63,50.04860561,50.71152766,50.98781226,50.82,51.72,43.75,43.16,43.22,45.83,47.09,47.42,48.44,47.75,54.1
고창군 - 도시지역 면적 - 1인당 도시지역면적 현황,Statistics,31781400.0,31781400.0,31782100.0,31782100.0,32630919.0,32630919.0,32630919.0,32631219.0,32631219.0,32453860.0,32453860.0,32453860.0,32453860.0,32453860.0,32461878.0,32466784.0,32466784.0,32466784.0
고창군 - 도시지역 인구 - 1인당 도시지역면적 현황,Statistics,24320.0,24823.0,25023.0,24929.0,25244.0,24914.0,24779.0,24861.0,24429.0,24385.0,24716.0,24681.0,23278.0,22651.0,22253.0,21787.0,22101.0,19505.0
고창군 - 상업지역 - 1인당 도시지역면적 현황,Statistics,20.36,19.95,19.79,19.87,21.10057836,21.38006743,21.4965495,21.43,21.8,21.84,21.55,21.58,22.88,23.51,23.93,24.44,24.1,27.3
고창군 - 주거지역 - 1인당 도시지역면적 현황,Statistics,193.49,189.56,187.65,188.36,186.0064174,188.4701774,189.4969934,188.87,192.21,190.45,187.9,188.16,199.51,205.03,210.05,214.28,211.24,239.35
고흥군 - 1인당면적 녹지지역 - 1인당 도시지역면적 현황,Statistics,879.43,1111.82,1080.25,607.54,627.4181129,624.1398368,630.5079175,638.71,646.12,653.85,694.99,664.6,670.15,678.01,688.3,701.02,703.37,703.3
고흥군 - 1인당면적 주+상+공 - 1인당 도시지역면적 현황,Statistics,171.83,217.24,211.07,118.71,122.4063084,121.7667322,123.0837732,124.68,126.13,127.64,135.67,166.7483333,168.14,170.11,172.69,175.89,176.47,176.46
고흥군 - 공업지역 - 1인당 도시지역면적 현황,Statistics,20.34,25.71,24.98,14.05,14.34002978,14.26510275,14.41064918,14.6,14.77,14.94,15.88,51.26,51.68,52.29,53.08,54.06,54.25,54.24
고흥군 - 도시지역 면적 - 1인당 도시지역면적 현황,Statistics,30360000.0,30360000.0,31675678.0,31675678.0,31672934.0,31672934.0,31675678.0,31675678.0,31675678.0,31675678.0,31675678.0,32660659.0,32660659.0,32660659.0,32660659.0,32660659.0,32660659.0,32660659.0
고흥군 - 도시지역 인구 - 1인당 도시지역면적 현황,Statistics,26347.0,20840.0,21449.0,38138.0,36935.0,37129.0,36754.0,36282.0,35866.0,35442.0,33344.0,34800.0,34512.0,34112.0,33602.0,32992.0,32882.0,32885.0
고흥군 - 상업지역 - 1인당 도시지역면적 현황,Statistics,20.94,26.47,25.72,14.47,14.93634764,14.85830483,15.00990368,15.21,15.38,15.57,16.54,15.85,15.98,16.17,16.42,16.72,16.78,16.78
고흥군 - 주거지역 - 1인당 도시지역면적 현황,Statistics,130.56,165.06,160.37,90.19,93.12993096,92.64332462,93.66322033,94.88,95.98,97.13,103.24,99.64,100.47,101.65,103.19,105.1,105.45,105.44
곡성군 - 1인당면적 녹지지역 - 1인당 도시지역면적 현황,Statistics,766.29,782.34,799.19,812.23,833.3274536,721.7352546,1053.79598,1096.53,1107.33,1112.98,1168.86,1168.71,1182.19,1214.85,1238.89,1240.1,1264.78,1267.97
곡성군 - 1인당면적 주+상+공 - 1인당 도시지역면적 현황,Statistics,165.47,168.94,172.58,162.47,166.6911546,144.3692781,210.7916496,219.34,220.39,242.3,254.47,254.6239654,257.56,264.68,269.91,270.18,275.56,277.45
곡성군 - 공업지역 - 1인당 도시지역면적 현황,Statistics,15.44,15.77,16.11,15.58,15.988176,13.84717403,20.21807337,21.04,21.23,21.4,22.48,22.48,22.74,23.37,23.83,23.85,24.33,24.41
곡성군 - 도시지역 면적 - 1인당 도시지역면적 현황,Statistics,15210000.0,15210000.0,15210000.0,15477288.0,15477288.0,15477288.0,15477288.0,15477288.0,15477288.0,15477288.0,15477288.0,15477288.0,15477288.0,15477288.0,15477288.0,15477288.0,15477288.0,15477288.0
곡성군 - 도시지역 인구 - 1인당 도시지역면적 현황,Statistics,16324.0,15989.0,15652.0,15879.0,15477.0,17870.0,12239.0,11762.0,11657.0,11420.0,10874.0,10874.0,10750.0,10461.0,10258.0,10248.0,10048.0,10015.0
곡성군 - 상업지역 - 1인당 도시지역면적 현황,Statistics,16.4,16.74,17.1,17.36,17.80648705,15.42199217,22.51744424,23.43,23.64,27.93,29.33,29.48,29.82,30.65,31.26,31.29,31.91,32.01
곡성군 - 주거지역 - 1인당 도시지역면적 현황,Statistics,133.63,136.43,139.37,129.53,132.8964916,115.1001119,168.056132,174.87,175.53,192.97,202.66,202.66,205.0,210.66,214.83,215.04,219.32,221.03
공주시 - 1인당면적 녹지지역 - 1인당 도시지역면적 현황,Statistics,635.64,726.7,775.37,848.77,786.2436243,786.5099383,841.5915486,750.27,731.6,814.27,657.27,666.29,666.29,686.85,699.55,709.05,712.6,712.59
공주시 - 1인당면적 주+상+공 - 1인당 도시지역면적 현황,Statistics,89.97,102.86,109.75,121.65,113.6149785,113.6534618,132.8044646,137.03,143.99,160.26,129.18,131.0264997,131.03,135.07,137.57,139.44,140.13,140.13
공주시 - 공업지역 - 1인당 도시지역면적 현황,Statistics,9.0,10.29,10.98,14.17,13.14358272,13.14803467,25.26034596,39.07,48.49,53.97,43.55,44.16,44.16,45.52,46.36,46.99,47.22,47.22
공주시 - 도시지역 면적 - 1인당 도시지역면적 현황,Statistics,53315434.0,53315434.0,53315434.0,58466513.0,58466513.0,58466513.0,59145838.0,59401803.0,60114957.0,60114957.0,60114957.0,60114957.0,60114957.0,60114954.0,60114957.0,60114957.0,60114957.0,60114957.0
공주시 - 도시지역 인구 - 1인당 도시지역면적 현황,Statistics,73476.0,64269.0,60235.0,60249.0,64973.0,64951.0,60700.0,66947.0,68656.0,61686.0,76439.0,75397.0,75397.0,73140.0,71812.0,70850.0,70497.0,70498.0
공주시 - 상업지역 - 1인당 도시지역면적 현황,Statistics,7.37,8.42,8.98,8.59,7.966108999,7.968807255,8.526886326,7.73,7.54,8.39,6.77,6.88,6.88,7.09,7.22,7.32,7.36,7.36
공주시 - 주거지역 - 1인당 도시지역면적 현황,Statistics,73.61,84.15,89.79,98.88,92.50528681,92.53661991,99.01723229,90.22,87.97,97.91,78.85,79.99,79.99,82.46,83.99,85.13,85.55,85.55
과천시 - 1인당면적 녹지지역 - 1인당 도시지역면적 현황,Statistics,536.57,520.99,467.1,450.43,448.9938848,456.1503718,448.9798362,452.1,453.56,461.44,497.45,551.51,535.17,533.72,492.01,424.23,398.21,384.14
과천시 - 1인당면적 주+상+공 - 1인당 도시지역면적 현황,Statistics,55.56,53.94,48.36,46.64,46.48889719,42.11938017,55.50882254,55.89,57.48,58.58,64.7,71.72859701,81.48,81.37,75.01,64.6,60.64,58.49
과천시 - 공업지역 - 1인당 도시지역면적 현황,Statistics,0.0,0.0,0.0,0.0,0.0,0.0,0.0,0.0,0.0,0.0,0.0,0.0,0.0,0.0,0.0,0.0,,0.0
과천시 - 도시지역 면적 - 1인당 도시지역면적 현황,Statistics,35813000.0,35813000.0,35813000.0,35813000.0,35813000.0,35853000.0,35853000.0,35853000.0,35853000.0,35853000.0,35853000.0,35853000.0,35853000.0,35853000.0,35853000.0,35853000.0,35853000.0,35853000.0
과천시 - 도시지역 인구 - 1인당 도시지역면적 현황,Statistics,60482.0,62291.0,69477.0,72049.0,72279.0,71955.0,71068.0,70578.0,70156.0,68946.0,63778.0,57527.0,58142.0,58289.0,63231.0,73345.0,78137.0,81000.0
과천시 - 상업지역 - 1인당 도시지역면적 현황,Statistics,2.56,2.48,2.23,2.15,2.140939969,1.63157529,2.538540553,2.56,2.57,2.63,2.84,3.15,4.06,4.05,3.74,3.22,3.02,2.92
과천시 - 주거지역 - 1인당 도시지역면적 현황,Statistics,53.0,51.46,46.14,44.49,44.34795722,40.48780488,52.97028198,53.34,54.91,55.95,61.86,68.58,77.41,77.32,71.27,61.38,57.61,55.58
관악구 - 1인당면적 녹지지역 - 1인당 도시지역면적 현황,Statistics,32.98,32.96,33.04,33.34,33.23817445,33.55622467,33.77230708,34.1,34.42,34.66,34.85,27.51,27.58,27.69,27.97,28.51,28.45,28.73
관악구 - 1인당면적 주+상+공 - 1인당 도시지역면적 현황,Statistics,22.27,22.26,22.27,22.47,22.40373028,22.61810763,22.76375497,22.98,23.2,23.36,23.49,31.22894633,31.31,31.43,31.75,32.36,32.29,32.61
관악구 - 공업지역 - 1인당 도시지역면적 현황,Statistics,0.0,0.0,0.0,0.0,0.0,0.0,0.0,0.0,0.0,0.0,0.0,0.0,0.0,0.0,0.0,0.0,,0.0
관악구 - 도시지역 면적 - 1인당 도시지역면적 현황,Statistics,29570000.0,29570000.0,29570000.0,29570000.0,29570000.0,29570000.0,29570000.0,29570000.0,29570000.0,29570000.0,29570000.0,29563482.0,29563482.0,29563482.0,29563482.0,29563482.0,29563482.0,29563482.0
관악구 - 도시지역 인구 - 1인당 도시지역면적 현황,Statistics,535217.0,535571.0,534556.0,529869.0,531434.0,526397.0,523029.0,518028.0,513186.0,509663.0,506851.0,503297.0,501957.0,500094.0,495060.0,485699.0,486752.0,481956.0
관악구 - 상업지역 - 1인당 도시지역면적 현황,Statistics,0.65,0.65,0.65,0.66,0.658595423,0.664897406,0.669178956,0.68,0.68,0.69,0.69,0.78,0.78,0.78,0.8,0.81,0.81,0.82
관악구 - 주거지역 - 1인당 도시지역면적 현황,Statistics,21.62,21.6,21.62,21.81,21.74513486,21.95321022,22.09457602,22.31,22.52,22.67,22.8,30.45,30.53,30.65,30.95,31.55,31.48,31.79
광명시 - 1인당면적 녹지지역 - 1인당 도시지역면적 현황,Statistics,90.42,88.1,89.25,88.18,62.62934107,60.64951327,60.59254134,61.15,61.12,79.85,81.13,82.77,83.26,84.93,89.47,91.21,92.78,95.34
광명시 - 1인당면적 주+상+공 - 1인당 도시지역면적 현황,Statistics,32.91,35.37,34.77,34.35,49.31393794,47.75063199,47.7057768,47.91,49.36,31.77,32.3,32.94050602,34.55,36.71,39.49,40.26,40.95,42.08
광명시 - 공업지역 - 1인당 도시지역면적 현황,Statistics,0.0,0.0,0.35,0.35,0.31968824,0.309569119,0.309278322,0.31,0.32,0.32,0.32,0.33,1.35,2.36,2.33,2.38,2.42,2.49
광명시 - 도시지역 면적 - 1인당 도시지역면적 현황,Statistics,38649000.0,38649000.0,38506473.0,38506473.0,38506473.0,38506550.0,38506550.0,38506569.0,38506473.0,38506473.0,38506473.0,38506472.0,38506472.0,38506473.0,38506473.0,38506473.0,38506473.0,38506473.0
광명시 - 도시지역 인구 - 1인당 도시지역면적 현황,Statistics,313372.0,313019.0,310501.0,314257.0,343982.0,355226.0,355560.0,353100.0,348560.0,344978.0,339484.0,332790.0,326841.0,316552.0,298599.0,292893.0,287945.0,280197.0
광명시 - 상업지역 - 1인당 도시지역면적 현황,Statistics,4.18,4.19,4.27,4.22,6.84445407,6.896358938,6.889880751,6.88,7.03,4.4,4.47,4.56,4.64,4.81,5.8,5.91,6.01,6.18
광명시 - 주거지역 - 1인당 도시지역면적 현황,Statistics,28.73,31.18,30.15,29.79,42.14979563,40.54470393,40.50661773,40.72,42.02,27.05,27.5,28.05,28.56,29.55,31.36,31.97,32.52,33.41
광산구 - 1인당면적 녹지지역 - 1인당 도시지역면적 현황,Statistics,536.73,528.31,0.0,477.74,452.5509585,437.5667895,424.7062173,416.3,413.43,409.84,389.9,388.26,388.42,387.41,386.3,387.49,390.76,394.3
광산구 - 1인당면적 주+상+공 - 1인당 도시지역면적 현황,Statistics,110.96,109.23,0.0,111.9,105.9757315,102.5649677,99.58770037,97.62,96.94,96.1,114.44,111.122438,110.67,110.46,111.42,111.74,112.74,114.11
광산구 - 공업지역 - 1인당 도시지역면적 현황,Statistics,40.07,39.44,0.0,46.03,43.60258229,42.23719868,40.99871203,40.19,39.91,39.56,42.92,41.66,41.13,41.05,41.31,41.41,41.78,42.19
광산구 - 도시지역 면적 - 1인당 도시지역면적 현황,Statistics,200042741.0,200036716.0,0.0,201933331.0,201929181.0,201906112.0,201906112.0,201906113.0,201906113.0,201906113.0,203272589.0,201815081.0,201906112.0,201793538.0,201863790.0,201798359.0,201726606.0,201705958.0
광산구 - 도시지역 인구 - 1인당 도시지역면적 현황,Statistics,308852.0,313762.0,320660.0,342473.0,361539.0,373809.0,385101.0,392875.0,395602.0,399074.0,403049.0,404131.0,404547.0,405315.0,405579.0,404221.0,400654.0,396741.0
광산구 - 상업지역 - 1인당 도시지역면적 현황,Statistics,6.93,6.82,0.0,6.25,5.919956077,5.725637959,5.557749785,5.45,5.41,5.36,5.79,5.3,5.29,5.28,5.32,5.34,5.38,5.44
광산구 - 주거지역 - 1인당 도시지역면적 현황,Statistics,63.97,62.97,0.0,59.62,56.45319315,54.60213103,53.03123856,51.98,51.62,51.17,65.73,64.17,64.25,64.13,64.8,65.0,65.58,66.48
광양시 - 1인당면적 녹지지역 - 1인당 도시지역면적 현황,Statistics,691.39,687.82,670.73,652.35,640.2546802,637.6206402,634.65811,627.64,625.79,598.92,590.52,594.15,591.46,590.76,610.2,613.22,606.88,604.61
광양시 - 1인당면적 주+상+공 - 1인당 도시지역면적 현황,Statistics,534.39,531.63,520.38,527.43,517.6549866,515.4462021,512.5961514,507.47,505.78,488.67,483.13,490.3921195,488.18,487.6,503.55,505.6,500.46,499.12
광양시 - 공업지역 - 1인당 도시지역면적 현황,Statistics,378.47,376.51,369.05,374.91,367.9574669,366.418527,364.3329784,360.78,359.65,345.45,341.75,348.05,346.48,346.07,357.42,359.05,355.17,354.01
광양시 - 도시지역 면적 - 1인당 도시지역면적 현황,Statistics,175354080.0,175354080.0,180336235.0,181138398.0,181138398.0,176885410.0,176885410.0,176885410.0,176885410.0,176887820.0,176886009.0,176886009.0,176886009.0,176886009.0,176886009.0,176886009.0,176886009.0,176886009.0
광양시 - 도시지역 인구 - 1인당 도시지역면적 현황,Statistics,122661.0,123298.0,126381.0,128760.0,131192.0,131743.0,132411.0,133827.0,134247.0,139879.0,141694.0,140271.0,140908.0,141075.0,136592.0,135973.0,137452.0,137902.0
광양시 - 상업지역 - 1인당 도시지역면적 현황,Statistics,15.2,15.13,14.28,17.76,17.43255686,17.40236673,17.31600094,17.13,17.08,16.39,16.18,16.14,16.07,16.05,16.53,16.61,16.43,16.38
광양시 - 주거지역 - 1인당 도시지역면적 현황,Statistics,140.72,139.99,137.06,134.76,132.2649628,131.6253084,130.9471721,129.56,129.05,126.83,125.2,126.2,125.63,125.48,129.59,129.95,128.86,128.72
광주광역시 - 1인당면적 녹지지역 - 1인당 도시지역면적 현황,Statistics,267.62,266.49,262.9,260.2,256.6533419,255.0483238,253.6971392,253.03,252.81,253.44,245.92,245.83,245.84,246.29,246.67,247.98,249.6,251.25
광주광역시 - 1인당면적 주+상+공 - 1인당 도시지역면적 현황,Statistics,72.82,72.46,73.23,74.81,73.78708353,73.35880347,73.04429778,72.89,72.82,73.01,81.84,82.11867438,83.11,83.28,84.41,84.97,85.74,86.85
광주광역시 - 공업지역 - 1인당 도시지역면적 현황,Statistics,14.37,14.31,15.42,16.45,16.2300473,16.14886603,16.06695748,16.03,16.01,16.05,17.48,16.84,17.32,17.35,17.66,17.76,17.89,18.04
광주광역시 - 도시지역 면적 - 1인당 도시지역면적 현황,Statistics,478323669.0,478294158.0,478210854.0,480117230.0,480108790.0,480053716.0,480053747.0,480050517.0,480050517.0,480050517.0,481554450.0,480047663.0,480053767.0,480002734.0,480081726.0,479978979.0,479890096.0,479838049.0
광주광역시 - 도시지역 인구 - 1인당 도시지역면적 현황,Statistics,1405029.0,1411105.0,1422702.0,1433177.0,1452936.0,1461764.0,1469216.0,1472910.0,1474205.0,1470520.0,1469214.0,1463770.0,1459336.0,1456468.0,1450062.0,1441611.0,1431050.0,1419237.0
광주광역시 - 상업지역 - 1인당 도시지역면적 현황,Statistics,6.29,6.27,6.21,6.2,6.110946387,6.0749006,6.101942124,6.09,6.08,6.1,6.25,6.12,6.18,6.2,6.25,6.29,6.34,6.39
광주광역시 - 주거지역 - 1인당 도시지역면적 현황,Statistics,52.16,51.89,51.6,52.16,51.44608985,51.13503685,50.87539817,50.77,50.73,50.86,58.11,59.15,59.61,59.73,60.5,60.92,61.51,62.42
광주시 - 1인당면적 녹지지역 - 1인당 도시지역면적 현황,Statistics,1290.39,1205.0,1157.51,1139.11,1068.559847,1039.829301,1005.962789,965.8,980.82,951.23,914.79,862.23,806.11,786.11,774.16,777.17,768.85,665.35
광주시 - 1인당면적 주+상+공 - 1인당 도시지역면적 현황,Statistics,72.33,83.56,80.27,78.99,75.11513081,73.09549781,70.71482861,67.87,68.92,66.93,64.89,61.1624567,59.58,59.31,59.12,59.37,58.74,63.62
광주시 - 공업지역 - 1인당 도시지역면적 현황,Statistics,1.34,1.26,1.21,1.19,1.12094907,1.090809926,1.055283011,2.11,2.15,2.08,2.5,2.36,2.21,2.16,2.13,2.13,2.11,3.13
광주시 - 도시지역 면적 - 1인당 도시지역면적 현황,Statistics,172256000.0,172256000.0,172256000.0,172256000.0,172256000.0,172256000.0,172256000.0,172256000.0,172256000.0,172256000.0,172260533.0,172260533.0,172260533.0,172259487.0,172263425.0,172263424.0,172263424.0,151889586.0
광주시 - 도시지역 인구 - 1인당 도시지역면적 현황,Statistics,125782.0,133021.0,138479.0,140716.0,149873.0,154014.0,159199.0,165824.0,163284.0,168349.0,174965.0,185631.0,198004.0,202751.0,205710.0,204907.0,207123.0,207419.0
광주시 - 상업지역 - 1인당 도시지역면적 현황,Statistics,2.59,2.45,2.35,2.31,2.21573599,2.156161128,2.085936469,2.0,2.03,1.97,1.9,1.79,1.92,1.95,1.92,1.93,1.91,2.07
광주시 - 주거지역 - 1인당 도시지역면적 현황,Statistics,68.41,79.85,76.7,75.48,71.77844575,69.84852676,67.57360913,63.75,64.74,62.88,60.49,57.02,55.45,55.2,55.08,55.31,54.72,58.43
광진구 - 1인당면적 녹지지역 - 1인당 도시지역면적 현황,Statistics,14.64,14.53,14.59,14.65,14.59531299,14.73371763,14.7584383,14.85,15.08,15.21,15.34,14.75,14.84,15.01,15.22,15.51,15.63,15.72
광진구 - 1인당면적 주+상+공 - 1인당 도시지역면적 현황,Statistics,30.9,30.75,30.81,30.94,30.81528673,31.10750237,31.15969546,31.36,31.84,32.11,32.39,32.98893775,33.19,33.59,34.04,34.71,34.97,35.17
광진구 - 공업지역 - 1인당 도시지역면적 현황,Statistics,0.11,0.11,0.0,0.0,0.0,0.0,0.0,0.0,0.0,0.0,0.0,0.0,0.0,0.0,0.0,0.0,,0.0
광진구 - 도시지역 면적 - 1인당 도시지역면적 현황,Statistics,17050000.0,17050000.0,17050000.0,17050000.0,17050000.0,17050000.0,17050000.0,17050000.0,17050000.0,17050000.0,17050000.0,17075115.0,17075115.0,17075115.0,17075115.0,17075115.0,17075115.0,17075115.0
광진구 - 도시지역 인구 - 1인당 도시지역면적 현황,Statistics,374442.0,376572.0,375482.0,373998.0,375463.0,371936.0,371313.0,368927.0,363354.0,360369.0,357215.0,357703.0,355559.0,351350.0,346682.0,339996.0,337416.0,335554.0
광진구 - 상업지역 - 1인당 도시지역면적 현황,Statistics,0.48,0.48,0.48,0.48,0.523361823,0.528324766,0.529211205,0.53,0.54,0.55,0.55,0.56,0.57,0.57,0.58,0.59,0.61,0.62
광진구 - 주거지역 - 1인당 도시지역면적 현황,Statistics,30.31,30.16,30.34,30.46,30.2919249,30.5791776,30.63048425,30.83,31.3,31.56,31.84,32.43,32.62,33.01,33.46,34.11,34.36,34.55
괴산군 - 1인당면적 녹지지역 - 1인당 도시지역면적 현황,Statistics,498.1,507.29,501.29,488.17,493.1388839,500.1256073,493.5108005,479.61,484.79,483.4,481.11,686.12,684.71,669.28,665.39,689.98,709.82,714.96
괴산군 - 1인당면적 주+상+공 - 1인당 도시지역면적 현황,Statistics,131.12,133.54,131.97,194.0,195.2760333,210.3283582,182.1859767,177.05,199.54,202.95,201.98,297.8309022,297.72,312.37,311.49,319.53,328.71,331.63
괴산군 - 공업지역 - 1인당 도시지역면적 현황,Statistics,29.35,29.89,29.54,83.36,84.12704109,101.5604331,74.8566478,72.75,98.73,102.43,101.94,142.01,142.23,142.11,142.22,145.19,149.37,150.47
괴산군 - 도시지역 면적 - 1인당 도시지역면적 현황,Statistics,10552000.0,10552000.0,10552000.0,12445211.0,12445211.0,13073708.0,12634616.0,12634616.0,12157709.0,12228633.0,12228633.0,12411518.0,12417874.0,12417874.0,12429805.0,12430138.0,12430138.0,12434501.0
괴산군 - 도시지역 인구 - 1인당 도시지역면적 현황,Statistics,16770.0,16466.0,16663.0,16872.0,16719.0,17085.0,17314.0,17816.0,17766.0,17817.0,17902.0,12614.0,12640.0,12650.0,12724.0,12313.0,11969.0,11881.0
괴산군 - 상업지역 - 1인당 도시지역면적 현황,Statistics,10.6,10.79,10.66,10.53,10.62742987,10.39976588,10.26221555,9.97,10.0,9.97,9.93,14.09,14.06,14.05,13.96,14.43,14.85,14.98
괴산군 - 주거지역 - 1인당 도시지역면적 현황,Statistics,91.17,92.86,91.76,100.1,100.5215623,98.3681592,97.06711332,94.33,90.81,90.55,90.12,141.73,141.44,156.21,155.3,159.9,164.5,166.18
구례군 - 1인당면적 녹지지역 - 1인당 도시지역면적 현황,Statistics,660.57,675.55,693.88,694.48,700.2161185,697.393877,703.3045058,701.0,700.52,557.81,555.68,556.25,655.78,720.02,743.58,608.06,622.77,632.92
구례군 - 1인당면적 주+상+공 - 1인당 도시지역면적 현황,Statistics,225.3,230.41,236.66,236.87,238.8229723,237.8603893,239.8763297,239.09,238.93,190.25,189.52,191.3465862,225.58,247.68,255.78,209.23,214.29,217.78
구례군 - 공업지역 - 1인당 도시지역면적 현황,Statistics,12.77,13.06,13.41,13.42,13.53538832,13.48083355,13.59508778,13.55,13.54,10.78,10.74,11.27,13.28,14.58,15.06,12.32,12.61,12.82
구례군 - 도시지역 면적 - 1인당 도시지역면적 현황,Statistics,10906000.0,10906000.0,10906000.0,10906000.0,10906000.0,10906000.0,10906000.0,10906000.0,10906000.0,10906000.0,10906000.0,10906000.0,10906000.0,10906000.0,10906000.0,10906000.0,10906000.0,10906000.0
구례군 - 도시지역 인구 - 1인당 도시지역면적 현황,Statistics,12311.0,12038.0,11720.0,11710.0,11614.0,11661.0,11563.0,11601.0,11609.0,14579.0,14635.0,14588.0,12374.0,11270.0,10913.0,13344.0,13029.0,12820.0
구례군 - 상업지역 - 1인당 도시지역면적 현황,Statistics,28.23,28.88,29.66,29.68,29.92939556,29.80876426,30.06140275,29.96,29.94,23.84,23.75,23.83,28.09,30.84,31.85,26.05,26.68,27.11
구례군 - 주거지역 - 1인당 도시지역면적 현황,Statistics,184.3,188.48,193.59,193.76,195.3581884,194.5707915,196.2198391,195.58,195.44,155.63,155.03,156.25,184.21,202.25,208.87,170.87,175.0,177.85
구로구 - 1인당면적 녹지지역 - 1인당 도시지역면적 현황,Statistics,13.58,13.61,13.99,14.4,13.99280448,13.87022654,13.86853948,13.95,13.82,13.94,14.09,12.56,12.75,12.68,12.75,13.0,13.05,13.14
구로구 - 1인당면적 주+상+공 - 1인당 도시지역면적 현황,Statistics,34.35,34.23,33.82,33.28,33.48959022,33.19762415,33.19358626,33.39,33.43,33.72,34.09,36.4668478,37.03,36.83,37.04,37.75,37.89,38.17
구로구 - 공업지역 - 1인당 도시지역면적 현황,Statistics,16.24,16.4,15.5,14.75,15.23411983,15.10111868,15.0992819,15.19,15.31,15.45,15.62,10.41,10.57,10.52,10.37,10.58,10.61,10.69
구로구 - 도시지역 면적 - 1인당 도시지역면적 현황,Statistics,20120000.0,20119945.0,20120000.0,20120000.0,20120000.0,20120000.0,20120000.0,20120000.0,20119485.0,20119485.0,20119485.0,20136328.0,20136328.0,20136328.0,20136328.0,20136328.0,20136328.0,20136328.0
구로구 - 도시지역 인구 - 1인당 도시지역면적 현황,Statistics,419832.0,420542.0,420795.0,421967.0,423736.0,427468.0,427520.0,424964.0,425831.0,422092.0,417551.0,410742.0,404497.0,406664.0,404408.0,396754.0,395315.0,392405.0
구로구 - 상업지역 - 1인당 도시지역면적 현황,Statistics,1.13,1.01,1.13,1.12,1.235887439,1.225097551,1.22494854,1.23,1.11,1.12,1.13,1.25,1.27,1.26,1.27,1.29,1.3,1.31
구로구 - 주거지역 - 1인당 도시지역면적 현황,Statistics,16.98,16.83,17.2,17.4,17.01958295,16.87140792,16.86935582,16.97,17.0,17.16,17.34,24.8,25.19,25.05,25.39,25.88,25.98,26.17
구리시 - 1인당면적 녹지지역 - 1인당 도시지역면적 현황,Statistics,135.81,133.77,134.4,134.59,130.1816821,131.1926201,132.862749,134.73,136.66,136.56,131.6,127.36,125.16,126.15,127.3,130.96,133.21,134.35
구리시 - 1인당면적 주+상+공 - 1인당 도시지역면적 현황,Statistics,35.94,35.4,35.57,35.62,39.33124574,39.63983662,40.22590607,40.79,41.54,41.74,40.22,39.06545126,38.4,40.93,41.3,42.49,43.22,43.59
구리시 - 공업지역 - 1인당 도시지역면적 현황,Statistics,0.0,0.0,0.0,0.0,0.0,0.0,0.0,0.0,0.0,0.0,0.0,0.0,0.0,0.0,0.0,0.0,,0.0
구리시 - 도시지역 면적 - 1인당 도시지역면적 현황,Statistics,33292000.0,33292000.0,33292000.0,33292001.0,33292000.0,33292000.0,33292045.0,33292067.0,33292067.0,33292067.0,33292067.0,33292067.0,33292067.0,33292067.0,33292067.0,33292067.0,33292067.0,33292067.0
구리시 - 도시지역 인구 - 1인당 도시지역면적 현황,Statistics,193847.0,196800.0,195874.0,195593.0,196398.0,194881.0,192341.0,189680.0,186820.0,186721.0,193763.0,200042.0,203553.0,199265.0,197454.0,191948.0,188701.0,187093.0
구리시 - 상업지역 - 1인당 도시지역면적 현황,Statistics,2.96,2.92,2.93,2.93,3.694640475,3.675545589,3.797380694,3.85,3.91,3.91,3.77,3.65,3.59,3.89,3.93,4.04,4.11,4.14
구리시 - 주거지역 - 1인당 도시지역면적 현황,Statistics,32.98,32.48,32.64,32.68,35.63660526,35.96429103,36.42852538,36.94,37.63,37.83,36.45,35.41,34.81,37.04,37.38,38.45,39.11,39.45
구미시 - 1인당면적 녹지지역 - 1인당 도시지역면적 현황,Statistics,358.57,352.09,350.5,337.21,329.1378284,322.848768,321.6472701,319.75,318.27,318.21,315.49,314.19,315.33,320.3,321.84,325.04,328.73,330.84
구미시 - 1인당면적 주+상+공 - 1인당 도시지역면적 현황,Statistics,116.37,115.39,114.87,131.94,152.7617353,149.8428129,147.0728146,146.2,144.75,145.25,148.3,147.4984965,148.03,150.35,151.07,152.57,154.31,155.3
구미시 - 공업지역 - 1인당 도시지역면적 현황,Statistics,55.56,55.54,55.29,58.56,76.69588262,75.23040222,72.3251511,71.9,70.32,71.05,71.05,70.73,70.99,72.09,72.43,73.15,73.98,74.46
구미시 - 도시지역 면적 - 1인당 도시지역면적 현황,Statistics,196426000.0,196426097.0,196426097.0,176504788.0,185660963.0,185660963.0,185660963.0,185660963.0,185660963.0,185659426.0,185781767.0,185781767.0,185781767.0,185820299.0,185821767.0,185821767.0,185821767.0,185821767.0
구미시 - 도시지역 인구 - 1인당 도시지역면적 현황,Statistics,367116.0,372965.0,374663.0,376224.0,385269.0,392774.0,396102.0,398457.0,400981.0,400595.0,400576.0,402396.0,400943.0,394818.0,392927.0,389064.0,384692.0,382237.0
구미시 - 상업지역 - 1인당 도시지역면적 현황,Statistics,8.38,8.24,8.21,8.62,8.989295791,8.817531201,8.952262296,8.9,8.92,8.93,8.93,8.89,8.92,9.06,9.1,9.19,9.29,9.35
구미시 - 주거지역 - 1인당 도시지역면적 현황,Statistics,52.43,51.61,51.37,64.77,67.0765569,65.7948795,65.79540118,65.41,65.51,65.27,68.32,67.88,68.13,69.21,69.54,70.23,71.03,71.49
군산시 - 1인당면적 녹지지역 - 1인당 도시지역면적 현황,Statistics,378.13,375.89,369.99,363.47,354.5395187,349.9161488,341.3504291,345.68,345.8,346.03,338.69,346.04,348.7,351.93,354.91,358.33,357.41,360.83
군산시 - 1인당면적 주+상+공 - 1인당 도시지역면적 현황,Statistics,220.58,219.28,221.89,217.97,218.6427251,215.7945003,210.5562646,213.24,213.12,212.89,210.42,214.9941601,214.52,216.5,218.34,220.44,219.87,221.98
군산시 - 공업지역 - 1인당 도시지역면적 현황,Statistics,125.86,125.11,124.35,122.15,121.8099907,120.2221625,116.9405552,118.43,115.92,113.41,113.88,116.36,117.08,118.16,119.16,120.31,120.0,121.15
군산시 - 도시지역 면적 - 1인당 도시지역면적 현황,Statistics,207483000.0,207483000.0,207448821.0,207448821.0,207448822.0,207448822.0,207398894.0,207398894.0,207398894.0,207398894.0,207398894.0,207398894.0,207398894.0,207398894.0,207398894.0,207398894.0,207398894.0,207398894.0
군산시 - 도시지역 인구 - 1인당 도시지역면적 현황,Statistics,218571.0,219875.0,221875.0,225857.0,231536.0,234594.0,240391.0,237375.0,237375.0,237375.0,241613.0,236478.0,238010.0,235824.0,233841.0,231610.0,232210.0,230010.0
군산시 - 상업지역 - 1인당 도시지역면적 현황,Statistics,14.7,14.61,17.01,16.71,15.92215034,15.71460054,15.33564485,15.53,16.04,16.49,17.58,17.96,17.83,18.0,18.15,18.32,18.28,18.45
군산시 - 주거지역 - 1인당 도시지역면적 현황,Statistics,80.03,79.56,80.53,79.11,80.9105841,79.8577372,78.28006456,79.28,81.16,83.0,78.96,80.67,79.61,80.34,81.02,81.8,81.59,82.37
군위군 - 1인당면적 녹지지역 - 1인당 도시지역면적 현황,Statistics,1254.66,1276.25,1276.25,1328.5,1328.496854,1319.052564,1327.632697,1324.76,1320.94,1323.23,1320.94,1318.65,1335.09,1336.68,1370.35,1388.77,1038.68,
군위군 - 1인당면적 주+상+공 - 1인당 도시지역면적 현황,Statistics,222.61,226.44,226.44,286.5,286.4955522,284.4588539,286.3091934,285.69,289.51,290.02,289.51,289.0140389,292.62,252.7,259.07,262.55,196.36,
군위군 - 공업지역 - 1인당 도시지역면적 현황,Statistics,0.0,0.0,0.0,42.85,42.85094381,42.54631624,42.82307025,42.73,42.73,42.8,42.73,42.66,43.19,0.0,0.0,0.0,,
군위군 - 도시지역 면적 - 1인당 도시지역면적 현황,Statistics,7246000.0,7246000.0,7246000.0,7443500.0,7443500.0,7443500.0,7443500.0,7443500.0,7443500.0,7443500.0,7443500.0,7443500.0,7443500.0,7246000.0,7246000.0,7246000.0,7246000.0,
군위군 - 도시지역 인구 - 1인당 도시지역면적 현황,Statistics,4905.0,4822.0,4822.0,4609.0,4609.0,4642.0,4612.0,4622.0,4622.0,4614.0,4622.0,4630.0,4573.0,4559.0,4447.0,4388.0,5867.0,
군위군 - 상업지역 - 1인당 도시지역면적 현황,Statistics,26.52,26.98,26.98,28.23,28.22738121,28.02671262,28.20901995,28.15,31.97,32.03,31.97,31.92,32.32,32.39,33.21,33.65,25.17,
군위군 - 주거지역 - 1인당 도시지역면적 현황,Statistics,196.09,199.46,199.46,215.42,215.4172272,213.8858251,215.2771032,214.81,214.81,215.18,214.81,214.44,217.11,220.31,225.86,228.9,171.19,
군포시 - 1인당면적 녹지지역 - 1인당 도시지역면적 현황,Statistics,94.47,92.23,91.64,92.26,88.37397727,88.55397259,88.82486465,88.3,87.67,88.51,89.33,90.5,91.26,90.31,90.99,92.75,93.54,95.33
군포시 - 1인당면적 주+상+공 - 1인당 도시지역면적 현황,Statistics,37.94,39.89,39.35,39.61,37.95622114,38.01323731,38.28616202,39.03,38.75,37.96,38.31,38.81188457,40.41,41.87,42.18,43.02,43.41,44.24
군포시 - 공업지역 - 1인당 도시지역면적 현황,Statistics,9.58,9.55,9.47,9.54,9.137562406,9.154705633,9.169163404,9.07,9.01,8.15,8.22,8.33,9.38,9.42,9.49,9.69,9.78,9.96
군포시 - 도시지역 면적 - 1인당 도시지역면적 현황,Statistics,36356455.0,36379999.0,36362000.0,36362000.0,36362000.0,36362000.0,36460654.0,36460654.0,36460654.0,36362000.0,36362000.0,36362000.0,36460228.0,36460228.0,36460228.0,36460323.0,36459541.0,36459541.0
군포시 - 도시지역 인구 - 1인당 도시지역면적 현황,Statistics,274569.0,275351.0,277590.0,275731.0,287833.0,287294.0,286841.0,286344.0,288408.0,287519.0,284890.0,281205.0,276916.0,275852.0,273791.0,268535.0,266213.0,261229.0
군포시 - 상업지역 - 1인당 도시지역면적 현황,Statistics,2.29,2.28,2.17,2.18,2.089555402,2.093475673,2.096781841,2.29,2.28,2.28,2.3,2.33,2.37,2.46,2.48,2.53,2.55,2.6
군포시 - 주거지역 - 1인당 도시지역면적 현황,Statistics,26.08,28.06,27.71,27.89,26.72910333,26.76505601,27.02021678,27.67,27.47,27.53,27.78,28.15,28.66,29.98,30.21,30.8,31.08,31.68
금산군 - 1인당면적 녹지지역 - 1인당 도시지역면적 현황,Statistics,869.72,864.46,709.89,798.0,841.724898,803.0799269,792.1116206,794.58,797.78,802.89,803.4,799.81,801.52,819.65,833.11,848.57,892.75,892.79
금산군 - 1인당면적 주+상+공 - 1인당 도시지역면적 현황,Statistics,184.07,186.03,152.77,171.73,181.1373766,173.3847916,171.0167365,171.55,172.24,173.34,175.95,179.5087947,179.89,183.96,186.98,190.45,200.37,200.38
금산군 - 공업지역 - 1인당 도시지역면적 현황,Statistics,36.01,35.06,28.79,32.37,34.13985282,33.3736012,32.91779117,33.02,33.15,33.37,35.01,35.0,35.08,35.87,36.46,37.14,39.07,39.07
금산군 - 도시지역 면적 - 1인당 도시지역면적 현황,Statistics,29348000.0,29328530.0,29328530.0,29328530.0,29328530.0,29406235.0,29406235.0,29406235.0,29406235.0,29406235.0,29454111.0,29453071.0,29453071.0,29453071.0,29453071.0,29453071.0,29453071.0,29453071.0
금산군 - 도시지역 인구 - 1인당 도시지역면적 현황,Statistics,27850.0,27919.0,33998.0,30244.0,28673.0,30115.0,30532.0,30437.0,30315.0,30122.0,30075.0,30075.0,30011.0,29347.0,28873.0,28347.0,26944.0,26943.0
금산군 - 상업지역 - 1인당 도시지역면적 현황,Statistics,13.57,13.64,11.2,12.59,13.27747358,12.48895899,12.31838727,12.36,12.41,12.49,13.23,13.22,13.25,13.55,13.77,14.02,14.75,14.75
금산군 - 주거지역 - 1인당 도시지역면적 현황,Statistics,134.48,137.33,112.78,126.77,133.7200502,127.5222314,125.7805581,126.17,126.68,127.49,127.72,131.29,131.57,134.55,136.75,139.29,146.55,146.55
금정구 - 1인당면적 녹지지역 - 1인당 도시지역면적 현황,Statistics,210.14,208.42,210.48,214.12,210.4694208,210.9938285,210.1911714,211.99,214.34,217.68,218.92,219.06,220.43,224.02,230.17,234.83,241.97,248.33
금정구 - 1인당면적 주+상+공 - 1인당 도시지역면적 현황,Statistics,37.37,43.3,43.73,44.49,44.71823161,44.89410726,44.72401952,45.11,46.53,47.25,47.53,47.55590279,47.85,48.63,49.97,50.98,52.62,54.0
금정구 - 공업지역 - 1인당 도시지역면적 현황,Statistics,4.0,4.04,4.08,4.15,4.914606979,4.108055905,4.092439341,4.13,4.19,4.25,4.28,4.28,4.31,4.38,4.5,4.59,4.8,4.93
금정구 - 도시지역 면적 - 1인당 도시지역면적 현황,Statistics,65179775.0,65179775.0,65179775.0,65179775.0,65179775.0,65179775.0,65179775.0,65179775.0,65179775.0,65179775.0,65179775.0,65179775.0,65179775.0,65179775.0,65179775.0,65179775.0,65179775.0,65179775.0
금정구 - 도시지역 인구 - 1인당 도시지역면적 현황,Statistics,263338.0,258934.0,256398.0,252039.0,255419.0,254720.0,255692.0,253526.0,249856.0,246026.0,244624.0,244469.0,242956.0,239062.0,232666.0,228049.0,221256.0,215590.0
금정구 - 상업지역 - 1인당 도시지역면적 현황,Statistics,2.41,2.76,2.78,2.83,2.793519668,2.801185616,2.790537052,2.81,2.86,2.9,2.92,2.92,2.94,2.98,3.07,3.13,3.22,3.31
금정구 - 주거지역 - 1인당 도시지역면적 현황,Statistics,30.95,36.5,36.87,37.51,37.01010496,37.98486573,37.84104313,38.16,39.49,40.1,40.33,40.36,40.61,41.27,42.4,43.26,44.59,45.76
금천구 - 1인당면적 녹지지역 - 1인당 도시지역면적 현황,Statistics,11.14,11.32,11.4,11.52,11.50105018,11.58405836,11.59120055,11.7,11.83,11.93,11.98,12.31,12.38,12.44,12.5,12.55,12.61,12.73
금천구 - 1인당면적 주+상+공 - 1인당 도시지역면적 현황,Statistics,41.66,42.35,42.66,43.09,43.02697853,43.33752331,43.3642432,43.77,44.24,44.65,44.82,43.02310401,43.25,43.46,43.66,43.83,44.06,44.47
금천구 - 공업지역 - 1인당 도시지역면적 현황,Statistics,17.36,17.65,17.78,17.96,17.93130366,18.06072183,18.07185722,17.74,17.93,18.1,18.17,17.53,17.62,17.71,17.79,17.86,17.95,18.12
금천구 - 도시지역 면적 - 1인당 도시지역면적 현황,Statistics,13370000.0,13370000.0,13370000.0,13370000.0,13370000.0,13370000.0,13370000.0,13370000.0,13370000.0,13370000.0,13370000.0,13012685.0,13012685.0,13012685.0,13012685.0,13012685.0,13012685.0,13012685.0
금천구 - 도시지역 인구 - 1인당 도시지역면적 현황,Statistics,253243.0,249108.0,247320.0,244835.0,245195.0,243438.0,243288.0,241020.0,238463.0,236284.0,235386.0,235154.0,233917.0,232810.0,231733.0,230811.0,229642.0,227481.0
금천구 - 상업지역 - 1인당 도시지역면적 현황,Statistics,0.7,0.71,0.71,0.72,0.719174535,0.724365136,0.724811746,0.73,0.74,0.75,0.75,0.64,0.64,0.64,0.65,0.65,0.65,0.66
금천구 - 주거지역 - 1인당 도시지역면적 현황,Statistics,23.6,23.99,24.17,24.41,24.37650034,24.55243635,24.56757423,25.3,25.57,25.8,25.9,24.86,24.99,25.11,25.23,25.33,25.45,25.7
기장군 - 1인당면적 녹지지역 - 1인당 도시지역면적 현황,Statistics,2541.16,2522.6,2473.05,2245.49,1951.07938,1814.257348,1691.199605,1453.87,1323.4,1251.26,1207.01,1183.68,1160.65,1161.72,1096.31,1080.13,1071.13,1070.3
기장군 - 1인당면적 주+상+공 - 1인당 도시지역면적 현황,Statistics,207.87,219.86,215.54,195.71,176.8614332,204.6632869,214.4363947,193.47,184.87,174.79,170.16,166.8726268,163.58,163.74,154.51,152.47,151.2,151.25
기장군 - 공업지역 - 1인당 도시지역면적 현황,Statistics,22.97,23.63,23.17,21.04,24.59758963,46.68467552,64.19571252,63.34,59.5,56.25,54.33,53.28,52.2,52.26,49.31,48.68,48.28,47.65
기장군 - 도시지역 면적 - 1인당 도시지역면적 현황,Statistics,221600001.0,221600001.0,221600001.0,221600001.0,221600002.0,221600002.0,221600001.0,221563954.0,221563955.0,221563955.0,221563955.0,221563955.0,221563954.0,221563954.0,221563954.0,221563954.0,221563954.0,221563955.0
기장군 - 도시지역 인구 - 1인당 도시지역면적 현황,Statistics,79334.0,79565.0,81159.0,89384.0,102557.0,108095.0,114566.0,132507.0,144748.0,153093.0,158527.0,161651.0,164864.0,164716.0,174545.0,177125.0,178614.0,178729.0
기장군 - 상업지역 - 1인당 도시지역면적 현황,Statistics,7.67,7.89,7.73,7.02,6.121074134,8.450252093,9.008571478,7.91,7.66,7.24,7.05,6.91,6.77,6.78,6.38,6.29,6.24,6.24
기장군 - 주거지역 - 1인당 도시지역면적 현황,Statistics,177.23,188.34,184.64,167.65,146.1427694,149.5283593,141.2321107,122.23,117.72,111.3,108.79,106.69,104.61,104.7,98.82,97.5,96.68,97.36
김제시 - 1인당면적 녹지지역 - 1인당 도시지역면적 현황,Statistics,746.82,763.68,793.92,773.92,772.996578,760.2929573,794.1112139,777.03,750.15,734.65,729.1,725.04,732.96,744.31,757.38,762.86,757.78,763.56
김제시 - 1인당면적 주+상+공 - 1인당 도시지역면적 현황,Statistics,212.41,217.21,298.42,290.91,290.5608868,288.9715134,301.8251281,295.33,285.12,279.23,277.12,275.5734733,278.58,284.53,289.52,291.62,289.67,299.77
김제시 - 공업지역 - 1인당 도시지역면적 현황,Statistics,8.0,8.19,75.7,73.79,73.70099237,74.70347585,78.02632829,76.35,73.71,72.18,71.64,71.24,72.02,74.36,75.67,76.21,75.71,84.17
김제시 - 도시지역 면적 - 1인당 도시지역면적 현황,Statistics,40845548.0,40845548.0,43773811.0,43773811.0,43773811.0,43831974.0,43831974.0,43831974.0,43831974.0,43831974.0,43831974.0,43831974.0,43831974.0,43831566.0,43831566.0,43831566.0,43831566.0,44158904.0
김제시 - 도시지역 인구 - 1인당 도시지역면적 현황,Statistics,42309.0,41375.0,39834.0,40863.0,40912.0,41774.0,39995.0,40874.0,42339.0,43232.0,43561.0,43805.0,43332.0,42603.0,41868.0,41567.0,41846.0,41529.0
김제시 - 상업지역 - 1인당 도시지역면적 현황,Statistics,20.24,20.69,24.97,24.34,24.31328217,24.58952937,25.68328541,25.13,24.26,23.76,23.58,23.45,23.71,24.04,24.46,24.64,24.48,24.67
김제시 - 주거지역 - 1인당 도시지역면적 현황,Statistics,184.17,188.33,197.76,192.78,192.5466122,189.6785082,198.1155144,193.86,187.15,183.28,181.9,180.88,182.86,186.12,189.39,190.76,189.49,190.94
김천시 - 1인당면적 녹지지역 - 1인당 도시지역면적 현황,Statistics,410.76,425.09,424.83,445.43,442.9601607,442.9601607,445.0235526,445.89,445.89,419.7,411.12,410.5,410.5,403.39,431.37,432.33,431.56,389.85
김천시 - 1인당면적 주+상+공 - 1인당 도시지역면적 현황,Statistics,149.31,178.85,177.83,201.25,201.6793557,201.6793557,217.1199634,217.68,217.68,204.32,202.05,213.1509325,213.15,209.46,223.99,224.49,223.99,202.34
김천시 - 공업지역 - 1인당 도시지역면적 현황,Statistics,28.42,30.06,29.96,41.28,41.18723128,41.18723128,56.34832963,56.49,56.49,53.13,52.21,63.23,63.23,62.13,66.44,66.59,66.4,59.98
김천시 - 도시지역 면적 - 1인당 도시지역면적 현황,Statistics,59925000.0,60629700.0,61493066.0,62213234.0,62159898.0,62159898.0,63578092.0,63551161.0,63551161.0,63548115.0,63548115.0,64622360.0,64622360.0,64622360.0,64622360.0,64622360.0,64622418.0,64622418.0
김천시 - 도시지역 인구 - 1인당 도시지역면적 현황,Statistics,100788.0,100390.0,100700.0,95140.0,95358.0,95358.0,94979.0,94734.0,94734.0,100734.0,102516.0,102516.0,102516.0,104323.0,97556.0,97340.0,97527.0,107962.0
김천시 - 상업지역 - 1인당 도시지역면적 현황,Statistics,13.35,15.93,15.87,16.94,17.00597747,17.00597747,17.06854147,17.11,17.11,16.09,15.81,15.81,15.81,15.54,16.62,16.65,16.62,15.01
김천시 - 주거지역 - 1인당 도시지역면적 현황,Statistics,107.54,132.86,132.0,143.02,143.4861469,143.4861469,143.7030923,144.07,144.07,135.1,134.04,134.11,134.11,131.79,140.93,141.24,140.97,127.35
김포시 - 1인당면적 녹지지역 - 1인당 도시지역면적 현황,Statistics,331.03,588.25,436.21,343.7,313.5637147,342.3883308,307.423534,265.56,243.5,236.28,227.54,210.91,195.43,189.15,174.49,166.57,167.03,166.36
김포시 - 1인당면적 주+상+공 - 1인당 도시지역면적 현황,Statistics,68.74,185.27,143.79,114.12,116.2484518,111.6790709,98.55054716,88.8,81.7,79.17,76.24,70.67294757,65.49,63.38,58.47,66.51,66.7,66.43
김포시 - 공업지역 - 1인당 도시지역면적 현황,Statistics,3.9,21.75,16.21,16.32,13.96847869,16.92335812,15.13126663,15.93,14.62,14.18,13.66,12.66,11.73,11.35,10.47,15.86,15.9,15.84
김포시 - 도시지역 면적 - 1인당 도시지역면적 현황,Statistics,78766127.0,86246478.0,86197707.0,86339707.0,86340668.0,100983682.0,100981181.0,101933117.0,101933117.0,101933117.0,101933117.0,101933117.0,101933117.0,101933117.0,101933117.0,104689413.0,104689413.0,104689413.0
김포시 - 도시지역 인구 - 1인당 도시지역면적 현황,Statistics,110748.0,110757.0,148617.0,188585.0,200880.0,222398.0,248738.0,287653.0,313447.0,323127.0,335547.0,361997.0,390671.0,403643.0,437570.0,449144.0,447903.0,449708.0
김포시 - 상업지역 - 1인당 도시지역면적 현황,Statistics,3.25,8.39,9.79,4.93,8.687216249,8.72963336,7.805212714,6.88,6.36,6.17,5.94,5.51,5.1,4.94,4.56,4.69,4.71,4.69
김포시 - 주거지역 - 1인당 도시지역면적 현황,Statistics,61.59,155.12,117.78,92.88,93.59275687,86.02607937,75.61406781,66.0,60.71,58.82,56.64,52.5,48.65,47.09,43.44,45.96,46.09,45.9
김해시 - 1인당면적 녹지지역 - 1인당 도시지역면적 현황,Statistics,509.5,498.09,652.94,461.44,450.235399,437.4308293,437.0171609,423.79,417.92,416.0,417.57,410.52,409.82,398.57,393.93,399.39,397.01,396.72
김해시 - 1인당면적 주+상+공 - 1인당 도시지역면적 현황,Statistics,99.55,98.0,132.45,93.65,92.68024837,101.3394807,106.2755861,105.85,107.59,107.94,109.91,114.1554712,114.75,111.54,111.91,111.06,115.03,115.1
김해시 - 공업지역 - 1인당 도시지역면적 현황,Statistics,18.08,17.69,26.31,18.63,19.15034532,22.09995602,24.94034072,26.88,28.39,28.65,30.09,34.29,34.16,33.17,32.97,33.53,33.75,33.86
김해시 - 도시지역 면적 - 1인당 도시지역면적 현황,Statistics,262863000.0,262863000.0,262947088.0,262947091.0,263269027.0,263396723.0,264919866.0,265480936.0,266255956.0,266443911.0,266906655.0,267087103.0,267087930.0,267062845.0,267067205.0,267179611.0,266886091.0,266886583.0
김해시 - 도시지역 인구 - 1인당 도시지역면적 현황,Statistics,431595.0,440976.0,334796.0,473701.0,484917.0,488885.0,487619.0,501255.0,506661.0,508538.0,505673.0,508718.0,508824.0,523200.0,527618.0,523080.0,520774.0,520994.0
김해시 - 상업지역 - 1인당 도시지역면적 현황,Statistics,8.6,8.42,11.09,7.84,7.653676815,7.987708766,8.30124544,8.08,8.4,8.37,8.42,8.37,8.04,7.82,7.75,8.14,7.91,7.91
김해시 - 주거지역 - 1인당 도시지역면적 현황,Statistics,72.87,71.89,95.05,67.18,65.87622624,71.25181587,73.03399991,70.89,70.79,70.92,71.41,71.5,72.54,70.55,71.19,69.4,73.36,73.34
나주시 - 1인당면적 녹지지역 - 1인당 도시지역면적 현황,Statistics,1837.23,1837.79,1833.47,1874.14,1865.42791,1939.522009,1942.972147,1892.83,1633.95,1432.15,1285.12,1209.41,1106.06,1070.1,1061.37,1053.48,1015.23,1007.27
나주시 - 1인당면적 주+상+공 - 1인당 도시지역면적 현황,Statistics,257.58,414.6,422.03,431.39,497.8200674,517.5932944,518.5140202,506.39,427.47,374.76,336.29,316.4745053,289.43,280.83,278.54,285.8,281.27,279.06
나주시 - 공업지역 - 1인당 도시지역면적 현황,Statistics,42.17,43.7,43.7,44.67,99.83074157,103.7959813,103.9806198,101.3,73.51,64.49,57.87,54.46,49.8,48.15,47.76,50.93,49.31,48.92
나주시 - 도시지역 면적 - 1인당 도시지역면적 현황,Statistics,95190140.0,102454635.0,102596082.0,102596082.0,105164535.0,105164535.0,105164535.0,105169938.0,104165701.0,104170378.0,104170378.0,104170378.0,104170378.0,104208246.0,104208246.0,105204946.0,105204946.0,105204942.0
나주시 - 도시지역 인구 - 1인당 도시지역면적 현황,Statistics,45441.0,45487.0,45487.0,44500.0,44500.0,42800.0,42724.0,43835.0,50531.0,57651.0,64247.0,68269.0,74648.0,77138.0,77773.0,78553.0,81145.0,81787.0
나주시 - 상업지역 - 1인당 도시지역면적 현황,Statistics,19.46,29.14,29.54,30.2,30.20586517,31.40563084,31.46149705,30.67,26.6,23.32,20.92,19.69,18.01,17.43,17.29,18.09,17.51,17.38
나주시 - 주거지역 - 1인당 도시지역면적 현황,Statistics,195.95,341.76,348.79,356.53,367.7834607,382.3916822,383.0719034,374.42,327.36,286.96,257.5,242.33,221.62,215.24,213.49,216.78,214.45,212.77
남구 - 1인당면적 녹지지역 - 1인당 도시지역면적 현황,Statistics,41.65,42.0,41.77,41.82,43.10506336,43.59246207,44.16906671,44.08,44.81,45.43,46.13,46.96,45.95,46.86,48.04,49.08,50.17,50.6
남구 - 1인당면적 주+상+공 - 1인당 도시지역면적 현황,Statistics,51.77,53.15,52.85,52.92,52.26729054,52.85829202,53.58878681,53.48,54.37,55.12,55.97,56.97716667,55.74,56.85,58.28,59.54,60.87,61.39
남구 - 공업지역 - 1인당 도시지역면적 현황,Statistics,14.78,15.1,15.01,15.03,15.35069591,15.52426971,15.73465442,15.7,16.38,16.61,16.86,17.17,16.8,17.13,17.56,17.94,18.34,18.5
남구 - 도시지역 면적 - 1인당 도시지역면적 현황,Statistics,42507260.0,42507260.0,42507260.0,42507260.0,42507260.0,42507261.0,42507261.0,42507261.0,42507261.0,42507261.0,42507261.0,42507261.0,42507261.0,42507261.0,42507261.0,42507261.0,42507261.0,42507261.0
남구 - 도시지역 인구 - 1인당 도시지역면적 현황,Statistics,297893.0,296666.0,298314.0,297963.0,298458.0,295121.0,291175.0,291770.0,286989.0,283101.0,278779.0,273854.0,279917.0,274480.0,267731.0,262069.0,256333.0,254185.0
남구 - 상업지역 - 1인당 도시지역면적 현황,Statistics,4.23,4.25,4.22,4.23,3.363709467,3.429667831,3.476146647,3.47,3.62,3.67,3.73,3.8,3.71,3.79,3.88,3.97,4.06,4.09
남구 - 주거지역 - 1인당 도시지역면적 현황,Statistics,32.76,33.81,33.62,33.66,33.55288516,33.90435449,34.37798575,34.31,34.36,34.84,35.38,36.01,35.23,35.93,36.84,37.63,38.47,38.8
남동구 - 1인당면적 녹지지역 - 1인당 도시지역면적 현황,Statistics,72.71,63.78,60.26,58.52,58.56294054,55.95716987,55.05402733,54.68,56.55,54.77,54.81,54.24,52.97,53.41,54.18,54.92,56.23,57.48
남동구 - 1인당면적 주+상+공 - 1인당 도시지역면적 현황,Statistics,67.23,64.59,61.02,59.26,60.71389223,58.01245083,57.07613628,56.69,54.41,52.69,52.73,52.18489577,53.0,53.45,54.2,54.94,56.25,57.82
남동구 - 공업지역 - 1인당 도시지역면적 현황,Statistics,19.8,18.16,17.16,16.66,23.9152048,22.8510926,22.48227849,22.33,19.66,19.04,19.05,18.85,19.2,19.36,19.61,19.88,20.36,20.92
남동구 - 도시지역 면적 - 1인당 도시지역면적 현황,Statistics,68528631.0,68528631.0,68528631.0,68528631.0,70415594.0,70415612.0,70415612.0,70415612.0,69090152.0,69090152.0,69090152.0,69090152.0,68648644.0,68648644.0,68657807.0,68657807.0,68657808.0,56793522.0
남동구 - 도시지역 인구 - 1인당 도시지역면적 현황,Statistics,390044.0,425217.0,450054.0,463414.0,473423.0,495469.0,503597.0,507021.0,514656.0,531395.0,530982.0,536578.0,537161.0,532704.0,525354.0,518272.0,506181.0,492415.0
남동구 - 상업지역 - 1인당 도시지역면적 현황,Statistics,4.03,4.04,3.82,3.71,4.178081758,3.992177109,3.927743811,3.9,3.88,3.75,3.76,3.72,3.72,3.75,3.83,3.88,3.97,4.08
남동구 - 주거지역 - 1인당 도시지역면적 현황,Statistics,43.4,42.39,40.05,38.89,32.62060567,31.16918112,30.66611398,30.46,30.88,29.9,29.93,29.62,30.08,30.33,30.76,31.18,31.92,32.82
남양주시 - 1인당면적 녹지지역 - 1인당 도시지역면적 현황,Statistics,529.88,493.66,484.26,462.54,419.759188,406.387125,390.9182464,367.02,356.11,343.36,338.5,341.47,333.2,317.85,308.6,290.15,286.43,288.12
남양주시 - 1인당면적 주+상+공 - 1인당 도시지역면적 현황,Statistics,39.32,49.82,49.34,48.15,55.54821437,57.13476961,56.32604941,55.62,54.87,69.13,68.59,69.08334734,67.41,65.94,64.04,72.09,73.66,74.09
남양주시 - 공업지역 - 1인당 도시지역면적 현황,Statistics,0.32,0.31,0.6,1.01,1.182262309,1.152947466,1.11245916,1.05,1.02,0.99,0.95,0.96,0.94,0.9,0.87,0.85,0.82,0.82
남양주시 - 도시지역 면적 - 1인당 도시지역면적 현황,Statistics,231566000.0,232016098.0,231454401.0,231965440.0,234083192.0,234083192.0,234083192.0,234083363.0,234083363.0,241792389.0,241792390.0,241792389.0,241792390.0,242423014.0,242423014.0,242423014.0,242423014.0,242423014.0
남양주시 - 도시지역 인구 - 1인당 도시지역면적 현황,Statistics,406527.0,425901.0,433754.0,453634.0,492488.0,505010.0,523390.0,553861.0,569574.0,586178.0,593952.0,588945.0,603555.0,631647.0,650548.0,669224.0,673236.0,669290.0
남양주시 - 상업지역 - 1인당 도시지역면적 현황,Statistics,1.13,1.69,1.66,1.59,1.915811147,2.28179244,2.220718776,2.53,2.5,2.43,2.4,2.42,2.36,2.44,2.37,3.63,3.85,3.88
남양주시 - 주거지역 - 1인당 도시지역면적 현황,Statistics,37.86,47.82,47.08,45.54,52.45014092,53.7000297,52.99287147,52.04,51.34,65.71,65.24,65.7,64.11,62.61,60.8,67.61,68.99,69.39
남원시 - 1인당면적 녹지지역 - 1인당 도시지역면적 현황,Statistics,392.08,395.47,414.27,429.55,390.1870493,362.3406015,365.1510714,365.71,365.71,372.67,374.19,377.47,381.17,387.14,390.88,392.5,399.89,404.09
남원시 - 1인당면적 주+상+공 - 1인당 도시지역면적 현황,Statistics,142.49,143.72,150.55,156.11,145.6156413,142.9540733,144.0628868,144.28,144.28,147.03,147.63,163.1583905,164.76,167.34,168.96,169.66,172.85,174.67
남원시 - 공업지역 - 1인당 도시지역면적 현황,Statistics,10.1,10.19,10.67,11.06,13.06177578,17.94767914,18.08688907,18.11,18.11,18.46,18.53,32.38,32.7,33.21,33.53,33.67,34.3,34.66
남원시 - 도시지역 면적 - 1인당 도시지역면적 현황,Statistics,29871000.0,29871000.0,29871000.0,29871000.0,29871000.0,29871000.0,29871000.0,29871000.0,29871000.0,29871000.0,29871000.0,30647473.0,30647473.0,30647473.0,30647473.0,30647473.0,30647473.0,30647473.0
남원시 - 도시지역 인구 - 1인당 도시지역면적 현황,Statistics,55879.0,55399.0,52886.0,51004.0,55750.0,59116.0,58661.0,58571.0,58571.0,57478.0,57244.0,56689.0,56138.0,55273.0,54744.0,54518.0,53510.0,52954.0
남원시 - 상업지역 - 1인당 도시지역면적 현황,Statistics,17.65,17.8,18.64,19.33,17.19913901,16.21983896,16.34564702,16.37,16.37,16.68,16.75,17.27,17.44,17.71,17.88,17.96,18.3,18.49
남원시 - 주거지역 - 1인당 도시지역면적 현황,Statistics,114.74,115.74,121.24,125.71,115.3547265,108.7865552,109.6303507,109.8,109.8,111.89,112.34,113.51,114.62,116.42,117.54,118.03,120.25,121.51
남해군 - 1인당면적 녹지지역 - 1인당 도시지역면적 현황,Statistics,777.76,733.75,750.77,775.36,741.2200902,726.5507053,756.1059013,764.99,774.95,770.34,777.63,775.07,783.4,774.43,786.25,799.65,812.57,828.82
남해군 - 1인당면적 주+상+공 - 1인당 도시지역면적 현황,Statistics,97.38,91.87,94.0,108.5,103.7203408,101.6676258,105.8049226,107.05,108.44,107.8,108.82,108.4585611,109.62,108.37,110.02,111.3,113.1,115.36
남해군 - 공업지역 - 1인당 도시지역면적 현황,Statistics,0.0,0.0,0.0,0.0,0.0,0.0,0.0,0.0,0.0,0.0,0.0,0.0,0.0,0.0,0.0,0.0,,0.0
남해군 - 도시지역 면적 - 1인당 도시지역면적 현황,Statistics,12794000.0,12794000.0,12794000.0,11801283.0,11801283.0,11801283.0,11801283.0,11801283.0,11801283.0,11801283.0,11801283.0,11801283.0,11801283.0,11801283.0,11801283.0,11801283.0,11801283.0,11801283.0
남해군 - 도시지역 인구 - 1인당 도시지역면적 현황,Statistics,13655.0,14474.0,14146.0,13352.0,13967.0,14249.0,13692.0,13533.0,13359.0,13439.0,13313.0,13357.0,13215.0,13368.0,13167.0,12955.0,12749.0,12499.0
남해군 - 상업지역 - 1인당 도시지역면적 현황,Statistics,11.9,11.23,11.49,13.77,13.15901768,12.89858937,13.41754309,13.58,13.75,13.67,13.8,13.75,13.9,13.74,13.95,14.22,14.45,14.74
남해군 - 주거지역 - 1인당 도시지역면적 현황,Statistics,85.48,80.64,82.51,94.73,90.56132312,88.76903642,92.38737949,93.47,94.69,94.13,95.02,94.7,95.72,94.63,96.07,97.07,98.64,100.62
노원구 - 1인당면적 녹지지역 - 1인당 도시지역면적 현황,Statistics,36.38,36.67,36.12,36.41,36.36995403,36.81011707,37.22562539,37.6,38.11,38.64,39.11,37.93,38.67,39.46,40.2,41.15,41.74,42.2
노원구 - 1인당면적 주+상+공 - 1인당 도시지역면적 현황,Statistics,20.99,20.82,21.45,21.67,21.64421413,21.90529697,22.15256142,22.45,22.76,23.07,23.37,26.27936898,26.79,27.25,27.76,28.42,28.82,29.14
노원구 - 공업지역 - 1인당 도시지역면적 현황,Statistics,0.0,0.0,0.0,0.0,0.0,0.0,0.0,0.0,0.0,0.0,0.0,0.0,0.0,0.0,0.0,0.0,,0.0
노원구 - 도시지역 면적 - 1인당 도시지역면적 현황,Statistics,35460000.0,35455910.0,35460000.0,35460000.0,35460000.0,35460000.0,35460000.0,35460032.0,35460032.0,35459862.0,35459862.0,35595942.0,35595942.0,35545790.0,35546826.0,35546825.0,35543309.0,35543308.0
노원구 - 도시지역 인구 - 1인당 도시지역면적 현황,Statistics,618093.0,616753.0,615981.0,610616.0,611230.0,603930.0,597189.0,590479.0,582552.0,574583.0,567581.0,554403.0,543752.0,532905.0,523037.0,510956.0,503734.0,498213.0
노원구 - 상업지역 - 1인당 도시지역면적 현황,Statistics,0.92,0.92,0.92,0.93,0.930517154,0.941764774,0.952395305,0.96,0.98,0.99,1.0,1.06,1.08,1.11,1.13,1.16,1.19,0.95
노원구 - 주거지역 - 1인당 도시지역면적 현황,Statistics,20.07,19.9,20.52,20.73,20.71369697,20.9635322,21.20016611,21.49,21.78,22.08,22.36,25.22,25.71,26.14,26.63,27.26,27.63,28.19
논산시 - 1인당면적 녹지지역 - 1인당 도시지역면적 현황,Statistics,520.07,525.4,537.86,538.43,532.4186509,522.3425914,523.7473512,522.1,529.31,526.63,527.15,531.68,537.69,511.66,577.19,586.38,594.04,614.65
논산시 - 1인당면적 주+상+공 - 1인당 도시지역면적 현황,Statistics,108.63,114.26,116.97,133.33,131.8119027,134.0788031,143.7668904,136.19,138.42,136.46,136.59,137.379283,138.93,132.21,149.14,151.51,153.49,146.88
논산시 - 공업지역 - 1인당 도시지역면적 현황,Statistics,8.14,8.28,8.48,24.44,24.16594149,24.01297794,33.13423785,25.81,26.52,26.22,26.25,24.79,25.07,23.85,26.91,27.34,27.69,16.8
논산시 - 도시지역 면적 - 1인당 도시지역면적 현황,Statistics,48564641.0,48564642.0,49046133.0,49766840.0,49769435.0,49821071.0,50526823.0,49821072.0,49847710.0,49847710.0,49847710.0,49850582.0,49850582.0,49850582.0,49850582.0,49850582.0,49850582.0,49085759.0
논산시 - 도시지역 인구 - 1인당 도시지역면적 현황,Statistics,77245.0,75922.0,74163.0,74085.0,74924.0,75898.0,75694.0,75683.0,74652.0,75175.0,75102.0,74509.0,73676.0,77424.0,68633.0,67558.0,66687.0,64457.0
논산시 - 상업지역 - 1인당 도시지역면적 현황,Statistics,8.95,9.1,9.32,9.33,9.226215899,9.590265883,9.616112241,9.62,9.75,9.57,9.58,9.23,9.34,8.88,10.02,10.18,10.31,10.67
논산시 - 주거지역 - 1인당 도시지역면적 현황,Statistics,91.55,96.88,99.18,99.56,98.41974534,100.4755593,101.0165403,100.76,102.15,100.66,100.76,103.36,104.53,99.47,112.21,114.0,115.48,119.41
단양군 - 1인당면적 녹지지역 - 1인당 도시지역면적 현황,Statistics,1566.1,1619.31,1641.39,1639.17,1658.048491,1673.181328,1701.147185,1712.06,1738.56,1750.87,1781.2,1820.09,1817.69,1847.71,2215.0,2264.44,2312.98,2307.89
단양군 - 1인당면적 주+상+공 - 1인당 도시지역면적 현황,Statistics,246.84,255.22,278.17,277.8,284.0295848,286.6218936,291.412544,293.28,297.82,299.93,305.13,311.7870215,311.38,316.52,379.44,387.91,396.22,395.35
단양군 - 공업지역 - 1인당 도시지역면적 현황,Statistics,104.11,107.65,128.34,128.17,133.3514765,134.5685617,136.8177651,137.7,139.83,140.82,143.26,146.38,146.19,148.61,178.14,182.12,186.03,185.62
단양군 - 도시지역 면적 - 1인당 도시지역면적 현황,Statistics,35200000.0,35200000.0,35502234.0,35502234.0,35644901.0,35644901.0,35644901.0,35644901.0,35644901.0,35644901.0,35644901.0,35644901.0,35644901.0,35644901.0,35644901.0,35644901.0,35644901.0,35644901.0
단양군 - 도시지역 인구 - 1인당 도시지역면적 현황,Statistics,19416.0,18778.0,18495.0,18520.0,18354.0,18188.0,17889.0,17775.0,17504.0,17381.0,17085.0,16720.0,16742.0,16470.0,13739.0,13439.0,13157.0,13186.0
단양군 - 상업지역 - 1인당 도시지역면적 현황,Statistics,19.87,20.55,20.86,20.83,22.7846246,22.99257752,23.37687965,23.53,23.89,24.06,24.48,25.01,24.98,25.39,30.44,31.12,31.78,31.71
단양군 - 주거지역 - 1인당 도시지역면적 현황,Statistics,122.85,127.02,128.97,128.79,127.8934837,129.0607543,131.2178993,132.06,134.1,135.05,137.39,140.39,140.21,142.52,170.85,174.67,178.41,178.02
달서구 - 1인당면적 녹지지역 - 1인당 도시지역면적 현황,Statistics,,,0.0,0.0,46.43144183,45.58793126,45.61143635,45.29,45.59,45.88,46.71,47.83,48.22,48.53,49.42,50.69,51.48,52.37
달서구 - 1인당면적 주+상+공 - 1인당 도시지역면적 현황,Statistics,,,0.0,0.0,56.26011106,57.19550501,57.16714835,56.85,57.21,57.57,58.61,60.013405,60.5,61.05,62.17,63.73,64.68,65.81
달서구 - 공업지역 - 1인당 도시지역면적 현황,Statistics,,,0.0,0.0,18.70629551,18.72298044,18.71873872,18.64,18.75,18.87,19.21,19.67,19.83,20.04,20.41,20.92,21.23,21.6
달서구 - 도시지역 면적 - 1인당 도시지역면적 현황,Statistics,,,0.0,0.0,62342296.0,62342471.0,62341070.0,62341087.0,62340753.0,62341541.0,62339776.0,62343286.0,62341432.0,62339757.0,62340042.0,62352606.0,62374778.0,62371265.0
달서구 - 도시지역 인구 - 1인당 도시지역면적 현황,Statistics,,,594616.0,598011.0,607083.0,606542.0,606557.0,610358.0,606433.0,602641.0,591891.0,578068.0,573413.0,568887.0,558631.0,544926.0,536989.0,527781.0
달서구 - 상업지역 - 1인당 도시지역면적 현황,Statistics,,,0.0,0.0,3.993888809,4.0265637,4.02645753,4.0,4.03,4.05,4.13,4.22,4.26,4.29,4.37,4.48,4.55,4.63
달서구 - 주거지역 - 1인당 도시지역면적 현황,Statistics,,,0.0,0.0,33.55992673,34.44596087,34.4219521,34.21,34.43,34.64,35.27,36.12,36.41,36.71,37.39,38.33,38.9,39.57
달성군 - 1인당면적 녹지지역 - 1인당 도시지역면적 현황,Statistics,,,0.0,0.0,1862.603468,1845.32227,1805.314056,1806.35,1801.15,1727.65,1529.05,1371.36,1331.88,1305.89,1291.7,1277.1,1279.27,1284.48
달성군 - 1인당면적 주+상+공 - 1인당 도시지역면적 현황,Statistics,,,0.0,0.0,243.8474946,241.8913972,236.9921793,235.98,235.24,225.98,196.0,175.7925662,170.72,166.99,165.18,163.23,162.78,163.65
달성군 - 공업지역 - 1인당 도시지역면적 현황,Statistics,,,0.0,0.0,110.4989459,109.8270564,107.5084774,106.56,106.23,102.21,90.25,80.95,78.61,76.94,76.1,75.2,74.99,75.5
달성군 - 도시지역 면적 - 1인당 도시지역면적 현황,Statistics,,,0.0,0.0,376702945.0,376303752.0,376303093.0,376284892.0,376362104.0,376372147.0,376376084.0,376371857.0,376384952.0,377799698.0,377788398.0,377972263.0,379471535.0,379469499.0
달성군 - 도시지역 인구 - 1인당 도시지역면적 현황,Statistics,,,170915.0,176062.0,178833.0,180290.0,184254.0,184243.0,184818.0,192653.0,218182.0,243268.0,250489.0,256503.0,259313.0,262420.0,263148.0,262041.0
달성군 - 상업지역 - 1인당 도시지역면적 현황,Statistics,,,0.0,0.0,7.207998524,7.149747629,7.89802121,7.73,7.7,7.39,6.2,5.57,5.4,5.27,5.21,5.15,5.14,5.16
달성군 - 주거지역 - 1인당 도시지역면적 현황,Statistics,,,0.0,0.0,126.1405501,124.9145932,121.5856806,121.69,121.31,116.37,99.55,89.28,86.71,84.79,83.87,82.88,82.65,83.0
담양군 - 1인당면적 녹지지역 - 1인당 도시지역면적 현황,Statistics,4443.64,4318.0,4318.0,4338.99,4202.287235,4202.431489,4202.287235,4204.99,4188.69,4188.69,4182.7,4177.7,4210.59,4245.03,4240.42,4249.09,4277.88,4317.54
담양군 - 1인당면적 주+상+공 - 1인당 도시지역면적 현황,Statistics,129.93,263.19,263.19,316.32,330.3112772,330.1670226,330.3112772,347.61,346.26,346.26,374.65,374.19927,377.15,380.23,379.4,380.67,383.25,386.8
담양군 - 공업지역 - 1인당 도시지역면적 현황,Statistics,11.27,11.28,11.28,11.47,14.14976578,14.00551116,14.14976578,31.44,31.32,31.32,31.18,31.14,31.38,31.64,22.16,22.21,22.36,22.57
담양군 - 도시지역 면적 - 1인당 도시지역면적 현황,Statistics,137541100.0,137541100.0,137541100.0,137541100.0,131590400.0,131590400.0,131590400.0,132170907.0,132170907.0,133453605.0,133448080.0,133448080.0,133448080.0,133448080.0,133448209.0,133448210.0,133448210.0,133448210.0
담양군 - 도시지역 인구 - 1인당 도시지역면적 현황,Statistics,30073.0,30023.0,30023.0,29545.0,29032.0,29032.0,29032.0,29032.0,29145.0,29145.0,29282.0,29317.0,29088.0,28852.0,28886.0,28824.0,28630.0,28367.0
담양군 - 상업지역 - 1인당 도시지역면적 현황,Statistics,8.5,8.52,8.52,8.65,8.804112703,8.804112703,8.804112703,8.8,8.77,8.77,11.54,11.52,11.61,11.71,11.69,11.72,11.8,11.91
담양군 - 주거지역 - 1인당 도시지역면적 현황,Statistics,110.17,243.39,243.39,296.2,307.3573987,307.3573987,307.3573987,307.36,306.17,306.17,331.93,331.54,334.15,336.88,345.55,346.74,349.09,352.33
당진군 - 1인당면적 녹지지역 - 1인당 도시지역면적 현황,Statistics,433.23,389.94,424.79,396.83,370.7573598,357.2282183,,,,,,,,,,,,
당진군 - 1인당면적 주+상+공 - 1인당 도시지역면적 현황,Statistics,216.75,270.96,495.62,546.64,555.9826954,527.1760823,,,,,,,,,,,,
당진군 - 공업지역 - 1인당 도시지역면적 현황,Statistics,94.99,151.75,343.92,402.0,415.5127243,400.8065232,,,,,,,,,,,,
당진군 - 도시지역 면적 - 1인당 도시지역면적 현황,Statistics,84089000.0,86091000.0,103396829.0,106917543.0,83688407.0,84313090.0,,,,,,,,,,,,
당진군 - 도시지역 인구 - 1인당 도시지역면적 현황,Statistics,55235.0,60244.0,62060.0,73598.0,79690.0,84222.0,,,,,,,,,,,,
당진군 - 상업지역 - 1인당 도시지역면적 현황,Statistics,6.98,7.02,16.26,15.43,15.02768227,13.9280948,,,,,,,,,,,,
당진군 - 주거지역 - 1인당 도시지역면적 현황,Statistics,114.78,112.19,135.44,129.21,125.4422889,112.4414642,,,,,,,,,,,,
당진시 - 1인당면적 녹지지역 - 1인당 도시지역면적 현황,Statistics,,,,,,,344.236771,331.53,324.46,306.34,292.35,282.82,281.03,282.87,281.33,279.26,278.63,269.95
당진시 - 1인당면적 주+상+공 - 1인당 도시지역면적 현황,Statistics,,,,,,,531.4094686,467.82,457.84,436.32,421.33,410.9419286,412.34,422.99,426.03,427.53,419.74,407.37
당진시 - 공업지역 - 1인당 도시지역면적 현황,Statistics,,,,,,,409.5914698,361.42,353.71,337.12,324.44,312.71,314.44,317.21,319.19,316.02,310.33,300.98
당진시 - 도시지역 면적 - 1인당 도시지역면적 현황,Statistics,,,,,,,86346852.0,74846976.0,74846976.0,75098153.0,76388108.0,74584470.0,74954163.0,75160787.0,75159380.0,75847910.0,76346790.0,76345800.0
당진시 - 도시지역 인구 - 1인당 도시지역면적 현황,Statistics,,,,,,,87384.0,91800.0,93800.0,99160.0,103035.0,106128.0,106721.0,106481.0,106253.0,107314.0,109321.0,112718.0
당진시 - 상업지역 - 1인당 도시지역면적 현황,Statistics,,,,,,,13.42417376,12.1,11.84,11.46,11.13,11.06,10.99,11.66,10.59,16.0,15.71,15.23
당진시 - 주거지역 - 1인당 도시지역면적 현황,Statistics,,,,,,,108.393825,94.3,92.29,87.74,85.76,87.17,86.91,94.11,96.25,95.5,93.7,91.16
대구광역시 - 1인당면적 녹지지역 - 1인당 도시지역면적 현황,Statistics,257.91,253.29,252.52,249.65,247.270784,247.3219829,247.2210672,247.38,248.23,248.39,248.78,250.04,251.35,254.28,256.12,259.74,262.74,265.96
대구광역시 - 1인당면적 주+상+공 - 1인당 도시지역면적 현황,Statistics,63.99,67.04,67.88,71.11,70.66698016,71.04728128,71.34116906,71.64,71.87,72.37,72.61,73.03490695,73.44,74.24,75.07,76.12,76.81,77.64
대구광역시 - 공업지역 - 1인당 도시지역면적 현황,Statistics,12.23,13.09,13.5,16.11,15.85182718,15.89750018,15.91048606,15.87,15.93,16.19,16.45,16.6,16.69,16.94,17.08,17.31,17.48,17.55
대구광역시 - 도시지역 면적 - 1인당 도시지역면적 현황,Statistics,803429795.0,798496384.0,798504995.0,798467527.0,798498469.0,798083296.0,798032488.0,797883045.0,797940177.0,797962749.0,797969025.0,798003179.0,797919337.0,799328917.0,799299015.0,799509757.0,801033747.0,808195732.0
대구광역시 - 도시지역 인구 - 1인당 도시지역면적 현황,Statistics,2495959.0,2492739.0,2492268.0,2489310.0,2511493.0,2506785.0,2505107.0,2501055.0,2492760.0,2487735.0,2482847.0,2469995.0,2456722.0,2433088.0,2413450.0,2380498.0,2359056.0,2352173.0
대구광역시 - 상업지역 - 1인당 도시지역면적 현황,Statistics,6.87,7.07,7.1,7.2,7.268048129,7.290138165,7.404683712,7.43,7.48,7.35,7.37,7.4,7.44,7.55,7.65,7.75,7.82,7.91
대구광역시 - 주거지역 - 1인당 도시지역면적 현황,Statistics,44.89,46.88,47.28,47.8,47.54710485,47.85964293,48.02599929,48.34,48.46,48.83,48.79,49.03,49.3,49.75,50.35,51.06,51.51,52.17
대덕구 - 1인당면적 녹지지역 - 1인당 도시지역면적 현황,Statistics,220.06,224.25,226.72,229.76,230.4216257,233.595055,233.1987039,234.71,237.98,243.68,248.49,256.38,274.52,280.75,281.87,284.02,287.8,292.7
대덕구 - 1인당면적 주+상+공 - 1인당 도시지역면적 현황,Statistics,94.76,96.57,97.18,98.95,99.24228014,99.60984031,99.44082786,100.09,101.48,103.91,106.59,109.6921274,102.93,109.07,109.38,110.22,111.69,113.59
대덕구 - 공업지역 - 1인당 도시지역면적 현황,Statistics,43.75,44.58,43.7,44.66,44.78682624,45.26572156,45.18891719,45.48,46.11,47.22,47.7,49.18,45.34,49.88,49.98,50.36,51.03,51.9
대덕구 - 도시지역 면적 - 1인당 도시지역면적 현황,Statistics,68421417.0,68421417.0,68421417.0,68421417.0,68421414.0,68419960.0,68419960.0,68419960.0,68419960.0,68419960.0,68419960.0,68419960.0,68692125.0,69010118.0,69010118.0,69010118.0,69010118.0,69010118.0
대덕구 - 도시지역 인구 - 1인당 도시지역면적 현황,Statistics,217332.0,213275.0,211241.0,208147.0,207549.0,205339.0,205688.0,204360.0,201558.0,196839.0,192688.0,186902.0,181991.0,177031.0,176384.0,175046.0,172746.0,169853.0
대덕구 - 상업지역 - 1인당 도시지역면적 현황,Statistics,1.99,2.03,2.05,2.08,2.08278527,2.16173742,2.158069503,2.17,2.2,2.26,2.37,2.45,2.79,2.74,2.75,2.77,2.8,2.85
대덕구 - 주거지역 - 1인당 도시지역면적 현황,Statistics,49.03,49.96,51.44,52.21,52.37266862,52.18238133,52.09384116,52.43,53.16,54.44,56.52,58.07,54.8,56.45,56.66,57.09,57.85,58.84
대전광역시 - 1인당면적 녹지지역 - 1인당 도시지역면적 현황,Statistics,274.99,273.17,276.34,275.38,267.7477015,266.3229276,264.4835655,262.17,262.33,264.83,265.55,267.68,271.43,270.75,272.79,274.98,276.15,276.89
대전광역시 - 1인당면적 주+상+공 - 1인당 도시지역면적 현황,Statistics,63.22,62.84,63.57,63.81,62.11061299,61.48382713,61.36706297,60.97,61.02,62.4,62.64,63.16327239,62.53,65.64,66.12,66.65,66.93,67.11
대전광역시 - 공업지역 - 1인당 도시지역면적 현황,Statistics,9.8,9.74,9.66,9.65,9.382274145,9.309236674,9.311105347,9.42,9.43,9.46,9.42,9.5,8.95,11.59,11.67,11.76,11.81,11.84
대전광역시 - 도시지역 면적 - 1인당 도시지역면적 현황,Statistics,494959003.0,494959003.0,494959003.0,494959003.0,494958998.0,494957058.0,494957655.0,495269034.0,495258867.0,495546287.0,495546287.0,495546171.0,495818299.0,496123890.0,496123890.0,496123890.0,496123890.0,496123890.0
대전광역시 - 도시지역 인구 - 1인당 도시지역면적 현황,Statistics,1463445.0,1473052.0,1456131.0,1459232.0,1500520.0,1509905.0,1518971.0,1532654.0,1531653.0,1514356.0,1509956.0,1497816.0,1484652.0,1474870.0,1463882.0,1452251.0,1446072.0,1442216.0
대전광역시 - 상업지역 - 1인당 도시지역면적 현황,Statistics,5.68,5.64,5.71,6.07,5.877503132,5.866828708,5.831812457,5.78,5.78,5.8,5.83,5.88,5.93,6.03,6.07,6.12,6.15,6.16
대전광역시 - 주거지역 - 1인당 도시지역면적 현황,Statistics,47.74,47.46,48.2,48.09,46.85083571,46.30776175,46.22414516,45.77,45.81,47.13,47.39,47.79,47.65,48.02,48.38,48.77,48.98,49.11
도봉구 - 1인당면적 녹지지역 - 1인당 도시지역면적 현황,Statistics,22.93,27.7,23.28,23.36,23.45319279,23.6280141,23.84344274,24.09,24.42,24.59,24.81,31.5,31.94,32.52,31.94,32.73,33.32,33.82
도봉구 - 1인당면적 주+상+공 - 1인당 도시지역면적 현황,Statistics,32.3,27.73,32.48,33.03,33.15857268,33.40573839,33.71031551,34.06,34.53,34.77,35.07,28.58390137,28.98,29.51,32.14,32.93,33.55,34.07
도봉구 - 공업지역 - 1인당 도시지역면적 현황,Statistics,4.89,4.79,4.06,4.11,4.123761193,4.154499922,4.192378613,4.24,4.29,4.32,4.36,4.33,4.39,4.47,4.53,4.64,4.73,4.8
도봉구 - 도시지역 면적 - 1인당 도시지역면적 현황,Statistics,20850000.0,20840000.0,20850000.0,20850000.0,20850000.0,20850000.0,20850000.0,20850000.0,20850000.0,20850000.0,20850000.0,20679052.0,20679052.0,20679052.0,20839966.0,20839966.0,20839966.0,20839966.0
도봉구 - 도시지역 인구 - 1인당 도시지역면적 현황,Statistics,377534.0,375975.0,373936.0,369733.0,368298.0,365573.0,362270.0,358582.0,353709.0,351242.0,348220.0,344166.0,339413.0,333362.0,325257.0,317366.0,311694.0,306948.0
도봉구 - 상업지역 - 1인당 도시지역면적 현황,Statistics,0.87,0.98,0.87,0.88,0.887867976,0.89448619,0.902641676,0.91,0.92,0.93,0.94,0.75,0.76,0.78,0.82,0.84,0.86,0.87
도봉구 - 주거지역 - 1인당 도시지역면적 현황,Statistics,26.54,21.96,27.54,28.04,28.14694351,28.35675228,28.61529522,28.91,29.31,29.51,29.77,23.51,23.83,24.27,26.78,27.45,27.96,28.4
동구 - 1인당면적 녹지지역 - 1인당 도시지역면적 현황,Statistics,28.34,28.15,30.06,30.54,30.43407806,30.76563434,31.3560982,32.18,32.67,33.56,34.39,34.76,35.55,35.04,34.77,35.25,35.75,35.21
동구 - 1인당면적 주+상+공 - 1인당 도시지역면적 현황,Statistics,60.39,62.28,65.54,66.58,66.39965916,67.12303326,68.41127993,70.21,71.28,73.21,75.04,75.84839312,77.56,76.45,75.8,76.86,77.94,76.76
동구 - 공업지역 - 1인당 도시지역면적 현황,Statistics,18.38,18.54,16.7,16.96,16.96206435,17.14685322,17.47594109,17.93,18.21,18.7,19.17,19.38,19.81,19.53,19.37,19.64,19.91,19.61
동구 - 도시지역 면적 - 1인당 도시지역면적 현황,Statistics,11593305.0,11593305.0,11593305.0,11593305.0,11593305.0,11593305.0,11593305.0,11593305.0,11593305.0,11593305.0,11593305.0,11593305.0,11593305.0,11593305.0,11593305.0,11593305.0,11593305.0,11593305.0
동구 - 도시지역 인구 - 1인당 도시지역면적 현황,Statistics,106890.0,104881.0,102764.0,101153.0,101514.0,100420.0,98529.0,96011.0,94565.0,92069.0,89826.0,88868.0,86912.0,88165.0,88901.0,87679.0,86462.0,87792.0
동구 - 상업지역 - 1인당 도시지역면적 현황,Statistics,19.35,19.72,24.3,24.68,24.59463719,24.86257718,25.33974769,26.0,26.4,27.12,27.79,28.09,28.73,28.32,28.07,28.46,28.86,28.42
동구 - 주거지역 - 1인당 도시지역면적 현황,Statistics,22.66,24.03,24.54,24.93,24.84295762,25.11360287,25.59559115,26.27,26.67,27.39,28.08,28.38,29.02,28.6,28.37,28.76,29.17,28.73
동대문구 - 1인당면적 녹지지역 - 1인당 도시지역면적 현황,Statistics,0.32,0.32,0.32,0.33,0.32716625,0.32832995,0.330343723,0.33,1.06,1.07,1.08,1.09,1.1,1.11,1.12,1.14,1.14,1.12
동대문구 - 1인당면적 주+상+공 - 1인당 도시지역면적 현황,Statistics,37.22,37.46,38.08,38.93,38.44203432,38.57876909,38.81538741,38.71,39.16,39.54,40.11,39.53363924,39.83,40.04,40.45,41.1,41.2,40.65
동대문구 - 공업지역 - 1인당 도시지역면적 현황,Statistics,0.0,0.0,0.0,0.0,0.0,0.0,0.0,0.0,0.0,0.0,0.0,0.0,0.0,0.0,0.0,0.0,,0.0
동대문구 - 도시지역 면적 - 1인당 도시지역면적 현황,Statistics,14220000.0,14220000.0,14220000.0,14220000.0,14220000.0,14220000.0,14220000.0,14220000.0,14625893.0,14626119.0,14626119.0,14245433.0,14245433.0,14245433.0,14251163.0,14251236.0,14251806.0,14251806.0
동대문구 - 도시지역 인구 - 1인당 도시지역면적 현황,Statistics,378860.0,376421.0,370250.0,362146.0,366786.0,365486.0,363258.0,364273.0,363687.0,360153.0,355069.0,350647.0,348052.0,346194.0,342837.0,337400.0,336644.0,341149.0
동대문구 - 상업지역 - 1인당 도시지역면적 현황,Statistics,2.52,2.54,2.58,2.64,2.604363307,2.613626787,2.629657158,2.62,2.33,2.35,2.39,2.36,2.38,2.39,2.42,2.45,2.46,2.43
동대문구 - 주거지역 - 1인당 도시지역면적 현황,Statistics,34.7,34.92,35.5,36.3,35.83767101,35.9651423,36.18573025,36.08,36.83,37.19,37.72,37.17,37.45,37.65,38.04,38.65,38.73,38.22
동두천시 - 1인당면적 녹지지역 - 1인당 도시지역면적 현황,Statistics,372.4,352.11,343.81,274.2,267.9621862,266.2918247,263.765238,262.73,262.63,260.64,259.12,277.67,277.67,281.66,283.82,286.13,292.52,336.44
동두천시 - 1인당면적 주+상+공 - 1인당 도시지역면적 현황,Statistics,95.27,103.26,101.25,80.75,77.92870062,77.44292645,79.01244147,78.59,78.56,79.23,79.7,85.40984179,85.41,89.97,90.66,91.38,93.43,109.12
동두천시 - 공업지역 - 1인당 도시지역면적 현황,Statistics,5.2,10.78,10.54,8.41,8.192393338,8.141325465,10.36837664,10.22,10.21,10.17,10.13,10.86,10.86,13.98,14.09,14.19,14.51,16.75
동두천시 - 도시지역 면적 - 1인당 도시지역면적 현황,Statistics,32963210.0,33085501.0,33085501.0,33085501.0,33085501.0,33085501.0,33309421.0,33298502.0,33298502.0,33298502.0,33298502.0,33298502.0,33297990.0,33565811.0,33565811.0,33565219.0,33565219.0,33565219.0
동두천시 - 도시지역 인구 - 1인당 도시지역면적 현황,Statistics,70483.0,72656.0,74338.0,93211.0,95653.0,96253.0,97175.0,97557.0,97595.0,97974.0,98277.0,91711.0,91711.0,90321.0,89635.0,88912.0,86968.0,75332.0
동두천시 - 상업지역 - 1인당 도시지역면적 현황,Statistics,14.82,14.29,13.96,11.13,10.85068947,10.78305092,10.68074093,10.64,10.63,10.59,10.61,11.37,11.37,11.54,11.63,11.72,11.99,13.83
동두천시 - 주거지역 - 1인당 도시지역면적 현황,Statistics,75.26,78.2,76.75,61.21,58.88561781,58.51855007,57.9633239,57.74,57.71,58.47,58.96,63.19,63.18,64.44,64.94,65.46,66.93,78.54
동래구 - 1인당면적 녹지지역 - 1인당 도시지역면적 현황,Statistics,20.95,19.59,19.74,19.81,19.73169507,19.66298257,20.01389691,20.16,21.47,21.71,21.72,21.88,22.23,21.84,21.88,22.07,21.3,21.49
동래구 - 1인당면적 주+상+공 - 1인당 도시지역면적 현황,Statistics,38.78,39.02,39.33,39.47,39.31645561,39.18476292,39.88407164,40.18,39.04,39.49,39.5,39.79384029,40.42,39.72,39.79,40.5,39.81,40.17
동래구 - 공업지역 - 1인당 도시지역면적 현황,Statistics,0.66,0.64,0.65,0.65,0.649684029,0.647479048,0.659034247,0.66,0.56,0.56,0.56,0.57,0.58,0.57,0.57,0.58,0.56,0.57
동래구 - 도시지역 면적 - 1인당 도시지역면적 현황,Statistics,16697577.0,16697577.0,16697577.0,16697577.0,16697577.0,16697577.0,16697577.0,16697577.0,16697578.0,16697578.0,16697577.0,16697577.0,16697577.0,16697577.0,16697577.0,16697577.0,16697577.0,16697577.0
동래구 - 도시지역 인구 - 1인당 도시지역면적 현황,Statistics,279528.0,284901.0,282673.0,281644.0,282779.0,283742.0,278767.0,276689.0,275971.0,272837.0,272745.0,270727.0,266515.0,271247.0,270745.0,266866.0,273226.0,270815.0
동래구 - 상업지역 - 1인당 도시지역면적 현황,Statistics,3.75,3.68,3.71,3.72,3.705766694,3.693189588,3.759099893,3.79,4.2,4.25,4.25,4.28,4.35,4.27,4.28,4.34,4.24,4.28
동래구 - 주거지역 - 1인당 도시지역면적 현황,Statistics,34.38,34.7,34.97,35.1,34.96100488,34.84409428,35.4659375,35.73,34.28,34.67,34.69,34.94,35.5,34.88,34.94,35.58,35.01,35.32
동작구 - 1인당면적 녹지지역 - 1인당 도시지역면적 현황,Statistics,1.71,1.72,1.75,1.76,1.738227852,1.743861607,1.726302187,1.7,1.72,5.62,5.62,5.68,5.68,5.69,5.76,5.84,5.91,5.94
동작구 - 1인당면적 주+상+공 - 1인당 도시지역면적 현황,Statistics,38.3,38.55,39.04,39.33,38.8618084,38.98776307,38.5951846,38.1,38.4,35.28,35.25,35.67642731,35.68,35.7,36.13,36.67,37.15,37.33
동작구 - 공업지역 - 1인당 도시지역면적 현황,Statistics,0.0,0.0,0.0,0.0,0.0,0.0,0.0,0.0,0.0,0.0,0.0,0.0,0.0,0.0,0.0,0.0,,0.0
동작구 - 도시지역 면적 - 1인당 도시지역면적 현황,Statistics,16350000.0,16349920.0,16350000.0,16350000.0,16350000.0,16350000.0,16350000.0,16350000.0,16345101.0,16387882.0,16387882.0,16387882.0,16387882.0,16387882.0,16387882.0,16387882.0,16387883.0,16387891.0
동작구 - 도시지역 인구 - 1인당 도시지역면적 현황,Statistics,408582.0,405967.0,400866.0,397920.0,402709.0,401408.0,405491.0,410815.0,407470.0,400641.0,400997.0,396217.0,396203.0,395963.0,391220.0,385483.0,380596.0,378769.0
동작구 - 상업지역 - 1인당 도시지역면적 현황,Statistics,0.72,0.72,0.73,0.74,0.728933299,0.731295839,0.72393222,0.71,0.72,0.86,0.86,0.87,0.87,0.87,0.88,0.89,0.93,0.95
동작구 - 주거지역 - 1인당 도시지역면적 현황,Statistics,37.59,37.83,38.31,38.59,38.1328751,38.25646724,37.87125238,37.38,37.68,34.42,34.39,34.81,34.81,34.83,35.25,35.78,36.22,36.37
동해시 - 1인당면적 녹지지역 - 1인당 도시지역면적 현황,Statistics,850.8,860.37,863.69,867.16,867.2950588,862.5148218,880.1267775,868.43,873.28,879.51,884.64,888.91,899.63,907.08,907.04,912.19,917.82,925.55
동해시 - 1인당면적 주+상+공 - 1인당 도시지역면적 현황,Statistics,246.64,244.33,252.16,253.17,253.2148827,251.58711,256.7243447,253.55,254.96,256.78,258.28,259.5244456,266.22,268.43,269.36,270.89,273.92,276.59
동해시 - 공업지역 - 1인당 도시지역면적 현황,Statistics,95.37,89.96,90.86,91.23,91.24364143,91.6447182,93.51603992,91.36,91.87,92.53,93.03,93.48,97.2,98.0,99.17,99.74,100.46,99.7
동해시 - 도시지역 면적 - 1인당 도시지역면적 현황,Statistics,121733000.0,124277319.0,124277319.0,124277319.0,124277319.0,124277320.0,124277320.0,124277320.0,124277320.0,124277320.0,124277317.0,124277317.0,123901726.0,123901726.0,124014784.0,124014784.0,124014784.0,106174140.0
동해시 - 도시지역 인구 - 1인당 도시지역면적 현황,Statistics,96936.0,96110.0,95150.0,94769.0,94754.0,95299.0,93392.0,94630.0,94105.0,93438.0,92896.0,92450.0,90871.0,90125.0,90254.0,89744.0,89092.0,88321.0
동해시 - 상업지역 - 1인당 도시지역면적 현황,Statistics,16.11,17.78,22.35,22.44,22.44644026,22.31807259,23.3487879,23.04,23.17,23.34,23.51,23.62,23.61,23.81,23.77,23.91,25.13,25.8
동해시 - 주거지역 - 1인당 도시지역면적 현황,Statistics,135.16,136.6,138.94,139.5,139.5248011,137.6243192,139.8595169,139.14,139.92,140.92,141.74,142.42,145.42,146.62,146.41,147.24,148.32,151.08
마산시 - 1인당면적 녹지지역 - 1인당 도시지역면적 현황,Statistics,334.15,337.6,339.12,343.1,,,,,,,,,,,,,,
마산시 - 1인당면적 주+상+공 - 1인당 도시지역면적 현황,Statistics,67.55,69.91,70.87,72.36,,,,,,,,,,,,,,
마산시 - 공업지역 - 1인당 도시지역면적 현황,Statistics,12.58,12.76,12.9,13.73,,,,,,,,,,,,,,
마산시 - 도시지역 면적 - 1인당 도시지역면적 현황,Statistics,176824500.0,176824533.0,275358714.0,270678906.0,,,,,,,,,,,,,,
마산시 - 도시지역 인구 - 1인당 도시지역면적 현황,Statistics,412270.0,406408.0,406408.0,401692.0,,,,,,,,,,,,,,
마산시 - 상업지역 - 1인당 도시지역면적 현황,Statistics,9.81,10.07,10.39,10.51,,,,,,,,,,,,,,
마산시 - 주거지역 - 1인당 도시지역면적 현황,Statistics,45.17,47.08,47.58,48.11,,,,,,,,,,,,,,
마포구 - 1인당면적 녹지지역 - 1인당 도시지역면적 현황,Statistics,28.69,28.57,29.13,29.21,28.5320123,28.70577392,29.06765217,29.28,29.01,28.84,25.16,25.49,25.49,25.56,25.71,25.91,26.22,26.55
마포구 - 1인당면적 주+상+공 - 1인당 도시지역면적 현황,Statistics,32.42,32.22,32.85,32.95,32.38182282,32.57902453,32.98973076,33.23,32.92,32.73,37.73,38.22680874,38.21,38.3,38.52,38.83,39.28,39.13
마포구 - 공업지역 - 1인당 도시지역면적 현황,Statistics,0.0,0.0,0.0,0.0,0.0,0.0,0.0,0.0,0.0,0.0,0.0,0.0,0.0,0.0,0.0,0.0,,0.0
마포구 - 도시지역 면적 - 1인당 도시지역면적 현황,Statistics,23870000.0,23870000.0,23870000.0,23870000.0,23870000.0,23870000.0,23870000.0,23870000.0,23870000.0,23870000.0,23890251.0,23890251.0,23890251.0,23884089.0,23883966.0,23883966.0,23883966.0,23890251.0
마포구 - 도시지역 인구 - 1인당 도시지역면적 현황,Statistics,390583.0,392650.0,385119.0,384013.0,391865.0,389493.0,384644.0,381856.0,385439.0,387643.0,379892.0,374915.0,375077.0,374035.0,371890.0,368905.0,364638.0,363697.0
마포구 - 상업지역 - 1인당 도시지역면적 현황,Statistics,1.41,1.43,1.47,1.47,1.443405254,1.452195547,1.470502595,1.48,1.47,1.46,2.45,2.51,2.51,2.51,2.53,2.55,2.58,2.6
마포구 - 주거지역 - 1인당 도시지역면적 현황,Statistics,31.01,30.79,31.38,31.48,30.93841757,31.12682898,31.51922817,31.75,31.45,31.28,35.27,35.72,35.7,35.78,35.99,36.28,36.7,36.53
목포시 - 1인당면적 녹지지역 - 1인당 도시지역면적 현황,Statistics,130.87,130.22,128.98,129.67,123.2858668,123.5632803,123.467069,124.04,124.46,124.84,125.18,126.92,128.04,129.42,132.47,126.03,126.4,128.04
목포시 - 1인당면적 주+상+공 - 1인당 도시지역면적 현황,Statistics,93.28,94.59,93.7,94.2,100.0589556,100.2841047,100.1990387,103.45,104.97,105.29,105.58,107.144437,108.09,109.25,112.4,125.65,127.24,129.01
목포시 - 공업지역 - 1인당 도시지역면적 현황,Statistics,27.69,27.19,26.94,27.08,33.91172348,33.98803043,33.9713922,34.55,35.08,35.19,35.28,35.79,36.1,36.49,37.65,41.8,42.16,42.82
목포시 - 도시지역 면적 - 1인당 도시지역면적 현황,Statistics,77396000.0,112490000.0,112490000.0,112490000.0,112490000.0,112490000.0,112490000.0,112487667.0,112490000.0,112490000.0,112490000.0,112490000.0,112490000.0,112490000.0,112490000.0,112490000.0,112490000.0,112490000.0
목포시 - 도시지역 인구 - 1인당 도시지역면적 현황,Statistics,241679.0,243312.0,245651.0,244339.0,245422.0,244871.0,245073.0,240936.0,239109.0,238382.0,237739.0,234379.0,232327.0,229861.0,224044.0,218589.0,216939.0,214156.0
목포시 - 상업지역 - 1인당 도시지역면적 현황,Statistics,8.7,8.12,8.04,8.09,8.049592131,8.067705037,8.091948113,8.23,8.37,8.39,8.42,8.5,8.58,8.67,8.89,9.89,9.96,10.09
목포시 - 주거지역 - 1인당 도시지역면적 현황,Statistics,56.89,59.28,58.72,59.03,58.09763998,58.22836922,58.13569834,60.67,61.53,61.71,61.88,62.85,63.41,64.09,65.86,73.96,75.11,76.09
무안군 - 1인당면적 녹지지역 - 1인당 도시지역면적 현황,Statistics,1080.31,1115.28,1138.27,1156.5,593.6105593,480.7853614,480.5437343,431.28,406.96,402.93,403.55,397.98,398.9,403.23,379.26,358.55,357.98,350.88
무안군 - 1인당면적 주+상+공 - 1인당 도시지역면적 현황,Statistics,391.52,412.17,420.58,456.11,234.1119629,189.6152333,189.5199388,170.09,160.5,160.29,160.54,158.3197126,158.8,160.52,157.21,148.63,153.29,150.25
무안군 - 공업지역 - 1인당 도시지역면적 현황,Statistics,1.03,13.49,13.76,14.0,7.185839991,5.820055966,5.817130995,5.22,4.93,6.26,6.27,6.18,4.09,4.14,9.95,9.41,10.46,10.25
무안군 - 도시지역 면적 - 1인당 도시지역면적 현황,Statistics,32729335.0,30151894.0,30151256.0,48364778.0,48364778.0,48364778.0,48364778.0,48364778.0,48364778.0,48439987.0,30740673.0,30740673.0,30744451.0,30744451.0,31069640.0,31069640.0,31148575.0,31148575.0
무안군 - 도시지역 인구 - 1인당 도시지역면적 현황,Statistics,20379.0,19740.0,19342.0,19016.0,37048.0,45742.0,45765.0,50992.0,54040.0,54580.0,54496.0,55259.0,55127.0,54535.0,57915.0,61260.0,60924.0,62157.0
무안군 - 상업지역 - 1인당 도시지역면적 현황,Statistics,49.27,50.86,51.9,52.73,27.06421399,21.92022649,21.9092101,19.66,18.55,18.37,18.4,18.15,18.92,19.12,18.01,17.02,17.11,16.77
무안군 - 주거지역 - 1인당 도시지역면적 현황,Statistics,341.22,347.82,354.92,389.38,199.8619089,161.8749508,161.7935977,145.21,137.02,135.66,135.87,134.0,135.79,137.26,129.25,122.19,125.72,123.23
무주군 - 1인당면적 녹지지역 - 1인당 도시지역면적 현황,Statistics,1544.23,1348.85,1059.79,1049.18,1063.626362,1046.853448,1046.853448,1038.45,1033.27,1040.18,787.11,791.48,928.37,905.96,915.97,927.06,928.44,937.98
무주군 - 1인당면적 주+상+공 - 1인당 도시지역면적 현황,Statistics,349.43,305.22,239.81,249.67,255.8881649,251.8529226,251.8529226,249.83,248.59,250.25,189.36,190.4161036,223.35,218.39,220.81,223.48,223.81,226.11
무주군 - 공업지역 - 1인당 도시지역면적 현황,Statistics,11.51,10.05,7.9,6.84,7.011749626,6.90117746,6.90117746,6.85,6.81,6.86,5.19,5.22,6.12,5.97,6.04,6.11,6.12,6.19
무주군 - 도시지역 면적 - 1인당 도시지역면적 현황,Statistics,12341000.0,12341000.0,20134468.0,20134468.0,20025295.0,20025295.0,20025295.0,12353295.0,12353295.0,12353295.0,12353295.0,12353295.0,12353295.0,12353295.0,12353295.0,12353295.0,12353295.0,12353295.0
무주군 - 도시지역 인구 - 1인당 도시지역면적 현황,Statistics,6517.0,7461.0,9496.0,9595.0,9362.0,9512.0,9512.0,9589.0,9637.0,9573.0,12651.0,12581.0,10726.0,10987.0,10867.0,10737.0,10721.0,10612.0
무주군 - 상업지역 - 1인당 도시지역면적 현황,Statistics,42.56,37.17,29.21,36.64,37.55030976,36.95815812,36.95815812,36.66,36.48,36.72,27.79,27.94,32.78,31.44,31.79,32.18,32.22,32.55
무주군 - 주거지역 - 1인당 도시지역면적 현황,Statistics,295.36,257.99,202.7,206.19,211.3261055,207.993587,207.993587,206.32,205.3,206.67,156.39,157.26,184.45,180.98,182.97,185.19,185.47,187.37
문경시 - 1인당면적 녹지지역 - 1인당 도시지역면적 현황,Statistics,562.39,574.8,570.04,561.48,546.6189609,551.4631123,488.2541717,493.03,488.36,488.36,496.41,504.61,514.46,512.34,515.09,516.94,522.65,541.7
문경시 - 1인당면적 주+상+공 - 1인당 도시지역면적 현황,Statistics,203.44,207.93,206.2,203.11,220.4946465,222.4486758,196.9515123,193.73,191.9,191.9,195.06,198.0649264,201.93,201.1,202.18,195.12,197.28,204.47
문경시 - 공업지역 - 1인당 도시지역면적 현황,Statistics,40.2,41.08,40.74,40.13,58.60849677,59.12788679,52.35062282,48.8,48.34,48.34,49.14,49.8,50.77,50.56,50.83,43.23,43.71,45.3
문경시 - 도시지역 면적 - 1인당 도시지역면적 현황,Statistics,37491010.0,37491010.0,37491010.0,37491010.0,37900782.0,37900782.0,37900782.0,37900782.0,37900782.0,37900782.0,37900782.0,37900782.0,37900782.0,37900782.0,37900782.0,37848000.0,37848000.0,37848000.0
문경시 - 도시지역 인구 - 1인당 도시지역면적 현황,Statistics,48955.0,47898.0,48298.0,49034.0,49407.0,48973.0,55313.0,55188.0,55715.0,55715.0,54812.0,53938.0,52905.0,53124.0,52840.0,52651.0,52076.0,50245.0
문경시 - 상업지역 - 1인당 도시지역면적 현황,Statistics,25.1,25.65,25.44,25.06,24.86716457,25.08753803,22.21199356,22.26,22.05,22.05,22.42,22.78,23.22,23.13,23.25,23.34,23.59,24.45
문경시 - 주거지역 - 1인당 도시지역면적 현황,Statistics,138.14,141.19,140.02,137.92,137.0189852,138.233251,122.3888959,122.67,121.51,121.51,123.51,125.49,127.94,127.41,128.1,128.55,129.97,134.71
미추홀구 - 1인당면적 녹지지역 - 1인당 도시지역면적 현황,Statistics,,,,,,,,,,,,,10.58,10.8,10.93,10.84,10.88,10.92
미추홀구 - 1인당면적 주+상+공 - 1인당 도시지역면적 현황,Statistics,,,,,,,,,,,,,49.19,49.95,50.51,50.12,50.3,50.46
미추홀구 - 공업지역 - 1인당 도시지역면적 현황,Statistics,,,,,,,,,,,,,5.48,6.37,6.44,6.39,6.41,5.68
미추홀구 - 도시지역 면적 - 1인당 도시지역면적 현황,Statistics,,,,,,,,,,,,,24897342.0,24840389.0,24840389.0,24840389.0,24840389.0,24921836.0
미추홀구 - 도시지역 인구 - 1인당 도시지역면적 현황,Statistics,,,,,,,,,,,,,416542.0,408862.0,404343.0,407464.0,406004.0,405995.0
미추홀구 - 상업지역 - 1인당 도시지역면적 현황,Statistics,,,,,,,,,,,,,7.83,7.81,7.9,7.9,7.92,8.04
미추홀구 - 주거지역 - 1인당 도시지역면적 현황,Statistics,,,,,,,,,,,,,35.89,35.77,36.17,35.83,35.96,36.74
밀양시 - 1인당면적 녹지지역 - 1인당 도시지역면적 현황,Statistics,677.78,755.38,681.12,654.17,650.6128681,657.9890681,655.7766859,645.58,647.88,649.73,648.79,662.6,665.14,659.33,663.86,672.24,690.01,696.43
밀양시 - 1인당면적 주+상+공 - 1인당 도시지역면적 현황,Statistics,158.97,177.17,170.61,199.73,198.6184661,200.8702653,200.1948714,197.08,197.78,201.96,201.67,233.0142099,233.58,226.0,227.55,230.42,236.51,238.71
밀양시 - 공업지역 - 1인당 도시지역면적 현황,Statistics,19.5,21.74,29.26,50.84,50.5438172,51.11684814,50.94497597,50.16,50.33,54.08,54.01,79.08,79.18,70.62,71.1,72.0,73.9,74.59
밀양시 - 도시지역 면적 - 1인당 도시지역면적 현황,Statistics,57450000.0,57450000.0,58893520.0,59317768.0,59316261.0,59316261.0,59316261.0,59316261.0,59316261.0,59568691.0,59568691.0,61766865.0,61769242.0,61441669.0,61441669.0,61441669.0,61441669.0,61441669.0
밀양시 - 도시지역 인구 - 1인당 도시지역면적 현황,Statistics,68658.0,61605.0,68322.0,69467.0,69847.0,69064.0,69297.0,70392.0,70142.0,69942.0,70043.0,68966.0,68730.0,69400.0,68926.0,68067.0,66314.0,65703.0
밀양시 - 상업지역 - 1인당 도시지역면적 현황,Statistics,12.42,13.85,12.49,12.28,12.21326614,12.35173173,12.31020102,12.12,12.16,12.2,12.18,12.37,12.41,12.29,12.38,12.53,12.86,12.98
밀양시 - 주거지역 - 1인당 도시지역면적 현황,Statistics,127.04,141.59,128.86,136.6,135.8613827,137.4016854,136.9396944,134.8,135.29,135.68,135.48,141.57,141.99,143.09,144.07,145.89,149.75,151.14
보령시 - 1인당면적 녹지지역 - 1인당 도시지역면적 현황,Statistics,286.67,285.7,286.21,287.24,284.7026878,319.0632844,360.7912884,362.52,319.78,316.56,341.99,329.58,333.88,336.78,335.23,341.43,345.9,350.95
보령시 - 1인당면적 주+상+공 - 1인당 도시지역면적 현황,Statistics,113.37,112.99,172.3,188.77,187.1069129,236.2912541,272.1962179,273.5,240.91,240.59,256.59,247.2748788,250.51,252.68,195.89,199.51,267.56,271.39
보령시 - 공업지역 - 1인당 도시지역면적 현황,Statistics,33.43,33.32,92.26,108.56,107.6068755,148.1835613,168.8979938,169.71,150.36,150.17,159.42,153.63,155.64,156.99,99.35,101.19,167.97,170.36
보령시 - 도시지역 면적 - 1인당 도시지역면적 현황,Statistics,30363289.0,32873905.0,33612095.0,34087488.0,34226414.0,35313680.0,35313707.0,35313681.0,35528206.0,35358561.0,35324504.0,35324504.0,35324504.0,35324504.0,30064183.0,30064183.0,35327241.0,35327241.0
보령시 - 도시지역 인구 - 1인당 도시지역면적 현황,Statistics,66407.0,66633.0,66472.0,66341.0,66933.0,60394.0,52987.0,52734.0,60449.0,60528.0,56235.0,58353.0,57600.0,57105.0,56605.0,55577.0,54870.0,54088.0
보령시 - 상업지역 - 1인당 도시지역면적 현황,Statistics,9.15,9.12,9.16,9.18,9.099278383,10.08447859,11.71085361,11.77,10.27,10.25,11.12,10.71,10.85,10.95,11.05,11.25,11.39,11.56
보령시 - 주거지역 - 1인당 도시지역면적 현황,Statistics,70.79,70.55,70.88,71.03,70.40075897,78.02321423,91.58737049,92.03,80.28,80.18,86.05,82.93,84.02,84.74,85.49,87.07,88.2,89.47
보성군 - 1인당면적 녹지지역 - 1인당 도시지역면적 현황,Statistics,721.56,729.29,758.6,869.77,852.0549574,907.1303908,977.6837697,795.16,1193.58,1193.86,1047.78,1009.96,1025.82,1046.06,1065.58,1103.71,1112.25,1154.71
보성군 - 1인당면적 주+상+공 - 1인당 도시지역면적 현황,Statistics,128.25,129.62,134.83,154.23,151.0854643,169.1114266,179.1356373,145.69,218.69,218.74,191.98,185.049821,187.96,191.66,195.0,201.98,203.54,211.31
보성군 - 공업지역 - 1인당 도시지역면적 현황,Statistics,2.9,2.93,3.05,3.49,3.419470615,10.68463612,7.015979977,5.71,8.57,8.57,7.52,7.25,7.36,7.51,7.66,7.94,8.0,8.3
보성군 - 도시지역 면적 - 1인당 도시지역면적 현황,Statistics,22360000.0,22360000.0,22360000.0,22360000.0,22360000.0,22360000.0,25985980.0,25985980.0,24034080.0,24034080.0,24034080.0,24034080.0,24034080.0,24034080.0,23973695.0,23973695.0,23973695.0,23973695.0
보성군 - 도시지역 인구 - 1인당 도시지역면적 현황,Statistics,26312.0,26033.0,25027.0,21836.0,22290.0,20776.0,20776.0,25545.0,17018.0,17014.0,19386.0,20112.0,19801.0,19418.0,19018.0,18361.0,18220.0,17550.0
보성군 - 상업지역 - 1인당 도시지역면적 현황,Statistics,20.71,20.93,21.77,24.95,24.44369672,26.22497112,28.01477667,22.78,34.2,34.21,30.02,28.94,29.39,29.97,30.51,31.61,31.85,33.07
보성군 - 주거지역 - 1인당 도시지역면적 현황,Statistics,104.64,105.76,110.02,125.78,123.222297,132.2018194,144.1048806,117.2,175.93,175.97,154.44,148.86,151.2,154.18,156.82,162.43,163.69,169.94
보은군 - 1인당면적 녹지지역 - 1인당 도시지역면적 현황,Statistics,714.15,705.69,621.53,823.2,835.6643536,758.8519178,781.7143865,774.53,780.49,777.42,781.82,765.72,776.27,765.84,782.05,795.16,709.75,728.11
보은군 - 1인당면적 주+상+공 - 1인당 도시지역면적 현황,Statistics,293.85,290.37,266.11,352.46,406.1816262,368.8463014,470.2628942,470.17,473.58,471.7,474.12,464.3506241,470.75,484.61,494.8,503.09,449.06,460.67
보은군 - 공업지역 - 1인당 도시지역면적 현황,Statistics,94.58,93.46,92.27,122.21,175.9287223,159.7577397,250.4092288,252.01,254.94,253.92,244.88,239.83,243.14,256.37,261.73,266.11,237.53,243.67
보은군 - 도시지역 면적 - 1인당 도시지역면적 현황,Statistics,17490794.0,17490794.0,15586955.0,15586955.0,16464394.0,17948858.0,17744274.0,17744438.0,17741461.0,17741222.0,17737591.0,17737591.0,17737591.0,17737591.0,17736716.0,17736716.0,17736716.0,17736716.0
보은군 - 도시지역 인구 - 1인당 도시지역면적 현황,Statistics,17352.0,17560.0,17560.0,13258.0,13258.0,14600.0,14173.0,14256.0,14147.0,14203.0,14123.0,14420.0,14224.0,14185.0,13891.0,13662.0,15306.0,14920.0
보은군 - 상업지역 - 1인당 도시지역면적 현황,Statistics,27.85,27.52,17.88,23.68,23.67657264,21.50027397,22.14802794,22.02,22.19,22.1,22.23,21.77,22.07,22.13,22.6,22.98,20.51,21.04
보은군 - 주거지역 - 1인당 도시지역면적 현황,Statistics,171.42,169.39,155.97,206.57,206.5763313,187.5882877,197.7056375,196.15,196.46,195.68,207.01,202.75,205.54,206.11,210.48,214.0,191.02,195.96
봉화군 - 1인당면적 녹지지역 - 1인당 도시지역면적 현황,Statistics,648.42,658.14,649.58,720.21,681.064724,681.5065543,682.1452671,677.95,682.79,684.13,685.89,688.68,696.94,709.94,724.74,746.24,768.93,777.27
봉화군 - 1인당면적 주+상+공 - 1인당 도시지역면적 현황,Statistics,178.54,181.21,178.86,198.31,187.5259176,189.2799625,206.7631678,205.49,206.96,207.37,209.23,210.0794087,212.6,216.56,221.08,222.07,228.82,231.31
봉화군 - 공업지역 - 1인당 도시지역면적 현황,Statistics,9.05,9.19,9.07,10.06,9.509666573,9.502808989,26.81752577,26.65,26.84,26.9,27.66,27.77,28.1,28.63,29.22,25.65,26.43,26.72
봉화군 - 도시지역 면적 - 1인당 도시지역면적 현황,Statistics,9300000.0,9300000.0,9300000.0,9300000.0,9300000.0,9300000.0,9484653.0,9484653.0,9484653.0,9484653.0,9484653.0,9484653.0,9484653.0,9484653.0,9484653.0,9484653.0,9484653.0,9484653.0
봉화군 - 도시지역 인구 - 1인당 도시지역면적 현황,Statistics,11246.0,11080.0,11226.0,10125.0,10707.0,10680.0,10670.0,10736.0,10660.0,10639.0,10596.0,10553.0,10428.0,10237.0,10028.0,9795.0,9506.0,9404.0
봉화군 - 상업지역 - 1인당 도시지역면적 현황,Statistics,18.51,18.79,18.54,20.56,19.44242085,19.49157303,19.50984067,19.39,19.53,19.57,20.05,20.13,20.37,20.75,21.18,21.69,22.35,22.59
봉화군 - 주거지역 - 1인당 도시지역면적 현황,Statistics,150.97,153.24,151.24,167.69,158.5738302,160.2855805,160.4358013,159.45,160.59,160.9,161.52,162.18,164.13,167.19,170.67,174.73,180.05,182.0
부산광역시 - 1인당면적 녹지지역 - 1인당 도시지역면적 현황,Statistics,163.63,161.97,161.99,162.94,161.5815789,158.6050387,158.4471697,157.59,157.63,155.71,156.3,157.38,158.72,159.57,160.59,162.63,163.83,165.0
부산광역시 - 1인당면적 주+상+공 - 1인당 도시지역면적 현황,Statistics,53.76,55.61,57.18,57.56,57.61677677,61.57904321,62.54512582,64.09,63.98,66.26,66.63,67.34250154,67.91,68.91,69.37,70.18,71.27,71.85
부산광역시 - 공업지역 - 1인당 도시지역면적 현황,Statistics,13.61,13.09,13.67,13.75,13.91769299,15.87027209,16.84806601,17.34,17.07,18.21,18.29,18.59,18.74,18.87,19.0,19.26,19.68,19.86
부산광역시 - 도시지역 면적 - 1인당 도시지역면적 현황,Statistics,952842728.0,946381728.0,946381728.0,945518627.0,943382552.0,942982553.0,943008858.0,942972811.0,940825057.0,940825057.0,940825056.0,940825056.0,940825058.0,940825058.0,940825055.0,940825971.0,940844566.0,940825056.0
부산광역시 - 도시지역 인구 - 1인당 도시지역면적 현황,Statistics,3611992.0,3587439.0,3564577.0,3543030.0,3567910.0,3550963.0,3538484.0,3527635.0,3519401.0,3513777.0,3498529.0,3470653.0,3441453.0,3413841.0,3391946.0,3350380.0,3317812.0,3293362.0
부산광역시 - 상업지역 - 1인당 도시지역면적 현황,Statistics,5.94,6.03,6.3,6.37,6.396957322,6.750486558,6.812302387,6.85,6.85,7.17,7.21,7.27,7.34,7.62,7.67,7.69,7.82,7.88
부산광역시 - 주거지역 - 1인당 도시지역면적 현황,Statistics,34.21,36.49,37.21,37.44,37.30212645,38.95828456,38.88475743,39.9,40.07,40.88,41.13,41.49,41.84,42.42,42.7,43.23,43.76,44.11
부산진구 - 1인당면적 녹지지역 - 1인당 도시지역면적 현황,Statistics,34.15,34.26,34.42,34.84,34.82634794,34.89528761,35.10070252,35.37,35.51,36.05,36.53,37.01,37.96,38.44,38.22,38.95,38.65,38.26
부산진구 - 1인당면적 주+상+공 - 1인당 도시지역면적 현황,Statistics,39.0,39.51,39.69,40.18,40.16270533,40.24220846,40.4793179,40.79,41.12,41.74,42.3,42.84991781,43.91,44.46,44.21,45.05,44.71,44.26
부산진구 - 공업지역 - 1인당 도시지역면적 현황,Statistics,0.0,0.0,0.0,0.0,0.0,0.0,0.0,0.0,0.0,0.0,0.0,0.0,0.0,0.0,0.0,0.0,,0.0
부산진구 - 도시지역 면적 - 1인당 도시지역면적 현황,Statistics,29682617.0,29682617.0,29682617.0,29682617.0,29682617.0,29682617.0,29682617.0,29682617.0,29682617.0,29682617.0,29682617.0,29682617.0,29666536.0,29666536.0,29666536.0,29666536.0,29666536.0,29666536.0
부산진구 - 도시지역 인구 - 1인당 도시지역면적 현황,Statistics,405775.0,402359.0,400516.0,395689.0,395826.0,395044.0,392731.0,389765.0,387378.0,381572.0,376526.0,371703.0,362357.0,357880.0,359886.0,353159.0,355917.0,359508.0
부산진구 - 상업지역 - 1인당 도시지역면적 현황,Statistics,11.67,11.91,11.97,12.12,12.19861,12.22275746,12.29474373,12.39,12.5,12.69,12.86,13.02,13.36,13.53,13.45,13.71,13.6,13.47
부산진구 - 주거지역 - 1인당 도시지역면적 현황,Statistics,27.33,27.6,27.72,28.06,27.96409533,28.019451,28.18457417,28.4,28.62,29.05,29.44,29.83,30.55,30.93,30.76,31.35,31.1,30.79
부안군 - 1인당면적 녹지지역 - 1인당 도시지역면적 현황,Statistics,941.93,1094.79,1050.94,1049.63,1052.013245,1070.925843,1075.189648,1270.39,1260.37,1268.67,1265.12,1312.21,1356.48,1379.67,1410.26,1413.47,1424.93,1447.99
부안군 - 1인당면적 주+상+공 - 1인당 도시지역면적 현황,Statistics,233.29,271.15,276.73,290.46,291.12164,296.3552875,297.5352024,297.56,308.62,310.65,309.78,321.3145524,332.15,337.74,345.23,346.02,348.82,354.44
부안군 - 공업지역 - 1인당 도시지역면적 현황,Statistics,9.99,11.61,27.59,39.03,39.11865342,39.82191011,39.98045786,39.98,50.87,51.21,51.07,52.97,54.75,55.62,56.85,56.98,57.44,58.37
부안군 - 도시지역 면적 - 1인당 도시지역면적 현황,Statistics,46902000.0,46902000.0,47775171.0,47775171.0,47775171.0,47258000.0,47258000.0,47775171.0,47775171.0,47775171.0,47775171.0,47775171.0,47775171.0,47775171.0,47775171.0,47775171.0,47775171.0,47258000.0
부안군 - 도시지역 인구 - 1인당 도시지역면적 현황,Statistics,34763.0,29909.0,31157.0,30874.0,30804.0,30260.0,30140.0,30140.0,30120.0,29923.0,30007.0,28930.0,27986.0,27517.0,26920.0,26859.0,26643.0,26219.0
부안군 - 상업지역 - 1인당 도시지역면적 현황,Statistics,15.49,18.0,16.41,16.56,16.5936242,16.89193655,16.95919044,16.89,16.9,17.01,16.96,17.59,18.19,18.5,18.91,18.95,19.1,19.41
부안군 - 주거지역 - 1인당 도시지역면적 현황,Statistics,207.81,241.54,232.74,234.88,235.4093624,239.6414408,240.5955541,240.69,240.85,242.43,241.75,250.75,259.21,263.63,269.48,270.09,272.28,276.66
부여군 - 1인당면적 녹지지역 - 1인당 도시지역면적 현황,Statistics,1264.78,1264.78,1239.17,1239.17,1248.984671,920.7081222,925.0707466,925.92,935.97,942.33,955.16,964.69,967.3,992.76,1014.97,1040.1,1063.99,1078.68
부여군 - 1인당면적 주+상+공 - 1인당 도시지역면적 현황,Statistics,124.24,124.24,124.24,124.24,125.2270784,92.31305302,92.75046328,100.47,101.56,102.27,103.66,104.6944499,106.99,111.33,112.56,115.35,118.0,119.63
부여군 - 공업지역 - 1인당 도시지역면적 현황,Statistics,8.85,8.85,8.85,8.85,8.918543151,6.574440268,6.605592175,5.61,5.67,5.71,5.79,5.85,6.47,6.04,6.16,6.32,6.46,6.55
부여군 - 도시지역 면적 - 1인당 도시지역면적 현황,Statistics,44205600.0,44205600.0,43390736.0,43390736.0,43390736.0,43390736.0,43390736.0,43390736.0,43390736.0,43391336.0,43391336.0,43391336.0,43066254.0,43390736.0,43390736.0,43390736.0,43390736.0,43390736.0
부여군 - 도시지역 인구 - 1인당 도시지역면적 현황,Statistics,31825.0,31825.0,31825.0,31825.0,31575.0,42833.0,42631.0,42275.0,41821.0,41539.0,40981.0,40576.0,40088.0,39300.0,38483.0,37553.0,36710.0,36210.0
부여군 - 상업지역 - 1인당 도시지역면적 현황,Statistics,17.12,17.12,17.12,17.12,17.2589707,12.7227138,12.78299829,14.17,14.32,13.94,14.13,14.28,15.35,15.87,16.21,16.61,16.99,17.23
부여군 - 주거지역 - 1인당 도시지역면적 현황,Statistics,98.27,98.27,98.27,98.27,99.04956453,73.01589896,73.36187282,80.7,81.57,82.61,83.74,84.57,85.16,89.43,90.19,92.42,94.55,95.85
부천시 - 1인당면적 녹지지역 - 1인당 도시지역면적 현황,Statistics,26.99,27.74,27.62,27.56,26.34374843,26.44934048,26.10129043,26.28,26.53,26.61,26.28,26.12,26.32,26.51,26.89,23.48,23.95,23.77
부천시 - 1인당면적 주+상+공 - 1인당 도시지역면적 현황,Statistics,33.68,34.12,33.98,33.88,34.72772748,34.81477491,35.33944599,35.61,35.94,36.34,36.5,36.73823191,37.02,37.89,38.42,42.83,43.7,44.76
부천시 - 공업지역 - 1인당 도시지역면적 현황,Statistics,5.39,5.37,5.35,5.33,5.294014881,5.310712796,5.326023284,5.36,5.42,5.46,5.33,5.34,5.38,5.47,5.54,5.63,5.74,5.7
부천시 - 도시지역 면적 - 1인당 도시지역면적 현황,Statistics,52178990.0,53450000.0,53450000.0,53450000.0,53450000.0,53450000.0,53450000.0,53450000.0,53450000.0,53450000.0,53450000.0,53450000.0,53450000.0,53450000.0,53450001.0,53450001.0,53450000.0,53450000.0
부천시 - 도시지역 인구 - 1인당 도시지역면적 현황,Statistics,860020.0,864037.0,867678.0,869944.0,875204.0,872452.0,869944.0,863720.0,855586.0,848987.0,851380.0,850329.0,843768.0,829996.0,818383.0,806067.0,790128.0,779968.0
부천시 - 상업지역 - 1인당 도시지역면적 현황,Statistics,3.38,3.36,3.35,3.34,3.434982016,3.444216988,3.839422997,3.87,3.9,3.93,4.02,4.02,4.05,4.12,4.18,4.37,4.46,4.48
부천시 - 주거지역 - 1인당 도시지역면적 현황,Statistics,24.91,25.39,25.28,25.22,25.99873058,26.05984513,26.17399971,26.37,26.62,26.95,27.15,27.38,27.59,28.3,28.7,32.83,33.5,34.58
부평구 - 1인당면적 녹지지역 - 1인당 도시지역면적 현황,Statistics,18.61,18.47,18.46,18.63,18.51721167,18.73366659,18.79696698,18.87,18.87,18.91,19.12,19.47,20.02,20.53,21.22,21.58,25.07,24.82
부평구 - 1인당면적 주+상+공 - 1인당 도시지역면적 현황,Statistics,37.47,37.75,37.73,38.08,37.84424301,38.28661915,38.41598828,38.56,38.56,38.64,39.07,39.78743233,40.96,42.01,43.42,44.15,40.52,40.11
부평구 - 공업지역 - 1인당 도시지역면적 현황,Statistics,9.14,9.16,9.15,9.24,9.18304543,9.290389634,9.321781532,9.36,9.36,9.32,9.43,9.3,9.57,9.81,10.14,10.31,7.61,7.53
부평구 - 도시지역 면적 - 1인당 도시지역면적 현황,Statistics,31984731.0,31984731.0,31984731.0,31984731.0,31984731.0,31984731.0,31984731.0,31984731.0,31984731.0,31987758.0,31987758.0,31994589.0,31994589.0,31994600.0,31994600.0,31994438.0,32082459.0,32082725.0
부평구 - 도시지역 인구 - 1인당 도시지역면적 현황,Statistics,570283.0,568905.0,569246.0,563920.0,567493.0,560936.0,559047.0,556985.0,556992.0,555844.0,549716.0,539941.0,524640.0,511577.0,494962.0,486765.0,489118.0,494138.0
부평구 - 상업지역 - 1인당 도시지역면적 현황,Statistics,3.36,3.37,3.37,3.4,3.381241707,3.420766362,3.43232501,3.45,3.44,3.45,3.49,3.55,3.66,3.75,3.88,3.94,4.09,4.05
부평구 - 주거지역 - 1인당 도시지역면적 현황,Statistics,24.97,25.22,25.2,25.44,25.27995588,25.57546315,25.66188174,25.76,25.76,25.86,26.15,26.94,27.74,28.45,29.4,29.9,28.82,28.53
북구 - 1인당면적 녹지지역 - 1인당 도시지역면적 현황,Statistics,85.68,86.59,91.89,93.25,93.79397088,95.06115823,93.55779598,94.53,95.37,94.29,94.23,96.5,98.44,100.41,102.9,103.17,104.78,106.8
북구 - 1인당면적 주+상+공 - 1인당 도시지역면적 현황,Statistics,30.23,31.15,31.78,32.25,32.50892646,32.97642116,32.45490945,32.79,33.09,32.72,32.89,33.68096618,34.36,35.05,35.97,36.07,36.63,37.33
북구 - 공업지역 - 1인당 도시지역면적 현황,Statistics,0.03,0.0,0.0,0.0,0.0,0.0,0.0,0.0,0.0,0.0,0.0,0.0,0.0,0.0,0.0,0.0,11.7,0.0
북구 - 도시지역 면적 - 1인당 도시지역면적 현황,Statistics,38301294.0,38301294.0,39434038.0,39434038.0,39434038.0,39434038.0,39434038.0,39434038.0,39434038.0,39434038.0,39434038.0,39434038.0,39434038.0,39434038.0,39434038.0,39434038.0,39434038.0,39434038.0
북구 - 도시지역 인구 - 1인당 도시지역면적 현황,Statistics,330446.0,325302.0,318859.0,314227.0,312218.0,307988.0,312937.0,309719.0,306974.0,310484.0,310202.0,302924.0,296952.0,291132.0,283952.0,283211.0,278857.0,273596.0
북구 - 상업지역 - 1인당 도시지역면적 현황,Statistics,1.8,1.83,1.87,1.9,1.907833629,1.934036391,1.903450215,1.92,1.98,1.96,1.96,2.0,2.04,2.09,2.14,2.14,2.18,2.22
북구 - 주거지역 - 1인당 도시지역면적 현황,Statistics,28.4,29.32,29.91,30.35,30.60109283,31.04238477,30.55145924,30.87,31.11,30.76,30.93,31.68,32.31,32.96,33.83,33.92,34.45,35.11
사상구 - 1인당면적 녹지지역 - 1인당 도시지역면적 현황,Statistics,75.68,77.67,80.08,81.84,81.02485621,82.11723458,83.42527873,84.65,85.92,87.81,89.66,91.06,93.45,95.71,98.19,100.21,102.18,102.61
사상구 - 1인당면적 주+상+공 - 1인당 도시지역면적 현황,Statistics,56.32,57.3,58.32,59.6,59.00715552,59.8026909,60.75528703,61.65,62.7,64.08,65.43,66.45579991,68.2,69.85,71.66,73.13,74.99,75.31
사상구 - 공업지역 - 1인당 도시지역면적 현황,Statistics,31.47,24.95,25.39,25.95,25.68867101,26.03500607,26.44971728,26.84,27.19,27.79,28.38,28.82,29.5,30.21,31.0,31.63,32.34,32.48
사상구 - 도시지역 면적 - 1인당 도시지역면적 현황,Statistics,35836811.0,35836811.0,36106274.0,36106274.0,36106274.0,36106274.0,36106274.0,36106274.0,36106274.0,36106274.0,36106274.0,36106274.0,36106275.0,36106275.0,36106274.0,36106274.0,36106275.0,36106274.0
사상구 - 도시지역 인구 - 1인당 도시지역면적 현황,Statistics,271484.0,265512.0,260897.0,255274.0,257843.0,254413.0,250424.0,246797.0,242953.0,237711.0,232800.0,229219.0,223361.0,218094.0,212586.0,208298.0,203789.0,202932.0
사상구 - 상업지역 - 1인당 도시지역면적 현황,Statistics,1.62,1.74,1.77,1.81,1.794685138,1.818881111,1.84785404,1.88,1.9,1.95,1.99,2.02,2.15,2.2,2.26,2.31,2.35,2.36
사상구 - 주거지역 - 1인당 도시지역면적 현황,Statistics,23.23,30.61,31.15,31.84,31.52379937,31.94880372,32.45771571,32.93,33.6,34.34,35.07,35.61,36.55,37.43,38.4,39.19,40.3,40.47
사천시 - 1인당면적 녹지지역 - 1인당 도시지역면적 현황,Statistics,726.36,735.97,741.88,775.88,753.4662789,716.7863514,716.3551119,697.42,707.9,704.03,708.78,710.23,698.05,705.1,710.44,712.86,717.12,716.13
사천시 - 1인당면적 주+상+공 - 1인당 도시지역면적 현황,Statistics,156.57,183.56,185.04,202.98,211.6808029,261.0246104,229.8371054,244.87,239.96,260.35,244.91,262.1664555,257.67,252.89,254.75,255.79,257.32,263.68
사천시 - 공업지역 - 1인당 도시지역면적 현황,Statistics,58.13,85.3,85.98,99.39,109.9384072,121.6851693,97.44348231,109.04,103.71,124.11,107.94,124.76,122.62,115.95,116.8,117.19,117.88,123.02
사천시 - 도시지역 면적 - 1인당 도시지역면적 현황,Statistics,85430588.0,90047522.0,89079062.0,89937196.0,90285318.0,92058602.0,90456286.0,91160919.0,91409898.0,92984372.0,91552304.0,92095429.0,92095429.0,92910748.0,92916327.0,92916793.0,92916793.0,93130680.0
사천시 - 도시지역 인구 - 1인당 도시지역면적 현황,Statistics,95414.0,95584.0,94822.0,90667.0,92316.0,93050.0,94466.0,95605.0,95306.0,95306.0,94805.0,94704.0,96356.0,95393.0,94695.0,94356.0,93796.0,93505.0
사천시 - 상업지역 - 1인당 도시지역면적 현황,Statistics,12.8,12.78,12.88,13.47,13.23226743,13.71811929,13.51249127,13.35,13.39,13.39,13.46,13.8,13.56,13.7,13.8,13.85,13.93,14.07
사천시 - 주거지역 - 1인당 도시지역면적 현황,Statistics,85.64,85.48,86.17,90.12,88.51012826,125.6213219,118.8811318,122.47,122.86,122.85,123.5,123.61,121.49,123.24,124.15,124.76,125.51,126.6
사하구 - 1인당면적 녹지지역 - 1인당 도시지역면적 현황,Statistics,71.69,58.24,58.13,59.03,58.73867533,58.58438624,59.97144809,60.59,61.54,62.56,63.15,63.4,64.46,66.43,68.4,69.69,70.62,71.6
사하구 - 1인당면적 주+상+공 - 1인당 도시지역면적 현황,Statistics,55.62,56.45,56.35,57.22,58.32240125,59.55922609,59.08220829,59.69,60.95,61.96,62.54,62.78898353,63.84,64.59,66.5,67.75,68.66,69.61
사하구 - 공업지역 - 1인당 도시지역면적 현황,Statistics,28.04,27.14,27.09,27.51,27.58862933,27.91198307,28.02497973,28.32,28.28,28.75,29.02,29.14,29.63,30.0,30.89,31.47,31.89,32.33
사하구 - 도시지역 면적 - 1인당 도시지역면적 현황,Statistics,73281835.0,68381835.0,68381835.0,68381835.0,68381835.0,68381835.0,68381835.0,68381835.0,68381835.0,68381835.0,68381835.0,68381835.0,68381835.0,68381835.0,68381835.0,68381835.0,68381835.0,68381835.0
사하구 - 도시지역 인구 - 1인당 도시지역면적 현황,Statistics,366865.0,364693.0,365368.0,359800.0,358730.0,355443.0,352726.0,349110.0,343371.0,337781.0,334603.0,333301.0,327791.0,321004.0,311757.0,306003.0,301987.0,297831.0
사하구 - 상업지역 - 1인당 도시지역면적 현황,Statistics,1.44,1.47,1.47,1.49,1.591160483,1.605874922,1.750953998,1.77,1.89,1.92,1.94,1.95,1.98,2.02,2.08,2.12,2.15,2.18
사하구 - 주거지역 - 1인당 도시지역면적 현황,Statistics,26.14,27.84,27.79,28.22,29.14261143,30.0413681,29.30627456,29.61,30.78,31.28,31.58,31.7,32.24,32.57,33.53,34.16,34.62,35.1
산청군 - 1인당면적 녹지지역 - 1인당 도시지역면적 현황,Statistics,650.18,657.96,657.96,650.66,614.1550061,603.05272,603.05272,598.71,600.1,596.44,595.95,1106.03,1102.38,1109.04,1185.5,1208.69,1224.25,1483.88
산청군 - 1인당면적 주+상+공 - 1인당 도시지역면적 현황,Statistics,198.55,200.92,200.92,238.27,223.1454528,231.1836335,231.1836335,230.65,231.19,229.73,244.21,455.7724458,429.47,459.51,490.79,500.39,517.6,528.9
산청군 - 공업지역 - 1인당 도시지역면적 현황,Statistics,0.0,0.0,0.0,20.63,17.713028,19.26882523,19.26882523,19.16,19.2,19.03,33.69,62.75,35.36,63.02,67.32,68.63,69.95,70.16
산청군 - 도시지역 면적 - 1인당 도시지역면적 현황,Statistics,10066000.0,10066000.0,10175700.0,10339614.0,10320857.0,10321511.0,10321511.0,10321511.0,10321511.0,10320970.0,10479849.0,10461324.0,10302447.0,10461334.0,10466483.0,10466483.0,10466483.0,10466483.0
산청군 - 도시지역 인구 - 1인당 도시지역면적 현황,Statistics,10233.0,10112.0,10112.0,10078.0,10677.0,10717.0,10717.0,10780.0,10755.0,10821.0,10830.0,5814.0,5824.0,5789.0,5420.0,5316.0,5216.0,5200.0
산청군 - 상업지역 - 1인당 도시지역면적 현황,Statistics,16.76,16.96,16.96,18.93,17.86550529,22.39339367,22.39339367,22.26,22.31,22.18,22.16,41.28,41.21,41.46,44.28,45.14,46.01,46.15
산청군 - 주거지역 - 1인당 도시지역면적 현황,Statistics,181.78,183.96,183.96,198.72,187.5669195,189.5214146,189.5214146,189.23,189.67,188.52,188.36,351.74,352.89,355.03,379.2,386.62,401.64,412.59
삼척시 - 1인당면적 녹지지역 - 1인당 도시지역면적 현황,Statistics,990.4,995.27,990.05,968.09,860.2551351,948.8923064,937.5326078,1017.66,1017.65,1013.27,1049.09,1049.09,1045.93,1057.51,1089.58,1120.74,1110.47,1107.09
삼척시 - 1인당면적 주+상+공 - 1인당 도시지역면적 현황,Statistics,223.07,224.17,222.99,227.75,258.7369682,285.4094052,281.8321306,309.4,309.44,318.97,337.21,337.2134213,349.03,352.39,363.08,373.46,370.16,358.07
삼척시 - 공업지역 - 1인당 도시지역면적 현황,Statistics,55.01,55.28,54.99,63.97,99.90032416,110.1817319,108.8571118,118.47,118.51,129.0,131.89,131.89,143.04,145.77,150.19,154.49,153.17,141.08
삼척시 - 도시지역 면적 - 1인당 도시지역면적 현황,Statistics,71329109.0,71329109.0,71329110.0,72111156.0,74312315.0,76810003.0,76800751.0,76808612.0,76810233.0,76803019.0,80176759.0,80176759.0,80405183.0,79882143.0,79882143.0,79882140.0,79883698.0,79101671.0
삼척시 - 도시지역 인구 - 1인당 도시지역면적 현황,Statistics,57565.0,57283.0,57585.0,59067.0,65091.0,59010.0,59725.0,54878.0,54878.0,55120.0,54287.0,54287.0,54114.0,53172.0,51607.0,50172.0,50633.0,50634.0
삼척시 - 상업지역 - 1인당 도시지역면적 현황,Statistics,16.06,16.14,16.05,15.99,14.56222827,16.0628707,15.87057346,17.27,17.27,17.13,18.9,18.9,18.96,18.75,19.32,19.87,19.69,19.69
삼척시 - 주거지역 - 1인당 도시지역면적 현황,Statistics,152.0,152.75,151.95,147.79,144.2744158,159.1648026,157.1044454,173.66,173.66,172.84,186.42,186.42,187.03,187.87,193.57,199.1,197.3,197.3
상주시 - 1인당면적 녹지지역 - 1인당 도시지역면적 현황,Statistics,580.33,596.46,601.25,596.28,630.4763735,630.2351933,736.5136543,736.37,729.97,720.53,723.65,727.83,728.38,722.73,746.18,758.23,764.18,771.99
상주시 - 1인당면적 주+상+공 - 1인당 도시지역면적 현황,Statistics,188.16,193.39,194.92,193.37,205.7082959,205.629605,240.3055453,240.26,238.17,242.02,243.06,244.4702832,245.35,243.45,251.35,263.34,257.39,260.03
상주시 - 공업지역 - 1인당 도시지역면적 현황,Statistics,37.74,38.79,38.58,38.3,41.45594157,41.44008316,48.42824933,48.42,48.0,47.72,47.93,48.2,48.24,47.86,49.42,58.15,50.61,51.12
상주시 - 도시지역 면적 - 1인당 도시지역면적 현황,Statistics,50154181.0,50154181.0,50153452.0,50152310.0,50256371.0,50256371.0,50256371.0,50256371.0,50256371.0,50256371.0,50256371.0,50256371.0,50246829.0,50246829.0,50246829.0,50640213.0,50245929.0,50245929.0
상주시 - 도시지역 인구 - 1인당 도시지역면적 현황,Statistics,65263.0,63498.0,62994.0,63512.0,60102.0,60125.0,51449.0,51459.0,51910.0,52212.0,51987.0,51688.0,51602.0,52006.0,50371.0,49571.0,49185.0,48687.0
상주시 - 상업지역 - 1인당 도시지역면적 현황,Statistics,17.51,18.0,18.14,18.0,19.01733719,19.01006237,22.21578651,22.21,22.02,21.89,21.99,22.11,22.0,21.82,22.53,22.9,23.08,23.31
상주시 - 주거지역 - 1인당 도시지역면적 현황,Statistics,132.9,136.6,138.2,137.07,145.2350171,145.1794595,169.6615095,169.63,168.15,172.41,173.15,174.15,175.12,173.76,179.4,182.3,183.71,185.59
서구 - 1인당면적 녹지지역 - 1인당 도시지역면적 현황,Statistics,59.57,61.06,62.67,64.47,63.37590447,64.4254191,66.10930413,67.25,67.62,68.88,70.7,72.59,72.26,74.03,74.1,76.19,76.17,76.67
서구 - 1인당면적 주+상+공 - 1인당 도시지역면적 현황,Statistics,45.57,46.81,48.05,49.42,50.34721517,51.43211174,52.51934154,53.42,53.82,54.82,56.27,57.77494343,57.52,58.75,58.8,60.46,60.63,61.59
서구 - 공업지역 - 1인당 도시지역면적 현황,Statistics,7.73,8.0,8.21,7.82,7.526150428,7.031199987,7.199374317,7.32,7.39,7.53,7.73,7.93,7.9,8.07,8.07,8.3,8.48,8.9
서구 - 도시지역 면적 - 1인당 도시지역면적 현황,Statistics,29362772.0,29362772.0,29362772.0,29362772.0,29362772.0,29362772.0,29362772.0,29362772.0,29362772.0,29362772.0,29362772.0,29362772.0,29362772.0,29362772.0,29362772.0,29362772.0,29382282.0,29362772.0
서구 - 도시지역 인구 - 1인당 도시지역면적 현황,Statistics,136226.0,132803.0,129385.0,125785.0,126040.0,123718.0,120828.0,118783.0,118115.0,115963.0,112973.0,110039.0,110534.0,108229.0,108135.0,105164.0,105192.0,104089.0
서구 - 상업지역 - 1인당 도시지역면적 현황,Statistics,6.9,7.08,7.26,8.1,8.081220248,8.949829451,9.081231172,9.24,9.34,9.51,9.77,10.03,9.98,10.19,10.2,10.49,10.58,10.69
서구 - 주거지역 - 1인당 도시지역면적 현황,Statistics,30.94,31.74,32.57,33.51,34.73984449,35.4510823,36.23873605,36.86,37.09,37.78,38.78,39.82,39.64,40.49,40.52,41.67,41.57,42.0
서귀포시 - 1인당면적 녹지지역 - 1인당 도시지역면적 현황,Statistics,1184.23,1182.38,1183.75,1190.46,1513.077112,1517.155169,1457.482579,1442.34,1415.51,1362.31,1308.68,1322.92,1304.32,1301.81,1295.69,1285.15,1279.82,1287.98
서귀포시 - 1인당면적 주+상+공 - 1인당 도시지역면적 현황,Statistics,185.08,193.26,193.48,194.54,197.9064029,198.4398018,190.6347881,188.65,185.15,178.19,171.17,180.9773831,178.43,178.09,177.57,176.12,175.39,176.51
서귀포시 - 공업지역 - 1인당 도시지역면적 현황,Statistics,13.9,13.96,13.98,14.06,13.91798605,13.95549791,13.40660171,13.27,13.02,12.53,12.04,11.93,11.77,11.74,11.77,11.67,11.62,11.7
서귀포시 - 도시지역 면적 - 1인당 도시지역면적 현황,Statistics,184265225.0,184265225.0,184265225.0,184292153.0,226694949.0,226694949.0,226694949.0,226694949.0,226694949.0,226694949.0,226694949.0,239755875.0,239755875.0,239755875.0,239451968.0,239451968.0,239451968.0,239451968.0
서귀포시 - 도시지역 인구 - 1인당 도시지역면적 현황,Statistics,130177.0,129579.0,129428.0,128722.0,128722.0,128376.0,133632.0,135035.0,137594.0,142968.0,148827.0,154796.0,157004.0,157306.0,157813.0,159107.0,159770.0,158757.0
서귀포시 - 상업지역 - 1인당 도시지역면적 현황,Statistics,14.49,14.66,14.68,14.76,16.16388807,16.20745311,15.56998324,15.41,15.12,14.55,13.98,15.74,15.52,15.49,15.44,15.32,15.25,15.35
서귀포시 - 주거지역 - 1인당 도시지역면적 현황,Statistics,156.7,164.63,164.82,165.73,167.8245288,168.2768508,161.6582031,159.98,157.0,151.1,145.15,153.3,151.14,150.85,150.36,149.14,148.52,149.47
서대문구 - 1인당면적 녹지지역 - 1인당 도시지역면적 현황,Statistics,5.43,5.53,5.81,5.79,5.840728906,6.020466759,6.015480161,6.03,6.11,6.07,6.03,6.28,6.33,6.34,6.29,6.44,6.41,6.41
서대문구 - 1인당면적 주+상+공 - 1인당 도시지역면적 현황,Statistics,45.0,44.96,47.25,47.96,48.38970731,49.8788129,49.83749956,50.0,50.6,50.31,49.98,50.26508312,50.67,50.82,50.37,51.58,51.33,51.34
서대문구 - 공업지역 - 1인당 도시지역면적 현황,Statistics,0.0,0.0,0.0,0.0,0.0,0.0,0.0,0.0,0.0,0.0,0.0,0.0,0.0,0.0,0.0,0.0,,0.0
서대문구 - 도시지역 면적 - 1인당 도시지역면적 현황,Statistics,17600000.0,17600000.0,17600000.0,17600000.0,17600000.0,17600000.0,17600000.0,17600000.0,17600000.0,17600000.0,17600000.0,17685973.0,17685845.0,17685845.0,17685845.0,17685845.0,17685845.0,17685845.0
서대문구 - 도시지역 인구 - 1인당 도시지역면적 현황,Statistics,349020.0,348575.0,331688.0,327451.0,324541.0,314852.0,315113.0,314110.0,310376.0,312141.0,314194.0,312800.0,310313.0,309397.0,312173.0,304819.0,306337.0,306231.0
서대문구 - 상업지역 - 1인당 도시지역면적 현황,Statistics,0.59,0.59,0.62,0.63,0.63366416,0.653164026,0.652623027,0.65,0.66,0.66,0.65,0.91,0.91,0.92,0.91,0.93,0.93,0.93
서대문구 - 주거지역 - 1인당 도시지역면적 현황,Statistics,44.41,44.37,46.63,47.33,47.75604315,49.22564888,49.18487654,49.34,49.94,49.65,49.33,49.36,49.75,49.9,49.46,50.65,50.4,50.42
서산시 - 1인당면적 녹지지역 - 1인당 도시지역면적 현황,Statistics,1206.69,1195.21,1096.89,1095.08,1080.421412,1080.421412,936.0717997,889.53,880.41,872.82,897.87,882.07,882.32,879.65,873.49,869.63,855.73,830.54
서산시 - 1인당면적 주+상+공 - 1인당 도시지역면적 현황,Statistics,329.68,326.55,315.87,356.35,384.3295744,384.4790006,340.8934786,325.63,331.98,332.23,342.03,336.1249784,336.32,335.3,334.42,332.95,327.62,352.91
서산시 - 공업지역 - 1인당 도시지역면적 현황,Statistics,191.7,189.88,188.99,228.39,251.9681921,251.9681921,226.2227871,215.98,223.06,221.79,228.43,224.51,224.67,223.99,223.89,222.9,219.34,244.62
서산시 - 도시지역 면적 - 1인당 도시지역면적 현황,Statistics,193258955.0,193258955.0,193258955.0,197310024.0,200117784.0,200132784.0,201034526.0,200328508.0,200256022.0,200253515.0,200253628.0,200225499.0,200235993.0,200235993.0,200224909.0,200224913.0,200224913.0,200224913.0
서산시 - 도시지역 인구 - 1인당 도시지역면적 현황,Statistics,90703.0,91574.0,98639.0,98802.0,100384.0,100384.0,115864.0,121176.0,121939.0,122679.0,119262.0,121381.0,121347.0,121715.0,122576.0,123120.0,125120.0,125110.0
서산시 - 상업지역 - 1인당 도시지역면적 현황,Statistics,10.69,10.59,9.83,9.81,10.15377949,10.30320569,8.79718463,8.41,8.35,8.55,8.8,8.64,8.64,8.62,8.56,8.52,8.38,8.38
서산시 - 주거지역 - 1인당 도시지역면적 현황,Statistics,127.29,126.08,117.05,118.14,122.2076028,122.2076028,105.8735069,101.24,100.58,101.88,104.81,102.98,103.01,102.69,101.97,101.52,99.9,99.91
서울특별시 - 1인당면적 녹지지역 - 1인당 도시지역면적 현황,Statistics,24.34,24.7,23.94,23.97,23.54516262,23.67685115,23.79465162,23.82,23.94,24.32,24.3,23.78,24.05,24.14,24.24,24.6,24.79,24.91
서울특별시 - 1인당면적 주+상+공 - 1인당 도시지역면적 현황,Statistics,35.18,34.75,35.46,35.39,35.21414462,35.44285397,35.64027723,35.92,36.07,36.07,36.73,37.6566627,37.96,38.1,38.4,39.1,39.45,39.62
서울특별시 - 공업지역 - 1인당 도시지역면적 현황,Statistics,2.72,2.34,2.61,2.69,2.680881877,2.583182459,2.597612747,2.6,2.62,2.23,2.25,2.03,2.05,2.05,2.06,2.09,2.12,2.13
서울특별시 - 도시지역 면적 - 1인당 도시지역면적 현황,Statistics,605958000.0,605947092.0,605958000.0,605958000.0,605958000.0,605958000.0,605958000.0,605961477.0,606361456.0,605267992.0,606114295.0,605597491.0,605569314.0,605512630.0,605680193.0,605680264.0,605672952.0,605673772.0
서울특별시 - 도시지역 인구 - 1인당 도시지역면적 현황,Statistics,10181166.0,10192710.0,10200827.0,10208302.0,10312545.0,10249679.0,10195318.0,10143645.0,10103233.0,10022181.0,9930616.0,9857426.0,9765623.0,9729107.0,9668465.0,9509458.0,9428372.0,9386034.0
서울특별시 - 상업지역 - 1인당 도시지역면적 현황,Statistics,2.45,2.49,2.55,2.54,2.533480048,2.568066863,2.567206339,2.58,2.58,2.66,2.63,2.57,2.62,2.64,2.66,2.7,2.74,2.74
서울특별시 - 주거지역 - 1인당 도시지역면적 현황,Statistics,30.01,29.92,30.3,30.17,29.99978269,30.29160464,30.47545815,30.73,30.88,31.19,31.85,33.06,33.3,33.41,33.69,34.3,34.6,34.75
서천군 - 1인당면적 녹지지역 - 1인당 도시지역면적 현황,Statistics,525.08,537.62,544.11,546.85,442.343773,442.343773,442.343773,481.49,479.71,503.6,515.65,522.45,536.11,538.32,548.17,559.97,549.72,585.7
서천군 - 1인당면적 주+상+공 - 1인당 도시지역면적 현황,Statistics,648.85,664.35,672.37,675.75,310.2901779,310.2901779,310.2901779,299.64,298.53,315.96,323.52,330.1608424,338.79,351.12,357.38,365.28,358.84,382.32
서천군 - 공업지역 - 1인당 도시지역면적 현황,Statistics,409.29,419.07,424.13,426.26,131.6177768,131.6177768,131.6177768,117.7,117.26,134.16,137.37,141.33,145.03,154.06,154.35,159.56,156.68,166.94
서천군 - 도시지역 면적 - 1인당 도시지역면적 현황,Statistics,33288000.0,33288000.0,33288000.0,33288000.0,20855256.0,20855256.0,20855256.0,21630541.0,21630541.0,22730591.0,22699229.0,22699229.0,22699229.0,22712136.0,23038239.0,23030031.0,23030031.0,23029159.0
서천군 - 도시지역 인구 - 1인당 도시지역면적 현황,Statistics,28332.0,27671.0,27341.0,27204.0,27204.0,27204.0,27204.0,27204.0,27305.0,27225.0,26589.0,26212.0,25544.0,25108.0,24662.0,24129.0,24572.0,23062.0
서천군 - 상업지역 - 1인당 도시지역면적 현황,Statistics,44.76,45.83,46.38,46.61,20.05749155,19.92361417,19.92361417,20.56,20.51,20.52,21.01,21.31,21.87,22.27,22.68,21.38,21.0,22.37
서천군 - 주거지역 - 1인당 도시지역면적 현황,Statistics,194.8,199.45,201.86,202.88,158.6149096,158.7487869,158.7487869,161.39,160.76,161.28,165.14,167.52,171.9,174.78,180.36,184.34,181.16,193.01
서초구 - 1인당면적 녹지지역 - 1인당 도시지역면적 현황,Statistics,68.81,69.2,69.14,65.55,63.2868237,63.45556365,63.2396907,62.28,61.18,61.58,59.72,60.51,61.51,61.96,62.78,64.73,65.69,65.15
서초구 - 1인당면적 주+상+공 - 1인당 도시지역면적 현황,Statistics,46.65,46.92,46.88,45.24,45.14619065,45.26656272,45.11256792,44.43,43.64,43.93,45.16,45.81101197,46.57,46.9,47.54,49.03,50.3,49.89
서초구 - 공업지역 - 1인당 도시지역면적 현황,Statistics,0.0,0.0,0.0,0.0,0.0,0.0,0.0,0.0,0.0,0.0,0.0,0.0,0.0,0.0,0.0,0.0,,0.0
서초구 - 도시지역 면적 - 1인당 도시지역면적 현황,Statistics,47138000.0,47138000.0,47138000.0,47138000.0,47138000.0,47138000.0,47138000.0,47138000.0,47138000.0,47138000.0,46899887.0,46899887.0,46899887.0,46899887.0,46899887.0,46899887.0,46899888.0,46899563.0
서초구 - 도시지역 인구 - 1인당 도시지역면적 현황,Statistics,408266.0,405969.0,406320.0,425481.0,434720.0,433564.0,435044.0,441763.0,449678.0,446764.0,447192.0,441102.0,433951.0,430826.0,425126.0,412279.0,404325.0,407664.0
서초구 - 상업지역 - 1인당 도시지역면적 현황,Statistics,3.29,3.31,3.3,3.15,3.082798123,3.091017704,3.080502202,3.03,2.98,3.0,2.95,2.99,3.04,3.06,3.11,3.2,3.29,3.26
서초구 - 주거지역 - 1인당 도시지역면적 현황,Statistics,43.36,43.61,43.58,42.09,42.06339253,42.17554502,42.03206572,41.39,40.66,40.93,42.21,42.82,43.52,43.84,44.44,45.82,47.01,46.63
성남시 - 1인당면적 녹지지역 - 1인당 도시지역면적 현황,Statistics,112.17,113.44,114.83,112.41,108.8185913,108.6399574,108.6622962,108.49,109.04,109.07,107.97,108.73,110.23,110.92,110.53,111.22,112.23,112.63
성남시 - 1인당면적 주+상+공 - 1인당 도시지역면적 현황,Statistics,34.82,35.22,35.65,34.9,35.86855814,36.1752864,36.25771728,36.19,36.43,36.88,37.45,37.74990439,38.27,39.41,40.22,41.02,41.39,41.57
성남시 - 공업지역 - 1인당 도시지역면적 현황,Statistics,1.7,1.72,1.74,1.7,1.669261062,1.670738868,1.671947599,1.65,1.66,1.76,1.88,1.85,1.88,1.85,1.86,1.87,1.89,1.9
성남시 - 도시지역 면적 - 1인당 도시지역면적 현황,Statistics,141820897.0,141820897.0,141820896.0,141820896.0,141820897.0,141820899.0,141820899.0,141820898.0,141820897.0,141820897.0,141820897.0,141820897.0,141820897.0,141820898.0,141820898.0,141820898.0,141820880.0,141820897.0
성남시 - 도시지역 인구 - 1인당 도시지역면적 현황,Statistics,964831.0,953960.0,942447.0,962726.0,980190.0,979323.0,978615.0,979534.0,974608.0,971424.0,974580.0,967510.0,954347.0,942724.0,940064.0,930948.0,922518.0,919747.0
성남시 - 상업지역 - 1인당 도시지역면적 현황,Statistics,4.98,5.04,5.09,4.98,5.073149083,5.104881638,5.152915089,5.2,5.24,5.29,5.29,5.28,5.36,5.46,5.57,5.63,5.68,5.7
성남시 - 주거지역 - 1인당 도시지역면적 현황,Statistics,28.14,28.46,28.83,28.22,29.12614799,29.39966589,29.4328546,29.34,29.54,29.83,30.27,30.62,31.04,32.1,32.8,33.52,33.82,33.97
성동구 - 1인당면적 녹지지역 - 1인당 도시지역면적 현황,Statistics,13.44,13.47,12.4,14.59,14.54220574,14.453023,14.50642515,14.52,14.68,14.63,14.52,14.21,14.06,14.4,14.76,15.15,15.42,15.62
성동구 - 1인당면적 주+상+공 - 1인당 도시지역면적 현황,Statistics,36.92,37.02,41.2,40.07,39.93977864,41.54758888,41.70110212,41.74,42.19,42.06,41.75,40.91762683,40.46,41.45,42.49,43.61,44.38,44.95
성동구 - 공업지역 - 1인당 도시지역면적 현황,Statistics,9.63,9.65,6.75,10.45,10.41757659,6.822873124,6.848082803,6.85,6.93,6.91,6.86,6.73,6.66,6.82,6.99,7.17,7.3,7.4
성동구 - 도시지역 면적 - 1인당 도시지역면적 현황,Statistics,16840000.0,16840000.0,16840000.0,16840000.0,16840000.0,16840000.0,16840000.0,16840000.0,16839500.0,16839500.0,16839500.0,16804426.0,16804426.0,16804270.0,16804270.0,16804270.0,16804270.0,16799152.0
성동구 - 도시지역 인구 - 1인당 도시지역면적 현황,Statistics,334437.0,333535.0,314212.0,308058.0,309093.0,300711.0,299604.0,299337.0,296086.0,297003.0,299259.0,304808.0,308221.0,300889.0,293556.0,285990.0,281000.0,277361.0
성동구 - 상업지역 - 1인당 도시지역면적 현황,Statistics,0.85,0.85,1.37,0.92,0.917979378,1.577680896,1.583510234,1.58,1.6,1.6,1.59,1.55,1.54,1.57,1.61,1.65,1.68,1.71
성동구 - 주거지역 - 1인당 도시지역면적 현황,Statistics,26.44,26.51,33.08,28.7,28.60422268,33.14703486,33.26950909,33.3,33.66,33.56,33.31,32.64,32.27,33.06,33.89,34.78,35.4,35.85
성북구 - 1인당면적 녹지지역 - 1인당 도시지역면적 현황,Statistics,13.88,13.96,13.87,13.79,13.42580972,13.52988534,13.62293793,13.77,14.07,14.29,14.58,14.49,14.76,14.53,14.72,14.94,14.95,15.11
성북구 - 1인당면적 주+상+공 - 1인당 도시지역면적 현황,Statistics,38.04,38.28,38.0,37.78,36.78567163,37.0708307,37.32578753,37.74,38.54,39.16,39.94,40.96015133,41.73,41.09,41.61,42.25,42.26,42.74
성북구 - 공업지역 - 1인당 도시지역면적 현황,Statistics,0.0,0.0,0.0,0.0,0.0,0.0,0.0,0.0,0.0,0.0,0.0,0.0,0.0,0.0,0.0,0.0,,0.0
성북구 - 도시지역 면적 - 1인당 도시지역면적 현황,Statistics,24550000.0,24550000.0,24550000.0,24550000.0,24550000.0,24550000.0,24550000.0,24550000.0,24550000.0,24550000.0,24550000.0,24621422.0,24621422.0,24621422.0,24621422.0,24621422.0,24621422.0,24621422.0
성북구 - 도시지역 인구 - 1인당 도시지역면적 현황,Statistics,472843.0,469973.0,473357.0,476028.0,488932.0,485171.0,481857.0,476589.0,466706.0,459275.0,450355.0,444055.0,435868.0,442650.0,437153.0,430528.0,430397.0,425602.0
성북구 - 상업지역 - 1인당 도시지역면적 현황,Statistics,1.91,1.92,1.9,1.89,1.843104972,1.857392548,1.870166875,1.89,1.93,1.96,2.0,0.89,0.91,0.9,0.91,0.92,0.93,0.94
성북구 - 주거지역 - 1인당 도시지역면적 현황,Statistics,36.14,36.36,36.09,35.89,34.94256666,35.21343815,35.45562065,35.85,36.61,37.2,37.94,40.07,40.82,40.19,40.7,41.32,41.33,41.79
성주군 - 1인당면적 녹지지역 - 1인당 도시지역면적 현황,Statistics,487.81,490.05,493.31,491.48,491.475935,496.850708,490.5668506,478.74,471.16,464.35,458.61,459.68,459.68,466.18,472.67,478.98,482.08,487.58
성주군 - 1인당면적 주+상+공 - 1인당 도시지역면적 현황,Statistics,161.05,161.79,162.87,162.26,225.7171062,228.2295119,236.9417278,301.28,296.51,292.23,288.61,289.9456799,289.95,294.05,298.02,302.0,303.95,307.43
성주군 - 공업지역 - 1인당 도시지역면적 현황,Statistics,9.76,9.81,9.87,9.83,73.28751304,74.09347695,74.67508125,142.93,140.67,138.63,136.92,137.9,137.9,139.85,141.68,141.73,142.64,144.27
성주군 - 도시지역 면적 - 1인당 도시지역면적 현황,Statistics,8774500.0,8774500.0,9625800.0,9625800.0,9626165.0,9626165.0,10581546.0,10575453.0,10575453.0,10575453.0,10575453.0,10584723.0,10584723.0,10584723.0,10583153.0,10583153.0,10583153.0,10583153.0
성주군 - 도시지역 인구 - 1인당 도시지역면적 현황,Statistics,13523.0,13461.0,13372.0,13422.0,13422.0,13276.0,13231.0,13558.0,13776.0,13978.0,14153.0,14120.0,14120.0,13923.0,13732.0,13551.0,13464.0,13312.0
성주군 - 상업지역 - 1인당 도시지역면적 현황,Statistics,13.14,13.2,13.29,13.24,13.23573238,13.39334137,13.43889351,13.11,12.91,12.72,12.56,12.59,12.59,12.77,12.95,13.12,13.21,13.36
성주군 - 주거지역 - 1인당 도시지역면적 현황,Statistics,138.15,138.79,139.71,139.19,139.1938608,140.7426936,148.827753,145.24,142.94,140.87,139.13,139.46,139.46,141.43,143.4,147.15,148.1,149.8
세종특별자치시 - 1인당면적 녹지지역 - 1인당 도시지역면적 현황,Statistics,,,,,,,1127.764213,1044.35,763.17,563.16,475.05,400.8,353.63,318.83,300.42,287.87,279.09,276.97
세종특별자치시 - 1인당면적 주+상+공 - 1인당 도시지역면적 현황,Statistics,,,,,,,443.3443158,415.06,310.53,232.1,195.79,174.0156666,152.25,137.26,135.04,131.23,127.23,126.27
세종특별자치시 - 공업지역 - 1인당 도시지역면적 현황,Statistics,,,,,,,71.65270023,70.86,56.2,40.68,34.32,33.75,31.03,27.98,27.19,28.42,27.55,27.34
세종특별자치시 - 도시지역 면적 - 1인당 도시지역면적 현황,Statistics,,,,,,,139983328.0,140413907.0,140971318.0,140971433.0,140971433.0,141468621.0,142715907.0,142715907.0,142495482.0,143324836.0,141833041.0,141833041.0
세종특별자치시 - 도시지역 인구 - 1인당 도시지역면적 현황,Statistics,,,,,,,88474.0,95541.0,130137.0,175781.0,208385.0,243576.0,279118.0,309581.0,323806.0,338424.0,349068.0,351737.0
세종특별자치시 - 상업지역 - 1인당 도시지역면적 현황,Statistics,,,,,,,57.77907634,53.51,40.82,31.19,26.31,22.92,20.52,18.5,16.18,15.49,15.02,14.9
세종특별자치시 - 주거지역 - 1인당 도시지역면적 현황,Statistics,,,,,,,313.9125393,290.69,213.51,160.23,135.16,117.34,100.69,90.78,91.66,87.32,84.66,84.02
속초시 - 1인당면적 녹지지역 - 1인당 도시지역면적 현황,Statistics,283.92,284.85,287.87,290.2,288.5183309,285.7318807,285.7318807,333.26,336.02,333.25,334.31,332.36,334.77,334.34,330.38,329.89,330.58,333.61
속초시 - 1인당면적 주+상+공 - 1인당 도시지역면적 현황,Statistics,90.25,99.21,100.27,103.6,103.0018984,105.7883485,105.8260139,114.75,115.62,117.75,118.03,117.3394917,118.19,118.04,117.19,117.0,116.58,117.65
속초시 - 공업지역 - 1인당 도시지역면적 현황,Statistics,7.79,8.81,8.9,10.07,10.00856086,12.795011,12.83267636,13.15,13.19,13.29,13.31,13.23,13.33,13.31,13.09,13.07,12.49,12.6
속초시 - 도시지역 면적 - 1인당 도시지역면적 현황,Statistics,37202000.0,37466791.0,37466791.0,37466791.0,37466791.0,37466791.0,37466791.0,42299605.0,42299605.0,42065437.0,42065437.0,42065437.0,42065437.0,42065437.0,42065437.0,42065437.0,42065436.0,42065436.0
속초시 - 도시지역 인구 - 1인당 도시지역면적 현황,Statistics,84367.0,83896.0,83014.0,82222.0,82702.0,82702.0,82702.0,83069.0,82393.0,81992.0,81793.0,82273.0,81682.0,81786.0,82665.0,82791.0,82806.0,82054.0
속초시 - 상업지역 - 1인당 도시지역면적 현황,Statistics,22.28,22.12,22.35,23.88,23.74631811,24.52743585,24.52743585,27.56,27.78,28.25,28.32,28.15,28.35,28.32,28.02,27.97,28.09,28.35
속초시 - 주거지역 - 1인당 도시지역면적 현황,Statistics,60.18,68.29,69.02,69.65,69.24701942,68.46590167,68.46590167,74.04,74.65,76.21,76.4,75.95,76.5,76.41,76.08,75.95,76.0,76.7
송파구 - 1인당면적 녹지지역 - 1인당 도시지역면적 현황,Statistics,17.96,17.47,15.43,15.14,15.05804643,15.12580895,15.33016349,15.44,15.52,15.99,16.05,15.89,15.84,15.58,15.77,15.3,15.29,15.4
송파구 - 1인당면적 주+상+공 - 1인당 도시지역면적 현황,Statistics,37.87,36.85,35.24,34.59,34.39626342,34.55104961,35.01784539,35.26,35.46,35.29,35.42,35.06482206,34.95,34.51,34.92,36.13,36.1,36.36
송파구 - 공업지역 - 1인당 도시지역면적 현황,Statistics,0.0,0.0,0.0,0.0,0.0,0.0,0.0,0.0,0.0,0.0,0.0,0.0,0.0,0.0,0.0,0.0,,0.0
송파구 - 도시지역 면적 - 1인당 도시지역면적 현황,Statistics,33890000.0,33890000.0,33890000.0,33890000.0,33890000.0,33890000.0,33890000.0,33890000.0,33890000.0,33858375.0,33858375.0,33858375.0,33858375.0,33857302.0,33857302.0,33857302.0,33857302.0,33857302.0
송파구 - 도시지역 인구 - 1인당 도시지역면적 현황,Statistics,607005.0,623876.0,668962.0,681476.0,685279.0,682209.0,673115.0,668415.0,664738.0,660302.0,657831.0,664496.0,666635.0,675961.0,667960.0,658338.0,658801.0,654166.0
송파구 - 상업지역 - 1인당 도시지역면적 현황,Statistics,3.03,2.95,3.23,3.17,3.151590812,3.165773245,3.20854386,3.23,3.25,3.46,3.47,3.44,3.43,3.49,3.54,3.59,3.59,3.61
송파구 - 주거지역 - 1인당 도시지역면적 현황,Statistics,34.84,33.9,32.01,31.42,31.24467261,31.38527636,31.80930153,32.03,32.21,31.83,31.95,31.63,31.53,31.02,31.38,32.54,32.52,32.75
수성구 - 1인당면적 녹지지역 - 1인당 도시지역면적 현황,Statistics,,,0.0,0.0,123.5589756,123.7245832,122.4014603,122.03,123.26,124.54,125.87,128.24,130.14,131.37,131.44,133.71,135.51,136.41
수성구 - 1인당면적 주+상+공 - 1인당 도시지역면적 현황,Statistics,,,0.0,0.0,41.94943592,42.1068788,43.91281681,43.84,44.25,44.71,45.19,46.02177086,46.71,47.2,48.94,49.79,50.46,51.49
수성구 - 공업지역 - 1인당 도시지역면적 현황,Statistics,,,0.0,0.0,0.0,0.0,0.0,0.0,0.0,0.0,0.0,0.0,0.0,0.0,0.0,0.0,,0.0
수성구 - 도시지역 면적 - 1인당 도시지역면적 현황,Statistics,,,0.0,0.0,76462900.0,76462068.0,76467812.0,76464886.0,76466610.0,76465609.0,76466396.0,76536623.0,76534405.0,76535269.0,76536911.0,76535524.0,76534323.0,76536006.0
수성구 - 도시지역 인구 - 1인당 도시지역면적 현황,Statistics,,,451732.0,456196.0,461988.0,461083.0,459779.0,461004.0,456505.0,451786.0,447011.0,439211.0,432759.0,428614.0,424314.0,417097.0,411553.0,407331.0
수성구 - 상업지역 - 1인당 도시지역면적 현황,Statistics,,,0.0,0.0,3.776119726,3.783531382,4.030258015,4.02,4.23,4.27,4.32,4.4,4.46,4.51,4.7,4.78,4.84,4.89
수성구 - 주거지역 - 1인당 도시지역면적 현황,Statistics,,,0.0,0.0,38.17331619,38.32334742,39.88255879,39.82,40.02,40.44,40.87,41.63,42.25,42.69,44.24,45.01,45.62,46.59
수영구 - 1인당면적 녹지지역 - 1인당 도시지역면적 현황,Statistics,20.95,20.64,20.77,20.75,20.31125222,20.33395023,20.33682769,20.52,20.13,19.98,20.04,19.9,20.33,20.38,20.3,20.51,20.54,20.57
수영구 - 1인당면적 주+상+공 - 1인당 도시지역면적 현황,Statistics,41.46,41.62,41.89,41.78,41.62093377,42.15064152,42.15660625,42.53,41.73,41.42,41.53,41.43280406,42.31,42.38,42.21,42.65,42.71,42.78
수영구 - 공업지역 - 1인당 도시지역면적 현황,Statistics,0.66,0.66,0.66,0.66,0.655090398,0.660933494,0.661027023,0.67,0.65,0.65,0.65,0.65,0.66,0.66,0.66,0.67,0.67,0.67
수영구 - 도시지역 면적 - 1인당 도시지역면적 현황,Statistics,16634751.0,16634751.0,16634751.0,16621650.0,14084751.0,14084751.0,14084751.0,14084751.0,14084751.0,14084751.0,14084751.0,14084751.0,14084752.0,14084752.0,14084751.0,14085667.0,14084751.0,14084751.0
수영구 - 도시지역 인구 - 1인당 도시지역면적 현황,Statistics,177814.0,178253.0,177140.0,177292.0,178267.0,176691.0,176666.0,175098.0,178480.0,179795.0,179324.0,179996.0,176246.0,176148.0,176894.0,175095.0,174806.0,174518.0
수영구 - 상업지역 - 1인당 도시지역면적 현황,Statistics,3.78,3.77,3.8,3.79,3.865084396,3.899559117,3.900110944,3.94,4.2,4.17,4.18,4.16,4.25,4.25,4.24,4.28,4.29,4.29
수영구 - 주거지역 - 1인당 도시지역면적 현황,Statistics,37.03,37.2,37.43,37.32,37.10075897,37.5901489,37.59546828,37.93,36.88,36.61,36.7,36.62,37.4,37.47,37.31,37.7,37.76,37.82
수원시 - 1인당면적 녹지지역 - 1인당 도시지역면적 현황,Statistics,72.03,72.12,65.25,64.59,63.4776411,62.5905581,60.81557463,59.37,57.4,56.72,55.8,55.0,54.99,55.35,55.07,55.18,54.84,54.54
수원시 - 1인당면적 주+상+공 - 1인당 도시지역면적 현황,Statistics,41.53,41.58,48.2,48.26,48.91137364,48.66743072,47.28728829,46.14,45.77,45.54,45.65,45.72511367,45.86,46.11,47.07,47.16,46.87,46.68
수원시 - 공업지역 - 1인당 도시지역면적 현황,Statistics,3.85,3.86,3.86,3.79,3.822550544,3.785503574,3.678151819,3.59,3.51,3.48,3.45,3.42,3.43,3.44,3.47,3.48,3.46,3.44
수원시 - 도시지역 면적 - 1인당 도시지역면적 현황,Statistics,121389597.0,121389597.0,121103097.0,121103097.0,121103097.0,121103097.0,121103097.0,121138690.0,121138690.0,121138690.0,121138690.0,121138690.0,121138690.0,121182030.0,121136868.0,121136868.0,121136868.0,121180275.0
수원시 - 도시지역 인구 - 1인당 도시지역면적 현황,Statistics,1068906.0,1067702.0,1067425.0,1073149.0,1077535.0,1088489.0,1120258.0,1148157.0,1174228.0,1184624.0,1194041.0,1202628.0,1201166.0,1194465.0,1186078.0,1183714.0,1190964.0,1197257.0
수원시 - 상업지역 - 1인당 도시지역면적 현황,Statistics,3.78,3.78,5.07,5.09,5.317813342,5.257058179,5.107975127,4.98,4.95,4.91,4.91,5.02,5.17,5.2,5.3,5.31,5.28,5.25
수원시 - 주거지역 - 1인당 도시지역면적 현황,Statistics,33.9,33.94,39.27,39.39,39.77100976,39.62486897,38.50116134,37.56,37.3,37.16,37.29,37.29,37.26,37.46,38.29,38.37,38.14,37.99
순창군 - 1인당면적 녹지지역 - 1인당 도시지역면적 현황,Statistics,862.18,859.5,868.01,907.2,891.7663734,906.29545,893.4257174,890.29,985.61,989.88,880.83,872.16,886.83,891.5,900.92,932.93,896.1,894.85
순창군 - 1인당면적 주+상+공 - 1인당 도시지역면적 현황,Statistics,93.3,93.01,93.93,98.17,96.50342131,98.07570038,96.68298893,96.34,106.66,107.12,95.32,94.38145315,95.97,96.48,107.45,111.27,106.88,106.73
순창군 - 공업지역 - 1인당 도시지역면적 현황,Statistics,0.0,0.0,0.0,0.0,0.0,0.0,0.0,0.0,0.0,0.0,0.0,0.0,0.0,0.0,0.0,0.0,,0.0
순창군 - 도시지역 면적 - 1인당 도시지역면적 현황,Statistics,10110000.0,10110000.0,10110000.0,10110000.0,10110000.0,10110000.0,10110000.0,10110000.0,10110000.0,10110000.0,10110000.0,10110000.0,10110000.0,10110000.0,10110000.0,10110000.0,10110000.0,10110000.0
순창군 - 도시지역 인구 - 1인당 도시지역면적 현황,Statistics,10581.0,10614.0,10510.0,10056.0,10230.0,10066.0,10211.0,10247.0,9256.0,9216.0,10357.0,10460.0,10287.0,10233.0,10026.0,9682.0,10080.0,10094.0
순창군 - 상업지역 - 1인당 도시지역면적 현황,Statistics,11.78,11.74,11.86,12.39,12.17986315,12.3783032,12.20252669,12.16,13.46,13.52,12.03,11.91,12.11,12.18,12.43,12.87,12.36,12.34
순창군 - 주거지역 - 1인당 도시지역면적 현황,Statistics,81.53,81.27,82.08,85.78,84.32355816,85.69739718,84.48046225,84.18,93.2,93.6,83.29,82.47,83.86,84.3,95.03,98.4,94.52,94.39
순천시 - 1인당면적 녹지지역 - 1인당 도시지역면적 현황,Statistics,709.91,708.9,704.42,701.72,697.8046389,694.6901934,689.5192706,685.91,681.98,678.89,679.36,676.36,676.0,668.72,659.86,659.53,664.77,653.43
순천시 - 1인당면적 주+상+공 - 1인당 도시지역면적 현황,Statistics,102.43,102.29,109.19,108.53,110.9359512,112.7033718,114.9330891,114.33,113.68,113.16,113.43,113.9090197,114.11,114.59,118.01,120.43,121.38,119.31
순천시 - 공업지역 - 1인당 도시지역면적 현황,Statistics,14.31,14.29,14.44,14.38,16.95925941,16.93101235,19.12306727,19.02,18.91,18.83,18.85,19.36,19.35,19.3,19.1,19.15,19.3,18.97
순천시 - 도시지역 면적 - 1인당 도시지역면적 현황,Statistics,198748000.0,198748000.0,198748000.0,198748000.0,198748000.0,198748000.0,198748000.0,198748000.0,198748000.0,198748000.0,198748000.0,198748000.0,198748000.0,197141157.0,197839766.0,197839766.0,197839766.0,197839766.0
순천시 - 도시지역 인구 - 1인당 도시지역면적 현황,Statistics,244660.0,245010.0,244279.0,245294.0,245750.0,246160.0,247060.0,248360.0,249790.0,250928.0,250694.0,251494.0,251547.0,251677.0,254335.0,253656.0,251656.0,256023.0
순천시 - 상업지역 - 1인당 도시지역면적 현황,Statistics,11.96,11.94,12.56,12.14,12.11317192,12.17874553,12.13438031,12.07,12.0,11.95,11.96,11.92,11.92,11.93,12.22,12.5,12.6,12.38
순천시 - 주거지역 - 1인당 도시지역면적 현황,Statistics,76.16,76.05,82.19,82.02,81.86351984,83.59361391,83.67564154,83.24,82.76,82.39,82.63,82.63,82.84,83.35,86.68,88.78,89.49,87.96
시흥시 - 1인당면적 녹지지역 - 1인당 도시지역면적 현황,Statistics,265.36,257.83,256.42,249.49,232.3643885,237.5257672,238.388738,240.02,241.32,239.12,245.98,237.09,221.75,207.68,196.26,191.99,191.67,186.23
시흥시 - 1인당면적 주+상+공 - 1인당 도시지역면적 현황,Statistics,57.94,65.4,65.0,74.88,87.2714037,96.45029652,96.97845726,97.64,98.17,97.28,86.55,84.73535257,79.26,77.44,73.37,71.77,71.65,73.64
시흥시 - 공업지역 - 1인당 도시지역면적 현황,Statistics,17.48,17.48,17.38,27.82,27.41844045,27.42942647,27.54367999,27.73,27.88,27.63,26.44,26.38,24.68,25.46,24.23,23.7,23.66,23.34
시흥시 - 도시지역 면적 - 1인당 도시지역면적 현황,Statistics,132572093.0,132572093.0,132572093.0,133974164.0,133974164.0,133974164.0,133974164.0,133974164.0,133974164.0,133974164.0,133974164.0,135056862.0,135059861.0,135056862.0,135056863.0,135056863.0,135059863.0,135056862.0
시흥시 - 도시지역 인구 - 1인당 도시지역면적 현황,Statistics,390477.0,390564.0,392756.0,397912.0,403797.0,401149.0,399485.0,396765.0,394639.0,398256.0,402888.0,419664.0,448687.0,473682.0,500895.0,512030.0,512912.0,519715.0
시흥시 - 상업지역 - 1인당 도시지역면적 현황,Statistics,2.1,2.82,2.8,2.77,3.864142131,5.450463543,5.473166702,5.51,5.54,5.49,4.61,4.16,3.89,3.95,3.7,3.62,3.61,3.69
시흥시 - 주거지역 - 1인당 도시지역면적 현황,Statistics,38.35,45.1,44.82,44.29,55.98882112,63.57040651,63.96161057,64.4,64.75,64.16,55.51,54.19,50.7,48.04,45.44,44.45,44.37,46.61
신안군 - 1인당면적 녹지지역 - 1인당 도시지역면적 현황,Statistics,1467.73,1467.73,1467.73,1432.1,3268.768595,1380.400257,1426.789254,1418.17,1431.41,1447.96,718.53,715.43,729.46,748.6,774.29,788.84,796.23,792.42
신안군 - 1인당면적 주+상+공 - 1인당 도시지역면적 현황,Statistics,135.02,135.02,135.02,176.9,3576.444541,1756.015246,1815.02696,1804.07,1820.9,1841.96,88.76,88.37359551,90.11,92.32,95.49,97.29,98.2,97.73
신안군 - 공업지역 - 1인당 도시지역면적 현황,Statistics,23.05,23.05,23.05,23.14,2260.902131,1200.461976,1240.804063,1233.31,1244.82,1259.21,11.61,11.56,11.79,12.08,12.49,12.73,12.85,12.78
신안군 - 도시지역 면적 - 1인당 도시지역면적 현황,Statistics,3720000.0,3720000.0,3720000.0,3720000.0,15737145.0,17074646.0,17074646.0,17074646.0,17074646.0,17074646.0,3720000.0,3720000.0,3720000.0,3725281.0,3725281.0,3725281.0,3725281.0,3725281.0
신안군 - 도시지역 인구 - 1인당 도시지역면적 현황,Statistics,2321.0,2321.0,2321.0,2312.0,2299.0,5444.0,5267.0,5299.0,5250.0,5190.0,4608.0,4628.0,4539.0,4430.0,4283.0,4204.0,4165.0,4185.0
신안군 - 상업지역 - 1인당 도시지역면적 현황,Statistics,26.79,26.79,26.79,26.9,236.1974772,99.74614254,103.0981583,102.48,103.43,104.63,13.5,13.44,13.7,14.04,14.52,14.79,14.93,14.86
신안군 - 주거지역 - 1인당 도시지역면적 현황,Statistics,85.18,85.18,85.18,126.86,1079.344933,455.8071271,471.1247389,468.28,472.65,478.11,63.65,63.38,64.62,66.21,68.48,69.77,70.42,70.08
아산시 - 1인당면적 녹지지역 - 1인당 도시지역면적 현황,Statistics,262.6,250.83,259.39,287.11,271.9785271,290.5936451,291.1751814,246.39,228.48,224.43,220.8,210.3,210.98,201.44,202.28,196.49,189.95,178.09
아산시 - 1인당면적 주+상+공 - 1인당 도시지역면적 현황,Statistics,154.94,147.97,156.67,175.26,175.1400564,166.8077135,182.4833602,156.1,147.47,146.81,146.13,141.303637,144.82,148.41,152.37,149.99,153.33,148.44
아산시 - 공업지역 - 1인당 도시지역면적 현황,Statistics,62.68,59.87,61.71,68.58,72.6907316,62.44536296,69.03536459,60.1,56.05,57.02,56.94,55.52,58.39,61.95,63.35,61.81,60.32,60.22
아산시 - 도시지역 면적 - 1인당 도시지역면적 현황,Statistics,82242900.0,85350036.0,85969679.0,85969679.0,87369053.0,93246445.0,82236596.0,82581343.0,82581081.0,83014719.0,83489213.0,83932933.0,84935069.0,86275783.0,92034569.0,92147361.0,92818557.0,94018099.0
아산시 - 도시지역 인구 - 1인당 도시지역면적 현황,Statistics,167767.0,175641.0,169757.0,152753.0,160621.0,170324.0,173620.0,205175.0,219657.0,223617.0,227530.0,238716.0,238716.0,246611.0,246118.0,252245.0,259985.0,276989.0
아산시 - 상업지역 - 1인당 도시지역면적 현황,Statistics,13.6,12.99,13.45,15.17,14.42293972,13.78991217,14.72792305,12.46,11.79,11.08,10.89,10.38,10.42,10.22,10.37,10.12,9.85,9.24
아산시 - 주거지역 - 1인당 도시지역면적 현황,Statistics,78.66,75.12,81.51,91.51,88.02638509,90.57243841,98.72007257,83.54,79.64,78.71,78.3,75.4,76.0,76.25,78.65,78.07,83.17,78.98
안동시 - 1인당면적 녹지지역 - 1인당 도시지역면적 현황,Statistics,449.13,465.58,465.58,464.24,469.4945085,468.4685353,479.9620033,479.34,470.93,465.32,466.5,474.76,495.49,502.17,505.64,512.08,494.04,499.05
안동시 - 1인당면적 주+상+공 - 1인당 도시지역면적 현황,Statistics,117.58,128.29,128.29,128.03,126.1993719,127.907246,135.915457,135.74,135.37,134.7,137.44,139.8744869,156.85,158.82,160.11,163.54,157.78,159.91
안동시 - 공업지역 - 1인당 도시지역면적 현황,Statistics,8.92,15.98,15.98,15.95,15.88880347,15.85366789,15.81296711,15.79,15.61,15.54,17.98,18.3,18.51,18.63,18.77,20.5,19.78,19.99
안동시 - 도시지역 면적 - 1인당 도시지역면적 현황,Statistics,72206053.0,72206053.0,72206053.0,72153836.0,72840852.0,73085852.0,75565085.0,75565085.0,75483858.0,75016506.0,75315830.0,75315830.0,79029099.0,79027431.0,79027430.0,79223135.0,79223187.0,79223187.0
안동시 - 도시지역 인구 - 1인당 도시지역면적 현황,Statistics,125660.0,121586.0,121586.0,121825.0,122279.0,122550.0,122695.0,122854.0,124500.0,125024.0,124708.0,122537.0,121148.0,119559.0,118704.0,117259.0,121541.0,120224.0
안동시 - 상업지역 - 1인당 도시지역면적 현황,Statistics,12.55,12.97,12.97,12.95,12.35448442,12.32716442,14.07866661,14.06,14.44,14.03,14.06,14.31,15.64,15.85,16.26,16.47,15.89,16.06
안동시 - 주거지역 - 1인당 도시지역면적 현황,Statistics,96.11,99.33,99.33,99.13,97.95608404,99.72641371,106.0238233,105.89,105.32,105.13,105.4,107.27,122.69,124.34,125.08,126.58,122.12,123.86
안산시 - 1인당면적 녹지지역 - 1인당 도시지역면적 현황,Statistics,151.92,150.63,149.26,149.56,148.2710623,149.9192592,149.9523666,150.26,151.42,153.6,155.17,157.92,164.81,167.2,166.17,163.8,166.62,169.89
안산시 - 1인당면적 주+상+공 - 1인당 도시지역면적 현황,Statistics,55.79,55.29,55.73,56.28,55.62948058,58.84458891,58.95102558,59.07,59.61,60.83,61.75,62.90222514,64.58,65.51,65.11,68.26,69.45,70.81
안산시 - 공업지역 - 1인당 도시지역면적 현황,Statistics,20.45,20.27,20.17,20.26,19.994567,22.71128418,22.79356824,22.84,23.03,23.68,24.16,24.64,25.29,25.65,25.5,25.58,26.02,26.53
안산시 - 도시지역 면적 - 1인당 도시지역면적 현황,Statistics,147141247.0,147154981.0,147154851.0,147154850.0,145766663.0,149388487.0,149388487.0,149388487.0,149388531.0,149646684.0,149643348.0,149656734.0,151472341.0,151472339.0,151472340.0,151472343.0,151472343.0,151471394.0
안산시 - 도시지역 인구 - 1인당 도시지역면적 현황,Statistics,698819.0,705040.0,708257.0,705346.0,714891.0,715586.0,715108.0,713666.0,707876.0,697885.0,689859.0,677710.0,660343.0,650918.0,654915.0,652726.0,641660.0,629308.0
안산시 - 상업지역 - 1인당 도시지역면적 현황,Statistics,3.58,3.55,3.53,3.55,3.500691714,4.027925365,4.030617753,4.04,4.13,4.19,4.24,4.32,4.35,4.42,4.39,4.49,4.57,4.66
안산시 - 주거지역 - 1인당 도시지역면적 현황,Statistics,31.76,31.48,32.02,32.48,32.13422186,32.10537937,32.12683958,32.19,32.46,32.96,33.35,33.95,34.93,35.44,35.22,38.19,38.86,39.62
안성시 - 1인당면적 녹지지역 - 1인당 도시지역면적 현황,Statistics,1161.18,1120.34,1076.38,1065.39,1023.225287,1001.31777,978.413865,977.62,978.57,986.01,971.47,969.37,960.82,969.17,934.35,917.68,915.89,909.59
안성시 - 1인당면적 주+상+공 - 1인당 도시지역면적 현황,Statistics,97.82,93.39,100.95,99.92,96.39012605,101.0974856,110.9978318,111.79,111.9,115.74,114.03,113.7820574,114.49,122.81,118.13,116.02,115.89,115.09
안성시 - 공업지역 - 1인당 도시지역면적 현황,Statistics,28.2,26.22,26.97,26.7,26.0707964,26.69799997,34.92917142,34.94,34.97,37.19,36.64,36.56,37.19,44.25,37.65,36.98,36.91,36.66
안성시 - 도시지역 면적 - 1인당 도시지역면적 현황,Statistics,156722773.0,156594836.0,156804837.0,156804837.0,156864837.0,156871486.0,155762995.0,155763194.0,155763194.0,155905229.0,155905229.0,155905229.0,155948886.0,156213560.0,155860500.0,155860500.0,155875148.0,155875148.0
안성시 - 도시지역 인구 - 1인당 도시지역면적 현황,Statistics,124482.0,129020.0,133187.0,134561.0,140106.0,142298.0,142979.0,142979.0,142840.0,141507.0,143625.0,143937.0,145027.0,143056.0,148089.0,150780.0,151074.0,152121.0
안성시 - 상업지역 - 1인당 도시지역면적 현황,Statistics,4.31,4.16,4.03,3.98,3.827159436,4.072910371,7.737968513,7.74,7.75,7.82,7.7,7.69,7.63,7.73,7.79,7.65,7.63,7.58
안성시 - 주거지역 - 1인당 도시지역면적 현황,Statistics,65.31,63.01,69.95,69.23,66.49217021,70.32657522,68.33069192,69.11,69.18,70.73,69.69,69.54,69.67,70.82,72.68,71.39,71.35,70.85
안양시 - 1인당면적 녹지지역 - 1인당 도시지역면적 현황,Statistics,57.77,58.39,58.67,59.04,58.46551147,59.04034,59.45018253,59.8,60.5,60.8,60.83,64.47,65.69,66.82,68.89,69.25,69.15,69.6
안양시 - 1인당면적 주+상+공 - 1인당 도시지역면적 현황,Statistics,34.78,35.35,35.57,35.78,35.56319787,35.9152397,36.16171747,36.37,36.8,36.99,37.02,35.02956629,35.69,36.31,37.43,37.63,37.56,37.8
안양시 - 공업지역 - 1인당 도시지역면적 현황,Statistics,5.17,5.17,5.21,5.24,5.194711716,5.245946508,5.282240126,5.31,5.38,5.4,5.41,5.49,5.6,5.7,5.87,5.9,5.89,5.93
안양시 - 도시지역 면적 - 1인당 도시지역면적 현황,Statistics,57773988.0,58516990.0,58457755.0,58458643.0,58458965.0,58458643.0,58458263.0,58458059.0,58458075.0,58458075.0,58457915.0,58480054.0,58480054.0,58480054.0,58480054.0,58480054.0,58499339.0,58499339.0
안양시 - 도시지역 인구 - 1인당 도시지역면적 현황,Statistics,624280.0,624197.0,620279.0,616547.0,621714.0,615642.0,611412.0,607877.0,600809.0,597789.0,597414.0,587764.0,576831.0,567044.0,550027.0,547178.0,548228.0,544660.0
안양시 - 상업지역 - 1인당 도시지역면적 현황,Statistics,3.39,3.4,3.42,3.44,3.427228597,3.461030924,3.484969219,3.51,3.55,3.56,3.57,3.76,3.83,3.9,4.02,4.04,4.03,4.06
안양시 - 주거지역 - 1인당 도시지역면적 현황,Statistics,26.22,26.78,26.95,27.1,26.94125756,27.20826227,27.39450812,27.55,27.88,28.02,28.05,25.77,26.26,26.71,27.54,27.68,27.63,27.81
양구군 - 1인당면적 녹지지역 - 1인당 도시지역면적 현황,Statistics,165.85,165.82,193.64,175.53,206.0609853,228.9111773,156.4725092,141.08,138.92,167.24,167.84,167.18,168.49,161.51,165.03,169.05,172.35,175.53
양구군 - 1인당면적 주+상+공 - 1인당 도시지역면적 현황,Statistics,96.91,96.89,113.94,132.2,162.4332539,180.4455478,123.3374312,111.2,109.5,131.83,132.3,131.7752619,132.81,133.85,136.77,140.09,142.83,145.46
양구군 - 공업지역 - 1인당 도시지역면적 현황,Statistics,4.43,4.43,5.19,5.19,6.217719507,6.90720512,4.721321367,4.26,4.19,5.05,5.06,5.04,5.08,4.98,5.09,5.22,5.32,5.42
양구군 - 도시지역 면적 - 1인당 도시지역면적 현황,Statistics,3710000.0,3710000.0,3710000.0,3710000.0,3710000.0,3710000.0,3710000.0,3710000.0,3710000.0,3710000.0,3710000.0,3710000.0,3710000.0,3710000.0,3710000.0,3710000.0,3710000.0,3710000.0
양구군 - 도시지역 인구 - 1인당 도시지역면적 현황,Statistics,14119.0,14122.0,12062.0,12056.0,10068.0,9063.0,13259.0,14706.0,14934.0,12405.0,12361.0,12410.0,12313.0,12561.0,12293.0,12001.0,11771.0,11558.0
양구군 - 상업지역 - 1인당 도시지역면적 현황,Statistics,11.61,11.61,13.59,13.59,16.27930075,18.08451947,12.36141489,11.15,10.97,13.21,13.26,13.21,13.31,13.05,13.33,13.66,13.92,14.18
양구군 - 주거지역 - 1인당 도시지역면적 현황,Statistics,80.87,80.85,95.16,113.41,139.9362336,155.4538232,106.2546949,95.8,94.34,113.57,113.97,113.52,114.42,115.82,118.34,121.22,123.59,125.87
양산시 - 1인당면적 녹지지역 - 1인당 도시지역면적 현황,Statistics,1175.81,1146.56,1087.94,1062.41,1029.837448,1004.391875,995.9617504,963.13,918.45,891.29,847.19,792.79,773.79,769.1,764.06,747.57,749.49,748.32
양산시 - 1인당면적 주+상+공 - 1인당 도시지역면적 현황,Statistics,184.96,180.36,177.28,166.37,173.734908,170.5881455,168.6409133,163.08,157.52,152.85,144.48,135.2026583,134.65,133.84,133.07,139.71,140.06,137.87
양산시 - 공업지역 - 1인당 도시지역면적 현황,Statistics,52.05,50.75,48.38,45.74,52.63941535,53.17863996,51.19447922,49.51,49.01,47.56,44.46,41.6,42.73,42.47,42.29,48.17,48.29,47.95
양산시 - 도시지역 면적 - 1인당 도시지역면적 현황,Statistics,302462000.0,302462000.0,302535352.0,302884025.0,308629652.0,308629652.0,310685711.0,310685711.0,310683327.0,310683327.0,310686067.0,310686067.0,312975446.0,312975446.0,312975446.0,311750184.0,311750184.0,311750184.0
양산시 - 도시지역 인구 - 1인당 도시지역면적 현황,Statistics,222272.0,227942.0,239116.0,246491.0,256428.0,262668.0,266774.0,275869.0,288747.0,297551.0,313297.0,334795.0,344519.0,346620.0,348863.0,351355.0,350456.0,351789.0
양산시 - 상업지역 - 1인당 도시지역면적 현황,Statistics,11.9,11.6,11.77,10.93,10.90378196,10.666739,10.7496795,10.4,9.93,9.63,9.15,8.57,8.46,8.41,8.36,8.17,8.19,8.01
양산시 - 주거지역 - 1인당 도시지역면적 현황,Statistics,121.02,118.01,117.13,109.7,110.1917107,106.7427665,106.6967546,103.18,98.58,95.66,90.87,85.03,83.46,82.95,82.42,83.36,83.58,81.91
양양군 - 1인당면적 녹지지역 - 1인당 도시지역면적 현황,Statistics,713.93,713.85,722.87,716.43,631.915534,630.7927637,630.7927637,637.17,640.31,641.31,647.12,645.05,645.32,636.55,666.08,692.67,696.01,641.36
양양군 - 1인당면적 주+상+공 - 1인당 도시지역면적 현황,Statistics,233.42,238.91,241.97,243.06,214.3898058,214.0088839,214.0088839,216.17,217.24,217.58,220.24,222.9128163,223.01,219.97,262.67,262.99,264.26,243.51
양양군 - 공업지역 - 1인당 도시지역면적 현황,Statistics,1.97,1.98,2.0,2.0,1.764563107,1.761427879,1.761427879,1.78,1.79,1.79,1.81,1.79,1.79,1.77,1.76,1.76,1.77,1.63
양양군 - 도시지역 면적 - 1인당 도시지역면적 현황,Statistics,10775991.0,10775991.0,10775991.0,10736875.0,10736875.0,10736875.0,10736875.0,10736875.0,10736875.0,10736875.0,10736875.0,10739801.0,10739801.0,10739801.0,11712272.0,12029284.0,12029284.0,12029284.0
양양군 - 도시지역 인구 - 1인당 도시지역면적 현황,Statistics,11083.0,11020.0,10882.0,10902.0,12360.0,12382.0,12382.0,12258.0,12198.0,12179.0,12060.0,12055.0,12050.0,12216.0,12313.0,12298.0,12239.0,13282.0
양양군 - 상업지역 - 1인당 도시지역면적 현황,Statistics,24.17,24.3,24.61,33.95,29.94401294,29.89080924,29.89080924,30.19,30.34,30.39,31.21,31.76,31.77,31.34,50.57,50.63,50.88,46.88
양양군 - 주거지역 - 1인당 도시지역면적 현황,Statistics,207.29,212.63,215.36,207.11,182.6812298,182.3566467,182.3566467,184.2,185.11,185.4,187.23,189.36,189.44,186.87,210.34,210.6,211.61,195.0
양주시 - 1인당면적 녹지지역 - 1인당 도시지역면적 현황,Statistics,1345.76,1246.81,1218.89,1641.46,927.2146888,816.0421674,815.1029394,823.09,811.21,797.64,795.06,765.66,748.61,708.97,684.18,668.79,646.1,586.8
양주시 - 1인당면적 주+상+공 - 1인당 도시지역면적 현황,Statistics,65.17,85.38,184.11,214.93,229.8571318,203.5172212,204.1989934,206.38,203.33,200.52,203.21,202.9814873,198.55,190.71,184.07,177.38,180.96,164.38
양주시 - 공업지역 - 1인당 도시지역면적 현황,Statistics,7.46,7.04,7.32,15.14,21.61850019,19.04924521,18.82642304,19.27,18.92,18.69,21.0,27.25,26.72,25.71,24.81,23.87,30.0,27.26
양주시 - 도시지역 면적 - 1인당 도시지역면적 현황,Statistics,106369001.0,106369001.0,150060015.0,150092266.0,150092266.0,150092266.0,150093206.0,150093206.0,150093830.0,150092739.0,150364475.0,150458222.0,150455384.0,150455382.0,150455047.0,150455384.0,151447049.0,151447049.0
양주시 - 도시지역 인구 - 1인당 도시지역면적 현황,Statistics,67950.0,71966.0,76116.0,80308.0,129350.0,146796.0,146834.0,145384.0,147513.0,149785.0,150014.0,154867.0,158375.0,166735.0,172769.0,177276.0,182574.0,201019.0
양주시 - 상업지역 - 1인당 도시지역면적 현황,Statistics,2.64,2.49,9.95,10.15,6.302721299,5.553673125,5.543273356,5.56,5.48,4.55,4.45,4.31,4.21,4.0,3.86,3.76,3.65,3.32
양주시 - 주거지역 - 1인당 도시지역면적 현황,Statistics,55.07,75.85,166.83,189.63,201.9359103,178.9143028,179.829297,181.55,178.93,177.28,177.77,171.42,167.63,160.99,155.4,149.75,147.31,133.8
양천구 - 1인당면적 녹지지역 - 1인당 도시지역면적 현황,Statistics,8.72,8.69,8.78,8.79,8.818868362,8.815183623,8.772465221,8.83,8.95,8.22,8.33,8.58,8.71,8.82,8.9,9.04,9.17,9.27
양천구 - 1인당면적 주+상+공 - 1인당 도시지역면적 현황,Statistics,25.98,25.88,25.88,25.93,26.001062,25.99019812,26.33464069,26.52,26.86,27.71,28.11,28.49670808,28.92,29.3,29.56,30.02,30.45,30.79
양천구 - 공업지역 - 1인당 도시지역면적 현황,Statistics,0.5,0.5,0.15,0.15,0.147121706,0.147060235,0.161986727,0.16,0.17,0.15,0.15,0.2,0.2,0.2,0.2,0.21,0.21,0.21
양천구 - 도시지역 면적 - 1인당 도시지역면적 현황,Statistics,17410000.0,17410000.0,17410000.0,17410000.0,17410000.0,17410000.0,17410000.0,17410000.0,17410000.0,17410000.0,17410000.0,17469613.0,17469613.0,17469613.0,17469613.0,17469613.0,17469613.0,17469613.0
양천구 - 도시지역 인구 - 1인당 도시지역면적 현황,Statistics,501717.0,503650.0,502343.0,501395.0,500001.0,500210.0,495911.0,492528.0,486221.0,484532.0,477739.0,471154.0,464185.0,458165.0,454251.0,447302.0,440881.0,436028.0
양천구 - 상업지역 - 1인당 도시지역면적 현황,Statistics,1.21,1.21,1.21,1.21,1.246207508,1.245686812,1.256485539,1.27,1.28,1.29,1.3,1.69,1.72,1.74,1.75,1.78,1.81,1.83
양천구 - 주거지역 - 1인당 도시지역면적 현황,Statistics,24.27,24.17,24.52,24.57,24.60773278,24.59745107,24.91616843,25.09,25.41,26.28,26.65,26.61,27.01,27.36,27.6,28.03,28.44,28.75
양평군 - 1인당면적 녹지지역 - 1인당 도시지역면적 현황,Statistics,1260.41,1168.8,1202.46,1180.92,1146.559127,1068.39629,1068.39629,648.41,636.0,623.66,606.56,590.44,587.95,535.24,578.68,568.07,558.78,537.28
양평군 - 1인당면적 주+상+공 - 1인당 도시지역면적 현황,Statistics,94.41,90.34,85.5,83.97,81.52602543,75.96826106,75.96826106,48.28,49.22,48.25,46.93,45.68343563,45.49,41.26,45.46,43.79,44.54,42.83
양평군 - 공업지역 - 1인당 도시지역면적 현황,Statistics,2.35,2.25,2.16,2.12,2.055169105,1.915064819,1.915064819,1.17,1.15,1.12,1.09,1.06,1.06,0.96,0.17,1.02,0.17,0.16
양평군 - 도시지역 면적 - 1인당 도시지역면적 현황,Statistics,49074000.0,47613378.0,51198870.0,51198870.0,51198870.0,51198870.0,51198870.0,51198870.0,51198870.0,51198870.0,51198870.0,51198870.0,51198870.0,51198870.0,51198870.0,51198870.0,51201769.0,51201769.0
양평군 - 도시지역 인구 - 1인당 도시지역면적 현황,Statistics,36222.0,37814.0,39752.0,40477.0,41690.0,44740.0,44740.0,73488.0,74719.0,76198.0,78347.0,80486.0,80827.0,88809.0,82031.0,83677.0,84866.0,88262.0
양평군 - 상업지역 - 1인당 도시지역면적 현황,Statistics,8.33,7.98,8.03,7.89,7.659150876,7.137013858,7.137013858,4.35,4.27,4.19,4.08,3.97,3.95,3.6,3.89,3.82,3.76,3.62
양평군 - 주거지역 - 1인당 도시지역면적 현황,Statistics,83.72,80.11,75.31,73.96,71.81170544,66.91618239,66.91618239,42.77,43.8,42.94,41.76,40.65,40.48,36.7,41.4,38.95,40.61,39.05
여수시 - 1인당면적 녹지지역 - 1인당 도시지역면적 현황,Statistics,787.84,793.39,798.45,862.84,863.2489506,854.506218,854.640926,857.74,858.15,851.18,849.5,857.23,867.54,887.05,895.15,906.58,902.74,836.81
여수시 - 1인당면적 주+상+공 - 1인당 도시지역면적 현황,Statistics,294.82,296.9,301.26,330.08,329.8544251,326.5596429,328.6092314,329.97,330.1,341.45,347.16,350.3294983,354.55,361.19,364.48,368.93,367.41,340.75
여수시 - 공업지역 - 1인당 도시지역면적 현황,Statistics,189.23,190.56,193.75,215.25,215.317582,213.1693285,215.0108141,215.96,216.05,227.83,233.16,235.29,238.12,243.22,245.44,248.53,247.45,229.38
여수시 - 도시지역 면적 - 1인당 도시지역면적 현황,Statistics,347112487.0,347112487.0,345097243.0,345093243.0,345093242.0,345097651.0,345097606.0,345097549.0,345097039.0,345097039.0,345097039.0,345097039.0,345097039.0,345097039.0,345097039.0,345099809.0,345099809.0,302614035.0
여수시 - 도시지역 인구 - 1인당 도시지역면적 현황,Statistics,277245.0,275307.0,271112.0,252080.0,252042.0,254582.0,254112.0,253197.0,253083.0,253720.0,252865.0,250584.0,247604.0,242417.0,240223.0,237237.0,238237.0,256984.0
여수시 - 상업지역 - 1인당 도시지역면적 현황,Statistics,10.46,10.54,10.7,11.87,11.91848184,11.7759386,11.79771912,11.84,11.82,11.79,11.83,11.94,12.08,12.33,12.44,12.6,12.61,11.7
여수시 - 주거지역 - 1인당 도시지역면적 현황,Statistics,95.13,95.8,96.82,102.96,102.6183612,101.6143757,101.8006981,102.17,102.23,101.83,102.17,103.1,104.34,105.64,106.61,107.8,107.35,99.67
여주군 - 1인당면적 녹지지역 - 1인당 도시지역면적 현황,Statistics,411.24,372.73,371.24,373.84,420.3351636,419.9029583,413.9119645,,,,,,,,,,,
여주군 - 1인당면적 주+상+공 - 1인당 도시지역면적 현황,Statistics,73.08,66.24,67.09,61.5,61.83620947,63.38166741,63.57885823,,,,,,,,,,,
여주군 - 공업지역 - 1인당 도시지역면적 현황,Statistics,15.92,14.43,15.49,15.36,15.19643658,16.30968923,17.17848267,,,,,,,,,,,
여주군 - 도시지역 면적 - 1인당 도시지역면적 현황,Statistics,22999425.0,22999425.0,23058231.0,23057178.0,25817384.0,25876992.0,25936824.0,,,,,,,,,,,
여주군 - 도시지역 인구 - 1인당 도시지역면적 현황,Statistics,47488.0,52394.0,52604.0,52963.0,53544.0,53544.0,54319.0,,,,,,,,,,,
여주군 - 상업지역 - 1인당 도시지역면적 현황,Statistics,4.66,4.22,4.21,4.18,4.133236217,4.133236217,4.07426499,,,,,,,,,,,
여주군 - 주거지역 - 1인당 도시지역면적 현황,Statistics,52.5,47.59,47.4,41.96,42.50653668,42.93874197,42.32611057,,,,,,,,,,,
여주시 - 1인당면적 녹지지역 - 1인당 도시지역면적 현황,Statistics,,,,,,,,414.8,409.81,310.99,309.01,307.85,309.35,305.14,299.65,298.98,283.44,278.38
여주시 - 1인당면적 주+상+공 - 1인당 도시지역면적 현황,Statistics,,,,,,,,63.71,63.88,48.47,49.94,52.01559828,52.27,51.56,59.14,59.0,61.49,62.31
여주시 - 공업지역 - 1인당 도시지역면적 현황,Statistics,,,,,,,,17.22,16.97,12.88,12.81,15.03,15.1,14.89,14.79,14.75,14.18,14.15
여주시 - 도시지역 면적 - 1인당 도시지역면적 현황,Statistics,,,,,,,,25936824.0,25932577.0,25932577.0,25929042.0,26093192.0,26093192.0,26093192.0,26436959.0,26436959.0,26494520.0,26505317.0
여주시 - 도시지역 인구 - 1인당 도시지역면적 현황,Statistics,,,,,,,,54203.0,54746.0,72142.0,72235.0,72508.0,72156.0,73152.0,73684.0,73851.0,76812.0,77800.0
여주시 - 상업지역 - 1인당 도시지역면적 현황,Statistics,,,,,,,,4.08,4.04,3.07,3.06,3.05,3.07,3.03,4.45,4.44,4.27,4.22
여주시 - 주거지역 - 1인당 도시지역면적 현황,Statistics,,,,,,,,42.42,42.87,32.53,34.07,33.94,34.1,33.64,39.9,39.81,43.03,43.95
연기군 - 1인당면적 녹지지역 - 1인당 도시지역면적 현황,Statistics,1145.57,1032.66,1777.95,1676.05,1503.456365,1484.980024,,,,,,,,,,,,
연기군 - 1인당면적 주+상+공 - 1인당 도시지역면적 현황,Statistics,94.48,85.17,658.94,622.57,558.4648291,564.7338635,,,,,,,,,,,,
연기군 - 공업지역 - 1인당 도시지역면적 현황,Statistics,8.32,7.5,85.47,80.79,72.47570215,84.7171752,,,,,,,,,,,,
연기군 - 도시지역 면적 - 1인당 도시지역면적 현황,Statistics,61264790.0,61264790.0,131285369.0,131063258.0,131078743.0,131917585.0,,,,,,,,,,,,
연기군 - 도시지역 인구 - 1인당 도시지역면적 현황,Statistics,49405.0,54807.0,53475.0,56595.0,63092.0,63877.0,,,,,,,,,,,,
연기군 - 상업지역 - 1인당 도시지역면적 현황,Statistics,5.8,5.23,88.93,84.03,75.3783681,74.45202499,,,,,,,,,,,,
연기군 - 주거지역 - 1인당 도시지역면적 현황,Statistics,80.35,72.43,484.54,457.75,410.6107589,405.5646633,,,,,,,,,,,,
연수구 - 1인당면적 녹지지역 - 1인당 도시지역면적 현황,Statistics,90.67,93.36,93.4,92.43,89.86827347,107.3198994,72.92014737,71.05,67.57,68.9,71.69,70.3,67.97,83.64,79.13,77.22,81.26,79.62
연수구 - 1인당면적 주+상+공 - 1인당 도시지역면적 현황,Statistics,67.17,69.47,69.5,68.78,66.87150378,72.17486098,82.82017096,80.69,90.88,88.04,93.9,92.07936337,89.15,96.33,91.14,92.12,92.16,91.22
연수구 - 공업지역 - 1인당 도시지역면적 현황,Statistics,0.87,2.1,2.1,2.08,2.017902804,2.161200126,4.422702152,4.31,10.91,13.36,13.67,13.4,12.97,21.24,20.09,20.17,20.03,19.99
연수구 - 도시지역 면적 - 1인당 도시지역면적 현황,Statistics,118979884.0,118979884.0,118979884.0,118979884.0,118979884.0,118979884.0,118979885.0,118979885.0,118979885.0,118979885.0,123327193.0,123327193.0,123327193.0,73287493.0,73287493.0,73300094.0,74224666.0,67041461.0
연수구 - 도시지역 인구 - 1인당 도시지역면적 현황,Statistics,271010.0,268780.0,268668.0,271497.0,279230.0,287903.0,292589.0,300305.0,310703.0,319052.0,328627.0,335142.0,346359.0,366550.0,387450.0,389644.0,385796.0,392416.0
연수구 - 상업지역 - 1인당 도시지역면적 현황,Statistics,5.14,5.54,5.54,5.48,5.331017441,5.825666978,12.2213993,11.91,15.5,13.3,14.3,14.02,13.57,13.65,12.91,12.8,12.67,12.71
연수구 - 주거지역 - 1인당 도시지역면적 현황,Statistics,61.15,61.84,61.86,61.22,59.52258353,64.18799387,66.1760695,64.48,64.48,61.38,65.94,64.66,62.61,61.45,58.14,59.15,59.47,58.51
연제구 - 1인당면적 녹지지역 - 1인당 도시지역면적 현황,Statistics,19.0,16.94,16.93,17.12,16.93454038,16.88452884,17.03110582,17.21,17.23,17.01,17.3,17.34,17.25,17.12,17.14,17.31,17.61,17.42
연제구 - 1인당면적 주+상+공 - 1인당 도시지역면적 현황,Statistics,37.23,39.86,39.83,40.29,39.85295915,39.73526434,40.06779933,40.5,40.83,40.31,40.98,41.08266342,40.94,40.64,40.69,41.08,41.81,41.36
연제구 - 공업지역 - 1인당 도시지역면적 현황,Statistics,0.3,0.3,0.3,0.3,0.298487043,0.297605543,0.300123856,0.3,0.31,0.3,0.31,0.31,0.31,0.3,0.3,0.31,0.31,0.31
연제구 - 도시지역 면적 - 1인당 도시지역면적 현황,Statistics,12078474.0,12078474.0,12078474.0,12078474.0,12078474.0,12078474.0,12078474.0,12078474.0,12078474.0,12078474.0,12078474.0,12078474.0,12094555.0,12094555.0,12094555.0,12094555.0,12094555.0,12094555.0
연제구 - 도시지역 인구 - 1인당 도시지역면적 현황,Statistics,214809.0,212658.0,212810.0,210390.0,212696.0,213326.0,211536.0,209290.0,208012.0,210718.0,207268.0,206742.0,207840.0,209395.0,209157.0,207144.0,203536.0,205766.0
연제구 - 상업지역 - 1인당 도시지역면적 현황,Statistics,3.53,3.56,3.56,3.6,3.562840862,3.552318986,3.582378413,3.62,3.64,3.59,3.65,3.72,3.7,3.67,3.68,3.71,3.78,3.74
연제구 - 주거지역 - 1인당 도시지역면적 현황,Statistics,33.4,36.0,35.97,36.39,35.99163125,35.88533981,36.18529707,36.57,36.89,36.41,37.02,37.05,36.94,36.66,36.7,37.06,37.72,37.31
연천군 - 1인당면적 녹지지역 - 1인당 도시지역면적 현황,Statistics,947.43,945.26,742.58,743.19,940.2292598,908.3402747,893.7758325,890.71,890.9,867.45,874.59,706.84,687.18,695.86,718.72,879.29,765.14,774.47
연천군 - 1인당면적 주+상+공 - 1인당 도시지역면적 현황,Statistics,144.12,143.79,125.5,125.61,170.934577,199.4966221,197.0946672,199.56,199.61,192.54,194.9,174.0720755,169.22,171.35,176.99,216.53,201.2,203.65
연천군 - 공업지역 - 1인당 도시지역면적 현황,Statistics,6.02,6.0,17.3,17.31,33.92712988,32.99613957,33.0754779,33.06,33.06,32.14,32.43,42.46,41.28,41.8,43.18,52.82,50.34,50.96
연천군 - 도시지역 면적 - 1인당 도시지역면적 현황,Statistics,29031000.0,29031000.0,29519050.0,29519050.0,29841416.0,29845126.0,29845126.0,29845126.0,29845126.0,29845126.0,29845126.0,30445145.0,30445145.0,30445145.0,30445145.0,30445145.0,30645330.0,30645330.0
연천군 - 도시지역 인구 - 1인당 도시지역면적 현황,Statistics,26596.0,26657.0,34005.0,33977.0,26856.0,26940.0,27359.0,27374.0,27368.0,28156.0,27906.0,34561.0,35550.0,35107.0,33990.0,27783.0,31713.0,31331.0
연천군 - 상업지역 - 1인당 도시지역면적 현황,Statistics,17.46,17.42,13.84,13.85,17.52669794,17.472049,17.2731094,17.26,17.27,16.78,16.93,13.67,13.29,13.46,13.9,17.01,16.28,16.47
연천군 - 주거지역 - 1인당 도시지역면적 현황,Statistics,120.65,120.37,94.36,94.44,119.4807492,149.0284336,146.7460799,149.24,149.28,143.62,145.54,117.94,114.65,116.09,119.91,146.69,134.58,136.22
영광군 - 1인당면적 녹지지역 - 1인당 도시지역면적 현황,Statistics,795.99,796.37,983.64,929.56,929.5649173,929.2202879,929.2202879,938.11,934.31,936.38,1025.84,1025.84,959.63,961.91,975.54,1005.53,983.75,988.43
영광군 - 1인당면적 주+상+공 - 1인당 도시지역면적 현황,Statistics,207.64,207.74,259.21,353.35,353.3504042,353.6950337,353.6950337,357.38,355.93,356.72,390.8,390.7999751,372.68,373.56,378.86,390.51,382.05,383.86
영광군 - 공업지역 - 1인당 도시지역면적 현황,Statistics,91.43,91.48,114.03,195.31,195.3116426,195.656272,195.656272,197.83,197.03,197.47,216.33,216.33,208.4,208.89,211.85,218.37,213.64,214.65
영광군 - 도시지역 면적 - 1인당 도시지역면적 현황,Statistics,44165330.0,44165330.0,44165330.0,47004447.0,47004447.0,47004447.0,47004447.0,47015634.0,47015634.0,47015634.0,47015634.0,47015634.0,47016366.0,47016366.0,47016366.0,47016366.0,47016366.0,47016366.0
영광군 - 도시지역 인구 - 1인당 도시지역면적 현황,Statistics,43512.0,43491.0,35137.0,35499.0,35499.0,35499.0,35499.0,35163.0,35306.0,35228.0,32156.0,32156.0,34217.0,34136.0,33659.0,32655.0,33378.0,33220.0
영광군 - 상업지역 - 1인당 도시지역면적 현황,Statistics,16.9,16.91,22.35,23.97,23.96760472,23.96760472,23.96760472,24.2,24.1,24.15,26.46,26.46,24.87,24.92,25.28,26.05,25.49,25.61
영광군 - 주거지역 - 1인당 도시지역면적 현황,Statistics,99.31,99.35,122.83,134.07,134.0711569,134.0711569,134.0711569,135.35,134.8,135.1,148.01,148.01,139.42,139.75,141.73,146.08,142.92,143.6
영덕군 - 1인당면적 녹지지역 - 1인당 도시지역면적 현황,Statistics,465.06,533.46,534.81,363.07,476.6596766,480.5668981,480.7822541,480.78,667.5,541.91,543.8,567.26,573.88,582.38,592.02,632.47,605.11,595.71
영덕군 - 1인당면적 주+상+공 - 1인당 도시지역면적 현황,Statistics,178.48,204.74,205.25,139.34,187.755287,189.2943337,189.379162,189.38,262.93,213.46,214.2,223.4439803,226.05,229.4,233.2,249.13,238.35,234.65
영덕군 - 공업지역 - 1인당 도시지역면적 현황,Statistics,14.11,16.19,16.23,11.02,15.31242225,15.43793953,15.44485772,15.44,21.44,17.41,17.47,18.22,18.44,18.71,19.02,20.32,19.44,19.14
영덕군 - 도시지역 면적 - 1인당 도시지역면적 현황,Statistics,15669000.0,15669000.0,15669000.0,15669000.0,15669000.0,15669000.0,15669000.0,15669000.0,15669000.0,15669000.0,18911332.0,18911332.0,18911332.0,18911332.0,18911332.0,15669000.0,15669000.0,15669000.0
영덕군 - 도시지역 인구 - 1인당 도시지역면적 현황,Statistics,23224.0,20246.0,20195.0,29748.0,22508.0,22325.0,22315.0,22315.0,16073.0,19798.0,19729.0,18913.0,18695.0,18422.0,18122.0,16963.0,17730.0,18010.0
영덕군 - 상업지역 - 1인당 도시지역면적 현황,Statistics,28.5,32.69,32.77,22.25,29.80344766,30.04774916,30.06121443,30.06,41.74,33.88,34.19,35.67,36.08,36.62,37.22,39.77,38.05,37.45
영덕군 - 주거지역 - 1인당 도시지역면적 현황,Statistics,135.88,155.86,156.26,106.08,142.6394171,143.808645,143.8730898,143.87,199.75,162.16,162.54,169.56,171.53,174.07,176.96,189.05,180.87,178.06
영도구 - 1인당면적 녹지지역 - 1인당 도시지역면적 현황,Statistics,48.32,49.15,50.17,51.52,51.89085001,53.19278656,54.50200694,56.08,57.6,58.81,60.22,61.6,63.35,65.19,67.08,68.72,70.3,71.36
영도구 - 1인당면적 주+상+공 - 1인당 도시지역면적 현황,Statistics,45.75,47.09,48.06,49.36,50.0681685,51.39566356,52.66065181,54.53,56.12,57.29,58.66,60.01392476,61.72,63.55,65.49,67.09,68.63,69.67
영도구 - 공업지역 - 1인당 도시지역면적 현황,Statistics,11.55,11.57,11.81,12.13,12.31367594,12.62262491,12.93330233,13.31,13.68,13.97,14.31,14.63,15.05,15.52,15.98,16.37,16.75,17.0
영도구 - 도시지역 면적 - 1인당 도시지역면적 현황,Statistics,56165682.0,56165682.0,56165682.0,56165682.0,56165682.0,56165682.0,56165682.0,56165682.0,56165682.0,56165682.0,56165682.0,56165682.0,56165682.0,56165682.0,56165682.0,56165682.0,56165682.0,56165682.0
영도구 - 도시지역 인구 - 1인당 도시지역면적 현황,Statistics,158780.0,155273.0,152118.0,148139.0,146798.0,143205.0,139765.0,135816.0,132102.0,129385.0,126362.0,123521.0,120109.0,116711.0,113342.0,110638.0,108156.0,106548.0
영도구 - 상업지역 - 1인당 도시지역면적 현황,Statistics,4.69,4.8,4.9,5.03,5.077616861,5.205013791,5.333123457,5.86,6.04,6.17,6.31,6.46,6.64,6.84,7.04,7.21,7.38,7.49
영도구 - 주거지역 - 1인당 도시지역면적 현황,Statistics,29.5,30.72,31.36,32.2,32.67687571,33.56802486,34.39422602,35.36,36.39,37.16,38.05,38.92,40.03,41.19,42.47,43.51,44.5,45.18
영동군 - 1인당면적 녹지지역 - 1인당 도시지역면적 현황,Statistics,894.1,993.6,992.08,989.84,982.1764753,981.2381275,980.4965394,984.41,979.29,981.43,982.49,959.73,952.82,966.81,992.44,1029.35,781.38,795.08
영동군 - 1인당면적 주+상+공 - 1인당 도시지역면적 현황,Statistics,176.84,196.52,198.04,243.91,246.7939993,246.5582182,246.3718775,247.36,246.07,257.09,257.36,251.4004049,250.44,254.11,260.85,270.55,205.38,209.13
영동군 - 공업지역 - 1인당 도시지역면적 현황,Statistics,30.49,33.88,33.88,79.75,78.48711001,78.41212531,78.35286396,78.67,78.26,88.91,89.0,86.94,86.26,87.53,89.85,93.19,70.74,72.13
영동군 - 도시지역 면적 - 1인당 도시지역면적 현황,Statistics,29753000.0,29753000.0,29753000.0,30843586.0,30843472.0,30843472.0,30843472.0,30843472.0,30843472.0,31106651.0,31106651.0,31106651.0,31106651.0,31106651.0,31106651.0,31106652.0,31106652.0,31111344.0
영동군 - 도시지역 인구 - 1인당 도시지역면적 현황,Statistics,27782.0,25000.0,25000.0,25000.0,25097.0,25121.0,25140.0,25040.0,25171.0,25116.0,25089.0,25684.0,25852.0,25478.0,24820.0,23930.0,31524.0,30981.0
영동군 - 상업지역 - 1인당 도시지역면적 현황,Statistics,13.21,14.68,14.68,14.68,14.62473602,14.6107639,14.59972156,14.66,14.58,14.61,14.63,14.29,14.2,14.41,14.79,15.34,11.64,11.85
영동군 - 주거지역 - 1인당 도시지역면적 현황,Statistics,133.14,147.96,149.48,149.48,153.6821532,153.535329,153.419292,154.03,153.23,153.57,153.73,150.17,149.98,152.18,156.22,162.03,123.0,125.15
영등포구 - 1인당면적 녹지지역 - 1인당 도시지역면적 현황,Statistics,15.88,20.97,16.59,16.68,16.63745075,17.03052765,17.29311613,17.51,17.7,23.01,23.5,23.63,23.68,23.69,22.95,23.11,23.18,23.24
영등포구 - 1인당면적 주+상+공 - 1인당 도시지역면적 현황,Statistics,44.21,39.21,43.6,43.84,43.73130007,44.76449705,45.45470711,46.04,46.53,41.34,42.22,42.45292362,42.54,42.55,41.23,41.52,41.65,41.75
영등포구 - 공업지역 - 1인당 도시지역면적 현황,Statistics,22.97,13.43,22.3,22.42,22.36778973,22.89625179,23.24928208,23.55,23.8,13.28,13.56,13.63,13.66,13.67,13.24,13.33,13.38,13.41
영등포구 - 도시지역 면적 - 1인당 도시지역면적 현황,Statistics,24560000.0,24564625.0,24560000.0,24560000.0,24560000.0,24560000.0,24560000.0,24560000.0,24560000.0,24354829.0,24354829.0,24354829.0,24354830.0,24354830.0,24354830.0,24354830.0,24354830.0,24354830.0
영등포구 - 도시지역 인구 - 1인당 도시지역면적 현황,Statistics,408698.0,408178.0,408099.0,405798.0,406833.0,397443.0,391408.0,386471.0,382352.0,378504.0,370613.0,368550.0,367778.0,367678.0,379480.0,376837.0,375675.0,374794.0
영등포구 - 상업지역 - 1인당 도시지역면적 현황,Statistics,5.97,6.76,5.98,6.03,6.014757898,6.158608907,6.253566611,6.33,6.4,6.99,7.14,7.07,7.09,7.09,6.87,6.93,6.95,7.05
영등포구 - 주거지역 - 1인당 도시지역면적 현황,Statistics,15.28,19.03,15.31,15.39,15.34875244,15.70963635,15.95185842,16.16,16.33,21.07,21.52,21.74,21.79,21.8,21.12,21.26,21.32,21.29
영암군 - 1인당면적 녹지지역 - 1인당 도시지역면적 현황,Statistics,1371.79,1387.13,1425.6,1357.21,1346.710841,1292.654741,1912.962118,1912.96,1344.17,1341.28,1364.75,1276.0,1296.67,1636.85,1664.24,1688.17,1688.17,1645.6
영암군 - 1인당면적 주+상+공 - 1인당 도시지역면적 현황,Statistics,716.41,724.43,743.23,732.48,726.8199463,697.6458649,1032.425805,1032.43,725.45,728.34,741.08,692.8892085,704.11,836.43,850.38,862.61,862.61,849.26
영암군 - 공업지역 - 1인당 도시지역면적 현황,Statistics,451.03,456.08,467.92,466.41,462.7990847,444.2226295,657.3921366,657.39,461.92,464.81,472.95,442.19,449.36,498.31,506.62,513.91,513.91,502.64
영암군 - 도시지역 면적 - 1인당 도시지역면적 현황,Statistics,84348923.0,84348923.0,84423135.0,101184652.0,101048377.0,101048377.0,101048377.0,101048377.0,101048377.0,101048377.0,101048377.0,101048377.0,101048377.0,102640605.0,102642897.0,102642897.0,102642897.0,87673348.0
영암군 - 도시지역 인구 - 1인당 도시지역면적 현황,Statistics,31370.0,31023.0,30238.0,31440.0,31685.0,33010.0,22306.0,22306.0,31745.0,31745.0,31199.0,33369.0,32837.0,30049.0,29556.0,29137.0,29137.0,29790.0
영암군 - 상업지역 - 1인당 도시지역면적 현황,Statistics,30.06,30.4,31.19,31.33,31.08865394,29.84077552,44.16049493,44.16,31.03,31.03,31.57,29.52,30.0,41.39,42.08,42.68,42.68,42.58
영암군 - 주거지역 - 1인당 도시지역면적 현황,Statistics,235.32,237.95,244.13,234.75,232.9322077,223.5824599,330.8731731,330.87,232.49,232.49,236.56,221.18,224.76,296.72,301.67,306.01,306.01,304.03
영양군 - 1인당면적 녹지지역 - 1인당 도시지역면적 현황,Statistics,1187.56,1264.43,1324.99,1249.07,1249.068935,1249.068935,1244.453364,1239.71,1346.73,1258.89,1272.34,1289.3,1295.29,1345.06,1346.36,1336.83,1517.28,1456.83
영양군 - 1인당면적 주+상+공 - 1인당 도시지역면적 현황,Statistics,205.07,218.35,228.81,215.7,215.6975317,215.6975317,214.9004842,214.08,232.56,217.39,219.71,222.6442244,223.68,232.27,232.5,243.33,276.17,265.17
영양군 - 공업지역 - 1인당 도시지역면적 현황,Statistics,7.86,8.37,8.77,8.27,8.270239161,8.270239161,8.239678899,8.21,8.92,8.34,8.42,8.54,8.58,8.91,8.91,8.92,10.13,9.72
영양군 - 도시지역 면적 - 1인당 도시지역면적 현황,Statistics,11453000.0,11453000.0,11453000.0,11453009.0,11453009.0,11453009.0,11453009.0,11453009.0,11453009.0,11453000.0,11453000.0,11453000.0,11453000.0,11453000.0,11453000.0,11453000.0,11453000.0,11453000.0
영양군 - 도시지역 인구 - 1인당 도시지역면적 현황,Statistics,8224.0,7724.0,7371.0,7819.0,7819.0,7819.0,7848.0,7878.0,7252.0,7758.0,7676.0,7575.0,7540.0,7261.0,7254.0,7248.0,6386.0,6651.0
영양군 - 상업지역 - 1인당 도시지역면적 현황,Statistics,33.1,35.25,36.94,34.82,34.81967003,34.81967003,34.69100408,34.56,37.54,35.09,35.47,35.94,36.11,37.5,37.53,37.56,42.63,40.93
영양군 - 주거지역 - 1인당 도시지역면적 현황,Statistics,164.11,174.73,183.1,172.61,172.6076225,172.6076225,171.9698012,171.31,186.1,173.96,175.82,178.17,178.99,185.87,186.05,196.84,223.41,214.51
영월군 - 1인당면적 녹지지역 - 1인당 도시지역면적 현황,Statistics,940.1,937.06,937.21,937.21,919.3497605,844.7645729,917.3633272,863.47,887.29,907.83,911.15,861.53,864.14,875.36,885.95,903.46,866.79,875.97
영월군 - 1인당면적 주+상+공 - 1인당 도시지역면적 현황,Statistics,200.3,199.66,201.13,201.13,218.7419842,201.0360457,218.0824902,205.25,213.96,218.92,219.51,207.5583695,209.47,212.19,214.76,219.26,210.11,212.34
영월군 - 공업지역 - 1인당 도시지역면적 현황,Statistics,41.08,40.95,41.01,41.01,43.96271523,40.39765247,43.86050717,41.27,44.91,45.95,46.1,43.59,43.77,44.34,44.88,45.77,43.91,44.37
영월군 - 도시지역 면적 - 1인당 도시지역면적 현황,Statistics,26373000.0,26373000.0,26373000.0,26373000.0,26373000.0,26373000.0,26373000.0,26373000.0,26383940.0,26383940.0,26383940.0,26383940.0,26383940.0,26383940.0,26383940.0,26383940.0,26383940.0,26383940.0
영월군 - 도시지역 인구 - 1인당 도시지역면적 현황,Statistics,23126.0,23201.0,23168.0,23168.0,23173.0,25218.0,23227.0,24677.0,23958.0,23416.0,23335.0,24679.0,24575.0,24260.0,23970.0,23500.0,24500.0,24243.0
영월군 - 상업지역 - 1인당 도시지역면적 현황,Statistics,24.11,24.03,24.07,24.07,24.29223665,22.32230946,23.81271796,22.41,23.5,24.04,23.7,22.41,22.52,22.81,23.09,23.55,22.59,22.83
영월군 - 주거지역 - 1인당 도시지역면적 현황,Statistics,135.11,134.67,136.05,136.05,150.4870323,138.3160837,150.4092651,141.57,145.56,148.93,149.71,141.56,143.18,145.04,146.79,149.94,143.62,145.14
영주시 - 1인당면적 녹지지역 - 1인당 도시지역면적 현황,Statistics,404.37,412.77,421.35,425.73,423.7162298,328.4108876,421.2687921,420.99,420.89,425.9,427.81,427.52,441.79,441.23,446.93,452.09,434.51,428.72
영주시 - 1인당면적 주+상+공 - 1인당 도시지역면적 현황,Statistics,127.76,132.89,137.31,139.35,142.3799916,111.7837019,143.6751885,143.95,143.7,145.41,146.06,145.9589516,150.83,150.64,152.45,154.45,149.61,161.21
영주시 - 공업지역 - 1인당 도시지역면적 현황,Statistics,26.64,27.54,29.77,30.7,34.30755146,28.01970249,36.22698821,36.22,35.53,35.95,36.11,36.09,37.29,37.24,37.58,38.26,36.83,47.61
영주시 - 도시지역 면적 - 1인당 도시지역면적 현황,Statistics,49550000.0,49550000.0,49697500.0,49752582.0,50084231.0,50247332.0,50272670.0,50271895.0,50085198.0,50085198.0,50085198.0,50085198.0,50085198.0,50085086.0,50073264.0,50092894.0,50107121.0,50397189.0
영주시 - 도시지역 인구 - 1인당 도시지역면적 현황,Statistics,93115.0,90807.0,88959.0,88045.0,88473.0,114148.0,88987.0,88987.0,88712.0,87667.0,87277.0,87336.0,84515.0,84621.0,83542.0,82588.0,85783.0,85430.0
영주시 - 상업지역 - 1인당 도시지역면적 현황,Statistics,14.68,14.39,14.69,14.84,14.76891255,11.44698111,14.68360547,14.68,14.74,14.92,14.99,14.98,15.48,15.46,15.66,15.84,15.25,15.31
영주시 - 주거지역 - 1인당 도시지역면적 현황,Statistics,86.44,90.96,92.85,93.82,93.30352763,72.31701826,92.76459483,93.05,93.42,94.54,94.96,94.89,98.06,97.94,99.2,100.35,97.52,98.28
영천시 - 1인당면적 녹지지역 - 1인당 도시지역면적 현황,Statistics,522.73,508.34,615.79,617.15,617.1381618,612.5676965,612.2598839,612.26,611.81,609.92,606.9,603.15,595.11,588.97,591.58,592.33,592.3,596.26
영천시 - 1인당면적 주+상+공 - 1인당 도시지역면적 현황,Statistics,152.49,153.42,211.01,270.84,270.8334165,268.9546574,271.4006349,271.4,271.85,273.74,275.37,274.3702001,273.56,270.75,271.95,297.5,297.48,299.47
영천시 - 공업지역 - 1인당 도시지역면적 현황,Statistics,43.36,44.86,62.76,120.1,120.101067,119.2287882,121.5287805,121.53,119.88,121.77,121.58,120.93,118.57,117.35,117.87,143.23,143.23,144.19
영천시 - 도시지역 면적 - 1인당 도시지역면적 현황,Statistics,54051343.0,55012996.0,55488637.0,56924306.0,56924306.0,56924306.0,57062378.0,57062378.0,57062378.0,57062378.0,57062378.0,57062378.0,56996498.0,56996498.0,56996498.0,58659064.0,58659064.0,58659064.0
영천시 - 도시지역 인구 - 1인당 도시지역면적 현황,Statistics,80050.0,80761.0,65179.0,64105.0,64106.0,64575.0,64575.0,64575.0,64575.0,64575.0,64677.0,65027.0,65614.0,66297.0,66004.0,65922.0,65925.0,65487.0
영천시 - 상업지역 - 1인당 도시지역면적 현황,Statistics,11.22,11.12,13.78,14.01,14.01272892,13.91095625,13.91095625,13.91,13.91,13.91,14.15,14.07,14.04,13.9,13.96,13.98,13.98,14.07
영천시 - 주거지역 - 1인당 도시지역면적 현황,Statistics,97.92,97.44,134.47,136.72,136.7196206,135.8149129,135.9608982,135.96,138.06,138.06,139.64,139.37,140.95,139.5,140.12,140.29,140.28,141.22
예산군 - 1인당면적 녹지지역 - 1인당 도시지역면적 현황,Statistics,549.49,566.08,566.11,599.43,600.3507191,591.5803253,590.2602268,620.16,592.4,601.82,630.68,512.19,506.25,511.64,512.64,521.2,498.88,492.7
예산군 - 1인당면적 주+상+공 - 1인당 도시지역면적 현황,Statistics,132.69,136.69,136.75,244.9,210.4227447,218.413256,252.4809926,258.1,257.65,261.75,274.3,223.1268128,219.59,221.93,223.13,226.85,229.22,226.39
예산군 - 공업지역 - 1인당 도시지역면적 현황,Statistics,18.41,18.96,19.01,68.3,42.33325551,52.77934985,87.17832055,89.33,89.18,90.6,94.94,77.15,76.26,77.07,77.83,79.13,89.73,88.62
예산군 - 도시지역 면적 - 1인당 도시지역면적 현황,Statistics,30062687.0,33691583.0,35301469.0,35234924.0,36293744.0,36711493.0,36711493.0,37917714.0,36763842.0,36763842.0,36763842.0,36860453.0,36812406.0,36812406.0,36812408.0,36812408.0,37433607.0,37433607.0
예산군 - 도시지역 인구 - 1인당 도시지역면적 현황,Statistics,44069.0,42777.0,42772.0,41731.0,42832.0,43467.0,43562.0,43174.0,43249.0,42572.0,40624.0,50129.0,50717.0,50182.0,50033.0,49211.0,51413.0,52057.0
예산군 - 상업지역 - 1인당 도시지역면적 현황,Statistics,9.49,9.78,9.78,14.38,14.01333115,13.80861343,13.77849961,13.9,13.88,14.1,14.77,11.97,11.86,11.99,12.02,12.22,9.8,9.68
예산군 - 주거지역 - 1인당 도시지역면적 현황,Statistics,104.79,107.95,107.96,162.22,154.076158,151.8252928,151.5241724,154.86,154.59,157.05,164.58,134.0,131.47,132.87,133.27,135.5,129.69,128.09
예천군 - 1인당면적 녹지지역 - 1인당 도시지역면적 현황,Statistics,474.24,474.75,481.34,499.65,496.1612562,500.0359108,541.566645,542.11,545.36,543.95,487.41,394.8,344.05,314.9,302.89,297.92,298.02,298.48
예천군 - 1인당면적 주+상+공 - 1인당 도시지역면적 현황,Statistics,221.61,221.85,224.93,234.27,232.6338714,234.4505709,321.3333136,321.66,324.99,325.7,291.84,241.2021585,253.81,232.3,223.44,219.78,220.06,226.58
예천군 - 공업지역 - 1인당 도시지역면적 현황,Statistics,18.06,18.08,18.33,19.05,18.91722923,19.06495888,19.06495888,19.08,19.28,19.33,17.32,6.52,5.43,4.97,4.78,4.71,4.96,13.66
예천군 - 도시지역 면적 - 1인당 도시지역면적 현황,Statistics,12414730.0,12414730.0,12414730.0,12415025.0,12415025.0,12415025.0,14585598.0,14585598.0,14546159.0,14497080.0,14497080.0,14497079.0,16347826.0,16347828.0,16347828.0,16347828.0,16355798.0,16591849.0
예천군 - 도시지역 인구 - 1인당 도시지역면적 현황,Statistics,17841.0,17822.0,17578.0,16916.0,17035.0,16903.0,16903.0,16886.0,16713.0,16670.0,18604.0,22794.0,27344.0,29875.0,31060.0,31578.0,31570.0,31600.0
예천군 - 상업지역 - 1인당 도시지역면적 현황,Statistics,24.49,24.52,24.86,25.85,25.66756677,25.8680116,42.11808555,42.16,42.6,42.83,38.38,31.51,30.52,27.93,26.87,26.43,26.43,26.51
예천군 - 주거지역 - 1인당 도시지역면적 현황,Statistics,179.06,179.25,181.74,189.37,188.0490754,189.5176004,260.1502692,260.41,263.11,263.53,236.14,203.17,217.85,199.4,191.79,188.64,188.67,186.42
오산시 - 1인당면적 녹지지역 - 1인당 도시지역면적 현황,Statistics,232.12,215.14,204.81,183.23,160.3548237,150.9641244,146.0692093,142.58,137.9,138.29,135.99,132.94,128.32,124.51,121.53,121.4,121.0,120.85
오산시 - 1인당면적 주+상+공 - 1인당 도시지역면적 현황,Statistics,81.55,78.06,79.79,84.45,73.90956957,69.55554639,67.40518546,65.53,67.1,68.44,68.93,67.38411803,65.97,64.36,64.59,64.51,65.02,65.11
오산시 - 공업지역 - 1인당 도시지역면적 현황,Statistics,13.58,12.69,16.34,14.26,12.4816564,11.73172178,11.35691069,11.07,10.91,11.45,11.35,11.09,10.76,10.45,11.02,11.01,11.01,11.02
오산시 - 도시지역 면적 - 1인당 도시지역면적 현황,Statistics,42757000.0,42757000.0,42757000.0,42757000.0,42757000.0,42757000.0,42757000.0,42757000.0,42757000.0,42757000.0,42757000.0,42757001.0,42757000.0,42757000.0,42757002.0,42757002.0,42756997.0,42707000.0
오산시 - 도시지역 인구 - 1인당 도시지역면적 현황,Statistics,136311.0,145825.0,150237.0,159734.0,182516.0,193892.0,200291.0,205460.0,208565.0,206828.0,208656.0,213437.0,220070.0,226379.0,229725.0,229983.0,229849.0,229656.0
오산시 - 상업지역 - 1인당 도시지역면적 현황,Statistics,7.67,7.17,6.96,7.01,6.133933463,5.774044313,5.589572172,5.26,5.18,5.29,5.18,5.06,4.91,4.77,4.7,4.7,4.7,4.7
오산시 - 주거지역 - 1인당 도시지역면적 현황,Statistics,60.29,58.2,56.49,63.18,55.29397971,52.04978029,50.45870259,49.2,51.02,51.71,52.4,51.23,50.3,49.13,48.86,48.81,49.31,49.4
옥천군 - 1인당면적 녹지지역 - 1인당 도시지역면적 현황,Statistics,1509.91,1239.45,1366.02,1363.48,1360.277166,1357.580955,1360.585987,1264.82,1591.35,1610.82,1620.64,1649.19,1649.19,1663.54,1652.31,1666.61,1663.43,1639.1
옥천군 - 1인당면적 주+상+공 - 1인당 도시지역면적 현황,Statistics,184.53,151.48,166.95,186.39,191.8795324,191.4992072,191.9230944,178.41,224.48,227.22,240.47,243.9845276,243.98,246.11,244.45,246.56,246.09,242.49
옥천군 - 공업지역 - 1인당 도시지역면적 현황,Statistics,54.48,44.72,49.29,54.31,59.66268513,59.54442745,59.67623021,55.48,69.8,70.65,83.03,84.28,84.28,85.01,84.44,85.17,85.01,83.76
옥천군 - 도시지역 면적 - 1인당 도시지역면적 현황,Statistics,54356000.0,54356000.0,54356000.0,54707315.0,54707315.0,54707315.0,54707315.0,54707315.0,54707315.0,54707315.0,55061021.0,55061021.0,55061021.0,55061021.0,55061021.0,55061021.0,55061021.0,55061021.0
옥천군 - 도시지역 인구 - 1인당 도시지역면적 현황,Statistics,32079.0,39079.0,35458.0,35298.0,35246.0,35316.0,35238.0,37906.0,30128.0,29764.0,29585.0,29084.0,29084.0,28833.0,29029.0,28780.0,28835.0,29263.0
옥천군 - 상업지역 - 1인당 도시지역면적 현황,Statistics,12.15,9.97,10.99,11.71,11.72731657,11.70407181,11.729979,10.9,13.72,13.89,13.97,14.2,14.2,14.32,14.22,14.35,14.32,14.11
옥천군 - 주거지역 - 1인당 도시지역면적 현황,Statistics,117.91,96.79,106.67,120.37,120.4895307,120.2507079,120.5168852,112.03,140.96,142.68,143.46,145.51,145.51,146.78,145.79,147.05,146.77,144.62
옹진군 - 1인당면적 녹지지역 - 1인당 도시지역면적 현황,Statistics,0.0,,0.0,0.0,0.0,0.0,0.0,0.0,0.0,0.0,0.0,0.0,0.0,0.0,0.0,0.0,,0.0
옹진군 - 1인당면적 주+상+공 - 1인당 도시지역면적 현황,Statistics,0.0,,0.0,0.0,0.0,0.0,0.0,0.0,0.0,0.0,0.0,0.0,0.0,0.0,0.0,0.0,,0.0
옹진군 - 공업지역 - 1인당 도시지역면적 현황,Statistics,0.0,,0.0,0.0,0.0,0.0,0.0,0.0,0.0,0.0,0.0,0.0,0.0,0.0,0.0,0.0,,0.0
옹진군 - 도시지역 면적 - 1인당 도시지역면적 현황,Statistics,10050000.0,,9790000.0,9790000.0,9379473.0,9379473.0,9379473.0,7576815.0,7576815.0,7576815.0,7585970.0,7585970.0,7585970.0,7585970.0,7585970.0,7585977.0,3978567.0,7598931.0
옹진군 - 도시지역 인구 - 1인당 도시지역면적 현황,Statistics,4188.0,,0.0,0.0,0.0,0.0,0.0,0.0,0.0,0.0,0.0,0.0,0.0,0.0,0.0,0.0,,0.0
옹진군 - 상업지역 - 1인당 도시지역면적 현황,Statistics,0.0,,0.0,0.0,0.0,0.0,0.0,0.0,0.0,0.0,0.0,0.0,0.0,0.0,0.0,0.0,,0.0
옹진군 - 주거지역 - 1인당 도시지역면적 현황,Statistics,0.0,,0.0,0.0,0.0,0.0,0.0,0.0,0.0,0.0,0.0,0.0,0.0,0.0,0.0,0.0,,0.0
완도군 - 1인당면적 녹지지역 - 1인당 도시지역면적 현황,Statistics,573.93,555.54,597.23,918.02,918.7192207,914.2878895,912.3251525,912.33,919.98,1041.17,1046.6,1046.6,1046.62,972.1,987.28,1013.36,647.62,649.8
완도군 - 1인당면적 주+상+공 - 1인당 도시지역면적 현황,Statistics,110.47,106.93,115.25,177.15,178.0435258,177.1847543,179.1474914,179.15,180.65,204.45,205.51,205.5132907,206.09,191.42,194.4,199.54,127.52,127.95
완도군 - 공업지역 - 1인당 도시지역면적 현황,Statistics,15.2,14.71,15.82,24.32,24.64485626,24.52598477,26.4887218,26.49,26.71,30.23,30.39,30.39,28.59,26.55,26.97,27.68,17.69,17.75
완도군 - 도시지역 면적 - 1인당 도시지역면적 현황,Statistics,25722740.0,25722740.0,25722740.0,25722740.0,26633097.0,26633097.0,26633097.0,26633097.0,26633097.0,26633097.0,26633097.0,26633097.0,26633097.0,26633097.0,26633097.0,26633097.0,26633097.0,26633097.0
완도군 - 도시지역 인구 - 1인당 도시지역면적 현황,Statistics,33676.0,34791.0,32349.0,21045.0,21045.0,21147.0,21147.0,21147.0,20971.0,18530.0,18434.0,18434.0,18434.0,19847.0,19542.0,19039.0,29791.0,29691.0
완도군 - 상업지역 - 1인당 도시지역면적 현황,Statistics,17.77,17.2,18.5,28.43,28.57818959,28.44034615,28.44034615,28.44,28.68,32.46,32.63,32.63,32.65,30.32,30.8,31.61,20.2,20.27
완도군 - 주거지역 - 1인당 도시지역면적 현황,Statistics,77.5,75.02,80.93,124.4,124.8204799,124.2184234,124.2184234,124.22,125.26,141.76,142.5,142.5,144.85,134.54,136.64,140.25,89.63,89.93
완주군 - 1인당면적 녹지지역 - 1인당 도시지역면적 현황,Statistics,3266.27,3177.19,3598.09,3529.17,3384.387283,3367.633813,3314.102324,3154.75,2513.34,2383.41,2379.0,2354.9,2394.58,2418.87,2420.39,2432.82,2399.22,2266.66
완주군 - 1인당면적 주+상+공 - 1인당 도시지역면적 현황,Statistics,253.6,246.68,329.5,323.19,350.4547595,350.4547595,343.8123504,328.91,262.04,248.49,248.03,251.7101512,261.24,306.52,309.41,311.0,306.69,289.75
완주군 - 공업지역 - 1인당 도시지역면적 현황,Statistics,130.42,126.86,145.53,142.74,170.9419931,170.9419931,166.7303368,159.62,127.17,120.59,120.37,119.43,126.47,160.54,161.61,162.44,160.19,151.34
완주군 - 도시지역 면적 - 1인당 도시지역면적 현황,Statistics,150650450.0,150650450.0,150650450.0,150650450.0,150663528.0,149987693.0,151287693.0,150497709.0,150497709.0,150497709.0,150497709.0,150497709.0,150497709.0,150804430.0,150045961.0,150045964.0,150050671.0,150050671.0
완주군 - 도시지역 인구 - 1인당 도시지역면적 현황,Statistics,42800.0,44000.0,38357.0,39106.0,40340.0,40340.0,41359.0,43201.0,54226.0,57182.0,57288.0,57737.0,56667.0,55333.0,54966.0,54685.0,55453.0,58696.0
완주군 - 상업지역 - 1인당 도시지역면적 현황,Statistics,13.23,12.87,18.79,18.43,17.87136837,17.87136837,17.43105491,16.69,13.3,12.61,12.58,12.49,12.72,13.13,13.38,13.44,13.26,12.53
완주군 - 주거지역 - 1인당 도시지역면적 현황,Statistics,109.94,106.95,165.18,162.01,161.6413981,161.6413981,159.6509587,152.6,121.58,115.29,115.08,119.79,122.05,132.86,134.42,135.11,133.24,125.88
용산구 - 1인당면적 녹지지역 - 1인당 도시지역면적 현황,Statistics,38.84,38.32,37.93,37.75,36.5589517,36.31453422,36.90000493,37.44,38.04,38.46,38.98,37.22,39.19,39.25,39.02,39.87,40.65,41.79
용산구 - 1인당면적 주+상+공 - 1인당 도시지역면적 현황,Statistics,55.41,54.42,53.87,53.86,52.75994576,52.40721539,53.0141511,53.79,54.65,55.26,56.01,58.33716906,56.31,56.39,56.05,58.23,59.37,60.81
용산구 - 공업지역 - 1인당 도시지역면적 현황,Statistics,0.0,0.0,0.0,0.0,0.0,0.0,0.0,0.0,0.0,0.0,0.0,0.0,0.0,0.0,0.0,0.0,,0.0
용산구 - 도시지역 면적 - 1인당 도시지역면적 현황,Statistics,21870000.0,21870000.0,21870000.0,21870000.0,21870000.0,21870000.0,21870000.0,21870000.0,21870000.0,21870000.0,21870000.0,21898766.0,21870000.0,21870000.0,21870000.0,21870000.0,21870000.0,21870000.0
용산구 - 도시지역 인구 - 1인당 도시지역면적 현황,Statistics,232035.0,235832.0,238224.0,238708.0,244853.0,246501.0,243232.0,239740.0,235951.0,233342.0,230241.0,229161.0,228999.0,228670.0,230040.0,222953.0,218650.0,213151.0
용산구 - 상업지역 - 1인당 도시지역면적 현황,Statistics,6.4,6.29,6.23,6.22,6.060387253,6.019870102,6.12715021,6.22,6.32,6.65,6.74,5.43,6.76,6.81,6.77,6.99,7.18,7.37
용산구 - 주거지역 - 1인당 도시지역면적 현황,Statistics,49.02,48.13,47.64,47.65,46.69955851,46.38734528,46.88700089,47.57,48.33,48.61,49.26,52.9,49.55,49.58,49.28,51.24,52.19,53.44
용인시 - 1인당면적 녹지지역 - 1인당 도시지역면적 현황,Statistics,571.38,474.72,450.96,436.81,416.2346256,402.996297,393.6977422,376.58,368.92,362.91,356.2,351.81,341.22,337.2,332.52,330.89,328.44,328.32
용인시 - 1인당면적 주+상+공 - 1인당 도시지역면적 현황,Statistics,51.93,44.03,48.39,50.59,50.22631831,49.60865876,48.51616094,46.49,45.54,46.34,46.71,46.86970396,45.5,45.2,44.7,49.73,49.44,49.34
용인시 - 공업지역 - 1인당 도시지역면적 현황,Statistics,4.35,3.62,3.47,1.6,2.840312294,2.944468147,2.874287085,2.83,2.77,4.32,4.59,4.66,4.52,4.53,4.47,7.77,7.71,7.71
용인시 - 도시지역 면적 - 1인당 도시지역면적 현황,Statistics,387179000.0,387179000.0,388194035.0,388230795.0,388230795.0,388230795.0,388230795.0,388304199.0,388304199.0,388275523.0,388275186.0,388296207.0,388296171.0,388296611.0,388296558.0,392238936.0,392238936.0,392238936.0
용인시 - 도시지역 인구 - 1인당 도시지역면적 현황,Statistics,621170.0,746374.0,775362.0,794458.0,830114.0,855527.0,875630.0,915430.0,934438.0,948751.0,963672.0,973959.0,1004072.0,1015421.0,1029383.0,1030536.0,1037999.0,1038593.0
용인시 - 상업지역 - 1인당 도시지역면적 현황,Statistics,3.78,3.24,3.35,4.86,4.545856352,4.67829186,4.575824264,4.38,4.29,3.89,4.07,4.04,3.92,3.87,3.82,4.01,3.98,3.98
용인시 - 주거지역 - 1인당 도시지역면적 현황,Statistics,43.79,37.16,41.57,44.13,42.84014967,41.98589875,41.06604959,39.28,38.48,38.13,38.04,38.17,37.06,36.79,36.41,37.95,37.75,37.65
울릉군 - 1인당면적 녹지지역 - 1인당 도시지역면적 현황,Statistics,1050.24,953.27,953.27,1043.91,1008.939703,1005.133488,1009.838363,1009.84,1169.17,1178.71,1202.39,1202.39,1202.39,1344.91,1424.94,1463.44,1428.3,1420.94
울릉군 - 1인당면적 주+상+공 - 1인당 도시지역면적 현황,Statistics,94.42,85.71,85.71,93.85,90.71074862,90.36854324,89.13595473,89.14,144.46,145.64,148.56,148.5613108,148.56,166.17,176.06,180.82,176.47,175.56
울릉군 - 공업지역 - 1인당 도시지역면적 현황,Statistics,13.21,11.99,11.99,13.13,12.69443635,12.64654672,11.18905978,11.19,20.8,20.97,21.39,21.39,21.39,23.93,25.35,26.04,25.41,25.28
울릉군 - 도시지역 면적 - 1인당 도시지역면적 현황,Statistics,7807000.0,7807000.0,7807000.0,7832800.0,7832800.0,7832800.0,7833464.0,7833464.0,10483319.0,10483319.0,10483319.0,10483319.0,10483319.0,10483319.0,10483319.0,10483319.0,10483319.0,10483319.0
울릉군 - 도시지역 인구 - 1인당 도시지역면적 현황,Statistics,6596.0,7267.0,7267.0,6636.0,6866.0,6892.0,6892.0,6892.0,7783.0,7720.0,7568.0,7568.0,7568.0,6766.0,6386.0,6218.0,6371.0,6404.0
울릉군 - 상업지역 - 1인당 도시지역면적 현황,Statistics,10.52,9.54,9.54,10.45,10.10195165,10.06384214,10.11593151,10.12,18.62,18.78,19.15,19.15,19.15,21.42,22.7,23.31,22.75,22.64
울릉군 - 주거지역 - 1인당 도시지역면적 현황,Statistics,70.69,64.17,64.17,70.27,67.91436062,67.65815438,67.83096344,67.83,105.03,105.89,108.02,108.02,108.02,120.82,128.01,131.47,128.31,127.65
울산광역시 - 1인당면적 녹지지역 - 1인당 도시지역면적 현황,Statistics,524.19,515.79,478.12,473.84,467.1761568,464.576327,452.3621831,447.72,443.44,440.26,439.88,443.05,446.54,449.67,460.4,464.41,468.69,463.46
울산광역시 - 1인당면적 주+상+공 - 1인당 도시지역면적 현황,Statistics,127.86,131.51,123.56,130.1,132.4330932,132.1061561,131.523232,131.31,131.1,130.95,131.93,132.2892316,135.48,136.46,139.46,145.31,147.04,146.12
울산광역시 - 공업지역 - 1인당 도시지역면적 현황,Statistics,65.15,65.36,62.12,67.16,69.60893565,69.4385809,66.72742852,66.99,67.36,67.36,68.16,67.99,70.57,71.19,72.71,76.99,77.76,76.11
울산광역시 - 도시지역 면적 - 1인당 도시지역면적 현황,Statistics,751222000.0,751222000.0,751223848.0,753469238.0,755429960.0,755424849.0,755133152.0,755136776.0,755598443.0,755550507.0,755545355.0,755551876.0,755545356.0,755545353.0,761731893.0,764204857.0,764212886.0,671649337.0
울산광역시 - 도시지역 인구 - 1인당 도시지역면적 현황,Statistics,1025189.0,1032732.0,1112407.0,1114866.0,1126298.0,1131814.0,1144907.0,1154500.0,1164342.0,1171450.0,1170222.0,1163030.0,1153490.0,1145874.0,1133881.0,1119594.0,1108668.0,1101810.0
울산광역시 - 상업지역 - 1인당 도시지역면적 현황,Statistics,6.07,6.42,5.96,6.46,6.39321565,6.366060148,6.63010358,6.58,6.52,6.47,6.48,6.52,6.66,6.65,6.77,6.82,6.89,7.09
울산광역시 - 주거지역 - 1인당 도시지역면적 현황,Statistics,56.64,59.73,55.48,56.49,56.4309419,56.30151509,58.16569992,57.75,57.22,57.12,57.28,57.78,58.25,58.62,59.97,61.5,62.39,62.92
울주군 - 1인당면적 녹지지역 - 1인당 도시지역면적 현황,Statistics,3225.78,3052.59,1888.85,1835.47,1779.32808,1778.46509,1692.984064,1685.03,1637.13,1597.79,1594.48,1582.62,1573.8,1565.21,1600.34,1603.3,1607.27,1579.56
울주군 - 1인당면적 주+상+공 - 1인당 도시지역면적 현황,Statistics,394.91,379.13,239.56,267.95,274.8838259,275.721393,256.4968999,254.78,252.86,249.66,254.4,254.0924315,263.85,262.54,271.27,288.24,288.96,280.84
울주군 - 공업지역 - 1인당 도시지역면적 현황,Statistics,210.81,204.65,131.56,152.94,163.0756816,163.0502587,146.2126424,145.05,146.3,145.13,149.4,149.03,158.9,158.49,162.89,175.92,176.36,166.83
울주군 - 도시지역 면적 - 1인당 도시지역면적 현황,Statistics,489899785.0,489899785.0,489901633.0,491162123.0,492987854.0,492982744.0,487430649.0,487430649.0,487889006.0,487841070.0,487835917.0,487842438.0,487835918.0,487835915.0,494022455.0,497769781.0,497769781.0,403977896.0
울주군 - 도시지역 인구 - 1인당 도시지역면적 현황,Statistics,112453.0,118645.0,191687.0,195399.0,201000.0,201000.0,205641.0,206666.0,212357.0,217345.0,217173.0,218616.0,219709.0,221022.0,220402.0,220061.0,219517.0,217146.0
울주군 - 상업지역 - 1인당 도시지역면적 현황,Statistics,7.86,7.45,4.61,7.47,7.258134328,7.258134328,7.518636848,7.48,7.28,7.11,7.12,7.08,7.48,7.16,7.45,7.47,7.48,8.43
울주군 - 주거지역 - 1인당 도시지역면적 현황,Statistics,176.24,167.04,103.39,107.55,104.55001,105.413,102.7656207,102.26,99.28,97.41,97.88,97.98,97.46,96.88,100.93,104.85,105.11,105.59
울진군 - 1인당면적 녹지지역 - 1인당 도시지역면적 현황,Statistics,952.78,997.8,1009.52,1011.62,1007.063139,760.9707911,835.2225327,895.76,895.76,893.7,896.27,910.34,927.03,940.58,990.13,1007.85,1025.6,1033.52
울진군 - 1인당면적 주+상+공 - 1인당 도시지역면적 현황,Statistics,268.55,281.24,284.54,282.44,281.1712949,250.652851,277.892752,298.03,298.03,300.09,303.77,309.7116594,315.39,320.0,336.86,343.57,349.62,352.32
울진군 - 공업지역 - 1인당 도시지역면적 현황,Statistics,81.59,85.44,86.45,83.68,83.29845075,95.39292315,107.8125572,115.63,115.63,115.63,118.78,120.71,122.92,124.72,131.29,134.32,136.68,137.74
울진군 - 도시지역 면적 - 1인당 도시지역면적 현황,Statistics,46909700.0,46909700.0,46909700.0,46909700.0,46909700.0,47724941.0,47852469.0,47852469.0,47852469.0,47852199.0,47894455.0,47920405.0,47920405.0,47920405.0,47920405.0,47920405.0,47920405.0,47920405.0
울진군 - 도시지역 인구 - 1인당 도시지역면적 현황,Statistics,36084.0,34456.0,34056.0,34056.0,34210.0,44370.0,40439.0,37706.0,37706.0,37706.0,37598.0,37043.0,36376.0,35852.0,34058.0,33459.0,32880.0,32628.0
울진군 - 상업지역 - 1인당 도시지역면적 현황,Statistics,23.47,24.58,24.86,25.25,25.14001754,19.24183007,21.24582705,22.79,22.79,22.64,22.71,22.86,23.28,23.62,24.57,25.01,25.45,25.64
울진군 - 주거지역 - 1인당 도시지역면적 현황,Statistics,163.49,171.22,173.23,173.51,172.7328267,136.0180978,148.8343678,159.62,159.62,161.82,162.28,166.15,169.19,171.67,181.0,184.24,187.49,188.94
원주시 - 1인당면적 녹지지역 - 1인당 도시지역면적 현황,Statistics,199.71,200.47,203.33,196.78,191.8157267,187.0791918,184.9417066,178.62,175.3,172.04,174.68,172.93,172.36,170.68,163.85,162.17,162.71,162.54
원주시 - 1인당면적 주+상+공 - 1인당 도시지역면적 현황,Statistics,101.36,108.89,120.09,117.42,117.0116768,115.4553903,114.1212811,110.36,111.07,109.43,111.38,112.8254835,112.44,110.78,106.83,106.07,106.46,106.83
원주시 - 공업지역 - 1인당 도시지역면적 현황,Statistics,19.81,19.49,23.81,21.29,22.9402639,22.77121129,22.50991088,21.76,21.56,20.96,20.8,20.7,20.64,20.33,19.5,19.33,19.39,19.36
원주시 - 도시지역 면적 - 1인당 도시지역면적 현황,Statistics,78534669.0,87365493.0,86653997.0,87365717.0,87251771.0,87281832.0,87281832.0,87268083.0,87268083.0,87271008.0,87488844.0,87785359.0,88038796.0,88306314.0,88304463.0,88304465.0,88305095.0,88683975.0
원주시 - 도시지역 인구 - 1인당 도시지역면적 현황,Statistics,260848.0,265223.0,265348.0,275718.0,282526.0,288502.0,291851.0,301978.0,304741.0,310051.0,305838.0,307203.0,308255.0,312862.0,326159.0,329137.0,328007.0,328640.0
원주시 - 상업지역 - 1인당 도시지역면적 현황,Statistics,6.53,7.74,8.43,8.43,8.223855504,8.060519511,7.96802478,7.7,7.83,7.82,7.92,8.12,8.1,7.98,7.65,7.58,7.61,7.6
원주시 - 주거지역 - 1인당 도시지역면적 현황,Statistics,75.02,81.66,87.85,87.7,85.84755739,84.62365945,83.64334541,80.91,81.68,80.65,82.67,84.0,83.7,82.47,79.68,79.16,79.45,79.88
유성구 - 1인당면적 녹지지역 - 1인당 도시지역면적 현황,Statistics,638.93,620.17,597.63,582.52,550.9823389,527.5036334,505.9156546,493.58,473.24,462.16,451.51,444.76,443.03,435.44,433.36,433.08,427.22,414.7
유성구 - 1인당면적 주+상+공 - 1인당 도시지역면적 현황,Statistics,90.11,87.36,84.54,82.37,78.25459722,74.66794631,72.74600734,70.97,68.05,66.45,64.92,63.95288266,63.7,73.48,73.13,73.08,72.09,69.98
유성구 - 공업지역 - 1인당 도시지역면적 현황,Statistics,18.48,17.93,17.29,16.84,15.93650512,15.18609629,14.87799694,14.52,13.92,13.59,13.28,13.08,13.03,19.55,19.46,19.44,19.18,18.62
유성구 - 도시지역 면적 - 1인당 도시지역면적 현황,Statistics,177251011.0,177251011.0,177251011.0,177251011.0,177251011.0,177251011.0,177251011.0,177251011.0,177251011.0,177251011.0,177251011.0,177251011.0,177251011.0,177801819.0,177801819.0,177801819.0,177801819.0,177801819.0
유성구 - 도시지역 인구 - 1인당 도시지역면적 현황,Statistics,243130.0,250523.0,259831.0,266585.0,281692.0,294353.0,306312.0,313968.0,327461.0,335312.0,343222.0,348428.0,349790.0,349373.0,351047.0,351277.0,356093.0,366845.0
유성구 - 상업지역 - 1인당 도시지역면적 현황,Statistics,11.38,11.03,10.64,10.37,9.811020547,9.359636219,8.994218313,8.77,8.41,8.22,8.03,7.91,7.88,7.88,7.84,7.83,7.73,7.5
유성구 - 주거지역 - 1인당 도시지역면적 현황,Statistics,60.25,58.39,56.62,55.16,52.50707155,50.1222138,48.87379208,47.68,45.72,44.65,43.62,42.97,42.8,46.05,45.83,45.8,45.18,43.86
은평구 - 1인당면적 녹지지역 - 1인당 도시지역면적 현황,Statistics,31.13,28.74,31.62,31.11,29.7017367,29.40510378,28.94504068,28.82,29.11,27.94,28.3,28.55,28.77,28.96,28.97,29.37,29.79,29.78
은평구 - 1인당면적 주+상+공 - 1인당 도시지역면적 현황,Statistics,32.84,35.97,33.22,32.68,31.18630265,30.80144601,30.31953617,30.19,30.5,29.89,32.32,32.64143765,32.88,33.09,33.11,33.56,34.04,34.03
은평구 - 공업지역 - 1인당 도시지역면적 현황,Statistics,0.0,0.0,0.0,0.0,0.0,0.0,0.0,0.0,0.0,0.0,0.0,0.0,0.0,0.0,0.0,0.0,,0.0
은평구 - 도시지역 면적 - 1인당 도시지역면적 현황,Statistics,29720000.0,29714292.0,29720000.0,29720000.0,29720000.0,29720000.0,29720000.0,29723445.0,29723445.0,28791778.0,29793436.0,29788522.0,29788522.0,29788522.0,29788522.0,29788522.0,29788522.0,29788522.0
은평구 - 도시지역 인구 - 1인당 도시지역면적 현황,Statistics,464580.0,459196.0,458401.0,465895.0,488109.0,493634.0,501480.0,503660.0,498644.0,497920.0,491476.0,486794.0,483197.0,480032.0,479835.0,473307.0,466746.0,466770.0
은평구 - 상업지역 - 1인당 도시지역면적 현황,Statistics,0.84,1.1,0.84,0.82,0.791995231,0.783268576,0.771013799,0.77,0.78,1.05,1.07,1.08,1.06,1.06,1.06,1.08,1.09,1.14
은평구 - 주거지역 - 1인당 도시지역면적 현황,Statistics,32.0,34.87,32.38,31.86,30.39430742,30.01817744,29.54852237,29.43,29.72,28.84,31.25,31.57,31.82,32.03,32.05,32.49,32.94,32.9
음성군 - 1인당면적 녹지지역 - 1인당 도시지역면적 현황,Statistics,289.87,284.32,279.06,288.76,305.0001619,301.635763,298.6439108,285.48,281.98,276.74,276.22,277.7,277.93,409.92,398.24,404.52,423.05,427.21
음성군 - 1인당면적 주+상+공 - 1인당 도시지역면적 현황,Statistics,203.86,199.96,205.63,256.28,307.0808704,303.6935196,307.2808855,296.18,315.99,310.17,336.76,358.8854889,354.96,593.96,637.91,643.85,595.08,600.94
음성군 - 공업지역 - 1인당 도시지역면적 현황,Statistics,76.85,75.38,83.36,129.76,102.8312551,101.696943,110.1387624,113.53,129.76,127.4,147.11,168.36,167.08,296.08,330.65,334.25,295.69,298.6
음성군 - 도시지역 면적 - 1인당 도시지역면적 현황,Statistics,22819000.0,22819000.0,23269000.0,25287000.0,30956953.0,30956953.0,31053420.0,31621407.0,33096611.0,33099830.0,35069605.0,36240352.0,35483134.0,38153239.0,38618516.0,38672271.0,37499761.0,37499750.0
음성군 - 도시지역 인구 - 1인당 도시지역면적 현황,Statistics,46218.0,47120.0,48008.0,46395.0,49400.0,49951.0,51181.0,54292.0,55348.0,56397.0,57211.0,56929.0,56065.0,38006.0,37271.0,36888.0,36832.0,36473.0
음성군 - 상업지역 - 1인당 도시지역면적 현황,Statistics,16.96,16.64,16.33,16.9,24.73204453,24.45923005,23.87141713,22.5,22.65,22.23,23.76,23.91,20.94,32.24,33.81,34.03,37.51,37.88
음성군 - 주거지역 - 1인당 도시지역면적 현황,Statistics,110.04,107.94,105.94,109.62,179.5175709,177.5373466,173.2707059,160.15,163.58,160.54,165.89,166.61,166.94,265.64,273.45,275.58,261.89,264.47
의령군 - 1인당면적 녹지지역 - 1인당 도시지역면적 현황,Statistics,1260.68,1293.9,1300.87,947.72,953.5770199,953.4315356,943.6416761,834.57,957.89,957.89,988.5,997.81,947.43,964.73,955.24,981.43,965.95,1018.51
의령군 - 1인당면적 주+상+공 - 1인당 도시지역면적 현황,Statistics,305.98,314.04,315.73,234.55,236.0045014,235.9684949,233.5455644,206.55,237.07,237.07,244.65,246.9512215,308.69,314.46,311.37,342.46,337.06,355.4
의령군 - 공업지역 - 1인당 도시지역면적 현황,Statistics,91.25,93.65,94.16,74.95,75.41557946,75.40407354,74.62982257,66.0,75.76,75.76,78.18,78.91,78.43,80.0,79.21,105.09,103.43,109.06
의령군 - 도시지역 면적 - 1인당 도시지역면적 현황,Statistics,15312481.0,15312481.0,15312481.0,15591845.0,15591845.0,15591845.0,15591845.0,15591845.0,15591845.0,15591845.0,15591845.0,15591845.0,15830845.0,15832558.0,15832558.0,16184652.0,16184652.0,16184652.0
의령군 - 도시지역 인구 - 1인당 도시지역면적 현황,Statistics,9774.0,9523.0,9472.0,13188.0,13107.0,13109.0,13245.0,14976.0,13048.0,13048.0,12644.0,12526.0,12603.0,12377.0,12500.0,12225.0,12421.0,11780.0
의령군 - 상업지역 - 1인당 도시지역면적 현황,Statistics,22.87,23.48,23.6,16.95,17.0561532,17.053551,16.8784447,14.93,17.13,17.13,17.68,17.85,18.3,18.63,18.45,18.86,18.57,19.58
의령군 - 주거지역 - 1인당 도시지역면적 현황,Statistics,191.86,196.91,197.97,142.65,143.5327687,143.5108704,142.0372971,125.62,144.18,144.18,148.79,150.19,211.96,215.83,213.7,218.51,215.06,226.77
의성군 - 1인당면적 녹지지역 - 1인당 도시지역면적 현황,Statistics,1306.33,1331.19,1361.81,1356.23,1340.060548,1347.896383,1440.396143,1357.26,1378.23,1399.94,995.16,1005.19,1009.34,1011.98,1030.15,1060.86,1073.64,1075.76
의성군 - 1인당면적 주+상+공 - 1인당 도시지역면적 현황,Statistics,253.56,258.38,264.33,268.37,265.1714947,266.7220515,290.5329898,273.6,277.99,282.37,200.73,202.7501668,203.59,204.12,207.85,214.05,216.63,217.06
의성군 - 공업지역 - 1인당 도시지역면적 현황,Statistics,47.06,47.95,49.06,48.49,47.90733077,48.18746283,51.32766681,48.2,49.11,49.89,35.46,35.82,35.97,36.06,36.77,37.86,38.32,38.4
의성군 - 도시지역 면적 - 1인당 도시지역면적 현황,Statistics,32583000.0,32583000.0,32583000.0,32583000.0,32583000.0,32583000.0,32583010.0,32579677.0,32583010.0,32583000.0,32583000.0,32583000.0,32583000.0,32583000.0,32583000.0,32583000.0,32583000.0,32583000.0
의성군 - 도시지역 인구 - 1인당 도시지역면적 현황,Statistics,20888.0,20498.0,20037.0,20056.0,20298.0,20180.0,18824.0,19977.0,19673.0,19368.0,27246.0,26974.0,26863.0,26793.0,26319.0,25557.0,25253.0,25203.0
의성군 - 상업지역 - 1인당 도시지역면적 현황,Statistics,24.88,25.36,25.94,25.88,25.56852892,25.71803766,27.93162983,26.32,26.73,27.15,19.3,19.49,19.57,19.62,19.98,20.57,20.82,20.86
의성군 - 주거지역 - 1인당 도시지역면적 현황,Statistics,181.62,185.07,189.33,194.01,191.695635,192.816551,211.2736932,199.08,202.16,205.34,145.97,147.44,148.05,148.43,151.11,155.61,157.49,157.8
의왕시 - 1인당면적 녹지지역 - 1인당 도시지역면적 현황,Statistics,346.52,354.84,356.22,338.8,323.7063068,319.0442827,308.4271342,298.75,300.13,296.49,294.76,296.54,300.08,284.31,279.74,280.49,283.17,285.58
의왕시 - 1인당면적 주+상+공 - 1인당 도시지역면적 현황,Statistics,43.75,44.8,44.98,44.54,42.55805972,41.92222957,40.52714255,39.26,40.62,45.79,49.65,50.07291018,50.67,50.71,49.89,50.02,53.81,54.27
의왕시 - 공업지역 - 1인당 도시지역면적 현황,Statistics,8.65,8.86,8.89,8.03,7.676641143,7.565601877,7.313833946,7.08,7.14,7.18,7.22,7.27,7.35,7.02,6.91,6.93,7.06,7.12
의왕시 - 도시지역 면적 - 1인당 도시지역면적 현황,Statistics,53955800.0,53955800.0,53955800.0,54003117.0,54003117.0,54003117.0,54003117.0,54003117.0,54003095.0,53991234.0,53991234.0,53991234.0,53991234.0,53990394.0,53991357.0,53991357.0,53991356.0,53991356.0
의왕시 - 도시지역 인구 - 1인당 도시지역면적 현황,Statistics,138253.0,135009.0,134488.0,140874.0,147443.0,149607.0,154757.0,159772.0,158482.0,157740.0,156763.0,155767.0,153932.0,161153.0,163795.0,163356.0,160221.0,158870.0
의왕시 - 상업지역 - 1인당 도시지역면적 현황,Statistics,1.52,1.56,1.56,1.4,1.336794558,1.317458408,1.273616056,1.23,1.24,1.61,1.8,1.81,1.83,1.75,1.72,1.73,1.89,1.91
의왕시 - 주거지역 - 1인당 도시지역면적 현황,Statistics,33.58,34.39,34.52,35.11,33.54462402,33.03916929,31.93969255,30.94,32.24,37.0,40.63,41.0,41.49,41.94,41.26,41.37,44.85,45.23
의정부시 - 1인당면적 녹지지역 - 1인당 도시지역면적 현황,Statistics,159.75,154.18,150.08,146.96,146.6888752,148.0174768,148.4219836,147.13,147.08,146.12,143.19,142.17,142.06,140.5,137.34,136.21,136.18,136.19
의정부시 - 1인당면적 주+상+공 - 1인당 도시지역면적 현황,Statistics,39.75,40.17,40.21,42.36,42.28331106,41.56983504,41.71887488,42.21,42.19,41.92,42.92,42.61440179,40.52,40.08,39.39,39.78,39.78,39.47
의정부시 - 공업지역 - 1인당 도시지역면적 현황,Statistics,0.84,0.82,0.8,0.85,0.852733088,0.855508829,0.858006697,0.85,0.85,0.85,0.88,0.87,0.82,0.81,0.8,0.79,0.79,0.83
의정부시 - 도시지역 면적 - 1인당 도시지역면적 현황,Statistics,81985000.0,81985000.0,81985000.0,81598379.0,81598379.0,81598379.0,81598379.0,81598379.0,81598379.0,81598379.0,81598379.0,81598379.0,81616520.0,81598380.0,81598380.0,81598380.0,81598396.0,81546632.0
의정부시 - 도시지역 인구 - 1인당 도시지역면적 현황,Statistics,410938.0,421853.0,430849.0,431008.0,431801.0,430400.0,429147.0,430976.0,431112.0,433937.0,438457.0,441584.0,447026.0,451868.0,461710.0,463661.0,463724.0,464213.0
의정부시 - 상업지역 - 1인당 도시지역면적 현황,Statistics,3.87,3.77,3.69,3.9,3.889567185,3.90222816,3.913621673,3.87,3.87,3.85,3.56,3.53,3.76,3.72,3.6,3.59,3.59,3.25
의정부시 - 주거지역 - 1인당 도시지역면적 현황,Statistics,35.05,35.58,35.72,37.61,37.54101079,36.81209805,36.94724651,37.48,37.47,37.22,38.48,38.21,35.94,35.55,34.99,35.4,35.4,35.39
이천시 - 1인당면적 녹지지역 - 1인당 도시지역면적 현황,Statistics,582.52,549.7,545.2,537.78,514.7448761,510.6570553,510.7434605,500.7,500.67,501.3,493.36,487.11,485.84,489.17,483.45,473.08,474.17,474.83
이천시 - 1인당면적 주+상+공 - 1인당 도시지역면적 현황,Statistics,62.6,59.19,59.68,58.88,57.4977995,58.21253,62.41351518,69.75,70.82,71.32,72.44,71.51781811,75.29,70.66,69.83,68.33,68.55,76.7
이천시 - 공업지역 - 1인당 도시지역면적 현황,Statistics,12.55,11.85,12.65,12.49,12.23929725,13.31344589,14.26136983,19.35,20.42,20.86,22.6,22.32,22.42,21.93,21.67,21.2,21.26,21.42
이천시 - 도시지역 면적 - 1인당 도시지역면적 현황,Statistics,81136000.0,81136000.0,81134469.0,81136000.0,81136000.0,81303410.0,81992398.0,82045613.0,82199545.0,82259181.0,82297680.0,82297681.0,82297681.0,82195456.0,82195456.0,82195456.0,82195456.0,83103376.0
이천시 - 도시지역 인구 - 1인당 도시지역면적 현황,Statistics,125769.0,133252.0,134132.0,135984.0,141786.0,142921.0,143054.0,143827.0,143836.0,143655.0,145455.0,147322.0,146664.0,146823.0,148560.0,151818.0,151450.0,150678.0
이천시 - 상업지역 - 1인당 도시지역면적 현황,Statistics,4.3,4.06,4.03,3.98,4.417354323,4.382274123,4.5822207,4.56,4.56,4.56,4.51,4.45,4.76,4.42,4.37,4.28,4.29,4.58
이천시 - 주거지역 - 1인당 도시지역면적 현황,Statistics,45.75,43.29,43.0,42.42,40.84114793,40.51680999,43.56992464,45.84,45.84,45.89,45.33,44.75,48.11,44.31,43.79,42.85,43.01,50.7
익산시 - 1인당면적 녹지지역 - 1인당 도시지역면적 현황,Statistics,165.06,184.11,178.39,181.53,179.8977872,168.9930503,176.4584049,176.17,177.44,177.38,178.31,178.48,182.03,177.61,179.44,180.72,181.23,184.21
익산시 - 1인당면적 주+상+공 - 1인당 도시지역면적 현황,Statistics,90.55,101.0,96.95,107.24,109.8337038,106.0587232,116.0128227,116.23,117.18,119.26,119.89,120.0084144,122.39,116.62,120.53,122.58,123.07,124.94
익산시 - 공업지역 - 1인당 도시지역면적 현황,Statistics,21.66,24.16,24.66,33.54,33.64809549,32.42098208,40.51913992,40.57,40.88,42.45,42.67,42.71,43.56,40.49,42.49,42.96,43.19,43.79
익산시 - 도시지역 면적 - 1인당 도시지역면적 현황,Statistics,69132902.0,69132902.0,70971680.0,73767376.0,73767376.0,73765731.0,76090192.0,76090199.0,76091104.0,76091104.0,76091104.0,76091104.0,76091104.0,76088794.0,76088724.0,76088724.0,76052609.0,76088724.0
익산시 - 도시지역 인구 - 1인당 도시지역면적 현황,Statistics,270461.0,242473.0,257761.0,255455.0,254606.0,263320.0,260163.0,260222.0,258265.0,256510.0,255167.0,254919.0,249953.0,258602.0,253653.0,250875.0,249924.0,246121.0
익산시 - 상업지역 - 1인당 도시지역면적 현황,Statistics,6.19,6.91,6.5,6.97,7.135927669,6.899779736,7.186102559,7.18,7.24,7.29,7.33,7.33,7.48,7.23,7.45,7.53,7.56,7.66
익산시 - 주거지역 - 1인당 도시지역면적 현황,Statistics,62.7,69.94,65.79,66.72,69.04968068,66.73796142,68.30758025,68.47,69.06,69.53,69.89,69.96,71.35,68.9,70.59,72.08,72.33,73.49
인제군 - 1인당면적 녹지지역 - 1인당 도시지역면적 현황,Statistics,448.0,456.34,464.64,443.77,488.8522513,573.4466161,566.0408163,563.14,542.4,528.43,538.2,540.41,552.38,560.49,373.39,367.92,366.81,365.54
인제군 - 1인당면적 주+상+공 - 1인당 도시지역면적 현황,Statistics,195.54,199.17,202.79,193.69,192.2585946,225.5283476,222.6157526,221.47,213.21,207.72,211.56,212.493125,217.2,220.39,146.82,144.67,144.23,143.73
인제군 - 공업지역 - 1인당 도시지역면적 현황,Statistics,10.02,10.21,10.4,9.93,10.02313306,11.75760513,11.60576105,11.55,11.12,10.83,11.03,11.09,11.33,11.5,7.66,7.55,7.53,7.5
인제군 - 도시지역 면적 - 1인당 도시지역면적 현황,Statistics,12152600.0,12152600.0,12152600.0,12152600.0,14839362.0,14839362.0,14839362.0,14839362.0,14839362.0,14839362.0,14839362.0,14839016.0,14839016.0,14839016.0,14839016.0,14839016.0,14839016.0,14839016.0
인제군 - 도시지역 인구 - 1인당 도시지역면적 현황,Statistics,18884.0,18539.0,18208.0,19064.0,21787.0,18573.0,18816.0,18913.0,19639.0,20158.0,19792.0,19709.0,19282.0,19003.0,28525.0,28949.0,29037.0,29138.0
인제군 - 상업지역 - 1인당 도시지역면적 현황,Statistics,26.62,27.12,27.61,26.37,25.54527929,29.96581059,29.5788159,29.43,28.34,27.61,28.12,28.26,28.89,29.31,19.53,19.24,19.18,19.12
인제군 - 주거지역 - 1인당 도시지역면적 현황,Statistics,158.89,161.85,164.79,157.39,156.6901822,183.8049319,181.4311756,180.5,173.75,169.28,172.41,173.14,176.98,179.58,119.63,117.88,117.52,117.11
인천광역시 - 1인당면적 녹지지역 - 1인당 도시지역면적 현황,Statistics,149.91,139.47,112.02,113.11,109.1476314,109.5254463,102.9156643,102.77,101.33,100.62,100.7,100.31,99.61,101.92,102.23,101.93,101.44,99.45
인천광역시 - 1인당면적 주+상+공 - 1인당 도시지역면적 현황,Statistics,57.66,66.01,61.29,62.27,68.75796367,68.49850324,72.94143937,69.19,70.92,71.05,71.86,71.70015352,71.68,73.19,73.77,73.78,73.8,74.17
인천광역시 - 공업지역 - 1인당 도시지역면적 현황,Statistics,18.06,19.28,16.48,15.78,20.41813039,20.01422961,22.41238605,20.72,21.97,22.41,22.4,22.27,22.15,23.38,23.5,23.48,22.68,23.19
인천광역시 - 도시지역 면적 - 1인당 도시지역면적 현황,Statistics,720886000.0,710836000.0,560455329.0,570484285.0,585334610.0,585318598.0,582516972.0,579949330.0,576020846.0,575396743.0,580154144.0,580144347.0,579740346.0,529642905.0,529650659.0,529699653.0,527855326.0,512816173.0
인천광역시 - 도시지역 인구 - 1인당 도시지역면적 현황,Statistics,2569286.0,2603980.0,2630897.0,2643543.0,2690687.0,2733244.0,2775397.0,2818829.0,2841267.0,2852386.0,2865152.0,2875905.0,2887841.0,2890505.0,2875877.0,2881117.0,2899766.0,2930599.0
인천광역시 - 상업지역 - 1인당 도시지역면적 현황,Statistics,5.0,6.51,6.53,6.6,7.319778183,7.284028063,7.924980462,7.73,8.23,8.03,8.17,8.13,8.12,8.2,8.24,8.24,8.44,8.53
인천광역시 - 주거지역 - 1인당 도시지역면적 현황,Statistics,34.6,40.21,38.28,39.89,41.0200551,41.20024557,42.60407286,40.74,40.73,40.6,41.3,41.3,41.4,41.6,42.03,42.06,42.69,42.45
임실군 - 1인당면적 녹지지역 - 1인당 도시지역면적 현황,Statistics,1453.69,926.87,945.15,954.72,966.5503846,959.5454898,959.5454898,968.76,959.98,941.39,939.76,939.76,942.64,980.85,961.58,982.59,990.8,1011.86
임실군 - 1인당면적 주+상+공 - 1인당 도시지역면적 현황,Statistics,278.46,177.55,181.05,182.88,190.9258245,189.542125,189.542125,191.36,189.63,185.96,206.81,206.8142456,207.45,215.86,214.3,218.98,220.81,225.5
임실군 - 공업지역 - 1인당 도시지역면적 현황,Statistics,42.99,27.41,27.95,28.23,28.72506844,28.51688883,28.51688883,28.79,28.53,27.98,48.13,48.13,48.28,50.23,52.03,53.17,53.62,54.75
임실군 - 도시지역 면적 - 1인당 도시지역면적 현황,Statistics,17758000.0,17758000.0,17758000.0,17758000.0,17758000.0,17758000.0,17758000.0,17758000.0,17758000.0,17758000.0,17980530.0,17980530.0,17980530.0,17980530.0,17985020.0,17985020.0,17985020.0,17985020.0
임실군 - 도시지역 인구 - 1인당 도시지역면적 현황,Statistics,10252.0,16079.0,15768.0,15610.0,15342.0,15454.0,15454.0,15307.0,15447.0,15752.0,15682.0,15682.0,15634.0,15025.0,15295.0,14968.0,14844.0,14535.0
임실군 - 상업지역 - 1인당 도시지역면적 현황,Statistics,26.93,17.17,17.51,17.69,17.99504628,17.86463052,17.86463052,18.04,17.87,17.53,17.6,17.6,17.66,18.37,17.42,17.8,17.95,18.33
임실군 - 주거지역 - 1인당 도시지역면적 현황,Statistics,208.55,132.97,135.59,136.96,144.2057098,143.1606057,143.1606057,144.54,143.23,140.45,141.08,141.08,141.51,147.25,144.84,148.0,149.24,152.41
장성군 - 1인당면적 녹지지역 - 1인당 도시지역면적 현황,Statistics,3734.85,3766.78,3779.14,4978.88,4848.169344,4875.715761,5355.603762,3731.73,3732.73,3725.48,3724.57,3721.87,3811.42,3784.47,4045.52,4147.99,4222.71,4398.98
장성군 - 1인당면적 주+상+공 - 1인당 도시지역면적 현황,Statistics,261.47,263.7,264.57,348.56,488.9566691,491.734832,585.0754088,413.78,413.89,413.08,413.67,414.7985683,424.78,456.85,574.0,588.54,597.89,622.85
장성군 - 공업지역 - 1인당 도시지역면적 현황,Statistics,51.14,51.58,51.75,68.18,65.35052813,65.72183794,106.5051676,79.82,79.84,79.69,80.31,80.28,82.21,82.31,146.11,149.81,151.15,157.46
장성군 - 도시지역 면적 - 1인당 도시지역면적 현황,Statistics,108440000.0,108440000.0,108440000.0,108440000.0,108637200.0,108637200.0,108637200.0,108637200.0,108637200.0,108637200.0,108637200.0,108637200.0,108637200.0,108637200.0,108637200.0,108637200.0,108637200.0,108637200.0
장성군 - 도시지역 인구 - 1인당 도시지역면적 현황,Statistics,27135.0,26905.0,26817.0,20355.0,20355.0,20240.0,18287.0,26206.0,26199.0,26250.0,26252.0,26262.0,25645.0,25614.0,23517.0,22936.0,22536.0,21633.0
장성군 - 상업지역 - 1인당 도시지역면적 현황,Statistics,26.6,26.83,26.92,35.46,33.8639155,34.05632411,39.55350796,27.6,27.61,27.55,27.55,27.54,28.2,28.24,34.34,35.21,35.81,37.3
장성군 - 주거지역 - 1인당 도시지역면적 현황,Statistics,183.72,185.29,185.9,244.91,389.7422255,391.95667,439.0167332,306.35,306.44,305.84,305.81,306.98,314.36,346.3,393.55,403.52,410.94,428.09
장수군 - 1인당면적 녹지지역 - 1인당 도시지역면적 현황,Statistics,343.27,300.98,300.98,340.39,339.8712955,339.8712955,646.7740896,645.32,645.32,645.32,610.85,633.22,627.42,702.66,708.93,721.68,733.67,733.81
장수군 - 1인당면적 주+상+공 - 1인당 도시지역면적 현황,Statistics,126.33,110.77,110.77,125.27,125.7087214,125.7087214,239.2233323,238.68,238.68,238.68,225.94,239.3382212,237.15,265.58,267.95,272.77,277.31,277.36
장수군 - 공업지역 - 1인당 도시지역면적 현황,Statistics,6.45,5.66,5.66,6.4,6.819644369,6.819644369,12.97776345,12.95,12.95,12.95,12.26,13.02,12.9,14.44,14.57,14.84,15.08,15.08
장수군 - 도시지역 면적 - 1인당 도시지역면적 현황,Statistics,5498500.0,5498500.0,5498500.0,5498500.0,5498500.0,5498500.0,5498500.0,5498500.0,5498500.0,5498500.0,5498500.0,5474447.0,5474447.0,5474447.0,5474447.0,5474447.0,5474447.0,5474447.0
장수군 - 도시지역 인구 - 1인당 도시지역면적 현황,Statistics,11709.0,13354.0,13354.0,11808.0,11810.0,11810.0,6206.0,6220.0,6220.0,6220.0,6571.0,6274.0,6332.0,5654.0,5604.0,5505.0,5415.0,5414.0
장수군 - 상업지역 - 1인당 도시지역면적 현황,Statistics,16.14,14.15,14.15,16.01,15.98645216,15.98645216,30.42217209,30.35,30.35,30.35,28.73,30.09,29.82,33.39,33.69,34.3,34.87,34.87
장수군 - 주거지역 - 1인당 도시지역면적 현황,Statistics,103.74,90.96,90.96,102.87,102.9026249,102.9026249,195.8233967,195.38,195.38,195.38,184.95,196.23,194.43,217.75,219.69,223.64,227.36,227.4
장흥군 - 1인당면적 녹지지역 - 1인당 도시지역면적 현황,Statistics,1190.83,1235.52,1231.09,1226.22,1300.751852,1300.751852,1210.024883,1217.9,1189.8,1181.47,1258.9,1267.13,1286.43,1303.62,1329.84,1377.36,1403.72,1429.69
장흥군 - 1인당면적 주+상+공 - 1인당 도시지역면적 현황,Statistics,127.7,132.49,136.92,219.49,232.8341152,232.8341152,216.5940204,218.0,212.97,210.93,224.75,226.2210459,230.24,233.32,238.01,246.51,251.23,255.88
장흥군 - 공업지역 - 1인당 도시지역면적 현황,Statistics,2.5,2.6,7.02,85.62,90.82053498,90.82053498,84.48583569,85.04,83.07,81.89,87.26,87.83,89.82,91.02,92.85,96.17,98.01,99.82
장흥군 - 도시지역 면적 - 1인당 도시지역면적 현황,Statistics,37744000.0,37696210.0,36344000.0,37266138.0,37266139.0,37266139.0,37266139.0,37266139.0,37266139.0,37238230.0,37238230.0,37238230.0,37266140.0,37266140.0,37266140.0,37266140.0,37266140.0,37266140.0
장흥군 - 도시지역 인구 - 1인당 도시지역면적 현황,Statistics,27564.0,26567.0,26567.0,25777.0,24300.0,24300.0,26122.0,25953.0,26566.0,26744.0,25099.0,24936.0,24571.0,24247.0,23769.0,22949.0,22518.0,22109.0
장흥군 - 상업지역 - 1인당 도시지역면적 현황,Statistics,16.85,17.48,17.48,18.02,19.11358025,19.11358025,17.78041498,17.9,17.48,17.37,18.51,18.63,18.9,19.16,19.54,20.24,20.63,21.01
장흥군 - 주거지역 - 1인당 도시지역면적 현황,Statistics,108.35,112.41,112.41,115.86,122.9,122.9,114.3277697,115.07,112.42,111.67,118.99,119.77,121.52,123.14,125.62,130.11,132.6,135.05
전국 - 1인당면적 녹지지역 - 1인당 도시지역면적 현황,Statistics,286.6,284.8,281.46,265.58,275.7595491,274.8011718,273.4272191,270.78,269.13,267.39,265.98,265.37,265.32,265.4,265.34,265.65,266.01,265.36
전국 - 1인당면적 주+상+공 - 1인당 도시지역면적 현황,Statistics,73.55,76.14,78.57,77.22,83.89257639,84.95929167,86.12953766,85.97,86.39,86.83,87.31,87.96959464,88.59,89.45,89.84,91.2,91.96,92.5
전국 - 공업지역 - 1인당 도시지역면적 현황,Statistics,18.25,18.7,19.57,20.45,22.82928879,23.24082819,23.90933529,23.96,24.27,24.48,24.58,24.85,25.17,25.61,25.7,26.19,26.49,26.8
전국 - 도시지역 면적 - 1인당 도시지역면적 현황,Statistics,17043313841.0,17180083541.0,17317258219.0,17420225241.0,17492203102.0,17558814700.0,17587130337.0,17593378293.0,17596849134.0,17613681961.0,17609522529.0,17635879004.0,17788926660.0,17763339465.0,17769135370.0,17786546574.0,17791754999.0,17589843385.0
전국 - 도시지역 인구 - 1인당 도시지역면적 현황,Statistics,44233101.0,44610189.0,44835506.0,45182606.0,45933001.0,46230613.0,46381918.0,46837578.0,47048116.0,47297509.0,47469137.0,47542961.0,47596436.0,47596532.0,47570964.0,47402647.0,47294436.0,47275100.0
전국 - 상업지역 - 1인당 도시지역면적 현황,Statistics,6.04,6.26,6.56,6.23,6.760870207,6.856634434,6.960972054,6.93,6.97,6.95,6.97,6.96,7.03,7.1,7.11,7.21,7.25,7.29
전국 - 주거지역 - 1인당 도시지역면적 현황,Statistics,49.26,51.18,52.44,50.54,54.30241738,54.86182904,55.25923031,55.08,55.15,55.4,55.76,56.16,56.39,56.74,57.04,57.8,58.22,58.41
전라남도 - 1인당면적 녹지지역 - 1인당 도시지역면적 현황,Statistics,886.1,888.3,890.57,901.35,884.4144531,876.0540319,886.5628314,878.04,872.8,861.87,858.18,856.3,871.45,881.9,888.95,886.71,880.8,868.6
전라남도 - 1인당면적 주+상+공 - 1인당 도시지역면적 현황,Statistics,223.23,233.33,238.58,254.08,262.8151386,261.2243491,265.9284404,264.87,262.92,262.88,257.79,258.7528336,270.35,274.7,280.06,282.61,281.43,277.37
전라남도 - 공업지역 - 1인당 도시지역면적 현황,Statistics,100.33,101.13,104.14,115.12,121.1286093,120.5580786,123.1550907,123.1,121.79,122.89,119.07,120.19,124.57,125.77,128.13,128.82,128.05,125.62
전라남도 - 도시지역 면적 - 1인당 도시지역면적 현황,Statistics,1623667560.0,1663400824.0,1670113161.0,1738382586.0,1747196695.0,1725763011.0,1729390899.0,1730720686.0,1727641644.0,1728970750.0,1697909454.0,1698905643.0,1718429832.0,1718458198.0,1719363436.0,1720423117.0,1720488398.0,1655892649.0
전라남도 - 도시지역 인구 - 1인당 도시지역면적 현황,Statistics,1349368.0,1341657.0,1333739.0,1313237.0,1330440.0,1342078.0,1325818.0,1338135.0,1345678.0,1360693.0,1360584.0,1362819.0,1349392.0,1338224.0,1324815.0,1325445.0,1333674.0,1352944.0
전라남도 - 상업지역 - 1인당 도시지역면적 현황,Statistics,14.46,14.78,14.98,15.64,15.78069811,15.66801259,15.91972277,15.77,15.69,15.55,15.26,15.21,16.94,17.28,17.48,17.71,17.56,17.34
전라남도 - 주거지역 - 1인당 도시지역면적 현황,Statistics,108.44,117.42,119.46,123.32,125.9058312,124.9982579,126.853627,126.0,125.44,124.45,123.46,123.35,128.84,131.65,134.44,136.08,135.82,134.4
전북특별자치도 - 1인당면적 녹지지역 - 1인당 도시지역면적 현황,Statistics,420.49,431.34,425.63,421.85,414.3435093,406.826448,409.3097093,412.63,407.73,408.79,406.53,409.62,412.44,408.96,409.85,412.32,412.27,416.6
전북특별자치도 - 1인당면적 주+상+공 - 1인당 도시지역면적 현황,Statistics,123.36,126.54,129.71,134.07,136.0584315,135.196256,137.0163406,137.01,135.65,136.07,135.9,137.787147,138.87,141.12,142.76,143.78,145.42,147.16
전북특별자치도 - 공업지역 - 1인당 도시지역면적 현황,Statistics,33.86,34.74,36.92,38.64,40.93609992,41.19121543,42.56187436,42.56,41.9,41.71,42.12,42.99,43.65,44.46,45.38,45.67,46.17,46.86
전북특별자치도 - 도시지역 면적 - 1인당 도시지역면적 현황,Statistics,871103170.0,871103170.0,887576860.0,889423249.0,891125281.0,889988898.0,893563431.0,885617959.0,885675046.0,885497687.0,885721699.0,886474119.0,886474119.0,886379912.0,885633881.0,885638790.0,884641960.0,884488242.0
전북특별자치도 - 도시지역 인구 - 1인당 도시지역면적 현황,Statistics,1449251.0,1412800.0,1431306.0,1433367.0,1455585.0,1476612.0,1473995.0,1474370.0,1491455.0,1487102.0,1494153.0,1481957.0,1473946.0,1477068.0,1468963.0,1459758.0,1453812.0,1438807.0
전북특별자치도 - 상업지역 - 1인당 도시지역면적 현황,Statistics,10.14,10.4,10.97,11.22,11.03493853,10.93104824,10.98621434,10.98,10.94,11.04,11.21,11.32,11.37,11.49,11.56,11.64,11.76,11.88
전북특별자치도 - 주거지역 - 1인당 도시지역면적 현황,Statistics,79.36,81.4,81.82,84.21,84.08739304,83.07399236,83.46825193,83.47,82.81,83.32,82.57,83.48,83.86,85.17,85.81,86.47,87.49,88.41
전주시 - 1인당면적 녹지지역 - 1인당 도시지역면적 현황,Statistics,249.65,250.04,246.71,239.65,236.9507108,234.9213784,233.8058875,233.37,232.37,232.56,232.75,233.75,232.67,227.86,225.8,225.93,224.11,226.86
전주시 - 1인당면적 주+상+공 - 1인당 도시지역면적 현황,Statistics,67.52,67.63,67.11,72.5,71.90272334,71.90755134,71.56610849,71.4,71.09,71.14,71.2,71.50941919,71.18,73.85,74.5,74.54,77.55,78.5
전주시 - 공업지역 - 1인당 도시지역면적 현황,Statistics,9.95,9.97,9.85,9.8,9.818696122,10.19603539,10.14762095,10.13,10.08,10.09,10.1,10.14,10.1,10.05,11.0,11.0,11.77,11.91
전주시 - 도시지역 면적 - 1인당 도시지역면적 현황,Statistics,197627900.0,197627900.0,197627900.0,197627900.0,197627900.0,197627900.0,197627900.0,197627900.0,197627900.0,197627900.0,197627900.0,197627900.0,197627900.0,197229690.0,197229690.0,197229690.0,196264268.0,196264268.0
전주시 - 도시지역 인구 - 1인당 도시지역면적 현황,Statistics,623081.0,622115.0,629754.0,633118.0,639876.0,644098.0,647171.0,648434.0,651265.0,650720.0,650182.0,647402.0,650425.0,653717.0,656775.0,656391.0,650625.0,642727.0
전주시 - 상업지역 - 1인당 도시지역면적 현황,Statistics,6.6,6.61,6.83,7.11,7.033556502,6.986199305,6.953026325,6.94,6.91,6.92,6.92,6.95,6.92,7.2,7.17,7.17,7.41,7.5
전주시 - 주거지역 - 1인당 도시지역면적 현황,Statistics,50.97,51.05,50.43,55.6,55.05047072,54.72531664,54.46546122,54.34,54.09,54.14,54.18,54.41,54.16,56.6,56.33,56.37,58.37,59.09
정선군 - 1인당면적 녹지지역 - 1인당 도시지역면적 현황,Statistics,1183.28,1219.08,1233.16,1250.17,1241.990916,1268.728482,1366.999119,1362.57,1362.57,1381.23,1439.86,1463.77,1482.28,1463.31,1470.71,1520.0,1552.37,1584.59
정선군 - 1인당면적 주+상+공 - 1인당 도시지역면적 현황,Statistics,237.66,244.85,240.9,244.23,240.0792496,245.2203932,264.2142885,263.04,263.04,266.65,272.31,276.4071408,279.73,276.15,277.59,286.89,293.0,299.19
정선군 - 공업지역 - 1인당 도시지역면적 현황,Statistics,21.71,22.36,22.52,22.83,21.78985104,22.25854161,23.9826087,23.64,23.64,23.96,24.6,25.0,25.32,24.99,25.13,25.97,26.52,27.09
정선군 - 도시지역 면적 - 1인당 도시지역면적 현황,Statistics,42582840.0,42582840.0,42582840.0,42582840.0,42582840.0,42582840.0,42582826.0,42582840.0,42582840.0,42582840.0,42548998.0,42548998.0,42548998.0,42548998.0,42543171.0,42543171.0,42543171.0,42526135.0
정선군 - 도시지역 인구 - 1인당 도시지역면적 현황,Statistics,29968.0,29088.0,28888.0,28495.0,28732.0,28127.0,26105.0,26195.0,26195.0,25841.0,24851.0,24451.0,24148.0,24461.0,24334.0,23545.0,23054.0,22573.0
정선군 - 상업지역 - 1인당 도시지역면적 현황,Statistics,36.88,38.0,37.92,38.45,39.18491577,40.02776691,43.12817468,42.98,42.98,43.57,45.09,45.82,46.4,45.8,46.04,47.59,48.6,49.64
정선군 - 주거지역 - 1인당 도시지역면적 현황,Statistics,179.07,184.49,180.46,182.95,179.1044828,182.9340847,197.1035051,196.43,196.43,199.12,202.62,205.58,208.01,205.35,206.42,213.34,217.88,222.47
정읍시 - 1인당면적 녹지지역 - 1인당 도시지역면적 현황,Statistics,346.77,402.37,405.79,406.41,404.8216874,379.3563195,384.2502402,386.52,364.96,385.86,386.62,401.17,405.47,412.92,420.66,428.64,428.59,428.58
정읍시 - 1인당면적 주+상+공 - 1인당 도시지역면적 현황,Statistics,150.54,174.68,176.16,176.43,190.2238173,187.2157579,189.6309518,190.81,179.84,190.14,192.19,199.417872,201.55,205.26,209.1,213.07,213.04,213.04
정읍시 - 공업지역 - 1인당 도시지역면적 현황,Statistics,17.77,20.62,20.79,20.82,35.51531422,39.63996869,40.15134772,40.43,38.11,40.29,40.49,42.01,42.46,43.24,44.05,44.89,44.88,44.88
정읍시 - 도시지역 면적 - 1인당 도시지역면적 현황,Statistics,45652470.0,45652470.0,47776652.0,47776652.0,47776652.0,47776757.0,47776757.0,47775791.0,47831973.0,47831973.0,47833455.0,47833455.0,47833455.0,47833455.0,47833455.0,47833455.0,47833455.0,47833455.0
정읍시 - 도시지역 인구 - 1인당 도시지역면적 현황,Statistics,91799.0,79114.0,78448.0,78328.0,78783.0,84326.0,83252.0,82752.0,87797.0,83041.0,82641.0,79644.0,78800.0,77378.0,75955.0,74540.0,74550.0,74551.0
정읍시 - 상업지역 - 1인당 도시지역면적 현황,Statistics,13.52,15.69,15.82,15.85,15.99021362,15.495719,15.69562293,15.79,14.88,15.74,15.74,16.33,16.5,16.81,17.12,17.45,17.45,17.45
정읍시 - 주거지역 - 1인당 도시지역면적 현황,Statistics,119.25,138.37,139.55,139.76,138.7182895,132.0800702,133.7839812,134.59,126.85,134.12,135.96,141.08,142.59,145.21,147.93,150.74,150.72,150.72
제주시 - 1인당면적 녹지지역 - 1인당 도시지역면적 현황,Statistics,492.78,491.13,487.52,482.73,481.0197659,473.2008876,466.1953023,457.16,446.29,435.58,424.74,417.44,411.25,408.34,404.96,405.15,405.02,404.25
제주시 - 1인당면적 주+상+공 - 1인당 도시지역면적 현황,Statistics,86.09,85.81,86.85,86.45,87.50168001,86.07935803,84.80498111,83.16,81.18,79.24,77.26,84.43256034,83.64,83.05,82.09,82.12,82.1,82.8
제주시 - 공업지역 - 1인당 도시지역면적 현황,Statistics,7.56,7.54,7.5,7.81,7.489252884,7.367516604,7.258442916,7.12,6.95,6.78,6.61,7.98,7.86,7.8,7.75,7.76,7.76,7.75
제주시 - 도시지역 면적 - 1인당 도시지역면적 현황,Statistics,222978264.0,222977597.0,223065597.0,223260597.0,226476829.0,226476829.0,226476829.0,226476829.0,226476829.0,226476829.0,226476829.0,230655483.0,230872373.0,230872373.0,230285390.0,230285390.0,230285390.0,230285390.0
제주시 - 도시지역 인구 - 1인당 도시지역면적 현황,Statistics,369088.0,370325.0,372133.0,375868.0,383033.0,389362.0,395213.0,403024.0,412837.0,422993.0,433782.0,441187.0,447848.0,451036.0,453857.0,453648.0,453794.0,453857.0
제주시 - 상업지역 - 1인당 도시지역면적 현황,Statistics,10.32,10.28,10.31,10.29,10.82756577,10.65156589,10.49387292,10.29,10.05,9.8,9.56,9.55,9.87,9.8,9.29,9.29,9.29,9.29
제주시 - 주거지역 - 1인당 도시지역면적 현황,Statistics,68.21,67.98,69.05,68.36,69.18486136,68.06027553,67.05266527,65.75,64.19,62.65,61.09,66.9,65.91,65.45,65.05,65.08,65.06,65.76
제주특별자치도 - 1인당면적 녹지지역 - 1인당 도시지역면적 현황,Statistics,673.06,670.31,667.18,663.27,740.6136843,732.0551244,716.6802296,704.41,688.57,669.68,650.54,652.62,643.07,639.38,634.77,633.65,632.81,633.26
제주특별자치도 - 1인당면적 주+상+공 - 1인당 도시지역면적 현황,Statistics,111.9,113.66,114.37,114.03,115.2718371,113.9397514,111.5467462,109.64,107.17,104.23,101.25,109.5083635,108.25,107.63,106.72,106.53,106.39,107.09
제주특별자치도 - 공업지역 - 1인당 도시지역면적 현황,Statistics,9.21,9.2,9.17,9.4,9.106275464,9.001042999,8.811999735,8.66,8.47,8.23,8.0,9.01,8.87,8.82,8.79,8.77,8.76,8.78
제주특별자치도 - 도시지역 면적 - 1인당 도시지역면적 현황,Statistics,407243489.0,407242822.0,407330822.0,407552750.0,453171778.0,453171778.0,453171778.0,453171778.0,453171778.0,453171778.0,453171778.0,470411358.0,470628248.0,470628248.0,469737358.0,469737358.0,469737358.0,469737358.0
제주특별자치도 - 도시지역 인구 - 1인당 도시지역면적 현황,Statistics,499265.0,499904.0,501561.0,504590.0,511755.0,517738.0,528845.0,538059.0,550431.0,565961.0,582609.0,595983.0,604852.0,608342.0,611670.0,612755.0,613564.0,612614.0
제주특별자치도 - 상업지역 - 1인당 도시지역면적 현황,Statistics,11.41,11.42,11.43,11.43,12.16981368,12.02917885,11.77653755,11.57,11.31,11.0,10.69,11.16,11.34,11.27,10.87,10.85,10.84,10.86
제주특별자치도 - 주거지역 - 1인당 도시지역면적 현황,Statistics,91.28,93.04,93.76,93.2,93.99574797,92.90952953,90.95820893,89.4,87.39,84.99,82.56,89.34,88.04,87.53,87.06,86.9,86.79,87.45
제천시 - 1인당면적 녹지지역 - 1인당 도시지역면적 현황,Statistics,447.09,424.4,418.82,418.58,415.1620682,414.315436,408.1487946,373.47,374.38,374.26,371.02,371.28,376.05,378.2,383.79,394.95,388.23,392.57
제천시 - 1인당면적 주+상+공 - 1인당 도시지역면적 현황,Statistics,88.07,88.68,100.3,100.53,99.71267301,99.50933084,98.02824107,89.7,89.92,90.04,91.88,91.93926643,98.6,99.16,100.63,103.51,101.81,102.95
제천시 - 공업지역 - 1인당 도시지역면적 현황,Statistics,22.4,21.47,30.01,30.07,29.82555309,29.76473041,29.32171429,26.83,26.9,26.9,26.81,26.83,34.32,34.51,35.02,36.0,35.39,35.79
제천시 - 도시지역 면적 - 1인당 도시지역면적 현황,Statistics,56278850.0,56278850.0,56691828.0,56691828.0,56691828.0,56691828.0,56691828.0,56691828.0,56691828.0,56691849.0,56691849.0,56691849.0,57646100.0,57646100.0,57646100.0,57646099.0,57646100.0,57646100.0
제천시 - 도시지역 인구 - 1인당 도시지역면적 현황,Statistics,105162.0,109688.0,109208.0,109208.0,110108.0,110333.0,112000.0,122401.0,122102.0,122102.0,122472.0,122387.0,121449.0,120759.0,119001.0,115647.0,117635.0,116333.0
제천시 - 상업지역 - 1인당 도시지역면적 현황,Statistics,8.73,8.71,10.74,10.74,10.65248665,10.63076323,10.47253571,9.58,9.61,9.61,9.58,9.58,8.33,8.37,8.5,8.75,8.6,8.69
제천시 - 주거지역 - 1인당 도시지역면적 현황,Statistics,56.95,58.49,59.56,59.72,59.23463327,59.1138372,58.23399107,53.29,53.42,53.54,55.48,55.52,55.96,56.28,57.11,58.77,57.82,58.47
종로구 - 1인당면적 녹지지역 - 1인당 도시지역면적 현황,Statistics,67.12,67.51,65.59,66.4,65.63454842,66.49053937,67.76837543,69.94,71.31,72.24,73.36,72.39,73.2,74.06,75.0,77.44,79.25,80.37
종로구 - 1인당면적 주+상+공 - 1인당 도시지역면적 현황,Statistics,76.23,76.66,74.48,75.41,74.53593078,75.50801155,76.95914822,79.43,80.99,82.03,83.59,82.495587,83.41,84.39,85.47,88.25,90.31,91.58
종로구 - 공업지역 - 1인당 도시지역면적 현황,Statistics,0.0,0.0,0.0,0.0,0.0,0.0,0.0,0.0,0.0,0.0,0.0,0.0,0.0,0.0,0.0,0.0,,0.0
종로구 - 도시지역 면적 - 1인당 도시지역면적 현황,Statistics,23910000.0,23910000.0,23910000.0,23910000.0,23910000.0,23910000.0,23910000.0,23910000.0,23910000.0,23910000.0,23972507.0,23971709.0,23972507.0,23972507.0,23972507.0,23972507.0,23972507.0,23972507.0
종로구 - 도시지역 인구 - 1인당 도시지역면적 현황,Statistics,166793.0,165846.0,170705.0,168603.0,170578.0,168382.0,165207.0,160070.0,156993.0,154986.0,152737.0,154770.0,153065.0,151290.0,149384.0,144683.0,141379.0,139417.0
종로구 - 상업지역 - 1인당 도시지역면적 현황,Statistics,22.36,22.49,21.85,22.12,21.98047228,22.26713663,22.69507345,23.42,23.88,24.19,19.23,18.98,19.19,19.41,19.66,20.3,20.78,21.07
종로구 - 주거지역 - 1인당 도시지역면적 현황,Statistics,53.86,54.17,52.63,53.29,52.5554585,53.24087492,54.26407477,56.01,57.1,57.84,64.36,63.52,64.22,64.98,65.81,67.95,69.54,70.51
중구 - 1인당면적 녹지지역 - 1인당 도시지역면적 현황,Statistics,0.0,0.0,0.0,0.0,0.0,0.0,0.0,0.0,0.2,0.2,0.2,0.2,0.2,0.2,0.2,0.21,0.21,0.21
중구 - 1인당면적 주+상+공 - 1인당 도시지역면적 현황,Statistics,76.31,76.67,76.48,77.01,75.06286609,74.85378361,74.76004799,76.42,77.65,79.1,79.4,79.14434925,79.13,78.85,79.44,81.22,82.57,81.98
중구 - 공업지역 - 1인당 도시지역면적 현황,Statistics,0.0,0.0,0.0,0.0,0.0,0.0,0.0,0.0,0.0,0.0,0.0,0.0,0.0,0.0,0.0,0.0,4.81,0.0
중구 - 도시지역 면적 - 1인당 도시지역면적 현황,Statistics,9970000.0,9970000.0,9970000.0,9970000.0,9970000.0,9970000.0,9970000.0,9970000.0,9970000.0,9970000.0,9970000.0,9974292.0,9974292.0,9974292.0,9974292.0,9974292.0,9969740.0,9969741.0
중구 - 도시지역 인구 - 1인당 도시지역면적 현황,Statistics,130649.0,130044.0,130362.0,129465.0,132822.0,133193.0,133360.0,130465.0,128065.0,125733.0,125249.0,125709.0,125725.0,126171.0,125240.0,122499.0,120437.0,121312.0
중구 - 상업지역 - 1인당 도시지역면적 현황,Statistics,27.71,27.87,27.77,27.96,27.25735947,27.18143596,27.14739802,27.75,28.24,28.76,28.87,31.12,31.11,31.0,31.23,31.93,32.71,32.47
중구 - 주거지역 - 1인당 도시지역면적 현황,Statistics,48.6,48.8,48.71,49.05,47.80550662,47.67234765,47.61264997,48.67,49.42,50.33,50.53,48.03,48.02,47.85,48.21,49.29,49.87,49.51
중랑구 - 1인당면적 녹지지역 - 1인당 도시지역면적 현황,Statistics,18.26,18.34,18.31,18.32,18.20461335,18.36568989,18.55889767,18.67,18.58,18.8,18.93,18.01,18.23,18.52,18.63,18.98,19.08,19.24
중랑구 - 1인당면적 주+상+공 - 1인당 도시지역면적 현황,Statistics,25.23,25.06,25.0,25.3,25.144979,25.3674647,25.63433144,25.79,25.66,25.97,26.15,27.38515675,27.73,28.16,28.32,28.86,29.01,29.25
중랑구 - 공업지역 - 1인당 도시지역면적 현황,Statistics,0.01,0.01,0.0,0.0,0.0,0.0,0.0,0.0,0.0,0.0,0.0,0.0,0.0,0.0,0.0,0.0,,0.0
중랑구 - 도시지역 면적 - 1인당 도시지역면적 현황,Statistics,18530000.0,18534401.0,18530000.0,18530000.0,18530000.0,18530000.0,18530000.0,18530000.0,18530000.0,18530000.0,18530000.0,18531520.0,18531520.0,18531520.0,18531526.0,18531526.0,18531526.0,18531521.0
중랑구 - 도시지역 인구 - 1인당 도시지역면적 현황,Statistics,426078.0,427071.0,427871.0,424761.0,427455.0,423706.0,419295.0,416798.0,418836.0,413909.0,411005.0,408226.0,403209.0,397015.0,394702.0,387350.0,385318.0,382155.0
중랑구 - 상업지역 - 1인당 도시지역면적 현황,Statistics,0.59,0.6,0.6,0.61,0.60167503,0.606998721,0.613384371,0.62,0.61,0.62,0.63,0.88,0.89,0.9,0.91,0.92,0.93,0.97
중랑구 - 주거지역 - 1인당 도시지역면적 현황,Statistics,24.62,24.45,24.4,24.7,24.54330397,24.76046598,25.02094707,25.17,25.05,25.35,25.53,26.51,26.84,27.26,27.42,27.94,28.09,28.28
증평군 - 1인당면적 녹지지역 - 1인당 도시지역면적 현황,Statistics,320.66,313.41,301.43,288.79,284.5605554,341.8110498,303.4428297,298.96,297.03,288.95,280.81,277.76,281.14,278.81,280.36,287.31,274.11,271.51
증평군 - 1인당면적 주+상+공 - 1인당 도시지역면적 현황,Statistics,119.47,132.79,205.78,127.24,126.2455644,178.9418941,158.8557033,156.51,157.5,153.12,148.77,147.1636181,148.95,147.72,151.93,155.7,148.54,147.14
증평군 - 공업지역 - 1인당 도시지역면적 현황,Statistics,28.14,27.41,29.49,28.54,28.1834019,61.15068916,54.28653688,53.49,55.14,53.54,52.0,51.44,52.07,51.63,52.33,53.63,51.16,50.68
증평군 - 도시지역 면적 - 1인당 도시지역면적 현황,Statistics,12781000.0,12781000.0,15102400.0,12781000.0,13514721.0,13488022.0,13488022.0,13488022.0,13547629.0,13544569.0,13543795.0,13543694.0,13543694.0,13543694.0,13543694.0,13543694.0,13543694.0,13543694.0
증평군 - 도시지역 인구 - 1인당 도시지역면적 현황,Statistics,27860.0,28599.0,29736.0,30721.0,31112.0,25901.0,29176.0,29613.0,29806.0,30639.0,31528.0,31873.0,31490.0,31753.0,31330.0,30572.0,32045.0,32351.0
증평군 - 상업지역 - 1인당 도시지역면적 현황,Statistics,7.39,8.66,83.27,8.06,7.958344047,9.559476468,8.4864272,8.36,8.31,8.08,7.85,7.77,7.86,7.8,7.9,8.1,7.73,7.65
증평군 - 주거지역 - 1인당 도시지역면적 현황,Statistics,83.94,96.72,93.02,90.64,90.10381846,108.2317285,96.08273924,94.66,94.06,91.5,88.92,87.96,89.03,88.29,91.7,93.97,89.65,88.8
진도군 - 1인당면적 녹지지역 - 1인당 도시지역면적 현황,Statistics,1362.33,1389.22,1389.22,1462.4,1518.222902,1494.830046,1508.075082,1517.63,1529.35,1529.35,1548.14,1548.14,1575.29,1601.16,1738.1,1805.25,2191.78,2225.31
진도군 - 1인당면적 주+상+공 - 1인당 도시지역면적 현황,Statistics,200.31,204.26,252.15,265.44,275.6762029,274.3010786,276.7315405,278.48,280.64,280.64,284.08,284.0842576,289.07,293.81,325.2,337.76,410.08,416.36
진도군 - 공업지역 - 1인당 도시지역면적 현황,Statistics,18.15,18.51,66.4,69.9,72.67528494,71.39768875,72.03031245,72.49,73.05,73.05,73.94,73.94,75.24,76.48,82.22,85.4,103.69,105.27
진도군 - 도시지역 면적 - 1인당 도시지역면적 현황,Statistics,24256230.0,24256230.0,24256230.0,24256230.0,23466903.0,22963322.0,22963322.0,22963322.0,22963322.0,22963322.0,22963322.0,22963322.0,22963322.0,22963322.0,22966658.0,22966658.0,22966658.0,22966658.0
진도군 - 도시지역 인구 - 1인당 도시지역면적 현황,Statistics,14569.0,14287.0,14287.0,13572.0,13073.0,12980.0,12866.0,12785.0,12687.0,12687.0,12533.0,12533.0,12317.0,12118.0,11131.0,10717.0,8827.0,8694.0
진도군 - 상업지역 - 1인당 도시지역면적 현황,Statistics,22.31,22.75,22.75,23.95,24.86101124,25.94075501,26.17060469,26.34,26.54,26.54,26.87,26.87,27.34,27.79,31.09,32.29,39.21,39.81
진도군 - 주거지역 - 1인당 도시지역면적 현황,Statistics,159.85,163.0,163.0,171.59,178.1399067,176.9626348,178.5306233,179.66,181.05,181.05,183.27,183.27,186.49,189.55,211.88,220.07,267.19,271.28
진안군 - 1인당면적 녹지지역 - 1인당 도시지역면적 현황,Statistics,708.53,708.53,756.55,650.39,485.5101911,759.2141434,796.2627966,811.28,819.88,821.52,824.31,799.36,834.61,848.85,859.13,882.19,903.76,911.5
진안군 - 1인당면적 주+상+공 - 1인당 도시지역면적 현황,Statistics,169.07,169.07,146.78,155.2,96.6833485,151.1881047,158.5658857,161.56,163.27,163.6,164.15,159.1835206,168.57,171.45,173.52,178.18,182.54,184.1
진안군 - 공업지역 - 1인당 도시지역면적 현황,Statistics,6.1,6.1,5.41,5.6,3.662056415,5.726522482,6.005969258,6.12,6.18,6.2,6.22,6.03,6.25,6.36,6.44,6.61,6.77,6.83
진안군 - 도시지역 면적 - 1인당 도시지역면적 현황,Statistics,5449000.0,5449000.0,6398307.0,5449000.0,6398307.0,6398307.0,6398307.0,6398307.0,6398307.0,6398307.0,6398307.0,6398307.0,6398307.0,6398307.0,6398307.0,6398307.0,6398307.0,6398307.0
진안군 - 도시지역 인구 - 1인당 도시지역면적 현황,Statistics,6209.0,6209.0,7083.0,6764.0,10990.0,7028.0,6701.0,6577.0,6508.0,6495.0,6473.0,6675.0,6378.0,6271.0,6196.0,6034.0,5890.0,5840.0
진안군 - 상업지역 - 1인당 도시지역면적 현황,Statistics,22.35,22.35,18.94,20.51,12.66624204,19.80677291,20.77331742,21.16,21.39,21.43,21.51,20.85,21.79,22.16,22.43,23.03,23.59,23.79
진안군 - 주거지역 - 1인당 도시지역면적 현황,Statistics,140.62,140.62,122.43,129.08,80.35505005,125.6548093,131.786599,134.27,135.69,135.97,136.43,132.3,140.53,142.93,144.66,148.54,152.18,153.48
진주시 - 1인당면적 녹지지역 - 1인당 도시지역면적 현황,Statistics,825.83,823.2,817.28,814.38,799.6104818,810.3932857,808.6058947,808.54,799.33,786.93,784.23,784.36,785.72,780.77,779.06,781.16,786.9,793.15
진주시 - 1인당면적 주+상+공 - 1인당 도시지역면적 현황,Statistics,70.24,79.14,85.18,86.15,85.05976267,86.6401786,87.17723464,87.24,88.11,89.8,89.49,89.49507527,89.66,89.09,88.9,89.3,92.34,93.07
진주시 - 공업지역 - 1인당 도시지역면적 현황,Statistics,15.04,12.29,16.45,16.42,15.03648543,15.64477046,16.19173752,16.14,15.57,18.01,17.94,17.94,17.96,17.86,17.82,17.87,20.57,20.73
진주시 - 도시지역 면적 - 1인당 도시지역면적 현황,Statistics,275441380.0,275441380.0,275441380.0,275441380.0,275618130.0,275643134.0,275722943.0,275722979.0,275722984.0,275746360.0,275744020.0,275744020.0,275744020.0,275746360.0,275745226.0,275745526.0,275868891.0,275868891.0
진주시 - 도시지역 인구 - 1인당 도시지역면적 현황,Statistics,307388.0,305255.0,305212.0,305867.0,311549.0,307283.0,307801.0,307801.0,310696.0,314517.0,315599.0,315550.0,315000.0,317000.0,317695.0,316783.0,313758.0,311287.0
진주시 - 상업지역 - 1인당 도시지역면적 현황,Statistics,7.96,8.69,9.82,9.81,9.619388924,9.752934591,9.752577152,9.76,10.16,10.03,10.0,10.0,10.02,9.95,9.93,9.96,10.33,10.41
진주시 - 주거지역 - 1인당 도시지역면적 현황,Statistics,47.24,58.16,58.9,59.92,60.40388831,61.24247355,61.23291997,61.33,62.37,61.76,61.55,61.56,61.68,61.28,61.14,61.47,61.45,61.94
진천군 - 1인당면적 녹지지역 - 1인당 도시지역면적 현황,Statistics,363.86,382.41,396.35,369.07,447.0074262,444.1577233,407.8871876,436.45,403.93,396.05,368.45,332.62,313.67,302.58,288.47,283.76,275.7,237.93
진천군 - 1인당면적 주+상+공 - 1인당 도시지역면적 현황,Statistics,123.84,130.16,203.9,125.62,305.1938459,333.1979366,305.988531,332.1,309.26,303.2,323.8,302.3643437,284.08,274.04,270.81,282.42,274.4,281.33
진천군 - 공업지역 - 1인당 도시지역면적 현황,Statistics,24.22,25.46,32.77,24.58,124.3499284,127.75757,117.3247096,130.23,120.85,118.49,151.21,146.55,137.03,132.18,129.32,142.64,138.58,158.59
진천군 - 도시지역 면적 - 1인당 도시지역면적 현황,Statistics,17095000.0,17095000.0,22212035.0,18564416.0,23369869.0,24337451.0,24337451.0,24486881.0,24486881.0,24489716.0,25862494.0,26278219.0,26261955.0,26261955.0,26299913.0,27087912.0,27087912.0,30247840.0
진천군 - 도시지역 인구 - 1인당 도시지역면적 현황,Statistics,35052.0,33352.0,34557.0,34557.0,30029.0,31308.0,34092.0,31861.0,34334.0,35023.0,37360.0,41384.0,43935.0,45545.0,47024.0,47843.0,49242.0,58252.0
진천군 - 상업지역 - 1인당 도시지역면적 현황,Statistics,14.24,14.96,15.66,14.43,18.26038163,18.28174907,16.78883609,17.96,16.67,16.34,16.7,15.08,14.2,13.7,12.92,12.7,12.34,11.17
진천군 - 주거지역 - 1인당 도시지역면적 현황,Statistics,85.39,89.74,155.48,86.61,162.5835359,187.1586176,171.8749853,183.91,171.74,168.36,155.9,140.74,132.85,128.15,128.57,127.09,123.48,111.57
진해시 - 1인당면적 녹지지역 - 1인당 도시지역면적 현황,Statistics,594.26,581.76,559.92,551.35,,,,,,,,,,,,,,
진해시 - 1인당면적 주+상+공 - 1인당 도시지역면적 현황,Statistics,131.24,135.36,141.99,139.46,,,,,,,,,,,,,,
진해시 - 공업지역 - 1인당 도시지역면적 현황,Statistics,45.89,47.31,52.28,51.52,,,,,,,,,,,,,,
진해시 - 도시지역 면적 - 1인당 도시지역면적 현황,Statistics,126525350.0,126525350.0,127816360.0,127816360.0,,,,,,,,,,,,,,
진해시 - 도시지역 인구 - 1인당 도시지역면적 현황,Statistics,161175.0,163108.0,168696.0,171407.0,,,,,,,,,,,,,,
진해시 - 상업지역 - 1인당 도시지역면적 현황,Statistics,13.5,13.63,14.02,13.8,,,,,,,,,,,,,,
진해시 - 주거지역 - 1인당 도시지역면적 현황,Statistics,71.86,74.42,75.68,74.13,,,,,,,,,,,,,,
창녕군 - 1인당면적 녹지지역 - 1인당 도시지역면적 현황,Statistics,1296.17,1250.01,1269.81,1208.75,1395.41053,1174.322529,1155.830885,1114.69,1112.81,1113.78,1107.53,1103.09,1100.2,1110.43,1129.59,1151.61,1200.64,1227.74
창녕군 - 1인당면적 주+상+공 - 1인당 도시지역면적 현황,Statistics,203.92,196.66,199.78,227.64,291.4942756,245.3100987,248.8829245,239.02,238.62,238.83,239.11,277.85474,293.3,298.23,303.38,309.29,322.46,329.74
창녕군 - 공업지역 - 1인당 도시지역면적 현황,Statistics,17.08,16.47,16.73,46.92,81.81102473,68.84893541,75.20043318,71.52,71.4,71.46,72.68,111.79,112.26,115.19,117.18,119.46,124.55,127.36
창녕군 - 도시지역 면적 - 1인당 도시지역면적 현황,Statistics,47774870.0,47774870.0,47774870.0,47162593.0,47739406.0,47739406.0,47993452.0,47957998.0,47957998.0,47957998.0,48015759.0,49425286.0,49409506.0,49474929.0,49474929.0,49474929.0,49474929.0,49474929.0
창녕군 - 도시지역 인구 - 1인당 도시지역면적 현황,Statistics,31848.0,33024.0,32509.0,32834.0,28300.0,33628.0,34166.0,35427.0,35487.0,35456.0,35656.0,35791.0,35457.0,35122.0,34526.0,33866.0,32483.0,31766.0
창녕군 - 상업지역 - 1인당 도시지역면적 현황,Statistics,19.16,18.48,18.77,18.99,22.02724382,18.53726062,18.24536089,17.6,17.57,17.58,17.48,17.42,17.58,17.75,18.06,18.41,19.19,19.62
창녕군 - 주거지역 - 1인당 도시지역면적 현황,Statistics,167.69,161.71,164.28,161.74,187.6560071,157.9239027,155.4371305,149.9,149.65,149.78,148.94,148.65,163.46,165.29,168.15,171.42,178.72,182.76
창원시 - 1인당면적 녹지지역 - 1인당 도시지역면적 현황,Statistics,271.42,271.86,272.05,272.3,344.5442216,343.9983996,343.4773421,346.4,348.87,349.93,344.74,346.73,347.42,349.99,353.4,354.42,355.74,359.03
창원시 - 1인당면적 주+상+공 - 1인당 도시지역면적 현황,Statistics,107.55,106.97,107.04,108.05,101.0961253,100.9359703,103.732026,104.98,106.51,108.77,107.33,107.9511989,108.73,111.36,110.68,111.46,118.38,119.88
창원시 - 공업지역 - 1인당 도시지역면적 현황,Statistics,47.21,47.19,47.22,48.17,36.59436703,36.53639476,39.04043481,39.4,40.31,41.58,40.22,40.45,40.58,42.32,41.54,41.85,46.66,47.14
창원시 - 도시지역 면적 - 1인당 도시지역면적 현황,Statistics,190031369.0,190034372.0,190034328.0,190456474.0,484564652.0,484564652.0,486640289.0,486641279.0,487227339.0,489898363.0,484020507.0,484020509.0,595333663.0,595333663.0,595333540.0,595333540.0,595332981.0,595332985.0
창원시 - 도시지역 인구 - 1인당 도시지역면적 현황,Statistics,492795.0,492993.0,492651.0,492134.0,1046197.0,1047857.0,1047538.0,1037868.0,1029491.0,1028061.0,1043968.0,1037968.0,1034636.0,1024786.0,1016936.0,1013015.0,1002515.0,992496.0
창원시 - 상업지역 - 1인당 도시지역면적 현황,Statistics,6.93,6.93,6.94,6.94,9.403373361,9.388476672,9.581066272,9.95,10.03,10.36,10.1,10.16,10.19,10.28,10.37,10.41,10.44,11.01
창원시 - 주거지역 - 1인당 도시지역면적 현황,Statistics,53.41,52.85,52.88,52.93,55.09838491,55.01109884,55.11052487,55.62,56.16,56.83,57.01,57.34,57.97,58.76,58.77,59.2,61.27,61.73
천안시 - 1인당면적 녹지지역 - 1인당 도시지역면적 현황,Statistics,233.55,222.36,221.34,212.25,204.4357371,200.6164229,195.5114111,185.93,179.13,170.97,170.91,160.6,157.08,155.63,151.54,151.98,151.71,151.65
천안시 - 1인당면적 주+상+공 - 1인당 도시지역면적 현황,Statistics,76.18,81.44,93.75,103.83,98.84754328,94.49890518,93.02600171,89.51,87.8,93.98,93.81,88.51483436,86.42,87.06,88.99,92.45,93.08,95.49
천안시 - 공업지역 - 1인당 도시지역면적 현황,Statistics,20.56,20.17,19.92,25.89,23.84033949,22.35724839,22.97552707,21.94,21.27,23.0,22.78,21.56,21.08,22.2,24.44,27.45,27.42,29.24
천안시 - 도시지역 면적 - 1인당 도시지역면적 현황,Statistics,135595429.0,137099689.0,140029613.0,140054668.0,139655094.0,139233374.0,139672793.0,139676589.0,139674091.0,140712458.0,140687116.0,140692385.0,140692261.0,141564968.0,141709476.0,143943184.0,143948819.0,144931352.0
천안시 - 도시지역 인구 - 1인당 도시지역면적 현황,Statistics,437785.0,446337.0,434524.0,443073.0,460452.0,471767.0,484045.0,507113.0,523263.0,531104.0,531442.0,564770.0,577776.0,583306.0,589164.0,588876.0,588048.0,586427.0
천안시 - 상업지역 - 1인당 도시지역면적 현황,Statistics,5.67,6.1,6.26,7.59,7.307554316,7.132287761,6.576196428,6.39,6.19,6.09,6.09,5.74,5.61,5.57,5.52,5.52,5.51,5.53
천안시 - 주거지역 - 1인당 도시지역면적 현황,Statistics,49.96,55.17,67.56,70.35,67.69964947,65.00936903,63.47427822,61.17,60.35,64.89,64.95,61.21,59.74,59.29,59.03,59.49,60.16,60.72
철원군 - 1인당면적 녹지지역 - 1인당 도시지역면적 현황,Statistics,612.3,618.76,602.25,624.63,571.6974299,474.6687437,477.2174907,476.03,474.92,473.7,477.7,466.69,473.38,464.02,479.9,497.29,502.78,510.0
철원군 - 1인당면적 주+상+공 - 1인당 도시지역면적 현황,Statistics,197.89,199.98,194.64,201.88,223.0816582,185.2201617,186.2147065,181.71,181.28,180.82,182.34,178.1414749,182.14,178.53,184.64,191.33,193.45,196.23
철원군 - 공업지역 - 1인당 도시지역면적 현황,Statistics,0.0,0.0,0.0,0.0,17.38235207,14.43221324,14.50970741,10.0,9.98,9.95,10.04,9.81,9.97,9.77,10.11,10.47,10.59,10.74
철원군 - 도시지역 면적 - 1인당 도시지역면적 현황,Statistics,26045000.0,26045000.0,26045000.0,26045000.0,26687887.0,26687887.0,26687887.0,26458928.0,26458928.0,26458928.0,26458928.0,26458928.0,26456700.0,26456700.0,26456700.0,26456700.0,26456700.0,26456700.0
철원군 - 도시지역 인구 - 1인당 도시지역면적 현황,Statistics,32147.0,31811.0,32683.0,31512.0,33579.0,40443.0,40227.0,40227.0,40321.0,40425.0,40087.0,41032.0,40360.0,41174.0,39812.0,38420.0,38000.0,37462.0
철원군 - 상업지역 - 1인당 도시지역면적 현황,Statistics,22.78,23.02,22.41,23.24,22.0288871,18.29013674,18.38834614,18.39,18.35,18.3,18.45,18.03,18.33,17.97,18.58,19.25,19.47,19.75
철원군 - 주거지역 - 1인당 도시지역면적 현황,Statistics,175.11,176.96,172.24,178.64,183.670419,152.4978117,153.316653,153.32,152.96,152.57,153.85,150.31,153.84,150.8,155.96,161.61,163.39,165.74
청도군 - 1인당면적 녹지지역 - 1인당 도시지역면적 현황,Statistics,695.76,709.95,709.95,716.88,713.7689123,713.7689123,718.3833781,715.47,1276.03,1192.77,1128.79,1144.11,1144.11,1148.12,1165.67,1192.84,1192.92,1201.54
청도군 - 1인당면적 주+상+공 - 1인당 도시지역면적 현황,Statistics,101.99,104.07,104.07,105.09,104.6345239,104.6345239,105.3109787,108.23,193.03,180.43,170.75,173.0708102,173.07,173.68,176.33,180.44,180.45,181.64
청도군 - 공업지역 - 1인당 도시지역면적 현황,Statistics,7.63,7.78,7.78,7.86,7.824169021,7.824169021,7.874751723,7.87,14.04,13.13,12.42,12.59,12.59,12.64,12.83,13.13,13.13,13.22
청도군 - 도시지역 면적 - 1인당 도시지역면적 현황,Statistics,21150000.0,21150000.0,21150000.0,21150000.0,21150000.0,21150000.0,21150000.0,21150000.0,21150000.0,21150000.0,21150000.0,21150000.0,21150000.0,21150000.0,21150000.0,21150000.0,21150000.0,21148845.0
청도군 - 도시지역 인구 - 1인당 도시지역면적 현황,Statistics,26512.0,25982.0,25982.0,25731.0,25843.0,25843.0,25677.0,25677.0,14397.0,15402.0,16275.0,16057.0,16057.0,16001.0,15760.0,15401.0,15400.0,15290.0
청도군 - 상업지역 - 1인당 도시지역면적 현황,Statistics,11.83,12.07,12.07,12.19,12.13790969,12.13790969,12.21638042,12.22,21.79,20.37,19.27,19.54,19.54,19.6,19.9,20.37,20.37,20.52
청도군 - 주거지역 - 1인당 도시지역면적 현황,Statistics,82.54,84.22,84.22,85.04,84.67244515,84.67244515,85.21984656,88.14,157.19,146.94,139.05,140.94,140.94,141.44,143.6,146.95,146.96,147.9
청송군 - 1인당면적 녹지지역 - 1인당 도시지역면적 현황,Statistics,315.03,338.05,338.05,335.96,338.6320896,338.6320896,778.6756757,775.44,633.82,344.45,351.85,351.85,351.85,358.7,364.0,377.32,379.52,381.75
청송군 - 1인당면적 주+상+공 - 1인당 도시지역면적 현황,Statistics,115.62,124.07,124.07,148.96,150.1488523,150.1488523,345.2633775,343.83,281.03,153.04,156.33,156.3328959,156.33,159.38,161.73,167.65,168.63,169.62
청송군 - 공업지역 - 1인당 도시지역면적 현황,Statistics,1.93,2.07,2.07,3.1,3.128737083,3.128737083,7.194449483,7.16,5.86,3.18,3.25,3.25,3.25,3.32,3.37,3.49,3.51,3.53
청송군 - 도시지역 면적 - 1인당 도시지역면적 현황,Statistics,6210000.0,6210000.0,6210000.0,6196276.0,6196276.0,6196276.0,6196276.0,6196276.0,6196276.0,6196276.0,6196276.0,6196276.0,6196276.0,6196276.0,6196276.0,6196276.0,6196276.0,6196276.0
청송군 - 도시지역 인구 - 1인당 도시지역면적 현황,Statistics,14420.0,13438.0,13438.0,12778.0,12677.0,12677.0,5513.0,5536.0,6773.0,12455.0,12193.0,12193.0,12193.0,11960.0,11786.0,11370.0,11304.0,11238.0
청송군 - 상업지역 - 1인당 도시지역면적 현황,Statistics,19.49,20.91,20.91,23.09,23.27640609,23.27640609,53.52348993,53.3,43.57,23.69,24.2,24.2,24.2,24.67,25.04,25.95,26.1,26.26
청송군 - 주거지역 - 1인당 도시지역면적 현황,Statistics,94.21,101.09,101.09,122.77,123.7437091,123.7437091,284.5454381,283.36,231.61,126.17,128.88,128.88,128.88,131.39,133.33,138.21,139.02,139.83
청양군 - 1인당면적 녹지지역 - 1인당 도시지역면적 현황,Statistics,444.28,448.74,461.79,466.77,462.0530501,464.2783494,467.2446574,466.32,464.84,453.07,465.65,465.35,460.97,459.8,468.49,476.31,479.05,480.6
청양군 - 1인당면적 주+상+공 - 1인당 도시지역면적 현황,Statistics,170.45,172.17,179.67,181.6,187.1050109,188.0061296,189.2073144,188.83,188.23,183.47,188.56,188.4392759,198.83,198.32,202.07,205.45,206.63,291.78
청양군 - 공업지역 - 1인당 도시지역면적 현황,Statistics,33.82,34.16,35.07,35.44,35.45642702,35.62718914,35.85481384,35.78,35.67,34.77,35.73,35.71,37.77,37.67,38.38,39.02,39.25,123.86
청양군 - 도시지역 면적 - 1인당 도시지역면적 현황,Statistics,5816000.0,5816000.0,5954020.0,5954020.0,5959271.0,5959271.0,5959271.0,5959271.0,5959271.0,5959271.0,5959271.0,5959271.0,5959271.0,5959271.0,5959271.0,5959271.0,5959271.0,6691120.0
청양군 - 도시지역 인구 - 1인당 도시지역면적 현황,Statistics,9461.0,9367.0,9282.0,9183.0,9180.0,9136.0,9078.0,9096.0,9125.0,9362.0,9109.0,9115.0,9032.0,9055.0,8887.0,8741.0,8691.0,8663.0
청양군 - 상업지역 - 1인당 도시지역면적 현황,Statistics,9.72,9.82,11.98,12.11,12.10969499,12.16801664,12.24575898,12.22,12.18,11.87,12.2,12.2,13.28,13.25,13.5,13.72,13.8,13.84
청양군 - 주거지역 - 1인당 도시지역면적 현황,Statistics,126.91,128.18,132.62,134.05,139.5388889,140.2109238,141.1067416,140.83,140.38,136.83,140.63,140.53,147.78,147.41,150.19,152.7,153.58,154.08
청원군 - 1인당면적 녹지지역 - 1인당 도시지역면적 현황,Statistics,2875.93,2111.95,2076.45,2076.77,2033.565208,2032.843716,2016.50611,1402.8,,,,,,,,,,
청원군 - 1인당면적 주+상+공 - 1인당 도시지역면적 현황,Statistics,285.59,212.42,224.23,233.57,231.0478523,231.7693445,255.0541521,181.71,,,,,,,,,,
청원군 - 공업지역 - 1인당 도시지역면적 현황,Statistics,149.41,109.84,116.35,125.03,122.5533202,122.5533202,135.5544888,97.93,,,,,,,,,,
청원군 - 도시지역 면적 - 1인당 도시지역면적 현황,Statistics,179906599.0,179906599.0,180025599.0,180781796.0,180781796.0,182285521.0,183682858.0,182251234.0,,,,,,,,,,
청원군 - 도시지역 인구 - 1인당 도시지역면적 현황,Statistics,56905.0,77400.0,78249.0,78249.0,79829.0,79829.0,80200.0,115020.0,,,,,,,,,,
청원군 - 상업지역 - 1인당 도시지역면적 현황,Statistics,26.48,19.47,20.2,20.64,20.23188315,20.23188315,20.80371571,12.98,,,,,,,,,,
청원군 - 주거지역 - 1인당 도시지역면적 현황,Statistics,109.7,83.11,87.68,87.9,88.26264891,88.9841411,98.69594763,70.81,,,,,,,,,,
청주시 - 1인당면적 녹지지역 - 1인당 도시지역면적 현황,Statistics,190.49,188.19,185.25,183.95,180.1630011,178.5367749,177.2232879,175.5,346.56,346.4,344.99,358.71,359.31,354.01,351.76,350.31,351.01,342.66
청주시 - 1인당면적 주+상+공 - 1인당 도시지역면적 현황,Statistics,54.48,54.23,55.14,54.75,53.8747841,53.38848788,52.99571119,52.65,77.91,77.89,78.48,84.15386313,81.73,89.77,89.2,88.83,87.95,91.65
청주시 - 공업지역 - 1인당 도시지역면적 현황,Statistics,8.42,8.33,8.26,8.2,8.042271686,7.969678796,7.835651689,7.77,22.26,22.27,22.98,24.58,23.93,27.1,26.93,26.82,27.54,31.59
청주시 - 도시지역 면적 - 1인당 도시지역면적 현황,Statistics,153522000.0,153522000.0,153522000.0,153522000.0,153522000.0,153522000.0,153522000.0,153522000.0,335977291.0,336701918.0,337378337.0,337909981.0,337378337.0,339442798.0,339442798.0,339442798.0,339545953.0,343500414.0
청주시 - 도시지역 인구 - 1인당 도시지역면적 현황,Statistics,626679.0,633286.0,638663.0,643161.0,655971.0,661946.0,666852.0,672904.0,791524.0,791896.0,795024.0,761404.0,763339.0,764882.0,769789.0,772967.0,773513.0,790918.0
청주시 - 상업지역 - 1인당 도시지역면적 현황,Statistics,4.24,4.19,4.29,4.26,4.186214025,4.148427515,4.117907722,4.08,5.78,5.77,5.75,6.04,5.99,6.85,6.8,6.77,6.63,6.51
청주시 - 주거지역 - 1인당 도시지역면적 현황,Statistics,41.83,41.7,42.58,42.28,41.64629839,41.27038157,41.04215178,40.8,49.87,49.85,49.75,53.53,51.82,55.82,55.47,55.24,53.79,53.55
춘천시 - 1인당면적 녹지지역 - 1인당 도시지역면적 현황,Statistics,1265.1,1244.85,1354.83,1368.92,1258.718312,1246.413548,1243.875648,1236.9,1230.0,1218.82,1206.5,1206.58,1205.64,1202.28,1192.46,1184.54,1176.39,1174.82
춘천시 - 1인당면적 주+상+공 - 1인당 도시지역면적 현황,Statistics,93.98,94.85,105.06,109.68,100.8480511,100.1780246,102.1263274,101.68,102.1,100.91,100.49,100.8853643,101.88,101.59,101.31,100.92,100.23,102.94
춘천시 - 공업지역 - 1인당 도시지역면적 현황,Statistics,5.97,7.34,6.97,9.33,8.644143209,8.847188565,10.99215333,11.0,10.95,10.86,10.76,10.92,11.93,11.9,12.32,12.49,12.41,14.18
춘천시 - 도시지역 면적 - 1인당 도시지역면적 현황,Statistics,332914258.0,332978417.0,333425665.0,333980176.0,333984275.0,333961443.0,334498989.0,334316742.0,334316742.0,333858704.0,333858704.0,333859733.0,335305853.0,335305853.0,335305853.0,335305852.0,335307383.0,335306770.0
춘천시 - 도시지역 인구 - 1인당 도시지역면적 현황,Statistics,244956.0,248548.0,228390.0,225876.0,245655.0,248005.0,248513.0,249754.0,250970.0,252975.0,255441.0,255348.0,255538.0,256253.0,258253.0,259923.0,261724.0,261490.0
춘천시 - 상업지역 - 1인당 도시지역면적 현황,Statistics,6.17,6.08,7.07,7.46,6.859901081,6.794899296,6.781009444,6.75,6.71,6.65,6.58,6.59,6.58,6.56,6.51,6.47,6.43,6.43
춘천시 - 주거지역 - 1인당 도시지역면적 현황,Statistics,81.84,81.42,91.02,92.9,85.34400684,84.53593678,84.35316462,83.93,84.44,83.4,83.15,83.38,83.36,83.13,82.49,81.96,81.39,82.33
충주시 - 1인당면적 녹지지역 - 1인당 도시지역면적 현황,Statistics,461.31,464.35,452.15,488.14,481.860029,483.1296172,483.1296172,483.12,481.95,481.68,480.44,480.44,495.57,496.75,497.79,467.59,461.66,461.68
충주시 - 1인당면적 주+상+공 - 1인당 도시지역면적 현황,Statistics,122.65,123.45,134.34,144.64,142.7815588,147.2047301,147.7199448,156.91,156.53,158.68,159.15,159.151388,164.16,164.29,164.63,154.65,165.37,165.38
충주시 - 공업지역 - 1인당 도시지역면적 현황,Statistics,34.32,34.54,40.07,46.48,45.87923419,45.60890838,46.12412313,55.31,55.18,56.84,57.57,57.57,59.38,59.24,59.36,55.76,65.37,65.37
충주시 - 도시지역 면적 - 1인당 도시지역면적 현황,Statistics,97039257.0,97039257.0,106292943.0,104501913.0,104501913.0,106928658.0,107016058.0,108573274.0,108573274.0,108573242.0,108722161.0,108722161.0,108722161.0,108722161.0,108722161.0,108722161.0,110808546.0,110808546.0
충주시 - 도시지역 인구 - 1인당 도시지역면적 현황,Statistics,166175.0,165089.0,181234.0,165146.0,167299.0,169638.0,169638.0,169638.0,170050.0,169550.0,169987.0,169987.0,164796.0,164472.0,164128.0,174727.0,176720.0,176710.0
충주시 - 상업지역 - 1인당 도시지역면적 현황,Statistics,14.0,14.1,14.73,16.07,15.86487068,15.78190028,15.78190028,15.78,15.74,15.99,15.95,15.95,16.45,16.18,16.21,15.23,15.16,15.16
충주시 - 주거지역 - 1인당 도시지역면적 현황,Statistics,74.32,74.81,79.54,82.09,81.0374539,85.81392141,85.81392141,85.81,85.61,85.86,85.64,85.64,88.34,88.87,89.05,83.65,84.84,84.85
충청남도 - 1인당면적 녹지지역 - 1인당 도시지역면적 현황,Statistics,496.9,497.79,520.87,525.13,512.3333468,504.6343898,448.538567,428.4,413.77,402.37,398.06,381.62,374.99,370.94,371.5,371.36,369.15,363.06
충청남도 - 1인당면적 주+상+공 - 1인당 도시지역면적 현황,Statistics,137.69,144.93,187.25,210.67,206.0031322,203.0236212,189.9602031,180.01,176.49,176.3,174.74,168.309903,166.26,169.15,169.69,171.47,174.59,176.19
충청남도 - 공업지역 - 1인당 도시지역면적 현황,Statistics,47.66,50.37,66.55,82.09,81.13201542,80.83542348,85.21417091,79.85,78.73,78.47,77.68,74.56,74.0,76.11,75.64,76.75,79.05,81.42
충청남도 - 도시지역 면적 - 1인당 도시지역면적 현황,Statistics,932450725.0,959804532.0,1054730425.0,1068364000.0,1041038260.0,1049638536.0,911353829.0,901032944.0,900758143.0,903409823.0,905131392.0,903897573.0,904905818.0,908086503.0,909043093.0,912069919.0,919129887.0,921188502.0
충청남도 - 도시지역 인구 - 1인당 도시지역면적 현황,Statistics,1278559.0,1291201.0,1294967.0,1298015.0,1331958.0,1365851.0,1325278.0,1387602.0,1431191.0,1464384.0,1480012.0,1542860.0,1569458.0,1580443.0,1573042.0,1573861.0,1583332.0,1600511.0
충청남도 - 상업지역 - 1인당 도시지역면적 현황,Statistics,9.27,10.56,14.45,15.49,14.6390697,14.3131447,11.2129191,10.77,10.46,10.16,10.07,9.66,9.54,9.67,9.67,10.02,9.89,9.81
충청남도 - 주거지역 - 1인당 도시지역면적 현황,Statistics,80.76,84.0,106.25,113.09,110.2320471,107.875053,93.53311305,89.4,87.29,87.67,86.99,84.08,82.72,83.38,84.37,84.71,85.65,84.95
충청북도 - 1인당면적 녹지지역 - 1인당 도시지역면적 현황,Statistics,480.89,466.73,460.24,464.12,459.6963134,458.8441854,453.5653492,434.06,430.46,429.57,426.98,437.74,439.63,442.37,441.66,438.97,434.49,426.21
충청북도 - 1인당면적 주+상+공 - 1인당 도시지역면적 현황,Statistics,101.96,100.19,108.68,110.38,116.6264745,118.7667767,120.2149377,117.12,122.7,123.01,125.89,131.9580705,131.08,140.15,141.4,141.07,139.12,142.12
충청북도 - 공업지역 - 1인당 도시지역면적 현황,Statistics,28.68,27.88,30.83,35.41,37.29921731,38.1944891,39.74094276,40.09,42.16,42.56,45.14,47.92,48.17,52.35,53.27,53.5,53.56,57.22
충청북도 - 도시지역 면적 - 1인당 도시지역면적 현황,Statistics,686793500.0,686793500.0,702865994.0,701215254.0,713444373.0,720428687.0,721366215.0,722209388.0,723468372.0,724529846.0,729047038.0,731347938.0,731003419.0,735737985.0,736252276.0,737094363.0,738111394.0,745234827.0
충청북도 - 도시지역 인구 - 1인당 도시지역면적 현황,Statistics,1177450.0,1211417.0,1232831.0,1216385.0,1232422.0,1239216.0,1252893.0,1308522.0,1307880.0,1309888.0,1317366.0,1282486.0,1279616.0,1263033.0,1262746.0,1270768.0,1286778.0,1311268.0
충청북도 - 상업지역 - 1인당 도시지역면적 현황,Statistics,9.09,8.9,11.03,9.35,9.652604384,9.637657196,9.575044317,9.03,9.32,9.33,9.39,9.68,9.4,10.05,10.07,10.0,9.9,9.77
충청북도 - 주거지역 - 1인당 도시지역면적 현황,Statistics,64.19,63.42,66.82,65.62,69.67465284,70.93463044,70.89895067,67.99,71.22,71.13,71.36,74.37,73.52,77.75,78.06,77.57,75.65,75.13
칠곡군 - 1인당면적 녹지지역 - 1인당 도시지역면적 현황,Statistics,1308.01,1275.46,1243.63,1395.05,1381.421082,1384.76606,1377.855424,1363.36,1353.56,1345.07,1290.37,1294.17,1321.13,1334.73,1365.64,1372.93,1389.22,1410.45
칠곡군 - 1인당면적 주+상+공 - 1인당 도시지역면적 현황,Statistics,164.99,160.88,156.87,183.52,181.7265503,181.9616642,181.0535897,191.58,190.21,189.01,196.09,196.6695875,195.22,197.23,201.76,202.84,205.25,208.44
칠곡군 - 공업지역 - 1인당 도시지역면적 현황,Statistics,55.8,54.41,53.05,61.32,60.72077758,60.88076016,60.57693644,68.38,67.89,67.47,67.99,68.19,66.76,67.44,68.97,69.34,70.16,71.23
칠곡군 - 도시지역 면적 - 1인당 도시지역면적 현황,Statistics,147083087.0,147083087.0,147083087.0,149113139.0,149113139.0,149062259.0,149062259.0,148859614.0,148859614.0,148859614.0,148871154.0,148871154.0,148869428.0,148869428.0,148865952.0,148865952.0,148865952.0,148869677.0
칠곡군 - 도시지역 인구 - 1인당 도시지역면적 현황,Statistics,99853.0,102401.0,105022.0,93830.0,94756.0,94507.0,94981.0,95733.0,96426.0,97035.0,100151.0,99857.0,98176.0,97176.0,94976.0,94472.0,93364.0,91958.0
칠곡군 - 상업지역 - 1인당 도시지역면적 현황,Statistics,6.33,6.18,6.02,6.77,6.702741779,6.720401663,6.686863689,7.14,7.09,7.04,7.49,7.52,7.39,7.46,7.64,7.68,7.77,7.89
칠곡군 - 주거지역 - 1인당 도시지역면적 현황,Statistics,102.86,100.3,97.8,115.43,114.3030309,114.3605024,113.7897895,116.06,115.23,114.51,120.61,120.96,121.08,122.32,125.16,125.83,127.32,129.32
태백시 - 1인당면적 녹지지역 - 1인당 도시지역면적 현황,Statistics,1203.55,1206.2,1127.08,1140.1,1123.861458,1139.725242,1155.92301,1172.98,1186.41,1203.84,1215.19,1247.45,1267.49,1296.2,1327.15,1388.08,1478.76,1513.59
태백시 - 1인당면적 주+상+공 - 1인당 도시지역면적 현황,Statistics,219.53,220.02,205.58,207.96,224.1933278,227.3579122,230.5891215,233.99,236.67,240.15,242.41,248.8469415,252.84,258.57,267.26,279.53,297.8,304.81
태백시 - 공업지역 - 1인당 도시지역면적 현황,Statistics,29.06,29.13,27.22,27.53,28.07515831,28.47145114,28.87608723,29.3,29.64,30.07,30.36,31.16,31.66,32.38,38.5,40.26,42.89,43.9
태백시 - 도시지역 면적 - 1인당 도시지역면적 현황,Statistics,66633000.0,66633000.0,66633000.0,66633000.0,66633000.0,66633000.0,66633000.0,66633000.0,66633000.0,66633000.0,66633000.0,66633000.0,66633000.0,66633000.0,66544336.0,66544336.0,66544336.0,66544336.0
태백시 - 도시지역 인구 - 1인당 도시지역면적 현황,Statistics,46823.0,46720.0,50000.0,49429.0,49429.0,48741.0,48058.0,47359.0,46823.0,46145.0,45714.0,44532.0,43828.0,42857.0,41736.0,39904.0,37457.0,36595.0
태백시 - 상업지역 - 1인당 도시지역면적 현황,Statistics,22.02,22.07,20.62,20.86,25.74116409,26.1045116,26.47550876,26.87,27.17,27.57,27.83,28.57,29.03,29.69,30.49,31.89,33.97,34.77
태백시 - 주거지역 - 1인당 도시지역면적 현황,Statistics,168.45,168.82,157.74,159.57,170.3770054,172.7819495,175.2375255,177.82,179.86,182.5,184.22,189.11,192.15,196.5,198.28,207.39,220.93,226.14
태안군 - 1인당면적 녹지지역 - 1인당 도시지역면적 현황,Statistics,431.89,822.17,662.98,664.95,1040.317929,1038.779286,1039.464206,1408.85,1378.34,694.04,687.52,687.33,690.75,661.19,666.81,674.7,674.34,683.09
태안군 - 1인당면적 주+상+공 - 1인당 도시지역면적 현황,Statistics,102.9,220.1,177.49,178.01,350.9394272,352.4780698,356.2282656,482.82,472.36,237.85,235.62,235.5396986,236.71,286.35,288.78,291.58,292.05,291.45
태안군 - 공업지역 - 1인당 도시지역면적 현황,Statistics,3.0,10.99,8.86,8.89,109.0985877,110.6372303,110.9899248,150.43,147.17,74.11,73.41,73.38,73.75,117.56,118.56,119.89,119.9,120.91
태안군 - 도시지역 면적 - 1인당 도시지역면적 현황,Statistics,17573000.0,32216669.0,32216669.0,32216669.0,35551889.0,35551889.0,35463150.0,35463150.0,35463150.0,35463150.0,35463150.0,35471551.0,35471551.0,36291475.0,36291475.0,36291475.0,36291475.0,36291475.0
태안군 - 도시지역 인구 - 1인당 도시지역면적 현황,Statistics,29533.0,29203.0,36215.0,36108.0,25490.0,25490.0,25409.0,18747.0,19162.0,38055.0,38416.0,38427.0,38237.0,38292.0,37969.0,37549.0,37545.0,37231.0
태안군 - 상업지역 - 1인당 도시지역면적 현황,Statistics,5.18,56.44,45.51,45.65,64.70576697,64.70576697,64.91203904,87.98,86.07,43.34,42.93,42.92,43.13,46.4,47.19,47.72,47.72,49.12
태안군 - 주거지역 - 1인당 도시지역면적 현황,Statistics,94.72,152.68,123.11,123.48,177.1350726,177.1350726,180.3263017,244.41,239.11,120.4,119.27,119.24,119.83,122.39,123.03,123.98,124.42,121.42
통영시 - 1인당면적 녹지지역 - 1인당 도시지역면적 현황,Statistics,371.56,361.47,397.38,400.85,395.1703982,395.4589547,398.4277209,397.31,397.87,398.61,401.51,408.39,415.84,420.76,431.47,469.37,420.04,426.99
통영시 - 1인당면적 주+상+공 - 1인당 도시지역면적 현황,Statistics,125.93,122.51,142.08,143.03,167.0842102,167.2062164,168.4805471,170.25,170.47,171.65,172.9,175.8775855,179.08,181.18,185.63,202.14,180.88,183.93
통영시 - 공업지역 - 1인당 도시지역면적 현황,Statistics,23.17,22.54,32.3,32.59,57.27697876,57.31880284,57.76446501,58.36,58.44,59.39,59.82,60.85,61.95,62.66,64.18,70.01,62.65,63.73
통영시 - 도시지역 면적 - 1인당 도시지역면적 현황,Statistics,58260808.0,58260808.0,58358771.0,58328771.0,61407207.0,61407207.0,61407207.0,61595944.0,61597708.0,61681820.0,61681820.0,61682008.0,61682008.0,61698772.0,58919895.0,61728545.0,61727781.0,61727716.0
통영시 - 도시지역 인구 - 1인당 도시지역면적 현황,Statistics,110805.0,113900.0,102905.0,102016.0,104156.0,104080.0,103301.0,103569.0,103432.0,103230.0,102483.0,100756.0,98953.0,97795.0,95479.0,87768.0,98077.0,96479.0
통영시 - 상업지역 - 1인당 도시지역면적 현황,Statistics,10.89,10.59,11.72,11.83,11.58319252,11.59165065,11.67906409,11.68,11.69,11.71,11.8,12.0,12.22,12.37,12.67,13.78,12.33,14.4
통영시 - 주거지역 - 1인당 도시지역면적 현황,Statistics,91.87,89.37,98.05,98.61,98.22403894,98.29576287,99.03701803,100.22,100.34,100.55,101.28,103.03,104.91,106.15,108.78,118.34,105.9,105.79
파주시 - 1인당면적 녹지지역 - 1인당 도시지역면적 현황,Statistics,215.4,184.32,172.89,165.28,147.3201918,144.476312,137.9049151,135.86,131.63,130.49,128.25,126.21,120.38,119.71,116.91,112.29,109.97,109.58
파주시 - 1인당면적 주+상+공 - 1인당 도시지역면적 현황,Statistics,40.69,64.24,60.26,59.51,55.59945837,72.90690902,70.15673442,74.49,72.17,85.17,83.68,82.3455306,80.1,79.7,79.08,75.95,74.11,73.85
파주시 - 공업지역 - 1인당 도시지역면적 현황,Statistics,3.31,19.66,18.44,17.78,18.04701021,16.71403653,16.53021149,21.87,21.19,20.47,20.11,19.79,20.35,20.25,21.19,20.36,19.85,19.79
파주시 - 도시지역 면적 - 1인당 도시지역면적 현황,Statistics,61689669.0,79710764.0,79710764.0,79480150.0,79772465.0,79769371.0,79965626.0,80201620.0,80201620.0,80201620.0,80201620.0,80221974.0,80918908.0,81322573.0,81898412.0,81898412.0,82066815.0,82068796.0
파주시 - 도시지역 인구 - 1인당 도시지역면적 현황,Statistics,229072.0,243407.0,259510.0,270024.0,300573.0,324489.0,339970.0,348088.0,359273.0,371889.0,378441.0,384649.0,403642.0,405594.0,415622.0,432726.0,443441.0,445000.0
파주시 - 상업지역 - 1인당 도시지역면적 현황,Statistics,3.19,3.53,3.31,3.19,2.862269731,5.192817014,5.00006177,5.04,4.88,5.9,5.79,5.7,5.5,5.47,5.06,4.86,4.74,4.72
파주시 - 주거지역 - 1인당 도시지역면적 현황,Statistics,34.19,41.05,38.5,38.54,34.69017843,51.00005547,48.62646116,47.59,46.11,58.81,57.77,56.86,54.24,53.98,52.82,50.74,49.51,49.34
평창군 - 1인당면적 녹지지역 - 1인당 도시지역면적 현황,Statistics,566.38,574.28,586.38,586.38,649.4544053,649.4544053,649.4544053,648.01,672.77,592.53,595.09,589.53,604.48,622.79,683.45,694.87,695.34,708.61
평창군 - 1인당면적 주+상+공 - 1인당 도시지역면적 현황,Statistics,226.71,229.87,234.72,234.72,261.0030263,261.0030263,261.0030263,260.42,270.37,266.16,267.31,273.5019661,280.44,288.93,317.07,322.37,322.59,328.75
평창군 - 공업지역 - 1인당 도시지역면적 현황,Statistics,0.0,0.0,0.0,0.0,0.0,0.0,0.0,0.0,0.0,0.0,0.0,0.0,0.0,0.0,0.0,0.0,,0.0
평창군 - 도시지역 면적 - 1인당 도시지역면적 현황,Statistics,14759341.0,14759341.0,14759341.0,14759341.0,15944841.0,15944841.0,15944841.0,15944841.0,15944841.0,16971071.0,16971071.0,16680775.0,16680775.0,16680775.0,16680775.0,16680775.0,16680775.0,16680775.0
평창군 - 도시지역 인구 - 1인당 도시지역면적 현황,Statistics,18610.0,18354.0,17975.0,17975.0,17513.0,17513.0,17513.0,17552.0,16906.0,19764.0,19679.0,19328.0,18850.0,18296.0,16672.0,16398.0,16387.0,16080.0
평창군 - 상업지역 - 1인당 도시지역면적 현황,Statistics,26.09,26.46,27.02,27.02,28.02974933,28.02974933,28.02974933,27.97,29.04,24.85,24.96,25.41,26.06,26.84,29.46,29.95,29.97,30.54
평창군 - 주거지역 - 1인당 도시지역면적 현황,Statistics,200.62,203.41,207.7,207.7,232.973277,232.973277,232.973277,232.46,241.34,241.31,242.35,248.09,254.38,262.08,287.61,292.42,292.62,298.2
평택시 - 1인당면적 녹지지역 - 1인당 도시지역면적 현황,Statistics,210.52,217.88,216.15,213.09,209.4181882,209.4181882,209.4181882,195.05,172.04,167.57,169.03,164.58,159.65,153.92,147.24,139.58,136.14,134.13
평택시 - 1인당면적 주+상+공 - 1인당 도시지역면적 현황,Statistics,66.2,88.49,87.81,92.84,137.1734116,137.1734116,137.1734116,156.32,162.8,158.57,173.21,170.1346435,166.39,160.98,152.89,144.94,141.37,137.51
평택시 - 공업지역 - 1인당 도시지역면적 현황,Statistics,12.67,32.13,31.88,36.4,58.21615017,58.21615017,58.21615017,53.49,63.87,62.21,68.12,66.56,65.48,63.13,59.82,56.7,55.31,54.14
평택시 - 도시지역 면적 - 1인당 도시지역면적 현황,Statistics,104800000.0,114408598.0,114398417.0,114398437.0,125136243.0,125136243.0,125136243.0,133271200.0,141637668.0,141637668.0,150783352.0,151906909.0,152224409.0,151090527.0,150952990.0,150952990.0,150952990.0,150947009.0
평택시 - 도시지역 인구 - 1인당 도시지역면적 현황,Statistics,336651.0,349962.0,352698.0,355833.0,360541.0,360541.0,360541.0,378793.0,419635.0,430832.0,440463.0,450471.0,463425.0,479680.0,502832.0,530431.0,543818.0,555560.0
평택시 - 상업지역 - 1인당 도시지역면적 현황,Statistics,7.42,7.97,7.91,9.2,10.08002419,10.08002419,10.08002419,11.86,11.69,11.38,13.98,13.6,13.22,12.78,12.21,11.57,11.29,11.54
평택시 - 주거지역 - 1인당 도시지역면적 현황,Statistics,46.12,48.39,48.02,47.24,68.87723726,68.87723726,68.87723726,90.97,87.24,84.98,91.11,89.97,87.69,85.07,80.87,76.66,74.77,71.83
포천시 - 1인당면적 녹지지역 - 1인당 도시지역면적 현황,Statistics,414.79,414.34,402.62,389.45,389.5095928,391.3337089,386.9064736,361.07,380.71,335.83,327.65,331.28,336.21,341.48,346.2,340.88,479.27,479.28
포천시 - 1인당면적 주+상+공 - 1인당 도시지역면적 현황,Statistics,88.58,92.0,89.4,86.48,108.6631989,118.9403413,131.916057,123.52,143.85,127.18,137.73,144.5671997,146.76,149.06,151.05,149.07,216.81,216.82
포천시 - 공업지역 - 1인당 도시지역면적 현황,Statistics,5.0,4.98,4.84,4.68,4.694909071,14.48515658,26.93174877,25.54,30.17,27.27,27.41,32.6,33.09,33.61,34.04,33.53,47.43,47.43
포천시 - 도시지역 면적 - 1인당 도시지역면적 현황,Statistics,34752935.0,35142728.0,35542728.0,35142728.0,36871761.0,37591379.0,38221137.0,38253459.0,38448443.0,38615080.0,38614315.0,39013035.0,39013035.0,39013035.0,39212343.0,39212343.0,39211183.0,39211183.0
포천시 - 도시지역 인구 - 1인당 도시지역면적 현황,Statistics,69040.0,69405.0,71425.0,73841.0,74014.0,73669.0,73669.0,78941.0,73296.0,83401.0,82972.0,81987.0,80777.0,79531.0,78505.0,79674.0,56331.0,56330.0
포천시 - 상업지역 - 1인당 도시지역면적 현황,Statistics,6.62,7.29,7.08,6.85,7.569338233,7.604786274,7.604786274,7.1,7.64,6.72,6.75,6.83,6.94,7.04,7.14,7.03,10.34,10.34
포천시 - 주거지역 - 1인당 도시지역면적 현황,Statistics,76.96,79.73,77.48,74.94,96.39895155,96.8503984,97.37952192,90.88,106.04,93.19,103.57,105.13,106.73,108.4,109.88,108.51,159.04,159.04
포항시 - 1인당면적 녹지지역 - 1인당 도시지역면적 현황,Statistics,463.82,460.65,458.78,459.87,453.5996346,448.3196455,438.0214251,432.33,430.56,430.29,432.63,428.25,433.5,438.93,450.68,451.49,454.11,457.44
포항시 - 1인당면적 주+상+공 - 1인당 도시지역면적 현황,Statistics,142.74,145.26,147.13,158.76,168.1317403,173.4117293,183.8676756,181.43,183.37,183.39,184.38,190.8616846,190.12,189.93,198.56,196.55,199.96,201.39
포항시 - 공업지역 - 1인당 도시지역면적 현황,Statistics,56.75,58.12,59.97,70.46,78.13876114,83.17928955,84.04325745,82.83,84.83,84.7,85.16,90.09,88.54,88.35,93.05,91.04,93.73,94.0
포항시 - 도시지역 면적 - 1인당 도시지역면적 현황,Statistics,382389000.0,382389000.0,382389000.0,388359691.0,388542180.0,388542180.0,388616158.0,388532867.0,388613318.0,388613318.0,388613318.0,388602403.0,388539512.0,393162227.0,393164851.0,393162228.0,393160684.0,393141727.0
포항시 - 도시지역 인구 - 1인당 도시지역면적 현황,Statistics,468522.0,469029.0,469029.0,469029.0,469029.0,469029.0,469029.0,475103.0,475103.0,475301.0,472731.0,472731.0,469212.0,472731.0,457890.0,458742.0,454540.0,451230.0
포항시 - 상업지역 - 1인당 도시지역면적 현황,Statistics,10.37,10.36,10.36,10.52,10.62107674,10.62107674,11.2198734,11.12,11.08,11.31,11.37,12.18,12.27,12.55,12.96,12.93,12.98,13.24
포항시 - 주거지역 - 1인당 도시지역면적 현황,Statistics,75.62,76.78,76.8,77.79,79.37190238,79.61136305,88.60454471,87.48,87.47,87.37,87.84,88.59,89.3,89.03,92.55,92.57,93.24,94.15
하남시 - 1인당면적 녹지지역 - 1인당 도시지역면적 현황,Statistics,584.89,613.37,585.51,544.96,525.0358854,532.4021038,536.7598739,541.16,526.07,468.26,369.59,335.59,306.67,286.36,265.87,235.25,230.77,228.11
하남시 - 1인당면적 주+상+공 - 1인당 도시지역면적 현황,Statistics,66.47,65.36,62.43,81.49,93.45150486,94.76262323,99.52918253,100.27,98.99,89.85,71.17,64.62429727,59.05,55.14,51.2,55.43,54.59,53.96
하남시 - 공업지역 - 1인당 도시지역면적 현황,Statistics,0.0,0.0,0.0,0.0,0.0,0.0,0.0,0.0,1.45,1.3,1.03,0.93,0.85,0.8,0.74,0.68,0.66,0.66
하남시 - 도시지역 면적 - 1인당 도시지역면적 현황,Statistics,87820000.0,93073753.0,93069364.0,93069364.0,93069364.0,93069364.0,93069364.0,93069364.0,93068525.0,93044654.0,93044654.0,93044652.0,93044652.0,93044652.0,93044654.0,93044678.0,93045619.0,93045619.0
하남시 - 도시지역 인구 - 1인당 도시지역면적 현황,Statistics,134824.0,137131.0,143638.0,148566.0,150479.0,148397.0,146269.0,145096.0,148896.0,166713.0,211101.0,232487.0,254415.0,272455.0,293452.0,320087.0,326059.0,329861.0
하남시 - 상업지역 - 1인당 도시지역면적 현황,Statistics,2.05,2.01,1.97,6.1,6.756371321,6.851162759,6.831850905,7.33,7.17,6.41,5.14,4.67,4.27,3.98,3.7,4.91,4.74,4.69
하남시 - 주거지역 - 1인당 도시지역면적 현황,Statistics,64.43,63.34,60.46,75.4,86.69513354,87.91146047,92.69733163,92.95,90.37,82.15,65.0,59.02,53.94,50.36,46.76,49.85,49.19,48.62
하동군 - 1인당면적 녹지지역 - 1인당 도시지역면적 현황,Statistics,280.83,277.02,456.34,291.84,319.6723562,309.861952,359.5592571,474.56,483.67,387.12,389.32,398.76,394.08,645.14,741.44,803.9,745.61,760.99
하동군 - 1인당면적 주+상+공 - 1인당 도시지역면적 현황,Statistics,141.49,139.57,149.64,95.7,369.5338682,358.1932672,560.4381197,739.68,753.88,603.4,606.82,621.5460522,646.51,1058.37,1216.35,1318.83,1257.14,1283.08
하동군 - 공업지역 - 1인당 도시지역면적 현황,Statistics,49.4,48.73,0.0,0.0,257.855966,249.9426409,443.7688474,585.7,596.94,477.78,480.5,492.16,501.94,821.71,944.37,1023.93,968.7,988.68
하동군 - 도시지역 면적 - 1인당 도시지역면적 현황,Statistics,8139000.0,8139000.0,8139000.0,8139000.0,14131649.0,14131649.0,17536070.0,17536070.0,17536070.0,17536071.0,17536071.0,17536071.0,17536071.0,17535890.0,17535890.0,17535890.0,17536070.0,17536070.0
하동군 - 도시지역 인구 - 1인당 도시지역면적 현황,Statistics,19272.0,19537.0,11860.0,18545.0,18572.0,19160.0,19061.0,14442.0,14170.0,17704.0,17604.0,17187.0,16852.0,10294.0,8957.0,8261.0,8756.0,8579.0
하동군 - 상업지역 - 1인당 도시지역면적 현황,Statistics,10.69,10.55,17.37,11.11,27.21085505,26.37578288,26.69088715,35.23,35.9,28.74,28.9,29.6,32.01,52.41,60.23,65.31,61.61,62.89
하동군 - 주거지역 - 1인당 도시지역면적 현황,Statistics,81.4,80.29,132.27,84.59,84.46704717,81.87484342,89.97838518,118.76,121.04,96.88,97.43,99.79,112.56,184.25,211.75,229.59,226.83,231.51
함안군 - 1인당면적 녹지지역 - 1인당 도시지역면적 현황,Statistics,802.14,806.0,775.47,797.02,783.1191608,788.3516322,785.8656376,777.25,730.24,722.11,720.01,727.71,740.54,701.39,717.94,737.68,747.72,765.61
함안군 - 1인당면적 주+상+공 - 1인당 도시지역면적 현황,Statistics,223.84,224.92,221.02,310.55,321.1263324,327.1270632,338.5170872,368.99,350.84,337.79,341.12,322.694594,330.4,307.4,307.24,336.22,340.79,353.74
함안군 - 공업지역 - 1인당 도시지역면적 현황,Statistics,82.9,83.3,83.26,169.33,183.326968,188.4069534,194.819787,223.05,213.77,199.11,202.06,182.14,187.37,176.5,173.25,197.76,200.45,209.59
함안군 - 도시지역 면적 - 1인당 도시지역면적 현황,Statistics,35274156.0,35274156.0,35276733.0,38689580.0,39263657.0,39399823.0,39481575.0,40526199.0,40671383.0,40115070.0,40232938.0,39404854.0,39479042.0,39479042.0,39195903.0,40012524.0,40012524.0,40164529.0
함안군 - 도시지역 인구 - 1인당 도시지역면적 현황,Statistics,34381.0,34216.0,35401.0,34932.0,35557.0,35321.0,35114.0,35356.0,37621.0,37848.0,37915.0,37514.0,36864.0,39135.0,38233.0,37259.0,36759.0,35882.0
함안군 - 상업지역 - 1인당 도시지역면적 현황,Statistics,13.65,13.71,13.25,14.21,12.93973057,13.02618839,13.10297887,12.99,12.21,12.94,12.92,13.06,13.29,12.52,12.81,13.15,13.33,13.82
함안군 - 주거지역 - 1인당 도시지역면적 현황,Statistics,127.29,127.91,124.51,127.0,124.8596338,125.6939215,130.5943214,132.95,124.86,125.74,126.14,127.49,129.74,118.38,121.18,125.31,127.01,130.34
함양군 - 1인당면적 녹지지역 - 1인당 도시지역면적 현황,Statistics,613.83,616.93,624.51,618.87,612.8873446,612.8873446,615.8035977,644.84,888.66,833.69,835.57,836.97,839.84,853.25,865.5,880.28,662.57,662.68
함양군 - 1인당면적 주+상+공 - 1인당 도시지역면적 현황,Statistics,110.37,110.93,134.53,138.03,136.6912563,136.6912563,137.3416634,143.82,198.2,185.94,186.36,182.2276884,182.85,185.77,188.44,191.66,144.26,144.28
함양군 - 공업지역 - 1인당 도시지역면적 현황,Statistics,6.04,6.08,26.1,32.08,31.76660378,31.76660378,31.91775629,33.42,46.06,43.21,43.31,40.52,40.66,41.31,41.9,42.62,32.08,32.08
함양군 - 도시지역 면적 - 1인당 도시지역면적 현황,Statistics,18570000.0,18570000.0,19365251.0,19468805.0,19468805.0,19468805.0,19468805.0,19468805.0,19468805.0,19468805.0,19468805.0,19391344.0,19391344.0,19391344.0,19391344.0,19391344.0,19391344.0,19391343.0
함양군 - 도시지역 인구 - 1인당 도시지역면적 현황,Statistics,25642.0,25513.0,25513.0,25722.0,25973.0,25973.0,25850.0,24686.0,17913.0,19094.0,19051.0,19026.0,18961.0,18663.0,18399.0,18090.0,24034.0,24030.0
함양군 - 상업지역 - 1인당 도시지역면적 현황,Statistics,11.91,11.97,11.97,11.87,11.75836446,11.75836446,11.81431335,12.37,17.05,15.99,16.03,16.05,16.11,16.36,16.6,16.88,12.71,12.71
함양군 - 주거지역 - 1인당 도시지역면적 현황,Statistics,92.42,92.88,96.46,94.08,93.16628807,93.16628807,93.60959381,98.02,135.09,126.73,127.02,125.65,126.08,128.1,129.94,132.16,99.47,99.49
함평군 - 1인당면적 녹지지역 - 1인당 도시지역면적 현황,Statistics,2235.09,2271.84,2172.09,2210.2,2153.050077,2277.577838,2294.358963,2293.56,2314.76,2312.43,2321.31,2338.7,2395.91,2434.01,2494.4,2556.44,2612.2,2629.61
함평군 - 1인당면적 주+상+공 - 1인당 도시지역면적 현황,Statistics,433.39,446.34,426.75,655.57,638.6188043,675.5551351,680.5581573,755.43,741.37,740.82,743.66,748.8401635,787.47,803.0,824.62,845.12,863.57,875.88
함평군 - 공업지역 - 1인당 도시지역면적 현황,Statistics,47.01,53.24,50.9,259.26,252.5530915,267.1602162,269.1387497,344.82,329.18,328.9,330.16,332.46,343.31,350.8,359.68,368.63,376.67,380.59
함평군 - 도시지역 면적 - 1인당 도시지역면적 현황,Statistics,25097000.0,25097000.0,25097000.0,27316480.0,27316480.0,27316480.0,27315689.0,28050769.0,27948310.0,27940331.0,27940331.0,27951539.0,28039211.0,28039043.0,28039043.0,28039043.0,28039043.0,27987776.0
함평군 - 도시지역 인구 - 1인당 도시지역면적 현황,Statistics,9405.0,9233.0,9657.0,9532.0,9785.0,9250.0,9182.0,9200.0,9145.0,9151.0,9116.0,9053.0,8808.0,8662.0,8448.0,8243.0,8067.0,7984.0
함평군 - 상업지역 - 1인당 도시지역면적 현황,Statistics,41.94,42.72,40.85,40.39,39.35002555,41.62594595,41.93421912,41.85,42.1,42.08,42.24,42.53,44.7,45.45,46.6,47.76,48.81,49.31
함평군 - 주거지역 - 1인당 도시지역면적 현황,Statistics,344.44,350.38,334.99,355.92,346.7156873,366.768973,369.4851884,368.76,370.09,369.85,371.27,373.85,399.46,406.75,418.33,428.73,438.09,445.98
합천군 - 1인당면적 녹지지역 - 1인당 도시지역면적 현황,Statistics,1102.38,1084.92,639.71,639.95,681.4319151,705.1046072,705.1046072,740.89,692.66,709.69,721.01,734.02,747.72,757.73,780.44,801.46,816.58,816.55
합천군 - 1인당면적 주+상+공 - 1인당 도시지역면적 현황,Statistics,199.28,196.13,117.8,117.8,121.9352076,126.1711915,126.1711915,132.57,123.94,126.99,129.02,138.0545556,140.63,142.51,146.79,150.74,153.58,153.58
합천군 - 공업지역 - 1인당 도시지역면적 현황,Statistics,2.71,2.67,1.58,1.58,0.0,0.0,0.0,0.0,0.0,0.0,0.0,0.0,0.0,0.0,0.0,0.0,,0.0
합천군 - 도시지역 면적 - 1인당 도시지역면적 현황,Statistics,23538000.0,23538000.0,23538000.0,23545555.0,23545887.0,23545887.0,23545887.0,23545887.0,23545887.0,23545887.0,23545887.0,23545887.0,23545887.0,23545887.0,23545887.0,23545887.0,23545887.0,23545887.0
합천군 - 도시지역 인구 - 1인당 도시지역면적 현황,Statistics,18083.0,18374.0,31073.0,31073.0,29309.0,28325.0,28325.0,26957.0,28834.0,28142.0,27700.0,27000.0,26505.0,26155.0,25394.0,24728.0,24270.0,24271.0
합천군 - 상업지역 - 1인당 도시지역면적 현황,Statistics,17.17,16.9,9.99,9.99,10.35565867,10.71541041,10.71541041,11.26,10.53,10.79,10.96,11.24,11.45,11.6,11.95,12.27,12.51,12.51
합천군 - 주거지역 - 1인당 도시지역면적 현황,Statistics,179.4,176.56,106.23,106.23,111.5795489,115.4557811,115.4557811,121.31,113.42,116.21,118.06,126.81,129.18,130.91,134.83,138.46,141.08,141.07
해남군 - 1인당면적 녹지지역 - 1인당 도시지역면적 현황,Statistics,862.16,866.41,887.0,754.77,797.7798198,882.9939296,872.4716584,867.51,869.29,872.09,867.0,874.17,1275.04,1274.78,1302.27,1333.93,1334.74,1346.84
해남군 - 1인당면적 주+상+공 - 1인당 도시지역면적 현황,Statistics,192.76,193.71,277.61,240.4,254.1016998,281.2433367,277.8918769,276.31,276.88,277.77,276.15,278.4338136,741.0,740.85,756.75,775.34,774.8,752.93
해남군 - 공업지역 - 1인당 도시지역면적 현황,Statistics,9.46,9.51,93.47,79.87,84.42347087,93.44108543,92.32758689,91.8,91.99,92.29,91.75,92.51,264.98,264.93,270.9,277.51,277.55,238.54
해남군 - 도시지역 면적 - 1인당 도시지역면적 현황,Statistics,26877195.0,26877195.0,28960402.0,55208602.0,55208602.0,38008548.0,38008548.0,38008548.0,37986279.0,37986279.0,37986279.0,37986279.0,57390376.0,57390376.0,57326444.0,57386654.0,57373000.0,49869565.0
해남군 - 도시지역 인구 - 1인당 도시지역면적 현황,Statistics,25478.0,25353.0,24867.0,29101.0,27532.0,24875.0,25175.0,25319.0,25267.0,25186.0,25334.0,25126.0,24762.0,24767.0,24220.0,23643.0,23640.0,23750.0
해남군 - 상업지역 - 1인당 도시지역면적 현황,Statistics,16.64,16.72,17.05,14.57,15.39971669,17.04462312,16.84150943,16.75,16.78,16.83,16.74,16.87,101.4,101.38,97.08,99.68,97.02,97.2
해남군 - 주거지역 - 1인당 도시지역면적 현황,Statistics,166.65,167.47,167.09,145.96,154.2785123,170.7576281,168.7227805,167.76,168.11,168.65,167.66,169.05,374.62,374.55,388.77,398.15,400.23,417.19
해운대구 - 1인당면적 녹지지역 - 1인당 도시지역면적 현황,Statistics,92.01,90.26,90.12,89.93,89.55438698,89.78815276,89.20549385,89.76,90.23,90.38,91.02,92.75,93.36,93.97,94.89,96.26,95.64,97.24
해운대구 - 1인당면적 주+상+공 - 1인당 도시지역면적 현황,Statistics,37.26,37.5,37.45,37.49,37.33661879,37.43407939,37.25314581,37.49,37.62,37.68,37.95,38.66609714,38.92,39.37,39.76,40.33,44.36,45.09
해운대구 - 공업지역 - 1인당 도시지역면적 현황,Statistics,1.94,1.95,1.95,1.94,1.917737018,1.922742929,1.91100171,1.92,1.46,1.46,1.46,1.49,1.5,1.51,1.53,1.55,3.48,3.53
해운대구 - 도시지역 면적 - 1인당 도시지역면적 현황,Statistics,55914589.0,55914589.0,55914589.0,55064589.0,55065412.0,55065412.0,55065412.0,55065412.0,55065412.0,55065412.0,55065412.0,55065412.0,55065412.0,55065412.0,55065412.0,55065412.0,55065412.0,55065412.0
해운대구 - 도시지역 인구 - 1인당 도시지역면적 현황,Statistics,418875.0,423816.0,424455.0,424974.0,426729.0,425618.0,428188.0,425536.0,423531.0,422818.0,419853.0,412039.0,409347.0,406102.0,402169.0,396438.0,386785.0,380448.0
해운대구 - 상업지역 - 1인당 도시지역면적 현황,Statistics,7.39,7.3,7.29,7.37,7.382725336,7.401996626,7.357770419,7.4,7.53,7.54,7.59,7.74,7.79,7.85,7.93,8.04,8.7,8.84
해운대구 - 주거지역 - 1인당 도시지역면적 현황,Statistics,27.94,28.25,28.21,28.18,28.03615644,28.10933983,27.98437369,28.16,28.63,28.68,28.89,29.44,29.63,30.01,30.3,30.74,32.18,32.72
홍성군 - 1인당면적 녹지지역 - 1인당 도시지역면적 현황,Statistics,434.69,464.56,433.23,456.72,461.8855943,462.0561243,441.1291941,437.52,420.99,402.81,385.36,370.07,297.94,290.68,291.6,294.14,297.91,294.4
홍성군 - 1인당면적 주+상+공 - 1인당 도시지역면적 현황,Statistics,109.76,117.3,109.39,194.87,218.7872916,219.2170416,212.7407939,215.66,207.51,198.55,189.95,183.2159742,147.51,152.32,152.8,154.13,156.11,154.27
홍성군 - 공업지역 - 1인당 도시지역면적 현황,Statistics,4.03,4.3,4.01,20.95,42.77735728,43.26536984,41.58282744,41.53,39.96,38.24,36.58,35.14,28.29,28.22,28.31,28.56,28.92,28.58
홍성군 - 도시지역 면적 - 1인당 도시지역면적 현황,Statistics,29849000.0,29849000.0,36114913.0,36093190.0,36065473.0,36097196.0,36068572.0,36073344.0,36073344.0,36073344.0,36073344.0,36115459.0,36115459.0,35714016.0,35714016.0,35714016.0,35714016.0,35620063.0
홍성군 - 도시지역 인구 - 1인당 도시지역면적 현황,Statistics,52620.0,49237.0,52798.0,53464.0,52847.0,52847.0,55018.0,55084.0,57246.0,59830.0,62539.0,65105.0,80865.0,80406.0,80152.0,79460.0,78454.0,79391.0
홍성군 - 상업지역 - 1인당 도시지역면적 현황,Statistics,8.71,9.31,8.68,16.73,16.92224724,16.92224724,16.25449853,16.54,15.91,15.23,14.57,13.99,11.26,12.23,12.27,12.38,12.54,12.39
홍성군 - 주거지역 - 1인당 도시지역면적 현황,Statistics,97.02,103.68,96.69,157.19,159.0876871,159.0294246,154.903468,157.58,151.63,145.08,138.8,134.08,107.95,111.87,112.22,113.2,114.65,113.3
홍천군 - 1인당면적 녹지지역 - 1인당 도시지역면적 현황,Statistics,673.99,669.36,665.73,657.92,648.79139,549.9416588,806.4144667,658.4,729.5,701.46,711.19,716.35,719.47,721.56,724.73,740.8,723.42,729.1
홍천군 - 1인당면적 주+상+공 - 1인당 도시지역면적 현황,Statistics,124.01,127.46,126.77,138.3,136.3764782,115.5981843,169.5089772,138.4,153.34,147.45,150.8,152.0688739,156.21,167.34,168.68,172.42,170.01,171.35
홍천군 - 공업지역 - 1인당 도시지역면적 현황,Statistics,21.82,24.85,24.72,24.84,24.49115664,20.75968873,30.44125326,24.85,27.54,26.48,27.92,28.13,31.23,31.72,31.88,32.59,33.21,33.47
홍천군 - 도시지역 면적 - 1인당 도시지역면적 현황,Statistics,30276073.0,30276073.0,30276073.0,30276073.0,30276073.0,30276073.0,30276073.0,30276073.0,30276073.0,30276073.0,30715247.0,30715247.0,30715247.0,30715247.0,30715247.0,30715247.0,30715247.0,30715247.0
홍천군 - 도시지역 인구 - 1인당 도시지역면적 현황,Statistics,37940.0,37996.0,38203.0,38025.0,38560.0,45491.0,31023.0,37997.0,34294.0,35665.0,35633.0,35369.0,35076.0,34554.0,34380.0,33634.0,34379.0,34111.0
홍천군 - 상업지역 - 1인당 도시지역면적 현황,Statistics,9.86,9.84,9.79,9.84,9.699948133,8.222065903,12.0565387,9.84,10.91,10.49,10.83,10.91,11.0,11.17,11.23,11.47,11.23,11.31
홍천군 - 주거지역 - 1인당 도시지역면적 현황,Statistics,92.33,92.76,92.26,103.62,102.1853734,86.61642962,127.0111852,103.7,114.9,110.48,112.05,113.03,113.97,124.46,125.57,128.36,125.58,126.57
화성시 - 1인당면적 녹지지역 - 1인당 도시지역면적 현황,Statistics,675.19,744.82,545.52,467.58,484.6119236,565.2694613,555.6771591,549.91,539.13,476.42,442.64,413.64,387.88,404.16,385.33,371.53,361.82,353.74
화성시 - 1인당면적 주+상+공 - 1인당 도시지역면적 현황,Statistics,62.93,102.12,79.78,100.33,139.5867623,165.5731066,163.0781968,161.07,157.91,142.23,134.25,126.1722746,119.3,124.86,119.04,114.78,111.78,108.18
화성시 - 공업지역 - 1인당 도시지역면적 현황,Statistics,16.75,28.78,23.89,28.99,29.56655951,33.48909924,32.93311797,32.65,32.01,28.72,27.71,26.01,24.44,25.78,24.58,23.7,23.08,22.26
화성시 - 도시지역 면적 - 1인당 도시지역면적 현황,Statistics,225311296.0,255601047.0,257552874.0,261685072.0,269602639.0,316385794.0,316385794.0,316371074.0,316371074.0,316576207.0,317157379.0,317206638.0,317604045.0,317786985.0,317786985.0,317786985.0,317786985.0,321246129.0
화성시 - 도시지역 인구 - 1인당 도시지역면적 현황,Statistics,224263.0,283564.0,360068.0,403752.0,418062.0,428915.0,436156.0,440917.0,449740.0,507046.0,544757.0,582268.0,620509.0,595239.0,624331.0,647521.0,664894.0,689369.0
화성시 - 상업지역 - 1인당 도시지역면적 현황,Statistics,1.77,4.66,3.69,4.74,9.834285345,13.05096814,12.83429782,12.67,12.42,11.64,11.08,10.37,9.73,10.14,9.67,9.33,9.08,8.76
화성시 - 주거지역 - 1인당 도시지역면적 현황,Statistics,44.41,68.68,52.2,66.6,100.1859174,119.0330392,117.310781,115.75,113.48,101.86,95.46,89.79,85.13,88.93,84.79,81.75,79.62,77.16
화순군 - 1인당면적 녹지지역 - 1인당 도시지역면적 현황,Statistics,1341.84,1346.76,1227.25,1233.56,1235.610265,1242.675406,1254.428051,1260.35,1279.94,1297.91,1308.66,1314.19,1685.6,1716.29,1722.09,1350.16,1350.75,1384.13
화순군 - 1인당면적 주+상+공 - 1인당 도시지역면적 현황,Statistics,119.47,119.91,112.83,116.93,117.1287722,114.2972022,115.3781718,115.92,117.72,119.38,120.37,120.8748206,155.04,157.86,158.39,124.18,124.24,127.31
화순군 - 공업지역 - 1인당 도시지역면적 현황,Statistics,22.77,22.85,20.88,21.04,21.07766547,21.14220234,21.34215543,21.44,21.78,22.08,22.26,22.36,28.68,29.2,29.3,22.97,22.98,23.55
화순군 - 도시지역 면적 - 1인당 도시지역면적 현황,Statistics,74007000.0,74007000.0,74007000.0,74007000.0,74007000.0,74012000.0,74012000.0,74012000.0,74012000.0,74012000.0,74012000.0,74012000.0,74012000.0,74012000.0,74012000.0,74012000.0,74012000.0,74012000.0
화순군 - 도시지역 인구 - 1인당 도시지역면적 현황,Statistics,50644.0,50459.0,55226.0,54800.0,54709.0,54542.0,54031.0,53777.0,52954.0,52221.0,51792.0,51574.0,40210.0,39491.0,39358.0,50200.0,50178.0,48968.0
화순군 - 상업지역 - 1인당 도시지역면적 현황,Statistics,11.0,11.04,10.08,10.16,10.17876401,10.20992996,10.30649072,10.36,10.52,10.66,10.75,10.8,13.85,14.1,14.15,11.09,11.1,11.37
화순군 - 주거지역 - 1인당 도시지역면적 현황,Statistics,85.71,86.02,81.86,85.73,85.87234276,82.94506985,83.72952564,84.12,85.43,86.63,87.35,87.72,112.51,114.56,114.94,90.12,90.16,92.39
화천군 - 1인당면적 녹지지역 - 1인당 도시지역면적 현황,Statistics,834.71,859.82,779.76,873.42,873.4263477,843.103361,810.294292,807.78,746.36,710.45,730.91,730.09,770.5,775.66,777.53,798.82,826.41,839.44
화천군 - 1인당면적 주+상+공 - 1인당 도시지역면적 현황,Statistics,151.9,156.47,141.9,158.94,210.4578896,203.1513642,195.2458007,194.67,179.87,171.21,176.14,176.9374743,186.73,187.98,188.44,193.59,200.28,203.44
화천군 - 공업지역 - 1인당 도시지역면적 현황,Statistics,2.1,2.16,1.96,2.19,2.194002949,2.117833136,2.035418408,2.03,1.87,1.78,1.84,1.84,1.94,1.95,1.96,2.01,2.08,2.11
화천군 - 도시지역 면적 - 1인당 도시지역면적 현황,Statistics,12601000.0,12601000.0,12601000.0,12601000.0,13229891.0,13229891.0,13229891.0,13230291.0,13230291.0,13230291.0,13230291.0,13229891.0,13229891.0,13229891.0,13229891.0,13229891.0,13229891.0,13229891.0
화천군 - 도시지역 인구 - 1인당 도시지역면적 현황,Statistics,12772.0,12399.0,13672.0,12206.0,12206.0,12645.0,13157.0,13198.0,14284.0,15006.0,14586.0,14586.0,13821.0,13729.0,13696.0,13331.0,12886.0,12686.0
화천군 - 상업지역 - 1인당 도시지역면적 현황,Statistics,20.25,20.85,18.91,21.18,22.90430936,22.10913405,21.24876492,20.99,19.4,18.46,19.0,19.33,20.4,20.54,20.59,21.15,21.88,22.22
화천군 - 주거지역 - 1인당 도시지역면적 현황,Statistics,129.56,133.46,121.03,135.57,185.3595773,178.924397,171.9616174,171.65,158.6,150.97,155.31,155.77,164.39,165.5,165.89,170.44,176.32,179.1
횡성군 - 1인당면적 녹지지역 - 1인당 도시지역면적 현황,Statistics,300.09,289.13,287.27,280.29,277.7196629,296.0660609,292.2613516,289.87,287.08,307.28,309.62,281.09,272.93,299.23,305.18,305.12,304.73,296.42
횡성군 - 1인당면적 주+상+공 - 1인당 도시지역면적 현황,Statistics,173.08,166.75,165.68,161.66,161.4145197,172.0777006,169.8663509,206.53,204.55,216.89,220.61,200.2695817,194.46,212.29,216.51,216.47,216.19,210.29
횡성군 - 공업지역 - 1인당 도시지역면적 현황,Statistics,21.54,20.75,20.62,20.12,19.98898573,21.30947519,21.03562969,58.74,58.17,62.27,62.74,56.96,55.31,60.53,61.73,61.72,61.64,59.96
횡성군 - 도시지역 면적 - 1인당 도시지역면적 현황,Statistics,9170000.0,9170000.0,9170000.0,9170000.0,9170000.0,9170000.0,9170000.0,9919108.0,9919081.0,9880511.0,9919108.0,9918922.0,9918922.0,9918922.0,9918922.0,9918922.0,9918922.0,9918922.0
횡성군 - 도시지역 인구 - 1인당 도시지역면적 현황,Statistics,19380.0,20115.0,20245.0,20749.0,20882.0,19588.0,19843.0,19982.0,20176.0,18850.0,18707.0,20606.0,21222.0,19391.0,19013.0,19017.0,19041.0,19575.0
횡성군 - 상업지역 - 1인당 도시지역면적 현황,Statistics,19.58,18.86,18.74,18.29,18.16914089,19.36940984,19.12049589,18.99,18.8,20.13,20.28,18.41,17.88,19.54,19.93,19.92,19.9,19.36
횡성군 - 주거지역 - 1인당 도시지역면적 현황,Statistics,131.96,127.14,126.32,123.25,123.2563931,131.3988156,129.7102253,128.81,127.57,134.5,137.59,124.9,121.27,132.22,134.85,134.82,134.65,130.98
