item,category,2001,2002,2003,2004,2005,2006,2007,2008,2009,2010,2011,2012,2013,2014,2015,2016,2017,2018,2019,2020,2021,2022,2023
가평군 - 당해년 총인구＜br＞(A),Statistics,56211.0,55725.0,55415.0,55252.0,55370.0,55540.0,56462.0,57984.0,58540.0,59916.0,60356.0,61788.0,62037.0,62290.0,63085.0,63517.0,64016.0,63936.0,63462.0,63380.0,63268.0,63235.0,63488.0
가평군 - 인구증가율＜br＞{(A-B)÷B}×100,Statistics,-0.08,-0.86,-0.56,-0.29,0.21,0.31,1.66,2.7,0.96,2.35,0.73,2.37,0.4,0.41,1.28,0.68,0.79,-0.12,-0.74,-0.13,-0.18,-0.05,0.4
가평군 - 전년 총인구＜br＞(B),Statistics,56255.0,56211.0,55725.0,55415.0,55252.0,55370.0,55540.0,56462.0,57984.0,58540.0,59916.0,60356.0,61788.0,62037.0,62290.0,63085.0,63517.0,64016.0,63936.0,63462.0,63380.0,63268.0,63235.0
강남구 - 당해년 총인구＜br＞(A),Statistics,546038.0,540813.0,536031.0,539333.0,547775.0,564658.0,569176.0,565624.0,569499.0,577070.0,573011.0,569997.0,569152.0,583446.0,581760.0,572140.0,561052.0,547453.0,550209.0,544055.0,537800.0,534103.0,550282.0
강남구 - 인구증가율＜br＞{(A-B)÷B}×100,Statistics,-1.7,-0.96,-0.88,0.62,1.57,3.08,0.8,-0.62,0.69,1.33,-0.7,-0.53,-0.15,2.51,-0.29,-1.65,-1.94,-2.42,0.5,-1.12,-1.15,-0.69,3.03
강남구 - 전년 총인구＜br＞(B),Statistics,555493.0,546038.0,540813.0,536031.0,539333.0,547775.0,564658.0,569176.0,565624.0,569499.0,577070.0,573011.0,569997.0,569152.0,583446.0,581760.0,572140.0,561052.0,547453.0,550209.0,544055.0,537800.0,534103.0
강동구 - 당해년 총인구＜br＞(A),Statistics,490585.0,483004.0,479270.0,473411.0,466664.0,465203.0,469021.0,473973.0,489655.0,496939.0,500516.0,492728.0,487969.0,481332.0,463321.0,448471.0,440359.0,431920.0,440390.0,463998.0,466472.0,464037.0,463318.0
강동구 - 인구증가율＜br＞{(A-B)÷B}×100,Statistics,-1.44,-1.55,-0.77,-1.22,-1.43,-0.31,0.82,1.06,3.31,1.49,0.72,-1.56,-0.97,-1.36,-3.74,-3.21,-1.81,-1.92,1.96,5.36,0.53,-0.52,-0.15
강동구 - 전년 총인구＜br＞(B),Statistics,497753.0,490585.0,483004.0,479270.0,473411.0,466664.0,465203.0,469021.0,473973.0,489655.0,496939.0,500516.0,492728.0,487969.0,481332.0,463321.0,448471.0,440359.0,431920.0,440390.0,463998.0,466472.0,464037.0
강릉시 - 당해년 총인구＜br＞(A),Statistics,232664.0,230714.0,230080.0,228325.0,225595.0,223499.0,222100.0,220097.0,219067.0,220121.0,219152.0,219274.0,218369.0,217464.0,216330.0,215721.0,215856.0,215239.0,215911.0,215603.0,215322.0,214011.0,212818.0
강릉시 - 인구증가율＜br＞{(A-B)÷B}×100,Statistics,-0.49,-0.84,-0.27,-0.76,-1.2,-0.93,-0.63,-0.9,-0.47,0.48,-0.44,0.06,-0.41,-0.41,-0.52,-0.28,0.06,-0.29,0.31,-0.14,-0.13,-0.61,-0.56
강릉시 - 전년 총인구＜br＞(B),Statistics,233812.0,232664.0,230714.0,230080.0,228325.0,225595.0,223499.0,222100.0,220097.0,219067.0,220121.0,219152.0,219274.0,218369.0,217464.0,216330.0,215721.0,215856.0,215239.0,215911.0,215603.0,215322.0,214011.0
강북구 - 당해년 총인구＜br＞(A),Statistics,352317.0,362906.0,362094.0,362275.0,355334.0,351624.0,348702.0,345754.0,343912.0,350007.0,348742.0,346493.0,341921.0,338410.0,334426.0,330704.0,328002.0,322915.0,317695.0,311569.0,302563.0,297702.0,292977.0
강북구 - 인구증가율＜br＞{(A-B)÷B}×100,Statistics,-0.13,3.01,-0.22,0.05,-1.92,-1.04,-0.83,-0.85,-0.53,1.77,-0.36,-0.64,-1.32,-1.03,-1.18,-1.11,-0.82,-1.55,-1.62,-1.93,-2.89,-1.61,-1.59
강북구 - 전년 총인구＜br＞(B),Statistics,352772.0,352317.0,362906.0,362094.0,362275.0,355334.0,351624.0,348702.0,345754.0,343912.0,350007.0,348742.0,346493.0,341921.0,338410.0,334426.0,330704.0,328002.0,322915.0,317695.0,311569.0,302563.0,297702.0
강서구 - 당해년 총인구＜br＞(A),Statistics,523542.0,530169.0,539673.0,544762.0,557373.0,559845.0,566495.0,583545.0,579196.0,580506.0,575849.0,573794.0,575236.0,591653.0,595691.0,602104.0,608255.0,603611.0,598273.0,585901.0,579768.0,574638.0,568826.0
강서구 - 인구증가율＜br＞{(A-B)÷B}×100,Statistics,0.11,1.27,1.79,0.94,2.31,0.44,1.19,3.01,-0.75,0.23,-0.8,-0.36,0.25,2.85,0.68,1.08,1.02,-0.76,-0.88,-2.07,-1.05,-0.88,-1.01
강서구 - 전년 총인구＜br＞(B),Statistics,522962.0,523542.0,530169.0,539673.0,544762.0,557373.0,559845.0,566495.0,583545.0,579196.0,580506.0,575849.0,573794.0,575236.0,591653.0,595691.0,602104.0,608255.0,603611.0,598273.0,585901.0,579768.0,574638.0
강원특별자치도 - 당해년 총인구＜br＞(A),Statistics,1556904.0,1543665.0,1533331.0,1528640.0,1521099.0,1515672.0,1515800.0,1521467.0,1525542.0,1543555.0,1549780.0,1551531.0,1555672.0,1558885.0,1564615.0,1566639.0,1567091.0,1561313.0,1560571.0,1560172.0,1555876.0,1556970.0,1551291.0
강원특별자치도 - 인구증가율＜br＞{(A-B)÷B}×100,Statistics,-0.14,-0.85,-0.67,-0.31,-0.49,-0.36,0.01,0.37,0.27,1.18,0.4,0.11,0.27,0.21,0.37,0.13,0.03,-0.37,-0.05,-0.03,-0.28,0.07,-0.36
강원특별자치도 - 전년 총인구＜br＞(B),Statistics,1559042.0,1556904.0,1543665.0,1533331.0,1528640.0,1521099.0,1515672.0,1515800.0,1521467.0,1525542.0,1543555.0,1549780.0,1551531.0,1555672.0,1558885.0,1564615.0,1566639.0,1567091.0,1561313.0,1560571.0,1560172.0,1555876.0,1556970.0
강진군 - 당해년 총인구＜br＞(A),Statistics,50925.0,46475.0,44862.0,43691.0,42828.0,42109.0,41575.0,41389.0,41428.0,41910.0,41899.0,40554.0,40429.0,40256.0,39168.0,38161.0,37307.0,36598.0,35742.0,35042.0,34174.0,33681.0,33292.0
강진군 - 인구증가율＜br＞{(A-B)÷B}×100,Statistics,3.27,-8.74,-3.47,-2.61,-1.98,-1.68,-1.27,-0.45,0.09,1.16,-0.03,-3.21,-0.31,-0.43,-2.7,-2.57,-2.24,-1.9,-2.34,-1.96,-2.48,-1.44,-1.15
강진군 - 전년 총인구＜br＞(B),Statistics,49313.0,50925.0,46475.0,44862.0,43691.0,42828.0,42109.0,41575.0,41389.0,41428.0,41910.0,41899.0,40554.0,40429.0,40256.0,39168.0,38161.0,37307.0,36598.0,35742.0,35042.0,34174.0,33681.0
강화군 - 당해년 총인구＜br＞(A),Statistics,67067.0,65876.0,65319.0,65385.0,65625.0,65839.0,66897.0,67871.0,67597.0,67668.0,67339.0,67358.0,67358.0,67775.0,68413.0,68785.0,69543.0,69726.0,70037.0,70025.0,70456.0,70671.0,70034.0
강화군 - 인구증가율＜br＞{(A-B)÷B}×100,Statistics,-0.24,-1.78,-0.85,0.1,0.37,0.33,1.61,1.46,-0.4,0.11,-0.49,0.03,0.0,0.62,0.94,0.54,1.1,0.26,0.45,-0.02,0.62,0.31,-0.9
강화군 - 전년 총인구＜br＞(B),Statistics,67225.0,67067.0,65876.0,65319.0,65385.0,65625.0,65839.0,66897.0,67871.0,67597.0,67668.0,67339.0,67358.0,67358.0,67775.0,68413.0,68785.0,69543.0,69726.0,70037.0,70025.0,70456.0,70671.0
거제시 - 당해년 총인구＜br＞(A),Statistics,180496.0,183897.0,188850.0,193434.0,199483.0,205821.0,213638.0,224855.0,233589.0,236435.0,241711.0,245972.0,253349.0,262011.0,270879.0,271361.0,263162.0,257989.0,256578.0,252395.0,246620.0,242523.0,245811.0
거제시 - 인구증가율＜br＞{(A-B)÷B}×100,Statistics,2.54,1.88,2.69,2.43,3.13,3.18,3.8,5.25,3.88,1.22,2.23,1.76,3.0,3.42,3.38,0.18,-3.02,-1.97,-0.55,-1.63,-2.29,-1.66,1.36
거제시 - 전년 총인구＜br＞(B),Statistics,176028.0,180496.0,183897.0,188850.0,193434.0,199483.0,205821.0,213638.0,224855.0,233589.0,236435.0,241711.0,245972.0,253349.0,262011.0,270879.0,271361.0,263162.0,257989.0,256578.0,252395.0,246620.0,242523.0
거창군 - 당해년 총인구＜br＞(A),Statistics,68713.0,67344.0,66518.0,65769.0,64905.0,64176.0,64290.0,63637.0,63585.0,63851.0,63588.0,63536.0,63647.0,63622.0,63699.0,63819.0,63290.0,62958.0,62726.0,62005.0,61585.0,61131.0,60853.0
거창군 - 인구증가율＜br＞{(A-B)÷B}×100,Statistics,-1.63,-1.99,-1.23,-1.13,-1.31,-1.12,0.18,-1.02,-0.08,0.42,-0.41,-0.08,0.17,-0.04,0.12,0.19,-0.83,-0.52,-0.37,-1.15,-0.68,-0.74,-0.45
거창군 - 전년 총인구＜br＞(B),Statistics,69855.0,68713.0,67344.0,66518.0,65769.0,64905.0,64176.0,64290.0,63637.0,63585.0,63851.0,63588.0,63536.0,63647.0,63622.0,63699.0,63819.0,63290.0,62958.0,62726.0,62005.0,61585.0,61131.0
경기 여주군 - 당해년 총인구＜br＞(A),Statistics,105084.0,104881.0,105067.0,105006.0,105279.0,106270.0,108606.0,109432.0,110277.0,111691.0,111639.0,111929.0,,,,,,,,,,,
경기 여주군 - 인구증가율＜br＞{(A-B)÷B}×100,Statistics,1.03,-0.19,0.18,-0.06,0.26,0.94,2.2,0.76,0.77,1.28,-0.05,0.26,,,,,,,,,,,
경기 여주군 - 전년 총인구＜br＞(B),Statistics,104011.0,105084.0,104881.0,105067.0,105006.0,105279.0,106270.0,108606.0,109432.0,110277.0,111691.0,111639.0,111929.0,,,,,,,,,,
경기도 - 당해년 총인구＜br＞(A),Statistics,9612036.0,10000047.0,10361638.0,10628842.0,10853157.0,11106831.0,11340241.0,11549091.0,11727418.0,12071884.0,12239862.0,12381550.0,12549345.0,12709996.0,12892271.0,13090703.0,13255523.0,13485679.0,13653984.0,13807158.0,13925862.0,13972297.0,14056450.0
경기도 - 인구증가율＜br＞{(A-B)÷B}×100,Statistics,3.58,4.04,3.62,2.58,2.11,2.34,2.1,1.84,1.54,2.94,1.39,1.16,1.36,1.28,1.43,1.54,1.26,1.74,1.25,1.12,0.86,0.33,0.6
경기도 - 전년 총인구＜br＞(B),Statistics,9280013.0,9612036.0,10000047.0,10361638.0,10628842.0,10853157.0,11106831.0,11340241.0,11549091.0,11727418.0,12071884.0,12239862.0,12381550.0,12549345.0,12709996.0,12892271.0,13090703.0,13255523.0,13485679.0,13653984.0,13807158.0,13925862.0,13972297.0
경남 마산시 - 당해년 총인구＜br＞(A),Statistics,434912.0,434996.0,431248.0,428980.0,427119.0,424727.0,419251.0,414771.0,409776.0,,,,,,,,,,,,,,
경남 마산시 - 인구증가율＜br＞{(A-B)÷B}×100,Statistics,0.19,0.02,-0.86,-0.53,-0.43,-0.56,-1.29,-1.07,-1.2,,,,,,,,,,,,,,
경남 마산시 - 전년 총인구＜br＞(B),Statistics,434085.0,434912.0,434996.0,431248.0,428980.0,427119.0,424727.0,419251.0,414771.0,409776.0,,,,,,,,,,,,,
경남 진해시 - 당해년 총인구＜br＞(A),Statistics,135539.0,141936.0,151348.0,152773.0,158624.0,163221.0,165252.0,171421.0,173911.0,,,,,,,,,,,,,,
경남 진해시 - 인구증가율＜br＞{(A-B)÷B}×100,Statistics,0.74,4.72,6.63,0.94,3.83,2.9,1.24,3.73,1.45,,,,,,,,,,,,,,
경남 진해시 - 전년 총인구＜br＞(B),Statistics,134549.0,135539.0,141936.0,151348.0,152773.0,158624.0,163221.0,165252.0,171421.0,173911.0,,,,,,,,,,,,,
경남 창원시 - 당해년 총인구＜br＞(A),Statistics,528152.0,517577.0,514463.0,511280.0,508499.0,509535.0,510120.0,509801.0,508984.0,,,,,,,,,,,,,,
경남 창원시 - 인구증가율＜br＞{(A-B)÷B}×100,Statistics,0.96,-2.0,-0.6,-0.62,-0.54,0.2,0.11,-0.06,-0.16,,,,,,,,,,,,,,
경남 창원시 - 전년 총인구＜br＞(B),Statistics,523142.0,528152.0,517577.0,514463.0,511280.0,508499.0,509535.0,510120.0,509801.0,508984.0,,,,,,,,,,,,,
경산시 - 당해년 총인구＜br＞(A),Statistics,218638.0,221196.0,219591.0,223357.0,231677.0,239966.0,242744.0,243863.0,242809.0,247185.0,250352.0,252818.0,255588.0,261191.0,264570.0,266486.0,268679.0,272070.0,274898.0,274117.0,278845.0,279717.0,281470.0
경산시 - 인구증가율＜br＞{(A-B)÷B}×100,Statistics,1.03,1.17,-0.73,1.72,3.72,3.58,1.16,0.46,-0.43,1.8,1.28,0.99,1.1,2.19,1.29,0.72,0.82,1.26,1.04,-0.28,1.72,0.31,0.63
경산시 - 전년 총인구＜br＞(B),Statistics,216399.0,218638.0,221196.0,219591.0,223357.0,231677.0,239966.0,242744.0,243863.0,242809.0,247185.0,250352.0,252818.0,255588.0,261191.0,264570.0,266486.0,268679.0,272070.0,274898.0,274117.0,278845.0,279717.0
경상남도 - 당해년 총인구＜br＞(A),Statistics,3124123.0,3143475.0,3162190.0,3168734.0,3187110.0,3208810.0,3239342.0,3276962.0,3303398.0,3348254.0,3374725.0,3383685.0,3402946.0,3428035.0,3447018.0,3454892.0,3455540.0,3448292.0,3438676.0,3407455.0,3377331.0,3350883.0,3340470.0
경상남도 - 인구증가율＜br＞{(A-B)÷B}×100,Statistics,0.5,0.62,0.6,0.21,0.58,0.68,0.95,1.16,0.81,1.36,0.79,0.27,0.57,0.74,0.55,0.23,0.02,-0.21,-0.28,-0.91,-0.88,-0.78,-0.31
경상남도 - 전년 총인구＜br＞(B),Statistics,3108674.0,3124123.0,3143475.0,3162190.0,3168734.0,3187110.0,3208810.0,3239342.0,3276962.0,3303398.0,3348254.0,3374725.0,3383685.0,3402946.0,3428035.0,3447018.0,3454892.0,3455540.0,3448292.0,3438676.0,3407455.0,3377331.0,3350883.0
경상북도 - 당해년 총인구＜br＞(A),Statistics,2802597.0,2775890.0,2742123.0,2718613.0,2711900.0,2718298.0,2715085.0,2709662.0,2705226.0,2726815.0,2739179.0,2738420.0,2742939.0,2748599.0,2752591.0,2751749.0,2745070.0,2733800.0,2723955.0,2691891.0,2677709.0,2657547.0,2621349.0
경상북도 - 인구증가율＜br＞{(A-B)÷B}×100,Statistics,-0.39,-0.95,-1.22,-0.86,-0.25,0.24,-0.12,-0.2,-0.16,0.8,0.45,-0.03,0.17,0.21,0.15,-0.03,-0.24,-0.41,-0.36,-1.18,-0.53,-0.75,-1.36
경상북도 - 전년 총인구＜br＞(B),Statistics,2813551.0,2802597.0,2775890.0,2742123.0,2718613.0,2711900.0,2718298.0,2715085.0,2709662.0,2705226.0,2726815.0,2739179.0,2738420.0,2742939.0,2748599.0,2752591.0,2751749.0,2745070.0,2733800.0,2723955.0,2691891.0,2677709.0,2657547.0
경주시 - 당해년 총인구＜br＞(A),Statistics,288915.0,285900.0,282955.0,280092.0,277764.0,277185.0,276877.0,274295.0,272331.0,272569.0,271869.0,270663.0,270493.0,269930.0,268970.0,268928.0,268091.0,268160.0,267196.0,263704.0,261493.0,259554.0,258534.0
경주시 - 인구증가율＜br＞{(A-B)÷B}×100,Statistics,-0.86,-1.04,-1.03,-1.01,-0.83,-0.21,-0.11,-0.93,-0.72,0.09,-0.26,-0.44,-0.06,-0.21,-0.36,-0.02,-0.31,0.03,-0.36,-1.31,-0.84,-0.74,-0.39
경주시 - 전년 총인구＜br＞(B),Statistics,291409.0,288915.0,285900.0,282955.0,280092.0,277764.0,277185.0,276877.0,274295.0,272331.0,272569.0,271869.0,270663.0,270493.0,269930.0,268970.0,268928.0,268091.0,268160.0,267196.0,263704.0,261493.0,259554.0
계룡시 - 당해년 총인구＜br＞(A),Statistics,28883.0,29961.0,31137.0,31270.0,34451.0,36959.0,37920.0,41579.0,42941.0,43269.0,43115.0,41703.0,41107.0,40713.0,41920.0,42838.0,44174.0,43934.0,43188.0,43031.0,43522.0,44668.0,46895.0
계룡시 - 인구증가율＜br＞{(A-B)÷B}×100,Statistics,4.73,3.73,3.93,0.43,10.17,7.28,2.6,9.65,3.28,0.76,-0.36,-3.27,-1.43,-0.96,2.96,2.19,3.12,-0.54,-1.7,-0.36,1.14,2.63,4.99
계룡시 - 전년 총인구＜br＞(B),Statistics,27578.0,28883.0,29961.0,31137.0,31270.0,34451.0,36959.0,37920.0,41579.0,42941.0,43269.0,43115.0,41703.0,41107.0,40713.0,41920.0,42838.0,44174.0,43934.0,43188.0,43031.0,43522.0,44668.0
계양구 - 당해년 총인구＜br＞(A),Statistics,340830.0,342183.0,341962.0,338985.0,337432.0,344908.0,345759.0,345713.0,347296.0,351026.0,347422.0,345126.0,346759.0,342649.0,337448.0,333344.0,326892.0,315903.0,306817.0,299904.0,298802.0,292112.0,283822.0
계양구 - 인구증가율＜br＞{(A-B)÷B}×100,Statistics,0.82,0.4,-0.06,-0.87,-0.46,2.22,0.25,-0.01,0.46,1.07,-1.03,-0.66,0.47,-1.19,-1.52,-1.22,-1.94,-3.36,-2.88,-2.25,-0.37,-2.24,-2.84
계양구 - 전년 총인구＜br＞(B),Statistics,338070.0,340830.0,342183.0,341962.0,338985.0,337432.0,344908.0,345759.0,345713.0,347296.0,351026.0,347422.0,345126.0,346759.0,342649.0,337448.0,333344.0,326892.0,315903.0,306817.0,299904.0,298802.0,292112.0
고령군 - 당해년 총인구＜br＞(A),Statistics,37498.0,36688.0,35798.0,35389.0,35143.0,35911.0,36047.0,35925.0,35679.0,35892.0,36879.0,36789.0,36776.0,36853.0,36439.0,36069.0,35525.0,34673.0,34122.0,32891.0,32001.0,31922.0,32041.0
고령군 - 인구증가율＜br＞{(A-B)÷B}×100,Statistics,-1.89,-2.16,-2.43,-1.14,-0.7,2.19,0.38,-0.34,-0.68,0.6,2.75,-0.24,-0.04,0.21,-1.12,-1.02,-1.51,-2.4,-1.59,-3.61,-2.71,-0.25,0.37
고령군 - 전년 총인구＜br＞(B),Statistics,38221.0,37498.0,36688.0,35798.0,35389.0,35143.0,35911.0,36047.0,35925.0,35679.0,35892.0,36879.0,36789.0,36776.0,36853.0,36439.0,36069.0,35525.0,34673.0,34122.0,32891.0,32001.0,31922.0
고성군 - 당해년 총인구＜br＞(A),Statistics,34728.0,33818.0,32868.0,32532.0,32167.0,31641.0,30794.0,30734.0,30802.0,30615.0,30485.0,30516.0,30743.0,30760.0,30500.0,30749.0,30871.0,29118.0,28392.0,27869.0,28432.0,28647.0,29117.0
고성군 - 인구증가율＜br＞{(A-B)÷B}×100,Statistics,-2.11,-2.62,-2.81,-1.02,-1.12,-1.64,-2.68,-0.19,0.22,-0.61,-0.42,0.1,0.74,0.06,-0.85,0.82,0.4,-5.68,-2.49,-1.84,2.02,0.76,1.64
고성군 - 전년 총인구＜br＞(B),Statistics,35475.0,34728.0,33818.0,32868.0,32532.0,32167.0,31641.0,30794.0,30734.0,30802.0,30615.0,30485.0,30516.0,30743.0,30760.0,30500.0,30749.0,30871.0,29118.0,28392.0,27869.0,28432.0,28647.0
고양시 - 당해년 총인구＜br＞(A),Statistics,814493.0,840345.0,873006.0,893965.0,910602.0,919365.0,935643.0,950750.0,951001.0,962297.0,973665.0,981220.0,1001942.0,1018013.0,1039839.0,1051970.0,1054236.0,1056853.0,1078859.0,1090738.0,1090339.0,1088153.0,1087607.0
고양시 - 인구증가율＜br＞{(A-B)÷B}×100,Statistics,1.77,3.17,3.89,2.4,1.86,0.96,1.77,1.61,0.03,1.19,1.18,0.78,2.11,1.6,2.14,1.17,0.22,0.25,2.08,1.1,-0.04,-0.2,-0.05
고양시 - 전년 총인구＜br＞(B),Statistics,800297.0,814493.0,840345.0,873006.0,893965.0,910602.0,919365.0,935643.0,950750.0,951001.0,962297.0,973665.0,981220.0,1001942.0,1018013.0,1039839.0,1051970.0,1054236.0,1056853.0,1078859.0,1090738.0,1090339.0,1088153.0
고창군 - 당해년 총인구＜br＞(A),Statistics,74413.0,69816.0,69878.0,65449.0,63999.0,62427.0,61415.0,60838.0,60668.0,61407.0,60623.0,61048.0,61275.0,60913.0,60897.0,61508.0,61406.0,58017.0,56467.0,55424.0,54200.0,53440.0,53267.0
고창군 - 인구증가율＜br＞{(A-B)÷B}×100,Statistics,0.25,-6.18,0.09,-6.34,-2.22,-2.46,-1.62,-0.94,-0.28,1.22,-1.28,0.7,0.37,-0.59,-0.03,1.0,-0.17,-5.52,-2.67,-1.85,-2.21,-1.4,-0.32
고창군 - 전년 총인구＜br＞(B),Statistics,74227.0,74413.0,69816.0,69878.0,65449.0,63999.0,62427.0,61415.0,60838.0,60668.0,61407.0,60623.0,61048.0,61275.0,60913.0,60897.0,61508.0,61406.0,58017.0,56467.0,55424.0,54200.0,53440.0
고흥군 - 당해년 총인구＜br＞(A),Statistics,95960.0,92798.0,91649.0,86907.0,84023.0,81361.0,78952.0,77032.0,75573.0,74375.0,73120.0,72152.0,71259.0,70392.0,69391.0,68469.0,67631.0,66757.0,65972.0,64923.0,63711.0,63263.0,62802.0
고흥군 - 인구증가율＜br＞{(A-B)÷B}×100,Statistics,-5.06,-3.3,-1.24,-5.17,-3.32,-3.17,-2.96,-2.43,-1.89,-1.59,-1.69,-1.32,-1.24,-1.22,-1.42,-1.33,-1.22,-1.29,-1.18,-1.59,-1.87,-0.7,-0.73
고흥군 - 전년 총인구＜br＞(B),Statistics,101071.0,95960.0,92798.0,91649.0,86907.0,84023.0,81361.0,78952.0,77032.0,75573.0,74375.0,73120.0,72152.0,71259.0,70392.0,69391.0,68469.0,67631.0,66757.0,65972.0,64923.0,63711.0,63263.0
곡성군 - 당해년 총인구＜br＞(A),Statistics,38930.0,36916.0,35459.0,34550.0,34343.0,33878.0,33668.0,33032.0,32482.0,32290.0,31714.0,31299.0,31391.0,31084.0,31046.0,30795.0,30566.0,30118.0,29376.0,28514.0,27948.0,27542.0,27413.0
곡성군 - 인구증가율＜br＞{(A-B)÷B}×100,Statistics,-5.68,-5.17,-3.95,-2.56,-0.6,-1.35,-0.62,-1.89,-1.67,-0.59,-1.78,-1.31,0.29,-0.98,-0.12,-0.81,-0.74,-1.47,-2.46,-2.93,-1.98,-1.45,-0.47
곡성군 - 전년 총인구＜br＞(B),Statistics,41276.0,38930.0,36916.0,35459.0,34550.0,34343.0,33878.0,33668.0,33032.0,32482.0,32290.0,31714.0,31299.0,31391.0,31084.0,31046.0,30795.0,30566.0,30118.0,29376.0,28514.0,27948.0,27542.0
공주시 - 당해년 총인구＜br＞(A),Statistics,134383.0,133012.0,131769.0,131140.0,130595.0,129862.0,128573.0,127391.0,126542.0,127260.0,127025.0,119157.0,118236.0,115384.0,113057.0,111849.0,110428.0,109687.0,108629.0,106536.0,105094.0,104724.0,104524.0
공주시 - 인구증가율＜br＞{(A-B)÷B}×100,Statistics,-1.14,-1.02,-0.93,-0.48,-0.42,-0.56,-0.99,-0.92,-0.67,0.57,-0.18,-6.19,-0.77,-2.41,-2.02,-1.07,-1.27,-0.67,-0.96,-1.93,-1.35,-0.35,-0.19
공주시 - 전년 총인구＜br＞(B),Statistics,135931.0,134383.0,133012.0,131769.0,131140.0,130595.0,129862.0,128573.0,127391.0,126542.0,127260.0,127025.0,119157.0,118236.0,115384.0,113057.0,111849.0,110428.0,109687.0,108629.0,106536.0,105094.0,104724.0
과천시 - 당해년 총인구＜br＞(A),Statistics,71525.0,70716.0,70641.0,68641.0,61206.0,60876.0,62603.0,69803.0,72382.0,72595.0,72286.0,71378.0,70875.0,70448.0,69220.0,64013.0,57738.0,58325.0,58462.0,63397.0,73528.0,78329.0,81219.0
과천시 - 인구증가율＜br＞{(A-B)÷B}×100,Statistics,-0.31,-1.13,-0.11,-2.83,-10.83,-0.54,2.84,11.5,3.69,0.29,-0.43,-1.26,-0.7,-0.6,-1.74,-7.52,-9.8,1.02,0.23,8.44,15.98,6.53,3.69
과천시 - 전년 총인구＜br＞(B),Statistics,71749.0,71525.0,70716.0,70641.0,68641.0,61206.0,60876.0,62603.0,69803.0,72382.0,72595.0,72286.0,71378.0,70875.0,70448.0,69220.0,64013.0,57738.0,58325.0,58462.0,63397.0,73528.0,78329.0
관악구 - 당해년 총인구＜br＞(A),Statistics,529741.0,524560.0,526971.0,535688.0,537235.0,545995.0,550766.0,551873.0,547311.0,549736.0,546357.0,540520.0,535128.0,531960.0,529031.0,525607.0,520929.0,520040.0,517334.0,509803.0,499449.0,501226.0,497883.0
관악구 - 인구증가율＜br＞{(A-B)÷B}×100,Statistics,0.73,-0.98,0.46,1.65,0.29,1.63,0.87,0.2,-0.83,0.44,-0.61,-1.07,-1.0,-0.59,-0.55,-0.65,-0.89,-0.17,-0.52,-1.46,-2.03,0.36,-0.67
관악구 - 전년 총인구＜br＞(B),Statistics,525926.0,529741.0,524560.0,526971.0,535688.0,537235.0,545995.0,550766.0,551873.0,547311.0,549736.0,546357.0,540520.0,535128.0,531960.0,529031.0,525607.0,520929.0,520040.0,517334.0,509803.0,499449.0,501226.0
광명시 - 당해년 총인구＜br＞(A),Statistics,337175.0,341617.0,337516.0,333053.0,329716.0,315945.0,316354.0,314317.0,318154.0,348214.0,359950.0,360004.0,357707.0,353839.0,350717.0,345403.0,338633.0,333114.0,322494.0,303068.0,296471.0,291160.0,283124.0
광명시 - 인구증가율＜br＞{(A-B)÷B}×100,Statistics,-0.5,1.32,-1.2,-1.32,-1.0,-4.18,0.13,-0.64,1.22,9.45,3.37,0.02,-0.64,-1.08,-0.88,-1.52,-1.96,-1.63,-3.19,-6.02,-2.18,-1.79,-2.76
광명시 - 전년 총인구＜br＞(B),Statistics,338855.0,337175.0,341617.0,337516.0,333053.0,329716.0,315945.0,316354.0,314317.0,318154.0,348214.0,359950.0,360004.0,357707.0,353839.0,350717.0,345403.0,338633.0,333114.0,322494.0,303068.0,296471.0,291160.0
광산구 - 당해년 총인구＜br＞(A),Statistics,264734.0,277193.0,289370.0,298808.0,309829.0,315350.0,320395.0,325822.0,348512.0,369845.0,382380.0,392155.0,400613.0,406074.0,410543.0,413956.0,416285.0,417501.0,418776.0,417557.0,416012.0,413796.0,411282.0
광산구 - 인구증가율＜br＞{(A-B)÷B}×100,Statistics,4.06,4.71,4.39,3.26,3.69,1.78,1.6,1.69,6.96,6.12,3.39,2.56,2.16,1.36,1.1,0.83,0.56,0.29,0.31,-0.29,-0.37,-0.53,-0.61
광산구 - 전년 총인구＜br＞(B),Statistics,254416.0,264734.0,277193.0,289370.0,298808.0,309829.0,315350.0,320395.0,325822.0,348512.0,369845.0,382380.0,392155.0,400613.0,406074.0,410543.0,413956.0,416285.0,417501.0,418776.0,417557.0,416012.0,413796.0
광양시 - 당해년 총인구＜br＞(A),Statistics,138468.0,138162.0,136753.0,138142.0,138730.0,139020.0,139735.0,142399.0,144628.0,146679.0,152167.0,152224.0,152995.0,153670.0,155117.0,157177.0,157403.0,158162.0,158437.0,153332.0,152026.0,153929.0,154770.0
광양시 - 인구증가율＜br＞{(A-B)÷B}×100,Statistics,0.27,-0.22,-1.02,1.02,0.43,0.21,0.51,1.91,1.57,1.42,3.74,0.04,0.51,0.44,0.94,1.33,0.14,0.48,0.17,-3.22,-0.85,1.25,0.55
광양시 - 전년 총인구＜br＞(B),Statistics,138097.0,138468.0,138162.0,136753.0,138142.0,138730.0,139020.0,139735.0,142399.0,144628.0,146679.0,152167.0,152224.0,152995.0,153670.0,155117.0,157177.0,157403.0,158162.0,158437.0,153332.0,152026.0,153929.0
광주광역시 - 당해년 총인구＜br＞(A),Statistics,1387360.0,1401525.0,1400683.0,1406915.0,1408106.0,1415953.0,1423460.0,1434625.0,1445828.0,1467996.0,1477570.0,1483708.0,1488467.0,1492948.0,1490654.0,1489134.0,1485049.0,1482151.0,1480293.0,1471385.0,1462545.0,1454017.0,1444585.0
광주광역시 - 인구증가율＜br＞{(A-B)÷B}×100,Statistics,0.88,1.02,-0.06,0.44,0.08,0.56,0.53,0.78,0.78,1.53,0.65,0.42,0.32,0.3,-0.15,-0.1,-0.27,-0.2,-0.13,-0.6,-0.6,-0.58,-0.65
광주광역시 - 전년 총인구＜br＞(B),Statistics,1375212.0,1387360.0,1401525.0,1400683.0,1406915.0,1408106.0,1415953.0,1423460.0,1434625.0,1445828.0,1467996.0,1477570.0,1483708.0,1488467.0,1492948.0,1490654.0,1489134.0,1485049.0,1482151.0,1480293.0,1471385.0,1462545.0,1454017.0
광주시 - 당해년 총인구＜br＞(A),Statistics,154808.0,177593.0,198086.0,212621.0,220705.0,229912.0,238044.0,244033.0,247957.0,259387.0,274814.0,284762.0,296383.0,309701.0,324056.0,339837.0,358371.0,376819.0,385640.0,393954.0,398225.0,402764.0,404270.0
광주시 - 인구증가율＜br＞{(A-B)÷B}×100,Statistics,9.73,14.72,11.54,7.34,3.8,4.17,3.54,2.52,1.61,4.61,5.95,3.62,4.08,4.49,4.64,4.87,5.45,5.15,2.34,2.16,1.08,1.14,0.37
광주시 - 전년 총인구＜br＞(B),Statistics,141077.0,154808.0,177593.0,198086.0,212621.0,220705.0,229912.0,238044.0,244033.0,247957.0,259387.0,274814.0,284762.0,296383.0,309701.0,324056.0,339837.0,358371.0,376819.0,385640.0,393954.0,398225.0,402764.0
광진구 - 당해년 총인구＜br＞(A),Statistics,390090.0,388478.0,388659.0,384681.0,380480.0,381540.0,386367.0,387254.0,386513.0,388775.0,386679.0,384269.0,381439.0,377375.0,375180.0,372104.0,372298.0,371063.0,366972.0,360109.0,352627.0,351252.0,351180.0
광진구 - 인구증가율＜br＞{(A-B)÷B}×100,Statistics,-0.75,-0.41,0.05,-1.02,-1.09,0.28,1.27,0.23,-0.19,0.59,-0.54,-0.62,-0.74,-1.07,-0.58,-0.82,0.05,-0.33,-1.1,-1.87,-2.08,-0.39,-0.02
광진구 - 전년 총인구＜br＞(B),Statistics,393055.0,390090.0,388478.0,388659.0,384681.0,380480.0,381540.0,386367.0,387254.0,386513.0,388775.0,386679.0,384269.0,381439.0,377375.0,375180.0,372104.0,372298.0,371063.0,366972.0,360109.0,352627.0,351252.0
괴산군 - 당해년 총인구＜br＞(A),Statistics,43220.0,42009.0,40722.0,39886.0,38916.0,37952.0,37308.0,37066.0,37273.0,37402.0,37932.0,38316.0,38675.0,39003.0,39477.0,39748.0,39854.0,40032.0,40149.0,40350.0,38947.0,37969.0,37804.0
괴산군 - 인구증가율＜br＞{(A-B)÷B}×100,Statistics,-2.79,-2.8,-3.06,-2.05,-2.43,-2.48,-1.7,-0.65,0.56,0.35,1.42,1.01,0.94,0.85,1.22,0.69,0.27,0.45,0.29,0.5,-3.48,-2.51,-0.43
괴산군 - 전년 총인구＜br＞(B),Statistics,44461.0,43220.0,42009.0,40722.0,39886.0,38916.0,37952.0,37308.0,37066.0,37273.0,37402.0,37932.0,38316.0,38675.0,39003.0,39477.0,39748.0,39854.0,40032.0,40149.0,40350.0,38947.0,37969.0
구례군 - 당해년 총인구＜br＞(A),Statistics,33031.0,31846.0,30600.0,30341.0,29687.0,28991.0,28382.0,27882.0,27698.0,27565.0,27615.0,27282.0,27315.0,27391.0,27536.0,27640.0,27770.0,27350.0,26784.0,25925.0,25423.0,24860.0,24524.0
구례군 - 인구증가율＜br＞{(A-B)÷B}×100,Statistics,-1.88,-3.59,-3.91,-0.85,-2.16,-2.34,-2.1,-1.76,-0.66,-0.48,0.18,-1.21,0.12,0.28,0.53,0.38,0.47,-1.51,-2.07,-3.21,-1.94,-2.21,-1.35
구례군 - 전년 총인구＜br＞(B),Statistics,33663.0,33031.0,31846.0,30600.0,30341.0,29687.0,28991.0,28382.0,27882.0,27698.0,27565.0,27615.0,27282.0,27315.0,27391.0,27536.0,27640.0,27770.0,27350.0,26784.0,25925.0,25423.0,24860.0
구로구 - 당해년 총인구＜br＞(A),Statistics,417453.0,415789.0,419438.0,424725.0,427119.0,436786.0,445095.0,448696.0,449613.0,452667.0,458908.0,454478.0,452168.0,457131.0,454604.0,449600.0,441559.0,438486.0,439371.0,432488.0,421163.0,418418.0,415651.0
구로구 - 인구증가율＜br＞{(A-B)÷B}×100,Statistics,3.13,-0.4,0.88,1.26,0.56,2.26,1.9,0.81,0.2,0.68,1.38,-0.97,-0.51,1.1,-0.55,-1.1,-1.79,-0.7,0.2,-1.57,-2.62,-0.65,-0.66
구로구 - 전년 총인구＜br＞(B),Statistics,404786.0,417453.0,415789.0,419438.0,424725.0,427119.0,436786.0,445095.0,448696.0,449613.0,452667.0,458908.0,454478.0,452168.0,457131.0,454604.0,449600.0,441559.0,438486.0,439371.0,432488.0,421163.0,418418.0
구리시 - 당해년 총인구＜br＞(A),Statistics,185494.0,193850.0,193842.0,194346.0,193532.0,195054.0,198238.0,197438.0,197132.0,197879.0,196341.0,193745.0,191029.0,188202.0,188155.0,195153.0,201459.0,204977.0,200755.0,198856.0,193351.0,190210.0,188634.0
구리시 - 인구증가율＜br＞{(A-B)÷B}×100,Statistics,9.11,4.5,0.0,0.26,-0.42,0.79,1.63,-0.4,-0.15,0.38,-0.78,-1.32,-1.4,-1.48,-0.02,3.72,3.23,1.75,-2.06,-0.95,-2.77,-1.62,-0.83
구리시 - 전년 총인구＜br＞(B),Statistics,170008.0,185494.0,193850.0,193842.0,194346.0,193532.0,195054.0,198238.0,197438.0,197132.0,197879.0,196341.0,193745.0,191029.0,188202.0,188155.0,195153.0,201459.0,204977.0,200755.0,198856.0,193351.0,190210.0
구미시 - 당해년 총인구＜br＞(A),Statistics,348489.0,354746.0,360221.0,370088.0,378560.0,391368.0,396884.0,398949.0,401222.0,409792.0,418744.0,422292.0,425388.0,426532.0,425792.0,425492.0,427248.0,426684.0,424719.0,420987.0,417161.0,413100.0,411366.0
구미시 - 인구증가율＜br＞{(A-B)÷B}×100,Statistics,2.19,1.8,1.54,2.74,2.29,3.38,1.41,0.52,0.57,2.14,2.18,0.85,0.73,0.27,-0.17,-0.07,0.41,-0.13,-0.46,-0.88,-0.91,-0.97,-0.42
구미시 - 전년 총인구＜br＞(B),Statistics,341034.0,348489.0,354746.0,360221.0,370088.0,378560.0,391368.0,396884.0,398949.0,401222.0,409792.0,418744.0,422292.0,425388.0,426532.0,425792.0,425492.0,427248.0,426684.0,424719.0,420987.0,417161.0,413100.0
군산시 - 당해년 총인구＜br＞(A),Statistics,277680.0,273086.0,269865.0,266541.0,264750.0,263194.0,263213.0,267146.0,270329.0,276166.0,279953.0,282762.0,282970.0,283320.0,283931.0,283041.0,280263.0,278345.0,276232.0,273651.0,271126.0,269270.0,268423.0
군산시 - 인구증가율＜br＞{(A-B)÷B}×100,Statistics,-0.32,-1.65,-1.18,-1.23,-0.67,-0.59,0.01,1.49,1.19,2.16,1.37,1.0,0.07,0.12,0.22,-0.31,-0.98,-0.68,-0.76,-0.93,-0.92,-0.68,-0.31
군산시 - 전년 총인구＜br＞(B),Statistics,278577.0,277680.0,273086.0,269865.0,266541.0,264750.0,263194.0,263213.0,267146.0,270329.0,276166.0,279953.0,282762.0,282970.0,283320.0,283931.0,283041.0,280263.0,278345.0,276232.0,273651.0,271126.0,269270.0
군위군 - 당해년 총인구＜br＞(A),Statistics,34293.0,31902.0,30067.0,29157.0,27984.0,26991.0,26176.0,25712.0,25377.0,25154.0,24699.0,24553.0,24681.0,24731.0,24702.0,24787.0,24780.0,24465.0,24381.0,23748.0,23370.0,23796.0,23515.0
군위군 - 인구증가율＜br＞{(A-B)÷B}×100,Statistics,4.42,-6.97,-5.75,-3.03,-4.02,-3.55,-3.02,-1.77,-1.3,-0.88,-1.81,-0.59,0.52,0.2,-0.12,0.34,-0.03,-1.27,-0.34,-2.6,-1.59,1.82,
군위군 - 전년 총인구＜br＞(B),Statistics,32842.0,34293.0,31902.0,30067.0,29157.0,27984.0,26991.0,26176.0,25712.0,25377.0,25154.0,24699.0,24553.0,24681.0,24731.0,24702.0,24787.0,24780.0,24465.0,24381.0,23748.0,23370.0,23796.0
군포시 - 당해년 총인구＜br＞(A),Statistics,270326.0,269889.0,276756.0,278680.0,280492.0,278049.0,279536.0,282434.0,280801.0,293263.0,292888.0,292201.0,292000.0,294987.0,294516.0,291662.0,287988.0,283876.0,282862.0,280039.0,274100.0,271745.0,267009.0
군포시 - 인구증가율＜br＞{(A-B)÷B}×100,Statistics,-0.36,-0.16,2.54,0.7,0.65,-0.87,0.53,1.04,-0.58,4.44,-0.13,-0.23,-0.07,1.02,-0.16,-0.97,-1.26,-1.43,-0.36,-1.0,-2.12,-0.86,-1.74
군포시 - 전년 총인구＜br＞(B),Statistics,271306.0,270326.0,269889.0,276756.0,278680.0,280492.0,278049.0,279536.0,282434.0,280801.0,293263.0,292888.0,292201.0,292000.0,294987.0,294516.0,291662.0,287988.0,283876.0,282862.0,280039.0,274100.0,271745.0
금산군 - 당해년 총인구＜br＞(A),Statistics,63345.0,61704.0,61256.0,60620.0,59014.0,58369.0,58583.0,57680.0,57209.0,57578.0,57036.0,56804.0,56671.0,56506.0,56417.0,56339.0,55807.0,55470.0,54596.0,53561.0,52422.0,52499.0,52994.0
금산군 - 인구증가율＜br＞{(A-B)÷B}×100,Statistics,-2.22,-2.59,-0.73,-1.04,-2.65,-1.09,0.37,-1.54,-0.82,0.65,-0.94,-0.41,-0.23,-0.29,-0.16,-0.14,-0.94,-0.6,-1.58,-1.9,-2.13,0.15,0.94
금산군 - 전년 총인구＜br＞(B),Statistics,64785.0,63345.0,61704.0,61256.0,60620.0,59014.0,58369.0,58583.0,57680.0,57209.0,57578.0,57036.0,56804.0,56671.0,56506.0,56417.0,56339.0,55807.0,55470.0,54596.0,53561.0,52422.0,52499.0
금정구 - 당해년 총인구＜br＞(A),Statistics,287730.0,280692.0,276834.0,271346.0,266329.0,264907.0,260844.0,258604.0,254272.0,257662.0,257090.0,258066.0,256015.0,252850.0,249465.0,248587.0,248589.0,247389.0,243535.0,236207.0,231710.0,225418.0,219952.0
금정구 - 인구증가율＜br＞{(A-B)÷B}×100,Statistics,-2.16,-2.45,-1.37,-1.98,-1.85,-0.53,-1.53,-0.86,-1.68,1.33,-0.22,0.38,-0.79,-1.24,-1.34,-0.35,0.0,-0.48,-1.56,-3.01,-1.9,-2.72,-2.42
금정구 - 전년 총인구＜br＞(B),Statistics,294081.0,287730.0,280692.0,276834.0,271346.0,266329.0,264907.0,260844.0,258604.0,254272.0,257662.0,257090.0,258066.0,256015.0,252850.0,249465.0,248587.0,248589.0,247389.0,243535.0,236207.0,231710.0,225418.0
금천구 - 당해년 총인구＜br＞(A),Statistics,263061.0,264004.0,267355.0,266047.0,263936.0,263989.0,264323.0,265244.0,263116.0,264544.0,264256.0,260734.0,258254.0,258030.0,256167.0,254654.0,253491.0,254021.0,251820.0,247835.0,244891.0,242818.0,241105.0
금천구 - 인구증가율＜br＞{(A-B)÷B}×100,Statistics,-2.12,0.36,1.27,-0.49,-0.79,0.02,0.13,0.35,-0.8,0.54,-0.11,-1.33,-0.95,-0.09,-0.72,-0.59,-0.46,0.21,-0.87,-1.58,-1.19,-0.85,-0.71
금천구 - 전년 총인구＜br＞(B),Statistics,268768.0,263061.0,264004.0,267355.0,266047.0,263936.0,263989.0,264323.0,265244.0,263116.0,264544.0,264256.0,260734.0,258254.0,258030.0,256167.0,254654.0,253491.0,254021.0,251820.0,247835.0,244891.0,242818.0
기장군 - 당해년 총인구＜br＞(A),Statistics,76721.0,76959.0,78431.0,80554.0,80841.0,80209.0,80438.0,82136.0,90380.0,103762.0,109495.0,116064.0,134060.0,146615.0,155164.0,160622.0,163649.0,166899.0,166679.0,176377.0,178926.0,180616.0,181164.0
기장군 - 인구증가율＜br＞{(A-B)÷B}×100,Statistics,2.54,0.31,1.91,2.71,0.36,-0.78,0.29,2.11,10.04,14.81,5.53,6.0,15.51,9.37,5.83,3.52,1.88,1.99,-0.13,5.82,1.45,0.94,0.3
기장군 - 전년 총인구＜br＞(B),Statistics,74824.0,76721.0,76959.0,78431.0,80554.0,80841.0,80209.0,80438.0,82136.0,90380.0,103762.0,109495.0,116064.0,134060.0,146615.0,155164.0,160622.0,163649.0,166899.0,166679.0,176377.0,178926.0,180616.0
김제시 - 당해년 총인구＜br＞(A),Statistics,115683.0,111462.0,111339.0,105900.0,103446.0,101252.0,98740.0,97012.0,95940.0,95557.0,94623.0,93970.0,92854.0,91869.0,90618.0,89747.0,88878.0,87329.0,85924.0,84326.0,82655.0,83628.0,84115.0
김제시 - 인구증가율＜br＞{(A-B)÷B}×100,Statistics,-0.45,-3.65,-0.11,-4.89,-2.32,-2.12,-2.48,-1.75,-1.11,-0.4,-0.98,-0.69,-1.19,-1.06,-1.36,-0.96,-0.97,-1.74,-1.61,-1.86,-1.98,1.18,0.58
김제시 - 전년 총인구＜br＞(B),Statistics,116211.0,115683.0,111462.0,111339.0,105900.0,103446.0,101252.0,98740.0,97012.0,95940.0,95557.0,94623.0,93970.0,92854.0,91869.0,90618.0,89747.0,88878.0,87329.0,85924.0,84326.0,82655.0,83628.0
김천시 - 당해년 총인구＜br＞(A),Statistics,151764.0,147760.0,151336.0,144587.0,142688.0,140922.0,140564.0,139871.0,137796.0,137837.0,137920.0,137052.0,136858.0,137158.0,141987.0,144254.0,145068.0,143480.0,143620.0,142757.0,142598.0,142112.0,140629.0
김천시 - 인구증가율＜br＞{(A-B)÷B}×100,Statistics,0.72,-2.64,2.42,-4.46,-1.31,-1.24,-0.25,-0.49,-1.48,0.03,0.06,-0.63,-0.14,0.22,3.52,1.6,0.56,-1.09,0.1,-0.6,-0.11,-0.34,-1.04
김천시 - 전년 총인구＜br＞(B),Statistics,150684.0,151764.0,147760.0,151336.0,144587.0,142688.0,140922.0,140564.0,139871.0,137796.0,137837.0,137920.0,137052.0,136858.0,137158.0,141987.0,144254.0,145068.0,143480.0,143620.0,142757.0,142598.0,142112.0
김포시 - 당해년 총인구＜br＞(A),Statistics,183156.0,196193.0,211515.0,216689.0,214901.0,217558.0,216931.0,231780.0,237566.0,250669.0,269168.0,299119.0,325543.0,355900.0,366773.0,381278.0,410432.0,443019.0,457556.0,492766.0,504267.0,504107.0,508800.0
김포시 - 인구증가율＜br＞{(A-B)÷B}×100,Statistics,10.69,7.12,7.81,2.45,-0.83,1.24,-0.29,6.85,2.5,5.52,7.38,11.13,8.83,9.33,3.06,3.95,7.65,7.94,3.28,7.7,2.33,-0.03,0.93
김포시 - 전년 총인구＜br＞(B),Statistics,165466.0,183156.0,196193.0,211515.0,216689.0,214901.0,217558.0,216931.0,231780.0,237566.0,250669.0,269168.0,299119.0,325543.0,355900.0,366773.0,381278.0,410432.0,443019.0,457556.0,492766.0,504267.0,504107.0
김해시 - 당해년 총인구＜br＞(A),Statistics,357149.0,393936.0,412894.0,433076.0,448796.0,461925.0,475093.0,490025.0,505056.0,517316.0,523177.0,528730.0,538181.0,544972.0,547387.0,547854.0,550758.0,552360.0,561468.0,559242.0,553719.0,553040.0,555084.0
김해시 - 인구증가율＜br＞{(A-B)÷B}×100,Statistics,2.9,10.3,4.81,4.89,3.63,2.93,2.85,3.14,3.07,2.43,1.13,1.06,1.79,1.26,0.44,0.09,0.53,0.29,1.65,-0.4,-0.99,-0.12,0.37
김해시 - 전년 총인구＜br＞(B),Statistics,347070.0,357149.0,393936.0,412894.0,433076.0,448796.0,461925.0,475093.0,490025.0,505056.0,517316.0,523177.0,528730.0,538181.0,544972.0,547387.0,547854.0,550758.0,552360.0,561468.0,559242.0,553719.0,553040.0
나주시 - 당해년 총인구＜br＞(A),Statistics,106431.0,103452.0,102377.0,100054.0,98770.0,97475.0,96670.0,94246.0,92236.0,91540.0,89906.0,89675.0,89462.0,92671.0,100250.0,106760.0,112674.0,116640.0,117445.0,118251.0,119367.0,119553.0,121298.0
나주시 - 인구증가율＜br＞{(A-B)÷B}×100,Statistics,-2.32,-2.8,-1.04,-2.27,-1.28,-1.31,-0.83,-2.51,-2.13,-0.75,-1.79,-0.26,-0.24,3.59,8.18,6.49,5.54,3.52,0.69,0.69,0.94,0.16,1.46
나주시 - 전년 총인구＜br＞(B),Statistics,108962.0,106431.0,103452.0,102377.0,100054.0,98770.0,97475.0,96670.0,94246.0,92236.0,91540.0,89906.0,89675.0,89462.0,92671.0,100250.0,106760.0,112674.0,116640.0,117445.0,118251.0,119367.0,119553.0
남구 - 당해년 총인구＜br＞(A),Statistics,303301.0,306150.0,308270.0,305595.0,303558.0,299518.0,298898.0,300966.0,301043.0,301904.0,298776.0,294673.0,295195.0,290137.0,286483.0,282624.0,278861.0,285635.0,280411.0,272754.0,267024.0,261871.0,260487.0
남구 - 인구증가율＜br＞{(A-B)÷B}×100,Statistics,1.08,0.94,0.69,-0.87,-0.67,-1.33,-0.21,0.69,0.03,0.29,-1.04,-1.37,0.18,-1.71,-1.26,-1.35,-1.33,2.43,-1.83,-2.73,-2.1,-1.93,-0.53
남구 - 전년 총인구＜br＞(B),Statistics,300075.0,303301.0,306150.0,308270.0,305595.0,303558.0,299518.0,298898.0,300966.0,301043.0,301904.0,298776.0,294673.0,295195.0,290137.0,286483.0,282624.0,278861.0,285635.0,280411.0,272754.0,267024.0,261871.0
남동구 - 당해년 총인구＜br＞(A),Statistics,413342.0,409537.0,402739.0,394401.0,388596.0,400950.0,436862.0,461808.0,474885.0,485594.0,507705.0,514436.0,518781.0,527253.0,543899.0,543038.0,548759.0,549691.0,545131.0,536938.0,529200.0,517473.0,504601.0
남동구 - 인구증가율＜br＞{(A-B)÷B}×100,Statistics,0.07,-0.92,-1.66,-2.07,-1.47,3.18,8.96,5.71,2.83,2.26,4.55,1.33,0.84,1.63,3.16,-0.16,1.05,0.17,-0.83,-1.5,-1.44,-2.22,-2.49
남동구 - 전년 총인구＜br＞(B),Statistics,413043.0,413342.0,409537.0,402739.0,394401.0,388596.0,400950.0,436862.0,461808.0,474885.0,485594.0,507705.0,514436.0,518781.0,527253.0,543899.0,543038.0,548759.0,549691.0,545131.0,536938.0,529200.0,517473.0
남양주시 - 당해년 총인구＜br＞(A),Statistics,376231.0,394202.0,405733.0,423073.0,454498.0,475733.0,497941.0,511603.0,530699.0,569756.0,583952.0,604864.0,623743.0,642192.0,659633.0,668696.0,672120.0,688965.0,709307.0,720462.0,740856.0,745116.0,740780.0
남양주시 - 인구증가율＜br＞{(A-B)÷B}×100,Statistics,4.69,4.78,2.93,4.27,7.43,4.67,4.67,2.74,3.73,7.36,2.49,3.58,3.12,2.96,2.72,1.37,0.51,2.51,2.95,1.57,2.83,0.58,-0.58
남양주시 - 전년 총인구＜br＞(B),Statistics,359388.0,376231.0,394202.0,405733.0,423073.0,454498.0,475733.0,497941.0,511603.0,530699.0,569756.0,583952.0,604864.0,623743.0,642192.0,659633.0,668696.0,672120.0,688965.0,709307.0,720462.0,740856.0,745116.0
남원시 - 당해년 총인구＜br＞(A),Statistics,104198.0,100677.0,102279.0,96603.0,94095.0,91886.0,89898.0,89123.0,88496.0,88563.0,88273.0,87797.0,87265.0,86509.0,85800.0,85140.0,84257.0,83566.0,82463.0,81615.0,80319.0,78910.0,77961.0
남원시 - 인구증가율＜br＞{(A-B)÷B}×100,Statistics,0.4,-3.38,1.59,-5.55,-2.6,-2.35,-2.16,-0.86,-0.7,0.08,-0.33,-0.54,-0.61,-0.87,-0.82,-0.77,-1.04,-0.82,-1.32,-1.03,-1.59,-1.75,-1.2
남원시 - 전년 총인구＜br＞(B),Statistics,103783.0,104198.0,100677.0,102279.0,96603.0,94095.0,91886.0,89898.0,89123.0,88496.0,88563.0,88273.0,87797.0,87265.0,86509.0,85800.0,85140.0,84257.0,83566.0,82463.0,81615.0,80319.0,78910.0
남해군 - 당해년 총인구＜br＞(A),Statistics,58039.0,56179.0,54591.0,53328.0,52048.0,51144.0,55423.0,51158.0,50767.0,49889.0,50874.0,48899.0,47977.0,47402.0,46711.0,45994.0,45476.0,44819.0,44483.0,43738.0,43015.0,42462.0,41797.0
남해군 - 인구증가율＜br＞{(A-B)÷B}×100,Statistics,-3.07,-3.2,-2.83,-2.31,-2.4,-1.74,8.37,-7.7,-0.76,-1.73,1.97,-3.88,-1.89,-1.2,-1.46,-1.53,-1.13,-1.44,-0.75,-1.67,-1.65,-1.29,-1.57
남해군 - 전년 총인구＜br＞(B),Statistics,59875.0,58039.0,56179.0,54591.0,53328.0,52048.0,51144.0,55423.0,51158.0,50767.0,49889.0,50874.0,48899.0,47977.0,47402.0,46711.0,45994.0,45476.0,44819.0,44483.0,43738.0,43015.0,42462.0
노원구 - 당해년 총인구＜br＞(A),Statistics,648615.0,643585.0,633934.0,630555.0,624855.0,621676.0,621192.0,620808.0,615161.0,615425.0,608062.0,600829.0,594027.0,586056.0,578221.0,571212.0,558075.0,548160.0,537303.0,527032.0,514946.0,508014.0,502925.0
노원구 - 인구증가율＜br＞{(A-B)÷B}×100,Statistics,2.29,-0.78,-1.5,-0.53,-0.9,-0.51,-0.08,-0.06,-0.91,0.04,-1.2,-1.19,-1.13,-1.34,-1.34,-1.21,-2.3,-1.78,-1.98,-1.91,-2.29,-1.35,-1.0
노원구 - 전년 총인구＜br＞(B),Statistics,634068.0,648615.0,643585.0,633934.0,630555.0,624855.0,621676.0,621192.0,620808.0,615161.0,615425.0,608062.0,600829.0,594027.0,586056.0,578221.0,571212.0,558075.0,548160.0,537303.0,527032.0,514946.0,508014.0
논산시 - 당해년 총인구＜br＞(A),Statistics,140793.0,138013.0,136541.0,136503.0,135210.0,132814.0,131365.0,130114.0,129597.0,130311.0,130710.0,129921.0,128965.0,128077.0,127735.0,127022.0,126192.0,124298.0,122981.0,120540.0,118184.0,117143.0,115826.0
논산시 - 인구증가율＜br＞{(A-B)÷B}×100,Statistics,-1.42,-1.97,-1.07,-0.03,-0.95,-1.77,-1.09,-0.95,-0.4,0.55,0.31,-0.6,-0.74,-0.69,-0.27,-0.56,-0.65,-1.5,-1.06,-1.98,-1.95,-0.88,-1.12
논산시 - 전년 총인구＜br＞(B),Statistics,142828.0,140793.0,138013.0,136541.0,136503.0,135210.0,132814.0,131365.0,130114.0,129597.0,130311.0,130710.0,129921.0,128965.0,128077.0,127735.0,127022.0,126192.0,124298.0,122981.0,120540.0,118184.0,117143.0
단양군 - 당해년 총인구＜br＞(A),Statistics,38797.0,37389.0,35827.0,34945.0,34356.0,33623.0,32684.0,32220.0,32126.0,32087.0,31861.0,31482.0,31390.0,31177.0,30998.0,30746.0,30449.0,30476.0,29970.0,29338.0,28509.0,27972.0,27977.0
단양군 - 인구증가율＜br＞{(A-B)÷B}×100,Statistics,-3.19,-3.63,-4.18,-2.46,-1.69,-2.13,-2.79,-1.42,-0.29,-0.12,-0.7,-1.19,-0.29,-0.68,-0.57,-0.81,-0.97,0.09,-1.66,-2.11,-2.83,-1.88,0.02
단양군 - 전년 총인구＜br＞(B),Statistics,40074.0,38797.0,37389.0,35827.0,34945.0,34356.0,33623.0,32684.0,32220.0,32126.0,32087.0,31861.0,31482.0,31390.0,31177.0,30998.0,30746.0,30449.0,30476.0,29970.0,29338.0,28509.0,27972.0
달서구 - 당해년 총인구＜br＞(A),Statistics,604371.0,610513.0,609106.0,606679.0,600852.0,595049.0,598035.0,601678.0,604938.0,614553.0,614437.0,614330.0,618613.0,615140.0,611460.0,600510.0,586532.0,582422.0,579352.0,568481.0,554629.0,547387.0,539175.0
달서구 - 인구증가율＜br＞{(A-B)÷B}×100,Statistics,1.86,1.02,-0.23,-0.4,-0.96,-0.97,0.5,0.61,0.54,1.59,-0.02,-0.02,0.7,-0.56,-0.6,-1.79,-2.33,-0.7,-0.53,-1.88,-2.44,-1.31,-1.5
달서구 - 전년 총인구＜br＞(B),Statistics,593311.0,604371.0,610513.0,609106.0,606679.0,600852.0,595049.0,598035.0,601678.0,604938.0,614553.0,614437.0,614330.0,618613.0,615140.0,611460.0,600510.0,586532.0,582422.0,579352.0,568481.0,554629.0,547387.0
달성군 - 당해년 총인구＜br＞(A),Statistics,158278.0,157797.0,160062.0,158208.0,160363.0,160693.0,162854.0,173361.0,178477.0,181623.0,183639.0,187668.0,188085.0,189346.0,197672.0,223585.0,248890.0,256345.0,262580.0,264680.0,267473.0,268788.0,268757.0
달성군 - 인구증가율＜br＞{(A-B)÷B}×100,Statistics,1.2,-0.3,1.44,-1.16,1.36,0.21,1.34,6.45,2.95,1.76,1.11,2.19,0.22,0.67,4.4,13.11,11.32,3.0,2.43,0.8,1.06,0.49,-0.01
달성군 - 전년 총인구＜br＞(B),Statistics,156405.0,158278.0,157797.0,160062.0,158208.0,160363.0,160693.0,162854.0,173361.0,178477.0,181623.0,183639.0,187668.0,188085.0,189346.0,197672.0,223585.0,248890.0,256345.0,262580.0,264680.0,267473.0,268788.0
담양군 - 당해년 총인구＜br＞(A),Statistics,53672.0,51954.0,51417.0,51081.0,50844.0,50865.0,51022.0,48949.0,47886.0,48448.0,48483.0,48361.0,48222.0,48191.0,48024.0,48300.0,48334.0,47952.0,47533.0,47199.0,47048.0,46854.0,46620.0
담양군 - 인구증가율＜br＞{(A-B)÷B}×100,Statistics,-3.22,-3.2,-1.03,-0.65,-0.46,0.04,0.31,-4.06,-2.17,1.17,0.07,-0.25,-0.29,-0.06,-0.35,0.57,0.07,-0.79,-0.87,-0.7,-0.32,-0.41,-0.5
담양군 - 전년 총인구＜br＞(B),Statistics,55459.0,53672.0,51954.0,51417.0,51081.0,50844.0,50865.0,51022.0,48949.0,47886.0,48448.0,48483.0,48361.0,48222.0,48191.0,48024.0,48300.0,48334.0,47952.0,47533.0,47199.0,47048.0,46854.0
당진시 - 당해년 총인구＜br＞(A),Statistics,,,,,,,,,,,,159005.0,163921.0,167892.0,170259.0,171870.0,172816.0,173544.0,173024.0,171699.0,172204.0,174079.0,177624.0
당진시 - 인구증가율＜br＞{(A-B)÷B}×100,Statistics,,,,,,,,,,,,3.25,3.09,2.42,1.41,0.95,0.55,0.42,-0.3,-0.77,0.29,1.09,2.04
당진시 - 전년 총인구＜br＞(B),Statistics,,,,,,,,,,,,,159005.0,163921.0,167892.0,170259.0,171870.0,172816.0,173544.0,173024.0,171699.0,172204.0,174079.0
대구광역시 - 당해년 총인구＜br＞(A),Statistics,2539587.0,2540647.0,2544811.0,2539738.0,2525836.0,2513219.0,2512670.0,2512601.0,2509187.0,2532077.0,2529285.0,2527566.0,2524890.0,2518467.0,2513970.0,2511050.0,2501673.0,2489802.0,2468222.0,2446144.0,2412642.0,2393259.0,2408265.0
대구광역시 - 인구증가율＜br＞{(A-B)÷B}×100,Statistics,0.05,0.04,0.16,-0.2,-0.55,-0.5,-0.02,0.0,-0.14,0.91,-0.11,-0.07,-0.11,-0.25,-0.18,-0.12,-0.37,-0.47,-0.87,-0.89,-1.37,-0.8,0.63
대구광역시 - 전년 총인구＜br＞(B),Statistics,2538212.0,2539587.0,2540647.0,2544811.0,2539738.0,2525836.0,2513219.0,2512670.0,2512601.0,2509187.0,2532077.0,2529285.0,2527566.0,2524890.0,2518467.0,2513970.0,2511050.0,2501673.0,2489802.0,2468222.0,2446144.0,2412642.0,2393259.0
대덕구 - 당해년 총인구＜br＞(A),Statistics,231886.0,230862.0,230421.0,228208.0,224659.0,219014.0,215148.0,213248.0,210114.0,209598.0,207367.0,207608.0,206391.0,203651.0,199095.0,195034.0,189205.0,184266.0,179419.0,178506.0,177085.0,175151.0,172571.0
대덕구 - 인구증가율＜br＞{(A-B)÷B}×100,Statistics,-0.13,-0.44,-0.19,-0.96,-1.56,-2.51,-1.77,-0.88,-1.47,-0.25,-1.06,0.12,-0.59,-1.33,-2.24,-2.04,-2.99,-2.61,-2.63,-0.51,-0.8,-1.09,-1.47
대덕구 - 전년 총인구＜br＞(B),Statistics,232197.0,231886.0,230862.0,230421.0,228208.0,224659.0,219014.0,215148.0,213248.0,210114.0,209598.0,207367.0,207608.0,206391.0,203651.0,199095.0,195034.0,189205.0,184266.0,179419.0,178506.0,177085.0,175151.0
대전광역시 - 당해년 총인구＜br＞(A),Statistics,1408809.0,1424844.0,1438778.0,1450750.0,1462535.0,1475961.0,1487836.0,1494951.0,1498665.0,1518540.0,1530650.0,1539154.0,1547609.0,1547467.0,1535191.0,1531405.0,1519658.0,1508120.0,1493979.0,1480777.0,1469543.0,1466666.0,1465600.0
대전광역시 - 인구증가율＜br＞{(A-B)÷B}×100,Statistics,1.32,1.14,0.98,0.83,0.81,0.92,0.8,0.48,0.25,1.33,0.8,0.56,0.55,-0.01,-0.79,-0.25,-0.77,-0.76,-0.94,-0.88,-0.76,-0.2,-0.07
대전광역시 - 전년 총인구＜br＞(B),Statistics,1390510.0,1408809.0,1424844.0,1438778.0,1450750.0,1462535.0,1475961.0,1487836.0,1494951.0,1498665.0,1518540.0,1530650.0,1539154.0,1547609.0,1547467.0,1535191.0,1531405.0,1519658.0,1508120.0,1493979.0,1480777.0,1469543.0,1466666.0
도봉구 - 당해년 총인구＜br＞(A),Statistics,372318.0,373086.0,378166.0,383611.0,383448.0,379755.0,378559.0,376698.0,372398.0,370734.0,367949.0,364454.0,360609.0,355712.0,353241.0,350272.0,346234.0,341649.0,335631.0,327361.0,319373.0,313989.0,309494.0
도봉구 - 인구증가율＜br＞{(A-B)÷B}×100,Statistics,0.1,0.21,1.36,1.44,-0.04,-0.96,-0.31,-0.49,-1.14,-0.45,-0.75,-0.95,-1.06,-1.36,-0.69,-0.84,-1.15,-1.32,-1.76,-2.46,-2.44,-1.69,-1.43
도봉구 - 전년 총인구＜br＞(B),Statistics,371932.0,372318.0,373086.0,378166.0,383611.0,383448.0,379755.0,378559.0,376698.0,372398.0,370734.0,367949.0,364454.0,360609.0,355712.0,353241.0,350272.0,346234.0,341649.0,335631.0,327361.0,319373.0,313989.0
동구 - 당해년 총인구＜br＞(A),Statistics,125085.0,121821.0,118496.0,115052.0,110758.0,107844.0,105970.0,103983.0,102440.0,102859.0,101845.0,99907.0,97450.0,96017.0,93482.0,91341.0,90370.0,88626.0,89959.0,90574.0,89242.0,88077.0,89584.0
동구 - 인구증가율＜br＞{(A-B)÷B}×100,Statistics,-2.37,-2.61,-2.73,-2.91,-3.73,-2.63,-1.74,-1.88,-1.48,0.41,-0.99,-1.9,-2.46,-1.47,-2.64,-2.29,-1.06,-1.93,1.5,0.68,-1.47,-1.31,1.71
동구 - 전년 총인구＜br＞(B),Statistics,128123.0,125085.0,121821.0,118496.0,115052.0,110758.0,107844.0,105970.0,103983.0,102440.0,102859.0,101845.0,99907.0,97450.0,96017.0,93482.0,91341.0,90370.0,88626.0,89959.0,90574.0,89242.0,88077.0
동대문구 - 당해년 총인구＜br＞(A),Statistics,383822.0,384356.0,386814.0,383896.0,386280.0,385712.0,385825.0,381663.0,374277.0,379343.0,378534.0,375683.0,376445.0,376319.0,373824.0,370312.0,366011.0,364338.0,363023.0,357014.0,352006.0,353601.0,359873.0
동대문구 - 인구증가율＜br＞{(A-B)÷B}×100,Statistics,0.44,0.14,0.64,-0.75,0.62,-0.15,0.03,-1.08,-1.94,1.35,-0.21,-0.75,0.2,-0.03,-0.66,-0.94,-1.16,-0.46,-0.36,-1.66,-1.4,0.45,1.77
동대문구 - 전년 총인구＜br＞(B),Statistics,382122.0,383822.0,384356.0,386814.0,383896.0,386280.0,385712.0,385825.0,381663.0,374277.0,379343.0,378534.0,375683.0,376445.0,376319.0,373824.0,370312.0,366011.0,364338.0,363023.0,357014.0,352006.0,353601.0
동두천시 - 당해년 총인구＜br＞(A),Statistics,75699.0,74739.0,76505.0,81117.0,84601.0,87810.0,90915.0,93207.0,95779.0,98311.0,98814.0,99666.0,100230.0,100528.0,101050.0,101403.0,100266.0,99566.0,98245.0,97687.0,96860.0,95100.0,92414.0
동두천시 - 인구증가율＜br＞{(A-B)÷B}×100,Statistics,-1.38,-1.27,2.36,6.03,4.3,3.79,3.54,2.52,2.76,2.64,0.51,0.86,0.57,0.3,0.52,0.35,-1.12,-0.7,-1.33,-0.57,-0.85,-1.82,-2.82
동두천시 - 전년 총인구＜br＞(B),Statistics,76758.0,75699.0,74739.0,76505.0,81117.0,84601.0,87810.0,90915.0,93207.0,95779.0,98311.0,98814.0,99666.0,100230.0,100528.0,101050.0,101403.0,100266.0,99566.0,98245.0,97687.0,96860.0,95100.0
동래구 - 당해년 총인구＜br＞(A),Statistics,295915.0,291020.0,282732.0,279965.0,276728.0,280269.0,285789.0,283603.0,282525.0,283636.0,284649.0,279805.0,277596.0,276823.0,273716.0,273665.0,271672.0,267452.0,272214.0,271676.0,267739.0,274141.0,271838.0
동래구 - 인구증가율＜br＞{(A-B)÷B}×100,Statistics,-1.57,-1.65,-2.85,-0.98,-1.16,1.28,1.97,-0.76,-0.38,0.39,0.36,-1.7,-0.79,-0.28,-1.12,-0.02,-0.73,-1.55,1.78,-0.2,-1.45,2.39,-0.84
동래구 - 전년 총인구＜br＞(B),Statistics,300624.0,295915.0,291020.0,282732.0,279965.0,276728.0,280269.0,285789.0,283603.0,282525.0,283636.0,284649.0,279805.0,277596.0,276823.0,273716.0,273665.0,271672.0,267452.0,272214.0,271676.0,267739.0,274141.0
동작구 - 당해년 총인구＜br＞(A),Statistics,407793.0,404872.0,413204.0,414199.0,414668.0,414978.0,414839.0,410934.0,407973.0,413814.0,413664.0,416268.0,421487.0,419261.0,412774.0,413247.0,408493.0,409385.0,408912.0,401572.0,394364.0,390432.0,389714.0
동작구 - 인구증가율＜br＞{(A-B)÷B}×100,Statistics,-2.3,-0.72,2.06,0.24,0.11,0.07,-0.03,-0.94,-0.72,1.43,-0.04,0.63,1.25,-0.53,-1.55,0.11,-1.15,0.22,-0.12,-1.8,-1.79,-1.0,-0.18
동작구 - 전년 총인구＜br＞(B),Statistics,417396.0,407793.0,404872.0,413204.0,414199.0,414668.0,414978.0,414839.0,410934.0,407973.0,413814.0,413664.0,416268.0,421487.0,419261.0,412774.0,413247.0,408493.0,409385.0,408912.0,401572.0,394364.0,390432.0
동해시 - 당해년 총인구＜br＞(A),Statistics,103933.0,103039.0,102032.0,101048.0,99547.0,97935.0,97199.0,96241.0,95850.0,95797.0,96366.0,94440.0,95714.0,95203.0,94558.0,93958.0,93657.0,92137.0,91453.0,91492.0,90809.0,90261.0,89597.0
동해시 - 인구증가율＜br＞{(A-B)÷B}×100,Statistics,-0.46,-0.86,-0.98,-0.96,-1.49,-1.62,-0.75,-0.99,-0.41,-0.06,0.59,-2.0,1.35,-0.53,-0.68,-0.63,-0.32,-1.62,-0.74,0.04,-0.75,-0.6,-0.74
동해시 - 전년 총인구＜br＞(B),Statistics,104409.0,103933.0,103039.0,102032.0,101048.0,99547.0,97935.0,97199.0,96241.0,95850.0,95797.0,96366.0,94440.0,95714.0,95203.0,94558.0,93958.0,93657.0,92137.0,91453.0,91492.0,90809.0,90261.0
마포구 - 당해년 총인구＜br＞(A),Statistics,382195.0,378777.0,383629.0,388111.0,393155.0,397049.0,400392.0,393241.0,392313.0,400464.0,398630.0,393576.0,391098.0,395830.0,398351.0,390887.0,385783.0,386359.0,385925.0,381858.0,378686.0,375585.0,375162.0
마포구 - 인구증가율＜br＞{(A-B)÷B}×100,Statistics,-2.03,-0.89,1.28,1.17,1.3,0.99,0.84,-1.79,-0.24,2.08,-0.46,-1.27,-0.63,1.21,0.64,-1.87,-1.31,0.15,-0.11,-1.05,-0.83,-0.82,-0.11
마포구 - 전년 총인구＜br＞(B),Statistics,390101.0,382195.0,378777.0,383629.0,388111.0,393155.0,397049.0,400392.0,393241.0,392313.0,400464.0,398630.0,393576.0,391098.0,395830.0,398351.0,390887.0,385783.0,386359.0,385925.0,381858.0,378686.0,375585.0
목포시 - 당해년 총인구＜br＞(A),Statistics,245666.0,245315.0,241988.0,242380.0,243872.0,242755.0,244801.0,247620.0,246364.0,247442.0,246994.0,247215.0,243171.0,241744.0,241213.0,240555.0,237247.0,235423.0,233175.0,227178.0,221642.0,220447.0,218347.0
목포시 - 인구증가율＜br＞{(A-B)÷B}×100,Statistics,-0.07,-0.14,-1.36,0.16,0.62,-0.46,0.84,1.15,-0.51,0.44,-0.18,0.09,-1.64,-0.59,-0.22,-0.27,-1.38,-0.77,-0.95,-2.57,-2.44,-0.54,-0.95
목포시 - 전년 총인구＜br＞(B),Statistics,245831.0,245666.0,245315.0,241988.0,242380.0,243872.0,242755.0,244801.0,247620.0,246364.0,247442.0,246994.0,247215.0,243171.0,241744.0,241213.0,240555.0,237247.0,235423.0,233175.0,227178.0,221642.0,220447.0
무안군 - 당해년 총인구＜br＞(A),Statistics,69178.0,66240.0,63965.0,62869.0,62385.0,62357.0,64482.0,67825.0,73830.0,75928.0,77276.0,77208.0,80768.0,83107.0,83753.0,83781.0,84558.0,83591.0,82733.0,87630.0,92690.0,92564.0,92379.0
무안군 - 인구증가율＜br＞{(A-B)÷B}×100,Statistics,-1.83,-4.25,-3.43,-1.71,-0.77,-0.04,3.41,5.18,8.85,2.84,1.78,-0.09,4.61,2.9,0.78,0.03,0.93,-1.14,-1.03,5.92,5.77,-0.14,-0.2
무안군 - 전년 총인구＜br＞(B),Statistics,70467.0,69178.0,66240.0,63965.0,62869.0,62385.0,62357.0,64482.0,67825.0,73830.0,75928.0,77276.0,77208.0,80768.0,83107.0,83753.0,83781.0,84558.0,83591.0,82733.0,87630.0,92690.0,92564.0
무주군 - 당해년 총인구＜br＞(A),Statistics,30385.0,27949.0,26785.0,26272.0,25992.0,25579.0,26552.0,26213.0,25979.0,25764.0,26050.0,25510.0,25598.0,25616.0,25470.0,25208.0,25059.0,24827.0,24536.0,24252.0,23940.0,23781.0,23578.0
무주군 - 인구증가율＜br＞{(A-B)÷B}×100,Statistics,3.87,-8.02,-4.16,-1.92,-1.07,-1.59,3.8,-1.28,-0.89,-0.83,1.11,-2.07,0.34,0.07,-0.57,-1.03,-0.59,-0.93,-1.17,-1.16,-1.29,-0.66,-0.85
무주군 - 전년 총인구＜br＞(B),Statistics,29254.0,30385.0,27949.0,26785.0,26272.0,25992.0,25579.0,26552.0,26213.0,25979.0,25764.0,26050.0,25510.0,25598.0,25616.0,25470.0,25208.0,25059.0,24827.0,24536.0,24252.0,23940.0,23781.0
문경시 - 당해년 총인구＜br＞(A),Statistics,89234.0,83955.0,81525.0,79820.0,78357.0,76497.0,75223.0,75973.0,77142.0,77933.0,77304.0,76470.0,76245.0,76520.0,76387.0,75357.0,73926.0,72547.0,72924.0,72067.0,71775.0,71061.0,69636.0
문경시 - 인구증가율＜br＞{(A-B)÷B}×100,Statistics,-0.85,-5.92,-2.89,-2.09,-1.83,-2.37,-1.67,1.0,1.54,1.03,-0.81,-1.08,-0.29,0.36,-0.17,-1.35,-1.9,-1.87,0.52,-1.18,-0.41,-0.99,-2.01
문경시 - 전년 총인구＜br＞(B),Statistics,90000.0,89234.0,83955.0,81525.0,79820.0,78357.0,76497.0,75223.0,75973.0,77142.0,77933.0,77304.0,76470.0,76245.0,76520.0,76387.0,75357.0,73926.0,72547.0,72924.0,72067.0,71775.0,71061.0
미추홀구 - 당해년 총인구＜br＞(A),Statistics,,,,,,,,,,,,,,,,,,425471.0,418494.0,413246.0,416551.0,416412.0,417590.0
미추홀구 - 인구증가율＜br＞{(A-B)÷B}×100,Statistics,,,,,,,,,,,,,,,,,,-0.5,-1.64,-1.25,0.8,-0.03,0.28
미추홀구 - 전년 총인구＜br＞(B),Statistics,,,,,,,,,,,,,,,,,,,425471.0,418494.0,413246.0,416551.0,416412.0
밀양시 - 당해년 총인구＜br＞(A),Statistics,123393.0,120808.0,118431.0,116196.0,114320.0,112847.0,112451.0,111910.0,111112.0,111472.0,110516.0,109967.0,109749.0,109547.0,109985.0,110683.0,110395.0,109371.0,108422.0,107419.0,105995.0,105959.0,106307.0
밀양시 - 인구증가율＜br＞{(A-B)÷B}×100,Statistics,-1.24,-2.09,-1.97,-1.89,-1.61,-1.29,-0.35,-0.48,-0.71,0.32,-0.86,-0.5,-0.2,-0.18,0.4,0.63,-0.26,-0.93,-0.87,-0.93,-1.33,-0.03,0.33
밀양시 - 전년 총인구＜br＞(B),Statistics,124936.0,123393.0,120808.0,118431.0,116196.0,114320.0,112847.0,112451.0,111910.0,111112.0,111472.0,110516.0,109967.0,109749.0,109547.0,109985.0,110683.0,110395.0,109371.0,108422.0,107419.0,105995.0,105959.0
보령시 - 당해년 총인구＜br＞(A),Statistics,116546.0,113671.0,110880.0,109401.0,108639.0,108526.0,108783.0,108182.0,108141.0,108865.0,108260.0,107438.0,107008.0,106702.0,107279.0,106501.0,106001.0,104881.0,104162.0,103088.0,101266.0,100389.0,100023.0
보령시 - 인구증가율＜br＞{(A-B)÷B}×100,Statistics,-1.83,-2.47,-2.46,-1.33,-0.7,-0.1,0.24,-0.55,-0.04,0.67,-0.56,-0.76,-0.4,-0.29,0.54,-0.73,-0.47,-1.06,-0.69,-1.03,-1.77,-0.87,-0.36
보령시 - 전년 총인구＜br＞(B),Statistics,118721.0,116546.0,113671.0,110880.0,109401.0,108639.0,108526.0,108783.0,108182.0,108141.0,108865.0,108260.0,107438.0,107008.0,106702.0,107279.0,106501.0,106001.0,104881.0,104162.0,103088.0,101266.0,100389.0
보성군 - 당해년 총인구＜br＞(A),Statistics,59526.0,57392.0,56101.0,54399.0,53291.0,52107.0,51146.0,50376.0,49495.0,49256.0,48222.0,47382.0,46736.0,46284.0,45781.0,44962.0,44245.0,43295.0,41908.0,40921.0,39786.0,38944.0,38485.0
보성군 - 인구증가율＜br＞{(A-B)÷B}×100,Statistics,-3.09,-3.58,-2.25,-3.03,-2.04,-2.22,-1.84,-1.51,-1.75,-0.48,-2.1,-1.74,-1.36,-0.97,-1.09,-1.79,-1.59,-2.15,-3.2,-2.36,-2.77,-2.12,-1.18
보성군 - 전년 총인구＜br＞(B),Statistics,61423.0,59526.0,57392.0,56101.0,54399.0,53291.0,52107.0,51146.0,50376.0,49495.0,49256.0,48222.0,47382.0,46736.0,46284.0,45781.0,44962.0,44245.0,43295.0,41908.0,40921.0,39786.0,38944.0
보은군 - 당해년 총인구＜br＞(A),Statistics,42215.0,40599.0,39186.0,38300.0,37466.0,36711.0,35767.0,35443.0,35212.0,35328.0,35111.0,34812.0,34725.0,34653.0,34731.0,34682.0,34538.0,34189.0,33453.0,32912.0,32382.0,32004.0,31638.0
보은군 - 인구증가율＜br＞{(A-B)÷B}×100,Statistics,-2.56,-3.83,-3.48,-2.26,-2.18,-2.02,-2.57,-0.91,-0.65,0.33,-0.61,-0.85,-0.25,-0.21,0.23,-0.14,-0.42,-1.01,-2.15,-1.62,-1.61,-1.17,-1.14
보은군 - 전년 총인구＜br＞(B),Statistics,43326.0,42215.0,40599.0,39186.0,38300.0,37466.0,36711.0,35767.0,35443.0,35212.0,35328.0,35111.0,34812.0,34725.0,34653.0,34731.0,34682.0,34538.0,34189.0,33453.0,32912.0,32382.0,32004.0
봉화군 - 당해년 총인구＜br＞(A),Statistics,41452.0,39949.0,39559.0,37662.0,36738.0,35775.0,35243.0,34857.0,34539.0,34810.0,34440.0,34183.0,34171.0,34308.0,34088.0,33809.0,33561.0,33150.0,32464.0,31812.0,31072.0,30469.0,29977.0
봉화군 - 인구증가율＜br＞{(A-B)÷B}×100,Statistics,-3.46,-3.63,-0.98,-4.8,-2.45,-2.62,-1.49,-1.1,-0.91,0.78,-1.06,-0.75,-0.04,0.4,-0.64,-0.82,-0.73,-1.22,-2.07,-2.01,-2.33,-1.94,-1.61
봉화군 - 전년 총인구＜br＞(B),Statistics,42938.0,41452.0,39949.0,39559.0,37662.0,36738.0,35775.0,35243.0,34857.0,34539.0,34810.0,34440.0,34183.0,34171.0,34308.0,34088.0,33809.0,33561.0,33150.0,32464.0,31812.0,31072.0,30469.0
부산광역시 - 당해년 총인구＜br＞(A),Statistics,3786033.0,3747369.0,3711268.0,3684153.0,3657840.0,3635389.0,3615101.0,3596076.0,3574340.0,3600381.0,3586079.0,3573533.0,3563578.0,3557716.0,3553768.0,3540369.0,3513490.0,3487191.0,3459840.0,3432312.0,3389800.0,3360675.0,3342452.0
부산광역시 - 인구증가율＜br＞{(A-B)÷B}×100,Statistics,-0.69,-1.02,-0.96,-0.73,-0.71,-0.61,-0.56,-0.53,-0.6,0.73,-0.4,-0.35,-0.28,-0.16,-0.11,-0.38,-0.76,-0.75,-0.78,-0.8,-1.24,-0.86,-0.54
부산광역시 - 전년 총인구＜br＞(B),Statistics,3812392.0,3786033.0,3747369.0,3711268.0,3684153.0,3657840.0,3635389.0,3615101.0,3596076.0,3574340.0,3600381.0,3586079.0,3573533.0,3563578.0,3557716.0,3553768.0,3540369.0,3513490.0,3487191.0,3459840.0,3432312.0,3389800.0,3360675.0
부산진구 - 당해년 총인구＜br＞(A),Statistics,427511.0,421759.0,411971.0,406860.0,412055.0,407397.0,404331.0,402942.0,398101.0,398174.0,397411.0,395032.0,391957.0,389558.0,383836.0,378850.0,373987.0,364819.0,360541.0,362216.0,355467.0,358201.0,361996.0
부산진구 - 인구증가율＜br＞{(A-B)÷B}×100,Statistics,-0.84,-1.35,-2.32,-1.24,1.28,-1.13,-0.75,-0.34,-1.2,0.02,-0.19,-0.6,-0.78,-0.61,-1.47,-1.3,-1.28,-2.45,-1.17,0.46,-1.86,0.77,1.06
부산진구 - 전년 총인구＜br＞(B),Statistics,431149.0,427511.0,421759.0,411971.0,406860.0,412055.0,407397.0,404331.0,402942.0,398101.0,398174.0,397411.0,395032.0,391957.0,389558.0,383836.0,378850.0,373987.0,364819.0,360541.0,362216.0,355467.0,358201.0
부안군 - 당해년 총인구＜br＞(A),Statistics,76072.0,70546.0,68256.0,66992.0,65267.0,63572.0,62310.0,61323.0,60661.0,60597.0,59555.0,59353.0,59676.0,58093.0,57492.0,57682.0,56744.0,55138.0,54150.0,52949.0,51587.0,51050.0,50219.0
부안군 - 인구증가율＜br＞{(A-B)÷B}×100,Statistics,1.6,-7.26,-3.25,-1.85,-2.57,-2.6,-1.99,-1.58,-1.08,-0.11,-1.72,-0.34,0.54,-2.65,-1.03,0.33,-1.63,-2.83,-1.79,-2.22,-2.57,-1.04,-1.63
부안군 - 전년 총인구＜br＞(B),Statistics,74877.0,76072.0,70546.0,68256.0,66992.0,65267.0,63572.0,62310.0,61323.0,60661.0,60597.0,59555.0,59353.0,59676.0,58093.0,57492.0,57682.0,56744.0,55138.0,54150.0,52949.0,51587.0,51050.0
부여군 - 당해년 총인구＜br＞(A),Statistics,90587.0,88275.0,85682.0,83673.0,81850.0,80115.0,78488.0,77400.0,76295.0,75862.0,74863.0,74126.0,73512.0,72800.0,72257.0,71362.0,70295.0,69254.0,67984.0,66472.0,64893.0,63717.0,62793.0
부여군 - 인구증가율＜br＞{(A-B)÷B}×100,Statistics,-2.43,-2.55,-2.94,-2.34,-2.18,-2.12,-2.03,-1.39,-1.43,-0.57,-1.32,-0.98,-0.83,-0.97,-0.75,-1.24,-1.5,-1.48,-1.83,-2.22,-2.38,-1.81,-1.45
부여군 - 전년 총인구＜br＞(B),Statistics,92842.0,90587.0,88275.0,85682.0,83673.0,81850.0,80115.0,78488.0,77400.0,76295.0,75862.0,74863.0,74126.0,73512.0,72800.0,72257.0,71362.0,70295.0,69254.0,67984.0,66472.0,64893.0,63717.0
부천시 - 당해년 총인구＜br＞(A),Statistics,785754.0,821081.0,852602.0,864501.0,863397.0,870183.0,876569.0,882037.0,884976.0,890875.0,889500.0,885949.0,880907.0,874745.0,869165.0,871785.0,871674.0,868106.0,855685.0,842788.0,829846.0,814315.0,806356.0
부천시 - 인구증가율＜br＞{(A-B)÷B}×100,Statistics,0.74,4.5,3.84,1.4,-0.13,0.79,0.73,0.62,0.33,0.67,-0.15,-0.4,-0.57,-0.7,-0.64,0.3,-0.01,-0.41,-1.43,-1.51,-1.54,-1.87,-0.98
부천시 - 전년 총인구＜br＞(B),Statistics,780003.0,785754.0,821081.0,852602.0,864501.0,863397.0,870183.0,876569.0,882037.0,884976.0,890875.0,889500.0,885949.0,880907.0,874745.0,869165.0,871785.0,871674.0,868106.0,855685.0,842788.0,829846.0,814315.0
부평구 - 당해년 총인구＜br＞(A),Statistics,553961.0,560463.0,557818.0,561129.0,571492.0,575630.0,575631.0,577060.0,571700.0,575252.0,569130.0,566793.0,565313.0,566321.0,565972.0,560649.0,552162.0,538137.0,526126.0,508881.0,500546.0,503419.0,509601.0
부평구 - 인구증가율＜br＞{(A-B)÷B}×100,Statistics,1.06,1.17,-0.47,0.59,1.85,0.72,0.0,0.25,-0.93,0.62,-1.06,-0.41,-0.26,0.18,-0.06,-0.94,-1.51,-2.54,-2.23,-3.28,-1.64,0.57,1.23
부평구 - 전년 총인구＜br＞(B),Statistics,548145.0,553961.0,560463.0,557818.0,561129.0,571492.0,575630.0,575631.0,577060.0,571700.0,575252.0,569130.0,566793.0,565313.0,566321.0,565972.0,560649.0,552162.0,538137.0,526126.0,508881.0,500546.0,503419.0
북구 - 당해년 총인구＜br＞(A),Statistics,311893.0,321473.0,327338.0,333976.0,336483.0,331385.0,326602.0,320328.0,315606.0,313553.0,309239.0,314085.0,310880.0,308215.0,311769.0,311804.0,304753.0,299266.0,293412.0,286002.0,285098.0,280661.0,275492.0
북구 - 인구증가율＜br＞{(A-B)÷B}×100,Statistics,1.4,3.07,1.82,2.03,0.75,-1.52,-1.44,-1.92,-1.47,-0.65,-1.38,1.57,-1.02,-0.86,1.15,0.01,-2.26,-1.8,-1.96,-2.53,-0.32,-1.56,-1.84
북구 - 전년 총인구＜br＞(B),Statistics,307594.0,311893.0,321473.0,327338.0,333976.0,336483.0,331385.0,326602.0,320328.0,315606.0,313553.0,309239.0,314085.0,310880.0,308215.0,311769.0,311804.0,304753.0,299266.0,293412.0,286002.0,285098.0,280661.0
사상구 - 당해년 총인구＜br＞(A),Statistics,302349.0,296208.0,290636.0,284626.0,279907.0,274423.0,268880.0,264685.0,258975.0,261673.0,258515.0,254377.0,251014.0,247364.0,242234.0,237625.0,234131.0,228542.0,223036.0,216705.0,212354.0,208166.0,208398.0
사상구 - 인구증가율＜br＞{(A-B)÷B}×100,Statistics,-0.53,-2.03,-1.88,-2.07,-1.66,-1.96,-2.02,-1.56,-2.16,1.04,-1.21,-1.6,-1.32,-1.45,-2.07,-1.9,-1.47,-2.39,-2.41,-2.84,-2.01,-1.97,0.11
사상구 - 전년 총인구＜br＞(B),Statistics,303952.0,302349.0,296208.0,290636.0,284626.0,279907.0,274423.0,268880.0,264685.0,258975.0,261673.0,258515.0,254377.0,251014.0,247364.0,242234.0,237625.0,234131.0,228542.0,223036.0,216705.0,212354.0,208166.0
사천시 - 당해년 총인구＜br＞(A),Statistics,119555.0,117427.0,115060.0,113217.0,111930.0,113232.0,113716.0,114482.0,114554.0,116223.0,116688.0,117968.0,119722.0,119639.0,118569.0,118044.0,117365.0,117207.0,115342.0,114032.0,112885.0,112496.0,112583.0
사천시 - 인구증가율＜br＞{(A-B)÷B}×100,Statistics,0.01,-1.78,-2.02,-1.6,-1.14,1.16,0.43,0.67,0.06,1.46,0.4,1.1,1.49,-0.07,-0.89,-0.44,-0.58,-0.13,-1.59,-1.14,-1.01,-0.34,0.08
사천시 - 전년 총인구＜br＞(B),Statistics,119543.0,119555.0,117427.0,115060.0,113217.0,111930.0,113232.0,113716.0,114482.0,114554.0,116223.0,116688.0,117968.0,119722.0,119639.0,118569.0,118044.0,117365.0,117207.0,115342.0,114032.0,112885.0,112496.0
사하구 - 당해년 총인구＜br＞(A),Statistics,385967.0,380550.0,378166.0,376919.0,374504.0,370108.0,368371.0,369413.0,363630.0,362697.0,359651.0,356769.0,353243.0,347859.0,342209.0,338966.0,337432.0,332062.0,325264.0,315575.0,309538.0,305823.0,302222.0
사하구 - 인구증가율＜br＞{(A-B)÷B}×100,Statistics,-1.11,-1.4,-0.63,-0.33,-0.64,-1.17,-0.47,0.28,-1.57,-0.26,-0.84,-0.8,-0.99,-1.52,-1.62,-0.95,-0.45,-1.59,-2.05,-2.98,-1.91,-1.2,-1.18
사하구 - 전년 총인구＜br＞(B),Statistics,390297.0,385967.0,380550.0,378166.0,376919.0,374504.0,370108.0,368371.0,369413.0,363630.0,362697.0,359651.0,356769.0,353243.0,347859.0,342209.0,338966.0,337432.0,332062.0,325264.0,315575.0,309538.0,305823.0
산청군 - 당해년 총인구＜br＞(A),Statistics,39915.0,38791.0,37880.0,36963.0,36460.0,35938.0,35561.0,35355.0,35239.0,35900.0,36010.0,36079.0,36389.0,36363.0,36655.0,36701.0,36971.0,36629.0,36025.0,35430.0,34871.0,34647.0,34621.0
산청군 - 인구증가율＜br＞{(A-B)÷B}×100,Statistics,-2.73,-2.82,-2.35,-2.42,-1.36,-1.43,-1.05,-0.58,-0.33,1.88,0.31,0.19,0.86,-0.07,0.8,0.13,0.74,-0.93,-1.65,-1.65,-1.58,-0.64,-0.08
산청군 - 전년 총인구＜br＞(B),Statistics,41034.0,39915.0,38791.0,37880.0,36963.0,36460.0,35938.0,35561.0,35355.0,35239.0,35900.0,36010.0,36079.0,36389.0,36363.0,36655.0,36701.0,36971.0,36629.0,36025.0,35430.0,34871.0,34647.0
삼척시 - 당해년 총인구＜br＞(A),Statistics,79862.0,77555.0,75941.0,74577.0,73434.0,72187.0,71256.0,71431.0,72431.0,72584.0,72848.0,73194.0,73783.0,72939.0,71534.0,70371.0,69339.0,69115.0,68001.0,65939.0,64064.0,64203.0,63502.0
삼척시 - 인구증가율＜br＞{(A-B)÷B}×100,Statistics,-2.91,-2.89,-2.08,-1.8,-1.53,-1.7,-1.29,0.25,1.4,0.21,0.36,0.47,0.8,-1.14,-1.93,-1.63,-1.47,-0.32,-1.61,-3.03,-2.84,0.22,-1.09
삼척시 - 전년 총인구＜br＞(B),Statistics,82255.0,79862.0,77555.0,75941.0,74577.0,73434.0,72187.0,71256.0,71431.0,72431.0,72584.0,72848.0,73194.0,73783.0,72939.0,71534.0,70371.0,69339.0,69115.0,68001.0,65939.0,64064.0,64203.0
상주시 - 당해년 총인구＜br＞(A),Statistics,122277.0,119283.0,115693.0,112943.0,110892.0,108839.0,107266.0,106141.0,106990.0,106440.0,105501.0,104992.0,104170.0,103798.0,103267.0,102701.0,101860.0,101237.0,101678.0,98138.0,96492.0,96158.0,95715.0
상주시 - 인구증가율＜br＞{(A-B)÷B}×100,Statistics,-2.09,-2.45,-3.01,-2.38,-1.82,-1.85,-1.45,-1.05,0.8,-0.51,-0.88,-0.48,-0.78,-0.36,-0.51,-0.55,-0.82,-0.61,0.44,-3.48,-1.68,-0.35,-0.46
상주시 - 전년 총인구＜br＞(B),Statistics,124884.0,122277.0,119283.0,115693.0,112943.0,110892.0,108839.0,107266.0,106141.0,106990.0,106440.0,105501.0,104992.0,104170.0,103798.0,103267.0,102701.0,101860.0,101237.0,101678.0,98138.0,96492.0,96158.0
서구 - 당해년 총인구＜br＞(A),Statistics,152752.0,149014.0,145050.0,143172.0,140319.0,136999.0,133666.0,130402.0,126811.0,127068.0,124824.0,122040.0,120044.0,119506.0,117428.0,114553.0,111712.0,112377.0,110106.0,109826.0,106930.0,107175.0,106437.0
서구 - 인구증가율＜br＞{(A-B)÷B}×100,Statistics,-1.83,-2.45,-2.66,-1.29,-1.99,-2.37,-2.43,-2.44,-2.75,0.2,-1.77,-2.23,-1.64,-0.45,-1.74,-2.45,-2.48,0.6,-2.02,-0.25,-2.64,0.23,-0.69
서구 - 전년 총인구＜br＞(B),Statistics,155600.0,152752.0,149014.0,145050.0,143172.0,140319.0,136999.0,133666.0,130402.0,126811.0,127068.0,124824.0,122040.0,120044.0,119506.0,117428.0,114553.0,111712.0,112377.0,110106.0,109826.0,106930.0,107175.0
서대문구 - 당해년 총인구＜br＞(A),Statistics,371316.0,368001.0,361754.0,358186.0,355934.0,356652.0,357174.0,340731.0,336649.0,333871.0,324530.0,324733.0,324067.0,320861.0,323105.0,325871.0,325028.0,323080.0,323171.0,322952.0,315659.0,319554.0,320629.0
서대문구 - 인구증가율＜br＞{(A-B)÷B}×100,Statistics,-0.48,-0.89,-1.7,-0.99,-0.63,0.2,0.15,-4.6,-1.2,-0.83,-2.8,0.06,-0.21,-0.99,0.7,0.86,-0.26,-0.6,0.03,-0.07,-2.26,1.23,0.34
서대문구 - 전년 총인구＜br＞(B),Statistics,373105.0,371316.0,368001.0,361754.0,358186.0,355934.0,356652.0,357174.0,340731.0,336649.0,333871.0,324530.0,324733.0,324067.0,320861.0,323105.0,325871.0,325028.0,323080.0,323171.0,322952.0,315659.0,319554.0
서산시 - 당해년 총인구＜br＞(A),Statistics,150504.0,148697.0,152494.0,150890.0,151283.0,152279.0,155185.0,158880.0,161238.0,163055.0,164345.0,166214.0,168951.0,170920.0,173715.0,174762.0,175769.0,178621.0,179151.0,179669.0,180499.0,180811.0,181132.0
서산시 - 인구증가율＜br＞{(A-B)÷B}×100,Statistics,0.12,-1.2,2.55,-1.05,0.26,0.66,1.91,2.38,1.48,1.13,0.79,1.14,1.65,1.17,1.64,0.6,0.58,1.62,0.3,0.29,0.46,0.17,0.18
서산시 - 전년 총인구＜br＞(B),Statistics,150329.0,150504.0,148697.0,152494.0,150890.0,151283.0,152279.0,155185.0,158880.0,161238.0,163055.0,164345.0,166214.0,168951.0,170920.0,173715.0,174762.0,175769.0,178621.0,179151.0,179669.0,180499.0,180811.0
서울특별시 - 당해년 총인구＜br＞(A),Statistics,10331244.0,10280523.0,10276968.0,10287847.0,10297004.0,10356202.0,10421782.0,10456034.0,10464051.0,10575447.0,10528899.0,10442426.0,10388055.0,10369593.0,10297138.0,10204057.0,10124579.0,10049607.0,10010983.0,9911088.0,9736027.0,9667669.0,9638799.0
서울특별시 - 인구증가율＜br＞{(A-B)÷B}×100,Statistics,-0.4,-0.49,-0.03,0.11,0.09,0.57,0.63,0.33,0.08,1.06,-0.44,-0.82,-0.52,-0.18,-0.7,-0.9,-0.78,-0.74,-0.38,-1.0,-1.77,-0.7,-0.3
서울특별시 - 전년 총인구＜br＞(B),Statistics,10373234.0,10331244.0,10280523.0,10276968.0,10287847.0,10297004.0,10356202.0,10421782.0,10456034.0,10464051.0,10575447.0,10528899.0,10442426.0,10388055.0,10369593.0,10297138.0,10204057.0,10124579.0,10049607.0,10010983.0,9911088.0,9736027.0,9667669.0
서천군 - 당해년 총인구＜br＞(A),Statistics,72903.0,70254.0,67651.0,65960.0,64676.0,63105.0,61732.0,61196.0,60672.0,60848.0,60424.0,59836.0,59448.0,58872.0,58143.0,57228.0,56422.0,55289.0,54205.0,53143.0,52015.0,51399.0,51086.0
서천군 - 인구증가율＜br＞{(A-B)÷B}×100,Statistics,-3.31,-3.63,-3.71,-2.5,-1.95,-2.43,-2.18,-0.87,-0.86,0.29,-0.7,-0.97,-0.65,-0.97,-1.24,-1.57,-1.41,-2.01,-1.96,-1.96,-2.12,-1.18,-0.61
서천군 - 전년 총인구＜br＞(B),Statistics,75400.0,72903.0,70254.0,67651.0,65960.0,64676.0,63105.0,61732.0,61196.0,60672.0,60848.0,60424.0,59836.0,59448.0,58872.0,58143.0,57228.0,56422.0,55289.0,54205.0,53143.0,52015.0,51399.0
서초구 - 당해년 총인구＜br＞(A),Statistics,397983.0,393583.0,400220.0,406752.0,406875.0,413970.0,411951.0,412065.0,431131.0,440021.0,439014.0,439998.0,446541.0,454288.0,451258.0,451477.0,445401.0,438163.0,435107.0,429025.0,416167.0,408451.0,412078.0
서초구 - 인구증가율＜br＞{(A-B)÷B}×100,Statistics,-0.96,-1.11,1.69,1.63,0.03,1.74,-0.49,0.03,4.63,2.06,-0.23,0.22,1.49,1.73,-0.67,0.05,-1.35,-1.63,-0.7,-1.4,-3.0,-1.85,0.89
서초구 - 전년 총인구＜br＞(B),Statistics,401858.0,397983.0,393583.0,400220.0,406752.0,406875.0,413970.0,411951.0,412065.0,431131.0,440021.0,439014.0,439998.0,446541.0,454288.0,451258.0,451477.0,445401.0,438163.0,435107.0,429025.0,416167.0,408451.0
성남시 - 당해년 총인구＜br＞(A),Statistics,937780.0,946445.0,970470.0,986170.0,992758.0,977627.0,968203.0,958349.0,979035.0,996524.0,996449.0,994271.0,995349.0,992215.0,989662.0,992159.0,984446.0,972280.0,960342.0,955248.0,945037.0,936989.0,935966.0
성남시 - 인구증가율＜br＞{(A-B)÷B}×100,Statistics,1.03,0.92,2.54,1.62,0.67,-1.52,-0.96,-1.02,2.16,1.79,-0.01,-0.22,0.11,-0.31,-0.26,0.25,-0.78,-1.24,-1.23,-0.53,-1.07,-0.85,-0.11
성남시 - 전년 총인구＜br＞(B),Statistics,928196.0,937780.0,946445.0,970470.0,986170.0,992758.0,977627.0,968203.0,958349.0,979035.0,996524.0,996449.0,994271.0,995349.0,992215.0,989662.0,992159.0,984446.0,972280.0,960342.0,955248.0,945037.0,936989.0
성동구 - 당해년 총인구＜br＞(A),Statistics,343471.0,343018.0,343929.0,343992.0,342691.0,340895.0,341620.0,322679.0,316064.0,316892.0,308774.0,306868.0,306571.0,303891.0,305065.0,307161.0,312711.0,316463.0,308979.0,300505.0,292672.0,288234.0,284766.0
성동구 - 인구증가율＜br＞{(A-B)÷B}×100,Statistics,0.28,-0.13,0.27,0.02,-0.38,-0.52,0.21,-5.54,-2.05,0.26,-2.56,-0.62,-0.1,-0.87,0.39,0.69,1.81,1.2,-2.36,-2.74,-2.61,-1.52,-1.2
성동구 - 전년 총인구＜br＞(B),Statistics,342508.0,343471.0,343018.0,343929.0,343992.0,342691.0,340895.0,341620.0,322679.0,316064.0,316892.0,308774.0,306868.0,306571.0,303891.0,305065.0,307161.0,312711.0,316463.0,308979.0,300505.0,292672.0,288234.0
성북구 - 당해년 총인구＜br＞(A),Statistics,453517.0,446968.0,456535.0,455041.0,467308.0,478511.0,477358.0,481419.0,484457.0,497692.0,494475.0,490639.0,485347.0,475961.0,469560.0,461617.0,455407.0,447687.0,454744.0,447056.0,440142.0,441984.0,438168.0
성북구 - 인구증가율＜br＞{(A-B)÷B}×100,Statistics,-2.15,-1.44,2.14,-0.33,2.7,2.4,-0.24,0.85,0.63,2.73,-0.65,-0.78,-1.08,-1.93,-1.34,-1.69,-1.35,-1.7,1.58,-1.69,-1.55,0.42,-0.86
성북구 - 전년 총인구＜br＞(B),Statistics,463488.0,453517.0,446968.0,456535.0,455041.0,467308.0,478511.0,477358.0,481419.0,484457.0,497692.0,494475.0,490639.0,485347.0,475961.0,469560.0,461617.0,455407.0,447687.0,454744.0,447056.0,440142.0,441984.0
성주군 - 당해년 총인구＜br＞(A),Statistics,50933.0,52322.0,49355.0,48408.0,47682.0,47231.0,46634.0,45964.0,46543.0,46279.0,46709.0,46267.0,46421.0,46509.0,46665.0,46886.0,46846.0,46323.0,45713.0,44970.0,44277.0,44199.0,44039.0
성주군 - 인구증가율＜br＞{(A-B)÷B}×100,Statistics,-1.33,2.73,-5.67,-1.92,-1.5,-0.95,-1.26,-1.44,1.26,-0.57,0.93,-0.95,0.33,0.19,0.34,0.47,-0.09,-1.12,-1.32,-1.63,-1.54,-0.18,-0.36
성주군 - 전년 총인구＜br＞(B),Statistics,51617.0,50933.0,52322.0,49355.0,48408.0,47682.0,47231.0,46634.0,45964.0,46543.0,46279.0,46709.0,46267.0,46421.0,46509.0,46665.0,46886.0,46846.0,46323.0,45713.0,44970.0,44277.0,44199.0
세종특별자치시 - 당해년 총인구＜br＞(A),Statistics,,,,,,,,,,,,115477.0,124628.0,158855.0,214365.0,246793.0,284225.0,319066.0,346275.0,360907.0,376779.0,388927.0,392311.0
세종특별자치시 - 인구증가율＜br＞{(A-B)÷B}×100,Statistics,,,,,,,,,,,,,7.92,27.46,34.94,15.13,15.17,12.26,8.53,4.23,4.4,3.22,0.87
세종특별자치시 - 전년 총인구＜br＞(B),Statistics,,,,,,,,,,,,,115477.0,124628.0,158855.0,214365.0,246793.0,284225.0,319066.0,346275.0,360907.0,376779.0,388927.0
속초시 - 당해년 총인구＜br＞(A),Statistics,90543.0,90447.0,89458.0,88386.0,87583.0,86684.0,86104.0,85349.0,84568.0,85034.0,84489.0,84279.0,83803.0,83194.0,82978.0,82670.0,83213.0,82694.0,82824.0,83674.0,83825.0,84011.0,83418.0
속초시 - 인구증가율＜br＞{(A-B)÷B}×100,Statistics,0.38,-0.11,-1.09,-1.2,-0.91,-1.03,-0.67,-0.88,-0.92,0.55,-0.64,-0.25,-0.56,-0.73,-0.26,-0.37,0.66,-0.62,0.16,1.03,0.18,0.22,-0.71
속초시 - 전년 총인구＜br＞(B),Statistics,90201.0,90543.0,90447.0,89458.0,88386.0,87583.0,86684.0,86104.0,85349.0,84568.0,85034.0,84489.0,84279.0,83803.0,83194.0,82978.0,82670.0,83213.0,82694.0,82824.0,83674.0,83825.0,84011.0
송파구 - 당해년 총인구＜br＞(A),Statistics,658242.0,649888.0,623267.0,608439.0,610023.0,612527.0,630691.0,676580.0,689296.0,693144.0,690480.0,680150.0,674955.0,671794.0,667480.0,664946.0,671173.0,673507.0,682741.0,673926.0,663965.0,664514.0,660025.0
송파구 - 인구증가율＜br＞{(A-B)÷B}×100,Statistics,-1.11,-1.27,-4.1,-2.38,0.26,0.41,2.97,7.28,1.88,0.56,-0.38,-1.5,-0.76,-0.47,-0.64,-0.38,0.94,0.35,1.37,-1.29,-1.48,0.08,-0.68
송파구 - 전년 총인구＜br＞(B),Statistics,665644.0,658242.0,649888.0,623267.0,608439.0,610023.0,612527.0,630691.0,676580.0,689296.0,693144.0,690480.0,680150.0,674955.0,671794.0,667480.0,664946.0,671173.0,673507.0,682741.0,673926.0,663965.0,664514.0
수성구 - 당해년 총인구＜br＞(A),Statistics,457704.0,448135.0,449475.0,445039.0,438612.0,441549.0,448695.0,453263.0,457670.0,463368.0,462493.0,461157.0,462471.0,457976.0,453266.0,448550.0,440743.0,434399.0,430334.0,425987.0,418730.0,413211.0,409035.0
수성구 - 인구증가율＜br＞{(A-B)÷B}×100,Statistics,-0.65,-2.09,0.3,-0.99,-1.44,0.67,1.62,1.02,0.97,1.25,-0.19,-0.29,0.28,-0.97,-1.03,-1.04,-1.74,-1.44,-0.94,-1.01,-1.7,-1.32,-1.01
수성구 - 전년 총인구＜br＞(B),Statistics,460712.0,457704.0,448135.0,449475.0,445039.0,438612.0,441549.0,448695.0,453263.0,457670.0,463368.0,462493.0,461157.0,462471.0,457976.0,453266.0,448550.0,440743.0,434399.0,430334.0,425987.0,418730.0,413211.0
수영구 - 당해년 총인구＜br＞(A),Statistics,181777.0,178618.0,177947.0,181408.0,179449.0,178552.0,179100.0,178092.0,178231.0,179208.0,177676.0,177678.0,176156.0,179620.0,181006.0,180583.0,181261.0,177566.0,177428.0,178124.0,176387.0,176191.0,176044.0
수영구 - 인구증가율＜br＞{(A-B)÷B}×100,Statistics,-1.96,-1.74,-0.38,1.94,-1.08,-0.5,0.31,-0.56,0.08,0.55,-0.85,0.0,-0.86,1.97,0.77,-0.23,0.38,-2.04,-0.08,0.39,-0.98,-0.11,-0.08
수영구 - 전년 총인구＜br＞(B),Statistics,185420.0,181777.0,178618.0,177947.0,181408.0,179449.0,178552.0,179100.0,178092.0,178231.0,179208.0,177676.0,177678.0,176156.0,179620.0,181006.0,180583.0,181261.0,177566.0,177428.0,178124.0,176387.0,176191.0
수원시 - 당해년 총인구＜br＞(A),Statistics,978698.0,1023875.0,1040223.0,1042132.0,1054619.0,1082271.0,1086995.0,1090678.0,1098449.0,1104681.0,1118197.0,1147955.0,1178509.0,1209169.0,1221975.0,1231224.0,1240480.0,1242212.0,1235022.0,1221913.0,1216965.0,1225058.0,1233431.0
수원시 - 인구증가율＜br＞{(A-B)÷B}×100,Statistics,2.89,4.62,1.6,0.18,1.2,2.62,0.44,0.34,0.71,0.57,1.22,2.66,2.66,2.6,1.06,0.76,0.75,0.14,-0.58,-1.06,-0.4,0.67,0.68
수원시 - 전년 총인구＜br＞(B),Statistics,951253.0,978698.0,1023875.0,1040223.0,1042132.0,1054619.0,1082271.0,1086995.0,1090678.0,1098449.0,1104681.0,1118197.0,1147955.0,1178509.0,1209169.0,1221975.0,1231224.0,1240480.0,1242212.0,1235022.0,1221913.0,1216965.0,1225058.0
순창군 - 당해년 총인구＜br＞(A),Statistics,34003.0,32438.0,31593.0,31913.0,32146.0,32663.0,32243.0,31183.0,30471.0,30503.0,29791.0,30343.0,30571.0,30707.0,30611.0,30314.0,30059.0,29562.0,28777.0,28164.0,27168.0,27087.0,27179.0
순창군 - 인구증가율＜br＞{(A-B)÷B}×100,Statistics,-1.98,-4.6,-2.6,1.01,0.73,1.61,-1.29,-3.29,-2.28,0.11,-2.33,1.85,0.75,0.44,-0.31,-0.97,-0.84,-1.65,-2.66,-2.13,-3.54,-0.3,0.34
순창군 - 전년 총인구＜br＞(B),Statistics,34691.0,34003.0,32438.0,31593.0,31913.0,32146.0,32663.0,32243.0,31183.0,30471.0,30503.0,29791.0,30343.0,30571.0,30707.0,30611.0,30314.0,30059.0,29562.0,28777.0,28164.0,27168.0,27087.0
순천시 - 당해년 총인구＜br＞(A),Statistics,272124.0,271636.0,270574.0,270833.0,271961.0,271164.0,271781.0,271035.0,271107.0,274195.0,273805.0,275451.0,277345.0,278899.0,280594.0,280397.0,281189.0,281397.0,281722.0,284238.0,283570.0,281250.0,280943.0
순천시 - 인구증가율＜br＞{(A-B)÷B}×100,Statistics,0.53,-0.18,-0.39,0.1,0.42,-0.29,0.23,-0.27,0.03,1.14,-0.14,0.6,0.69,0.56,0.61,-0.07,0.28,0.07,0.12,0.89,-0.24,-0.82,-0.11
순천시 - 전년 총인구＜br＞(B),Statistics,270698.0,272124.0,271636.0,270574.0,270833.0,271961.0,271164.0,271781.0,271035.0,271107.0,274195.0,273805.0,275451.0,277345.0,278899.0,280594.0,280397.0,281189.0,281397.0,281722.0,284238.0,283570.0,281250.0
시흥시 - 당해년 총인구＜br＞(A),Statistics,342351.0,359072.0,379336.0,390933.0,397983.0,403648.0,405428.0,408164.0,413749.0,421105.0,421316.0,420445.0,422817.0,424622.0,429770.0,434187.0,451695.0,483327.0,508379.0,533305.0,543553.0,546051.0,556903.0
시흥시 - 인구증가율＜br＞{(A-B)÷B}×100,Statistics,6.17,4.88,5.64,3.06,1.8,1.42,0.44,0.67,1.37,1.78,0.05,-0.21,0.56,0.43,1.21,1.03,4.03,7.0,5.18,4.9,1.92,0.46,1.99
시흥시 - 전년 총인구＜br＞(B),Statistics,322457.0,342351.0,359072.0,379336.0,390933.0,397983.0,403648.0,405428.0,408164.0,413749.0,421105.0,421316.0,420445.0,422817.0,424622.0,429770.0,434187.0,451695.0,483327.0,508379.0,533305.0,543553.0,546051.0
신안군 - 당해년 총인구＜br＞(A),Statistics,51361.0,49733.0,50769.0,47646.0,46519.0,46823.0,46137.0,45995.0,45687.0,45837.0,44753.0,44280.0,44674.0,44378.0,44020.0,43375.0,42837.0,42036.0,41102.0,39702.0,38951.0,38745.0,39247.0
신안군 - 인구증가율＜br＞{(A-B)÷B}×100,Statistics,-3.39,-3.17,2.08,-6.15,-2.37,0.65,-1.47,-0.31,-0.67,0.33,-2.36,-1.06,0.89,-0.66,-0.81,-1.47,-1.24,-1.87,-2.22,-3.41,-1.89,-0.53,1.3
신안군 - 전년 총인구＜br＞(B),Statistics,53164.0,51361.0,49733.0,50769.0,47646.0,46519.0,46823.0,46137.0,45995.0,45687.0,45837.0,44753.0,44280.0,44674.0,44378.0,44020.0,43375.0,42837.0,42036.0,41102.0,39702.0,38951.0,38745.0
아산시 - 당해년 총인구＜br＞(A),Statistics,188372.0,193188.0,196860.0,205057.0,208448.0,217112.0,227815.0,248329.0,264324.0,274552.0,285411.0,291727.0,299129.0,307336.0,311143.0,317599.0,327657.0,330242.0,333074.0,333101.0,340953.0,352571.0,366804.0
아산시 - 인구증가율＜br＞{(A-B)÷B}×100,Statistics,1.36,2.56,1.9,4.16,1.65,4.16,4.93,9.0,6.44,3.87,3.96,2.21,2.54,2.74,1.24,2.07,3.17,0.79,0.86,0.01,2.36,3.41,4.04
아산시 - 전년 총인구＜br＞(B),Statistics,185847.0,188372.0,193188.0,196860.0,205057.0,208448.0,217112.0,227815.0,248329.0,264324.0,274552.0,285411.0,291727.0,299129.0,307336.0,311143.0,317599.0,327657.0,330242.0,333074.0,333101.0,340953.0,352571.0
안동시 - 당해년 총인구＜br＞(A),Statistics,182082.0,179587.0,176094.0,174596.0,172029.0,169719.0,169239.0,168718.0,168866.0,169323.0,169490.0,169720.0,169904.0,170094.0,170591.0,170133.0,167737.0,163713.0,161533.0,160217.0,158271.0,156173.0,154709.0
안동시 - 인구증가율＜br＞{(A-B)÷B}×100,Statistics,-1.1,-1.37,-1.95,-0.85,-1.47,-1.34,-0.28,-0.31,0.09,0.27,0.1,0.14,0.11,0.11,0.29,-0.27,-1.41,-2.4,-1.33,-0.81,-1.21,-1.33,-0.94
안동시 - 전년 총인구＜br＞(B),Statistics,184108.0,182082.0,179587.0,176094.0,174596.0,172029.0,169719.0,169239.0,168718.0,168866.0,169323.0,169490.0,169720.0,169904.0,170094.0,170591.0,170133.0,167737.0,163713.0,161533.0,160217.0,158271.0,156173.0
안산시 - 당해년 총인구＜br＞(A),Statistics,598560.0,637660.0,671687.0,686873.0,697239.0,723075.0,734713.0,741073.0,739493.0,753862.0,759902.0,758573.0,762915.0,761631.0,753604.0,744356.0,731443.0,717130.0,707385.0,706185.0,700138.0,690777.0,681529.0
안산시 - 인구증가율＜br＞{(A-B)÷B}×100,Statistics,3.99,6.53,5.34,2.26,1.51,3.71,1.61,0.87,-0.21,1.94,0.8,-0.17,0.57,-0.17,-1.05,-1.23,-1.73,-1.96,-1.36,-0.17,-0.86,-1.34,-1.34
안산시 - 전년 총인구＜br＞(B),Statistics,575574.0,598560.0,637660.0,671687.0,686873.0,697239.0,723075.0,734713.0,741073.0,739493.0,753862.0,759902.0,758573.0,762915.0,761631.0,753604.0,744356.0,731443.0,717130.0,707385.0,706185.0,700138.0,690777.0
안성시 - 당해년 총인구＜br＞(A),Statistics,142799.0,149233.0,153937.0,156839.0,160061.0,163682.0,168446.0,175265.0,177007.0,184875.0,188274.0,188919.0,190205.0,190952.0,189450.0,192747.0,193442.0,194954.0,195207.0,198234.0,200408.0,200932.0,202849.0
안성시 - 인구증가율＜br＞{(A-B)÷B}×100,Statistics,3.75,4.51,3.15,1.89,2.05,2.26,2.91,4.05,0.99,4.45,1.84,0.34,0.68,0.39,-0.79,1.74,0.36,0.78,0.13,1.55,1.1,0.26,0.95
안성시 - 전년 총인구＜br＞(B),Statistics,137643.0,142799.0,149233.0,153937.0,156839.0,160061.0,163682.0,168446.0,175265.0,177007.0,184875.0,188274.0,188919.0,190205.0,190952.0,189450.0,192747.0,193442.0,194954.0,195207.0,198234.0,200408.0,200932.0
안양시 - 당해년 총인구＜br＞(A),Statistics,593967.0,597656.0,608325.0,625197.0,629426.0,629659.0,630688.0,627330.0,623511.0,628831.0,623227.0,618230.0,614687.0,608309.0,605451.0,604652.0,594697.0,584239.0,574464.0,556570.0,553249.0,554347.0,551112.0
안양시 - 인구증가율＜br＞{(A-B)÷B}×100,Statistics,1.84,0.62,1.79,2.77,0.68,0.04,0.16,-0.53,-0.61,0.85,-0.89,-0.8,-0.57,-1.04,-0.47,-0.13,-1.65,-1.76,-1.67,-3.11,-0.6,0.2,-0.58
안양시 - 전년 총인구＜br＞(B),Statistics,583240.0,593967.0,597656.0,608325.0,625197.0,629426.0,629659.0,630688.0,627330.0,623511.0,628831.0,623227.0,618230.0,614687.0,608309.0,605451.0,604652.0,594697.0,584239.0,574464.0,556570.0,553249.0,554347.0
양구군 - 당해년 총인구＜br＞(A),Statistics,23274.0,22621.0,22146.0,21891.0,21637.0,21446.0,21594.0,21525.0,21526.0,22180.0,22568.0,23039.0,23828.0,24144.0,24329.0,24264.0,24098.0,23666.0,23052.0,22526.0,22079.0,21769.0,21475.0
양구군 - 인구증가율＜br＞{(A-B)÷B}×100,Statistics,-0.89,-2.81,-2.1,-1.15,-1.16,-0.88,0.69,-0.32,0.0,3.04,1.75,2.09,3.42,1.33,0.77,-0.27,-0.68,-1.79,-2.59,-2.28,-1.98,-1.4,-1.35
양구군 - 전년 총인구＜br＞(B),Statistics,23483.0,23274.0,22621.0,22146.0,21891.0,21637.0,21446.0,21594.0,21525.0,21526.0,22180.0,22568.0,23039.0,23828.0,24144.0,24329.0,24264.0,24098.0,23666.0,23052.0,22526.0,22079.0,21769.0
양산시 - 당해년 총인구＜br＞(A),Statistics,202784.0,208304.0,213271.0,216365.0,224943.0,229573.0,235299.0,246852.0,254207.0,264334.0,270933.0,274770.0,284152.0,297607.0,307040.0,322975.0,344450.0,354747.0,357078.0,358005.0,360332.0,359912.0,362070.0
양산시 - 인구증가율＜br＞{(A-B)÷B}×100,Statistics,4.29,2.72,2.38,1.45,3.96,2.06,2.49,4.91,2.98,3.98,2.5,1.42,3.41,4.74,3.17,5.19,6.65,2.99,0.66,0.26,0.65,-0.12,0.6
양산시 - 전년 총인구＜br＞(B),Statistics,194442.0,202784.0,208304.0,213271.0,216365.0,224943.0,229573.0,235299.0,246852.0,254207.0,264334.0,270933.0,274770.0,284152.0,297607.0,307040.0,322975.0,344450.0,354747.0,357078.0,358005.0,360332.0,359912.0
양양군 - 당해년 총인구＜br＞(A),Statistics,30276.0,30173.0,29744.0,29364.0,29348.0,28917.0,28699.0,28346.0,28196.0,28255.0,28245.0,28053.0,27923.0,27787.0,27766.0,27515.0,27490.0,27652.0,28032.0,28242.0,28196.0,28209.0,28076.0
양양군 - 인구증가율＜br＞{(A-B)÷B}×100,Statistics,0.27,-0.34,-1.42,-1.28,-0.05,-1.47,-0.75,-1.23,-0.53,0.21,-0.04,-0.68,-0.46,-0.49,-0.08,-0.9,-0.09,0.59,1.37,0.75,-0.16,0.05,-0.47
양양군 - 전년 총인구＜br＞(B),Statistics,30194.0,30276.0,30173.0,29744.0,29364.0,29348.0,28917.0,28699.0,28346.0,28196.0,28255.0,28245.0,28053.0,27923.0,27787.0,27766.0,27515.0,27490.0,27652.0,28032.0,28242.0,28196.0,28209.0
양주시 - 당해년 총인구＜br＞(A),Statistics,138748.0,146535.0,155524.0,159891.0,167248.0,177065.0,187308.0,187022.0,189492.0,204438.0,207871.0,207321.0,206329.0,209502.0,212438.0,212811.0,219267.0,224250.0,229778.0,237370.0,243071.0,250920.0,276660.0
양주시 - 인구증가율＜br＞{(A-B)÷B}×100,Statistics,15.34,5.61,6.13,2.81,4.6,5.87,5.78,-0.15,1.32,7.89,1.68,-0.26,-0.48,1.54,1.4,0.18,3.03,2.27,2.47,3.3,2.4,3.23,10.26
양주시 - 전년 총인구＜br＞(B),Statistics,120293.0,138748.0,146535.0,155524.0,159891.0,167248.0,177065.0,187308.0,187022.0,189492.0,204438.0,207871.0,207321.0,206329.0,209502.0,212438.0,212811.0,219267.0,224250.0,229778.0,237370.0,243071.0,250920.0
양천구 - 당해년 총인구＜br＞(A),Statistics,486095.0,486350.0,489257.0,497642.0,502788.0,505606.0,508566.0,507899.0,506684.0,505223.0,505607.0,500533.0,496934.0,490708.0,489010.0,481845.0,475018.0,468145.0,462285.0,457781.0,450487.0,444010.0,439252.0
양천구 - 인구증가율＜br＞{(A-B)÷B}×100,Statistics,-0.45,0.05,0.6,1.71,1.03,0.56,0.59,-0.13,-0.24,-0.29,0.08,-1.0,-0.72,-1.25,-0.35,-1.47,-1.42,-1.45,-1.25,-0.97,-1.59,-1.44,-1.07
양천구 - 전년 총인구＜br＞(B),Statistics,488282.0,486095.0,486350.0,489257.0,497642.0,502788.0,505606.0,508566.0,507899.0,506684.0,505223.0,505607.0,500533.0,496934.0,490708.0,489010.0,481845.0,475018.0,468145.0,462285.0,457781.0,450487.0,444010.0
양평군 - 당해년 총인구＜br＞(A),Statistics,82921.0,83192.0,84171.0,85242.0,86137.0,87088.0,88780.0,90948.0,92529.0,96950.0,100631.0,103331.0,104873.0,106774.0,109785.0,112880.0,116698.0,117670.0,118374.0,120174.0,122539.0,123704.0,126741.0
양평군 - 인구증가율＜br＞{(A-B)÷B}×100,Statistics,-0.05,0.33,1.18,1.27,1.05,1.1,1.94,2.44,1.74,4.78,3.8,2.68,1.49,1.81,2.82,2.82,3.38,0.83,0.6,1.52,1.97,0.95,2.46
양평군 - 전년 총인구＜br＞(B),Statistics,82963.0,82921.0,83192.0,84171.0,85242.0,86137.0,87088.0,88780.0,90948.0,92529.0,96950.0,100631.0,103331.0,104873.0,106774.0,109785.0,112880.0,116698.0,117670.0,118374.0,120174.0,122539.0,123704.0
여수시 - 당해년 총인구＜br＞(A),Statistics,320570.0,316143.0,311051.0,306115.0,302391.0,298825.0,297196.0,297178.0,295686.0,295878.0,295538.0,295215.0,294565.0,294459.0,294073.0,293036.0,290528.0,287868.0,287479.0,284866.0,281977.0,280449.0,278101.0
여수시 - 인구증가율＜br＞{(A-B)÷B}×100,Statistics,-1.12,-1.38,-1.61,-1.59,-1.22,-1.18,-0.55,-0.01,-0.5,0.06,-0.11,-0.11,-0.22,-0.04,-0.13,-0.35,-0.86,-0.92,-0.14,-0.91,-1.01,-0.54,-0.84
여수시 - 전년 총인구＜br＞(B),Statistics,324217.0,320570.0,316143.0,311051.0,306115.0,302391.0,298825.0,297196.0,297178.0,295686.0,295878.0,295538.0,295215.0,294565.0,294459.0,294073.0,293036.0,290528.0,287868.0,287479.0,284866.0,281977.0,280449.0
여주시 - 당해년 총인구＜br＞(A),Statistics,,,,,,,,,,,,,111945.0,113286.0,114048.0,114628.0,115496.0,115074.0,114659.0,115358.0,115317.0,116652.0,118536.0
여주시 - 인구증가율＜br＞{(A-B)÷B}×100,Statistics,,,,,,,,,,,,,0.01,1.2,0.67,0.51,0.76,-0.37,-0.36,0.61,-0.04,1.16,1.62
여주시 - 전년 총인구＜br＞(B),Statistics,,,,,,,,,,,,,,111945.0,113286.0,114048.0,114628.0,115496.0,115074.0,114659.0,115358.0,115317.0,116652.0
연수구 - 당해년 총인구＜br＞(A),Statistics,261851.0,259975.0,258606.0,257079.0,267039.0,273307.0,271492.0,271773.0,274596.0,282889.0,291745.0,296476.0,304834.0,316421.0,325755.0,336256.0,344277.0,357362.0,379727.0,399869.0,402103.0,400052.0,409234.0
연수구 - 인구증가율＜br＞{(A-B)÷B}×100,Statistics,-0.47,-0.72,-0.53,-0.59,3.87,2.35,-0.66,0.1,1.04,3.02,3.13,1.62,2.82,3.8,2.95,3.22,2.39,3.8,6.26,5.3,0.56,-0.51,2.3
연수구 - 전년 총인구＜br＞(B),Statistics,263083.0,261851.0,259975.0,258606.0,257079.0,267039.0,273307.0,271492.0,271773.0,274596.0,282889.0,291745.0,296476.0,304834.0,316421.0,325755.0,336256.0,344277.0,357362.0,379727.0,399869.0,402103.0,400052.0
연제구 - 당해년 총인구＜br＞(A),Statistics,226768.0,228801.0,226075.0,222404.0,218335.0,215449.0,213435.0,213697.0,211184.0,213453.0,214131.0,212326.0,210043.0,208787.0,211489.0,208033.0,207519.0,208625.0,210221.0,209924.0,207834.0,204258.0,206589.0
연제구 - 인구증가율＜br＞{(A-B)÷B}×100,Statistics,1.31,0.9,-1.19,-1.62,-1.83,-1.32,-0.93,0.12,-1.18,1.07,0.32,-0.84,-1.08,-0.6,1.29,-1.63,-0.25,0.53,0.77,-0.14,-1.0,-1.72,1.14
연제구 - 전년 총인구＜br＞(B),Statistics,223829.0,226768.0,228801.0,226075.0,222404.0,218335.0,215449.0,213435.0,213697.0,211184.0,213453.0,214131.0,212326.0,210043.0,208787.0,211489.0,208033.0,207519.0,208625.0,210221.0,209924.0,207834.0,204258.0
연천군 - 당해년 총인구＜br＞(A),Statistics,51902.0,50655.0,50188.0,49361.0,47748.0,46723.0,46259.0,46163.0,46002.0,45973.0,45657.0,46328.0,46370.0,46154.0,46617.0,46886.0,46407.0,45606.0,44839.0,44433.0,43553.0,43050.0,42768.0
연천군 - 인구증가율＜br＞{(A-B)÷B}×100,Statistics,-2.11,-2.4,-0.92,-1.65,-3.27,-2.15,-0.99,-0.21,-0.35,-0.06,-0.69,1.47,0.09,-0.47,1.0,0.58,-1.02,-1.73,-1.68,-0.91,-1.98,-1.15,-0.66
연천군 - 전년 총인구＜br＞(B),Statistics,53019.0,51902.0,50655.0,50188.0,49361.0,47748.0,46723.0,46259.0,46163.0,46002.0,45973.0,45657.0,46328.0,46370.0,46154.0,46617.0,46886.0,46407.0,45606.0,44839.0,44433.0,43553.0,43050.0
영광군 - 당해년 총인구＜br＞(A),Statistics,70269.0,67192.0,64299.0,63123.0,61684.0,60269.0,59179.0,58497.0,57501.0,57885.0,57383.0,57802.0,58246.0,57520.0,57017.0,56379.0,55632.0,55016.0,54773.0,54026.0,52862.0,53182.0,52871.0
영광군 - 인구증가율＜br＞{(A-B)÷B}×100,Statistics,-3.62,-4.38,-4.31,-1.83,-2.28,-2.29,-1.81,-1.15,-1.7,0.67,-0.87,0.73,0.77,-1.25,-0.87,-1.12,-1.32,-1.11,-0.44,-1.36,-2.15,0.61,-0.58
영광군 - 전년 총인구＜br＞(B),Statistics,72910.0,70269.0,67192.0,64299.0,63123.0,61684.0,60269.0,59179.0,58497.0,57501.0,57885.0,57383.0,57802.0,58246.0,57520.0,57017.0,56379.0,55632.0,55016.0,54773.0,54026.0,52862.0,53182.0
영덕군 - 당해년 총인구＜br＞(A),Statistics,49674.0,52697.0,47082.0,45959.0,45182.0,46670.0,43726.0,43020.0,42053.0,41763.0,41259.0,40795.0,40743.0,40318.0,39963.0,39973.0,39475.0,39104.0,38358.0,37249.0,36233.0,35742.0,35468.0
영덕군 - 인구증가율＜br＞{(A-B)÷B}×100,Statistics,-2.94,6.09,-10.66,-2.39,-1.69,3.29,-6.31,-1.61,-2.25,-0.69,-1.21,-1.12,-0.13,-1.04,-0.88,0.03,-1.25,-0.94,-1.91,-2.89,-2.73,-1.36,-0.77
영덕군 - 전년 총인구＜br＞(B),Statistics,51177.0,49674.0,52697.0,47082.0,45959.0,45182.0,46670.0,43726.0,43020.0,42053.0,41763.0,41259.0,40795.0,40743.0,40318.0,39963.0,39973.0,39475.0,39104.0,38358.0,37249.0,36233.0,35742.0
영도구 - 당해년 총인구＜br＞(A),Statistics,180626.0,175559.0,171189.0,166938.0,164069.0,160028.0,156661.0,153816.0,149787.0,148431.0,144884.0,141422.0,137437.0,133750.0,131039.0,128026.0,125113.0,121704.0,118372.0,114913.0,112213.0,109989.0,108856.0
영도구 - 인구증가율＜br＞{(A-B)÷B}×100,Statistics,-2.45,-2.81,-2.49,-2.48,-1.72,-2.46,-2.1,-1.82,-2.62,-0.91,-2.39,-2.39,-2.82,-2.68,-2.03,-2.3,-2.28,-2.72,-2.74,-2.92,-2.35,-1.98,-1.03
영도구 - 전년 총인구＜br＞(B),Statistics,185166.0,180626.0,175559.0,171189.0,166938.0,164069.0,160028.0,156661.0,153816.0,149787.0,148431.0,144884.0,141422.0,137437.0,133750.0,131039.0,128026.0,125113.0,121704.0,118372.0,114913.0,112213.0,109989.0
영동군 - 당해년 총인구＜br＞(A),Statistics,57319.0,55967.0,54284.0,52905.0,52188.0,51226.0,50568.0,50756.0,50918.0,50985.0,51139.0,51180.0,51071.0,51358.0,51251.0,51106.0,50798.0,50318.0,49591.0,48247.0,46574.0,45913.0,45281.0
영동군 - 인구증가율＜br＞{(A-B)÷B}×100,Statistics,-2.45,-2.36,-3.01,-2.54,-1.36,-1.84,-1.28,0.37,0.32,0.13,0.3,0.08,-0.21,0.56,-0.21,-0.28,-0.6,-0.94,-1.44,-2.71,-3.47,-1.42,-1.38
영동군 - 전년 총인구＜br＞(B),Statistics,58758.0,57319.0,55967.0,54284.0,52905.0,52188.0,51226.0,50568.0,50756.0,50918.0,50985.0,51139.0,51180.0,51071.0,51358.0,51251.0,51106.0,50798.0,50318.0,49591.0,48247.0,46574.0,45913.0
영등포구 - 당해년 총인구＜br＞(A),Statistics,409920.0,412152.0,410952.0,415889.0,421327.0,429816.0,439151.0,443537.0,441747.0,445648.0,439555.0,426876.0,421577.0,421436.0,417811.0,406779.0,402024.0,403600.0,400986.0,407367.0,400908.0,398085.0,397800.0
영등포구 - 인구증가율＜br＞{(A-B)÷B}×100,Statistics,0.13,0.54,-0.29,1.2,1.31,2.01,2.17,1.0,-0.4,0.88,-1.37,-2.88,-1.24,-0.03,-0.86,-2.64,-1.17,0.39,-0.65,1.59,-1.59,-0.7,-0.07
영등포구 - 전년 총인구＜br＞(B),Statistics,409399.0,409920.0,412152.0,410952.0,415889.0,421327.0,429816.0,439151.0,443537.0,441747.0,445648.0,439555.0,426876.0,421577.0,421436.0,417811.0,406779.0,402024.0,403600.0,400986.0,407367.0,400908.0,398085.0
영암군 - 당해년 총인구＜br＞(A),Statistics,64738.0,65069.0,63946.0,63019.0,62857.0,62968.0,62905.0,64218.0,64508.0,64334.0,64746.0,64023.0,62791.0,63602.0,63605.0,61891.0,59304.0,58703.0,59109.0,57868.0,57056.0,57577.0,60571.0
영암군 - 인구증가율＜br＞{(A-B)÷B}×100,Statistics,-1.16,0.51,-1.73,-1.45,-0.26,0.18,-0.1,2.09,0.45,-0.27,0.64,-1.12,-1.92,1.29,0.0,-2.69,-4.18,-1.01,0.69,-2.1,-1.4,0.91,5.2
영암군 - 전년 총인구＜br＞(B),Statistics,65495.0,64738.0,65069.0,63946.0,63019.0,62857.0,62968.0,62905.0,64218.0,64508.0,64334.0,64746.0,64023.0,62791.0,63602.0,63605.0,61891.0,59304.0,58703.0,59109.0,57868.0,57056.0,57577.0
영양군 - 당해년 총인구＜br＞(A),Statistics,22286.0,21496.0,20874.0,20275.0,20082.0,19697.0,19207.0,18882.0,18666.0,18587.0,18379.0,18383.0,18491.0,18408.0,18125.0,17929.0,17696.0,17562.0,17198.0,16884.0,16575.0,16284.0,15936.0
영양군 - 인구증가율＜br＞{(A-B)÷B}×100,Statistics,-2.66,-3.54,-2.89,-2.87,-0.95,-1.92,-2.49,-1.69,-1.14,-0.42,-1.12,0.02,0.59,-0.45,-1.54,-1.08,-1.3,-0.76,-2.07,-1.83,-1.83,-1.76,-2.14
영양군 - 전년 총인구＜br＞(B),Statistics,22894.0,22286.0,21496.0,20874.0,20275.0,20082.0,19697.0,19207.0,18882.0,18666.0,18587.0,18379.0,18383.0,18491.0,18408.0,18125.0,17929.0,17696.0,17562.0,17198.0,16884.0,16575.0,16284.0
영월군 - 당해년 총인구＜br＞(A),Statistics,52151.0,45339.0,44134.0,42618.0,41783.0,40775.0,40595.0,40475.0,40522.0,40674.0,40481.0,40439.0,40398.0,40451.0,40461.0,40330.0,40327.0,39998.0,39408.0,38902.0,38149.0,37988.0,37675.0
영월군 - 인구증가율＜br＞{(A-B)÷B}×100,Statistics,7.67,-13.06,-2.66,-3.43,-1.96,-2.41,-0.44,-0.3,0.12,0.38,-0.47,-0.1,-0.1,0.13,0.02,-0.32,-0.01,-0.82,-1.48,-1.28,-1.94,-0.42,-0.82
영월군 - 전년 총인구＜br＞(B),Statistics,48437.0,52151.0,45339.0,44134.0,42618.0,41783.0,40775.0,40595.0,40475.0,40522.0,40674.0,40481.0,40439.0,40398.0,40451.0,40461.0,40330.0,40327.0,39998.0,39408.0,38902.0,38149.0,37988.0
영주시 - 당해년 총인구＜br＞(A),Statistics,128924.0,126303.0,124084.0,121908.0,119668.0,117734.0,116062.0,114909.0,114334.0,114856.0,115016.0,114374.0,113417.0,111628.0,110637.0,110287.0,109468.0,107976.0,106170.0,104012.0,102730.0,101724.0,101299.0
영주시 - 인구증가율＜br＞{(A-B)÷B}×100,Statistics,-1.85,-2.03,-1.76,-1.75,-1.84,-1.62,-1.42,-0.99,-0.5,0.46,0.14,-0.56,-0.84,-1.58,-0.89,-0.32,-0.74,-1.36,-1.67,-2.03,-1.23,-0.98,-0.42
영주시 - 전년 총인구＜br＞(B),Statistics,131351.0,128924.0,126303.0,124084.0,121908.0,119668.0,117734.0,116062.0,114909.0,114334.0,114856.0,115016.0,114374.0,113417.0,111628.0,110637.0,110287.0,109468.0,107976.0,106170.0,104012.0,102730.0,101724.0
영천시 - 당해년 총인구＜br＞(A),Statistics,119077.0,116523.0,113807.0,110891.0,108745.0,106785.0,107701.0,105924.0,104916.0,105102.0,106386.0,103969.0,103157.0,103464.0,103677.0,103613.0,104161.0,104970.0,105721.0,104875.0,104499.0,103932.0,103723.0
영천시 - 인구증가율＜br＞{(A-B)÷B}×100,Statistics,-1.39,-2.14,-2.33,-2.56,-1.94,-1.8,0.86,-1.65,-0.95,0.18,1.22,-2.27,-0.78,0.3,0.21,-0.06,0.53,0.78,0.72,-0.8,-0.36,-0.54,-0.2
영천시 - 전년 총인구＜br＞(B),Statistics,120758.0,119077.0,116523.0,113807.0,110891.0,108745.0,106785.0,107701.0,105924.0,104916.0,105102.0,106386.0,103969.0,103157.0,103464.0,103677.0,103613.0,104161.0,104970.0,105721.0,104875.0,104499.0,103932.0
예산군 - 당해년 총인구＜br＞(A),Statistics,100602.0,98045.0,95568.0,92487.0,91449.0,90507.0,89738.0,89242.0,88310.0,88228.0,87861.0,87298.0,86806.0,86640.0,85257.0,83371.0,82494.0,82288.0,81488.0,80112.0,78805.0,79571.0,81273.0
예산군 - 인구증가율＜br＞{(A-B)÷B}×100,Statistics,-1.07,-2.54,-2.53,-3.22,-1.12,-1.03,-0.85,-0.55,-1.04,-0.09,-0.42,-0.64,-0.56,-0.19,-1.6,-2.21,-1.05,-0.25,-0.97,-1.69,-1.63,0.97,2.14
예산군 - 전년 총인구＜br＞(B),Statistics,101692.0,100602.0,98045.0,95568.0,92487.0,91449.0,90507.0,89738.0,89242.0,88310.0,88228.0,87861.0,87298.0,86806.0,86640.0,85257.0,83371.0,82494.0,82288.0,81488.0,80112.0,78805.0,79571.0
예천군 - 당해년 총인구＜br＞(A),Statistics,58217.0,55880.0,53816.0,52311.0,51200.0,50512.0,49213.0,48444.0,47723.0,47448.0,46980.0,46425.0,45985.0,45559.0,45152.0,46688.0,49786.0,53811.0,55664.0,56165.0,56237.0,56262.0,55939.0
예천군 - 인구증가율＜br＞{(A-B)÷B}×100,Statistics,-2.94,-4.01,-3.69,-2.8,-2.12,-1.34,-2.57,-1.56,-1.49,-0.58,-0.99,-1.18,-0.95,-0.93,-0.89,3.4,6.64,8.08,3.44,0.9,0.13,0.04,-0.57
예천군 - 전년 총인구＜br＞(B),Statistics,59981.0,58217.0,55880.0,53816.0,52311.0,51200.0,50512.0,49213.0,48444.0,47723.0,47448.0,46980.0,46425.0,45985.0,45559.0,45152.0,46688.0,49786.0,53811.0,55664.0,56165.0,56237.0,56262.0
오산시 - 당해년 총인구＜br＞(A),Statistics,115161.0,116624.0,119571.0,122784.0,131377.0,138456.0,148580.0,153690.0,163498.0,186829.0,198882.0,205245.0,211344.0,215819.0,214909.0,216699.0,221865.0,229520.0,236075.0,238956.0,238579.0,238418.0,239159.0
오산시 - 인구증가율＜br＞{(A-B)÷B}×100,Statistics,8.18,1.27,2.53,2.69,7.0,5.39,7.31,3.44,6.38,14.27,6.45,3.2,2.97,2.12,-0.42,0.83,2.38,3.45,2.86,1.22,-0.16,-0.07,0.31
오산시 - 전년 총인구＜br＞(B),Statistics,106457.0,115161.0,116624.0,119571.0,122784.0,131377.0,138456.0,148580.0,153690.0,163498.0,186829.0,198882.0,205245.0,211344.0,215819.0,214909.0,216699.0,221865.0,229520.0,236075.0,238956.0,238579.0,238418.0
옥천군 - 당해년 총인구＜br＞(A),Statistics,59836.0,58782.0,57893.0,57079.0,56134.0,55537.0,55249.0,55170.0,54788.0,54725.0,54228.0,53916.0,53468.0,53237.0,53193.0,53043.0,52507.0,52251.0,51770.0,51205.0,50773.0,50290.0,49798.0
옥천군 - 인구증가율＜br＞{(A-B)÷B}×100,Statistics,-2.04,-1.76,-1.51,-1.41,-1.66,-1.06,-0.52,-0.14,-0.69,-0.11,-0.91,-0.58,-0.83,-0.43,-0.08,-0.28,-1.01,-0.49,-0.92,-1.09,-0.84,-0.95,-0.98
옥천군 - 전년 총인구＜br＞(B),Statistics,61081.0,59836.0,58782.0,57893.0,57079.0,56134.0,55537.0,55249.0,55170.0,54788.0,54725.0,54228.0,53916.0,53468.0,53237.0,53193.0,53043.0,52507.0,52251.0,51770.0,51205.0,50773.0,50290.0
옹진군 - 당해년 총인구＜br＞(A),Statistics,14068.0,14234.0,14458.0,14928.0,15716.0,16713.0,17199.0,17488.0,18328.0,18852.0,19622.0,20159.0,20826.0,20858.0,21143.0,21522.0,21741.0,21227.0,20791.0,20670.0,20535.0,20907.0,20773.0
옹진군 - 인구증가율＜br＞{(A-B)÷B}×100,Statistics,0.39,1.18,1.57,3.25,5.28,6.34,2.91,1.68,4.8,2.86,4.08,2.74,3.31,0.15,1.37,1.79,1.02,-2.36,-2.05,-0.58,-0.65,1.81,-0.64
옹진군 - 전년 총인구＜br＞(B),Statistics,14013.0,14068.0,14234.0,14458.0,14928.0,15716.0,16713.0,17199.0,17488.0,18328.0,18852.0,19622.0,20159.0,20826.0,20858.0,21143.0,21522.0,21741.0,21227.0,20791.0,20670.0,20535.0,20907.0
완도군 - 당해년 총인구＜br＞(A),Statistics,65458.0,63036.0,61258.0,60141.0,59065.0,57689.0,56506.0,55311.0,54645.0,54869.0,54631.0,54516.0,54506.0,54323.0,54378.0,54336.0,53878.0,53449.0,52858.0,52128.0,50775.0,50445.0,50548.0
완도군 - 인구증가율＜br＞{(A-B)÷B}×100,Statistics,-2.35,-3.7,-2.82,-1.82,-1.79,-2.33,-2.05,-2.11,-1.2,0.41,-0.43,-0.21,-0.02,-0.34,0.1,-0.08,-0.84,-0.8,-1.11,-1.38,-2.6,-0.65,0.2
완도군 - 전년 총인구＜br＞(B),Statistics,67033.0,65458.0,63036.0,61258.0,60141.0,59065.0,57689.0,56506.0,55311.0,54645.0,54869.0,54631.0,54516.0,54506.0,54323.0,54378.0,54336.0,53878.0,53449.0,52858.0,52128.0,50775.0,50445.0
완주군 - 당해년 총인구＜br＞(A),Statistics,87081.0,84937.0,84224.0,83217.0,84561.0,84484.0,84561.0,85773.0,86076.0,87329.0,86766.0,88101.0,89035.0,92606.0,97544.0,97767.0,98482.0,97863.0,95881.0,94835.0,94151.0,96011.0,101982.0
완주군 - 인구증가율＜br＞{(A-B)÷B}×100,Statistics,3.27,-2.46,-0.84,-1.2,1.62,-0.09,0.09,1.43,0.35,1.46,-0.64,1.54,1.06,4.01,5.33,0.23,0.73,-0.63,-2.03,-1.09,-0.72,1.98,6.22
완주군 - 전년 총인구＜br＞(B),Statistics,84327.0,87081.0,84937.0,84224.0,83217.0,84561.0,84484.0,84561.0,85773.0,86076.0,87329.0,86766.0,88101.0,89035.0,92606.0,97544.0,97767.0,98482.0,97863.0,95881.0,94835.0,94151.0,96011.0
용산구 - 당해년 총인구＜br＞(A),Statistics,250550.0,245218.0,240723.0,239070.0,240077.0,243033.0,248362.0,251043.0,251200.0,257143.0,259290.0,255294.0,251925.0,249914.0,247909.0,245102.0,244444.0,245090.0,245185.0,244645.0,237285.0,233284.0,227106.0
용산구 - 인구증가율＜br＞{(A-B)÷B}×100,Statistics,0.71,-2.13,-1.83,-0.69,0.42,1.23,2.19,1.08,0.06,2.37,0.83,-1.54,-1.32,-0.8,-0.8,-1.13,-0.27,0.26,0.04,-0.22,-3.01,-1.69,-2.65
용산구 - 전년 총인구＜br＞(B),Statistics,248794.0,250550.0,245218.0,240723.0,239070.0,240077.0,243033.0,248362.0,251043.0,251200.0,257143.0,259290.0,255294.0,251925.0,249914.0,247909.0,245102.0,244444.0,245090.0,245185.0,244645.0,237285.0,233284.0
용인시 - 당해년 총인구＜br＞(A),Statistics,455118.0,529300.0,583516.0,649577.0,702007.0,777849.0,813653.0,831305.0,854054.0,891708.0,911494.0,930058.0,955907.0,976883.0,992396.0,1008012.0,1021007.0,1053522.0,1078591.0,1090907.0,1093665.0,1092294.0,1094561.0
용인시 - 인구증가율＜br＞{(A-B)÷B}×100,Statistics,15.21,16.3,10.24,11.32,8.07,10.8,4.6,2.17,2.74,4.41,2.22,2.04,2.78,2.19,1.59,1.57,1.29,3.18,2.38,1.14,0.25,-0.13,0.21
용인시 - 전년 총인구＜br＞(B),Statistics,395028.0,455118.0,529300.0,583516.0,649577.0,702007.0,777849.0,813653.0,831305.0,854054.0,891708.0,911494.0,930058.0,955907.0,976883.0,992396.0,1008012.0,1021007.0,1053522.0,1078591.0,1090907.0,1093665.0,1092294.0
울릉군 - 당해년 총인구＜br＞(A),Statistics,9950.0,9624.0,9252.0,9201.0,9550.0,10254.0,10160.0,10220.0,10398.0,10797.0,10845.0,10797.0,10662.0,10395.0,10279.0,10146.0,10126.0,10014.0,9785.0,9227.0,9009.0,9123.0,9219.0
울릉군 - 인구증가율＜br＞{(A-B)÷B}×100,Statistics,-2.89,-3.28,-3.87,-0.55,3.79,7.37,-0.92,0.59,1.74,3.84,0.44,-0.44,-1.25,-2.5,-1.12,-1.29,-0.2,-1.11,-2.29,-5.7,-2.36,1.27,1.05
울릉군 - 전년 총인구＜br＞(B),Statistics,10246.0,9950.0,9624.0,9252.0,9201.0,9550.0,10254.0,10160.0,10220.0,10398.0,10797.0,10845.0,10797.0,10662.0,10395.0,10279.0,10146.0,10126.0,10014.0,9785.0,9227.0,9009.0,9123.0
울산광역시 - 당해년 총인구＜br＞(A),Statistics,1060378.0,1070277.0,1078926.0,1087958.0,1095105.0,1102988.0,1112799.0,1126879.0,1129827.0,1142341.0,1153915.0,1166503.0,1178907.0,1192262.0,1199717.0,1195761.0,1185645.0,1175625.0,1168469.0,1153901.0,1138419.0,1129042.0,1127281.0
울산광역시 - 인구증가율＜br＞{(A-B)÷B}×100,Statistics,1.55,0.93,0.81,0.84,0.66,0.72,0.89,1.27,0.26,1.11,1.01,1.09,1.06,1.13,0.63,-0.33,-0.85,-0.85,-0.61,-1.25,-1.34,-0.82,-0.16
울산광역시 - 전년 총인구＜br＞(B),Statistics,1044161.0,1060378.0,1070277.0,1078926.0,1087958.0,1095105.0,1102988.0,1112799.0,1126879.0,1129827.0,1142341.0,1153915.0,1166503.0,1178907.0,1192262.0,1199717.0,1195761.0,1185645.0,1175625.0,1168469.0,1153901.0,1138419.0,1129042.0
울주군 - 당해년 총인구＜br＞(A),Statistics,171685.0,172751.0,175708.0,176443.0,176635.0,180467.0,187465.0,196404.0,200261.0,206088.0,210710.0,214065.0,215659.0,222710.0,228429.0,227391.0,228090.0,229067.0,230464.0,228682.0,227924.0,227794.0,226575.0
울주군 - 인구증가율＜br＞{(A-B)÷B}×100,Statistics,3.41,0.62,1.71,0.42,0.11,2.17,3.88,4.77,1.96,2.91,2.24,1.59,0.74,3.27,2.57,-0.45,0.31,0.43,0.61,-0.77,-0.33,-0.06,-0.54
울주군 - 전년 총인구＜br＞(B),Statistics,166028.0,171685.0,172751.0,175708.0,176443.0,176635.0,180467.0,187465.0,196404.0,200261.0,206088.0,210710.0,214065.0,215659.0,222710.0,228429.0,227391.0,228090.0,229067.0,230464.0,228682.0,227924.0,227794.0
울진군 - 당해년 총인구＜br＞(A),Statistics,65878.0,63731.0,61235.0,58869.0,56988.0,55404.0,54353.0,53478.0,53087.0,53100.0,52864.0,52681.0,53013.0,53318.0,53103.0,52974.0,52337.0,51538.0,50810.0,50104.0,49276.0,48675.0,48431.0
울진군 - 인구증가율＜br＞{(A-B)÷B}×100,Statistics,-0.83,-3.26,-3.92,-3.86,-3.2,-2.78,-1.9,-1.61,-0.73,0.02,-0.44,-0.35,0.63,0.58,-0.4,-0.24,-1.2,-1.53,-1.41,-1.39,-1.65,-1.22,-0.5
울진군 - 전년 총인구＜br＞(B),Statistics,66428.0,65878.0,63731.0,61235.0,58869.0,56988.0,55404.0,54353.0,53478.0,53087.0,53100.0,52864.0,52681.0,53013.0,53318.0,53103.0,52974.0,52337.0,51538.0,50810.0,50104.0,49276.0,48675.0
원주시 - 당해년 총인구＜br＞(A),Statistics,275217.0,277987.0,282025.0,286136.0,290073.0,296251.0,301101.0,306350.0,310276.0,317094.0,323026.0,326321.0,327381.0,330134.0,336031.0,341130.0,344614.0,347421.0,352860.0,357710.0,361056.0,364891.0,366279.0
원주시 - 인구증가율＜br＞{(A-B)÷B}×100,Statistics,1.6,1.01,1.45,1.46,1.38,2.13,1.64,1.74,1.28,2.2,1.87,1.02,0.32,0.84,1.79,1.52,1.02,0.81,1.57,1.37,0.94,1.06,0.38
원주시 - 전년 총인구＜br＞(B),Statistics,270891.0,275217.0,277987.0,282025.0,286136.0,290073.0,296251.0,301101.0,306350.0,310276.0,317094.0,323026.0,326321.0,327381.0,330134.0,336031.0,341130.0,344614.0,347421.0,352860.0,357710.0,361056.0,364891.0
유성구 - 당해년 총인구＜br＞(A),Statistics,173509.0,188870.0,196071.0,205787.0,223023.0,245744.0,253818.0,263685.0,270768.0,286106.0,299013.0,310952.0,318805.0,332749.0,340901.0,349107.0,354519.0,355983.0,355516.0,356738.0,357441.0,363330.0,374575.0
유성구 - 인구증가율＜br＞{(A-B)÷B}×100,Statistics,8.93,8.85,3.81,4.96,8.38,10.19,3.29,3.89,2.69,5.66,4.51,3.99,2.53,4.37,2.45,2.41,1.55,0.41,-0.13,0.34,0.2,1.65,3.09
유성구 - 전년 총인구＜br＞(B),Statistics,159285.0,173509.0,188870.0,196071.0,205787.0,223023.0,245744.0,253818.0,263685.0,270768.0,286106.0,299013.0,310952.0,318805.0,332749.0,340901.0,349107.0,354519.0,355983.0,355516.0,356738.0,357441.0,363330.0
은평구 - 당해년 총인구＜br＞(A),Statistics,469242.0,471873.0,476843.0,480320.0,473456.0,467940.0,463473.0,463364.0,470782.0,492925.0,498355.0,505902.0,508111.0,503243.0,502578.0,495937.0,491202.0,487666.0,484546.0,484043.0,477173.0,470602.0,470869.0
은평구 - 인구증가율＜br＞{(A-B)÷B}×100,Statistics,-0.32,0.56,1.05,0.73,-1.43,-1.17,-0.95,-0.02,1.6,4.7,1.1,1.51,0.44,-0.96,-0.13,-1.32,-0.95,-0.72,-0.64,-0.1,-1.42,-1.38,0.06
은평구 - 전년 총인구＜br＞(B),Statistics,470747.0,469242.0,471873.0,476843.0,480320.0,473456.0,467940.0,463473.0,463364.0,470782.0,492925.0,498355.0,505902.0,508111.0,503243.0,502578.0,495937.0,491202.0,487666.0,484546.0,484043.0,477173.0,470602.0
음성군 - 당해년 총인구＜br＞(A),Statistics,88783.0,88024.0,88259.0,88182.0,88382.0,90159.0,92520.0,94144.0,94580.0,96214.0,96993.0,98279.0,99952.0,102796.0,104316.0,106419.0,106053.0,105103.0,104434.0,101844.0,100558.0,101809.0,103173.0
음성군 - 인구증가율＜br＞{(A-B)÷B}×100,Statistics,-0.58,-0.85,0.27,-0.09,0.23,2.01,2.62,1.76,0.46,1.73,0.81,1.33,1.7,2.85,1.48,2.02,-0.34,-0.9,-0.64,-2.48,-1.26,1.24,1.34
음성군 - 전년 총인구＜br＞(B),Statistics,89305.0,88783.0,88024.0,88259.0,88182.0,88382.0,90159.0,92520.0,94144.0,94580.0,96214.0,96993.0,98279.0,99952.0,102796.0,104316.0,106419.0,106053.0,105103.0,104434.0,101844.0,100558.0,101809.0
의령군 - 당해년 총인구＜br＞(A),Statistics,33700.0,32968.0,33010.0,32681.0,31360.0,31930.0,31758.0,31195.0,30965.0,30735.0,30728.0,31027.0,30136.0,30014.0,29339.0,28880.0,28624.0,28426.0,27933.0,27518.0,27024.0,26801.0,26359.0
의령군 - 인구증가율＜br＞{(A-B)÷B}×100,Statistics,-2.78,-2.17,0.13,-1.0,-4.04,1.82,-0.54,-1.77,-0.74,-0.74,-0.02,0.97,-2.87,-0.4,-2.25,-1.56,-0.89,-0.69,-1.73,-1.49,-1.8,-0.83,-1.65
의령군 - 전년 총인구＜br＞(B),Statistics,34664.0,33700.0,32968.0,33010.0,32681.0,31360.0,31930.0,31758.0,31195.0,30965.0,30735.0,30728.0,31027.0,30136.0,30014.0,29339.0,28880.0,28624.0,28426.0,27933.0,27518.0,27024.0,26801.0
의성군 - 당해년 총인구＜br＞(A),Statistics,74243.0,71216.0,68771.0,66507.0,64930.0,63409.0,61871.0,60567.0,59608.0,59306.0,58222.0,57533.0,56636.0,55888.0,55236.0,54722.0,54080.0,53579.0,53237.0,52294.0,51141.0,50795.0,50832.0
의성군 - 인구증가율＜br＞{(A-B)÷B}×100,Statistics,-3.14,-4.08,-3.43,-3.29,-2.37,-2.34,-2.43,-2.11,-1.58,-0.51,-1.83,-1.18,-1.56,-1.32,-1.17,-0.93,-1.17,-0.93,-0.64,-1.77,-2.2,-0.68,0.07
의성군 - 전년 총인구＜br＞(B),Statistics,76648.0,74243.0,71216.0,68771.0,66507.0,64930.0,63409.0,61871.0,60567.0,59608.0,59306.0,58222.0,57533.0,56636.0,55888.0,55236.0,54722.0,54080.0,53579.0,53237.0,52294.0,51141.0,50795.0
의왕시 - 당해년 총인구＜br＞(A),Statistics,124772.0,133967.0,144458.0,146595.0,146937.0,139395.0,136264.0,135803.0,142161.0,148786.0,150907.0,156003.0,161023.0,159897.0,159125.0,157997.0,156957.0,155084.0,162344.0,164857.0,164363.0,161204.0,159932.0
의왕시 - 인구증가율＜br＞{(A-B)÷B}×100,Statistics,2.46,7.37,7.83,1.48,0.23,-5.13,-2.25,-0.34,4.68,4.66,1.43,3.38,3.22,-0.7,-0.48,-0.71,-0.66,-1.19,4.68,1.55,-0.3,-1.92,-0.79
의왕시 - 전년 총인구＜br＞(B),Statistics,121777.0,124772.0,133967.0,144458.0,146595.0,146937.0,139395.0,136264.0,135803.0,142161.0,148786.0,150907.0,156003.0,161023.0,159897.0,159125.0,157997.0,156957.0,155084.0,162344.0,164857.0,164363.0,161204.0
의정부시 - 당해년 총인구＜br＞(A),Statistics,368887.0,380521.0,397145.0,400018.0,404937.0,414030.0,425693.0,435299.0,435401.0,435873.0,434290.0,432760.0,434488.0,434760.0,437754.0,442303.0,445700.0,451542.0,456776.0,466455.0,468339.0,468659.0,469936.0
의정부시 - 인구증가율＜br＞{(A-B)÷B}×100,Statistics,1.75,3.15,4.37,0.72,1.23,2.25,2.82,2.26,0.02,0.11,-0.36,-0.35,0.4,0.06,0.69,1.04,0.77,1.31,1.16,2.12,0.4,0.07,0.27
의정부시 - 전년 총인구＜br＞(B),Statistics,362529.0,368887.0,380521.0,397145.0,400018.0,404937.0,414030.0,425693.0,435299.0,435401.0,435873.0,434290.0,432760.0,434488.0,434760.0,437754.0,442303.0,445700.0,451542.0,456776.0,466455.0,468339.0,468659.0
이천시 - 당해년 총인구＜br＞(A),Statistics,188367.0,190641.0,192611.0,192725.0,194130.0,196763.0,198790.0,200392.0,201285.0,206920.0,209025.0,209339.0,210579.0,210824.0,211062.0,216831.0,220021.0,221585.0,223349.0,225418.0,229854.0,230134.0,231265.0
이천시 - 인구증가율＜br＞{(A-B)÷B}×100,Statistics,2.1,1.21,1.03,0.06,0.73,1.36,1.03,0.81,0.45,2.8,1.02,0.15,0.59,0.12,0.11,2.73,1.47,0.71,0.8,0.93,1.97,0.12,0.49
이천시 - 전년 총인구＜br＞(B),Statistics,184491.0,188367.0,190641.0,192611.0,192725.0,194130.0,196763.0,198790.0,200392.0,201285.0,206920.0,209025.0,209339.0,210579.0,210824.0,211062.0,216831.0,220021.0,221585.0,223349.0,225418.0,229854.0,230134.0
익산시 - 당해년 총인구＜br＞(A),Statistics,337240.0,332545.0,327536.0,324533.0,320780.0,317889.0,316911.0,312837.0,310255.0,310773.0,313475.0,310206.0,310425.0,308361.0,306369.0,305031.0,305354.0,299341.0,292916.0,286990.0,282572.0,278815.0,276043.0
익산시 - 인구증가율＜br＞{(A-B)÷B}×100,Statistics,0.17,-1.39,-1.51,-0.92,-1.16,-0.9,-0.31,-1.29,-0.83,0.17,0.87,-1.04,0.07,-0.66,-0.65,-0.44,0.11,-1.97,-2.15,-2.02,-1.54,-1.33,-0.99
익산시 - 전년 총인구＜br＞(B),Statistics,336651.0,337240.0,332545.0,327536.0,324533.0,320780.0,317889.0,316911.0,312837.0,310255.0,310773.0,313475.0,310206.0,310425.0,308361.0,306369.0,305031.0,305354.0,299341.0,292916.0,286990.0,282572.0,278815.0
인제군 - 당해년 총인구＜br＞(A),Statistics,33133.0,32505.0,32188.0,32563.0,32934.0,32619.0,32317.0,31911.0,31705.0,32175.0,32299.0,32769.0,32827.0,32808.0,33599.0,33061.0,32901.0,32455.0,31981.0,31959.0,32476.0,32736.0,32563.0
인제군 - 인구증가율＜br＞{(A-B)÷B}×100,Statistics,-1.52,-1.9,-0.98,1.17,1.14,-0.96,-0.93,-1.26,-0.65,1.48,0.39,1.46,0.18,-0.06,2.41,-1.6,-0.48,-1.36,-1.46,-0.07,1.62,0.8,-0.53
인제군 - 전년 총인구＜br＞(B),Statistics,33646.0,33133.0,32505.0,32188.0,32563.0,32934.0,32619.0,32317.0,31911.0,31705.0,32175.0,32299.0,32769.0,32827.0,32808.0,33599.0,33061.0,32901.0,32455.0,31981.0,31959.0,32476.0,32736.0
인천광역시 - 당해년 총인구＜br＞(A),Statistics,2581557.0,2596102.0,2601278.0,2610715.0,2632178.0,2663854.0,2710040.0,2741217.0,2758431.0,2808288.0,2851491.0,2891286.0,2930164.0,2957931.0,2983484.0,3002172.0,3011138.0,3022511.0,3029285.0,3010476.0,3014739.0,3039163.0,3078426.0
인천광역시 - 인구증가율＜br＞{(A-B)÷B}×100,Statistics,0.75,0.56,0.2,0.36,0.82,1.2,1.73,1.15,0.63,1.81,1.54,1.4,1.34,0.95,0.86,0.63,0.3,0.38,0.22,-0.62,0.14,0.81,1.29
인천광역시 - 전년 총인구＜br＞(B),Statistics,2562321.0,2581557.0,2596102.0,2601278.0,2610715.0,2632178.0,2663854.0,2710040.0,2741217.0,2758431.0,2808288.0,2851491.0,2891286.0,2930164.0,2957931.0,2983484.0,3002172.0,3011138.0,3022511.0,3029285.0,3010476.0,3014739.0,3039163.0
임실군 - 당해년 총인구＜br＞(A),Statistics,37548.0,35165.0,34443.0,33166.0,32681.0,32219.0,32297.0,31541.0,31127.0,30941.0,31120.0,30264.0,30064.0,30306.0,30631.0,30572.0,30575.0,30442.0,29244.0,27604.0,27003.0,26849.0,26361.0
임실군 - 인구증가율＜br＞{(A-B)÷B}×100,Statistics,-0.15,-6.35,-2.05,-3.71,-1.46,-1.41,0.24,-2.34,-1.31,-0.6,0.58,-2.75,-0.66,0.8,1.07,-0.19,0.01,-0.43,-3.94,-5.61,-2.18,-0.57,-1.82
임실군 - 전년 총인구＜br＞(B),Statistics,37605.0,37548.0,35165.0,34443.0,33166.0,32681.0,32219.0,32297.0,31541.0,31127.0,30941.0,31120.0,30264.0,30064.0,30306.0,30631.0,30572.0,30575.0,30442.0,29244.0,27604.0,27003.0,26849.0
장성군 - 당해년 총인구＜br＞(A),Statistics,54958.0,52867.0,51877.0,50755.0,49710.0,48507.0,48072.0,47399.0,47047.0,47486.0,47415.0,47404.0,47430.0,47358.0,47456.0,47218.0,47259.0,46900.0,46836.0,45457.0,44288.0,44176.0,43678.0
장성군 - 인구증가율＜br＞{(A-B)÷B}×100,Statistics,-2.25,-3.8,-1.87,-2.16,-2.06,-2.42,-0.9,-1.4,-0.74,0.93,-0.15,-0.02,0.05,-0.15,0.21,-0.5,0.09,-0.76,-0.14,-2.94,-2.57,-0.25,-1.13
장성군 - 전년 총인구＜br＞(B),Statistics,56223.0,54958.0,52867.0,51877.0,50755.0,49710.0,48507.0,48072.0,47399.0,47047.0,47486.0,47415.0,47404.0,47430.0,47358.0,47456.0,47218.0,47259.0,46900.0,46836.0,45457.0,44288.0,44176.0
장수군 - 당해년 총인구＜br＞(A),Statistics,30521.0,26463.0,29579.0,26933.0,24912.0,24420.0,26912.0,24132.0,23740.0,23651.0,23494.0,23490.0,23569.0,23706.0,23681.0,24016.0,23384.0,23602.0,22818.0,22436.0,22019.0,21709.0,21415.0
장수군 - 인구증가율＜br＞{(A-B)÷B}×100,Statistics,1.31,-13.3,11.77,-8.95,-7.5,-1.97,10.2,-10.33,-1.62,-0.37,-0.66,-0.02,0.34,0.58,-0.11,1.41,-2.63,0.93,-3.32,-1.67,-1.86,-1.41,-1.35
장수군 - 전년 총인구＜br＞(B),Statistics,30126.0,30521.0,26463.0,29579.0,26933.0,24912.0,24420.0,26912.0,24132.0,23740.0,23651.0,23494.0,23490.0,23569.0,23706.0,23681.0,24016.0,23384.0,23602.0,22818.0,22436.0,22019.0,21709.0
장흥군 - 당해년 총인구＜br＞(A),Statistics,51850.0,50373.0,48002.0,46735.0,45758.0,44654.0,43703.0,43051.0,42433.0,42732.0,42890.0,43014.0,43409.0,43683.0,44043.0,41234.0,40686.0,39913.0,39155.0,38334.0,37038.0,36193.0,35680.0
장흥군 - 인구증가율＜br＞{(A-B)÷B}×100,Statistics,-3.06,-2.85,-4.71,-2.64,-2.09,-2.41,-2.13,-1.49,-1.44,0.7,0.37,0.29,0.92,0.63,0.82,-6.38,-1.33,-1.9,-1.9,-2.1,-3.38,-2.28,-1.42
장흥군 - 전년 총인구＜br＞(B),Statistics,53487.0,51850.0,50373.0,48002.0,46735.0,45758.0,44654.0,43703.0,43051.0,42433.0,42732.0,42890.0,43014.0,43409.0,43683.0,44043.0,41234.0,40686.0,39913.0,39155.0,38334.0,37038.0,36193.0
전국 - 당해년 총인구＜br＞(A),Statistics,48289173.0,48517871.0,48823837.0,49052988.0,49267751.0,49624269.0,50034357.0,50394374.0,50643781.0,51434583.0,51716745.0,51881255.0,52127386.0,52419447.0,52672425.0,52857893.0,52950306.0,53072685.0,53121668.0,52974563.0,52732700.0,52628623.0,52673955.0
전국 - 인구증가율＜br＞{(A-B)÷B}×100,Statistics,0.65,0.47,0.63,0.47,0.44,0.72,0.83,0.72,0.49,1.56,0.55,0.32,0.47,0.56,0.48,0.35,0.17,0.23,0.09,-0.28,-0.46,-0.2,0.09
전국 - 전년 총인구＜br＞(B),Statistics,47976730.0,48289173.0,48517871.0,48823837.0,49052988.0,49267751.0,49624269.0,50034357.0,50394374.0,50643781.0,51434583.0,51716745.0,51881255.0,52127386.0,52419447.0,52672425.0,52857893.0,52950306.0,53072685.0,53121668.0,52974563.0,52732700.0,52628623.0
전라남도 - 당해년 총인구＜br＞(A),Statistics,2104052.0,2059621.0,2024422.0,1994011.0,1976465.0,1954828.0,1944962.0,1938690.0,1934153.0,1940455.0,1938136.0,1933220.0,1931716.0,1934034.0,1939562.0,1935664.0,1927645.0,1916012.0,1903383.0,1884455.0,1865459.0,1856685.0,1853327.0
전라남도 - 인구증가율＜br＞{(A-B)÷B}×100,Statistics,-1.43,-2.11,-1.71,-1.5,-0.88,-1.09,-0.5,-0.32,-0.23,0.33,-0.12,-0.25,-0.08,0.12,0.29,-0.2,-0.41,-0.6,-0.66,-0.99,-1.01,-0.47,-0.18
전라남도 - 전년 총인구＜br＞(B),Statistics,2134629.0,2104052.0,2059621.0,2024422.0,1994011.0,1976465.0,1954828.0,1944962.0,1938690.0,1934153.0,1940455.0,1938136.0,1933220.0,1931716.0,1934034.0,1939562.0,1935664.0,1927645.0,1916012.0,1903383.0,1884455.0,1865459.0,1856685.0
전북특별자치도 - 당해년 총인구＜br＞(A),Statistics,2013923.0,1961572.0,1962867.0,1915674.0,1895500.0,1881840.0,1878428.0,1874521.0,1874427.0,1889115.0,1895882.0,1895371.0,1896032.0,1896646.0,1895905.0,1892111.0,1883195.0,1868179.0,1851991.0,1835392.0,1817186.0,1804548.0,1794972.0
전북특별자치도 - 인구증가율＜br＞{(A-B)÷B}×100,Statistics,0.37,-2.6,0.07,-2.4,-1.05,-0.72,-0.18,-0.21,-0.01,0.78,0.36,-0.03,0.03,0.03,-0.04,-0.2,-0.47,-0.8,-0.87,-0.9,-0.99,-0.7,-0.53
전북특별자치도 - 전년 총인구＜br＞(B),Statistics,2006500.0,2013923.0,1961572.0,1962867.0,1915674.0,1895500.0,1881840.0,1878428.0,1874521.0,1874427.0,1889115.0,1895882.0,1895371.0,1896032.0,1896646.0,1895905.0,1892111.0,1883195.0,1868179.0,1851991.0,1835392.0,1817186.0,1804548.0
전주시 - 당해년 총인구＜br＞(A),Statistics,623897.0,626069.0,620374.0,624260.0,623804.0,627443.0,627339.0,635707.0,639922.0,646535.0,651015.0,654040.0,655358.0,658570.0,658211.0,658369.0,656117.0,659052.0,663098.0,666177.0,666170.0,661259.0,652807.0
전주시 - 인구증가율＜br＞{(A-B)÷B}×100,Statistics,0.27,0.35,-0.91,0.63,-0.07,0.58,-0.02,1.33,0.66,1.03,0.69,0.46,0.2,0.49,-0.05,0.02,-0.34,0.45,0.61,0.46,0.0,-0.74,-1.28
전주시 - 전년 총인구＜br＞(B),Statistics,622238.0,623897.0,626069.0,620374.0,624260.0,623804.0,627443.0,627339.0,635707.0,639922.0,646535.0,651015.0,654040.0,655358.0,658570.0,658211.0,658369.0,656117.0,659052.0,663098.0,666177.0,666170.0,661259.0
정선군 - 당해년 총인구＜br＞(A),Statistics,49111.0,51299.0,46362.0,45633.0,44402.0,43432.0,42048.0,41551.0,41000.0,41429.0,40514.0,40240.0,40310.0,39752.0,39502.0,38993.0,38429.0,37965.0,37573.0,37135.0,35939.0,35232.0,34495.0
정선군 - 인구증가율＜br＞{(A-B)÷B}×100,Statistics,-3.0,4.46,-9.62,-1.57,-2.7,-2.18,-3.19,-1.18,-1.33,1.05,-2.21,-0.68,0.17,-1.38,-0.63,-1.29,-1.45,-1.21,-1.03,-1.17,-3.22,-1.97,-2.09
정선군 - 전년 총인구＜br＞(B),Statistics,50631.0,49111.0,51299.0,46362.0,45633.0,44402.0,43432.0,42048.0,41551.0,41000.0,41429.0,40514.0,40240.0,40310.0,39752.0,39502.0,38993.0,38429.0,37965.0,37573.0,37135.0,35939.0,35232.0
정읍시 - 당해년 총인구＜br＞(A),Statistics,152452.0,139876.0,156043.0,133018.0,129868.0,127387.0,125524.0,124196.0,122935.0,123512.0,122370.0,121234.0,120366.0,119291.0,118137.0,117318.0,116006.0,114783.0,113415.0,111239.0,108967.0,107781.0,106686.0
정읍시 - 인구증가율＜br＞{(A-B)÷B}×100,Statistics,-0.08,-8.25,11.56,-14.76,-2.37,-1.91,-1.46,-1.06,-1.02,0.47,-0.92,-0.93,-0.72,-0.89,-0.97,-0.69,-1.12,-1.05,-1.19,-1.92,-2.04,-1.09,-1.02
정읍시 - 전년 총인구＜br＞(B),Statistics,152574.0,152452.0,139876.0,156043.0,133018.0,129868.0,127387.0,125524.0,124196.0,122935.0,123512.0,122370.0,121234.0,120366.0,119291.0,118137.0,117318.0,116006.0,114783.0,113415.0,111239.0,108967.0,107781.0
제주 서귀포시 - 당해년 총인구＜br＞(A),Statistics,,,,,,155876.0,155024.0,154605.0,153797.0,155504.0,155691.0,157036.0,159213.0,163225.0,170577.0,177865.0,186371.0,190241.0,190707.0,190220.0,190633.0,192157.0,192612.0
제주 서귀포시 - 인구증가율＜br＞{(A-B)÷B}×100,Statistics,,,,,,,-0.55,-0.27,-0.52,1.11,0.12,0.86,1.39,2.52,4.5,4.27,4.78,2.08,0.24,-0.26,0.22,0.8,0.24
제주 서귀포시 - 전년 총인구＜br＞(B),Statistics,,,,,,,155876.0,155024.0,154605.0,153797.0,155504.0,155691.0,157036.0,159213.0,163225.0,170577.0,177865.0,186371.0,190241.0,190707.0,190220.0,190633.0,192157.0
제주 제주시 - 당해년 총인구＜br＞(A),Statistics,,,,,,405819.0,408364.0,410915.0,414116.0,421683.0,427593.0,435413.0,445457.0,458325.0,470778.0,483325.0,492401.0,501791.0,505950.0,507358.0,506843.0,507594.0,508096.0
제주 제주시 - 인구증가율＜br＞{(A-B)÷B}×100,Statistics,,,,,,,0.63,0.62,0.78,1.83,1.4,1.83,2.31,2.89,2.72,2.67,1.88,1.91,0.83,0.28,-0.1,0.15,0.1
제주 제주시 - 전년 총인구＜br＞(B),Statistics,,,,,,,405819.0,408364.0,410915.0,414116.0,421683.0,427593.0,435413.0,445457.0,458325.0,470778.0,483325.0,492401.0,501791.0,505950.0,507358.0,506843.0,507594.0
제주특별자치도 - 당해년 총인구＜br＞(A),Statistics,547964.0,552310.0,553864.0,557235.0,559747.0,561695.0,563388.0,565520.0,567913.0,577187.0,583284.0,592449.0,604670.0,621550.0,641355.0,661190.0,678772.0,692032.0,696657.0,697578.0,697476.0,699751.0,700708.0
제주특별자치도 - 인구증가율＜br＞{(A-B)÷B}×100,Statistics,0.85,0.79,0.28,0.61,0.45,0.35,0.3,0.38,0.42,1.63,1.06,1.57,2.06,2.79,3.19,3.09,2.66,1.95,0.67,0.13,-0.01,0.33,0.14
제주특별자치도 - 전년 총인구＜br＞(B),Statistics,543323.0,547964.0,552310.0,553864.0,557235.0,559747.0,561695.0,563388.0,565520.0,567913.0,577187.0,583284.0,592449.0,604670.0,621550.0,641355.0,661190.0,678772.0,692032.0,696657.0,697578.0,697476.0,699751.0
제천시 - 당해년 총인구＜br＞(A),Statistics,145317.0,143655.0,141215.0,139403.0,138920.0,137605.0,137545.0,137229.0,136966.0,138779.0,139215.0,138968.0,138629.0,138291.0,137609.0,138093.0,137908.0,136906.0,136242.0,134520.0,133091.0,132637.0,132317.0
제천시 - 인구증가율＜br＞{(A-B)÷B}×100,Statistics,-2.02,-1.14,-1.7,-1.28,-0.35,-0.95,-0.04,-0.23,-0.19,1.32,0.31,-0.18,-0.24,-0.24,-0.49,0.35,-0.13,-0.73,-0.49,-1.26,-1.06,-0.34,-0.24
제천시 - 전년 총인구＜br＞(B),Statistics,148308.0,145317.0,143655.0,141215.0,139403.0,138920.0,137605.0,137545.0,137229.0,136966.0,138779.0,139215.0,138968.0,138629.0,138291.0,137609.0,138093.0,137908.0,136906.0,136242.0,134520.0,133091.0,132637.0
종로구 - 당해년 총인구＜br＞(A),Statistics,187038.0,184224.0,181441.0,178574.0,173861.0,172690.0,173843.0,179754.0,177543.0,179362.0,177419.0,173148.0,167867.0,165344.0,163822.0,161922.0,164257.0,163026.0,161869.0,158996.0,153789.0,152211.0,150453.0
종로구 - 인구증가율＜br＞{(A-B)÷B}×100,Statistics,-1.01,-1.5,-1.51,-1.58,-2.64,-0.67,0.67,3.4,-1.23,1.02,-1.08,-2.41,-3.05,-1.5,-0.92,-1.16,1.44,-0.75,-0.71,-1.77,-3.27,-1.03,-1.15
종로구 - 전년 총인구＜br＞(B),Statistics,188946.0,187038.0,184224.0,181441.0,178574.0,173861.0,172690.0,173843.0,179754.0,177543.0,179362.0,177419.0,173148.0,167867.0,165344.0,163822.0,161922.0,164257.0,163026.0,161869.0,158996.0,153789.0,152211.0
중구 - 당해년 총인구＜br＞(A),Statistics,146335.0,141603.0,138798.0,136585.0,134420.0,136348.0,137435.0,138811.0,137861.0,141200.0,141571.0,140807.0,137990.0,136227.0,134329.0,134409.0,134593.0,135633.0,136488.0,134635.0,131787.0,130785.0,131793.0
중구 - 인구증가율＜br＞{(A-B)÷B}×100,Statistics,1.57,-3.23,-1.98,-1.59,-1.59,1.43,0.8,1.0,-0.68,2.42,0.26,-0.54,-2.0,-1.28,-1.39,0.06,0.14,0.77,0.63,-1.36,-2.12,-0.76,0.77
중구 - 전년 총인구＜br＞(B),Statistics,144074.0,146335.0,141603.0,138798.0,136585.0,134420.0,136348.0,137435.0,138811.0,137861.0,141200.0,141571.0,140807.0,137990.0,136227.0,134329.0,134409.0,134593.0,135633.0,136488.0,134635.0,131787.0,130785.0
중랑구 - 당해년 총인구＜br＞(A),Statistics,449965.0,443246.0,438011.0,436063.0,429922.0,429404.0,431406.0,432845.0,429700.0,432302.0,428672.0,423655.0,421237.0,423411.0,418620.0,415677.0,412780.0,408147.0,402024.0,399562.0,391885.0,390140.0,387470.0
중랑구 - 인구증가율＜br＞{(A-B)÷B}×100,Statistics,-2.02,-1.49,-1.18,-0.44,-1.41,-0.12,0.47,0.33,-0.73,0.61,-0.84,-1.17,-0.57,0.52,-1.13,-0.7,-0.7,-1.12,-1.5,-0.61,-1.92,-0.45,-0.68
중랑구 - 전년 총인구＜br＞(B),Statistics,459255.0,449965.0,443246.0,438011.0,436063.0,429922.0,429404.0,431406.0,432845.0,429700.0,432302.0,428672.0,423655.0,421237.0,423411.0,418620.0,415677.0,412780.0,408147.0,402024.0,399562.0,391885.0,390140.0
증평군 - 당해년 총인구＜br＞(A),Statistics,31575.0,30940.0,31520.0,31116.0,30846.0,30814.0,31483.0,32534.0,33511.0,33928.0,34420.0,34707.0,35035.0,35358.0,37260.0,37996.0,38455.0,38062.0,38171.0,37629.0,37271.0,38219.0,38568.0
증평군 - 인구증가율＜br＞{(A-B)÷B}×100,Statistics,-2.74,-2.01,1.87,-1.28,-0.87,-0.1,2.17,3.34,3.0,1.24,1.45,0.83,0.95,0.92,5.38,1.98,1.21,-1.02,0.29,-1.42,-0.95,2.54,0.91
증평군 - 전년 총인구＜br＞(B),Statistics,32464.0,31575.0,30940.0,31520.0,31116.0,30846.0,30814.0,31483.0,32534.0,33511.0,33928.0,34420.0,34707.0,35035.0,35358.0,37260.0,37996.0,38455.0,38062.0,38171.0,37629.0,37271.0,38219.0
진도군 - 당해년 총인구＜br＞(A),Statistics,41184.0,39673.0,38454.0,37408.0,36627.0,36100.0,35397.0,34654.0,34181.0,34077.0,33853.0,33611.0,33546.0,33436.0,33369.0,33417.0,33008.0,32631.0,32232.0,32659.0,31388.0,31150.0,31049.0
진도군 - 인구증가율＜br＞{(A-B)÷B}×100,Statistics,-2.55,-3.67,-3.07,-2.72,-2.09,-1.44,-1.95,-2.1,-1.36,-0.3,-0.66,-0.71,-0.19,-0.33,-0.2,0.14,-1.22,-1.14,-1.22,1.32,-3.89,-0.76,-0.32
진도군 - 전년 총인구＜br＞(B),Statistics,42263.0,41184.0,39673.0,38454.0,37408.0,36627.0,36100.0,35397.0,34654.0,34181.0,34077.0,33853.0,33611.0,33546.0,33436.0,33369.0,33417.0,33008.0,32631.0,32232.0,32659.0,31388.0,31150.0
진안군 - 당해년 총인구＜br＞(A),Statistics,32750.0,30543.0,30673.0,30877.0,29199.0,27425.0,30513.0,27497.0,27828.0,27817.0,28774.0,27253.0,27006.0,26779.0,26513.0,26398.0,26611.0,26312.0,26070.0,25730.0,25309.0,24958.0,24936.0
진안군 - 인구증가율＜br＞{(A-B)÷B}×100,Statistics,4.44,-6.74,0.43,0.67,-5.43,-6.08,11.26,-9.88,1.2,-0.04,3.44,-5.29,-0.91,-0.84,-0.99,-0.43,0.81,-1.12,-0.92,-1.3,-1.64,-1.39,-0.09
진안군 - 전년 총인구＜br＞(B),Statistics,31359.0,32750.0,30543.0,30673.0,30877.0,29199.0,27425.0,30513.0,27497.0,27828.0,27817.0,28774.0,27253.0,27006.0,26779.0,26513.0,26398.0,26611.0,26312.0,26070.0,25730.0,25309.0,24958.0
진주시 - 당해년 총인구＜br＞(A),Statistics,340669.0,340816.0,338364.0,338556.0,337728.0,335637.0,333256.0,334237.0,334765.0,338475.0,339445.0,341221.0,341201.0,344547.0,348835.0,351279.0,351547.0,351095.0,352553.0,352754.0,351595.0,348690.0,346962.0
진주시 - 인구증가율＜br＞{(A-B)÷B}×100,Statistics,-0.55,0.04,-0.72,0.06,-0.24,-0.62,-0.71,0.29,0.16,1.11,0.29,0.52,-0.01,0.98,1.24,0.7,0.08,-0.13,0.42,0.06,-0.33,-0.83,-0.5
진주시 - 전년 총인구＜br＞(B),Statistics,342536.0,340669.0,340816.0,338364.0,338556.0,337728.0,335637.0,333256.0,334237.0,334765.0,338475.0,339445.0,341221.0,341201.0,344547.0,348835.0,351279.0,351547.0,351095.0,352553.0,352754.0,351595.0,348690.0
진천군 - 당해년 총인구＜br＞(A),Statistics,61483.0,60964.0,61667.0,62491.0,62133.0,62678.0,62856.0,63579.0,64397.0,65444.0,66401.0,66567.0,68218.0,69533.0,72818.0,75267.0,79252.0,84265.0,87157.0,89364.0,90653.0,92553.0,93742.0
진천군 - 인구증가율＜br＞{(A-B)÷B}×100,Statistics,0.58,-0.84,1.15,1.34,-0.57,0.88,0.28,1.15,1.29,1.63,1.46,0.25,2.48,1.93,4.72,3.36,5.29,6.33,3.43,2.53,1.44,2.1,1.28
진천군 - 전년 총인구＜br＞(B),Statistics,61131.0,61483.0,60964.0,61667.0,62491.0,62133.0,62678.0,62856.0,63579.0,64397.0,65444.0,66401.0,66567.0,68218.0,69533.0,72818.0,75267.0,79252.0,84265.0,87157.0,89364.0,90653.0,92553.0
창녕군 - 당해년 총인구＜br＞(A),Statistics,71215.0,69389.0,67638.0,66402.0,65130.0,64098.0,62938.0,62381.0,62085.0,62751.0,63766.0,64297.0,65059.0,65376.0,65908.0,66267.0,66517.0,66098.0,65120.0,63634.0,62259.0,60855.0,60174.0
창녕군 - 인구증가율＜br＞{(A-B)÷B}×100,Statistics,-2.68,-2.56,-2.52,-1.83,-1.92,-1.58,-1.81,-0.88,-0.47,1.07,1.62,0.83,1.19,0.49,0.81,0.54,0.38,-0.63,-1.48,-2.28,-2.16,-2.26,-1.12
창녕군 - 전년 총인구＜br＞(B),Statistics,73177.0,71215.0,69389.0,67638.0,66402.0,65130.0,64098.0,62938.0,62381.0,62085.0,62751.0,63766.0,64297.0,65059.0,65376.0,65908.0,66267.0,66517.0,66098.0,65120.0,63634.0,62259.0,60855.0
창원시 - 당해년 총인구＜br＞(A),Statistics,,,,,,,,,,1103849.0,1107341.0,1106081.0,1098752.0,1091513.0,1086852.0,1080133.0,1072657.0,1068955.0,1059813.0,1050207.0,1045601.0,1035475.0,1025460.0
창원시 - 인구증가율＜br＞{(A-B)÷B}×100,Statistics,,,,,,,,,,1.02,0.32,-0.11,-0.66,-0.66,-0.43,-0.62,-0.69,-0.35,-0.86,-0.91,-0.44,-0.97,-0.97
창원시 - 전년 총인구＜br＞(B),Statistics,,,,,,,,,,,1103849.0,1107341.0,1106081.0,1098752.0,1091513.0,1086852.0,1080133.0,1072657.0,1068955.0,1059813.0,1050207.0,1045601.0,1035475.0
천안시 - 당해년 총인구＜br＞(A),Statistics,436708.0,445485.0,462714.0,509744.0,518818.0,531193.0,540742.0,547662.0,551423.0,570109.0,585588.0,595726.0,606541.0,614880.0,622836.0,635783.0,650402.0,666153.0,672556.0,676996.0,676430.0,677789.0,679707.0
천안시 - 인구증가율＜br＞{(A-B)÷B}×100,Statistics,2.72,2.01,3.87,10.16,1.78,2.39,1.8,1.28,0.69,3.39,2.72,1.73,1.82,1.37,1.29,2.08,2.3,2.42,0.96,0.66,-0.08,0.2,0.28
천안시 - 전년 총인구＜br＞(B),Statistics,425135.0,436708.0,445485.0,462714.0,509744.0,518818.0,531193.0,540742.0,547662.0,551423.0,570109.0,585588.0,595726.0,606541.0,614880.0,622836.0,635783.0,650402.0,666153.0,672556.0,676996.0,676430.0,677789.0
철원군 - 당해년 총인구＜br＞(A),Statistics,52224.0,50682.0,50450.0,49908.0,49167.0,48260.0,47719.0,48066.0,48054.0,49463.0,48574.0,48469.0,48057.0,48198.0,49422.0,48699.0,47921.0,47138.0,46295.0,45325.0,43950.0,43036.0,42287.0
철원군 - 인구증가율＜br＞{(A-B)÷B}×100,Statistics,-2.07,-2.95,-0.46,-1.07,-1.48,-1.84,-1.12,0.73,-0.02,2.93,-1.8,-0.22,-0.85,0.29,2.54,-1.46,-1.6,-1.63,-1.79,-2.1,-3.03,-2.08,-1.74
철원군 - 전년 총인구＜br＞(B),Statistics,53329.0,52224.0,50682.0,50450.0,49908.0,49167.0,48260.0,47719.0,48066.0,48054.0,49463.0,48574.0,48469.0,48057.0,48198.0,49422.0,48699.0,47921.0,47138.0,46295.0,45325.0,43950.0,43036.0
청도군 - 당해년 총인구＜br＞(A),Statistics,51471.0,51025.0,50495.0,48043.0,47099.0,46556.0,45984.0,45165.0,44733.0,44894.0,44915.0,44638.0,44510.0,44897.0,44751.0,44603.0,44366.0,44129.0,43952.0,43229.0,42822.0,42568.0,42428.0
청도군 - 인구증가율＜br＞{(A-B)÷B}×100,Statistics,-2.25,-0.87,-1.04,-4.86,-1.96,-1.15,-1.23,-1.78,-0.96,0.36,0.05,-0.62,-0.29,0.87,-0.33,-0.33,-0.53,-0.53,-0.4,-1.64,-0.94,-0.59,-0.33
청도군 - 전년 총인구＜br＞(B),Statistics,52655.0,51471.0,51025.0,50495.0,48043.0,47099.0,46556.0,45984.0,45165.0,44733.0,44894.0,44915.0,44638.0,44510.0,44897.0,44751.0,44603.0,44366.0,44129.0,43952.0,43229.0,42822.0,42568.0
청송군 - 당해년 총인구＜br＞(A),Statistics,33568.0,32379.0,31391.0,30197.0,29406.0,28587.0,27993.0,27439.0,27067.0,26883.0,26745.0,26697.0,26707.0,26732.0,26615.0,26552.0,26201.0,25881.0,25623.0,25223.0,24727.0,24549.0,24362.0
청송군 - 인구증가율＜br＞{(A-B)÷B}×100,Statistics,-2.13,-3.54,-3.05,-3.8,-2.62,-2.79,-2.08,-1.98,-1.36,-0.68,-0.51,-0.18,0.04,0.09,-0.44,-0.24,-1.32,-1.22,-1.0,-1.56,-1.97,-0.72,-0.76
청송군 - 전년 총인구＜br＞(B),Statistics,34297.0,33568.0,32379.0,31391.0,30197.0,29406.0,28587.0,27993.0,27439.0,27067.0,26883.0,26745.0,26697.0,26707.0,26732.0,26615.0,26552.0,26201.0,25881.0,25623.0,25223.0,24727.0,24549.0
청양군 - 당해년 총인구＜br＞(A),Statistics,40086.0,38697.0,37194.0,35828.0,35144.0,34405.0,33932.0,33456.0,33012.0,32945.0,32751.0,32537.0,32601.0,32761.0,33038.0,33324.0,33426.0,32910.0,32359.0,31571.0,31062.0,30991.0,31040.0
청양군 - 인구증가율＜br＞{(A-B)÷B}×100,Statistics,-2.45,-3.47,-3.88,-3.67,-1.91,-2.1,-1.37,-1.4,-1.33,-0.2,-0.59,-0.65,0.2,0.49,0.85,0.87,0.31,-1.54,-1.67,-2.44,-1.61,-0.23,0.16
청양군 - 전년 총인구＜br＞(B),Statistics,41093.0,40086.0,38697.0,37194.0,35828.0,35144.0,34405.0,33932.0,33456.0,33012.0,32945.0,32751.0,32537.0,32601.0,32761.0,33038.0,33324.0,33426.0,32910.0,32359.0,31571.0,31062.0,30991.0
청주시 - 당해년 총인구＜br＞(A),Statistics,,,,,,,,,,,,,,842027.0,842960.0,846949.0,847915.0,851328.0,853714.0,857527.0,860831.0,863625.0,868610.0
청주시 - 인구증가율＜br＞{(A-B)÷B}×100,Statistics,,,,,,,,,,,,,,0.52,0.11,0.47,0.11,0.4,0.28,0.45,0.39,0.32,0.58
청주시 - 전년 총인구＜br＞(B),Statistics,,,,,,,,,,,,,,,842027.0,842960.0,846949.0,847915.0,851328.0,853714.0,857527.0,860831.0,863625.0
춘천시 - 당해년 총인구＜br＞(A),Statistics,252019.0,253532.0,254366.0,255563.0,256455.0,258068.0,260439.0,264557.0,267514.0,272739.0,275655.0,276131.0,277353.0,278840.0,281005.0,283951.0,284192.0,285002.0,285585.0,286489.0,288320.0,290797.0,290743.0
춘천시 - 인구증가율＜br＞{(A-B)÷B}×100,Statistics,0.01,0.6,0.33,0.47,0.35,0.63,0.92,1.58,1.12,1.95,1.07,0.17,0.44,0.54,0.78,1.05,0.08,0.29,0.2,0.32,0.64,0.86,-0.02
춘천시 - 전년 총인구＜br＞(B),Statistics,251991.0,252019.0,253532.0,254366.0,255563.0,256455.0,258068.0,260439.0,264557.0,267514.0,272739.0,275655.0,276131.0,277353.0,278840.0,281005.0,283951.0,284192.0,285002.0,285585.0,286489.0,288320.0,290797.0
충남 당진군 - 당해년 총인구＜br＞(A),Statistics,120818.0,118701.0,117409.0,118764.0,122016.0,127167.0,138796.0,139421.0,141952.0,148337.0,153995.0,,,,,,,,,,,,
충남 당진군 - 인구증가율＜br＞{(A-B)÷B}×100,Statistics,-1.63,-1.75,-1.09,1.15,2.74,4.22,9.14,0.45,1.82,4.5,3.81,,,,,,,,,,,,
충남 당진군 - 전년 총인구＜br＞(B),Statistics,122818.0,120818.0,118701.0,117409.0,118764.0,122016.0,127167.0,138796.0,139421.0,141952.0,148337.0,153995.0,,,,,,,,,,,
충남 연기군 - 당해년 총인구＜br＞(A),Statistics,81821.0,83063.0,83815.0,85578.0,85395.0,84107.0,81450.0,80118.0,81068.0,83504.0,84710.0,,,,,,,,,,,,
충남 연기군 - 인구증가율＜br＞{(A-B)÷B}×100,Statistics,1.2,1.52,0.91,2.1,-0.21,-1.51,-3.16,-1.64,1.19,3.0,1.44,,,,,,,,,,,,
충남 연기군 - 전년 총인구＜br＞(B),Statistics,80851.0,81821.0,83063.0,83815.0,85578.0,85395.0,84107.0,81450.0,80118.0,81068.0,83504.0,84710.0,,,,,,,,,,,
충북 청원군 - 당해년 총인구＜br＞(A),Statistics,125221.0,123934.0,122562.0,121132.0,121272.0,138707.0,145939.0,151115.0,152683.0,156001.0,161786.0,157986.0,158365.0,,,,,,,,,,
충북 청원군 - 인구증가율＜br＞{(A-B)÷B}×100,Statistics,0.21,-1.03,-1.11,-1.17,0.12,14.38,5.21,3.55,1.04,2.17,3.71,-2.35,0.24,,,,,,,,,,
충북 청원군 - 전년 총인구＜br＞(B),Statistics,124958.0,125221.0,123934.0,122562.0,121132.0,121272.0,138707.0,145939.0,151115.0,152683.0,156001.0,161786.0,157986.0,158365.0,,,,,,,,,
충북 청주시 - 당해년 총인구＜br＞(A),Statistics,594716.0,606305.0,617254.0,626614.0,633888.0,630637.0,638384.0,644223.0,648598.0,661793.0,668199.0,672850.0,679302.0,,,,,,,,,,
충북 청주시 - 인구증가율＜br＞{(A-B)÷B}×100,Statistics,2.05,1.95,1.81,1.52,1.16,-0.51,1.23,0.91,0.68,2.03,0.97,0.7,0.96,,,,,,,,,,
충북 청주시 - 전년 총인구＜br＞(B),Statistics,582758.0,594716.0,606305.0,617254.0,626614.0,633888.0,630637.0,638384.0,644223.0,648598.0,661793.0,668199.0,672850.0,679302.0,,,,,,,,,
충주시 - 당해년 총인구＜br＞(A),Statistics,216036.0,212875.0,210169.0,208557.0,207173.0,206236.0,207036.0,208808.0,209074.0,211295.0,211348.0,211395.0,211383.0,212200.0,211976.0,213075.0,213359.0,215859.0,216070.0,214961.0,213883.0,213337.0,213427.0
충주시 - 인구증가율＜br＞{(A-B)÷B}×100,Statistics,-0.95,-1.46,-1.27,-0.77,-0.66,-0.45,0.39,0.86,0.13,1.06,0.03,0.02,-0.01,0.39,-0.11,0.52,0.13,1.17,0.1,-0.51,-0.5,-0.26,0.04
충주시 - 전년 총인구＜br＞(B),Statistics,218098.0,216036.0,212875.0,210169.0,208557.0,207173.0,206236.0,207036.0,208808.0,209074.0,211295.0,211348.0,211395.0,211383.0,212200.0,211976.0,213075.0,213359.0,215859.0,216070.0,214961.0,213883.0,213337.0
충청남도 - 당해년 총인구＜br＞(A),Statistics,1928088.0,1918561.0,1930132.0,1972553.0,1982495.0,2000844.0,2026084.0,2053791.0,2075249.0,2118267.0,2149375.0,2074918.0,2097555.0,2116830.0,2134232.0,2157080.0,2180925.0,2194516.0,2194384.0,2185575.0,2181835.0,2194196.0,2215334.0
충청남도 - 인구증가율＜br＞{(A-B)÷B}×100,Statistics,-0.11,-0.49,0.6,2.2,0.5,0.93,1.26,1.37,1.04,2.07,1.47,-3.46,1.09,0.92,0.82,1.07,1.11,0.62,-0.01,-0.4,-0.17,0.57,0.96
충청남도 - 전년 총인구＜br＞(B),Statistics,1930234.0,1928088.0,1918561.0,1930132.0,1972553.0,1982495.0,2000844.0,2026084.0,2053791.0,2075249.0,2118267.0,2149375.0,2074918.0,2097555.0,2116830.0,2134232.0,2157080.0,2180925.0,2194516.0,2194384.0,2185575.0,2181835.0,2194196.0
충청북도 - 당해년 총인구＜br＞(A),Statistics,1504518.0,1501443.0,1500558.0,1500610.0,1501674.0,1511885.0,1527339.0,1542287.0,1550126.0,1573981.0,1588633.0,1590458.0,1600213.0,1609633.0,1616589.0,1627124.0,1631088.0,1638789.0,1640721.0,1637897.0,1633472.0,1636328.0,1642335.0
충청북도 - 인구증가율＜br＞{(A-B)÷B}×100,Statistics,-0.01,-0.2,-0.06,0.0,0.07,0.68,1.02,0.98,0.51,1.54,0.93,0.11,0.61,0.59,0.43,0.65,0.24,0.47,0.12,-0.17,-0.27,0.17,0.37
충청북도 - 전년 총인구＜br＞(B),Statistics,1504722.0,1504518.0,1501443.0,1500558.0,1500610.0,1501674.0,1511885.0,1527339.0,1542287.0,1550126.0,1573981.0,1588633.0,1590458.0,1600213.0,1609633.0,1616589.0,1627124.0,1631088.0,1638789.0,1640721.0,1637897.0,1633472.0,1636328.0
칠곡군 - 당해년 총인구＜br＞(A),Statistics,107158.0,108304.0,108708.0,109416.0,110388.0,114612.0,117234.0,119541.0,120004.0,121957.0,121945.0,122984.0,124830.0,126092.0,126961.0,127330.0,124837.0,122789.0,121085.0,118430.0,117463.0,116629.0,115464.0
칠곡군 - 인구증가율＜br＞{(A-B)÷B}×100,Statistics,1.35,1.07,0.37,0.65,0.89,3.83,2.29,1.97,0.39,1.63,-0.01,0.85,1.5,1.01,0.69,0.29,-1.96,-1.64,-1.39,-2.19,-0.82,-0.71,-1.0
칠곡군 - 전년 총인구＜br＞(B),Statistics,105730.0,107158.0,108304.0,108708.0,109416.0,110388.0,114612.0,117234.0,119541.0,120004.0,121957.0,121945.0,122984.0,124830.0,126092.0,126961.0,127330.0,124837.0,122789.0,121085.0,118430.0,117463.0,116629.0
태백시 - 당해년 총인구＜br＞(A),Statistics,56254.0,55233.0,54043.0,53384.0,52614.0,51770.0,51697.0,51285.0,50730.0,51112.0,50435.0,49756.0,49058.0,48547.0,47779.0,47333.0,46142.0,45112.0,44124.0,42945.0,41093.0,39726.0,39033.0
태백시 - 인구증가율＜br＞{(A-B)÷B}×100,Statistics,-1.42,-1.81,-2.15,-1.22,-1.44,-1.6,-0.14,-0.8,-1.08,0.75,-1.32,-1.35,-1.4,-1.04,-1.58,-0.93,-2.52,-2.23,-2.19,-2.67,-4.31,-3.33,-1.74
태백시 - 전년 총인구＜br＞(B),Statistics,57067.0,56254.0,55233.0,54043.0,53384.0,52614.0,51770.0,51697.0,51285.0,50730.0,51112.0,50435.0,49756.0,49058.0,48547.0,47779.0,47333.0,46142.0,45112.0,44124.0,42945.0,41093.0,39726.0
태안군 - 당해년 총인구＜br＞(A),Statistics,67947.0,66143.0,64045.0,63939.0,64075.0,64082.0,63443.0,63910.0,63660.0,63941.0,63542.0,63436.0,63377.0,63713.0,64713.0,65157.0,65276.0,64578.0,64115.0,63598.0,62907.0,63009.0,62829.0
태안군 - 인구증가율＜br＞{(A-B)÷B}×100,Statistics,-1.22,-2.66,-3.17,-0.17,0.21,0.01,-1.0,0.74,-0.39,0.44,-0.62,-0.17,-0.09,0.53,1.57,0.69,0.18,-1.07,-0.72,-0.81,-1.09,0.16,-0.29
태안군 - 전년 총인구＜br＞(B),Statistics,68784.0,67947.0,66143.0,64045.0,63939.0,64075.0,64082.0,63443.0,63910.0,63660.0,63941.0,63542.0,63436.0,63377.0,63713.0,64713.0,65157.0,65276.0,64578.0,64115.0,63598.0,62907.0,63009.0
통영시 - 당해년 총인구＜br＞(A),Statistics,135845.0,134581.0,133939.0,133613.0,133429.0,134301.0,136047.0,138791.0,140569.0,143632.0,144017.0,143039.0,143194.0,143545.0,143771.0,142493.0,139525.0,137520.0,135366.0,131974.0,128899.0,126669.0,125152.0
통영시 - 인구증가율＜br＞{(A-B)÷B}×100,Statistics,-0.93,-0.93,-0.48,-0.24,-0.14,0.65,1.3,2.02,1.28,2.18,0.27,-0.68,0.11,0.25,0.16,-0.89,-2.08,-1.44,-1.57,-2.51,-2.33,-1.73,-1.2
통영시 - 전년 총인구＜br＞(B),Statistics,137115.0,135845.0,134581.0,133939.0,133613.0,133429.0,134301.0,136047.0,138791.0,140569.0,143632.0,144017.0,143039.0,143194.0,143545.0,143771.0,142493.0,139525.0,137520.0,135366.0,131974.0,128899.0,126669.0
파주시 - 당해년 총인구＜br＞(A),Statistics,226858.0,237341.0,243757.0,252700.0,267607.0,300059.0,311625.0,319395.0,331504.0,364223.0,387273.0,402126.0,410158.0,420526.0,433052.0,441019.0,448524.0,463122.0,465612.0,476272.0,493503.0,507448.0,511530.0
파주시 - 인구증가율＜br＞{(A-B)÷B}×100,Statistics,17.11,4.62,2.7,3.67,5.9,12.13,3.85,2.49,3.79,9.87,6.33,3.84,2.0,2.53,2.98,1.84,1.7,3.25,0.54,2.29,3.62,2.83,0.8
파주시 - 전년 총인구＜br＞(B),Statistics,193719.0,226858.0,237341.0,243757.0,252700.0,267607.0,300059.0,311625.0,319395.0,331504.0,364223.0,387273.0,402126.0,410158.0,420526.0,433052.0,441019.0,448524.0,463122.0,465612.0,476272.0,493503.0,507448.0
평창군 - 당해년 총인구＜br＞(A),Statistics,46564.0,46347.0,46531.0,45482.0,45223.0,44595.0,44303.0,44063.0,43989.0,43939.0,43899.0,43912.0,43996.0,44050.0,43980.0,43782.0,43592.0,43021.0,42577.0,42132.0,41460.0,41526.0,41237.0
평창군 - 인구증가율＜br＞{(A-B)÷B}×100,Statistics,-1.33,-0.47,0.4,-2.25,-0.57,-1.39,-0.65,-0.54,-0.17,-0.11,-0.09,0.03,0.19,0.12,-0.16,-0.45,-0.43,-1.31,-1.03,-1.05,-1.59,0.16,-0.7
평창군 - 전년 총인구＜br＞(B),Statistics,47190.0,46564.0,46347.0,46531.0,45482.0,45223.0,44595.0,44303.0,44063.0,43989.0,43939.0,43899.0,43912.0,43996.0,44050.0,43980.0,43782.0,43592.0,43021.0,42577.0,42132.0,41460.0,41526.0
평택시 - 당해년 총인구＜br＞(A),Statistics,361992.0,362507.0,371679.0,378073.0,391468.0,406052.0,412757.0,417503.0,421231.0,431827.0,440183.0,447337.0,456630.0,466720.0,479176.0,490767.0,502870.0,518672.0,537135.0,560475.0,588046.0,603780.0,619844.0
평택시 - 인구증가율＜br＞{(A-B)÷B}×100,Statistics,0.81,0.14,2.53,1.72,3.54,3.73,1.65,1.15,0.89,2.52,1.94,1.63,2.08,2.21,2.67,2.42,2.47,3.14,3.56,4.35,4.92,2.68,2.66
평택시 - 전년 총인구＜br＞(B),Statistics,359073.0,361992.0,362507.0,371679.0,378073.0,391468.0,406052.0,412757.0,417503.0,421231.0,431827.0,440183.0,447337.0,456630.0,466720.0,479176.0,490767.0,502870.0,518672.0,537135.0,560475.0,588046.0,603780.0
포천시 - 당해년 총인구＜br＞(A),Statistics,148452.0,154710.0,158513.0,158487.0,162455.0,165307.0,166383.0,168688.0,168246.0,169050.0,168897.0,168145.0,167916.0,167924.0,167390.0,167312.0,165339.0,163474.0,161643.0,159389.0,160209.0,160066.0,157992.0
포천시 - 인구증가율＜br＞{(A-B)÷B}×100,Statistics,0.24,4.22,2.46,-0.02,2.5,1.76,0.65,1.39,-0.26,0.48,-0.09,-0.45,-0.14,0.0,-0.32,-0.05,-1.18,-1.13,-1.12,-1.39,0.51,-0.09,-1.3
포천시 - 전년 총인구＜br＞(B),Statistics,148102.0,148452.0,154710.0,158513.0,158487.0,162455.0,165307.0,166383.0,168688.0,168246.0,169050.0,168897.0,168145.0,167916.0,167924.0,167390.0,167312.0,165339.0,163474.0,161643.0,159389.0,160209.0,160066.0
포항시 - 당해년 총인구＜br＞(A),Statistics,516576.0,513424.0,510414.0,508937.0,509148.0,507674.0,508684.0,511805.0,513343.0,518908.0,521716.0,523345.0,524093.0,524276.0,524634.0,522030.0,519216.0,515945.0,513104.0,508791.0,509642.0,503003.0,500132.0
포항시 - 인구증가율＜br＞{(A-B)÷B}×100,Statistics,-0.13,-0.61,-0.59,-0.29,0.04,-0.29,0.2,0.61,0.3,1.08,0.54,0.31,0.14,0.03,0.07,-0.5,-0.54,-0.63,-0.55,-0.84,0.17,-1.3,-0.57
포항시 - 전년 총인구＜br＞(B),Statistics,517250.0,516576.0,513424.0,510414.0,508937.0,509148.0,507674.0,508684.0,511805.0,513343.0,518908.0,521716.0,523345.0,524093.0,524276.0,524634.0,522030.0,519216.0,515945.0,513104.0,508791.0,509642.0,503003.0
하남시 - 당해년 총인구＜br＞(A),Statistics,124018.0,127935.0,129926.0,131565.0,134159.0,136475.0,139002.0,145480.0,150345.0,152250.0,150170.0,147890.0,146777.0,150645.0,168464.0,212941.0,234634.0,256760.0,274734.0,295620.0,322271.0,328393.0,332359.0
하남시 - 인구증가율＜br＞{(A-B)÷B}×100,Statistics,0.29,3.16,1.56,1.26,1.97,1.73,1.85,4.66,3.34,1.27,-1.37,-1.52,-0.75,2.64,11.83,26.4,10.19,9.43,7.0,7.6,9.02,1.9,1.21
하남시 - 전년 총인구＜br＞(B),Statistics,123664.0,124018.0,127935.0,129926.0,131565.0,134159.0,136475.0,139002.0,145480.0,150345.0,152250.0,150170.0,147890.0,146777.0,150645.0,168464.0,212941.0,234634.0,256760.0,274734.0,295620.0,322271.0,328393.0
하동군 - 당해년 총인구＜br＞(A),Statistics,60370.0,56838.0,58110.0,54988.0,53246.0,53070.0,55757.0,53765.0,52301.0,51859.0,54332.0,51235.0,50637.0,49783.0,50870.0,50151.0,49386.0,48082.0,47099.0,45255.0,43889.0,42965.0,42313.0
하동군 - 인구증가율＜br＞{(A-B)÷B}×100,Statistics,1.28,-5.85,2.24,-5.37,-3.17,-0.33,5.06,-3.57,-2.72,-0.85,4.77,-5.7,-1.17,-1.69,2.18,-1.41,-1.53,-2.64,-2.04,-3.92,-3.02,-2.11,-1.52
하동군 - 전년 총인구＜br＞(B),Statistics,59607.0,60370.0,56838.0,58110.0,54988.0,53246.0,53070.0,55757.0,53765.0,52301.0,51859.0,54332.0,51235.0,50637.0,49783.0,50870.0,50151.0,49386.0,48082.0,47099.0,45255.0,43889.0,42965.0
함안군 - 당해년 총인구＜br＞(A),Statistics,66054.0,64952.0,64284.0,63097.0,62356.0,64867.0,66609.0,68368.0,68926.0,69822.0,70100.0,70443.0,70868.0,72330.0,72899.0,72640.0,71822.0,70622.0,69198.0,67261.0,65363.0,64614.0,64225.0
함안군 - 인구증가율＜br＞{(A-B)÷B}×100,Statistics,1.06,-1.67,-1.03,-1.85,-1.17,4.03,2.69,2.64,0.82,1.3,0.4,0.49,0.6,2.06,0.79,-0.36,-1.13,-1.67,-2.02,-2.8,-2.82,-1.15,-0.6
함안군 - 전년 총인구＜br＞(B),Statistics,65361.0,66054.0,64952.0,64284.0,63097.0,62356.0,64867.0,66609.0,68368.0,68926.0,69822.0,70100.0,70443.0,70868.0,72330.0,72899.0,72640.0,71822.0,70622.0,69198.0,67261.0,65363.0,64614.0
함양군 - 당해년 총인구＜br＞(A),Statistics,45350.0,44140.0,42920.0,42070.0,41704.0,41467.0,40980.0,40817.0,41072.0,41615.0,41501.0,41155.0,41146.0,41070.0,40784.0,40668.0,40582.0,40462.0,40141.0,39506.0,38677.0,38104.0,37446.0
함양군 - 인구증가율＜br＞{(A-B)÷B}×100,Statistics,-2.56,-2.67,-2.76,-1.98,-0.87,-0.57,-1.17,-0.4,0.62,1.32,-0.27,-0.83,-0.02,-0.18,-0.7,-0.28,-0.21,-0.3,-0.79,-1.58,-2.1,-1.48,-1.73
함양군 - 전년 총인구＜br＞(B),Statistics,46543.0,45350.0,44140.0,42920.0,42070.0,41704.0,41467.0,40980.0,40817.0,41072.0,41615.0,41501.0,41155.0,41146.0,41070.0,40784.0,40668.0,40582.0,40462.0,40141.0,39506.0,38677.0,38104.0
함평군 - 당해년 총인구＜br＞(A),Statistics,43667.0,42123.0,42338.0,40486.0,40437.0,38956.0,38402.0,37868.0,37502.0,37186.0,36655.0,36304.0,36171.0,35724.0,35484.0,35043.0,34984.0,34100.0,33560.0,32685.0,31886.0,31553.0,31572.0
함평군 - 인구증가율＜br＞{(A-B)÷B}×100,Statistics,-3.75,-3.54,0.51,-4.37,-0.12,-3.66,-1.42,-1.39,-0.97,-0.84,-1.43,-0.96,-0.37,-1.24,-0.67,-1.24,-0.17,-2.53,-1.58,-2.61,-2.44,-1.04,0.06
함평군 - 전년 총인구＜br＞(B),Statistics,45369.0,43667.0,42123.0,42338.0,40486.0,40437.0,38956.0,38402.0,37868.0,37502.0,37186.0,36655.0,36304.0,36171.0,35724.0,35484.0,35043.0,34984.0,34100.0,33560.0,32685.0,31886.0,31553.0
합천군 - 당해년 총인구＜br＞(A),Statistics,59890.0,57925.0,60397.0,58210.0,58494.0,55474.0,55840.0,56110.0,53381.0,51516.0,51096.0,50713.0,50790.0,51035.0,49660.0,48537.0,47542.0,46458.0,45799.0,44582.0,43504.0,42898.0,42073.0
합천군 - 인구증가율＜br＞{(A-B)÷B}×100,Statistics,-2.53,-3.28,4.27,-3.62,0.49,-5.16,0.66,0.48,-4.86,-3.49,-0.82,-0.75,0.15,0.48,-2.69,-2.26,-2.05,-2.28,-1.42,-2.66,-2.42,-1.39,-1.92
합천군 - 전년 총인구＜br＞(B),Statistics,61442.0,59890.0,57925.0,60397.0,58210.0,58494.0,55474.0,55840.0,56110.0,53381.0,51516.0,51096.0,50713.0,50790.0,51035.0,49660.0,48537.0,47542.0,46458.0,45799.0,44582.0,43504.0,42898.0
해남군 - 당해년 총인구＜br＞(A),Statistics,96590.0,92459.0,90197.0,87956.0,86488.0,84720.0,83020.0,81651.0,81823.0,80394.0,79283.0,79032.0,78643.0,78184.0,77517.0,76509.0,74969.0,73280.0,71806.0,70218.0,68456.0,67410.0,66861.0
해남군 - 인구증가율＜br＞{(A-B)÷B}×100,Statistics,-2.79,-4.28,-2.45,-2.48,-1.67,-2.04,-2.01,-1.65,0.21,-1.75,-1.38,-0.32,-0.49,-0.58,-0.85,-1.3,-2.01,-2.25,-2.01,-2.21,-2.51,-1.53,-0.81
해남군 - 전년 총인구＜br＞(B),Statistics,99358.0,96590.0,92459.0,90197.0,87956.0,86488.0,84720.0,83020.0,81651.0,81823.0,80394.0,79283.0,79032.0,78643.0,78184.0,77517.0,76509.0,74969.0,73280.0,71806.0,70218.0,68456.0,67410.0
해운대구 - 당해년 총인구＜br＞(A),Statistics,409207.0,403598.0,405445.0,405178.0,406280.0,420968.0,426138.0,426949.0,427619.0,429477.0,428663.0,431526.0,429109.0,427460.0,426893.0,423843.0,415943.0,413386.0,410126.0,405664.0,399947.0,390488.0,384289.0
해운대구 - 인구증가율＜br＞{(A-B)÷B}×100,Statistics,-0.33,-1.37,0.46,-0.07,0.27,3.62,1.23,0.19,0.16,0.43,-0.19,0.67,-0.56,-0.38,-0.13,-0.71,-1.86,-0.61,-0.79,-1.09,-1.41,-2.37,-1.59
해운대구 - 전년 총인구＜br＞(B),Statistics,410563.0,409207.0,403598.0,405445.0,405178.0,406280.0,420968.0,426138.0,426949.0,427619.0,429477.0,428663.0,431526.0,429109.0,427460.0,426893.0,423843.0,415943.0,413386.0,410126.0,405664.0,399947.0,390488.0
홍성군 - 당해년 총인구＜br＞(A),Statistics,93790.0,91652.0,95117.0,91699.0,91432.0,90242.0,89539.0,89231.0,88865.0,89603.0,89739.0,89990.0,91282.0,93634.0,96463.0,102075.0,103766.0,103367.0,102872.0,102458.0,101579.0,100836.0,100784.0
홍성군 - 인구증가율＜br＞{(A-B)÷B}×100,Statistics,-1.89,-2.28,3.78,-3.59,-0.29,-1.3,-0.78,-0.34,-0.41,0.83,0.15,0.28,1.44,2.58,3.02,5.82,1.66,-0.38,-0.48,-0.4,-0.86,-0.73,-0.05
홍성군 - 전년 총인구＜br＞(B),Statistics,95600.0,93790.0,91652.0,95117.0,91699.0,91432.0,90242.0,89539.0,89231.0,88865.0,89603.0,89739.0,89990.0,91282.0,93634.0,96463.0,102075.0,103766.0,103367.0,102872.0,102458.0,101579.0,100836.0
홍천군 - 당해년 총인구＜br＞(A),Statistics,74224.0,72805.0,71733.0,72317.0,71324.0,70651.0,70929.0,71160.0,70264.0,70882.0,70734.0,70401.0,71360.0,71256.0,71159.0,70961.0,71285.0,70898.0,70065.0,70052.0,69118.0,68874.0,68299.0
홍천군 - 인구증가율＜br＞{(A-B)÷B}×100,Statistics,-0.55,-1.91,-1.47,0.81,-1.37,-0.94,0.39,0.33,-1.26,0.88,-0.21,-0.47,1.36,-0.15,-0.14,-0.28,0.46,-0.54,-1.17,-0.02,-1.33,-0.35,-0.83
홍천군 - 전년 총인구＜br＞(B),Statistics,74637.0,74224.0,72805.0,71733.0,72317.0,71324.0,70651.0,70929.0,71160.0,70264.0,70882.0,70734.0,70401.0,71360.0,71256.0,71159.0,70961.0,71285.0,70898.0,70065.0,70052.0,69118.0,68874.0
화성시 - 당해년 총인구＜br＞(A),Statistics,214729.0,231347.0,249917.0,286736.0,310562.0,329312.0,392832.0,471726.0,515162.0,532326.0,543844.0,550649.0,558128.0,572539.0,629934.0,675575.0,727602.0,798100.0,855949.0,892884.0,922092.0,949187.0,989676.0
화성시 - 인구증가율＜br＞{(A-B)÷B}×100,Statistics,9.91,7.74,8.03,14.73,8.31,6.04,19.29,20.08,9.21,3.33,2.16,1.25,1.36,2.58,10.02,7.25,7.7,9.69,7.25,4.32,3.27,2.94,4.27
화성시 - 전년 총인구＜br＞(B),Statistics,195362.0,214729.0,231347.0,249917.0,286736.0,310562.0,329312.0,392832.0,471726.0,515162.0,532326.0,543844.0,550649.0,558128.0,572539.0,629934.0,675575.0,727602.0,798100.0,855949.0,892884.0,922092.0,949187.0
화순군 - 당해년 총인구＜br＞(A),Statistics,79496.0,78767.0,76486.0,75380.0,74195.0,73235.0,72231.0,71083.0,70413.0,70149.0,69788.0,69216.0,68642.0,67678.0,66727.0,66229.0,65636.0,64833.0,63646.0,63359.0,63397.0,62918.0,62276.0
화순군 - 인구증가율＜br＞{(A-B)÷B}×100,Statistics,0.82,-0.92,-2.9,-1.45,-1.57,-1.29,-1.37,-1.59,-0.94,-0.37,-0.51,-0.82,-0.83,-1.4,-1.41,-0.75,-0.9,-1.22,-1.83,-0.45,0.06,-0.76,-1.02
화순군 - 전년 총인구＜br＞(B),Statistics,78850.0,79496.0,78767.0,76486.0,75380.0,74195.0,73235.0,72231.0,71083.0,70413.0,70149.0,69788.0,69216.0,68642.0,67678.0,66727.0,66229.0,65636.0,64833.0,63646.0,63359.0,63397.0,62918.0
화천군 - 당해년 총인구＜br＞(A),Statistics,25026.0,24145.0,24631.0,24356.0,23822.0,23457.0,23107.0,24283.0,24377.0,24609.0,25132.0,25194.0,25279.0,27351.0,27231.0,26489.0,26252.0,25342.0,25181.0,25081.0,24425.0,23614.0,23275.0
화천군 - 인구증가율＜br＞{(A-B)÷B}×100,Statistics,-0.83,-3.52,2.01,-1.12,-2.19,-1.53,-1.49,5.09,0.39,0.95,2.13,0.25,0.34,8.2,-0.44,-2.72,-0.89,-3.47,-0.64,-0.4,-2.62,-3.32,-1.44
화천군 - 전년 총인구＜br＞(B),Statistics,25236.0,25026.0,24145.0,24631.0,24356.0,23822.0,23457.0,23107.0,24283.0,24377.0,24609.0,25132.0,25194.0,25279.0,27351.0,27231.0,26489.0,26252.0,25342.0,25181.0,25081.0,24425.0,23614.0
횡성군 - 당해년 총인구＜br＞(A),Statistics,45701.0,45424.0,44599.0,44557.0,43991.0,43485.0,43799.0,44043.0,44671.0,44853.0,44878.0,45104.0,45490.0,46007.0,46451.0,46662.0,46912.0,47340.0,47257.0,47097.0,47163.0,47439.0,47402.0
횡성군 - 인구증가율＜br＞{(A-B)÷B}×100,Statistics,-0.99,-0.61,-1.82,-0.09,-1.27,-1.15,0.72,0.56,1.43,0.41,0.06,0.5,0.86,1.14,0.97,0.45,0.54,0.91,-0.18,-0.34,0.14,0.59,-0.08
횡성군 - 전년 총인구＜br＞(B),Statistics,46158.0,45701.0,45424.0,44599.0,44557.0,43991.0,43485.0,43799.0,44043.0,44671.0,44853.0,44878.0,45104.0,45490.0,46007.0,46451.0,46662.0,46912.0,47340.0,47257.0,47097.0,47163.0,47439.0
