item,category,2000,2001,2002,2003,2004,2005,2006,2007,2008,2009,2010,2011,2012,2013,2014,2015,2016,2017,2018,2019,2020,2021,2022,2023,2024
가평군 - 65세이상인구＜br＞(A),Statistics,7144.0,7605.0,7848.0,8089.0,8437.0,8812.0,9067.0,9738.0,10194.0,10590.0,11223.0,11531.0,12076.0,12518.0,12874.0,13350.0,13569.0,14271.0,14802.0,15423.0,16324.0,17035.0,17841.0,18713.0,19831.0
가평군 - 고령인구비율＜br＞(A÷B×100),Statistics,12.7,13.6,14.1,14.7,15.4,16.1,16.5,17.5,17.9,18.4,19.1,19.4,19.9,20.5,21.0,21.5,21.7,22.7,23.5,24.7,26.2,27.4,28.7,30.0,31.7
가평군 - 전체인구＜br＞(B),Statistics,56111.0,56045.0,55506.0,55060.0,54845.0,54861.0,54855.0,55698.0,57108.0,57564.0,58890.0,59358.0,60794.0,61017.0,61213.0,62008.0,62448.0,62973.0,62918.0,62415.0,62377.0,62264.0,62150.0,62302.0,62527.0
강남구 - 65세이상인구＜br＞(A),Statistics,26987.0,27193.0,27658.0,28334.0,29862.0,31592.0,34112.0,36929.0,38735.0,40899.0,44095.0,47041.0,50206.0,53300.0,57291.0,60191.0,61822.0,64946.0,66957.0,70896.0,74959.0,78078.0,81564.0,86434.0,91291.0
강남구 - 고령인구비율＜br＞(A÷B×100),Statistics,4.9,5.0,5.2,5.4,5.6,5.8,6.1,6.6,6.9,7.3,7.7,8.3,8.9,9.5,9.9,10.4,10.9,11.7,12.3,13.0,13.9,14.6,15.4,15.9,16.4
강남구 - 전체인구＜br＞(B),Statistics,550343.0,540640.0,535138.0,528977.0,531517.0,540909.0,556964.0,560958.0,557832.0,562138.0,570095.0,565710.0,564197.0,563599.0,578114.0,576495.0,567115.0,556164.0,542364.0,545169.0,539231.0,533042.0,529102.0,544873.0,557345.0
강동구 - 65세이상인구＜br＞(A),Statistics,22997.0,23571.0,24263.0,25480.0,26613.0,27501.0,29153.0,31485.0,33579.0,36474.0,39413.0,42166.0,44850.0,47722.0,50167.0,51848.0,53121.0,56080.0,58669.0,63341.0,69903.0,73943.0,78191.0,82815.0,89687.0
강동구 - 고령인구비율＜br＞(A÷B×100),Statistics,4.6,4.8,5.0,5.3,5.6,5.9,6.3,6.8,7.2,7.5,8.0,8.5,9.2,9.9,10.5,11.3,12.0,12.9,13.7,14.5,15.2,16.0,17.0,18.0,18.8
강동구 - 전체인구＜br＞(B),Statistics,496549.0,489241.0,481470.0,477230.0,471145.0,464059.0,461760.0,464546.0,469024.0,484745.0,491871.0,495138.0,487905.0,483379.0,476597.0,458658.0,444168.0,436223.0,427573.0,436067.0,459970.0,462664.0,460067.0,459167.0,476942.0
강릉시 - 65세이상인구＜br＞(A),Statistics,20035.0,20940.0,21911.0,23034.0,24103.0,25146.0,26270.0,27746.0,28670.0,29851.0,31250.0,32235.0,33639.0,34855.0,36009.0,36924.0,37679.0,39784.0,41214.0,43113.0,45484.0,47318.0,49575.0,51700.0,54279.0
강릉시 - 고령인구비율＜br＞(A÷B×100),Statistics,8.6,9.0,9.5,10.1,10.6,11.2,11.8,12.6,13.1,13.7,14.3,14.8,15.4,16.1,16.7,17.2,17.6,18.6,19.4,20.2,21.3,22.2,23.5,24.7,26.1
강릉시 - 전체인구＜br＞(B),Statistics,233121.0,231943.0,229869.0,229073.0,227259.0,224391.0,222016.0,220484.0,218399.0,217464.0,218503.0,217571.0,217741.0,216806.0,215807.0,214560.0,213846.0,213952.0,212957.0,213442.0,213321.0,212965.0,211381.0,209439.0,207731.0
강북구 - 65세이상인구＜br＞(A),Statistics,20564.0,21892.0,23881.0,25569.0,27678.0,29496.0,31728.0,34630.0,36533.0,38661.0,41641.0,43453.0,46147.0,48465.0,50755.0,52503.0,53964.0,56437.0,58103.0,60474.0,63313.0,64218.0,66170.0,68473.0,71227.0
강북구 - 고령인구비율＜br＞(A÷B×100),Statistics,5.8,6.2,6.6,7.1,7.7,8.3,9.1,10.0,10.7,11.4,12.0,12.6,13.4,14.3,15.1,15.9,16.5,17.4,18.2,19.3,20.6,21.5,22.5,23.8,25.1
강북구 - 전체인구＜br＞(B),Statistics,351995.0,351404.0,361896.0,360663.0,360525.0,353260.0,348990.0,345478.0,342274.0,340367.0,346520.0,345054.0,343157.0,338707.0,335025.0,330873.0,327195.0,324479.0,319164.0,313954.0,308055.0,299182.0,293660.0,288113.0,283597.0
강서구 - 65세이상인구＜br＞(A),Statistics,26882.0,27910.0,29465.0,31506.0,33647.0,36084.0,38488.0,41857.0,45460.0,47421.0,50189.0,52152.0,55641.0,59330.0,64117.0,67792.0,70889.0,75845.0,79445.0,83839.0,88733.0,92336.0,96880.0,101808.0,107246.0
강서구 - 고령인구비율＜br＞(A÷B×100),Statistics,5.2,5.4,5.6,5.9,6.2,6.5,6.9,7.5,7.9,8.3,8.7,9.2,9.8,10.4,11.0,11.5,11.9,12.6,13.3,14.2,15.3,16.1,17.0,18.1,19.3
강서구 - 전체인구＜br＞(B),Statistics,521231.0,521489.0,528321.0,537003.0,541671.0,553660.0,554945.0,560424.0,576848.0,572836.0,574127.0,569072.0,567431.0,569070.0,585160.0,589074.0,595485.0,601691.0,596949.0,591796.0,580185.0,574315.0,569166.0,563058.0,556171.0
강원특별자치도 - 65세이상인구＜br＞(A),Statistics,143945.0,151666.0,158924.0,166674.0,175187.0,183471.0,192012.0,202198.0,209922.0,217230.0,226505.0,233219.0,241694.0,249539.0,255930.0,261671.0,266152.0,279976.0,289386.0,302886.0,319691.0,333176.0,349874.0,366555.0,384970.0
강원특별자치도 - 고령인구비율＜br＞(A÷B×100),Statistics,9.3,9.8,10.3,10.9,11.5,12.1,12.8,13.4,13.9,14.4,14.8,15.2,15.7,16.2,16.6,16.9,17.2,18.1,18.8,19.6,20.7,21.7,22.8,24.0,25.4
강원특별자치도 - 전체인구＜br＞(B),Statistics,1554688.0,1552407.0,1538720.0,1527034.0,1521375.0,1513110.0,1505420.0,1503806.0,1508575.0,1512870.0,1529818.0,1536448.0,1538630.0,1542263.0,1544442.0,1549507.0,1550806.0,1550142.0,1543052.0,1541502.0,1542840.0,1538492.0,1536498.0,1527807.0,1517766.0
강진군 - 65세이상인구＜br＞(A),Statistics,8438.0,8829.0,9093.0,9444.0,9813.0,10131.0,10360.0,10760.0,10855.0,10989.0,11107.0,11182.0,11335.0,11482.0,11564.0,11656.0,11655.0,11773.0,11828.0,11883.0,12035.0,12131.0,12278.0,12505.0,12685.0
강진군 - 고령인구비율＜br＞(A÷B×100),Statistics,17.1,17.4,19.6,21.1,22.5,23.7,24.7,26.0,26.4,26.7,26.7,26.9,28.2,28.6,29.0,30.1,30.9,31.9,32.7,33.7,34.8,35.9,37.0,38.2,39.4
강진군 - 전체인구＜br＞(B),Statistics,49254.0,50846.0,46381.0,44743.0,43550.0,42696.0,41938.0,41352.0,41153.0,41164.0,41624.0,41599.0,40241.0,40079.0,39861.0,38758.0,37753.0,36868.0,36144.0,35286.0,34597.0,33753.0,33177.0,32722.0,32189.0
강화군 - 65세이상인구＜br＞(A),Statistics,10568.0,11098.0,11531.0,11969.0,12463.0,12982.0,13628.0,14477.0,15139.0,15564.0,16010.0,16579.0,17363.0,18002.0,18736.0,19308.0,19600.0,20451.0,21148.0,21902.0,22824.0,23751.0,24763.0,25691.0,27022.0
강화군 - 고령인구비율＜br＞(A÷B×100),Statistics,15.7,16.6,17.6,18.4,19.1,19.9,20.8,21.8,22.5,23.2,23.9,24.8,26.0,27.0,27.9,28.5,28.8,29.7,30.7,31.7,33.0,34.1,35.5,37.2,38.9
강화군 - 전체인구＜br＞(B),Statistics,67100.0,66860.0,65698.0,65044.0,65114.0,65389.0,65510.0,66466.0,67387.0,67049.0,67104.0,66779.0,66752.0,66735.0,67118.0,67667.0,68010.0,68754.0,68896.0,69178.0,69203.0,69693.0,69803.0,69005.0,69402.0
거제시 - 65세이상인구＜br＞(A),Statistics,11588.0,12118.0,12541.0,12990.0,13480.0,13929.0,14496.0,15210.0,15784.0,16195.0,16475.0,17009.0,17710.0,18470.0,19366.0,20073.0,20932.0,22240.0,23456.0,24892.0,26869.0,28842.0,31230.0,33622.0,36274.0
거제시 - 고령인구비율＜br＞(A÷B×100),Statistics,6.6,6.8,6.9,7.0,7.1,7.1,7.2,7.3,7.3,7.2,7.2,7.3,7.5,7.6,7.8,7.8,8.1,8.8,9.4,10.0,10.9,12.0,13.2,14.4,15.6
거제시 - 전체인구＜br＞(B),Statistics,174981.0,178980.0,182035.0,186208.0,190141.0,195609.0,201412.0,208208.0,217211.0,225522.0,228355.0,232787.0,236944.0,242077.0,248287.0,255828.0,257183.0,254073.0,250516.0,248276.0,245754.0,241216.0,236662.0,234038.0,232972.0
거창군 - 65세이상인구＜br＞(A),Statistics,10626.0,11065.0,11514.0,11838.0,12289.0,12649.0,12984.0,13569.0,13697.0,13927.0,14083.0,14221.0,14591.0,14916.0,15214.0,15359.0,15591.0,15981.0,16214.0,16603.0,17026.0,17545.0,18035.0,18536.0,19182.0
거창군 - 고령인구비율＜br＞(A÷B×100),Statistics,15.2,16.1,17.1,17.8,18.7,19.5,20.3,21.2,21.6,22.0,22.2,22.5,23.1,23.6,24.1,24.3,24.6,25.5,26.0,26.7,27.7,28.7,29.9,30.9,32.2
거창군 - 전체인구＜br＞(B),Statistics,69744.0,68574.0,67224.0,66370.0,65615.0,64735.0,63917.0,63979.0,63268.0,63180.0,63421.0,63146.0,63103.0,63177.0,63137.0,63232.0,63308.0,62763.0,62455.0,62179.0,61502.0,61073.0,60387.0,60047.0,59588.0
경기 여주군 - 65세이상인구＜br＞(A),Statistics,10580.0,11085.0,11732.0,12332.0,12915.0,13383.0,14101.0,14891.0,15334.0,15850.0,16456.0,16873.0,17619.0,,,,,,,,,,,,
경기 여주군 - 고령인구비율＜br＞(A÷B×100),Statistics,10.2,10.6,11.2,11.9,12.4,12.8,13.4,13.9,14.3,14.7,15.1,15.5,16.1,,,,,,,,,,,,
경기 여주군 - 전체인구＜br＞(B),Statistics,103622.0,104648.0,104380.0,104030.0,103976.0,104260.0,105022.0,106926.0,107355.0,108088.0,109250.0,109120.0,109550.0,,,,,,,,,,,,
경기도 - 65세이상인구＜br＞(A),Statistics,524807.0,566483.0,614318.0,661268.0,709953.0,755511.0,807582.0,871191.0,919632.0,965172.0,1022456.0,1072462.0,1135242.0,1195523.0,1254445.0,1318882.0,1374475.0,1467835.0,1551801.0,1651341.0,1775315.0,1881464.0,1992807.0,2122718.0,2269603.0
경기도 - 고령인구비율＜br＞(A÷B×100),Statistics,5.7,5.9,6.2,6.5,6.8,7.1,7.4,7.8,8.1,8.4,8.7,9.0,9.4,9.8,10.2,10.5,10.8,11.4,11.9,12.5,13.2,13.9,14.7,15.6,16.6
경기도 - 전체인구＜br＞(B),Statistics,9219343.0,9544496.0,9927473.0,10206851.0,10462920.0,10697215.0,10906033.0,11106211.0,11292264.0,11460610.0,11786622.0,11937415.0,12093299.0,12234630.0,12357830.0,12522606.0,12716780.0,12873895.0,13077153.0,13239666.0,13427014.0,13565450.0,13589432.0,13630821.0,13694685.0
경남 마산시 - 65세이상인구＜br＞(A),Statistics,26132.0,27440.0,28730.0,30149.0,31851.0,33462.0,35569.0,37431.0,39085.0,40955.0,,,,,,,,,,,,,,,
경남 마산시 - 고령인구비율＜br＞(A÷B×100),Statistics,6.0,6.3,6.6,7.0,7.5,7.9,8.4,9.0,9.5,10.1,,,,,,,,,,,,,,,
경남 마산시 - 전체인구＜br＞(B),Statistics,432620.0,433135.0,432903.0,429612.0,427248.0,425018.0,421783.0,415805.0,411078.0,406307.0,,,,,,,,,,,,,,,
경남 진해시 - 65세이상인구＜br＞(A),Statistics,9554.0,10169.0,10931.0,11836.0,12496.0,13295.0,13978.0,14821.0,15514.0,15979.0,,,,,,,,,,,,,,,
경남 진해시 - 고령인구비율＜br＞(A÷B×100),Statistics,7.1,7.6,7.7,7.9,8.3,8.5,8.7,9.1,9.2,9.3,,,,,,,,,,,,,,,
경남 진해시 - 전체인구＜br＞(B),Statistics,133791.0,134660.0,141124.0,150308.0,151393.0,156992.0,161175.0,163108.0,168696.0,171407.0,,,,,,,,,,,,,,,
경남 창원시 - 65세이상인구＜br＞(A),Statistics,19655.0,20665.0,21303.0,22023.0,22908.0,23816.0,24813.0,26105.0,27093.0,27968.0,,,,,,,,,,,,,,,
경남 창원시 - 고령인구비율＜br＞(A÷B×100),Statistics,3.8,3.9,4.1,4.3,4.5,4.7,4.9,5.2,5.4,5.6,,,,,,,,,,,,,,,
경남 창원시 - 전체인구＜br＞(B),Statistics,519798.0,524068.0,513659.0,510439.0,507161.0,504520.0,503881.0,503930.0,503518.0,502727.0,,,,,,,,,,,,,,,
경산시 - 65세이상인구＜br＞(A),Statistics,16090.0,17022.0,18043.0,19051.0,20308.0,21658.0,23207.0,24745.0,25892.0,27013.0,27848.0,28662.0,30060.0,31728.0,33515.0,35004.0,36375.0,38370.0,40066.0,42079.0,44579.0,47417.0,49716.0,51977.0,55091.0
경산시 - 고령인구비율＜br＞(A÷B×100),Statistics,7.5,7.9,8.3,8.8,9.2,9.5,9.9,10.4,10.9,11.4,11.6,11.8,12.2,12.8,13.2,13.6,14.1,14.8,15.3,16.0,16.9,17.7,18.6,19.5,20.7
경산시 - 전체인구＜br＞(B),Statistics,213821.0,215995.0,218446.0,216240.0,219579.0,227766.0,234839.0,236881.0,237423.0,236459.0,240708.0,243684.0,246358.0,248805.0,253968.0,256888.0,258037.0,259485.0,261093.0,263185.0,263728.0,268369.0,267725.0,266205.0,266398.0
경상남도 - 65세이상인구＜br＞(A),Statistics,261303.0,273294.0,285782.0,297812.0,310934.0,323898.0,337931.0,354611.0,366471.0,377987.0,388648.0,399530.0,414831.0,431645.0,449017.0,464019.0,480278.0,504460.0,523165.0,548257.0,580258.0,608379.0,638801.0,669646.0,704330.0
경상남도 - 고령인구비율＜br＞(A÷B×100),Statistics,8.4,8.8,9.1,9.5,9.9,10.2,10.7,11.1,11.4,11.6,11.8,12.1,12.5,12.9,13.4,13.8,14.2,14.9,15.5,16.3,17.4,18.4,19.5,20.6,21.8
경상남도 - 전체인구＜br＞(B),Statistics,3094413.0,3106502.0,3124418.0,3139017.0,3143814.0,3160431.0,3172857.0,3196953.0,3225255.0,3250176.0,3290536.0,3308765.0,3319314.0,3333820.0,3350257.0,3364702.0,3373871.0,3380404.0,3373988.0,3362553.0,3340216.0,3314183.0,3280493.0,3251158.0,3228380.0
경상북도 - 65세이상인구＜br＞(A),Statistics,300614.0,312699.0,323731.0,334798.0,348758.0,360068.0,372354.0,390588.0,402469.0,412228.0,418858.0,424386.0,437519.0,452417.0,467352.0,479634.0,492417.0,512681.0,529349.0,549415.0,573715.0,596312.0,618275.0,630486.0,659227.0
경상북도 - 고령인구비율＜br＞(A÷B×100),Statistics,10.7,11.2,11.7,12.3,12.9,13.4,13.8,14.6,15.1,15.4,15.6,15.7,16.2,16.8,17.3,17.7,18.2,19.0,19.8,20.6,21.7,22.7,23.8,24.7,26.0
경상북도 - 전체인구＜br＞(B),Statistics,2797178.0,2784704.0,2756744.0,2720832.0,2695917.0,2688491.0,2688577.0,2681364.0,2673931.0,2669876.0,2689920.0,2699195.0,2698353.0,2699440.0,2700794.0,2702826.0,2700398.0,2691706.0,2676831.0,2665836.0,2639422.0,2626609.0,2600492.0,2554324.0,2531384.0
경주시 - 65세이상인구＜br＞(A),Statistics,29047.0,30306.0,31524.0,32696.0,33939.0,35136.0,36248.0,38161.0,39288.0,40203.0,41129.0,41669.0,42997.0,44500.0,46118.0,47334.0,48789.0,50780.0,52504.0,54639.0,57313.0,59645.0,61861.0,64296.0,67248.0
경주시 - 고령인구비율＜br＞(A÷B×100),Statistics,10.0,10.5,11.1,11.6,12.2,12.8,13.3,14.0,14.6,15.0,15.4,15.7,16.3,16.9,17.6,18.2,18.8,19.7,20.4,21.4,22.6,23.7,24.8,26.0,27.5
경주시 - 전체인구＜br＞(B),Statistics,290149.0,287506.0,284589.0,281177.0,277870.0,275087.0,273419.0,272206.0,269343.0,267466.0,267098.0,265488.0,264091.0,263283.0,261535.0,259773.0,259452.0,257903.0,256864.0,255402.0,253502.0,251889.0,249607.0,247489.0,244769.0
계룡시 - 65세이상인구＜br＞(A),Statistics,,,,1896.0,1976.0,2137.0,2390.0,2539.0,2772.0,2917.0,3055.0,3151.0,3203.0,3292.0,3446.0,3595.0,3847.0,4175.0,4446.0,4764.0,5141.0,5506.0,5974.0,6552.0,7006.0
계룡시 - 고령인구비율＜br＞(A÷B×100),Statistics,,,,6.1,6.3,6.2,6.5,6.7,6.7,6.8,7.1,7.3,7.7,8.0,8.5,8.6,9.0,9.5,10.2,11.1,12.0,12.7,13.4,14.0,15.1
계룡시 - 전체인구＜br＞(B),Statistics,,,,31058.0,31174.0,34370.0,36846.0,37775.0,41411.0,42760.0,43088.0,42942.0,41550.0,40957.0,40552.0,41730.0,42634.0,43967.0,43731.0,42971.0,42822.0,43331.0,44475.0,46667.0,46540.0
계양구 - 65세이상인구＜br＞(A),Statistics,13362.0,14227.0,14875.0,15668.0,16208.0,16949.0,18265.0,19614.0,20603.0,21452.0,22563.0,23334.0,24684.0,26219.0,27490.0,28611.0,29762.0,31729.0,33119.0,35043.0,37947.0,40840.0,43724.0,47042.0,51136.0
계양구 - 고령인구비율＜br＞(A÷B×100),Statistics,4.0,4.2,4.4,4.6,4.8,5.1,5.3,5.7,6.0,6.2,6.5,6.8,7.2,7.6,8.1,8.6,9.0,9.8,10.6,11.5,12.8,13.8,15.1,16.8,18.2
계양구 - 전체인구＜br＞(B),Statistics,337077.0,339696.0,341074.0,340175.0,337103.0,335435.0,342335.0,342564.0,342299.0,344039.0,347810.0,344299.0,342202.0,343806.0,339538.0,334332.0,330284.0,323784.0,312680.0,303471.0,296750.0,295696.0,288856.0,280266.0,280227.0
고령군 - 65세이상인구＜br＞(A),Statistics,5910.0,6110.0,6303.0,6466.0,6774.0,6952.0,7210.0,7462.0,7655.0,7824.0,7845.0,7953.0,8136.0,8360.0,8537.0,8717.0,8889.0,9253.0,9380.0,9648.0,9941.0,10165.0,10497.0,10862.0,11392.0
고령군 - 고령인구비율＜br＞(A÷B×100),Statistics,15.7,16.6,17.5,18.5,19.6,20.3,20.7,21.4,22.0,22.7,22.6,22.4,23.0,23.8,24.4,25.2,25.9,27.4,28.5,29.8,31.7,33.2,34.6,36.0,37.9
고령군 - 전체인구＜br＞(B),Statistics,37587.0,36796.0,35978.0,34942.0,34522.0,34271.0,34777.0,34907.0,34770.0,34535.0,34678.0,35455.0,35343.0,35198.0,35033.0,34594.0,34257.0,33768.0,32969.0,32373.0,31361.0,30626.0,30353.0,30139.0,30062.0
고성군 - 65세이상인구＜br＞(A),Statistics,4221.0,4399.0,4606.0,4809.0,5050.0,5222.0,5440.0,5694.0,5873.0,6065.0,6246.0,6446.0,6600.0,6761.0,6888.0,6996.0,7151.0,7300.0,7416.0,7659.0,7945.0,8236.0,8517.0,8773.0,9123.0
고성군 - 고령인구비율＜br＞(A÷B×100),Statistics,11.9,12.7,13.7,14.7,15.6,16.3,17.4,18.7,19.5,20.0,20.7,21.4,21.9,22.2,22.8,23.3,23.7,24.3,26.4,28.1,29.7,30.2,31.2,32.1,33.8
고성군 - 전체인구＜br＞(B),Statistics,35391.0,34643.0,33721.0,32739.0,32361.0,31964.0,31285.0,30383.0,30172.0,30272.0,30112.0,30057.0,30124.0,30398.0,30269.0,30060.0,30114.0,30029.0,28144.0,27260.0,26757.0,27249.0,27274.0,27305.0,26999.0
고양시 - 65세이상인구＜br＞(A),Statistics,45625.0,48971.0,53116.0,57609.0,61802.0,65940.0,69964.0,75203.0,79565.0,82056.0,85466.0,89179.0,93853.0,99028.0,104096.0,110050.0,114092.0,120333.0,126572.0,135272.0,145710.0,154134.0,163080.0,173057.0,184451.0
고양시 - 고령인구비율＜br＞(A÷B×100),Statistics,5.7,6.0,6.3,6.7,7.0,7.3,7.7,8.1,8.5,8.7,9.0,9.3,9.7,10.0,10.3,10.7,11.0,11.5,12.1,12.7,13.5,14.3,15.1,16.1,17.2
고양시 - 전체인구＜br＞(B),Statistics,797597.0,811467.0,836664.0,865077.0,886000.0,904077.0,910206.0,924839.0,938831.0,938784.0,950115.0,961239.0,969916.0,990571.0,1006154.0,1027546.0,1039684.0,1041983.0,1044189.0,1066351.0,1079216.0,1079353.0,1076535.0,1074907.0,1070120.0
고창군 - 65세이상인구＜br＞(A),Statistics,12356.0,12767.0,13109.0,13597.0,13964.0,14352.0,14674.0,15356.0,15596.0,15871.0,16117.0,16248.0,16659.0,16939.0,17381.0,17656.0,17857.0,18147.0,18076.0,18370.0,18782.0,19042.0,19364.0,19839.0,20222.0
고창군 - 고령인구비율＜br＞(A÷B×100),Statistics,16.7,17.2,18.8,19.5,21.4,22.5,23.7,25.2,25.9,26.4,26.5,27.1,27.6,28.0,28.9,29.4,29.5,30.0,31.7,33.1,34.4,35.7,37.0,38.3,39.7
고창군 - 전체인구＜br＞(B),Statistics,74104.0,74286.0,69657.0,69639.0,65203.0,63676.0,62030.0,60962.0,60328.0,60102.0,60861.0,60065.0,60440.0,60522.0,60090.0,60046.0,60597.0,60472.0,57041.0,55504.0,54529.0,53386.0,52338.0,51750.0,50982.0
고흥군 - 65세이상인구＜br＞(A),Statistics,19122.0,19605.0,20460.0,21051.0,21579.0,22075.0,22534.0,23396.0,23458.0,23560.0,23651.0,23703.0,24183.0,24455.0,24848.0,25102.0,25364.0,25496.0,25568.0,25806.0,26298.0,26507.0,26717.0,27061.0,27498.0
고흥군 - 고령인구비율＜br＞(A÷B×100),Statistics,18.9,20.5,22.1,23.0,24.9,26.3,27.8,29.8,30.6,31.4,32.0,32.6,33.8,34.6,35.7,36.6,37.5,38.2,38.9,39.8,41.1,42.2,43.2,44.3,45.7
고흥군 - 전체인구＜br＞(B),Statistics,100989.0,95864.0,92715.0,91518.0,86747.0,83830.0,81068.0,78589.0,76605.0,75127.0,73924.0,72607.0,71560.0,70631.0,69641.0,68601.0,67656.0,66736.0,65777.0,64913.0,63922.0,62762.0,61880.0,61113.0,60190.0
곡성군 - 65세이상인구＜br＞(A),Statistics,7444.0,7729.0,7944.0,8225.0,8445.0,8591.0,8783.0,9101.0,9127.0,9223.0,9279.0,9371.0,9562.0,9634.0,9782.0,9862.0,9912.0,10035.0,10028.0,10084.0,10185.0,10233.0,10368.0,10576.0,10765.0
곡성군 - 고령인구비율＜br＞(A÷B×100),Statistics,18.1,19.9,21.6,23.3,24.6,25.2,26.1,27.3,28.0,28.7,29.1,29.9,31.0,31.1,31.8,32.2,32.6,33.3,33.9,34.9,36.3,37.2,38.3,39.3,40.5
곡성군 - 전체인구＜br＞(B),Statistics,41149.0,38767.0,36754.0,35297.0,34396.0,34157.0,33631.0,33311.0,32608.0,32084.0,31886.0,31332.0,30878.0,31009.0,30732.0,30672.0,30400.0,30131.0,29624.0,28887.0,28039.0,27535.0,27060.0,26905.0,26566.0
공주시 - 65세이상인구＜br＞(A),Statistics,16944.0,17545.0,18100.0,18574.0,19343.0,19857.0,20399.0,21370.0,21676.0,22203.0,22548.0,22774.0,21894.0,22474.0,23092.0,23779.0,24213.0,25008.0,25546.0,26448.0,27675.0,28478.0,29452.0,30500.0,31722.0
공주시 - 고령인구비율＜br＞(A÷B×100),Statistics,12.5,13.1,13.7,14.2,14.8,15.3,15.9,16.9,17.3,17.9,18.0,18.3,18.7,19.3,20.3,21.4,22.0,23.1,23.7,24.8,26.5,27.6,28.7,29.9,31.3
공주시 - 전체인구＜br＞(B),Statistics,135589.0,133978.0,132584.0,130957.0,130280.0,129489.0,128330.0,126612.0,125143.0,124172.0,124930.0,124748.0,117298.0,116369.0,113621.0,111261.0,109931.0,108432.0,107581.0,106474.0,104545.0,103145.0,102571.0,102104.0,101285.0
과천시 - 65세이상인구＜br＞(A),Statistics,4616.0,4782.0,4893.0,5030.0,5143.0,4902.0,5016.0,5390.0,6040.0,6398.0,6713.0,6968.0,7258.0,7508.0,7727.0,7929.0,7735.0,7474.0,7762.0,8084.0,8994.0,10358.0,11140.0,11771.0,12816.0
과천시 - 고령인구비율＜br＞(A÷B×100),Statistics,6.5,6.7,6.9,7.2,7.5,8.0,8.3,8.7,8.7,8.9,9.3,9.7,10.2,10.6,11.0,11.5,12.1,13.0,13.4,13.9,14.2,14.1,14.3,14.5,15.0
과천시 - 전체인구＜br＞(B),Statistics,71432.0,71201.0,70488.0,70324.0,68333.0,60956.0,60482.0,62291.0,69477.0,72049.0,72279.0,71955.0,71068.0,70578.0,70156.0,68946.0,63778.0,57527.0,58142.0,58289.0,63231.0,73345.0,78137.0,81000.0,85512.0
관악구 - 65세이상인구＜br＞(A),Statistics,25208.0,26697.0,28096.0,30076.0,32679.0,34974.0,38006.0,41667.0,44193.0,46826.0,50350.0,52725.0,56238.0,59333.0,62251.0,64677.0,66659.0,69729.0,71888.0,74787.0,78430.0,79371.0,81848.0,84762.0,88138.0
관악구 - 고령인구비율＜br＞(A÷B×100),Statistics,4.8,5.1,5.4,5.8,6.2,6.6,7.1,7.8,8.3,8.8,9.5,10.0,10.8,11.5,12.1,12.7,13.2,13.9,14.3,15.0,15.8,16.3,16.8,17.6,18.4
관악구 - 전체인구＜br＞(B),Statistics,524404.0,527764.0,522207.0,522456.0,530156.0,530020.0,535217.0,535571.0,534556.0,529869.0,531434.0,526397.0,523029.0,518028.0,513186.0,509663.0,506851.0,503297.0,501957.0,500094.0,495060.0,485699.0,486752.0,481956.0,477812.0
광명시 - 65세이상인구＜br＞(A),Statistics,17605.0,18240.0,19141.0,20046.0,20966.0,21823.0,22114.0,23546.0,24435.0,25525.0,28037.0,29624.0,31301.0,32599.0,33980.0,35511.0,36549.0,38321.0,39869.0,41397.0,41683.0,43045.0,45128.0,46870.0,49660.0
광명시 - 고령인구비율＜br＞(A÷B×100),Statistics,5.2,5.4,5.6,6.0,6.3,6.7,7.1,7.5,7.9,8.1,8.2,8.3,8.8,9.2,9.7,10.3,10.8,11.5,12.2,13.1,14.0,14.7,15.7,16.7,17.9
광명시 - 전체인구＜br＞(B),Statistics,338139.0,336309.0,340807.0,336083.0,331419.0,327828.0,313372.0,313019.0,310501.0,314257.0,343982.0,355226.0,355560.0,353100.0,348560.0,344978.0,339484.0,332790.0,326841.0,316552.0,298599.0,292893.0,287945.0,280197.0,278167.0
광산구 - 65세이상인구＜br＞(A),Statistics,13341.0,13970.0,14938.0,16034.0,16989.0,17960.0,19025.0,20413.0,21225.0,22643.0,24142.0,25500.0,27029.0,28338.0,29844.0,31054.0,32067.0,33565.0,34911.0,36487.0,38455.0,40018.0,41992.0,44353.0,47399.0
광산구 - 고령인구비율＜br＞(A÷B×100),Statistics,5.3,5.3,5.4,5.6,5.7,5.9,6.1,6.5,6.6,6.6,6.6,6.8,7.0,7.2,7.5,7.7,8.0,8.3,8.6,9.0,9.5,9.9,10.5,11.2,12.1
광산구 - 전체인구＜br＞(B),Statistics,252902.0,263032.0,275301.0,286982.0,296101.0,306989.0,311621.0,316101.0,320660.0,342936.0,363239.0,375509.0,385101.0,392875.0,397281.0,400753.0,403049.0,404131.0,404547.0,405315.0,405579.0,404221.0,400654.0,396741.0,391611.0
광양시 - 65세이상인구＜br＞(A),Statistics,9224.0,9734.0,10147.0,10579.0,11094.0,11545.0,12025.0,12621.0,13033.0,13344.0,13614.0,14014.0,14549.0,15074.0,15657.0,16369.0,17026.0,17712.0,18319.0,19300.0,20188.0,20994.0,22331.0,23650.0,25136.0
광양시 - 고령인구비율＜br＞(A÷B×100),Statistics,6.7,7.0,7.4,7.8,8.1,8.4,8.7,9.1,9.2,9.3,9.4,9.3,9.6,9.9,10.3,10.7,10.9,11.4,11.7,12.3,13.3,13.9,14.7,15.5,16.2
광양시 - 전체인구＜br＞(B),Statistics,137940.0,138238.0,137913.0,136484.0,137601.0,138098.0,138237.0,138865.0,141388.0,143461.0,145512.0,150725.0,150837.0,151621.0,152097.0,153587.0,155580.0,155857.0,156564.0,156750.0,151769.0,150531.0,152168.0,152666.0,154692.0
광주광역시 - 65세이상인구＜br＞(A),Statistics,77325.0,80874.0,85061.0,89423.0,94606.0,99389.0,105802.0,113823.0,118453.0,124083.0,130457.0,136411.0,144732.0,151874.0,159822.0,166389.0,172572.0,180862.0,187186.0,195479.0,205666.0,213291.0,222970.0,233878.0,246980.0
광주광역시 - 고령인구비율＜br＞(A÷B×100),Statistics,5.6,5.8,6.1,6.4,6.8,7.1,7.5,8.1,8.3,8.7,9.0,9.3,9.9,10.3,10.8,11.3,11.7,12.4,12.8,13.4,14.2,14.8,15.6,16.5,17.5
광주광역시 - 전체인구＜br＞(B),Statistics,1371909.0,1383765.0,1397452.0,1395762.0,1401172.0,1401745.0,1407798.0,1413444.0,1422702.0,1433640.0,1454636.0,1463464.0,1469216.0,1472910.0,1475884.0,1472199.0,1469214.0,1463770.0,1459336.0,1456468.0,1450062.0,1441611.0,1431050.0,1419237.0,1408422.0
광주시 - 65세이상인구＜br＞(A),Statistics,,10237.0,11974.0,13187.0,14560.0,15760.0,17093.0,18618.0,19767.0,20876.0,22354.0,24126.0,26215.0,28200.0,30441.0,32816.0,35203.0,39203.0,42843.0,46344.0,51079.0,55328.0,59448.0,64032.0,69176.0
광주시 - 고령인구비율＜br＞(A÷B×100),Statistics,,6.7,6.8,6.9,7.1,7.3,7.7,8.1,8.4,8.7,8.9,9.1,9.5,9.8,10.2,10.5,10.7,11.3,11.8,12.4,13.4,14.3,15.2,16.4,17.4
광주시 - 전체인구＜br＞(B),Statistics,,152878.0,175614.0,191466.0,205641.0,214498.0,222048.0,229319.0,234777.0,238583.0,249789.0,265222.0,275656.0,286699.0,298858.0,312579.0,327723.0,345947.0,363782.0,372654.0,382054.0,387289.0,391462.0,391377.0,397605.0
광진구 - 65세이상인구＜br＞(A),Statistics,18061.0,18755.0,19425.0,20661.0,21938.0,23217.0,24705.0,26820.0,28360.0,29979.0,32034.0,33418.0,35539.0,37413.0,38808.0,40205.0,41292.0,43790.0,45432.0,47681.0,50311.0,51450.0,53737.0,56461.0,59334.0
광진구 - 고령인구비율＜br＞(A÷B×100),Statistics,4.6,4.8,5.0,5.4,5.8,6.2,6.6,7.1,7.6,8.0,8.5,9.0,9.6,10.1,10.7,11.2,11.6,12.2,12.8,13.6,14.5,15.1,15.9,16.8,17.9
광진구 - 전체인구＜br＞(B),Statistics,391309.0,388109.0,386511.0,384929.0,380537.0,375613.0,374442.0,376572.0,375482.0,373998.0,375463.0,371936.0,371313.0,368927.0,363354.0,360369.0,357215.0,357703.0,355559.0,351350.0,346682.0,339996.0,337416.0,335554.0,331963.0
괴산군 - 65세이상인구＜br＞(A),Statistics,7808.0,8106.0,8426.0,8650.0,8980.0,9290.0,9495.0,9810.0,9967.0,10182.0,10316.0,10421.0,10621.0,10841.0,11171.0,11454.0,11592.0,11898.0,12103.0,12527.0,13157.0,13562.0,13947.0,14476.0,15024.0
괴산군 - 고령인구비율＜br＞(A÷B×100),Statistics,17.6,18.8,20.1,21.4,22.7,24.1,25.3,26.6,27.3,27.7,28.0,27.9,28.2,28.5,29.1,29.5,29.7,30.5,30.9,32.0,33.4,35.6,37.6,39.6,41.4
괴산군 - 전체인구＜br＞(B),Statistics,44380.0,43126.0,41827.0,40411.0,39586.0,38595.0,37570.0,36873.0,36566.0,36775.0,36827.0,37333.0,37713.0,38059.0,38351.0,38787.0,38973.0,39054.0,39133.0,39163.0,39393.0,38122.0,37055.0,36590.0,36252.0
구례군 - 65세이상인구＜br＞(A),Statistics,5545.0,5733.0,5975.0,6187.0,6445.0,6639.0,6865.0,7187.0,7271.0,7388.0,7511.0,7611.0,7784.0,7919.0,7997.0,8119.0,8250.0,8447.0,8510.0,8676.0,8882.0,8968.0,9069.0,9246.0,9477.0
구례군 - 고령인구비율＜br＞(A÷B×100),Statistics,16.5,17.4,18.8,20.3,21.3,22.4,23.8,25.5,26.2,26.8,27.4,27.8,28.7,29.2,29.4,29.7,30.1,30.7,31.4,32.7,34.5,35.5,36.8,38.0,39.4
구례군 - 전체인구＜br＞(B),Statistics,33588.0,32948.0,31755.0,30509.0,30232.0,29577.0,28837.0,28203.0,27703.0,27518.0,27375.0,27422.0,27077.0,27115.0,27170.0,27308.0,27412.0,27525.0,27117.0,26563.0,25719.0,25235.0,24655.0,24314.0,24025.0
구로구 - 65세이상인구＜br＞(A),Statistics,18728.0,20562.0,21674.0,23257.0,25154.0,26998.0,29126.0,31980.0,34322.0,36475.0,38829.0,41450.0,44579.0,47367.0,50615.0,53146.0,55159.0,58213.0,61105.0,64932.0,69201.0,71445.0,74491.0,78377.0,82027.0
구로구 - 고령인구비율＜br＞(A÷B×100),Statistics,4.6,5.0,5.2,5.6,6.0,6.5,6.9,7.6,8.2,8.6,9.2,9.7,10.4,11.1,11.9,12.6,13.2,14.2,15.1,16.0,17.1,18.0,18.8,20.0,21.1
구로구 - 전체인구＜br＞(B),Statistics,403097.0,415330.0,413363.0,412845.0,416828.0,416405.0,419832.0,420542.0,420795.0,421967.0,423736.0,427468.0,427520.0,424964.0,425831.0,422092.0,417551.0,410742.0,404497.0,406664.0,404408.0,396754.0,395315.0,392405.0,388169.0
구리시 - 65세이상인구＜br＞(A),Statistics,8372.0,9223.0,10221.0,10698.0,11536.0,11952.0,12676.0,13655.0,14312.0,14960.0,15734.0,16375.0,17158.0,17915.0,18528.0,19368.0,20623.0,22362.0,23800.0,25159.0,26962.0,27820.0,29173.0,31009.0,33143.0
구리시 - 고령인구비율＜br＞(A÷B×100),Statistics,4.9,5.0,5.3,5.5,6.0,6.2,6.5,6.9,7.3,7.6,8.0,8.4,8.9,9.4,9.9,10.4,10.6,11.2,11.7,12.6,13.7,14.5,15.5,16.6,17.7
구리시 - 전체인구＜br＞(B),Statistics,169417.0,184816.0,193214.0,192947.0,193438.0,192548.0,193847.0,196800.0,195874.0,195593.0,196398.0,194881.0,192341.0,189680.0,186820.0,186721.0,193763.0,200042.0,203553.0,199265.0,197454.0,191948.0,188701.0,187093.0,186882.0
구미시 - 65세이상인구＜br＞(A),Statistics,16280.0,17031.0,17696.0,18614.0,19673.0,20363.0,21226.0,22566.0,23561.0,24393.0,25054.0,25636.0,26773.0,28038.0,29136.0,30252.0,31554.0,33605.0,35432.0,37540.0,39998.0,42574.0,45239.0,48298.0,52744.0
구미시 - 고령인구비율＜br＞(A÷B×100),Statistics,4.8,4.9,5.1,5.2,5.4,5.4,5.5,5.8,6.0,6.2,6.2,6.2,6.4,6.7,6.9,7.2,7.5,8.0,8.4,8.9,9.6,10.3,11.1,11.9,13.0
구미시 - 전체인구＜br＞(B),Statistics,336914.0,344159.0,350011.0,355629.0,365681.0,374614.0,386465.0,391897.0,393959.0,396419.0,404920.0,413446.0,416949.0,419428.0,420320.0,419915.0,419891.0,421799.0,421494.0,419742.0,416328.0,412581.0,408110.0,405506.0,404820.0
군산시 - 65세이상인구＜br＞(A),Statistics,22413.0,23451.0,24278.0,25281.0,26295.0,27177.0,28484.0,30319.0,31425.0,32327.0,33555.0,34921.0,36763.0,38073.0,39555.0,41317.0,42810.0,44580.0,45913.0,48059.0,50700.0,52714.0,54997.0,57042.0,59458.0
군산시 - 고령인구비율＜br＞(A÷B×100),Statistics,8.1,8.5,8.9,9.4,9.9,10.3,10.9,11.6,11.9,12.1,12.3,12.7,13.2,13.7,14.2,14.8,15.4,16.2,16.8,17.8,18.9,19.9,21.0,21.9,23.0
군산시 - 전체인구＜br＞(B),Statistics,277491.0,276717.0,272007.0,268639.0,265168.0,263120.0,260989.0,260562.0,263845.0,266922.0,272601.0,275659.0,278341.0,278319.0,278098.0,278398.0,277551.0,274997.0,272645.0,270131.0,267859.0,265304.0,262467.0,259980.0,258047.0
군위군 - 65세이상인구＜br＞(A),Statistics,6310.0,6681.0,6795.0,6986.0,7194.0,7330.0,7398.0,7630.0,7735.0,7843.0,7870.0,7832.0,8012.0,8174.0,8382.0,8511.0,8670.0,8898.0,8983.0,9176.0,9461.0,9719.0,10065.0,10311.0,10629.0
군위군 - 고령인구비율＜br＞(A÷B×100),Statistics,19.3,19.6,21.5,23.5,25.0,26.5,27.7,29.6,30.6,31.4,31.8,32.3,33.2,33.8,34.7,35.3,35.9,36.7,37.6,38.5,40.7,42.4,43.1,44.9,47.3
군위군 - 전체인구＜br＞(B),Statistics,32637.0,34055.0,31654.0,29762.0,28825.0,27709.0,26687.0,25781.0,25309.0,24966.0,24736.0,24268.0,24119.0,24172.0,24170.0,24126.0,24171.0,24215.0,23919.0,23843.0,23256.0,22945.0,23340.0,22988.0,22463.0
군포시 - 65세이상인구＜br＞(A),Statistics,13007.0,13548.0,14283.0,15297.0,16187.0,17169.0,18058.0,19235.0,20116.0,20677.0,22052.0,22966.0,24089.0,25080.0,26326.0,27501.0,28530.0,30278.0,31712.0,33726.0,36416.0,38296.0,40752.0,43569.0,46533.0
군포시 - 고령인구비율＜br＞(A÷B×100),Statistics,4.8,5.0,5.3,5.6,5.9,6.2,6.6,7.0,7.2,7.5,7.7,8.0,8.4,8.8,9.1,9.6,10.0,10.8,11.5,12.2,13.3,14.3,15.3,16.7,18.2
군포시 - 전체인구＜br＞(B),Statistics,270151.0,269080.0,268559.0,273765.0,275761.0,277781.0,274569.0,275351.0,277590.0,275731.0,287833.0,287294.0,286841.0,286344.0,288408.0,287519.0,284890.0,281205.0,276916.0,275852.0,273791.0,268535.0,266213.0,261229.0,255931.0
금산군 - 65세이상인구＜br＞(A),Statistics,9644.0,10044.0,10364.0,10786.0,11231.0,11444.0,11779.0,12401.0,12642.0,12758.0,12936.0,13039.0,13357.0,13670.0,14019.0,14327.0,14606.0,14982.0,15181.0,15613.0,16075.0,16507.0,17077.0,17579.0,18012.0
금산군 - 고령인구비율＜br＞(A÷B×100),Statistics,14.9,15.9,16.9,17.8,18.7,19.6,20.5,21.5,22.3,22.7,22.9,23.3,24.0,24.7,25.4,26.1,26.7,27.8,28.5,29.9,31.3,32.7,34.1,35.1,36.3
금산군 - 전체인구＜br＞(B),Statistics,64515.0,62985.0,61350.0,60740.0,60048.0,58378.0,57552.0,57690.0,56740.0,56220.0,56555.0,56030.0,55715.0,55441.0,55166.0,54879.0,54612.0,53894.0,53222.0,52257.0,51413.0,50477.0,50092.0,50093.0,49615.0
금정구 - 65세이상인구＜br＞(A),Statistics,17356.0,17986.0,18687.0,19669.0,20799.0,21917.0,23446.0,25032.0,26438.0,27611.0,29228.0,30643.0,32560.0,34397.0,36090.0,37649.0,39482.0,42011.0,44382.0,46642.0,48920.0,50401.0,52128.0,54066.0,56243.0
금정구 - 고령인구비율＜br＞(A÷B×100),Statistics,5.9,6.3,6.7,7.2,7.7,8.3,8.9,9.7,10.3,11.0,11.4,12.0,12.7,13.6,14.4,15.3,16.1,17.2,18.3,19.5,21.0,22.1,23.6,25.1,26.8
금정구 - 전체인구＜br＞(B),Statistics,292187.0,285760.0,278511.0,274696.0,271046.0,264880.0,263338.0,258934.0,256398.0,252039.0,255419.0,254720.0,255692.0,253526.0,249856.0,246026.0,244624.0,244469.0,242956.0,239062.0,232666.0,228049.0,221256.0,215590.0,209932.0
금천구 - 65세이상인구＜br＞(A),Statistics,12020.0,12613.0,13563.0,14557.0,15747.0,16889.0,18131.0,19781.0,20977.0,22141.0,23675.0,24761.0,26476.0,27948.0,29243.0,30745.0,31976.0,33842.0,35354.0,37196.0,39314.0,40442.0,42226.0,44531.0,47037.0
금천구 - 고령인구비율＜br＞(A÷B×100),Statistics,4.5,4.8,5.2,5.6,6.1,6.6,7.2,7.9,8.5,9.0,9.7,10.2,10.9,11.6,12.3,13.0,13.6,14.4,15.1,16.0,17.0,17.5,18.4,19.6,20.9
금천구 - 전체인구＜br＞(B),Statistics,266431.0,260476.0,261413.0,261224.0,259633.0,256902.0,253243.0,249108.0,247320.0,244835.0,245195.0,243438.0,243288.0,241020.0,238463.0,236284.0,235386.0,235154.0,233917.0,232810.0,231733.0,230811.0,229642.0,227481.0,225159.0
기장군 - 65세이상인구＜br＞(A),Statistics,6856.0,7226.0,7580.0,8092.0,8778.0,9258.0,9581.0,10153.0,10745.0,11700.0,13018.0,13895.0,15114.0,16874.0,18422.0,19769.0,21056.0,22649.0,24049.0,25348.0,27742.0,29357.0,31204.0,32945.0,34328.0
기장군 - 고령인구비율＜br＞(A÷B×100),Statistics,9.2,9.5,9.9,10.4,11.0,11.6,12.1,12.8,13.2,13.1,12.7,12.9,13.2,12.7,12.7,12.9,13.3,14.0,14.6,15.4,15.9,16.6,17.5,18.4,19.5
기장군 - 전체인구＜br＞(B),Statistics,74324.0,76166.0,76384.0,77632.0,79788.0,80104.0,79334.0,79565.0,81159.0,89384.0,102557.0,108095.0,114566.0,132507.0,144748.0,153093.0,158527.0,161651.0,164864.0,164716.0,174545.0,177125.0,178614.0,178729.0,175626.0
김제시 - 65세이상인구＜br＞(A),Statistics,17668.0,18300.0,18746.0,19317.0,19751.0,20055.0,20535.0,21363.0,21616.0,21948.0,22332.0,22607.0,23295.0,23593.0,24040.0,24524.0,24850.0,25155.0,25257.0,25650.0,26322.0,26783.0,27495.0,27950.0,28533.0
김제시 - 고령인구비율＜br＞(A÷B×100),Statistics,15.2,15.9,16.9,17.4,18.8,19.5,20.5,21.9,22.6,23.2,23.7,24.3,25.2,25.9,26.7,27.6,28.3,28.9,29.6,30.6,31.9,33.1,33.8,34.3,35.4
김제시 - 전체인구＜br＞(B),Statistics,115865.0,115244.0,110989.0,110710.0,105195.0,102720.0,100238.0,97615.0,95807.0,94770.0,94346.0,93111.0,92317.0,91218.0,90108.0,88721.0,87782.0,86926.0,85331.0,83895.0,82450.0,80913.0,81455.0,81430.0,80635.0
김천시 - 65세이상인구＜br＞(A),Statistics,18183.0,19135.0,19690.0,20586.0,21126.0,21690.0,22270.0,23121.0,23778.0,24264.0,24543.0,24899.0,25603.0,26385.0,27130.0,27839.0,28488.0,29536.0,30318.0,31252.0,32520.0,33668.0,34794.0,35830.0,37426.0
김천시 - 고령인구비율＜br＞(A÷B×100),Statistics,12.1,12.7,13.4,13.7,14.7,15.3,15.9,16.6,17.2,17.9,18.0,18.3,18.9,19.5,20.0,19.9,20.0,20.7,21.5,22.1,23.1,24.0,25.0,26.1,27.6
김천시 - 전체인구＜br＞(B),Statistics,149864.0,150858.0,146666.0,150306.0,143527.0,141632.0,139682.0,139084.0,138056.0,135918.0,136136.0,136185.0,135504.0,135259.0,135456.0,140132.0,142256.0,142908.0,141104.0,141229.0,140548.0,140239.0,139324.0,137515.0,135446.0
김포시 - 65세이상인구＜br＞(A),Statistics,11250.0,12816.0,14207.0,15557.0,16674.0,17428.0,18278.0,19385.0,21090.0,22428.0,24146.0,26426.0,29408.0,32542.0,35706.0,38039.0,40505.0,44611.0,48532.0,52278.0,58124.0,62780.0,66858.0,71702.0,76654.0
김포시 - 고령인구비율＜br＞(A÷B×100),Statistics,6.9,7.1,7.3,7.6,8.0,8.4,8.8,9.4,9.6,9.9,10.1,10.3,10.2,10.4,10.5,10.9,11.1,11.4,11.5,12.0,12.3,12.9,13.8,14.7,15.7
김포시 - 전체인구＜br＞(B),Statistics,162997.0,180404.0,193438.0,203391.0,208192.0,207229.0,207824.0,205997.0,220418.0,225805.0,238339.0,256994.0,287432.0,312305.0,340310.0,349990.0,363443.0,392092.0,423170.0,437221.0,473970.0,486508.0,484267.0,486172.0,486853.0
김해시 - 65세이상인구＜br＞(A),Statistics,18561.0,19782.0,21776.0,23241.0,25119.0,26967.0,28812.0,30825.0,32630.0,34560.0,36178.0,37543.0,39588.0,41790.0,43802.0,45896.0,47975.0,51219.0,53753.0,57532.0,61857.0,65524.0,70208.0,74830.0,80326.0
김해시 - 고령인구비율＜br＞(A÷B×100),Statistics,5.4,5.6,5.6,5.7,5.9,6.1,6.4,6.6,6.8,7.0,7.2,7.4,7.7,8.0,8.3,8.7,9.1,9.6,10.1,10.6,11.4,12.2,13.1,14.0,15.1
김해시 - 전체인구＜br＞(B),Statistics,343617.0,353768.0,390292.0,407368.0,427432.0,443017.0,453728.0,464964.0,477572.0,492413.0,503348.0,507062.0,513260.0,522049.0,527240.0,528865.0,529422.0,532132.0,533672.0,542455.0,542338.0,537673.0,535129.0,533659.0,531676.0
나주시 - 65세이상인구＜br＞(A),Statistics,16539.0,16991.0,17618.0,18249.0,18663.0,19189.0,19786.0,20655.0,20714.0,20915.0,21270.0,21288.0,21535.0,21792.0,22355.0,22957.0,23489.0,24178.0,24658.0,25257.0,25986.0,26740.0,27488.0,28254.0,29155.0
나주시 - 고령인구비율＜br＞(A÷B×100),Statistics,15.2,16.1,17.1,17.9,18.8,19.6,20.5,21.6,22.3,23.0,23.6,24.1,24.5,24.8,24.7,23.4,22.5,22.0,21.7,22.0,22.5,22.9,23.6,24.1,25.0
나주시 - 전체인구＜br＞(B),Statistics,108459.0,105832.0,102825.0,101708.0,99308.0,97980.0,96417.0,95439.0,92884.0,90875.0,90118.0,88243.0,88067.0,87754.0,90669.0,98182.0,104376.0,110110.0,113839.0,114664.0,115613.0,116726.0,116456.0,117377.0,116654.0
남구 - 65세이상인구＜br＞(A),Statistics,18025.0,19329.0,20724.0,22081.0,23499.0,25158.0,26725.0,29038.0,31092.0,33040.0,34788.0,36216.0,38346.0,40543.0,42392.0,44110.0,45778.0,47964.0,50151.0,51717.0,53898.0,55386.0,56961.0,58953.0,61542.0
남구 - 고령인구비율＜br＞(A÷B×100),Statistics,6.0,6.4,6.8,7.2,7.7,8.3,9.0,9.8,10.4,11.1,11.7,12.3,13.2,13.9,14.8,15.6,16.4,17.5,17.9,18.8,20.1,21.1,22.2,23.2,24.2
남구 - 전체인구＜br＞(B),Statistics,299518.0,302642.0,305375.0,307287.0,304481.0,302257.0,297893.0,296666.0,298314.0,297963.0,298458.0,295121.0,291175.0,291770.0,286989.0,283101.0,278779.0,273854.0,279917.0,274480.0,267731.0,262069.0,256333.0,254185.0,254498.0
남동구 - 65세이상인구＜br＞(A),Statistics,19275.0,20168.0,21219.0,21851.0,22707.0,23674.0,25718.0,29011.0,32077.0,34166.0,36405.0,39565.0,42370.0,44892.0,47905.0,51768.0,53961.0,58429.0,62248.0,66423.0,71468.0,75633.0,80000.0,85478.0,91471.0
남동구 - 고령인구비율＜br＞(A÷B×100),Statistics,4.7,4.9,5.3,5.6,5.9,6.2,6.6,6.8,7.1,7.4,7.7,8.0,8.4,8.9,9.3,9.7,10.2,10.9,11.6,12.5,13.6,14.6,15.8,17.4,18.8
남동구 - 전체인구＜br＞(B),Statistics,407845.0,407615.0,403574.0,392478.0,384244.0,379310.0,390044.0,425217.0,450054.0,463414.0,473423.0,495469.0,503597.0,507021.0,514656.0,531395.0,530982.0,536578.0,537161.0,532704.0,525354.0,518272.0,506181.0,492415.0,486225.0
남양주시 - 65세이상인구＜br＞(A),Statistics,21285.0,23716.0,26112.0,28431.0,30977.0,34158.0,37334.0,41305.0,44113.0,47140.0,51794.0,55209.0,59429.0,63530.0,67875.0,72414.0,75986.0,81688.0,86681.0,93007.0,100537.0,108285.0,115165.0,121931.0,129635.0
남양주시 - 고령인구비율＜br＞(A÷B×100),Statistics,5.9,6.3,6.7,7.0,7.4,7.6,7.9,8.4,8.7,9.0,9.2,9.5,9.9,10.3,10.7,11.1,11.5,12.3,12.7,13.3,14.1,14.8,15.6,16.7,17.7
남양주시 - 전체인구＜br＞(B),Statistics,358396.0,375041.0,392614.0,403755.0,418360.0,450054.0,470617.0,492347.0,505867.0,525211.0,564141.0,578485.0,599539.0,618305.0,636256.0,653454.0,662154.0,665321.0,681828.0,701830.0,713321.0,733798.0,737353.0,732265.0,732482.0
남원시 - 65세이상인구＜br＞(A),Statistics,14056.0,14490.0,15007.0,15699.0,16001.0,16266.0,16670.0,17511.0,17773.0,17924.0,18100.0,18451.0,19121.0,19611.0,20003.0,20468.0,20711.0,21167.0,21444.0,22050.0,22694.0,23223.0,23691.0,24126.0,24831.0
남원시 - 고령인구비율＜br＞(A÷B×100),Statistics,13.6,13.9,14.9,15.4,16.6,17.4,18.3,19.6,20.1,20.4,20.6,21.1,22.0,22.7,23.4,24.1,24.6,25.4,26.0,27.1,28.1,29.2,30.4,31.4,32.8
남원시 - 전체인구＜br＞(B),Statistics,103571.0,103977.0,100392.0,101950.0,96243.0,93670.0,91265.0,89247.0,88356.0,87675.0,87775.0,87455.0,87000.0,86460.0,85643.0,84856.0,84188.0,83281.0,82554.0,81441.0,80662.0,79431.0,77948.0,76781.0,75647.0
남해군 - 65세이상인구＜br＞(A),Statistics,12504.0,12755.0,13071.0,13417.0,13724.0,14008.0,14359.0,15002.0,14913.0,15004.0,14984.0,15251.0,15308.0,15354.0,15577.0,15584.0,15692.0,15837.0,15910.0,15987.0,16258.0,16448.0,16712.0,16889.0,17045.0
남해군 - 고령인구비율＜br＞(A÷B×100),Statistics,20.9,22.0,23.4,24.7,25.8,27.0,28.3,27.3,29.4,29.9,30.4,30.4,31.7,32.5,33.4,34.0,34.8,35.5,36.2,36.6,37.8,38.9,40.2,41.4,42.8
남해군 - 전체인구＜br＞(B),Statistics,59762.0,57916.0,55958.0,54392.0,53129.0,51825.0,50792.0,55026.0,50698.0,50244.0,49328.0,50242.0,48223.0,47244.0,46638.0,45865.0,45129.0,44642.0,43990.0,43622.0,42958.0,42266.0,41579.0,40780.0,39832.0
노원구 - 65세이상인구＜br＞(A),Statistics,34789.0,37166.0,39010.0,40707.0,42940.0,44883.0,47289.0,50564.0,52820.0,54647.0,56977.0,58584.0,61150.0,63731.0,66411.0,68843.0,70819.0,74178.0,77032.0,80854.0,85420.0,88271.0,91946.0,96309.0,100467.0
노원구 - 고령인구비율＜br＞(A÷B×100),Statistics,5.5,5.7,6.1,6.4,6.8,7.2,7.7,8.2,8.6,8.9,9.3,9.7,10.2,10.8,11.4,12.0,12.5,13.4,14.2,15.2,16.3,17.3,18.3,19.3,20.5
노원구 - 전체인구＜br＞(B),Statistics,632634.0,646905.0,641652.0,631931.0,628184.0,622003.0,618093.0,616753.0,615981.0,610616.0,611230.0,603930.0,597189.0,590479.0,582552.0,574583.0,567581.0,554403.0,543752.0,532905.0,523037.0,510956.0,503734.0,498213.0,491247.0
논산시 - 65세이상인구＜br＞(A),Statistics,18623.0,19307.0,19827.0,20410.0,21128.0,21575.0,22291.0,23288.0,23883.0,24359.0,24878.0,25060.0,25728.0,26363.0,26997.0,27608.0,28057.0,28630.0,29161.0,30106.0,31095.0,31783.0,32616.0,33458.0,34591.0
논산시 - 고령인구비율＜br＞(A÷B×100),Statistics,13.1,13.8,14.4,15.0,15.6,16.1,17.0,18.0,18.7,19.2,19.5,19.6,20.3,20.9,21.6,22.2,22.8,23.4,24.3,25.3,26.7,27.8,29.0,30.3,31.9
논산시 - 전체인구＜br＞(B),Statistics,142390.0,140287.0,137419.0,135719.0,135572.0,134217.0,131466.0,129486.0,127797.0,127097.0,127507.0,127533.0,126653.0,125844.0,124784.0,124232.0,123213.0,122240.0,120230.0,118842.0,116675.0,114483.0,112617.0,110423.0,108529.0
단양군 - 65세이상인구＜br＞(A),Statistics,5100.0,5298.0,5504.0,5689.0,5955.0,6195.0,6353.0,6585.0,6725.0,6891.0,7035.0,7116.0,7273.0,7495.0,7708.0,7829.0,7897.0,8167.0,8374.0,8645.0,9026.0,9286.0,9656.0,10063.0,10491.0
단양군 - 고령인구비율＜br＞(A÷B×100),Statistics,12.8,13.7,14.7,15.9,17.1,18.2,19.1,20.3,21.1,21.6,22.1,22.5,23.3,24.0,24.9,25.5,25.9,27.0,27.7,29.1,31.0,32.8,34.8,36.3,38.4
단양군 - 전체인구＜br＞(B),Statistics,40000.0,38721.0,37320.0,35701.0,34743.0,34122.0,33346.0,32399.0,31929.0,31842.0,31817.0,31595.0,31253.0,31171.0,30948.0,30761.0,30503.0,30215.0,30255.0,29756.0,29155.0,28331.0,27767.0,27701.0,27352.0
달서구 - 65세이상인구＜br＞(A),Statistics,26687.0,28609.0,30523.0,32109.0,34143.0,35597.0,37457.0,40128.0,42516.0,44475.0,46419.0,48206.0,51152.0,54500.0,57576.0,60271.0,62977.0,67033.0,70983.0,75775.0,80646.0,84772.0,89178.0,93762.0,100449.0
달서구 - 고령인구비율＜br＞(A÷B×100),Statistics,4.5,4.8,5.0,5.3,5.7,6.0,6.4,6.8,7.2,7.4,7.6,7.9,8.4,8.9,9.5,10.0,10.6,11.6,12.4,13.3,14.4,15.6,16.6,17.8,19.2
달서구 - 전체인구＜br＞(B),Statistics,588546.0,599664.0,605433.0,603949.0,601467.0,595860.0,589041.0,591169.0,594616.0,598011.0,607083.0,606542.0,606557.0,610358.0,606433.0,602641.0,591891.0,578068.0,573413.0,568887.0,558631.0,544926.0,536989.0,527781.0,522021.0
달성군 - 65세이상인구＜br＞(A),Statistics,10917.0,11496.0,12052.0,12701.0,13269.0,13917.0,14624.0,15524.0,16424.0,17093.0,17712.0,18192.0,19033.0,19895.0,20762.0,22226.0,24215.0,26950.0,28767.0,30558.0,33089.0,35530.0,38007.0,40217.0,42982.0
달성군 - 고령인구비율＜br＞(A÷B×100),Statistics,7.1,7.4,7.7,8.1,8.5,8.8,9.2,9.7,9.6,9.7,9.9,10.1,10.3,10.8,11.2,11.5,11.1,11.1,11.5,11.9,12.8,13.5,14.4,15.3,16.7
달성군 - 전체인구＜br＞(B),Statistics,154281.0,156100.0,155601.0,157554.0,155905.0,158353.0,158314.0,160443.0,171001.0,176135.0,178899.0,180351.0,184366.0,184358.0,184902.0,192747.0,218268.0,243375.0,250543.0,256540.0,259339.0,262451.0,263162.0,262084.0,257580.0
담양군 - 65세이상인구＜br＞(A),Statistics,8636.0,8900.0,9181.0,9510.0,9911.0,10235.0,10660.0,11319.0,11576.0,11650.0,11924.0,12052.0,12402.0,12670.0,12946.0,13208.0,13329.0,13623.0,13816.0,13960.0,14436.0,14662.0,15058.0,15373.0,15890.0
담양군 - 고령인구비율＜br＞(A÷B×100),Statistics,15.7,16.7,17.8,18.7,19.6,20.3,21.2,22.4,23.9,24.6,24.9,25.2,26.0,26.7,27.4,28.1,28.2,28.8,29.4,30.0,31.2,31.7,32.9,33.9,35.6
담양군 - 전체인구＜br＞(B),Statistics,55089.0,53268.0,51535.0,50933.0,50613.0,50364.0,50332.0,50441.0,48347.0,47286.0,47808.0,47819.0,47612.0,47365.0,47177.0,47009.0,47229.0,47285.0,46917.0,46535.0,46280.0,46180.0,45792.0,45373.0,44623.0
당진시 - 65세이상인구＜br＞(A),Statistics,,,,,,,,,,,,,24328.0,25140.0,25975.0,26853.0,27445.0,28386.0,28986.0,29933.0,31331.0,32517.0,33915.0,35271.0,36886.0
당진시 - 고령인구비율＜br＞(A÷B×100),Statistics,,,,,,,,,,,,,15.7,15.8,16.0,16.3,16.5,17.0,17.3,17.9,18.8,19.5,20.2,20.7,21.5
당진시 - 전체인구＜br＞(B),Statistics,,,,,,,,,,,,,155104.0,159615.0,162844.0,165122.0,166630.0,167439.0,167770.0,167042.0,166249.0,167092.0,168253.0,170302.0,171931.0
대구광역시 - 65세이상인구＜br＞(A),Statistics,149045.0,157269.0,165816.0,175110.0,186250.0,195419.0,206158.0,220980.0,232499.0,242364.0,252084.0,260038.0,274152.0,289246.0,303537.0,316122.0,328901.0,347459.0,362934.0,379277.0,400494.0,417060.0,435698.0,466338.0,493256.0
대구광역시 - 고령인구비율＜br＞(A÷B×100),Statistics,5.9,6.2,6.6,6.9,7.4,7.8,8.3,8.9,9.3,9.7,10.0,10.4,10.9,11.6,12.2,12.7,13.2,14.0,14.7,15.6,16.6,17.5,18.4,19.6,20.9
대구광역시 - 전체인구＜br＞(B),Statistics,2524253.0,2525109.0,2525803.0,2529544.0,2524712.0,2511306.0,2496115.0,2493261.0,2492724.0,2489781.0,2511676.0,2507271.0,2505644.0,2501588.0,2493264.0,2487829.0,2484557.0,2475231.0,2461769.0,2438031.0,2418346.0,2385412.0,2363691.0,2374960.0,2363629.0
대덕구 - 65세이상인구＜br＞(A),Statistics,10525.0,11073.0,11692.0,12389.0,13095.0,13618.0,14296.0,15451.0,16167.0,16825.0,17485.0,18182.0,19206.0,20205.0,21089.0,21899.0,22783.0,23832.0,24797.0,26039.0,27869.0,29494.0,31284.0,33053.0,35155.0
대덕구 - 고령인구비율＜br＞(A÷B×100),Statistics,4.5,4.8,5.1,5.4,5.8,6.1,6.6,7.2,7.7,8.1,8.4,8.9,9.3,9.9,10.5,11.1,11.8,12.8,13.6,14.7,15.8,16.8,18.1,19.5,20.9
대덕구 - 전체인구＜br＞(B),Statistics,231377.0,230939.0,229926.0,229208.0,226947.0,223287.0,217332.0,213275.0,211241.0,208147.0,207549.0,205339.0,205688.0,204360.0,201558.0,196839.0,192688.0,186902.0,181991.0,177031.0,176384.0,175046.0,172746.0,169853.0,168217.0
대전광역시 - 65세이상인구＜br＞(A),Statistics,75769.0,80328.0,84813.0,89601.0,95099.0,99811.0,105716.0,113994.0,119222.0,124520.0,130245.0,135740.0,142979.0,150651.0,158329.0,165528.0,171568.0,180667.0,188530.0,198691.0,210784.0,221207.0,232663.0,244756.0,259245.0
대전광역시 - 고령인구비율＜br＞(A÷B×100),Statistics,5.5,5.7,6.0,6.3,6.6,6.9,7.2,7.7,8.1,8.4,8.7,9.0,9.4,9.8,10.3,10.9,11.3,12.0,12.7,13.5,14.4,15.2,16.1,17.0,18.0
대전광역시 - 전체인구＜br＞(B),Statistics,1385606.0,1403164.0,1419573.0,1432296.0,1443471.0,1454638.0,1466158.0,1475659.0,1480895.0,1484180.0,1503664.0,1515603.0,1524583.0,1532811.0,1531809.0,1518775.0,1514370.0,1502227.0,1489936.0,1474870.0,1463882.0,1452251.0,1446072.0,1442216.0,1439157.0
도봉구 - 65세이상인구＜br＞(A),Statistics,19673.0,20869.0,22204.0,23970.0,26161.0,27964.0,30206.0,32720.0,34674.0,36184.0,38185.0,39781.0,42230.0,44434.0,46438.0,48553.0,50466.0,53445.0,55926.0,58664.0,62009.0,64114.0,66942.0,70374.0,74149.0
도봉구 - 고령인구비율＜br＞(A÷B×100),Statistics,5.3,5.6,6.0,6.4,6.8,7.3,8.0,8.7,9.3,9.8,10.4,10.9,11.7,12.4,13.1,13.8,14.5,15.5,16.5,17.6,19.1,20.2,21.5,22.9,24.5
도봉구 - 전체인구＜br＞(B),Statistics,370976.0,371259.0,371911.0,376599.0,381939.0,381529.0,377534.0,375975.0,373936.0,369733.0,368298.0,365573.0,362270.0,358582.0,353709.0,351242.0,348220.0,344166.0,339413.0,333362.0,325257.0,317366.0,311694.0,306948.0,303228.0
동구 - 65세이상인구＜br＞(A),Statistics,10792.0,11391.0,11904.0,12301.0,12897.0,13509.0,14170.0,15061.0,15608.0,16202.0,16896.0,17316.0,17991.0,18734.0,19493.0,19945.0,20334.0,21076.0,21407.0,22257.0,23381.0,23760.0,24354.0,25093.0,25661.0
동구 - 고령인구비율＜br＞(A÷B×100),Statistics,8.5,9.2,9.8,10.5,11.3,12.3,13.3,14.4,15.2,16.0,16.6,17.2,18.3,19.5,20.6,21.7,22.6,23.7,24.6,25.2,26.3,27.1,28.2,28.6,29.9
동구 - 전체인구＜br＞(B),Statistics,127138.0,124303.0,121043.0,117617.0,114204.0,109879.0,106890.0,104881.0,102764.0,101153.0,101514.0,100420.0,98529.0,96011.0,94565.0,92069.0,89826.0,88868.0,86912.0,88165.0,88901.0,87679.0,86462.0,87792.0,85911.0
동대문구 - 65세이상인구＜br＞(A),Statistics,23491.0,25083.0,26455.0,28136.0,29854.0,32055.0,34199.0,36832.0,38272.0,39466.0,42524.0,44229.0,46625.0,48911.0,50756.0,52331.0,53301.0,55547.0,56991.0,59170.0,61612.0,62009.0,64255.0,66790.0,69314.0
동대문구 - 고령인구비율＜br＞(A÷B×100),Statistics,6.2,6.6,6.9,7.3,7.9,8.4,9.0,9.8,10.3,10.9,11.6,12.1,12.8,13.4,14.0,14.5,15.0,15.8,16.4,17.1,18.0,18.4,19.1,19.6,20.5
동대문구 - 전체인구＜br＞(B),Statistics,380444.0,381799.0,381841.0,382875.0,379404.0,381110.0,378860.0,376421.0,370250.0,362146.0,366786.0,365486.0,363258.0,364273.0,363687.0,360153.0,355069.0,350647.0,348052.0,346194.0,342837.0,337400.0,336644.0,341149.0,338735.0
동두천시 - 65세이상인구＜br＞(A),Statistics,5889.0,6253.0,6600.0,7077.0,7771.0,8435.0,9305.0,10352.0,10971.0,11605.0,12415.0,12996.0,13791.0,14477.0,14989.0,15626.0,16172.0,16961.0,17695.0,18344.0,19397.0,19926.0,20464.0,21372.0,22464.0
동두천시 - 고령인구비율＜br＞(A÷B×100),Statistics,7.8,8.4,9.0,9.5,9.8,10.2,10.8,11.7,12.1,12.5,13.0,13.5,14.2,14.8,15.4,15.9,16.5,17.5,18.4,19.4,20.6,21.3,22.4,24.1,25.9
동두천시 - 전체인구＜br＞(B),Statistics,75529.0,74266.0,73177.0,74735.0,79214.0,82623.0,85803.0,88780.0,90835.0,93211.0,95653.0,96253.0,97175.0,97557.0,97595.0,97974.0,98277.0,97071.0,96226.0,94768.0,94353.0,93592.0,91546.0,88626.0,86838.0
동래구 - 65세이상인구＜br＞(A),Statistics,17142.0,17936.0,18754.0,19346.0,20535.0,21774.0,23463.0,25551.0,26931.0,28501.0,30039.0,31448.0,33132.0,35153.0,37045.0,38437.0,40349.0,42697.0,44255.0,46863.0,49927.0,51829.0,54881.0,57512.0,60935.0
동래구 - 고령인구비율＜br＞(A÷B×100),Statistics,5.7,6.1,6.5,6.9,7.4,7.9,8.4,9.0,9.5,10.1,10.6,11.1,11.9,12.7,13.4,14.1,14.8,15.8,16.6,17.3,18.4,19.4,20.1,21.2,22.2
동래구 - 전체인구＜br＞(B),Statistics,300081.0,295361.0,290396.0,282056.0,279366.0,276095.0,279528.0,284901.0,282673.0,281644.0,282779.0,283742.0,278767.0,276689.0,275971.0,272837.0,272745.0,270727.0,266515.0,271247.0,270745.0,266866.0,273226.0,270815.0,274370.0
동작구 - 65세이상인구＜br＞(A),Statistics,24057.0,24976.0,26195.0,28202.0,30088.0,31907.0,33929.0,36563.0,38002.0,39705.0,42368.0,44132.0,47007.0,49863.0,52147.0,53425.0,55052.0,57071.0,59265.0,61994.0,64928.0,66320.0,67872.0,70089.0,72783.0
동작구 - 고령인구비율＜br＞(A÷B×100),Statistics,5.8,6.1,6.5,6.9,7.3,7.8,8.3,9.0,9.5,10.0,10.5,11.0,11.6,12.1,12.8,13.3,13.7,14.4,15.0,15.7,16.6,17.2,17.8,18.5,19.4
동작구 - 전체인구＜br＞(B),Statistics,415892.0,406116.0,403047.0,410360.0,410945.0,410481.0,408582.0,405967.0,400866.0,397920.0,402709.0,401408.0,405491.0,410815.0,407470.0,400641.0,400997.0,396217.0,396203.0,395963.0,391220.0,385483.0,380596.0,378769.0,375799.0
동해시 - 65세이상인구＜br＞(A),Statistics,7987.0,8303.0,8667.0,9103.0,9553.0,9979.0,10444.0,11147.0,11595.0,12100.0,12566.0,12985.0,13379.0,14006.0,14456.0,14891.0,15124.0,15881.0,16526.0,17338.0,18293.0,19039.0,19983.0,20861.0,21889.0
동해시 - 고령인구비율＜br＞(A÷B×100),Statistics,7.7,8.0,8.4,8.9,9.5,10.1,10.7,11.5,12.1,12.7,13.2,13.6,14.2,14.7,15.3,15.9,16.2,17.1,18.1,19.2,20.2,21.1,22.3,23.5,25.0
동해시 - 전체인구＜br＞(B),Statistics,103654.0,103570.0,102857.0,101764.0,100727.0,99230.0,97497.0,96652.0,95652.0,95271.0,95236.0,95804.0,93897.0,95143.0,94562.0,93895.0,93297.0,92851.0,91272.0,90522.0,90593.0,90081.0,89426.0,88625.0,87675.0
마포구 - 65세이상인구＜br＞(A),Statistics,24137.0,24959.0,26000.0,27531.0,29386.0,31334.0,33265.0,35873.0,36495.0,38026.0,41237.0,42396.0,44027.0,45508.0,47096.0,48348.0,48060.0,49356.0,50544.0,52104.0,54002.0,54231.0,55533.0,57504.0,59612.0
마포구 - 고령인구비율＜br＞(A÷B×100),Statistics,6.2,6.6,6.9,7.3,7.7,8.1,8.5,9.1,9.5,9.9,10.5,10.9,11.4,11.9,12.2,12.5,12.7,13.2,13.5,13.9,14.5,14.7,15.2,15.8,16.5
마포구 - 전체인구＜br＞(B),Statistics,387308.0,379141.0,375417.0,379451.0,383457.0,388164.0,390583.0,392650.0,385119.0,384013.0,391865.0,389493.0,384644.0,381856.0,385439.0,387643.0,379892.0,374915.0,375077.0,374035.0,371890.0,368905.0,364638.0,363697.0,361417.0
목포시 - 65세이상인구＜br＞(A),Statistics,15072.0,15570.0,16304.0,17080.0,18038.0,19198.0,20256.0,21900.0,22783.0,23727.0,25134.0,26270.0,27753.0,28908.0,30179.0,31203.0,32445.0,33834.0,34821.0,36087.0,37827.0,39063.0,40805.0,42446.0,44454.0
목포시 - 고령인구비율＜br＞(A÷B×100),Statistics,6.1,6.3,6.7,7.1,7.5,7.9,8.4,9.0,9.3,9.7,10.2,10.7,11.3,12.0,12.6,13.1,13.6,14.4,15.0,15.7,16.9,17.9,18.8,19.8,21.2
목포시 - 전체인구＜br＞(B),Statistics,245492.0,245344.0,244909.0,241460.0,241717.0,242988.0,241679.0,243312.0,245651.0,244339.0,245422.0,244871.0,245073.0,240936.0,239109.0,238382.0,237739.0,234379.0,232327.0,229861.0,224044.0,218589.0,216939.0,214156.0,209890.0
무안군 - 65세이상인구＜br＞(A),Statistics,9915.0,10249.0,10601.0,10937.0,11433.0,11896.0,12367.0,13160.0,13438.0,13879.0,14208.0,14482.0,14839.0,15262.0,15592.0,15875.0,16175.0,16467.0,16599.0,16858.0,17528.0,17986.0,18423.0,19000.0,19592.0
무안군 - 고령인구비율＜br＞(A÷B×100),Statistics,14.1,14.9,16.1,17.2,18.3,19.2,20.0,20.7,20.2,19.2,19.1,19.1,19.6,19.2,19.1,19.3,19.7,19.9,20.2,20.8,20.4,19.7,20.3,21.0,21.1
무안군 - 전체인구＜br＞(B),Statistics,70212.0,68904.0,65976.0,63681.0,62472.0,61915.0,61766.0,63674.0,66598.0,72417.0,74475.0,75718.0,75741.0,79367.0,81696.0,82236.0,82109.0,82872.0,81991.0,81105.0,86132.0,91107.0,90608.0,90296.0,92687.0
무주군 - 65세이상인구＜br＞(A),Statistics,5052.0,5318.0,5463.0,5639.0,5818.0,5990.0,6216.0,6597.0,6652.0,6726.0,6825.0,6953.0,7049.0,7177.0,7245.0,7441.0,7527.0,7701.0,7715.0,7891.0,8075.0,8153.0,8393.0,8554.0,8755.0
무주군 - 고령인구비율＜br＞(A÷B×100),Statistics,17.3,17.5,19.6,21.1,22.2,23.1,24.5,25.0,25.6,26.1,26.7,26.9,27.8,28.3,28.5,29.5,30.2,31.0,31.4,32.5,33.6,34.3,35.7,36.8,38.0
무주군 - 전체인구＜br＞(B),Statistics,29207.0,30333.0,27894.0,26716.0,26183.0,25876.0,25417.0,26361.0,26017.0,25811.0,25578.0,25863.0,25321.0,25398.0,25390.0,25220.0,24949.0,24809.0,24589.0,24303.0,24036.0,23748.0,23489.0,23251.0,23032.0
문경시 - 65세이상인구＜br＞(A),Statistics,12454.0,13027.0,13355.0,13853.0,14371.0,14851.0,15196.0,15854.0,16361.0,16666.0,16958.0,17165.0,17591.0,18015.0,18472.0,18896.0,19285.0,19877.0,20324.0,20891.0,21600.0,22337.0,22867.0,23386.0,24095.0
문경시 - 고령인구비율＜br＞(A÷B×100),Statistics,13.9,14.6,15.9,17.0,18.1,19.0,19.9,21.2,21.7,21.7,21.9,22.4,23.2,23.8,24.3,24.9,25.8,27.1,28.3,28.9,30.2,31.4,32.5,34.0,35.8
문경시 - 전체인구＜br＞(B),Statistics,89900.0,89091.0,83749.0,81258.0,79552.0,78058.0,76177.0,74780.0,75486.0,76645.0,77391.0,76727.0,75899.0,75664.0,75911.0,75784.0,74702.0,73294.0,71874.0,72242.0,71406.0,71154.0,70373.0,68755.0,67257.0
미추홀구 - 65세이상인구＜br＞(A),Statistics,,,,,,,,,,,,,,,,,,,62833.0,65642.0,69074.0,72320.0,75765.0,79880.0,84471.0
미추홀구 - 고령인구비율＜br＞(A÷B×100),Statistics,,,,,,,,,,,,,,,,,,,15.1,16.1,17.1,17.7,18.7,19.7,20.5
미추홀구 - 전체인구＜br＞(B),Statistics,,,,,,,,,,,,,,,,,,,416542.0,408862.0,404343.0,407464.0,406004.0,405995.0,412274.0
밀양시 - 65세이상인구＜br＞(A),Statistics,15869.0,16446.0,17122.0,17570.0,18162.0,18594.0,19229.0,20175.0,20735.0,21202.0,21681.0,22018.0,22721.0,23527.0,24163.0,24796.0,25611.0,26719.0,27561.0,28549.0,29887.0,31006.0,32434.0,33742.0,35004.0
밀양시 - 고령인구비율＜br＞(A÷B×100),Statistics,12.7,13.4,14.2,14.9,15.7,16.4,17.2,18.1,18.7,19.2,19.6,20.1,20.9,21.7,22.4,23.0,23.6,24.8,25.8,27.0,28.5,30.0,31.5,33.1,34.8
밀양시 - 전체인구＜br＞(B),Statistics,124574.0,122999.0,120342.0,117732.0,115459.0,113636.0,112025.0,111473.0,110858.0,110170.0,110479.0,109329.0,108755.0,108342.0,107765.0,107896.0,108354.0,107898.0,106744.0,105552.0,104831.0,103525.0,102945.0,102084.0,100691.0
보령시 - 65세이상인구＜br＞(A),Statistics,13672.0,14319.0,14778.0,15371.0,15989.0,16437.0,17045.0,17916.0,18408.0,18858.0,19354.0,19756.0,20453.0,21139.0,21817.0,22460.0,22968.0,23622.0,24116.0,24988.0,26211.0,26851.0,27741.0,28525.0,29461.0
보령시 - 고령인구비율＜br＞(A÷B×100),Statistics,11.5,12.3,13.0,13.9,14.7,15.2,15.8,16.6,17.2,17.7,18.0,18.6,19.4,20.1,20.9,21.4,22.1,22.9,23.6,24.7,26.2,27.3,28.6,29.8,31.4
보령시 - 전체인구＜br＞(B),Statistics,118504.0,116306.0,113365.0,110380.0,108861.0,108056.0,107591.0,107637.0,106885.0,106754.0,107346.0,106421.0,105559.0,104938.0,104321.0,104754.0,103873.0,103198.0,101990.0,101114.0,100229.0,98408.0,97157.0,95772.0,93780.0
보성군 - 65세이상인구＜br＞(A),Statistics,11520.0,11882.0,12325.0,12804.0,13171.0,13473.0,13741.0,14170.0,14298.0,14318.0,14415.0,14439.0,14675.0,14818.0,15084.0,15182.0,15269.0,15441.0,15376.0,15429.0,15603.0,15714.0,15834.0,15952.0,16247.0
보성군 - 고령인구비율＜br＞(A÷B×100),Statistics,18.8,20.0,21.5,22.9,24.3,25.4,26.5,27.8,28.6,29.2,29.5,30.1,31.2,31.9,32.9,33.5,34.3,35.3,35.9,37.3,38.5,39.9,41.2,42.3,43.9
보성군 - 전체인구＜br＞(B),Statistics,61329.0,59417.0,57282.0,55983.0,54288.0,53145.0,51948.0,50921.0,50004.0,49048.0,48792.0,47894.0,47050.0,46385.0,45882.0,45349.0,44469.0,43755.0,42803.0,41420.0,40482.0,39375.0,38471.0,37686.0,37045.0
보은군 - 65세이상인구＜br＞(A),Statistics,7508.0,7785.0,8003.0,8143.0,8472.0,8615.0,8780.0,9072.0,9291.0,9450.0,9515.0,9625.0,9766.0,9853.0,10020.0,10124.0,10187.0,10461.0,10648.0,10909.0,11217.0,11506.0,11795.0,12177.0,12537.0
보은군 - 고령인구비율＜br＞(A÷B×100),Statistics,17.4,18.5,19.8,20.9,22.3,23.2,24.2,25.7,26.5,27.1,27.2,27.7,28.4,28.7,29.3,29.5,29.8,30.7,31.6,33.1,34.6,36.1,37.5,39.3,41.1
보은군 - 전체인구＜br＞(B),Statistics,43245.0,42082.0,40420.0,38973.0,38062.0,37114.0,36293.0,35354.0,35069.0,34845.0,34956.0,34717.0,34438.0,34318.0,34240.0,34296.0,34221.0,34053.0,33680.0,32949.0,32412.0,31878.0,31455.0,31010.0,30527.0
봉화군 - 65세이상인구＜br＞(A),Statistics,7541.0,7784.0,8042.0,8356.0,8582.0,8777.0,9036.0,9373.0,9560.0,9736.0,9800.0,9737.0,9971.0,10190.0,10425.0,10551.0,10706.0,10946.0,11040.0,11222.0,11567.0,11777.0,11980.0,12232.0,12579.0
봉화군 - 고령인구비율＜br＞(A÷B×100),Statistics,17.6,18.8,20.2,21.2,22.9,24.0,25.4,26.7,27.6,28.4,28.4,28.5,29.4,30.1,30.6,31.2,31.9,32.9,33.6,34.9,36.7,38.3,39.7,41.3,43.6
봉화군 - 전체인구＜br＞(B),Statistics,42865.0,41364.0,39852.0,39439.0,37526.0,36599.0,35608.0,35046.0,34628.0,34297.0,34567.0,34192.0,33934.0,33894.0,34023.0,33808.0,33539.0,33259.0,32843.0,32150.0,31494.0,30762.0,30139.0,29603.0,28836.0
부산광역시 - 65세이상인구＜br＞(A),Statistics,229075.0,242143.0,254642.0,268235.0,285927.0,302784.0,322019.0,345492.0,363639.0,381771.0,401784.0,418043.0,442199.0,467416.0,492116.0,514630.0,536064.0,565527.0,589961.0,620123.0,657711.0,681885.0,712412.0,745199.0,780576.0
부산광역시 - 고령인구비율＜br＞(A÷B×100),Statistics,6.0,6.4,6.8,7.3,7.8,8.3,8.9,9.6,10.2,10.8,11.3,11.8,12.5,13.3,14.0,14.6,15.3,16.3,17.1,18.2,19.4,20.4,21.5,22.6,23.9
부산광역시 - 전체인구＜br＞(B),Statistics,3796506.0,3770536.0,3730125.0,3691445.0,3666345.0,3638293.0,3611992.0,3587439.0,3564577.0,3543030.0,3567910.0,3550963.0,3538484.0,3527635.0,3519401.0,3513777.0,3498529.0,3470653.0,3441453.0,3413841.0,3391946.0,3350380.0,3317812.0,3293362.0,3266598.0
부산진구 - 65세이상인구＜br＞(A),Statistics,27399.0,29120.0,30589.0,31950.0,33994.0,36250.0,38461.0,41069.0,43228.0,45117.0,47487.0,49078.0,51572.0,54218.0,56777.0,58579.0,60541.0,62942.0,64599.0,67133.0,70896.0,72339.0,75685.0,79321.0,82839.0
부산진구 - 고령인구비율＜br＞(A÷B×100),Statistics,6.4,6.8,7.3,7.8,8.4,8.8,9.5,10.2,10.8,11.4,12.0,12.4,13.1,13.9,14.7,15.4,16.1,16.9,17.8,18.8,19.7,20.5,21.3,22.1,23.1
부산진구 - 전체인구＜br＞(B),Statistics,430373.0,426518.0,420645.0,410603.0,405534.0,410610.0,405775.0,402359.0,400516.0,395689.0,395826.0,395044.0,392731.0,389765.0,387378.0,381572.0,376526.0,371703.0,362357.0,357880.0,359886.0,353159.0,355917.0,359508.0,359281.0
부안군 - 65세이상인구＜br＞(A),Statistics,11775.0,12314.0,12532.0,12832.0,13282.0,13471.0,13706.0,14246.0,14372.0,14582.0,14788.0,14973.0,15431.0,15675.0,15959.0,16219.0,16469.0,16679.0,16635.0,16983.0,17371.0,17509.0,17942.0,18258.0,18571.0
부안군 - 고령인구비율＜br＞(A÷B×100),Statistics,15.8,16.2,17.8,18.9,19.9,20.7,21.7,23.0,23.6,24.2,24.6,25.3,26.2,26.5,27.7,28.5,28.9,29.7,30.6,31.9,33.3,34.5,35.8,37.1,38.6
부안군 - 전체인구＜br＞(B),Statistics,74716.0,75914.0,70374.0,68066.0,66766.0,65018.0,63243.0,61879.0,60872.0,60204.0,60138.0,59080.0,58869.0,59164.0,57534.0,56848.0,57005.0,56086.0,54441.0,53295.0,52140.0,50795.0,50094.0,49187.0,48066.0
부여군 - 65세이상인구＜br＞(A),Statistics,14924.0,15524.0,15981.0,16350.0,16778.0,17035.0,17483.0,18132.0,18377.0,18600.0,18861.0,18938.0,19214.0,19532.0,20078.0,20530.0,20772.0,21209.0,21508.0,22051.0,22683.0,23199.0,23657.0,24032.0,24506.0
부여군 - 고령인구비율＜br＞(A÷B×100),Statistics,16.1,17.2,18.2,19.2,20.2,20.9,22.0,23.3,24.0,24.6,25.1,25.6,26.2,26.9,28.0,28.9,29.6,30.7,31.6,33.0,34.7,36.4,37.9,39.4,41.2
부여군 - 전체인구＜br＞(B),Statistics,92667.0,90373.0,88014.0,85275.0,83260.0,81430.0,79595.0,77916.0,76687.0,75564.0,75029.0,74004.0,73259.0,72547.0,71754.0,71143.0,70187.0,69086.0,68078.0,66740.0,65354.0,63774.0,62343.0,61046.0,59550.0
부천시 - 65세이상인구＜br＞(A),Statistics,36417.0,38270.0,41109.0,44232.0,47076.0,49214.0,52084.0,55799.0,58350.0,60904.0,63796.0,66649.0,70920.0,74733.0,78455.0,82410.0,86218.0,92537.0,97670.0,104089.0,111952.0,118668.0,125752.0,134331.0,144277.0
부천시 - 고령인구비율＜br＞(A÷B×100),Statistics,4.7,4.9,5.0,5.2,5.5,5.8,6.1,6.5,6.7,7.0,7.3,7.6,8.2,8.7,9.2,9.7,10.1,10.9,11.6,12.5,13.7,14.7,15.9,17.2,18.7
부천시 - 전체인구＜br＞(B),Statistics,775815.0,781091.0,816499.0,844256.0,855697.0,855359.0,860020.0,864037.0,867678.0,869944.0,875204.0,872452.0,869944.0,863720.0,855586.0,848987.0,851380.0,850329.0,843768.0,829996.0,818383.0,806067.0,790128.0,779968.0,769918.0
부평구 - 65세이상인구＜br＞(A),Statistics,26699.0,28123.0,29908.0,31600.0,33790.0,36053.0,38381.0,41244.0,43057.0,44673.0,46859.0,48651.0,51401.0,53902.0,56601.0,59354.0,60940.0,63959.0,66424.0,69549.0,73424.0,76493.0,81584.0,87260.0,93125.0
부평구 - 고령인구비율＜br＞(A÷B×100),Statistics,4.9,5.1,5.4,5.7,6.1,6.4,6.7,7.2,7.6,7.9,8.3,8.7,9.2,9.7,10.2,10.7,11.1,11.8,12.7,13.6,14.8,15.7,16.7,17.7,18.9
부평구 - 전체인구＜br＞(B),Statistics,546520.0,552093.0,558310.0,554027.0,557144.0,567347.0,570283.0,568905.0,569246.0,563920.0,567493.0,560936.0,559047.0,556985.0,556992.0,555844.0,549716.0,539941.0,524640.0,511577.0,494962.0,486765.0,489118.0,494138.0,493200.0
북구 - 65세이상인구＜br＞(A),Statistics,14124.0,15333.0,16616.0,18049.0,19773.0,21212.0,22629.0,24182.0,25143.0,26385.0,27416.0,28464.0,30373.0,32212.0,34057.0,36451.0,38522.0,41000.0,43125.0,45908.0,49304.0,52506.0,55768.0,59154.0,62708.0
북구 - 고령인구비율＜br＞(A÷B×100),Statistics,4.6,4.9,5.2,5.5,5.9,6.3,6.8,7.4,7.9,8.4,8.8,9.2,9.7,10.4,11.1,11.7,12.4,13.5,14.5,15.8,17.4,18.5,20.0,21.6,23.4
북구 - 전체인구＜br＞(B),Statistics,307238.0,311481.0,320976.0,326710.0,333316.0,335699.0,330446.0,325302.0,318859.0,314227.0,312218.0,307988.0,312937.0,309719.0,306974.0,310484.0,310202.0,302924.0,296952.0,291132.0,283952.0,283211.0,278857.0,273596.0,267692.0
사상구 - 65세이상인구＜br＞(A),Statistics,12518.0,13251.0,14113.0,14886.0,15948.0,16783.0,17928.0,19220.0,20227.0,21131.0,22196.0,23085.0,24495.0,26174.0,27712.0,29182.0,30561.0,32715.0,34306.0,36409.0,38865.0,40878.0,42960.0,45700.0,48490.0
사상구 - 고령인구비율＜br＞(A÷B×100),Statistics,4.2,4.4,4.8,5.2,5.7,6.0,6.6,7.2,7.8,8.3,8.6,9.1,9.8,10.6,11.4,12.3,13.1,14.3,15.4,16.7,18.3,19.6,21.1,22.5,24.4
사상구 - 전체인구＜br＞(B),Statistics,301127.0,300309.0,294090.0,287938.0,282097.0,277481.0,271484.0,265512.0,260897.0,255274.0,257843.0,254413.0,250424.0,246797.0,242953.0,237711.0,232800.0,229219.0,223361.0,218094.0,212586.0,208298.0,203789.0,202932.0,198635.0
사천시 - 65세이상인구＜br＞(A),Statistics,12634.0,13287.0,13817.0,14172.0,14715.0,15270.0,15851.0,16528.0,16950.0,17437.0,17904.0,18363.0,19024.0,19738.0,20427.0,20899.0,21502.0,22118.0,22641.0,23428.0,24604.0,25437.0,26332.0,27114.0,28071.0
사천시 - 고령인구비율＜br＞(A÷B×100),Statistics,10.6,11.1,11.8,12.4,13.1,13.7,14.1,14.7,15.0,15.5,15.7,16.1,16.5,16.9,17.5,18.1,18.7,19.4,19.9,20.9,22.1,23.1,24.1,24.9,25.9
사천시 - 전체인구＜br＞(B),Statistics,119326.0,119305.0,117076.0,114556.0,112670.0,111293.0,112300.0,112499.0,112828.0,112724.0,114148.0,114133.0,115321.0,116851.0,116485.0,115452.0,114912.0,114252.0,113888.0,111925.0,111105.0,109953.0,109369.0,109030.0,108504.0
사하구 - 65세이상인구＜br＞(A),Statistics,20145.0,21134.0,22028.0,23235.0,24735.0,26042.0,27578.0,29565.0,31282.0,32522.0,34116.0,35634.0,37748.0,40007.0,42209.0,44389.0,46778.0,50261.0,52805.0,55964.0,59570.0,62278.0,65745.0,69050.0,72601.0
사하구 - 고령인구비율＜br＞(A÷B×100),Statistics,5.2,5.5,5.8,6.2,6.6,7.0,7.5,8.1,8.6,9.0,9.5,10.0,10.7,11.5,12.3,13.1,14.0,15.1,16.1,17.4,19.1,20.4,21.8,23.2,24.8
사하구 - 전체인구＜br＞(B),Statistics,388020.0,383864.0,378236.0,375283.0,374248.0,371909.0,366865.0,364693.0,365368.0,359800.0,358730.0,355443.0,352726.0,349110.0,343371.0,337781.0,334603.0,333301.0,327791.0,321004.0,311757.0,306003.0,301987.0,297831.0,292491.0
산청군 - 65세이상인구＜br＞(A),Statistics,7707.0,7968.0,8348.0,8715.0,9013.0,9250.0,9542.0,9941.0,10084.0,10284.0,10432.0,10579.0,10844.0,11055.0,11294.0,11542.0,11638.0,11916.0,12091.0,12444.0,12833.0,13175.0,13518.0,13847.0,14142.0
산청군 - 고령인구비율＜br＞(A÷B×100),Statistics,18.8,20.0,21.6,23.1,24.5,25.5,26.7,28.2,28.8,29.4,29.3,29.7,30.4,30.8,31.5,32.0,32.2,32.8,33.6,35.1,36.8,38.3,39.7,41.0,42.5
산청군 - 전체인구＜br＞(B),Statistics,40997.0,39863.0,38726.0,37783.0,36849.0,36294.0,35704.0,35274.0,35043.0,34921.0,35591.0,35651.0,35691.0,35935.0,35849.0,36071.0,36098.0,36340.0,35952.0,35417.0,34857.0,34360.0,34028.0,33752.0,33259.0
삼척시 - 65세이상인구＜br＞(A),Statistics,9159.0,9482.0,9812.0,10134.0,10536.0,10971.0,11273.0,11773.0,12125.0,12499.0,12901.0,13085.0,13454.0,13916.0,14245.0,14527.0,14610.0,15093.0,15481.0,16004.0,16572.0,16884.0,17460.0,18014.0,18709.0
삼척시 - 고령인구비율＜br＞(A÷B×100),Statistics,11.1,11.9,12.7,13.4,14.2,15.0,15.7,16.6,17.1,17.4,17.9,18.1,18.6,19.1,19.7,20.5,21.0,22.0,22.7,23.8,25.4,26.6,27.5,28.8,30.3
삼척시 - 전체인구＜br＞(B),Statistics,82177.0,79770.0,77434.0,75759.0,74301.0,73134.0,71750.0,70791.0,70954.0,71935.0,72046.0,72312.0,72463.0,73023.0,72314.0,70839.0,69599.0,68514.0,68326.0,67228.0,65243.0,63429.0,63455.0,62651.0,61735.0
상주시 - 65세이상인구＜br＞(A),Statistics,19960.0,20479.0,21093.0,21532.0,22272.0,22774.0,23300.0,24186.0,24564.0,25027.0,25075.0,25227.0,25903.0,26429.0,27105.0,27563.0,27769.0,28535.0,29100.0,29822.0,30472.0,31130.0,31923.0,32749.0,33659.0
상주시 - 고령인구비율＜br＞(A÷B×100),Statistics,16.0,16.8,17.7,18.7,19.8,20.6,21.5,22.7,23.3,23.6,23.7,24.1,24.9,25.6,26.3,26.9,27.3,28.3,29.0,29.6,31.3,32.6,33.7,34.9,36.6
상주시 - 전체인구＜br＞(B),Statistics,124674.0,122047.0,118999.0,115337.0,112585.0,110444.0,108280.0,106600.0,105381.0,106208.0,105607.0,104685.0,104182.0,103346.0,102892.0,102374.0,101799.0,100947.0,100297.0,100688.0,97228.0,95566.0,94823.0,93858.0,91850.0
서구 - 65세이상인구＜br＞(A),Statistics,12735.0,13278.0,13742.0,14332.0,15080.0,15883.0,16642.0,17560.0,18332.0,18837.0,19792.0,20280.0,21178.0,21941.0,22902.0,23517.0,23906.0,24462.0,25205.0,26069.0,27346.0,27529.0,28432.0,29273.0,30420.0
서구 - 고령인구비율＜br＞(A÷B×100),Statistics,8.2,8.7,9.3,9.9,10.6,11.4,12.2,13.2,14.2,15.0,15.7,16.4,17.5,18.5,19.4,20.3,21.2,22.2,22.8,24.1,25.3,26.2,27.0,28.1,29.5
서구 - 전체인구＜br＞(B),Statistics,154753.0,151874.0,148020.0,144305.0,142460.0,139607.0,136226.0,132803.0,129385.0,125785.0,126040.0,123718.0,120828.0,118783.0,118115.0,115963.0,112973.0,110039.0,110534.0,108229.0,108135.0,105164.0,105192.0,104089.0,103188.0
서귀포시 - 65세이상인구＜br＞(A),Statistics,6595.0,6950.0,7332.0,7615.0,8108.0,8455.0,20291.0,21485.0,22241.0,23031.0,23990.0,24839.0,25826.0,26936.0,27877.0,28979.0,30030.0,31464.0,32394.0,33707.0,35434.0,36848.0,38404.0,40041.0,41734.0
서귀포시 - 고령인구비율＜br＞(A÷B×100),Statistics,7.7,8.2,8.7,9.1,9.7,10.2,13.1,14.0,14.5,15.1,15.6,16.2,16.8,17.3,17.6,17.6,17.6,17.6,17.9,18.6,19.5,20.1,20.8,21.8,22.9
서귀포시 - 전체인구＜br＞(B),Statistics,85571.0,85129.0,84601.0,83275.0,83770.0,83027.0,154895.0,153800.0,153120.0,152285.0,153716.0,153366.0,154057.0,155641.0,158512.0,164519.0,170932.0,178383.0,181245.0,181584.0,182169.0,183663.0,184770.0,183598.0,182020.0
서대문구 - 65세이상인구＜br＞(A),Statistics,23621.0,25052.0,26332.0,27563.0,29528.0,31367.0,33364.0,36008.0,36042.0,37260.0,39221.0,39740.0,41756.0,43529.0,44982.0,46417.0,47303.0,48898.0,50045.0,51645.0,53756.0,53822.0,55502.0,57588.0,59685.0
서대문구 - 고령인구비율＜br＞(A÷B×100),Statistics,6.4,6.8,7.3,7.7,8.4,9.0,9.6,10.3,10.9,11.4,12.1,12.6,13.3,13.9,14.5,14.9,15.1,15.6,16.1,16.7,17.2,17.7,18.1,18.8,19.7
서대문구 - 전체인구＜br＞(B),Statistics,367380.0,366228.0,362614.0,355753.0,352071.0,349163.0,349020.0,348575.0,331688.0,327451.0,324541.0,314852.0,315113.0,314110.0,310376.0,312141.0,314194.0,312800.0,310313.0,309397.0,312173.0,304819.0,306337.0,306231.0,302853.0
서산시 - 65세이상인구＜br＞(A),Statistics,15169.0,16151.0,16884.0,17935.0,18572.0,18975.0,19773.0,21002.0,21770.0,22424.0,22858.0,23413.0,24195.0,25115.0,26187.0,27148.0,28030.0,29012.0,29878.0,31101.0,32436.0,33834.0,35323.0,36822.0,38611.0
서산시 - 고령인구비율＜br＞(A÷B×100),Statistics,10.1,10.8,11.4,11.8,12.4,12.6,13.1,13.7,13.9,14.1,14.2,14.5,14.8,15.1,15.6,16.0,16.4,16.9,17.2,17.8,18.5,19.2,20.0,20.9,22.1
서산시 - 전체인구＜br＞(B),Statistics,150028.0,150116.0,148150.0,151818.0,150131.0,150294.0,150889.0,153569.0,156867.0,158886.0,160468.0,161489.0,163315.0,165837.0,167611.0,170099.0,170788.0,171678.0,174162.0,174690.0,175591.0,176645.0,176413.0,176011.0,174445.0
서울특별시 - 65세이상인구＜br＞(A),Statistics,558566.0,585897.0,612783.0,646909.0,689986.0,731349.0,780900.0,844839.0,890052.0,935757.0,1002770.0,1044750.0,1105583.0,1161708.0,1216529.0,1262436.0,1295899.0,1359901.0,1410297.0,1478664.0,1561139.0,1597447.0,1658207.0,1733580.0,1813648.0
서울특별시 - 고령인구비율＜br＞(A÷B×100),Statistics,5.4,5.7,6.0,6.4,6.8,7.2,7.7,8.3,8.7,9.2,9.7,10.2,10.8,11.5,12.0,12.6,13.0,13.8,14.4,15.2,16.1,16.8,17.6,18.5,19.4
서울특별시 - 전체인구＜br＞(B),Statistics,10311314.0,10263336.0,10207295.0,10174086.0,10173162.0,10167344.0,10181166.0,10192710.0,10200827.0,10208302.0,10312545.0,10249679.0,10195318.0,10143645.0,10103233.0,10022181.0,9930616.0,9857426.0,9765623.0,9729107.0,9668465.0,9509458.0,9428372.0,9386034.0,9331828.0
서천군 - 65세이상인구＜br＞(A),Statistics,12633.0,13034.0,13327.0,13588.0,13995.0,14187.0,14388.0,14954.0,15288.0,15586.0,15839.0,16008.0,16491.0,16911.0,17192.0,17453.0,17584.0,17931.0,18048.0,18417.0,18988.0,19315.0,19592.0,19942.0,20288.0
서천군 - 고령인구비율＜br＞(A÷B×100),Statistics,16.8,17.9,19.0,20.2,21.3,22.1,23.0,24.4,25.3,25.9,26.4,26.9,28.0,28.9,29.8,30.7,31.4,32.5,33.5,34.9,36.6,38.1,39.2,40.6,42.1
서천군 - 전체인구＜br＞(B),Statistics,75259.0,72787.0,70116.0,67414.0,65650.0,64322.0,62629.0,61168.0,60507.0,60066.0,60085.0,59541.0,58920.0,58441.0,57713.0,56910.0,56012.0,55175.0,53922.0,52805.0,51866.0,50745.0,49964.0,49116.0,48204.0
서초구 - 65세이상인구＜br＞(A),Statistics,20130.0,20609.0,21159.0,22320.0,23871.0,25158.0,26994.0,28905.0,30808.0,33923.0,37028.0,38933.0,41649.0,44554.0,47346.0,49171.0,50906.0,53119.0,54663.0,57036.0,60072.0,60574.0,62228.0,65541.0,68606.0
서초구 - 고령인구비율＜br＞(A÷B×100),Statistics,5.1,5.2,5.4,5.7,6.0,6.3,6.6,7.1,7.6,8.0,8.5,9.0,9.6,10.1,10.5,11.0,11.4,12.0,12.6,13.2,14.1,14.7,15.4,16.1,16.8
서초구 - 전체인구＜br＞(B),Statistics,397869.0,393849.0,389256.0,394757.0,400868.0,401736.0,408266.0,405969.0,406320.0,425481.0,434720.0,433564.0,435044.0,441763.0,449678.0,446764.0,447192.0,441102.0,433951.0,430826.0,425126.0,412279.0,404325.0,407664.0,408376.0
성남시 - 65세이상인구＜br＞(A),Statistics,46703.0,49234.0,52176.0,56314.0,60452.0,64204.0,67126.0,71018.0,74186.0,78992.0,84043.0,87528.0,92664.0,97608.0,101943.0,106386.0,109744.0,115526.0,120100.0,125807.0,133221.0,138091.0,144800.0,152855.0,161299.0
성남시 - 고령인구비율＜br＞(A÷B×100),Statistics,5.1,5.3,5.5,5.9,6.2,6.5,7.0,7.4,7.9,8.2,8.6,8.9,9.5,10.0,10.5,11.0,11.3,11.9,12.6,13.3,14.2,14.8,15.7,16.6,17.7
성남시 - 전체인구＜br＞(B),Statistics,924390.0,932780.0,940974.0,962048.0,977166.0,983075.0,964831.0,953960.0,942447.0,962726.0,980190.0,979323.0,978615.0,979534.0,974608.0,971424.0,974580.0,967510.0,954347.0,942724.0,940064.0,930948.0,922518.0,919747.0,913009.0
성동구 - 65세이상인구＜br＞(A),Statistics,19155.0,20345.0,21473.0,22722.0,24330.0,25778.0,27253.0,29476.0,29282.0,30133.0,31989.0,32659.0,34056.0,35296.0,36564.0,38025.0,39140.0,41152.0,42629.0,43796.0,45435.0,46201.0,47530.0,49260.0,51030.0
성동구 - 고령인구비율＜br＞(A÷B×100),Statistics,5.6,6.0,6.3,6.7,7.2,7.6,8.1,8.8,9.3,9.8,10.3,10.9,11.4,11.8,12.3,12.8,13.1,13.5,13.8,14.6,15.5,16.2,16.9,17.8,18.6
성동구 - 전체인구＜br＞(B),Statistics,340790.0,341375.0,340773.0,339368.0,339113.0,337744.0,334437.0,333535.0,314212.0,308058.0,309093.0,300711.0,299604.0,299337.0,296086.0,297003.0,299259.0,304808.0,308221.0,300889.0,293556.0,285990.0,281000.0,277361.0,273669.0
성북구 - 65세이상인구＜br＞(A),Statistics,29470.0,30674.0,31766.0,33902.0,36056.0,38662.0,41573.0,44430.0,47059.0,49239.0,53113.0,55083.0,58000.0,60353.0,61929.0,63132.0,63878.0,66121.0,67646.0,70699.0,73613.0,74545.0,77293.0,80232.0,83353.0
성북구 - 고령인구비율＜br＞(A÷B×100),Statistics,6.4,6.8,7.2,7.5,8.0,8.4,8.8,9.5,9.9,10.3,10.9,11.4,12.0,12.7,13.3,13.7,14.2,14.9,15.5,16.0,16.8,17.3,18.0,18.9,19.8
성북구 - 전체인구＜br＞(B),Statistics,460862.0,450602.0,443809.0,453057.0,451122.0,462879.0,472843.0,469973.0,473357.0,476028.0,488932.0,485171.0,481857.0,476589.0,466706.0,459275.0,450355.0,444055.0,435868.0,442650.0,437153.0,430528.0,430397.0,425602.0,421560.0
성주군 - 65세이상인구＜br＞(A),Statistics,8467.0,8734.0,9134.0,9207.0,9472.0,9759.0,9967.0,10297.0,10491.0,10670.0,10659.0,10729.0,11009.0,11369.0,11697.0,12013.0,12398.0,12839.0,13142.0,13477.0,13971.0,14413.0,14978.0,15405.0,16044.0
성주군 - 고령인구비율＜br＞(A÷B×100),Statistics,16.6,17.3,17.6,18.9,19.8,20.8,21.5,22.5,23.3,23.4,23.5,23.5,24.4,25.2,26.0,26.7,27.4,28.4,29.4,30.6,32.2,33.6,35.2,36.6,38.7
성주군 - 전체인구＜br＞(B),Statistics,51104.0,50380.0,51761.0,48655.0,47731.0,46960.0,46358.0,45680.0,45024.0,45616.0,45289.0,45640.0,45127.0,45067.0,44981.0,45029.0,45205.0,45138.0,44672.0,44015.0,43414.0,42842.0,42566.0,42086.0,41452.0
세종특별자치시 - 65세이상인구＜br＞(A),Statistics,,,,,,,,,,,,,17214.0,17958.0,19777.0,22399.0,24197.0,26851.0,29178.0,31949.0,34881.0,37463.0,40219.0,42560.0,45301.0
세종특별자치시 - 고령인구비율＜br＞(A÷B×100),Statistics,,,,,,,,,,,,,15.2,14.7,12.7,10.6,10.0,9.6,9.3,9.4,9.8,10.1,10.5,11.0,11.6
세종특별자치시 - 전체인구＜br＞(B),Statistics,,,,,,,,,,,,,113117.0,122153.0,156125.0,210884.0,243048.0,280100.0,314126.0,340575.0,355831.0,371895.0,383591.0,386525.0,390685.0
속초시 - 65세이상인구＜br＞(A),Statistics,6751.0,7055.0,7413.0,7675.0,8044.0,8469.0,8918.0,9432.0,9853.0,10204.0,10677.0,11036.0,11532.0,11894.0,12261.0,12487.0,12752.0,13464.0,13952.0,14816.0,15874.0,16673.0,17551.0,18496.0,19453.0
속초시 - 고령인구비율＜br＞(A÷B×100),Statistics,7.5,7.8,8.2,8.6,9.1,9.7,10.4,11.0,11.6,12.2,12.7,13.2,13.8,14.3,14.9,15.2,15.6,16.4,17.1,18.1,19.2,20.1,21.2,22.5,24.0
속초시 - 전체인구＜br＞(B),Statistics,90032.0,90231.0,90029.0,89047.0,87933.0,87124.0,86073.0,85370.0,84599.0,83822.0,84302.0,83745.0,83579.0,83109.0,82432.0,81992.0,81793.0,82273.0,81682.0,81786.0,82665.0,82791.0,82806.0,82054.0,80933.0
송파구 - 65세이상인구＜br＞(A),Statistics,30709.0,31777.0,32395.0,32545.0,33439.0,35142.0,37434.0,41576.0,46699.0,49855.0,53005.0,55316.0,58341.0,61592.0,64891.0,68147.0,70918.0,76442.0,81211.0,87182.0,93309.0,97503.0,103361.0,108643.0,113957.0
송파구 - 고령인구비율＜br＞(A÷B×100),Statistics,4.6,4.8,5.0,5.3,5.5,5.8,6.2,6.7,7.0,7.3,7.7,8.1,8.7,9.2,9.8,10.3,10.8,11.5,12.2,12.9,14.0,14.8,15.7,16.6,17.5
송파구 - 전체인구＜br＞(B),Statistics,663177.0,655483.0,647037.0,619514.0,604293.0,605840.0,607005.0,623876.0,668962.0,681476.0,685279.0,682209.0,673115.0,668415.0,664738.0,660302.0,657831.0,664496.0,666635.0,675961.0,667960.0,658338.0,658801.0,654166.0,650110.0
수성구 - 65세이상인구＜br＞(A),Statistics,28622.0,29894.0,30860.0,32538.0,34214.0,35138.0,36828.0,39353.0,41524.0,43408.0,44991.0,46261.0,48595.0,50962.0,52823.0,54596.0,56431.0,58905.0,61089.0,63474.0,66564.0,69185.0,72078.0,75007.0,79184.0
수성구 - 고령인구비율＜br＞(A÷B×100),Statistics,6.2,6.5,6.9,7.3,7.7,8.0,8.4,8.8,9.2,9.5,9.7,10.0,10.6,11.1,11.6,12.1,12.6,13.4,14.1,14.8,15.7,16.6,17.5,18.4,19.4
수성구 - 전체인구＜br＞(B),Statistics,459658.0,456487.0,446879.0,448430.0,443881.0,437356.0,440172.0,447164.0,451732.0,456196.0,461988.0,461083.0,459779.0,461004.0,456505.0,451786.0,447011.0,439211.0,432759.0,428614.0,424314.0,417097.0,411553.0,407331.0,409107.0
수영구 - 65세이상인구＜br＞(A),Statistics,12203.0,12890.0,13453.0,14187.0,15353.0,16267.0,17316.0,18794.0,19844.0,21276.0,22226.0,23269.0,24892.0,26394.0,28266.0,29695.0,30831.0,32621.0,33784.0,35661.0,37610.0,38971.0,40697.0,42528.0,44086.0
수영구 - 고령인구비율＜br＞(A÷B×100),Statistics,6.6,7.1,7.6,8.0,8.5,9.1,9.7,10.5,11.2,12.0,12.5,13.2,14.1,15.1,15.8,16.5,17.2,18.1,19.2,20.2,21.3,22.3,23.3,24.4,25.6
수영구 - 전체인구＜br＞(B),Statistics,184743.0,181075.0,177881.0,177119.0,180576.0,178684.0,177814.0,178253.0,177140.0,177292.0,178267.0,176691.0,176666.0,175098.0,178480.0,179795.0,179324.0,179996.0,176246.0,176148.0,176894.0,175095.0,174806.0,174518.0,171918.0
수원시 - 65세이상인구＜br＞(A),Statistics,40490.0,43438.0,47199.0,50309.0,53228.0,56549.0,61223.0,66100.0,69005.0,71734.0,74853.0,78587.0,84211.0,89227.0,94472.0,99750.0,103992.0,111667.0,117256.0,123647.0,131936.0,139075.0,147122.0,157336.0,168322.0
수원시 - 고령인구비율＜br＞(A÷B×100),Statistics,4.3,4.5,4.6,4.9,5.1,5.4,5.7,6.2,6.5,6.7,6.9,7.2,7.5,7.8,8.0,8.4,8.7,9.3,9.8,10.4,11.1,11.7,12.4,13.1,14.1
수원시 - 전체인구＜br＞(B),Statistics,948065.0,974866.0,1019711.0,1032944.0,1033829.0,1045587.0,1068906.0,1067702.0,1067425.0,1073149.0,1077535.0,1088489.0,1120258.0,1148157.0,1174228.0,1184624.0,1194041.0,1202628.0,1201166.0,1194465.0,1186078.0,1183714.0,1190964.0,1197257.0,1193005.0
순창군 - 65세이상인구＜br＞(A),Statistics,6622.0,6886.0,7054.0,7243.0,7511.0,7769.0,8097.0,8479.0,8473.0,8494.0,8579.0,8590.0,8832.0,9024.0,9160.0,9184.0,9193.0,9286.0,9279.0,9312.0,9455.0,9481.0,9647.0,9779.0,10126.0
순창군 - 고령인구비율＜br＞(A÷B×100),Statistics,19.1,20.3,21.8,23.0,23.6,24.3,24.9,26.5,27.4,28.1,28.4,29.1,29.4,29.8,30.2,30.4,30.7,31.3,31.8,32.8,34.0,35.3,36.1,36.5,37.8
순창군 - 전체인구＜br＞(B),Statistics,34587.0,33892.0,32329.0,31482.0,31814.0,32012.0,32485.0,32035.0,30920.0,30179.0,30209.0,29497.0,30055.0,30272.0,30368.0,30248.0,29949.0,29698.0,29209.0,28382.0,27810.0,26855.0,26727.0,26764.0,26822.0
순천시 - 65세이상인구＜br＞(A),Statistics,21897.0,22766.0,23685.0,24552.0,25684.0,26744.0,27660.0,29029.0,29878.0,30371.0,31204.0,31827.0,33101.0,34242.0,35594.0,36795.0,37961.0,39498.0,40542.0,42273.0,44445.0,46062.0,48061.0,50517.0,53410.0
순천시 - 고령인구비율＜br＞(A÷B×100),Statistics,8.1,8.4,8.7,9.1,9.5,9.9,10.2,10.7,11.1,11.3,11.4,11.7,12.1,12.4,12.8,13.2,13.6,14.1,14.5,15.1,15.8,16.4,17.2,18.2,19.3
순천시 - 전체인구＜br＞(B),Statistics,270345.0,271734.0,271139.0,269843.0,270059.0,270934.0,269940.0,270380.0,269429.0,269516.0,272620.0,272201.0,273798.0,275668.0,277188.0,278765.0,278548.0,279331.0,279389.0,279598.0,282189.0,281436.0,278737.0,278137.0,276329.0
시흥시 - 65세이상인구＜br＞(A),Statistics,12751.0,14004.0,15102.0,16503.0,17862.0,19093.0,20400.0,21800.0,22835.0,23869.0,24996.0,25647.0,26709.0,27839.0,28835.0,30190.0,31650.0,34511.0,37552.0,41403.0,46782.0,50915.0,54756.0,59745.0,65152.0
시흥시 - 고령인구비율＜br＞(A÷B×100),Statistics,4.0,4.2,4.3,4.5,4.7,4.9,5.2,5.6,5.8,6.0,6.2,6.4,6.7,7.0,7.3,7.6,7.9,8.2,8.4,8.7,9.3,9.9,10.7,11.5,12.6
시흥시 - 전체인구＜br＞(B),Statistics,318083.0,337402.0,353860.0,368223.0,378613.0,387239.0,390477.0,390564.0,392756.0,397912.0,403797.0,401149.0,399485.0,396765.0,394639.0,398256.0,402888.0,419664.0,448687.0,473682.0,500895.0,512030.0,512912.0,519715.0,518132.0
신안군 - 65세이상인구＜br＞(A),Statistics,9127.0,9481.0,10043.0,10558.0,11002.0,11420.0,11929.0,12445.0,12607.0,12655.0,12862.0,12979.0,13288.0,13438.0,13627.0,13738.0,13811.0,14024.0,13958.0,14072.0,14291.0,14411.0,14655.0,14914.0,15292.0
신안군 - 고령인구비율＜br＞(A÷B×100),Statistics,17.2,18.5,20.2,20.8,23.1,24.6,25.5,27.1,27.6,27.9,28.3,29.3,30.3,30.4,31.1,31.7,32.4,33.3,33.8,34.9,36.7,37.7,38.7,39.2,40.1
신안군 - 전체인구＜br＞(B),Statistics,53150.0,51342.0,49704.0,50726.0,47591.0,46451.0,46714.0,45968.0,45718.0,45294.0,45428.0,44355.0,43898.0,44162.0,43747.0,43294.0,42652.0,42070.0,41263.0,40274.0,38938.0,38217.0,37858.0,38037.0,38173.0
아산시 - 65세이상인구＜br＞(A),Statistics,17341.0,18231.0,19317.0,20341.0,21384.0,22065.0,22994.0,24408.0,25659.0,26760.0,27764.0,28890.0,30079.0,31374.0,32581.0,33862.0,35067.0,36969.0,38206.0,40045.0,42355.0,44602.0,47012.0,49677.0,52923.0
아산시 - 고령인구비율＜br＞(A÷B×100),Statistics,9.4,9.8,10.1,10.5,10.6,10.8,10.9,11.0,10.6,10.4,10.5,10.5,10.7,10.9,11.1,11.4,11.6,11.9,12.2,12.7,13.4,13.7,14.1,14.4,14.9
아산시 - 전체인구＜br＞(B),Statistics,184191.0,186469.0,191123.0,193122.0,200938.0,204431.0,211560.0,221490.0,240942.0,256449.0,265191.0,274523.0,280490.0,287073.0,293954.0,297737.0,302929.0,311453.0,312822.0,314395.0,316129.0,324580.0,334539.0,345796.0,355014.0
안동시 - 65세이상인구＜br＞(A),Statistics,22423.0,23066.0,23694.0,24374.0,25458.0,26128.0,27030.0,28476.0,29309.0,29984.0,30303.0,30728.0,31527.0,32558.0,33358.0,33954.0,34672.0,35948.0,36850.0,37906.0,39193.0,40332.0,41265.0,42408.0,43801.0
안동시 - 고령인구비율＜br＞(A÷B×100),Statistics,12.2,12.7,13.2,13.9,14.6,15.2,16.0,17.0,17.5,17.9,18.0,18.3,18.7,19.3,19.8,20.1,20.5,21.6,22.7,23.7,24.7,25.7,26.7,27.7,28.6
안동시 - 전체인구＜br＞(B),Statistics,183903.0,181838.0,179326.0,175677.0,174037.0,171387.0,168733.0,167916.0,167300.0,167432.0,167886.0,168157.0,168302.0,168461.0,168697.0,169221.0,168798.0,166272.0,162180.0,160052.0,158907.0,156972.0,154610.0,152935.0,153159.0
안산시 - 65세이상인구＜br＞(A),Statistics,22214.0,24336.0,27226.0,29815.0,31909.0,34001.0,36896.0,39525.0,41683.0,43405.0,45508.0,47327.0,49523.0,51663.0,53780.0,55613.0,57150.0,60087.0,62654.0,66438.0,71620.0,76366.0,81511.0,87389.0,94262.0
안산시 - 고령인구비율＜br＞(A÷B×100),Statistics,3.9,4.1,4.3,4.6,4.8,5.0,5.3,5.6,5.9,6.2,6.4,6.6,6.9,7.2,7.6,8.0,8.3,8.9,9.5,10.2,10.9,11.7,12.7,13.9,15.2
안산시 - 전체인구＜br＞(B),Statistics,566912.0,590598.0,628861.0,651625.0,666784.0,679011.0,698819.0,705040.0,708257.0,705346.0,714891.0,715586.0,715108.0,713666.0,707876.0,697885.0,689859.0,677710.0,660343.0,650918.0,654915.0,652726.0,641660.0,629308.0,620579.0
안성시 - 65세이상인구＜br＞(A),Statistics,13409.0,14368.0,15393.0,16199.0,17110.0,17741.0,18484.0,19571.0,20368.0,21126.0,22062.0,22748.0,23692.0,24354.0,24990.0,25846.0,26606.0,28134.0,29319.0,30729.0,32844.0,34629.0,36284.0,38191.0,40838.0
안성시 - 고령인구비율＜br＞(A÷B×100),Statistics,9.8,10.1,10.4,10.7,11.1,11.3,11.6,12.0,12.0,12.4,12.4,12.6,13.0,13.4,13.7,14.3,14.5,15.4,16.0,16.8,17.6,18.3,19.2,20.2,21.1
안성시 - 전체인구＜br＞(B),Statistics,136590.0,141605.0,147898.0,151522.0,154110.0,157130.0,159655.0,163733.0,169545.0,170919.0,177937.0,180743.0,181608.0,182173.0,181896.0,180199.0,182896.0,182786.0,183579.0,183405.0,187012.0,189534.0,188842.0,189034.0,193949.0
안양시 - 65세이상인구＜br＞(A),Statistics,29277.0,30864.0,32397.0,34373.0,36854.0,38681.0,40533.0,43092.0,44803.0,46575.0,48899.0,50490.0,52773.0,55180.0,57295.0,59809.0,61675.0,64655.0,67680.0,71643.0,75581.0,79282.0,84390.0,90026.0,97448.0
안양시 - 고령인구비율＜br＞(A÷B×100),Statistics,5.0,5.2,5.4,5.7,5.9,6.2,6.5,6.9,7.2,7.6,7.9,8.2,8.6,9.1,9.5,10.0,10.3,11.0,11.7,12.6,13.7,14.5,15.4,16.5,17.5
안양시 - 전체인구＜br＞(B),Statistics,581166.0,591670.0,595142.0,604505.0,621047.0,625350.0,624280.0,624197.0,620279.0,616547.0,621714.0,615642.0,611412.0,607877.0,600809.0,597789.0,597414.0,587764.0,576831.0,567044.0,550027.0,547178.0,548228.0,544660.0,556492.0
양구군 - 65세이상인구＜br＞(A),Statistics,2507.0,2647.0,2737.0,2851.0,2952.0,3089.0,3222.0,3415.0,3515.0,3666.0,3756.0,3802.0,3887.0,4009.0,4051.0,4082.0,4108.0,4259.0,4324.0,4493.0,4702.0,4893.0,5072.0,5278.0,5488.0
양구군 - 고령인구비율＜br＞(A÷B×100),Statistics,10.7,11.4,12.1,13.0,13.6,14.4,15.1,16.0,16.5,17.2,17.2,17.1,17.0,17.0,17.0,16.9,17.1,17.9,18.5,19.7,21.1,22.5,23.7,25.1,26.6
양구군 - 전체인구＜br＞(B),Statistics,23420.0,23198.0,22527.0,21995.0,21692.0,21480.0,21269.0,21401.0,21303.0,21323.0,21843.0,22285.0,22799.0,23594.0,23888.0,24089.0,24010.0,23835.0,23408.0,22764.0,22278.0,21748.0,21383.0,21056.0,20621.0
양산시 - 65세이상인구＜br＞(A),Statistics,10800.0,11723.0,12613.0,13589.0,14612.0,15882.0,17019.0,18358.0,19969.0,21223.0,22794.0,24253.0,25896.0,27927.0,30225.0,32386.0,35131.0,38921.0,41664.0,44631.0,48495.0,51977.0,55667.0,59643.0,64107.0
양산시 - 고령인구비율＜br＞(A÷B×100),Statistics,5.6,5.8,6.1,6.5,6.8,7.1,7.5,7.9,8.2,8.5,8.8,9.1,9.6,10.0,10.3,10.7,11.1,11.5,12.0,12.7,13.8,14.7,15.7,16.8,17.8
양산시 - 전체인구＜br＞(B),Statistics,193552.0,200694.0,205958.0,210424.0,213695.0,222299.0,226425.0,231956.0,243012.0,250387.0,260239.0,266403.0,270460.0,279565.0,292376.0,301291.0,317037.0,338535.0,348639.0,350759.0,352229.0,354726.0,353792.0,355122.0,359531.0
양양군 - 65세이상인구＜br＞(A),Statistics,3798.0,3975.0,4182.0,4366.0,4548.0,4840.0,5027.0,5310.0,5540.0,5730.0,5940.0,6144.0,6387.0,6585.0,6764.0,6922.0,6981.0,7314.0,7556.0,7945.0,8314.0,8671.0,9022.0,9398.0,9704.0
양양군 - 고령인구비율＜br＞(A÷B×100),Statistics,12.6,13.2,13.9,14.8,15.6,16.6,17.5,18.6,19.7,20.5,21.3,22.0,23.0,23.8,24.6,25.2,25.6,26.9,27.6,28.7,29.8,31.1,32.4,33.9,35.3
양양군 - 전체인구＜br＞(B),Statistics,30141.0,30180.0,30076.0,29480.0,29187.0,29132.0,28661.0,28472.0,28115.0,27957.0,27929.0,27942.0,27802.0,27659.0,27521.0,27479.0,27218.0,27207.0,27347.0,27726.0,27946.0,27913.0,27866.0,27710.0,27489.0
양주시 - 65세이상인구＜br＞(A),Statistics,,,,11108.0,11971.0,12991.0,14532.0,16390.0,17244.0,18258.0,19962.0,21172.0,22338.0,23439.0,24607.0,25998.0,26708.0,29098.0,31121.0,33412.0,36245.0,39036.0,41886.0,46170.0,50616.0
양주시 - 고령인구비율＜br＞(A÷B×100),Statistics,,,,7.5,7.8,8.1,8.6,9.1,9.6,10.0,10.1,10.6,11.2,11.8,12.2,12.7,13.0,13.7,14.3,15.0,15.7,16.5,17.2,17.2,17.5
양주시 - 전체인구＜br＞(B),Statistics,,,,148062.0,152596.0,160589.0,169806.0,179914.0,179914.0,182106.0,196706.0,200360.0,200310.0,199143.0,202072.0,205184.0,205513.0,212146.0,216951.0,222314.0,230359.0,236368.0,243432.0,268026.0,289005.0
양천구 - 65세이상인구＜br＞(A),Statistics,23155.0,24076.0,24898.0,26146.0,28090.0,29721.0,31463.0,33782.0,35375.0,36966.0,38965.0,41004.0,43392.0,45896.0,48068.0,50282.0,51957.0,55136.0,57941.0,61147.0,65541.0,68483.0,72235.0,76126.0,80174.0
양천구 - 고령인구비율＜br＞(A÷B×100),Statistics,4.8,5.0,5.1,5.4,5.7,5.9,6.3,6.7,7.0,7.4,7.8,8.2,8.7,9.3,9.9,10.4,10.9,11.7,12.5,13.3,14.4,15.3,16.4,17.5,18.6
양천구 - 전체인구＜br＞(B),Statistics,486781.0,484345.0,484518.0,486962.0,495098.0,499755.0,501717.0,503650.0,502343.0,501395.0,500001.0,500210.0,495911.0,492528.0,486221.0,484532.0,477739.0,471154.0,464185.0,458165.0,454251.0,447302.0,440881.0,436028.0,430976.0
양평군 - 65세이상인구＜br＞(A),Statistics,11011.0,11638.0,12177.0,12749.0,13380.0,14011.0,14586.0,15391.0,16096.0,16764.0,17725.0,18712.0,19794.0,20624.0,21528.0,22672.0,23614.0,25584.0,26902.0,28448.0,30536.0,32375.0,34217.0,36824.0,39341.0
양평군 - 고령인구비율＜br＞(A÷B×100),Statistics,13.3,14.1,14.7,15.2,15.8,16.4,16.9,17.5,17.9,18.3,18.5,18.8,19.4,19.9,20.4,20.9,21.2,22.2,23.2,24.3,25.7,26.7,28.0,29.4,31.0
양평군 - 전체인구＜br＞(B),Statistics,82773.0,82704.0,82992.0,83730.0,84673.0,85533.0,86298.0,87874.0,89812.0,91450.0,95833.0,99430.0,102193.0,103620.0,105379.0,108316.0,111367.0,115105.0,116095.0,116874.0,118810.0,121230.0,122323.0,125238.0,126804.0
여수시 - 65세이상인구＜br＞(A),Statistics,24876.0,25901.0,26833.0,27884.0,29079.0,30374.0,31702.0,33552.0,34637.0,35548.0,36601.0,37830.0,39671.0,41369.0,43225.0,44997.0,46632.0,48569.0,49609.0,51995.0,54587.0,56362.0,58798.0,61135.0,63857.0
여수시 - 고령인구비율＜br＞(A÷B×100),Statistics,7.7,8.1,8.5,9.0,9.5,10.1,10.7,11.4,11.7,12.1,12.5,12.9,13.6,14.2,14.9,15.5,16.1,17.0,17.5,18.4,19.5,20.4,21.4,22.5,23.8
여수시 - 전체인구＜br＞(B),Statistics,323913.0,320146.0,315536.0,310350.0,305312.0,301389.0,297489.0,295439.0,295133.0,293546.0,293488.0,292750.0,292217.0,291366.0,290900.0,290168.0,288988.0,286382.0,283300.0,282786.0,280242.0,276762.0,274765.0,271696.0,267816.0
여주시 - 65세이상인구＜br＞(A),Statistics,,,,,,,,,,,,,,18227.0,18674.0,19233.0,19778.0,21083.0,21959.0,23068.0,24475.0,25854.0,27269.0,28895.0,30535.0
여주시 - 고령인구비율＜br＞(A÷B×100),Statistics,,,,,,,,,,,,,,16.7,16.9,17.3,17.7,18.8,19.7,20.8,21.9,23.1,24.1,25.3,26.6
여주시 - 전체인구＜br＞(B),Statistics,,,,,,,,,,,,,,109343.0,110386.0,111033.0,111563.0,111984.0,111525.0,111083.0,111897.0,112150.0,113150.0,114412.0,114610.0
연수구 - 65세이상인구＜br＞(A),Statistics,11788.0,12389.0,12978.0,13476.0,14151.0,15116.0,16069.0,16840.0,17589.0,18466.0,19307.0,20535.0,21640.0,22994.0,24357.0,25593.0,26893.0,28922.0,31227.0,34346.0,38190.0,41021.0,44014.0,47731.0,52160.0
연수구 - 고령인구비율＜br＞(A÷B×100),Statistics,4.5,4.7,5.0,5.2,5.5,5.7,5.9,6.3,6.5,6.8,6.9,7.1,7.4,7.7,7.8,8.0,8.2,8.6,9.0,9.4,9.9,10.5,11.4,12.2,13.0
연수구 - 전체인구＜br＞(B),Statistics,262319.0,261038.0,259254.0,257564.0,255998.0,265658.0,271010.0,268780.0,268668.0,271497.0,279230.0,287903.0,292589.0,300305.0,310703.0,319052.0,328627.0,335142.0,346359.0,366550.0,387450.0,389644.0,385796.0,392416.0,400213.0
연제구 - 65세이상인구＜br＞(A),Statistics,13292.0,14205.0,15170.0,15946.0,16935.0,17829.0,18851.0,20246.0,21499.0,22563.0,23777.0,24878.0,26353.0,27994.0,29397.0,31042.0,31832.0,33600.0,35526.0,37891.0,40515.0,42313.0,44099.0,46217.0,48982.0
연제구 - 고령인구비율＜br＞(A÷B×100),Statistics,6.0,6.3,6.6,7.1,7.6,8.2,8.8,9.5,10.1,10.7,11.2,11.7,12.5,13.4,14.1,14.7,15.4,16.3,17.1,18.1,19.4,20.4,21.7,22.5,23.0
연제구 - 전체인구＜br＞(B),Statistics,223344.0,226267.0,228268.0,225473.0,221853.0,217763.0,214809.0,212658.0,212810.0,210390.0,212696.0,213326.0,211536.0,209290.0,208012.0,210718.0,207268.0,206742.0,207840.0,209395.0,209157.0,207144.0,203536.0,205766.0,212589.0
연천군 - 65세이상인구＜br＞(A),Statistics,6020.0,6279.0,6555.0,6891.0,7192.0,7381.0,7602.0,7971.0,8214.0,8483.0,8804.0,9087.0,9347.0,9594.0,9887.0,10030.0,10162.0,10423.0,10611.0,10990.0,11490.0,11814.0,12319.0,12882.0,13432.0
연천군 - 고령인구비율＜br＞(A÷B×100),Statistics,11.4,12.2,13.0,13.9,14.8,15.7,16.5,17.5,18.1,18.8,19.5,20.2,20.5,21.0,21.8,21.9,22.1,22.9,23.8,25.1,26.4,27.7,29.3,31.0,32.9
연천군 - 전체인구＜br＞(B),Statistics,52786.0,51655.0,50372.0,49508.0,48687.0,47123.0,46075.0,45603.0,45495.0,45241.0,45177.0,44900.0,45599.0,45610.0,45363.0,45725.0,45907.0,45431.0,44633.0,43824.0,43516.0,42721.0,42062.0,41584.0,40866.0
영광군 - 65세이상인구＜br＞(A),Statistics,9718.0,10043.0,10402.0,10843.0,11307.0,11582.0,11955.0,12612.0,12925.0,13078.0,13319.0,13543.0,13965.0,14197.0,14493.0,14710.0,14773.0,15002.0,15045.0,15194.0,15488.0,15641.0,15999.0,16281.0,16677.0
영광군 - 고령인구비율＜br＞(A÷B×100),Statistics,13.4,14.3,15.5,16.9,18.0,18.8,19.9,21.4,22.3,22.9,23.2,23.8,24.4,24.6,25.5,26.1,26.6,27.4,27.8,28.2,29.2,30.1,30.7,31.5,32.0
영광군 - 전체인구＜br＞(B),Statistics,72780.0,70120.0,67055.0,64148.0,62959.0,61500.0,60045.0,58837.0,58075.0,57037.0,57362.0,56863.0,57224.0,57617.0,56833.0,56267.0,55618.0,54774.0,54127.0,53852.0,53099.0,51985.0,52197.0,51750.0,52098.0
영덕군 - 65세이상인구＜br＞(A),Statistics,8919.0,9246.0,9660.0,9764.0,10158.0,10515.0,10973.0,11362.0,11718.0,11883.0,11976.0,12029.0,12186.0,12419.0,12639.0,12743.0,12897.0,13141.0,13287.0,13458.0,13750.0,13843.0,14006.0,14211.0,14452.0
영덕군 - 고령인구비율＜br＞(A÷B×100),Statistics,17.4,18.6,18.4,20.8,22.2,23.4,23.6,26.1,27.4,28.5,28.9,29.5,30.3,30.9,31.9,32.5,33.0,34.1,34.9,36.0,37.9,39.2,40.4,41.7,43.5
영덕군 - 전체인구＜br＞(B),Statistics,51131.0,49593.0,52602.0,46965.0,45826.0,45003.0,46460.0,43470.0,42707.0,41710.0,41377.0,40794.0,40257.0,40142.0,39586.0,39191.0,39052.0,38529.0,38108.0,37361.0,36313.0,35314.0,34650.0,34055.0,33210.0
영도구 - 65세이상인구＜br＞(A),Statistics,13058.0,13775.0,14381.0,15060.0,16051.0,16995.0,17945.0,19210.0,20130.0,20874.0,21857.0,22577.0,23663.0,24625.0,25637.0,26419.0,27192.0,28293.0,29072.0,30116.0,31483.0,31981.0,32778.0,33675.0,34671.0
영도구 - 고령인구비율＜br＞(A÷B×100),Statistics,7.1,7.7,8.2,8.8,9.7,10.4,11.3,12.4,13.2,14.1,14.9,15.8,16.9,18.1,19.4,20.4,21.5,22.9,24.2,25.8,27.8,28.9,30.3,31.6,33.4
영도구 - 전체인구＜br＞(B),Statistics,184488.0,179841.0,174678.0,170355.0,166054.0,162961.0,158780.0,155273.0,152118.0,148139.0,146798.0,143205.0,139765.0,135816.0,132102.0,129385.0,126362.0,123521.0,120109.0,116711.0,113342.0,110638.0,108156.0,106548.0,103737.0
영동군 - 65세이상인구＜br＞(A),Statistics,8955.0,9363.0,9659.0,9966.0,10359.0,10566.0,10883.0,11509.0,11817.0,12153.0,12442.0,12603.0,12805.0,13054.0,13360.0,13621.0,13750.0,14111.0,14373.0,14601.0,15082.0,15295.0,15767.0,16161.0,16625.0
영동군 - 고령인구비율＜br＞(A÷B×100),Statistics,15.3,16.4,17.3,18.4,19.7,20.4,21.4,23.0,23.5,24.1,24.6,24.9,25.3,25.8,26.3,26.9,27.2,28.1,28.9,30.0,31.8,33.4,35.1,36.6,38.2
영동군 - 전체인구＜br＞(B),Statistics,58627.0,57184.0,55752.0,54036.0,52597.0,51800.0,50819.0,50131.0,50276.0,50426.0,50523.0,50621.0,50663.0,50539.0,50803.0,50693.0,50552.0,50240.0,49715.0,48738.0,47475.0,45773.0,44956.0,44195.0,43551.0
영등포구 - 65세이상인구＜br＞(A),Statistics,21765.0,23222.0,24865.0,26327.0,28527.0,30663.0,32909.0,35487.0,37599.0,39412.0,42083.0,43215.0,45417.0,47258.0,49184.0,50839.0,51186.0,53299.0,54906.0,56957.0,60663.0,61295.0,63349.0,65843.0,68568.0
영등포구 - 고령인구비율＜br＞(A÷B×100),Statistics,5.4,5.7,6.1,6.5,7.0,7.5,8.1,8.7,9.2,9.7,10.3,10.9,11.6,12.2,12.9,13.4,13.8,14.5,14.9,15.5,16.0,16.3,16.9,17.6,18.3
영등포구 - 전체인구＜br＞(B),Statistics,406510.0,406860.0,408753.0,403327.0,406261.0,408386.0,408698.0,408178.0,408099.0,405798.0,406833.0,397443.0,391408.0,386471.0,382352.0,378504.0,370613.0,368550.0,367778.0,367678.0,379480.0,376837.0,375675.0,374794.0,373773.0
영암군 - 65세이상인구＜br＞(A),Statistics,9343.0,9839.0,10087.0,10476.0,10864.0,11296.0,11633.0,12046.0,12185.0,12343.0,12575.0,12726.0,12994.0,13087.0,13315.0,13459.0,13574.0,13777.0,13835.0,14074.0,14400.0,14648.0,14929.0,15298.0,15642.0
영암군 - 고령인구비율＜br＞(A÷B×100),Statistics,14.3,15.3,15.6,16.6,17.4,18.2,18.9,19.8,20.3,20.6,20.9,21.2,21.7,22.2,22.6,23.2,23.8,24.8,25.3,25.8,26.8,27.7,28.5,29.2,30.4
영암군 - 전체인구＜br＞(B),Statistics,65268.0,64391.0,64637.0,63267.0,62336.0,62004.0,61546.0,60742.0,60106.0,59837.0,60082.0,60139.0,59997.0,59061.0,58852.0,58137.0,57045.0,55616.0,54731.0,54593.0,53699.0,52937.0,52395.0,52350.0,51391.0
영양군 - 65세이상인구＜br＞(A),Statistics,4136.0,4333.0,4477.0,4639.0,4853.0,4992.0,5154.0,5393.0,5462.0,5539.0,5616.0,5602.0,5629.0,5747.0,5835.0,5832.0,5878.0,5963.0,6084.0,6118.0,6278.0,6310.0,6406.0,6486.0,6601.0
영양군 - 고령인구비율＜br＞(A÷B×100),Statistics,18.1,19.5,20.9,22.3,24.0,24.9,26.3,28.2,29.1,29.9,30.4,30.7,30.9,31.4,32.1,32.6,33.2,34.1,35.1,36.0,37.6,38.7,40.0,41.4,43.1
영양군 - 전체인구＜br＞(B),Statistics,22805.0,22172.0,21385.0,20772.0,20205.0,20025.0,19615.0,19119.0,18766.0,18553.0,18451.0,18241.0,18208.0,18297.0,18197.0,17898.0,17713.0,17479.0,17356.0,16993.0,16692.0,16320.0,16022.0,15661.0,15328.0
영월군 - 65세이상인구＜br＞(A),Statistics,6271.0,6752.0,6709.0,6997.0,7270.0,7557.0,7759.0,8108.0,8333.0,8547.0,8744.0,8890.0,9120.0,9391.0,9602.0,9782.0,9915.0,10374.0,10669.0,11024.0,11498.0,11735.0,12211.0,12705.0,13164.0
영월군 - 고령인구비율＜br＞(A÷B×100),Statistics,13.0,13.0,14.8,15.9,17.1,18.2,19.2,20.1,20.7,21.2,21.6,22.1,22.7,23.4,23.9,24.3,24.7,25.9,26.9,28.2,29.7,31.0,32.4,34.0,35.8
영월군 - 전체인구＜br＞(B),Statistics,48393.0,52101.0,45273.0,44027.0,42406.0,41538.0,40511.0,40290.0,40201.0,40265.0,40407.0,40199.0,40155.0,40150.0,40191.0,40216.0,40073.0,40067.0,39730.0,39127.0,38662.0,37904.0,37728.0,37332.0,36721.0
영주시 - 65세이상인구＜br＞(A),Statistics,15336.0,15897.0,16387.0,16938.0,17722.0,18238.0,18842.0,19699.0,20381.0,20925.0,21244.0,21482.0,22065.0,22790.0,23503.0,24080.0,24577.0,25541.0,26341.0,27259.0,28146.0,28900.0,29754.0,30454.0,31570.0
영주시 - 고령인구비율＜br＞(A÷B×100),Statistics,11.7,12.4,13.0,13.7,14.6,15.3,16.1,17.1,17.9,18.5,18.6,18.8,19.4,20.2,21.2,21.9,22.5,23.6,24.7,25.9,27.3,28.3,29.5,30.4,31.9
영주시 - 전체인구＜br＞(B),Statistics,131175.0,128707.0,126040.0,123806.0,121513.0,119098.0,116965.0,115083.0,113930.0,113309.0,113926.0,114148.0,113547.0,112625.0,110780.0,109735.0,109247.0,108371.0,106801.0,105067.0,103119.0,101942.0,100749.0,100199.0,98870.0
영천시 - 65세이상인구＜br＞(A),Statistics,15602.0,16283.0,16881.0,17464.0,18147.0,18685.0,19334.0,20625.0,21018.0,21491.0,21735.0,21932.0,22447.0,23146.0,23869.0,24394.0,25063.0,25940.0,26844.0,27672.0,28871.0,29930.0,30867.0,31782.0,32977.0
영천시 - 고령인구비율＜br＞(A÷B×100),Statistics,13.0,13.8,14.6,15.5,16.6,17.4,18.4,19.5,20.2,20.8,21.1,21.1,22.1,23.0,23.7,24.2,24.9,25.8,26.4,27.0,28.3,29.4,30.5,31.7,33.6
영천시 - 전체인구＜br＞(B),Statistics,119639.0,117991.0,115401.0,112423.0,109520.0,107337.0,105029.0,105819.0,104022.0,103115.0,103190.0,104182.0,101798.0,100778.0,100689.0,100648.0,100521.0,100615.0,101595.0,102470.0,102015.0,101888.0,101088.0,100212.0,98143.0
예산군 - 65세이상인구＜br＞(A),Statistics,14265.0,15059.0,15652.0,16218.0,16567.0,16897.0,17346.0,18190.0,18575.0,18900.0,19140.0,19376.0,19970.0,20480.0,21036.0,21607.0,22006.0,22601.0,23067.0,23711.0,24627.0,25262.0,26059.0,26776.0,27566.0
예산군 - 고령인구비율＜br＞(A÷B×100),Statistics,14.1,15.0,16.0,17.1,18.0,18.6,19.4,20.5,21.1,21.7,22.0,22.4,23.3,24.0,24.8,25.9,27.1,28.1,28.8,29.9,31.5,32.9,33.7,34.2,35.0
예산군 - 전체인구＜br＞(B),Statistics,101432.0,100289.0,97786.0,95029.0,91832.0,90740.0,89585.0,88670.0,88144.0,87163.0,87002.0,86421.0,85876.0,85205.0,84919.0,83484.0,81339.0,80338.0,80083.0,79238.0,78084.0,76801.0,77385.0,78354.0,78772.0
예천군 - 65세이상인구＜br＞(A),Statistics,11247.0,11588.0,11858.0,12131.0,12575.0,12830.0,13172.0,13648.0,13869.0,13957.0,13967.0,13927.0,14123.0,14375.0,14644.0,14793.0,15043.0,15458.0,15876.0,16389.0,16844.0,17236.0,17638.0,17898.0,18265.0
예천군 - 고령인구비율＜br＞(A÷B×100),Statistics,18.8,20.0,21.3,22.6,24.1,25.2,26.2,27.9,28.9,29.5,29.7,29.9,30.7,31.5,32.5,33.1,32.6,31.4,29.8,29.7,30.3,30.9,31.6,32.4,33.4
예천군 - 전체인구＜br＞(B),Statistics,59885.0,58081.0,55746.0,53649.0,52132.0,50951.0,50218.0,48866.0,47993.0,47306.0,47049.0,46579.0,46027.0,45573.0,45104.0,44674.0,46166.0,49253.0,53274.0,55100.0,55613.0,55739.0,55755.0,55325.0,54609.0
오산시 - 65세이상인구＜br＞(A),Statistics,4408.0,4968.0,5435.0,5828.0,6181.0,6544.0,7263.0,8071.0,8574.0,9515.0,11270.0,12348.0,13189.0,14003.0,14714.0,15364.0,16015.0,17373.0,18589.0,20257.0,22060.0,23589.0,25237.0,26964.0,29606.0
오산시 - 고령인구비율＜br＞(A÷B×100),Statistics,4.2,4.3,4.7,4.9,5.1,5.0,5.3,5.5,5.7,6.0,6.2,6.4,6.6,6.8,7.1,7.4,7.7,8.1,8.4,8.9,9.6,10.3,11.0,11.7,12.2
오산시 - 전체인구＜br＞(B),Statistics,105933.0,114540.0,115956.0,118167.0,121326.0,129843.0,136311.0,145825.0,150237.0,159734.0,182516.0,193892.0,200291.0,205460.0,208565.0,206828.0,208656.0,213437.0,220070.0,226379.0,229725.0,229983.0,229849.0,229656.0,242065.0
옥천군 - 65세이상인구＜br＞(A),Statistics,8747.0,9132.0,9433.0,9685.0,10017.0,10105.0,10401.0,10972.0,11214.0,11424.0,11604.0,11718.0,11950.0,12232.0,12550.0,12932.0,13255.0,13720.0,14123.0,14557.0,15080.0,15581.0,16265.0,16665.0,17216.0
옥천군 - 고령인구비율＜br＞(A÷B×100),Statistics,14.4,15.3,16.1,16.8,17.7,18.2,18.9,20.1,20.6,21.1,21.5,21.9,22.4,23.2,23.9,24.7,25.4,26.5,27.4,28.5,29.8,31.1,32.8,34.1,35.7
옥천군 - 전체인구＜br＞(B),Statistics,60798.0,59515.0,58461.0,57505.0,56634.0,55610.0,54923.0,54608.0,54475.0,54117.0,54025.0,53496.0,53244.0,52763.0,52469.0,52404.0,52267.0,51766.0,51465.0,51023.0,50527.0,50093.0,49520.0,48891.0,48204.0
옹진군 - 65세이상인구＜br＞(A),Statistics,2624.0,2695.0,2742.0,2798.0,2886.0,3004.0,3082.0,3230.0,3346.0,3460.0,3620.0,3789.0,4003.0,4119.0,4302.0,4471.0,4567.0,4836.0,4965.0,5125.0,5485.0,5765.0,6100.0,6439.0,6748.0
옹진군 - 고령인구비율＜br＞(A÷B×100),Statistics,18.7,19.2,19.4,19.6,19.5,19.2,18.7,19.0,19.3,19.0,19.3,19.4,20.0,19.9,20.8,21.3,21.4,22.4,23.6,24.9,26.8,28.3,29.6,31.6,33.7
옹진군 - 전체인구＜br＞(B),Statistics,14008.0,14050.0,14120.0,14270.0,14820.0,15609.0,16491.0,16980.0,17376.0,18221.0,18739.0,19485.0,20039.0,20698.0,20703.0,20962.0,21351.0,21573.0,21036.0,20566.0,20455.0,20342.0,20613.0,20377.0,19996.0
완도군 - 65세이상인구＜br＞(A),Statistics,9793.0,10241.0,10729.0,11263.0,11842.0,12492.0,12993.0,13619.0,13806.0,14089.0,14329.0,14460.0,14751.0,14978.0,15249.0,15369.0,15623.0,15760.0,15734.0,15921.0,16244.0,16452.0,16544.0,16776.0,17080.0
완도군 - 고령인구비율＜br＞(A÷B×100),Statistics,14.6,15.7,17.0,18.4,19.8,21.2,22.6,24.2,25.1,25.9,26.4,26.8,27.4,27.9,28.7,29.0,29.7,30.2,30.6,31.4,32.5,33.8,34.8,36.0,37.4
완도군 - 전체인구＜br＞(B),Statistics,66978.0,65397.0,62964.0,61145.0,59950.0,58841.0,57464.0,56201.0,54999.0,54301.0,54269.0,54037.0,53871.0,53619.0,53174.0,53014.0,52668.0,52109.0,51477.0,50689.0,49916.0,48631.0,47597.0,46641.0,45631.0
완주군 - 65세이상인구＜br＞(A),Statistics,11029.0,11525.0,11938.0,12476.0,12908.0,13237.0,13620.0,14576.0,14922.0,15123.0,15414.0,15715.0,16294.0,16788.0,17430.0,18326.0,18813.0,19377.0,19780.0,20438.0,21410.0,22195.0,22950.0,24192.0,25240.0
완주군 - 고령인구비율＜br＞(A÷B×100),Statistics,13.1,13.3,14.1,14.9,15.6,15.8,16.4,17.6,17.8,18.0,18.1,18.6,18.9,19.3,19.3,19.2,19.7,20.2,20.9,22.2,23.4,24.4,24.8,24.7,25.4
완주군 - 전체인구＜br＞(B),Statistics,84009.0,86719.0,84626.0,83649.0,82482.0,83651.0,83199.0,82972.0,83757.0,83885.0,85119.0,84660.0,86164.0,86978.0,90377.0,95303.0,95480.0,95975.0,94444.0,92220.0,91609.0,91142.0,92422.0,97827.0,99279.0
용산구 - 65세이상인구＜br＞(A),Statistics,18103.0,19142.0,19845.0,20861.0,21871.0,22959.0,24130.0,25728.0,26850.0,27888.0,30770.0,31623.0,32786.0,33775.0,34571.0,35352.0,35547.0,36488.0,37212.0,38346.0,39779.0,38552.0,38478.0,39239.0,38894.0
용산구 - 고령인구비율＜br＞(A÷B×100),Statistics,7.5,7.9,8.5,9.0,9.5,10.0,10.4,10.9,11.3,11.7,12.6,12.8,13.5,14.1,14.7,15.2,15.4,15.9,16.2,16.8,17.3,17.3,17.6,18.4,19.1
용산구 - 전체인구＜br＞(B),Statistics,240087.0,241033.0,234653.0,231871.0,230107.0,230260.0,232035.0,235832.0,238224.0,238708.0,244853.0,246501.0,243232.0,239740.0,235951.0,233342.0,230241.0,229161.0,228999.0,228670.0,230040.0,222953.0,218650.0,213151.0,203854.0
용인시 - 65세이상인구＜br＞(A),Statistics,21251.0,25350.0,31657.0,36852.0,42668.0,48106.0,55440.0,61614.0,66083.0,70471.0,75642.0,81132.0,87192.0,93099.0,98344.0,104118.0,108968.0,116882.0,125066.0,133817.0,143096.0,150263.0,157226.0,165767.0,175717.0
용인시 - 고령인구비율＜br＞(A÷B×100),Statistics,5.4,5.6,6.0,6.4,6.7,6.9,7.2,7.7,8.1,8.4,8.6,9.1,9.5,9.9,10.2,10.7,11.0,11.6,12.1,12.6,13.3,13.9,14.6,15.4,16.2
용인시 - 전체인구＜br＞(B),Statistics,392133.0,451670.0,525622.0,575255.0,640452.0,693660.0,766569.0,800294.0,816763.0,839204.0,876550.0,896044.0,915959.0,941477.0,961026.0,975746.0,991126.0,1004081.0,1035126.0,1059609.0,1074176.0,1077508.0,1074971.0,1075566.0,1085864.0
울릉군 - 65세이상인구＜br＞(A),Statistics,1351.0,1400.0,1415.0,1472.0,1535.0,1608.0,1694.0,1758.0,1768.0,1810.0,1907.0,1955.0,2014.0,2050.0,2044.0,2104.0,2154.0,2238.0,2290.0,2341.0,2386.0,2390.0,2511.0,2629.0,2742.0
울릉군 - 고령인구비율＜br＞(A÷B×100),Statistics,13.2,14.1,14.7,15.9,16.7,16.9,16.6,17.4,17.4,17.5,17.8,18.2,18.9,19.5,19.9,20.7,21.5,22.4,23.3,24.3,26.3,27.0,27.9,29.0,30.1
울릉군 - 전체인구＜br＞(B),Statistics,10241.0,9944.0,9615.0,9245.0,9191.0,9538.0,10235.0,10125.0,10168.0,10325.0,10701.0,10742.0,10673.0,10524.0,10264.0,10153.0,10001.0,9975.0,9832.0,9617.0,9077.0,8867.0,8996.0,9077.0,9099.0
울산광역시 - 65세이상인구＜br＞(A),Statistics,42119.0,44686.0,47366.0,50547.0,54399.0,57797.0,61419.0,66173.0,69995.0,73301.0,76800.0,80465.0,85736.0,91521.0,97250.0,103205.0,108768.0,116633.0,123919.0,132565.0,143367.0,152961.0,163812.0,175709.0,188702.0
울산광역시 - 고령인구비율＜br＞(A÷B×100),Statistics,4.0,4.2,4.4,4.7,5.0,5.3,5.6,6.0,6.3,6.6,6.8,7.1,7.5,7.9,8.3,8.8,9.3,10.0,10.7,11.5,12.6,13.6,14.7,15.9,17.2
울산광역시 - 전체인구＜br＞(B),Statistics,1040225.0,1055618.0,1065037.0,1072867.0,1081453.0,1087648.0,1092494.0,1099995.0,1112407.0,1114866.0,1126298.0,1135494.0,1147256.0,1156480.0,1166377.0,1173534.0,1172304.0,1165132.0,1155623.0,1148019.0,1136017.0,1121592.0,1110663.0,1103661.0,1098049.0
울주군 - 65세이상인구＜br＞(A),Statistics,12199.0,12835.0,13500.0,14229.0,15006.0,15691.0,16487.0,17684.0,18560.0,19270.0,19941.0,20609.0,21532.0,22545.0,23686.0,25028.0,25931.0,27426.0,28943.0,30586.0,32983.0,35324.0,37757.0,40254.0,42994.0
울주군 - 고령인구비율＜br＞(A÷B×100),Statistics,7.4,7.5,7.9,8.2,8.6,9.0,9.3,9.6,9.7,9.9,9.9,10.1,10.4,10.8,11.0,11.4,11.8,12.4,13.0,13.7,14.8,15.9,17.0,18.4,19.6
울주군 - 전체인구＜br＞(B),Statistics,164761.0,170265.0,171321.0,173843.0,174350.0,174353.0,177103.0,183261.0,191687.0,195399.0,201000.0,204680.0,207840.0,208646.0,214392.0,219429.0,219255.0,220718.0,221842.0,223167.0,222538.0,222059.0,221512.0,218997.0,218806.0
울진군 - 65세이상인구＜br＞(A),Statistics,9673.0,10023.0,10320.0,10555.0,10906.0,11096.0,11287.0,11613.0,11876.0,12033.0,12105.0,12173.0,12218.0,12447.0,12593.0,12654.0,12665.0,12854.0,13073.0,13356.0,13643.0,14013.0,14284.0,14583.0,14955.0
울진군 - 고령인구비율＜br＞(A÷B×100),Statistics,14.6,15.3,16.2,17.3,18.6,19.6,20.5,21.5,22.4,22.9,23.1,23.4,23.6,24.0,24.2,24.4,24.5,25.2,26.1,27.1,28.0,29.3,30.4,31.2,32.4
울진군 - 전체인구＜br＞(B),Statistics,66298.0,65688.0,63511.0,61031.0,58590.0,56707.0,55076.0,53955.0,53042.0,52529.0,52430.0,52045.0,51844.0,51953.0,52104.0,51885.0,51738.0,50974.0,50036.0,49314.0,48716.0,47858.0,47030.0,46669.0,46124.0
원주시 - 65세이상인구＜br＞(A),Statistics,20854.0,22177.0,23369.0,24927.0,26408.0,27768.0,29415.0,30942.0,32324.0,33410.0,34853.0,36202.0,37620.0,38812.0,39862.0,41104.0,42246.0,45246.0,47200.0,49983.0,53390.0,56771.0,60755.0,64487.0,68912.0
원주시 - 고령인구비율＜br＞(A÷B×100),Statistics,7.7,8.1,8.4,8.9,9.3,9.6,10.0,10.4,10.6,10.9,11.1,11.3,11.6,11.9,12.2,12.3,12.5,13.3,13.7,14.3,15.1,15.9,16.8,17.8,19.0
원주시 - 전체인구＜br＞(B),Statistics,270009.0,274266.0,276889.0,280738.0,284628.0,288454.0,294155.0,298762.0,303975.0,307882.0,314678.0,320536.0,323885.0,324837.0,327292.0,332995.0,337979.0,341337.0,344070.0,349215.0,354376.0,357757.0,360807.0,361503.0,362164.0
유성구 - 65세이상인구＜br＞(A),Statistics,8078.0,9033.0,9905.0,10590.0,11548.0,12617.0,13947.0,15040.0,15875.0,16570.0,17695.0,18694.0,19901.0,21120.0,22618.0,24154.0,25474.0,27420.0,29219.0,31182.0,33654.0,36061.0,38846.0,41897.0,45571.0
유성구 - 고령인구비율＜br＞(A÷B×100),Statistics,5.1,5.3,5.3,5.5,5.7,5.7,5.7,6.0,6.1,6.2,6.3,6.4,6.5,6.7,6.9,7.2,7.4,7.9,8.4,8.9,9.6,10.3,10.9,11.4,12.3
유성구 - 전체인구＜br＞(B),Statistics,157638.0,171732.0,187346.0,193974.0,203478.0,220767.0,243130.0,250523.0,259831.0,266585.0,281692.0,294353.0,306312.0,313968.0,327461.0,335312.0,343222.0,348428.0,349790.0,349373.0,351047.0,351277.0,356093.0,366845.0,369468.0
은평구 - 65세이상인구＜br＞(A),Statistics,27282.0,28984.0,30841.0,33012.0,35728.0,37676.0,40045.0,43285.0,45836.0,48819.0,53650.0,56485.0,60649.0,64188.0,66864.0,69610.0,71304.0,74400.0,77263.0,80567.0,85010.0,87038.0,89422.0,93565.0,97788.0
은평구 - 고령인구비율＜br＞(A÷B×100),Statistics,5.8,6.2,6.6,7.0,7.5,8.0,8.6,9.4,10.0,10.5,11.0,11.4,12.1,12.7,13.4,14.0,14.5,15.3,16.0,16.8,17.7,18.4,19.2,20.0,21.2
은평구 - 전체인구＜br＞(B),Statistics,469417.0,467719.0,470205.0,474778.0,478087.0,470751.0,464580.0,459196.0,458401.0,465895.0,488109.0,493634.0,501480.0,503660.0,498644.0,497920.0,491476.0,486794.0,483197.0,480032.0,479835.0,473307.0,466746.0,466770.0,460919.0
음성군 - 65세이상인구＜br＞(A),Statistics,9969.0,10387.0,10752.0,11093.0,11599.0,12021.0,12533.0,13156.0,13590.0,13881.0,14460.0,14765.0,15243.0,15618.0,16083.0,16517.0,16906.0,17685.0,18303.0,19067.0,19978.0,20783.0,21808.0,22823.0,23968.0
음성군 - 고령인구비율＜br＞(A÷B×100),Statistics,11.3,11.9,12.4,12.9,13.5,14.0,14.4,14.9,15.2,15.5,15.9,16.1,16.4,16.7,16.9,17.1,17.3,18.2,19.1,20.1,21.4,22.5,23.7,25.0,26.3
음성군 - 전체인구＜br＞(B),Statistics,87956.0,87289.0,86562.0,85771.0,85638.0,85969.0,86789.0,88355.0,89542.0,89716.0,91093.0,91644.0,92980.0,93505.0,95324.0,96396.0,97787.0,97306.0,95830.0,94982.0,93153.0,92197.0,92058.0,91183.0,91236.0
의령군 - 65세이상인구＜br＞(A),Statistics,7187.0,7459.0,7772.0,8085.0,8329.0,8515.0,8844.0,9111.0,9141.0,9185.0,9167.0,9174.0,9274.0,9273.0,9407.0,9451.0,9450.0,9630.0,9584.0,9689.0,9921.0,10114.0,10312.0,10479.0,10654.0
의령군 - 고령인구비율＜br＞(A÷B×100),Statistics,20.8,22.3,23.7,24.7,25.7,27.4,28.0,29.0,29.7,30.1,30.4,30.5,30.6,31.5,32.2,33.1,33.6,34.6,34.6,35.7,37.0,38.4,39.6,41.1,42.4
의령군 - 전체인구＜br＞(B),Statistics,34490.0,33494.0,32751.0,32766.0,32371.0,31099.0,31625.0,31418.0,30734.0,30496.0,30162.0,30045.0,30329.0,29417.0,29209.0,28544.0,28111.0,27849.0,27667.0,27168.0,26800.0,26322.0,26061.0,25475.0,25150.0
의성군 - 65세이상인구＜br＞(A),Statistics,15017.0,15430.0,15828.0,16145.0,16690.0,16996.0,17279.0,17971.0,18380.0,18588.0,18655.0,18628.0,18965.0,19231.0,19472.0,19653.0,19896.0,20289.0,20570.0,21005.0,21478.0,21861.0,22213.0,22723.0,23118.0
의성군 - 고령인구비율＜br＞(A÷B×100),Statistics,19.7,20.9,22.3,23.6,25.2,26.4,27.5,29.3,30.6,31.4,31.7,32.3,33.2,34.3,35.3,36.1,36.8,37.9,38.9,39.9,41.5,43.2,44.3,45.4,47.5
의성군 - 전체인구＜br＞(B),Statistics,76327.0,73872.0,70863.0,68372.0,66124.0,64457.0,62947.0,61366.0,60033.0,59109.0,58832.0,57744.0,57043.0,56064.0,55212.0,54477.0,54014.0,53474.0,52944.0,52595.0,51724.0,50632.0,50186.0,50086.0,48690.0
의왕시 - 65세이상인구＜br＞(A),Statistics,6519.0,7031.0,7885.0,8734.0,9144.0,9745.0,9824.0,10298.0,10738.0,11380.0,12078.0,12804.0,13657.0,14793.0,15556.0,16338.0,16912.0,18198.0,19146.0,20823.0,22280.0,23644.0,24954.0,26477.0,27980.0
의왕시 - 고령인구비율＜br＞(A÷B×100),Statistics,5.4,5.7,5.9,6.1,6.3,6.7,7.1,7.6,8.0,8.1,8.2,8.6,8.8,9.3,9.8,10.4,10.8,11.7,12.4,12.9,13.6,14.5,15.6,16.7,18.1
의왕시 - 전체인구＜br＞(B),Statistics,121292.0,124191.0,133395.0,143388.0,145535.0,145952.0,138253.0,135009.0,134488.0,140874.0,147443.0,149607.0,154757.0,159772.0,158482.0,157740.0,156763.0,155767.0,153932.0,161153.0,163795.0,163356.0,160221.0,158870.0,154488.0
의정부시 - 65세이상인구＜br＞(A),Statistics,19331.0,20948.0,22954.0,25480.0,27425.0,29504.0,31948.0,35340.0,37926.0,39790.0,41960.0,43889.0,46222.0,48701.0,50891.0,53282.0,55396.0,58509.0,61413.0,65272.0,70369.0,73525.0,77555.0,82104.0,87072.0
의정부시 - 고령인구비율＜br＞(A÷B×100),Statistics,5.4,5.7,6.1,6.5,6.9,7.3,7.8,8.4,8.8,9.2,9.7,10.2,10.8,11.3,11.8,12.3,12.6,13.2,13.7,14.4,15.2,15.9,16.7,17.7,18.9
의정부시 - 전체인구＜br＞(B),Statistics,361131.0,367171.0,378424.0,394803.0,397612.0,402410.0,410938.0,421853.0,430849.0,431008.0,431801.0,430400.0,429147.0,430976.0,431112.0,433937.0,438457.0,441584.0,447026.0,451868.0,461710.0,463661.0,463724.0,464213.0,461271.0
이천시 - 65세이상인구＜br＞(A),Statistics,13087.0,13875.0,14686.0,15426.0,16197.0,16868.0,17639.0,18621.0,19208.0,19842.0,20670.0,21434.0,22216.0,23022.0,23870.0,24629.0,25380.0,26935.0,27988.0,29245.0,31134.0,33034.0,34750.0,36905.0,39307.0
이천시 - 고령인구비율＜br＞(A÷B×100),Statistics,7.1,7.4,7.7,8.1,8.5,8.8,9.1,9.5,9.8,10.0,10.2,10.5,10.8,11.2,11.6,12.0,12.1,12.6,13.1,13.5,14.3,14.8,15.6,16.6,17.7
이천시 - 전체인구＜br＞(B),Statistics,183605.0,187274.0,189526.0,190753.0,190808.0,192271.0,194369.0,195691.0,196633.0,197496.0,202595.0,204566.0,204917.0,205479.0,205014.0,204935.0,210359.0,213142.0,214206.0,215834.0,218388.0,223177.0,222721.0,222098.0,222443.0
익산시 - 65세이상인구＜br＞(A),Statistics,28604.0,29766.0,30723.0,31756.0,32922.0,33616.0,34670.0,36808.0,37501.0,38361.0,39268.0,40520.0,42234.0,43731.0,45251.0,47026.0,48531.0,50357.0,51541.0,53525.0,56167.0,58099.0,60045.0,62046.0,64800.0
익산시 - 고령인구비율＜br＞(A÷B×100),Statistics,8.6,8.9,9.3,9.8,10.2,10.6,11.0,11.7,12.1,12.5,12.8,13.1,13.8,14.3,14.9,15.6,16.2,16.8,17.5,18.6,19.9,20.9,21.9,23.0,24.2
익산시 - 전체인구＜br＞(B),Statistics,334324.0,334757.0,330101.0,325238.0,322378.0,318506.0,315094.0,313590.0,309269.0,306669.0,307289.0,309804.0,306469.0,306539.0,304117.0,302061.0,300479.0,300187.0,294062.0,287771.0,282276.0,278113.0,273697.0,270036.0,268001.0
인제군 - 65세이상인구＜br＞(A),Statistics,3338.0,3544.0,3710.0,3914.0,4128.0,4309.0,4530.0,4735.0,4861.0,4996.0,5107.0,5212.0,5396.0,5472.0,5537.0,5573.0,5602.0,5859.0,6014.0,6194.0,6530.0,6899.0,7269.0,7627.0,7993.0
인제군 - 고령인구비율＜br＞(A÷B×100),Statistics,9.9,10.7,11.4,12.2,12.7,13.1,13.9,14.8,15.4,15.9,16.0,16.3,16.6,16.8,17.1,16.8,17.1,18.0,18.7,19.6,20.6,21.4,22.6,23.8,25.3
인제군 - 전체인구＜br＞(B),Statistics,33618.0,33092.0,32447.0,32092.0,32443.0,32811.0,32493.0,32079.0,31620.0,31452.0,31842.0,31970.0,32456.0,32517.0,32475.0,33255.0,32720.0,32582.0,32136.0,31672.0,31694.0,32165.0,32206.0,32020.0,31535.0
인천광역시 - 65세이상인구＜br＞(A),Statistics,138316.0,145626.0,152835.0,160660.0,169549.0,178602.0,189940.0,204880.0,215860.0,225683.0,237805.0,250528.0,267059.0,282471.0,297951.0,312905.0,324255.0,345024.0,362675.0,384548.0,411483.0,435431.0,463850.0,497057.0,533369.0
인천광역시 - 고령인구비율＜br＞(A÷B×100),Statistics,5.4,5.7,5.9,6.3,6.6,6.9,7.2,7.7,8.0,8.3,8.6,8.9,9.4,9.8,10.3,10.7,11.0,11.7,12.3,13.0,14.0,14.8,15.6,16.6,17.7
인천광역시 - 전체인구＜br＞(B),Statistics,2545769.0,2564598.0,2577989.0,2570194.0,2578817.0,2600495.0,2624391.0,2664576.0,2692696.0,2710579.0,2758296.0,2801274.0,2843981.0,2879782.0,2902608.0,2925815.0,2943069.0,2948542.0,2954642.0,2957026.0,2942828.0,2948375.0,2967314.0,2997410.0,3021010.0
임실군 - 65세이상인구＜br＞(A),Statistics,6986.0,7319.0,7509.0,7778.0,8048.0,8146.0,8370.0,8732.0,8752.0,8754.0,8854.0,8941.0,9104.0,9219.0,9353.0,9529.0,9552.0,9669.0,9770.0,9830.0,9952.0,10105.0,10270.0,10357.0,10617.0
임실군 - 고령인구비율＜br＞(A÷B×100),Statistics,18.6,19.5,21.4,22.7,24.4,25.1,26.2,27.3,28.1,28.5,28.9,29.0,30.4,31.0,31.2,31.5,31.6,32.1,32.5,34.0,36.4,37.8,38.7,39.9,41.5
임실군 - 전체인구＜br＞(B),Statistics,37514.0,37439.0,35071.0,34283.0,33008.0,32511.0,31976.0,31952.0,31133.0,30703.0,30593.0,30789.0,29956.0,29739.0,29966.0,30271.0,30197.0,30162.0,30072.0,28902.0,27314.0,26730.0,26508.0,25956.0,25577.0
장성군 - 65세이상인구＜br＞(A),Statistics,8493.0,8823.0,9168.0,9499.0,9752.0,10018.0,10307.0,10778.0,10900.0,11116.0,11302.0,11473.0,11798.0,12046.0,12263.0,12445.0,12546.0,12805.0,12936.0,13067.0,13400.0,13536.0,13879.0,14143.0,14454.0
장성군 - 고령인구비율＜br＞(A÷B×100),Statistics,15.2,16.1,17.4,18.4,19.4,20.4,21.5,22.7,23.4,24.1,24.3,24.8,25.5,26.0,26.5,26.8,27.2,27.8,28.2,28.6,30.1,31.2,32.2,33.2,34.4
장성군 - 전체인구＜br＞(B),Statistics,55986.0,54687.0,52542.0,51493.0,50200.0,49165.0,47870.0,47410.0,46602.0,46214.0,46514.0,46245.0,46289.0,46292.0,46273.0,46360.0,46104.0,46111.0,45795.0,45739.0,44464.0,43365.0,43146.0,42543.0,42026.0
장수군 - 65세이상인구＜br＞(A),Statistics,5049.0,5274.0,5320.0,5530.0,5694.0,5822.0,5980.0,6258.0,6274.0,6330.0,6338.0,6360.0,6493.0,6641.0,6700.0,6832.0,6974.0,7111.0,7198.0,7304.0,7557.0,7716.0,7852.0,8030.0,8243.0
장수군 - 고령인구비율＜br＞(A÷B×100),Statistics,16.8,17.3,20.2,18.8,21.3,23.5,24.7,23.4,26.3,27.0,27.1,27.4,28.0,28.6,28.7,29.4,29.5,30.9,31.0,32.5,34.2,35.6,36.8,38.3,39.9
장수군 - 전체인구＜br＞(B),Statistics,30051.0,30445.0,26349.0,29445.0,26788.0,24755.0,24209.0,26687.0,23864.0,23478.0,23386.0,23215.0,23191.0,23243.0,23335.0,23277.0,23628.0,23003.0,23221.0,22441.0,22085.0,21695.0,21336.0,20983.0,20663.0
장흥군 - 65세이상인구＜br＞(A),Statistics,9538.0,9866.0,10191.0,10433.0,10765.0,11009.0,11277.0,11593.0,11662.0,11728.0,11932.0,11988.0,12211.0,12342.0,12506.0,12641.0,12610.0,12682.0,12611.0,12720.0,12928.0,13022.0,13061.0,13264.0,13479.0
장흥군 - 고령인구비율＜br＞(A÷B×100),Statistics,17.9,19.1,20.3,21.8,23.1,24.2,25.4,26.7,27.3,27.9,28.1,28.2,28.6,28.7,29.0,29.1,31.0,31.6,32.1,33.0,34.2,35.6,36.6,37.8,39.1
장흥군 - 전체인구＜br＞(B),Statistics,53392.0,51738.0,50232.0,47837.0,46568.0,45542.0,44451.0,43468.0,42783.0,42097.0,42394.0,42552.0,42672.0,43004.0,43190.0,43513.0,40669.0,40136.0,39312.0,38563.0,37800.0,36547.0,35650.0,35046.0,34451.0
전국 - 65세이상인구＜br＞(A),Statistics,3355614.0,3533470.0,3712626.0,3904984.0,4124946.0,4324524.0,4556733.0,4861476.0,5069273.0,5267708.0,5506352.0,5700972.0,5980060.0,6250986.0,6520607.0,6775101.0,6995652.0,7356106.0,7650408.0,8026915.0,8496077.0,8851033.0,9267290.0,9730411.0,10256782.0
전국 - 고령인구비율＜br＞(A÷B×100),Statistics,7.0,7.4,7.7,8.1,8.5,8.9,9.3,9.9,10.2,10.6,10.9,11.2,11.7,12.2,12.7,13.1,13.5,14.2,14.8,15.5,16.4,17.1,18.0,19.0,20.0
전국 - 전체인구＜br＞(B),Statistics,47732558.0,48021543.0,48229948.0,48386823.0,48583805.0,48782274.0,48991779.0,49268928.0,49540367.0,49773145.0,50515666.0,50734284.0,50948272.0,51141463.0,51327916.0,51529338.0,51696216.0,51778544.0,51826059.0,51849861.0,51829023.0,51638809.0,51439038.0,51325329.0,51217221.0
전라남도 - 65세이상인구＜br＞(A),Statistics,254370.0,264050.0,274134.0,284670.0,295568.0,306439.0,316926.0,332516.0,338407.0,343861.0,350900.0,356349.0,366524.0,374565.0,383808.0,391837.0,398916.0,408451.0,413132.0,422548.0,435880.0,445198.0,457481.0,470874.0,486492.0
전라남도 - 고령인구비율＜br＞(A÷B×100),Statistics,11.9,12.6,13.3,14.1,14.9,15.6,16.3,17.2,17.6,18.0,18.3,18.6,19.2,19.6,20.1,20.5,21.0,21.5,21.9,22.6,23.5,24.3,25.2,26.1,27.2
전라남도 - 전체인구＜br＞(B),Statistics,2130614.0,2099308.0,2054204.0,2017730.0,1986192.0,1967205.0,1942925.0,1929836.0,1919000.0,1913004.0,1918485.0,1914339.0,1909618.0,1907172.0,1905780.0,1908996.0,1903914.0,1896424.0,1882970.0,1868745.0,1851549.0,1832803.0,1817697.0,1804217.0,1788819.0
전북특별자치도 - 65세이상인구＜br＞(A),Statistics,205807.0,214673.0,221255.0,229762.0,237663.0,243721.0,252029.0,266672.0,272231.0,277682.0,284373.0,291919.0,303586.0,312764.0,322626.0,333524.0,341203.0,351282.0,358410.0,370676.0,386203.0,397619.0,410619.0,423128.0,439263.0
전북특별자치도 - 고령인구비율＜br＞(A÷B×100),Statistics,10.3,10.7,11.3,11.8,12.5,12.9,13.5,14.3,14.7,15.0,15.2,15.6,16.2,16.7,17.2,17.8,18.3,18.9,19.5,20.4,21.4,22.3,23.2,24.1,25.3
전북특별자치도 - 전체인구＜br＞(B),Statistics,1999255.0,2006454.0,1953846.0,1954430.0,1906742.0,1885335.0,1868365.0,1862277.0,1855772.0,1854508.0,1868963.0,1874031.0,1873341.0,1872965.0,1871560.0,1869711.0,1864791.0,1854607.0,1836832.0,1818917.0,1804104.0,1786855.0,1769607.0,1754757.0,1738690.0
전주시 - 65세이상인구＜br＞(A),Statistics,38392.0,40324.0,42321.0,44126.0,46650.0,48595.0,51244.0,55093.0,57338.0,59237.0,61560.0,64549.0,68434.0,71736.0,75226.0,78948.0,81555.0,85157.0,88563.0,93161.0,98562.0,102985.0,107357.0,111617.0,117495.0
전주시 - 고령인구비율＜br＞(A÷B×100),Statistics,6.2,6.5,6.8,7.1,7.5,7.8,8.2,8.8,9.1,9.3,9.6,10.0,10.5,11.0,11.5,12.1,12.5,13.1,13.6,14.2,15.0,15.7,16.5,17.4,18.5
전주시 - 전체인구＜br＞(B),Statistics,620521.0,622283.0,624485.0,618819.0,622472.0,621749.0,624849.0,623926.0,631532.0,635007.0,641525.0,645894.0,648863.0,650082.0,652877.0,652282.0,651744.0,648964.0,651091.0,654394.0,657432.0,657269.0,651495.0,642727.0,635651.0
정선군 - 65세이상인구＜br＞(A),Statistics,5399.0,5538.0,5943.0,5923.0,6187.0,6479.0,6705.0,7037.0,7269.0,7452.0,7901.0,7978.0,8185.0,8503.0,8709.0,8872.0,9008.0,9329.0,9508.0,9837.0,10317.0,10423.0,10846.0,11250.0,11691.0
정선군 - 고령인구비율＜br＞(A÷B×100),Statistics,10.7,11.3,11.6,12.8,13.6,14.7,15.5,16.8,17.6,18.3,19.2,19.9,20.5,21.3,22.1,22.6,23.3,24.4,25.2,26.4,28.0,29.2,31.0,32.9,34.9
정선군 - 전체인구＜br＞(B),Statistics,50572.0,49048.0,51226.0,46225.0,45419.0,44203.0,43186.0,41806.0,41269.0,40708.0,41045.0,40181.0,39915.0,39985.0,39425.0,39197.0,38718.0,38173.0,37700.0,37271.0,36870.0,35675.0,34931.0,34202.0,33515.0
정읍시 - 65세이상인구＜br＞(A),Statistics,20118.0,20873.0,21051.0,22044.0,22192.0,22461.0,22866.0,23995.0,24245.0,24598.0,25096.0,25448.0,26141.0,26685.0,27327.0,27944.0,28228.0,28587.0,28804.0,29490.0,30258.0,30561.0,31356.0,31905.0,32647.0
정읍시 - 고령인구비율＜br＞(A÷B×100),Statistics,13.2,13.7,15.1,14.2,16.8,17.4,18.1,19.3,19.7,20.2,20.6,21.1,21.9,22.6,23.3,24.1,24.5,25.1,25.7,26.7,27.9,28.7,29.8,30.8,32.0
정읍시 - 전체인구＜br＞(B),Statistics,152022.0,151813.0,139133.0,155319.0,132285.0,129050.0,126249.0,124239.0,122842.0,121545.0,122000.0,120466.0,119392.0,118328.0,117183.0,115977.0,115173.0,113776.0,112169.0,110541.0,108508.0,106487.0,105081.0,103620.0,102127.0
제주시 - 65세이상인구＜br＞(A),Statistics,15312.0,16303.0,17438.0,18539.0,19683.0,21208.0,38394.0,40249.0,41950.0,43675.0,45651.0,47741.0,50099.0,52369.0,54534.0,56914.0,59159.0,61653.0,63813.0,66690.0,70720.0,73797.0,77364.0,81115.0,85251.0
제주시 - 고령인구비율＜br＞(A÷B×100),Statistics,5.5,5.7,6.0,6.3,6.6,7.0,9.5,9.9,10.3,10.6,10.9,11.3,11.7,12.0,12.2,12.4,12.6,12.9,13.1,13.6,14.4,15.0,15.7,16.5,17.5
제주시 - 전체인구＜br＞(B),Statistics,278535.0,284498.0,289874.0,292124.0,296068.0,303499.0,403601.0,405458.0,407498.0,410378.0,417539.0,422790.0,429656.0,438165.0,448834.0,459876.0,470665.0,478700.0,485946.0,489405.0,492466.0,493096.0,493389.0,491654.0,488348.0
제주특별자치도 - 65세이상인구＜br＞(A),Statistics,43334.0,45534.0,48052.0,50545.0,53290.0,55795.0,58685.0,61734.0,64191.0,66706.0,69641.0,72580.0,75925.0,79305.0,82411.0,85893.0,89189.0,93117.0,96207.0,100397.0,106154.0,110645.0,115768.0,121156.0,126985.0
제주특별자치도 - 고령인구비율＜br＞(A÷B×100),Statistics,8.0,8.3,8.7,9.2,9.6,10.0,10.5,11.0,11.5,11.9,12.2,12.6,13.0,13.4,13.6,13.8,13.9,14.2,14.4,15.0,15.7,16.3,17.1,17.9,18.9
제주특별자치도 - 전체인구＜br＞(B),Statistics,542368.0,546889.0,550831.0,552297.0,555362.0,557569.0,558496.0,559258.0,560618.0,562663.0,571255.0,576156.0,583713.0,593806.0,607346.0,624395.0,641597.0,657083.0,667191.0,670989.0,674635.0,676759.0,678159.0,675252.0,670368.0
제천시 - 65세이상인구＜br＞(A),Statistics,13090.0,13648.0,14256.0,14954.0,15822.0,16554.0,17263.0,18375.0,19051.0,19664.0,20379.0,20851.0,21701.0,22407.0,23048.0,23594.0,24131.0,25691.0,26619.0,27790.0,29256.0,30632.0,32145.0,33722.0,35347.0
제천시 - 고령인구비율＜br＞(A÷B×100),Statistics,8.8,9.4,10.0,10.6,11.4,12.0,12.7,13.5,14.0,14.5,14.8,15.1,15.8,16.3,16.8,17.3,17.7,18.8,19.7,20.6,22.0,23.3,24.5,25.9,27.5
제천시 - 전체인구＜br＞(B),Statistics,147950.0,144968.0,143231.0,140676.0,138872.0,138201.0,136398.0,136218.0,135738.0,135580.0,137264.0,137689.0,137521.0,137204.0,136805.0,136138.0,136517.0,136432.0,135386.0,134617.0,133018.0,131591.0,130988.0,130194.0,128569.0
종로구 - 65세이상인구＜br＞(A),Statistics,14489.0,15087.0,15359.0,15874.0,16626.0,17083.0,17808.0,18961.0,19921.0,20545.0,22311.0,22800.0,23730.0,23853.0,24376.0,24752.0,24950.0,26030.0,26572.0,27318.0,28311.0,27609.0,27704.0,28500.0,29574.0
종로구 - 고령인구비율＜br＞(A÷B×100),Statistics,7.8,8.2,8.5,8.9,9.5,10.1,10.7,11.4,11.7,12.2,13.1,13.5,14.4,14.9,15.5,16.0,16.3,16.8,17.4,18.1,19.0,19.1,19.6,20.4,21.4
종로구 - 전체인구＜br＞(B),Statistics,186378.0,184225.0,181231.0,177519.0,174372.0,169315.0,166793.0,165846.0,170705.0,168603.0,170578.0,168382.0,165207.0,160070.0,156993.0,154986.0,152737.0,154770.0,153065.0,151290.0,149384.0,144683.0,141379.0,139417.0,138336.0
중구 - 65세이상인구＜br＞(A),Statistics,10624.0,11190.0,11491.0,11877.0,12429.0,12880.0,13671.0,14645.0,15127.0,15760.0,17315.0,17928.0,18690.0,19152.0,19740.0,20081.0,20388.0,21148.0,21750.0,22974.0,24174.0,24037.0,24660.0,25525.0,26408.0
중구 - 고령인구비율＜br＞(A÷B×100),Statistics,7.5,7.8,8.3,8.8,9.4,9.9,10.5,11.3,11.6,12.2,13.0,13.5,14.0,14.7,15.4,16.0,16.3,16.8,17.3,18.2,19.3,19.6,20.5,21.0,21.9
중구 - 전체인구＜br＞(B),Statistics,141010.0,143016.0,138134.0,134548.0,131971.0,130027.0,130649.0,130044.0,130362.0,129465.0,132822.0,133193.0,133360.0,130465.0,128065.0,125733.0,125249.0,125709.0,125725.0,126171.0,125240.0,122499.0,120437.0,121312.0,120544.0
중랑구 - 65세이상인구＜br＞(A),Statistics,22469.0,23493.0,24470.0,25774.0,27744.0,29366.0,31919.0,34855.0,37032.0,39053.0,41803.0,43676.0,46402.0,48937.0,51919.0,54021.0,55842.0,59189.0,61748.0,65065.0,69341.0,71560.0,74790.0,78791.0,83299.0
중랑구 - 고령인구비율＜br＞(A÷B×100),Statistics,4.9,5.2,5.5,5.9,6.4,6.9,7.5,8.2,8.7,9.2,9.8,10.3,11.1,11.7,12.4,13.1,13.6,14.5,15.3,16.4,17.6,18.5,19.4,20.6,22.0
중랑구 - 전체인구＜br＞(B),Statistics,458440.0,448928.0,442125.0,436089.0,433858.0,427373.0,426078.0,427071.0,427871.0,424761.0,427455.0,423706.0,419295.0,416798.0,418836.0,413909.0,411005.0,408226.0,403209.0,397015.0,394702.0,387350.0,385318.0,382155.0,379274.0
증평군 - 65세이상인구＜br＞(A),Statistics,,,,3217.0,3378.0,3487.0,3607.0,3837.0,4041.0,4221.0,4404.0,4523.0,4665.0,4830.0,4952.0,5150.0,5323.0,5626.0,5846.0,6143.0,6416.0,6782.0,7264.0,7694.0,8044.0
증평군 - 고령인구비율＜br＞(A÷B×100),Statistics,,,,10.3,10.9,11.4,11.8,12.3,12.6,12.7,13.1,13.3,13.6,14.0,14.2,14.0,14.3,14.9,15.7,16.4,17.4,18.6,19.5,20.5,21.6
증평군 - 전체인구＜br＞(B),Statistics,,,,31310.0,30899.0,30607.0,30483.0,31145.0,32179.0,33164.0,33533.0,34009.0,34279.0,34546.0,34771.0,36671.0,37308.0,37783.0,37317.0,37392.0,36807.0,36426.0,37262.0,37484.0,37171.0
진도군 - 65세이상인구＜br＞(A),Statistics,6949.0,7249.0,7486.0,7839.0,8104.0,8505.0,8877.0,9308.0,9360.0,9442.0,9605.0,9668.0,9796.0,9888.0,9953.0,10116.0,10105.0,10191.0,10111.0,10085.0,10325.0,10405.0,10540.0,10679.0,10745.0
진도군 - 고령인구비율＜br＞(A÷B×100),Statistics,16.5,17.6,18.9,20.4,21.7,23.3,24.7,26.4,27.2,27.8,28.5,28.9,29.5,30.0,30.4,31.1,31.5,32.1,32.4,32.8,33.1,34.6,35.7,36.9,37.7
진도군 - 전체인구＜br＞(B),Statistics,42229.0,41139.0,39619.0,38382.0,37329.0,36529.0,35953.0,35206.0,34412.0,33931.0,33743.0,33502.0,33208.0,32998.0,32746.0,32476.0,32078.0,31765.0,31219.0,30715.0,31227.0,30066.0,29507.0,28979.0,28478.0
진안군 - 65세이상인구＜br＞(A),Statistics,5687.0,6066.0,6204.0,6444.0,6627.0,6764.0,6897.0,7339.0,7292.0,7407.0,7547.0,7643.0,7736.0,7872.0,7996.0,8110.0,8133.0,8309.0,8435.0,8613.0,8898.0,9053.0,9260.0,9433.0,9725.0
진안군 - 고령인구비율＜br＞(A÷B×100),Statistics,18.2,18.6,20.4,21.1,21.5,23.3,25.4,24.3,26.8,26.9,27.4,26.8,28.7,29.5,30.2,31.0,31.2,31.6,32.5,33.5,35.0,36.2,37.7,38.6,40.3
진안군 - 전체인구＜br＞(B),Statistics,31273.0,32635.0,30439.0,30475.0,30757.0,29021.0,27122.0,30250.0,27230.0,27558.0,27543.0,28473.0,26963.0,26703.0,26474.0,26203.0,26069.0,26271.0,25963.0,25697.0,25394.0,24987.0,24550.0,24465.0,24161.0
진주시 - 65세이상인구＜br＞(A),Statistics,25537.0,26672.0,28005.0,29124.0,30545.0,32085.0,33437.0,34933.0,36250.0,37617.0,38938.0,40296.0,42193.0,44016.0,45998.0,47815.0,49318.0,51488.0,53260.0,55899.0,59032.0,61615.0,64338.0,67312.0,70225.0
진주시 - 고령인구비율＜br＞(A÷B×100),Statistics,7.5,7.8,8.2,8.6,9.1,9.5,10.0,10.6,10.9,11.3,11.6,12.0,12.5,13.1,13.5,13.9,14.2,14.9,15.4,16.1,17.0,17.8,18.7,19.7,20.7
진주시 - 전체인구＜br＞(B),Statistics,341822.0,339906.0,339943.0,337319.0,337425.0,336234.0,333554.0,330756.0,331222.0,331720.0,335037.0,335502.0,337314.0,337071.0,340241.0,344426.0,346739.0,346681.0,345987.0,347334.0,348096.0,347097.0,343782.0,341074.0,338785.0
진천군 - 65세이상인구＜br＞(A),Statistics,6670.0,6982.0,7341.0,7597.0,7955.0,8181.0,8498.0,8881.0,9151.0,9321.0,9585.0,9771.0,9980.0,10296.0,10648.0,10988.0,11306.0,11889.0,12395.0,13002.0,13762.0,14427.0,15286.0,15933.0,16767.0
진천군 - 고령인구비율＜br＞(A÷B×100),Statistics,11.1,11.6,12.3,12.7,13.2,13.6,14.1,14.8,15.1,15.2,15.4,15.5,15.7,15.9,16.3,16.2,16.2,16.1,15.8,16.0,16.4,16.9,17.7,18.5,19.4
진천군 - 전체인구＜br＞(B),Statistics,60121.0,60309.0,59699.0,59724.0,60347.0,60155.0,60111.0,60154.0,60715.0,61456.0,62094.0,63051.0,63458.0,64606.0,65174.0,67981.0,69950.0,73677.0,78218.0,81084.0,83718.0,85176.0,86147.0,86254.0,86537.0
창녕군 - 65세이상인구＜br＞(A),Statistics,11632.0,11917.0,12356.0,12783.0,13180.0,13506.0,13931.0,14381.0,14653.0,14940.0,15187.0,15460.0,15821.0,16205.0,16563.0,16848.0,17149.0,17724.0,18034.0,18426.0,19105.0,19600.0,20157.0,20640.0,21387.0
창녕군 - 고령인구비율＜br＞(A÷B×100),Statistics,15.9,16.8,17.9,19.0,19.9,20.9,21.9,23.1,23.8,24.4,24.6,24.7,25.1,25.5,26.1,26.4,26.8,27.7,28.4,29.6,31.2,32.6,34.5,36.2,38.1
창녕군 - 전체인구＜br＞(B),Statistics,73019.0,71047.0,69220.0,67313.0,66074.0,64672.0,63476.0,62255.0,61603.0,61252.0,61714.0,62490.0,62966.0,63447.0,63502.0,63817.0,63982.0,64101.0,63396.0,62331.0,61301.0,60129.0,58372.0,57083.0,56085.0
창원시 - 65세이상인구＜br＞(A),Statistics,,,,,,,,,,,88196.0,91563.0,96199.0,101571.0,107030.0,111795.0,117208.0,124875.0,131613.0,140151.0,150905.0,160521.0,170273.0,180319.0,192030.0
창원시 - 고령인구비율＜br＞(A÷B×100),Statistics,,,,,,,,,,,8.1,8.4,8.8,9.4,10.0,10.4,11.0,11.8,12.5,13.4,14.6,15.5,16.7,17.9,19.2
창원시 - 전체인구＜br＞(B),Statistics,,,,,,,,,,,1090181.0,1091881.0,1091471.0,1083731.0,1075168.0,1070064.0,1063907.0,1057032.0,1053601.0,1044740.0,1036738.0,1032741.0,1021487.0,1009038.0,999858.0
천안시 - 65세이상인구＜br＞(A),Statistics,26080.0,27601.0,29027.0,30650.0,33641.0,35004.0,36842.0,39179.0,40913.0,42521.0,44350.0,46056.0,48155.0,50474.0,52610.0,54835.0,57001.0,60562.0,63526.0,67177.0,72151.0,76090.0,80766.0,85875.0,92478.0
천안시 - 고령인구비율＜br＞(A÷B×100),Statistics,6.2,6.4,6.6,6.7,6.7,6.8,7.0,7.4,7.6,7.9,8.0,8.1,8.3,8.5,8.8,9.1,9.2,9.6,9.8,10.3,11.0,11.6,12.3,13.1,14.0
천안시 - 전체인구＜br＞(B),Statistics,421418.0,432534.0,441243.0,456501.0,503082.0,512482.0,523323.0,531956.0,537698.0,540832.0,557673.0,571377.0,581988.0,591089.0,598346.0,605776.0,617955.0,631531.0,646075.0,652258.0,658808.0,658486.0,657559.0,655959.0,659920.0
철원군 - 65세이상인구＜br＞(A),Statistics,5082.0,5250.0,5455.0,5690.0,5960.0,6287.0,6572.0,6970.0,7301.0,7600.0,7966.0,8143.0,8479.0,8713.0,8899.0,9060.0,9112.0,9264.0,9464.0,9830.0,10171.0,10318.0,10657.0,11093.0,11487.0
철원군 - 고령인구비율＜br＞(A÷B×100),Statistics,9.6,10.1,10.8,11.3,12.0,12.8,13.7,14.7,15.3,15.9,16.3,16.9,17.7,18.4,18.7,18.6,19.0,19.6,20.4,21.6,22.8,23.8,25.2,26.8,28.4
철원군 - 전체인구＜br＞(B),Statistics,53190.0,52072.0,50532.0,50212.0,49650.0,48933.0,48024.0,47420.0,47724.0,47669.0,48928.0,48084.0,47968.0,47473.0,47590.0,48799.0,48013.0,47185.0,46413.0,45584.0,44699.0,43340.0,42256.0,41448.0,40497.0
청도군 - 65세이상인구＜br＞(A),Statistics,9926.0,10261.0,10621.0,10931.0,11149.0,11420.0,11682.0,12159.0,12320.0,12415.0,12436.0,12501.0,12797.0,13169.0,13615.0,13899.0,14274.0,14779.0,15172.0,15541.0,16027.0,16444.0,16896.0,17342.0,17964.0
청도군 - 고령인구비율＜br＞(A÷B×100),Statistics,18.9,20.0,20.9,21.8,23.4,24.4,25.3,26.7,27.6,28.0,28.0,28.2,29.1,30.1,30.9,31.8,32.8,34.1,35.2,36.2,37.9,39.3,40.6,42.0,44.3
청도군 - 전체인구＜br＞(B),Statistics,52497.0,51268.0,50716.0,50141.0,47678.0,46748.0,46144.0,45515.0,44711.0,44279.0,44391.0,44298.0,43968.0,43788.0,43993.0,43724.0,43564.0,43346.0,43057.0,42910.0,42263.0,41891.0,41614.0,41316.0,40582.0
청송군 - 65세이상인구＜br＞(A),Statistics,5747.0,6016.0,6179.0,6304.0,6567.0,6784.0,6962.0,7279.0,7417.0,7643.0,7739.0,7786.0,7977.0,8176.0,8325.0,8434.0,8600.0,8773.0,8957.0,9135.0,9382.0,9530.0,9822.0,10043.0,10367.0
청송군 - 고령인구비율＜br＞(A÷B×100),Statistics,16.8,17.9,19.1,20.1,21.8,23.2,24.5,26.1,27.2,28.4,29.0,29.3,30.1,30.9,31.5,32.0,32.7,33.7,34.9,35.9,37.5,38.8,40.4,41.8,43.7
청송군 - 전체인구＜br＞(B),Statistics,34248.0,33517.0,32323.0,31313.0,30099.0,29298.0,28465.0,27862.0,27289.0,26917.0,26715.0,26569.0,26481.0,26470.0,26453.0,26384.0,26301.0,26006.0,25678.0,25416.0,25044.0,24539.0,24295.0,24019.0,23716.0
청양군 - 65세이상인구＜br＞(A),Statistics,7357.0,7695.0,7958.0,8165.0,8328.0,8479.0,8686.0,8996.0,9043.0,9168.0,9241.0,9354.0,9481.0,9704.0,9976.0,10179.0,10329.0,10458.0,10516.0,10762.0,11059.0,11292.0,11506.0,11795.0,12082.0
청양군 - 고령인구비율＜br＞(A÷B×100),Statistics,17.9,19.2,20.6,22.1,23.4,24.3,25.5,26.8,27.4,28.1,28.4,29.0,29.5,30.2,30.9,31.3,31.5,31.8,32.6,33.9,35.7,37.1,38.0,39.1,40.7
청양군 - 전체인구＜br＞(B),Statistics,41025.0,40029.0,38588.0,36992.0,35626.0,34921.0,34086.0,33604.0,33062.0,32613.0,32541.0,32291.0,32087.0,32155.0,32248.0,32485.0,32753.0,32837.0,32296.0,31717.0,30948.0,30440.0,30266.0,30168.0,29658.0
청주시 - 65세이상인구＜br＞(A),Statistics,,,,,,,,,,,,,,,86048.0,88656.0,91553.0,96483.0,100841.0,106373.0,113322.0,119867.0,127054.0,134501.0,142688.0
청주시 - 고령인구비율＜br＞(A÷B×100),Statistics,,,,,,,,,,,,,,,10.3,10.7,11.0,11.5,12.0,12.7,13.4,14.1,15.0,15.8,16.7
청주시 - 전체인구＜br＞(B),Statistics,,,,,,,,,,,,,,,831521.0,831912.0,835197.0,835590.0,837749.0,839566.0,844993.0,848482.0,849573.0,852189.0,854537.0
춘천시 - 65세이상인구＜br＞(A),Statistics,20884.0,22133.0,23414.0,24777.0,26272.0,27645.0,29209.0,30916.0,32406.0,33696.0,35384.0,36774.0,38278.0,39467.0,40376.0,41092.0,41699.0,43914.0,45532.0,47645.0,50567.0,52955.0,55802.0,58611.0,61370.0
춘천시 - 고령인구비율＜br＞(A÷B×100),Statistics,8.3,8.8,9.3,9.8,10.3,10.8,11.4,12.0,12.4,12.7,13.1,13.5,14.0,14.4,14.6,14.8,14.9,15.7,16.2,16.9,17.9,18.6,19.5,20.5,21.5
춘천시 - 전체인구＜br＞(B),Statistics,251212.0,251142.0,252624.0,253363.0,254323.0,254999.0,256239.0,258141.0,261975.0,264849.0,269950.0,272805.0,273364.0,274455.0,275791.0,277997.0,280707.0,280514.0,280640.0,281291.0,282765.0,284594.0,286664.0,286426.0,286069.0
충남 당진군 - 65세이상인구＜br＞(A),Statistics,14971.0,15782.0,16475.0,17234.0,18093.0,18707.0,19640.0,21301.0,21769.0,22246.0,22718.0,23333.0,,,,,,,,,,,,,
충남 당진군 - 고령인구비율＜br＞(A÷B×100),Statistics,12.2,13.1,13.9,14.8,15.4,15.5,15.7,15.6,16.0,16.0,15.7,15.5,,,,,,,,,,,,,
충남 당진군 - 전체인구＜br＞(B),Statistics,122495.0,120445.0,118395.0,116477.0,117510.0,120483.0,124925.0,136254.0,136432.0,138798.0,144903.0,150219.0,,,,,,,,,,,,,
충남 연기군 - 65세이상인구＜br＞(A),Statistics,9907.0,10323.0,10725.0,11123.0,11767.0,12145.0,12494.0,12690.0,12784.0,12970.0,13378.0,13620.0,,,,,,,,,,,,,
충남 연기군 - 고령인구비율＜br＞(A÷B×100),Statistics,12.3,12.7,13.0,13.4,13.9,14.4,15.1,15.9,16.3,16.3,16.3,16.4,,,,,,,,,,,,,
충남 연기군 - 전체인구＜br＞(B),Statistics,80471.0,81328.0,82323.0,82733.0,84455.0,84308.0,82747.0,79977.0,78645.0,79482.0,81871.0,82890.0,,,,,,,,,,,,,
충북 청원군 - 65세이상인구＜br＞(A),Statistics,15000.0,15673.0,16228.0,16804.0,17477.0,18063.0,19101.0,20261.0,21095.0,21513.0,22090.0,22688.0,22037.0,22528.0,,,,,,,,,,,
충북 청원군 - 고령인구비율＜br＞(A÷B×100),Statistics,12.1,12.6,13.2,13.9,14.6,15.1,14.0,14.2,14.2,14.4,14.4,14.3,14.2,14.5,,,,,,,,,,,
충북 청원군 - 전체인구＜br＞(B),Statistics,123984.0,124181.0,122782.0,121235.0,119745.0,119784.0,136538.0,143021.0,148063.0,149783.0,152944.0,158369.0,154780.0,155002.0,,,,,,,,,,,
충북 청주시 - 65세이상인구＜br＞(A),Statistics,30606.0,32683.0,34637.0,36696.0,38993.0,40915.0,43149.0,46436.0,48337.0,50220.0,52672.0,54728.0,57500.0,60509.0,,,,,,,,,,,
충북 청주시 - 고령인구비율＜br＞(A÷B×100),Statistics,5.3,5.5,5.7,6.0,6.2,6.5,6.9,7.3,7.6,7.8,8.0,8.3,8.6,9.0,,,,,,,,,,,
충북 청주시 - 전체인구＜br＞(B),Statistics,580861.0,592504.0,603941.0,615155.0,624288.0,630939.0,626679.0,633286.0,638663.0,643161.0,655971.0,661946.0,666852.0,672904.0,,,,,,,,,,,
충주시 - 65세이상인구＜br＞(A),Statistics,19842.0,20776.0,21590.0,22545.0,23740.0,24678.0,25851.0,27329.0,28263.0,29195.0,29968.0,30664.0,31704.0,32525.0,33312.0,33948.0,34790.0,36703.0,38138.0,39811.0,41852.0,43795.0,45952.0,48022.0,50480.0
충주시 - 고령인구비율＜br＞(A÷B×100),Statistics,9.1,9.7,10.2,10.8,11.4,12.0,12.6,13.3,13.7,14.1,14.4,14.7,15.2,15.6,16.0,16.3,16.7,17.6,18.1,18.9,19.9,20.9,22.1,23.1,24.4
충주시 - 전체인구＜br＞(B),Statistics,217305.0,215249.0,211980.0,209138.0,207534.0,205907.0,204610.0,205064.0,206372.0,206613.0,208481.0,208433.0,208447.0,208115.0,208527.0,207913.0,208350.0,208316.0,210504.0,210737.0,210186.0,209358.0,208277.0,207778.0,207241.0
충청남도 - 65세이상인구＜br＞(A),Statistics,215059.0,225451.0,234227.0,243931.0,255030.0,261800.0,271346.0,285562.0,293688.0,301248.0,308556.0,315079.0,309840.0,320195.0,330807.0,341214.0,350108.0,362946.0,372515.0,386674.0,405188.0,419979.0,436895.0,454534.0,475648.0
충청남도 - 고령인구비율＜br＞(A÷B×100),Statistics,11.2,11.8,12.3,12.8,13.1,13.3,13.7,14.3,14.5,14.8,14.9,15.0,15.3,15.6,16.0,16.4,16.7,17.1,17.5,18.2,19.1,19.8,20.6,21.3,22.3
충청남도 - 전체인구＜br＞(B),Statistics,1921604.0,1918137.0,1907725.0,1912803.0,1953406.0,1962646.0,1974433.0,1995531.0,2018537.0,2037582.0,2075514.0,2101284.0,2028777.0,2047631.0,2062273.0,2077649.0,2096727.0,2116770.0,2126282.0,2123709.0,2121029.0,2119257.0,2123037.0,2130119.0,2136574.0
충청북도 - 65세이상인구＜br＞(A),Statistics,136160.0,142797.0,148887.0,155039.0,162747.0,168670.0,175914.0,186223.0,192542.0,198115.0,204470.0,209473.0,215245.0,222188.0,228900.0,234813.0,240690.0,252434.0,261763.0,273425.0,288148.0,301516.0,316939.0,332237.0,349187.0
충청북도 - 고령인구비율＜br＞(A÷B×100),Statistics,9.1,9.5,10.0,10.4,10.9,11.3,11.8,12.4,12.7,13.0,13.2,13.4,13.7,14.1,14.5,14.8,15.1,15.8,16.4,17.1,18.0,18.9,19.9,20.8,21.9
충청북도 - 전체인구＜br＞(B),Statistics,1497513.0,1496520.0,1492713.0,1489635.0,1488945.0,1488803.0,1494559.0,1506608.0,1519587.0,1527478.0,1549528.0,1562903.0,1565628.0,1572732.0,1578933.0,1583952.0,1591625.0,1594432.0,1599252.0,1600007.0,1600837.0,1597427.0,1595058.0,1593469.0,1591177.0
칠곡군 - 65세이상인구＜br＞(A),Statistics,8980.0,9367.0,9757.0,10153.0,10654.0,11040.0,11527.0,12156.0,12662.0,12938.0,13368.0,13492.0,13914.0,14375.0,14820.0,15200.0,15479.0,16166.0,16692.0,17488.0,18335.0,19201.0,20009.0,20840.0,21825.0
칠곡군 - 고령인구비율＜br＞(A÷B×100),Statistics,8.7,8.9,9.2,9.6,10.0,10.2,10.3,10.7,10.9,11.0,11.2,11.4,11.6,11.9,12.1,12.4,12.6,13.4,14.0,14.9,16.0,16.9,17.8,18.8,20.3
칠곡군 - 전체인구＜br＞(B),Statistics,103537.0,104743.0,105844.0,105843.0,106475.0,107750.0,111390.0,113851.0,116472.0,117288.0,119087.0,118838.0,119786.0,121182.0,122058.0,122829.0,123199.0,120864.0,118828.0,117047.0,114758.0,113822.0,112487.0,110581.0,107383.0
태백시 - 65세이상인구＜br＞(A),Statistics,4148.0,4494.0,4726.0,4998.0,5345.0,5596.0,5880.0,6326.0,6632.0,6870.0,7536.0,7708.0,8014.0,8379.0,8716.0,9010.0,9266.0,9626.0,9940.0,10324.0,10760.0,10802.0,10964.0,11300.0,11801.0
태백시 - 고령인구비율＜br＞(A÷B×100),Statistics,7.3,8.0,8.6,9.3,10.0,10.7,11.4,12.3,13.0,13.6,14.8,15.4,16.2,17.2,18.1,19.0,19.7,21.0,22.2,23.5,25.2,26.4,27.8,29.2,31.1
태백시 - 전체인구＜br＞(B),Statistics,57023.0,56193.0,55154.0,53948.0,53264.0,52463.0,51593.0,51490.0,51028.0,50424.0,50864.0,50176.0,49493.0,48794.0,48258.0,47501.0,47070.0,45888.0,44858.0,43866.0,42719.0,40844.0,39428.0,38702.0,37936.0
태안군 - 65세이상인구＜br＞(A),Statistics,8889.0,9434.0,9760.0,10100.0,10679.0,10972.0,11457.0,12190.0,12784.0,13249.0,13633.0,13996.0,14557.0,15221.0,15795.0,16353.0,16868.0,17506.0,17967.0,18567.0,19356.0,20140.0,20971.0,21736.0,22439.0
태안군 - 고령인구비율＜br＞(A÷B×100),Statistics,12.9,13.9,14.8,15.8,16.7,17.2,18.0,19.3,20.2,21.0,21.6,22.3,23.3,24.4,25.2,25.8,26.4,27.4,28.4,29.6,31.1,32.7,34.2,35.8,37.3
태안군 - 전체인구＜br＞(B),Statistics,68746.0,67878.0,66062.0,63930.0,63764.0,63794.0,63754.0,63042.0,63401.0,63095.0,63247.0,62747.0,62548.0,62416.0,62574.0,63484.0,63900.0,63932.0,63238.0,62743.0,62214.0,61526.0,61335.0,60784.0,60133.0
통영시 - 65세이상인구＜br＞(A),Statistics,11461.0,11924.0,12343.0,12693.0,13138.0,13667.0,14335.0,15099.0,15665.0,16226.0,16655.0,17048.0,17772.0,18685.0,19560.0,20146.0,20895.0,22054.0,22844.0,23895.0,25137.0,26428.0,27521.0,28780.0,30233.0
통영시 - 고령인구비율＜br＞(A÷B×100),Statistics,8.4,8.8,9.2,9.5,9.9,10.3,10.8,11.2,11.5,11.8,11.9,12.2,12.8,13.4,14.0,14.5,15.1,16.2,17.1,18.2,19.6,21.1,22.4,23.9,25.5
통영시 - 전체인구＜br＞(B),Statistics,136864.0,135547.0,134107.0,133420.0,132959.0,132795.0,133127.0,134431.0,136275.0,137415.0,140297.0,140195.0,139347.0,139719.0,139439.0,139168.0,138160.0,135833.0,133720.0,131404.0,128293.0,125383.0,122681.0,120551.0,118481.0
파주시 - 65세이상인구＜br＞(A),Statistics,17306.0,20000.0,22013.0,23336.0,25130.0,26999.0,29869.0,32295.0,33940.0,35756.0,38458.0,41080.0,43695.0,45783.0,48009.0,50440.0,51980.0,54881.0,57889.0,60663.0,64915.0,69084.0,73543.0,78257.0,83569.0
파주시 - 고령인구비율＜br＞(A÷B×100),Statistics,9.0,8.9,9.4,9.8,10.2,10.3,10.2,10.6,10.9,11.1,10.8,10.8,11.1,11.4,11.7,11.9,12.1,12.5,12.8,13.4,13.9,14.3,14.8,15.7,16.3
파주시 - 전체인구＜br＞(B),Statistics,191726.0,224658.0,235147.0,237658.0,246323.0,261770.0,292752.0,303831.0,311164.0,323011.0,355632.0,378790.0,394201.0,401718.0,411348.0,423321.0,430781.0,437848.0,451848.0,454040.0,465617.0,483245.0,495315.0,497753.0,511308.0
평창군 - 65세이상인구＜br＞(A),Statistics,5463.0,5814.0,6125.0,6471.0,6829.0,7191.0,7498.0,7754.0,7959.0,8170.0,8470.0,8685.0,8992.0,9318.0,9530.0,9694.0,9837.0,10399.0,10675.0,11200.0,11831.0,12293.0,12896.0,13501.0,14167.0
평창군 - 고령인구비율＜br＞(A÷B×100),Statistics,11.6,12.5,13.2,14.0,15.1,16.0,16.9,17.6,18.2,18.7,19.4,19.9,20.6,21.3,21.8,22.3,22.7,24.1,25.1,26.6,28.4,30.0,31.5,33.2,35.1
평창군 - 전체인구＜br＞(B),Statistics,47125.0,46478.0,46262.0,46375.0,45311.0,45033.0,44332.0,44003.0,43706.0,43634.0,43622.0,43577.0,43627.0,43666.0,43660.0,43500.0,43318.0,43092.0,42610.0,42106.0,41681.0,40996.0,40990.0,40659.0,40396.0
평택시 - 65세이상인구＜br＞(A),Statistics,24706.0,26205.0,27536.0,29050.0,30831.0,32588.0,34514.0,36928.0,38541.0,40037.0,42381.0,43897.0,45938.0,47683.0,49568.0,51536.0,53090.0,55926.0,58483.0,61910.0,66486.0,70123.0,73372.0,77785.0,82782.0
평택시 - 고령인구비율＜br＞(A÷B×100),Statistics,6.9,7.3,7.7,8.0,8.3,8.5,8.7,9.2,9.5,9.8,10.1,10.3,10.6,10.8,11.0,11.2,11.3,11.6,11.8,12.1,12.4,12.4,12.7,13.2,13.8
평택시 - 전체인구＜br＞(B),Statistics,356103.0,358263.0,358531.0,364979.0,370653.0,383976.0,396765.0,402458.0,406721.0,410042.0,419457.0,426886.0,434305.0,442034.0,449555.0,460532.0,470832.0,481530.0,495642.0,513027.0,537307.0,564288.0,578529.0,591022.0,598556.0
포천시 - 65세이상인구＜br＞(A),Statistics,,,,14367.0,15211.0,16328.0,17300.0,18255.0,19079.0,19631.0,20216.0,20891.0,21753.0,22541.0,23279.0,23892.0,24292.0,25451.0,26306.0,27615.0,29314.0,31080.0,32863.0,34863.0,37242.0
포천시 - 고령인구비율＜br＞(A÷B×100),Statistics,,,,9.6,10.1,10.5,11.0,11.5,11.9,12.4,12.7,13.2,13.8,14.4,14.9,15.4,15.7,16.6,17.5,18.6,19.9,20.9,22.4,24.3,26.3
포천시 - 전체인구＜br＞(B),Statistics,,,,150240.0,150364.0,155242.0,157269.0,158156.0,160176.0,158931.0,158658.0,157967.0,157559.0,156603.0,155798.0,155192.0,154763.0,152925.0,150676.0,148379.0,147274.0,148939.0,146701.0,143323.0,141463.0
포항시 - 65세이상인구＜br＞(A),Statistics,32015.0,33480.0,34979.0,36581.0,38633.0,40446.0,42360.0,45054.0,47404.0,49383.0,51026.0,52642.0,55602.0,58746.0,62118.0,65214.0,68296.0,72952.0,77024.0,82001.0,87960.0,93477.0,98684.0,104052.0,110312.0
포항시 - 고령인구비율＜br＞(A÷B×100),Statistics,6.2,6.5,6.8,7.2,7.6,8.0,8.4,8.9,9.3,9.7,9.9,10.2,10.7,11.3,12.0,12.6,13.2,14.2,15.1,16.2,17.5,18.6,19.9,21.1,22.4
포항시 - 전체인구＜br＞(B),Statistics,515977.0,515039.0,511667.0,508850.0,507129.0,507052.0,505008.0,505555.0,508119.0,509475.0,514755.0,517088.0,518913.0,519467.0,519368.0,519584.0,516775.0,513832.0,510013.0,507025.0,502916.0,503852.0,496650.0,493033.0,491581.0
하남시 - 65세이상인구＜br＞(A),Statistics,7164.0,7595.0,8149.0,8632.0,9136.0,9825.0,10362.0,11213.0,12217.0,13275.0,14244.0,14628.0,15315.0,16191.0,17346.0,19325.0,23306.0,26820.0,30309.0,33597.0,37573.0,41540.0,44618.0,47583.0,50742.0
하남시 - 고령인구비율＜br＞(A÷B×100),Statistics,5.8,6.1,6.4,6.7,7.0,7.4,7.7,8.2,8.5,8.9,9.5,9.9,10.5,11.2,11.6,11.6,11.0,11.5,11.9,12.3,12.8,13.0,13.7,14.4,15.4
하남시 - 전체인구＜br＞(B),Statistics,123366.0,123659.0,127541.0,128326.0,129903.0,132850.0,134824.0,137131.0,143638.0,148566.0,150479.0,148397.0,146269.0,145096.0,148896.0,166713.0,211101.0,232487.0,254415.0,272455.0,293452.0,320087.0,326059.0,329861.0,329120.0
하동군 - 65세이상인구＜br＞(A),Statistics,10256.0,10744.0,11024.0,11418.0,11702.0,11954.0,12331.0,12952.0,13074.0,13247.0,13364.0,13645.0,13735.0,13997.0,14172.0,14407.0,14514.0,14721.0,14849.0,15120.0,15490.0,15781.0,16129.0,16518.0,16817.0
하동군 - 고령인구비율＜br＞(A÷B×100),Statistics,17.2,17.8,19.4,19.7,21.3,22.5,23.3,23.3,24.4,25.5,25.9,25.3,27.0,27.9,28.8,28.7,29.2,30.1,31.2,32.5,34.6,36.3,38.0,39.7,41.3
하동군 - 전체인구＜br＞(B),Statistics,59556.0,60298.0,56777.0,58010.0,54881.0,53131.0,52898.0,55526.0,53515.0,52010.0,51509.0,53975.0,50806.0,50177.0,49223.0,50259.0,49622.0,48831.0,47533.0,46574.0,44785.0,43449.0,42465.0,41606.0,40765.0
함안군 - 65세이상인구＜br＞(A),Statistics,9004.0,9393.0,9765.0,10063.0,10320.0,10692.0,11094.0,11490.0,11751.0,12065.0,12232.0,12369.0,12675.0,13013.0,13354.0,13749.0,13964.0,14443.0,14825.0,15354.0,16086.0,16739.0,17378.0,17961.0,18566.0
함안군 - 고령인구비율＜br＞(A÷B×100),Statistics,13.9,14.4,15.2,15.9,16.6,17.4,17.5,17.7,17.8,18.1,18.2,18.5,18.8,19.2,19.4,19.9,20.3,21.2,22.1,23.4,25.1,26.8,28.3,29.8,31.6
함안군 - 전체인구＜br＞(B),Statistics,64846.0,65368.0,64318.0,63435.0,62081.0,61376.0,63460.0,64865.0,66050.0,66582.0,67207.0,66971.0,67425.0,67667.0,68741.0,69156.0,68937.0,68207.0,67025.0,65700.0,64182.0,62547.0,61456.0,60203.0,58842.0
함양군 - 65세이상인구＜br＞(A),Statistics,8404.0,8692.0,9038.0,9341.0,9746.0,10035.0,10373.0,10771.0,10973.0,11164.0,11323.0,11404.0,11624.0,11790.0,11989.0,12163.0,12274.0,12558.0,12620.0,12836.0,13227.0,13494.0,13769.0,14001.0,14215.0
함양군 - 고령인구비율＜br＞(A÷B×100),Statistics,18.1,19.2,20.5,21.8,23.2,24.2,25.2,26.5,27.1,27.5,27.5,27.8,28.6,29.0,29.5,30.2,30.5,31.3,31.5,32.4,33.8,35.2,36.5,37.9,39.3
함양군 - 전체인구＜br＞(B),Statistics,46376.0,45184.0,43982.0,42760.0,41922.0,41535.0,41162.0,40637.0,40447.0,40626.0,41197.0,41081.0,40714.0,40692.0,40584.0,40339.0,40241.0,40175.0,40044.0,39637.0,39080.0,38310.0,37708.0,36945.0,36131.0
함평군 - 65세이상인구＜br＞(A),Statistics,8318.0,8559.0,8830.0,9227.0,9524.0,9865.0,10066.0,10503.0,10569.0,10712.0,10825.0,10878.0,11077.0,11115.0,11233.0,11263.0,11302.0,11447.0,11421.0,11564.0,11720.0,11867.0,12051.0,12326.0,12410.0
함평군 - 고령인구비율＜br＞(A÷B×100),Statistics,18.4,19.7,21.0,21.9,23.7,24.5,26.0,27.6,28.2,28.9,29.5,30.1,31.0,31.2,32.0,32.3,32.9,33.3,34.2,35.2,36.6,37.9,39.1,40.3,41.4
함평군 - 전체인구＜br＞(B),Statistics,45232.0,43522.0,41965.0,42119.0,40205.0,40189.0,38647.0,37998.0,37432.0,37089.0,36702.0,36134.0,35780.0,35610.0,35090.0,34876.0,34397.0,34328.0,33420.0,32861.0,32050.0,31274.0,30784.0,30601.0,30010.0
합천군 - 65세이상인구＜br＞(A),Statistics,11888.0,12324.0,12758.0,13568.0,14067.0,14550.0,14894.0,15439.0,15783.0,15881.0,15953.0,16054.0,16324.0,16525.0,16784.0,16888.0,16972.0,17174.0,17088.0,17244.0,17431.0,17590.0,17757.0,17922.0,18205.0
합천군 - 고령인구비율＜br＞(A÷B×100),Statistics,19.4,20.7,22.1,22.6,24.3,25.0,27.0,27.8,28.3,30.0,31.2,31.7,32.5,32.9,33.3,34.4,35.3,36.5,37.2,38.1,39.6,41.0,42.1,43.5,45.3
합천군 - 전체인구＜br＞(B),Statistics,61255.0,59599.0,57649.0,60160.0,57909.0,58162.0,55104.0,55450.0,55677.0,52973.0,51092.0,50608.0,50279.0,50290.0,50457.0,49145.0,48026.0,47000.0,45916.0,45204.0,44006.0,42935.0,42142.0,41203.0,40225.0
해남군 - 65세이상인구＜br＞(A),Statistics,15018.0,15658.0,16163.0,16738.0,17277.0,17949.0,18474.0,19347.0,19634.0,19857.0,20090.0,20222.0,20593.0,20899.0,21159.0,21362.0,21549.0,21862.0,21811.0,21957.0,22293.0,22562.0,22912.0,23293.0,23771.0
해남군 - 고령인구비율＜br＞(A÷B×100),Statistics,15.1,16.2,17.5,18.6,19.7,20.8,21.9,23.4,24.2,24.5,25.2,25.8,26.4,26.9,27.5,28.0,28.7,29.7,30.3,31.2,32.4,33.6,34.8,36.1,37.7
해남군 - 전체인구＜br＞(B),Statistics,99230.0,96445.0,92323.0,89981.0,87736.0,86238.0,84338.0,82529.0,81043.0,81148.0,79579.0,78346.0,78150.0,77684.0,76981.0,76194.0,75121.0,73604.0,71901.0,70354.0,68806.0,67166.0,65831.0,64575.0,63120.0
해운대구 - 65세이상인구＜br＞(A),Statistics,22277.0,23783.0,25125.0,26920.0,28884.0,30697.0,33457.0,36270.0,38023.0,40051.0,42205.0,43898.0,46662.0,49353.0,51970.0,54547.0,56854.0,59949.0,62825.0,66218.0,70306.0,73306.0,76256.0,79666.0,83543.0
해운대구 - 고령인구비율＜br＞(A÷B×100),Statistics,5.4,5.8,6.3,6.7,7.2,7.6,8.0,8.6,9.0,9.4,9.9,10.3,10.9,11.6,12.3,12.9,13.5,14.5,15.3,16.3,17.5,18.5,19.7,20.9,22.2
해운대구 - 전체인구＜br＞(B),Statistics,408842.0,407562.0,401663.0,403585.0,403432.0,404599.0,418875.0,423816.0,424455.0,424974.0,426729.0,425618.0,428188.0,425536.0,423531.0,422818.0,419853.0,412039.0,409347.0,406102.0,402169.0,396438.0,386785.0,380448.0,376404.0
홍성군 - 65세이상인구＜br＞(A),Statistics,13167.0,13814.0,14301.0,15190.0,15559.0,15884.0,16339.0,17006.0,17345.0,17729.0,18003.0,18315.0,18735.0,19306.0,20006.0,20625.0,21315.0,21895.0,22363.0,22991.0,24005.0,24603.0,25234.0,25994.0,27077.0
홍성군 - 고령인구비율＜br＞(A÷B×100),Statistics,13.8,14.8,15.7,16.0,17.1,17.5,18.2,19.2,19.7,20.2,20.4,20.8,21.2,21.5,21.8,21.8,21.3,21.6,22.1,22.9,24.0,24.8,25.7,26.7,27.3
홍성군 - 전체인구＜br＞(B),Statistics,95369.0,93558.0,91377.0,94658.0,91223.0,90931.0,89555.0,88685.0,88176.0,87631.0,88078.0,88108.0,88415.0,89704.0,91866.0,94553.0,99971.0,101570.0,101082.0,100423.0,100102.0,99324.0,98068.0,97524.0,99198.0
홍천군 - 65세이상인구＜br＞(A),Statistics,8884.0,9443.0,9943.0,10355.0,10837.0,11263.0,11678.0,12130.0,12514.0,12825.0,13188.0,13524.0,13852.0,14159.0,14400.0,14739.0,14933.0,15899.0,16406.0,17173.0,18133.0,19086.0,20163.0,21287.0,22411.0
홍천군 - 고령인구비율＜br＞(A÷B×100),Statistics,11.9,12.8,13.7,14.5,15.1,15.9,16.7,17.3,17.8,18.4,18.9,19.3,19.9,20.0,20.4,21.0,21.3,22.6,23.5,24.8,26.2,27.9,29.7,31.6,33.6
홍천군 - 전체인구＜br＞(B),Statistics,74461.0,74019.0,72514.0,71351.0,71907.0,70811.0,70037.0,70142.0,70360.0,69606.0,69893.0,69899.0,69727.0,70638.0,70451.0,70336.0,70076.0,70340.0,69949.0,69150.0,69242.0,68365.0,67977.0,67309.0,66717.0
화성시 - 65세이상인구＜br＞(A),Statistics,,19278.0,20546.0,21717.0,24028.0,25376.0,26951.0,30581.0,34605.0,37260.0,38499.0,40139.0,41897.0,43822.0,45860.0,49417.0,52875.0,58053.0,63520.0,69434.0,76180.0,82470.0,89334.0,97343.0,105701.0
화성시 - 고령인구비율＜br＞(A÷B×100),Statistics,,9.2,9.1,9.2,8.8,8.6,8.7,8.2,7.7,7.6,7.6,7.8,8.0,8.3,8.5,8.3,8.3,8.4,8.4,8.5,8.9,9.3,9.8,10.3,10.9
화성시 - 전체인구＜br＞(B),Statistics,,210524.0,226930.0,236226.0,271563.0,296530.0,310171.0,371972.0,449354.0,491528.0,505838.0,516765.0,525490.0,530251.0,540862.0,596525.0,640890.0,691086.0,758722.0,815396.0,855248.0,887015.0,910814.0,944342.0,968821.0
화순군 - 65세이상인구＜br＞(A),Statistics,9845.0,10402.0,10869.0,11292.0,11776.0,12213.0,12676.0,13415.0,13691.0,13929.0,14143.0,14343.0,14662.0,14950.0,15187.0,15409.0,15516.0,15828.0,15996.0,16286.0,16791.0,17232.0,17681.0,18185.0,18776.0
화순군 - 고령인구비율＜br＞(A÷B×100),Statistics,12.5,13.1,13.9,14.8,15.7,16.6,17.5,18.7,19.5,20.0,20.4,20.8,21.4,22.0,22.7,23.4,23.8,24.5,25.0,26.0,26.9,27.5,28.5,29.7,30.9
화순군 - 전체인구＜br＞(B),Statistics,78610.0,79219.0,78443.0,76123.0,75023.0,73673.0,72615.0,71551.0,70327.0,69675.0,69368.0,68985.0,68378.0,67829.0,66772.0,65848.0,65303.0,64680.0,63933.0,62737.0,62522.0,62624.0,62024.0,61254.0,60735.0
화천군 - 65세이상인구＜br＞(A),Statistics,2793.0,2970.0,3101.0,3260.0,3424.0,3574.0,3766.0,3969.0,4122.0,4238.0,4406.0,4510.0,4603.0,4668.0,4791.0,4821.0,4806.0,4946.0,5064.0,5319.0,5609.0,5727.0,5909.0,6136.0,6380.0
화천군 - 고령인구비율＜br＞(A÷B×100),Statistics,11.1,11.9,12.9,13.3,14.1,15.1,16.2,17.3,17.1,17.5,18.1,18.1,18.4,18.6,17.7,17.8,18.3,19.0,20.2,21.3,22.6,23.7,25.3,26.7,27.8
화천군 - 전체인구＜br＞(B),Statistics,25188.0,24965.0,24088.0,24540.0,24267.0,23732.0,23317.0,22944.0,24110.0,24216.0,24364.0,24945.0,25020.0,25079.0,27143.0,27020.0,26264.0,26022.0,25084.0,24917.0,24857.0,24195.0,23388.0,23007.0,22922.0
횡성군 - 65세이상인구＜br＞(A),Statistics,6371.0,6750.0,7101.0,7390.0,7741.0,8086.0,8406.0,8794.0,9030.0,9311.0,9614.0,9860.0,10277.0,10631.0,10834.0,11095.0,11323.0,12025.0,12445.0,12989.0,13701.0,14453.0,15222.0,16038.0,16949.0
횡성군 - 고령인구비율＜br＞(A÷B×100),Statistics,13.9,14.8,15.7,16.7,17.5,18.5,19.6,20.4,20.8,21.1,21.7,22.2,23.0,23.7,23.9,24.2,24.6,26.0,26.6,27.9,29.5,31.1,32.7,34.6,36.8
횡성군 - 전체인구＜br＞(B),Statistics,45961.0,45496.0,45198.0,44306.0,44297.0,43678.0,42982.0,43176.0,43413.0,44121.0,44254.0,44360.0,44615.0,44937.0,45373.0,45777.0,45991.0,46281.0,46726.0,46575.0,46472.0,46481.0,46532.0,46359.0,46111.0
