item,category,1999,2000,2001,2002,2003,2004,2005,2006,2007,2008,2009,2010,2011,2012,2013,2014,2015,2016,2017,2018,2019,2020,2021,2022,2023
가평군 - 계 - 인구십만명당 자살률,Statistics,24.8,24.9,23.2,30.5,32.6,36.4,47.4,29.2,34.4,42.6,52.3,60.5,36.0,47.2,44.9,38.1,26.3,27.6,33.9,33.8,32.3,25.9,19.4,43.6,
가평군 - 남자 - 인구십만명당 자살률,Statistics,38.3,41.8,28.0,45.7,49.6,28.5,71.3,42.7,46.0,65.9,68.2,77.6,50.0,49.2,51.8,51.7,41.6,47.6,50.4,50.1,37.7,50.4,28.3,50.1,
가평군 - 여자 - 인구십만명당 자살률,Statistics,10.9,7.3,18.2,14.6,14.8,44.7,22.4,14.9,22.2,18.1,35.7,42.5,21.1,45.1,37.6,23.8,10.1,6.7,16.5,16.5,26.5,,10.0,36.7,
강남구 - 계 - 인구십만명당 자살률,Statistics,6.7,6.5,11.4,8.7,11.7,17.0,18.3,11.5,18.8,19.3,23.2,24.3,25.5,22.0,28.0,25.8,20.5,21.8,18.0,22.0,25.0,23.6,23.2,24.3,24.2
강남구 - 남자 - 인구십만명당 자살률,Statistics,10.0,9.2,15.0,13.3,10.4,19.8,20.7,13.1,18.5,19.6,22.2,27.8,29.9,25.9,30.9,30.5,24.7,28.3,24.3,24.9,31.1,25.2,27.0,30.0,27.2
강남구 - 여자 - 인구십만명당 자살률,Statistics,3.6,3.9,7.9,4.4,12.9,14.3,16.0,9.9,19.1,19.0,24.1,21.0,21.4,18.4,25.3,21.6,16.6,15.8,12.2,19.3,19.5,22.1,19.7,19.1,21.3
강동구 - 계 - 인구십만명당 자살률,Statistics,8.4,9.1,8.7,14.4,17.9,20.0,19.5,16.2,18.4,20.1,29.4,27.0,25.9,24.1,27.1,29.1,24.7,23.4,21.4,25.8,26.1,21.7,20.0,22.5,25.2
강동구 - 남자 - 인구십만명당 자살률,Statistics,10.9,12.9,12.1,17.1,21.9,27.6,24.6,21.9,17.2,23.0,34.7,33.4,34.5,34.7,33.9,40.6,33.9,35.2,32.0,38.9,32.8,28.5,24.6,28.6,35.4
강동구 - 여자 - 인구십만명당 자살률,Statistics,5.8,5.3,5.3,11.7,13.9,12.3,14.2,10.4,19.5,17.2,24.0,20.7,17.3,13.6,20.4,17.7,15.5,11.6,11.0,13.0,19.5,15.2,15.5,16.7,15.4
강릉시 - 계 - 인구십만명당 자살률,Statistics,20.4,15.9,19.8,26.4,39.2,27.6,32.8,22.4,31.6,32.8,43.6,38.3,38.9,32.9,44.1,36.8,33.3,34.4,30.2,34.0,30.3,34.5,26.4,27.4,39.6
강릉시 - 남자 - 인구십만명당 자살률,Statistics,26.9,22.4,29.3,32.1,49.8,42.2,45.3,29.7,42.6,46.6,50.7,46.3,55.8,49.4,58.8,57.2,54.7,51.2,49.3,43.7,39.1,46.7,33.3,39.1,55.8
강릉시 - 여자 - 인구십만명당 자살률,Statistics,13.8,9.4,10.3,20.7,28.7,13.1,20.3,15.2,20.7,19.1,36.6,30.3,22.1,16.6,29.5,16.7,12.1,17.8,11.2,24.4,21.6,22.5,19.7,16.0,23.6
강북구 - 계 - 인구십만명당 자살률,Statistics,13.2,10.5,10.2,15.1,17.2,23.3,19.6,15.7,26.2,25.3,31.9,31.7,37.7,26.9,28.7,30.5,30.6,30.6,26.3,27.2,23.2,26.5,25.1,26.6,24.9
강북구 - 남자 - 인구십만명당 자살률,Statistics,14.6,17.6,14.2,21.3,25.0,30.1,25.3,24.1,29.5,32.2,34.2,48.0,54.7,39.5,43.5,39.2,47.2,45.3,40.2,38.8,31.0,43.0,38.4,39.3,32.9
강북구 - 여자 - 인구십만명당 자살률,Statistics,11.8,3.4,6.3,9.0,9.4,16.6,13.9,7.4,22.9,18.5,29.7,15.8,21.0,14.6,14.2,22.0,14.4,16.4,12.9,16.1,15.7,10.9,12.4,14.6,17.5
강서구 - 계 - 인구십만명당 자살률,Statistics,11.0,9.4,11.5,13.3,20.5,21.9,19.5,20.4,20.3,25.3,26.6,27.0,27.5,27.3,23.2,25.2,24.6,22.5,20.3,23.6,24.2,23.8,26.6,21.0,21.1
강서구 - 남자 - 인구십만명당 자살률,Statistics,16.3,15.1,15.0,21.1,27.2,28.0,22.9,25.5,28.3,29.2,36.0,32.0,37.1,35.2,30.1,34.7,35.6,31.9,27.8,32.6,35.1,32.5,34.9,31.2,25.9
강서구 - 여자 - 인구십만명당 자살률,Statistics,5.8,3.8,8.0,5.7,13.8,15.8,16.3,15.4,12.4,21.5,17.5,22.1,18.1,19.6,16.4,16.1,14.2,13.7,13.2,15.1,13.9,15.7,18.9,11.5,16.7
강원특별자치도 - 계 - 인구십만명당 자살률,Statistics,21.6,19.3,24.5,27.8,38.2,35.7,35.4,31.6,37.6,38.4,43.6,44.4,45.2,38.3,38.5,36.8,35.3,32.2,30.6,33.1,33.3,33.2,32.7,33.1,34.7
강원특별자치도 - 남자 - 인구십만명당 자살률,Statistics,31.8,29.2,36.0,38.0,52.1,49.6,49.8,47.6,47.6,50.3,57.2,60.5,60.7,55.0,53.6,53.7,52.9,45.8,46.0,47.4,49.5,45.6,45.4,47.5,50.7
강원특별자치도 - 여자 - 인구십만명당 자살률,Statistics,11.3,9.3,12.9,17.4,24.2,21.6,20.8,15.5,27.5,26.5,29.7,28.1,29.6,21.3,23.1,19.6,17.4,18.4,15.0,18.5,16.9,20.7,19.9,18.5,18.6
강진군 - 계 - 인구십만명당 자살률,Statistics,25.3,23.9,8.0,24.7,35.1,31.7,25.5,23.6,40.8,29.1,38.9,43.7,50.9,19.7,25.1,27.7,35.9,31.6,27.0,35.9,16.9,28.9,50.0,36.0,
강진군 - 남자 - 인구십만명당 자살률,Statistics,36.0,32.8,4.1,34.2,45.4,42.3,38.5,34.5,45.2,45.7,51.0,76.5,66.3,25.9,47.3,47.5,48.3,33.0,56.2,51.7,23.5,47.9,66.9,55.6,
강진군 - 여자 - 인구십만명당 자살률,Statistics,15.1,15.5,11.6,15.9,25.5,21.9,13.4,13.6,36.8,13.9,27.8,13.9,36.9,14.1,4.8,9.7,24.5,30.4,,21.3,10.9,11.2,34.3,17.5,
강화군 - 계 - 인구십만명당 자살률,Statistics,23.4,26.7,41.8,43.8,52.0,32.3,38.3,39.7,36.4,43.3,37.2,62.8,40.6,30.2,43.7,27.1,31.4,26.7,26.5,32.2,30.7,21.8,29.0,20.2,
강화군 - 남자 - 인구십만명당 자살률,Statistics,32.3,38.6,50.9,60.6,64.5,43.1,55.3,64.4,45.6,56.9,47.7,80.8,63.2,45.2,63.2,33.0,32.8,32.6,44.0,46.7,43.7,26.2,40.5,31.7,
강화군 - 여자 - 인구십만명당 자살률,Statistics,14.6,14.8,32.7,27.0,39.6,21.5,21.4,15.2,27.2,29.8,26.8,44.8,18.0,15.1,24.2,21.1,29.9,20.9,8.9,17.6,17.6,17.5,17.4,8.6,
거제시 - 계 - 인구십만명당 자살률,Statistics,19.2,15.5,16.4,17.2,23.9,25.0,25.9,21.2,23.9,22.6,23.5,27.4,24.0,20.1,25.6,22.6,21.1,35.3,26.8,30.7,33.9,23.6,33.4,26.5,32.4
거제시 - 남자 - 인구십만명당 자살률,Statistics,23.9,26.9,23.2,25.9,32.7,29.9,38.1,26.3,31.0,31.6,33.6,37.1,31.7,19.7,32.9,29.7,31.0,52.0,38.1,41.1,45.5,31.8,45.7,43.4,44.9
거제시 - 여자 - 인구십만명당 자살률,Statistics,14.3,3.5,9.3,8.0,14.5,19.8,12.9,15.7,16.2,12.8,12.3,16.7,15.5,20.6,17.6,14.7,10.1,16.6,14.1,19.3,21.1,14.5,19.9,7.9,18.8
거창군 - 계 - 인구십만명당 자살률,Statistics,29.4,17.1,21.7,25.0,32.9,30.3,19.9,26.4,37.5,33.0,41.1,42.8,50.9,30.3,35.1,33.4,19.1,31.8,33.5,25.7,29.1,24.4,34.4,19.8,
거창군 - 남자 - 인구십만명당 자살률,Statistics,28.5,26.1,38.4,36.2,36.9,43.5,22.0,38.2,54.6,58.1,61.8,39.1,62.2,49.2,55.8,49.2,19.7,16.4,52.6,43.0,39.8,23.3,63.6,26.9,
거창군 - 여자 - 인구십만명당 자살률,Statistics,30.2,8.4,5.7,14.4,29.2,17.7,18.0,15.2,21.4,9.2,21.6,46.3,40.2,12.4,15.5,18.6,18.5,46.3,15.5,9.4,18.9,25.5,6.4,13.0,
경기도 - 계 - 인구십만명당 자살률,Statistics,13.0,12.7,13.9,18.1,21.7,22.2,24.0,20.6,22.2,24.1,28.9,29.5,30.5,27.0,27.9,25.7,25.3,23.0,22.9,24.2,25.4,23.7,23.6,23.1,25.1
경기도 - 남자 - 인구십만명당 자살률,Statistics,18.2,17.5,19.8,23.7,29.9,29.5,31.0,26.7,26.6,29.8,37.0,37.8,40.9,36.0,38.2,36.3,35.0,32.0,31.6,34.9,34.2,32.3,31.3,31.4,35.1
경기도 - 여자 - 인구십만명당 자살률,Statistics,7.7,7.7,8.0,12.4,13.5,14.8,16.8,14.4,17.7,18.3,20.6,21.0,19.8,17.9,17.5,15.0,15.5,13.9,14.0,13.3,16.4,14.9,15.7,14.6,15.1
경산시 - 계 - 인구십만명당 자살률,Statistics,26.2,19.7,14.9,12.9,24.8,27.1,24.1,15.6,24.2,19.0,28.7,34.5,24.5,35.3,27.2,24.4,29.9,22.7,33.1,29.8,29.6,33.2,26.1,21.7,30.4
경산시 - 남자 - 인구십만명당 자살률,Statistics,40.9,30.0,23.2,14.7,31.2,33.8,24.9,18.9,26.9,24.2,33.5,45.0,33.0,55.4,34.7,35.0,40.0,28.8,46.4,48.4,43.5,44.8,29.3,32.0,41.9
경산시 - 여자 - 인구십만명당 자살률,Statistics,11.5,9.4,6.5,11.1,18.5,20.3,23.4,12.2,21.4,13.6,23.8,23.8,15.9,14.9,19.7,13.7,19.8,16.5,19.6,10.9,15.5,21.5,22.8,11.3,18.9
경상남도 - 계 - 인구십만명당 자살률,Statistics,18.4,16.1,17.9,22.1,26.2,27.8,27.6,25.9,29.2,28.9,31.5,32.0,32.2,26.9,27.3,26.5,26.3,27.2,24.9,28.9,28.0,25.3,26.3,26.7,28.5
경상남도 - 남자 - 인구십만명당 자살률,Statistics,25.3,22.1,25.5,30.3,35.8,37.5,35.8,33.6,38.3,38.4,41.7,43.8,44.7,37.3,39.5,37.1,38.2,38.2,35.7,43.2,39.8,36.3,37.6,39.7,39.3
경상남도 - 여자 - 인구십만명당 자살률,Statistics,11.5,10.1,10.3,13.9,16.6,18.1,19.4,18.1,20.1,19.2,21.2,20.1,19.5,16.4,14.9,15.7,14.2,16.1,13.9,14.5,16.1,14.3,14.9,13.6,17.6
경상북도 - 계 - 인구십만명당 자살률,Statistics,22.1,20.6,19.4,23.5,27.2,29.4,28.2,26.6,29.9,28.8,34.3,35.4,35.1,32.5,31.1,28.4,27.5,28.8,26.0,29.6,29.4,28.6,29.0,26.8,30.5
경상북도 - 남자 - 인구십만명당 자살률,Statistics,30.8,29.0,27.3,32.7,35.1,38.7,37.1,34.7,38.3,37.8,45.5,47.3,48.6,44.6,43.5,39.0,39.8,40.9,38.6,43.2,41.6,37.8,40.8,38.8,44.2
경상북도 - 여자 - 인구십만명당 자살률,Statistics,13.3,12.2,11.5,14.2,19.3,20.1,19.2,18.4,21.4,19.6,23.0,23.3,21.4,20.3,18.5,17.8,15.0,16.6,13.3,15.9,17.1,19.3,17.1,14.7,16.6
경주시 - 계 - 인구십만명당 자살률,Statistics,18.5,15.5,17.3,20.3,26.9,28.3,22.4,27.3,30.8,33.6,31.7,34.2,26.9,28.9,29.4,29.6,23.2,26.8,22.2,32.5,27.9,27.7,26.3,32.0,35.5
경주시 - 남자 - 인구십만명당 자살률,Statistics,23.4,23.5,21.6,29.5,36.2,37.3,30.5,35.8,44.0,36.2,38.7,45.0,40.1,44.9,36.7,42.2,34.0,41.8,31.1,44.5,39.2,37.9,42.1,46.4,58.1
경주시 - 여자 - 인구십만명당 자살률,Statistics,13.7,7.5,13.1,11.1,17.6,19.2,14.4,18.9,17.6,31.0,24.6,23.3,13.6,12.9,22.2,16.9,12.4,11.7,13.3,20.4,16.6,17.4,10.4,17.6,12.9
계룡시 - 계 - 인구십만명당 자살률,Statistics,15.2,18.4,17.8,3.4,6.6,19.3,12.2,11.2,24.1,17.7,28.5,11.7,18.7,7.1,14.6,19.7,26.8,16.7,16.2,32.1,20.9,21.1,28.0,16.0,28.6
계룡시 - 남자 - 인구십만명당 자살률,Statistics,15.4,22.3,21.5,6.9,13.3,19.4,6.2,17.0,21.7,35.8,24.1,14.2,28.3,4.8,24.5,29.8,24.6,28.8,28.0,36.9,32.7,23.5,28.1,27.5,35.3
계룡시 - 여자 - 인구십만명당 자살률,Statistics,15.1,14.6,14.1,,,19.1,18.2,5.6,26.5,,32.8,9.2,9.3,9.4,4.8,9.8,29.1,4.7,4.6,27.3,9.2,18.6,27.8,4.5,21.9
계양구 - 계 - 인구십만명당 자살률,Statistics,15.2,12.6,9.8,13.2,22.6,14.8,22.0,23.0,24.8,23.9,29.1,33.7,28.9,25.0,33.8,28.9,24.9,24.0,23.4,27.0,22.9,25.2,23.5,27.9,28.3
계양구 - 남자 - 인구십만명당 자살률,Statistics,24.7,20.1,14.1,19.8,32.1,18.8,25.4,32.3,26.7,27.9,36.6,46.3,36.6,32.8,44.6,46.6,31.1,34.0,27.8,36.2,39.4,33.7,32.1,37.3,38.4
계양구 - 여자 - 인구십만명당 자살률,Statistics,5.5,4.8,5.4,6.5,13.0,10.7,18.6,13.7,22.9,20.0,21.7,21.0,21.1,17.1,23.0,11.2,18.6,14.0,19.1,17.7,6.5,16.8,14.9,18.5,18.3
고령군 - 계 - 인구십만명당 자살률,Statistics,28.7,21.1,32.3,27.5,42.3,25.9,17.4,34.8,23.0,14.4,28.9,46.4,28.7,42.6,22.8,45.8,20.2,35.1,32.6,39.2,40.1,28.4,42.2,36.2,
고령군 - 남자 - 인구십만명당 자살률,Statistics,41.2,26.1,37.2,43.5,61.3,39.8,22.9,39.9,33.9,16.9,34.0,56.9,33.8,61.3,44.7,50.5,28.4,63.1,52.3,65.1,54.3,30.9,56.8,57.6,
고령군 - 여자 - 인구십만명당 자살률,Statistics,15.9,16.0,27.2,11.1,22.8,11.7,11.8,29.4,11.7,11.7,23.5,35.5,23.4,23.2,,41.0,11.8,6.0,12.1,12.3,25.2,25.9,26.7,13.5,
고성군 - 계 - 인구십만명당 자살률,Statistics,19.0,19.5,37.1,17.6,39.1,30.7,59.1,28.5,45.4,66.1,62.9,66.5,43.5,20.1,76.6,36.5,53.4,23.4,30.1,31.2,21.8,41.1,55.9,55.2,
고성군 - 남자 - 인구십만명당 자살률,Statistics,27.0,27.7,73.9,23.2,65.5,42.5,85.8,49.9,57.5,71.4,84.0,90.1,64.5,32.0,113.3,62.3,94.1,37.9,44.4,39.5,41.9,72.1,72.3,85.8,
고성군 - 여자 - 인구십만명당 자살률,Statistics,10.9,11.2,18.9,11.8,12.2,18.7,31.5,6.4,32.9,60.5,40.7,41.3,20.9,7.0,35.3,7.1,7.1,7.1,14.2,21.9,19.2,7.7,38.4,22.8,
고양시 - 계 - 인구십만명당 자살률,Statistics,10.9,9.7,9.1,14.2,17.2,18.2,20.6,16.5,16.9,20.3,21.6,23.1,26.8,24.6,27.5,25.3,23.2,20.5,19.1,21.8,20.2,21.6,22.1,21.7,23.4
고양시 - 남자 - 인구십만명당 자살률,Statistics,14.5,12.3,12.2,20.3,21.1,24.6,24.8,22.5,20.1,23.2,28.3,28.9,34.7,30.9,37.0,35.5,33.7,27.0,27.1,31.6,24.2,28.1,29.0,31.4,33.2
고양시 - 여자 - 인구십만명당 자살률,Statistics,7.3,7.1,5.9,8.2,13.3,11.8,16.4,10.7,13.8,17.4,15.2,17.4,19.2,18.5,18.2,15.5,13.1,14.2,11.4,12.4,16.3,15.5,15.4,12.4,14.1
고창군 - 계 - 인구십만명당 자살률,Statistics,19.4,28.0,25.6,44.5,35.9,38.6,45.0,55.7,34.1,47.8,46.5,51.5,61.7,36.8,38.3,43.4,21.8,31.7,36.6,22.3,26.9,23.8,35.4,36.1,
고창군 - 남자 - 인구십만명당 자살률,Statistics,20.9,40.4,38.4,68.0,64.5,45.4,63.0,67.9,46.3,63.5,63.8,70.5,97.8,50.7,70.6,67.5,23.7,40.5,57.1,31.2,50.7,37.0,48.9,42.0,
고창군 - 여자 - 인구십만명당 자살률,Statistics,17.9,15.8,13.3,21.8,8.4,32.0,27.5,43.8,22.4,32.5,29.6,32.8,26.4,23.2,6.6,19.8,19.9,23.1,16.5,13.6,3.5,10.9,22.2,30.2,
고흥군 - 계 - 인구십만명당 자살률,Statistics,20.4,16.7,15.2,30.8,17.4,26.9,18.8,15.8,18.8,27.1,26.4,39.0,38.5,34.9,51.0,25.8,37.9,47.3,31.5,27.3,24.6,39.0,39.7,35.4,
고흥군 - 남자 - 인구십만명당 자살률,Statistics,33.5,20.0,22.8,43.4,26.8,43.9,33.8,27.5,31.0,37.3,43.6,61.3,62.6,52.1,67.6,41.8,57.5,73.7,43.6,44.1,44.6,51.5,58.7,62.8,
고흥군 - 여자 - 인구십만명당 자살률,Statistics,7.7,13.5,8.0,18.7,8.5,10.9,4.6,4.7,7.3,17.5,10.2,18.2,15.9,18.9,35.5,11.1,19.6,22.8,20.2,11.7,6.0,27.3,21.6,9.4,
곡성군 - 계 - 인구십만명당 자살률,Statistics,17.0,2.4,17.5,18.5,25.0,23.0,20.4,41.3,38.8,21.2,46.4,37.6,35.0,48.6,48.8,26.1,26.2,13.2,26.6,27.0,13.8,28.3,54.3,11.0,
곡성군 - 남자 - 인구십만명당 자살률,Statistics,34.8,,15.4,10.9,40.0,23.6,30.0,54.6,49.3,37.6,63.8,58.2,39.3,73.2,60.2,33.5,33.6,27.1,47.8,48.4,21.1,57.8,73.8,7.5,
곡성군 - 여자 - 인구십만명당 자살률,Statistics,,4.7,19.5,25.8,10.8,22.3,11.3,28.7,29.0,5.9,30.0,18.3,31.0,25.2,38.0,19.1,19.2,,6.5,6.6,6.7,,35.6,14.5,
공주시 - 계 - 인구십만명당 자살률,Statistics,14.6,23.5,26.0,21.0,34.2,28.3,48.5,40.3,49.4,27.8,48.9,54.8,46.0,30.7,45.7,38.6,27.8,30.1,40.6,38.3,44.3,37.3,32.0,33.2,33.3
공주시 - 남자 - 인구십만명당 자살률,Statistics,18.9,39.5,32.5,29.9,51.5,33.5,67.3,58.6,67.0,37.8,54.0,63.8,51.1,50.7,58.1,60.8,46.2,50.7,68.0,53.9,76.9,55.3,52.3,48.9,45.2
공주시 - 여자 - 인구십만명당 자살률,Statistics,10.3,7.4,19.4,12.0,16.7,23.1,29.5,21.9,31.6,17.6,43.7,45.6,40.8,10.3,33.1,15.9,9.0,9.2,13.0,22.5,11.3,19.1,11.6,17.5,21.5
과천시 - 계 - 인구십만명당 자살률,Statistics,12.6,5.6,8.4,7.1,9.9,17.3,9.3,14.8,11.4,16.7,24.0,18.1,15.4,18.4,12.8,20.1,21.8,18.3,28.5,21.1,24.4,18.4,22.2,10.6,16.4
과천시 - 남자 - 인구십만명당 자살률,Statistics,19.9,8.5,8.5,8.6,17.3,17.6,9.4,16.8,6.6,21.6,34.5,22.7,17.2,26.1,20.5,23.6,32.8,21.9,37.7,18.0,32.0,27.1,21.0,18.9,18.0
과천시 - 여자 - 인구십만명당 자살률,Statistics,5.5,2.8,8.3,5.6,2.8,17.0,9.1,13.0,16.0,12.0,13.9,13.7,13.7,11.0,5.6,16.8,11.3,14.9,19.6,24.1,17.1,9.9,23.3,2.6,14.9
관악구 - 계 - 인구십만명당 자살률,Statistics,9.2,9.2,8.0,11.6,16.8,18.4,21.5,14.5,18.5,25.0,28.0,27.7,33.0,24.6,27.3,30.5,23.6,27.8,23.3,25.1,24.7,29.2,30.2,24.7,29.3
관악구 - 남자 - 인구십만명당 자살률,Statistics,13.9,12.1,9.7,16.0,22.1,25.3,29.2,21.4,18.4,30.5,34.0,35.6,48.1,30.2,40.1,45.2,32.2,40.0,35.1,36.2,33.5,37.4,38.3,35.1,39.3
관악구 - 여자 - 인구십만명당 자살률,Statistics,4.3,6.3,6.2,7.0,11.4,11.3,13.5,7.3,18.6,19.4,21.8,19.7,17.5,18.8,14.2,15.5,14.8,15.3,11.4,13.8,15.9,20.9,22.0,14.2,19.2
광명시 - 계 - 인구십만명당 자살률,Statistics,8.5,8.0,16.0,16.5,19.8,18.3,17.6,20.3,23.6,27.6,23.0,27.2,28.0,26.7,25.4,21.9,22.7,18.6,16.2,16.5,23.5,25.0,25.2,19.7,20.9
광명시 - 남자 - 인구십만명당 자살률,Statistics,11.7,10.6,24.2,23.6,30.7,25.8,22.5,29.4,26.2,34.7,27.6,35.7,36.7,33.8,39.7,30.8,29.9,28.0,20.6,24.1,30.5,33.3,37.4,30.3,32.4
광명시 - 여자 - 인구십만명당 자살률,Statistics,5.3,5.3,7.7,9.5,8.9,10.8,12.7,11.2,21.0,20.5,18.5,18.8,19.5,19.7,11.3,13.1,15.6,9.4,11.9,9.1,16.8,16.9,13.5,9.6,9.7
광산구 - 계 - 인구십만명당 자살률,Statistics,13.9,10.0,14.3,13.7,17.8,15.1,18.6,17.5,17.2,16.6,31.9,32.9,26.7,22.7,22.7,22.9,18.9,24.0,18.4,26.1,20.6,19.3,24.0,21.7,23.9
광산구 - 남자 - 인구십만명당 자살률,Statistics,19.5,12.7,19.2,16.2,24.7,19.1,26.3,23.8,18.4,24.3,37.2,39.6,37.9,32.1,30.4,34.5,28.6,32.8,27.7,40.5,27.1,23.6,35.4,29.7,36.4
광산구 - 여자 - 인구십만명당 자살률,Statistics,8.3,7.2,9.4,11.2,10.7,11.1,10.7,11.1,16.0,8.8,26.7,26.2,15.3,13.2,15.0,11.2,9.1,15.1,9.0,11.5,14.0,15.0,12.5,13.6,11.1
광양시 - 계 - 인구십만명당 자살률,Statistics,14.6,12.3,18.1,21.0,18.2,24.8,20.3,13.8,18.0,24.3,26.7,32.6,29.2,28.0,25.2,20.5,24.3,24.7,27.1,23.1,23.1,21.5,27.9,21.2,24.3
광양시 - 남자 - 인구십만명당 자살률,Statistics,19.9,12.8,29.8,29.8,21.4,34.3,27.0,17.0,22.6,29.3,41.1,37.8,40.9,42.7,37.4,28.3,40.9,37.9,35.1,32.4,34.6,32.5,38.2,30.4,30.2
광양시 - 여자 - 인구십만명당 자살률,Statistics,8.9,11.8,5.9,11.8,14.9,14.9,13.4,10.4,13.3,19.0,11.5,27.1,16.8,12.4,12.3,12.2,6.7,10.7,18.6,13.3,10.6,9.5,16.7,11.1,17.9
광주광역시 - 계 - 인구십만명당 자살률,Statistics,13.1,11.1,10.1,13.7,17.7,19.6,19.2,16.7,22.9,21.5,28.4,30.7,26.5,25.4,22.6,23.8,21.4,23.2,22.6,25.7,23.9,22.6,26.4,25.0,27.3
광주광역시 - 남자 - 인구십만명당 자살률,Statistics,16.4,14.5,14.3,18.5,24.4,28.7,25.7,23.7,28.9,26.6,34.0,41.2,35.3,33.6,32.0,34.8,32.5,32.2,32.3,37.1,33.9,31.1,38.0,37.3,39.5
광주광역시 - 여자 - 인구십만명당 자살률,Statistics,9.7,7.9,5.9,9.0,11.1,10.7,12.8,9.8,17.0,16.5,22.9,20.4,17.8,17.3,13.4,13.0,10.4,14.4,13.1,14.5,14.1,14.2,15.1,13.0,15.4
광주군 - 계 - 인구십만명당 자살률,Statistics,15.1,13.7,,,,,,,,,,,,,,,,,,,,,,,
광주군 - 남자 - 인구십만명당 자살률,Statistics,22.8,22.2,,,,,,,,,,,,,,,,,,,,,,,
광주군 - 여자 - 인구십만명당 자살률,Statistics,6.9,4.7,,,,,,,,,,,,,,,,,,,,,,,
광주시 - 계 - 인구십만명당 자살률,Statistics,,,17.1,18.9,21.8,29.7,22.8,23.4,22.6,25.9,30.4,30.4,32.9,34.2,24.7,22.0,33.9,21.1,23.3,26.7,28.7,26.7,23.5,28.1,29.5
광주시 - 남자 - 인구십만명당 자살률,Statistics,,,26.7,19.0,34.1,44.3,33.5,32.2,28.5,38.6,37.0,38.3,47.1,37.7,39.0,26.7,47.4,31.2,34.9,36.5,40.6,39.1,31.2,36.9,42.8
광주시 - 여자 - 인구십만명당 자살률,Statistics,,,7.0,18.7,8.9,14.4,11.7,14.1,16.4,12.4,23.5,22.0,17.7,30.6,9.6,17.0,19.6,10.3,11.0,16.3,16.2,13.6,15.5,19.0,15.7
광진구 - 계 - 인구십만명당 자살률,Statistics,9.2,5.6,5.4,10.3,15.6,15.9,18.3,15.2,18.9,18.1,22.4,27.2,25.8,17.2,24.1,18.6,20.2,15.6,20.2,22.2,19.2,19.8,20.4,17.9,27.2
광진구 - 남자 - 인구십만명당 자살률,Statistics,13.6,7.1,8.2,14.4,23.8,23.5,26.5,23.0,23.0,22.0,27.5,37.5,34.6,24.3,33.9,29.8,30.3,24.9,31.4,32.2,26.1,25.9,28.1,27.8,39.8
광진구 - 여자 - 인구십만명당 자살률,Statistics,4.6,4.1,2.6,6.2,7.3,8.4,10.0,7.4,14.8,14.3,17.5,17.0,17.2,10.2,14.6,7.6,10.5,6.7,9.4,12.8,12.8,14.1,13.1,8.6,15.6
괴산군 - 계 - 인구십만명당 자살률,Statistics,39.2,37.8,50.3,35.3,43.8,57.5,61.4,63.0,45.7,68.1,62.7,54.6,60.0,70.0,37.3,63.4,44.5,38.9,20.7,43.9,56.7,28.2,31.1,18.7,
괴산군 - 남자 - 인구십만명당 자살률,Statistics,47.4,57.2,77.0,46.7,53.0,84.1,81.1,67.6,58.5,75.6,102.9,48.7,91.5,90.2,68.2,83.1,72.0,51.0,15.2,50.6,75.6,55.0,45.4,20.7,
괴산군 - 여자 - 인구십만명당 자살률,Statistics,30.9,18.0,23.1,23.8,34.4,30.3,41.3,58.3,32.5,60.4,22.0,60.7,27.6,49.2,5.4,43.0,16.0,26.4,26.3,36.8,36.9,,16.0,16.5,
구례군 - 계 - 인구십만명당 자살률,Statistics,14.5,17.7,30.1,27.8,16.1,16.5,30.1,17.1,17.5,42.9,29.0,40.2,58.8,36.9,55.7,51.9,33.3,25.8,18.3,29.5,33.7,38.5,31.5,36.2,
구례군 - 남자 - 인구십만명당 자살률,Statistics,23.5,18.0,55.1,50.4,13.1,13.4,41.0,21.0,28.7,80.5,44.6,67.5,82.8,60.6,61.0,83.9,45.6,45.4,30.1,37.8,38.5,55.3,32.4,49.4,
구례군 - 여자 - 인구십만명당 자살률,Statistics,5.7,17.4,5.9,6.1,18.9,19.4,19.6,13.4,6.9,7.0,14.1,14.3,35.9,14.4,50.8,21.7,21.6,7.2,7.1,21.5,29.2,22.5,30.8,23.5,
구로구 - 계 - 인구십만명당 자살률,Statistics,11.3,10.3,7.8,16.7,16.5,18.8,19.9,15.8,19.8,15.7,24.4,31.9,26.9,25.5,21.8,21.8,21.2,22.9,18.8,27.5,21.0,19.7,21.7,22.4,21.9
구로구 - 남자 - 인구십만명당 자살률,Statistics,16.7,13.3,12.5,22.7,23.3,25.1,25.1,22.2,28.2,19.8,33.8,44.8,38.7,34.8,31.7,28.9,29.1,32.9,28.0,39.6,29.3,27.8,31.7,28.4,30.7
구로구 - 여자 - 인구십만명당 자살률,Statistics,5.8,7.2,3.0,10.3,9.4,12.3,14.6,9.2,11.1,11.5,14.9,18.7,14.8,16.2,11.9,14.7,13.3,12.9,9.7,15.7,12.8,11.8,11.9,16.5,13.5
구리시 - 계 - 인구십만명당 자살률,Statistics,10.3,10.1,16.4,18.5,18.1,19.2,20.7,19.2,21.0,27.0,33.2,30.8,25.9,22.5,24.9,22.0,19.5,19.7,18.5,20.5,27.1,21.4,23.3,18.5,26.2
구리시 - 남자 - 인구십만명당 자살률,Statistics,15.7,16.6,24.7,28.5,26.9,24.9,24.9,24.9,23.6,28.6,42.0,36.1,35.3,27.3,37.2,32.4,23.9,27.8,25.8,33.3,36.4,33.9,25.1,32.0,41.1
구리시 - 여자 - 인구십만명당 자살률,Statistics,4.9,3.6,7.9,8.5,9.3,13.4,16.6,13.4,18.4,25.4,24.4,25.6,16.5,17.7,12.7,11.8,15.1,11.6,11.2,8.0,17.9,9.1,21.6,5.2,11.6
구미시 - 계 - 인구십만명당 자살률,Statistics,15.7,14.9,13.8,22.2,19.0,23.6,21.3,17.3,24.2,24.2,29.1,26.0,27.0,26.6,28.6,26.3,19.9,22.5,23.9,29.6,24.4,29.3,26.4,24.2,32.3
구미시 - 남자 - 인구십만명당 자살률,Statistics,19.6,20.6,19.7,30.7,23.5,31.7,30.3,24.3,29.3,30.0,39.3,33.0,32.8,34.8,38.3,34.8,26.7,31.0,35.5,42.4,35.0,34.2,37.3,33.8,42.7
구미시 - 여자 - 인구십만명당 자살률,Statistics,11.6,9.0,7.7,13.4,14.4,15.2,12.1,10.2,18.8,18.1,18.5,18.8,21.0,18.2,18.6,17.6,12.7,13.7,11.7,16.1,13.2,24.2,14.9,14.1,21.3
군산시 - 계 - 인구십만명당 자살률,Statistics,16.8,16.5,15.5,22.2,26.3,19.1,24.6,18.3,32.2,22.1,33.5,31.3,39.0,32.4,33.0,30.5,25.4,31.2,26.7,32.8,33.1,26.2,29.1,29.3,27.7
군산시 - 남자 - 인구십만명당 자살률,Statistics,27.7,19.3,21.5,29.0,33.8,28.3,31.5,23.4,41.7,30.9,40.1,41.8,58.7,45.8,41.3,38.5,37.8,49.3,38.2,48.7,47.0,42.3,40.3,45.1,35.7
군산시 - 여자 - 인구십만명당 자살률,Statistics,5.7,13.7,9.4,15.4,18.6,9.8,17.6,13.1,22.5,13.1,26.8,20.4,18.7,18.5,24.3,22.1,12.5,12.5,14.8,16.4,18.8,9.9,17.6,13.1,19.5
군위군 - 계 - 인구십만명당 자살률,Statistics,25.3,12.4,39.0,39.6,39.1,41.0,31.8,47.8,53.4,50.9,47.7,76.8,45.2,54.1,41.7,29.2,33.4,25.0,29.1,41.8,21.1,47.0,21.8,26.0,
군위군 - 남자 - 인구십만명당 자살률,Statistics,44.1,,48.6,55.6,46.1,48.1,42.5,44.0,45.6,77.8,55.3,96.3,73.6,83.0,50.0,33.3,50.0,49.9,33.0,49.4,33.0,50.2,25.5,42.3,
군위군 - 여자 - 인구십만명당 자살률,Statistics,6.3,24.8,29.6,24.0,32.2,34.0,21.2,51.6,61.2,23.6,40.1,57.0,16.5,25.1,33.4,25.1,16.7,,25.2,34.0,8.6,43.8,17.8,8.9,
군포시 - 계 - 인구십만명당 자살률,Statistics,7.4,10.7,10.0,15.6,19.2,18.6,19.9,14.8,16.4,17.7,16.6,22.4,23.1,25.6,26.3,22.1,19.2,16.2,22.4,21.7,20.4,26.0,21.5,18.8,21.3
군포시 - 남자 - 인구십만명당 자살률,Statistics,11.0,17.7,14.0,21.5,24.3,25.4,17.3,17.4,23.3,21.7,21.7,29.3,27.4,26.1,38.9,34.5,28.1,24.1,29.4,32.7,26.5,32.5,25.4,22.7,29.2
군포시 - 여자 - 인구십만명당 자살률,Statistics,3.7,3.7,6.0,9.7,14.1,11.7,22.4,12.3,9.5,13.7,11.6,15.6,18.8,25.1,14.0,9.8,10.4,8.4,15.6,10.8,14.5,19.6,17.7,14.9,13.6
권선구 - 계 - 인구십만명당 자살률,Statistics,15.2,9.8,13.8,17.9,18.6,19.2,19.5,16.6,23.0,27.8,32.3,33.2,35.0,25.9,32.4,22.2,27.4,28.7,19.2,25.5,30.9,25.3,29.4,28.0,23.3
권선구 - 남자 - 인구십만명당 자살률,Statistics,21.0,9.4,18.9,24.7,26.4,24.9,27.2,19.1,25.7,30.1,43.4,40.4,43.9,34.9,48.1,31.0,42.2,37.8,22.6,34.4,36.2,32.9,38.1,35.9,32.0
권선구 - 여자 - 인구십만명당 자살률,Statistics,9.4,10.3,8.7,11.0,10.6,13.4,11.7,14.0,20.2,25.4,21.1,25.9,25.9,16.8,16.5,13.3,12.3,19.4,15.7,16.4,25.5,17.6,20.5,20.0,14.4
금산군 - 계 - 인구십만명당 자살률,Statistics,15.0,21.6,17.3,25.7,34.4,51.3,37.2,39.7,33.0,48.9,31.9,44.5,68.1,54.1,43.5,45.6,29.3,38.7,29.7,33.9,30.6,31.1,35.5,37.9,
금산군 - 남자 - 인구십만명당 자살률,Statistics,20.8,24.3,27.8,38.0,29.1,81.6,53.1,50.9,44.5,75.8,24.4,73.6,98.8,74.8,50.1,61.1,32.6,65.6,51.6,44.8,53.1,38.6,54.8,39.5,
금산군 - 여자 - 인구십만명당 자살률,Statistics,9.1,18.8,6.4,13.1,39.9,20.2,20.6,28.1,21.1,21.3,39.6,14.5,36.4,32.9,36.8,29.6,26.0,11.2,7.5,22.8,7.7,23.6,15.9,36.2,
금정구 - 계 - 인구십만명당 자살률,Statistics,10.5,14.7,11.1,12.4,18.1,28.6,20.9,25.7,28.3,27.6,30.3,33.7,28.2,23.8,29.8,28.1,25.3,21.0,22.7,29.0,26.8,30.0,33.2,24.6,30.8
금정구 - 남자 - 인구십만명당 자살률,Statistics,15.6,21.2,15.3,17.1,29.1,41.3,33.1,40.5,41.7,41.6,36.6,43.3,39.4,30.5,45.1,39.9,38.1,27.7,31.1,38.0,33.3,46.4,48.3,35.7,51.8
금정구 - 여자 - 인구십만명당 자살률,Statistics,5.4,8.2,6.9,7.8,7.2,16.0,8.9,11.3,15.2,13.8,24.1,24.3,17.2,17.2,14.9,16.6,12.8,14.6,14.6,20.4,20.6,14.3,18.8,14.0,10.8
금천구 - 계 - 인구십만명당 자살률,Statistics,10.7,10.1,11.8,18.4,19.9,25.7,24.4,25.5,20.3,23.8,32.9,29.2,32.9,30.5,34.0,28.9,24.4,27.6,27.7,20.4,31.8,28.0,26.3,28.0,27.3
금천구 - 남자 - 인구십만명당 자살률,Statistics,15.9,12.4,16.3,23.2,29.9,38.4,29.6,39.2,26.6,32.4,37.5,36.3,48.2,44.2,46.1,38.2,35.3,40.7,40.0,23.9,43.0,38.1,33.8,38.2,42.9
금천구 - 여자 - 인구십만명당 자살률,Statistics,5.3,7.7,7.0,13.4,9.4,12.5,19.0,11.2,13.8,14.8,28.2,21.9,17.0,16.3,21.5,19.1,13.1,14.1,14.9,16.7,20.4,17.7,18.6,17.7,11.5
기장군 - 계 - 인구십만명당 자살률,Statistics,26.9,20.2,19.9,23.6,41.6,39.4,41.3,17.6,36.5,33.6,31.7,28.3,31.6,31.7,26.9,37.0,22.9,25.2,27.0,17.9,33.5,23.1,25.1,19.7,
기장군 - 남자 - 인구십만명당 자살률,Statistics,32.6,21.8,24.1,29.0,60.1,58.7,67.7,25.1,45.3,37.3,44.5,37.7,36.5,41.9,41.1,64.5,32.8,39.1,40.6,29.8,43.1,34.7,34.6,25.1,
기장군 - 여자 - 인구십만명당 자살률,Statistics,21.3,18.7,15.8,18.2,23.2,20.2,15.0,10.0,27.7,29.9,18.8,18.8,26.7,21.6,12.9,10.0,13.4,11.5,13.7,6.1,24.2,11.7,15.8,14.5,
기흥구 - 계 - 인구십만명당 자살률,Statistics,,,,,,,18.9,10.6,18.5,16.5,24.7,27.8,26.5,16.7,28.2,18.9,14.1,19.0,15.6,17.3,22.8,17.2,15.7,16.7,22.0
기흥구 - 남자 - 인구십만명당 자살률,Statistics,,,,,,,22.1,15.8,21.3,23.5,27.1,34.9,36.4,20.7,38.5,22.5,21.0,28.5,20.9,21.6,33.0,23.2,18.0,24.5,28.4
기흥구 - 여자 - 인구십만명당 자살률,Statistics,,,,,,,15.7,5.5,15.7,9.7,22.3,21.0,16.9,12.8,18.1,15.5,7.3,9.6,10.5,13.2,12.9,11.3,13.5,9.0,15.9
김제시 - 계 - 인구십만명당 자살률,Statistics,22.5,25.6,32.0,38.9,52.3,55.6,36.6,35.5,49.5,39.3,66.1,40.4,36.6,35.9,37.4,35.6,39.5,53.8,48.5,42.2,32.2,38.8,44.4,21.0,23.4
김제시 - 남자 - 인구십만명당 자살률,Statistics,28.3,35.8,38.2,51.4,67.0,78.0,46.2,55.2,62.7,60.0,84.1,61.8,52.0,48.2,42.1,53.9,54.7,92.3,76.9,70.8,55.2,68.5,67.0,39.8,34.6
김제시 - 여자 - 인구십만명당 자살률,Statistics,16.7,15.4,25.9,26.4,37.8,33.3,26.9,15.8,36.4,18.6,48.2,19.1,21.4,23.8,32.8,17.7,24.6,15.9,20.7,14.0,9.5,9.6,22.0,2.5,12.3
김천시 - 계 - 인구십만명당 자살률,Statistics,21.2,22.6,16.6,24.9,32.3,29.3,33.7,34.8,29.4,31.0,41.6,43.5,37.0,29.6,34.2,29.7,31.4,34.9,31.0,22.0,37.8,25.0,36.5,26.5,36.9
김천시 - 남자 - 인구십만명당 자살률,Statistics,24.1,30.7,25.5,31.1,40.8,35.7,41.0,45.8,37.5,40.7,57.3,65.4,49.2,35.8,46.4,43.4,49.8,55.6,47.9,32.5,45.5,31.3,51.3,35.8,60.6
김천시 - 여자 - 인구십만명당 자살률,Statistics,18.4,14.5,7.9,18.7,24.0,22.9,26.5,24.0,21.4,21.5,26.1,22.0,24.9,23.5,22.2,16.3,13.1,14.3,14.1,11.4,30.0,18.6,21.5,17.3,13.1
김포시 - 계 - 인구십만명당 자살률,Statistics,19.6,19.3,23.9,18.7,29.2,22.8,26.5,28.9,23.7,25.8,28.2,32.9,28.4,25.5,24.8,23.7,24.2,19.2,16.8,24.7,23.4,20.7,17.8,21.1,24.6
김포시 - 남자 - 인구십만명당 자살률,Statistics,22.7,27.8,36.7,25.3,37.8,26.9,37.1,38.0,27.6,37.0,30.9,42.6,30.4,30.7,28.6,33.1,31.3,23.0,22.8,34.9,32.1,29.9,23.8,27.3,32.3
김포시 - 여자 - 인구십만명당 자살률,Statistics,16.3,10.5,10.7,11.9,20.4,18.7,15.6,19.5,19.6,14.3,25.5,22.8,26.4,20.2,21.0,14.2,17.0,15.3,10.7,14.4,14.6,11.5,11.7,14.9,17.0
김해시 - 계 - 인구십만명당 자살률,Statistics,18.3,16.1,18.4,19.1,20.8,24.2,20.2,22.1,26.8,28.6,33.8,29.2,32.1,22.9,26.4,22.4,25.1,24.5,26.7,29.4,28.4,25.2,27.3,28.0,27.6
김해시 - 남자 - 인구십만명당 자살률,Statistics,27.7,21.4,23.4,24.6,29.4,33.8,26.5,31.5,34.2,32.9,49.1,42.4,44.7,30.9,40.9,31.5,36.6,38.0,41.3,44.1,39.2,34.1,38.3,41.8,35.6
김해시 - 여자 - 인구십만명당 자살률,Statistics,8.7,10.8,13.3,13.5,12.1,14.5,13.9,12.6,19.3,24.4,18.3,15.8,19.3,14.7,11.8,13.2,13.5,10.8,11.9,14.5,17.4,16.1,16.2,14.0,19.3
나주시 - 계 - 인구십만명당 자살률,Statistics,17.1,14.6,18.7,25.9,29.3,22.9,32.4,34.0,31.3,42.5,43.5,45.5,47.5,51.5,29.8,32.8,32.0,32.8,23.5,41.4,24.7,35.8,28.5,25.8,31.7
나주시 - 남자 - 인구십만명당 자살률,Statistics,27.1,12.8,22.4,34.6,43.2,31.9,34.5,39.1,54.0,65.5,56.3,53.0,60.7,61.4,38.7,47.1,50.7,43.4,33.6,66.1,36.8,53.8,42.9,40.9,44.2
나주시 - 여자 - 인구십만명당 자살률,Statistics,7.2,16.4,14.9,17.2,15.6,13.9,30.4,28.8,8.4,19.2,30.6,38.0,34.2,41.5,20.8,18.3,12.9,22.1,13.2,16.3,12.4,17.6,14.0,10.4,19.0
남구 - 계 - 인구십만명당 자살률,Statistics,14.6,11.4,16.6,11.2,20.9,16.3,24.4,18.0,26.9,22.5,29.2,31.7,30.3,30.0,27.7,29.3,22.3,28.1,23.8,30.7,19.7,27.2,25.1,21.3,31.5
남구 - 남자 - 인구십만명당 자살률,Statistics,19.1,17.3,21.2,16.4,30.0,21.6,35.6,27.4,34.4,31.0,32.3,34.6,40.5,41.8,38.6,43.8,31.6,40.2,34.2,45.3,26.7,41.8,34.2,32.6,45.2
남구 - 여자 - 인구십만명당 자살률,Statistics,10.0,5.4,12.0,5.9,11.8,11.1,13.2,8.7,19.5,14.1,26.1,28.8,20.3,18.4,17.1,15.2,13.3,16.3,13.7,16.5,12.9,13.2,16.4,10.6,18.4
남동구 - 계 - 인구십만명당 자살률,Statistics,11.6,13.7,12.0,18.2,24.9,22.7,23.8,21.6,17.9,25.4,30.2,32.6,34.2,33.1,31.1,26.4,29.3,26.2,24.6,25.0,23.9,30.1,25.3,30.4,29.0
남동구 - 남자 - 인구십만명당 자살률,Statistics,17.0,17.7,18.5,23.0,33.4,31.7,31.2,32.6,27.4,31.0,39.8,44.3,48.0,46.6,44.1,36.8,42.6,34.7,37.6,32.8,34.5,46.1,32.3,43.1,40.2
남동구 - 여자 - 인구십만명당 자살률,Statistics,6.1,9.5,5.4,13.4,16.2,13.5,16.3,10.5,8.4,19.7,20.6,21.0,20.4,19.7,18.3,16.1,16.1,17.8,11.7,17.2,13.5,14.4,18.4,17.9,18.0
남양주시 - 계 - 인구십만명당 자살률,Statistics,10.9,10.7,14.5,21.1,22.6,23.6,31.1,21.7,24.3,29.3,35.3,29.3,30.0,27.0,29.1,28.1,23.1,19.4,20.2,23.3,24.0,20.8,23.1,26.1,27.2
남양주시 - 남자 - 인구십만명당 자살률,Statistics,16.0,15.4,19.4,29.4,33.9,30.4,41.2,25.9,29.4,35.9,42.5,37.5,36.6,35.5,42.3,36.9,31.6,25.5,25.8,33.0,32.4,27.4,31.0,35.5,38.3
남양주시 - 여자 - 인구십만명당 자살률,Statistics,5.7,5.8,9.4,12.6,11.1,16.7,20.9,17.5,19.2,22.5,28.0,21.1,23.3,18.5,15.9,19.3,14.7,13.5,14.5,13.7,15.7,14.2,15.2,16.8,16.3
남원시 - 계 - 인구십만명당 자살률,Statistics,6.6,20.2,13.5,20.6,37.6,34.3,20.0,26.0,39.9,37.2,35.2,50.3,40.2,35.8,40.6,38.6,17.7,29.7,32.4,30.3,34.3,22.3,28.8,29.3,31.1
남원시 - 남자 - 인구십만명당 자살률,Statistics,13.4,33.0,15.6,23.8,54.1,40.9,32.0,43.9,60.9,52.7,53.1,65.0,56.1,51.7,59.1,64.3,26.5,33.9,53.8,46.9,50.0,35.4,40.9,41.6,60.7
남원시 - 여자 - 인구십만명당 자살률,Statistics,,7.6,11.4,17.4,21.5,27.9,8.3,8.5,19.6,22.1,17.9,36.1,24.8,20.4,22.8,13.8,9.3,25.7,11.8,14.3,19.2,9.7,17.2,17.5,2.5
남제주군 - 계 - 인구십만명당 자살률,Statistics,26.9,17.9,27.0,30.1,38.4,26.9,31.2,,,,,,,,,,,,,,,,,,
남제주군 - 남자 - 인구십만명당 자살률,Statistics,41.0,25.6,38.6,41.8,50.2,42.8,35.0,,,,,,,,,,,,,,,,,,
남제주군 - 여자 - 인구십만명당 자살률,Statistics,12.8,10.2,15.5,18.3,26.6,10.8,27.3,,,,,,,,,,,,,,,,,,
남해군 - 계 - 인구십만명당 자살률,Statistics,31.9,24.7,32.3,50.9,47.1,42.8,55.3,42.9,45.4,51.1,35.7,32.2,60.6,36.8,27.4,32.2,30.5,19.9,24.7,31.8,29.9,18.6,14.2,28.7,
남해군 - 남자 - 인구십만명당 자살률,Statistics,46.2,37.5,38.9,73.2,64.3,50.6,51.8,69.2,55.4,83.2,41.5,59.0,84.6,42.8,44.2,53.9,45.6,37.1,28.1,57.0,33.5,24.1,24.4,29.6,
남해군 - 여자 - 인구십만명당 자살률,Statistics,18.5,12.7,26.2,30.4,31.3,35.6,58.4,18.7,36.2,21.7,30.4,7.7,38.7,31.3,12.1,12.3,16.6,4.2,21.5,8.7,26.5,13.5,4.6,27.9,
노원구 - 계 - 인구십만명당 자살률,Statistics,10.2,10.6,10.2,17.1,21.0,17.5,17.1,21.4,20.1,22.6,29.3,25.5,24.1,25.2,24.0,27.2,25.5,21.4,23.2,25.4,23.8,22.2,23.8,20.4,24.1
노원구 - 남자 - 인구십만명당 자살률,Statistics,14.0,15.2,12.3,25.4,28.6,22.5,17.5,29.8,22.1,28.4,36.9,33.9,33.3,35.1,31.3,38.5,35.5,29.4,33.0,36.0,33.7,31.7,33.2,25.6,30.5
노원구 - 여자 - 인구십만명당 자살률,Statistics,6.5,6.0,8.1,8.9,13.7,12.5,16.7,13.3,18.2,16.9,22.1,17.4,15.3,15.8,17.0,16.5,16.0,13.8,14.0,15.4,14.6,13.3,15.1,15.7,18.1
논산시 - 계 - 인구십만명당 자살률,Statistics,22.0,18.8,15.6,16.6,27.1,35.4,37.8,32.4,40.6,42.8,51.0,50.5,49.1,38.1,44.8,32.2,35.7,35.1,31.3,35.0,31.3,33.4,40.1,33.6,36.9
논산시 - 남자 - 인구십만명당 자살률,Statistics,24.7,25.1,19.8,27.3,38.0,47.2,48.9,42.1,55.0,49.6,62.5,81.8,77.5,54.0,65.6,41.9,43.8,50.5,50.9,53.2,49.0,46.3,66.2,51.3,48.6
논산시 - 여자 - 인구십만명당 자살률,Statistics,19.2,12.6,11.3,5.8,16.1,23.6,26.7,22.6,26.1,35.9,39.4,19.0,20.6,22.3,24.0,22.6,27.6,19.6,11.5,16.7,13.5,20.6,13.9,15.9,25.1
단양군 - 계 - 인구십만명당 자살률,Statistics,21.6,22.2,20.3,36.8,35.6,45.4,49.4,44.5,42.6,65.3,53.3,31.6,57.4,51.5,45.4,45.6,39.3,33.0,23.3,40.1,30.3,44.6,49.0,14.3,
단양군 - 남자 - 인구십만명당 자살률,Statistics,33.1,29.2,35.1,52.0,21.7,78.7,97.7,64.7,72.6,86.6,62.3,37.5,100.7,76.3,70.7,77.6,58.5,52.4,39.7,59.7,60.0,60.9,89.8,14.1,
단양군 - 여자 - 인구십만명당 자살률,Statistics,9.7,15.0,5.1,21.3,49.8,11.5,,23.9,12.2,43.8,44.2,25.6,12.9,26.1,19.6,13.1,19.8,13.3,6.7,20.2,,27.9,7.1,14.5,
단원구 - 계 - 인구십만명당 자살률,Statistics,,,,17.1,21.5,22.8,24.4,18.4,25.4,22.6,32.9,33.4,33.1,25.4,33.1,31.0,31.6,28.1,24.1,25.1,27.8,26.5,27.0,21.2,35.0
단원구 - 남자 - 인구십만명당 자살률,Statistics,,,,26.6,33.0,32.4,30.3,25.0,34.6,26.9,39.8,36.9,46.2,34.6,48.4,44.1,46.2,38.5,34.1,35.9,43.0,36.7,38.2,28.7,50.2
단원구 - 여자 - 인구십만명당 자살률,Statistics,,,,6.7,9.1,12.7,18.2,11.4,15.7,18.1,25.6,29.8,19.2,15.5,16.9,17.1,16.1,17.1,13.4,13.6,11.6,15.7,15.1,13.2,18.9
달서구 - 계 - 인구십만명당 자살률,Statistics,13.6,10.9,9.1,12.6,19.8,19.1,21.9,18.7,22.9,23.1,28.3,26.3,28.0,21.9,24.9,20.3,29.1,25.2,24.4,25.8,28.9,25.3,28.8,28.0,26.4
달서구 - 남자 - 인구십만명당 자살률,Statistics,18.5,13.8,12.1,16.5,28.0,24.8,28.7,24.9,28.7,32.0,33.9,35.3,35.6,26.0,37.2,26.9,39.1,35.9,34.3,34.9,42.3,34.3,40.6,43.0,35.7
달서구 - 여자 - 인구십만명당 자살률,Statistics,8.6,8.0,6.1,8.7,11.6,13.3,15.1,12.5,17.0,14.2,22.8,17.3,20.5,17.8,12.8,13.8,19.2,14.7,14.7,17.0,15.7,16.5,17.2,13.5,17.4
달성군 - 계 - 인구십만명당 자살률,Statistics,14.9,12.8,14.2,24.4,29.4,24.2,22.3,24.6,18.8,27.2,24.2,23.7,31.4,27.6,26.2,16.3,28.7,21.5,18.7,27.6,27.3,18.7,20.0,18.3,
달성군 - 남자 - 인구십만명당 자살률,Statistics,16.6,18.4,22.7,35.1,31.2,32.3,33.5,33.2,20.8,37.7,33.8,26.6,39.5,30.3,36.4,21.3,42.7,24.9,28.2,35.2,39.0,22.2,29.5,23.3,
달성군 - 여자 - 인구십만명당 자살률,Statistics,13.1,6.9,5.3,13.1,27.5,15.7,10.5,15.6,16.7,16.1,14.1,20.8,22.9,24.7,15.6,11.1,14.1,17.9,8.9,19.8,15.3,15.0,10.1,13.1,
담양군 - 계 - 인구십만명당 자살률,Statistics,15.7,10.8,11.1,22.9,33.2,35.5,29.7,25.8,35.7,32.4,39.7,61.3,50.6,35.9,31.8,14.9,30.0,25.7,23.5,27.8,19.4,19.6,13.1,10.9,
담양군 - 남자 - 인구십만명당 자살률,Statistics,27.7,21.3,14.6,30.2,46.3,54.6,50.9,51.1,43.1,39.9,66.0,83.5,79.4,54.4,54.6,21.2,51.0,46.8,42.4,38.2,29.7,29.8,21.4,4.3,
담양군 - 여자 - 인구십만명당 자살률,Statistics,3.5,,7.5,15.5,19.7,15.9,8.0,,28.1,24.6,12.7,38.5,21.3,17.1,8.6,8.6,8.6,4.3,4.3,17.3,8.8,8.9,4.4,17.7,
당진군 - 계 - 인구십만명당 자살률,Statistics,30.4,22.7,30.5,32.7,34.1,33.3,36.1,42.4,35.2,33.7,51.6,38.2,34.7,,,,,,,,,,,,
당진군 - 남자 - 인구십만명당 자살률,Statistics,38.1,29.0,37.7,46.7,47.4,52.6,53.3,46.7,40.6,47.2,73.5,56.2,42.2,,,,,,,,,,,,
당진군 - 여자 - 인구십만명당 자살률,Statistics,22.6,16.3,23.2,18.5,20.6,13.8,18.6,37.9,29.6,19.6,28.4,19.0,26.8,,,,,,,,,,,,
당진시 - 계 - 인구십만명당 자살률,Statistics,,,,,,,,,,,,,,34.9,35.1,35.5,40.5,23.0,25.3,45.6,35.4,33.8,39.2,32.9,32.6
당진시 - 남자 - 인구십만명당 자살률,Statistics,,,,,,,,,,,,,,44.4,51.7,46.7,52.8,32.4,36.7,63.8,47.8,47.8,48.8,50.6,50.0
당진시 - 여자 - 인구십만명당 자살률,Statistics,,,,,,,,,,,,,,24.6,17.3,23.4,27.0,12.7,12.7,25.3,21.6,18.0,28.3,12.8,12.7
대구광역시 - 계 - 인구십만명당 자살률,Statistics,15.8,12.5,10.7,14.4,19.9,22.0,22.6,20.5,22.9,25.4,29.3,29.7,29.6,24.2,26.8,25.2,26.8,24.2,24.9,26.8,28.7,26.1,26.3,27.0,28.1
대구광역시 - 남자 - 인구십만명당 자살률,Statistics,21.0,17.2,15.1,19.7,27.3,29.5,30.7,26.5,28.1,32.9,36.3,39.7,37.7,31.1,37.9,34.0,37.7,33.8,36.2,36.8,41.2,35.8,38.2,39.1,39.1
대구광역시 - 여자 - 인구십만명당 자살률,Statistics,10.5,7.8,6.2,9.1,12.6,14.5,14.4,14.5,17.7,17.8,22.3,19.8,21.4,17.3,15.8,16.5,16.0,14.7,13.8,16.9,16.5,16.6,14.7,15.2,17.4
대덕구 - 계 - 인구십만명당 자살률,Statistics,15.2,12.3,17.3,13.5,22.2,26.3,26.2,24.5,25.5,25.9,33.9,26.6,22.5,23.1,21.1,36.2,26.8,24.3,26.5,33.3,30.9,31.9,34.9,32.9,31.7
대덕구 - 남자 - 인구십만명당 자살률,Statistics,20.1,18.2,25.7,17.2,33.5,38.0,29.7,33.0,37.5,37.1,46.1,39.0,34.6,27.0,24.2,45.0,35.9,32.6,30.3,50.6,47.5,43.7,45.1,42.1,41.6
대덕구 - 여자 - 인구십만명당 자살률,Statistics,10.3,6.2,8.7,9.7,10.6,14.3,22.6,15.7,13.2,14.3,21.3,13.7,9.9,18.9,18.0,27.2,17.5,15.8,22.6,15.5,13.7,19.7,24.4,23.5,21.4
대전광역시 - 계 - 인구십만명당 자살률,Statistics,14.1,13.2,13.1,16.1,21.0,23.0,25.7,22.2,24.2,22.7,31.1,29.2,29.7,25.3,23.9,26.8,27.0,24.8,22.5,28.3,28.7,27.2,29.3,25.7,26.4
대전광역시 - 남자 - 인구십만명당 자살률,Statistics,17.9,17.7,18.7,21.6,28.2,29.2,32.6,29.2,28.1,28.5,38.0,40.3,39.1,32.9,32.6,33.9,36.7,34.4,29.4,39.9,41.9,37.9,39.8,33.1,35.0
대전광역시 - 여자 - 인구십만명당 자살률,Statistics,10.3,8.8,7.5,10.5,13.8,16.6,18.8,15.1,20.3,16.8,24.2,18.2,20.3,17.8,15.3,19.7,17.3,15.3,15.6,16.7,15.6,16.5,18.8,18.4,17.9
덕양구 - 계 - 인구십만명당 자살률,Statistics,11.1,8.7,10.8,17.9,17.9,20.1,21.2,17.1,18.2,24.8,29.1,25.2,27.8,27.7,28.8,23.9,28.4,20.5,20.1,25.4,19.4,23.8,20.0,23.4,21.6
덕양구 - 남자 - 인구십만명당 자살률,Statistics,16.1,9.3,16.2,26.7,22.1,30.3,27.3,22.8,22.1,29.3,39.2,33.9,37.1,35.5,42.2,33.0,44.1,28.9,29.1,37.2,27.6,33.3,24.2,34.0,32.3
덕양구 - 여자 - 인구십만명당 자살률,Statistics,6.1,8.2,5.4,9.1,13.7,9.9,15.0,11.4,14.2,20.4,19.1,16.4,18.5,19.9,15.5,14.9,13.0,12.2,11.2,13.8,11.4,14.4,15.8,13.0,11.2
덕진구 - 계 - 인구십만명당 자살률,Statistics,10.7,14.3,12.5,14.1,17.2,18.4,20.9,17.6,19.3,24.2,24.2,23.0,26.6,20.5,20.1,22.4,19.6,18.8,27.0,29.0,23.3,27.6,26.7,20.4,17.1
덕진구 - 남자 - 인구십만명당 자살률,Statistics,14.3,19.0,14.7,21.9,25.9,29.0,27.9,25.0,21.9,28.2,34.3,30.6,41.3,30.5,31.8,28.8,25.3,27.3,43.2,42.0,31.2,40.8,39.1,30.9,24.8
덕진구 - 여자 - 인구십만명당 자살률,Statistics,7.1,9.7,10.4,6.3,8.6,7.9,13.9,10.2,16.7,20.1,14.2,15.5,12.0,10.6,8.4,16.0,13.9,10.4,11.0,16.1,15.4,14.5,14.4,10.0,9.4
도봉구 - 계 - 인구십만명당 자살률,Statistics,12.2,8.3,11.6,14.3,16.8,18.7,20.7,14.5,24.4,22.1,28.0,29.5,24.3,25.0,29.8,27.6,26.1,21.7,28.7,23.1,24.1,25.5,23.9,27.9,27.7
도봉구 - 남자 - 인구십만명당 자살률,Statistics,19.0,12.8,17.2,22.6,22.5,28.5,29.5,21.2,34.2,30.7,36.4,36.4,32.9,32.6,38.7,40.3,33.8,28.8,41.1,32.7,32.6,29.0,34.9,36.3,38.9
도봉구 - 여자 - 인구십만명당 자살률,Statistics,5.3,3.8,5.9,5.9,11.2,8.9,12.0,7.9,14.8,13.8,19.7,22.7,15.8,17.6,21.1,15.1,18.7,14.8,16.7,13.9,15.9,22.2,13.5,19.9,17.1
동구 - 계 - 인구십만명당 자살률,Statistics,12.0,10.9,19.9,22.0,37.7,31.1,36.6,30.4,28.3,29.9,38.3,38.9,30.4,34.9,34.7,32.1,45.9,25.8,34.3,44.1,29.2,35.7,42.6,30.1,27.7
동구 - 남자 - 인구십만명당 자살률,Statistics,21.1,14.0,27.1,29.4,55.5,39.8,53.7,46.2,39.7,42.3,49.0,63.9,42.6,47.4,46.4,49.5,61.7,43.0,55.4,61.1,42.6,58.6,51.7,35.6,42.7
동구 - 여자 - 인구십만명당 자살률,Statistics,3.0,7.7,12.7,14.6,20.1,22.4,19.6,14.8,17.0,17.4,27.5,14.0,18.2,22.5,23.0,14.9,30.4,8.9,13.6,27.6,16.1,13.6,33.8,24.9,13.5
동남구 - 계 - 인구십만명당 자살률,Statistics,,,,,,,,,,26.1,50.3,31.0,43.9,31.1,31.9,35.5,33.1,35.2,31.7,30.6,30.8,32.7,31.4,32.6,37.6
동남구 - 남자 - 인구십만명당 자살률,Statistics,,,,,,,,,,31.4,58.6,39.3,59.0,43.7,41.5,49.6,48.0,49.0,41.0,44.1,41.5,45.4,46.5,51.2,45.7
동남구 - 여자 - 인구십만명당 자살률,Statistics,,,,,,,,,,20.7,41.8,22.6,28.5,18.3,22.0,21.1,17.9,21.2,22.2,16.7,19.7,19.7,15.9,13.5,29.4
동대문구 - 계 - 인구십만명당 자살률,Statistics,13.2,11.8,11.5,16.8,19.1,23.1,22.1,21.8,22.0,23.0,31.4,31.3,30.4,29.1,28.0,29.6,28.4,25.9,18.5,25.4,22.9,26.6,26.6,24.8,25.0
동대문구 - 남자 - 인구십만명당 자살률,Statistics,19.6,17.4,15.0,23.8,28.9,34.8,30.7,29.2,26.3,29.2,41.2,36.9,41.6,40.1,43.5,43.0,41.0,38.8,31.8,33.9,32.5,38.8,36.8,36.5,37.5
동대문구 - 여자 - 인구십만명당 자살률,Statistics,6.5,6.0,8.0,9.6,9.0,11.1,13.3,14.3,17.6,16.7,21.5,25.7,19.0,18.0,12.4,16.3,15.8,13.1,5.2,16.9,13.5,14.7,16.5,13.6,12.8
동두천시 - 계 - 인구십만명당 자살률,Statistics,12.1,10.7,13.4,35.3,36.5,40.3,45.7,34.4,41.2,27.8,46.7,34.3,39.4,30.6,41.9,30.3,37.6,35.4,33.5,37.0,35.3,44.3,35.7,41.5,34.7
동두천시 - 남자 - 인구십만명당 자살률,Statistics,24.1,13.2,10.6,42.9,50.7,53.9,63.6,44.8,45.5,33.2,67.1,49.2,51.0,40.1,71.2,46.0,60.6,50.1,52.4,63.5,42.8,60.5,52.0,67.8,44.8
동두천시 - 여자 - 인구십만명당 자살률,Statistics,,8.1,16.2,27.5,21.9,26.3,27.5,23.9,36.9,22.4,26.2,19.3,27.7,21.1,12.6,14.7,14.6,20.8,14.6,10.6,27.8,28.1,19.4,15.2,24.5
동래구 - 계 - 인구십만명당 자살률,Statistics,12.3,10.3,9.7,13.3,15.0,24.6,26.3,23.0,20.2,28.9,26.2,33.2,27.9,18.7,22.2,27.8,26.5,21.8,22.3,29.0,25.9,27.6,27.4,26.4,25.8
동래구 - 남자 - 인구십만명당 자살률,Statistics,18.0,13.3,16.2,21.9,22.4,30.0,37.6,35.5,27.1,39.7,30.7,50.4,41.2,24.7,33.2,43.0,41.9,34.7,31.1,38.4,37.7,38.2,36.2,43.0,35.1
동래구 - 여자 - 인구십만명당 자살률,Statistics,6.6,7.3,3.4,4.8,7.7,19.2,15.1,10.7,13.4,18.2,21.8,16.2,14.8,12.8,11.5,13.0,11.6,9.5,13.9,19.9,14.7,17.4,19.0,10.8,17.1
동안구 - 계 - 인구십만명당 자살률,Statistics,4.8,6.4,8.5,13.1,16.9,16.4,14.0,16.5,12.9,14.0,22.2,21.2,24.8,21.3,15.8,17.6,18.0,20.9,16.1,18.4,23.0,18.8,18.5,17.8,14.1
동안구 - 남자 - 인구십만명당 자살률,Statistics,7.2,7.9,13.4,15.3,23.6,20.3,16.9,19.7,18.0,19.7,28.3,26.8,33.9,30.9,21.1,24.6,20.3,28.8,19.9,25.6,32.3,22.1,23.9,23.1,19.0
동안구 - 여자 - 인구십만명당 자살률,Statistics,2.4,4.9,3.7,11.0,10.2,12.7,11.2,13.4,7.8,8.3,16.2,15.7,15.8,11.8,10.6,10.6,15.8,13.1,12.3,11.4,14.0,15.6,13.4,12.7,9.4
동작구 - 계 - 인구십만명당 자살률,Statistics,10.2,9.1,9.0,12.1,14.5,17.8,15.3,14.4,18.4,22.6,21.3,24.9,23.2,22.6,25.1,22.5,23.1,22.5,18.6,21.8,17.9,24.2,19.6,18.2,19.6
동작구 - 남자 - 인구십만명당 자살률,Statistics,15.5,12.9,8.7,16.8,19.2,23.9,20.5,18.7,23.8,28.1,28.9,35.7,33.8,34.2,31.3,31.7,33.7,22.7,25.5,30.0,24.3,30.9,26.4,23.4,26.9
동작구 - 여자 - 인구십만명당 자살률,Statistics,4.8,5.3,9.3,7.4,9.8,11.7,10.2,10.2,13.1,17.2,13.8,14.4,12.9,11.4,19.0,13.6,12.8,22.3,11.9,14.0,12.0,18.0,13.1,13.3,12.8
동해시 - 계 - 인구십만명당 자살률,Statistics,18.3,19.3,18.3,32.0,29.3,26.7,28.0,27.4,38.1,33.3,42.9,45.3,33.8,36.1,29.9,44.6,37.4,30.2,30.3,31.8,33.3,50.1,32.3,30.2,27.1
동해시 - 남자 - 인구십만명당 자살률,Statistics,19.1,28.7,28.7,34.7,38.8,39.2,41.6,38.2,42.8,41.2,53.8,72.9,48.0,40.0,35.9,56.7,46.5,36.2,42.8,38.9,52.5,63.6,43.8,44.0,40.0
동해시 - 여자 - 인구십만명당 자살률,Statistics,17.5,9.7,7.8,29.2,19.7,13.9,14.1,16.4,33.3,25.2,31.8,17.1,19.2,32.2,23.7,32.3,28.2,24.0,17.6,24.4,13.5,36.2,20.4,15.9,13.7
마산시 - 계 - 인구십만명당 자살률,Statistics,11.1,10.6,13.6,20.8,19.9,26.6,24.2,24.3,23.6,27.3,25.2,,,,,,,,,,,,,,
마산시 - 남자 - 인구십만명당 자살률,Statistics,16.1,14.3,18.0,26.7,25.9,37.2,33.2,31.5,29.9,38.0,33.0,,,,,,,,,,,,,,
마산시 - 여자 - 인구십만명당 자살률,Statistics,6.0,6.9,9.3,14.8,14.0,15.9,15.1,17.1,17.3,16.6,17.3,,,,,,,,,,,,,,
마산합포구 - 계 - 인구십만명당 자살률,Statistics,,,,,,,,,,,,33.1,28.2,24.5,23.0,22.7,27.8,36.1,32.2,36.8,32.1,32.6,27.1,26.2,34.2
마산합포구 - 남자 - 인구십만명당 자살률,Statistics,,,,,,,,,,,,48.8,42.4,33.8,32.9,29.9,44.5,44.6,50.1,58.1,53.2,47.0,40.9,44.9,49.6
마산합포구 - 여자 - 인구십만명당 자살률,Statistics,,,,,,,,,,,,17.4,14.1,15.2,13.1,15.5,11.1,27.7,14.4,15.6,11.2,18.2,13.5,7.8,18.9
마산회원구 - 계 - 인구십만명당 자살률,Statistics,,,,,,,,,,,,26.5,27.9,22.7,31.5,35.3,23.2,30.0,18.0,24.0,28.2,22.5,29.8,23.9,28.7
마산회원구 - 남자 - 인구십만명당 자살률,Statistics,,,,,,,,,,,,35.5,40.8,31.3,41.5,54.1,32.7,42.5,28.9,32.7,40.7,28.1,51.0,38.0,38.8
마산회원구 - 여자 - 인구십만명당 자살률,Statistics,,,,,,,,,,,,17.3,14.6,13.8,21.3,16.0,13.4,17.3,6.9,15.1,15.5,16.8,8.5,9.8,18.7
마포구 - 계 - 인구십만명당 자살률,Statistics,14.6,12.9,8.6,12.5,14.3,21.2,18.4,18.0,19.2,21.6,25.0,21.1,25.5,24.4,25.7,23.6,23.9,22.6,19.2,20.4,20.2,19.7,22.2,17.9,21.6
마포구 - 남자 - 인구십만명당 자살률,Statistics,18.3,17.2,9.5,15.5,19.3,31.3,26.3,25.1,23.5,26.3,33.5,28.8,35.3,33.6,31.8,35.1,34.4,32.7,23.8,27.5,27.0,29.6,30.3,21.7,23.7
마포구 - 여자 - 인구십만명당 자살률,Statistics,10.8,8.7,7.8,9.5,9.4,11.4,10.7,11.1,15.0,17.1,16.8,13.7,16.2,15.8,20.0,12.8,14.2,13.3,15.0,14.0,14.0,10.9,15.0,14.6,19.8
만안구 - 계 - 인구십만명당 자살률,Statistics,14.7,10.3,14.3,15.8,21.3,24.8,24.4,22.0,17.2,15.9,25.9,28.9,33.3,21.9,27.7,28.9,28.2,24.7,26.7,25.5,22.4,26.7,25.3,26.8,23.3
만안구 - 남자 - 인구십만명당 자살률,Statistics,22.8,16.4,22.2,20.9,36.2,39.5,32.0,30.4,17.9,21.0,34.8,32.5,47.1,24.9,32.7,42.0,39.1,33.1,41.3,34.3,23.6,32.6,37.2,42.6,33.8
만안구 - 여자 - 인구십만명당 자살률,Statistics,6.4,4.0,6.3,10.7,6.0,9.8,16.6,13.5,16.6,10.7,16.9,25.3,19.3,18.9,22.6,15.5,17.3,16.3,12.0,16.8,21.2,20.9,13.5,11.1,12.9
목포시 - 계 - 인구십만명당 자살률,Statistics,17.8,13.8,13.9,15.9,18.1,25.2,17.3,17.7,21.0,21.7,26.1,32.8,28.4,27.2,30.3,30.2,37.1,27.1,23.9,35.0,29.2,32.4,29.1,29.0,28.8
목포시 - 남자 - 인구십만명당 자살률,Statistics,22.0,20.5,17.2,23.0,20.7,36.6,26.5,21.5,28.0,31.9,34.2,49.2,37.0,35.4,34.1,39.6,48.2,37.4,36.8,48.5,43.8,43.7,41.1,35.2,40.3
목포시 - 여자 - 인구십만명당 자살률,Statistics,13.7,7.3,10.5,8.9,15.5,14.0,8.2,14.0,14.0,11.5,18.0,16.4,19.7,18.9,26.5,20.9,26.1,16.9,11.1,21.5,14.8,21.2,17.2,22.9,17.6
무안군 - 계 - 인구십만명당 자살률,Statistics,28.1,25.5,23.0,19.3,23.1,30.1,20.9,38.8,38.3,27.6,33.1,31.4,36.2,34.6,24.7,23.7,33.1,25.7,29.3,19.5,34.5,28.9,28.3,28.7,
무안군 - 남자 - 인구십만명당 자살률,Statistics,44.6,42.2,31.5,29.5,27.6,50.5,32.0,67.4,60.1,36.6,42.9,38.1,58.8,47.7,33.7,27.5,49.1,36.7,41.4,21.9,59.0,35.9,33.8,37.3,
무안군 - 여자 - 인구십만명당 자살률,Statistics,11.3,8.5,14.5,8.9,18.6,9.6,9.7,9.8,16.1,18.5,23.1,24.7,13.4,21.3,15.6,20.0,17.2,14.7,17.1,17.1,9.9,21.7,22.7,20.0,
무주군 - 계 - 인구십만명당 자살률,Statistics,19.2,16.4,30.2,34.3,7.3,34.0,26.9,35.1,34.8,42.0,46.3,46.8,39.1,19.6,39.6,15.8,23.8,40.0,24.2,28.5,24.6,20.8,29.4,17.0,
무주군 - 남자 - 인구십만명당 자살률,Statistics,32.3,26.5,27.2,55.6,7.4,60.9,46.3,46.8,69.7,38.4,69.9,55.1,55.1,31.7,64.0,24.0,40.1,72.7,40.7,32.8,41.3,16.7,33.7,25.5,
무주군 - 여자 - 인구십만명당 자살률,Statistics,6.4,6.5,33.3,13.6,7.3,7.5,7.7,23.4,,45.6,23.0,38.7,23.2,7.8,15.7,7.8,7.9,7.9,8.0,24.2,8.2,24.8,25.1,8.5,
문경시 - 계 - 인구십만명당 자살률,Statistics,28.7,26.7,26.8,24.3,26.7,28.6,24.1,29.8,42.4,24.0,50.0,39.1,54.9,31.7,26.6,30.6,25.2,24.1,34.0,31.9,25.2,25.3,29.7,27.0,24.5
문경시 - 남자 - 인구십만명당 자살률,Statistics,44.4,26.9,36.2,35.2,22.1,40.2,35.9,42.0,50.9,32.3,61.3,60.9,74.5,51.0,32.4,40.6,37.9,32.8,55.6,48.1,37.1,42.9,48.9,34.7,38.2
문경시 - 여자 - 인구십만명당 자살률,Statistics,13.2,26.4,17.6,13.7,31.2,17.2,12.5,17.9,34.1,15.8,38.9,18.0,36.0,13.0,20.9,20.9,13.0,15.8,13.4,16.3,13.7,8.3,11.1,19.5,11.3
미추홀구 - 계 - 인구십만명당 자살률,Statistics,,,,,,,,,,,,,,,,,,,,36.9,27.7,29.2,33.9,28.0,37.7
미추홀구 - 남자 - 인구십만명당 자살률,Statistics,,,,,,,,,,,,,,,,,,,,50.1,40.5,46.0,46.0,37.9,57.2
미추홀구 - 여자 - 인구십만명당 자살률,Statistics,,,,,,,,,,,,,,,,,,,,23.4,14.8,12.0,21.6,17.9,17.9
밀양시 - 계 - 인구십만명당 자살률,Statistics,28.3,16.7,25.9,31.2,28.6,33.4,39.3,34.6,30.4,26.1,47.1,42.8,46.9,31.5,28.8,34.6,33.7,28.9,30.8,30.1,25.7,23.0,22.2,36.0,26.5
밀양시 - 남자 - 인구십만명당 자살률,Statistics,42.9,24.2,37.6,46.6,46.0,50.5,60.2,37.8,52.8,40.3,53.5,52.1,76.9,45.4,41.8,47.7,47.8,41.9,45.8,46.2,36.9,41.1,33.5,49.5,43.8
밀양시 - 여자 - 인구십만명당 자살률,Statistics,14.0,9.4,14.4,16.2,11.6,16.9,18.9,31.4,8.8,12.4,40.8,33.9,18.0,18.1,16.4,22.0,20.2,16.4,16.4,14.7,14.9,5.6,11.4,23.0,9.7
보령시 - 계 - 인구십만명당 자살률,Statistics,23.9,33.4,30.7,42.7,30.4,42.9,44.3,43.6,49.3,54.1,44.0,51.6,59.4,42.8,44.1,46.2,48.2,50.3,37.0,40.3,39.7,34.1,45.6,40.0,43.6
보령시 - 남자 - 인구십만명당 자살률,Statistics,40.5,47.8,37.0,63.6,45.9,64.9,61.9,47.6,71.6,73.7,68.5,74.3,95.3,47.1,66.4,74.4,63.0,66.9,42.3,66.0,56.9,43.5,71.9,58.7,55.4
보령시 - 여자 - 인구십만명당 자살률,Statistics,6.7,18.7,24.2,21.2,14.5,20.3,26.1,39.4,26.3,34.0,18.9,28.4,22.9,38.4,21.3,17.5,33.1,33.2,31.5,13.9,22.1,24.4,18.5,20.8,31.6
보성군 - 계 - 인구십만명당 자살률,Statistics,14.1,16.1,18.2,34.3,35.3,32.6,33.5,20.9,33.1,39.6,30.3,53.4,41.8,36.2,28.1,43.8,28.8,31.5,34.4,21.0,28.8,24.7,30.3,23.2,
보성군 - 남자 - 인구십만명당 자살률,Statistics,16.0,26.3,27.1,66.8,54.6,44.8,57.4,27.4,52.1,57.2,37.5,80.7,56.2,61.7,40.3,58.9,41.2,55.7,42.6,33.7,49.4,25.3,46.5,36.9,
보성군 - 여자 - 인구십만명당 자살률,Statistics,12.3,6.3,9.7,3.3,17.2,21.2,10.9,14.8,15.1,23.1,23.5,27.9,28.3,12.4,16.7,29.7,17.2,8.7,26.7,9.1,9.3,24.0,14.8,10.1,
보은군 - 계 - 인구십만명당 자살률,Statistics,20.0,31.9,30.5,19.4,30.2,59.7,23.9,35.4,47.5,22.7,37.2,49.0,63.8,38.0,61.7,17.7,58.9,35.4,44.3,29.8,33.3,30.9,37.6,38.0,
보은군 - 남자 - 인구십만명당 자살률,Statistics,35.2,36.2,37.2,28.9,45.0,82.6,26.5,43.5,44.5,17.0,45.7,69.1,81.1,58.4,111.8,29.5,82.5,47.1,82.7,41.7,60.3,42.9,55.9,56.5,
보은군 - 여자 - 인구십만명당 자살률,Statistics,4.5,27.6,23.6,9.8,15.2,36.6,21.4,27.3,50.4,28.5,28.6,28.8,46.4,17.5,11.7,5.9,35.4,23.6,5.9,17.9,6.1,18.6,18.9,19.2,
봉화군 - 계 - 인구십만명당 자살률,Statistics,35.5,29.8,42.7,44.3,58.0,49.4,27.0,41.5,48.1,45.9,29.0,32.1,61.8,50.5,44.7,17.9,29.8,36.0,27.2,21.4,37.3,22.2,22.7,42.9,
봉화군 - 남자 - 인구십만명당 자살률,Statistics,66.4,41.1,75.7,54.2,65.9,78.3,37.9,55.5,79.1,57.3,46.4,40.9,88.1,83.2,77.8,29.9,42.0,42.3,54.7,30.6,49.6,31.6,32.1,65.2,
봉화군 - 여자 - 인구십만명당 자살률,Statistics,4.4,18.4,9.5,34.5,50.2,20.7,16.1,27.7,17.0,34.5,11.6,23.4,35.3,17.8,11.9,5.9,17.8,29.8,,12.2,24.9,12.8,13.1,20.1,
부산광역시 - 계 - 인구십만명당 자살률,Statistics,12.6,12.8,15.7,15.9,22.0,27.1,26.8,22.5,25.7,27.4,32.1,32.9,31.9,30.0,29.0,28.7,29.0,27.2,26.3,27.9,30.1,27.4,27.7,27.3,29.1
부산광역시 - 남자 - 인구십만명당 자살률,Statistics,18.3,17.2,22.2,23.3,31.8,38.8,37.7,32.6,34.4,37.3,41.5,44.2,43.4,40.8,41.6,41.0,41.4,40.0,38.2,41.0,43.1,38.8,37.9,39.1,42.7
부산광역시 - 여자 - 인구십만명당 자살률,Statistics,6.8,8.5,9.1,8.6,12.3,15.5,16.1,12.5,17.1,17.7,22.8,21.8,20.7,19.4,16.7,16.6,16.9,14.7,14.8,15.1,17.6,16.4,17.9,16.0,16.2
부산진구 - 계 - 인구십만명당 자살률,Statistics,11.0,9.7,16.1,14.9,22.9,29.7,24.8,26.7,25.5,29.6,30.6,38.2,31.6,36.6,34.0,31.6,30.1,31.6,26.8,29.3,32.9,27.4,35.7,33.5,27.8
부산진구 - 남자 - 인구십만명당 자살률,Statistics,17.0,12.0,20.5,20.8,35.2,40.3,38.4,36.9,29.9,39.2,42.1,56.1,46.2,44.9,48.4,42.0,41.4,45.4,36.1,45.4,46.4,37.9,41.7,46.6,42.2
부산진구 - 여자 - 인구십만명당 자살률,Statistics,5.1,7.4,11.7,9.0,10.6,19.1,11.2,16.6,21.1,20.3,19.4,20.7,17.3,28.5,19.9,21.5,19.1,18.3,18.0,14.0,20.2,17.5,30.1,21.3,14.6
부안군 - 계 - 인구십만명당 자살률,Statistics,34.4,17.1,22.6,36.9,41.9,32.6,47.0,54.6,33.6,57.0,52.9,46.7,38.9,35.9,34.2,44.9,44.1,23.0,32.1,36.5,39.3,42.1,31.3,43.8,
부안군 - 남자 - 인구십만명당 자살률,Statistics,51.6,29.2,35.0,47.1,46.7,47.9,67.4,72.4,54.8,85.4,73.3,47.2,61.5,51.8,51.8,66.3,74.9,32.2,57.5,58.8,67.8,65.5,39.3,64.1,
부안군 - 여자 - 인구십만명당 자살률,Statistics,17.6,5.2,10.5,27.0,37.2,17.6,27.1,37.1,12.7,29.1,32.8,46.3,16.8,20.3,16.9,24.0,14.0,14.0,7.1,14.5,11.2,19.0,23.3,23.8,
부여군 - 계 - 인구십만명당 자살률,Statistics,19.8,19.2,28.4,19.1,36.9,41.5,32.8,36.0,36.8,53.0,48.6,48.1,38.0,41.2,54.0,32.2,49.5,24.3,43.5,39.7,35.9,27.5,26.5,35.0,
부여군 - 남자 - 인구십만명당 자살률,Statistics,25.0,27.7,37.2,22.5,43.9,61.7,38.8,42.2,45.7,64.7,73.5,53.4,59.6,41.2,69.3,39.3,65.4,34.5,46.7,65.2,63.4,40.0,31.4,54.5,
부여군 - 여자 - 인구십만명당 자살률,Statistics,14.5,10.6,19.6,15.7,30.0,21.4,26.8,29.8,27.9,41.4,23.7,42.8,16.3,41.2,38.8,25.1,33.8,14.2,40.4,14.6,8.9,15.2,21.7,15.8,
부천시 - 계 - 인구십만명당 자살률,Statistics,8.6,6.1,7.5,12.9,17.8,17.4,19.3,18.9,18.3,21.9,27.7,27.1,28.3,26.1,25.0,25.7,27.0,23.5,21.2,23.2,27.0,25.5,22.5,22.8,26.5
부천시 - 남자 - 인구십만명당 자살률,Statistics,12.0,7.6,9.9,16.6,25.3,25.2,26.0,26.4,22.4,27.6,37.1,36.8,39.0,33.6,30.5,36.2,36.3,34.5,31.4,35.0,39.8,34.3,28.1,31.8,37.8
부천시 - 여자 - 인구십만명당 자살률,Statistics,5.2,4.4,4.9,9.1,10.2,9.5,12.5,11.3,14.2,16.2,18.3,17.3,17.6,18.6,19.6,15.3,17.7,12.6,11.1,11.6,14.4,16.8,17.0,14.0,15.4
부평구 - 계 - 인구십만명당 자살률,Statistics,15.1,13.8,10.2,16.2,20.3,17.1,21.3,19.2,24.4,25.8,28.4,28.1,32.1,27.6,26.6,29.6,23.4,25.6,25.8,28.1,29.5,25.9,28.0,25.4,31.9
부평구 - 남자 - 인구십만명당 자살률,Statistics,20.4,16.6,13.4,23.9,30.0,24.0,25.5,24.5,33.9,30.5,37.0,37.6,44.1,37.6,37.0,41.5,32.1,29.5,35.9,41.4,41.0,34.2,35.8,34.7,44.5
부평구 - 여자 - 인구십만명당 자살률,Statistics,9.6,10.9,7.0,8.4,10.5,10.1,17.1,13.8,14.8,21.1,19.8,18.5,20.1,17.7,16.3,17.7,14.8,21.8,15.8,15.1,18.2,17.9,20.3,16.3,19.7
북구 - 계 - 인구십만명당 자살률,Statistics,10.6,14.0,16.5,16.8,22.5,28.2,27.8,16.2,20.7,23.6,32.5,28.2,28.3,31.5,27.8,21.9,23.8,26.6,23.6,26.8,32.5,30.5,25.5,27.9,27.6
북구 - 남자 - 인구십만명당 자살률,Statistics,17.8,17.5,24.4,24.5,32.6,39.3,38.2,23.4,31.1,32.3,43.0,38.5,43.6,39.0,40.9,30.8,30.2,37.8,38.4,40.6,53.2,39.6,33.0,44.9,39.9
북구 - 여자 - 인구십만명당 자살률,Statistics,3.3,10.5,8.4,8.9,12.4,17.0,17.4,9.0,10.4,14.9,22.1,17.9,13.0,24.0,14.8,13.0,17.5,15.5,9.1,13.3,12.2,21.5,18.2,11.3,15.7
북제주군 - 계 - 인구십만명당 자살률,Statistics,24.8,19.9,21.0,19.9,34.6,39.3,37.2,,,,,,,,,,,,,,,,,,
북제주군 - 남자 - 인구십만명당 자살률,Statistics,31.8,25.8,35.9,31.8,53.0,52.6,47.8,,,,,,,,,,,,,,,,,,
북제주군 - 여자 - 인구십만명당 자살률,Statistics,17.9,14.0,6.0,8.0,15.9,25.7,26.3,,,,,,,,,,,,,,,,,,
분당구 - 계 - 인구십만명당 자살률,Statistics,6.7,5.4,5.8,11.1,12.5,12.0,15.2,12.3,15.8,17.6,20.0,22.6,20.1,17.9,17.9,18.4,16.3,15.0,18.9,19.9,17.4,15.4,14.6,12.7,19.0
분당구 - 남자 - 인구십만명당 자살률,Statistics,8.3,6.7,8.1,14.0,15.5,13.0,15.9,16.4,16.8,18.4,24.8,28.8,23.4,21.0,19.2,23.2,20.6,18.6,23.6,25.1,22.9,18.9,19.8,13.8,24.4
분당구 - 여자 - 인구십만명당 자살률,Statistics,5.1,4.0,3.5,8.3,9.5,10.9,14.6,8.4,14.8,16.8,15.4,16.7,17.0,14.8,16.7,13.8,12.1,11.7,14.4,14.9,12.3,12.1,9.7,11.7,13.9
사상구 - 계 - 인구십만명당 자살률,Statistics,10.6,11.1,16.6,15.8,18.6,28.4,30.0,21.1,27.9,31.2,28.3,30.2,37.1,34.8,31.3,33.4,33.2,38.2,30.6,29.5,33.9,28.1,28.3,29.3,33.6
사상구 - 남자 - 인구십만명당 자살률,Statistics,12.1,15.8,22.3,22.5,25.0,44.2,37.3,30.8,33.7,44.8,35.8,40.8,55.8,51.9,44.7,43.8,49.6,51.6,49.1,44.0,50.7,39.9,46.6,42.7,56.0
사상구 - 여자 - 인구십만명당 자살률,Statistics,9.0,6.1,10.8,8.9,11.9,12.1,22.5,11.1,22.0,17.0,20.5,19.2,17.7,17.1,17.4,22.7,16.2,24.4,11.5,14.5,16.7,16.1,9.7,15.7,10.9
사천시 - 계 - 인구십만명당 자살률,Statistics,24.2,18.4,26.0,31.3,34.5,34.3,34.8,25.9,33.8,35.5,27.5,29.2,32.7,23.7,28.7,28.5,31.3,25.4,22.0,28.3,27.7,30.7,33.7,21.1,35.8
사천시 - 남자 - 인구십만명당 자살률,Statistics,35.1,28.5,41.9,44.0,36.3,40.5,44.6,23.2,35.5,47.7,40.5,45.8,45.7,28.0,43.3,37.9,50.2,40.1,31.5,35.1,37.2,59.1,54.1,30.8,54.5
사천시 - 여자 - 인구십만명당 자살률,Statistics,13.3,8.4,10.1,18.6,32.8,28.2,25.0,28.7,32.1,23.2,14.3,12.5,19.6,19.4,14.0,19.1,12.2,10.6,12.4,21.4,18.0,1.8,12.9,11.1,16.7
사하구 - 계 - 인구십만명당 자살률,Statistics,12.0,13.9,15.8,17.6,18.6,25.1,27.1,22.2,26.0,24.1,32.8,31.3,34.2,24.2,22.7,24.8,31.7,22.5,30.5,28.4,33.6,26.8,23.8,29.1,29.8
사하구 - 남자 - 인구십만명당 자살률,Statistics,19.9,18.5,23.8,23.0,26.5,36.2,39.1,30.3,36.1,28.5,42.4,44.1,44.0,34.2,33.9,35.0,46.8,30.6,43.6,45.9,46.8,35.2,36.0,43.9,37.8
사하구 - 여자 - 인구십만명당 자살률,Statistics,4.1,9.3,7.8,12.1,10.6,13.9,15.0,14.1,15.9,19.7,23.2,18.5,24.4,14.3,11.5,14.6,16.6,14.4,17.5,11.0,20.5,18.4,11.7,14.4,21.9
산청군 - 계 - 인구십만명당 자살률,Statistics,37.4,26.4,42.0,43.3,28.8,45.6,71.1,38.9,33.8,48.4,48.6,45.6,56.7,56.6,42.3,28.1,50.5,44.7,27.8,25.1,31.1,34.4,29.1,26.4,
산청군 - 남자 - 인구십만명당 자살률,Statistics,42.8,39.2,55.5,41.6,37.5,71.4,89.7,45.6,46.4,82.0,70.6,46.8,87.1,86.7,51.7,45.9,63.0,57.1,34.1,45.5,40.4,52.6,41.4,53.5,
산청군 - 여자 - 인구십만명당 자살률,Statistics,32.1,14.2,29.1,44.8,20.4,20.9,53.4,32.5,21.9,16.6,27.8,44.5,27.7,27.7,33.2,11.0,38.5,32.9,21.8,5.5,22.2,16.9,17.2,,
삼척시 - 계 - 인구십만명당 자살률,Statistics,18.8,15.6,24.7,30.5,52.2,38.7,43.4,37.3,36.5,39.5,46.2,34.9,43.4,33.5,20.8,43.1,40.9,23.0,27.8,28.0,19.4,24.4,29.7,50.6,33.4
삼척시 - 남자 - 인구십만명당 자살률,Statistics,37.1,26.1,29.4,40.4,64.7,55.5,53.8,60.3,41.8,47.5,49.7,33.1,52.5,43.9,32.6,54.3,60.9,28.3,43.3,43.7,26.4,27.0,49.5,68.7,50.2
삼척시 - 여자 - 인구십만명당 자살률,Statistics,,4.8,19.9,20.5,39.5,21.5,32.9,13.9,31.1,31.4,42.6,36.8,34.0,22.7,8.5,31.3,20.2,17.5,11.9,12.0,12.1,21.6,9.5,32.0,16.1
상당구 - 계 - 인구십만명당 자살률,Statistics,17.9,15.0,13.7,14.7,25.3,21.0,23.7,16.7,19.3,28.6,32.6,27.7,31.3,30.9,28.5,30.2,26.0,44.3,25.1,34.1,25.5,26.8,25.1,25.2,25.3
상당구 - 남자 - 인구십만명당 자살률,Statistics,24.0,18.1,19.7,23.6,36.9,30.3,36.7,25.0,23.0,33.2,41.0,36.6,38.5,36.1,41.6,45.9,39.6,61.1,39.8,52.3,36.4,40.6,28.5,36.2,26.4
상당구 - 여자 - 인구십만명당 자살률,Statistics,11.9,11.9,7.7,5.9,13.8,11.8,10.9,8.5,15.7,24.0,24.4,18.9,24.1,25.8,15.6,14.5,12.4,27.6,10.5,16.1,14.7,13.0,21.8,14.3,24.1
상록구 - 계 - 인구십만명당 자살률,Statistics,,,,14.0,16.9,21.8,19.2,17.9,22.9,23.2,33.6,28.8,31.4,25.4,29.8,30.1,27.3,30.2,28.9,26.1,33.7,30.4,30.1,29.5,31.1
상록구 - 남자 - 인구십만명당 자살률,Statistics,,,,18.0,23.0,24.3,29.0,25.5,24.9,28.8,37.2,34.6,48.1,36.5,42.6,46.2,32.8,40.5,39.9,41.5,45.3,40.4,41.1,44.9,40.1
상록구 - 여자 - 인구십만명당 자살률,Statistics,,,,9.9,10.7,19.2,9.2,10.1,20.8,17.3,29.8,22.8,14.1,14.0,16.6,13.4,21.6,19.6,17.6,10.2,21.7,20.1,18.7,13.6,21.7
상주시 - 계 - 인구십만명당 자살률,Statistics,26.5,24.6,15.4,32.4,32.4,43.9,38.6,32.0,33.5,42.5,31.2,40.8,50.8,29.0,38.8,41.0,33.4,44.4,27.8,44.1,40.1,26.5,30.2,27.4,24.4
상주시 - 남자 - 인구십만명당 자살률,Statistics,39.4,38.5,21.3,45.4,41.5,60.6,52.9,37.2,43.5,65.2,42.2,51.9,85.5,35.3,45.4,63.6,52.0,60.5,42.6,65.5,55.2,31.1,36.1,40.7,38.9
상주시 - 여자 - 인구십만명당 자살률,Statistics,13.9,11.0,9.6,19.7,23.6,27.7,24.7,27.0,23.8,20.4,20.5,29.9,17.0,22.8,32.5,19.2,15.4,29.0,13.6,23.5,25.6,22.0,24.6,14.5,10.4
서구 - 계 - 인구십만명당 자살률,Statistics,16.8,13.4,17.6,15.3,24.6,36.3,33.3,28.3,29.7,28.2,26.6,31.3,33.6,37.6,27.3,29.3,41.9,29.5,24.7,32.4,36.4,20.8,26.6,26.8,33.6
서구 - 남자 - 인구십만명당 자살률,Statistics,26.4,19.3,33.0,22.9,34.5,63.3,47.2,36.5,41.8,41.4,25.2,43.6,36.3,64.0,37.9,40.1,63.8,49.0,35.5,47.3,59.3,35.0,29.5,33.7,55.8
서구 - 여자 - 인구십만명당 자살률,Statistics,7.4,7.6,2.6,7.9,14.9,9.7,19.7,20.2,17.8,15.2,28.1,19.2,30.9,11.6,16.9,18.7,20.6,10.5,14.4,18.1,14.6,7.3,24.0,20.4,13.0
서귀포시 - 계 - 인구십만명당 자살률,Statistics,24.6,23.3,18.7,22.4,32.2,19.2,36.0,26.3,31.7,27.4,34.1,36.1,36.1,38.0,35.1,28.9,31.8,24.0,25.4,28.0,31.1,37.1,31.9,26.7,28.9
서귀포시 - 남자 - 인구십만명당 자살률,Statistics,42.4,25.8,25.9,30.8,52.6,28.8,50.4,39.6,51.5,35.0,44.3,52.2,45.6,53.3,49.0,49.5,39.5,32.0,37.6,45.4,50.5,57.0,51.2,46.5,41.2
서귀포시 - 여자 - 인구십만명당 자살률,Statistics,7.0,20.9,11.7,14.1,11.9,9.6,21.5,12.9,11.7,19.7,23.7,19.8,26.5,22.5,21.0,7.8,24.0,15.8,12.9,10.2,11.3,16.8,12.2,6.6,16.5
서대문구 - 계 - 인구십만명당 자살률,Statistics,12.1,8.2,10.6,11.8,14.5,20.9,21.4,14.9,20.4,23.5,20.0,23.6,29.7,27.5,25.9,19.6,22.6,24.1,18.6,24.6,26.1,24.3,26.1,23.2,22.1
서대문구 - 남자 - 인구십만명당 자살률,Statistics,16.6,14.3,16.5,16.1,23.7,30.9,33.0,22.7,25.2,26.4,24.2,28.5,42.4,39.1,37.2,24.8,33.0,38.2,28.3,35.3,31.5,34.9,35.2,32.6,29.8
서대문구 - 여자 - 인구십만명당 자살률,Statistics,7.6,2.2,4.9,7.6,5.5,11.2,10.1,7.3,15.7,20.7,16.0,18.8,17.5,16.5,15.2,14.7,12.8,10.8,9.5,14.6,21.0,14.5,17.7,14.5,15.1
서북구 - 계 - 인구십만명당 자살률,Statistics,,,,,,,,,,17.6,22.1,37.3,32.0,31.0,24.0,29.8,26.9,26.3,28.5,32.4,29.9,31.7,27.7,30.2,33.3
서북구 - 남자 - 인구십만명당 자살률,Statistics,,,,,,,,,,24.9,28.1,45.2,37.8,40.7,38.1,37.3,38.9,35.9,43.5,46.5,41.4,43.6,32.6,41.2,45.7
서북구 - 여자 - 인구십만명당 자살률,Statistics,,,,,,,,,,10.1,16.1,29.1,26.0,21.0,9.4,22.1,14.4,16.3,12.8,17.7,17.9,19.2,22.6,18.5,20.2
서산시 - 계 - 인구십만명당 자살률,Statistics,27.9,18.6,22.0,25.5,37.3,41.7,37.9,29.2,48.0,41.9,50.7,61.5,51.8,47.0,37.2,33.7,47.6,33.6,36.4,36.6,46.1,29.8,29.6,32.4,41.5
서산시 - 남자 - 인구십만명당 자살률,Statistics,38.0,30.2,30.3,31.9,47.6,55.1,51.3,39.3,62.1,53.2,67.2,81.3,72.2,59.3,47.7,50.6,54.5,42.5,52.5,47.4,61.3,36.5,39.4,47.9,58.8
서산시 - 여자 - 인구십만명당 자살률,Statistics,17.5,6.7,13.5,19.0,26.9,28.1,24.3,18.9,33.4,30.1,33.5,41.0,30.6,34.2,26.2,16.1,40.3,24.2,19.3,25.2,29.8,22.7,19.0,15.4,22.6
서울특별시 - 계 - 인구십만명당 자살률,Statistics,10.4,9.1,9.4,13.6,16.5,18.7,19.9,17.3,20.3,21.6,26.1,26.2,26.9,23.8,25.6,24.7,23.2,23.0,21.3,22.5,22.5,22.7,22.6,21.4,23.2
서울특별시 - 남자 - 인구십만명당 자살률,Statistics,14.6,12.9,12.6,18.8,22.2,25.8,26.2,24.1,24.7,26.1,32.2,34.2,37.4,32.1,35.7,34.7,32.1,32.5,30.7,31.3,30.8,30.3,30.5,28.9,31.2
서울특별시 - 여자 - 인구십만명당 자살률,Statistics,6.1,5.2,6.2,8.4,10.8,11.7,13.7,10.5,15.9,17.1,20.0,18.3,16.6,15.6,15.7,15.1,14.6,13.9,12.2,14.2,14.5,15.4,15.0,14.4,15.6
서원구 - 계 - 인구십만명당 자살률,Statistics,,,,,,,,,,,,,,,,24.0,25.3,25.8,25.0,24.5,28.3,20.2,24.9,27.7,31.4
서원구 - 남자 - 인구십만명당 자살률,Statistics,,,,,,,,,,,,,,,,35.0,33.7,33.4,28.0,39.0,40.3,30.6,32.4,30.4,44.8
서원구 - 여자 - 인구십만명당 자살률,Statistics,,,,,,,,,,,,,,,,13.2,17.1,18.3,22.1,10.3,16.5,10.0,17.5,25.0,18.0
서천군 - 계 - 인구십만명당 자살률,Statistics,25.3,31.3,33.8,19.6,26.2,37.6,40.0,36.2,37.2,37.8,51.4,43.5,38.8,37.5,56.8,50.4,38.8,39.3,34.5,37.0,41.6,50.2,39.3,45.8,
서천군 - 남자 - 인구십만명당 자살률,Statistics,38.1,39.4,54.4,28.2,41.0,45.4,46.5,47.7,52.2,53.1,67.1,57.6,58.2,58.8,80.3,67.1,67.9,54.5,51.6,60.0,61.2,78.0,63.6,80.7,
서천군 - 여자 - 인구십만명당 자살률,Statistics,12.6,23.4,13.4,11.1,11.5,29.8,33.6,25.0,22.4,22.8,36.1,29.7,20.0,16.8,33.9,34.2,10.4,24.7,17.9,14.6,22.5,22.9,15.5,11.8,
서초구 - 계 - 인구십만명당 자살률,Statistics,7.5,7.8,8.3,8.2,8.2,14.8,17.2,16.3,17.4,19.2,15.4,22.0,19.2,14.7,20.6,15.3,15.2,17.3,14.9,17.0,15.3,18.1,18.5,17.1,16.7
서초구 - 남자 - 인구십만명당 자살률,Statistics,12.1,9.1,10.8,8.3,11.9,18.5,21.9,17.2,21.7,18.7,14.9,35.8,21.3,18.9,25.4,19.8,15.1,23.7,19.6,22.9,19.2,25.4,25.4,21.8,25.1
서초구 - 여자 - 인구십만명당 자살률,Statistics,3.0,6.4,6.0,8.0,4.5,11.3,12.7,15.4,13.4,19.7,15.9,9.1,17.2,10.9,16.1,11.0,15.3,11.4,10.6,11.6,11.8,11.4,12.1,12.8,9.0
성남시 - 계 - 인구십만명당 자살률,Statistics,10.0,9.9,9.8,14.7,18.6,16.4,20.1,15.7,21.0,19.2,26.6,27.3,26.8,24.4,25.5,25.0,26.9,22.5,23.8,25.7,23.8,21.3,19.1,20.9,24.1
성남시 - 남자 - 인구십만명당 자살률,Statistics,14.9,14.9,15.9,19.3,23.2,23.0,25.6,20.9,25.4,21.9,34.3,37.4,34.4,32.1,32.9,34.9,36.6,31.2,32.4,37.2,32.4,26.9,25.7,26.4,34.7
성남시 - 여자 - 인구십만명당 자살률,Statistics,5.0,4.8,3.7,10.1,13.9,9.7,14.5,10.5,16.5,16.5,18.9,17.3,19.3,16.7,18.1,15.2,17.3,13.8,15.3,14.4,15.4,15.7,12.6,15.5,13.8
성동구 - 계 - 인구십만명당 자살률,Statistics,13.0,9.7,8.8,14.4,17.1,19.5,17.1,17.3,24.9,25.0,28.6,27.1,26.4,25.4,29.9,20.5,26.4,23.9,22.6,20.3,19.1,24.0,21.7,26.0,23.1
성동구 - 남자 - 인구십만명당 자살률,Statistics,19.2,14.0,12.8,17.4,25.1,23.4,24.1,27.9,31.6,26.5,34.0,36.6,38.7,34.6,39.5,26.1,34.5,34.4,34.1,27.0,28.0,31.5,28.7,35.9,32.7
성동구 - 여자 - 인구십만명당 자살률,Statistics,6.7,5.4,4.7,11.3,8.9,15.4,10.1,6.6,18.0,23.5,23.2,17.7,14.0,16.3,20.3,15.0,18.4,13.5,11.3,13.7,10.5,16.8,15.0,16.7,14.0
성북구 - 계 - 인구십만명당 자살률,Statistics,12.2,10.5,11.4,14.3,15.8,17.3,22.5,19.5,20.4,19.3,28.2,30.1,28.0,22.1,26.9,19.4,20.6,23.3,21.9,24.8,25.7,20.8,24.5,18.3,22.3
성북구 - 남자 - 인구십만명당 자살률,Statistics,15.9,15.3,11.3,19.1,20.0,26.1,31.2,28.4,28.2,26.9,35.3,38.9,38.4,26.9,39.2,26.3,30.0,33.8,32.2,34.2,38.7,26.8,34.9,28.7,28.4
성북구 - 여자 - 인구십만명당 자살률,Statistics,8.5,5.6,11.5,9.4,11.6,8.4,14.0,10.6,12.7,11.8,21.3,21.5,17.7,17.4,15.0,12.7,11.6,13.1,12.0,15.8,13.5,15.2,14.9,8.6,16.7
성산구 - 계 - 인구십만명당 자살률,Statistics,,,,,,,,,,,,24.3,19.7,17.1,17.6,21.3,15.7,14.7,17.9,28.2,17.9,19.8,18.2,23.3,27.6
성산구 - 남자 - 인구십만명당 자살률,Statistics,,,,,,,,,,,,31.1,26.0,19.8,26.4,24.4,21.6,18.5,22.2,39.7,26.3,24.4,26.2,29.9,33.5
성산구 - 여자 - 인구십만명당 자살률,Statistics,,,,,,,,,,,,17.1,13.2,14.2,8.4,18.0,9.6,10.6,13.4,16.2,9.2,15.1,9.9,16.4,21.5
성주군 - 계 - 인구십만명당 자살률,Statistics,17.1,23.2,23.6,27.4,31.9,37.3,38.0,40.7,36.9,33.1,44.1,26.5,42.2,28.9,47.0,24.6,29.1,38.0,17.8,33.6,27.3,20.7,35.0,30.5,
성주군 - 남자 - 인구십만명당 자살률,Statistics,26.3,30.5,35.0,38.7,51.2,57.2,58.2,54.7,55.3,47.5,73.5,34.7,47.8,34.7,65.4,35.0,39.3,69.7,26.1,43.6,39.6,31.2,40.5,36.2,
성주군 - 여자 - 인구십만명당 자살률,Statistics,7.7,15.7,12.0,15.8,12.1,16.9,17.2,26.2,17.8,18.0,13.5,18.0,36.3,22.8,27.6,13.8,18.4,4.6,9.2,23.1,14.1,9.5,29.0,24.4,
세종시 - 계 - 인구십만명당 자살률,Statistics,,,,,,,,,,,,,,41.6,19.7,18.1,22.5,23.9,17.7,26.0,22.4,18.4,19.0,23.3,20.0
세종시 - 남자 - 인구십만명당 자살률,Statistics,,,,,,,,,,,,,,51.2,26.9,24.3,32.7,31.8,28.4,37.9,26.4,18.5,24.3,34.0,22.5
세종시 - 여자 - 인구십만명당 자살률,Statistics,,,,,,,,,,,,,,31.6,12.2,11.7,12.1,15.9,6.9,14.2,18.4,18.4,13.8,12.7,17.6
세종특별자치시 - 계 - 인구십만명당 자살률,Statistics,,,,,,,,,,,,,,41.6,19.7,18.1,22.5,23.9,17.7,26.0,22.4,18.4,19.0,23.3,20.0
세종특별자치시 - 남자 - 인구십만명당 자살률,Statistics,,,,,,,,,,,,,,51.2,26.9,24.3,32.7,31.8,28.4,37.9,26.4,18.5,24.3,34.0,22.5
세종특별자치시 - 여자 - 인구십만명당 자살률,Statistics,,,,,,,,,,,,,,31.6,12.2,11.7,12.1,15.9,6.9,14.2,18.4,18.4,13.8,12.7,17.6
소사구 - 계 - 인구십만명당 자살률,Statistics,8.9,5.0,12.0,13.4,22.2,20.2,21.1,18.6,18.5,20.1,24.8,28.4,30.2,21.8,27.6,25.2,28.8,,,,,,,,
소사구 - 남자 - 인구십만명당 자살률,Statistics,12.7,3.0,16.8,16.7,33.5,32.9,27.6,30.8,22.8,22.6,29.5,38.4,47.1,33.2,35.2,38.3,38.1,,,,,,,,
소사구 - 여자 - 인구십만명당 자살률,Statistics,5.0,7.1,7.1,10.0,10.7,7.4,14.4,6.2,14.1,17.6,20.1,18.4,13.1,10.5,20.1,12.3,19.7,,,,,,,,
속초시 - 계 - 인구십만명당 자살률,Statistics,12.5,10.1,24.4,26.6,31.3,42.9,37.7,35.8,31.5,37.7,35.6,46.6,58.8,39.8,32.7,40.2,35.6,43.1,32.0,33.2,39.5,45.4,28.0,35.2,23.1
속초시 - 남자 - 인구십만명당 자살률,Statistics,18.3,15.8,35.8,47.1,42.9,70.9,48.6,58.5,37.9,43.0,36.2,65.5,75.5,63.7,51.6,54.5,57.3,62.6,47.5,47.5,62.6,67.0,49.1,53.9,41.8
속초시 - 여자 - 인구십만명당 자살률,Statistics,6.8,4.4,13.2,6.6,19.9,15.6,27.1,13.7,25.3,32.5,35.1,28.2,42.6,16.6,14.3,26.4,14.5,24.3,17.0,19.4,17.0,24.3,7.2,16.8,4.8
송파구 - 계 - 인구십만명당 자살률,Statistics,6.1,5.6,5.9,11.5,13.4,13.7,17.0,16.7,18.0,17.6,21.8,20.2,22.2,17.6,19.3,20.2,19.6,19.4,19.8,15.8,19.0,20.4,17.4,17.8,19.0
송파구 - 남자 - 인구십만명당 자살률,Statistics,6.6,8.5,7.9,15.4,16.5,20.4,20.0,23.0,21.4,19.2,28.3,26.4,33.3,23.2,30.3,27.1,24.1,26.5,25.2,22.0,26.8,26.2,24.0,21.6,24.6
송파구 - 여자 - 인구십만명당 자살률,Statistics,5.7,2.7,3.9,7.6,10.4,7.1,14.1,10.4,14.8,16.2,15.4,14.2,11.6,12.3,8.9,13.6,15.2,12.6,14.6,10.1,11.7,14.9,11.2,14.2,13.9
수성구 - 계 - 인구십만명당 자살률,Statistics,13.7,10.4,10.7,10.6,17.0,17.3,18.6,14.8,21.9,22.7,24.5,23.8,23.8,23.4,20.3,23.7,21.9,16.6,20.7,22.6,25.0,25.7,20.3,26.4,26.2
수성구 - 남자 - 인구십만명당 자살률,Statistics,14.3,11.8,13.6,13.3,23.3,21.6,23.8,15.6,28.2,29.3,28.6,32.0,27.6,31.7,26.8,30.5,33.5,21.1,29.8,30.4,31.8,32.2,27.7,36.6,34.0
수성구 - 여자 - 인구십만명당 자살률,Statistics,13.0,9.1,7.8,7.9,10.7,12.9,13.5,14.0,15.6,16.3,20.4,15.9,20.2,15.5,14.1,17.2,10.8,12.3,12.0,15.3,18.6,19.7,13.4,16.9,18.9
수영구 - 계 - 인구십만명당 자살률,Statistics,8.0,9.7,14.2,9.5,16.9,26.3,20.0,26.4,17.4,24.2,31.6,36.2,27.4,28.6,28.2,24.6,27.6,27.6,25.9,25.5,27.0,40.1,25.2,25.9,33.4
수영구 - 남자 - 인구십만명당 자살률,Statistics,11.9,13.2,18.9,15.9,26.5,36.6,27.4,42.6,26.6,30.1,37.2,42.1,31.9,39.1,38.2,34.4,32.9,38.9,36.6,32.2,36.3,54.4,35.2,37.9,50.3
수영구 - 여자 - 인구십만명당 자살률,Statistics,4.2,6.4,9.7,3.3,7.7,16.4,13.0,10.9,8.7,18.6,26.3,30.7,23.2,18.8,18.9,15.4,22.7,17.2,16.1,19.5,18.6,27.2,16.3,15.2,18.5
수원시 - 계 - 인구십만명당 자살률,Statistics,11.9,10.2,12.0,16.5,17.0,20.4,19.8,17.8,19.8,25.4,27.7,30.0,29.6,24.9,26.2,22.8,23.8,22.8,20.8,22.2,25.2,23.6,25.8,24.1,22.4
수원시 - 남자 - 인구십만명당 자살률,Statistics,16.7,11.8,17.0,22.5,23.4,27.7,24.9,20.5,20.9,30.8,34.4,34.5,40.0,33.6,33.2,32.6,34.1,29.8,26.9,29.7,31.8,31.1,33.3,31.1,29.8
수원시 - 여자 - 인구십만명당 자살률,Statistics,7.1,8.7,6.9,10.5,10.4,13.0,14.7,15.0,18.6,19.9,21.0,25.4,19.1,16.2,19.1,12.9,13.4,15.7,14.7,14.7,18.6,16.0,18.3,17.0,14.9
수정구 - 계 - 인구십만명당 자살률,Statistics,14.0,15.9,13.2,18.9,26.2,20.7,18.7,19.6,26.3,23.4,36.7,31.7,35.0,28.6,29.0,29.7,45.4,29.2,29.9,33.2,30.8,25.6,23.7,28.5,29.8
수정구 - 남자 - 인구십만명당 자살률,Statistics,21.4,26.8,23.0,22.1,32.6,34.7,25.5,23.4,34.3,28.0,44.1,43.5,49.5,38.2,43.2,42.4,61.3,44.2,41.0,52.8,40.3,29.5,31.8,41.8,47.7
수정구 - 여자 - 인구십만명당 자살률,Statistics,6.3,4.7,3.2,15.7,19.5,6.2,11.6,15.6,18.1,18.5,29.0,19.6,20.0,18.5,14.4,16.5,29.0,13.7,18.4,13.1,21.0,21.5,15.4,14.9,11.4
수지구 - 계 - 인구십만명당 자살률,Statistics,,,,,,,12.8,14.0,15.2,14.2,14.5,12.9,24.6,18.3,20.2,16.6,15.5,17.4,15.2,16.1,15.8,13.2,15.5,12.8,20.5
수지구 - 남자 - 인구십만명당 자살률,Statistics,,,,,,,15.8,16.8,14.0,12.3,17.2,12.8,30.6,26.6,27.7,24.9,17.4,16.6,21.7,19.7,19.3,16.6,18.1,11.0,24.0
수지구 - 여자 - 인구십만명당 자살률,Statistics,,,,,,,10.0,11.3,16.2,15.9,11.9,13.0,18.8,10.3,13.0,8.7,13.8,18.2,9.0,12.7,12.4,10.0,13.1,14.6,17.2
순창군 - 계 - 인구십만명당 자살률,Statistics,13.8,14.2,23.4,36.2,47.0,25.3,28.2,21.7,34.1,31.8,68.7,49.8,47.2,23.7,30.0,19.9,29.9,43.4,27.0,34.1,27.9,14.3,36.8,26.2,
순창군 - 남자 - 인구십만명당 자살률,Statistics,16.7,23.1,23.8,61.6,57.6,38.8,51.4,31.8,63.6,65.2,113.7,74.5,55.0,41.6,48.1,34.2,41.0,69.0,48.9,56.4,57.6,22.1,52.6,45.7,
순창군 - 여자 - 인구십만명당 자살률,Statistics,10.9,5.6,22.9,11.8,36.8,12.4,6.1,12.1,6.0,,25.6,26.1,39.7,6.6,12.9,6.4,19.4,19.4,6.5,13.2,,7.0,21.6,7.4,
순천시 - 계 - 인구십만명당 자살률,Statistics,21.3,12.3,15.1,18.4,19.2,16.7,17.4,20.7,19.6,18.5,23.0,20.7,28.8,22.5,27.8,23.3,27.5,24.9,22.3,23.7,20.1,23.6,28.1,19.3,24.1
순천시 - 남자 - 인구십만명당 자살률,Statistics,27.7,13.4,18.5,21.4,29.6,26.0,25.9,28.1,25.2,28.9,31.2,30.3,39.8,30.2,32.9,37.1,39.8,39.0,31.8,37.5,31.7,35.9,42.1,25.8,30.3
순천시 - 여자 - 인구십만명당 자살률,Statistics,15.0,11.1,11.8,15.4,8.9,7.4,8.9,13.3,14.1,8.1,14.8,11.1,17.7,14.7,22.7,9.4,15.2,10.8,12.9,10.0,8.6,11.4,14.2,12.9,17.9
시흥시 - 계 - 인구십만명당 자살률,Statistics,8.8,12.1,12.2,11.9,15.2,17.7,25.1,22.4,23.6,23.5,26.1,34.1,32.6,27.2,30.7,27.0,28.8,24.4,26.7,27.4,27.3,24.4,25.2,24.7,27.6
시흥시 - 남자 - 인구십만명당 자살률,Statistics,10.1,16.7,14.3,17.4,19.8,20.2,29.7,24.2,30.0,26.4,35.3,45.1,48.5,40.1,43.1,36.1,40.4,36.6,36.6,40.9,36.0,34.8,34.3,32.3,41.8
시흥시 - 여자 - 인구십만명당 자살률,Statistics,7.5,7.4,10.0,6.0,10.3,15.0,20.1,20.4,16.6,20.3,15.9,22.0,15.2,13.2,17.0,17.1,16.0,11.1,16.0,12.7,17.8,13.0,15.4,16.4,12.2
신안군 - 계 - 인구십만명당 자살률,Statistics,30.5,16.7,11.5,31.7,51.8,36.6,38.3,21.5,25.9,34.9,41.8,42.1,45.1,27.5,25.3,46.0,20.9,32.9,26.2,31.5,14.9,33.2,39.2,10.6,
신안군 - 남자 - 인구십만명당 자살률,Statistics,42.5,29.2,18.9,50.9,71.1,40.3,46.0,29.5,33.7,34.0,59.7,60.1,43.5,44.1,17.6,70.3,17.7,35.7,40.6,45.7,14.0,38.3,58.7,14.8,
신안군 - 여자 - 인구십만명당 자살률,Statistics,18.1,3.7,3.9,12.0,32.1,32.9,30.3,13.1,17.7,35.9,22.7,22.9,46.8,9.5,33.6,19.3,24.5,29.9,10.1,15.5,15.9,27.3,16.8,5.7,
아산시 - 계 - 인구십만명당 자살률,Statistics,30.0,20.8,20.0,25.4,30.2,28.4,34.5,29.3,33.3,36.3,34.2,33.1,44.0,33.0,33.3,33.3,27.9,26.1,28.5,30.6,30.5,31.6,27.0,27.7,29.8
아산시 - 남자 - 인구십만명당 자살률,Statistics,44.0,24.9,29.8,35.7,50.8,35.5,47.1,40.9,41.8,52.6,53.0,45.5,53.6,48.4,38.9,40.0,42.5,35.3,39.5,46.3,41.6,41.9,36.2,35.7,43.6
아산시 - 여자 - 인구십만명당 자살률,Statistics,15.7,16.7,9.8,15.0,9.4,21.4,21.8,17.5,24.4,19.4,14.7,20.3,34.1,17.0,27.5,26.2,12.5,16.5,16.9,14.0,18.6,20.5,17.0,19.0,14.8
안동시 - 계 - 인구십만명당 자살률,Statistics,27.3,21.6,25.7,26.0,37.2,33.2,33.0,31.8,33.3,32.2,44.2,42.5,46.1,38.9,37.0,32.8,26.2,32.1,22.8,29.4,24.3,25.2,26.7,29.0,30.0
안동시 - 남자 - 인구십만명당 자살률,Statistics,36.3,30.2,35.0,35.5,46.2,43.5,41.7,41.2,45.3,40.8,61.4,53.2,69.0,58.1,56.8,41.1,32.6,47.0,37.7,45.8,29.0,33.1,36.0,44.3,39.6
안동시 - 여자 - 인구십만명당 자살률,Statistics,18.2,13.0,16.4,16.6,28.1,22.8,24.3,22.3,21.3,23.7,27.3,32.0,23.7,20.1,17.7,24.7,20.0,17.6,8.3,13.3,19.8,17.5,17.6,14.0,20.6
안산시 - 계 - 인구십만명당 자살률,Statistics,13.9,13.6,12.4,15.4,19.1,22.3,21.7,18.1,24.1,22.9,33.2,31.0,32.2,25.4,31.4,30.5,29.3,29.2,26.7,25.7,31.0,28.6,28.7,25.7,32.9
안산시 - 남자 - 인구십만명당 자살률,Statistics,18.8,19.1,18.8,22.0,27.7,28.1,29.6,25.2,29.5,27.9,38.4,35.7,47.2,35.6,45.3,45.3,39.0,39.6,37.3,38.9,44.2,38.6,39.7,37.4,44.9
안산시 - 여자 - 인구십만명당 자살률,Statistics,8.7,7.8,5.7,8.4,9.9,16.2,13.4,10.7,18.4,17.7,27.8,26.1,16.5,14.7,16.8,15.1,19.1,18.5,15.7,11.7,17.0,18.0,17.1,13.4,20.4
안성시 - 계 - 인구십만명당 자살률,Statistics,27.5,29.8,27.3,34.5,28.7,29.4,37.9,27.1,32.8,35.4,46.4,40.9,41.0,41.1,37.7,31.5,33.9,26.1,28.7,30.8,29.7,31.0,30.5,32.4,28.7
안성시 - 남자 - 인구십만명당 자살률,Statistics,43.8,41.2,39.8,53.3,42.3,32.3,59.6,42.3,47.5,48.4,64.6,55.3,58.4,58.9,60.8,49.9,41.5,40.3,38.8,44.0,42.8,41.2,38.3,48.3,41.2
안성시 - 여자 - 인구십만명당 자살률,Statistics,10.8,18.1,14.5,15.4,14.9,26.5,15.6,11.5,17.6,22.0,27.5,25.8,22.9,22.7,13.6,12.4,26.1,11.3,18.0,16.9,15.8,20.2,22.1,15.4,15.4
안양시 - 계 - 인구십만명당 자살률,Statistics,9.1,8.1,11.1,14.3,18.8,20.1,18.5,18.9,14.7,14.8,23.8,24.5,28.4,21.5,20.7,22.2,22.2,22.5,20.6,21.5,22.8,22.2,21.5,21.7,18.0
안양시 - 남자 - 인구십만명당 자살률,Statistics,14.0,11.6,17.3,17.8,29.3,28.7,23.4,24.3,18.0,20.3,31.1,29.3,39.6,28.4,25.9,31.9,28.1,30.6,29.2,29.4,28.5,26.7,29.7,31.6,25.3
안양시 - 여자 - 인구십만명당 자살률,Statistics,4.1,4.5,4.8,10.8,8.4,11.4,13.5,13.4,11.5,9.3,16.5,19.8,17.2,14.8,15.5,12.6,16.4,14.4,12.2,13.7,17.1,17.9,13.4,12.0,10.9
양구군 - 계 - 인구십만명당 자살률,Statistics,29.3,17.0,38.6,43.7,53.9,54.9,41.7,32.7,32.8,37.5,46.9,51.1,68.4,71.4,17.4,21.2,29.4,37.7,29.4,42.6,34.9,31.3,18.3,27.9,
양구군 - 남자 - 인구십만명당 자살률,Statistics,49.1,24.9,58.8,77.2,61.3,62.1,71.8,45.3,45.1,44.8,71.8,62.3,95.4,101.1,32.6,39.7,31.3,62.2,46.9,71.6,57.3,42.0,25.8,53.0,
양구군 - 여자 - 인구십만명당 자살률,Statistics,8.6,8.7,17.5,8.9,46.1,47.3,9.6,19.4,19.5,29.4,19.7,39.0,38.5,38.0,,,27.1,9.1,9.1,9.2,9.3,19.1,9.7,,
양산시 - 계 - 인구십만명당 자살률,Statistics,17.7,13.2,13.2,16.7,31.2,34.9,28.9,30.3,23.1,26.1,35.3,36.1,32.1,25.1,23.0,26.0,25.4,24.7,25.4,33.6,30.7,29.1,25.0,29.4,31.7
양산시 - 남자 - 인구십만명당 자살률,Statistics,23.0,16.8,21.1,23.4,44.8,49.5,40.0,44.2,30.3,33.4,41.0,50.0,44.1,36.5,34.9,39.8,34.3,33.0,32.3,53.0,48.6,38.2,33.4,44.1,46.4
양산시 - 여자 - 인구십만명당 자살률,Statistics,12.3,9.6,5.1,9.9,17.4,20.0,17.6,16.2,15.8,18.7,29.4,22.1,20.0,13.6,11.0,12.0,16.3,16.3,18.5,14.1,12.7,20.1,16.5,14.7,17.0
양양군 - 계 - 인구십만명당 자살률,Statistics,41.9,29.5,39.8,63.1,63.8,58.0,72.0,55.4,52.5,38.9,57.1,57.4,50.4,72.2,58.0,32.8,32.9,36.8,37.0,33.3,65.9,47.1,36.0,39.6,
양양군 - 남자 - 인구십만명당 자살률,Statistics,70.7,39.0,52.4,72.1,99.3,80.4,128.1,88.6,68.9,34.8,70.2,98.6,56.4,106.0,78.1,64.3,57.5,65.2,43.6,43.6,108.0,42.7,49.5,49.4,
양양군 - 여자 - 인구십만명당 자살률,Statistics,12.9,19.8,26.8,53.8,27.3,34.7,14.0,21.1,35.6,43.1,43.5,14.6,44.2,36.9,37.1,,7.4,7.5,30.2,22.6,22.3,51.6,22.1,29.4,
양주군 - 계 - 인구십만명당 자살률,Statistics,22.8,27.5,18.2,27.3,,,,,,,,,,,,,,,,,,,,,
양주군 - 남자 - 인구십만명당 자살률,Statistics,31.2,35.9,27.5,37.6,,,,,,,,,,,,,,,,,,,,,
양주군 - 여자 - 인구십만명당 자살률,Statistics,13.8,18.4,8.2,16.3,,,,,,,,,,,,,,,,,,,,,
양주시 - 계 - 인구십만명당 자살률,Statistics,,,,,35.7,35.3,37.7,27.2,32.6,31.7,33.7,36.1,30.5,39.2,36.8,37.7,25.2,30.0,26.6,29.6,34.9,24.5,24.2,25.6,31.4
양주시 - 남자 - 인구십만명당 자살률,Statistics,,,,,52.0,51.7,52.1,34.1,41.2,35.8,44.2,47.7,44.8,55.3,43.7,54.4,32.2,45.6,41.9,45.4,52.5,38.6,28.1,33.1,47.4
양주시 - 여자 - 인구십만명당 자살률,Statistics,,,,,18.4,17.8,22.4,19.9,23.5,27.4,22.7,23.9,15.6,22.6,29.8,20.4,18.1,13.9,10.8,13.3,16.8,9.9,20.1,17.8,15.1
양천구 - 계 - 인구십만명당 자살률,Statistics,10.6,10.1,10.5,14.9,13.4,13.6,15.1,15.0,20.1,16.3,23.3,22.7,22.6,22.5,20.2,19.2,24.8,19.3,17.9,18.6,18.4,19.3,17.2,17.9,22.3
양천구 - 남자 - 인구십만명당 자살률,Statistics,16.1,15.2,15.1,17.2,17.6,18.7,14.5,20.8,23.1,19.5,29.6,26.6,29.7,31.0,27.6,27.5,34.5,28.1,28.1,28.1,23.2,23.5,24.2,24.6,29.6
양천구 - 여자 - 인구십만명당 자살률,Statistics,5.0,5.0,5.8,12.5,9.1,8.6,15.7,9.2,17.1,13.1,17.1,18.8,15.7,14.1,13.0,11.1,15.2,10.8,8.0,9.4,13.8,15.2,10.5,11.5,15.2
양평군 - 계 - 인구십만명당 자살률,Statistics,27.0,40.1,18.1,15.7,44.4,45.1,40.0,41.9,44.8,43.9,51.9,49.4,45.5,43.0,27.4,39.6,27.4,23.9,33.0,32.3,38.1,29.1,22.7,19.0,
양평군 - 남자 - 인구십만명당 자살률,Statistics,46.1,50.5,24.0,16.7,49.9,44.7,48.8,55.3,54.5,60.1,74.1,72.1,69.6,59.5,38.9,63.1,35.5,34.5,54.7,52.0,56.9,40.9,28.4,31.2,
양평군 - 여자 - 인구십만명당 자살률,Statistics,7.4,29.4,12.2,14.6,38.7,45.5,30.9,28.2,34.8,27.3,29.0,26.1,20.9,26.2,15.8,15.6,19.1,13.0,10.8,12.3,19.2,17.2,16.9,6.6,
여수시 - 계 - 인구십만명당 자살률,Statistics,18.6,13.5,15.8,17.9,24.9,20.5,24.7,15.0,17.9,19.0,26.5,24.3,27.5,25.1,24.5,28.3,25.3,21.9,19.6,25.4,22.4,21.4,22.7,28.7,26.4
여수시 - 남자 - 인구십만명당 자살률,Statistics,25.4,20.1,22.8,26.2,32.9,29.6,31.4,22.5,26.0,24.1,36.3,31.1,37.4,38.8,40.9,38.9,36.9,32.2,28.3,41.8,37.1,28.1,32.5,39.3,33.2
여수시 - 여자 - 인구십만명당 자살률,Statistics,11.7,6.8,8.8,9.5,16.8,11.2,18.0,7.4,9.5,13.7,16.5,17.3,17.4,11.2,7.7,17.5,13.3,11.3,10.6,8.6,7.2,14.6,12.5,17.8,19.4
여주군 - 계 - 인구십만명당 자살률,Statistics,33.5,31.2,30.7,37.3,38.4,43.3,37.5,37.3,20.8,39.2,43.6,43.4,48.9,45.2,,,,,,,,,,,
여주군 - 남자 - 인구십만명당 자살률,Statistics,42.9,40.5,39.9,41.7,53.1,64.5,54.9,58.5,26.1,46.2,62.6,58.6,65.8,58.4,,,,,,,,,,,
여주군 - 여자 - 인구십만명당 자살률,Statistics,24.0,21.7,21.4,32.9,23.3,21.4,19.5,15.5,15.3,32.1,24.4,28.0,31.7,31.7,,,,,,,,,,,
여주시 - 계 - 인구십만명당 자살률,Statistics,,,,,,,,,,,,,,,38.7,37.6,30.9,29.9,34.2,30.6,29.9,23.5,36.8,33.0,30.9
여주시 - 남자 - 인구십만명당 자살률,Statistics,,,,,,,,,,,,,,,43.8,43.6,45.0,42.9,41.0,51.7,44.6,32.0,49.5,43.8,48.6
여주시 - 여자 - 인구십만명당 자살률,Statistics,,,,,,,,,,,,,,,33.5,31.5,16.5,16.5,27.3,9.1,14.7,14.7,23.7,21.7,12.5
연기군 - 계 - 인구십만명당 자살률,Statistics,19.8,18.6,16.1,26.9,27.9,43.1,40.3,35.9,44.2,45.4,51.9,41.1,36.8,,,,,,,,,,,,
연기군 - 남자 - 인구십만명당 자살률,Statistics,22.2,24.6,24.5,36.3,31.2,66.3,46.8,44.7,50.6,56.8,74.2,61.1,55.4,,,,,,,,,,,,
연기군 - 여자 - 인구십만명당 자살률,Statistics,17.4,12.5,7.5,17.3,24.4,19.3,33.6,26.8,37.6,33.5,28.5,20.3,17.5,,,,,,,,,,,,
연수구 - 계 - 인구십만명당 자살률,Statistics,13.8,9.6,9.6,12.7,16.3,13.6,20.7,15.7,21.1,29.8,30.0,29.2,31.3,30.6,26.5,27.4,30.4,22.1,21.0,26.3,22.3,19.0,22.0,22.3,20.7
연수구 - 남자 - 인구십만명당 자살률,Statistics,18.4,7.6,16.8,16.9,23.2,20.2,29.1,23.0,25.1,31.2,39.9,34.9,35.5,41.0,36.1,45.6,44.3,30.0,30.5,38.7,31.9,23.1,30.3,28.7,25.5
연수구 - 여자 - 인구십만명당 자살률,Statistics,9.2,11.5,2.3,8.5,9.3,7.0,12.3,8.2,17.1,28.4,20.1,23.4,27.1,20.1,17.0,9.2,16.6,14.3,11.5,14.1,12.9,14.9,13.9,15.9,15.9
연제구 - 계 - 인구십만명당 자살률,Statistics,12.4,17.3,16.5,17.6,26.4,23.2,20.5,18.0,24.8,25.4,32.1,34.3,31.4,29.5,26.9,22.8,25.1,23.2,26.9,25.4,30.5,20.3,20.3,30.8,31.4
연제구 - 남자 - 인구십만명당 자살률,Statistics,15.0,21.4,22.3,27.3,38.9,33.2,24.7,27.0,38.7,31.3,46.8,45.2,40.4,34.7,34.1,27.6,34.4,38.5,35.1,37.1,45.0,26.0,28.1,45.8,42.0
연제구 - 여자 - 인구십만명당 자살률,Statistics,9.7,13.3,10.7,7.9,14.1,13.4,16.3,9.2,11.1,19.5,17.8,23.5,22.6,24.5,19.9,18.1,16.1,8.5,19.1,14.2,16.9,14.9,13.1,16.9,21.6
연천군 - 계 - 인구십만명당 자살률,Statistics,25.9,56.3,44.0,52.9,38.0,30.6,60.5,34.3,48.0,43.9,35.3,44.5,51.8,40.3,46.6,44.5,42.2,37.6,44.3,42.7,45.8,20.9,35.1,33.2,
연천군 - 남자 - 인구십만명당 자살률,Statistics,32.4,84.1,48.5,61.2,43.0,27.7,89.1,41.7,59.3,68.3,42.8,64.9,74.3,69.2,68.4,55.7,72.5,54.8,63.4,55.8,56.8,35.4,40.2,54.2,
연천군 - 여자 - 인구십만명당 자살률,Statistics,19.0,27.0,39.3,44.2,32.8,33.5,30.2,26.5,36.0,18.1,27.3,23.0,27.8,9.3,23.1,32.4,9.3,18.6,23.3,28.4,33.7,4.9,29.6,10.0,
영광군 - 계 - 인구십만명당 자살률,Statistics,31.9,16.3,9.8,32.1,32.0,40.9,35.4,32.9,28.6,49.6,36.5,36.9,46.0,37.2,29.9,47.6,25.0,50.5,25.6,27.8,31.8,34.0,32.6,25.0,
영광군 - 남자 - 인구십만명당 자살률,Statistics,34.5,24.4,11.2,38.1,39.9,50.6,45.2,39.7,54.1,65.4,45.5,53.0,64.0,49.8,45.9,81.4,28.7,83.2,36.6,48.3,56.2,60.5,46.0,30.9,
영광군 - 여자 - 인구십만명당 자살률,Statistics,29.3,8.1,8.4,26.1,24.2,31.3,25.6,26.2,3.3,34.0,27.6,21.0,28.2,24.7,14.0,14.1,21.4,18.0,14.6,7.4,7.5,7.5,19.1,19.2,
영덕군 - 계 - 인구십만명당 자살률,Statistics,33.7,17.3,7.9,23.5,10.0,19.4,35.2,26.2,26.7,30.2,42.6,41.1,24.6,34.9,27.6,22.8,25.6,31.0,36.4,31.6,21.4,41.1,22.5,31.6,
영덕군 - 남자 - 인구십만명당 자살률,Statistics,46.6,32.0,12.4,36.9,16.9,40.5,55.3,32.2,32.9,39.1,49.9,45.8,41.3,57.6,36.9,31.9,43.0,54.2,76.4,55.3,39.4,34.6,47.4,42.3,
영덕군 - 여자 - 인구십만명당 자살률,Statistics,21.7,3.7,3.8,11.2,3.8,,16.9,20.8,21.1,22.1,36.1,36.9,9.4,14.3,19.2,14.5,9.8,9.9,,10.1,5.1,47.0,,21.9,
영도구 - 계 - 인구십만명당 자살률,Statistics,12.1,11.3,17.0,24.3,31.9,36.3,28.6,18.0,21.0,32.5,44.0,39.0,49.8,35.9,39.1,34.9,46.6,36.6,35.0,25.9,38.7,29.2,30.7,24.8,27.2
영도구 - 남자 - 인구십만명당 자살률,Statistics,19.9,17.2,27.5,40.7,41.8,52.3,31.6,24.9,29.3,48.2,58.7,53.4,63.2,56.2,60.7,48.8,75.1,60.9,55.9,40.5,62.6,43.0,44.0,37.4,34.3
영도구 - 여자 - 인구십만명당 자살률,Statistics,4.2,5.4,6.6,7.9,22.0,20.2,25.5,11.2,12.7,16.9,29.3,24.6,36.4,15.7,17.6,21.1,18.5,12.6,14.5,11.6,15.3,15.7,17.8,12.7,20.2
영동군 - 계 - 인구십만명당 자살률,Statistics,23.1,25.3,20.7,30.1,34.6,39.4,34.5,39.0,41.6,25.9,47.7,47.7,29.9,41.8,41.8,31.8,37.7,47.8,52.0,22.2,40.9,25.1,32.3,44.2,
영동군 - 남자 - 인구십만명당 자살률,Statistics,29.9,33.8,24.3,42.6,54.8,48.9,49.9,43.0,55.6,24.0,71.6,71.8,44.0,55.8,56.0,56.0,55.8,79.7,72.2,36.5,53.6,42.1,56.3,62.0,
영동군 - 여자 - 인구십만명당 자살률,Statistics,16.5,16.8,17.2,17.7,14.5,29.9,19.1,35.0,27.7,27.8,23.8,23.8,15.9,27.8,27.8,7.9,19.8,15.9,31.9,8.0,28.4,8.3,8.6,26.5,
영등포구 - 계 - 인구십만명당 자살률,Statistics,7.9,7.6,8.4,13.7,17.5,17.0,21.1,18.1,19.3,24.0,26.8,24.3,31.7,22.7,18.6,25.2,22.8,25.9,20.2,22.5,23.0,21.3,20.1,18.8,18.3
영등포구 - 남자 - 인구십만명당 자살률,Statistics,9.8,10.7,12.1,19.8,24.3,21.5,27.2,25.2,25.7,26.2,34.1,31.1,47.9,30.9,30.3,36.0,31.6,38.2,29.9,31.2,34.6,26.5,26.7,26.2,27.4
영등포구 - 여자 - 인구십만명당 자살률,Statistics,6.0,4.5,4.5,7.5,10.5,12.5,14.9,10.9,12.9,21.8,19.3,17.5,15.3,14.5,6.8,14.3,13.9,13.6,10.5,13.8,11.6,16.2,13.8,11.6,9.5
영암군 - 계 - 인구십만명당 자살률,Statistics,19.7,27.4,10.8,23.3,21.9,33.4,16.1,24.3,24.5,28.1,38.4,26.8,33.6,33.6,35.6,18.8,22.4,47.3,32.3,20.1,36.9,28.0,30.2,41.9,
영암군 - 남자 - 인구십만명당 자살률,Statistics,30.3,36.6,18.5,43.3,34.3,50.8,19.2,38.7,39.0,36.0,49.3,32.9,36.2,39.5,49.8,23.5,33.7,75.2,45.4,32.0,53.8,39.9,36.5,80.5,
영암군 - 여자 - 인구십만명당 자살률,Statistics,9.1,18.3,3.1,3.1,9.4,16.0,12.9,9.8,9.9,20.1,27.1,20.5,30.9,27.5,20.8,14.0,10.6,18.0,18.4,7.5,19.0,15.4,23.5,,
영양군 - 계 - 인구십만명당 자살률,Statistics,46.4,21.6,44.5,59.7,38.0,43.9,39.8,30.3,56.8,26.4,69.7,43.5,71.6,55.5,49.8,60.9,50.4,22.7,11.5,17.4,70.6,36.0,42.7,37.2,
영양군 - 남자 - 인구십만명당 자살률,Statistics,67.7,26.1,53.7,101.9,57.5,59.4,60.6,41.0,62.9,42.8,76.0,66.0,78.1,44.9,89.8,112.4,68.2,23.0,11.6,23.5,106.8,60.4,61.2,37.2,
영양군 - 여자 - 인구십만명당 자살률,Statistics,25.3,17.3,35.4,18.2,18.8,28.9,19.6,19.9,50.9,10.4,63.5,21.5,65.3,65.8,10.9,10.9,33.1,22.4,11.4,11.5,35.0,11.9,24.3,37.1,
영월군 - 계 - 인구십만명당 자살률,Statistics,28.0,22.4,45.8,41.1,47.0,69.4,57.2,56.1,42.1,57.1,84.5,82.4,70.5,53.0,45.5,37.9,37.9,27.8,43.0,35.6,28.3,49.6,26.4,50.5,
영월군 - 남자 - 인구십만명당 자살률,Statistics,39.5,36.3,63.8,61.8,57.7,87.0,70.5,86.4,48.7,73.3,97.8,103.0,98.7,84.1,54.4,44.4,58.8,44.1,58.8,54.1,49.8,70.6,35.6,87.3,
영월군 - 여자 - 인구십만명당 자살률,Statistics,16.2,8.2,27.8,20.5,36.2,51.5,43.5,24.8,35.2,40.4,70.7,61.1,41.2,20.6,36.2,31.1,15.6,10.4,26.2,15.8,5.3,27.0,16.4,11.0,
영주시 - 계 - 인구십만명당 자살률,Statistics,22.4,27.2,24.6,27.5,24.8,29.3,38.2,32.2,37.9,39.3,38.7,29.1,35.3,48.6,36.5,27.0,29.2,29.4,31.4,25.3,32.3,24.2,35.3,33.6,29.9
영주시 - 남자 - 인구십만명당 자살률,Statistics,28.3,42.2,27.7,40.8,33.6,37.5,43.2,47.5,55.3,54.3,47.7,44.3,49.7,56.9,51.9,38.0,42.2,46.2,44.7,37.7,46.0,27.3,43.5,43.9,36.2
영주시 - 여자 - 인구십만명당 자살률,Statistics,16.4,12.1,21.6,14.1,16.0,21.2,33.3,16.9,20.6,24.4,29.8,14.1,21.1,40.5,21.3,16.2,16.4,12.8,18.4,13.0,18.8,21.1,27.2,23.5,23.7
영천시 - 계 - 인구십만명당 자살률,Statistics,27.8,22.4,21.9,19.7,31.6,28.8,39.7,28.3,31.3,31.5,34.8,44.8,38.0,34.3,39.8,27.0,36.1,41.1,33.1,38.9,35.5,32.5,48.3,42.5,30.9
영천시 - 남자 - 인구십만명당 자살률,Statistics,36.0,34.8,38.7,25.7,40.3,37.8,51.6,35.8,41.7,40.0,42.3,60.1,52.2,48.6,53.4,37.8,59.7,55.7,43.7,61.0,56.4,42.6,73.7,54.4,43.0
영천시 - 여자 - 인구십만명당 자살률,Statistics,19.6,9.9,5.1,13.7,22.9,19.8,27.7,20.7,20.9,22.9,27.1,29.4,23.6,19.8,26.1,16.1,12.1,26.3,22.3,16.1,14.0,22.0,22.0,30.1,18.3
영통구 - 계 - 인구십만명당 자살률,Statistics,,,,,12.8,16.9,13.5,17.6,14.6,15.2,19.3,19.7,16.0,15.9,16.1,17.2,16.6,17.2,14.8,12.2,17.7,17.7,16.7,16.6,14.2
영통구 - 남자 - 인구십만명당 자살률,Statistics,,,,,17.1,24.4,11.3,19.7,14.0,18.5,21.4,21.4,23.4,22.2,19.9,21.7,22.1,19.5,16.2,15.8,19.3,20.6,20.8,19.4,17.7
영통구 - 여자 - 인구십만명당 자살률,Statistics,,,,,8.3,9.1,15.7,15.4,15.2,11.8,17.1,18.0,8.5,9.5,12.2,12.6,11.0,15.0,13.5,8.6,16.2,14.8,12.7,13.9,10.6
예산군 - 계 - 인구십만명당 자살률,Statistics,27.7,39.0,28.8,36.3,41.5,37.5,47.1,38.8,40.4,39.6,63.9,74.9,54.6,51.4,37.7,46.2,35.9,45.2,17.5,33.9,45.5,57.6,32.5,37.7,
예산군 - 남자 - 인구십만명당 자살률,Statistics,28.7,54.5,31.7,58.5,62.2,51.3,56.8,55.3,53.6,47.3,95.4,103.2,81.0,72.3,61.1,66.2,54.9,65.8,24.8,52.6,70.5,86.7,44.0,54.4,
예산군 - 여자 - 인구십만명당 자살률,Statistics,26.8,23.4,25.8,14.1,20.8,23.6,37.4,22.3,27.0,31.8,32.1,46.3,28.0,30.5,14.2,26.1,16.8,24.6,10.0,15.1,20.3,28.3,20.9,20.9,
예천군 - 계 - 인구십만명당 자살률,Statistics,44.6,29.6,30.5,33.4,38.4,43.5,40.7,35.6,50.5,49.6,71.4,61.7,58.2,43.5,33.0,37.8,27.0,28.9,19.0,41.2,42.7,27.3,27.0,27.0,
예천군 - 남자 - 인구십만명당 자살률,Statistics,61.2,46.5,37.7,39.1,44.5,49.8,63.0,24.1,44.9,41.7,101.7,90.3,78.5,70.7,62.6,49.8,36.6,36.2,25.8,71.8,52.9,37.0,44.0,40.2,
예천군 - 여자 - 인구십만명당 자살률,Statistics,28.4,13.0,23.5,27.8,32.5,37.3,19.1,46.8,55.9,57.3,41.6,33.7,38.3,17.2,4.3,26.2,17.6,21.8,12.5,11.6,32.8,17.9,10.6,14.1,
오산시 - 계 - 인구십만명당 자살률,Statistics,11.1,15.7,9.1,11.3,19.6,17.5,22.3,21.8,22.7,23.0,31.0,26.4,31.5,24.0,27.7,26.2,26.6,18.4,28.6,23.2,24.3,27.3,28.8,24.0,29.7
오산시 - 남자 - 인구십만명당 자살률,Statistics,17.1,10.3,12.5,10.3,30.3,21.4,23.5,22.2,23.7,30.5,32.9,29.9,41.9,36.0,36.8,39.9,36.9,25.5,39.0,31.6,34.1,33.3,36.3,30.3,42.0
오산시 - 여자 - 인구십만명당 자살률,Statistics,5.0,21.2,5.5,12.3,8.7,13.6,21.1,21.4,21.7,15.2,29.0,22.7,20.7,11.5,18.2,11.9,15.9,10.9,17.6,14.3,13.9,21.0,20.9,17.3,16.4
오정구 - 계 - 인구십만명당 자살률,Statistics,8.6,4.8,5.3,9.9,16.3,16.4,23.9,20.2,17.8,23.1,33.4,32.0,35.3,28.8,29.7,28.5,28.9,,,,,,,,
오정구 - 남자 - 인구십만명당 자살률,Statistics,13.8,8.4,8.3,12.3,25.8,27.0,36.6,31.4,22.7,26.3,53.6,44.8,41.9,39.2,45.9,42.3,38.7,,,,,,,,
오정구 - 여자 - 인구십만명당 자살률,Statistics,3.3,1.1,2.1,7.5,6.4,5.4,10.8,8.6,12.8,19.8,12.5,18.9,28.5,18.1,12.9,14.2,18.8,,,,,,,,
옥천군 - 계 - 인구십만명당 자살률,Statistics,16.1,22.8,19.9,32.2,20.7,26.3,37.4,39.8,38.3,27.5,57.1,29.7,50.7,62.4,38.1,40.3,36.6,38.5,29.1,35.2,29.5,25.8,46.0,34.2,
옥천군 - 남자 - 인구십만명당 자살률,Statistics,25.6,22.7,33.0,53.8,34.2,27.8,31.8,39.4,39.8,29.1,73.1,36.9,85.8,90.1,49.2,64.8,49.7,61.4,46.3,38.8,46.8,27.5,63.4,39.9,
옥천군 - 여자 - 인구십만명당 자살률,Statistics,6.5,23.0,6.7,10.2,7.0,24.7,43.2,40.2,36.8,25.9,40.8,22.5,15.1,34.3,26.8,15.4,23.2,15.5,11.7,31.5,11.9,24.0,28.2,28.4,
옹진군 - 계 - 인구십만명당 자살률,Statistics,28.6,42.8,42.8,21.3,28.2,55.0,26.3,93.5,35.9,23.3,44.9,38.0,36.9,40.8,39.6,24.4,19.4,66.6,28.1,,14.5,24.6,24.7,14.7,
옹진군 - 남자 - 인구십만명당 자살률,Statistics,56.5,70.2,69.9,27.8,41.3,80.1,50.9,119.5,45.3,43.8,63.0,50.5,58.3,55.5,53.0,43.4,25.8,100.7,41.3,,17.1,43.2,26.0,17.2,
옹진군 - 여자 - 인구십만명당 자살률,Statistics,,14.5,14.5,14.5,14.4,28.3,,65.1,25.3,,24.2,23.5,11.5,22.7,22.5,,11.0,22.0,10.8,,11.2,,22.9,11.4,
완도군 - 계 - 인구십만명당 자살률,Statistics,18.9,19.1,18.1,18.7,32.2,21.5,16.8,12.0,28.2,30.6,42.1,20.3,14.9,31.7,28.1,33.9,30.3,34.3,21.1,35.0,15.8,30.0,30.6,25.0,
완도군 - 남자 - 인구십만명당 자살률,Statistics,26.1,32.4,21.2,31.4,45.4,23.2,27.0,13.8,31.8,39.8,55.3,29.8,18.7,37.6,41.5,26.5,41.9,57.3,26.9,58.1,27.5,51.7,48.6,49.7,
완도군 - 여자 - 인구십만명당 자살률,Statistics,11.6,5.9,15.1,6.2,19.2,19.7,6.7,10.3,24.5,21.5,29.1,11.0,11.1,25.9,14.9,41.2,18.9,11.4,15.4,11.7,4.0,8.0,12.3,,
완산구 - 계 - 인구십만명당 자살률,Statistics,8.9,10.0,10.5,10.6,19.3,20.9,17.2,18.6,20.9,25.4,24.1,23.4,27.3,22.7,24.8,26.2,23.1,20.4,22.9,24.8,26.4,27.0,23.2,24.6,23.7
완산구 - 남자 - 인구십만명당 자살률,Statistics,11.3,16.1,13.4,12.6,26.2,29.6,26.9,24.5,29.2,35.5,33.0,27.1,43.3,30.5,33.3,44.5,36.6,28.3,36.0,36.3,31.4,38.3,37.3,35.8,35.7
완산구 - 여자 - 인구십만명당 자살률,Statistics,6.7,4.2,7.7,8.7,12.6,12.6,7.9,12.9,12.9,15.6,15.6,19.9,12.0,15.2,16.8,8.6,10.2,13.0,10.3,13.9,21.8,16.2,9.8,14.0,12.4
완주군 - 계 - 인구십만명당 자살률,Statistics,38.4,20.1,23.4,39.7,32.1,33.7,27.7,25.2,49.3,36.0,46.5,34.5,49.9,28.3,27.9,26.1,20.6,24.3,23.1,24.3,34.5,30.6,23.1,30.6,
완주군 - 남자 - 인구십만명당 자살률,Statistics,59.3,27.7,43.5,54.8,53.4,47.0,42.1,32.5,65.3,55.7,57.8,48.5,78.6,50.6,36.3,33.2,38.0,39.1,36.9,39.1,48.3,32.0,38.5,46.7,
완주군 - 여자 - 인구십만명당 자살률,Statistics,16.7,12.1,2.4,23.9,9.7,19.8,12.4,17.3,32.4,14.9,34.5,19.6,19.5,4.8,19.1,18.7,2.2,8.7,8.6,8.7,19.9,29.3,6.8,13.5,
용산구 - 계 - 인구십만명당 자살률,Statistics,9.2,10.1,9.1,18.9,19.3,20.8,26.5,18.6,24.8,23.2,28.1,25.3,30.4,26.7,25.8,30.6,23.5,23.9,23.7,23.3,18.3,22.8,26.6,18.5,21.7
용산구 - 남자 - 인구십만명당 자살률,Statistics,12.7,15.2,15.9,26.3,25.1,33.3,35.3,26.4,31.3,25.8,35.1,33.6,49.3,32.1,38.8,46.6,30.1,31.5,33.7,31.0,25.4,29.2,40.8,26.0,28.4
용산구 - 여자 - 인구십만명당 자살률,Statistics,5.8,5.0,2.5,11.7,13.6,8.6,18.0,11.1,18.5,20.7,21.4,17.3,12.4,21.5,13.4,15.3,17.3,16.7,14.2,16.0,11.5,16.8,13.3,11.6,15.4
용인시 - 계 - 인구십만명당 자살률,Statistics,12.1,11.2,11.1,18.2,18.9,19.2,22.6,17.4,19.0,21.1,23.3,23.0,27.1,24.0,25.0,20.3,19.4,20.7,18.5,20.3,22.9,17.2,17.2,17.3,23.5
용인시 - 남자 - 인구십만명당 자살률,Statistics,18.6,16.8,15.4,22.3,24.2,25.2,28.4,22.5,20.2,24.3,28.9,28.2,35.8,32.1,35.1,27.2,27.0,27.0,25.4,27.2,31.4,22.6,20.7,21.7,31.3
용인시 - 여자 - 인구십만명당 자살률,Statistics,5.4,5.4,6.7,14.1,13.5,13.2,16.8,12.3,17.8,18.0,17.8,17.9,18.5,15.9,15.0,13.4,12.0,14.4,11.6,13.5,14.5,11.8,13.7,13.0,15.8
울릉군 - 계 - 인구십만명당 자살률,Statistics,18.9,19.4,9.9,20.5,42.4,65.1,,20.2,19.6,9.9,,38.4,28.4,19.0,19.3,19.7,30.0,10.1,,20.6,20.9,21.8,,22.6,
울릉군 - 남자 - 인구십만명당 자살률,Statistics,,18.7,19.3,19.9,41.2,83.8,,19.3,37.6,18.9,,18.3,36.1,36.1,36.5,37.1,56.2,18.8,,18.9,19.3,39.9,,41.1,
울릉군 - 여자 - 인구십만명당 자살률,Statistics,39.2,20.0,,21.0,43.7,45.0,,21.2,,,,60.4,19.9,,,,,,,22.5,22.9,,,,
울산광역시 - 계 - 인구십만명당 자살률,Statistics,13.0,12.2,14.9,13.8,21.8,19.0,20.2,16.2,18.9,21.9,24.8,24.4,25.6,23.2,24.8,25.4,24.3,23.5,24.4,27.1,28.2,26.4,28.5,26.3,32.7
울산광역시 - 남자 - 인구십만명당 자살률,Statistics,17.0,15.3,20.1,19.3,29.3,26.6,25.8,20.9,23.2,28.3,32.1,32.2,34.1,29.7,34.5,32.3,36.7,33.3,34.5,41.3,41.5,36.7,40.7,36.1,46.8
울산광역시 - 여자 - 인구십만명당 자살률,Statistics,8.9,8.9,9.4,7.9,13.8,11.1,14.2,11.3,14.3,15.1,17.0,16.0,16.7,16.3,14.6,18.0,11.2,13.1,13.8,12.1,14.2,15.6,15.5,16.1,17.9
울주군 - 계 - 인구십만명당 자살률,Statistics,17.1,15.3,21.5,21.1,30.1,19.0,28.7,23.9,30.0,22.4,27.4,22.3,31.2,34.1,32.3,18.5,25.5,23.8,23.3,30.9,29.8,25.2,21.2,27.1,
울주군 - 남자 - 인구십만명당 자살률,Statistics,19.9,14.5,30.5,28.7,40.8,27.0,39.3,25.6,38.0,32.3,37.3,32.5,47.3,49.3,46.9,22.2,37.8,34.7,31.9,47.5,44.6,40.2,25.4,36.7,
울주군 - 여자 - 인구십만명당 자살률,Statistics,14.2,16.3,12.2,13.1,19.0,10.6,17.6,22.1,21.6,12.0,17.0,11.4,14.3,18.1,16.9,14.7,12.4,12.3,14.1,13.1,14.0,9.3,16.8,16.8,
울진군 - 계 - 인구십만명당 자살률,Statistics,19.2,25.5,28.8,21.7,30.5,28.4,29.5,34.0,16.5,20.6,37.9,34.4,55.9,36.8,23.3,19.3,29.0,7.8,25.5,21.9,38.5,22.6,41.6,10.6,
울진군 - 남자 - 인구십만명당 자살률,Statistics,29.6,33.1,51.9,31.2,38.9,33.9,42.3,54.6,14.9,30.4,57.7,31.1,70.6,39.4,35.4,27.3,50.6,7.8,47.0,35.9,52.7,45.0,62.1,8.4,
울진군 - 여자 - 인구십만명당 자살률,Statistics,8.8,17.9,6.0,12.3,22.3,23.1,17.1,14.1,18.1,11.0,18.7,37.7,41.7,34.3,11.5,11.5,7.7,7.8,3.9,8.0,24.3,,20.9,12.7,
원미구 - 계 - 인구십만명당 자살률,Statistics,8.5,7.2,6.2,14.0,16.4,16.5,16.4,18.5,18.5,22.4,26.8,24.2,24.4,27.1,21.7,24.8,25.3,,,,,,,,
원미구 - 남자 - 인구십만명당 자살률,Statistics,10.7,9.7,7.1,18.5,21.1,20.7,20.6,22.0,22.1,30.7,33.8,32.4,33.5,31.3,21.4,32.4,34.4,,,,,,,,
원미구 - 여자 - 인구십만명당 자살률,Statistics,6.2,4.7,5.2,9.4,11.6,12.2,12.2,14.9,14.9,14.0,19.8,16.1,15.3,23.0,22.1,17.2,16.3,,,,,,,,
원주시 - 계 - 인구십만명당 자살률,Statistics,22.5,16.4,23.5,24.3,27.6,30.1,31.4,25.7,33.7,35.2,36.3,36.1,44.7,31.0,38.2,31.8,32.0,30.6,29.1,29.7,30.2,25.2,34.7,25.7,36.7
원주시 - 남자 - 인구십만명당 자살률,Statistics,37.3,26.9,33.8,34.9,40.3,41.9,44.1,38.6,40.6,51.9,51.1,46.0,52.3,45.3,56.9,51.6,45.4,39.9,43.6,45.5,42.1,30.6,46.7,39.5,52.2
원주시 - 여자 - 인구십만명당 자살률,Statistics,7.6,6.0,13.2,13.8,15.0,18.3,18.8,13.0,26.9,18.5,21.5,26.4,37.3,16.8,19.8,12.3,18.8,21.5,14.7,14.0,18.5,19.9,23.0,12.2,21.5
유성구 - 계 - 인구십만명당 자살률,Statistics,11.9,11.6,8.5,10.6,15.2,16.1,17.0,20.3,18.6,16.5,27.4,26.7,23.4,21.7,14.6,21.9,19.1,21.3,17.7,20.1,22.7,22.9,22.3,21.8,24.4
유성구 - 남자 - 인구십만명당 자살률,Statistics,15.5,13.9,11.9,15.4,20.7,17.9,22.3,22.2,20.8,19.4,34.6,32.6,27.7,22.5,20.5,29.1,22.8,29.9,16.7,25.1,29.6,31.2,28.9,25.8,28.0
유성구 - 여자 - 인구십만명당 자살률,Statistics,8.0,9.2,4.9,5.7,9.6,14.3,11.5,18.3,16.4,13.5,19.9,20.7,19.0,20.9,8.5,14.5,15.3,12.5,18.7,15.1,15.7,14.5,15.6,17.8,20.8
은평구 - 계 - 인구십만명당 자살률,Statistics,13.4,6.6,7.9,11.9,17.6,22.2,22.3,16.5,22.5,20.3,27.7,24.7,27.8,25.7,28.7,25.3,23.4,25.9,22.5,21.0,19.9,23.5,20.9,22.3,23.1
은평구 - 남자 - 인구십만명당 자살률,Statistics,19.4,9.8,11.6,17.6,23.8,33.4,30.6,22.9,28.0,26.0,34.2,28.3,40.0,35.4,46.2,36.9,33.0,35.0,30.8,26.4,24.5,34.4,26.6,27.0,32.6
은평구 - 여자 - 인구십만명당 자살률,Statistics,7.5,3.4,4.2,6.4,11.4,11.3,14.2,10.2,17.2,14.7,21.4,21.3,15.9,16.5,11.9,14.3,14.3,17.2,14.6,15.9,15.5,13.5,15.5,18.1,14.4
음성군 - 계 - 인구십만명당 자살률,Statistics,21.7,25.0,24.0,27.6,37.1,36.2,35.0,28.9,30.8,38.2,42.4,35.6,43.1,41.6,52.0,37.4,30.5,32.2,30.0,37.6,36.0,36.5,43.5,33.8,
음성군 - 남자 - 인구십만명당 자살률,Statistics,24.6,33.3,28.9,33.6,47.3,54.2,58.5,35.7,41.8,62.6,62.0,53.2,61.3,54.4,70.4,55.2,40.2,43.6,39.5,53.7,46.2,54.8,65.7,47.3,
음성군 - 여자 - 인구십만명당 자살률,Statistics,18.8,16.3,18.7,21.3,26.3,16.9,9.7,21.6,19.0,11.7,21.0,16.3,23.2,27.5,31.8,17.9,19.9,19.7,19.6,19.8,24.6,15.9,18.5,18.6,
의령군 - 계 - 인구십만명당 자살률,Statistics,27.9,14.3,29.4,45.3,27.5,30.7,28.4,51.0,41.2,35.4,49.0,33.1,40.1,30.0,47.1,34.3,38.3,32.0,43.1,36.2,29.3,29.8,37.8,15.3,
의령군 - 남자 - 인구십만명당 자살률,Statistics,34.9,17.9,49.2,50.5,51.0,38.5,32.9,53.2,52.9,53.7,61.3,48.2,69.5,27.7,49.0,57.0,72.4,59.1,44.6,44.9,37.7,38.1,69.2,31.0,
의령군 - 여자 - 인구십만명당 자살률,Statistics,21.5,11.0,11.3,40.5,5.9,23.5,24.2,49.0,30.5,18.5,37.7,19.1,12.9,32.1,45.5,13.2,6.7,6.8,41.7,28.1,21.4,21.9,7.4,,
의성군 - 계 - 인구십만명당 자살률,Statistics,33.9,36.1,38.6,27.6,38.8,34.2,35.2,47.1,61.1,42.8,30.2,63.1,67.7,45.8,51.8,38.2,38.7,42.9,41.4,30.4,36.4,42.6,25.6,25.9,
의성군 - 남자 - 인구십만명당 자살률,Statistics,53.0,49.4,59.2,44.7,66.9,42.2,43.5,70.1,62.1,53.5,44.3,90.2,106.0,61.1,87.6,52.1,60.4,68.7,57.7,46.6,58.7,51.4,36.2,40.5,
의성군 - 여자 - 인구십만명당 자살률,Statistics,15.0,23.0,18.4,10.9,11.3,26.4,27.2,24.7,60.2,32.5,16.5,36.9,30.7,31.1,17.5,24.9,18.0,18.2,25.7,14.9,15.0,34.1,15.4,11.7,
의왕시 - 계 - 인구십만명당 자살률,Statistics,9.5,7.6,11.4,10.9,13.7,16.6,22.6,15.5,8.1,17.8,28.3,30.0,17.0,17.2,25.0,23.4,17.2,20.5,18.1,16.9,22.4,18.6,19.1,16.8,13.9
의왕시 - 남자 - 인구십만명당 자살률,Statistics,13.6,13.3,14.5,16.9,11.5,23.3,28.6,23.8,8.7,19.1,37.5,40.2,25.7,26.4,35.8,34.2,24.2,33.4,20.7,23.5,32.1,28.7,26.0,18.8,19.0
의왕시 - 여자 - 인구십만명당 자살률,Statistics,5.3,1.7,8.3,4.7,16.0,9.8,16.6,7.1,7.4,16.5,19.0,19.6,8.2,8.0,14.1,12.7,10.2,7.7,15.5,10.4,12.8,8.7,12.2,14.8,8.7
의정부시 - 계 - 인구십만명당 자살률,Statistics,15.2,11.3,16.2,16.6,26.1,23.7,23.5,25.3,26.9,27.4,29.5,32.9,38.1,25.3,32.1,28.0,26.3,28.8,29.3,31.0,28.2,31.7,31.9,28.7,28.8
의정부시 - 남자 - 인구십만명당 자살률,Statistics,20.8,15.9,23.6,18.8,37.9,32.0,27.2,34.2,33.4,35.9,38.4,42.0,49.5,35.3,45.3,38.6,38.9,36.7,42.5,40.7,38.9,45.5,42.1,40.6,43.3
의정부시 - 여자 - 인구십만명당 자살률,Statistics,9.5,6.8,8.8,14.5,14.4,15.6,19.9,16.6,20.5,19.1,20.7,24.1,27.0,15.4,19.1,17.7,13.9,21.1,16.4,21.6,17.8,18.4,22.0,17.1,14.9
의창구 - 계 - 인구십만명당 자살률,Statistics,,,,,,,,,,,,24.8,25.1,30.4,27.2,25.0,27.7,20.9,25.5,23.8,27.1,27.4,23.6,21.8,24.3
의창구 - 남자 - 인구십만명당 자살률,Statistics,,,,,,,,,,,,32.9,31.2,48.0,40.2,32.2,39.9,27.9,35.9,33.6,32.5,41.7,28.9,33.7,32.2
의창구 - 여자 - 인구십만명당 자살률,Statistics,,,,,,,,,,,,16.3,18.7,12.1,13.6,17.6,15.1,13.7,14.6,13.7,21.6,12.6,18.2,9.4,16.2
이천시 - 계 - 인구십만명당 자살률,Statistics,22.5,20.9,21.0,26.0,32.6,27.3,30.8,25.9,27.7,34.7,33.0,42.7,38.1,30.5,30.4,25.5,27.5,23.3,25.7,25.9,25.3,23.2,31.0,24.8,27.1
이천시 - 남자 - 인구십만명당 자살률,Statistics,25.5,25.0,33.1,34.6,44.8,36.4,44.5,32.7,25.3,37.2,43.1,60.4,49.8,39.8,40.6,34.8,40.6,32.4,34.5,38.7,31.9,32.3,51.0,34.7,40.8
이천시 - 여자 - 인구십만명당 자살률,Statistics,19.4,16.7,8.7,17.2,20.2,18.0,16.9,18.9,30.2,32.1,22.6,24.4,26.1,20.9,19.9,15.9,14.0,13.8,16.5,12.5,18.3,13.4,9.4,14.0,12.2
익산시 - 계 - 인구십만명당 자살률,Statistics,19.4,15.5,20.3,22.0,29.3,26.3,29.3,25.6,34.0,26.0,33.4,29.8,40.2,32.4,29.6,26.4,29.6,30.4,28.2,29.5,33.6,24.7,30.2,26.9,34.3
익산시 - 남자 - 인구십만명당 자살률,Statistics,28.2,19.2,29.4,33.2,41.0,37.1,40.6,34.1,46.5,37.3,42.9,41.9,59.4,49.7,46.7,37.6,42.6,43.6,44.4,36.7,51.4,35.4,44.0,40.2,49.0
익산시 - 여자 - 인구십만명당 자살률,Statistics,10.7,11.9,11.3,10.8,17.7,15.4,18.1,17.0,21.6,14.8,24.0,17.7,20.9,15.0,12.5,15.2,16.6,17.3,12.0,22.3,15.9,14.1,16.4,13.8,19.8
인제군 - 계 - 인구십만명당 자살률,Statistics,43.9,26.6,33.0,30.5,40.3,46.5,30.6,24.5,43.4,34.5,44.4,47.6,41.0,43.7,27.9,52.6,49.0,21.4,27.7,43.5,25.2,25.4,25.2,46.7,
인제군 - 남자 - 인구십만명당 자살률,Statistics,51.3,45.9,46.7,41.6,60.0,59.7,53.0,29.3,53.2,53.9,60.7,60.6,35.8,40.9,34.7,75.5,56.9,33.8,39.9,51.8,40.8,41.1,29.0,57.2,
인제군 - 여자 - 인구십만명당 자살률,Statistics,36.1,6.1,18.5,18.8,19.2,32.2,6.4,19.2,32.5,13.2,26.5,33.3,46.9,47.0,20.0,26.5,39.7,6.7,13.4,33.8,6.9,6.9,20.6,34.1,
인천광역시 - 계 - 인구십만명당 자살률,Statistics,14.9,14.0,13.2,16.9,24.7,20.4,24.6,22.5,23.6,27.0,31.2,32.2,32.8,31.2,30.6,29.1,27.4,26.5,24.0,27.9,25.9,26.5,25.9,25.8,28.8
인천광역시 - 남자 - 인구십만명당 자살률,Statistics,20.9,18.7,19.5,23.0,35.2,28.8,31.1,30.9,31.1,33.3,41.0,42.6,43.6,43.4,42.5,42.5,38.9,35.7,34.7,39.6,37.7,37.0,34.5,35.0,40.8
인천광역시 - 여자 - 인구십만명당 자살률,Statistics,8.9,9.3,6.7,10.8,14.0,11.8,18.1,13.9,15.9,20.7,21.3,21.6,21.9,18.9,18.7,15.6,15.8,17.2,13.3,16.2,14.1,15.9,17.3,16.6,16.8
일산구 - 계 - 인구십만명당 자살률,Statistics,10.7,10.5,7.6,11.1,16.5,16.7,,,,,,,,,,,,,,,,,,,
일산구 - 남자 - 인구십만명당 자살률,Statistics,13.1,14.9,8.9,14.8,20.2,20.2,,,,,,,,,,,,,,,,,,,
일산구 - 여자 - 인구십만명당 자살률,Statistics,8.4,6.1,6.4,7.5,13.0,13.2,,,,,,,,,,,,,,,,,,,
일산동구 - 계 - 인구십만명당 자살률,Statistics,,,,,,,18.4,15.0,20.2,19.3,16.4,21.5,29.1,26.3,23.9,27.3,21.9,20.3,22.1,17.5,20.1,17.9,25.6,22.0,25.0
일산동구 - 남자 - 인구십만명당 자살률,Statistics,,,,,,,22.9,21.0,22.2,22.1,19.5,27.0,37.6,35.3,27.0,40.0,26.8,25.8,29.0,24.6,19.6,25.0,35.4,32.1,30.4
일산동구 - 여자 - 인구십만명당 자살률,Statistics,,,,,,,14.2,9.3,18.2,16.7,13.5,16.3,20.9,17.6,20.9,15.2,17.3,15.0,15.5,10.7,20.6,11.2,16.4,12.5,20.0
일산서구 - 계 - 인구십만명당 자살률,Statistics,,,,,,,21.4,16.9,12.4,15.2,16.2,21.7,23.3,19.0,29.1,25.4,16.8,20.8,14.8,20.6,21.5,22.0,21.8,18.5,24.7
일산서구 - 남자 - 인구십만명당 자살률,Statistics,,,,,,,22.8,23.2,15.5,16.2,21.2,23.6,28.5,20.5,39.3,34.8,24.9,25.5,22.1,29.9,23.5,22.7,30.5,26.2,37.4
일산서구 - 여자 - 인구십만명당 자살률,Statistics,,,,,,,20.0,10.9,9.5,14.2,11.5,19.8,18.4,17.5,19.4,16.5,9.2,16.3,7.8,11.8,19.6,21.4,13.7,11.3,12.8
임실군 - 계 - 인구십만명당 자살률,Statistics,35.1,26.0,13.3,30.3,34.6,26.7,36.6,40.3,50.1,76.1,64.7,49.1,52.5,39.8,37.1,57.3,36.7,39.9,36.7,23.4,27.3,32.2,29.8,15.1,
임실군 - 남자 - 인구십만명당 자살률,Statistics,60.0,20.7,16.0,44.0,63.2,35.5,60.5,55.2,86.7,94.2,76.8,64.7,77.5,52.2,66.6,93.1,46.0,65.4,71.8,39.3,53.7,49.2,58.1,29.4,
임실군 - 여자 - 인구십만명당 자살률,Statistics,10.1,31.4,10.7,16.6,5.8,17.9,12.3,25.1,12.6,57.7,52.3,33.2,26.7,26.9,6.8,20.5,27.2,13.6,,6.8,,14.6,,,
장성군 - 계 - 인구십만명당 자살률,Statistics,14.1,28.5,10.8,33.6,38.4,47.2,40.3,39.2,33.6,44.7,40.9,43.4,32.7,34.9,34.9,41.4,37.0,28.4,32.8,35.1,24.2,35.8,29.8,18.6,
장성군 - 남자 - 인구십만명당 자살률,Statistics,24.5,38.9,18.0,40.9,45.9,66.4,63.7,44.8,57.9,66.8,50.7,72.3,42.8,38.6,55.9,64.6,51.7,47.5,51.9,60.6,43.1,56.6,49.2,36.2,
장성군 - 여자 - 인구십만명당 자살률,Statistics,3.6,17.9,3.6,26.2,30.9,27.7,16.3,33.4,8.5,21.7,30.8,13.3,22.2,31.1,13.3,17.7,22.0,8.8,13.3,8.9,4.5,13.8,9.4,,
장수군 - 계 - 인구십만명당 자살률,Statistics,16.5,29.9,26.4,17.6,17.9,35.6,42.7,32.7,47.2,63.3,59.1,64.2,34.5,52.0,26.0,30.2,38.8,47.1,12.9,26.1,57.2,27.1,22.9,18.6,
장수군 - 남자 - 인구십만명당 자살률,Statistics,26.6,47.0,53.8,28.6,36.4,57.9,54.6,48.9,63.0,103.3,109.9,94.2,51.9,87.1,43.6,52.2,52.2,86.6,8.7,43.8,70.8,36.2,18.4,18.6,
장수군 - 여자 - 인구십만명당 자살률,Statistics,6.5,13.2,,6.9,,14.0,30.9,16.4,31.4,23.6,8.4,34.2,17.2,17.2,8.6,8.6,25.6,8.5,17.1,8.6,43.8,18.0,27.4,18.6,
장안구 - 계 - 인구십만명당 자살률,Statistics,12.4,11.9,12.0,18.2,14.8,16.5,19.0,15.7,19.4,26.5,26.7,34.7,27.9,30.8,26.9,23.1,20.8,20.0,22.5,19.8,21.1,23.0,27.9,27.7,22.6
장안구 - 남자 - 인구십만명당 자살률,Statistics,18.4,16.5,15.8,23.8,18.2,22.4,25.3,20.9,17.3,33.5,36.0,36.9,37.7,41.3,30.5,34.0,28.1,27.6,31.3,23.5,27.7,34.1,38.7,38.2,29.5
장안구 - 여자 - 인구십만명당 자살률,Statistics,6.4,7.3,8.2,12.6,11.3,10.6,12.7,10.5,21.5,19.6,17.4,32.5,18.0,20.2,23.2,12.1,13.5,12.2,13.7,16.1,14.4,11.8,17.0,17.1,15.7
장흥군 - 계 - 인구십만명당 자살률,Statistics,30.2,12.9,15.2,21.6,28.6,21.2,23.9,51.1,45.5,34.8,30.6,49.9,30.9,40.2,54.1,46.7,34.8,45.5,15.0,25.4,51.8,34.3,40.6,38.9,
장흥군 - 남자 - 인구십만명당 자살률,Statistics,47.4,22.6,19.6,28.4,38.1,26.4,31.6,78.4,70.8,52.9,48.8,88.5,49.1,43.9,87.2,81.8,52.7,69.2,20.6,36.6,80.1,38.1,33.4,62.8,
장흥군 - 여자 - 인구십만명당 자살률,Statistics,13.9,3.6,11.1,15.2,19.7,16.3,16.8,25.7,22.0,17.9,13.7,13.8,13.8,36.7,22.8,13.6,18.0,23.2,9.7,14.8,25.2,30.8,47.5,16.3,
전국 - 계 - 인구십만명당 자살률,Statistics,15.1,13.7,14.6,18.0,22.7,23.9,24.8,22.0,24.9,26.0,31.0,31.2,31.7,28.1,28.5,27.3,26.5,25.6,24.3,26.6,26.9,25.7,26.0,25.2,27.3
전국 - 남자 - 인구십만명당 자살률,Statistics,21.1,19.0,20.3,24.7,31.2,32.6,33.1,29.7,31.6,33.4,39.9,41.4,43.3,38.2,39.8,38.4,37.5,36.2,34.9,38.5,38.0,35.5,35.9,35.3,38.3
전국 - 여자 - 인구십만명당 자살률,Statistics,9.1,8.4,8.7,11.2,14.1,15.0,16.6,14.2,18.2,18.7,22.1,21.0,20.1,18.0,17.3,16.1,15.5,15.0,13.8,14.8,15.8,15.9,16.2,15.1,16.5
전라남도 - 계 - 인구십만명당 자살률,Statistics,20.6,15.5,15.3,21.6,25.4,25.6,24.1,22.8,25.2,26.8,31.3,33.9,33.9,31.3,30.8,29.4,30.8,29.7,25.1,28.0,25.4,28.5,30.2,26.6,29.2
전라남도 - 남자 - 인구십만명당 자살률,Statistics,29.2,21.8,20.7,30.4,34.3,36.0,33.8,32.1,36.1,36.9,42.4,47.7,46.1,43.5,42.3,42.1,44.5,43.9,36.3,42.6,39.4,41.3,42.7,38.7,40.9
전라남도 - 여자 - 인구십만명당 자살률,Statistics,12.0,9.3,9.9,12.9,16.6,15.2,14.5,13.6,14.2,16.7,20.1,20.0,21.8,19.2,19.2,16.7,17.1,15.4,13.9,13.3,11.3,15.6,17.6,14.5,17.4
전북특별자치도 - 계 - 인구십만명당 자살률,Statistics,17.0,15.8,17.8,22.5,27.7,27.1,26.1,25.5,32.1,30.4,35.7,33.2,37.3,29.2,29.7,28.8,26.6,28.5,28.4,29.7,30.2,27.8,28.5,26.1,25.6
전북특별자치도 - 남자 - 인구십만명당 자살률,Statistics,24.8,21.9,24.6,31.4,38.9,39.0,37.1,34.8,44.6,42.3,48.3,43.9,56.4,42.8,42.3,42.2,39.6,41.8,44.9,43.7,43.9,41.7,42.5,38.5,37.4
전북특별자치도 - 여자 - 인구십만명당 자살률,Statistics,9.3,9.7,11.1,13.7,16.6,15.3,15.2,16.2,19.8,18.7,23.2,22.5,18.5,15.7,17.2,15.4,13.8,15.2,12.0,15.7,16.6,14.0,14.6,13.8,13.8
전주시 - 계 - 인구십만명당 자살률,Statistics,9.8,12.0,11.4,12.2,18.3,19.8,18.8,18.1,20.2,24.9,24.2,23.3,27.0,21.7,22.7,24.5,21.6,19.7,24.7,26.7,24.9,27.3,24.9,22.5,20.5
전주시 - 남자 - 인구십만명당 자살률,Statistics,12.7,17.4,14.0,16.9,26.0,29.3,27.3,24.7,26.0,32.3,33.6,28.6,42.4,30.5,32.6,37.5,31.6,27.8,39.2,38.9,31.3,39.5,38.2,33.4,30.3
전주시 - 여자 - 인구십만명당 자살률,Statistics,6.9,6.7,8.9,7.6,10.8,10.5,10.5,11.7,14.5,17.6,15.0,18.0,12.0,13.2,13.1,11.9,11.8,11.8,10.7,14.9,18.8,15.4,12.0,12.1,11.0
정선군 - 계 - 인구십만명당 자살률,Statistics,30.3,19.5,20.1,12.0,45.2,37.1,31.2,41.2,70.6,53.0,58.6,79.2,55.4,25.5,56.3,61.8,36.4,42.0,37.2,45.8,49.0,38.6,55.8,45.5,
정선군 - 남자 - 인구십만명당 자살률,Statistics,51.3,30.3,31.1,15.6,72.0,63.4,43.3,62.0,95.5,55.8,84.7,128.7,72.7,39.4,79.0,94.5,60.3,76.1,61.6,46.6,78.5,63.5,85.8,54.6,
정선군 - 여자 - 인구십만명당 자살률,Statistics,7.8,8.1,8.3,8.2,16.9,9.0,18.4,19.0,43.9,50.0,30.4,25.7,36.7,10.6,31.9,26.7,10.8,5.4,11.0,44.8,17.0,11.5,23.3,35.7,
정읍시 - 계 - 인구십만명당 자살률,Statistics,16.6,5.9,17.1,22.7,23.8,32.7,26.8,35.3,39.1,27.5,36.0,37.1,43.3,36.2,33.1,27.4,39.9,35.0,36.2,37.5,31.7,36.9,30.9,30.4,24.0
정읍시 - 남자 - 인구십만명당 자살률,Statistics,21.5,12.1,25.6,29.4,36.2,51.3,38.8,47.6,56.5,39.3,53.0,51.7,73.9,54.4,42.9,38.1,64.8,44.1,58.7,59.5,47.5,65.0,60.3,38.2,34.8
정읍시 - 여자 - 인구십만명당 자살률,Statistics,11.8,,9.0,16.2,11.9,14.9,15.1,23.2,22.1,16.0,19.4,22.9,13.2,18.4,23.6,17.0,15.4,26.0,14.0,16.0,16.2,9.2,1.9,22.7,13.4
제주도 - 계 - 인구십만명당 자살률,Statistics,21.1,16.5,18.4,17.9,27.2,23.7,27.9,20.6,25.1,28.9,32.6,31.4,31.0,31.5,32.9,27.2,24.5,24.0,26.7,30.6,31.7,30.0,26.1,26.0,30.5
제주도 - 남자 - 인구십만명당 자살률,Statistics,33.1,22.0,26.3,26.8,40.5,33.7,35.7,28.7,38.0,36.8,41.7,40.4,39.8,44.1,46.1,42.1,33.9,35.5,39.5,47.8,47.6,42.6,41.0,41.8,45.4
제주도 - 여자 - 인구십만명당 자살률,Statistics,9.2,11.0,10.6,9.1,14.1,13.7,20.1,12.5,12.2,21.1,23.5,22.3,22.2,18.8,19.6,12.1,15.1,12.5,13.8,13.2,15.5,17.2,11.1,10.1,15.5
제주시 - 계 - 인구십만명당 자살률,Statistics,16.9,12.7,14.9,12.5,20.3,18.7,21.7,18.4,22.5,29.5,32.0,29.6,29.1,29.1,32.1,26.6,22.0,24.0,27.2,31.6,31.8,27.3,23.9,25.7,31.0
제주시 - 남자 - 인구십만명당 자살률,Statistics,28.3,18.3,19.4,19.7,29.9,26.1,27.6,24.5,32.8,37.5,40.7,36.0,37.6,40.8,45.1,39.5,31.9,36.7,40.2,48.7,46.5,37.3,37.2,40.0,47.0
제주시 - 여자 - 인구십만명당 자살률,Statistics,5.8,7.1,10.5,5.5,10.9,11.4,15.9,12.4,12.3,21.6,23.4,23.3,20.6,17.5,19.0,13.6,12.0,11.3,14.1,14.3,17.0,17.3,10.6,11.4,15.1
제천시 - 계 - 인구십만명당 자살률,Statistics,20.9,14.9,21.8,32.6,21.8,40.1,42.6,37.1,33.0,47.8,45.0,41.2,47.6,49.0,33.0,41.2,39.9,31.0,31.0,36.3,34.3,33.9,44.1,31.3,38.4
제천시 - 남자 - 인구십만명당 자살률,Statistics,30.8,22.8,23.0,44.0,29.3,56.7,64.4,50.6,59.7,62.8,57.0,55.5,72.8,68.4,39.4,55.7,58.9,42.8,41.2,56.2,55.1,42.0,60.5,48.7,53.5
제천시 - 여자 - 인구십만명당 자살률,Statistics,10.9,6.8,20.7,21.0,14.2,23.1,20.4,23.5,5.9,32.6,32.7,26.7,22.1,29.4,26.5,26.6,20.7,19.3,20.7,16.3,13.5,25.7,27.5,13.8,23.1
종로구 - 계 - 인구십만명당 자살률,Statistics,15.5,10.7,13.0,15.3,19.0,13.1,29.7,19.6,16.8,20.8,25.9,28.2,26.8,16.1,29.9,23.5,23.2,20.9,30.4,20.2,26.6,17.9,23.1,22.1,24.5
종로구 - 남자 - 인구십만명당 자살률,Statistics,21.3,12.8,18.3,19.6,20.0,15.8,47.5,20.2,16.8,32.0,28.3,39.6,36.7,23.6,38.3,30.3,28.2,35.6,45.3,30.3,41.9,25.5,33.1,26.5,29.9
종로구 - 여자 - 인구십만명당 자살률,Statistics,9.6,8.6,7.6,11.0,17.9,10.3,11.7,19.1,16.9,9.5,23.6,16.8,17.0,8.6,21.5,16.8,18.3,6.6,15.9,10.6,12.0,10.8,13.6,17.9,19.5
중구 - 계 - 인구십만명당 자살률,Statistics,10.5,13.5,10.6,17.8,22.0,25.5,28.2,13.0,19.9,31.5,30.0,38.0,30.3,29.4,25.8,31.9,25.2,28.1,22.3,19.8,20.5,16.5,21.6,25.2,29.4
중구 - 남자 - 인구십만명당 자살률,Statistics,16.0,15.0,9.9,31.3,35.2,24.0,42.8,24.6,29.2,43.1,44.6,47.8,38.6,46.3,35.9,52.8,42.5,43.2,33.4,28.4,33.4,21.8,32.3,39.7,43.3
중구 - 여자 - 인구십만명당 자살률,Statistics,4.8,12.0,11.3,4.3,8.8,27.0,13.7,1.5,10.7,19.9,15.4,28.0,21.8,12.4,15.7,11.2,8.1,13.1,11.5,11.4,8.1,11.3,11.3,11.4,16.3
중랑구 - 계 - 인구십만명당 자살률,Statistics,8.8,10.0,9.5,13.9,19.8,19.3,24.2,23.4,20.9,25.5,30.3,26.7,27.7,27.0,33.7,35.7,23.6,26.8,26.0,25.8,29.2,24.3,22.2,21.9,27.3
중랑구 - 남자 - 인구십만명당 자살률,Statistics,13.3,13.8,14.0,21.0,24.5,27.5,38.0,35.2,26.3,32.7,36.1,39.7,35.8,35.2,54.4,54.5,35.2,34.1,36.8,38.8,40.9,34.7,27.8,28.1,36.9
중랑구 - 여자 - 인구십만명당 자살률,Statistics,4.3,6.1,4.9,6.8,15.1,11.1,10.2,11.7,15.5,18.3,24.4,13.7,19.6,18.8,13.1,17.0,12.1,19.6,15.3,12.9,17.6,14.2,16.9,15.9,18.0
중원구 - 계 - 인구십만명당 자살률,Statistics,10.9,10.6,12.4,16.1,20.8,19.4,29.5,17.6,24.2,17.8,28.2,31.9,32.1,33.1,37.0,33.9,31.9,31.6,28.2,30.7,30.6,29.8,24.2,31.1,29.6
중원구 - 남자 - 인구십만명당 자살률,Statistics,17.9,15.1,20.1,24.4,25.8,27.3,41.3,25.7,30.6,21.6,40.5,46.8,40.5,47.1,49.3,50.4,45.5,44.4,42.0,46.7,44.2,41.4,31.8,36.9,42.6
중원구 - 여자 - 인구십만명당 자살률,Statistics,3.7,6.0,4.5,7.4,15.6,11.2,17.3,9.1,17.7,13.9,15.5,16.6,23.3,18.7,24.2,17.0,18.0,18.5,14.0,14.4,16.6,17.9,16.3,25.1,16.4
증평군 - 계 - 인구십만명당 자살률,Statistics,30.2,3.0,9.4,12.9,16.1,19.3,16.3,22.9,22.7,25.3,36.7,45.1,20.9,26.5,46.8,26.1,39.4,27.2,42.8,21.4,21.5,27.1,43.9,32.7,
증평군 - 남자 - 인구십만명당 자살률,Statistics,35.8,6.0,12.4,25.5,19.1,31.8,12.8,25.8,38.4,31.1,42.0,58.5,34.7,40.2,57.3,17.0,54.9,42.4,57.3,20.8,36.5,47.0,63.2,52.3,
증평군 - 여자 - 인구십만명당 자살률,Statistics,24.4,,6.3,,13.1,6.5,19.8,20.0,6.6,19.2,31.3,31.0,6.1,12.1,35.8,35.6,23.1,11.1,27.5,22.1,5.6,5.6,22.9,11.4,
진도군 - 계 - 인구십만명당 자살률,Statistics,11.5,14.0,12.0,14.9,35.9,31.7,27.1,30.4,28.1,28.7,20.5,29.7,33.0,54.4,45.7,36.8,43.3,50.0,37.9,35.2,48.8,42.3,42.7,47.1,
진도군 - 남자 - 인구십만명당 자살률,Statistics,23.5,19.2,,10.3,48.1,49.6,39.5,45.9,46.7,47.7,18.2,36.9,49.6,68.7,75.5,69.5,50.9,57.7,32.3,45.7,66.2,72.6,66.3,67.7,
진도군 - 여자 - 인구십만명당 자살률,Statistics,,9.1,23.2,19.1,24.6,15.2,15.6,15.9,10.8,11.1,22.6,23.0,17.4,41.0,17.7,6.0,36.1,42.7,43.4,25.2,32.0,12.8,19.5,26.8,
진안군 - 계 - 인구십만명당 자살률,Statistics,20.5,12.3,37.6,22.2,46.0,35.9,16.7,10.7,59.3,38.3,51.1,72.9,75.5,21.8,52.6,22.7,30.6,38.6,26.9,23.1,27.3,19.7,27.9,16.2,
진안군 - 남자 - 인구십만명당 자살률,Statistics,34.7,12.2,55.9,31.5,52.1,58.4,26.5,14.1,89.9,34.6,72.5,86.8,71.4,28.9,59.8,37.7,45.8,38.5,46.1,38.5,38.7,31.2,23.6,8.0,
진안군 - 여자 - 인구십만명당 자살률,Statistics,5.9,12.5,18.9,12.8,39.7,13.2,6.8,7.2,28.1,42.0,29.4,58.7,79.7,14.6,45.3,7.6,15.3,38.6,7.7,7.7,15.7,8.0,32.3,24.7,
진주시 - 계 - 인구십만명당 자살률,Statistics,14.9,16.7,14.1,19.4,29.2,22.8,25.8,22.4,28.6,28.4,25.0,33.4,28.5,27.5,26.8,22.9,26.7,25.0,19.7,26.1,25.2,22.8,25.7,26.7,24.9
진주시 - 남자 - 인구십만명당 자살률,Statistics,20.1,25.4,23.7,28.5,42.9,33.5,30.0,27.1,37.0,39.0,34.1,45.5,38.8,42.3,35.5,30.0,40.3,35.2,26.9,38.7,34.5,33.3,36.2,38.2,36.7
진주시 - 여자 - 인구십만명당 자살률,Statistics,9.9,8.1,4.7,10.5,15.8,12.3,21.8,17.8,20.3,18.0,16.2,21.5,18.4,13.0,18.3,15.9,13.4,15.0,12.6,13.8,16.1,12.6,15.4,15.5,13.3
진천군 - 계 - 인구십만명당 자살률,Statistics,40.6,13.4,31.6,33.3,33.5,38.3,39.8,39.9,51.6,46.3,67.1,50.4,43.4,43.0,42.5,38.8,36.3,36.5,33.7,18.6,27.8,31.7,39.2,30.4,
진천군 - 남자 - 인구십만명당 자살률,Statistics,63.2,23.1,49.0,58.9,49.2,61.9,55.2,51.8,61.4,64.2,104.5,72.1,59.1,49.2,60.8,65.9,46.7,61.9,53.9,30.5,41.1,42.0,59.0,44.5,
진천군 - 여자 - 인구십만명당 자살률,Statistics,17.2,3.4,13.5,6.8,17.1,13.6,23.8,27.3,41.1,27.3,27.1,27.0,26.7,36.3,22.9,9.7,25.2,9.1,11.7,5.5,13.2,20.5,17.5,14.8,
진해구 - 계 - 인구십만명당 자살률,Statistics,,,,,,,,,,,,25.4,24.9,20.0,25.9,25.9,19.1,28.6,18.1,26.7,27.0,29.1,24.9,24.8,19.8
진해구 - 남자 - 인구십만명당 자살률,Statistics,,,,,,,,,,,,34.0,32.2,27.2,35.7,32.4,24.6,32.7,25.0,40.1,37.6,43.7,30.3,34.2,27.4
진해구 - 여자 - 인구십만명당 자살률,Statistics,,,,,,,,,,,,16.5,17.3,12.4,15.8,19.2,13.4,24.2,10.9,12.8,15.9,13.8,19.1,14.9,11.8
진해시 - 계 - 인구십만명당 자살률,Statistics,14.3,10.5,14.2,16.0,27.5,27.8,20.8,19.5,27.1,22.9,25.3,,,,,,,,,,,,,,
진해시 - 남자 - 인구십만명당 자살률,Statistics,22.4,16.4,22.2,20.1,32.7,30.2,20.6,26.1,34.0,24.9,35.8,,,,,,,,,,,,,,
진해시 - 여자 - 인구십만명당 자살률,Statistics,6.0,4.5,6.0,11.7,22.1,25.4,21.0,12.7,20.0,20.8,14.4,,,,,,,,,,,,,,
창녕군 - 계 - 인구십만명당 자살률,Statistics,23.9,33.9,25.0,31.4,36.6,43.5,52.0,53.1,46.1,53.3,53.7,53.9,58.5,35.4,31.9,33.3,39.6,36.3,22.0,28.5,24.1,21.2,24.9,23.7,
창녕군 - 남자 - 인구십만명당 자살률,Statistics,37.8,41.3,33.9,43.5,41.7,54.9,68.5,69.9,71.3,75.7,76.3,76.4,89.0,48.9,51.6,48.2,54.4,54.0,34.8,47.7,32.2,36.0,36.6,47.5,
창녕군 - 여자 - 인구십만명당 자살률,Statistics,10.4,26.6,16.4,19.6,31.7,32.4,36.1,36.8,21.9,31.7,32.0,32.2,28.8,22.2,12.6,18.9,25.1,18.8,9.4,9.4,16.0,6.5,13.2,,
창원시 - 계 - 인구십만명당 자살률,Statistics,11.4,8.5,14.0,13.5,18.2,15.3,20.2,16.1,25.2,19.7,25.4,,,,,,,,,,,,,,
창원시 - 남자 - 인구십만명당 자살률,Statistics,16.2,9.9,18.5,18.9,24.2,19.7,27.9,19.4,32.2,22.1,30.0,,,,,,,,,,,,,,
창원시 - 여자 - 인구십만명당 자살률,Statistics,6.4,7.1,9.4,7.8,11.9,10.8,12.1,12.6,17.9,17.0,20.7,,,,,,,,,,,,,,
처인구 - 계 - 인구십만명당 자살률,Statistics,,,,,,,39.9,30.8,25.4,38.4,33.9,29.8,31.9,45.7,26.7,28.5,35.3,28.8,28.6,31.9,33.2,22.8,22.2,24.7,30.1
처인구 - 남자 - 인구십만명당 자살률,Statistics,,,,,,,51.5,38.4,27.2,42.3,47.9,39.1,42.5,60.1,40.0,39.3,52.0,39.6,38.7,47.5,45.4,30.0,28.8,31.7,45.8
처인구 - 여자 - 인구십만명당 자살률,Statistics,,,,,,,27.6,22.8,23.4,34.3,19.1,20.0,20.8,30.5,12.7,17.2,17.8,17.5,18.1,15.5,20.5,15.3,15.2,17.5,13.5
천안시 - 계 - 인구십만명당 자살률,Statistics,18.3,15.8,19.2,17.9,26.7,25.0,23.2,20.1,23.7,21.3,34.5,34.5,37.2,31.0,27.4,32.3,29.6,30.1,29.8,31.7,30.2,32.1,29.1,31.1,35.0
천안시 - 남자 - 인구십만명당 자살률,Statistics,24.7,24.1,25.6,21.8,40.2,32.6,31.2,27.5,28.1,27.7,41.4,42.6,47.2,42.0,39.6,42.7,42.8,41.5,42.5,45.5,41.4,44.3,38.0,45.1,45.7
천안시 - 여자 - 인구십만명당 자살률,Statistics,11.8,7.3,12.8,13.8,13.0,17.3,15.1,12.5,19.2,14.8,27.4,26.2,27.1,19.8,15.0,21.6,16.0,18.4,16.7,17.3,18.6,19.4,19.9,16.5,23.8
철원군 - 계 - 인구십만명당 자살률,Statistics,25.8,28.0,45.6,29.2,49.6,44.1,64.9,51.6,50.3,37.8,54.5,31.2,52.1,50.5,33.8,40.3,44.0,35.4,36.0,38.8,32.9,31.3,43.4,39.8,
철원군 - 남자 - 인구십만명당 자살률,Statistics,25.3,32.9,59.7,34.5,66.1,42.9,74.9,80.1,65.1,52.9,93.3,52.1,75.9,77.0,36.9,61.6,59.7,50.9,56.0,53.1,33.4,38.6,74.8,54.3,
철원군 - 여자 - 인구십만명당 자살률,Statistics,26.4,22.9,31.0,23.8,32.5,45.3,54.3,21.3,34.6,21.7,13.0,8.7,26.1,21.8,30.6,17.6,26.5,17.8,13.5,22.8,32.3,23.3,9.5,24.3,
청도군 - 계 - 인구십만명당 자살률,Statistics,17.8,33.3,15.4,27.5,33.7,45.0,63.5,36.6,39.3,42.1,56.2,29.4,34.1,31.9,29.8,18.4,34.4,46.2,30.1,44.3,35.2,49.7,38.2,52.9,
청도군 - 남자 - 인구십만명당 자살률,Statistics,29.5,53.6,23.9,36.5,49.3,71.9,87.5,48.9,58.5,68.4,97.0,37.2,41.9,42.1,47.1,23.5,61.1,61.4,42.7,76.1,57.3,81.8,68.1,78.1,
청도군 - 여자 - 인구십만명당 자살률,Statistics,6.9,14.3,7.5,19.0,19.2,19.8,41.1,25.0,21.2,17.2,17.5,22.1,26.6,22.2,13.4,13.4,9.0,31.6,18.2,13.7,13.8,18.6,9.4,28.4,
청송군 - 계 - 인구십만명당 자살률,Statistics,42.4,28.9,38.4,39.5,34.6,65.1,43.8,48.5,32.0,43.5,22.1,67.4,41.6,41.8,45.7,30.5,38.1,49.7,27.0,39.0,23.7,24.0,20.3,28.7,
청송군 - 남자 - 인구십만명당 자살률,Statistics,56.5,58.0,53.5,55.2,44.4,118.0,54.3,83.9,57.4,65.9,37.1,90.5,61.0,46.0,61.4,61.3,53.8,69.5,38.8,70.6,47.4,40.0,32.5,57.4,
청송군 - 여자 - 인구십만명당 자살률,Statistics,28.3,,23.4,24.1,24.9,12.9,33.4,13.7,7.0,21.5,7.3,44.6,22.5,37.6,30.2,,22.7,30.3,15.3,7.7,,8.0,8.1,,
청양군 - 계 - 인구십만명당 자살률,Statistics,30.6,31.3,39.5,15.3,37.0,35.8,53.9,58.0,32.5,27.0,94.4,70.9,68.3,68.8,56.4,75.0,59.1,37.0,46.0,37.1,47.2,54.6,39.3,29.7,
청양군 - 남자 - 인구십만명당 자살률,Statistics,51.4,38.3,44.3,15.2,63.3,49.4,62.2,86.5,29.3,35.7,108.6,91.7,98.8,99.6,62.5,87.5,74.7,55.5,48.9,36.8,74.8,63.5,70.9,26.0,
청양군 - 여자 - 인구십만명당 자살률,Statistics,9.5,24.2,34.7,15.3,10.6,22.1,45.5,29.1,35.7,18.2,80.0,49.7,37.5,37.7,50.3,62.5,43.5,18.5,43.2,37.4,19.0,45.5,6.6,33.6,
청원구 - 계 - 인구십만명당 자살률,Statistics,,,,,,,,,,,,,,,,24.8,29.3,26.9,24.6,27.2,19.9,22.1,26.9,24.8,29.7
청원구 - 남자 - 인구십만명당 자살률,Statistics,,,,,,,,,,,,,,,,36.0,47.6,40.3,36.0,44.4,29.0,29.1,35.2,31.1,39.5
청원구 - 여자 - 인구십만명당 자살률,Statistics,,,,,,,,,,,,,,,,13.2,10.3,13.1,12.7,9.4,10.4,14.8,18.0,18.1,19.3
청원군 - 계 - 인구십만명당 자살률,Statistics,33.3,18.6,25.0,30.8,42.6,34.0,35.9,37.5,40.1,37.8,50.4,41.1,38.2,41.4,32.5,,,,,,,,,,
청원군 - 남자 - 인구십만명당 자살률,Statistics,44.6,25.4,31.6,41.4,56.4,39.1,54.0,47.3,58.7,54.9,66.7,49.0,49.0,57.4,42.8,,,,,,,,,,
청원군 - 여자 - 인구십만명당 자살률,Statistics,21.5,11.6,18.1,19.8,28.3,28.7,17.0,27.1,20.5,19.7,33.1,32.8,26.6,24.4,21.5,,,,,,,,,,
청주시 - 계 - 인구십만명당 자살률,Statistics,13.3,13.2,14.1,14.9,22.5,20.5,26.3,16.2,23.7,26.1,33.5,28.0,31.8,26.0,28.5,25.0,25.6,30.8,24.4,28.5,26.5,23.6,25.5,26.9,29.7
청주시 - 남자 - 인구십만명당 자살률,Statistics,18.9,16.8,19.2,22.2,32.6,27.2,36.4,21.7,27.4,33.8,39.8,36.3,42.9,35.6,39.8,36.0,37.1,42.8,32.9,43.3,38.6,34.6,32.0,33.7,39.0
청주시 - 여자 - 인구십만명당 자살률,Statistics,7.8,9.7,9.2,7.7,12.4,13.8,16.2,10.8,19.9,18.5,27.4,19.7,20.7,16.6,17.3,13.8,14.1,18.6,15.9,13.5,14.2,12.5,18.9,20.0,20.2
춘천시 - 계 - 인구십만명당 자살률,Statistics,16.7,19.2,15.1,19.1,32.0,29.9,22.0,25.8,33.0,31.1,35.3,36.1,30.9,33.6,32.0,33.7,27.7,27.8,23.7,31.6,29.4,29.7,30.2,30.9,30.8
춘천시 - 남자 - 인구십만명당 자살률,Statistics,25.4,27.5,21.7,28.1,39.2,39.0,33.3,38.0,45.7,38.2,50.0,49.5,45.2,44.2,40.3,43.1,44.3,39.6,35.8,48.9,46.6,45.7,38.1,42.7,47.6
춘천시 - 여자 - 인구십만명당 자살률,Statistics,8.1,11.1,8.7,10.2,25.0,21.1,10.9,13.9,20.7,24.3,21.0,23.0,16.9,23.3,24.0,24.6,11.5,16.4,12.0,14.9,12.7,14.1,22.4,19.4,14.5
충주시 - 계 - 인구십만명당 자살률,Statistics,22.4,21.6,21.7,23.9,28.0,31.7,35.8,36.5,31.2,34.5,43.6,41.6,44.4,39.6,37.2,39.1,27.5,35.3,30.0,38.9,41.6,28.2,32.6,30.3,39.5
충주시 - 남자 - 인구십만명당 자살률,Statistics,29.0,23.6,27.5,34.3,41.4,36.1,52.7,46.3,40.6,50.1,64.4,53.8,66.2,47.0,49.9,53.7,37.4,57.6,39.3,62.0,61.5,35.9,50.2,38.9,58.0
충주시 - 여자 - 인구십만명당 자살률,Statistics,15.7,19.5,15.9,13.2,14.4,27.1,18.6,26.6,21.7,18.6,22.5,29.2,22.4,32.1,24.3,24.3,17.5,12.7,20.4,15.5,21.3,20.3,14.5,21.4,20.5
충청남도 - 계 - 인구십만명당 자살률,Statistics,23.4,22.8,23.7,23.5,31.0,34.0,36.0,32.0,37.3,35.4,45.8,44.6,44.9,37.2,37.4,36.5,35.1,32.1,31.7,35.5,35.2,34.7,32.2,33.2,36.5
충청남도 - 남자 - 인구십만명당 자살률,Statistics,31.8,32.1,31.9,32.1,44.5,45.8,47.8,42.4,46.9,47.0,59.6,59.9,61.0,50.6,51.0,49.5,47.9,45.0,45.3,50.9,50.6,47.9,45.0,48.3,50.0
충청남도 - 여자 - 인구십만명당 자살률,Statistics,14.8,13.3,15.4,14.7,17.5,22.1,24.0,21.4,27.6,23.6,31.6,29.0,28.4,23.4,23.4,23.2,21.9,18.8,17.7,19.6,19.2,21.0,18.8,17.3,22.2
충청북도 - 계 - 인구십만명당 자살률,Statistics,20.8,17.9,20.2,23.1,27.5,30.1,32.8,28.6,31.3,33.6,42.0,35.9,38.9,36.6,34.8,31.5,30.4,32.8,28.2,31.1,31.1,27.1,31.8,29.0,33.3
충청북도 - 남자 - 인구십만명당 자살률,Statistics,28.7,23.1,26.8,33.5,38.3,40.3,47.0,36.2,41.1,44.9,55.8,46.8,55.6,49.1,48.3,45.5,43.3,47.9,38.8,46.4,46.0,38.5,44.5,38.3,45.3
충청북도 - 여자 - 인구십만명당 자살률,Statistics,12.7,12.6,13.6,12.6,16.6,19.7,18.5,20.8,21.2,22.2,28.0,24.7,21.9,23.8,21.2,17.3,17.2,17.4,17.5,15.4,15.9,15.4,18.7,19.4,20.8
칠곡군 - 계 - 인구십만명당 자살률,Statistics,12.9,19.3,25.0,17.1,26.5,29.2,33.6,20.1,16.9,28.7,43.6,37.4,33.9,29.6,23.4,33.1,29.6,23.8,20.7,30.3,22.2,37.4,33.5,31.1,
칠곡군 - 남자 - 인구십만명당 자살률,Statistics,21.2,29.9,33.8,24.2,35.2,35.0,45.6,26.7,24.2,48.9,54.9,52.9,55.8,37.5,38.8,46.3,47.7,31.6,36.6,43.6,32.8,55.0,40.6,49.3,
칠곡군 - 여자 - 인구십만명당 자살률,Statistics,4.4,8.3,15.7,9.7,17.4,23.2,21.1,13.1,9.1,7.2,31.7,21.0,10.5,21.0,6.9,18.9,10.3,15.3,3.4,15.8,10.7,18.2,25.7,11.1,
태백시 - 계 - 인구십만명당 자살률,Statistics,10.1,19.0,26.5,32.3,29.3,20.5,34.0,28.8,40.7,35.1,49.3,31.9,54.6,47.2,39.5,10.5,21.4,34.6,37.4,45.1,32.3,28.4,29.2,35.1,43.7
태백시 - 남자 - 인구십만명당 자살률,Statistics,13.2,33.9,38.1,38.8,43.2,33.0,51.8,41.2,41.6,42.0,65.6,46.9,83.3,80.7,69.6,20.7,33.6,42.6,65.2,80.4,54.9,37.4,52.9,49.7,61.2
태백시 - 여자 - 인구십만명당 자살률,Statistics,6.9,3.5,14.4,25.6,14.9,7.6,15.5,15.8,39.8,28.0,32.2,16.3,24.7,12.5,8.4,,8.7,26.3,8.9,9.1,9.3,19.1,4.9,20.2,25.9
태안군 - 계 - 인구십만명당 자살률,Statistics,34.5,24.7,24.9,19.4,36.9,29.8,50.2,40.8,71.0,56.9,83.8,63.6,68.8,43.4,51.6,50.0,38.3,37.9,44.1,55.4,44.8,41.9,40.6,37.6,
태안군 - 남자 - 인구십만명당 자살률,Statistics,59.9,31.7,35.0,20.8,55.2,46.8,74.9,62.4,87.8,72.4,97.7,88.7,86.0,67.3,54.5,60.8,47.5,53.2,59.2,78.3,60.1,63.8,67.7,51.8,
태안군 - 여자 - 인구십만명당 자살률,Statistics,8.7,17.5,14.7,18.0,18.5,12.6,25.2,18.9,53.9,41.3,69.8,38.3,51.4,19.4,48.6,38.9,29.0,22.4,28.6,32.0,29.1,19.5,13.1,23.1,
통영시 - 계 - 인구십만명당 자살률,Statistics,23.6,17.4,11.7,31.2,27.7,32.3,33.1,25.6,28.4,28.1,30.7,32.6,33.1,35.4,33.2,28.9,33.3,32.7,23.5,29.9,36.5,19.4,26.2,33.2,35.5
통영시 - 남자 - 인구십만명당 자살률,Statistics,32.7,24.4,16.0,45.6,35.5,40.1,38.6,37.1,36.8,37.7,35.8,51.1,41.0,51.2,45.7,49.9,48.6,50.4,33.6,49.0,54.4,27.8,31.6,51.6,47.7
통영시 - 여자 - 인구십만명당 자살률,Statistics,14.4,10.2,7.4,16.5,19.6,24.3,27.4,13.7,19.8,18.1,25.3,13.3,24.9,19.0,20.5,7.3,17.6,14.7,13.4,10.5,18.3,10.9,20.7,14.6,23.2
통합창원시 - 계 - 인구십만명당 자살률,Statistics,,,,,,,,,,,,26.5,24.9,23.1,25.0,26.0,22.7,25.3,22.2,27.5,26.2,26.1,24.3,23.9,26.8
통합창원시 - 남자 - 인구십만명당 자살률,Statistics,,,,,,,,,,,,35.9,34.0,32.3,35.3,34.5,32.5,32.3,32.0,40.1,37.1,36.8,34.5,35.5,35.8
통합창원시 - 여자 - 인구십만명당 자살률,Statistics,,,,,,,,,,,,16.9,15.6,13.5,14.3,17.2,12.6,18.0,12.1,14.7,15.0,15.1,13.8,11.9,17.6
파주시 - 계 - 인구십만명당 자살률,Statistics,18.3,18.8,21.1,29.1,37.2,31.4,33.1,27.1,22.8,20.8,27.1,29.9,32.1,32.1,33.4,29.5,26.3,25.3,23.5,22.7,20.0,27.8,24.6,25.9,27.7
파주시 - 남자 - 인구십만명당 자살률,Statistics,20.7,24.2,31.2,34.4,52.6,39.1,43.3,36.8,31.0,30.0,32.2,40.6,39.3,40.9,48.3,41.0,33.8,35.8,30.7,36.6,28.5,39.8,32.2,35.2,38.7
파주시 - 여자 - 인구십만명당 자살률,Statistics,15.9,13.1,10.7,23.8,21.4,23.5,22.5,16.9,14.3,11.3,21.9,18.7,24.7,22.9,18.1,17.6,18.6,14.4,16.0,8.3,11.3,15.6,16.8,16.3,16.4
팔달구 - 계 - 인구십만명당 자살률,Statistics,8.1,9.0,10.0,13.5,22.4,31.1,28.2,22.5,21.6,32.5,32.8,31.4,40.9,27.3,30.1,32.3,34.3,26.0,32.1,38.5,35.3,33.6,34.0,25.8,35.7
팔달구 - 남자 - 인구십만명당 자살률,Statistics,10.7,9.6,16.1,19.0,33.8,42.3,36.7,23.1,26.8,42.9,35.2,38.9,58.2,36.1,32.6,50.7,49.3,36.6,47.4,56.2,54.5,45.0,40.6,34.3,48.3
팔달구 - 여자 - 인구십만명당 자살률,Statistics,5.4,8.4,3.8,7.9,11.2,20.0,19.9,21.9,16.5,22.2,30.4,24.0,23.8,18.5,27.6,13.9,19.2,15.4,16.7,20.7,16.0,22.1,27.4,17.3,22.9
평창군 - 계 - 인구십만명당 자살률,Statistics,20.7,33.6,29.9,32.3,38.9,54.5,33.2,47.0,34.0,50.2,52.7,43.8,62.5,50.9,46.3,48.5,60.2,44.2,44.4,35.3,52.4,28.9,31.7,29.4,
평창군 - 남자 - 인구십만명당 자살률,Statistics,32.5,53.8,42.2,59.6,68.1,77.3,56.6,70.3,44.3,71.2,67.0,71.8,94.8,81.4,76.9,77.0,95.3,41.0,64.0,36.9,74.5,37.6,42.7,28.5,
평창군 - 여자 - 인구십만명당 자살률,Statistics,8.4,12.8,17.3,4.4,8.8,31.0,9.0,22.8,23.2,28.1,37.6,14.2,28.5,19.0,14.2,18.9,23.6,47.5,23.9,33.7,29.3,19.8,20.0,30.3,
평택시 - 계 - 인구십만명당 자살률,Statistics,17.7,15.0,22.4,27.1,32.1,32.4,32.6,26.4,27.3,30.6,34.0,37.4,39.6,32.7,32.2,32.7,29.4,24.2,30.9,31.7,28.5,26.6,26.4,27.6,28.4
평택시 - 남자 - 인구십만명당 자살률,Statistics,26.7,22.4,27.7,28.2,43.2,42.4,41.8,28.8,31.0,40.4,45.8,46.9,53.7,44.9,47.2,47.2,42.3,34.1,42.4,46.4,36.3,39.2,39.1,40.1,37.7
평택시 - 여자 - 인구십만명당 자살률,Statistics,8.6,7.4,17.0,26.0,20.7,22.0,23.1,23.9,23.4,20.6,21.9,27.6,24.9,20.2,16.5,17.6,15.9,13.8,18.8,16.2,20.3,13.2,12.6,14.0,18.1
포천군 - 계 - 인구십만명당 자살률,Statistics,24.3,27.5,30.8,33.5,,,,,,,,,,,,,,,,,,,,,
포천군 - 남자 - 인구십만명당 자살률,Statistics,27.0,36.0,39.8,42.8,,,,,,,,,,,,,,,,,,,,,
포천군 - 여자 - 인구십만명당 자살률,Statistics,21.5,18.4,21.2,23.5,,,,,,,,,,,,,,,,,,,,,
포천시 - 계 - 인구십만명당 자살률,Statistics,,,,,29.1,39.9,35.3,38.4,44.4,30.8,51.4,41.2,46.0,40.4,45.7,34.3,44.8,32.0,45.3,46.6,43.9,32.1,31.3,29.2,36.0
포천시 - 남자 - 인구십만명당 자살률,Statistics,,,,,38.4,56.5,40.5,53.2,60.0,33.9,60.2,55.8,62.3,60.0,55.3,53.2,60.8,46.0,60.0,70.9,62.9,49.2,42.4,46.2,44.5
포천시 - 여자 - 인구십만명당 자살률,Statistics,,,,,19.1,22.1,29.9,22.5,27.6,27.4,41.8,25.2,28.1,18.8,35.1,13.6,27.3,16.5,29.1,19.7,22.8,13.0,18.8,10.1,26.5
포항시 - 계 - 인구십만명당 자살률,Statistics,14.0,16.7,10.9,20.6,19.8,22.2,19.7,21.5,25.1,21.3,25.4,27.4,29.1,27.4,26.3,25.4,27.3,28.5,21.9,23.4,27.5,24.1,25.1,19.9,28.0
포항시 - 남자 - 인구십만명당 자살률,Statistics,19.6,20.7,14.1,29.6,25.1,26.0,26.4,27.6,32.7,29.9,34.4,38.5,38.4,35.6,37.0,32.1,37.9,37.6,30.1,28.0,38.8,32.7,36.3,30.9,38.8
포항시 - 여자 - 인구십만명당 자살률,Statistics,8.3,12.6,7.5,11.5,14.3,18.4,12.8,15.3,17.3,12.5,16.0,15.9,19.4,18.9,15.3,18.5,16.5,19.2,13.4,18.7,16.0,15.3,13.7,8.5,16.9
하남시 - 계 - 인구십만명당 자살률,Statistics,8.9,11.3,10.5,18.3,22.7,16.3,25.1,14.9,19.9,24.9,29.4,30.9,35.9,24.7,32.6,22.7,25.6,23.0,17.3,17.4,21.8,21.4,17.4,16.5,20.8
하남시 - 남자 - 인구십만명당 자살률,Statistics,12.6,19.0,15.8,23.3,33.6,19.6,35.6,21.8,24.4,27.8,45.5,47.3,51.7,35.0,43.6,31.0,34.0,37.0,21.7,23.1,27.4,29.7,25.5,19.9,29.5
하남시 - 여자 - 인구십만명당 자살률,Statistics,5.0,3.3,5.0,13.1,11.2,12.7,14.1,7.7,15.1,21.9,12.6,13.8,19.4,14.0,21.2,14.0,16.9,8.6,12.8,11.7,16.2,12.9,9.2,13.0,12.2
하동군 - 계 - 인구십만명당 자살률,Statistics,37.5,36.6,25.0,25.6,34.8,40.7,33.3,34.0,38.7,40.4,47.4,34.9,43.8,46.1,33.9,32.4,34.4,24.2,22.5,20.9,27.8,33.0,25.1,23.4,
하동군 - 남자 - 인구십만명당 자살률,Statistics,43.1,54.1,40.8,31.4,56.9,58.0,49.0,53.7,52.6,67.2,73.2,51.2,69.7,70.2,56.6,49.3,45.1,32.7,37.3,29.6,43.1,57.4,45.6,32.7,
하동군 - 여자 - 인구십만명당 자살률,Statistics,32.0,19.6,9.8,20.1,13.7,24.3,18.2,14.9,25.4,14.4,22.4,19.1,18.8,22.7,11.8,16.0,24.0,15.9,8.1,12.4,12.7,8.8,4.6,14.0,
함안군 - 계 - 인구십만명당 자살률,Statistics,13.6,21.4,35.3,35.5,40.7,49.4,37.3,48.1,51.4,58.1,51.3,42.0,57.1,42.0,34.3,35.5,29.2,27.7,36.7,23.8,27.3,20.2,25.4,30.7,
함안군 - 남자 - 인구십만명당 자살률,Statistics,15.1,24.5,46.1,52.4,59.4,60.3,32.2,63.6,71.2,69.8,68.8,53.5,80.3,56.4,53.1,49.8,46.4,46.2,61.1,41.2,45.0,36.7,37.5,34.9,
함안군 - 여자 - 인구십만명당 자살률,Statistics,12.0,18.3,24.6,18.5,22.0,38.4,42.4,32.3,31.4,46.1,33.5,30.3,33.4,27.3,15.1,20.8,11.8,8.8,11.9,6.0,9.2,3.1,12.9,26.4,
함양군 - 계 - 인구십만명당 자살률,Statistics,29.1,19.1,28.4,20.2,32.3,49.6,38.3,33.9,48.9,12.3,44.4,49.1,53.9,59.2,49.5,32.2,37.4,32.5,47.7,42.7,27.8,23.1,23.4,26.4,
함양군 - 남자 - 인구십만명당 자살률,Statistics,34.1,17.6,45.2,27.9,52.7,78.7,55.0,45.4,81.8,25.8,72.2,56.5,82.0,82.5,88.1,57.0,57.3,57.5,73.3,68.2,47.3,31.8,32.3,32.7,
함양군 - 여자 - 인구십만명당 자살률,Statistics,24.3,20.6,12.7,13.0,13.3,22.7,23.0,23.2,18.7,,18.9,42.3,28.2,37.8,14.2,9.5,19.1,9.6,24.1,19.3,9.8,14.9,15.1,20.5,
함평군 - 계 - 인구십만명당 자살률,Statistics,26.6,10.9,18.0,23.4,33.3,53.4,34.8,27.9,33.9,26.5,34.9,46.3,49.9,39.4,36.8,20.0,52.0,37.9,38.2,23.9,24.4,28.0,31.8,45.3,
함평군 - 남자 - 인구십만명당 자살률,Statistics,45.3,17.4,27.2,33.1,53.1,64.1,50.4,46.2,58.0,37.5,48.7,71.4,72.8,56.8,57.1,28.8,87.3,47.0,53.3,35.9,36.6,37.3,25.3,64.2,
함평군 - 여자 - 인구십만명당 자살률,Statistics,8.1,4.3,9.0,13.9,14.1,43.1,19.7,10.0,10.3,15.8,21.3,21.6,27.5,22.3,16.9,11.4,17.2,29.0,23.4,11.9,12.2,18.8,38.4,26.1,
합천군 - 계 - 인구십만명당 자살률,Statistics,24.9,35.3,16.5,32.4,37.3,40.7,25.8,49.4,56.1,54.0,35.0,69.5,33.8,46.1,24.1,34.1,22.3,45.7,27.6,37.0,20.0,22.6,34.8,33.1,
합천군 - 남자 - 인구십만명당 자살률,Statistics,28.6,42.7,23.8,52.6,66.8,60.0,43.1,66.3,67.9,71.4,53.9,84.8,37.4,79.7,42.2,42.2,38.3,52.3,31.2,49.9,27.7,32.9,48.0,48.8,
합천군 - 여자 - 인구십만명당 자살률,Statistics,21.4,28.3,9.7,13.3,9.8,22.8,9.9,33.9,45.2,38.0,17.7,55.5,30.4,15.3,7.7,26.8,7.7,39.7,24.4,25.0,12.8,13.1,22.5,18.4,
합포구 - 계 - 인구십만명당 자살률,Statistics,12.0,12.5,,,,,,,,,,,,,,,,,,,,,,,
합포구 - 남자 - 인구십만명당 자살률,Statistics,17.7,18.7,,,,,,,,,,,,,,,,,,,,,,,
합포구 - 여자 - 인구십만명당 자살률,Statistics,6.4,6.5,,,,,,,,,,,,,,,,,,,,,,,
해남군 - 계 - 인구십만명당 자살률,Statistics,32.6,23.0,10.2,17.0,25.2,21.4,31.0,31.7,28.8,29.3,45.6,53.7,40.8,46.4,29.8,41.7,47.4,29.3,23.0,34.6,29.8,44.9,41.4,34.7,
해남군 - 남자 - 인구십만명당 자살률,Statistics,48.4,40.8,16.7,23.9,33.8,30.0,40.1,55.3,44.2,27.5,55.3,78.8,46.8,68.4,37.1,56.3,81.2,35.6,33.4,56.6,40.4,76.4,62.8,54.7,
해남군 - 여자 - 인구십만명당 자살률,Statistics,17.4,5.9,4.0,10.4,17.1,13.2,22.4,9.2,14.1,31.1,36.3,29.5,35.1,25.3,22.8,27.9,15.4,23.4,13.2,13.6,19.5,14.3,20.5,15.0,
해운대구 - 계 - 인구십만명당 자살률,Statistics,14.8,13.7,14.7,14.8,19.9,18.8,26.5,24.0,28.5,28.5,37.9,27.9,27.5,31.2,32.8,30.9,28.1,28.8,27.0,26.8,30.2,24.7,26.5,28.8,27.5
해운대구 - 남자 - 인구십만명당 자살률,Statistics,20.4,18.8,19.3,22.0,25.6,29.6,36.1,33.1,35.7,39.8,51.4,34.2,37.8,43.1,45.1,42.9,37.2,40.9,38.6,38.7,42.1,34.8,36.2,36.4,39.4
해운대구 - 여자 - 인구십만명당 자살률,Statistics,9.3,8.8,10.2,7.8,14.3,8.3,17.1,15.3,21.5,17.6,24.9,21.7,17.6,19.9,21.2,19.5,19.5,17.3,16.0,15.7,19.2,15.4,17.5,21.8,16.6
홍성군 - 계 - 인구십만명당 자살률,Statistics,26.5,34.3,32.8,22.7,31.2,50.6,51.6,41.0,53.9,44.1,61.4,53.7,56.1,46.8,54.4,38.9,36.8,42.5,39.0,36.8,40.0,47.2,32.3,51.8,
홍성군 - 남자 - 인구십만명당 자살률,Statistics,34.8,54.1,53.1,26.0,43.3,49.9,70.7,57.9,60.9,59.1,75.5,66.6,82.8,66.5,86.3,57.9,45.5,58.2,62.3,44.0,56.3,70.7,46.6,89.9,
홍성군 - 여자 - 인구십만명당 자살률,Statistics,18.3,14.5,12.7,19.4,19.2,51.3,32.7,24.2,46.9,29.2,47.5,41.0,29.6,27.3,22.6,19.9,28.1,26.9,15.9,29.7,23.9,24.0,18.1,14.2,
홍천군 - 계 - 인구십만명당 자살률,Statistics,29.3,25.4,26.9,47.8,58.4,58.6,46.2,44.0,42.8,39.9,51.4,76.3,69.3,60.7,43.1,41.4,44.4,41.6,35.9,41.7,39.1,42.2,33.6,42.7,
홍천군 - 남자 - 인구십만명당 자살률,Statistics,44.5,36.9,45.2,64.6,79.3,84.9,54.9,72.4,58.7,53.1,70.1,110.1,90.5,84.9,53.4,58.6,67.2,73.1,45.0,64.7,59.5,59.5,48.2,54.4,
홍천군 - 여자 - 인구십만명당 자살률,Statistics,13.5,13.6,8.2,30.5,36.7,31.3,37.2,14.5,26.2,26.1,32.1,41.2,47.1,35.4,32.3,23.4,20.5,8.8,26.4,17.6,17.8,24.0,18.1,30.3,
화성군 - 계 - 인구십만명당 자살률,Statistics,24.3,25.1,,,,,,,,,,,,,,,,,,,,,,,
화성군 - 남자 - 인구십만명당 자살률,Statistics,34.3,36.3,,,,,,,,,,,,,,,,,,,,,,,
화성군 - 여자 - 인구십만명당 자살률,Statistics,13.7,13.2,,,,,,,,,,,,,,,,,,,,,,,
화성시 - 계 - 인구십만명당 자살률,Statistics,,,26.9,26.1,35.8,33.1,30.6,20.8,29.6,26.5,30.8,27.1,28.1,28.1,24.0,20.8,21.7,23.7,19.8,20.8,24.0,20.5,23.3,19.2,20.1
화성시 - 남자 - 인구십만명당 자살률,Statistics,,,39.5,36.2,43.2,42.3,41.9,22.7,38.3,32.9,42.8,34.7,37.4,41.1,32.8,30.5,30.5,33.7,27.7,30.3,32.0,27.6,30.6,23.0,25.2
화성시 - 여자 - 인구십만명당 자살률,Statistics,,,13.4,15.2,27.9,23.0,18.4,18.6,20.2,19.7,18.0,19.1,18.2,14.3,14.5,10.5,12.4,13.1,11.2,10.6,15.3,13.0,15.3,15.1,14.6
화순군 - 계 - 인구십만명당 자살률,Statistics,22.0,12.8,17.7,22.8,32.3,19.8,29.6,23.2,31.9,25.4,37.1,36.1,33.5,27.9,32.5,22.4,24.3,35.3,34.1,18.8,20.7,22.5,37.0,27.4,
화순군 - 남자 - 인구십만명당 자살률,Statistics,25.8,15.3,22.8,33.1,39.0,29.3,40.7,27.6,36.4,31.3,49.0,46.7,50.1,41.6,45.0,30.4,30.9,56.3,53.6,25.4,32.2,32.5,61.8,48.9,
화순군 - 여자 - 인구십만명당 자살률,Statistics,18.2,10.2,12.7,12.6,25.7,10.5,18.7,19.0,27.5,19.6,25.5,25.7,17.3,14.5,20.4,14.7,17.9,15.1,15.3,12.3,9.4,12.7,12.7,6.4,
화천군 - 계 - 인구십만명당 자살률,Statistics,27.2,43.4,23.9,16.3,53.5,32.8,50.0,34.0,47.6,63.8,29.0,62.0,40.9,48.4,60.3,19.3,40.9,30.2,38.5,23.6,56.4,36.4,45.1,50.6,
화천군 - 남자 - 인구십만명당 자살률,Statistics,37.8,53.8,38.8,23.8,71.1,31.1,79.4,48.6,65.7,79.4,45.7,60.7,44.9,59.1,81.6,28.0,59.6,47.4,55.7,28.8,96.6,67.2,52.9,85.8,
화천군 - 여자 - 인구십만명당 자살률,Statistics,16.0,32.3,8.2,8.4,34.3,34.6,17.5,17.9,27.4,45.7,9.1,63.5,36.0,35.5,35.1,8.6,16.9,8.6,17.2,17.4,8.8,,35.9,9.2,
회원구 - 계 - 인구십만명당 자살률,Statistics,10.1,8.7,,,,,,,,,,,,,,,,,,,,,,,
회원구 - 남자 - 인구십만명당 자살률,Statistics,14.6,10.0,,,,,,,,,,,,,,,,,,,,,,,
회원구 - 여자 - 인구십만명당 자살률,Statistics,5.5,7.4,,,,,,,,,,,,,,,,,,,,,,,
횡성군 - 계 - 인구십만명당 자살률,Statistics,25.5,15.1,32.8,30.9,58.1,38.4,38.6,46.2,53.4,73.9,48.0,65.9,56.8,47.5,45.0,51.3,44.2,32.9,32.8,21.7,49.7,39.0,45.5,32.4,
횡성군 - 남자 - 인구십만명당 자살률,Statistics,33.2,29.5,51.3,38.8,78.8,39.8,49.0,72.3,59.1,99.5,58.1,89.1,89.3,80.1,66.3,70.2,52.2,47.5,47.2,34.0,67.7,50.8,63.3,46.3,
횡성군 - 여자 - 인구십만명당 자살률,Statistics,17.4,,13.4,22.5,36.5,36.9,27.9,18.9,47.4,47.2,37.4,41.7,23.2,13.8,22.9,31.8,35.9,17.9,17.8,8.8,30.9,26.6,26.7,17.7,
흥덕구 - 계 - 인구십만명당 자살률,Statistics,10.0,12.0,14.5,15.0,20.6,20.1,28.1,15.9,26.6,24.5,34.1,28.1,32.0,23.3,28.5,22.2,23.1,28.6,23.4,28.9,30.8,25.1,25.2,29.2,31.8
흥덕구 - 남자 - 인구십만명당 자살률,Statistics,15.3,15.9,18.8,21.2,29.8,25.1,36.2,19.4,30.3,34.1,39.0,36.1,45.5,35.3,38.8,30.0,30.9,40.3,29.9,39.9,46.1,37.5,31.9,36.2,43.6
흥덕구 - 여자 - 인구십만명당 자살률,Statistics,4.8,8.2,10.2,8.8,11.5,15.2,19.9,12.4,22.8,14.9,29.2,20.1,18.7,11.3,18.3,14.4,15.2,16.7,16.8,17.6,15.0,12.4,18.3,22.1,19.6
