item,category,1992,1993,1994,1995,1996,1997,1998,1999,2000,2001,2002,2003,2004,2005,2006,2007,2008,2009,2010,2011,2012,2013,2014,2015,2016,2017,2018,2019,2020,2021,2022,2023,2024
가평군 - 계,Statistics,53722.0,53925.0,54061.0,55005.0,56203.0,56613.0,56334.0,56386.0,56111.0,56045.0,55506.0,55060.0,54845.0,54861.0,54855.0,55698.0,57108.0,57564.0,58890.0,59358.0,60794.0,61017.0,61213.0,62008.0,62448.0,62973.0,62918.0,62415.0,62377.0,62264.0,62150.0,62302.0,62527.0
가평군 - 남,Statistics,27118.0,27210.0,27372.0,27916.0,28588.0,28774.0,28694.0,28790.0,28632.0,28602.0,28313.0,28172.0,28035.0,28087.0,28077.0,28471.0,29191.0,29475.0,30214.0,30510.0,31298.0,31284.0,31370.0,31774.0,31981.0,32276.0,32288.0,32042.0,32156.0,32129.0,32102.0,32137.0,32194.0
가평군 - 여,Statistics,26604.0,26715.0,26689.0,27089.0,27615.0,27839.0,27640.0,27596.0,27479.0,27443.0,27193.0,26888.0,26810.0,26774.0,26778.0,27227.0,27917.0,28089.0,28676.0,28848.0,29496.0,29733.0,29843.0,30234.0,30467.0,30697.0,30630.0,30373.0,30221.0,30135.0,30048.0,30165.0,30333.0
강남구 - 계,Statistics,556120.0,562792.0,568498.0,554573.0,552768.0,550803.0,550387.0,552293.0,550343.0,540640.0,535138.0,528977.0,531517.0,540909.0,556964.0,560958.0,557832.0,562138.0,570095.0,565710.0,564197.0,563599.0,578114.0,576495.0,567115.0,556164.0,542364.0,545169.0,539231.0,533042.0,529102.0,544873.0,557345.0
강남구 - 남,Statistics,276432.0,279362.0,281909.0,275106.0,273817.0,272129.0,271238.0,271269.0,270296.0,264593.0,261641.0,257776.0,258371.0,262628.0,269857.0,270925.0,268963.0,270720.0,274303.0,271991.0,270970.0,270601.0,277267.0,276425.0,271604.0,266442.0,259611.0,260806.0,257999.0,255047.0,253072.0,260520.0,266412.0
강남구 - 여,Statistics,279688.0,283430.0,286589.0,279467.0,278951.0,278674.0,279149.0,281024.0,280047.0,276047.0,273497.0,271201.0,273146.0,278281.0,287107.0,290033.0,288869.0,291418.0,295792.0,293719.0,293227.0,292998.0,300847.0,300070.0,295511.0,289722.0,282753.0,284363.0,281232.0,277995.0,276030.0,284353.0,290933.0
강동구 - 계,Statistics,548060.0,534922.0,520044.0,505664.0,496613.0,492850.0,488585.0,490520.0,496549.0,489241.0,481470.0,477230.0,471145.0,464059.0,461760.0,464546.0,469024.0,484745.0,491871.0,495138.0,487905.0,483379.0,476597.0,458658.0,444168.0,436223.0,427573.0,436067.0,459970.0,462664.0,460067.0,459167.0,476942.0
강동구 - 남,Statistics,276497.0,270148.0,262654.0,255525.0,250959.0,248852.0,246330.0,247430.0,250541.0,247208.0,243391.0,241000.0,237408.0,233352.0,232102.0,233223.0,235333.0,243001.0,246492.0,247973.0,244172.0,241503.0,237816.0,228709.0,221118.0,216777.0,211816.0,215335.0,226216.0,227002.0,225221.0,224423.0,232862.0
강동구 - 여,Statistics,271563.0,264774.0,257390.0,250139.0,245654.0,243998.0,242255.0,243090.0,246008.0,242033.0,238079.0,236230.0,233737.0,230707.0,229658.0,231323.0,233691.0,241744.0,245379.0,247165.0,243733.0,241876.0,238781.0,229949.0,223050.0,219446.0,215757.0,220732.0,233754.0,235662.0,234846.0,234744.0,244080.0
강릉시 - 계,Statistics,151768.0,153624.0,155510.0,223539.0,224111.0,225528.0,229449.0,232067.0,233121.0,231943.0,229869.0,229073.0,227259.0,224391.0,222016.0,220484.0,218399.0,217464.0,218503.0,217571.0,217741.0,216806.0,215807.0,214560.0,213846.0,213952.0,212957.0,213442.0,213321.0,212965.0,211381.0,209439.0,207731.0
강릉시 - 남,Statistics,75327.0,76280.0,77170.0,111304.0,111510.0,112273.0,114544.0,115909.0,116331.0,115662.0,114579.0,114231.0,113261.0,111728.0,110622.0,109916.0,108842.0,108146.0,108613.0,108294.0,108318.0,107689.0,107149.0,106545.0,106231.0,106286.0,105697.0,105893.0,105794.0,105667.0,104845.0,103759.0,102890.0
강릉시 - 여,Statistics,76441.0,77344.0,78340.0,112235.0,112601.0,113255.0,114905.0,116158.0,116790.0,116281.0,115290.0,114842.0,113998.0,112663.0,111394.0,110568.0,109557.0,109318.0,109890.0,109277.0,109423.0,109117.0,108658.0,108015.0,107615.0,107666.0,107260.0,107549.0,107527.0,107298.0,106536.0,105680.0,104841.0
강북구 - 계,Statistics,,,,394548.0,379062.0,367787.0,360814.0,352142.0,351995.0,351404.0,361896.0,360663.0,360525.0,353260.0,348990.0,345478.0,342274.0,340367.0,346520.0,345054.0,343157.0,338707.0,335025.0,330873.0,327195.0,324479.0,319164.0,313954.0,308055.0,299182.0,293660.0,288113.0,283597.0
강북구 - 남,Statistics,,,,197679.0,189612.0,183687.0,180184.0,175918.0,175860.0,175613.0,180859.0,179773.0,179484.0,175723.0,173510.0,171730.0,169887.0,168998.0,172109.0,170906.0,169866.0,167342.0,165223.0,162967.0,160861.0,158918.0,156071.0,153235.0,150143.0,145705.0,142567.0,139514.0,136789.0
강북구 - 여,Statistics,,,,196869.0,189450.0,184100.0,180630.0,176224.0,176135.0,175791.0,181037.0,180890.0,181041.0,177537.0,175480.0,173748.0,172387.0,171369.0,174411.0,174148.0,173291.0,171365.0,169802.0,167906.0,166334.0,165561.0,163093.0,160719.0,157912.0,153477.0,151093.0,148599.0,146808.0
강서구 - 계,Statistics,437330.0,473643.0,507409.0,522409.0,522640.0,518067.0,516590.0,519786.0,521231.0,521489.0,528321.0,537003.0,541671.0,553660.0,554945.0,560424.0,576848.0,572836.0,574127.0,569072.0,567431.0,569070.0,585160.0,589074.0,595485.0,601691.0,596949.0,591796.0,580185.0,574315.0,569166.0,563058.0,556171.0
강서구 - 남,Statistics,219251.0,237427.0,253636.0,260888.0,260946.0,258356.0,257304.0,258623.0,259235.0,259108.0,262185.0,266490.0,268424.0,274159.0,274528.0,276977.0,284817.0,282529.0,283248.0,280274.0,278969.0,279207.0,286644.0,287947.0,290478.0,292989.0,290079.0,286563.0,280034.0,276292.0,273203.0,269822.0,266237.0
강서구 - 여,Statistics,218079.0,236216.0,253773.0,261521.0,261694.0,259711.0,259286.0,261163.0,261996.0,262381.0,266136.0,270513.0,273247.0,279501.0,280417.0,283447.0,292031.0,290307.0,290879.0,288798.0,288462.0,289863.0,298516.0,301127.0,305007.0,308702.0,306870.0,305233.0,300151.0,298023.0,295963.0,293236.0,289934.0
강원특별자치도 - 계,Statistics,1554106.0,1539801.0,1529304.0,1528488.0,1528671.0,1537106.0,1552667.0,1556979.0,1554688.0,1552407.0,1538720.0,1527034.0,1521375.0,1513110.0,1505420.0,1503806.0,1508575.0,1512870.0,1529818.0,1536448.0,1538630.0,1542263.0,1544442.0,1549507.0,1550806.0,1550142.0,1543052.0,1541502.0,1542840.0,1538492.0,1536498.0,1527807.0,1517766.0
강원특별자치도 - 남,Statistics,780751.0,773555.0,768009.0,767927.0,767634.0,772280.0,781179.0,782936.0,781133.0,778766.0,771945.0,767294.0,764803.0,760642.0,756894.0,756184.0,759282.0,761270.0,769807.0,773278.0,774273.0,776498.0,778007.0,781434.0,781146.0,780635.0,776456.0,775386.0,776505.0,774332.0,772947.0,768449.0,763025.0
강원특별자치도 - 여,Statistics,773355.0,766246.0,761295.0,760561.0,761037.0,764826.0,771488.0,774043.0,773555.0,773641.0,766775.0,759740.0,756572.0,752468.0,748526.0,747622.0,749293.0,751600.0,760011.0,763170.0,764357.0,765765.0,766435.0,768073.0,769660.0,769507.0,766596.0,766116.0,766335.0,764160.0,763551.0,759358.0,754741.0
강진군 - 계,Statistics,60381.0,58301.0,56431.0,55042.0,53488.0,52188.0,51739.0,51207.0,49254.0,50846.0,46381.0,44743.0,43550.0,42696.0,41938.0,41352.0,41153.0,41164.0,41624.0,41599.0,40241.0,40079.0,39861.0,38758.0,37753.0,36868.0,36144.0,35286.0,34597.0,33753.0,33177.0,32722.0,32189.0
강진군 - 남,Statistics,29401.0,28376.0,27391.0,26636.0,25854.0,25293.0,25130.0,24887.0,23898.0,24404.0,22412.0,21607.0,20993.0,20530.0,20086.0,19753.0,19606.0,19603.0,19778.0,19744.0,19192.0,19123.0,19021.0,18507.0,18127.0,17731.0,17350.0,16944.0,16715.0,16359.0,16128.0,15949.0,15766.0
강진군 - 여,Statistics,30980.0,29925.0,29040.0,28406.0,27634.0,26895.0,26609.0,26320.0,25356.0,26442.0,23969.0,23136.0,22557.0,22166.0,21852.0,21599.0,21547.0,21561.0,21846.0,21855.0,21049.0,20956.0,20840.0,20251.0,19626.0,19137.0,18794.0,18342.0,17882.0,17394.0,17049.0,16773.0,16423.0
강화군 - 계,Statistics,,,,70601.0,70146.0,69539.0,68572.0,67924.0,67100.0,66860.0,65698.0,65044.0,65114.0,65389.0,65510.0,66466.0,67387.0,67049.0,67104.0,66779.0,66752.0,66735.0,67118.0,67667.0,68010.0,68754.0,68896.0,69178.0,69203.0,69693.0,69803.0,69005.0,69402.0
강화군 - 남,Statistics,,,,34847.0,34731.0,34495.0,34127.0,33896.0,33441.0,33315.0,32667.0,32409.0,32511.0,32576.0,32631.0,33154.0,33650.0,33504.0,33526.0,33388.0,33415.0,33520.0,33657.0,33916.0,34170.0,34509.0,34546.0,34665.0,34644.0,34868.0,34918.0,34566.0,34707.0
강화군 - 여,Statistics,,,,35754.0,35415.0,35044.0,34445.0,34028.0,33659.0,33545.0,33031.0,32635.0,32603.0,32813.0,32879.0,33312.0,33737.0,33545.0,33578.0,33391.0,33337.0,33215.0,33461.0,33751.0,33840.0,34245.0,34350.0,34513.0,34559.0,34825.0,34885.0,34439.0,34695.0
거제시 - 계,Statistics,,,,155140.0,160894.0,164652.0,170275.0,173090.0,174981.0,178980.0,182035.0,186208.0,190141.0,195609.0,201412.0,208208.0,217211.0,225522.0,228355.0,232787.0,236944.0,242077.0,248287.0,255828.0,257183.0,254073.0,250516.0,248276.0,245754.0,241216.0,236662.0,234038.0,232972.0
거제시 - 남,Statistics,,,,79560.0,82561.0,84417.0,87266.0,88776.0,89619.0,91743.0,93533.0,96003.0,98068.0,101160.0,104360.0,108290.0,113525.0,118410.0,119547.0,121587.0,124076.0,127020.0,130708.0,135281.0,135738.0,133467.0,131003.0,130141.0,128978.0,126291.0,123712.0,122542.0,122140.0
거제시 - 여,Statistics,,,,75580.0,78333.0,80235.0,83009.0,84314.0,85362.0,87237.0,88502.0,90205.0,92073.0,94449.0,97052.0,99918.0,103686.0,107112.0,108808.0,111200.0,112868.0,115057.0,117579.0,120547.0,121445.0,120606.0,119513.0,118135.0,116776.0,114925.0,112950.0,111496.0,110832.0
거창군 - 계,Statistics,77705.0,76454.0,74999.0,73810.0,73078.0,72237.0,72096.0,70989.0,69744.0,68574.0,67224.0,66370.0,65615.0,64735.0,63917.0,63979.0,63268.0,63180.0,63421.0,63146.0,63103.0,63177.0,63137.0,63232.0,63308.0,62763.0,62455.0,62179.0,61502.0,61073.0,60387.0,60047.0,59588.0
거창군 - 남,Statistics,38367.0,37680.0,36859.0,36216.0,35856.0,35378.0,35383.0,34833.0,34164.0,33524.0,32702.0,32355.0,31952.0,31568.0,31188.0,31136.0,30791.0,30733.0,30843.0,30665.0,30613.0,30671.0,30581.0,30664.0,30746.0,30476.0,30340.0,30345.0,30082.0,29955.0,29655.0,29555.0,29322.0
거창군 - 여,Statistics,39338.0,38774.0,38140.0,37594.0,37222.0,36859.0,36713.0,36156.0,35580.0,35050.0,34522.0,34015.0,33663.0,33167.0,32729.0,32843.0,32477.0,32447.0,32578.0,32481.0,32490.0,32506.0,32556.0,32568.0,32562.0,32287.0,32115.0,31834.0,31420.0,31118.0,30732.0,30492.0,30266.0
경기도 - 계,Statistics,6613094.0,7005232.0,7421823.0,7789424.0,8155794.0,8470594.0,8672632.0,8934332.0,9219343.0,9544496.0,9927473.0,10206851.0,10462920.0,10697215.0,10906033.0,11106211.0,11292264.0,11460610.0,11786622.0,11937415.0,12093299.0,12234630.0,12357830.0,12522606.0,12716780.0,12873895.0,13077153.0,13239666.0,13427014.0,13565450.0,13589432.0,13630821.0,13694685.0
경기도 - 남,Statistics,3343088.0,3542783.0,3757944.0,3946338.0,4130561.0,4286697.0,4383917.0,4513391.0,4658523.0,4822367.0,5012229.0,5150549.0,5277320.0,5395500.0,5499796.0,5598206.0,5690673.0,5773569.0,5942454.0,6015357.0,6091035.0,6159193.0,6219813.0,6299812.0,6395453.0,6475323.0,6577501.0,6659995.0,6754469.0,6827298.0,6839276.0,6855895.0,6882186.0
경기도 - 여,Statistics,3270006.0,3462449.0,3663879.0,3843086.0,4025233.0,4183897.0,4288715.0,4420941.0,4560820.0,4722129.0,4915244.0,5056302.0,5185600.0,5301715.0,5406237.0,5508005.0,5601591.0,5687041.0,5844168.0,5922058.0,6002264.0,6075437.0,6138017.0,6222794.0,6321327.0,6398572.0,6499652.0,6579671.0,6672545.0,6738152.0,6750156.0,6774926.0,6812499.0
경산시 - 계,Statistics,62402.0,69199.0,74592.0,164632.0,184924.0,198304.0,207444.0,212489.0,213821.0,215995.0,218446.0,216240.0,219579.0,227766.0,234839.0,236881.0,237423.0,236459.0,240708.0,243684.0,246358.0,248805.0,253968.0,256888.0,258037.0,259485.0,261093.0,263185.0,263728.0,268369.0,267725.0,266205.0,266398.0
경산시 - 남,Statistics,31074.0,34538.0,37310.0,82769.0,92901.0,99565.0,103997.0,106451.0,107127.0,108275.0,109501.0,108617.0,110412.0,114651.0,118315.0,119454.0,119731.0,119284.0,121560.0,123114.0,124367.0,125454.0,127909.0,129290.0,130060.0,130775.0,131537.0,132616.0,132805.0,134940.0,134746.0,133847.0,133851.0
경산시 - 여,Statistics,31328.0,34661.0,37282.0,81863.0,92023.0,98739.0,103447.0,106038.0,106694.0,107720.0,108945.0,107623.0,109167.0,113115.0,116524.0,117427.0,117692.0,117175.0,119148.0,120570.0,121991.0,123351.0,126059.0,127598.0,127977.0,128710.0,129556.0,130569.0,130923.0,133429.0,132979.0,132358.0,132547.0
경상남도 - 계,Statistics,3846825.0,3902502.0,3962374.0,3949903.0,4009419.0,3043758.0,3069755.0,3080229.0,3094413.0,3106502.0,3124418.0,3139017.0,3143814.0,3160431.0,3172857.0,3196953.0,3225255.0,3250176.0,3290536.0,3308765.0,3319314.0,3333820.0,3350257.0,3364702.0,3373871.0,3380404.0,3373988.0,3362553.0,3340216.0,3314183.0,3280493.0,3251158.0,3228380.0
경상남도 - 남,Statistics,1933474.0,1961385.0,1992530.0,1988118.0,2018993.0,1521928.0,1536028.0,1542109.0,1548720.0,1555175.0,1564368.0,1572720.0,1576357.0,1585900.0,1592610.0,1605983.0,1622127.0,1635700.0,1656042.0,1664755.0,1670545.0,1678592.0,1687114.0,1694981.0,1699219.0,1701413.0,1697412.0,1692032.0,1681423.0,1668338.0,1651675.0,1636987.0,1626926.0
경상남도 - 여,Statistics,1913351.0,1941117.0,1969844.0,1961785.0,1990426.0,1521830.0,1533727.0,1538120.0,1545693.0,1551327.0,1560050.0,1566297.0,1567457.0,1574531.0,1580247.0,1590970.0,1603128.0,1614476.0,1634494.0,1644010.0,1648769.0,1655228.0,1663143.0,1669721.0,1674652.0,1678991.0,1676576.0,1670521.0,1658793.0,1645845.0,1628818.0,1614171.0,1601454.0
경상북도 - 계,Statistics,2872170.0,2876288.0,2873138.0,2770378.0,2790451.0,2799084.0,2809595.0,2808567.0,2797178.0,2784704.0,2756744.0,2720832.0,2695917.0,2688491.0,2688577.0,2681364.0,2673931.0,2669876.0,2689920.0,2699195.0,2698353.0,2699440.0,2700794.0,2702826.0,2700398.0,2691706.0,2676831.0,2665836.0,2639422.0,2626609.0,2600492.0,2554324.0,2531384.0
경상북도 - 남,Statistics,1442757.0,1445071.0,1443849.0,1389878.0,1399442.0,1403153.0,1408418.0,1407843.0,1401512.0,1394244.0,1380211.0,1363201.0,1352420.0,1349437.0,1349830.0,1346756.0,1343199.0,1340977.0,1351202.0,1355727.0,1355294.0,1355951.0,1356182.0,1357306.0,1356868.0,1353164.0,1346689.0,1342037.0,1329211.0,1323661.0,1311881.0,1290298.0,1280547.0
경상북도 - 여,Statistics,1429413.0,1431217.0,1429289.0,1380500.0,1391009.0,1395931.0,1401177.0,1400724.0,1395666.0,1390460.0,1376533.0,1357631.0,1343497.0,1339054.0,1338747.0,1334608.0,1330732.0,1328899.0,1338718.0,1343468.0,1343059.0,1343489.0,1344612.0,1345520.0,1343530.0,1338542.0,1330142.0,1323799.0,1310211.0,1302948.0,1288611.0,1264026.0,1250837.0
경주시 - 계,Statistics,140310.0,145216.0,147733.0,283766.0,288319.0,291146.0,291414.0,291614.0,290149.0,287506.0,284589.0,281177.0,277870.0,275087.0,273419.0,272206.0,269343.0,267466.0,267098.0,265488.0,264091.0,263283.0,261535.0,259773.0,259452.0,257903.0,256864.0,255402.0,253502.0,251889.0,249607.0,247489.0,244769.0
경주시 - 남,Statistics,69529.0,72043.0,73333.0,141356.0,143698.0,144931.0,145125.0,145219.0,144336.0,143029.0,141561.0,139926.0,138536.0,137261.0,136505.0,136019.0,134663.0,133819.0,133646.0,132822.0,132100.0,131725.0,130820.0,130055.0,129944.0,129178.0,128802.0,127928.0,126911.0,126024.0,124909.0,123906.0,122608.0
경주시 - 여,Statistics,70781.0,73173.0,74400.0,142410.0,144621.0,146215.0,146289.0,146395.0,145813.0,144477.0,143028.0,141251.0,139334.0,137826.0,136914.0,136187.0,134680.0,133647.0,133452.0,132666.0,131991.0,131558.0,130715.0,129718.0,129508.0,128725.0,128062.0,127474.0,126591.0,125865.0,124698.0,123583.0,122161.0
계룡시 - 계,Statistics,,,,,,,,,,,,31058.0,31174.0,34370.0,36846.0,37775.0,41411.0,42760.0,43088.0,42942.0,41550.0,40957.0,40552.0,41730.0,42634.0,43967.0,43731.0,42971.0,42822.0,43331.0,44475.0,46667.0,46540.0
계룡시 - 남,Statistics,,,,,,,,,,,,15404.0,15467.0,17032.0,18238.0,18692.0,20388.0,21152.0,21322.0,21321.0,20633.0,20304.0,20118.0,20703.0,21148.0,21834.0,21674.0,21338.0,21343.0,21563.0,22166.0,23294.0,23219.0
계룡시 - 여,Statistics,,,,,,,,,,,,15654.0,15707.0,17338.0,18608.0,19083.0,21023.0,21608.0,21766.0,21621.0,20917.0,20653.0,20434.0,21027.0,21486.0,22133.0,22057.0,21633.0,21479.0,21768.0,22309.0,23373.0,23321.0
계양구 - 계,Statistics,,,,263847.0,270738.0,313930.0,326220.0,332236.0,337077.0,339696.0,341074.0,340175.0,337103.0,335435.0,342335.0,342564.0,342299.0,344039.0,347810.0,344299.0,342202.0,343806.0,339538.0,334332.0,330284.0,323784.0,312680.0,303471.0,296750.0,295696.0,288856.0,280266.0,280227.0
계양구 - 남,Statistics,,,,133440.0,136957.0,158483.0,164499.0,167550.0,169983.0,171201.0,171827.0,171225.0,169658.0,168687.0,172173.0,172258.0,171957.0,172753.0,174791.0,173225.0,171886.0,172539.0,170238.0,167579.0,165301.0,161925.0,156128.0,151569.0,147976.0,147316.0,143881.0,139459.0,139318.0
계양구 - 여,Statistics,,,,130407.0,133781.0,155447.0,161721.0,164686.0,167094.0,168495.0,169247.0,168950.0,167445.0,166748.0,170162.0,170306.0,170342.0,171286.0,173019.0,171074.0,170316.0,171267.0,169300.0,166753.0,164983.0,161859.0,156552.0,151902.0,148774.0,148380.0,144975.0,140807.0,140909.0
고령군 - 계,Statistics,37935.0,37356.0,36625.0,36194.0,37653.0,38781.0,38447.0,38251.0,37587.0,36796.0,35978.0,34942.0,34522.0,34271.0,34777.0,34907.0,34770.0,34535.0,34678.0,35455.0,35343.0,35198.0,35033.0,34594.0,34257.0,33768.0,32969.0,32373.0,31361.0,30626.0,30353.0,30139.0,30062.0
고령군 - 남,Statistics,19178.0,18917.0,18533.0,18321.0,19101.0,19675.0,19471.0,19375.0,18997.0,18619.0,18191.0,17697.0,17510.0,17422.0,17650.0,17759.0,17734.0,17597.0,17682.0,18102.0,18046.0,17988.0,17847.0,17630.0,17485.0,17200.0,16818.0,16548.0,16074.0,15741.0,15572.0,15477.0,15507.0
고령군 - 여,Statistics,18757.0,18439.0,18092.0,17873.0,18552.0,19106.0,18976.0,18876.0,18590.0,18177.0,17787.0,17245.0,17012.0,16849.0,17127.0,17148.0,17036.0,16938.0,16996.0,17353.0,17297.0,17210.0,17186.0,16964.0,16772.0,16568.0,16151.0,15825.0,15287.0,14885.0,14781.0,14662.0,14555.0
고성군 - 계,Statistics,74524.0,73163.0,71595.0,69988.0,68432.0,67588.0,66612.0,64960.0,63423.0,62097.0,60374.0,58642.0,57400.0,56189.0,55309.0,55393.0,55950.0,57100.0,57231.0,57264.0,56906.0,56369.0,55916.0,55284.0,54703.0,54060.0,53243.0,52276.0,51361.0,50478.0,50448.0,49468.0,48005.0
고성군 - 남,Statistics,36814.0,36183.0,35323.0,34481.0,33743.0,33283.0,32899.0,32155.0,31394.0,30713.0,29833.0,28999.0,28438.0,27823.0,27410.0,27487.0,27902.0,28636.0,28711.0,28710.0,28547.0,28277.0,28020.0,27715.0,27452.0,27064.0,26675.0,26208.0,25760.0,25297.0,25366.0,24970.0,24312.0
고성군 - 여,Statistics,37710.0,36980.0,36272.0,35507.0,34689.0,34305.0,33713.0,32805.0,32029.0,31384.0,30541.0,29643.0,28962.0,28366.0,27899.0,27906.0,28048.0,28464.0,28520.0,28554.0,28359.0,28092.0,27896.0,27569.0,27251.0,26996.0,26568.0,26068.0,25601.0,25181.0,25082.0,24498.0,23693.0
고양시 - 계,Statistics,257654.0,306622.0,418919.0,563398.0,657226.0,718465.0,750418.0,772390.0,797597.0,811467.0,836664.0,865077.0,886000.0,904077.0,910206.0,924839.0,938831.0,938784.0,950115.0,961239.0,969916.0,990571.0,1006154.0,1027546.0,1039684.0,1041983.0,1044189.0,1066351.0,1079216.0,1079353.0,1076535.0,1074907.0,1070120.0
고양시 - 남,Statistics,130262.0,155150.0,211754.0,283170.0,329049.0,358814.0,374360.0,384908.0,396999.0,403591.0,415739.0,429347.0,438926.0,447780.0,450541.0,457136.0,463691.0,463498.0,469508.0,474421.0,478333.0,487990.0,495535.0,505459.0,510923.0,511564.0,512359.0,522749.0,528480.0,528094.0,525741.0,524368.0,521495.0
고양시 - 여,Statistics,127392.0,151472.0,207165.0,280228.0,328177.0,359651.0,376058.0,387482.0,400598.0,407876.0,420925.0,435730.0,447074.0,456297.0,459665.0,467703.0,475140.0,475286.0,480607.0,486818.0,491583.0,502581.0,510619.0,522087.0,528761.0,530419.0,531830.0,543602.0,550736.0,551259.0,550794.0,550539.0,548625.0
고창군 - 계,Statistics,95836.0,91825.0,87979.0,85173.0,82568.0,79723.0,78587.0,76099.0,74104.0,74286.0,69657.0,69639.0,65203.0,63676.0,62030.0,60962.0,60328.0,60102.0,60861.0,60065.0,60440.0,60522.0,60090.0,60046.0,60597.0,60472.0,57041.0,55504.0,54529.0,53386.0,52338.0,51750.0,50982.0
고창군 - 남,Statistics,47372.0,45508.0,43528.0,42066.0,40705.0,39261.0,38794.0,37638.0,36569.0,36359.0,34260.0,34009.0,32105.0,31362.0,30488.0,30014.0,29832.0,29750.0,30030.0,29689.0,29951.0,29955.0,29658.0,29672.0,29927.0,29934.0,28215.0,27418.0,26964.0,26507.0,26005.0,25817.0,25441.0
고창군 - 여,Statistics,48464.0,46317.0,44451.0,43107.0,41863.0,40462.0,39793.0,38461.0,37535.0,37927.0,35397.0,35630.0,33098.0,32314.0,31542.0,30948.0,30496.0,30352.0,30831.0,30376.0,30489.0,30567.0,30432.0,30374.0,30670.0,30538.0,28826.0,28086.0,27565.0,26879.0,26333.0,25933.0,25541.0
고흥군 - 계,Statistics,126906.0,121851.0,117067.0,112384.0,108128.0,104470.0,103256.0,102542.0,100989.0,95864.0,92715.0,91518.0,86747.0,83830.0,81068.0,78589.0,76605.0,75127.0,73924.0,72607.0,71560.0,70631.0,69641.0,68601.0,67656.0,66736.0,65777.0,64913.0,63922.0,62762.0,61880.0,61113.0,60190.0
고흥군 - 남,Statistics,63138.0,60537.0,58087.0,55654.0,53497.0,51544.0,51004.0,50580.0,49583.0,46998.0,45163.0,44450.0,42168.0,40739.0,39365.0,38020.0,37060.0,36298.0,35666.0,35055.0,34464.0,34003.0,33483.0,33027.0,32556.0,32112.0,31783.0,31445.0,31051.0,30569.0,30170.0,29893.0,29597.0
고흥군 - 여,Statistics,63768.0,61314.0,58980.0,56730.0,54631.0,52926.0,52252.0,51962.0,51406.0,48866.0,47552.0,47068.0,44579.0,43091.0,41703.0,40569.0,39545.0,38829.0,38258.0,37552.0,37096.0,36628.0,36158.0,35574.0,35100.0,34624.0,33994.0,33468.0,32871.0,32193.0,31710.0,31220.0,30593.0
곡성군 - 계,Statistics,46102.0,44133.0,42628.0,41759.0,40788.0,41236.0,40809.0,41609.0,41149.0,38767.0,36754.0,35297.0,34396.0,34157.0,33631.0,33311.0,32608.0,32084.0,31886.0,31332.0,30878.0,31009.0,30732.0,30672.0,30400.0,30131.0,29624.0,28887.0,28039.0,27535.0,27060.0,26905.0,26566.0
곡성군 - 남,Statistics,22603.0,21633.0,20935.0,20484.0,19987.0,20067.0,19966.0,20244.0,19968.0,18922.0,17884.0,17143.0,16690.0,16610.0,16357.0,16083.0,15796.0,15540.0,15475.0,15224.0,14997.0,15085.0,14976.0,14948.0,14786.0,14643.0,14417.0,14114.0,13707.0,13540.0,13386.0,13375.0,13192.0
곡성군 - 여,Statistics,23499.0,22500.0,21693.0,21275.0,20801.0,21169.0,20843.0,21365.0,21181.0,19845.0,18870.0,18154.0,17706.0,17547.0,17274.0,17228.0,16812.0,16544.0,16411.0,16108.0,15881.0,15924.0,15756.0,15724.0,15614.0,15488.0,15207.0,14773.0,14332.0,13995.0,13674.0,13530.0,13374.0
공주시 - 계,Statistics,57059.0,57858.0,58657.0,138069.0,137705.0,136617.0,136988.0,136819.0,135589.0,133978.0,132584.0,130957.0,130280.0,129489.0,128330.0,126612.0,125143.0,124172.0,124930.0,124748.0,117298.0,116369.0,113621.0,111261.0,109931.0,108432.0,107581.0,106474.0,104545.0,103145.0,102571.0,102104.0,101285.0
공주시 - 남,Statistics,28246.0,28671.0,29046.0,69152.0,68969.0,68429.0,68733.0,68704.0,68044.0,67232.0,66478.0,65669.0,65577.0,65165.0,64591.0,63841.0,63153.0,62678.0,63097.0,62989.0,59145.0,58728.0,57314.0,55958.0,55221.0,54437.0,53979.0,53343.0,52297.0,51459.0,51231.0,50924.0,50546.0
공주시 - 여,Statistics,28813.0,29187.0,29611.0,68917.0,68736.0,68188.0,68255.0,68115.0,67545.0,66746.0,66106.0,65288.0,64703.0,64324.0,63739.0,62771.0,61990.0,61494.0,61833.0,61759.0,58153.0,57641.0,56307.0,55303.0,54710.0,53995.0,53602.0,53131.0,52248.0,51686.0,51340.0,51180.0,50739.0
과천시 - 계,Statistics,72243.0,70963.0,69906.0,70105.0,70890.0,71128.0,71322.0,71329.0,71432.0,71201.0,70488.0,70324.0,68333.0,60956.0,60482.0,62291.0,69477.0,72049.0,72279.0,71955.0,71068.0,70578.0,70156.0,68946.0,63778.0,57527.0,58142.0,58289.0,63231.0,73345.0,78137.0,81000.0,85512.0
과천시 - 남,Statistics,35460.0,34716.0,34299.0,34450.0,34899.0,35120.0,35165.0,35240.0,35208.0,35149.0,34739.0,34567.0,33603.0,29954.0,29721.0,30668.0,34171.0,35369.0,35397.0,35170.0,34612.0,34355.0,34129.0,33502.0,31013.0,28085.0,28423.0,28638.0,31068.0,36092.0,38416.0,39687.0,41757.0
과천시 - 여,Statistics,36783.0,36247.0,35607.0,35655.0,35991.0,36008.0,36157.0,36089.0,36224.0,36052.0,35749.0,35757.0,34730.0,31002.0,30761.0,31623.0,35306.0,36680.0,36882.0,36785.0,36456.0,36223.0,36027.0,35444.0,32765.0,29442.0,29719.0,29651.0,32163.0,37253.0,39721.0,41313.0,43755.0
관악구 - 계,Statistics,589171.0,589811.0,577977.0,557653.0,542325.0,533577.0,525729.0,517552.0,524404.0,527764.0,522207.0,522456.0,530156.0,530020.0,535217.0,535571.0,534556.0,529869.0,531434.0,526397.0,523029.0,518028.0,513186.0,509663.0,506851.0,503297.0,501957.0,500094.0,495060.0,485699.0,486752.0,481956.0,477812.0
관악구 - 남,Statistics,299093.0,299462.0,293459.0,283279.0,275499.0,271337.0,267308.0,263353.0,267272.0,269604.0,266951.0,266908.0,270391.0,270064.0,272339.0,272618.0,271762.0,269023.0,269783.0,267145.0,265281.0,262248.0,259631.0,257491.0,256143.0,253661.0,252160.0,251009.0,248339.0,243991.0,244748.0,242651.0,240457.0
관악구 - 여,Statistics,290078.0,290349.0,284518.0,274374.0,266826.0,262240.0,258421.0,254199.0,257132.0,258160.0,255256.0,255548.0,259765.0,259956.0,262878.0,262953.0,262794.0,260846.0,261651.0,259252.0,257748.0,255780.0,253555.0,252172.0,250708.0,249636.0,249797.0,249085.0,246721.0,241708.0,242004.0,239305.0,237355.0
광명시 - 계,Statistics,337842.0,341191.0,344094.0,343899.0,346108.0,342630.0,343933.0,340021.0,338139.0,336309.0,340807.0,336083.0,331419.0,327828.0,313372.0,313019.0,310501.0,314257.0,343982.0,355226.0,355560.0,353100.0,348560.0,344978.0,339484.0,332790.0,326841.0,316552.0,298599.0,292893.0,287945.0,280197.0,278167.0
광명시 - 남,Statistics,168447.0,170298.0,172014.0,172208.0,173375.0,171742.0,172461.0,170664.0,169766.0,168821.0,170860.0,168114.0,165496.0,163751.0,156469.0,156118.0,154721.0,156349.0,171115.0,176556.0,176365.0,175031.0,172768.0,171180.0,168241.0,164878.0,161734.0,156405.0,147278.0,144384.0,141632.0,137512.0,136261.0
광명시 - 여,Statistics,169395.0,170893.0,172080.0,171691.0,172733.0,170888.0,171472.0,169357.0,168373.0,167488.0,169947.0,167969.0,165923.0,164077.0,156903.0,156901.0,155780.0,157908.0,172867.0,178670.0,179195.0,178069.0,175792.0,173798.0,171243.0,167912.0,165107.0,160147.0,151321.0,148509.0,146313.0,142685.0,141906.0
광산구 - 계,Statistics,180130.0,191615.0,203956.0,178145.0,208204.0,230239.0,240621.0,247487.0,252902.0,263032.0,275301.0,286982.0,296101.0,306989.0,311621.0,316101.0,320660.0,342936.0,363239.0,375509.0,385101.0,392875.0,397281.0,400753.0,403049.0,404131.0,404547.0,405315.0,405579.0,404221.0,400654.0,396741.0,391611.0
광산구 - 남,Statistics,90437.0,96234.0,102369.0,89838.0,104959.0,115936.0,121366.0,124723.0,127389.0,132614.0,138480.0,144514.0,149122.0,154543.0,156799.0,159098.0,161232.0,172295.0,182376.0,188367.0,193280.0,197204.0,199253.0,201245.0,202480.0,203193.0,203479.0,203983.0,204296.0,203707.0,201971.0,200098.0,197732.0
광산구 - 여,Statistics,89693.0,95381.0,101587.0,88307.0,103245.0,114303.0,119255.0,122764.0,125513.0,130418.0,136821.0,142468.0,146979.0,152446.0,154822.0,157003.0,159428.0,170641.0,180863.0,187142.0,191821.0,195671.0,198028.0,199508.0,200569.0,200938.0,201068.0,201332.0,201283.0,200514.0,198683.0,196643.0,193879.0
광양시 - 계,Statistics,,,,129111.0,131191.0,132288.0,136728.0,138083.0,137940.0,138238.0,137913.0,136484.0,137601.0,138098.0,138237.0,138865.0,141388.0,143461.0,145512.0,150725.0,150837.0,151621.0,152097.0,153587.0,155580.0,155857.0,156564.0,156750.0,151769.0,150531.0,152168.0,152666.0,154692.0
광양시 - 남,Statistics,,,,66051.0,67146.0,67642.0,69902.0,70456.0,70381.0,70534.0,70299.0,69729.0,70318.0,70570.0,70607.0,71056.0,72439.0,73549.0,74789.0,77670.0,77678.0,77990.0,78128.0,78815.0,80012.0,80301.0,80972.0,81365.0,79144.0,78626.0,79523.0,79892.0,81108.0
광양시 - 여,Statistics,,,,63060.0,64045.0,64646.0,66826.0,67627.0,67559.0,67704.0,67614.0,66755.0,67283.0,67528.0,67630.0,67809.0,68949.0,69912.0,70723.0,73055.0,73159.0,73631.0,73969.0,74772.0,75568.0,75556.0,75592.0,75385.0,72625.0,71905.0,72645.0,72774.0,73584.0
광주광역시 - 계,Statistics,1223784.0,1248670.0,1272515.0,1285633.0,1300195.0,1323863.0,1339441.0,1356612.0,1371909.0,1383765.0,1397452.0,1395762.0,1401172.0,1401745.0,1407798.0,1413444.0,1422702.0,1433640.0,1454636.0,1463464.0,1469216.0,1472910.0,1475884.0,1472199.0,1469214.0,1463770.0,1459336.0,1456468.0,1450062.0,1441611.0,1431050.0,1419237.0,1408422.0
광주광역시 - 남,Statistics,606776.0,619159.0,631353.0,637914.0,644872.0,656596.0,665166.0,673853.0,681570.0,687267.0,693937.0,693149.0,695479.0,695687.0,698664.0,701561.0,705817.0,711091.0,721780.0,725606.0,728406.0,730216.0,731339.0,729662.0,728137.0,725295.0,722581.0,720740.0,717348.0,713015.0,707299.0,700896.0,695224.0
광주광역시 - 여,Statistics,617008.0,629511.0,641162.0,647719.0,655323.0,667267.0,674275.0,682759.0,690339.0,696498.0,703515.0,702613.0,705693.0,706058.0,709134.0,711883.0,716885.0,722549.0,732856.0,737858.0,740810.0,742694.0,744545.0,742537.0,741077.0,738475.0,736755.0,735728.0,732714.0,728596.0,723751.0,718341.0,713198.0
광주군 - 계,Statistics,83094.0,85284.0,87190.0,92815.0,101464.0,110242.0,114789.0,123865.0,139339.0,,,,,,,,,,,,,,,,,,,,,,,,
광주군 - 남,Statistics,42665.0,43918.0,44931.0,47861.0,52268.0,56863.0,59217.0,63814.0,71517.0,,,,,,,,,,,,,,,,,,,,,,,,
광주군 - 여,Statistics,40429.0,41366.0,42259.0,44954.0,49196.0,53379.0,55572.0,60051.0,67822.0,,,,,,,,,,,,,,,,,,,,,,,,
광주시 - 계,Statistics,,,,,,,,,,152878.0,175614.0,191466.0,205641.0,214498.0,222048.0,229319.0,234777.0,238583.0,249789.0,265222.0,275656.0,286699.0,298858.0,312579.0,327723.0,345947.0,363782.0,372654.0,382054.0,387289.0,391462.0,391377.0,397605.0
광주시 - 남,Statistics,,,,,,,,,,78442.0,89827.0,97936.0,105212.0,109769.0,113875.0,117740.0,120690.0,122741.0,128739.0,136415.0,141695.0,147488.0,153812.0,160610.0,168345.0,177521.0,186309.0,190774.0,195298.0,197673.0,199707.0,199601.0,202621.0
광주시 - 여,Statistics,,,,,,,,,,74436.0,85787.0,93530.0,100429.0,104729.0,108173.0,111579.0,114087.0,115842.0,121050.0,128807.0,133961.0,139211.0,145046.0,151969.0,159378.0,168426.0,177473.0,181880.0,186756.0,189616.0,191755.0,191776.0,194984.0
광진구 - 계,Statistics,,,,389920.0,390739.0,396580.0,395921.0,390061.0,391309.0,388109.0,386511.0,384929.0,380537.0,375613.0,374442.0,376572.0,375482.0,373998.0,375463.0,371936.0,371313.0,368927.0,363354.0,360369.0,357215.0,357703.0,355559.0,351350.0,346682.0,339996.0,337416.0,335554.0,331963.0
광진구 - 남,Statistics,,,,197652.0,198026.0,200256.0,199432.0,196237.0,197061.0,195484.0,194200.0,192996.0,190304.0,187320.0,186268.0,186945.0,186237.0,185190.0,186024.0,184103.0,183528.0,181864.0,178738.0,176884.0,174797.0,174414.0,172794.0,170262.0,167310.0,164058.0,162541.0,161277.0,159237.0
광진구 - 여,Statistics,,,,192268.0,192713.0,196324.0,196489.0,193824.0,194248.0,192625.0,192311.0,191933.0,190233.0,188293.0,188174.0,189627.0,189245.0,188808.0,189439.0,187833.0,187785.0,187063.0,184616.0,183485.0,182418.0,183289.0,182765.0,181088.0,179372.0,175938.0,174875.0,174277.0,172726.0
괴산군 - 계,Statistics,55028.0,53137.0,51042.0,49606.0,48219.0,47068.0,46272.0,45468.0,44380.0,43126.0,41827.0,40411.0,39586.0,38595.0,37570.0,36873.0,36566.0,36775.0,36827.0,37333.0,37713.0,38059.0,38351.0,38787.0,38973.0,39054.0,39133.0,39163.0,39393.0,38122.0,37055.0,36590.0,36252.0
괴산군 - 남,Statistics,27914.0,26946.0,25875.0,25146.0,24372.0,23793.0,23382.0,23043.0,22393.0,21760.0,21097.0,20448.0,19991.0,19487.0,18959.0,18617.0,18422.0,18520.0,18615.0,18896.0,19139.0,19341.0,19488.0,19727.0,19773.0,19855.0,19924.0,20013.0,20225.0,19612.0,19082.0,18872.0,18782.0
괴산군 - 여,Statistics,27114.0,26191.0,25167.0,24460.0,23847.0,23275.0,22890.0,22425.0,21987.0,21366.0,20730.0,19963.0,19595.0,19108.0,18611.0,18256.0,18144.0,18255.0,18212.0,18437.0,18574.0,18718.0,18863.0,19060.0,19200.0,19199.0,19209.0,19150.0,19168.0,18510.0,17973.0,17718.0,17470.0
구례군 - 계,Statistics,39736.0,38403.0,37223.0,36432.0,35822.0,35032.0,34949.0,34242.0,33588.0,32948.0,31755.0,30509.0,30232.0,29577.0,28837.0,28203.0,27703.0,27518.0,27375.0,27422.0,27077.0,27115.0,27170.0,27308.0,27412.0,27525.0,27117.0,26563.0,25719.0,25235.0,24655.0,24314.0,24025.0
구례군 - 남,Statistics,19459.0,18782.0,18267.0,17878.0,17607.0,17167.0,17189.0,16846.0,16522.0,16161.0,15563.0,14963.0,14786.0,14484.0,14122.0,13798.0,13515.0,13414.0,13346.0,13380.0,13193.0,13196.0,13199.0,13278.0,13342.0,13392.0,13191.0,12924.0,12519.0,12285.0,12052.0,11890.0,11736.0
구례군 - 여,Statistics,20277.0,19621.0,18956.0,18554.0,18215.0,17865.0,17760.0,17396.0,17066.0,16787.0,16192.0,15546.0,15446.0,15093.0,14715.0,14405.0,14188.0,14104.0,14029.0,14042.0,13884.0,13919.0,13971.0,14030.0,14070.0,14133.0,13926.0,13639.0,13200.0,12950.0,12603.0,12424.0,12289.0
구로구 - 계,Statistics,738140.0,722928.0,696060.0,382207.0,377391.0,376436.0,380623.0,395294.0,403097.0,415330.0,413363.0,412845.0,416828.0,416405.0,419832.0,420542.0,420795.0,421967.0,423736.0,427468.0,427520.0,424964.0,425831.0,422092.0,417551.0,410742.0,404497.0,406664.0,404408.0,396754.0,395315.0,392405.0,388169.0
구로구 - 남,Statistics,378127.0,370702.0,357409.0,196439.0,193816.0,192877.0,194526.0,201438.0,205510.0,211580.0,210467.0,210121.0,211704.0,211109.0,212559.0,212665.0,212461.0,212953.0,214032.0,215474.0,214982.0,213251.0,213213.0,210440.0,207667.0,204003.0,200417.0,200987.0,199673.0,195537.0,194274.0,192341.0,189991.0
구로구 - 여,Statistics,360013.0,352226.0,338651.0,185768.0,183575.0,183559.0,186097.0,193856.0,197587.0,203750.0,202896.0,202724.0,205124.0,205296.0,207273.0,207877.0,208334.0,209014.0,209704.0,211994.0,212538.0,211713.0,212618.0,211652.0,209884.0,206739.0,204080.0,205677.0,204735.0,201217.0,201041.0,200064.0,198178.0
구리시 - 계,Statistics,124770.0,126996.0,136794.0,143177.0,155429.0,164150.0,163758.0,166232.0,169417.0,184816.0,193214.0,192947.0,193438.0,192548.0,193847.0,196800.0,195874.0,195593.0,196398.0,194881.0,192341.0,189680.0,186820.0,186721.0,193763.0,200042.0,203553.0,199265.0,197454.0,191948.0,188701.0,187093.0,186882.0
구리시 - 남,Statistics,63313.0,64494.0,69536.0,72788.0,78793.0,82951.0,82446.0,83473.0,85170.0,92772.0,96701.0,96374.0,96486.0,96174.0,96882.0,98272.0,97644.0,97435.0,97951.0,97313.0,95956.0,94679.0,93217.0,93096.0,96397.0,99390.0,101084.0,98968.0,97939.0,95172.0,93442.0,92559.0,92459.0
구리시 - 여,Statistics,61457.0,62502.0,67258.0,70389.0,76636.0,81199.0,81312.0,82759.0,84247.0,92044.0,96513.0,96573.0,96952.0,96374.0,96965.0,98528.0,98230.0,98158.0,98447.0,97568.0,96385.0,95001.0,93603.0,93625.0,97366.0,100652.0,102469.0,100297.0,99515.0,96776.0,95259.0,94534.0,94423.0
구미시 - 계,Statistics,196816.0,210203.0,220187.0,302413.0,311437.0,321463.0,328659.0,335487.0,336914.0,344159.0,350011.0,355629.0,365681.0,374614.0,386465.0,391897.0,393959.0,396419.0,404920.0,413446.0,416949.0,419428.0,420320.0,419915.0,419891.0,421799.0,421494.0,419742.0,416328.0,412581.0,408110.0,405506.0,404820.0
구미시 - 남,Statistics,101647.0,106872.0,112232.0,153231.0,157843.0,163302.0,166430.0,169846.0,170523.0,174049.0,177268.0,180520.0,185980.0,190863.0,196423.0,199147.0,200203.0,201402.0,206195.0,210447.0,212041.0,213652.0,214452.0,214528.0,214600.0,215826.0,215863.0,215208.0,213720.0,212021.0,209909.0,209131.0,209069.0
구미시 - 여,Statistics,95169.0,103331.0,107955.0,149182.0,153594.0,158161.0,162229.0,165641.0,166391.0,170110.0,172743.0,175109.0,179701.0,183751.0,190042.0,192750.0,193756.0,195017.0,198725.0,202999.0,204908.0,205776.0,205868.0,205387.0,205291.0,205973.0,205631.0,204534.0,202608.0,200560.0,198201.0,196375.0,195751.0
군산시 - 계,Statistics,199943.0,204505.0,207696.0,275819.0,278069.0,280648.0,280666.0,279644.0,277491.0,276717.0,272007.0,268639.0,265168.0,263120.0,260989.0,260562.0,263845.0,266922.0,272601.0,275659.0,278341.0,278319.0,278098.0,278398.0,277551.0,274997.0,272645.0,270131.0,267859.0,265304.0,262467.0,259980.0,258047.0
군산시 - 남,Statistics,99506.0,101957.0,103559.0,138267.0,139537.0,141136.0,141262.0,140754.0,139602.0,138985.0,136922.0,135316.0,133643.0,132741.0,131744.0,131932.0,133832.0,135581.0,138380.0,140108.0,141486.0,141436.0,141252.0,141328.0,140793.0,139246.0,137897.0,136421.0,135332.0,134290.0,132887.0,131719.0,130936.0
군산시 - 여,Statistics,100437.0,102548.0,104137.0,137552.0,138532.0,139512.0,139404.0,138890.0,137889.0,137732.0,135085.0,133323.0,131525.0,130379.0,129245.0,128630.0,130013.0,131341.0,134221.0,135551.0,136855.0,136883.0,136846.0,137070.0,136758.0,135751.0,134748.0,133710.0,132527.0,131014.0,129580.0,128261.0,127111.0
군위군 - 계,Statistics,36363.0,35513.0,34423.0,33577.0,32831.0,32063.0,31490.0,31846.0,32637.0,34055.0,31654.0,29762.0,28825.0,27709.0,26687.0,25781.0,25309.0,24966.0,24736.0,24268.0,24119.0,24172.0,24170.0,24126.0,24171.0,24215.0,23919.0,23843.0,23256.0,22945.0,23340.0,22988.0,22463.0
군위군 - 남,Statistics,18411.0,18021.0,17426.0,17029.0,16593.0,16150.0,15826.0,15949.0,16221.0,16734.0,15634.0,14755.0,14381.0,13864.0,13381.0,12958.0,12740.0,12587.0,12436.0,12200.0,12059.0,12089.0,12120.0,12077.0,12156.0,12247.0,12188.0,12166.0,11892.0,11761.0,11969.0,11886.0,11613.0
군위군 - 여,Statistics,17952.0,17492.0,16997.0,16548.0,16238.0,15913.0,15664.0,15897.0,16416.0,17321.0,16020.0,15007.0,14444.0,13845.0,13306.0,12823.0,12569.0,12379.0,12300.0,12068.0,12060.0,12083.0,12050.0,12049.0,12015.0,11968.0,11731.0,11677.0,11364.0,11184.0,11371.0,11102.0,10850.0
군포시 - 계,Statistics,130877.0,177873.0,223212.0,244540.0,253874.0,261794.0,270138.0,270061.0,270151.0,269080.0,268559.0,273765.0,275761.0,277781.0,274569.0,275351.0,277590.0,275731.0,287833.0,287294.0,286841.0,286344.0,288408.0,287519.0,284890.0,281205.0,276916.0,275852.0,273791.0,268535.0,266213.0,261229.0,255931.0
군포시 - 남,Statistics,66466.0,89922.0,112729.0,123239.0,127896.0,131708.0,135737.0,135839.0,135718.0,135014.0,134683.0,137370.0,138102.0,138901.0,137192.0,137718.0,138790.0,137792.0,143654.0,143186.0,142833.0,142559.0,143497.0,142989.0,141647.0,139692.0,137536.0,136878.0,135834.0,133246.0,132165.0,129573.0,126988.0
군포시 - 여,Statistics,64411.0,87951.0,110483.0,121301.0,125978.0,130086.0,134401.0,134222.0,134433.0,134066.0,133876.0,136395.0,137659.0,138880.0,137377.0,137633.0,138800.0,137939.0,144179.0,144108.0,144008.0,143785.0,144911.0,144530.0,143243.0,141513.0,139380.0,138974.0,137957.0,135289.0,134048.0,131656.0,128943.0
금산군 - 계,Statistics,75986.0,72704.0,69726.0,70831.0,72114.0,70125.0,67760.0,65287.0,64515.0,62985.0,61350.0,60740.0,60048.0,58378.0,57552.0,57690.0,56740.0,56220.0,56555.0,56030.0,55715.0,55441.0,55166.0,54879.0,54612.0,53894.0,53222.0,52257.0,51413.0,50477.0,50092.0,50093.0,49615.0
금산군 - 남,Statistics,38370.0,36831.0,35329.0,35629.0,36055.0,35147.0,34188.0,33093.0,32716.0,31981.0,31150.0,30751.0,30506.0,29708.0,29210.0,29239.0,28830.0,28575.0,28736.0,28393.0,28232.0,28116.0,27981.0,27769.0,27558.0,27181.0,26836.0,26309.0,25928.0,25466.0,25315.0,25355.0,25146.0
금산군 - 여,Statistics,37616.0,35873.0,34397.0,35202.0,36059.0,34978.0,33572.0,32194.0,31799.0,31004.0,30200.0,29989.0,29542.0,28670.0,28342.0,28451.0,27910.0,27645.0,27819.0,27637.0,27483.0,27325.0,27185.0,27110.0,27054.0,26713.0,26386.0,25948.0,25485.0,25011.0,24777.0,24738.0,24469.0
금정구 - 계,Statistics,322382.0,316493.0,311854.0,312034.0,303946.0,301970.0,297844.0,294560.0,292187.0,285760.0,278511.0,274696.0,271046.0,264880.0,263338.0,258934.0,256398.0,252039.0,255419.0,254720.0,255692.0,253526.0,249856.0,246026.0,244624.0,244469.0,242956.0,239062.0,232666.0,228049.0,221256.0,215590.0,209932.0
금정구 - 남,Statistics,160809.0,157781.0,155526.0,155436.0,151612.0,150639.0,148570.0,146838.0,145454.0,142221.0,138627.0,136563.0,134581.0,131230.0,130463.0,128224.0,126795.0,124628.0,126247.0,125734.0,126142.0,125009.0,123091.0,120957.0,120291.0,120153.0,119261.0,117070.0,113595.0,111513.0,108085.0,105149.0,102206.0
금정구 - 여,Statistics,161573.0,158712.0,156328.0,156598.0,152334.0,151331.0,149274.0,147722.0,146733.0,143539.0,139884.0,138133.0,136465.0,133650.0,132875.0,130710.0,129603.0,127411.0,129172.0,128986.0,129550.0,128517.0,126765.0,125069.0,124333.0,124316.0,123695.0,121992.0,119071.0,116536.0,113171.0,110441.0,107726.0
금천구 - 계,Statistics,,,,283089.0,271718.0,270764.0,272276.0,268629.0,266431.0,260476.0,261413.0,261224.0,259633.0,256902.0,253243.0,249108.0,247320.0,244835.0,245195.0,243438.0,243288.0,241020.0,238463.0,236284.0,235386.0,235154.0,233917.0,232810.0,231733.0,230811.0,229642.0,227481.0,225159.0
금천구 - 남,Statistics,,,,145344.0,139214.0,138710.0,139298.0,137454.0,136559.0,133523.0,133805.0,133379.0,132390.0,130883.0,129041.0,126977.0,125931.0,124836.0,125528.0,124665.0,124675.0,123462.0,121878.0,120604.0,119885.0,119497.0,118915.0,118209.0,117226.0,116527.0,115786.0,114414.0,113211.0
금천구 - 여,Statistics,,,,137745.0,132504.0,132054.0,132978.0,131175.0,129872.0,126953.0,127608.0,127845.0,127243.0,126019.0,124202.0,122131.0,121389.0,119999.0,119667.0,118773.0,118613.0,117558.0,116585.0,115680.0,115501.0,115657.0,115002.0,114601.0,114507.0,114284.0,113856.0,113067.0,111948.0
기장군 - 계,Statistics,,,,72073.0,73790.0,74139.0,74456.0,74125.0,74324.0,76166.0,76384.0,77632.0,79788.0,80104.0,79334.0,79565.0,81159.0,89384.0,102557.0,108095.0,114566.0,132507.0,144748.0,153093.0,158527.0,161651.0,164864.0,164716.0,174545.0,177125.0,178614.0,178729.0,175626.0
기장군 - 남,Statistics,,,,35689.0,36564.0,36767.0,36851.0,36731.0,36824.0,37779.0,37953.0,38608.0,39747.0,39980.0,39660.0,39844.0,40628.0,44713.0,51211.0,53840.0,56941.0,65619.0,71581.0,75755.0,78373.0,80067.0,81598.0,81571.0,86439.0,87691.0,88426.0,88536.0,87022.0
기장군 - 여,Statistics,,,,36384.0,37226.0,37372.0,37605.0,37394.0,37500.0,38387.0,38431.0,39024.0,40041.0,40124.0,39674.0,39721.0,40531.0,44671.0,51346.0,54255.0,57625.0,66888.0,73167.0,77338.0,80154.0,81584.0,83266.0,83145.0,88106.0,89434.0,90188.0,90193.0,88604.0
김제시 - 계,Statistics,46960.0,46999.0,47350.0,128415.0,125582.0,122761.0,121636.0,118563.0,115865.0,115244.0,110989.0,110710.0,105195.0,102720.0,100238.0,97615.0,95807.0,94770.0,94346.0,93111.0,92317.0,91218.0,90108.0,88721.0,87782.0,86926.0,85331.0,83895.0,82450.0,80913.0,81455.0,81430.0,80635.0
김제시 - 남,Statistics,23210.0,23254.0,23385.0,64056.0,62609.0,61266.0,60838.0,59387.0,57871.0,57386.0,55360.0,55101.0,52545.0,51298.0,50111.0,48726.0,47869.0,47288.0,46941.0,46202.0,45830.0,45207.0,44657.0,43957.0,43527.0,43110.0,42357.0,41624.0,40844.0,40193.0,40476.0,40631.0,40360.0
김제시 - 여,Statistics,23750.0,23745.0,23965.0,64359.0,62973.0,61495.0,60798.0,59176.0,57994.0,57858.0,55629.0,55609.0,52650.0,51422.0,50127.0,48889.0,47938.0,47482.0,47405.0,46909.0,46487.0,46011.0,45451.0,44764.0,44255.0,43816.0,42974.0,42271.0,41606.0,40720.0,40979.0,40799.0,40275.0
김천시 - 계,Statistics,82474.0,83338.0,84169.0,151641.0,150818.0,150366.0,150144.0,151459.0,149864.0,150858.0,146666.0,150306.0,143527.0,141632.0,139682.0,139084.0,138056.0,135918.0,136136.0,136185.0,135504.0,135259.0,135456.0,140132.0,142256.0,142908.0,141104.0,141229.0,140548.0,140239.0,139324.0,137515.0,135446.0
김천시 - 남,Statistics,40830.0,41359.0,41733.0,75271.0,74893.0,74591.0,74445.0,75192.0,74404.0,74850.0,72847.0,74191.0,71276.0,70312.0,69386.0,69126.0,68569.0,67446.0,67573.0,67528.0,67317.0,67222.0,67355.0,70004.0,71201.0,71556.0,70663.0,70743.0,70525.0,70305.0,69900.0,69082.0,68101.0
김천시 - 여,Statistics,41644.0,41979.0,42436.0,76370.0,75925.0,75775.0,75699.0,76267.0,75460.0,76008.0,73819.0,76115.0,72251.0,71320.0,70296.0,69958.0,69487.0,68472.0,68563.0,68657.0,68187.0,68037.0,68101.0,70128.0,71055.0,71352.0,70441.0,70486.0,70023.0,69934.0,69424.0,68433.0,67345.0
김포시 - 계,Statistics,,,,,,,127865.0,148066.0,162997.0,180404.0,193438.0,203391.0,208192.0,207229.0,207824.0,205997.0,220418.0,225805.0,238339.0,256994.0,287432.0,312305.0,340310.0,349990.0,363443.0,392092.0,423170.0,437221.0,473970.0,486508.0,484267.0,486172.0,486853.0
김포시 - 남,Statistics,,,,,,,65379.0,75367.0,82919.0,91588.0,98034.0,103063.0,105384.0,104984.0,105336.0,104568.0,111801.0,114603.0,121016.0,130283.0,145275.0,157341.0,171105.0,175892.0,182597.0,196801.0,212410.0,219552.0,237507.0,243415.0,241904.0,242801.0,242951.0
김포시 - 여,Statistics,,,,,,,62486.0,72699.0,80078.0,88816.0,95404.0,100328.0,102808.0,102245.0,102488.0,101429.0,108617.0,111202.0,117323.0,126711.0,142157.0,154964.0,169205.0,174098.0,180846.0,195291.0,210760.0,217669.0,236463.0,243093.0,242363.0,243371.0,243902.0
김해시 - 계,Statistics,139832.0,148685.0,162098.0,263577.0,287009.0,304750.0,320487.0,326070.0,343617.0,353768.0,390292.0,407368.0,427432.0,443017.0,453728.0,464964.0,477572.0,492413.0,503348.0,507062.0,513260.0,522049.0,527240.0,528865.0,529422.0,532132.0,533672.0,542455.0,542338.0,537673.0,535129.0,533659.0,531676.0
김해시 - 남,Statistics,69840.0,74436.0,81135.0,132293.0,144239.0,153307.0,161092.0,163998.0,172814.0,178148.0,196283.0,204960.0,215436.0,223062.0,228243.0,233985.0,240583.0,247971.0,253810.0,255716.0,259026.0,263489.0,266361.0,267227.0,267513.0,268959.0,269736.0,274336.0,274313.0,271899.0,270652.0,269755.0,268933.0
김해시 - 여,Statistics,69992.0,74249.0,80963.0,131284.0,142770.0,151443.0,159395.0,162072.0,170803.0,175620.0,194009.0,202408.0,211996.0,219955.0,225485.0,230979.0,236989.0,244442.0,249538.0,251346.0,254234.0,258560.0,260879.0,261638.0,261909.0,263173.0,263936.0,268119.0,268025.0,265774.0,264477.0,263904.0,262743.0
나주시 - 계,Statistics,37937.0,38119.0,38085.0,116179.0,114834.0,112393.0,111719.0,110148.0,108459.0,105832.0,102825.0,101708.0,99308.0,97980.0,96417.0,95439.0,92884.0,90875.0,90118.0,88243.0,88067.0,87754.0,90669.0,98182.0,104376.0,110110.0,113839.0,114664.0,115613.0,116726.0,116456.0,117377.0,116654.0
나주시 - 남,Statistics,18736.0,18852.0,18819.0,57902.0,57228.0,56096.0,55726.0,55015.0,54138.0,52767.0,51290.0,50664.0,49531.0,48962.0,48288.0,47981.0,46638.0,45726.0,45294.0,44403.0,44298.0,44123.0,45787.0,49486.0,52528.0,55396.0,57274.0,57668.0,58194.0,58906.0,58749.0,59261.0,58934.0
나주시 - 여,Statistics,19201.0,19267.0,19266.0,58277.0,57606.0,56297.0,55993.0,55133.0,54321.0,53065.0,51535.0,51044.0,49777.0,49018.0,48129.0,47458.0,46246.0,45149.0,44824.0,43840.0,43769.0,43631.0,44882.0,48696.0,51848.0,54714.0,56565.0,56996.0,57419.0,57820.0,57707.0,58116.0,57720.0
남구 - 계,Statistics,550283.0,536841.0,528129.0,320745.0,315041.0,308372.0,304978.0,299074.0,299518.0,302642.0,305375.0,307287.0,304481.0,302257.0,297893.0,296666.0,298314.0,297963.0,298458.0,295121.0,291175.0,291770.0,286989.0,283101.0,278779.0,273854.0,279917.0,274480.0,267731.0,262069.0,256333.0,254185.0,254498.0
남구 - 남,Statistics,273647.0,267086.0,262855.0,160825.0,158039.0,154755.0,153130.0,150248.0,150460.0,151789.0,152970.0,153715.0,152295.0,150988.0,148720.0,148111.0,148709.0,148192.0,148297.0,146362.0,144063.0,144189.0,141511.0,139403.0,137096.0,134592.0,137437.0,134519.0,131037.0,127955.0,125118.0,123851.0,123837.0
남구 - 여,Statistics,276636.0,269755.0,265274.0,159920.0,157002.0,153617.0,151848.0,148826.0,149058.0,150853.0,152405.0,153572.0,152186.0,151269.0,149173.0,148555.0,149605.0,149771.0,150161.0,148759.0,147112.0,147581.0,145478.0,143698.0,141683.0,139262.0,142480.0,139961.0,136694.0,134114.0,131215.0,130334.0,130661.0
남동구 - 계,Statistics,373025.0,378118.0,386470.0,389052.0,391409.0,392753.0,396499.0,397462.0,407845.0,407615.0,403574.0,392478.0,384244.0,379310.0,390044.0,425217.0,450054.0,463414.0,473423.0,495469.0,503597.0,507021.0,514656.0,531395.0,530982.0,536578.0,537161.0,532704.0,525354.0,518272.0,506181.0,492415.0,486225.0
남동구 - 남,Statistics,186578.0,189520.0,194106.0,195979.0,197252.0,198136.0,199907.0,200634.0,205841.0,205772.0,203707.0,198022.0,193486.0,190765.0,195954.0,213301.0,225247.0,231501.0,236568.0,247604.0,251391.0,253179.0,256882.0,264986.0,264714.0,267290.0,267426.0,264955.0,260923.0,257468.0,251394.0,244530.0,241220.0
남동구 - 여,Statistics,186447.0,188598.0,192364.0,193073.0,194157.0,194617.0,196592.0,196828.0,202004.0,201843.0,199867.0,194456.0,190758.0,188545.0,194090.0,211916.0,224807.0,231913.0,236855.0,247865.0,252206.0,253842.0,257774.0,266409.0,266268.0,269288.0,269735.0,267749.0,264431.0,260804.0,254787.0,247885.0,245005.0
남양주시 - 계,Statistics,,,,237398.0,254106.0,278939.0,306553.0,334551.0,358396.0,375041.0,392614.0,403755.0,418360.0,450054.0,470617.0,492347.0,505867.0,525211.0,564141.0,578485.0,599539.0,618305.0,636256.0,653454.0,662154.0,665321.0,681828.0,701830.0,713321.0,733798.0,737353.0,732265.0,732482.0
남양주시 - 남,Statistics,,,,120623.0,129111.0,141536.0,155283.0,168950.0,180915.0,189544.0,198270.0,203406.0,210648.0,226239.0,236305.0,247078.0,253758.0,263414.0,283057.0,289957.0,300404.0,309444.0,318208.0,326447.0,330749.0,332152.0,340030.0,349664.0,355197.0,365103.0,366261.0,363190.0,362652.0
남양주시 - 여,Statistics,,,,116775.0,124995.0,137403.0,151270.0,165601.0,177481.0,185497.0,194344.0,200349.0,207712.0,223815.0,234312.0,245269.0,252109.0,261797.0,281084.0,288528.0,299135.0,308861.0,318048.0,327007.0,331405.0,333169.0,341798.0,352166.0,358124.0,368695.0,371092.0,369075.0,369830.0
남원시 - 계,Statistics,54133.0,54848.0,55156.0,109185.0,108274.0,107180.0,106300.0,104544.0,103571.0,103977.0,100392.0,101950.0,96243.0,93670.0,91265.0,89247.0,88356.0,87675.0,87775.0,87455.0,87000.0,86460.0,85643.0,84856.0,84188.0,83281.0,82554.0,81441.0,80662.0,79431.0,77948.0,76781.0,75647.0
남원시 - 남,Statistics,26635.0,27017.0,27158.0,54060.0,53538.0,53006.0,52615.0,51856.0,51130.0,51263.0,49643.0,50197.0,47495.0,46201.0,44904.0,43837.0,43446.0,43199.0,43236.0,42944.0,42730.0,42415.0,42034.0,41634.0,41341.0,40868.0,40508.0,39884.0,39560.0,38965.0,38246.0,37674.0,37120.0
남원시 - 여,Statistics,27498.0,27831.0,27998.0,55125.0,54736.0,54174.0,53685.0,52688.0,52441.0,52714.0,50749.0,51753.0,48748.0,47469.0,46361.0,45410.0,44910.0,44476.0,44539.0,44511.0,44270.0,44045.0,43609.0,43222.0,42847.0,42413.0,42046.0,41557.0,41102.0,40466.0,39702.0,39107.0,38527.0
남해군 - 계,Statistics,73714.0,71695.0,70199.0,68406.0,66362.0,64500.0,63662.0,61820.0,59762.0,57916.0,55958.0,54392.0,53129.0,51825.0,50792.0,55026.0,50698.0,50244.0,49328.0,50242.0,48223.0,47244.0,46638.0,45865.0,45129.0,44642.0,43990.0,43622.0,42958.0,42266.0,41579.0,40780.0,39832.0
남해군 - 남,Statistics,35996.0,34934.0,34158.0,33184.0,32052.0,31067.0,30784.0,29840.0,28750.0,27806.0,26851.0,25988.0,25369.0,24816.0,24292.0,26233.0,24225.0,24018.0,23599.0,24004.0,22986.0,22546.0,22247.0,21878.0,21566.0,21348.0,21044.0,20988.0,20707.0,20450.0,20190.0,19859.0,19394.0
남해군 - 여,Statistics,37718.0,36761.0,36041.0,35222.0,34310.0,33433.0,32878.0,31980.0,31012.0,30110.0,29107.0,28404.0,27760.0,27009.0,26500.0,28793.0,26473.0,26226.0,25729.0,26238.0,25237.0,24698.0,24391.0,23987.0,23563.0,23294.0,22946.0,22634.0,22251.0,21816.0,21389.0,20921.0,20438.0
노원구 - 계,Statistics,571171.0,587399.0,588757.0,598529.0,585907.0,586284.0,594851.0,617500.0,632634.0,646905.0,641652.0,631931.0,628184.0,622003.0,618093.0,616753.0,615981.0,610616.0,611230.0,603930.0,597189.0,590479.0,582552.0,574583.0,567581.0,554403.0,543752.0,532905.0,523037.0,510956.0,503734.0,498213.0,491247.0
노원구 - 남,Statistics,283705.0,291794.0,292232.0,296838.0,290354.0,290171.0,294485.0,305940.0,313369.0,320404.0,317436.0,312390.0,310082.0,306356.0,304047.0,302823.0,301982.0,299211.0,299384.0,295551.0,292081.0,288435.0,284225.0,279987.0,276333.0,269508.0,263919.0,257923.0,252383.0,246053.0,242145.0,239117.0,235464.0
노원구 - 여,Statistics,287466.0,295605.0,296525.0,301691.0,295553.0,296113.0,300366.0,311560.0,319265.0,326501.0,324216.0,319541.0,318102.0,315647.0,314046.0,313930.0,313999.0,311405.0,311846.0,308379.0,305108.0,302044.0,298327.0,294596.0,291248.0,284895.0,279833.0,274982.0,270654.0,264903.0,261589.0,259096.0,255783.0
논산시 - 계,Statistics,,,,,148712.0,147265.0,146629.0,144488.0,142390.0,140287.0,137419.0,135719.0,135572.0,134217.0,131466.0,129486.0,127797.0,127097.0,127507.0,127533.0,126653.0,125844.0,124784.0,124232.0,123213.0,122240.0,120230.0,118842.0,116675.0,114483.0,112617.0,110423.0,108529.0
논산시 - 남,Statistics,,,,,74217.0,73409.0,73269.0,72335.0,71169.0,70197.0,68795.0,67899.0,67799.0,67094.0,65863.0,64929.0,64156.0,63802.0,63944.0,63800.0,63212.0,62954.0,62387.0,62142.0,61724.0,61204.0,60113.0,59406.0,58316.0,57147.0,56237.0,55187.0,54346.0
논산시 - 여,Statistics,,,,,74495.0,73856.0,73360.0,72153.0,71221.0,70090.0,68624.0,67820.0,67773.0,67123.0,65603.0,64557.0,63641.0,63295.0,63563.0,63733.0,63441.0,62890.0,62397.0,62090.0,61489.0,61036.0,60117.0,59436.0,58359.0,57336.0,56380.0,55236.0,54183.0
단양군 - 계,Statistics,49081.0,47598.0,46060.0,44327.0,43593.0,42738.0,42302.0,41137.0,40000.0,38721.0,37320.0,35701.0,34743.0,34122.0,33346.0,32399.0,31929.0,31842.0,31817.0,31595.0,31253.0,31171.0,30948.0,30761.0,30503.0,30215.0,30255.0,29756.0,29155.0,28331.0,27767.0,27701.0,27352.0
단양군 - 남,Statistics,24905.0,24134.0,23435.0,22451.0,22132.0,21676.0,21453.0,20839.0,20234.0,19600.0,18847.0,17997.0,17580.0,17205.0,16772.0,16288.0,16057.0,16062.0,16081.0,15987.0,15772.0,15663.0,15566.0,15496.0,15362.0,15198.0,15237.0,15058.0,14782.0,14360.0,14120.0,14087.0,13967.0
단양군 - 여,Statistics,24176.0,23464.0,22625.0,21876.0,21461.0,21062.0,20849.0,20298.0,19766.0,19121.0,18473.0,17704.0,17163.0,16917.0,16574.0,16111.0,15872.0,15780.0,15736.0,15608.0,15481.0,15508.0,15382.0,15265.0,15141.0,15017.0,15018.0,14698.0,14373.0,13971.0,13647.0,13614.0,13385.0
달서구 - 계,Statistics,413367.0,440482.0,470282.0,482345.0,486335.0,514729.0,552170.0,567715.0,588546.0,599664.0,605433.0,603949.0,601467.0,595860.0,589041.0,591169.0,594616.0,598011.0,607083.0,606542.0,606557.0,610358.0,606433.0,602641.0,591891.0,578068.0,573413.0,568887.0,558631.0,544926.0,536989.0,527781.0,522021.0
달서구 - 남,Statistics,206458.0,220504.0,235755.0,241595.0,243659.0,257829.0,276780.0,284833.0,295409.0,300833.0,303697.0,302948.0,301566.0,298710.0,295184.0,296122.0,297356.0,298865.0,303462.0,302775.0,302340.0,303952.0,301846.0,299818.0,294121.0,286779.0,284127.0,281348.0,275626.0,268498.0,263961.0,258933.0,255813.0
달서구 - 여,Statistics,206909.0,219978.0,234527.0,240750.0,242676.0,256900.0,275390.0,282882.0,293137.0,298831.0,301736.0,301001.0,299901.0,297150.0,293857.0,295047.0,297260.0,299146.0,303621.0,303767.0,304217.0,306406.0,304587.0,302823.0,297770.0,291289.0,289286.0,287539.0,283005.0,276428.0,273028.0,268848.0,266208.0
달성군 - 계,Statistics,,,,119956.0,126198.0,137455.0,138870.0,142865.0,154281.0,156100.0,155601.0,157554.0,155905.0,158353.0,158314.0,160443.0,171001.0,176135.0,178899.0,180351.0,184366.0,184358.0,184902.0,192747.0,218268.0,243375.0,250543.0,256540.0,259339.0,262451.0,263162.0,262084.0,257580.0
달성군 - 남,Statistics,,,,62169.0,65351.0,70947.0,71434.0,73302.0,78951.0,79921.0,79629.0,80872.0,79995.0,81332.0,81135.0,82155.0,87511.0,89879.0,91336.0,92050.0,94065.0,94119.0,94539.0,98465.0,111194.0,123893.0,127374.0,130361.0,131708.0,133149.0,133399.0,132962.0,130613.0
달성군 - 여,Statistics,,,,57787.0,60847.0,66508.0,67436.0,69563.0,75330.0,76179.0,75972.0,76682.0,75910.0,77021.0,77179.0,78288.0,83490.0,86256.0,87563.0,88301.0,90301.0,90239.0,90363.0,94282.0,107074.0,119482.0,123169.0,126179.0,127631.0,129302.0,129763.0,129122.0,126967.0
담양군 - 계,Statistics,65247.0,63721.0,62080.0,61174.0,59907.0,58600.0,57797.0,56536.0,55089.0,53268.0,51535.0,50933.0,50613.0,50364.0,50332.0,50441.0,48347.0,47286.0,47808.0,47819.0,47612.0,47365.0,47177.0,47009.0,47229.0,47285.0,46917.0,46535.0,46280.0,46180.0,45792.0,45373.0,44623.0
담양군 - 남,Statistics,32563.0,31919.0,31138.0,30749.0,30244.0,29551.0,29160.0,28603.0,27840.0,26964.0,26096.0,25720.0,25593.0,25444.0,25437.0,25561.0,24507.0,24004.0,24101.0,24113.0,24060.0,23833.0,23753.0,23668.0,23723.0,23746.0,23683.0,23719.0,23502.0,23428.0,23168.0,22961.0,22516.0
담양군 - 여,Statistics,32684.0,31802.0,30942.0,30425.0,29663.0,29049.0,28637.0,27933.0,27249.0,26304.0,25439.0,25213.0,25020.0,24920.0,24895.0,24880.0,23840.0,23282.0,23707.0,23706.0,23552.0,23532.0,23424.0,23341.0,23506.0,23539.0,23234.0,22816.0,22778.0,22752.0,22624.0,22412.0,22107.0
당진군 - 계,Statistics,122602.0,121465.0,120838.0,122093.0,124573.0,125153.0,125360.0,124584.0,122495.0,120445.0,118395.0,116477.0,117510.0,120483.0,124925.0,136254.0,136432.0,138798.0,144903.0,150219.0,,,,,,,,,,,,,
당진군 - 남,Statistics,61559.0,61092.0,60771.0,61384.0,62894.0,63106.0,63193.0,62715.0,61621.0,60503.0,59511.0,58638.0,59200.0,60789.0,63366.0,69647.0,70081.0,71405.0,74720.0,77703.0,,,,,,,,,,,,,
당진군 - 여,Statistics,61043.0,60373.0,60067.0,60709.0,61679.0,62047.0,62167.0,61869.0,60874.0,59942.0,58884.0,57839.0,58310.0,59694.0,61559.0,66607.0,66351.0,67393.0,70183.0,72516.0,,,,,,,,,,,,,
당진시 - 계,Statistics,,,,,,,,,,,,,,,,,,,,,155104.0,159615.0,162844.0,165122.0,166630.0,167439.0,167770.0,167042.0,166249.0,167092.0,168253.0,170302.0,171931.0
당진시 - 남,Statistics,,,,,,,,,,,,,,,,,,,,,80427.0,82925.0,84963.0,86454.0,87388.0,88026.0,88423.0,88299.0,88206.0,88952.0,89606.0,90987.0,92131.0
당진시 - 여,Statistics,,,,,,,,,,,,,,,,,,,,,74677.0,76690.0,77881.0,78668.0,79242.0,79413.0,79347.0,78743.0,78043.0,78140.0,78647.0,79315.0,79800.0
대구광역시 - 계,Statistics,2284191.0,2312166.0,2342680.0,2478589.0,2480345.0,2488346.0,2493440.0,2505710.0,2524253.0,2525109.0,2525803.0,2529544.0,2524712.0,2511306.0,2496115.0,2493261.0,2492724.0,2489781.0,2511676.0,2507271.0,2505644.0,2501588.0,2493264.0,2487829.0,2484557.0,2475231.0,2461769.0,2438031.0,2418346.0,2385412.0,2363691.0,2374960.0,2363629.0
대구광역시 - 남,Statistics,1144792.0,1160365.0,1176372.0,1246728.0,1247132.0,1250442.0,1253073.0,1259384.0,1268348.0,1268488.0,1268530.0,1269880.0,1266254.0,1259092.0,1250849.0,1248233.0,1246873.0,1243878.0,1255245.0,1251577.0,1249320.0,1246071.0,1241119.0,1237291.0,1234169.0,1227814.0,1219342.0,1205286.0,1193109.0,1175632.0,1162865.0,1166803.0,1159601.0
대구광역시 - 여,Statistics,1139399.0,1151801.0,1166308.0,1231861.0,1233213.0,1237904.0,1240367.0,1246326.0,1255905.0,1256621.0,1257273.0,1259664.0,1258458.0,1252214.0,1245266.0,1245028.0,1245851.0,1245903.0,1256431.0,1255694.0,1256324.0,1255517.0,1252145.0,1250538.0,1250388.0,1247417.0,1242427.0,1232745.0,1225237.0,1209780.0,1200826.0,1208157.0,1204028.0
대덕구 - 계,Statistics,189307.0,197001.0,198261.0,200890.0,205434.0,208146.0,208580.0,224211.0,231377.0,230939.0,229926.0,229208.0,226947.0,223287.0,217332.0,213275.0,211241.0,208147.0,207549.0,205339.0,205688.0,204360.0,201558.0,196839.0,192688.0,186902.0,181991.0,177031.0,176384.0,175046.0,172746.0,169853.0,168217.0
대덕구 - 남,Statistics,95688.0,99582.0,100280.0,101465.0,103846.0,105326.0,105455.0,113504.0,116964.0,116717.0,116480.0,116380.0,115243.0,113598.0,110541.0,108323.0,107127.0,105643.0,105503.0,104530.0,104542.0,103881.0,102489.0,100069.0,97879.0,94912.0,92457.0,90030.0,89698.0,88989.0,87788.0,86301.0,85407.0
대덕구 - 여,Statistics,93619.0,97419.0,97981.0,99425.0,101588.0,102820.0,103125.0,110707.0,114413.0,114222.0,113446.0,112828.0,111704.0,109689.0,106791.0,104952.0,104114.0,102504.0,102046.0,100809.0,101146.0,100479.0,99069.0,96770.0,94809.0,91990.0,89534.0,87001.0,86686.0,86057.0,84958.0,83552.0,82810.0
대전광역시 - 계,Statistics,1134843.0,1189039.0,1232823.0,1265081.0,1293760.0,1318212.0,1341413.0,1363546.0,1385606.0,1403164.0,1419573.0,1432296.0,1443471.0,1454638.0,1466158.0,1475659.0,1480895.0,1484180.0,1503664.0,1515603.0,1524583.0,1532811.0,1531809.0,1518775.0,1514370.0,1502227.0,1489936.0,1474870.0,1463882.0,1452251.0,1446072.0,1442216.0,1439157.0
대전광역시 - 남,Statistics,572095.0,599218.0,620373.0,636556.0,651137.0,663060.0,674563.0,685460.0,695881.0,704489.0,712653.0,718968.0,724588.0,729818.0,735595.0,739472.0,741611.0,743121.0,753648.0,759188.0,763671.0,767309.0,766497.0,759778.0,757289.0,750969.0,744338.0,736607.0,730699.0,724626.0,721245.0,719292.0,717291.0
대전광역시 - 여,Statistics,562748.0,589821.0,612450.0,628525.0,642623.0,655152.0,666850.0,678086.0,689725.0,698675.0,706920.0,713328.0,718883.0,724820.0,730563.0,736187.0,739284.0,741059.0,750016.0,756415.0,760912.0,765502.0,765312.0,758997.0,757081.0,751258.0,745598.0,738263.0,733183.0,727625.0,724827.0,722924.0,721866.0
도봉구 - 계,Statistics,765975.0,779610.0,774414.0,373630.0,381465.0,387808.0,380844.0,375275.0,370976.0,371259.0,371911.0,376599.0,381939.0,381529.0,377534.0,375975.0,373936.0,369733.0,368298.0,365573.0,362270.0,358582.0,353709.0,351242.0,348220.0,344166.0,339413.0,333362.0,325257.0,317366.0,311694.0,306948.0,303228.0
도봉구 - 남,Statistics,385011.0,391700.0,388690.0,187722.0,191531.0,194627.0,190969.0,188130.0,186009.0,186049.0,186078.0,188073.0,190240.0,189766.0,187442.0,186424.0,185376.0,182985.0,182407.0,181004.0,179194.0,177153.0,174554.0,173029.0,171238.0,168759.0,166160.0,163051.0,158620.0,154487.0,151398.0,148796.0,146696.0
도봉구 - 여,Statistics,380964.0,387910.0,385724.0,185908.0,189934.0,193181.0,189875.0,187145.0,184967.0,185210.0,185833.0,188526.0,191699.0,191763.0,190092.0,189551.0,188560.0,186748.0,185891.0,184569.0,183076.0,181429.0,179155.0,178213.0,176982.0,175407.0,173253.0,170311.0,166637.0,162879.0,160296.0,158152.0,156532.0
동구 - 계,Statistics,176867.0,168436.0,161672.0,154504.0,146215.0,140131.0,135154.0,130625.0,127138.0,124303.0,121043.0,117617.0,114204.0,109879.0,106890.0,104881.0,102764.0,101153.0,101514.0,100420.0,98529.0,96011.0,94565.0,92069.0,89826.0,88868.0,86912.0,88165.0,88901.0,87679.0,86462.0,87792.0,85911.0
동구 - 남,Statistics,88570.0,84237.0,80761.0,77058.0,72756.0,69669.0,67320.0,65101.0,63311.0,61979.0,60339.0,58680.0,56930.0,54869.0,53442.0,52473.0,51462.0,50594.0,50649.0,50064.0,49007.0,47756.0,46952.0,45699.0,44516.0,43927.0,42830.0,43327.0,43509.0,42877.0,42249.0,42736.0,41709.0
동구 - 여,Statistics,88297.0,84199.0,80911.0,77446.0,73459.0,70462.0,67834.0,65524.0,63827.0,62324.0,60704.0,58937.0,57274.0,55010.0,53448.0,52408.0,51302.0,50559.0,50865.0,50356.0,49522.0,48255.0,47613.0,46370.0,45310.0,44941.0,44082.0,44838.0,45392.0,44802.0,44213.0,45056.0,44202.0
동대문구 - 계,Statistics,469843.0,458149.0,442068.0,418985.0,398060.0,388172.0,377724.0,367025.0,380444.0,381799.0,381841.0,382875.0,379404.0,381110.0,378860.0,376421.0,370250.0,362146.0,366786.0,365486.0,363258.0,364273.0,363687.0,360153.0,355069.0,350647.0,348052.0,346194.0,342837.0,337400.0,336644.0,341149.0,338735.0
동대문구 - 남,Statistics,237979.0,232036.0,224075.0,212458.0,201576.0,196642.0,191437.0,186167.0,192896.0,193588.0,193538.0,193763.0,191597.0,192317.0,190947.0,189686.0,186744.0,182550.0,184874.0,183925.0,182661.0,182987.0,182510.0,180485.0,177640.0,175324.0,173567.0,172113.0,169769.0,166646.0,165755.0,167346.0,165620.0
동대문구 - 여,Statistics,231864.0,226113.0,217993.0,206527.0,196484.0,191530.0,186287.0,180858.0,187548.0,188211.0,188303.0,189112.0,187807.0,188793.0,187913.0,186735.0,183506.0,179596.0,181912.0,181561.0,180597.0,181286.0,181177.0,179668.0,177429.0,175323.0,174485.0,174081.0,173068.0,170754.0,170889.0,173803.0,173115.0
동두천시 - 계,Statistics,69388.0,71284.0,71634.0,72431.0,72860.0,73644.0,73625.0,74665.0,75529.0,74266.0,73177.0,74735.0,79214.0,82623.0,85803.0,88780.0,90835.0,93211.0,95653.0,96253.0,97175.0,97557.0,97595.0,97974.0,98277.0,97071.0,96226.0,94768.0,94353.0,93592.0,91546.0,88626.0,86838.0
동두천시 - 남,Statistics,34943.0,36008.0,36216.0,36544.0,36718.0,37099.0,37082.0,37736.0,38204.0,37545.0,37046.0,37862.0,40060.0,41673.0,43206.0,44669.0,45623.0,46726.0,47798.0,48091.0,48570.0,48765.0,48789.0,48794.0,48970.0,48344.0,47988.0,47308.0,47038.0,46694.0,45673.0,44198.0,43264.0
동두천시 - 여,Statistics,34445.0,35276.0,35418.0,35887.0,36142.0,36545.0,36543.0,36929.0,37325.0,36721.0,36131.0,36873.0,39154.0,40950.0,42597.0,44111.0,45212.0,46485.0,47855.0,48162.0,48605.0,48792.0,48806.0,49180.0,49307.0,48727.0,48238.0,47460.0,47315.0,46898.0,45873.0,44428.0,43574.0
동래구 - 계,Statistics,592938.0,584614.0,572506.0,313176.0,307925.0,302325.0,300275.0,301307.0,300081.0,295361.0,290396.0,282056.0,279366.0,276095.0,279528.0,284901.0,282673.0,281644.0,282779.0,283742.0,278767.0,276689.0,275971.0,272837.0,272745.0,270727.0,266515.0,271247.0,270745.0,266866.0,273226.0,270815.0,274370.0
동래구 - 남,Statistics,295093.0,291266.0,285583.0,155952.0,153355.0,150524.0,149600.0,150031.0,149658.0,147283.0,144610.0,140551.0,139215.0,137428.0,138946.0,141536.0,140424.0,139596.0,140009.0,140377.0,137722.0,136514.0,135902.0,134214.0,133890.0,132673.0,130338.0,132295.0,131735.0,129681.0,132296.0,130920.0,132236.0
동래구 - 여,Statistics,297845.0,293348.0,286923.0,157224.0,154570.0,151801.0,150675.0,151276.0,150423.0,148078.0,145786.0,141505.0,140151.0,138667.0,140582.0,143365.0,142249.0,142048.0,142770.0,143365.0,141045.0,140175.0,140069.0,138623.0,138855.0,138054.0,136177.0,138952.0,139010.0,137185.0,140930.0,139895.0,142134.0
동작구 - 계,Statistics,426725.0,439453.0,439699.0,435601.0,433608.0,430950.0,424636.0,419161.0,415892.0,406116.0,403047.0,410360.0,410945.0,410481.0,408582.0,405967.0,400866.0,397920.0,402709.0,401408.0,405491.0,410815.0,407470.0,400641.0,400997.0,396217.0,396203.0,395963.0,391220.0,385483.0,380596.0,378769.0,375799.0
동작구 - 남,Statistics,215421.0,221649.0,221713.0,219727.0,218457.0,217308.0,213756.0,210761.0,209248.0,203840.0,201955.0,205203.0,204946.0,203993.0,202449.0,200891.0,197951.0,196339.0,198587.0,197672.0,199454.0,202144.0,200328.0,196463.0,196267.0,193255.0,192533.0,191976.0,189152.0,186426.0,184030.0,183153.0,181576.0
동작구 - 여,Statistics,211304.0,217804.0,217986.0,215874.0,215151.0,213642.0,210880.0,208400.0,206644.0,202276.0,201092.0,205157.0,205999.0,206488.0,206133.0,205076.0,202915.0,201581.0,204122.0,203736.0,206037.0,208671.0,207142.0,204178.0,204730.0,202962.0,203670.0,203987.0,202068.0,199057.0,196566.0,195616.0,194223.0
동해시 - 계,Statistics,96293.0,97734.0,99126.0,100277.0,101912.0,103112.0,103474.0,103704.0,103654.0,103570.0,102857.0,101764.0,100727.0,99230.0,97497.0,96652.0,95652.0,95271.0,95236.0,95804.0,93897.0,95143.0,94562.0,93895.0,93297.0,92851.0,91272.0,90522.0,90593.0,90081.0,89426.0,88625.0,87675.0
동해시 - 남,Statistics,48267.0,49017.0,49803.0,50416.0,51148.0,51965.0,52230.0,52344.0,52235.0,52114.0,51737.0,51250.0,50848.0,50141.0,49282.0,48793.0,48383.0,48202.0,48170.0,48289.0,47387.0,48104.0,47850.0,47503.0,47166.0,47067.0,46212.0,45845.0,45991.0,45795.0,45423.0,45045.0,44495.0
동해시 - 여,Statistics,48026.0,48717.0,49323.0,49861.0,50764.0,51147.0,51244.0,51360.0,51419.0,51456.0,51120.0,50514.0,49879.0,49089.0,48215.0,47859.0,47269.0,47069.0,47066.0,47515.0,46510.0,47039.0,46712.0,46392.0,46131.0,45784.0,45060.0,44677.0,44602.0,44286.0,44003.0,43580.0,43180.0
마산시 - 계,Statistics,392928.0,384977.0,378072.0,431419.0,429852.0,426986.0,434084.0,434490.0,432620.0,433135.0,432903.0,429612.0,427248.0,425018.0,421783.0,415805.0,411078.0,406307.0,,,,,,,,,,,,,,,
마산시 - 남,Statistics,195235.0,191036.0,188043.0,215338.0,214698.0,213332.0,216971.0,217459.0,216618.0,217044.0,216916.0,215517.0,214378.0,213556.0,211775.0,209288.0,207043.0,204780.0,,,,,,,,,,,,,,,
마산시 - 여,Statistics,197693.0,193941.0,190029.0,216081.0,215154.0,213654.0,217113.0,217031.0,216002.0,216091.0,215987.0,214095.0,212870.0,211462.0,210008.0,206517.0,204035.0,201527.0,,,,,,,,,,,,,,,
마포구 - 계,Statistics,430650.0,420573.0,410571.0,398228.0,390831.0,388736.0,384550.0,385114.0,387308.0,379141.0,375417.0,379451.0,383457.0,388164.0,390583.0,392650.0,385119.0,384013.0,391865.0,389493.0,384644.0,381856.0,385439.0,387643.0,379892.0,374915.0,375077.0,374035.0,371890.0,368905.0,364638.0,363697.0,361417.0
마포구 - 남,Statistics,215127.0,210284.0,204998.0,198665.0,194525.0,193239.0,190861.0,190912.0,192008.0,187922.0,185903.0,187569.0,189108.0,190582.0,191287.0,192383.0,188327.0,187324.0,191034.0,189243.0,186452.0,184774.0,186177.0,186495.0,182162.0,178939.0,178240.0,176891.0,175150.0,173504.0,171043.0,169990.0,168356.0
마포구 - 여,Statistics,215523.0,210289.0,205573.0,199563.0,196306.0,195497.0,193689.0,194202.0,195300.0,191219.0,189514.0,191882.0,194349.0,197582.0,199296.0,200267.0,196792.0,196689.0,200831.0,200250.0,198192.0,197082.0,199262.0,201148.0,197730.0,195976.0,196837.0,197144.0,196740.0,195401.0,193595.0,193707.0,193061.0
목포시 - 계,Statistics,224670.0,227030.0,231407.0,239423.0,245152.0,249764.0,248568.0,246381.0,245492.0,245344.0,244909.0,241460.0,241717.0,242988.0,241679.0,243312.0,245651.0,244339.0,245422.0,244871.0,245073.0,240936.0,239109.0,238382.0,237739.0,234379.0,232327.0,229861.0,224044.0,218589.0,216939.0,214156.0,209890.0
목포시 - 남,Statistics,111115.0,112210.0,114497.0,118662.0,121674.0,124072.0,123526.0,122444.0,121928.0,122009.0,121776.0,120123.0,120244.0,121128.0,120614.0,121871.0,123023.0,122429.0,122784.0,122415.0,122512.0,120160.0,119322.0,118975.0,118474.0,116763.0,115729.0,114565.0,111578.0,108808.0,107826.0,106416.0,104326.0
목포시 - 여,Statistics,113555.0,114820.0,116910.0,120761.0,123478.0,125692.0,125042.0,123937.0,123564.0,123335.0,123133.0,121337.0,121473.0,121860.0,121065.0,121441.0,122628.0,121910.0,122638.0,122456.0,122561.0,120776.0,119787.0,119407.0,119265.0,117616.0,116598.0,115296.0,112466.0,109781.0,109113.0,107740.0,105564.0
무안군 - 계,Statistics,82162.0,79378.0,77093.0,75037.0,73076.0,71804.0,71334.0,71164.0,70212.0,68904.0,65976.0,63681.0,62472.0,61915.0,61766.0,63674.0,66598.0,72417.0,74475.0,75718.0,75741.0,79367.0,81696.0,82236.0,82109.0,82872.0,81991.0,81105.0,86132.0,91107.0,90608.0,90296.0,92687.0
무안군 - 남,Statistics,41139.0,39770.0,38611.0,37573.0,36752.0,36122.0,35920.0,35877.0,35296.0,34621.0,33104.0,32016.0,31393.0,31153.0,31145.0,32038.0,33486.0,36379.0,37383.0,37927.0,37997.0,39705.0,40869.0,41098.0,41153.0,41473.0,41104.0,40659.0,43254.0,45753.0,45607.0,45431.0,46533.0
무안군 - 여,Statistics,41023.0,39608.0,38482.0,37464.0,36324.0,35682.0,35414.0,35287.0,34916.0,34283.0,32872.0,31665.0,31079.0,30762.0,30621.0,31636.0,33112.0,36038.0,37092.0,37791.0,37744.0,39662.0,40827.0,41138.0,40956.0,41399.0,40887.0,40446.0,42878.0,45354.0,45001.0,44865.0,46154.0
무주군 - 계,Statistics,35219.0,33960.0,33097.0,32293.0,31511.0,30835.0,30580.0,31776.0,29207.0,30333.0,27894.0,26716.0,26183.0,25876.0,25417.0,26361.0,26017.0,25811.0,25578.0,25863.0,25321.0,25398.0,25390.0,25220.0,24949.0,24809.0,24589.0,24303.0,24036.0,23748.0,23489.0,23251.0,23032.0
무주군 - 남,Statistics,17498.0,16891.0,16493.0,16072.0,15774.0,15392.0,15285.0,15714.0,14516.0,14949.0,13816.0,13260.0,13006.0,12928.0,12707.0,13126.0,12948.0,12787.0,12684.0,12830.0,12553.0,12565.0,12580.0,12484.0,12371.0,12294.0,12209.0,12090.0,11959.0,11826.0,11731.0,11629.0,11572.0
무주군 - 여,Statistics,17721.0,17069.0,16604.0,16221.0,15737.0,15443.0,15295.0,16062.0,14691.0,15384.0,14078.0,13456.0,13177.0,12948.0,12710.0,13235.0,13069.0,13024.0,12894.0,13033.0,12768.0,12833.0,12810.0,12736.0,12578.0,12515.0,12380.0,12213.0,12077.0,11922.0,11758.0,11622.0,11460.0
문경시 - 계,Statistics,,,,95778.0,93567.0,91774.0,91163.0,90144.0,89900.0,89091.0,83749.0,81258.0,79552.0,78058.0,76177.0,74780.0,75486.0,76645.0,77391.0,76727.0,75899.0,75664.0,75911.0,75784.0,74702.0,73294.0,71874.0,72242.0,71406.0,71154.0,70373.0,68755.0,67257.0
문경시 - 남,Statistics,,,,47657.0,46529.0,45606.0,45341.0,44819.0,44409.0,43879.0,41397.0,40212.0,39363.0,38562.0,37627.0,37002.0,37277.0,37764.0,38036.0,37632.0,37319.0,37164.0,37231.0,37131.0,36537.0,35907.0,35174.0,35391.0,35000.0,34919.0,34577.0,33775.0,33041.0
문경시 - 여,Statistics,,,,48121.0,47038.0,46168.0,45822.0,45325.0,45491.0,45212.0,42352.0,41046.0,40189.0,39496.0,38550.0,37778.0,38209.0,38881.0,39355.0,39095.0,38580.0,38500.0,38680.0,38653.0,38165.0,37387.0,36700.0,36851.0,36406.0,36235.0,35796.0,34980.0,34216.0
미추홀구 - 계,Statistics,,,,,,,,,,,,,,,,,,,,,,,,,,,416542.0,408862.0,404343.0,407464.0,406004.0,405995.0,412274.0
미추홀구 - 남,Statistics,,,,,,,,,,,,,,,,,,,,,,,,,,,210088.0,206129.0,203638.0,205283.0,204354.0,204247.0,207449.0
미추홀구 - 여,Statistics,,,,,,,,,,,,,,,,,,,,,,,,,,,206454.0,202733.0,200705.0,202181.0,201650.0,201748.0,204825.0
밀양시 - 계,Statistics,48793.0,49857.0,50774.0,131187.0,129498.0,129124.0,128073.0,126641.0,124574.0,122999.0,120342.0,117732.0,115459.0,113636.0,112025.0,111473.0,110858.0,110170.0,110479.0,109329.0,108755.0,108342.0,107765.0,107896.0,108354.0,107898.0,106744.0,105552.0,104831.0,103525.0,102945.0,102084.0,100691.0
밀양시 - 남,Statistics,23923.0,24567.0,25040.0,64736.0,63927.0,63542.0,63195.0,62583.0,61525.0,60721.0,59420.0,58001.0,56950.0,55938.0,55080.0,54781.0,54387.0,53992.0,54089.0,53511.0,53255.0,53057.0,52759.0,52786.0,52992.0,52692.0,52161.0,51618.0,51356.0,50849.0,50636.0,50356.0,49811.0
밀양시 - 여,Statistics,24870.0,25290.0,25734.0,66451.0,65571.0,65582.0,64878.0,64058.0,63049.0,62278.0,60922.0,59731.0,58509.0,57698.0,56945.0,56692.0,56471.0,56178.0,56390.0,55818.0,55500.0,55285.0,55006.0,55110.0,55362.0,55206.0,54583.0,53934.0,53475.0,52676.0,52309.0,51728.0,50880.0
보령시 - 계,Statistics,,,,122895.0,121961.0,121765.0,122191.0,120721.0,118504.0,116306.0,113365.0,110380.0,108861.0,108056.0,107591.0,107637.0,106885.0,106754.0,107346.0,106421.0,105559.0,104938.0,104321.0,104754.0,103873.0,103198.0,101990.0,101114.0,100229.0,98408.0,97157.0,95772.0,93780.0
보령시 - 남,Statistics,,,,62074.0,61771.0,61766.0,62038.0,61283.0,60045.0,58877.0,57387.0,55825.0,55125.0,54694.0,54455.0,54426.0,54065.0,53990.0,54188.0,53685.0,53272.0,53010.0,52668.0,52968.0,52521.0,52214.0,51580.0,51146.0,50807.0,49933.0,49237.0,48494.0,47484.0
보령시 - 여,Statistics,,,,60821.0,60190.0,59999.0,60153.0,59438.0,58459.0,57429.0,55978.0,54555.0,53736.0,53362.0,53136.0,53211.0,52820.0,52764.0,53158.0,52736.0,52287.0,51928.0,51653.0,51786.0,51352.0,50984.0,50410.0,49968.0,49422.0,48475.0,47920.0,47278.0,46296.0
보성군 - 계,Statistics,78940.0,75556.0,72685.0,70039.0,67664.0,65253.0,64445.0,63047.0,61329.0,59417.0,57282.0,55983.0,54288.0,53145.0,51948.0,50921.0,50004.0,49048.0,48792.0,47894.0,47050.0,46385.0,45882.0,45349.0,44469.0,43755.0,42803.0,41420.0,40482.0,39375.0,38471.0,37686.0,37045.0
보성군 - 남,Statistics,38887.0,37297.0,35858.0,34459.0,33270.0,32052.0,31690.0,30943.0,29984.0,29037.0,27840.0,27141.0,26410.0,25894.0,25207.0,24715.0,24231.0,23738.0,23586.0,23120.0,22690.0,22395.0,22146.0,21928.0,21503.0,21153.0,20725.0,20063.0,19719.0,19221.0,18823.0,18465.0,18204.0
보성군 - 여,Statistics,40053.0,38259.0,36827.0,35580.0,34394.0,33201.0,32755.0,32104.0,31345.0,30380.0,29442.0,28842.0,27878.0,27251.0,26741.0,26206.0,25773.0,25310.0,25206.0,24774.0,24360.0,23990.0,23736.0,23421.0,22966.0,22602.0,22078.0,21357.0,20763.0,20154.0,19648.0,19221.0,18841.0
보은군 - 계,Statistics,53513.0,51814.0,49891.0,48460.0,47242.0,45980.0,45554.0,44562.0,43245.0,42082.0,40420.0,38973.0,38062.0,37114.0,36293.0,35354.0,35069.0,34845.0,34956.0,34717.0,34438.0,34318.0,34240.0,34296.0,34221.0,34053.0,33680.0,32949.0,32412.0,31878.0,31455.0,31010.0,30527.0
보은군 - 남,Statistics,27067.0,26167.0,25226.0,24462.0,23842.0,23131.0,22930.0,22461.0,21790.0,21222.0,20361.0,19628.0,19111.0,18630.0,18193.0,17744.0,17584.0,17413.0,17473.0,17344.0,17168.0,17098.0,17092.0,17140.0,17093.0,17009.0,16834.0,16531.0,16292.0,16074.0,15877.0,15671.0,15503.0
보은군 - 여,Statistics,26446.0,25647.0,24665.0,23998.0,23400.0,22849.0,22624.0,22101.0,21455.0,20860.0,20059.0,19345.0,18951.0,18484.0,18100.0,17610.0,17485.0,17432.0,17483.0,17373.0,17270.0,17220.0,17148.0,17156.0,17128.0,17044.0,16846.0,16418.0,16120.0,15804.0,15578.0,15339.0,15024.0
봉화군 - 계,Statistics,58144.0,54909.0,52095.0,49960.0,48131.0,46460.0,45737.0,44437.0,42865.0,41364.0,39852.0,39439.0,37526.0,36599.0,35608.0,35046.0,34628.0,34297.0,34567.0,34192.0,33934.0,33894.0,34023.0,33808.0,33539.0,33259.0,32843.0,32150.0,31494.0,30762.0,30139.0,29603.0,28836.0
봉화군 - 남,Statistics,29178.0,27610.0,26164.0,25115.0,24079.0,23234.0,22927.0,22285.0,21531.0,20721.0,19888.0,19578.0,18717.0,18239.0,17821.0,17562.0,17346.0,17162.0,17292.0,17099.0,16903.0,16859.0,16911.0,16774.0,16667.0,16550.0,16409.0,16146.0,15853.0,15551.0,15295.0,15090.0,14720.0
봉화군 - 여,Statistics,28966.0,27299.0,25931.0,24845.0,24052.0,23226.0,22810.0,22152.0,21334.0,20643.0,19964.0,19861.0,18809.0,18360.0,17787.0,17484.0,17282.0,17135.0,17275.0,17093.0,17031.0,17035.0,17112.0,17034.0,16872.0,16709.0,16434.0,16004.0,15641.0,15211.0,14844.0,14513.0,14116.0
부산광역시 - 계,Statistics,3882389.0,3862806.0,3839812.0,3883880.0,3867125.0,3851312.0,3829098.0,3817270.0,3796506.0,3770536.0,3730125.0,3691445.0,3666345.0,3638293.0,3611992.0,3587439.0,3564577.0,3543030.0,3567910.0,3550963.0,3538484.0,3527635.0,3519401.0,3513777.0,3498529.0,3470653.0,3441453.0,3413841.0,3391946.0,3350380.0,3317812.0,3293362.0,3266598.0
부산광역시 - 남,Statistics,1941895.0,1931484.0,1920107.0,1941693.0,1932943.0,1924904.0,1914196.0,1908068.0,1897050.0,1883524.0,1862520.0,1842405.0,1828634.0,1812599.0,1798940.0,1785903.0,1773154.0,1761202.0,1773170.0,1762848.0,1754479.0,1747000.0,1740417.0,1735570.0,1725607.0,1709508.0,1692421.0,1675417.0,1661000.0,1639044.0,1619915.0,1605431.0,1589912.0
부산광역시 - 여,Statistics,1940494.0,1931322.0,1919705.0,1942187.0,1934182.0,1926408.0,1914902.0,1909202.0,1899456.0,1887012.0,1867605.0,1849040.0,1837711.0,1825694.0,1813052.0,1801536.0,1791423.0,1781828.0,1794740.0,1788115.0,1784005.0,1780635.0,1778984.0,1778207.0,1772922.0,1761145.0,1749032.0,1738424.0,1730946.0,1711336.0,1697897.0,1687931.0,1676686.0
부산진구 - 계,Statistics,501933.0,486351.0,475730.0,462242.0,445581.0,440813.0,436290.0,434032.0,430373.0,426518.0,420645.0,410603.0,405534.0,410610.0,405775.0,402359.0,400516.0,395689.0,395826.0,395044.0,392731.0,389765.0,387378.0,381572.0,376526.0,371703.0,362357.0,357880.0,359886.0,353159.0,355917.0,359508.0,359281.0
부산진구 - 남,Statistics,252277.0,244199.0,238737.0,231907.0,223353.0,220790.0,218569.0,217445.0,215379.0,213209.0,210105.0,204941.0,202373.0,204291.0,201709.0,199766.0,198474.0,195868.0,195905.0,195246.0,193834.0,191789.0,190136.0,187028.0,184213.0,181502.0,176316.0,173446.0,173920.0,170181.0,171141.0,172607.0,172115.0
부산진구 - 여,Statistics,249656.0,242152.0,236993.0,230335.0,222228.0,220023.0,217721.0,216587.0,214994.0,213309.0,210540.0,205662.0,203161.0,206319.0,204066.0,202593.0,202042.0,199821.0,199921.0,199798.0,198897.0,197976.0,197242.0,194544.0,192313.0,190201.0,186041.0,184434.0,185966.0,182978.0,184776.0,186901.0,187166.0
부안군 - 계,Statistics,92784.0,89456.0,86684.0,84350.0,82134.0,80244.0,79355.0,77502.0,74716.0,75914.0,70374.0,68066.0,66766.0,65018.0,63243.0,61879.0,60872.0,60204.0,60138.0,59080.0,58869.0,59164.0,57534.0,56848.0,57005.0,56086.0,54441.0,53295.0,52140.0,50795.0,50094.0,49187.0,48066.0
부안군 - 남,Statistics,45883.0,44329.0,42898.0,41756.0,40638.0,39585.0,39222.0,38304.0,36932.0,37373.0,34816.0,33774.0,33065.0,32205.0,31353.0,30668.0,30221.0,29842.0,29767.0,29291.0,29118.0,29290.0,28490.0,28136.0,28268.0,27880.0,27048.0,26473.0,25914.0,25262.0,24913.0,24496.0,24010.0
부안군 - 여,Statistics,46901.0,45127.0,43786.0,42594.0,41496.0,40659.0,40133.0,39198.0,37784.0,38541.0,35558.0,34292.0,33701.0,32813.0,31890.0,31211.0,30651.0,30362.0,30371.0,29789.0,29751.0,29874.0,29044.0,28712.0,28737.0,28206.0,27393.0,26822.0,26226.0,25533.0,25181.0,24691.0,24056.0
부여군 - 계,Statistics,112754.0,109688.0,106235.0,103516.0,100746.0,98138.0,97065.0,95044.0,92667.0,90373.0,88014.0,85275.0,83260.0,81430.0,79595.0,77916.0,76687.0,75564.0,75029.0,74004.0,73259.0,72547.0,71754.0,71143.0,70187.0,69086.0,68078.0,66740.0,65354.0,63774.0,62343.0,61046.0,59550.0
부여군 - 남,Statistics,56280.0,54744.0,52989.0,51562.0,50196.0,48849.0,48391.0,47490.0,46212.0,45080.0,43902.0,42612.0,41722.0,40756.0,39757.0,38961.0,38338.0,37810.0,37503.0,36945.0,36570.0,36193.0,35661.0,35298.0,34837.0,34259.0,33721.0,33049.0,32374.0,31634.0,30970.0,30417.0,29658.0
부여군 - 여,Statistics,56474.0,54944.0,53246.0,51954.0,50550.0,49289.0,48674.0,47554.0,46455.0,45293.0,44112.0,42663.0,41538.0,40674.0,39838.0,38955.0,38349.0,37754.0,37526.0,37059.0,36689.0,36354.0,36093.0,35845.0,35350.0,34827.0,34357.0,33691.0,32980.0,32140.0,31373.0,30629.0,29892.0
부천시 - 계,Statistics,687751.0,723481.0,756219.0,779745.0,793437.0,788136.0,778789.0,775573.0,775815.0,781091.0,816499.0,844256.0,855697.0,855359.0,860020.0,864037.0,867678.0,869944.0,875204.0,872452.0,869944.0,863720.0,855586.0,848987.0,851380.0,850329.0,843768.0,829996.0,818383.0,806067.0,790128.0,779968.0,769918.0
부천시 - 남,Statistics,347597.0,366024.0,382716.0,394990.0,401879.0,399036.0,393855.0,392180.0,392516.0,395247.0,412438.0,425777.0,431005.0,430562.0,432680.0,434114.0,435849.0,436334.0,439548.0,437885.0,436113.0,432691.0,428251.0,424315.0,425101.0,424038.0,420179.0,412500.0,406023.0,399484.0,391102.0,385531.0,380064.0
부천시 - 여,Statistics,340154.0,357457.0,373503.0,384755.0,391558.0,389100.0,384934.0,383393.0,383299.0,385844.0,404061.0,418479.0,424692.0,424797.0,427340.0,429923.0,431829.0,433610.0,435656.0,434567.0,433831.0,431029.0,427335.0,424672.0,426279.0,426291.0,423589.0,417496.0,412360.0,406583.0,399026.0,394437.0,389854.0
부평구 - 계,Statistics,,,,496851.0,505885.0,501503.0,519839.0,528339.0,546520.0,552093.0,558310.0,554027.0,557144.0,567347.0,570283.0,568905.0,569246.0,563920.0,567493.0,560936.0,559047.0,556985.0,556992.0,555844.0,549716.0,539941.0,524640.0,511577.0,494962.0,486765.0,489118.0,494138.0,493200.0
부평구 - 남,Statistics,,,,251475.0,256076.0,253765.0,262662.0,266946.0,275868.0,278328.0,281385.0,278574.0,279824.0,284528.0,286190.0,285303.0,285335.0,282639.0,284701.0,280854.0,279725.0,278352.0,277916.0,276826.0,273356.0,268118.0,260144.0,253338.0,244713.0,240348.0,241285.0,243292.0,242457.0
부평구 - 여,Statistics,,,,245376.0,249809.0,247738.0,257177.0,261393.0,270652.0,273765.0,276925.0,275453.0,277320.0,282819.0,284093.0,283602.0,283911.0,281281.0,282792.0,280082.0,279322.0,278633.0,279076.0,279018.0,276360.0,271823.0,264496.0,258239.0,250249.0,246417.0,247833.0,250846.0,250743.0
북구 - 계,Statistics,528631.0,554414.0,571620.0,283351.0,293307.0,296203.0,296335.0,306682.0,307238.0,311481.0,320976.0,326710.0,333316.0,335699.0,330446.0,325302.0,318859.0,314227.0,312218.0,307988.0,312937.0,309719.0,306974.0,310484.0,310202.0,302924.0,296952.0,291132.0,283952.0,283211.0,278857.0,273596.0,267692.0
북구 - 남,Statistics,268182.0,280526.0,288824.0,142007.0,147203.0,148828.0,148748.0,154094.0,154363.0,156584.0,161235.0,163796.0,166863.0,167915.0,165261.0,162714.0,159332.0,156884.0,156130.0,153873.0,156218.0,154473.0,152895.0,154500.0,154276.0,150355.0,147233.0,144229.0,140527.0,139795.0,137274.0,134559.0,131353.0
북구 - 여,Statistics,260449.0,273888.0,282796.0,141344.0,146104.0,147375.0,147587.0,152588.0,152875.0,154897.0,159741.0,162914.0,166453.0,167784.0,165185.0,162588.0,159527.0,157343.0,156088.0,154115.0,156719.0,155246.0,154079.0,155984.0,155926.0,152569.0,149719.0,146903.0,143425.0,143416.0,141583.0,139037.0,136339.0
사상구 - 계,Statistics,,,,293924.0,293031.0,292449.0,290621.0,296142.0,301127.0,300309.0,294090.0,287938.0,282097.0,277481.0,271484.0,265512.0,260897.0,255274.0,257843.0,254413.0,250424.0,246797.0,242953.0,237711.0,232800.0,229219.0,223361.0,218094.0,212586.0,208298.0,203789.0,202932.0,198635.0
사상구 - 남,Statistics,,,,149610.0,148893.0,148672.0,147760.0,150391.0,153024.0,152453.0,149368.0,146301.0,143335.0,140867.0,138044.0,135053.0,132808.0,129969.0,131618.0,129863.0,127701.0,125900.0,123783.0,120981.0,118419.0,116416.0,113240.0,110286.0,107405.0,105034.0,102544.0,101865.0,99549.0
사상구 - 여,Statistics,,,,144314.0,144138.0,143777.0,142861.0,145751.0,148103.0,147856.0,144722.0,141637.0,138762.0,136614.0,133440.0,130459.0,128089.0,125305.0,126225.0,124550.0,122723.0,120897.0,119170.0,116730.0,114381.0,112803.0,110121.0,107808.0,105181.0,103264.0,101245.0,101067.0,99086.0
사천시 - 계,Statistics,,,,122830.0,122438.0,120946.0,120145.0,119597.0,119326.0,119305.0,117076.0,114556.0,112670.0,111293.0,112300.0,112499.0,112828.0,112724.0,114148.0,114133.0,115321.0,116851.0,116485.0,115452.0,114912.0,114252.0,113888.0,111925.0,111105.0,109953.0,109369.0,109030.0,108504.0
사천시 - 남,Statistics,,,,60945.0,60827.0,60172.0,59907.0,59782.0,59710.0,59665.0,58504.0,57288.0,56411.0,55687.0,56285.0,56517.0,56777.0,56772.0,57365.0,57343.0,57826.0,58660.0,58392.0,57932.0,57698.0,57476.0,57394.0,56451.0,56010.0,55433.0,55239.0,55139.0,55028.0
사천시 - 여,Statistics,,,,61885.0,61611.0,60774.0,60238.0,59815.0,59616.0,59640.0,58572.0,57268.0,56259.0,55606.0,56015.0,55982.0,56051.0,55952.0,56783.0,56790.0,57495.0,58191.0,58093.0,57520.0,57214.0,56776.0,56494.0,55474.0,55095.0,54520.0,54130.0,53891.0,53476.0
사하구 - 계,Statistics,370012.0,379645.0,382271.0,388534.0,394296.0,392514.0,391758.0,389570.0,388020.0,383864.0,378236.0,375283.0,374248.0,371909.0,366865.0,364693.0,365368.0,359800.0,358730.0,355443.0,352726.0,349110.0,343371.0,337781.0,334603.0,333301.0,327791.0,321004.0,311757.0,306003.0,301987.0,297831.0,292491.0
사하구 - 남,Statistics,185511.0,190227.0,191621.0,194846.0,197870.0,196802.0,196453.0,195194.0,194306.0,192373.0,189541.0,188014.0,187366.0,186053.0,183487.0,182588.0,182810.0,180207.0,179855.0,178160.0,176689.0,174748.0,171769.0,168860.0,167290.0,166434.0,163766.0,160101.0,155228.0,152197.0,150009.0,147805.0,145062.0
사하구 - 여,Statistics,184501.0,189418.0,190650.0,193688.0,196426.0,195712.0,195305.0,194376.0,193714.0,191491.0,188695.0,187269.0,186882.0,185856.0,183378.0,182105.0,182558.0,179593.0,178875.0,177283.0,176037.0,174362.0,171602.0,168921.0,167313.0,166867.0,164025.0,160903.0,156529.0,153806.0,151978.0,150026.0,147429.0
산청군 - 계,Statistics,50519.0,48756.0,47254.0,46329.0,45419.0,44291.0,43456.0,42210.0,40997.0,39863.0,38726.0,37783.0,36849.0,36294.0,35704.0,35274.0,35043.0,34921.0,35591.0,35651.0,35691.0,35935.0,35849.0,36071.0,36098.0,36340.0,35952.0,35417.0,34857.0,34360.0,34028.0,33752.0,33259.0
산청군 - 남,Statistics,24975.0,24074.0,23330.0,22813.0,22265.0,21647.0,21281.0,20741.0,20111.0,19519.0,18921.0,18455.0,17962.0,17697.0,17371.0,17134.0,17002.0,17016.0,17320.0,17385.0,17462.0,17613.0,17531.0,17643.0,17666.0,17793.0,17589.0,17321.0,17110.0,16931.0,16871.0,16758.0,16475.0
산청군 - 여,Statistics,25544.0,24682.0,23924.0,23516.0,23154.0,22644.0,22175.0,21469.0,20886.0,20344.0,19805.0,19328.0,18887.0,18597.0,18333.0,18140.0,18041.0,17905.0,18271.0,18266.0,18229.0,18322.0,18318.0,18428.0,18432.0,18547.0,18363.0,18096.0,17747.0,17429.0,17157.0,16994.0,16784.0
삼척시 - 계,Statistics,41453.0,41697.0,41821.0,90005.0,87303.0,86016.0,85846.0,84523.0,82177.0,79770.0,77434.0,75759.0,74301.0,73134.0,71750.0,70791.0,70954.0,71935.0,72046.0,72312.0,72463.0,73023.0,72314.0,70839.0,69599.0,68514.0,68326.0,67228.0,65243.0,63429.0,63455.0,62651.0,61735.0
삼척시 - 남,Statistics,20829.0,20941.0,20990.0,45572.0,44088.0,43473.0,43465.0,42748.0,41447.0,40164.0,39036.0,38205.0,37529.0,36873.0,36146.0,35653.0,35940.0,36490.0,36367.0,36681.0,36847.0,37384.0,36940.0,36000.0,35253.0,34638.0,34587.0,34038.0,33011.0,32043.0,32156.0,31822.0,31437.0
삼척시 - 여,Statistics,20624.0,20756.0,20831.0,44433.0,43215.0,42543.0,42381.0,41775.0,40730.0,39606.0,38398.0,37554.0,36772.0,36261.0,35604.0,35138.0,35014.0,35445.0,35679.0,35631.0,35616.0,35639.0,35374.0,34839.0,34346.0,33876.0,33739.0,33190.0,32232.0,31386.0,31299.0,30829.0,30298.0
상주시 - 계,Statistics,52129.0,52440.0,53021.0,133895.0,132371.0,130564.0,129259.0,127127.0,124674.0,122047.0,118999.0,115337.0,112585.0,110444.0,108280.0,106600.0,105381.0,106208.0,105607.0,104685.0,104182.0,103346.0,102892.0,102374.0,101799.0,100947.0,100297.0,100688.0,97228.0,95566.0,94823.0,93858.0,91850.0
상주시 - 남,Statistics,25838.0,26058.0,26315.0,66473.0,65606.0,64630.0,64018.0,63005.0,61693.0,60234.0,58697.0,56857.0,55402.0,54283.0,53248.0,52389.0,51844.0,52321.0,52081.0,51569.0,51259.0,50785.0,50485.0,50084.0,49824.0,49344.0,49046.0,49378.0,47634.0,46869.0,46660.0,46166.0,45315.0
상주시 - 여,Statistics,26291.0,26382.0,26706.0,67422.0,66765.0,65934.0,65241.0,64122.0,62981.0,61813.0,60302.0,58480.0,57183.0,56161.0,55032.0,54211.0,53537.0,53887.0,53526.0,53116.0,52923.0,52561.0,52407.0,52290.0,51975.0,51603.0,51251.0,51310.0,49594.0,48697.0,48163.0,47692.0,46535.0
서구 - 계,Statistics,200794.0,193305.0,186882.0,178910.0,173148.0,167762.0,163027.0,158506.0,154753.0,151874.0,148020.0,144305.0,142460.0,139607.0,136226.0,132803.0,129385.0,125785.0,126040.0,123718.0,120828.0,118783.0,118115.0,115963.0,112973.0,110039.0,110534.0,108229.0,108135.0,105164.0,105192.0,104089.0,103188.0
서구 - 남,Statistics,99523.0,95666.0,92488.0,88558.0,85631.0,82978.0,80654.0,78458.0,76601.0,75121.0,73273.0,71527.0,70688.0,69268.0,67767.0,66060.0,64353.0,62582.0,62550.0,61285.0,59843.0,58741.0,58190.0,57007.0,55469.0,53873.0,53978.0,52627.0,52341.0,50853.0,50801.0,50028.0,49503.0
서구 - 여,Statistics,101271.0,97639.0,94394.0,90352.0,87517.0,84784.0,82373.0,80048.0,78152.0,76753.0,74747.0,72778.0,71772.0,70339.0,68459.0,66743.0,65032.0,63203.0,63490.0,62433.0,60985.0,60042.0,59925.0,58956.0,57504.0,56166.0,56556.0,55602.0,55794.0,54311.0,54391.0,54061.0,53685.0
서귀포시 - 계,Statistics,84721.0,85201.0,84940.0,85393.0,84999.0,84837.0,85041.0,85857.0,85571.0,85129.0,84601.0,83275.0,83770.0,83027.0,154895.0,153800.0,153120.0,152285.0,153716.0,153366.0,154057.0,155641.0,158512.0,164519.0,170932.0,178383.0,181245.0,181584.0,182169.0,183663.0,184770.0,183598.0,182020.0
서귀포시 - 남,Statistics,42098.0,42352.0,42147.0,42330.0,42104.0,42064.0,42258.0,42634.0,42566.0,42346.0,42089.0,41512.0,41800.0,41469.0,77881.0,77362.0,76981.0,76630.0,77367.0,77279.0,77625.0,78475.0,80075.0,83205.0,86568.0,90358.0,91745.0,91812.0,92021.0,92683.0,93086.0,92415.0,91580.0
서귀포시 - 여,Statistics,42623.0,42849.0,42793.0,43063.0,42895.0,42773.0,42783.0,43223.0,43005.0,42783.0,42512.0,41763.0,41970.0,41558.0,77014.0,76438.0,76139.0,75655.0,76349.0,76087.0,76432.0,77166.0,78437.0,81314.0,84364.0,88025.0,89500.0,89772.0,90148.0,90980.0,91684.0,91183.0,90440.0
서대문구 - 계,Statistics,387201.0,378574.0,371090.0,367318.0,361529.0,354084.0,361733.0,365783.0,367380.0,366228.0,362614.0,355753.0,352071.0,349163.0,349020.0,348575.0,331688.0,327451.0,324541.0,314852.0,315113.0,314110.0,310376.0,312141.0,314194.0,312800.0,310313.0,309397.0,312173.0,304819.0,306337.0,306231.0,302853.0
서대문구 - 남,Statistics,193554.0,189130.0,185433.0,183348.0,180104.0,176171.0,179690.0,181484.0,182202.0,181514.0,179411.0,175720.0,173452.0,171773.0,171098.0,170588.0,162350.0,160243.0,158857.0,154033.0,154017.0,153315.0,151338.0,152008.0,152510.0,151144.0,149569.0,148663.0,149360.0,145694.0,145816.0,145404.0,143412.0
서대문구 - 여,Statistics,193647.0,189444.0,185657.0,183970.0,181425.0,177913.0,182043.0,184299.0,185178.0,184714.0,183203.0,180033.0,178619.0,177390.0,177922.0,177987.0,169338.0,167208.0,165684.0,160819.0,161096.0,160795.0,159038.0,160133.0,161684.0,161656.0,160744.0,160734.0,162813.0,159125.0,160521.0,160827.0,159441.0
서산시 - 계,Statistics,55181.0,56195.0,57906.0,142222.0,145968.0,149585.0,150618.0,150763.0,150028.0,150116.0,148150.0,151818.0,150131.0,150294.0,150889.0,153569.0,156867.0,158886.0,160468.0,161489.0,163315.0,165837.0,167611.0,170099.0,170788.0,171678.0,174162.0,174690.0,175591.0,176645.0,176413.0,176011.0,174445.0
서산시 - 남,Statistics,27469.0,28021.0,28805.0,71722.0,73691.0,75813.0,76302.0,76288.0,75809.0,75775.0,74755.0,76453.0,75964.0,76176.0,76600.0,77996.0,79808.0,80943.0,81747.0,82448.0,83439.0,84858.0,85841.0,87280.0,87770.0,88359.0,89793.0,90348.0,91399.0,92122.0,92011.0,92112.0,91328.0
서산시 - 여,Statistics,27712.0,28174.0,29101.0,70500.0,72277.0,73772.0,74316.0,74475.0,74219.0,74341.0,73395.0,75365.0,74167.0,74118.0,74289.0,75573.0,77059.0,77943.0,78721.0,79041.0,79876.0,80979.0,81770.0,82819.0,83018.0,83319.0,84369.0,84342.0,84192.0,84523.0,84402.0,83899.0,83117.0
서울특별시 - 계,Statistics,10935230.0,10889499.0,10759454.0,10550871.0,10418076.0,10336134.0,10270506.0,10264260.0,10311314.0,10263336.0,10207295.0,10174086.0,10173162.0,10167344.0,10181166.0,10192710.0,10200827.0,10208302.0,10312545.0,10249679.0,10195318.0,10143645.0,10103233.0,10022181.0,9930616.0,9857426.0,9765623.0,9729107.0,9668465.0,9509458.0,9428372.0,9386034.0,9331828.0
서울특별시 - 남,Statistics,5500001.0,5477845.0,5408827.0,5302277.0,5231039.0,5186530.0,5146825.0,5141141.0,5166605.0,5141741.0,5108964.0,5084908.0,5074686.0,5062492.0,5062107.0,5063188.0,5061809.0,5059269.0,5111259.0,5073899.0,5041336.0,5007869.0,4979768.0,4930943.0,4876789.0,4830206.0,4773899.0,4744059.0,4701723.0,4618040.0,4570048.0,4540031.0,4505355.0
서울특별시 - 여,Statistics,5435229.0,5411654.0,5350627.0,5248594.0,5187037.0,5149604.0,5123681.0,5123119.0,5144709.0,5121595.0,5098331.0,5089178.0,5098476.0,5104852.0,5119059.0,5129522.0,5139018.0,5149033.0,5201286.0,5175780.0,5153982.0,5135776.0,5123465.0,5091238.0,5053827.0,5027220.0,4991724.0,4985048.0,4966742.0,4891418.0,4858324.0,4846003.0,4826473.0
서천군 - 계,Statistics,92307.0,89702.0,87151.0,85184.0,82932.0,80973.0,80078.0,77953.0,75259.0,72787.0,70116.0,67414.0,65650.0,64322.0,62629.0,61168.0,60507.0,60066.0,60085.0,59541.0,58920.0,58441.0,57713.0,56910.0,56012.0,55175.0,53922.0,52805.0,51866.0,50745.0,49964.0,49116.0,48204.0
서천군 - 남,Statistics,45866.0,44563.0,43275.0,42263.0,41169.0,40251.0,39876.0,38875.0,37363.0,36102.0,34787.0,33451.0,32581.0,31898.0,31016.0,30269.0,29946.0,29664.0,29606.0,29285.0,29041.0,28754.0,28392.0,28039.0,27539.0,27176.0,26620.0,26110.0,25614.0,25081.0,24709.0,24257.0,23879.0
서천군 - 여,Statistics,46441.0,45139.0,43876.0,42921.0,41763.0,40722.0,40202.0,39078.0,37896.0,36685.0,35329.0,33963.0,33069.0,32424.0,31613.0,30899.0,30561.0,30402.0,30479.0,30256.0,29879.0,29687.0,29321.0,28871.0,28473.0,27999.0,27302.0,26695.0,26252.0,25664.0,25255.0,24859.0,24325.0
서초구 - 계,Statistics,417177.0,407993.0,409161.0,404918.0,405743.0,403506.0,401179.0,400950.0,397869.0,393849.0,389256.0,394757.0,400868.0,401736.0,408266.0,405969.0,406320.0,425481.0,434720.0,433564.0,435044.0,441763.0,449678.0,446764.0,447192.0,441102.0,433951.0,430826.0,425126.0,412279.0,404325.0,407664.0,408376.0
서초구 - 남,Statistics,207084.0,202552.0,202848.0,200714.0,201220.0,199983.0,198363.0,197873.0,195942.0,193795.0,191409.0,193632.0,196076.0,196268.0,198874.0,197555.0,197570.0,206346.0,210652.0,209902.0,210440.0,213285.0,216740.0,214737.0,214673.0,211236.0,207868.0,206039.0,203359.0,197034.0,193159.0,194291.0,194153.0
서초구 - 여,Statistics,210093.0,205441.0,206313.0,204204.0,204523.0,203523.0,202816.0,203077.0,201927.0,200054.0,197847.0,201125.0,204792.0,205468.0,209392.0,208414.0,208750.0,219135.0,224068.0,223662.0,224604.0,228478.0,232938.0,232027.0,232519.0,229866.0,226083.0,224787.0,221767.0,215245.0,211166.0,213373.0,214223.0
성남시 - 계,Statistics,645311.0,729959.0,800273.0,886663.0,914240.0,923226.0,921227.0,921204.0,924390.0,932780.0,940974.0,962048.0,977166.0,983075.0,964831.0,953960.0,942447.0,962726.0,980190.0,979323.0,978615.0,979534.0,974608.0,971424.0,974580.0,967510.0,954347.0,942724.0,940064.0,930948.0,922518.0,919747.0,913009.0
성남시 - 남,Statistics,326115.0,368380.0,403680.0,447205.0,460018.0,464303.0,463228.0,462585.0,464609.0,468407.0,472449.0,482893.0,490108.0,492825.0,483364.0,477252.0,471033.0,480310.0,489222.0,488586.0,488319.0,488219.0,485207.0,482864.0,483374.0,479225.0,472506.0,466644.0,465407.0,461131.0,456882.0,455137.0,451408.0
성남시 - 여,Statistics,319196.0,361579.0,396593.0,439458.0,454222.0,458923.0,457999.0,458619.0,459781.0,464373.0,468525.0,479155.0,487058.0,490250.0,481467.0,476708.0,471414.0,482416.0,490968.0,490737.0,490296.0,491315.0,489401.0,488560.0,491206.0,488285.0,481841.0,476080.0,474657.0,469817.0,465636.0,464610.0,461601.0
성동구 - 계,Statistics,778385.0,765944.0,750814.0,341582.0,329914.0,324615.0,321945.0,339175.0,340790.0,341375.0,340773.0,339368.0,339113.0,337744.0,334437.0,333535.0,314212.0,308058.0,309093.0,300711.0,299604.0,299337.0,296086.0,297003.0,299259.0,304808.0,308221.0,300889.0,293556.0,285990.0,281000.0,277361.0,273669.0
성동구 - 남,Statistics,395977.0,389602.0,381520.0,173541.0,167374.0,164551.0,162866.0,171322.0,172246.0,172553.0,171866.0,170817.0,170565.0,169346.0,167763.0,167424.0,157602.0,154333.0,155067.0,150655.0,149832.0,149304.0,147363.0,147570.0,148326.0,150368.0,151359.0,147273.0,143387.0,139380.0,136633.0,134519.0,132409.0
성동구 - 여,Statistics,382408.0,376342.0,369294.0,168041.0,162540.0,160064.0,159079.0,167853.0,168544.0,168822.0,168907.0,168551.0,168548.0,168398.0,166674.0,166111.0,156610.0,153725.0,154026.0,150056.0,149772.0,150033.0,148723.0,149433.0,150933.0,154440.0,156862.0,153616.0,150169.0,146610.0,144367.0,142842.0,141260.0
성북구 - 계,Statistics,525943.0,512787.0,501967.0,495737.0,485240.0,476502.0,478830.0,472929.0,460862.0,450602.0,443809.0,453057.0,451122.0,462879.0,472843.0,469973.0,473357.0,476028.0,488932.0,485171.0,481857.0,476589.0,466706.0,459275.0,450355.0,444055.0,435868.0,442650.0,437153.0,430528.0,430397.0,425602.0,421560.0
성북구 - 남,Statistics,265830.0,259388.0,253727.0,250603.0,244847.0,240325.0,240933.0,237767.0,231749.0,226644.0,222614.0,226943.0,225280.0,230451.0,235057.0,233505.0,234730.0,235755.0,241927.0,239726.0,237474.0,234573.0,229205.0,224980.0,219951.0,216556.0,211904.0,214437.0,210810.0,207578.0,206961.0,204171.0,202003.0
성북구 - 여,Statistics,260113.0,253399.0,248240.0,245134.0,240393.0,236177.0,237897.0,235162.0,229113.0,223958.0,221195.0,226114.0,225842.0,232428.0,237786.0,236468.0,238627.0,240273.0,247005.0,245445.0,244383.0,242016.0,237501.0,234295.0,230404.0,227499.0,223964.0,228213.0,226343.0,222950.0,223436.0,221431.0,219557.0
성주군 - 계,Statistics,55019.0,54743.0,54199.0,53878.0,53675.0,53213.0,52820.0,52405.0,51104.0,50380.0,51761.0,48655.0,47731.0,46960.0,46358.0,45680.0,45024.0,45616.0,45289.0,45640.0,45127.0,45067.0,44981.0,45029.0,45205.0,45138.0,44672.0,44015.0,43414.0,42842.0,42566.0,42086.0,41452.0
성주군 - 남,Statistics,27767.0,27667.0,27452.0,27245.0,27138.0,26879.0,26767.0,26539.0,25896.0,25564.0,26103.0,24671.0,24244.0,23851.0,23665.0,23344.0,22978.0,23286.0,23072.0,23286.0,23138.0,23102.0,23007.0,23076.0,23166.0,23191.0,23011.0,22716.0,22473.0,22216.0,22161.0,22000.0,21672.0
성주군 - 여,Statistics,27252.0,27076.0,26747.0,26633.0,26537.0,26334.0,26053.0,25866.0,25208.0,24816.0,25658.0,23984.0,23487.0,23109.0,22693.0,22336.0,22046.0,22330.0,22217.0,22354.0,21989.0,21965.0,21974.0,21953.0,22039.0,21947.0,21661.0,21299.0,20941.0,20626.0,20405.0,20086.0,19780.0
세종특별자치시 - 계,Statistics,,,,,,,,,,,,,,,,,,,,,113117.0,122153.0,156125.0,210884.0,243048.0,280100.0,314126.0,340575.0,355831.0,371895.0,383591.0,386525.0,390685.0
세종특별자치시 - 남,Statistics,,,,,,,,,,,,,,,,,,,,,57633.0,62205.0,78862.0,105752.0,121505.0,139734.0,156831.0,169845.0,177568.0,185678.0,191389.0,192524.0,194413.0
세종특별자치시 - 여,Statistics,,,,,,,,,,,,,,,,,,,,,55484.0,59948.0,77263.0,105132.0,121543.0,140366.0,157295.0,170730.0,178263.0,186217.0,192202.0,194001.0,196272.0
속초시 - 계,Statistics,74730.0,76577.0,78549.0,80625.0,82472.0,85263.0,86923.0,88764.0,90032.0,90231.0,90029.0,89047.0,87933.0,87124.0,86073.0,85370.0,84599.0,83822.0,84302.0,83745.0,83579.0,83109.0,82432.0,81992.0,81793.0,82273.0,81682.0,81786.0,82665.0,82791.0,82806.0,82054.0,80933.0
속초시 - 남,Statistics,37191.0,38101.0,39068.0,40033.0,40802.0,42266.0,43167.0,44103.0,44647.0,44630.0,44561.0,44040.0,43413.0,43003.0,42458.0,42068.0,41676.0,41260.0,41543.0,41260.0,41165.0,40929.0,40590.0,40377.0,40288.0,40531.0,40248.0,40420.0,40965.0,41080.0,41037.0,40620.0,39931.0
속초시 - 여,Statistics,37539.0,38476.0,39481.0,40592.0,41670.0,42997.0,43756.0,44661.0,45385.0,45601.0,45468.0,45007.0,44520.0,44121.0,43615.0,43302.0,42923.0,42562.0,42759.0,42485.0,42414.0,42180.0,41842.0,41615.0,41505.0,41742.0,41434.0,41366.0,41700.0,41711.0,41769.0,41434.0,41002.0
송파구 - 계,Statistics,687788.0,683439.0,678019.0,666806.0,668987.0,674577.0,668879.0,665918.0,663177.0,655483.0,647037.0,619514.0,604293.0,605840.0,607005.0,623876.0,668962.0,681476.0,685279.0,682209.0,673115.0,668415.0,664738.0,660302.0,657831.0,664496.0,666635.0,675961.0,667960.0,658338.0,658801.0,654166.0,650110.0
송파구 - 남,Statistics,342352.0,340497.0,337556.0,332168.0,333209.0,336001.0,332700.0,330971.0,329686.0,325867.0,321426.0,307516.0,299576.0,299659.0,300173.0,307693.0,329262.0,334477.0,336359.0,334494.0,329747.0,326919.0,324902.0,322441.0,320557.0,323147.0,323526.0,327164.0,322299.0,317346.0,317180.0,314347.0,311728.0
송파구 - 여,Statistics,345436.0,342942.0,340463.0,334638.0,335778.0,338576.0,336179.0,334947.0,333491.0,329616.0,325611.0,311998.0,304717.0,306181.0,306832.0,316183.0,339700.0,346999.0,348920.0,347715.0,343368.0,341496.0,339836.0,337861.0,337274.0,341349.0,343109.0,348797.0,345661.0,340992.0,341621.0,339819.0,338382.0
수성구 - 계,Statistics,418956.0,426016.0,440702.0,456408.0,468588.0,468759.0,462205.0,460485.0,459658.0,456487.0,446879.0,448430.0,443881.0,437356.0,440172.0,447164.0,451732.0,456196.0,461988.0,461083.0,459779.0,461004.0,456505.0,451786.0,447011.0,439211.0,432759.0,428614.0,424314.0,417097.0,411553.0,407331.0,409107.0
수성구 - 남,Statistics,208705.0,212230.0,219847.0,227888.0,233965.0,233915.0,230606.0,229683.0,228998.0,227371.0,222779.0,223314.0,220678.0,216981.0,218016.0,221136.0,223016.0,224599.0,227298.0,226551.0,225429.0,225950.0,223495.0,220898.0,218317.0,213939.0,210621.0,208024.0,205293.0,201689.0,198731.0,196277.0,196815.0
수성구 - 여,Statistics,210251.0,213786.0,220855.0,228520.0,234623.0,234844.0,231599.0,230802.0,230660.0,229116.0,224100.0,225116.0,223203.0,220375.0,222156.0,226028.0,228716.0,231597.0,234690.0,234532.0,234350.0,235054.0,233010.0,230888.0,228694.0,225272.0,222138.0,220590.0,219021.0,215408.0,212822.0,211054.0,212292.0
수영구 - 계,Statistics,,,,202698.0,197118.0,193938.0,189461.0,186480.0,184743.0,181075.0,177881.0,177119.0,180576.0,178684.0,177814.0,178253.0,177140.0,177292.0,178267.0,176691.0,176666.0,175098.0,178480.0,179795.0,179324.0,179996.0,176246.0,176148.0,176894.0,175095.0,174806.0,174518.0,171918.0
수영구 - 남,Statistics,,,,99637.0,96949.0,95389.0,93199.0,91725.0,90612.0,88837.0,87023.0,86598.0,88027.0,87010.0,86582.0,86584.0,86083.0,85939.0,86304.0,85338.0,85230.0,84361.0,85773.0,86077.0,85573.0,85778.0,83852.0,83565.0,83573.0,82609.0,82144.0,81901.0,80422.0
수영구 - 여,Statistics,,,,103061.0,100169.0,98549.0,96262.0,94755.0,94131.0,92238.0,90858.0,90521.0,92549.0,91674.0,91232.0,91669.0,91057.0,91353.0,91963.0,91353.0,91436.0,90737.0,92707.0,93718.0,93751.0,94218.0,92394.0,92583.0,93321.0,92486.0,92662.0,92617.0,91496.0
수원시 - 계,Statistics,696322.0,713221.0,729017.0,746610.0,769876.0,798640.0,854084.0,910045.0,948065.0,974866.0,1019711.0,1032944.0,1033829.0,1045587.0,1068906.0,1067702.0,1067425.0,1073149.0,1077535.0,1088489.0,1120258.0,1148157.0,1174228.0,1184624.0,1194041.0,1202628.0,1201166.0,1194465.0,1186078.0,1183714.0,1190964.0,1197257.0,1193005.0
수원시 - 남,Statistics,350846.0,359511.0,367730.0,377061.0,388359.0,402643.0,429761.0,457335.0,476843.0,490314.0,512940.0,519293.0,519130.0,524999.0,537044.0,536253.0,536059.0,539655.0,543233.0,548382.0,564008.0,578035.0,591384.0,596508.0,601152.0,605835.0,604918.0,601410.0,597076.0,595933.0,599619.0,602346.0,599668.0
수원시 - 여,Statistics,345476.0,353710.0,361287.0,369549.0,381517.0,395997.0,424323.0,452710.0,471222.0,484552.0,506771.0,513651.0,514699.0,520588.0,531862.0,531449.0,531366.0,533494.0,534302.0,540107.0,556250.0,570122.0,582844.0,588116.0,592889.0,596793.0,596248.0,593055.0,589002.0,587781.0,591345.0,594911.0,593337.0
순창군 - 계,Statistics,44828.0,42824.0,40965.0,39728.0,38638.0,37553.0,36832.0,35793.0,34587.0,33892.0,32329.0,31482.0,31814.0,32012.0,32485.0,32035.0,30920.0,30179.0,30209.0,29497.0,30055.0,30272.0,30368.0,30248.0,29949.0,29698.0,29209.0,28382.0,27810.0,26855.0,26727.0,26764.0,26822.0
순창군 - 남,Statistics,22193.0,21191.0,20223.0,19604.0,19090.0,18482.0,18209.0,17642.0,16982.0,16616.0,15837.0,15406.0,15531.0,15607.0,15853.0,15576.0,15100.0,14802.0,14829.0,14416.0,14567.0,14658.0,14739.0,14679.0,14427.0,14349.0,14156.0,13756.0,13520.0,13189.0,13138.0,13161.0,13217.0
순창군 - 여,Statistics,22635.0,21633.0,20742.0,20124.0,19548.0,19071.0,18623.0,18151.0,17605.0,17276.0,16492.0,16076.0,16283.0,16405.0,16632.0,16459.0,15820.0,15377.0,15380.0,15081.0,15488.0,15614.0,15629.0,15569.0,15522.0,15349.0,15053.0,14626.0,14290.0,13666.0,13589.0,13603.0,13605.0
순천시 - 계,Statistics,155466.0,160931.0,168818.0,251156.0,257636.0,264425.0,266553.0,267883.0,270345.0,271734.0,271139.0,269843.0,270059.0,270934.0,269940.0,270380.0,269429.0,269516.0,272620.0,272201.0,273798.0,275668.0,277188.0,278765.0,278548.0,279331.0,279389.0,279598.0,282189.0,281436.0,278737.0,278137.0,276329.0
순천시 - 남,Statistics,77610.0,80123.0,84034.0,125420.0,128709.0,132123.0,133124.0,133828.0,134897.0,135653.0,135306.0,134729.0,134934.0,135311.0,134881.0,135160.0,134665.0,134706.0,136321.0,136084.0,136833.0,137674.0,138325.0,139163.0,138959.0,139167.0,139114.0,139324.0,140772.0,140466.0,139014.0,138814.0,137943.0
순천시 - 여,Statistics,77856.0,80808.0,84784.0,125736.0,128927.0,132302.0,133429.0,134055.0,135448.0,136081.0,135833.0,135114.0,135125.0,135623.0,135059.0,135220.0,134764.0,134810.0,136299.0,136117.0,136965.0,137994.0,138863.0,139602.0,139589.0,140164.0,140275.0,140274.0,141417.0,140970.0,139723.0,139323.0,138386.0
시흥시 - 계,Statistics,128517.0,131940.0,135903.0,139262.0,174876.0,221420.0,253329.0,293272.0,318083.0,337402.0,353860.0,368223.0,378613.0,387239.0,390477.0,390564.0,392756.0,397912.0,403797.0,401149.0,399485.0,396765.0,394639.0,398256.0,402888.0,419664.0,448687.0,473682.0,500895.0,512030.0,512912.0,519715.0,518132.0
시흥시 - 남,Statistics,65493.0,67348.0,69616.0,71499.0,89712.0,113174.0,129034.0,149568.0,162643.0,173336.0,182687.0,190619.0,196419.0,201293.0,203173.0,203467.0,205146.0,207943.0,211468.0,210087.0,209254.0,208141.0,206925.0,208957.0,211392.0,219949.0,234840.0,247804.0,261730.0,267423.0,267861.0,271236.0,270037.0
시흥시 - 여,Statistics,63024.0,64592.0,66287.0,67763.0,85164.0,108246.0,124295.0,143704.0,155440.0,164066.0,171173.0,177604.0,182194.0,185946.0,187304.0,187097.0,187610.0,189969.0,192329.0,191062.0,190231.0,188624.0,187714.0,189299.0,191496.0,199715.0,213847.0,225878.0,239165.0,244607.0,245051.0,248479.0,248095.0
신안군 - 계,Statistics,75823.0,71175.0,66628.0,62854.0,59628.0,56855.0,56614.0,54953.0,53150.0,51342.0,49704.0,50726.0,47591.0,46451.0,46714.0,45968.0,45718.0,45294.0,45428.0,44355.0,43898.0,44162.0,43747.0,43294.0,42652.0,42070.0,41263.0,40274.0,38938.0,38217.0,37858.0,38037.0,38173.0
신안군 - 남,Statistics,38305.0,35892.0,33525.0,31663.0,30000.0,28581.0,28585.0,27843.0,26898.0,25966.0,25124.0,25515.0,24137.0,23664.0,23870.0,23555.0,23520.0,23367.0,23538.0,23070.0,22869.0,23145.0,22969.0,22825.0,22555.0,22301.0,21915.0,21402.0,20769.0,20455.0,20346.0,20514.0,20625.0
신안군 - 여,Statistics,37518.0,35283.0,33103.0,31191.0,29628.0,28274.0,28029.0,27110.0,26252.0,25376.0,24580.0,25211.0,23454.0,22787.0,22844.0,22413.0,22198.0,21927.0,21890.0,21285.0,21029.0,21017.0,20778.0,20469.0,20097.0,19769.0,19348.0,18872.0,18169.0,17762.0,17512.0,17523.0,17548.0
아산시 - 계,Statistics,,,,158214.0,166503.0,175658.0,179199.0,180618.0,184191.0,186469.0,191123.0,193122.0,200938.0,204431.0,211560.0,221490.0,240942.0,256449.0,265191.0,274523.0,280490.0,287073.0,293954.0,297737.0,302929.0,311453.0,312822.0,314395.0,316129.0,324580.0,334539.0,345796.0,355014.0
아산시 - 남,Statistics,,,,79292.0,83504.0,88588.0,90538.0,91310.0,93337.0,94446.0,95990.0,96821.0,100637.0,103065.0,107303.0,112929.0,122763.0,130253.0,134672.0,139635.0,143069.0,146565.0,150506.0,152634.0,155692.0,160483.0,161546.0,162694.0,164115.0,168881.0,174333.0,180223.0,185092.0
아산시 - 여,Statistics,,,,78922.0,82999.0,87070.0,88661.0,89308.0,90854.0,92023.0,95133.0,96301.0,100301.0,101366.0,104257.0,108561.0,118179.0,126196.0,130519.0,134888.0,137421.0,140508.0,143448.0,145103.0,147237.0,150970.0,151276.0,151701.0,152014.0,155699.0,160206.0,165573.0,169922.0
안동시 - 계,Statistics,115763.0,117779.0,119924.0,192522.0,191167.0,188459.0,187515.0,186188.0,183903.0,181838.0,179326.0,175677.0,174037.0,171387.0,168733.0,167916.0,167300.0,167432.0,167886.0,168157.0,168302.0,168461.0,168697.0,169221.0,168798.0,166272.0,162180.0,160052.0,158907.0,156972.0,154610.0,152935.0,153159.0
안동시 - 남,Statistics,57467.0,58438.0,59586.0,96423.0,95561.0,94186.0,93913.0,93202.0,91997.0,90905.0,89597.0,87722.0,86876.0,85624.0,84220.0,83582.0,83145.0,82991.0,83013.0,83037.0,83091.0,83229.0,83240.0,83491.0,83341.0,82143.0,80204.0,79239.0,78661.0,77590.0,76447.0,75538.0,75871.0
안동시 - 여,Statistics,58296.0,59341.0,60338.0,96099.0,95606.0,94273.0,93602.0,92986.0,91906.0,90933.0,89729.0,87955.0,87161.0,85763.0,84513.0,84334.0,84155.0,84441.0,84873.0,85120.0,85211.0,85232.0,85457.0,85730.0,85457.0,84129.0,81976.0,80813.0,80246.0,79382.0,78163.0,77397.0,77288.0
안산시 - 계,Statistics,354433.0,399822.0,457910.0,504615.0,527650.0,544144.0,546117.0,547759.0,566912.0,590598.0,628861.0,651625.0,666784.0,679011.0,698819.0,705040.0,708257.0,705346.0,714891.0,715586.0,715108.0,713666.0,707876.0,697885.0,689859.0,677710.0,660343.0,650918.0,654915.0,652726.0,641660.0,629308.0,620579.0
안산시 - 남,Statistics,184110.0,207469.0,237056.0,261288.0,272850.0,281313.0,281579.0,282465.0,292142.0,303818.0,322516.0,333834.0,341341.0,347566.0,357765.0,360884.0,362581.0,360949.0,366839.0,366764.0,366354.0,365575.0,362826.0,357634.0,353394.0,347585.0,338701.0,333766.0,335804.0,334646.0,328940.0,322328.0,317870.0
안산시 - 여,Statistics,170323.0,192353.0,220854.0,243327.0,254800.0,262831.0,264538.0,265294.0,274770.0,286780.0,306345.0,317791.0,325443.0,331445.0,341054.0,344156.0,345676.0,344397.0,348052.0,348822.0,348754.0,348091.0,345050.0,340251.0,336465.0,330125.0,321642.0,317152.0,319111.0,318080.0,312720.0,306980.0,302709.0
안성시 - 계,Statistics,,,,,,,129957.0,132093.0,136590.0,141605.0,147898.0,151522.0,154110.0,157130.0,159655.0,163733.0,169545.0,170919.0,177937.0,180743.0,181608.0,182173.0,181896.0,180199.0,182896.0,182786.0,183579.0,183405.0,187012.0,189534.0,188842.0,189034.0,193949.0
안성시 - 남,Statistics,,,,,,,65693.0,66739.0,69121.0,71495.0,74716.0,76690.0,78077.0,79595.0,81057.0,83216.0,86294.0,87090.0,90730.0,92204.0,92627.0,92935.0,92757.0,91896.0,93389.0,93574.0,94095.0,94227.0,96355.0,97895.0,97581.0,97738.0,100245.0
안성시 - 여,Statistics,,,,,,,64264.0,65354.0,67469.0,70110.0,73182.0,74832.0,76033.0,77535.0,78598.0,80517.0,83251.0,83829.0,87207.0,88539.0,88981.0,89238.0,89139.0,88303.0,89507.0,89212.0,89484.0,89178.0,90657.0,91639.0,91261.0,91296.0,93704.0
안양시 - 계,Statistics,539775.0,588376.0,594891.0,593142.0,599163.0,591522.0,586562.0,582584.0,581166.0,591670.0,595142.0,604505.0,621047.0,625350.0,624280.0,624197.0,620279.0,616547.0,621714.0,615642.0,611412.0,607877.0,600809.0,597789.0,597414.0,587764.0,576831.0,567044.0,550027.0,547178.0,548228.0,544660.0,556492.0
안양시 - 남,Statistics,270539.0,294571.0,298198.0,297441.0,300548.0,296631.0,294048.0,292039.0,291832.0,297371.0,298526.0,302804.0,310844.0,312890.0,312043.0,311702.0,309566.0,307808.0,310476.0,307313.0,305066.0,302983.0,299250.0,297422.0,296959.0,291751.0,285816.0,280652.0,271936.0,270496.0,270878.0,268911.0,274453.0
안양시 - 여,Statistics,269236.0,293805.0,296693.0,295701.0,298615.0,294891.0,292514.0,290545.0,289334.0,294299.0,296616.0,301701.0,310203.0,312460.0,312237.0,312495.0,310713.0,308739.0,311238.0,308329.0,306346.0,304894.0,301559.0,300367.0,300455.0,296013.0,291015.0,286392.0,278091.0,276682.0,277350.0,275749.0,282039.0
양구군 - 계,Statistics,25270.0,24802.0,24560.0,24233.0,24047.0,23778.0,24027.0,23756.0,23420.0,23198.0,22527.0,21995.0,21692.0,21480.0,21269.0,21401.0,21303.0,21323.0,21843.0,22285.0,22799.0,23594.0,23888.0,24089.0,24010.0,23835.0,23408.0,22764.0,22278.0,21748.0,21383.0,21056.0,20621.0
양구군 - 남,Statistics,12744.0,12514.0,12434.0,12329.0,12270.0,12176.0,12303.0,12158.0,11983.0,11824.0,11481.0,11344.0,11197.0,11089.0,10991.0,11159.0,11147.0,11135.0,11401.0,11758.0,12088.0,12540.0,12735.0,12936.0,12918.0,12768.0,12462.0,12082.0,11829.0,11464.0,11215.0,11063.0,10774.0
양구군 - 여,Statistics,12526.0,12288.0,12126.0,11904.0,11777.0,11602.0,11724.0,11598.0,11437.0,11374.0,11046.0,10651.0,10495.0,10391.0,10278.0,10242.0,10156.0,10188.0,10442.0,10527.0,10711.0,11054.0,11153.0,11153.0,11092.0,11067.0,10946.0,10682.0,10449.0,10284.0,10168.0,9993.0,9847.0
양산시 - 계,Statistics,,,,,167087.0,172944.0,177081.0,184015.0,193552.0,200694.0,205958.0,210424.0,213695.0,222299.0,226425.0,231956.0,243012.0,250387.0,260239.0,266403.0,270460.0,279565.0,292376.0,301291.0,317037.0,338535.0,348639.0,350759.0,352229.0,354726.0,353792.0,355122.0,359531.0
양산시 - 남,Statistics,,,,,84438.0,87353.0,89465.0,92855.0,97608.0,101087.0,103799.0,106139.0,107819.0,112232.0,114109.0,116978.0,122576.0,126053.0,130940.0,134085.0,136159.0,140719.0,147189.0,151653.0,159503.0,170132.0,175184.0,176114.0,176641.0,177759.0,177238.0,177596.0,180021.0
양산시 - 여,Statistics,,,,,82649.0,85591.0,87616.0,91160.0,95944.0,99607.0,102159.0,104285.0,105876.0,110067.0,112316.0,114978.0,120436.0,124334.0,129299.0,132318.0,134301.0,138846.0,145187.0,149638.0,157534.0,168403.0,173455.0,174645.0,175588.0,176967.0,176554.0,177526.0,179510.0
양양군 - 계,Statistics,32292.0,31913.0,31300.0,31063.0,30906.0,30919.0,31103.0,30941.0,30141.0,30180.0,30076.0,29480.0,29187.0,29132.0,28661.0,28472.0,28115.0,27957.0,27929.0,27942.0,27802.0,27659.0,27521.0,27479.0,27218.0,27207.0,27347.0,27726.0,27946.0,27913.0,27866.0,27710.0,27489.0
양양군 - 남,Statistics,16014.0,15889.0,15532.0,15460.0,15381.0,15429.0,15607.0,15531.0,15242.0,15274.0,15242.0,14957.0,14884.0,14791.0,14538.0,14478.0,14276.0,14226.0,14242.0,14282.0,14169.0,14130.0,14005.0,13965.0,13838.0,13849.0,13900.0,14099.0,14220.0,14251.0,14228.0,14192.0,14079.0
양양군 - 여,Statistics,16278.0,16024.0,15768.0,15603.0,15525.0,15490.0,15496.0,15410.0,14899.0,14906.0,14834.0,14523.0,14303.0,14341.0,14123.0,13994.0,13839.0,13731.0,13687.0,13660.0,13633.0,13529.0,13516.0,13514.0,13380.0,13358.0,13447.0,13627.0,13726.0,13662.0,13638.0,13518.0,13410.0
양주군 - 계,Statistics,88535.0,90706.0,91222.0,94157.0,96896.0,101310.0,101810.0,108309.0,117319.0,135748.0,143124.0,,,,,,,,,,,,,,,,,,,,,,
양주군 - 남,Statistics,45734.0,47037.0,47384.0,48946.0,50377.0,52554.0,52876.0,56117.0,60785.0,69971.0,73708.0,,,,,,,,,,,,,,,,,,,,,,
양주군 - 여,Statistics,42801.0,43669.0,43838.0,45211.0,46519.0,48756.0,48934.0,52192.0,56534.0,65777.0,69416.0,,,,,,,,,,,,,,,,,,,,,,
양주시 - 계,Statistics,,,,,,,,,,,,148062.0,152596.0,160589.0,169806.0,179914.0,179914.0,182106.0,196706.0,200360.0,200310.0,199143.0,202072.0,205184.0,205513.0,212146.0,216951.0,222314.0,230359.0,236368.0,243432.0,268026.0,289005.0
양주시 - 남,Statistics,,,,,,,,,,,,76175.0,78567.0,82693.0,87249.0,92222.0,92251.0,93397.0,100576.0,102266.0,102085.0,101287.0,102688.0,104133.0,104235.0,107650.0,109978.0,112775.0,116916.0,119835.0,123173.0,135376.0,145474.0
양주시 - 여,Statistics,,,,,,,,,,,,71887.0,74029.0,77896.0,82557.0,87692.0,87663.0,88709.0,96130.0,98094.0,98225.0,97856.0,99384.0,101051.0,101278.0,104496.0,106973.0,109539.0,113443.0,116533.0,120259.0,132650.0,143531.0
양천구 - 계,Statistics,507141.0,498727.0,491279.0,485777.0,485497.0,484538.0,483674.0,480313.0,486781.0,484345.0,484518.0,486962.0,495098.0,499755.0,501717.0,503650.0,502343.0,501395.0,500001.0,500210.0,495911.0,492528.0,486221.0,484532.0,477739.0,471154.0,464185.0,458165.0,454251.0,447302.0,440881.0,436028.0,430976.0
양천구 - 남,Statistics,255440.0,251684.0,247922.0,245022.0,244806.0,244360.0,243631.0,241943.0,245288.0,243971.0,243807.0,244369.0,248169.0,250040.0,250479.0,251355.0,250516.0,249567.0,249024.0,248927.0,246637.0,244742.0,241020.0,239995.0,236290.0,232518.0,228634.0,225186.0,222824.0,219214.0,215682.0,212835.0,210199.0
양천구 - 여,Statistics,251701.0,247043.0,243357.0,240755.0,240691.0,240178.0,240043.0,238370.0,241493.0,240374.0,240711.0,242593.0,246929.0,249715.0,251238.0,252295.0,251827.0,251828.0,250977.0,251283.0,249274.0,247786.0,245201.0,244537.0,241449.0,238636.0,235551.0,232979.0,231427.0,228088.0,225199.0,223193.0,220777.0
양평군 - 계,Statistics,77593.0,77111.0,76548.0,78749.0,81314.0,81502.0,81200.0,81885.0,82773.0,82704.0,82992.0,83730.0,84673.0,85533.0,86298.0,87874.0,89812.0,91450.0,95833.0,99430.0,102193.0,103620.0,105379.0,108316.0,111367.0,115105.0,116095.0,116874.0,118810.0,121230.0,122323.0,125238.0,126804.0
양평군 - 남,Statistics,39183.0,38929.0,38753.0,39886.0,41132.0,41097.0,40968.0,41396.0,41744.0,41749.0,41930.0,42178.0,42759.0,43240.0,43630.0,44420.0,45412.0,46331.0,48449.0,50157.0,51497.0,52240.0,53245.0,54727.0,56285.0,57981.0,58396.0,58654.0,59563.0,60846.0,61495.0,62801.0,63574.0
양평군 - 여,Statistics,38410.0,38182.0,37795.0,38863.0,40182.0,40405.0,40232.0,40489.0,41029.0,40955.0,41062.0,41552.0,41914.0,42293.0,42668.0,43454.0,44400.0,45119.0,47384.0,49273.0,50696.0,51380.0,52134.0,53589.0,55082.0,57124.0,57699.0,58220.0,59247.0,60384.0,60828.0,62437.0,63230.0
여수시 - 계,Statistics,185151.0,185356.0,185897.0,185551.0,187074.0,188312.0,329409.0,326666.0,323913.0,320146.0,315536.0,310350.0,305312.0,301389.0,297489.0,295439.0,295133.0,293546.0,293488.0,292750.0,292217.0,291366.0,290900.0,290168.0,288988.0,286382.0,283300.0,282786.0,280242.0,276762.0,274765.0,271696.0,267816.0
여수시 - 남,Statistics,92587.0,92492.0,92895.0,92885.0,93913.0,94564.0,166057.0,164815.0,163388.0,161454.0,159109.0,156686.0,154101.0,152088.0,150153.0,149304.0,149242.0,148462.0,148455.0,148115.0,147922.0,147539.0,147346.0,147088.0,146565.0,145122.0,143802.0,143791.0,142995.0,141074.0,139821.0,138354.0,136273.0
여수시 - 여,Statistics,92564.0,92864.0,93002.0,92666.0,93161.0,93748.0,163352.0,161851.0,160525.0,158692.0,156427.0,153664.0,151211.0,149301.0,147336.0,146135.0,145891.0,145084.0,145033.0,144635.0,144295.0,143827.0,143554.0,143080.0,142423.0,141260.0,139498.0,138995.0,137247.0,135688.0,134944.0,133342.0,131543.0
여주군 - 계,Statistics,95913.0,95953.0,95661.0,96891.0,99557.0,100634.0,101223.0,101478.0,103622.0,104648.0,104380.0,104030.0,103976.0,104260.0,105022.0,106926.0,107355.0,108088.0,109250.0,109120.0,109550.0,,,,,,,,,,,,
여주군 - 남,Statistics,48600.0,48668.0,48572.0,49203.0,50570.0,51026.0,51289.0,51330.0,52353.0,52888.0,52753.0,52625.0,52742.0,52855.0,53162.0,53988.0,54210.0,54478.0,55199.0,55175.0,55348.0,,,,,,,,,,,,
여주군 - 여,Statistics,47313.0,47285.0,47089.0,47688.0,48987.0,49608.0,49934.0,50148.0,51269.0,51760.0,51627.0,51405.0,51234.0,51405.0,51860.0,52938.0,53145.0,53610.0,54051.0,53945.0,54202.0,,,,,,,,,,,,
여주시 - 계,Statistics,,,,,,,,,,,,,,,,,,,,,,109343.0,110386.0,111033.0,111563.0,111984.0,111525.0,111083.0,111897.0,112150.0,113150.0,114412.0,114610.0
여주시 - 남,Statistics,,,,,,,,,,,,,,,,,,,,,,55211.0,55745.0,56180.0,56445.0,56629.0,56479.0,56427.0,56838.0,57022.0,57567.0,58177.0,58355.0
여주시 - 여,Statistics,,,,,,,,,,,,,,,,,,,,,,54132.0,54641.0,54853.0,55118.0,55355.0,55046.0,54656.0,55059.0,55128.0,55583.0,56235.0,56255.0
연기군 - 계,Statistics,85688.0,83687.0,82278.0,80748.0,80895.0,80274.0,80601.0,80947.0,80471.0,81328.0,82323.0,82733.0,84455.0,84308.0,82747.0,79977.0,78645.0,79482.0,81871.0,82890.0,,,,,,,,,,,,,
연기군 - 남,Statistics,42829.0,41982.0,41296.0,40567.0,40627.0,40305.0,40368.0,40787.0,40582.0,41047.0,41522.0,41683.0,42743.0,42807.0,42174.0,40807.0,40238.0,40640.0,41648.0,42207.0,,,,,,,,,,,,,
연기군 - 여,Statistics,42859.0,41705.0,40982.0,40181.0,40268.0,39969.0,40233.0,40160.0,39889.0,40281.0,40801.0,41050.0,41712.0,41501.0,40573.0,39170.0,38407.0,38842.0,40223.0,40683.0,,,,,,,,,,,,,
연수구 - 계,Statistics,,,,218414.0,239787.0,253270.0,259862.0,261202.0,262319.0,261038.0,259254.0,257564.0,255998.0,265658.0,271010.0,268780.0,268668.0,271497.0,279230.0,287903.0,292589.0,300305.0,310703.0,319052.0,328627.0,335142.0,346359.0,366550.0,387450.0,389644.0,385796.0,392416.0,400213.0
연수구 - 남,Statistics,,,,109446.0,120077.0,126548.0,129967.0,130641.0,131380.0,130831.0,129976.0,129030.0,128146.0,133129.0,135870.0,134818.0,134761.0,136078.0,140216.0,144277.0,146499.0,150157.0,155161.0,159287.0,163753.0,166878.0,172298.0,182374.0,192570.0,193417.0,191405.0,194599.0,198116.0
연수구 - 여,Statistics,,,,108968.0,119710.0,126722.0,129895.0,130561.0,130939.0,130207.0,129278.0,128534.0,127852.0,132529.0,135140.0,133962.0,133907.0,135419.0,139014.0,143626.0,146090.0,150148.0,155542.0,159765.0,164874.0,168264.0,174061.0,184176.0,194880.0,196227.0,194391.0,197817.0,202097.0
연제구 - 계,Statistics,,,,248908.0,240026.0,232641.0,225983.0,226854.0,223344.0,226267.0,228268.0,225473.0,221853.0,217763.0,214809.0,212658.0,212810.0,210390.0,212696.0,213326.0,211536.0,209290.0,208012.0,210718.0,207268.0,206742.0,207840.0,209395.0,209157.0,207144.0,203536.0,205766.0,212589.0
연제구 - 남,Statistics,,,,124544.0,120062.0,116315.0,112921.0,113203.0,111501.0,112962.0,113891.0,112435.0,110526.0,108391.0,106674.0,105317.0,105221.0,104142.0,105243.0,105483.0,104471.0,103174.0,102403.0,103507.0,101330.0,100613.0,100789.0,101253.0,100700.0,99761.0,97604.0,98344.0,101514.0
연제구 - 여,Statistics,,,,124364.0,119964.0,116326.0,113062.0,113651.0,111843.0,113305.0,114377.0,113038.0,111327.0,109372.0,108135.0,107341.0,107589.0,106248.0,107453.0,107843.0,107065.0,106116.0,105609.0,107211.0,105938.0,106129.0,107051.0,108142.0,108457.0,107383.0,105932.0,107422.0,111075.0
연천군 - 계,Statistics,56136.0,55777.0,54862.0,54803.0,55117.0,55154.0,54365.0,53766.0,52786.0,51655.0,50372.0,49508.0,48687.0,47123.0,46075.0,45603.0,45495.0,45241.0,45177.0,44900.0,45599.0,45610.0,45363.0,45725.0,45907.0,45431.0,44633.0,43824.0,43516.0,42721.0,42062.0,41584.0,40866.0
연천군 - 남,Statistics,28624.0,28512.0,28102.0,28073.0,28275.0,28233.0,27920.0,27608.0,27090.0,26489.0,25810.0,25331.0,25131.0,24253.0,23726.0,23459.0,23416.0,23304.0,23230.0,23135.0,23631.0,23708.0,23475.0,23917.0,24090.0,23790.0,23364.0,22962.0,22799.0,22399.0,22113.0,21776.0,21400.0
연천군 - 여,Statistics,27512.0,27265.0,26760.0,26730.0,26842.0,26921.0,26445.0,26158.0,25696.0,25166.0,24562.0,24177.0,23556.0,22870.0,22349.0,22144.0,22079.0,21937.0,21947.0,21765.0,21968.0,21902.0,21888.0,21808.0,21817.0,21641.0,21269.0,20862.0,20717.0,20322.0,19949.0,19808.0,19466.0
영광군 - 계,Statistics,86731.0,83647.0,78921.0,76116.0,74276.0,74724.0,75658.0,74760.0,72780.0,70120.0,67055.0,64148.0,62959.0,61500.0,60045.0,58837.0,58075.0,57037.0,57362.0,56863.0,57224.0,57617.0,56833.0,56267.0,55618.0,54774.0,54127.0,53852.0,53099.0,51985.0,52197.0,51750.0,52098.0
영광군 - 남,Statistics,43080.0,41578.0,39308.0,37912.0,37009.0,37247.0,37832.0,37486.0,36346.0,34863.0,33318.0,31879.0,31322.0,30621.0,29901.0,29256.0,28833.0,28357.0,28549.0,28212.0,28460.0,28691.0,28286.0,27997.0,27724.0,27296.0,27000.0,26828.0,26468.0,25959.0,26081.0,25874.0,26061.0
영광군 - 여,Statistics,43651.0,42069.0,39613.0,38204.0,37267.0,37477.0,37826.0,37274.0,36434.0,35257.0,33737.0,32269.0,31637.0,30879.0,30144.0,29581.0,29242.0,28680.0,28813.0,28651.0,28764.0,28926.0,28547.0,28270.0,27894.0,27478.0,27127.0,27024.0,26631.0,26026.0,26116.0,25876.0,26037.0
영덕군 - 계,Statistics,63539.0,61720.0,59593.0,57548.0,55840.0,54358.0,53999.0,52730.0,51131.0,49593.0,52602.0,46965.0,45826.0,45003.0,46460.0,43470.0,42707.0,41710.0,41377.0,40794.0,40257.0,40142.0,39586.0,39191.0,39052.0,38529.0,38108.0,37361.0,36313.0,35314.0,34650.0,34055.0,33210.0
영덕군 - 남,Statistics,30945.0,30082.0,29008.0,27926.0,27009.0,26216.0,26102.0,25423.0,24609.0,23804.0,24946.0,22490.0,21913.0,21489.0,21984.0,20615.0,20284.0,19809.0,19657.0,19378.0,19136.0,19118.0,18846.0,18625.0,18607.0,18360.0,18103.0,17777.0,17197.0,16777.0,16481.0,16232.0,15902.0
영덕군 - 여,Statistics,32594.0,31638.0,30585.0,29622.0,28831.0,28142.0,27897.0,27307.0,26522.0,25789.0,27656.0,24475.0,23913.0,23514.0,24476.0,22855.0,22423.0,21901.0,21720.0,21416.0,21121.0,21024.0,20740.0,20566.0,20445.0,20169.0,20005.0,19584.0,19116.0,18537.0,18169.0,17823.0,17308.0
영도구 - 계,Statistics,204272.0,207158.0,209495.0,208833.0,203699.0,198027.0,193174.0,188376.0,184488.0,179841.0,174678.0,170355.0,166054.0,162961.0,158780.0,155273.0,152118.0,148139.0,146798.0,143205.0,139765.0,135816.0,132102.0,129385.0,126362.0,123521.0,120109.0,116711.0,113342.0,110638.0,108156.0,106548.0,103737.0
영도구 - 남,Statistics,101782.0,103236.0,104431.0,104106.0,101565.0,98793.0,96536.0,94216.0,92275.0,89856.0,87213.0,85146.0,82972.0,81375.0,79315.0,77638.0,75991.0,73951.0,73285.0,71384.0,69619.0,67626.0,65670.0,64237.0,62596.0,61156.0,59429.0,57629.0,55846.0,54471.0,53223.0,52317.0,50912.0
영도구 - 여,Statistics,102490.0,103922.0,105064.0,104727.0,102134.0,99234.0,96638.0,94160.0,92213.0,89985.0,87465.0,85209.0,83082.0,81586.0,79465.0,77635.0,76127.0,74188.0,73513.0,71821.0,70146.0,68190.0,66432.0,65148.0,63766.0,62365.0,60680.0,59082.0,57496.0,56167.0,54933.0,54231.0,52825.0
영동군 - 계,Statistics,66613.0,65388.0,64073.0,62966.0,62052.0,61205.0,60890.0,60094.0,58627.0,57184.0,55752.0,54036.0,52597.0,51800.0,50819.0,50131.0,50276.0,50426.0,50523.0,50621.0,50663.0,50539.0,50803.0,50693.0,50552.0,50240.0,49715.0,48738.0,47475.0,45773.0,44956.0,44195.0,43551.0
영동군 - 남,Statistics,33010.0,32393.0,31783.0,31212.0,30760.0,30350.0,30295.0,29921.0,29193.0,28513.0,27772.0,26944.0,26238.0,25863.0,25354.0,25007.0,25084.0,25183.0,25173.0,25230.0,25268.0,25102.0,25255.0,25276.0,25248.0,24960.0,24663.0,24181.0,23624.0,22810.0,22486.0,22146.0,21933.0
영동군 - 여,Statistics,33603.0,32995.0,32290.0,31754.0,31292.0,30855.0,30595.0,30173.0,29434.0,28671.0,27980.0,27092.0,26359.0,25937.0,25465.0,25124.0,25192.0,25243.0,25350.0,25391.0,25395.0,25437.0,25548.0,25417.0,25304.0,25280.0,25052.0,24557.0,23851.0,22963.0,22470.0,22049.0,21618.0
영등포구 - 계,Statistics,452091.0,443919.0,432060.0,416050.0,405326.0,404017.0,403380.0,404306.0,406510.0,406860.0,408753.0,403327.0,406261.0,408386.0,408698.0,408178.0,408099.0,405798.0,406833.0,397443.0,391408.0,386471.0,382352.0,378504.0,370613.0,368550.0,367778.0,367678.0,379480.0,376837.0,375675.0,374794.0,373773.0
영등포구 - 남,Statistics,228869.0,224892.0,219124.0,210924.0,205383.0,204710.0,203862.0,204616.0,206354.0,206761.0,207424.0,204446.0,205393.0,206376.0,206343.0,205976.0,205732.0,204349.0,205106.0,199987.0,196765.0,193880.0,191464.0,189394.0,185200.0,183975.0,183224.0,182438.0,187647.0,185926.0,184660.0,183726.0,182802.0
영등포구 - 여,Statistics,223222.0,219027.0,212936.0,205126.0,199943.0,199307.0,199518.0,199690.0,200156.0,200099.0,201329.0,198881.0,200868.0,202010.0,202355.0,202202.0,202367.0,201449.0,201727.0,197456.0,194643.0,192591.0,190888.0,189110.0,185413.0,184575.0,184554.0,185240.0,191833.0,190911.0,191015.0,191068.0,190971.0
영암군 - 계,Statistics,68698.0,66050.0,63386.0,62388.0,64214.0,63761.0,65869.0,66018.0,65268.0,64391.0,64637.0,63267.0,62336.0,62004.0,61546.0,60742.0,60106.0,59837.0,60082.0,60139.0,59997.0,59061.0,58852.0,58137.0,57045.0,55616.0,54731.0,54593.0,53699.0,52937.0,52395.0,52350.0,51391.0
영암군 - 남,Statistics,34158.0,32857.0,31463.0,30983.0,31946.0,31738.0,33015.0,32952.0,32633.0,32276.0,32394.0,31699.0,31284.0,31139.0,30940.0,30655.0,30462.0,30425.0,30591.0,30659.0,30580.0,30083.0,30029.0,29713.0,29253.0,28502.0,28118.0,28027.0,27595.0,27485.0,27359.0,27372.0,26939.0
영암군 - 여,Statistics,34540.0,33193.0,31923.0,31405.0,32268.0,32023.0,32854.0,33066.0,32635.0,32115.0,32243.0,31568.0,31052.0,30865.0,30606.0,30087.0,29644.0,29412.0,29491.0,29480.0,29417.0,28978.0,28823.0,28424.0,27792.0,27114.0,26613.0,26566.0,26104.0,25452.0,25036.0,24978.0,24452.0
영양군 - 계,Statistics,29620.0,28387.0,27151.0,26040.0,25151.0,24276.0,23976.0,23409.0,22805.0,22172.0,21385.0,20772.0,20205.0,20025.0,19615.0,19119.0,18766.0,18553.0,18451.0,18241.0,18208.0,18297.0,18197.0,17898.0,17713.0,17479.0,17356.0,16993.0,16692.0,16320.0,16022.0,15661.0,15328.0
영양군 - 남,Statistics,14955.0,14337.0,13671.0,13048.0,12532.0,12077.0,11964.0,11672.0,11354.0,10998.0,10594.0,10260.0,9953.0,9851.0,9662.0,9422.0,9250.0,9183.0,9080.0,8982.0,8969.0,8996.0,8944.0,8803.0,8724.0,8618.0,8567.0,8419.0,8263.0,8144.0,7997.0,7805.0,7639.0
영양군 - 여,Statistics,14665.0,14050.0,13480.0,12992.0,12619.0,12199.0,12012.0,11737.0,11451.0,11174.0,10791.0,10512.0,10252.0,10174.0,9953.0,9697.0,9516.0,9370.0,9371.0,9259.0,9239.0,9301.0,9253.0,9095.0,8989.0,8861.0,8789.0,8574.0,8429.0,8176.0,8025.0,7856.0,7689.0
영월군 - 계,Statistics,58781.0,56473.0,54886.0,53398.0,51787.0,50498.0,50287.0,49746.0,48393.0,52101.0,45273.0,44027.0,42406.0,41538.0,40511.0,40290.0,40201.0,40265.0,40407.0,40199.0,40155.0,40150.0,40191.0,40216.0,40073.0,40067.0,39730.0,39127.0,38662.0,37904.0,37728.0,37332.0,36721.0
영월군 - 남,Statistics,29596.0,28420.0,27671.0,26896.0,26083.0,25478.0,25494.0,25158.0,24434.0,25721.0,22833.0,22231.0,21469.0,21096.0,20594.0,20488.0,20422.0,20468.0,20574.0,20480.0,20448.0,20478.0,20581.0,20691.0,20652.0,20639.0,20493.0,20143.0,19986.0,19626.0,19509.0,19318.0,18990.0
영월군 - 여,Statistics,29185.0,28053.0,27215.0,26502.0,25704.0,25020.0,24793.0,24588.0,23959.0,26380.0,22440.0,21796.0,20937.0,20442.0,19917.0,19802.0,19779.0,19797.0,19833.0,19719.0,19707.0,19672.0,19610.0,19525.0,19421.0,19428.0,19237.0,18984.0,18676.0,18278.0,18219.0,18014.0,17731.0
영주시 - 계,Statistics,84124.0,84673.0,85322.0,138654.0,136939.0,135230.0,134774.0,133534.0,131175.0,128707.0,126040.0,123806.0,121513.0,119098.0,116965.0,115083.0,113930.0,113309.0,113926.0,114148.0,113547.0,112625.0,110780.0,109735.0,109247.0,108371.0,106801.0,105067.0,103119.0,101942.0,100749.0,100199.0,98870.0
영주시 - 남,Statistics,41934.0,42196.0,42494.0,69500.0,68580.0,67536.0,67462.0,66937.0,65724.0,64395.0,63135.0,61968.0,60812.0,59583.0,58425.0,57397.0,56785.0,56481.0,56713.0,56759.0,56442.0,56102.0,55109.0,54518.0,54245.0,53737.0,52941.0,52060.0,51070.0,50591.0,49920.0,49730.0,49141.0
영주시 - 여,Statistics,42190.0,42477.0,42828.0,69154.0,68359.0,67694.0,67312.0,66597.0,65451.0,64312.0,62905.0,61838.0,60701.0,59515.0,58540.0,57686.0,57145.0,56828.0,57213.0,57389.0,57105.0,56523.0,55671.0,55217.0,55002.0,54634.0,53860.0,53007.0,52049.0,51351.0,50829.0,50469.0,49729.0
영천시 - 계,Statistics,51396.0,53695.0,54560.0,123069.0,121560.0,121198.0,122609.0,121930.0,119639.0,117991.0,115401.0,112423.0,109520.0,107337.0,105029.0,105819.0,104022.0,103115.0,103190.0,104182.0,101798.0,100778.0,100689.0,100648.0,100521.0,100615.0,101595.0,102470.0,102015.0,101888.0,101088.0,100212.0,98143.0
영천시 - 남,Statistics,25541.0,26661.0,27043.0,61536.0,60681.0,60482.0,61317.0,60959.0,59849.0,59047.0,57803.0,56266.0,54818.0,53683.0,52584.0,52896.0,52090.0,51813.0,51895.0,52547.0,51337.0,50743.0,50619.0,50641.0,50644.0,50857.0,51453.0,52100.0,51812.0,51737.0,51406.0,51137.0,50226.0
영천시 - 여,Statistics,25855.0,27034.0,27517.0,61533.0,60879.0,60716.0,61292.0,60971.0,59790.0,58944.0,57598.0,56157.0,54702.0,53654.0,52445.0,52923.0,51932.0,51302.0,51295.0,51635.0,50461.0,50035.0,50070.0,50007.0,49877.0,49758.0,50142.0,50370.0,50203.0,50151.0,49682.0,49075.0,47917.0
예산군 - 계,Statistics,116732.0,114566.0,112050.0,109962.0,108029.0,106248.0,105346.0,103763.0,101432.0,100289.0,97786.0,95029.0,91832.0,90740.0,89585.0,88670.0,88144.0,87163.0,87002.0,86421.0,85876.0,85205.0,84919.0,83484.0,81339.0,80338.0,80083.0,79238.0,78084.0,76801.0,77385.0,78354.0,78772.0
예산군 - 남,Statistics,58621.0,57531.0,56110.0,55000.0,53956.0,53051.0,52662.0,52038.0,50762.0,50175.0,48935.0,47586.0,46043.0,45503.0,44949.0,44560.0,44239.0,43783.0,43675.0,43335.0,43033.0,42660.0,42506.0,41870.0,40827.0,40280.0,40171.0,39806.0,39156.0,38574.0,38848.0,39285.0,39533.0
예산군 - 여,Statistics,58111.0,57035.0,55940.0,54962.0,54073.0,53197.0,52684.0,51725.0,50670.0,50114.0,48851.0,47443.0,45789.0,45237.0,44636.0,44110.0,43905.0,43380.0,43327.0,43086.0,42843.0,42545.0,42413.0,41614.0,40512.0,40058.0,39912.0,39432.0,38928.0,38227.0,38537.0,39069.0,39239.0
예천군 - 계,Statistics,76467.0,73055.0,70506.0,68306.0,66508.0,64643.0,63681.0,61828.0,59885.0,58081.0,55746.0,53649.0,52132.0,50951.0,50218.0,48866.0,47993.0,47306.0,47049.0,46579.0,46027.0,45573.0,45104.0,44674.0,46166.0,49253.0,53274.0,55100.0,55613.0,55739.0,55755.0,55325.0,54609.0
예천군 - 남,Statistics,37664.0,36090.0,34883.0,33784.0,32929.0,31937.0,31458.0,30616.0,29648.0,28729.0,27504.0,26466.0,25696.0,25084.0,24811.0,24209.0,23780.0,23427.0,23246.0,22938.0,22640.0,22395.0,22145.0,21895.0,22663.0,24246.0,26170.0,27032.0,27352.0,27391.0,27400.0,27224.0,26929.0
예천군 - 여,Statistics,38803.0,36965.0,35623.0,34522.0,33579.0,32706.0,32223.0,31212.0,30237.0,29352.0,28242.0,27183.0,26436.0,25867.0,25407.0,24657.0,24213.0,23879.0,23803.0,23641.0,23387.0,23178.0,22959.0,22779.0,23503.0,25007.0,27104.0,28068.0,28261.0,28348.0,28355.0,28101.0,27680.0
오산시 - 계,Statistics,60967.0,62615.0,63348.0,69562.0,72518.0,75344.0,76638.0,84843.0,105933.0,114540.0,115956.0,118167.0,121326.0,129843.0,136311.0,145825.0,150237.0,159734.0,182516.0,193892.0,200291.0,205460.0,208565.0,206828.0,208656.0,213437.0,220070.0,226379.0,229725.0,229983.0,229849.0,229656.0,242065.0
오산시 - 남,Statistics,30955.0,31769.0,32210.0,35375.0,36890.0,38276.0,38947.0,42966.0,53678.0,58005.0,58761.0,59976.0,61679.0,66060.0,69321.0,74319.0,76628.0,81570.0,93054.0,98983.0,102396.0,105145.0,106843.0,105966.0,107056.0,109620.0,113237.0,116904.0,118785.0,119409.0,119646.0,119722.0,126193.0
오산시 - 여,Statistics,30012.0,30846.0,31138.0,34187.0,35628.0,37068.0,37691.0,41877.0,52255.0,56535.0,57195.0,58191.0,59647.0,63783.0,66990.0,71506.0,73609.0,78164.0,89462.0,94909.0,97895.0,100315.0,101722.0,100862.0,101600.0,103817.0,106833.0,109475.0,110940.0,110574.0,110203.0,109934.0,115872.0
옥천군 - 계,Statistics,69031.0,67312.0,65519.0,64694.0,63703.0,63075.0,62708.0,61845.0,60798.0,59515.0,58461.0,57505.0,56634.0,55610.0,54923.0,54608.0,54475.0,54117.0,54025.0,53496.0,53244.0,52763.0,52469.0,52404.0,52267.0,51766.0,51465.0,51023.0,50527.0,50093.0,49520.0,48891.0,48204.0
옥천군 - 남,Statistics,34649.0,33751.0,32831.0,32440.0,31958.0,31656.0,31486.0,31109.0,30571.0,29975.0,29457.0,28970.0,28579.0,28083.0,27695.0,27554.0,27468.0,27256.0,27174.0,26965.0,26784.0,26557.0,26369.0,26334.0,26251.0,26049.0,25911.0,25707.0,25489.0,25242.0,24974.0,24718.0,24384.0
옥천군 - 여,Statistics,34382.0,33561.0,32688.0,32254.0,31745.0,31419.0,31222.0,30736.0,30227.0,29540.0,29004.0,28535.0,28055.0,27527.0,27228.0,27054.0,27007.0,26861.0,26851.0,26531.0,26460.0,26206.0,26100.0,26070.0,26016.0,25717.0,25554.0,25316.0,25038.0,24851.0,24546.0,24173.0,23820.0
옹진군 - 계,Statistics,,,,13477.0,13319.0,13341.0,13920.0,14056.0,14008.0,14050.0,14120.0,14270.0,14820.0,15609.0,16491.0,16980.0,17376.0,18221.0,18739.0,19485.0,20039.0,20698.0,20703.0,20962.0,21351.0,21573.0,21036.0,20566.0,20455.0,20342.0,20613.0,20377.0,19996.0
옹진군 - 남,Statistics,,,,6724.0,6679.0,6739.0,7027.0,7124.0,7129.0,7169.0,7214.0,7321.0,7651.0,8079.0,8657.0,9006.0,9278.0,9772.0,10104.0,10641.0,11200.0,11691.0,11594.0,11878.0,12155.0,12225.0,11928.0,11678.0,11641.0,11598.0,11768.0,11643.0,11353.0
옹진군 - 여,Statistics,,,,6753.0,6640.0,6602.0,6893.0,6932.0,6879.0,6881.0,6906.0,6949.0,7169.0,7530.0,7834.0,7974.0,8098.0,8449.0,8635.0,8844.0,8839.0,9007.0,9109.0,9084.0,9196.0,9348.0,9108.0,8888.0,8814.0,8744.0,8845.0,8734.0,8643.0
완도군 - 계,Statistics,82564.0,79255.0,76216.0,74015.0,71374.0,69409.0,68915.0,68833.0,66978.0,65397.0,62964.0,61145.0,59950.0,58841.0,57464.0,56201.0,54999.0,54301.0,54269.0,54037.0,53871.0,53619.0,53174.0,53014.0,52668.0,52109.0,51477.0,50689.0,49916.0,48631.0,47597.0,46641.0,45631.0
완도군 - 남,Statistics,41639.0,39874.0,38352.0,37175.0,35779.0,34670.0,34437.0,34461.0,33417.0,32561.0,31224.0,30422.0,29860.0,29315.0,28608.0,27965.0,27312.0,26916.0,26927.0,26799.0,26782.0,26662.0,26453.0,26430.0,26285.0,26092.0,25822.0,25457.0,25099.0,24475.0,24017.0,23545.0,23072.0
완도군 - 여,Statistics,40925.0,39381.0,37864.0,36840.0,35595.0,34739.0,34478.0,34372.0,33561.0,32836.0,31740.0,30723.0,30090.0,29526.0,28856.0,28236.0,27687.0,27385.0,27342.0,27238.0,27089.0,26957.0,26721.0,26584.0,26383.0,26017.0,25655.0,25232.0,24817.0,24156.0,23580.0,23096.0,22559.0
완주군 - 계,Statistics,89426.0,87522.0,85917.0,86461.0,85354.0,86055.0,86138.0,85540.0,84009.0,86719.0,84626.0,83649.0,82482.0,83651.0,83199.0,82972.0,83757.0,83885.0,85119.0,84660.0,86164.0,86978.0,90377.0,95303.0,95480.0,95975.0,94444.0,92220.0,91609.0,91142.0,92422.0,97827.0,99279.0
완주군 - 남,Statistics,45119.0,44191.0,43366.0,43942.0,43524.0,43848.0,43991.0,43738.0,43039.0,44259.0,43319.0,42831.0,42323.0,43102.0,42953.0,42857.0,43257.0,43210.0,43775.0,43389.0,44165.0,44635.0,46425.0,48889.0,48950.0,49282.0,48457.0,47290.0,47077.0,46845.0,47529.0,50192.0,50965.0
완주군 - 여,Statistics,44307.0,43331.0,42551.0,42519.0,41830.0,42207.0,42147.0,41802.0,40970.0,42460.0,41307.0,40818.0,40159.0,40549.0,40246.0,40115.0,40500.0,40675.0,41344.0,41271.0,41999.0,42343.0,43952.0,46414.0,46530.0,46693.0,45987.0,44930.0,44532.0,44297.0,44893.0,47635.0,48314.0
용산구 - 계,Statistics,280671.0,271379.0,264188.0,254579.0,247694.0,238304.0,239282.0,237489.0,240087.0,241033.0,234653.0,231871.0,230107.0,230260.0,232035.0,235832.0,238224.0,238708.0,244853.0,246501.0,243232.0,239740.0,235951.0,233342.0,230241.0,229161.0,228999.0,228670.0,230040.0,222953.0,218650.0,213151.0,203854.0
용산구 - 남,Statistics,140424.0,135727.0,131830.0,126809.0,123294.0,118601.0,118709.0,117775.0,118935.0,119405.0,116242.0,114602.0,113512.0,113158.0,114041.0,115865.0,116781.0,116954.0,119482.0,120183.0,118461.0,116491.0,114578.0,113177.0,111601.0,110878.0,110640.0,110356.0,110722.0,107210.0,105087.0,102312.0,97469.0
용산구 - 여,Statistics,140247.0,135652.0,132358.0,127770.0,124400.0,119703.0,120573.0,119714.0,121152.0,121628.0,118411.0,117269.0,116595.0,117102.0,117994.0,119967.0,121443.0,121754.0,125371.0,126318.0,124771.0,123249.0,121373.0,120165.0,118640.0,118283.0,118359.0,118314.0,119318.0,115743.0,113563.0,110839.0,106385.0
용인시 - 계,Statistics,,,,,270517.0,300670.0,318393.0,357126.0,392133.0,451670.0,525622.0,575255.0,640452.0,693660.0,766569.0,800294.0,816763.0,839204.0,876550.0,896044.0,915959.0,941477.0,961026.0,975746.0,991126.0,1004081.0,1035126.0,1059609.0,1074176.0,1077508.0,1074971.0,1075566.0,1085864.0
용인시 - 남,Statistics,,,,,139181.0,153690.0,162291.0,181480.0,198979.0,228829.0,265005.0,289323.0,321133.0,347191.0,382538.0,399180.0,407046.0,417548.0,436342.0,445667.0,455451.0,467945.0,477759.0,484727.0,492374.0,498923.0,514127.0,525946.0,532847.0,534459.0,533323.0,533387.0,538049.0
용인시 - 여,Statistics,,,,,131336.0,146980.0,156102.0,175646.0,193154.0,222841.0,260617.0,285932.0,319319.0,346469.0,384031.0,401114.0,409717.0,421656.0,440208.0,450377.0,460508.0,473532.0,483267.0,491019.0,498752.0,505158.0,520999.0,533663.0,541329.0,543049.0,541648.0,542179.0,547815.0
울릉군 - 계,Statistics,12462.0,11769.0,11421.0,11243.0,10800.0,10522.0,10724.0,10421.0,10241.0,9944.0,9615.0,9245.0,9191.0,9538.0,10235.0,10125.0,10168.0,10325.0,10701.0,10742.0,10673.0,10524.0,10264.0,10153.0,10001.0,9975.0,9832.0,9617.0,9077.0,8867.0,8996.0,9077.0,9099.0
울릉군 - 남,Statistics,6386.0,6063.0,5878.0,5804.0,5560.0,5425.0,5541.0,5396.0,5272.0,5103.0,4928.0,4772.0,4771.0,4990.0,5365.0,5282.0,5286.0,5393.0,5622.0,5634.0,5641.0,5573.0,5477.0,5435.0,5430.0,5441.0,5328.0,5230.0,4956.0,4851.0,4976.0,5033.0,5121.0
울릉군 - 여,Statistics,6076.0,5706.0,5543.0,5439.0,5240.0,5097.0,5183.0,5025.0,4969.0,4841.0,4687.0,4473.0,4420.0,4548.0,4870.0,4843.0,4882.0,4932.0,5079.0,5108.0,5032.0,4951.0,4787.0,4718.0,4571.0,4534.0,4504.0,4387.0,4121.0,4016.0,4020.0,4044.0,3978.0
울산광역시 - 계,Statistics,,,,,,1009652.0,1015249.0,1024336.0,1040225.0,1055618.0,1065037.0,1072867.0,1081453.0,1087648.0,1092494.0,1099995.0,1112407.0,1114866.0,1126298.0,1135494.0,1147256.0,1156480.0,1166377.0,1173534.0,1172304.0,1165132.0,1155623.0,1148019.0,1136017.0,1121592.0,1110663.0,1103661.0,1098049.0
울산광역시 - 남,Statistics,,,,,,518930.0,520696.0,525098.0,533559.0,541907.0,546847.0,551084.0,555660.0,558866.0,561611.0,565897.0,572815.0,573607.0,579071.0,583825.0,590424.0,595319.0,600904.0,604889.0,603797.0,599480.0,593819.0,589712.0,583708.0,576217.0,570368.0,567153.0,564888.0
울산광역시 - 여,Statistics,,,,,,490722.0,494553.0,499238.0,506666.0,513711.0,518190.0,521783.0,525793.0,528782.0,530883.0,534098.0,539592.0,541259.0,547227.0,551669.0,556832.0,561161.0,565473.0,568645.0,568507.0,565652.0,561804.0,558307.0,552309.0,545375.0,540295.0,536508.0,533161.0
울주군 - 계,Statistics,,,,,,148363.0,154972.0,161067.0,164761.0,170265.0,171321.0,173843.0,174350.0,174353.0,177103.0,183261.0,191687.0,195399.0,201000.0,204680.0,207840.0,208646.0,214392.0,219429.0,219255.0,220718.0,221842.0,223167.0,222538.0,222059.0,221512.0,218997.0,218806.0
울주군 - 남,Statistics,,,,,,75570.0,78589.0,82065.0,83934.0,86735.0,87486.0,88861.0,89102.0,89148.0,90638.0,93811.0,98249.0,100289.0,103304.0,105343.0,107001.0,107413.0,110330.0,112947.0,112895.0,113851.0,114514.0,115145.0,114918.0,114744.0,114582.0,113351.0,113337.0
울주군 - 여,Statistics,,,,,,72793.0,76383.0,79002.0,80827.0,83530.0,83835.0,84982.0,85248.0,85205.0,86465.0,89450.0,93438.0,95110.0,97696.0,99337.0,100839.0,101233.0,104062.0,106482.0,106360.0,106867.0,107328.0,108022.0,107620.0,107315.0,106930.0,105646.0,105469.0
울진군 - 계,Statistics,71061.0,70182.0,70718.0,70717.0,70343.0,69145.0,68342.0,67259.0,66298.0,65688.0,63511.0,61031.0,58590.0,56707.0,55076.0,53955.0,53042.0,52529.0,52430.0,52045.0,51844.0,51953.0,52104.0,51885.0,51738.0,50974.0,50036.0,49314.0,48716.0,47858.0,47030.0,46669.0,46124.0
울진군 - 남,Statistics,35015.0,34648.0,35109.0,35142.0,35008.0,34417.0,34022.0,33454.0,32912.0,32586.0,31486.0,30190.0,28881.0,27903.0,27090.0,26584.0,26110.0,25857.0,25778.0,25504.0,25507.0,25642.0,25825.0,25813.0,25847.0,25463.0,24983.0,24658.0,24441.0,24026.0,23687.0,23553.0,23392.0
울진군 - 여,Statistics,36046.0,35534.0,35609.0,35575.0,35335.0,34728.0,34320.0,33805.0,33386.0,33102.0,32025.0,30841.0,29709.0,28804.0,27986.0,27371.0,26932.0,26672.0,26652.0,26541.0,26337.0,26311.0,26279.0,26072.0,25891.0,25511.0,25053.0,24656.0,24275.0,23832.0,23343.0,23116.0,22732.0
원주시 - 계,Statistics,171356.0,175910.0,179828.0,237537.0,244535.0,254271.0,260355.0,265073.0,270009.0,274266.0,276889.0,280738.0,284628.0,288454.0,294155.0,298762.0,303975.0,307882.0,314678.0,320536.0,323885.0,324837.0,327292.0,332995.0,337979.0,341337.0,344070.0,349215.0,354376.0,357757.0,360807.0,361503.0,362164.0
원주시 - 남,Statistics,85059.0,87306.0,89211.0,118552.0,122141.0,127008.0,130143.0,132416.0,134837.0,136976.0,138224.0,140036.0,141859.0,143833.0,146694.0,149066.0,151626.0,153495.0,156741.0,159522.0,161117.0,161588.0,162734.0,165547.0,167854.0,169742.0,171048.0,173425.0,175939.0,177396.0,178880.0,179115.0,179228.0
원주시 - 여,Statistics,86297.0,88604.0,90617.0,118985.0,122394.0,127263.0,130212.0,132657.0,135172.0,137290.0,138665.0,140702.0,142769.0,144621.0,147461.0,149696.0,152349.0,154387.0,157937.0,161014.0,162768.0,163249.0,164558.0,167448.0,170125.0,171595.0,173022.0,175790.0,178437.0,180361.0,181927.0,182388.0,182936.0
유성구 - 계,Statistics,69442.0,87385.0,104999.0,119639.0,136972.0,144497.0,150016.0,153501.0,157638.0,171732.0,187346.0,193974.0,203478.0,220767.0,243130.0,250523.0,259831.0,266585.0,281692.0,294353.0,306312.0,313968.0,327461.0,335312.0,343222.0,348428.0,349790.0,349373.0,351047.0,351277.0,356093.0,366845.0,369468.0
유성구 - 남,Statistics,35934.0,45126.0,53596.0,61101.0,69836.0,73615.0,76291.0,78093.0,80122.0,87283.0,95055.0,98340.0,103166.0,111634.0,122922.0,126492.0,131143.0,134497.0,142156.0,148403.0,154669.0,158541.0,165264.0,169079.0,173072.0,175744.0,176412.0,176415.0,177240.0,177463.0,180166.0,185786.0,187149.0
유성구 - 여,Statistics,33508.0,42259.0,51403.0,58538.0,67136.0,70882.0,73725.0,75408.0,77516.0,84449.0,92291.0,95634.0,100312.0,109133.0,120208.0,124031.0,128688.0,132088.0,139536.0,145950.0,151643.0,155427.0,162197.0,166233.0,170150.0,172684.0,173378.0,172958.0,173807.0,173814.0,175927.0,181059.0,182319.0
은평구 - 계,Statistics,506694.0,511461.0,510944.0,502310.0,497417.0,490500.0,479841.0,472464.0,469417.0,467719.0,470205.0,474778.0,478087.0,470751.0,464580.0,459196.0,458401.0,465895.0,488109.0,493634.0,501480.0,503660.0,498644.0,497920.0,491476.0,486794.0,483197.0,480032.0,479835.0,473307.0,466746.0,466770.0,460919.0
은평구 - 남,Statistics,251084.0,253436.0,252938.0,248884.0,246605.0,243235.0,238157.0,234867.0,233400.0,232828.0,233910.0,235970.0,237265.0,233418.0,230143.0,227286.0,226636.0,229728.0,240536.0,242779.0,246318.0,246858.0,243977.0,242975.0,239183.0,236353.0,233702.0,231528.0,230279.0,226458.0,222592.0,221725.0,218214.0
은평구 - 여,Statistics,255610.0,258025.0,258006.0,253426.0,250812.0,247265.0,241684.0,237597.0,236017.0,234891.0,236295.0,238808.0,240822.0,237333.0,234437.0,231910.0,231765.0,236167.0,247573.0,250855.0,255162.0,256802.0,254667.0,254945.0,252293.0,250441.0,249495.0,248504.0,249556.0,246849.0,244154.0,245045.0,242705.0
음성군 - 계,Statistics,80009.0,81298.0,81578.0,83682.0,85345.0,87104.0,87023.0,87747.0,87956.0,87289.0,86562.0,85771.0,85638.0,85969.0,86789.0,88355.0,89542.0,89716.0,91093.0,91644.0,92980.0,93505.0,95324.0,96396.0,97787.0,97306.0,95830.0,94982.0,93153.0,92197.0,92058.0,91183.0,91236.0
음성군 - 남,Statistics,40964.0,41721.0,41676.0,42768.0,43710.0,44664.0,44611.0,44999.0,45045.0,44840.0,44546.0,44259.0,44340.0,44561.0,45029.0,45962.0,46643.0,46903.0,47768.0,48030.0,48743.0,48991.0,49919.0,50648.0,51372.0,51156.0,50546.0,50264.0,49388.0,48883.0,48849.0,48454.0,48618.0
음성군 - 여,Statistics,39045.0,39577.0,39902.0,40914.0,41635.0,42440.0,42412.0,42748.0,42911.0,42449.0,42016.0,41512.0,41298.0,41408.0,41760.0,42393.0,42899.0,42813.0,43325.0,43614.0,44237.0,44514.0,45405.0,45748.0,46415.0,46150.0,45284.0,44718.0,43765.0,43314.0,43209.0,42729.0,42618.0
의령군 - 계,Statistics,42716.0,41425.0,40023.0,39097.0,37711.0,36812.0,36265.0,35384.0,34490.0,33494.0,32751.0,32766.0,32371.0,31099.0,31625.0,31418.0,30734.0,30496.0,30162.0,30045.0,30329.0,29417.0,29209.0,28544.0,28111.0,27849.0,27667.0,27168.0,26800.0,26322.0,26061.0,25475.0,25150.0
의령군 - 남,Statistics,20814.0,20203.0,19482.0,18975.0,18226.0,17703.0,17422.0,16996.0,16495.0,16023.0,15684.0,15676.0,15487.0,14912.0,15147.0,15071.0,14734.0,14635.0,14486.0,14452.0,14582.0,14193.0,14081.0,13700.0,13562.0,13478.0,13418.0,13242.0,13140.0,12966.0,12893.0,12668.0,12546.0
의령군 - 여,Statistics,21902.0,21222.0,20541.0,20122.0,19485.0,19109.0,18843.0,18388.0,17995.0,17471.0,17067.0,17090.0,16884.0,16187.0,16478.0,16347.0,16000.0,15861.0,15676.0,15593.0,15747.0,15224.0,15128.0,14844.0,14549.0,14371.0,14249.0,13926.0,13660.0,13356.0,13168.0,12807.0,12604.0
의성군 - 계,Statistics,96598.0,93233.0,89786.0,86169.0,83552.0,81533.0,80559.0,78866.0,76327.0,73872.0,70863.0,68372.0,66124.0,64457.0,62947.0,61366.0,60033.0,59109.0,58832.0,57744.0,57043.0,56064.0,55212.0,54477.0,54014.0,53474.0,52944.0,52595.0,51724.0,50632.0,50186.0,50086.0,48690.0
의성군 - 남,Statistics,48671.0,47039.0,45135.0,43267.0,41792.0,40662.0,40053.0,39158.0,37776.0,36542.0,34989.0,33726.0,32583.0,31766.0,30957.0,30225.0,29591.0,29102.0,28885.0,28329.0,27932.0,27399.0,26922.0,26575.0,26334.0,26102.0,25838.0,25720.0,25265.0,24796.0,24709.0,24808.0,24244.0
의성군 - 여,Statistics,47927.0,46194.0,44651.0,42902.0,41760.0,40871.0,40506.0,39708.0,38551.0,37330.0,35874.0,34646.0,33541.0,32691.0,31990.0,31141.0,30442.0,30007.0,29947.0,29415.0,29111.0,28665.0,28290.0,27902.0,27680.0,27372.0,27106.0,26875.0,26459.0,25836.0,25477.0,25278.0,24446.0
의왕시 - 계,Statistics,97641.0,95481.0,105376.0,109752.0,111562.0,114311.0,115505.0,116300.0,121292.0,124191.0,133395.0,143388.0,145535.0,145952.0,138253.0,135009.0,134488.0,140874.0,147443.0,149607.0,154757.0,159772.0,158482.0,157740.0,156763.0,155767.0,153932.0,161153.0,163795.0,163356.0,160221.0,158870.0,154488.0
의왕시 - 남,Statistics,49304.0,48247.0,53221.0,55567.0,56555.0,57967.0,58592.0,59008.0,61615.0,62892.0,67301.0,72321.0,73296.0,73448.0,69667.0,68031.0,67757.0,70878.0,74185.0,75003.0,77506.0,79919.0,79245.0,78794.0,78304.0,77736.0,76834.0,80353.0,81470.0,81148.0,79417.0,78829.0,76489.0
의왕시 - 여,Statistics,48337.0,47234.0,52155.0,54185.0,55007.0,56344.0,56913.0,57292.0,59677.0,61299.0,66094.0,71067.0,72239.0,72504.0,68586.0,66978.0,66731.0,69996.0,73258.0,74604.0,77251.0,79853.0,79237.0,78946.0,78459.0,78031.0,77098.0,80800.0,82325.0,82208.0,80804.0,80041.0,77999.0
의정부시 - 계,Statistics,237811.0,253876.0,269701.0,281184.0,290326.0,306585.0,327965.0,344780.0,361131.0,367171.0,378424.0,394803.0,397612.0,402410.0,410938.0,421853.0,430849.0,431008.0,431801.0,430400.0,429147.0,430976.0,431112.0,433937.0,438457.0,441584.0,447026.0,451868.0,461710.0,463661.0,463724.0,464213.0,461271.0
의정부시 - 남,Statistics,119079.0,126973.0,134989.0,140910.0,145260.0,153168.0,163812.0,172289.0,180341.0,183398.0,188754.0,196534.0,197664.0,199896.0,204114.0,209353.0,213550.0,213596.0,213839.0,213071.0,212373.0,213109.0,212947.0,214396.0,216400.0,217944.0,220360.0,222590.0,227342.0,228538.0,228107.0,228163.0,226449.0
의정부시 - 여,Statistics,118732.0,126903.0,134712.0,140274.0,145066.0,153417.0,164153.0,172491.0,180790.0,183773.0,189670.0,198269.0,199948.0,202514.0,206824.0,212500.0,217299.0,217412.0,217962.0,217329.0,216774.0,217867.0,218165.0,219541.0,222057.0,223640.0,226666.0,229278.0,234368.0,235123.0,235617.0,236050.0,234822.0
이천시 - 계,Statistics,,,,,160479.0,171108.0,175400.0,180285.0,183605.0,187274.0,189526.0,190753.0,190808.0,192271.0,194369.0,195691.0,196633.0,197496.0,202595.0,204566.0,204917.0,205479.0,205014.0,204935.0,210359.0,213142.0,214206.0,215834.0,218388.0,223177.0,222721.0,222098.0,222443.0
이천시 - 남,Statistics,,,,,81630.0,87122.0,89090.0,91327.0,92885.0,94665.0,95825.0,96041.0,96154.0,97268.0,98605.0,99291.0,99731.0,100018.0,102648.0,103617.0,103896.0,104253.0,104008.0,104066.0,107044.0,108815.0,109878.0,111244.0,112947.0,115727.0,115925.0,115622.0,116044.0
이천시 - 여,Statistics,,,,,78849.0,83986.0,86310.0,88958.0,90720.0,92609.0,93701.0,94712.0,94654.0,95003.0,95764.0,96400.0,96902.0,97478.0,99947.0,100949.0,101021.0,101226.0,101006.0,100869.0,103315.0,104327.0,104328.0,104590.0,105441.0,107450.0,106796.0,106476.0,106399.0
익산시 - 계,Statistics,209459.0,216655.0,222381.0,328152.0,328162.0,330310.0,333788.0,335277.0,334324.0,334757.0,330101.0,325238.0,322378.0,318506.0,315094.0,313590.0,309269.0,306669.0,307289.0,309804.0,306469.0,306539.0,304117.0,302061.0,300479.0,300187.0,294062.0,287771.0,282276.0,278113.0,273697.0,270036.0,268001.0
익산시 - 남,Statistics,103093.0,106802.0,109584.0,162973.0,162923.0,164103.0,165995.0,166861.0,166602.0,166837.0,164595.0,162290.0,160934.0,159043.0,157548.0,156648.0,154648.0,153348.0,153673.0,155042.0,153203.0,153261.0,151864.0,150621.0,149740.0,149587.0,146494.0,143392.0,140573.0,138427.0,136330.0,134381.0,133433.0
익산시 - 여,Statistics,106366.0,109853.0,112797.0,165179.0,165239.0,166207.0,167793.0,168416.0,167722.0,167920.0,165506.0,162948.0,161444.0,159463.0,157546.0,156942.0,154621.0,153321.0,153616.0,154762.0,153266.0,153278.0,152253.0,151440.0,150739.0,150600.0,147568.0,144379.0,141703.0,139686.0,137367.0,135655.0,134568.0
인제군 - 계,Statistics,35686.0,35251.0,35306.0,35079.0,34670.0,34187.0,34288.0,34090.0,33618.0,33092.0,32447.0,32092.0,32443.0,32811.0,32493.0,32079.0,31620.0,31452.0,31842.0,31970.0,32456.0,32517.0,32475.0,33255.0,32720.0,32582.0,32136.0,31672.0,31694.0,32165.0,32206.0,32020.0,31535.0
인제군 - 남,Statistics,18008.0,17830.0,17952.0,17923.0,17749.0,17483.0,17600.0,17518.0,17308.0,16976.0,16697.0,16635.0,16843.0,17144.0,16984.0,16829.0,16545.0,16382.0,16717.0,17014.0,17379.0,17345.0,17287.0,18020.0,17677.0,17579.0,17349.0,17143.0,17084.0,17461.0,17529.0,17422.0,17194.0
인제군 - 여,Statistics,17678.0,17421.0,17354.0,17156.0,16921.0,16704.0,16688.0,16572.0,16310.0,16116.0,15750.0,15457.0,15600.0,15667.0,15509.0,15250.0,15075.0,15070.0,15125.0,14956.0,15077.0,15172.0,15188.0,15235.0,15043.0,15003.0,14787.0,14529.0,14610.0,14704.0,14677.0,14598.0,14341.0
인천광역시 - 계,Statistics,2065866.0,2138426.0,2200769.0,2353073.0,2391824.0,2445613.0,2485199.0,2509086.0,2545769.0,2564598.0,2577989.0,2570194.0,2578817.0,2600495.0,2624391.0,2664576.0,2692696.0,2710579.0,2758296.0,2801274.0,2843981.0,2879782.0,2902608.0,2925815.0,2943069.0,2948542.0,2954642.0,2957026.0,2942828.0,2948375.0,2967314.0,2997410.0,3021010.0
인천광역시 - 남,Statistics,1042541.0,1078845.0,1110814.0,1187620.0,1206978.0,1233907.0,1253485.0,1266057.0,1284769.0,1294400.0,1301499.0,1296989.0,1300343.0,1310759.0,1323375.0,1342975.0,1356473.0,1364809.0,1390356.0,1410980.0,1431593.0,1448835.0,1459074.0,1469869.0,1477671.0,1479597.0,1481844.0,1482249.0,1473943.0,1476373.0,1485175.0,1499016.0,1509243.0
인천광역시 - 여,Statistics,1023325.0,1059581.0,1089955.0,1165453.0,1184846.0,1211706.0,1231714.0,1243029.0,1261000.0,1270198.0,1276490.0,1273205.0,1278474.0,1289736.0,1301016.0,1321601.0,1336223.0,1345770.0,1367940.0,1390294.0,1412388.0,1430947.0,1443534.0,1455946.0,1465398.0,1468945.0,1472798.0,1474777.0,1468885.0,1472002.0,1482139.0,1498394.0,1511767.0
임실군 - 계,Statistics,50234.0,47953.0,46055.0,44612.0,42984.0,41326.0,40519.0,39265.0,37514.0,37439.0,35071.0,34283.0,33008.0,32511.0,31976.0,31952.0,31133.0,30703.0,30593.0,30789.0,29956.0,29739.0,29966.0,30271.0,30197.0,30162.0,30072.0,28902.0,27314.0,26730.0,26508.0,25956.0,25577.0
임실군 - 남,Statistics,25078.0,23975.0,23050.0,22403.0,21569.0,20748.0,20335.0,19687.0,18868.0,18746.0,17634.0,17183.0,16602.0,16436.0,16186.0,16108.0,15755.0,15514.0,15488.0,15643.0,15161.0,15027.0,15197.0,15368.0,15387.0,15391.0,15288.0,14659.0,13966.0,13692.0,13586.0,13354.0,13202.0
임실군 - 여,Statistics,25156.0,23978.0,23005.0,22209.0,21415.0,20578.0,20184.0,19578.0,18646.0,18693.0,17437.0,17100.0,16406.0,16075.0,15790.0,15844.0,15378.0,15189.0,15105.0,15146.0,14795.0,14712.0,14769.0,14903.0,14810.0,14771.0,14784.0,14243.0,13348.0,13038.0,12922.0,12602.0,12375.0
장성군 - 계,Statistics,61339.0,58838.0,57327.0,58898.0,58321.0,57664.0,56992.0,56462.0,55986.0,54687.0,52542.0,51493.0,50200.0,49165.0,47870.0,47410.0,46602.0,46214.0,46514.0,46245.0,46289.0,46292.0,46273.0,46360.0,46104.0,46111.0,45795.0,45739.0,44464.0,43365.0,43146.0,42543.0,42026.0
장성군 - 남,Statistics,30560.0,29459.0,28666.0,29592.0,29383.0,29007.0,28730.0,28444.0,28074.0,27439.0,26416.0,25899.0,25320.0,24878.0,24265.0,24111.0,23760.0,23577.0,23659.0,23543.0,23472.0,23385.0,23345.0,23394.0,23275.0,23300.0,23205.0,23489.0,22781.0,22206.0,22162.0,21892.0,21548.0
장성군 - 여,Statistics,30779.0,29379.0,28661.0,29306.0,28938.0,28657.0,28262.0,28018.0,27912.0,27248.0,26126.0,25594.0,24880.0,24287.0,23605.0,23299.0,22842.0,22637.0,22855.0,22702.0,22817.0,22907.0,22928.0,22966.0,22829.0,22811.0,22590.0,22250.0,21683.0,21159.0,20984.0,20651.0,20478.0
장수군 - 계,Statistics,35446.0,33714.0,32650.0,31485.0,30632.0,29770.0,30513.0,30159.0,30051.0,30445.0,26349.0,29445.0,26788.0,24755.0,24209.0,26687.0,23864.0,23478.0,23386.0,23215.0,23191.0,23243.0,23335.0,23277.0,23628.0,23003.0,23221.0,22441.0,22085.0,21695.0,21336.0,20983.0,20663.0
장수군 - 남,Statistics,17655.0,16841.0,16331.0,15756.0,15316.0,14832.0,15102.0,14968.0,14847.0,14884.0,13123.0,14379.0,13250.0,12380.0,12139.0,13244.0,11931.0,11735.0,11653.0,11534.0,11522.0,11535.0,11558.0,11521.0,11681.0,11410.0,11533.0,11165.0,11000.0,10812.0,10718.0,10535.0,10372.0
장수군 - 여,Statistics,17791.0,16873.0,16319.0,15729.0,15316.0,14938.0,15411.0,15191.0,15204.0,15561.0,13226.0,15066.0,13538.0,12375.0,12070.0,13443.0,11933.0,11743.0,11733.0,11681.0,11669.0,11708.0,11777.0,11756.0,11947.0,11593.0,11688.0,11276.0,11085.0,10883.0,10618.0,10448.0,10291.0
장흥군 - 계,Statistics,66804.0,63968.0,61777.0,60112.0,58867.0,57500.0,56894.0,55533.0,53392.0,51738.0,50232.0,47837.0,46568.0,45542.0,44451.0,43468.0,42783.0,42097.0,42394.0,42552.0,42672.0,43004.0,43190.0,43513.0,40669.0,40136.0,39312.0,38563.0,37800.0,36547.0,35650.0,35046.0,34451.0
장흥군 - 남,Statistics,32501.0,31191.0,30172.0,29338.0,28655.0,28023.0,27765.0,27108.0,26001.0,25124.0,24232.0,23023.0,22436.0,21923.0,21421.0,20948.0,20641.0,20329.0,20509.0,20582.0,20697.0,20870.0,20961.0,21091.0,19670.0,19499.0,19085.0,18690.0,18381.0,17785.0,17402.0,17121.0,16876.0
장흥군 - 여,Statistics,34303.0,32777.0,31605.0,30774.0,30212.0,29477.0,29129.0,28425.0,27391.0,26614.0,26000.0,24814.0,24132.0,23619.0,23030.0,22520.0,22142.0,21768.0,21885.0,21970.0,21975.0,22134.0,22229.0,22422.0,20999.0,20637.0,20227.0,19873.0,19419.0,18762.0,18248.0,17925.0,17575.0
전국 - 계,Statistics,44503200.0,45001113.0,45416339.0,45858029.0,46266256.0,46684069.0,46991171.0,47335678.0,47732558.0,48021543.0,48229948.0,48386823.0,48583805.0,48782274.0,48991779.0,49268928.0,49540367.0,49773145.0,50515666.0,50734284.0,50948272.0,51141463.0,51327916.0,51529338.0,51696216.0,51778544.0,51826059.0,51849861.0,51829023.0,51638809.0,51439038.0,51325329.0,51217221.0
전국 - 남,Statistics,22345897.0,22602933.0,22814974.0,23041367.0,23242707.0,23445473.0,23594034.0,23764463.0,23962088.0,24102463.0,24200192.0,24270143.0,24363083.0,24456234.0,24557004.0,24691249.0,24822897.0,24929939.0,25310385.0,25406934.0,25504060.0,25588336.0,25669296.0,25758186.0,25827594.0,25855919.0,25866129.0,25864816.0,25841029.0,25746684.0,25636951.0,25565736.0,25498324.0
전국 - 여,Statistics,22157303.0,22398180.0,22601365.0,22816662.0,23023549.0,23238596.0,23397137.0,23571215.0,23770470.0,23919080.0,24029756.0,24116680.0,24220722.0,24326040.0,24434775.0,24577679.0,24717470.0,24843206.0,25205281.0,25327350.0,25444212.0,25553127.0,25658620.0,25771152.0,25868622.0,25922625.0,25959930.0,25985045.0,25987994.0,25892125.0,25802087.0,25759593.0,25718897.0
전라남도 - 계,Statistics,2283108.0,2235346.0,2197391.0,2185564.0,2175206.0,2163353.0,2171024.0,2155093.0,2130614.0,2099308.0,2054204.0,2017730.0,1986192.0,1967205.0,1942925.0,1929836.0,1919000.0,1913004.0,1918485.0,1914339.0,1909618.0,1907172.0,1905780.0,1908996.0,1903914.0,1896424.0,1882970.0,1868745.0,1851549.0,1832803.0,1817697.0,1804217.0,1788819.0
전라남도 - 남,Statistics,1137941.0,1113675.0,1094979.0,1089299.0,1084907.0,1078553.0,1083418.0,1075783.0,1061959.0,1045903.0,1022322.0,1004190.0,989227.0,980392.0,968861.0,963411.0,958491.0,955954.0,958624.0,956747.0,954354.0,952597.0,951975.0,953881.0,951889.0,948290.0,943000.0,937674.0,930615.0,922221.0,915272.0,909548.0,902380.0
전라남도 - 여,Statistics,1145167.0,1121671.0,1102412.0,1096265.0,1090299.0,1084800.0,1087606.0,1079310.0,1068655.0,1053405.0,1031882.0,1013540.0,996965.0,986813.0,974064.0,966425.0,960509.0,957050.0,959861.0,957592.0,955264.0,954575.0,953805.0,955115.0,952025.0,948134.0,939970.0,931071.0,920934.0,910582.0,902425.0,894669.0,886439.0
전북특별자치도 - 계,Statistics,2027454.0,2016018.0,2002899.0,2006602.0,2004345.0,2001606.0,2009250.0,2009507.0,1999255.0,2006454.0,1953846.0,1954430.0,1906742.0,1885335.0,1868365.0,1862277.0,1855772.0,1854508.0,1868963.0,1874031.0,1873341.0,1872965.0,1871560.0,1869711.0,1864791.0,1854607.0,1836832.0,1818917.0,1804104.0,1786855.0,1769607.0,1754757.0,1738690.0
전북특별자치도 - 남,Statistics,1005875.0,1001224.0,994443.0,997081.0,996201.0,994897.0,999878.0,999826.0,993967.0,995701.0,971729.0,970289.0,948697.0,938746.0,930450.0,927367.0,924770.0,924480.0,931481.0,934002.0,933386.0,932894.0,931536.0,930255.0,927505.0,922307.0,913297.0,904110.0,896874.0,888994.0,880592.0,873419.0,866030.0
전북특별자치도 - 여,Statistics,1021579.0,1014794.0,1008456.0,1009521.0,1008144.0,1006709.0,1009372.0,1009681.0,1005288.0,1010753.0,982117.0,984141.0,958045.0,946589.0,937915.0,934910.0,931002.0,930028.0,937482.0,940029.0,939955.0,940071.0,940024.0,939456.0,937286.0,932300.0,923535.0,914807.0,907230.0,897861.0,889015.0,881338.0,872660.0
전주시 - 계,Statistics,538807.0,549152.0,558121.0,569804.0,582136.0,588885.0,599196.0,610566.0,620521.0,622283.0,624485.0,618819.0,622472.0,621749.0,624849.0,623926.0,631532.0,635007.0,641525.0,645894.0,648863.0,650082.0,652877.0,652282.0,651744.0,648964.0,651091.0,654394.0,657432.0,657269.0,651495.0,642727.0,635651.0
전주시 - 남,Statistics,266038.0,271134.0,275525.0,281501.0,287640.0,291012.0,296422.0,301963.0,306763.0,307457.0,308529.0,305979.0,307510.0,307062.0,308267.0,307969.0,311493.0,313479.0,316749.0,318945.0,320457.0,320998.0,321874.0,321515.0,321048.0,319442.0,320576.0,322236.0,323542.0,323427.0,320265.0,315709.0,312053.0
전주시 - 여,Statistics,272769.0,278018.0,282596.0,288303.0,294496.0,297873.0,302774.0,308603.0,313758.0,314826.0,315956.0,312840.0,314962.0,314687.0,316582.0,315957.0,320039.0,321528.0,324776.0,326949.0,328406.0,329084.0,331003.0,330767.0,330696.0,329522.0,330515.0,332158.0,333890.0,333842.0,331230.0,327018.0,323598.0
정선군 - 계,Statistics,80121.0,72890.0,66160.0,61115.0,57350.0,54668.0,53849.0,51734.0,50572.0,49048.0,51226.0,46225.0,45419.0,44203.0,43186.0,41806.0,41269.0,40708.0,41045.0,40181.0,39915.0,39985.0,39425.0,39197.0,38718.0,38173.0,37700.0,37271.0,36870.0,35675.0,34931.0,34202.0,33515.0
정선군 - 남,Statistics,41369.0,37656.0,34123.0,31537.0,29615.0,28250.0,27814.0,26757.0,26129.0,25320.0,26087.0,23894.0,23409.0,22816.0,22361.0,21634.0,21403.0,21123.0,21286.0,20815.0,20686.0,20675.0,20387.0,20253.0,19975.0,19748.0,19595.0,19360.0,19174.0,18565.0,18264.0,17844.0,17475.0
정선군 - 여,Statistics,38752.0,35234.0,32037.0,29578.0,27735.0,26418.0,26035.0,24977.0,24443.0,23728.0,25139.0,22331.0,22010.0,21387.0,20825.0,20172.0,19866.0,19585.0,19759.0,19366.0,19229.0,19310.0,19038.0,18944.0,18743.0,18425.0,18105.0,17911.0,17696.0,17110.0,16667.0,16358.0,16040.0
정읍시 - 계,Statistics,72343.0,71926.0,72135.0,151039.0,150224.0,150343.0,150505.0,151134.0,152022.0,151813.0,139133.0,155319.0,132285.0,129050.0,126249.0,124239.0,122842.0,121545.0,122000.0,120466.0,119392.0,118328.0,117183.0,115977.0,115173.0,113776.0,112169.0,110541.0,108508.0,106487.0,105081.0,103620.0,102127.0
정읍시 - 남,Statistics,35698.0,35512.0,35530.0,74527.0,74132.0,74031.0,74241.0,74270.0,74401.0,74225.0,68522.0,75220.0,65218.0,63695.0,62449.0,61489.0,60711.0,60094.0,60396.0,59639.0,59092.0,58508.0,57922.0,57335.0,57008.0,56365.0,55529.0,54736.0,53791.0,52892.0,52272.0,51624.0,50997.0
정읍시 - 여,Statistics,36645.0,36414.0,36605.0,76512.0,76092.0,76312.0,76264.0,76864.0,77621.0,77588.0,70611.0,80099.0,67067.0,65355.0,63800.0,62750.0,62131.0,61451.0,61604.0,60827.0,60300.0,59820.0,59261.0,58642.0,58165.0,57411.0,56640.0,55805.0,54717.0,53595.0,52809.0,51996.0,51130.0
제주시 - 계,Statistics,237481.0,243014.0,248537.0,255247.0,260640.0,265856.0,270424.0,273930.0,278535.0,284498.0,289874.0,292124.0,296068.0,303499.0,403601.0,405458.0,407498.0,410378.0,417539.0,422790.0,429656.0,438165.0,448834.0,459876.0,470665.0,478700.0,485946.0,489405.0,492466.0,493096.0,493389.0,491654.0,488348.0
제주시 - 남,Statistics,117236.0,119893.0,122555.0,125828.0,128550.0,131114.0,133467.0,135175.0,137306.0,140378.0,143260.0,144312.0,146473.0,150534.0,200973.0,201884.0,203107.0,204689.0,208215.0,210873.0,214588.0,219029.0,224581.0,230223.0,235977.0,240465.0,243974.0,245533.0,246588.0,246494.0,246504.0,245561.0,243675.0
제주시 - 여,Statistics,120245.0,123121.0,125982.0,129419.0,132090.0,134742.0,136957.0,138755.0,141229.0,144120.0,146614.0,147812.0,149595.0,152965.0,202628.0,203574.0,204391.0,205689.0,209324.0,211917.0,215068.0,219136.0,224253.0,229653.0,234688.0,238235.0,241972.0,243872.0,245878.0,246602.0,246885.0,246093.0,244673.0
제주특별자치도 - 계,Statistics,505784.0,510584.0,513905.0,518836.0,523022.0,527586.0,534008.0,538744.0,542368.0,546889.0,550831.0,552297.0,555362.0,557569.0,558496.0,559258.0,560618.0,562663.0,571255.0,576156.0,583713.0,593806.0,607346.0,624395.0,641597.0,657083.0,667191.0,670989.0,674635.0,676759.0,678159.0,675252.0,670368.0
제주특별자치도 - 남,Statistics,249339.0,252048.0,253666.0,256182.0,258411.0,260931.0,264720.0,267338.0,269126.0,271394.0,273871.0,274841.0,276693.0,278281.0,278854.0,279246.0,280088.0,281319.0,285582.0,288152.0,292213.0,297504.0,304656.0,313428.0,322545.0,330823.0,335719.0,337345.0,338609.0,339177.0,339590.0,337976.0,335255.0
제주특별자치도 - 여,Statistics,256445.0,258536.0,260239.0,262654.0,264611.0,266655.0,269288.0,271406.0,273242.0,275495.0,276960.0,277456.0,278669.0,279288.0,279642.0,280012.0,280530.0,281344.0,285673.0,288004.0,291500.0,296302.0,302690.0,310967.0,319052.0,326260.0,331472.0,333644.0,336026.0,337582.0,338569.0,337276.0,335113.0
제천시 - 계,Statistics,107522.0,109195.0,110080.0,146087.0,147090.0,147901.0,147942.0,148155.0,147950.0,144968.0,143231.0,140676.0,138872.0,138201.0,136398.0,136218.0,135738.0,135580.0,137264.0,137689.0,137521.0,137204.0,136805.0,136138.0,136517.0,136432.0,135386.0,134617.0,133018.0,131591.0,130988.0,130194.0,128569.0
제천시 - 남,Statistics,54088.0,54909.0,55259.0,73763.0,74299.0,74598.0,74681.0,74719.0,74511.0,73131.0,72169.0,70986.0,70096.0,69715.0,68749.0,68554.0,68368.0,68356.0,69145.0,69287.0,69088.0,68929.0,68639.0,68145.0,68444.0,68428.0,67792.0,67459.0,66705.0,66170.0,65833.0,65456.0,64768.0
제천시 - 여,Statistics,53434.0,54286.0,54821.0,72324.0,72791.0,73303.0,73261.0,73436.0,73439.0,71837.0,71062.0,69690.0,68776.0,68486.0,67649.0,67664.0,67370.0,67224.0,68119.0,68402.0,68433.0,68275.0,68166.0,67993.0,68073.0,68004.0,67594.0,67158.0,66313.0,65421.0,65155.0,64738.0,63801.0
종로구 - 계,Statistics,226240.0,221049.0,213187.0,203086.0,197563.0,194696.0,188732.0,186590.0,186378.0,184225.0,181231.0,177519.0,174372.0,169315.0,166793.0,165846.0,170705.0,168603.0,170578.0,168382.0,165207.0,160070.0,156993.0,154986.0,152737.0,154770.0,153065.0,151290.0,149384.0,144683.0,141379.0,139417.0,138336.0
종로구 - 남,Statistics,113677.0,111055.0,106942.0,101960.0,99067.0,97646.0,94646.0,93539.0,93549.0,92657.0,91151.0,89234.0,87731.0,84981.0,83634.0,83104.0,85398.0,84257.0,85182.0,83931.0,82274.0,79519.0,77621.0,76548.0,75201.0,75967.0,74825.0,73746.0,72635.0,70183.0,68395.0,67306.0,66570.0
종로구 - 여,Statistics,112563.0,109994.0,106245.0,101126.0,98496.0,97050.0,94086.0,93051.0,92829.0,91568.0,90080.0,88285.0,86641.0,84334.0,83159.0,82742.0,85307.0,84346.0,85396.0,84451.0,82933.0,80551.0,79372.0,78438.0,77536.0,78803.0,78240.0,77544.0,76749.0,74500.0,72984.0,72111.0,71766.0
중구 - 계,Statistics,174605.0,165129.0,153901.0,143138.0,132189.0,126892.0,122500.0,126254.0,141010.0,143016.0,138134.0,134548.0,131971.0,130027.0,130649.0,130044.0,130362.0,129465.0,132822.0,133193.0,133360.0,130465.0,128065.0,125733.0,125249.0,125709.0,125725.0,126171.0,125240.0,122499.0,120437.0,121312.0,120544.0
중구 - 남,Statistics,88268.0,83428.0,77690.0,72132.0,66538.0,63926.0,61557.0,63217.0,70538.0,71577.0,69116.0,67269.0,65947.0,64995.0,65208.0,64908.0,65110.0,65025.0,66879.0,67065.0,67043.0,65371.0,64033.0,62687.0,62204.0,62253.0,61947.0,61910.0,61222.0,59630.0,58563.0,58659.0,58015.0
중구 - 여,Statistics,86337.0,81701.0,76211.0,71006.0,65651.0,62966.0,60943.0,63037.0,70472.0,71439.0,69018.0,67279.0,66024.0,65032.0,65441.0,65136.0,65252.0,64440.0,65943.0,66128.0,66317.0,65094.0,64032.0,63046.0,63045.0,63456.0,63778.0,64261.0,64018.0,62869.0,61874.0,62653.0,62529.0
중랑구 - 계,Statistics,458109.0,459818.0,457347.0,454534.0,477850.0,475089.0,467001.0,461737.0,458440.0,448928.0,442125.0,436089.0,433858.0,427373.0,426078.0,427071.0,427871.0,424761.0,427455.0,423706.0,419295.0,416798.0,418836.0,413909.0,411005.0,408226.0,403209.0,397015.0,394702.0,387350.0,385318.0,382155.0,379274.0
중랑구 - 남,Statistics,230799.0,231890.0,230522.0,228850.0,240260.0,238830.0,234583.0,232135.0,230852.0,225653.0,222179.0,218949.0,217271.0,213775.0,212918.0,213662.0,214351.0,212576.0,214383.0,212291.0,210043.0,208641.0,209323.0,206505.0,204900.0,203325.0,200419.0,196959.0,195165.0,191112.0,189537.0,187372.0,185473.0
중랑구 - 여,Statistics,227310.0,227928.0,226825.0,225684.0,237590.0,236259.0,232418.0,229602.0,227588.0,223275.0,219946.0,217140.0,216587.0,213598.0,213160.0,213409.0,213520.0,212185.0,213072.0,211415.0,209252.0,208157.0,209513.0,207404.0,206105.0,204901.0,202790.0,200056.0,199537.0,196238.0,195781.0,194783.0,193801.0
증평군 - 계,Statistics,,,,,,,,,,,,31310.0,30899.0,30607.0,30483.0,31145.0,32179.0,33164.0,33533.0,34009.0,34279.0,34546.0,34771.0,36671.0,37308.0,37783.0,37317.0,37392.0,36807.0,36426.0,37262.0,37484.0,37171.0
증평군 - 남,Statistics,,,,,,,,,,,,15850.0,15632.0,15553.0,15475.0,15795.0,16327.0,17041.0,17264.0,17480.0,17511.0,17606.0,17821.0,18803.0,19110.0,19446.0,19229.0,19350.0,19129.0,18993.0,19387.0,19523.0,19370.0
증평군 - 여,Statistics,,,,,,,,,,,,15460.0,15267.0,15054.0,15008.0,15350.0,15852.0,16123.0,16269.0,16529.0,16768.0,16940.0,16950.0,17868.0,18198.0,18337.0,18088.0,18042.0,17678.0,17433.0,17875.0,17961.0,17801.0
진도군 - 계,Statistics,52890.0,50659.0,48683.0,47256.0,45500.0,44256.0,43865.0,43362.0,42229.0,41139.0,39619.0,38382.0,37329.0,36529.0,35953.0,35206.0,34412.0,33931.0,33743.0,33502.0,33208.0,32998.0,32746.0,32476.0,32078.0,31765.0,31219.0,30715.0,31227.0,30066.0,29507.0,28979.0,28478.0
진도군 - 남,Statistics,25861.0,24729.0,23700.0,22974.0,22062.0,21479.0,21351.0,21135.0,20459.0,19868.0,19009.0,18397.0,17907.0,17521.0,17336.0,16955.0,16572.0,16371.0,16309.0,16224.0,16058.0,16012.0,15919.0,15801.0,15701.0,15592.0,15328.0,15093.0,15429.0,14908.0,14684.0,14453.0,14173.0
진도군 - 여,Statistics,27029.0,25930.0,24983.0,24282.0,23438.0,22777.0,22514.0,22227.0,21770.0,21271.0,20610.0,19985.0,19422.0,19008.0,18617.0,18251.0,17840.0,17560.0,17434.0,17278.0,17150.0,16986.0,16827.0,16675.0,16377.0,16173.0,15891.0,15622.0,15798.0,15158.0,14823.0,14526.0,14305.0
진안군 - 계,Statistics,46102.0,44158.0,42142.0,40086.0,38077.0,35973.0,34635.0,33645.0,31273.0,32635.0,30439.0,30475.0,30757.0,29021.0,27122.0,30250.0,27230.0,27558.0,27543.0,28473.0,26963.0,26703.0,26474.0,26203.0,26069.0,26271.0,25963.0,25697.0,25394.0,24987.0,24550.0,24465.0,24161.0
진안군 - 남,Statistics,22980.0,22085.0,21084.0,20098.0,19206.0,18195.0,17567.0,17044.0,15845.0,16362.0,15353.0,15344.0,15470.0,14686.0,13748.0,15173.0,13727.0,13851.0,13880.0,14330.0,13551.0,13404.0,13286.0,13116.0,13037.0,13149.0,13030.0,12966.0,12832.0,12667.0,12496.0,12497.0,12352.0
진안군 - 여,Statistics,23122.0,22073.0,21058.0,19988.0,18871.0,17778.0,17068.0,16601.0,15428.0,16273.0,15086.0,15131.0,15287.0,14335.0,13374.0,15077.0,13503.0,13707.0,13663.0,14143.0,13412.0,13299.0,13188.0,13087.0,13032.0,13122.0,12933.0,12731.0,12562.0,12320.0,12054.0,11968.0,11809.0
진주시 - 계,Statistics,251054.0,256425.0,260159.0,334252.0,335914.0,338771.0,341156.0,341516.0,341822.0,339906.0,339943.0,337319.0,337425.0,336234.0,333554.0,330756.0,331222.0,331720.0,335037.0,335502.0,337314.0,337071.0,340241.0,344426.0,346739.0,346681.0,345987.0,347334.0,348096.0,347097.0,343782.0,341074.0,338785.0
진주시 - 남,Statistics,123668.0,126365.0,128286.0,165381.0,166116.0,167543.0,169071.0,169352.0,169367.0,168448.0,168386.0,167212.0,167187.0,166478.0,165283.0,164051.0,164338.0,164563.0,166099.0,166254.0,167069.0,166985.0,168480.0,170506.0,171855.0,171801.0,171321.0,171834.0,172107.0,171601.0,169862.0,168392.0,167356.0
진주시 - 여,Statistics,127386.0,130060.0,131873.0,168871.0,169798.0,171228.0,172085.0,172164.0,172455.0,171458.0,171557.0,170107.0,170238.0,169756.0,168271.0,166705.0,166884.0,167157.0,168938.0,169248.0,170245.0,170086.0,171761.0,173920.0,174884.0,174880.0,174666.0,175500.0,175989.0,175496.0,173920.0,172682.0,171429.0
진천군 - 계,Statistics,55902.0,56290.0,56300.0,56810.0,57975.0,59031.0,59177.0,58979.0,60121.0,60309.0,59699.0,59724.0,60347.0,60155.0,60111.0,60154.0,60715.0,61456.0,62094.0,63051.0,63458.0,64606.0,65174.0,67981.0,69950.0,73677.0,78218.0,81084.0,83718.0,85176.0,86147.0,86254.0,86537.0
진천군 - 남,Statistics,28373.0,28637.0,28659.0,28966.0,29558.0,30104.0,30166.0,29997.0,30579.0,30703.0,30402.0,30525.0,30845.0,30805.0,30933.0,31001.0,31325.0,31833.0,32173.0,32604.0,32862.0,33519.0,33815.0,35290.0,36387.0,38314.0,40839.0,42388.0,43836.0,44715.0,45488.0,45652.0,45723.0
진천군 - 여,Statistics,27529.0,27653.0,27641.0,27844.0,28417.0,28927.0,29011.0,28982.0,29542.0,29606.0,29297.0,29199.0,29502.0,29350.0,29178.0,29153.0,29390.0,29623.0,29921.0,30447.0,30596.0,31087.0,31359.0,32691.0,33563.0,35363.0,37379.0,38696.0,39882.0,40461.0,40659.0,40602.0,40814.0
진해시 - 계,Statistics,124315.0,126043.0,128585.0,129716.0,131440.0,133419.0,133217.0,133052.0,133791.0,134660.0,141124.0,150308.0,151393.0,156992.0,161175.0,163108.0,168696.0,171407.0,,,,,,,,,,,,,,,
진해시 - 남,Statistics,61589.0,62581.0,64055.0,64776.0,65886.0,67058.0,67020.0,66956.0,67407.0,67924.0,71170.0,75769.0,76497.0,79147.0,81788.0,82789.0,85691.0,87288.0,,,,,,,,,,,,,,,
진해시 - 여,Statistics,62726.0,63462.0,64530.0,64940.0,65554.0,66361.0,66197.0,66096.0,66384.0,66736.0,69954.0,74539.0,74896.0,77845.0,79387.0,80319.0,83005.0,84119.0,,,,,,,,,,,,,,,
창녕군 - 계,Statistics,85225.0,83529.0,81509.0,79913.0,78226.0,77124.0,76207.0,74668.0,73019.0,71047.0,69220.0,67313.0,66074.0,64672.0,63476.0,62255.0,61603.0,61252.0,61714.0,62490.0,62966.0,63447.0,63502.0,63817.0,63982.0,64101.0,63396.0,62331.0,61301.0,60129.0,58372.0,57083.0,56085.0
창녕군 - 남,Statistics,41752.0,40930.0,39948.0,39245.0,38389.0,37800.0,37415.0,36710.0,35911.0,34943.0,34064.0,33097.0,32443.0,31764.0,31142.0,30544.0,30210.0,30077.0,30380.0,30772.0,31074.0,31381.0,31355.0,31622.0,31735.0,31844.0,31495.0,31015.0,30452.0,29948.0,29180.0,28528.0,28112.0
창녕군 - 여,Statistics,43473.0,42599.0,41561.0,40668.0,39837.0,39324.0,38792.0,37958.0,37108.0,36104.0,35156.0,34216.0,33631.0,32908.0,32334.0,31711.0,31393.0,31175.0,31334.0,31718.0,31892.0,32066.0,32147.0,32195.0,32247.0,32257.0,31901.0,31316.0,30849.0,30181.0,29192.0,28555.0,27973.0
창원시 - 계,Statistics,384816.0,399393.0,420286.0,478007.0,494103.0,503899.0,503938.0,514935.0,519798.0,524068.0,513659.0,510439.0,507161.0,504520.0,503881.0,503930.0,503518.0,502727.0,,,,,,,,,,,,,,,
창원시 - 남,Statistics,197723.0,204720.0,215154.0,244155.0,252419.0,257513.0,257045.0,262049.0,264280.0,266496.0,261399.0,260243.0,258589.0,257961.0,257485.0,257494.0,257234.0,256704.0,,,,,,,,,,,,,,,
창원시 - 여,Statistics,187093.0,194673.0,205132.0,233852.0,241684.0,246386.0,246893.0,252886.0,255518.0,257572.0,252260.0,250196.0,248572.0,246559.0,246396.0,246436.0,246284.0,246023.0,,,,,,,,,,,,,,,
천안시 - 계,Statistics,195368.0,203091.0,212242.0,333630.0,350473.0,370928.0,383990.0,403017.0,421418.0,432534.0,441243.0,456501.0,503082.0,512482.0,523323.0,531956.0,537698.0,540832.0,557673.0,571377.0,581988.0,591089.0,598346.0,605776.0,617955.0,631531.0,646075.0,652258.0,658808.0,658486.0,657559.0,655959.0,659920.0
천안시 - 남,Statistics,97548.0,101619.0,106302.0,168171.0,176991.0,187094.0,193747.0,203112.0,212410.0,218045.0,222395.0,230322.0,254072.0,258765.0,264491.0,268883.0,271984.0,273299.0,282595.0,289642.0,295203.0,300141.0,304099.0,307821.0,314122.0,321435.0,329079.0,332447.0,336221.0,336612.0,336716.0,336169.0,338613.0
천안시 - 여,Statistics,97820.0,101472.0,105940.0,165459.0,173482.0,183834.0,190243.0,199905.0,209008.0,214489.0,218848.0,226179.0,249010.0,253717.0,258832.0,263073.0,265714.0,267533.0,275078.0,281735.0,286785.0,290948.0,294247.0,297955.0,303833.0,310096.0,316996.0,319811.0,322587.0,321874.0,320843.0,319790.0,321307.0
철원군 - 계,Statistics,55192.0,54720.0,54268.0,54281.0,54295.0,54194.0,54500.0,53946.0,53190.0,52072.0,50532.0,50212.0,49650.0,48933.0,48024.0,47420.0,47724.0,47669.0,48928.0,48084.0,47968.0,47473.0,47590.0,48799.0,48013.0,47185.0,46413.0,45584.0,44699.0,43340.0,42256.0,41448.0,40497.0
철원군 - 남,Statistics,27993.0,27693.0,27504.0,27545.0,27638.0,27612.0,27816.0,27563.0,27121.0,26456.0,25673.0,25801.0,25527.0,25191.0,24758.0,24377.0,24744.0,24573.0,25543.0,24949.0,24776.0,24418.0,24676.0,25971.0,25429.0,24886.0,24408.0,23767.0,23216.0,22453.0,21863.0,21478.0,20922.0
철원군 - 여,Statistics,27199.0,27027.0,26764.0,26736.0,26657.0,26582.0,26684.0,26383.0,26069.0,25616.0,24859.0,24411.0,24123.0,23742.0,23266.0,23043.0,22980.0,23096.0,23385.0,23135.0,23192.0,23055.0,22914.0,22828.0,22584.0,22299.0,22005.0,21817.0,21483.0,20887.0,20393.0,19970.0,19575.0
청도군 - 계,Statistics,59215.0,58141.0,56827.0,55966.0,56383.0,56598.0,56658.0,55512.0,52497.0,51268.0,50716.0,50141.0,47678.0,46748.0,46144.0,45515.0,44711.0,44279.0,44391.0,44298.0,43968.0,43788.0,43993.0,43724.0,43564.0,43346.0,43057.0,42910.0,42263.0,41891.0,41614.0,41316.0,40582.0
청도군 - 남,Statistics,28988.0,28460.0,27779.0,27305.0,27411.0,27440.0,27392.0,26798.0,25447.0,24806.0,24495.0,24195.0,23109.0,22609.0,22369.0,22101.0,21744.0,21564.0,21627.0,21552.0,21398.0,21314.0,21448.0,21382.0,21278.0,21221.0,21117.0,21065.0,20775.0,20598.0,20541.0,20493.0,20193.0
청도군 - 여,Statistics,30227.0,29681.0,29048.0,28661.0,28972.0,29158.0,29266.0,28714.0,27050.0,26462.0,26221.0,25946.0,24569.0,24139.0,23775.0,23414.0,22967.0,22715.0,22764.0,22746.0,22570.0,22474.0,22545.0,22342.0,22286.0,22125.0,21940.0,21845.0,21488.0,21293.0,21073.0,20823.0,20389.0
청송군 - 계,Statistics,40847.0,40118.0,38826.0,37878.0,36609.0,35813.0,35760.0,34959.0,34248.0,33517.0,32323.0,31313.0,30099.0,29298.0,28465.0,27862.0,27289.0,26917.0,26715.0,26569.0,26481.0,26470.0,26453.0,26384.0,26301.0,26006.0,25678.0,25416.0,25044.0,24539.0,24295.0,24019.0,23716.0
청송군 - 남,Statistics,20814.0,20452.0,19664.0,19147.0,18461.0,17996.0,17944.0,17453.0,17021.0,16623.0,15979.0,15563.0,14951.0,14502.0,14093.0,13758.0,13548.0,13379.0,13213.0,13162.0,13075.0,13134.0,13119.0,13054.0,13008.0,12891.0,12762.0,12694.0,12482.0,12261.0,12168.0,12063.0,11905.0
청송군 - 여,Statistics,20033.0,19666.0,19162.0,18731.0,18148.0,17817.0,17816.0,17506.0,17227.0,16894.0,16344.0,15750.0,15148.0,14796.0,14372.0,14104.0,13741.0,13538.0,13502.0,13407.0,13406.0,13336.0,13334.0,13330.0,13293.0,13115.0,12916.0,12722.0,12562.0,12278.0,12127.0,11956.0,11811.0
청양군 - 계,Statistics,50752.0,48998.0,47240.0,45714.0,44544.0,43404.0,42920.0,42109.0,41025.0,40029.0,38588.0,36992.0,35626.0,34921.0,34086.0,33604.0,33062.0,32613.0,32541.0,32291.0,32087.0,32155.0,32248.0,32485.0,32753.0,32837.0,32296.0,31717.0,30948.0,30440.0,30266.0,30168.0,29658.0
청양군 - 남,Statistics,25541.0,24716.0,23853.0,23042.0,22466.0,21834.0,21583.0,21181.0,20588.0,20072.0,19332.0,18573.0,17840.0,17519.0,17160.0,16942.0,16695.0,16468.0,16366.0,16222.0,16097.0,16076.0,16103.0,16236.0,16389.0,16527.0,16271.0,15997.0,15691.0,15472.0,15421.0,15427.0,15163.0
청양군 - 여,Statistics,25211.0,24282.0,23387.0,22672.0,22078.0,21570.0,21337.0,20928.0,20437.0,19957.0,19256.0,18419.0,17786.0,17402.0,16926.0,16662.0,16367.0,16145.0,16175.0,16069.0,15990.0,16079.0,16145.0,16249.0,16364.0,16310.0,16025.0,15720.0,15257.0,14968.0,14845.0,14741.0,14495.0
청원군 - 계,Statistics,120070.0,119549.0,117871.0,117560.0,119843.0,121794.0,123385.0,122922.0,123984.0,124181.0,122782.0,121235.0,119745.0,119784.0,136538.0,143021.0,148063.0,149783.0,152944.0,158369.0,154780.0,155002.0,,,,,,,,,,,
청원군 - 남,Statistics,60866.0,60653.0,59894.0,59741.0,60953.0,61944.0,62796.0,62643.0,63168.0,63242.0,62425.0,61636.0,60992.0,61234.0,69843.0,73303.0,75942.0,77006.0,78675.0,81481.0,79793.0,79998.0,,,,,,,,,,,
청원군 - 여,Statistics,59204.0,58896.0,57977.0,57819.0,58890.0,59850.0,60589.0,60279.0,60816.0,60939.0,60357.0,59599.0,58753.0,58550.0,66695.0,69718.0,72121.0,72777.0,74269.0,76888.0,74987.0,75004.0,,,,,,,,,,,
춘천시 - 계,Statistics,179198.0,183192.0,187159.0,232682.0,235729.0,240226.0,244076.0,248370.0,251212.0,251142.0,252624.0,253363.0,254323.0,254999.0,256239.0,258141.0,261975.0,264849.0,269950.0,272805.0,273364.0,274455.0,275791.0,277997.0,280707.0,280514.0,280640.0,281291.0,282765.0,284594.0,286664.0,286426.0,286069.0
춘천시 - 남,Statistics,88819.0,90773.0,92592.0,115573.0,116931.0,119154.0,121095.0,123042.0,124467.0,124440.0,124986.0,125240.0,125914.0,126039.0,126620.0,127453.0,129339.0,130791.0,133275.0,134600.0,134874.0,135377.0,136017.0,136974.0,138251.0,138159.0,138243.0,138700.0,139576.0,140584.0,141490.0,141419.0,141225.0
춘천시 - 여,Statistics,90379.0,92419.0,94567.0,117109.0,118798.0,121072.0,122981.0,125328.0,126745.0,126702.0,127638.0,128123.0,128409.0,128960.0,129619.0,130688.0,132636.0,134058.0,136675.0,138205.0,138490.0,139078.0,139774.0,141023.0,142456.0,142355.0,142397.0,142591.0,143189.0,144010.0,145174.0,145007.0,144844.0
충주시 - 계,Statistics,138300.0,140977.0,144796.0,212872.0,215151.0,217638.0,218846.0,218763.0,217305.0,215249.0,211980.0,209138.0,207534.0,205907.0,204610.0,205064.0,206372.0,206613.0,208481.0,208433.0,208447.0,208115.0,208527.0,207913.0,208350.0,208316.0,210504.0,210737.0,210186.0,209358.0,208277.0,207778.0,207241.0
충주시 - 남,Statistics,69623.0,70920.0,72567.0,107326.0,108556.0,109723.0,110496.0,110492.0,109661.0,108675.0,106982.0,105536.0,104708.0,103934.0,103278.0,103481.0,104033.0,104091.0,104874.0,104916.0,104956.0,104785.0,104944.0,104696.0,104877.0,105000.0,106222.0,106569.0,106273.0,105932.0,105478.0,105420.0,105132.0
충주시 - 여,Statistics,68677.0,70057.0,72229.0,105546.0,106595.0,107915.0,108350.0,108271.0,107644.0,106574.0,104998.0,103602.0,102826.0,101973.0,101332.0,101583.0,102339.0,102522.0,103607.0,103517.0,103491.0,103330.0,103583.0,103217.0,103473.0,103316.0,104282.0,104168.0,103913.0,103426.0,102799.0,102358.0,102109.0
충청남도 - 계,Statistics,1870723.0,1856333.0,1842157.0,1852361.0,1873499.0,1897074.0,1913428.0,1919330.0,1921604.0,1918137.0,1907725.0,1912803.0,1953406.0,1962646.0,1974433.0,1995531.0,2018537.0,2037582.0,2075514.0,2101284.0,2028777.0,2047631.0,2062273.0,2077649.0,2096727.0,2116770.0,2126282.0,2123709.0,2121029.0,2119257.0,2123037.0,2130119.0,2136574.0
충청남도 - 남,Statistics,938142.0,932119.0,924752.0,929584.0,940771.0,953013.0,962117.0,965846.0,966413.0,964509.0,958290.0,960719.0,982648.0,988191.0,995826.0,1007900.0,1020317.0,1029725.0,1049363.0,1063012.0,1026812.0,1037421.0,1045892.0,1054439.0,1064765.0,1076270.0,1082009.0,1081938.0,1082634.0,1083366.0,1086632.0,1091570.0,1096128.0
충청남도 - 여,Statistics,932581.0,924214.0,917405.0,922777.0,932728.0,944061.0,951311.0,953484.0,955191.0,953628.0,949435.0,952084.0,970758.0,974455.0,978607.0,987631.0,998220.0,1007857.0,1026151.0,1038272.0,1001965.0,1010210.0,1016381.0,1023210.0,1031962.0,1040500.0,1044273.0,1041771.0,1038395.0,1035891.0,1036405.0,1038549.0,1040446.0
충청북도 - 계,Statistics,1403633.0,1418403.0,1425295.0,1439346.0,1454524.0,1470776.0,1484466.0,1492077.0,1497513.0,1496520.0,1492713.0,1489635.0,1488945.0,1488803.0,1494559.0,1506608.0,1519587.0,1527478.0,1549528.0,1562903.0,1565628.0,1572732.0,1578933.0,1583952.0,1591625.0,1594432.0,1599252.0,1600007.0,1600837.0,1597427.0,1595058.0,1593469.0,1591177.0
충청북도 - 남,Statistics,706430.0,714157.0,716956.0,724172.0,731686.0,739652.0,746355.0,750330.0,752953.0,752588.0,750277.0,748957.0,749274.0,749832.0,752742.0,758967.0,765398.0,769968.0,781301.0,787981.0,789286.0,792862.0,796141.0,798896.0,803240.0,805091.0,808971.0,810384.0,811591.0,810672.0,810782.0,810448.0,809920.0
충청북도 - 여,Statistics,697203.0,704246.0,708339.0,715174.0,722838.0,731124.0,738111.0,741747.0,744560.0,743932.0,742436.0,740678.0,739671.0,738971.0,741817.0,747641.0,754189.0,757510.0,768227.0,774922.0,776342.0,779870.0,782792.0,785056.0,788385.0,789341.0,790281.0,789623.0,789246.0,786755.0,784276.0,783021.0,781257.0
칠곡군 - 계,Statistics,80172.0,81083.0,82742.0,86365.0,90464.0,91500.0,92420.0,93282.0,103537.0,104743.0,105844.0,105843.0,106475.0,107750.0,111390.0,113851.0,116472.0,117288.0,119087.0,118838.0,119786.0,121182.0,122058.0,122829.0,123199.0,120864.0,118828.0,117047.0,114758.0,113822.0,112487.0,110581.0,107383.0
칠곡군 - 남,Statistics,40351.0,40945.0,41842.0,43812.0,46043.0,46540.0,46947.0,47443.0,52894.0,53507.0,53917.0,54139.0,54548.0,55196.0,57159.0,58540.0,60060.0,60228.0,61314.0,61458.0,62001.0,62805.0,63281.0,63611.0,64002.0,62820.0,61923.0,61063.0,59828.0,59260.0,58821.0,57966.0,56390.0
칠곡군 - 여,Statistics,39821.0,40138.0,40900.0,42553.0,44421.0,44960.0,45473.0,45839.0,50643.0,51236.0,51927.0,51704.0,51927.0,52554.0,54231.0,55311.0,56412.0,57060.0,57773.0,57380.0,57785.0,58377.0,58777.0,59218.0,59197.0,58044.0,56905.0,55984.0,54930.0,54562.0,53666.0,52615.0,50993.0
태백시 - 계,Statistics,79343.0,71890.0,68129.0,64850.0,62436.0,60438.0,59896.0,58588.0,57023.0,56193.0,55154.0,53948.0,53264.0,52463.0,51593.0,51490.0,51028.0,50424.0,50864.0,50176.0,49493.0,48794.0,48258.0,47501.0,47070.0,45888.0,44858.0,43866.0,42719.0,40844.0,39428.0,38702.0,37936.0
태백시 - 남,Statistics,40618.0,36676.0,34781.0,33102.0,31819.0,30794.0,30549.0,29896.0,29113.0,28624.0,28096.0,27451.0,27171.0,26867.0,26488.0,26371.0,26065.0,25746.0,25987.0,25520.0,25123.0,24783.0,24509.0,24128.0,23899.0,23196.0,22612.0,22168.0,21640.0,20656.0,19881.0,19476.0,19180.0
태백시 - 여,Statistics,38725.0,35214.0,33348.0,31748.0,30617.0,29644.0,29347.0,28692.0,27910.0,27569.0,27058.0,26497.0,26093.0,25596.0,25105.0,25119.0,24963.0,24678.0,24877.0,24656.0,24370.0,24011.0,23749.0,23373.0,23171.0,22692.0,22246.0,21698.0,21079.0,20188.0,19547.0,19226.0,18756.0
태안군 - 계,Statistics,77909.0,76050.0,73991.0,72168.0,70466.0,70043.0,70056.0,69162.0,68746.0,67878.0,66062.0,63930.0,63764.0,63794.0,63754.0,63042.0,63401.0,63095.0,63247.0,62747.0,62548.0,62416.0,62574.0,63484.0,63900.0,63932.0,63238.0,62743.0,62214.0,61526.0,61335.0,60784.0,60133.0
태안군 - 남,Statistics,39039.0,38172.0,37198.0,36192.0,35407.0,35153.0,35242.0,34848.0,34546.0,34069.0,33122.0,32117.0,32014.0,32044.0,32077.0,31670.0,31825.0,31651.0,31744.0,31560.0,31404.0,31435.0,31506.0,32069.0,32260.0,32325.0,31959.0,31715.0,31371.0,31033.0,30997.0,30762.0,30440.0
태안군 - 여,Statistics,38870.0,37878.0,36793.0,35976.0,35059.0,34890.0,34814.0,34314.0,34200.0,33809.0,32940.0,31813.0,31750.0,31750.0,31677.0,31372.0,31576.0,31444.0,31503.0,31187.0,31144.0,30981.0,31068.0,31415.0,31640.0,31607.0,31279.0,31028.0,30843.0,30493.0,30338.0,30022.0,29693.0
통영시 - 계,Statistics,,,,142714.0,141742.0,140789.0,140397.0,139093.0,136864.0,135547.0,134107.0,133420.0,132959.0,132795.0,133127.0,134431.0,136275.0,137415.0,140297.0,140195.0,139347.0,139719.0,139439.0,139168.0,138160.0,135833.0,133720.0,131404.0,128293.0,125383.0,122681.0,120551.0,118481.0
통영시 - 남,Statistics,,,,71531.0,71029.0,70605.0,70565.0,70117.0,68953.0,68387.0,67636.0,67463.0,67325.0,67241.0,67540.0,68375.0,69465.0,70090.0,71534.0,71211.0,70610.0,70840.0,70639.0,70360.0,69769.0,68528.0,67303.0,66053.0,64502.0,62928.0,61587.0,60517.0,59496.0
통영시 - 여,Statistics,,,,71183.0,70713.0,70184.0,69832.0,68976.0,67911.0,67160.0,66471.0,65957.0,65634.0,65554.0,65587.0,66056.0,66810.0,67325.0,68763.0,68984.0,68737.0,68879.0,68800.0,68808.0,68391.0,67305.0,66417.0,65351.0,63791.0,62455.0,61094.0,60034.0,58985.0
통합창원시 - 계,Statistics,,,,,,,,,,,,,,,,,,,1090181.0,1091881.0,1091471.0,1083731.0,1075168.0,1070064.0,1063907.0,1057032.0,1053601.0,1044740.0,1036738.0,1032741.0,1021487.0,1009038.0,999858.0
통합창원시 - 남,Statistics,,,,,,,,,,,,,,,,,,,553938.0,554950.0,554788.0,551005.0,546530.0,543647.0,540073.0,536167.0,534119.0,529262.0,525278.0,523223.0,517211.0,510633.0,506050.0
통합창원시 - 여,Statistics,,,,,,,,,,,,,,,,,,,536243.0,536931.0,536683.0,532726.0,528638.0,526417.0,523834.0,520865.0,519482.0,515478.0,511460.0,509518.0,504276.0,498405.0,493808.0
통합청주시 - 계,Statistics,471118.0,489033.0,504221.0,519072.0,530836.0,544115.0,557405.0,569072.0,580861.0,592504.0,603941.0,615155.0,624288.0,630939.0,626679.0,633286.0,638663.0,643161.0,655971.0,661946.0,666852.0,672904.0,831521.0,831912.0,835197.0,835590.0,837749.0,839566.0,844993.0,848482.0,849573.0,852189.0,854537.0
통합청주시 - 남,Statistics,234890.0,244017.0,251393.0,259032.0,264529.0,271225.0,277384.0,283272.0,289509.0,295075.0,300668.0,306178.0,311162.0,314762.0,312462.0,315661.0,318145.0,320304.0,326886.0,329761.0,332202.0,335273.0,417233.0,417341.0,419323.0,419676.0,421774.0,422864.0,425848.0,427881.0,429208.0,430449.0,431740.0
통합청주시 - 여,Statistics,236228.0,245016.0,252828.0,260040.0,266307.0,272890.0,280021.0,285800.0,291352.0,297429.0,303273.0,308977.0,313126.0,316177.0,314217.0,317625.0,320518.0,322857.0,329085.0,332185.0,334650.0,337631.0,414288.0,414571.0,415874.0,415914.0,415975.0,416702.0,419145.0,420601.0,420365.0,421740.0,422797.0
파주시 - 계,Statistics,,,,,171056.0,177136.0,178803.0,181496.0,191726.0,224658.0,235147.0,237658.0,246323.0,261770.0,292752.0,303831.0,311164.0,323011.0,355632.0,378790.0,394201.0,401718.0,411348.0,423321.0,430781.0,437848.0,451848.0,454040.0,465617.0,483245.0,495315.0,497753.0,511308.0
파주시 - 남,Statistics,,,,,87364.0,90418.0,91203.0,92465.0,97589.0,113700.0,119091.0,120532.0,125291.0,133390.0,149065.0,154504.0,158556.0,164689.0,181603.0,193479.0,200716.0,204347.0,208984.0,214893.0,218565.0,222312.0,229250.0,230461.0,236049.0,245085.0,251334.0,252159.0,258306.0
파주시 - 여,Statistics,,,,,83692.0,86718.0,87600.0,89031.0,94137.0,110958.0,116056.0,117126.0,121032.0,128380.0,143687.0,149327.0,152608.0,158322.0,174029.0,185311.0,193485.0,197371.0,202364.0,208428.0,212216.0,215536.0,222598.0,223579.0,229568.0,238160.0,243981.0,245594.0,253002.0
평창군 - 계,Statistics,53352.0,51716.0,50535.0,49781.0,49361.0,48811.0,48746.0,48003.0,47125.0,46478.0,46262.0,46375.0,45311.0,45033.0,44332.0,44003.0,43706.0,43634.0,43622.0,43577.0,43627.0,43666.0,43660.0,43500.0,43318.0,43092.0,42610.0,42106.0,41681.0,40996.0,40990.0,40659.0,40396.0
평창군 - 남,Statistics,27119.0,26264.0,25627.0,25284.0,25075.0,24733.0,24752.0,24435.0,23867.0,23521.0,23441.0,23545.0,23027.0,22912.0,22619.0,22530.0,22415.0,22394.0,22375.0,22334.0,22305.0,22298.0,22257.0,22204.0,22126.0,22021.0,21771.0,21550.0,21321.0,21091.0,21176.0,21056.0,20955.0
평창군 - 여,Statistics,26233.0,25452.0,24908.0,24497.0,24286.0,24078.0,23994.0,23568.0,23258.0,22957.0,22821.0,22830.0,22284.0,22121.0,21713.0,21473.0,21291.0,21240.0,21247.0,21243.0,21322.0,21368.0,21403.0,21296.0,21192.0,21071.0,20839.0,20556.0,20360.0,19905.0,19814.0,19603.0,19441.0
평택시 - 계,Statistics,87630.0,90565.0,96905.0,321636.0,335901.0,346008.0,346694.0,352181.0,356103.0,358263.0,358531.0,364979.0,370653.0,383976.0,396765.0,402458.0,406721.0,410042.0,419457.0,426886.0,434305.0,442034.0,449555.0,460532.0,470832.0,481530.0,495642.0,513027.0,537307.0,564288.0,578529.0,591022.0,598556.0
평택시 - 남,Statistics,44304.0,45704.0,48934.0,162394.0,169724.0,174529.0,174641.0,177374.0,179589.0,180952.0,181381.0,184700.0,187930.0,195046.0,201468.0,204480.0,206604.0,208097.0,212580.0,216624.0,220715.0,224729.0,228958.0,234685.0,240345.0,246618.0,254336.0,264012.0,277617.0,293954.0,303283.0,310473.0,314231.0
평택시 - 여,Statistics,43326.0,44861.0,47971.0,159242.0,166177.0,171479.0,172053.0,174807.0,176514.0,177311.0,177150.0,180279.0,182723.0,188930.0,195297.0,197978.0,200117.0,201945.0,206877.0,210262.0,213590.0,217305.0,220597.0,225847.0,230487.0,234912.0,241306.0,249015.0,259690.0,270334.0,275246.0,280549.0,284325.0
포천군 - 계,Statistics,118930.0,121998.0,123381.0,128181.0,134487.0,141741.0,143257.0,144912.0,145981.0,146272.0,152507.0,,,,,,,,,,,,,,,,,,,,,,
포천군 - 남,Statistics,60914.0,62558.0,63478.0,65847.0,69174.0,72761.0,73740.0,74667.0,75288.0,75462.0,78608.0,,,,,,,,,,,,,,,,,,,,,,
포천군 - 여,Statistics,58016.0,59440.0,59903.0,62334.0,65313.0,68980.0,69517.0,70245.0,70693.0,70810.0,73899.0,,,,,,,,,,,,,,,,,,,,,,
포천시 - 계,Statistics,,,,,,,,,,,,150240.0,150364.0,155242.0,157269.0,158156.0,160176.0,158931.0,158658.0,157967.0,157559.0,156603.0,155798.0,155192.0,154763.0,152925.0,150676.0,148379.0,147274.0,148939.0,146701.0,143323.0,141463.0
포천시 - 남,Statistics,,,,,,,,,,,,77777.0,77920.0,80287.0,81386.0,81996.0,83227.0,82815.0,83025.0,82751.0,82491.0,82034.0,81502.0,81436.0,81291.0,80375.0,79310.0,78231.0,77905.0,78915.0,77707.0,75837.0,74787.0
포천시 - 여,Statistics,,,,,,,,,,,,72463.0,72444.0,74955.0,75883.0,76160.0,76949.0,76116.0,75633.0,75216.0,75068.0,74569.0,74296.0,73756.0,73472.0,72550.0,71366.0,70148.0,69369.0,70024.0,68994.0,67486.0,66676.0
포항시 - 계,Statistics,318494.0,322163.0,327042.0,510167.0,511409.0,511675.0,512001.0,513390.0,515977.0,515039.0,511667.0,508850.0,507129.0,507052.0,505008.0,505555.0,508119.0,509475.0,514755.0,517088.0,518913.0,519467.0,519368.0,519584.0,516775.0,513832.0,510013.0,507025.0,502916.0,503852.0,496650.0,493033.0,491581.0
포항시 - 남,Statistics,161975.0,163504.0,165878.0,258717.0,259494.0,259676.0,259956.0,260652.0,261872.0,261245.0,259751.0,258420.0,257688.0,257849.0,257090.0,257385.0,258441.0,259082.0,261586.0,262648.0,263576.0,263461.0,263070.0,262814.0,261105.0,259491.0,257789.0,256140.0,254222.0,255292.0,251630.0,250242.0,249710.0
포항시 - 여,Statistics,156519.0,158659.0,161164.0,251450.0,251915.0,251999.0,252045.0,252738.0,254105.0,253794.0,251916.0,250430.0,249441.0,249203.0,247918.0,248170.0,249678.0,250393.0,253169.0,254440.0,255337.0,256006.0,256298.0,256770.0,255670.0,254341.0,252224.0,250885.0,248694.0,248560.0,245020.0,242791.0,241871.0
하남시 - 계,Statistics,95112.0,96154.0,107521.0,117378.0,122008.0,125163.0,123836.0,123709.0,123366.0,123659.0,127541.0,128326.0,129903.0,132850.0,134824.0,137131.0,143638.0,148566.0,150479.0,148397.0,146269.0,145096.0,148896.0,166713.0,211101.0,232487.0,254415.0,272455.0,293452.0,320087.0,326059.0,329861.0,329120.0
하남시 - 남,Statistics,48303.0,49018.0,54948.0,60072.0,62423.0,64178.0,63420.0,63290.0,63190.0,63480.0,65245.0,65721.0,66595.0,68140.0,69171.0,70361.0,73555.0,76041.0,77001.0,75787.0,74629.0,74020.0,75864.0,84646.0,106472.0,116889.0,127865.0,136985.0,147424.0,160163.0,162773.0,164202.0,163567.0
하남시 - 여,Statistics,46809.0,47136.0,52573.0,57306.0,59585.0,60985.0,60416.0,60419.0,60176.0,60179.0,62296.0,62605.0,63308.0,64710.0,65653.0,66770.0,70083.0,72525.0,73478.0,72610.0,71640.0,71076.0,73032.0,82067.0,104629.0,115598.0,126550.0,135470.0,146028.0,159924.0,163286.0,165659.0,165553.0
하동군 - 계,Statistics,70284.0,68606.0,67265.0,65743.0,64147.0,62867.0,62007.0,60801.0,59556.0,60298.0,56777.0,58010.0,54881.0,53131.0,52898.0,55526.0,53515.0,52010.0,51509.0,53975.0,50806.0,50177.0,49223.0,50259.0,49622.0,48831.0,47533.0,46574.0,44785.0,43449.0,42465.0,41606.0,40765.0
하동군 - 남,Statistics,34505.0,33626.0,32976.0,32208.0,31391.0,30847.0,30445.0,29873.0,29267.0,29485.0,27898.0,28316.0,26898.0,26135.0,26040.0,27207.0,26346.0,25570.0,25359.0,26506.0,25023.0,24699.0,24276.0,24804.0,24463.0,24083.0,23534.0,23149.0,22364.0,21696.0,21255.0,20825.0,20402.0
하동군 - 여,Statistics,35779.0,34980.0,34289.0,33535.0,32756.0,32020.0,31562.0,30928.0,30289.0,30813.0,28879.0,29694.0,27983.0,26996.0,26858.0,28319.0,27169.0,26440.0,26150.0,27469.0,25783.0,25478.0,24947.0,25455.0,25159.0,24748.0,23999.0,23425.0,22421.0,21753.0,21210.0,20781.0,20363.0
함안군 - 계,Statistics,70212.0,70217.0,68517.0,67894.0,66998.0,66815.0,66865.0,65923.0,64846.0,65368.0,64318.0,63435.0,62081.0,61376.0,63460.0,64865.0,66050.0,66582.0,67207.0,66971.0,67425.0,67667.0,68741.0,69156.0,68937.0,68207.0,67025.0,65700.0,64182.0,62547.0,61456.0,60203.0,58842.0
함안군 - 남,Statistics,34719.0,34864.0,34047.0,33700.0,33279.0,33161.0,33251.0,32848.0,32396.0,32655.0,32180.0,31802.0,31251.0,30947.0,31971.0,32609.0,33289.0,33604.0,33966.0,33813.0,34107.0,34146.0,34611.0,34865.0,34819.0,34433.0,33923.0,33203.0,32561.0,31816.0,31371.0,30840.0,30148.0
함안군 - 여,Statistics,35493.0,35353.0,34470.0,34194.0,33719.0,33654.0,33614.0,33075.0,32450.0,32713.0,32138.0,31633.0,30830.0,30429.0,31489.0,32256.0,32761.0,32978.0,33241.0,33158.0,33318.0,33521.0,34130.0,34291.0,34118.0,33774.0,33102.0,32497.0,31621.0,30731.0,30085.0,29363.0,28694.0
함양군 - 계,Statistics,55516.0,53885.0,52426.0,51125.0,49755.0,48912.0,48716.0,47638.0,46376.0,45184.0,43982.0,42760.0,41922.0,41535.0,41162.0,40637.0,40447.0,40626.0,41197.0,41081.0,40714.0,40692.0,40584.0,40339.0,40241.0,40175.0,40044.0,39637.0,39080.0,38310.0,37708.0,36945.0,36131.0
함양군 - 남,Statistics,27242.0,26403.0,25581.0,24941.0,24160.0,23757.0,23730.0,23142.0,22439.0,21812.0,21195.0,20575.0,20101.0,19914.0,19701.0,19430.0,19370.0,19434.0,19674.0,19650.0,19421.0,19433.0,19386.0,19290.0,19244.0,19242.0,19172.0,19097.0,18853.0,18531.0,18270.0,17922.0,17616.0
함양군 - 여,Statistics,28274.0,27482.0,26845.0,26184.0,25595.0,25155.0,24986.0,24496.0,23937.0,23372.0,22787.0,22185.0,21821.0,21621.0,21461.0,21207.0,21077.0,21192.0,21523.0,21431.0,21293.0,21259.0,21198.0,21049.0,20997.0,20933.0,20872.0,20540.0,20227.0,19779.0,19438.0,19023.0,18515.0
함평군 - 계,Statistics,58212.0,55676.0,52803.0,51686.0,49682.0,48237.0,50854.0,46830.0,45232.0,43522.0,41965.0,42119.0,40205.0,40189.0,38647.0,37998.0,37432.0,37089.0,36702.0,36134.0,35780.0,35610.0,35090.0,34876.0,34397.0,34328.0,33420.0,32861.0,32050.0,31274.0,30784.0,30601.0,30010.0
함평군 - 남,Statistics,28979.0,27660.0,26265.0,25632.0,24647.0,23905.0,25220.0,23363.0,22487.0,21585.0,20732.0,20708.0,19844.0,19849.0,19122.0,18832.0,18543.0,18406.0,18157.0,17872.0,17668.0,17665.0,17399.0,17237.0,17047.0,17004.0,16642.0,16404.0,16062.0,15730.0,15539.0,15505.0,15255.0
함평군 - 여,Statistics,29233.0,28016.0,26538.0,26054.0,25035.0,24332.0,25634.0,23467.0,22745.0,21937.0,21233.0,21411.0,20361.0,20340.0,19525.0,19166.0,18889.0,18683.0,18545.0,18262.0,18112.0,17945.0,17691.0,17639.0,17350.0,17324.0,16778.0,16457.0,15988.0,15544.0,15245.0,15096.0,14755.0
합천군 - 계,Statistics,76046.0,74325.0,71953.0,70116.0,68029.0,66332.0,65016.0,63337.0,61255.0,59599.0,57649.0,60160.0,57909.0,58162.0,55104.0,55450.0,55677.0,52973.0,51092.0,50608.0,50279.0,50290.0,50457.0,49145.0,48026.0,47000.0,45916.0,45204.0,44006.0,42935.0,42142.0,41203.0,40225.0
합천군 - 남,Statistics,37712.0,36712.0,35543.0,34545.0,33366.0,32443.0,31821.0,31044.0,29892.0,29032.0,27994.0,28862.0,27796.0,27862.0,26400.0,26584.0,26639.0,25354.0,24382.0,24141.0,23921.0,23858.0,23968.0,23408.0,22825.0,22430.0,22001.0,21655.0,21209.0,20765.0,20487.0,20132.0,19764.0
합천군 - 여,Statistics,38334.0,37613.0,36410.0,35571.0,34663.0,33889.0,33195.0,32293.0,31363.0,30567.0,29655.0,31298.0,30113.0,30300.0,28704.0,28866.0,29038.0,27619.0,26710.0,26467.0,26358.0,26432.0,26489.0,25737.0,25201.0,24570.0,23915.0,23549.0,22797.0,22170.0,21655.0,21071.0,20461.0
해남군 - 계,Statistics,115303.0,111754.0,107932.0,104628.0,101578.0,99329.0,101758.0,100792.0,99230.0,96445.0,92323.0,89981.0,87736.0,86238.0,84338.0,82529.0,81043.0,81148.0,79579.0,78346.0,78150.0,77684.0,76981.0,76194.0,75121.0,73604.0,71901.0,70354.0,68806.0,67166.0,65831.0,64575.0,63120.0
해남군 - 남,Statistics,56693.0,54838.0,52941.0,51321.0,49852.0,48608.0,49762.0,49365.0,48572.0,47152.0,45029.0,43811.0,42729.0,42057.0,41132.0,40341.0,39745.0,39839.0,39081.0,38424.0,38203.0,37838.0,37415.0,37049.0,36538.0,35867.0,35253.0,34642.0,33975.0,33273.0,32772.0,32249.0,31626.0
해남군 - 여,Statistics,58610.0,56916.0,54991.0,53307.0,51726.0,50721.0,51996.0,51427.0,50658.0,49293.0,47294.0,46170.0,45007.0,44181.0,43206.0,42188.0,41298.0,41309.0,40498.0,39922.0,39947.0,39846.0,39566.0,39145.0,38583.0,37737.0,36648.0,35712.0,34831.0,33893.0,33059.0,32326.0,31494.0
해운대구 - 계,Statistics,278469.0,286876.0,294059.0,305095.0,346231.0,379944.0,402154.0,407491.0,408842.0,407562.0,401663.0,403585.0,403432.0,404599.0,418875.0,423816.0,424455.0,424974.0,426729.0,425618.0,428188.0,425536.0,423531.0,422818.0,419853.0,412039.0,409347.0,406102.0,402169.0,396438.0,386785.0,380448.0,376404.0
해운대구 - 남,Statistics,138480.0,142798.0,146616.0,152134.0,172214.0,188710.0,199723.0,202269.0,202655.0,201839.0,198775.0,199483.0,199107.0,199351.0,206075.0,208322.0,208284.0,208273.0,208787.0,208071.0,208973.0,207384.0,206336.0,205811.0,203814.0,199630.0,197871.0,195960.0,193618.0,190624.0,185514.0,182289.0,180283.0
해운대구 - 여,Statistics,139989.0,144078.0,147443.0,152961.0,174017.0,191234.0,202431.0,205222.0,206187.0,205723.0,202888.0,204102.0,204325.0,205248.0,212800.0,215494.0,216171.0,216701.0,217942.0,217547.0,219215.0,218152.0,217195.0,217007.0,216039.0,212409.0,211476.0,210142.0,208551.0,205814.0,201271.0,198159.0,196121.0
홍성군 - 계,Statistics,106339.0,104609.0,102737.0,101458.0,99649.0,99077.0,98920.0,97288.0,95369.0,93558.0,91377.0,94658.0,91223.0,90931.0,89555.0,88685.0,88176.0,87631.0,88078.0,88108.0,88415.0,89704.0,91866.0,94553.0,99971.0,101570.0,101082.0,100423.0,100102.0,99324.0,98068.0,97524.0,99198.0
홍성군 - 남,Statistics,53280.0,52461.0,51443.0,50695.0,49788.0,49375.0,49290.0,48525.0,47543.0,46659.0,45528.0,46915.0,45358.0,45176.0,44576.0,44109.0,43808.0,43612.0,43800.0,43842.0,44035.0,44702.0,45847.0,47198.0,49769.0,50530.0,50244.0,49931.0,49796.0,49437.0,48835.0,48677.0,49550.0
홍성군 - 여,Statistics,53059.0,52148.0,51294.0,50763.0,49861.0,49702.0,49630.0,48763.0,47826.0,46899.0,45849.0,47743.0,45865.0,45755.0,44979.0,44576.0,44368.0,44019.0,44278.0,44266.0,44380.0,45002.0,46019.0,47355.0,50202.0,51040.0,50838.0,50492.0,50306.0,49887.0,49233.0,48847.0,49648.0
홍천군 - 계,Statistics,79408.0,78047.0,76891.0,75924.0,75493.0,75105.0,75251.0,74939.0,74461.0,74019.0,72514.0,71351.0,71907.0,70811.0,70037.0,70142.0,70360.0,69606.0,69893.0,69899.0,69727.0,70638.0,70451.0,70336.0,70076.0,70340.0,69949.0,69150.0,69242.0,68365.0,67977.0,67309.0,66717.0
홍천군 - 남,Statistics,40076.0,39485.0,38884.0,38533.0,38321.0,38175.0,38263.0,38078.0,37748.0,37530.0,36819.0,36279.0,36707.0,36116.0,35727.0,35764.0,35824.0,35537.0,35595.0,35639.0,35548.0,36181.0,35996.0,35906.0,35738.0,35855.0,35671.0,35359.0,35663.0,35184.0,34954.0,34655.0,34423.0
홍천군 - 여,Statistics,39332.0,38562.0,38007.0,37391.0,37172.0,36930.0,36988.0,36861.0,36713.0,36489.0,35695.0,35072.0,35200.0,34695.0,34310.0,34378.0,34536.0,34069.0,34298.0,34260.0,34179.0,34457.0,34455.0,34430.0,34338.0,34485.0,34278.0,33791.0,33579.0,33181.0,33023.0,32654.0,32294.0
화성군 - 계,Statistics,181385.0,182216.0,163596.0,163445.0,167303.0,176702.0,178743.0,183166.0,191444.0,,,,,,,,,,,,,,,,,,,,,,,,
화성군 - 남,Statistics,92584.0,93240.0,84103.0,84313.0,86390.0,91151.0,92106.0,94382.0,98643.0,,,,,,,,,,,,,,,,,,,,,,,,
화성군 - 여,Statistics,88801.0,88976.0,79493.0,79132.0,80913.0,85551.0,86637.0,88784.0,92801.0,,,,,,,,,,,,,,,,,,,,,,,,
화성시 - 계,Statistics,,,,,,,,,,210524.0,226930.0,236226.0,271563.0,296530.0,310171.0,371972.0,449354.0,491528.0,505838.0,516765.0,525490.0,530251.0,540862.0,596525.0,640890.0,691086.0,758722.0,815396.0,855248.0,887015.0,910814.0,944342.0,968821.0
화성시 - 남,Statistics,,,,,,,,,,108831.0,117573.0,123194.0,141583.0,154691.0,161964.0,193276.0,232122.0,253316.0,260758.0,266519.0,271219.0,273731.0,279520.0,307907.0,330923.0,357381.0,392871.0,422470.0,443841.0,460788.0,473507.0,490518.0,502881.0
화성시 - 여,Statistics,,,,,,,,,,101693.0,109357.0,113032.0,129980.0,141839.0,148207.0,178696.0,217232.0,238212.0,245080.0,250246.0,254271.0,256520.0,261342.0,288618.0,309967.0,333705.0,365851.0,392926.0,411407.0,426227.0,437307.0,453824.0,465940.0
화순군 - 계,Statistics,73102.0,71414.0,70228.0,70736.0,73443.0,73698.0,76299.0,78042.0,78610.0,79219.0,78443.0,76123.0,75023.0,73673.0,72615.0,71551.0,70327.0,69675.0,69368.0,68985.0,68378.0,67829.0,66772.0,65848.0,65303.0,64680.0,63933.0,62737.0,62522.0,62624.0,62024.0,61254.0,60735.0
화순군 - 남,Statistics,36783.0,35934.0,35321.0,35646.0,36988.0,37062.0,38327.0,39088.0,39249.0,39545.0,39002.0,37866.0,37227.0,36512.0,36004.0,35453.0,34895.0,34519.0,34326.0,34112.0,33729.0,33420.0,32844.0,32363.0,32113.0,31838.0,31488.0,31061.0,30906.0,30910.0,30643.0,30322.0,30077.0
화순군 - 여,Statistics,36319.0,35480.0,34907.0,35090.0,36455.0,36636.0,37972.0,38954.0,39361.0,39674.0,39441.0,38257.0,37796.0,37161.0,36611.0,36098.0,35432.0,35156.0,35042.0,34873.0,34649.0,34409.0,33928.0,33485.0,33190.0,32842.0,32445.0,31676.0,31616.0,31714.0,31381.0,30932.0,30658.0
화천군 - 계,Statistics,26748.0,26629.0,26318.0,26321.0,26010.0,25627.0,25916.0,25544.0,25188.0,24965.0,24088.0,24540.0,24267.0,23732.0,23317.0,22944.0,24110.0,24216.0,24364.0,24945.0,25020.0,25079.0,27143.0,27020.0,26264.0,26022.0,25084.0,24917.0,24857.0,24195.0,23388.0,23007.0,22922.0
화천군 - 남,Statistics,13568.0,13523.0,13429.0,13478.0,13451.0,13222.0,13344.0,13078.0,12924.0,12845.0,12334.0,12983.0,12735.0,12451.0,12241.0,12111.0,13078.0,13181.0,13260.0,13630.0,13575.0,13529.0,15168.0,15173.0,14554.0,14313.0,13603.0,13495.0,13472.0,13138.0,12560.0,12321.0,12283.0
화천군 - 여,Statistics,13180.0,13106.0,12889.0,12843.0,12559.0,12405.0,12572.0,12466.0,12264.0,12120.0,11754.0,11557.0,11532.0,11281.0,11076.0,10833.0,11032.0,11035.0,11104.0,11315.0,11445.0,11550.0,11975.0,11847.0,11710.0,11709.0,11481.0,11422.0,11385.0,11057.0,10828.0,10686.0,10639.0
횡성군 - 계,Statistics,51447.0,50343.0,49350.0,48773.0,48112.0,47081.0,47362.0,46822.0,45961.0,45496.0,45198.0,44306.0,44297.0,43678.0,42982.0,43176.0,43413.0,44121.0,44254.0,44360.0,44615.0,44937.0,45373.0,45777.0,45991.0,46281.0,46726.0,46575.0,46472.0,46481.0,46532.0,46359.0,46111.0
횡성군 - 남,Statistics,26026.0,25537.0,25063.0,24851.0,24523.0,24014.0,24213.0,23930.0,23517.0,23270.0,23066.0,22618.0,22612.0,22321.0,21922.0,22051.0,22173.0,22543.0,22528.0,22576.0,22676.0,22866.0,23019.0,23260.0,23398.0,23541.0,23828.0,23785.0,23822.0,23859.0,23877.0,23826.0,23703.0
횡성군 - 여,Statistics,25421.0,24806.0,24287.0,23922.0,23589.0,23067.0,23149.0,22892.0,22444.0,22226.0,22132.0,21688.0,21685.0,21357.0,21060.0,21125.0,21240.0,21578.0,21726.0,21784.0,21939.0,22071.0,22354.0,22517.0,22593.0,22740.0,22898.0,22790.0,22650.0,22622.0,22655.0,22533.0,22408.0
