item,category,2004,2005,2006,2007,2008,2009,2010,2011,2012,2013,2014,2015,2016,2017,2018,2019,2020,2021,2022,2023
가평군 - 등록외국인＜br＞(A),Statistics,407.0,509.0,685.0,764.0,876.0,976.0,1026.0,998.0,994.0,1020.0,1077.0,1077.0,1069.0,1043.0,1018.0,1047.0,1003.0,1004.0,1085.0,1186.0
가평군 - 인구 천명당 외국인수＜br＞(A÷B×1000),Statistics,7.42,9.28,12.49,13.72,15.34,16.96,17.42,16.81,16.35,16.72,17.59,17.37,17.12,16.56,16.18,16.77,16.08,16.12,17.46,19.04
가평군 - 주민등록인구＜br＞(B),Statistics,54845.0,54861.0,54855.0,55698.0,57108.0,57564.0,58890.0,59358.0,60794.0,61017.0,61213.0,62008.0,62448.0,62973.0,62918.0,62415.0,62377.0,62264.0,62150.0,62302.0
강남구 - 등록외국인＜br＞(A),Statistics,7816.0,6866.0,7694.0,8218.0,7792.0,7361.0,6975.0,7301.0,5800.0,5553.0,5332.0,5265.0,5025.0,4888.0,5089.0,5040.0,4824.0,4758.0,5001.0,5409.0
강남구 - 인구 천명당 외국인수＜br＞(A÷B×1000),Statistics,14.71,12.69,13.81,14.65,13.97,13.09,12.23,12.91,10.28,9.85,9.22,9.13,8.86,8.79,9.38,9.24,8.95,8.93,9.45,9.93
강남구 - 주민등록인구＜br＞(B),Statistics,531517.0,540909.0,556964.0,560958.0,557832.0,562138.0,570095.0,565710.0,564197.0,563599.0,578114.0,576495.0,567115.0,556164.0,542364.0,545169.0,539231.0,533042.0,529102.0,544873.0
강동구 - 등록외국인＜br＞(A),Statistics,2266.0,2605.0,3443.0,4475.0,4949.0,4910.0,5068.0,5378.0,4823.0,4590.0,4735.0,4663.0,4303.0,4136.0,4347.0,4323.0,4028.0,3808.0,3970.0,4151.0
강동구 - 인구 천명당 외국인수＜br＞(A÷B×1000),Statistics,4.81,5.61,7.46,9.63,10.55,10.13,10.3,10.86,9.89,9.5,9.94,10.17,9.69,9.48,10.17,9.91,8.76,8.23,8.63,9.04
강동구 - 주민등록인구＜br＞(B),Statistics,471145.0,464059.0,461760.0,464546.0,469024.0,484745.0,491871.0,495138.0,487905.0,483379.0,476597.0,458658.0,444168.0,436223.0,427573.0,436067.0,459970.0,462664.0,460067.0,459167.0
강릉시 - 등록외국인＜br＞(A),Statistics,1066.0,1204.0,1483.0,1616.0,1698.0,1603.0,1618.0,1581.0,1533.0,1563.0,1657.0,1770.0,1875.0,1904.0,2282.0,2469.0,2282.0,2357.0,2630.0,3379.0
강릉시 - 인구 천명당 외국인수＜br＞(A÷B×1000),Statistics,4.69,5.37,6.68,7.33,7.77,7.37,7.4,7.27,7.04,7.21,7.68,8.25,8.77,8.9,10.72,11.57,10.7,11.07,12.44,16.13
강릉시 - 주민등록인구＜br＞(B),Statistics,227259.0,224391.0,222016.0,220484.0,218399.0,217464.0,218503.0,217571.0,217741.0,216806.0,215807.0,214560.0,213846.0,213952.0,212957.0,213442.0,213321.0,212965.0,211381.0,209439.0
강북구 - 등록외국인＜br＞(A),Statistics,1750.0,2074.0,2634.0,3224.0,3480.0,3545.0,3487.0,3688.0,3336.0,3214.0,3385.0,3553.0,3509.0,3523.0,3751.0,3741.0,3514.0,3381.0,4042.0,4864.0
강북구 - 인구 천명당 외국인수＜br＞(A÷B×1000),Statistics,4.85,5.87,7.55,9.33,10.17,10.42,10.06,10.69,9.72,9.49,10.1,10.74,10.72,10.86,11.75,11.92,11.41,11.3,13.76,16.88
강북구 - 주민등록인구＜br＞(B),Statistics,360525.0,353260.0,348990.0,345478.0,342274.0,340367.0,346520.0,345054.0,343157.0,338707.0,335025.0,330873.0,327195.0,324479.0,319164.0,313954.0,308055.0,299182.0,293660.0,288113.0
강서구 - 등록외국인＜br＞(A),Statistics,3091.0,3713.0,4900.0,6071.0,6697.0,6360.0,6379.0,6777.0,6363.0,6166.0,6493.0,6617.0,6619.0,6564.0,6662.0,6477.0,5716.0,5453.0,5472.0,5768.0
강서구 - 인구 천명당 외국인수＜br＞(A÷B×1000),Statistics,5.71,6.71,8.83,10.83,11.61,11.1,11.11,11.91,11.21,10.84,11.1,11.23,11.12,10.91,11.16,10.94,9.85,9.49,9.61,10.24
강서구 - 주민등록인구＜br＞(B),Statistics,541671.0,553660.0,554945.0,560424.0,576848.0,572836.0,574127.0,569072.0,567431.0,569070.0,585160.0,589074.0,595485.0,601691.0,596949.0,591796.0,580185.0,574315.0,569166.0,563058.0
강원특별자치도 - 등록외국인＜br＞(A),Statistics,7265.0,7989.0,10252.0,11994.0,12892.0,12672.0,13737.0,13332.0,12901.0,13409.0,14443.0,15108.0,15833.0,16949.0,18261.0,19069.0,17332.0,17384.0,20472.0,23484.0
강원특별자치도 - 인구 천명당 외국인수＜br＞(A÷B×1000),Statistics,4.78,5.28,6.81,7.98,8.55,8.38,8.98,8.68,8.38,8.69,9.35,9.75,10.21,10.93,11.83,12.37,11.23,11.3,13.32,15.37
강원특별자치도 - 주민등록인구＜br＞(B),Statistics,1521375.0,1513110.0,1505420.0,1503806.0,1508575.0,1512870.0,1529818.0,1536448.0,1538630.0,1542263.0,1544442.0,1549507.0,1550806.0,1550142.0,1543052.0,1541502.0,1542840.0,1538492.0,1536498.0,1527807.0
강진군 - 등록외국인＜br＞(A),Statistics,141.0,132.0,171.0,223.0,236.0,264.0,286.0,300.0,313.0,350.0,395.0,410.0,408.0,439.0,454.0,456.0,445.0,421.0,504.0,570.0
강진군 - 인구 천명당 외국인수＜br＞(A÷B×1000),Statistics,3.24,3.09,4.08,5.39,5.73,6.41,6.87,7.21,7.78,8.73,9.91,10.58,10.81,11.91,12.56,12.92,12.86,12.47,15.19,17.42
강진군 - 주민등록인구＜br＞(B),Statistics,43550.0,42696.0,41938.0,41352.0,41153.0,41164.0,41624.0,41599.0,40241.0,40079.0,39861.0,38758.0,37753.0,36868.0,36144.0,35286.0,34597.0,33753.0,33177.0,32722.0
강화군 - 등록외국인＜br＞(A),Statistics,271.0,236.0,329.0,431.0,484.0,548.0,564.0,560.0,606.0,623.0,657.0,746.0,775.0,789.0,830.0,859.0,822.0,763.0,868.0,1029.0
강화군 - 인구 천명당 외국인수＜br＞(A÷B×1000),Statistics,4.16,3.61,5.02,6.48,7.18,8.17,8.4,8.39,9.08,9.34,9.79,11.02,11.4,11.48,12.05,12.42,11.88,10.95,12.43,14.91
강화군 - 주민등록인구＜br＞(B),Statistics,65114.0,65389.0,65510.0,66466.0,67387.0,67049.0,67104.0,66779.0,66752.0,66735.0,67118.0,67667.0,68010.0,68754.0,68896.0,69178.0,69203.0,69693.0,69803.0,69005.0
거제시 - 등록외국인＜br＞(A),Statistics,3293.0,3874.0,4409.0,5430.0,7644.0,8067.0,8080.0,8924.0,9028.0,11272.0,13724.0,15051.0,14178.0,9089.0,7473.0,8302.0,6641.0,5404.0,5861.0,11773.0
거제시 - 인구 천명당 외국인수＜br＞(A÷B×1000),Statistics,17.32,19.8,21.89,26.08,35.19,35.77,35.38,38.34,38.1,46.56,55.27,58.83,55.13,35.77,29.83,33.44,27.02,22.4,24.77,50.3
거제시 - 주민등록인구＜br＞(B),Statistics,190141.0,195609.0,201412.0,208208.0,217211.0,225522.0,228355.0,232787.0,236944.0,242077.0,248287.0,255828.0,257183.0,254073.0,250516.0,248276.0,245754.0,241216.0,236662.0,234038.0
거창군 - 등록외국인＜br＞(A),Statistics,154.0,170.0,259.0,311.0,369.0,405.0,430.0,442.0,433.0,470.0,485.0,467.0,511.0,527.0,503.0,547.0,503.0,512.0,744.0,806.0
거창군 - 인구 천명당 외국인수＜br＞(A÷B×1000),Statistics,2.35,2.63,4.05,4.86,5.83,6.41,6.78,7.0,6.86,7.44,7.68,7.39,8.07,8.4,8.05,8.8,8.18,8.38,12.32,13.42
거창군 - 주민등록인구＜br＞(B),Statistics,65615.0,64735.0,63917.0,63979.0,63268.0,63180.0,63421.0,63146.0,63103.0,63177.0,63137.0,63232.0,63308.0,62763.0,62455.0,62179.0,61502.0,61073.0,60387.0,60047.0
경기 여주군 - 등록외국인＜br＞(A),Statistics,1030.0,1019.0,1248.0,1680.0,2077.0,2189.0,2441.0,2519.0,2379.0,,,,,,,,,,,
경기 여주군 - 인구 천명당 외국인수＜br＞(A÷B×1000),Statistics,9.91,9.77,11.88,15.71,19.35,20.25,22.34,23.08,21.72,,,,,,,,,,,
경기 여주군 - 주민등록인구＜br＞(B),Statistics,103976.0,104260.0,105022.0,106926.0,107355.0,108088.0,109250.0,109120.0,109550.0,,,,,,,,,,,
경기도 - 등록외국인＜br＞(A),Statistics,165922.0,155942.0,200798.0,234030.0,256827.0,266808.0,285262.0,302447.0,288251.0,314715.0,352166.0,369665.0,373923.0,381628.0,408526.0,414318.0,380144.0,360412.0,382865.0,425629.0
경기도 - 인구 천명당 외국인수＜br＞(A÷B×1000),Statistics,15.86,14.58,18.41,21.07,22.74,23.28,24.2,25.34,23.84,25.72,28.5,29.52,29.4,29.64,31.24,31.29,28.31,26.57,28.17,31.23
경기도 - 주민등록인구＜br＞(B),Statistics,10462920.0,10697215.0,10906033.0,11106211.0,11292264.0,11460610.0,11786622.0,11937415.0,12093299.0,12234630.0,12357830.0,12522606.0,12716780.0,12873895.0,13077153.0,13239666.0,13427014.0,13565450.0,13589432.0,13630821.0
경남 마산시 - 등록외국인＜br＞(A),Statistics,1732.0,2101.0,2944.0,3446.0,3693.0,3469.0,,,,,,,,,,,,,,
경남 마산시 - 인구 천명당 외국인수＜br＞(A÷B×1000),Statistics,4.05,4.94,6.98,8.29,8.98,8.54,,,,,,,,,,,,,,
경남 마산시 - 주민등록인구＜br＞(B),Statistics,427248.0,425018.0,421783.0,415805.0,411078.0,406307.0,,,,,,,,,,,,,,
경남 진해시 - 등록외국인＜br＞(A),Statistics,1380.0,1632.0,2046.0,2144.0,2725.0,2504.0,,,,,,,,,,,,,,
경남 진해시 - 인구 천명당 외국인수＜br＞(A÷B×1000),Statistics,9.12,10.4,12.69,13.14,16.15,14.61,,,,,,,,,,,,,,
경남 진해시 - 주민등록인구＜br＞(B),Statistics,151393.0,156992.0,161175.0,163108.0,168696.0,171407.0,,,,,,,,,,,,,,
경남 창원시 - 등록외국인＜br＞(A),Statistics,4119.0,3979.0,5654.0,6190.0,6283.0,6257.0,,,,,,,,,,,,,,
경남 창원시 - 인구 천명당 외국인수＜br＞(A÷B×1000),Statistics,8.12,7.89,11.22,12.28,12.48,12.45,,,,,,,,,,,,,,
경남 창원시 - 주민등록인구＜br＞(B),Statistics,507161.0,504520.0,503881.0,503930.0,503518.0,502727.0,,,,,,,,,,,,,,
경산시 - 등록외국인＜br＞(A),Statistics,3778.0,3911.0,5127.0,5863.0,6440.0,6350.0,6477.0,6668.0,6460.0,6783.0,7223.0,7682.0,8449.0,9194.0,10977.0,11713.0,10389.0,10476.0,11992.0,15265.0
경산시 - 인구 천명당 외국인수＜br＞(A÷B×1000),Statistics,17.21,17.17,21.83,24.75,27.12,26.85,26.91,27.36,26.22,27.26,28.44,29.9,32.74,35.43,42.04,44.5,39.39,39.04,44.79,57.34
경산시 - 주민등록인구＜br＞(B),Statistics,219579.0,227766.0,234839.0,236881.0,237423.0,236459.0,240708.0,243684.0,246358.0,248805.0,253968.0,256888.0,258037.0,259485.0,261093.0,263185.0,263728.0,268369.0,267725.0,266205.0
경상남도 - 등록외국인＜br＞(A),Statistics,24920.0,26679.0,35953.0,42389.0,51707.0,53222.0,57718.0,65960.0,64371.0,69126.0,77778.0,82316.0,81021.0,75136.0,74304.0,76123.0,67239.0,63148.0,70390.0,89312.0
경상남도 - 인구 천명당 외국인수＜br＞(A÷B×1000),Statistics,7.93,8.44,11.33,13.26,16.03,16.38,17.54,19.93,19.39,20.73,23.22,24.46,24.01,22.23,22.02,22.64,20.13,19.05,21.46,27.47
경상남도 - 주민등록인구＜br＞(B),Statistics,3143814.0,3160431.0,3172857.0,3196953.0,3225255.0,3250176.0,3290536.0,3308765.0,3319314.0,3333820.0,3350257.0,3364702.0,3373871.0,3380404.0,3373988.0,3362553.0,3340216.0,3314183.0,3280493.0,3251158.0
경상북도 - 등록외국인＜br＞(A),Statistics,22696.0,23409.0,29721.0,33721.0,35731.0,35350.0,36895.0,39984.0,40067.0,43499.0,47805.0,49765.0,51351.0,53364.0,56969.0,58119.0,52469.0,51100.0,57055.0,67025.0
경상북도 - 인구 천명당 외국인수＜br＞(A÷B×1000),Statistics,8.42,8.71,11.05,12.58,13.36,13.24,13.72,14.81,14.85,16.11,17.7,18.41,19.02,19.83,21.28,21.8,19.88,19.45,21.94,26.24
경상북도 - 주민등록인구＜br＞(B),Statistics,2695917.0,2688491.0,2688577.0,2681364.0,2673931.0,2669876.0,2689920.0,2699195.0,2698353.0,2699440.0,2700794.0,2702826.0,2700398.0,2691706.0,2676831.0,2665836.0,2639422.0,2626609.0,2600492.0,2554324.0
경주시 - 등록외국인＜br＞(A),Statistics,2222.0,2677.0,3766.0,4671.0,4952.0,4865.0,5471.0,6381.0,6572.0,7210.0,8395.0,9197.0,9476.0,10188.0,11296.0,11794.0,10202.0,9604.0,9947.0,11045.0
경주시 - 인구 천명당 외국인수＜br＞(A÷B×1000),Statistics,8.0,9.73,13.77,17.16,18.39,18.19,20.48,24.03,24.89,27.38,32.1,35.4,36.52,39.5,43.98,46.18,40.24,38.13,39.85,44.63
경주시 - 주민등록인구＜br＞(B),Statistics,277870.0,275087.0,273419.0,272206.0,269343.0,267466.0,267098.0,265488.0,264091.0,263283.0,261535.0,259773.0,259452.0,257903.0,256864.0,255402.0,253502.0,251889.0,249607.0,247489.0
계룡시 - 등록외국인＜br＞(A),Statistics,96.0,81.0,113.0,145.0,168.0,181.0,181.0,173.0,153.0,150.0,161.0,190.0,204.0,207.0,203.0,217.0,209.0,191.0,193.0,228.0
계룡시 - 인구 천명당 외국인수＜br＞(A÷B×1000),Statistics,3.08,2.36,3.07,3.84,4.06,4.23,4.2,4.03,3.68,3.66,3.97,4.55,4.78,4.71,4.64,5.05,4.88,4.41,4.34,4.89
계룡시 - 주민등록인구＜br＞(B),Statistics,31174.0,34370.0,36846.0,37775.0,41411.0,42760.0,43088.0,42942.0,41550.0,40957.0,40552.0,41730.0,42634.0,43967.0,43731.0,42971.0,42822.0,43331.0,44475.0,46667.0
계양구 - 등록외국인＜br＞(A),Statistics,1882.0,1997.0,2573.0,3195.0,3414.0,3257.0,3216.0,3123.0,2924.0,2953.0,3111.0,3116.0,3060.0,3108.0,3223.0,3346.0,3154.0,3106.0,3256.0,3556.0
계양구 - 인구 천명당 외국인수＜br＞(A÷B×1000),Statistics,5.58,5.95,7.52,9.33,9.97,9.47,9.25,9.07,8.54,8.59,9.16,9.32,9.26,9.6,10.31,11.03,10.63,10.5,11.27,12.69
계양구 - 주민등록인구＜br＞(B),Statistics,337103.0,335435.0,342335.0,342564.0,342299.0,344039.0,347810.0,344299.0,342202.0,343806.0,339538.0,334332.0,330284.0,323784.0,312680.0,303471.0,296750.0,295696.0,288856.0,280266.0
고령군 - 등록외국인＜br＞(A),Statistics,867.0,872.0,1134.0,1140.0,1155.0,1144.0,1214.0,1424.0,1446.0,1578.0,1820.0,1845.0,1812.0,1757.0,1704.0,1749.0,1530.0,1375.0,1569.0,1902.0
고령군 - 인구 천명당 외국인수＜br＞(A÷B×1000),Statistics,25.11,25.44,32.61,32.66,33.22,33.13,35.01,40.16,40.91,44.83,51.95,53.33,52.89,52.03,51.68,54.03,48.79,44.9,51.69,63.11
고령군 - 주민등록인구＜br＞(B),Statistics,34522.0,34271.0,34777.0,34907.0,34770.0,34535.0,34678.0,35455.0,35343.0,35198.0,35033.0,34594.0,34257.0,33768.0,32969.0,32373.0,31361.0,30626.0,30353.0,30139.0
고성군 - 등록외국인＜br＞(A),Statistics,171.0,203.0,356.0,411.0,562.0,530.0,503.0,428.0,392.0,345.0,491.0,440.0,635.0,842.0,974.0,1132.0,1112.0,1183.0,1373.0,1812.0
고성군 - 인구 천명당 외국인수＜br＞(A÷B×1000),Statistics,5.28,6.35,11.38,13.53,18.63,17.51,16.7,14.24,13.01,11.35,16.22,14.64,21.09,28.04,34.61,41.53,41.56,43.41,50.34,66.36
고성군 - 주민등록인구＜br＞(B),Statistics,32361.0,31964.0,31285.0,30383.0,30172.0,30272.0,30112.0,30057.0,30124.0,30398.0,30269.0,30060.0,30114.0,30029.0,28144.0,27260.0,26757.0,27249.0,27274.0,27305.0
고양시 - 등록외국인＜br＞(A),Statistics,7965.0,6525.0,9159.0,10804.0,11919.0,12217.0,12182.0,12426.0,11304.0,11371.0,11859.0,12293.0,12286.0,12253.0,12664.0,12508.0,11522.0,10986.0,11618.0,12700.0
고양시 - 인구 천명당 외국인수＜br＞(A÷B×1000),Statistics,8.99,7.22,10.06,11.68,12.7,13.01,12.82,12.93,11.65,11.48,11.79,11.96,11.82,11.76,12.13,11.73,10.68,10.18,10.79,11.81
고양시 - 주민등록인구＜br＞(B),Statistics,886000.0,904077.0,910206.0,924839.0,938831.0,938784.0,950115.0,961239.0,969916.0,990571.0,1006154.0,1027546.0,1039684.0,1041983.0,1044189.0,1066351.0,1079216.0,1079353.0,1076535.0,1074907.0
고창군 - 등록외국인＜br＞(A),Statistics,246.0,323.0,397.0,453.0,510.0,566.0,546.0,558.0,608.0,753.0,823.0,851.0,911.0,934.0,976.0,963.0,895.0,814.0,1102.0,1517.0
고창군 - 인구 천명당 외국인수＜br＞(A÷B×1000),Statistics,3.77,5.07,6.4,7.43,8.45,9.42,8.97,9.29,10.06,12.44,13.7,14.17,15.03,15.45,17.11,17.35,16.41,15.25,21.06,29.31
고창군 - 주민등록인구＜br＞(B),Statistics,65203.0,63676.0,62030.0,60962.0,60328.0,60102.0,60861.0,60065.0,60440.0,60522.0,60090.0,60046.0,60597.0,60472.0,57041.0,55504.0,54529.0,53386.0,52338.0,51750.0
고흥군 - 등록외국인＜br＞(A),Statistics,160.0,193.0,293.0,363.0,427.0,446.0,451.0,513.0,592.0,628.0,751.0,790.0,813.0,895.0,980.0,1059.0,1001.0,949.0,1383.0,1689.0
고흥군 - 인구 천명당 외국인수＜br＞(A÷B×1000),Statistics,1.84,2.3,3.61,4.62,5.57,5.94,6.1,7.07,8.27,8.89,10.78,11.52,12.02,13.41,14.9,16.31,15.66,15.12,22.35,27.64
고흥군 - 주민등록인구＜br＞(B),Statistics,86747.0,83830.0,81068.0,78589.0,76605.0,75127.0,73924.0,72607.0,71560.0,70631.0,69641.0,68601.0,67656.0,66736.0,65777.0,64913.0,63922.0,62762.0,61880.0,61113.0
곡성군 - 등록외국인＜br＞(A),Statistics,154.0,186.0,247.0,357.0,424.0,398.0,404.0,382.0,421.0,382.0,352.0,374.0,395.0,435.0,494.0,489.0,475.0,413.0,482.0,508.0
곡성군 - 인구 천명당 외국인수＜br＞(A÷B×1000),Statistics,4.48,5.45,7.34,10.72,13.0,12.4,12.67,12.19,13.63,12.32,11.45,12.19,12.99,14.44,16.68,16.93,16.94,15.0,17.81,18.88
곡성군 - 주민등록인구＜br＞(B),Statistics,34396.0,34157.0,33631.0,33311.0,32608.0,32084.0,31886.0,31332.0,30878.0,31009.0,30732.0,30672.0,30400.0,30131.0,29624.0,28887.0,28039.0,27535.0,27060.0,26905.0
공주시 - 등록외국인＜br＞(A),Statistics,860.0,1106.0,1532.0,1961.0,2248.0,2370.0,2330.0,2277.0,1859.0,1867.0,1763.0,1796.0,1918.0,1996.0,2106.0,2155.0,1991.0,1949.0,2153.0,2420.0
공주시 - 인구 천명당 외국인수＜br＞(A÷B×1000),Statistics,6.6,8.54,11.94,15.49,17.96,19.09,18.65,18.25,15.85,16.04,15.52,16.14,17.45,18.41,19.58,20.24,19.04,18.9,20.99,23.7
공주시 - 주민등록인구＜br＞(B),Statistics,130280.0,129489.0,128330.0,126612.0,125143.0,124172.0,124930.0,124748.0,117298.0,116369.0,113621.0,111261.0,109931.0,108432.0,107581.0,106474.0,104545.0,103145.0,102571.0,102104.0
과천시 - 등록외국인＜br＞(A),Statistics,308.0,250.0,394.0,312.0,326.0,333.0,316.0,331.0,310.0,297.0,292.0,274.0,235.0,211.0,183.0,173.0,166.0,183.0,192.0,219.0
과천시 - 인구 천명당 외국인수＜br＞(A÷B×1000),Statistics,4.51,4.1,6.51,5.01,4.69,4.62,4.37,4.6,4.36,4.21,4.16,3.97,3.68,3.67,3.15,2.97,2.63,2.5,2.46,2.7
과천시 - 주민등록인구＜br＞(B),Statistics,68333.0,60956.0,60482.0,62291.0,69477.0,72049.0,72279.0,71955.0,71068.0,70578.0,70156.0,68946.0,63778.0,57527.0,58142.0,58289.0,63231.0,73345.0,78137.0,81000.0
관악구 - 등록외국인＜br＞(A),Statistics,5532.0,7215.0,10778.0,15195.0,17317.0,17442.0,18302.0,19960.0,17491.0,17100.0,18774.0,19368.0,18756.0,17632.0,18083.0,17240.0,14743.0,13750.0,14474.0,15927.0
관악구 - 인구 천명당 외국인수＜br＞(A÷B×1000),Statistics,10.43,13.61,20.14,28.37,32.4,32.92,34.44,37.92,33.44,33.01,36.58,38.0,37.0,35.03,36.02,34.47,29.78,28.31,29.74,33.05
관악구 - 주민등록인구＜br＞(B),Statistics,530156.0,530020.0,535217.0,535571.0,534556.0,529869.0,531434.0,526397.0,523029.0,518028.0,513186.0,509663.0,506851.0,503297.0,501957.0,500094.0,495060.0,485699.0,486752.0,481956.0
광명시 - 등록외국인＜br＞(A),Statistics,1634.0,1888.0,2573.0,3335.0,3816.0,3897.0,4232.0,4724.0,4444.0,4607.0,5279.0,5739.0,5919.0,5843.0,6273.0,5942.0,4469.0,3578.0,3215.0,2927.0
광명시 - 인구 천명당 외국인수＜br＞(A÷B×1000),Statistics,4.93,5.76,8.21,10.65,12.29,12.4,12.3,13.3,12.5,13.05,15.15,16.64,17.44,17.56,19.19,18.77,14.97,12.22,11.17,10.45
광명시 - 주민등록인구＜br＞(B),Statistics,331419.0,327828.0,313372.0,313019.0,310501.0,314257.0,343982.0,355226.0,355560.0,353100.0,348560.0,344978.0,339484.0,332790.0,326841.0,316552.0,298599.0,292893.0,287945.0,280197.0
광산구 - 등록외국인＜br＞(A),Statistics,2707.0,2840.0,3729.0,4294.0,5162.0,5576.0,6606.0,6871.0,7054.0,7738.0,8793.0,9790.0,10907.0,12154.0,12954.0,13461.0,11978.0,11791.0,13142.0,14541.0
광산구 - 인구 천명당 외국인수＜br＞(A÷B×1000),Statistics,9.14,9.25,11.97,13.58,16.1,16.26,18.19,18.3,18.32,19.7,22.13,24.43,27.06,30.07,32.02,33.21,29.53,29.17,32.8,36.65
광산구 - 주민등록인구＜br＞(B),Statistics,296101.0,306989.0,311621.0,316101.0,320660.0,342936.0,363239.0,375509.0,385101.0,392875.0,397281.0,400753.0,403049.0,404131.0,404547.0,405315.0,405579.0,404221.0,400654.0,396741.0
광양시 - 등록외국인＜br＞(A),Statistics,541.0,632.0,783.0,870.0,1011.0,1167.0,1167.0,1442.0,1387.0,1374.0,1573.0,1530.0,1597.0,1546.0,1598.0,1687.0,1563.0,1495.0,1761.0,2104.0
광양시 - 인구 천명당 외국인수＜br＞(A÷B×1000),Statistics,3.93,4.58,5.66,6.27,7.15,8.13,8.02,9.57,9.2,9.06,10.34,9.96,10.26,9.92,10.21,10.76,10.3,9.93,11.57,13.78
광양시 - 주민등록인구＜br＞(B),Statistics,137601.0,138098.0,138237.0,138865.0,141388.0,143461.0,145512.0,150725.0,150837.0,151621.0,152097.0,153587.0,155580.0,155857.0,156564.0,156750.0,151769.0,150531.0,152168.0,152666.0
광주광역시 - 등록외국인＜br＞(A),Statistics,5743.0,6361.0,8155.0,10016.0,11923.0,12188.0,13360.0,14106.0,14492.0,15557.0,17064.0,18455.0,19920.0,21279.0,22815.0,23825.0,21323.0,20934.0,22967.0,25348.0
광주광역시 - 인구 천명당 외국인수＜br＞(A÷B×1000),Statistics,4.1,4.54,5.79,7.09,8.38,8.5,9.18,9.64,9.86,10.56,11.56,12.54,13.56,14.54,15.63,16.36,14.7,14.52,16.05,17.86
광주광역시 - 주민등록인구＜br＞(B),Statistics,1401172.0,1401745.0,1407798.0,1413444.0,1422702.0,1433640.0,1454636.0,1463464.0,1469216.0,1472910.0,1475884.0,1472199.0,1469214.0,1463770.0,1459336.0,1456468.0,1450062.0,1441611.0,1431050.0,1419237.0
광주시 - 등록외국인＜br＞(A),Statistics,6980.0,6207.0,7864.0,8725.0,9256.0,9374.0,9598.0,9592.0,9106.0,9684.0,10843.0,11477.0,12114.0,12424.0,13037.0,12986.0,11900.0,10936.0,11302.0,12893.0
광주시 - 인구 천명당 외국인수＜br＞(A÷B×1000),Statistics,33.94,28.94,35.42,38.05,39.42,39.29,38.42,36.17,33.03,33.78,36.28,36.72,36.96,35.91,35.84,34.85,31.15,28.24,28.87,32.94
광주시 - 주민등록인구＜br＞(B),Statistics,205641.0,214498.0,222048.0,229319.0,234777.0,238583.0,249789.0,265222.0,275656.0,286699.0,298858.0,312579.0,327723.0,345947.0,363782.0,372654.0,382054.0,387289.0,391462.0,391377.0
광진구 - 등록외국인＜br＞(A),Statistics,4144.0,4867.0,7098.0,9795.0,11772.0,12515.0,13312.0,14743.0,12956.0,12512.0,14021.0,14811.0,14889.0,14595.0,15504.0,15622.0,13427.0,12631.0,13836.0,15626.0
광진구 - 인구 천명당 외국인수＜br＞(A÷B×1000),Statistics,10.89,12.96,18.96,26.01,31.35,33.46,35.45,39.64,34.89,33.91,38.59,41.1,41.68,40.8,43.6,44.46,38.73,37.15,41.01,46.57
광진구 - 주민등록인구＜br＞(B),Statistics,380537.0,375613.0,374442.0,376572.0,375482.0,373998.0,375463.0,371936.0,371313.0,368927.0,363354.0,360369.0,357215.0,357703.0,355559.0,351350.0,346682.0,339996.0,337416.0,335554.0
괴산군 - 등록외국인＜br＞(A),Statistics,300.0,321.0,382.0,435.0,500.0,498.0,575.0,599.0,603.0,616.0,652.0,690.0,775.0,800.0,899.0,986.0,957.0,825.0,914.0,1214.0
괴산군 - 인구 천명당 외국인수＜br＞(A÷B×1000),Statistics,7.58,8.32,10.17,11.8,13.67,13.54,15.61,16.04,15.99,16.19,17.0,17.79,19.89,20.48,22.97,25.18,24.29,21.64,24.67,33.18
괴산군 - 주민등록인구＜br＞(B),Statistics,39586.0,38595.0,37570.0,36873.0,36566.0,36775.0,36827.0,37333.0,37713.0,38059.0,38351.0,38787.0,38973.0,39054.0,39133.0,39163.0,39393.0,38122.0,37055.0,36590.0
구례군 - 등록외국인＜br＞(A),Statistics,109.0,110.0,154.0,179.0,179.0,180.0,190.0,193.0,205.0,200.0,221.0,228.0,228.0,245.0,233.0,221.0,206.0,188.0,205.0,210.0
구례군 - 인구 천명당 외국인수＜br＞(A÷B×1000),Statistics,3.61,3.72,5.34,6.35,6.46,6.54,6.94,7.04,7.57,7.38,8.13,8.35,8.32,8.9,8.59,8.32,8.01,7.45,8.31,8.64
구례군 - 주민등록인구＜br＞(B),Statistics,30232.0,29577.0,28837.0,28203.0,27703.0,27518.0,27375.0,27422.0,27077.0,27115.0,27170.0,27308.0,27412.0,27525.0,27117.0,26563.0,25719.0,25235.0,24655.0,24314.0
구로구 - 등록외국인＜br＞(A),Statistics,7897.0,10714.0,16954.0,24553.0,27901.0,27646.0,28931.0,31440.0,26958.0,27204.0,31300.0,32512.0,32049.0,30817.0,33989.0,32707.0,28080.0,24409.0,23103.0,23246.0
구로구 - 인구 천명당 외국인수＜br＞(A÷B×1000),Statistics,18.95,25.73,40.38,58.38,66.31,65.52,68.28,73.55,63.06,64.01,73.5,77.03,76.75,75.03,84.03,80.43,69.43,61.52,58.44,59.24
구로구 - 주민등록인구＜br＞(B),Statistics,416828.0,416405.0,419832.0,420542.0,420795.0,421967.0,423736.0,427468.0,427520.0,424964.0,425831.0,422092.0,417551.0,410742.0,404497.0,406664.0,404408.0,396754.0,395315.0,392405.0
구리시 - 등록외국인＜br＞(A),Statistics,908.0,984.0,1207.0,1438.0,1564.0,1539.0,1481.0,1460.0,1404.0,1349.0,1382.0,1434.0,1390.0,1417.0,1424.0,1490.0,1402.0,1403.0,1509.0,1541.0
구리시 - 인구 천명당 외국인수＜br＞(A÷B×1000),Statistics,4.69,5.11,6.23,7.31,7.98,7.87,7.54,7.49,7.3,7.11,7.4,7.68,7.17,7.08,7.0,7.48,7.1,7.31,8.0,8.24
구리시 - 주민등록인구＜br＞(B),Statistics,193438.0,192548.0,193847.0,196800.0,195874.0,195593.0,196398.0,194881.0,192341.0,189680.0,186820.0,186721.0,193763.0,200042.0,203553.0,199265.0,197454.0,191948.0,188701.0,187093.0
구미시 - 등록외국인＜br＞(A),Statistics,4407.0,3946.0,4903.0,4987.0,4990.0,4803.0,4872.0,5298.0,5343.0,5960.0,6212.0,5877.0,5601.0,5449.0,5190.0,4977.0,4659.0,4580.0,4990.0,5860.0
구미시 - 인구 천명당 외국인수＜br＞(A÷B×1000),Statistics,12.05,10.53,12.69,12.73,12.67,12.12,12.03,12.81,12.81,14.21,14.78,14.0,13.34,12.92,12.31,11.86,11.19,11.1,12.23,14.45
구미시 - 주민등록인구＜br＞(B),Statistics,365681.0,374614.0,386465.0,391897.0,393959.0,396419.0,404920.0,413446.0,416949.0,419428.0,420320.0,419915.0,419891.0,421799.0,421494.0,419742.0,416328.0,412581.0,408110.0,405506.0
군산시 - 등록외국인＜br＞(A),Statistics,1373.0,1630.0,2205.0,2651.0,3301.0,3407.0,3565.0,4294.0,4421.0,4651.0,5222.0,5533.0,5490.0,5266.0,5700.0,6101.0,5792.0,5822.0,6803.0,8443.0
군산시 - 인구 천명당 외국인수＜br＞(A÷B×1000),Statistics,5.18,6.19,8.45,10.17,12.51,12.76,13.08,15.58,15.88,16.71,18.78,19.87,19.78,19.15,20.91,22.59,21.62,21.94,25.92,32.48
군산시 - 주민등록인구＜br＞(B),Statistics,265168.0,263120.0,260989.0,260562.0,263845.0,266922.0,272601.0,275659.0,278341.0,278319.0,278098.0,278398.0,277551.0,274997.0,272645.0,270131.0,267859.0,265304.0,262467.0,259980.0
군위군 - 등록외국인＜br＞(A),Statistics,332.0,275.0,304.0,395.0,403.0,411.0,418.0,431.0,434.0,509.0,561.0,576.0,616.0,565.0,546.0,538.0,492.0,425.0,456.0,527.0
군위군 - 인구 천명당 외국인수＜br＞(A÷B×1000),Statistics,11.52,9.92,11.39,15.32,15.92,16.46,16.9,17.76,17.99,21.06,23.21,23.87,25.49,23.33,22.83,22.56,21.16,18.52,19.54,22.93
군위군 - 주민등록인구＜br＞(B),Statistics,28825.0,27709.0,26687.0,25781.0,25309.0,24966.0,24736.0,24268.0,24119.0,24172.0,24170.0,24126.0,24171.0,24215.0,23919.0,23843.0,23256.0,22945.0,23340.0,22988.0
군포시 - 등록외국인＜br＞(A),Statistics,2919.0,2711.0,3480.0,4185.0,4844.0,5070.0,5430.0,5594.0,5360.0,5656.0,6579.0,6997.0,6772.0,6783.0,6960.0,7010.0,6248.0,5565.0,5532.0,5780.0
군포시 - 인구 천명당 외국인수＜br＞(A÷B×1000),Statistics,10.59,9.76,12.67,15.2,17.45,18.39,18.87,19.47,18.69,19.75,22.81,24.34,23.77,24.12,25.13,25.41,22.82,20.72,20.78,22.13
군포시 - 주민등록인구＜br＞(B),Statistics,275761.0,277781.0,274569.0,275351.0,277590.0,275731.0,287833.0,287294.0,286841.0,286344.0,288408.0,287519.0,284890.0,281205.0,276916.0,275852.0,273791.0,268535.0,266213.0,261229.0
금산군 - 등록외국인＜br＞(A),Statistics,572.0,636.0,817.0,893.0,940.0,989.0,1023.0,1006.0,1089.0,1230.0,1340.0,1538.0,1727.0,1913.0,2248.0,2339.0,2148.0,1945.0,2407.0,2901.0
금산군 - 인구 천명당 외국인수＜br＞(A÷B×1000),Statistics,9.53,10.89,14.2,15.48,16.57,17.59,18.09,17.95,19.55,22.19,24.29,28.03,31.62,35.5,42.24,44.76,41.78,38.53,48.05,57.91
금산군 - 주민등록인구＜br＞(B),Statistics,60048.0,58378.0,57552.0,57690.0,56740.0,56220.0,56555.0,56030.0,55715.0,55441.0,55166.0,54879.0,54612.0,53894.0,53222.0,52257.0,51413.0,50477.0,50092.0,50093.0
금정구 - 등록외국인＜br＞(A),Statistics,300.0,1449.0,1569.0,1910.0,2206.0,2233.0,2243.0,2370.0,2374.0,2489.0,2994.0,3439.0,3963.0,4120.0,4433.0,4473.0,3541.0,3661.0,4162.0,4362.0
금정구 - 인구 천명당 외국인수＜br＞(A÷B×1000),Statistics,1.11,5.47,5.96,7.38,8.6,8.86,8.78,9.3,9.28,9.82,11.98,13.98,16.2,16.85,18.25,18.71,15.22,16.05,18.81,20.23
금정구 - 주민등록인구＜br＞(B),Statistics,271046.0,264880.0,263338.0,258934.0,256398.0,252039.0,255419.0,254720.0,255692.0,253526.0,249856.0,246026.0,244624.0,244469.0,242956.0,239062.0,232666.0,228049.0,221256.0,215590.0
금천구 - 등록외국인＜br＞(A),Statistics,6414.0,7034.0,10746.0,15215.0,17924.0,18281.0,19349.0,20818.0,17446.0,17234.0,19567.0,19883.0,19268.0,18337.0,20104.0,19010.0,16102.0,14080.0,13176.0,13624.0
금천구 - 인구 천명당 외국인수＜br＞(A÷B×1000),Statistics,24.7,27.38,42.43,61.08,72.47,74.67,78.91,85.52,71.71,71.5,82.05,84.15,81.86,77.98,85.95,81.65,69.49,61.0,57.38,59.89
금천구 - 주민등록인구＜br＞(B),Statistics,259633.0,256902.0,253243.0,249108.0,247320.0,244835.0,245195.0,243438.0,243288.0,241020.0,238463.0,236284.0,235386.0,235154.0,233917.0,232810.0,231733.0,230811.0,229642.0,227481.0
기장군 - 등록외국인＜br＞(A),Statistics,766.0,737.0,875.0,873.0,977.0,996.0,1205.0,1400.0,1498.0,1553.0,1867.0,2071.0,2095.0,1998.0,2035.0,1963.0,1832.0,1801.0,2002.0,2435.0
기장군 - 인구 천명당 외국인수＜br＞(A÷B×1000),Statistics,9.6,9.2,11.03,10.97,12.04,11.14,11.75,12.95,13.08,11.72,12.9,13.53,13.22,12.36,12.34,11.92,10.5,10.17,11.21,13.62
기장군 - 주민등록인구＜br＞(B),Statistics,79788.0,80104.0,79334.0,79565.0,81159.0,89384.0,102557.0,108095.0,114566.0,132507.0,144748.0,153093.0,158527.0,161651.0,164864.0,164716.0,174545.0,177125.0,178614.0,178729.0
김제시 - 등록외국인＜br＞(A),Statistics,705.0,726.0,1014.0,1125.0,1205.0,1170.0,1211.0,1512.0,1653.0,1636.0,1761.0,1897.0,1965.0,1952.0,1998.0,2029.0,1876.0,1742.0,2173.0,2685.0
김제시 - 인구 천명당 외국인수＜br＞(A÷B×1000),Statistics,6.7,7.07,10.12,11.52,12.58,12.35,12.84,16.24,17.91,17.94,19.54,21.38,22.38,22.46,23.41,24.18,22.75,21.53,26.68,32.97
김제시 - 주민등록인구＜br＞(B),Statistics,105195.0,102720.0,100238.0,97615.0,95807.0,94770.0,94346.0,93111.0,92317.0,91218.0,90108.0,88721.0,87782.0,86926.0,85331.0,83895.0,82450.0,80913.0,81455.0,81430.0
김천시 - 등록외국인＜br＞(A),Statistics,1060.0,1056.0,1240.0,1480.0,1815.0,1878.0,1701.0,1735.0,1548.0,1599.0,1702.0,1855.0,1998.0,2160.0,2376.0,2391.0,2209.0,2359.0,2788.0,3114.0
김천시 - 인구 천명당 외국인수＜br＞(A÷B×1000),Statistics,7.39,7.46,8.88,10.64,13.15,13.82,12.49,12.74,11.42,11.82,12.56,13.24,14.05,15.11,16.84,16.93,15.72,16.82,20.01,22.64
김천시 - 주민등록인구＜br＞(B),Statistics,143527.0,141632.0,139682.0,139084.0,138056.0,135918.0,136136.0,136185.0,135504.0,135259.0,135456.0,140132.0,142256.0,142908.0,141104.0,141229.0,140548.0,140239.0,139324.0,137515.0
김포시 - 등록외국인＜br＞(A),Statistics,8497.0,7672.0,9734.0,10934.0,11362.0,11761.0,12330.0,12174.0,11687.0,13238.0,15590.0,16783.0,17835.0,18340.0,19849.0,20335.0,18796.0,17759.0,19840.0,22628.0
김포시 - 인구 천명당 외국인수＜br＞(A÷B×1000),Statistics,40.81,37.02,46.84,53.08,51.55,52.08,51.73,47.37,40.66,42.39,45.81,47.95,49.07,46.77,46.91,46.51,39.66,36.5,40.97,46.54
김포시 - 주민등록인구＜br＞(B),Statistics,208192.0,207229.0,207824.0,205997.0,220418.0,225805.0,238339.0,256994.0,287432.0,312305.0,340310.0,349990.0,363443.0,392092.0,423170.0,437221.0,473970.0,486508.0,484267.0,486172.0
김해시 - 등록외국인＜br＞(A),Statistics,5644.0,5779.0,8197.0,10129.0,12453.0,12643.0,13968.0,16115.0,15470.0,16132.0,17732.0,18522.0,18432.0,18626.0,18688.0,19013.0,16904.0,16046.0,17911.0,21425.0
김해시 - 인구 천명당 외국인수＜br＞(A÷B×1000),Statistics,13.2,13.04,18.07,21.78,26.08,25.68,27.75,31.78,30.14,30.9,33.63,35.02,34.82,35.0,35.02,35.05,31.17,29.84,33.47,40.15
김해시 - 주민등록인구＜br＞(B),Statistics,427432.0,443017.0,453728.0,464964.0,477572.0,492413.0,503348.0,507062.0,513260.0,522049.0,527240.0,528865.0,529422.0,532132.0,533672.0,542455.0,542338.0,537673.0,535129.0,533659.0
나주시 - 등록외국인＜br＞(A),Statistics,746.0,790.0,1058.0,1231.0,1362.0,1361.0,1422.0,1663.0,1608.0,1708.0,2002.0,2068.0,2384.0,2564.0,2801.0,2781.0,2638.0,2641.0,3097.0,3921.0
나주시 - 인구 천명당 외국인수＜br＞(A÷B×1000),Statistics,7.51,8.06,10.97,12.9,14.66,14.98,15.78,18.85,18.26,19.46,22.08,21.06,22.84,23.29,24.6,24.25,22.82,22.63,26.59,33.41
나주시 - 주민등록인구＜br＞(B),Statistics,99308.0,97980.0,96417.0,95439.0,92884.0,90875.0,90118.0,88243.0,88067.0,87754.0,90669.0,98182.0,104376.0,110110.0,113839.0,114664.0,115613.0,116726.0,116456.0,117377.0
남구 - 등록외국인＜br＞(A),Statistics,1114.0,1301.0,1625.0,2232.0,2652.0,3080.0,3446.0,3655.0,3498.0,3425.0,3148.0,3382.0,3845.0,5007.0,5718.0,5931.0,5023.0,4955.0,5538.0,6302.0
남구 - 인구 천명당 외국인수＜br＞(A÷B×1000),Statistics,3.66,4.3,5.45,7.52,8.89,10.34,11.55,12.38,12.01,11.74,10.97,11.95,13.79,18.28,20.43,21.61,18.76,18.91,21.6,24.79
남구 - 주민등록인구＜br＞(B),Statistics,304481.0,302257.0,297893.0,296666.0,298314.0,297963.0,298458.0,295121.0,291175.0,291770.0,286989.0,283101.0,278779.0,273854.0,279917.0,274480.0,267731.0,262069.0,256333.0,254185.0
남동구 - 등록외국인＜br＞(A),Statistics,10157.0,9286.0,10906.0,11645.0,11754.0,11471.0,12171.0,12236.0,10839.0,11760.0,12597.0,12504.0,12056.0,12181.0,12530.0,12427.0,11584.0,10928.0,11292.0,12186.0
남동구 - 인구 천명당 외국인수＜br＞(A÷B×1000),Statistics,26.43,24.48,27.96,27.39,26.12,24.75,25.71,24.7,21.52,23.19,24.48,23.53,22.71,22.7,23.33,23.33,22.05,21.09,22.31,24.75
남동구 - 주민등록인구＜br＞(B),Statistics,384244.0,379310.0,390044.0,425217.0,450054.0,463414.0,473423.0,495469.0,503597.0,507021.0,514656.0,531395.0,530982.0,536578.0,537161.0,532704.0,525354.0,518272.0,506181.0,492415.0
남양주시 - 등록외국인＜br＞(A),Statistics,4713.0,4444.0,5116.0,5594.0,5736.0,5488.0,5615.0,5467.0,5325.0,5438.0,5936.0,6179.0,6542.0,6799.0,7137.0,7477.0,7141.0,7058.0,7763.0,8515.0
남양주시 - 인구 천명당 외국인수＜br＞(A÷B×1000),Statistics,11.27,9.87,10.87,11.36,11.34,10.45,9.95,9.45,8.88,8.8,9.33,9.46,9.88,10.22,10.47,10.65,10.01,9.62,10.53,11.63
남양주시 - 주민등록인구＜br＞(B),Statistics,418360.0,450054.0,470617.0,492347.0,505867.0,525211.0,564141.0,578485.0,599539.0,618305.0,636256.0,653454.0,662154.0,665321.0,681828.0,701830.0,713321.0,733798.0,737353.0,732265.0
남원시 - 등록외국인＜br＞(A),Statistics,360.0,425.0,621.0,651.0,767.0,821.0,788.0,818.0,797.0,805.0,866.0,944.0,952.0,976.0,1012.0,1022.0,953.0,888.0,962.0,1180.0
남원시 - 인구 천명당 외국인수＜br＞(A÷B×1000),Statistics,3.74,4.54,6.8,7.29,8.68,9.36,8.98,9.35,9.16,9.31,10.11,11.12,11.31,11.72,12.26,12.55,11.81,11.18,12.34,15.37
남원시 - 주민등록인구＜br＞(B),Statistics,96243.0,93670.0,91265.0,89247.0,88356.0,87675.0,87775.0,87455.0,87000.0,86460.0,85643.0,84856.0,84188.0,83281.0,82554.0,81441.0,80662.0,79431.0,77948.0,76781.0
남해군 - 등록외국인＜br＞(A),Statistics,199.0,223.0,352.0,397.0,460.0,523.0,561.0,632.0,676.0,733.0,764.0,846.0,865.0,834.0,829.0,861.0,780.0,749.0,883.0,1017.0
남해군 - 인구 천명당 외국인수＜br＞(A÷B×1000),Statistics,3.75,4.3,6.93,7.21,9.07,10.41,11.37,12.58,14.02,15.52,16.38,18.45,19.17,18.68,18.85,19.74,18.16,17.72,21.24,24.94
남해군 - 주민등록인구＜br＞(B),Statistics,53129.0,51825.0,50792.0,55026.0,50698.0,50244.0,49328.0,50242.0,48223.0,47244.0,46638.0,45865.0,45129.0,44642.0,43990.0,43622.0,42958.0,42266.0,41579.0,40780.0
노원구 - 등록외국인＜br＞(A),Statistics,2371.0,2852.0,3583.0,4439.0,4827.0,4545.0,4195.0,4132.0,3640.0,3548.0,3504.0,3638.0,3631.0,3672.0,4408.0,4398.0,3995.0,3990.0,4280.0,4712.0
노원구 - 인구 천명당 외국인수＜br＞(A÷B×1000),Statistics,3.77,4.59,5.8,7.2,7.84,7.44,6.86,6.84,6.1,6.01,6.01,6.33,6.4,6.62,8.11,8.25,7.64,7.81,8.5,9.46
노원구 - 주민등록인구＜br＞(B),Statistics,628184.0,622003.0,618093.0,616753.0,615981.0,610616.0,611230.0,603930.0,597189.0,590479.0,582552.0,574583.0,567581.0,554403.0,543752.0,532905.0,523037.0,510956.0,503734.0,498213.0
논산시 - 등록외국인＜br＞(A),Statistics,931.0,993.0,1348.0,1879.0,2317.0,2500.0,2804.0,3177.0,3268.0,3121.0,3293.0,3503.0,3809.0,3952.0,4068.0,4139.0,3865.0,3701.0,4526.0,5403.0
논산시 - 인구 천명당 외국인수＜br＞(A÷B×1000),Statistics,6.87,7.4,10.25,14.51,18.13,19.67,21.99,24.91,25.8,24.8,26.39,28.2,30.91,32.33,33.84,34.83,33.13,32.33,40.19,48.93
논산시 - 주민등록인구＜br＞(B),Statistics,135572.0,134217.0,131466.0,129486.0,127797.0,127097.0,127507.0,127533.0,126653.0,125844.0,124784.0,124232.0,123213.0,122240.0,120230.0,118842.0,116675.0,114483.0,112617.0,110423.0
단양군 - 등록외국인＜br＞(A),Statistics,202.0,234.0,277.0,285.0,291.0,284.0,270.0,266.0,229.0,219.0,229.0,237.0,243.0,234.0,221.0,214.0,183.0,178.0,205.0,276.0
단양군 - 인구 천명당 외국인수＜br＞(A÷B×1000),Statistics,5.81,6.86,8.31,8.8,9.11,8.92,8.49,8.42,7.33,7.03,7.4,7.7,7.97,7.74,7.3,7.19,6.28,6.28,7.38,9.96
단양군 - 주민등록인구＜br＞(B),Statistics,34743.0,34122.0,33346.0,32399.0,31929.0,31842.0,31817.0,31595.0,31253.0,31171.0,30948.0,30761.0,30503.0,30215.0,30255.0,29756.0,29155.0,28331.0,27767.0,27701.0
달서구 - 등록외국인＜br＞(A),Statistics,5212.0,4992.0,6008.0,6866.0,7062.0,6927.0,7470.0,7895.0,7773.0,8255.0,8707.0,8819.0,8619.0,8464.0,9009.0,10465.0,9850.0,9703.0,10398.0,11394.0
달서구 - 인구 천명당 외국인수＜br＞(A÷B×1000),Statistics,8.67,8.38,10.2,11.61,11.88,11.58,12.3,13.02,12.81,13.52,14.36,14.63,14.56,14.64,15.71,18.4,17.63,17.81,19.36,21.59
달서구 - 주민등록인구＜br＞(B),Statistics,601467.0,595860.0,589041.0,591169.0,594616.0,598011.0,607083.0,606542.0,606557.0,610358.0,606433.0,602641.0,591891.0,578068.0,573413.0,568887.0,558631.0,544926.0,536989.0,527781.0
달성군 - 등록외국인＜br＞(A),Statistics,2303.0,2010.0,2379.0,2411.0,2360.0,2342.0,2724.0,3288.0,3302.0,3727.0,4444.0,4925.0,5317.0,5515.0,5802.0,6040.0,5341.0,5022.0,5626.0,6673.0
달성군 - 인구 천명당 외국인수＜br＞(A÷B×1000),Statistics,14.77,12.69,15.03,15.03,13.8,13.3,15.23,18.23,17.91,20.22,24.03,25.55,24.36,22.66,23.16,23.54,20.59,19.14,21.38,25.46
달성군 - 주민등록인구＜br＞(B),Statistics,155905.0,158353.0,158314.0,160443.0,171001.0,176135.0,178899.0,180351.0,184366.0,184358.0,184902.0,192747.0,218268.0,243375.0,250543.0,256540.0,259339.0,262451.0,263162.0,262084.0
담양군 - 등록외국인＜br＞(A),Statistics,468.0,480.0,533.0,581.0,602.0,600.0,640.0,664.0,749.0,857.0,1014.0,1015.0,1071.0,1049.0,1035.0,998.0,919.0,868.0,1062.0,1247.0
담양군 - 인구 천명당 외국인수＜br＞(A÷B×1000),Statistics,9.25,9.53,10.59,11.52,12.45,12.69,13.39,13.89,15.73,18.09,21.49,21.59,22.68,22.18,22.06,21.45,19.86,18.8,23.19,27.48
담양군 - 주민등록인구＜br＞(B),Statistics,50613.0,50364.0,50332.0,50441.0,48347.0,47286.0,47808.0,47819.0,47612.0,47365.0,47177.0,47009.0,47229.0,47285.0,46917.0,46535.0,46280.0,46180.0,45792.0,45373.0
당진시 - 등록외국인＜br＞(A),Statistics,,,,,,,,,3901.0,4306.0,5048.0,5137.0,5240.0,5377.0,5774.0,5982.0,5450.0,5112.0,5826.0,7322.0
당진시 - 인구 천명당 외국인수＜br＞(A÷B×1000),Statistics,,,,,,,,,25.15,26.98,31.0,31.11,31.45,32.11,34.42,35.81,32.78,30.59,34.63,42.99
당진시 - 주민등록인구＜br＞(B),Statistics,,,,,,,,,155104.0,159615.0,162844.0,165122.0,166630.0,167439.0,167770.0,167042.0,166249.0,167092.0,168253.0,170302.0
대구광역시 - 등록외국인＜br＞(A),Statistics,15026.0,14530.0,17104.0,19409.0,19877.0,19406.0,20401.0,22014.0,21922.0,23302.0,25203.0,26141.0,26493.0,26442.0,28033.0,30191.0,27798.0,27230.0,29568.0,33305.0
대구광역시 - 인구 천명당 외국인수＜br＞(A÷B×1000),Statistics,5.95,5.79,6.85,7.78,7.97,7.79,8.12,8.78,8.75,9.31,10.11,10.51,10.66,10.68,11.39,12.38,11.49,11.42,12.51,14.02
대구광역시 - 주민등록인구＜br＞(B),Statistics,2524712.0,2511306.0,2496115.0,2493261.0,2492724.0,2489781.0,2511676.0,2507271.0,2505644.0,2501588.0,2493264.0,2487829.0,2484557.0,2475231.0,2461769.0,2438031.0,2418346.0,2385412.0,2363691.0,2374960.0
대덕구 - 등록외국인＜br＞(A),Statistics,1261.0,1372.0,1682.0,1873.0,2007.0,1967.0,2049.0,2028.0,1920.0,2031.0,2093.0,2256.0,2346.0,2303.0,2275.0,2388.0,2122.0,2039.0,2405.0,2718.0
대덕구 - 인구 천명당 외국인수＜br＞(A÷B×1000),Statistics,5.56,6.14,7.74,8.78,9.5,9.45,9.87,9.88,9.33,9.94,10.38,11.46,12.18,12.32,12.5,13.49,12.03,11.65,13.92,16.0
대덕구 - 주민등록인구＜br＞(B),Statistics,226947.0,223287.0,217332.0,213275.0,211241.0,208147.0,207549.0,205339.0,205688.0,204360.0,201558.0,196839.0,192688.0,186902.0,181991.0,177031.0,176384.0,175046.0,172746.0,169853.0
대전광역시 - 등록외국인＜br＞(A),Statistics,7279.0,7897.0,9803.0,12177.0,14056.0,14485.0,14876.0,15047.0,14571.0,14798.0,15658.0,16416.0,17035.0,17431.0,18184.0,19109.0,16895.0,17292.0,20594.0,23384.0
대전광역시 - 인구 천명당 외국인수＜br＞(A÷B×1000),Statistics,5.04,5.43,6.69,8.25,9.49,9.76,9.89,9.93,9.56,9.65,10.22,10.81,11.25,11.6,12.2,12.96,11.54,11.91,14.24,16.21
대전광역시 - 주민등록인구＜br＞(B),Statistics,1443471.0,1454638.0,1466158.0,1475659.0,1480895.0,1484180.0,1503664.0,1515603.0,1524583.0,1532811.0,1531809.0,1518775.0,1514370.0,1502227.0,1489936.0,1474870.0,1463882.0,1452251.0,1446072.0,1442216.0
도봉구 - 등록외국인＜br＞(A),Statistics,1672.0,1919.0,2221.0,2584.0,2762.0,2665.0,2436.0,2376.0,2184.0,2027.0,2003.0,1999.0,2052.0,2068.0,2236.0,2269.0,2104.0,2007.0,2295.0,2546.0
도봉구 - 인구 천명당 외국인수＜br＞(A÷B×1000),Statistics,4.38,5.03,5.88,6.87,7.39,7.21,6.61,6.5,6.03,5.65,5.66,5.69,5.89,6.01,6.59,6.81,6.47,6.32,7.36,8.29
도봉구 - 주민등록인구＜br＞(B),Statistics,381939.0,381529.0,377534.0,375975.0,373936.0,369733.0,368298.0,365573.0,362270.0,358582.0,353709.0,351242.0,348220.0,344166.0,339413.0,333362.0,325257.0,317366.0,311694.0,306948.0
동구 - 등록외국인＜br＞(A),Statistics,848.0,879.0,954.0,1089.0,1219.0,1287.0,1345.0,1425.0,1378.0,1439.0,1452.0,1413.0,1515.0,1502.0,1714.0,1794.0,1673.0,1563.0,1615.0,1792.0
동구 - 인구 천명당 외국인수＜br＞(A÷B×1000),Statistics,7.43,8.0,8.93,10.38,11.86,12.72,13.25,14.19,13.99,14.99,15.35,15.35,16.87,16.9,19.72,20.35,18.82,17.83,18.68,20.41
동구 - 주민등록인구＜br＞(B),Statistics,114204.0,109879.0,106890.0,104881.0,102764.0,101153.0,101514.0,100420.0,98529.0,96011.0,94565.0,92069.0,89826.0,88868.0,86912.0,88165.0,88901.0,87679.0,86462.0,87792.0
동대문구 - 등록외국인＜br＞(A),Statistics,4492.0,5170.0,6852.0,9404.0,11413.0,12131.0,12557.0,13048.0,12425.0,12172.0,12632.0,13671.0,15243.0,15364.0,16286.0,16829.0,14177.0,14606.0,16957.0,18724.0
동대문구 - 인구 천명당 외국인수＜br＞(A÷B×1000),Statistics,11.84,13.57,18.09,24.98,30.83,33.5,34.24,35.7,34.2,33.41,34.73,37.96,42.93,43.82,46.79,48.61,41.35,43.29,50.37,54.89
동대문구 - 주민등록인구＜br＞(B),Statistics,379404.0,381110.0,378860.0,376421.0,370250.0,362146.0,366786.0,365486.0,363258.0,364273.0,363687.0,360153.0,355069.0,350647.0,348052.0,346194.0,342837.0,337400.0,336644.0,341149.0
동두천시 - 등록외국인＜br＞(A),Statistics,1903.0,1978.0,2007.0,2135.0,2372.0,2568.0,2658.0,2561.0,2491.0,2673.0,2933.0,3076.0,3126.0,3195.0,3340.0,3477.0,3334.0,3268.0,3554.0,3788.0
동두천시 - 인구 천명당 외국인수＜br＞(A÷B×1000),Statistics,24.02,23.94,23.39,24.05,26.11,27.55,27.79,26.61,25.63,27.4,30.05,31.4,31.81,32.91,34.71,36.69,35.34,34.92,38.82,42.74
동두천시 - 주민등록인구＜br＞(B),Statistics,79214.0,82623.0,85803.0,88780.0,90835.0,93211.0,95653.0,96253.0,97175.0,97557.0,97595.0,97974.0,98277.0,97071.0,96226.0,94768.0,94353.0,93592.0,91546.0,88626.0
동래구 - 등록외국인＜br＞(A),Statistics,599.0,633.0,741.0,888.0,930.0,881.0,857.0,907.0,1038.0,907.0,852.0,879.0,920.0,945.0,937.0,967.0,931.0,873.0,915.0,1023.0
동래구 - 인구 천명당 외국인수＜br＞(A÷B×1000),Statistics,2.14,2.29,2.65,3.12,3.29,3.13,3.03,3.2,3.72,3.28,3.09,3.22,3.37,3.49,3.52,3.57,3.44,3.27,3.35,3.78
동래구 - 주민등록인구＜br＞(B),Statistics,279366.0,276095.0,279528.0,284901.0,282673.0,281644.0,282779.0,283742.0,278767.0,276689.0,275971.0,272837.0,272745.0,270727.0,266515.0,271247.0,270745.0,266866.0,273226.0,270815.0
동작구 - 등록외국인＜br＞(A),Statistics,3254.0,4187.0,6396.0,8872.0,10068.0,10053.0,11105.0,12256.0,10777.0,10672.0,11791.0,12133.0,12250.0,12276.0,13182.0,12949.0,10352.0,8881.0,9836.0,10945.0
동작구 - 인구 천명당 외국인수＜br＞(A÷B×1000),Statistics,7.92,10.2,15.65,21.85,25.12,25.26,27.58,30.53,26.58,25.98,28.94,30.28,30.55,30.98,33.27,32.7,26.46,23.04,25.84,28.9
동작구 - 주민등록인구＜br＞(B),Statistics,410945.0,410481.0,408582.0,405967.0,400866.0,397920.0,402709.0,401408.0,405491.0,410815.0,407470.0,400641.0,400997.0,396217.0,396203.0,395963.0,391220.0,385483.0,380596.0,378769.0
동해시 - 등록외국인＜br＞(A),Statistics,321.0,317.0,438.0,547.0,589.0,579.0,561.0,562.0,543.0,571.0,641.0,663.0,661.0,806.0,865.0,931.0,899.0,728.0,835.0,972.0
동해시 - 인구 천명당 외국인수＜br＞(A÷B×1000),Statistics,3.19,3.19,4.49,5.66,6.16,6.08,5.89,5.87,5.78,6.0,6.78,7.06,7.08,8.68,9.48,10.28,9.92,8.08,9.34,10.97
동해시 - 주민등록인구＜br＞(B),Statistics,100727.0,99230.0,97497.0,96652.0,95652.0,95271.0,95236.0,95804.0,93897.0,95143.0,94562.0,93895.0,93297.0,92851.0,91272.0,90522.0,90593.0,90081.0,89426.0,88625.0
마포구 - 등록외국인＜br＞(A),Statistics,4654.0,4991.0,6466.0,7742.0,8122.0,8300.0,8599.0,9137.0,8932.0,9242.0,10391.0,10708.0,10995.0,10868.0,11282.0,11890.0,9968.0,9781.0,10947.0,11465.0
마포구 - 인구 천명당 외국인수＜br＞(A÷B×1000),Statistics,12.14,12.86,16.55,19.72,21.09,21.61,21.94,23.46,23.22,24.2,26.96,27.62,28.94,28.99,30.08,31.79,26.8,26.51,30.02,31.52
마포구 - 주민등록인구＜br＞(B),Statistics,383457.0,388164.0,390583.0,392650.0,385119.0,384013.0,391865.0,389493.0,384644.0,381856.0,385439.0,387643.0,379892.0,374915.0,375077.0,374035.0,371890.0,368905.0,364638.0,363697.0
목포시 - 등록외국인＜br＞(A),Statistics,663.0,884.0,1076.0,1489.0,1969.0,2025.0,2020.0,2123.0,2142.0,2235.0,2635.0,2831.0,2816.0,2868.0,3096.0,3314.0,3134.0,3053.0,3508.0,4191.0
목포시 - 인구 천명당 외국인수＜br＞(A÷B×1000),Statistics,2.74,3.64,4.45,6.12,8.02,8.29,8.23,8.67,8.74,9.28,11.02,11.88,11.84,12.24,13.33,14.42,13.99,13.97,16.17,19.57
목포시 - 주민등록인구＜br＞(B),Statistics,241717.0,242988.0,241679.0,243312.0,245651.0,244339.0,245422.0,244871.0,245073.0,240936.0,239109.0,238382.0,237739.0,234379.0,232327.0,229861.0,224044.0,218589.0,216939.0,214156.0
무안군 - 등록외국인＜br＞(A),Statistics,397.0,470.0,591.0,808.0,1227.0,1413.0,1453.0,1558.0,1467.0,1401.0,1411.0,1517.0,1672.0,1686.0,1600.0,1628.0,1498.0,1583.0,1956.0,2083.0
무안군 - 인구 천명당 외국인수＜br＞(A÷B×1000),Statistics,6.35,7.59,9.57,12.69,18.42,19.51,19.51,20.58,19.37,17.65,17.27,18.45,20.36,20.34,19.51,20.07,17.39,17.38,21.59,23.07
무안군 - 주민등록인구＜br＞(B),Statistics,62472.0,61915.0,61766.0,63674.0,66598.0,72417.0,74475.0,75718.0,75741.0,79367.0,81696.0,82236.0,82109.0,82872.0,81991.0,81105.0,86132.0,91107.0,90608.0,90296.0
무주군 - 등록외국인＜br＞(A),Statistics,89.0,116.0,162.0,191.0,196.0,168.0,186.0,187.0,189.0,200.0,226.0,250.0,259.0,250.0,238.0,233.0,216.0,192.0,292.0,327.0
무주군 - 인구 천명당 외국인수＜br＞(A÷B×1000),Statistics,3.4,4.48,6.37,7.25,7.53,6.51,7.27,7.23,7.46,7.87,8.9,9.91,10.38,10.08,9.68,9.59,8.99,8.08,12.43,14.06
무주군 - 주민등록인구＜br＞(B),Statistics,26183.0,25876.0,25417.0,26361.0,26017.0,25811.0,25578.0,25863.0,25321.0,25398.0,25390.0,25220.0,24949.0,24809.0,24589.0,24303.0,24036.0,23748.0,23489.0,23251.0
문경시 - 등록외국인＜br＞(A),Statistics,268.0,299.0,320.0,443.0,487.0,497.0,542.0,577.0,571.0,581.0,609.0,603.0,655.0,632.0,673.0,682.0,661.0,621.0,688.0,881.0
문경시 - 인구 천명당 외국인수＜br＞(A÷B×1000),Statistics,3.37,3.83,4.2,5.92,6.45,6.48,7.0,7.52,7.52,7.68,8.02,7.96,8.77,8.62,9.36,9.44,9.26,8.73,9.78,12.81
문경시 - 주민등록인구＜br＞(B),Statistics,79552.0,78058.0,76177.0,74780.0,75486.0,76645.0,77391.0,76727.0,75899.0,75664.0,75911.0,75784.0,74702.0,73294.0,71874.0,72242.0,71406.0,71154.0,70373.0,68755.0
미추홀구 - 등록외국인＜br＞(A),Statistics,,,,,,,,,,,,,,,8929.0,9632.0,8903.0,9087.0,10408.0,11595.0
미추홀구 - 인구 천명당 외국인수＜br＞(A÷B×1000),Statistics,,,,,,,,,,,,,,,21.44,23.56,22.02,22.3,25.64,28.56
미추홀구 - 주민등록인구＜br＞(B),Statistics,,,,,,,,,,,,,,,416542.0,408862.0,404343.0,407464.0,406004.0,405995.0
밀양시 - 등록외국인＜br＞(A),Statistics,737.0,684.0,822.0,978.0,1052.0,942.0,993.0,1187.0,1212.0,1407.0,1782.0,2089.0,2329.0,2497.0,2627.0,2870.0,2588.0,2470.0,3014.0,4223.0
밀양시 - 인구 천명당 외국인수＜br＞(A÷B×1000),Statistics,6.38,6.02,7.34,8.77,9.49,8.55,8.99,10.86,11.14,12.99,16.54,19.36,21.49,23.14,24.61,27.19,24.69,23.86,29.28,41.37
밀양시 - 주민등록인구＜br＞(B),Statistics,115459.0,113636.0,112025.0,111473.0,110858.0,110170.0,110479.0,109329.0,108755.0,108342.0,107765.0,107896.0,108354.0,107898.0,106744.0,105552.0,104831.0,103525.0,102945.0,102084.0
보령시 - 등록외국인＜br＞(A),Statistics,540.0,583.0,935.0,1146.0,1297.0,1387.0,1519.0,1839.0,1879.0,2070.0,2381.0,2525.0,2628.0,2803.0,2891.0,3048.0,2859.0,2858.0,3232.0,4251.0
보령시 - 인구 천명당 외국인수＜br＞(A÷B×1000),Statistics,4.96,5.4,8.69,10.65,12.13,12.99,14.15,17.28,17.8,19.73,22.82,24.1,25.3,27.16,28.35,30.14,28.52,29.04,33.27,44.39
보령시 - 주민등록인구＜br＞(B),Statistics,108861.0,108056.0,107591.0,107637.0,106885.0,106754.0,107346.0,106421.0,105559.0,104938.0,104321.0,104754.0,103873.0,103198.0,101990.0,101114.0,100229.0,98408.0,97157.0,95772.0
보성군 - 등록외국인＜br＞(A),Statistics,111.0,146.0,159.0,225.0,372.0,447.0,464.0,328.0,332.0,351.0,402.0,432.0,493.0,490.0,492.0,488.0,439.0,411.0,473.0,799.0
보성군 - 인구 천명당 외국인수＜br＞(A÷B×1000),Statistics,2.04,2.75,3.06,4.42,7.44,9.11,9.51,6.85,7.06,7.57,8.76,9.53,11.09,11.2,11.49,11.78,10.84,10.44,12.29,21.2
보성군 - 주민등록인구＜br＞(B),Statistics,54288.0,53145.0,51948.0,50921.0,50004.0,49048.0,48792.0,47894.0,47050.0,46385.0,45882.0,45349.0,44469.0,43755.0,42803.0,41420.0,40482.0,39375.0,38471.0,37686.0
보은군 - 등록외국인＜br＞(A),Statistics,238.0,352.0,418.0,413.0,374.0,367.0,372.0,394.0,374.0,407.0,413.0,435.0,461.0,485.0,509.0,504.0,500.0,504.0,549.0,628.0
보은군 - 인구 천명당 외국인수＜br＞(A÷B×1000),Statistics,6.25,9.48,11.52,11.68,10.66,10.53,10.64,11.35,10.86,11.86,12.06,12.68,13.47,14.24,15.11,15.3,15.43,15.81,17.45,20.25
보은군 - 주민등록인구＜br＞(B),Statistics,38062.0,37114.0,36293.0,35354.0,35069.0,34845.0,34956.0,34717.0,34438.0,34318.0,34240.0,34296.0,34221.0,34053.0,33680.0,32949.0,32412.0,31878.0,31455.0,31010.0
봉화군 - 등록외국인＜br＞(A),Statistics,136.0,139.0,167.0,197.0,229.0,242.0,243.0,248.0,249.0,277.0,285.0,280.0,270.0,302.0,307.0,314.0,318.0,310.0,330.0,374.0
봉화군 - 인구 천명당 외국인수＜br＞(A÷B×1000),Statistics,3.62,3.8,4.69,5.62,6.61,7.06,7.03,7.25,7.34,8.17,8.38,8.28,8.05,9.08,9.35,9.77,10.1,10.08,10.95,12.63
봉화군 - 주민등록인구＜br＞(B),Statistics,37526.0,36599.0,35608.0,35046.0,34628.0,34297.0,34567.0,34192.0,33934.0,33894.0,34023.0,33808.0,33539.0,33259.0,32843.0,32150.0,31494.0,30762.0,30139.0,29603.0
부산광역시 - 등록외국인＜br＞(A),Statistics,17808.0,19547.0,23397.0,27662.0,31499.0,31310.0,32471.0,35116.0,35049.0,35943.0,38315.0,39991.0,41840.0,42837.0,45738.0,45999.0,40366.0,39420.0,42863.0,49090.0
부산광역시 - 인구 천명당 외국인수＜br＞(A÷B×1000),Statistics,4.86,5.37,6.48,7.71,8.84,8.84,9.1,9.89,9.91,10.19,10.89,11.38,11.96,12.34,13.29,13.47,11.9,11.77,12.92,14.91
부산광역시 - 주민등록인구＜br＞(B),Statistics,3666345.0,3638293.0,3611992.0,3587439.0,3564577.0,3543030.0,3567910.0,3550963.0,3538484.0,3527635.0,3519401.0,3513777.0,3498529.0,3470653.0,3441453.0,3413841.0,3391946.0,3350380.0,3317812.0,3293362.0
부산진구 - 등록외국인＜br＞(A),Statistics,1326.0,1445.0,1622.0,1972.0,2426.0,2412.0,2348.0,2367.0,2301.0,2192.0,2180.0,2264.0,2324.0,2284.0,2462.0,2661.0,2330.0,2308.0,2284.0,2488.0
부산진구 - 인구 천명당 외국인수＜br＞(A÷B×1000),Statistics,3.27,3.52,4.0,4.9,6.06,6.1,5.93,5.99,5.86,5.62,5.63,5.93,6.17,6.14,6.79,7.44,6.47,6.54,6.42,6.92
부산진구 - 주민등록인구＜br＞(B),Statistics,405534.0,410610.0,405775.0,402359.0,400516.0,395689.0,395826.0,395044.0,392731.0,389765.0,387378.0,381572.0,376526.0,371703.0,362357.0,357880.0,359886.0,353159.0,355917.0,359508.0
부안군 - 등록외국인＜br＞(A),Statistics,226.0,249.0,329.0,431.0,451.0,457.0,459.0,475.0,484.0,512.0,559.0,644.0,677.0,658.0,697.0,855.0,809.0,792.0,956.0,1032.0
부안군 - 인구 천명당 외국인수＜br＞(A÷B×1000),Statistics,3.38,3.83,5.2,6.97,7.41,7.59,7.63,8.04,8.22,8.65,9.72,11.33,11.88,11.73,12.8,16.04,15.52,15.59,19.08,20.98
부안군 - 주민등록인구＜br＞(B),Statistics,66766.0,65018.0,63243.0,61879.0,60872.0,60204.0,60138.0,59080.0,58869.0,59164.0,57534.0,56848.0,57005.0,56086.0,54441.0,53295.0,52140.0,50795.0,50094.0,49187.0
부여군 - 등록외국인＜br＞(A),Statistics,413.0,420.0,520.0,572.0,713.0,731.0,833.0,859.0,867.0,965.0,1046.0,1114.0,1175.0,1209.0,1176.0,1244.0,1118.0,1119.0,1374.0,1747.0
부여군 - 인구 천명당 외국인수＜br＞(A÷B×1000),Statistics,4.96,5.16,6.53,7.34,9.3,9.67,11.1,11.61,11.83,13.3,14.58,15.66,16.74,17.5,17.27,18.64,17.11,17.55,22.04,28.62
부여군 - 주민등록인구＜br＞(B),Statistics,83260.0,81430.0,79595.0,77916.0,76687.0,75564.0,75029.0,74004.0,73259.0,72547.0,71754.0,71143.0,70187.0,69086.0,68078.0,66740.0,65354.0,63774.0,62343.0,61046.0
부천시 - 등록외국인＜br＞(A),Statistics,8804.0,8038.0,10163.0,12532.0,14359.0,15032.0,15671.0,17048.0,16005.0,17187.0,19159.0,20178.0,20405.0,21345.0,24338.0,25689.0,24405.0,23779.0,24187.0,26388.0
부천시 - 인구 천명당 외국인수＜br＞(A÷B×1000),Statistics,10.29,9.4,11.82,14.5,16.55,17.28,17.91,19.54,18.4,19.9,22.39,23.77,23.97,25.1,28.84,30.95,29.82,29.5,30.61,33.83
부천시 - 주민등록인구＜br＞(B),Statistics,855697.0,855359.0,860020.0,864037.0,867678.0,869944.0,875204.0,872452.0,869944.0,863720.0,855586.0,848987.0,851380.0,850329.0,843768.0,829996.0,818383.0,806067.0,790128.0,779968.0
부평구 - 등록외국인＜br＞(A),Statistics,3985.0,4145.0,5347.0,6726.0,7814.0,7780.0,7759.0,8194.0,7746.0,8328.0,9329.0,10128.0,10933.0,12221.0,13497.0,14549.0,13919.0,13781.0,14301.0,15463.0
부평구 - 인구 천명당 외국인수＜br＞(A÷B×1000),Statistics,7.15,7.31,9.38,11.82,13.73,13.8,13.67,14.61,13.86,14.95,16.75,18.22,19.89,22.63,25.73,28.44,28.12,28.31,29.24,31.29
부평구 - 주민등록인구＜br＞(B),Statistics,557144.0,567347.0,570283.0,568905.0,569246.0,563920.0,567493.0,560936.0,559047.0,556985.0,556992.0,555844.0,549716.0,539941.0,524640.0,511577.0,494962.0,486765.0,489118.0,494138.0
북구 - 등록외국인＜br＞(A),Statistics,660.0,784.0,939.0,1300.0,1469.0,1379.0,1335.0,1251.0,1148.0,1161.0,1241.0,1285.0,1602.0,1829.0,2314.0,2280.0,2050.0,1887.0,1804.0,1896.0
북구 - 인구 천명당 외국인수＜br＞(A÷B×1000),Statistics,1.98,2.34,2.84,4.0,4.61,4.39,4.28,4.06,3.67,3.75,4.04,4.14,5.16,6.04,7.79,7.83,7.22,6.66,6.47,6.93
북구 - 주민등록인구＜br＞(B),Statistics,333316.0,335699.0,330446.0,325302.0,318859.0,314227.0,312218.0,307988.0,312937.0,309719.0,306974.0,310484.0,310202.0,302924.0,296952.0,291132.0,283952.0,283211.0,278857.0,273596.0
사상구 - 등록외국인＜br＞(A),Statistics,2529.0,2426.0,2939.0,3368.0,3788.0,3701.0,3830.0,4102.0,3953.0,4217.0,4411.0,4523.0,4825.0,4912.0,5181.0,4942.0,4119.0,4056.0,4377.0,5466.0
사상구 - 인구 천명당 외국인수＜br＞(A÷B×1000),Statistics,8.97,8.74,10.83,12.68,14.52,14.5,14.85,16.12,15.79,17.09,18.16,19.03,20.73,21.43,23.2,22.66,19.38,19.47,21.48,26.94
사상구 - 주민등록인구＜br＞(B),Statistics,282097.0,277481.0,271484.0,265512.0,260897.0,255274.0,257843.0,254413.0,250424.0,246797.0,242953.0,237711.0,232800.0,229219.0,223361.0,218094.0,212586.0,208298.0,203789.0,202932.0
사천시 - 등록외국인＜br＞(A),Statistics,547.0,637.0,932.0,1217.0,1654.0,1830.0,2075.0,2555.0,2647.0,2871.0,3154.0,3117.0,3132.0,3113.0,3319.0,3417.0,2927.0,2932.0,3127.0,3553.0
사천시 - 인구 천명당 외국인수＜br＞(A÷B×1000),Statistics,4.85,5.72,8.3,10.82,14.66,16.23,18.18,22.39,22.95,24.57,27.08,27.0,27.26,27.25,29.14,30.53,26.34,26.67,28.59,32.59
사천시 - 주민등록인구＜br＞(B),Statistics,112670.0,111293.0,112300.0,112499.0,112828.0,112724.0,114148.0,114133.0,115321.0,116851.0,116485.0,115452.0,114912.0,114252.0,113888.0,111925.0,111105.0,109953.0,109369.0,109030.0
사하구 - 등록외국인＜br＞(A),Statistics,2671.0,2595.0,3243.0,3678.0,4045.0,3830.0,3967.0,4208.0,4043.0,4133.0,4488.0,4428.0,4363.0,4131.0,4271.0,4260.0,3818.0,3535.0,3836.0,4391.0
사하구 - 인구 천명당 외국인수＜br＞(A÷B×1000),Statistics,7.14,6.98,8.84,10.09,11.07,10.64,11.06,11.84,11.46,11.84,13.07,13.11,13.04,12.39,13.03,13.27,12.25,11.55,12.7,14.74
사하구 - 주민등록인구＜br＞(B),Statistics,374248.0,371909.0,366865.0,364693.0,365368.0,359800.0,358730.0,355443.0,352726.0,349110.0,343371.0,337781.0,334603.0,333301.0,327791.0,321004.0,311757.0,306003.0,301987.0,297831.0
산청군 - 등록외국인＜br＞(A),Statistics,114.0,166.0,234.0,287.0,312.0,318.0,309.0,359.0,388.0,454.0,514.0,584.0,603.0,631.0,677.0,608.0,573.0,511.0,619.0,869.0
산청군 - 인구 천명당 외국인수＜br＞(A÷B×1000),Statistics,3.09,4.57,6.55,8.14,8.9,9.11,8.68,10.07,10.87,12.63,14.34,16.19,16.7,17.36,18.83,17.17,16.44,14.87,18.19,25.75
산청군 - 주민등록인구＜br＞(B),Statistics,36849.0,36294.0,35704.0,35274.0,35043.0,34921.0,35591.0,35651.0,35691.0,35935.0,35849.0,36071.0,36098.0,36340.0,35952.0,35417.0,34857.0,34360.0,34028.0,33752.0
삼척시 - 등록외국인＜br＞(A),Statistics,276.0,300.0,437.0,465.0,477.0,496.0,538.0,536.0,731.0,760.0,625.0,695.0,772.0,825.0,789.0,773.0,696.0,635.0,748.0,851.0
삼척시 - 인구 천명당 외국인수＜br＞(A÷B×1000),Statistics,3.71,4.1,6.09,6.57,6.72,6.9,7.47,7.41,10.09,10.41,8.64,9.81,11.09,12.04,11.55,11.5,10.67,10.01,11.79,13.58
삼척시 - 주민등록인구＜br＞(B),Statistics,74301.0,73134.0,71750.0,70791.0,70954.0,71935.0,72046.0,72312.0,72463.0,73023.0,72314.0,70839.0,69599.0,68514.0,68326.0,67228.0,65243.0,63429.0,63455.0,62651.0
상주시 - 등록외국인＜br＞(A),Statistics,358.0,448.0,559.0,666.0,760.0,782.0,833.0,816.0,810.0,824.0,906.0,893.0,902.0,913.0,940.0,990.0,910.0,926.0,1335.0,1857.0
상주시 - 인구 천명당 외국인수＜br＞(A÷B×1000),Statistics,3.18,4.06,5.16,6.25,7.21,7.36,7.89,7.79,7.77,7.97,8.81,8.72,8.86,9.04,9.37,9.83,9.36,9.69,14.08,19.79
상주시 - 주민등록인구＜br＞(B),Statistics,112585.0,110444.0,108280.0,106600.0,105381.0,106208.0,105607.0,104685.0,104182.0,103346.0,102892.0,102374.0,101799.0,100947.0,100297.0,100688.0,97228.0,95566.0,94823.0,93858.0
서구 - 등록외국인＜br＞(A),Statistics,712.0,712.0,773.0,863.0,1017.0,1026.0,1028.0,1106.0,1212.0,1261.0,1391.0,1465.0,1580.0,1673.0,1843.0,1877.0,1691.0,1766.0,1983.0,2348.0
서구 - 인구 천명당 외국인수＜br＞(A÷B×1000),Statistics,5.0,5.1,5.67,6.5,7.86,8.16,8.16,8.94,10.03,10.62,11.78,12.63,13.99,15.2,16.67,17.34,15.64,16.79,18.85,22.56
서구 - 주민등록인구＜br＞(B),Statistics,142460.0,139607.0,136226.0,132803.0,129385.0,125785.0,126040.0,123718.0,120828.0,118783.0,118115.0,115963.0,112973.0,110039.0,110534.0,108229.0,108135.0,105164.0,105192.0,104089.0
서귀포시 - 등록외국인＜br＞(A),Statistics,,,981.0,1224.0,1485.0,1512.0,1788.0,2325.0,2979.0,3572.0,4713.0,6058.0,6933.0,7988.0,8996.0,9123.0,8051.0,6970.0,7387.0,9014.0
서귀포시 - 인구 천명당 외국인수＜br＞(A÷B×1000),Statistics,,,6.33,7.96,9.7,9.93,11.63,15.16,19.34,22.95,29.73,36.82,40.56,44.78,49.63,50.24,44.2,37.95,39.98,49.1
서귀포시 - 주민등록인구＜br＞(B),Statistics,,,154895.0,153800.0,153120.0,152285.0,153716.0,153366.0,154057.0,155641.0,158512.0,164519.0,170932.0,178383.0,181245.0,181584.0,182169.0,183663.0,184770.0,183598.0
서대문구 - 등록외국인＜br＞(A),Statistics,6115.0,6771.0,7632.0,8599.0,9043.0,9198.0,9330.0,9678.0,9620.0,9957.0,10485.0,10964.0,11677.0,12228.0,12767.0,13774.0,10779.0,10840.0,13217.0,14398.0
서대문구 - 인구 천명당 외국인수＜br＞(A÷B×1000),Statistics,17.37,19.39,21.87,24.67,27.26,28.09,28.75,30.74,30.53,31.7,33.78,35.13,37.16,39.09,41.14,44.52,34.53,35.56,43.15,47.02
서대문구 - 주민등록인구＜br＞(B),Statistics,352071.0,349163.0,349020.0,348575.0,331688.0,327451.0,324541.0,314852.0,315113.0,314110.0,310376.0,312141.0,314194.0,312800.0,310313.0,309397.0,312173.0,304819.0,306337.0,306231.0
서산시 - 등록외국인＜br＞(A),Statistics,759.0,989.0,1390.0,1616.0,2013.0,2352.0,2587.0,2856.0,2899.0,3114.0,3309.0,3616.0,3974.0,4091.0,4459.0,4461.0,4078.0,3854.0,4398.0,5121.0
서산시 - 인구 천명당 외국인수＜br＞(A÷B×1000),Statistics,5.06,6.58,9.21,10.52,12.83,14.8,16.12,17.69,17.75,18.78,19.74,21.26,23.27,23.83,25.6,25.54,23.22,21.82,24.93,29.09
서산시 - 주민등록인구＜br＞(B),Statistics,150131.0,150294.0,150889.0,153569.0,156867.0,158886.0,160468.0,161489.0,163315.0,165837.0,167611.0,170099.0,170788.0,171678.0,174162.0,174690.0,175591.0,176645.0,176413.0,176011.0
서울특별시 - 등록외국인＜br＞(A),Statistics,114685.0,129660.0,175036.0,229072.0,255207.0,255749.0,262902.0,279220.0,247108.0,244410.0,266360.0,274957.0,273441.0,267153.0,283984.0,281876.0,242623.0,226569.0,239297.0,252765.0
서울특별시 - 인구 천명당 외국인수＜br＞(A÷B×1000),Statistics,11.27,12.75,17.19,22.47,25.02,25.05,25.49,27.24,24.24,24.09,26.36,27.43,27.54,27.1,29.08,28.97,25.09,23.83,25.38,26.93
서울특별시 - 주민등록인구＜br＞(B),Statistics,10173162.0,10167344.0,10181166.0,10192710.0,10200827.0,10208302.0,10312545.0,10249679.0,10195318.0,10143645.0,10103233.0,10022181.0,9930616.0,9857426.0,9765623.0,9729107.0,9668465.0,9509458.0,9428372.0,9386034.0
서천군 - 등록외국인＜br＞(A),Statistics,310.0,354.0,476.0,564.0,689.0,606.0,763.0,883.0,916.0,1007.0,1159.0,1233.0,1216.0,1247.0,1367.0,1400.0,1277.0,1270.0,1435.0,1970.0
서천군 - 인구 천명당 외국인수＜br＞(A÷B×1000),Statistics,4.72,5.5,7.6,9.22,11.39,10.09,12.7,14.83,15.55,17.23,20.08,21.67,21.71,22.6,25.35,26.51,24.62,25.03,28.72,40.11
서천군 - 주민등록인구＜br＞(B),Statistics,65650.0,64322.0,62629.0,61168.0,60507.0,60066.0,60085.0,59541.0,58920.0,58441.0,57713.0,56910.0,56012.0,55175.0,53922.0,52805.0,51866.0,50745.0,49964.0,49116.0
서초구 - 등록외국인＜br＞(A),Statistics,5884.0,5139.0,5704.0,5982.0,5745.0,5650.0,5301.0,5450.0,4954.0,4778.0,4610.0,4494.0,4285.0,4299.0,4212.0,4281.0,3899.0,3888.0,4126.0,4414.0
서초구 - 인구 천명당 외국인수＜br＞(A÷B×1000),Statistics,14.68,12.79,13.97,14.74,14.14,13.28,12.19,12.57,11.39,10.82,10.25,10.06,9.58,9.75,9.71,9.94,9.17,9.43,10.2,10.83
서초구 - 주민등록인구＜br＞(B),Statistics,400868.0,401736.0,408266.0,405969.0,406320.0,425481.0,434720.0,433564.0,435044.0,441763.0,449678.0,446764.0,447192.0,441102.0,433951.0,430826.0,425126.0,412279.0,404325.0,407664.0
성남시 - 등록외국인＜br＞(A),Statistics,9004.0,9683.0,12796.0,14243.0,15902.0,16309.0,16334.0,17126.0,15656.0,15815.0,17607.0,18238.0,17579.0,16936.0,17933.0,17618.0,15184.0,14089.0,14471.0,16219.0
성남시 - 인구 천명당 외국인수＜br＞(A÷B×1000),Statistics,9.21,9.85,13.26,14.93,16.87,16.94,16.66,17.49,16.0,16.15,18.07,18.77,18.04,17.5,18.79,18.69,16.15,15.13,15.69,17.63
성남시 - 주민등록인구＜br＞(B),Statistics,977166.0,983075.0,964831.0,953960.0,942447.0,962726.0,980190.0,979323.0,978615.0,979534.0,974608.0,971424.0,974580.0,967510.0,954347.0,942724.0,940064.0,930948.0,922518.0,919747.0
성동구 - 등록외국인＜br＞(A),Statistics,4879.0,4947.0,6458.0,8085.0,8467.0,8006.0,7799.0,8063.0,7264.0,7234.0,7805.0,8062.0,7902.0,7903.0,8242.0,8090.0,6949.0,6682.0,7234.0,7405.0
성동구 - 인구 천명당 외국인수＜br＞(A÷B×1000),Statistics,14.39,14.65,19.31,24.24,26.95,25.99,25.23,26.81,24.25,24.17,26.36,27.14,26.41,25.93,26.74,26.89,23.67,23.36,25.74,26.7
성동구 - 주민등록인구＜br＞(B),Statistics,339113.0,337744.0,334437.0,333535.0,314212.0,308058.0,309093.0,300711.0,299604.0,299337.0,296086.0,297003.0,299259.0,304808.0,308221.0,300889.0,293556.0,285990.0,281000.0,277361.0
성북구 - 등록외국인＜br＞(A),Statistics,3919.0,4429.0,5668.0,7385.0,8062.0,8429.0,8760.0,9304.0,8782.0,8758.0,9255.0,10285.0,11262.0,11352.0,11819.0,12094.0,9903.0,9614.0,11587.0,12566.0
성북구 - 인구 천명당 외국인수＜br＞(A÷B×1000),Statistics,8.69,9.57,11.99,15.71,17.03,17.71,17.92,19.18,18.23,18.38,19.83,22.39,25.01,25.56,27.12,27.32,22.65,22.33,26.92,29.53
성북구 - 주민등록인구＜br＞(B),Statistics,451122.0,462879.0,472843.0,469973.0,473357.0,476028.0,488932.0,485171.0,481857.0,476589.0,466706.0,459275.0,450355.0,444055.0,435868.0,442650.0,437153.0,430528.0,430397.0,425602.0
성주군 - 등록외국인＜br＞(A),Statistics,677.0,722.0,873.0,954.0,940.0,927.0,990.0,1069.0,1140.0,1354.0,1528.0,1636.0,1681.0,1708.0,1651.0,1698.0,1556.0,1435.0,1633.0,1953.0
성주군 - 인구 천명당 외국인수＜br＞(A÷B×1000),Statistics,14.18,15.37,18.83,20.88,20.88,20.32,21.86,23.42,25.26,30.04,33.97,36.33,37.19,37.84,36.96,38.58,35.84,33.5,38.36,46.4
성주군 - 주민등록인구＜br＞(B),Statistics,47731.0,46960.0,46358.0,45680.0,45024.0,45616.0,45289.0,45640.0,45127.0,45067.0,44981.0,45029.0,45205.0,45138.0,44672.0,44015.0,43414.0,42842.0,42566.0,42086.0
세종특별자치시 - 등록외국인＜br＞(A),Statistics,,,,,,,,,2360.0,2475.0,2730.0,3481.0,3745.0,4125.0,4940.0,5700.0,5076.0,4884.0,5336.0,5786.0
세종특별자치시 - 인구 천명당 외국인수＜br＞(A÷B×1000),Statistics,,,,,,,,,20.86,20.26,17.49,16.51,15.41,14.73,15.73,16.74,14.27,13.13,13.91,14.97
세종특별자치시 - 주민등록인구＜br＞(B),Statistics,,,,,,,,,113117.0,122153.0,156125.0,210884.0,243048.0,280100.0,314126.0,340575.0,355831.0,371895.0,383591.0,386525.0
속초시 - 등록외국인＜br＞(A),Statistics,453.0,459.0,611.0,734.0,750.0,746.0,732.0,744.0,700.0,694.0,762.0,986.0,877.0,940.0,1012.0,1038.0,1009.0,1034.0,1205.0,1364.0
속초시 - 인구 천명당 외국인수＜br＞(A÷B×1000),Statistics,5.15,5.27,7.1,8.6,8.87,8.9,8.68,8.88,8.38,8.35,9.24,12.03,10.72,11.43,12.39,12.69,12.21,12.49,14.55,16.62
속초시 - 주민등록인구＜br＞(B),Statistics,87933.0,87124.0,86073.0,85370.0,84599.0,83822.0,84302.0,83745.0,83579.0,83109.0,82432.0,81992.0,81793.0,82273.0,81682.0,81786.0,82665.0,82791.0,82806.0,82054.0
송파구 - 등록외국인＜br＞(A),Statistics,4146.0,4183.0,5522.0,6815.0,7618.0,7820.0,7865.0,8271.0,7035.0,6540.0,7056.0,7178.0,7115.0,6677.0,6872.0,6780.0,5966.0,5627.0,5713.0,5859.0
송파구 - 인구 천명당 외국인수＜br＞(A÷B×1000),Statistics,6.86,6.9,9.1,10.92,11.39,11.48,11.48,12.12,10.45,9.78,10.61,10.87,10.82,10.05,10.31,10.03,8.93,8.55,8.67,8.96
송파구 - 주민등록인구＜br＞(B),Statistics,604293.0,605840.0,607005.0,623876.0,668962.0,681476.0,685279.0,682209.0,673115.0,668415.0,664738.0,660302.0,657831.0,664496.0,666635.0,675961.0,667960.0,658338.0,658801.0,654166.0
수성구 - 등록외국인＜br＞(A),Statistics,1158.0,1256.0,1377.0,1531.0,1531.0,1474.0,1380.0,1410.0,1378.0,1467.0,1471.0,1480.0,1539.0,1532.0,1640.0,1720.0,1673.0,1633.0,1658.0,1704.0
수성구 - 인구 천명당 외국인수＜br＞(A÷B×1000),Statistics,2.61,2.87,3.13,3.42,3.39,3.23,2.99,3.06,3.0,3.18,3.22,3.28,3.44,3.49,3.79,4.01,3.94,3.92,4.03,4.18
수성구 - 주민등록인구＜br＞(B),Statistics,443881.0,437356.0,440172.0,447164.0,451732.0,456196.0,461988.0,461083.0,459779.0,461004.0,456505.0,451786.0,447011.0,439211.0,432759.0,428614.0,424314.0,417097.0,411553.0,407331.0
수영구 - 등록외국인＜br＞(A),Statistics,832.0,765.0,738.0,847.0,952.0,939.0,941.0,985.0,1012.0,1058.0,1140.0,1211.0,1259.0,1265.0,1320.0,1280.0,1230.0,1292.0,1385.0,1526.0
수영구 - 인구 천명당 외국인수＜br＞(A÷B×1000),Statistics,4.61,4.28,4.15,4.75,5.37,5.3,5.28,5.57,5.73,6.04,6.39,6.74,7.02,7.03,7.49,7.27,6.95,7.38,7.92,8.74
수영구 - 주민등록인구＜br＞(B),Statistics,180576.0,178684.0,177814.0,178253.0,177140.0,177292.0,178267.0,176691.0,176666.0,175098.0,178480.0,179795.0,179324.0,179996.0,176246.0,176148.0,176894.0,175095.0,174806.0,174518.0
수원시 - 등록외국인＜br＞(A),Statistics,8303.0,9032.0,13365.0,19293.0,23253.0,25300.0,27146.0,29708.0,27697.0,30352.0,34941.0,37351.0,37183.0,37852.0,41046.0,40557.0,35835.0,33251.0,34094.0,36174.0
수원시 - 인구 천명당 외국인수＜br＞(A÷B×1000),Statistics,8.03,8.64,12.5,18.07,21.78,23.58,25.19,27.29,24.72,26.44,29.76,31.53,31.14,31.47,34.17,33.95,30.21,28.09,28.63,30.21
수원시 - 주민등록인구＜br＞(B),Statistics,1033829.0,1045587.0,1068906.0,1067702.0,1067425.0,1073149.0,1077535.0,1088489.0,1120258.0,1148157.0,1174228.0,1184624.0,1194041.0,1202628.0,1201166.0,1194465.0,1186078.0,1183714.0,1190964.0,1197257.0
순창군 - 등록외국인＜br＞(A),Statistics,99.0,134.0,178.0,208.0,263.0,292.0,294.0,294.0,288.0,299.0,339.0,363.0,365.0,361.0,353.0,395.0,354.0,313.0,360.0,415.0
순창군 - 인구 천명당 외국인수＜br＞(A÷B×1000),Statistics,3.11,4.19,5.48,6.49,8.51,9.68,9.73,9.97,9.58,9.88,11.16,12.0,12.19,12.16,12.09,13.92,12.73,11.66,13.47,15.51
순창군 - 주민등록인구＜br＞(B),Statistics,31814.0,32012.0,32485.0,32035.0,30920.0,30179.0,30209.0,29497.0,30055.0,30272.0,30368.0,30248.0,29949.0,29698.0,29209.0,28382.0,27810.0,26855.0,26727.0,26764.0
순천시 - 등록외국인＜br＞(A),Statistics,774.0,1027.0,1224.0,1401.0,1606.0,1591.0,1575.0,1604.0,1653.0,1677.0,1711.0,1829.0,1849.0,1858.0,2008.0,2124.0,2049.0,2134.0,2513.0,2806.0
순천시 - 인구 천명당 외국인수＜br＞(A÷B×1000),Statistics,2.87,3.79,4.53,5.18,5.96,5.9,5.78,5.89,6.04,6.08,6.17,6.56,6.64,6.65,7.19,7.6,7.26,7.58,9.02,10.09
순천시 - 주민등록인구＜br＞(B),Statistics,270059.0,270934.0,269940.0,270380.0,269429.0,269516.0,272620.0,272201.0,273798.0,275668.0,277188.0,278765.0,278548.0,279331.0,279389.0,279598.0,282189.0,281436.0,278737.0,278137.0
시흥시 - 등록외국인＜br＞(A),Statistics,12320.0,10744.0,13171.0,14864.0,15408.0,15837.0,17308.0,20167.0,20960.0,26052.0,29983.0,31514.0,31299.0,32031.0,34640.0,34697.0,32410.0,31523.0,33139.0,37188.0
시흥시 - 인구 천명당 외국인수＜br＞(A÷B×1000),Statistics,32.54,27.75,33.73,38.06,39.23,39.8,42.86,50.27,52.47,65.66,75.98,79.13,77.69,76.33,77.2,73.25,64.7,61.56,64.61,71.55
시흥시 - 주민등록인구＜br＞(B),Statistics,378613.0,387239.0,390477.0,390564.0,392756.0,397912.0,403797.0,401149.0,399485.0,396765.0,394639.0,398256.0,402888.0,419664.0,448687.0,473682.0,500895.0,512030.0,512912.0,519715.0
신안군 - 등록외국인＜br＞(A),Statistics,55.0,68.0,109.0,169.0,277.0,393.0,409.0,398.0,382.0,512.0,631.0,726.0,723.0,767.0,773.0,828.0,764.0,734.0,887.0,1210.0
신안군 - 인구 천명당 외국인수＜br＞(A÷B×1000),Statistics,1.16,1.46,2.33,3.68,6.06,8.68,9.0,8.97,8.7,11.59,14.42,16.77,16.95,18.23,18.73,20.56,19.62,19.21,23.43,31.81
신안군 - 주민등록인구＜br＞(B),Statistics,47591.0,46451.0,46714.0,45968.0,45718.0,45294.0,45428.0,44355.0,43898.0,44162.0,43747.0,43294.0,42652.0,42070.0,41263.0,40274.0,38938.0,38217.0,37858.0,38037.0
아산시 - 등록외국인＜br＞(A),Statistics,4119.0,4017.0,5552.0,6325.0,7387.0,7875.0,9361.0,10888.0,11237.0,12056.0,13382.0,13406.0,14670.0,16204.0,17420.0,18679.0,16972.0,16373.0,18032.0,21008.0
아산시 - 인구 천명당 외국인수＜br＞(A÷B×1000),Statistics,20.5,19.65,26.24,28.56,30.66,30.71,35.3,39.66,40.06,42.0,45.52,45.03,48.43,52.03,55.69,59.41,53.69,50.44,53.9,60.75
아산시 - 주민등록인구＜br＞(B),Statistics,200938.0,204431.0,211560.0,221490.0,240942.0,256449.0,265191.0,274523.0,280490.0,287073.0,293954.0,297737.0,302929.0,311453.0,312822.0,314395.0,316129.0,324580.0,334539.0,345796.0
안동시 - 등록외국인＜br＞(A),Statistics,559.0,642.0,986.0,1323.0,1418.0,1434.0,1437.0,1333.0,1418.0,1443.0,1397.0,1370.0,1335.0,1465.0,1533.0,1481.0,1310.0,1299.0,1563.0,1774.0
안동시 - 인구 천명당 외국인수＜br＞(A÷B×1000),Statistics,3.21,3.75,5.84,7.88,8.48,8.56,8.56,7.93,8.43,8.57,8.28,8.1,7.91,8.81,9.45,9.25,8.24,8.28,10.11,11.6
안동시 - 주민등록인구＜br＞(B),Statistics,174037.0,171387.0,168733.0,167916.0,167300.0,167432.0,167886.0,168157.0,168302.0,168461.0,168697.0,169221.0,168798.0,166272.0,162180.0,160052.0,158907.0,156972.0,154610.0,152935.0
안산시 - 등록외국인＜br＞(A),Statistics,20089.0,18228.0,24256.0,29673.0,32816.0,34147.0,38971.0,44316.0,43465.0,49249.0,53755.0,55719.0,54497.0,53733.0,56787.0,56467.0,51270.0,47412.0,49117.0,52221.0
안산시 - 인구 천명당 외국인수＜br＞(A÷B×1000),Statistics,30.13,26.84,34.71,42.09,46.33,48.41,54.51,61.93,60.78,69.01,75.94,79.84,79.0,79.29,86.0,86.75,78.28,72.64,76.55,82.98
안산시 - 주민등록인구＜br＞(B),Statistics,666784.0,679011.0,698819.0,705040.0,708257.0,705346.0,714891.0,715586.0,715108.0,713666.0,707876.0,697885.0,689859.0,677710.0,660343.0,650918.0,654915.0,652726.0,641660.0,629308.0
안성시 - 등록외국인＜br＞(A),Statistics,2729.0,2931.0,4027.0,4713.0,5720.0,6088.0,6938.0,7531.0,7311.0,8032.0,9056.0,9251.0,9851.0,10656.0,11375.0,11802.0,11222.0,10874.0,12090.0,13815.0
안성시 - 인구 천명당 외국인수＜br＞(A÷B×1000),Statistics,17.71,18.65,25.22,28.78,33.74,35.62,38.99,41.67,40.26,44.09,49.79,51.34,53.86,58.3,61.96,64.35,60.01,57.37,64.02,73.08
안성시 - 주민등록인구＜br＞(B),Statistics,154110.0,157130.0,159655.0,163733.0,169545.0,170919.0,177937.0,180743.0,181608.0,182173.0,181896.0,180199.0,182896.0,182786.0,183579.0,183405.0,187012.0,189534.0,188842.0,189034.0
안양시 - 등록외국인＜br＞(A),Statistics,4150.0,4076.0,5379.0,6491.0,7051.0,6964.0,7117.0,7585.0,6818.0,6810.0,7500.0,7662.0,7238.0,6933.0,7408.0,7420.0,6543.0,6071.0,6119.0,6452.0
안양시 - 인구 천명당 외국인수＜br＞(A÷B×1000),Statistics,6.68,6.52,8.62,10.4,11.37,11.3,11.45,12.32,11.15,11.2,12.48,12.82,12.12,11.8,12.84,13.09,11.9,11.1,11.16,11.85
안양시 - 주민등록인구＜br＞(B),Statistics,621047.0,625350.0,624280.0,624197.0,620279.0,616547.0,621714.0,615642.0,611412.0,607877.0,600809.0,597789.0,597414.0,587764.0,576831.0,567044.0,550027.0,547178.0,548228.0,544660.0
양구군 - 등록외국인＜br＞(A),Statistics,199.0,157.0,177.0,193.0,222.0,203.0,337.0,283.0,240.0,234.0,256.0,240.0,254.0,263.0,258.0,288.0,248.0,331.0,386.0,419.0
양구군 - 인구 천명당 외국인수＜br＞(A÷B×1000),Statistics,9.17,7.31,8.32,9.02,10.42,9.52,15.43,12.7,10.53,9.92,10.72,9.96,10.58,11.03,11.02,12.65,11.13,15.22,18.05,19.9
양구군 - 주민등록인구＜br＞(B),Statistics,21692.0,21480.0,21269.0,21401.0,21303.0,21323.0,21843.0,22285.0,22799.0,23594.0,23888.0,24089.0,24010.0,23835.0,23408.0,22764.0,22278.0,21748.0,21383.0,21056.0
양산시 - 등록외국인＜br＞(A),Statistics,2670.0,2644.0,3148.0,3343.0,3840.0,3820.0,4095.0,4530.0,4310.0,4587.0,5231.0,5749.0,5938.0,5915.0,6108.0,6319.0,5776.0,5606.0,6120.0,6948.0
양산시 - 인구 천명당 외국인수＜br＞(A÷B×1000),Statistics,12.49,11.89,13.9,14.41,15.8,15.26,15.74,17.0,15.94,16.41,17.89,19.08,18.73,17.47,17.52,18.02,16.4,15.8,17.3,19.57
양산시 - 주민등록인구＜br＞(B),Statistics,213695.0,222299.0,226425.0,231956.0,243012.0,250387.0,260239.0,266403.0,270460.0,279565.0,292376.0,301291.0,317037.0,338535.0,348639.0,350759.0,352229.0,354726.0,353792.0,355122.0
양양군 - 등록외국인＜br＞(A),Statistics,177.0,216.0,256.0,227.0,231.0,239.0,326.0,303.0,251.0,264.0,266.0,287.0,297.0,283.0,305.0,306.0,296.0,283.0,343.0,366.0
양양군 - 인구 천명당 외국인수＜br＞(A÷B×1000),Statistics,6.06,7.41,8.93,7.97,8.22,8.55,11.67,10.84,9.03,9.54,9.67,10.44,10.91,10.4,11.15,11.04,10.59,10.14,12.31,13.21
양양군 - 주민등록인구＜br＞(B),Statistics,29187.0,29132.0,28661.0,28472.0,28115.0,27957.0,27929.0,27942.0,27802.0,27659.0,27521.0,27479.0,27218.0,27207.0,27347.0,27726.0,27946.0,27913.0,27866.0,27710.0
양주시 - 등록외국인＜br＞(A),Statistics,7295.0,6659.0,7259.0,7394.0,7108.0,7386.0,7732.0,7511.0,7011.0,7186.0,7430.0,7254.0,7298.0,7121.0,7299.0,7464.0,7011.0,6703.0,7488.0,8634.0
양주시 - 인구 천명당 외국인수＜br＞(A÷B×1000),Statistics,47.81,41.47,42.75,41.1,39.51,40.56,39.31,37.49,35.0,36.08,36.77,35.35,35.51,33.57,33.64,33.57,30.44,28.36,30.76,32.21
양주시 - 주민등록인구＜br＞(B),Statistics,152596.0,160589.0,169806.0,179914.0,179914.0,182106.0,196706.0,200360.0,200310.0,199143.0,202072.0,205184.0,205513.0,212146.0,216951.0,222314.0,230359.0,236368.0,243432.0,268026.0
양천구 - 등록외국인＜br＞(A),Statistics,2544.0,3033.0,3889.0,4916.0,5556.0,5289.0,5222.0,5397.0,4622.0,4406.0,4487.0,4478.0,4106.0,3864.0,3960.0,4120.0,3530.0,3185.0,3129.0,3224.0
양천구 - 인구 천명당 외국인수＜br＞(A÷B×1000),Statistics,5.14,6.07,7.75,9.76,11.06,10.55,10.44,10.79,9.32,8.95,9.23,9.24,8.59,8.2,8.53,8.99,7.77,7.12,7.1,7.39
양천구 - 주민등록인구＜br＞(B),Statistics,495098.0,499755.0,501717.0,503650.0,502343.0,501395.0,500001.0,500210.0,495911.0,492528.0,486221.0,484532.0,477739.0,471154.0,464185.0,458165.0,454251.0,447302.0,440881.0,436028.0
양평군 - 등록외국인＜br＞(A),Statistics,569.0,604.0,790.0,906.0,1136.0,1079.0,1117.0,1201.0,1138.0,1253.0,1395.0,1469.0,1513.0,1593.0,1575.0,1500.0,1364.0,1309.0,1381.0,1503.0
양평군 - 인구 천명당 외국인수＜br＞(A÷B×1000),Statistics,6.72,7.06,9.15,10.31,12.65,11.8,11.66,12.08,11.14,12.09,13.24,13.56,13.59,13.84,13.57,12.83,11.48,10.8,11.29,12.0
양평군 - 주민등록인구＜br＞(B),Statistics,84673.0,85533.0,86298.0,87874.0,89812.0,91450.0,95833.0,99430.0,102193.0,103620.0,105379.0,108316.0,111367.0,115105.0,116095.0,116874.0,118810.0,121230.0,122323.0,125238.0
여수시 - 등록외국인＜br＞(A),Statistics,803.0,1002.0,1336.0,1757.0,2045.0,2140.0,2390.0,2788.0,2998.0,3199.0,3559.0,3905.0,4048.0,4146.0,4568.0,4693.0,4624.0,5215.0,5684.0,6405.0
여수시 - 인구 천명당 외국인수＜br＞(A÷B×1000),Statistics,2.63,3.32,4.49,5.95,6.93,7.29,8.14,9.52,10.26,10.98,12.23,13.46,14.01,14.48,16.12,16.6,16.5,18.84,20.69,23.57
여수시 - 주민등록인구＜br＞(B),Statistics,305312.0,301389.0,297489.0,295439.0,295133.0,293546.0,293488.0,292750.0,292217.0,291366.0,290900.0,290168.0,288988.0,286382.0,283300.0,282786.0,280242.0,276762.0,274765.0,271696.0
여주시 - 등록외국인＜br＞(A),Statistics,,,,,,,,,,2602.0,2900.0,3015.0,3065.0,3512.0,3549.0,3576.0,3461.0,3167.0,3502.0,4124.0
여주시 - 인구 천명당 외국인수＜br＞(A÷B×1000),Statistics,,,,,,,,,,23.8,26.27,27.15,27.47,31.36,31.82,32.19,30.93,28.24,30.95,36.05
여주시 - 주민등록인구＜br＞(B),Statistics,,,,,,,,,,109343.0,110386.0,111033.0,111563.0,111984.0,111525.0,111083.0,111897.0,112150.0,113150.0,114412.0
연수구 - 등록외국인＜br＞(A),Statistics,1081.0,1381.0,2297.0,2712.0,3105.0,3099.0,3659.0,3842.0,3887.0,4529.0,5718.0,6703.0,7629.0,9135.0,11003.0,13177.0,12419.0,12459.0,14256.0,16818.0
연수구 - 인구 천명당 외국인수＜br＞(A÷B×1000),Statistics,4.22,5.2,8.48,10.09,11.56,11.41,13.1,13.34,13.28,15.08,18.4,21.01,23.21,27.26,31.77,35.95,32.05,31.98,36.95,42.86
연수구 - 주민등록인구＜br＞(B),Statistics,255998.0,265658.0,271010.0,268780.0,268668.0,271497.0,279230.0,287903.0,292589.0,300305.0,310703.0,319052.0,328627.0,335142.0,346359.0,366550.0,387450.0,389644.0,385796.0,392416.0
연제구 - 등록외국인＜br＞(A),Statistics,551.0,572.0,640.0,777.0,887.0,794.0,757.0,805.0,790.0,753.0,775.0,771.0,765.0,777.0,785.0,826.0,767.0,690.0,722.0,823.0
연제구 - 인구 천명당 외국인수＜br＞(A÷B×1000),Statistics,2.48,2.63,2.98,3.65,4.17,3.77,3.56,3.77,3.73,3.6,3.73,3.66,3.69,3.76,3.78,3.94,3.67,3.33,3.55,4.0
연제구 - 주민등록인구＜br＞(B),Statistics,221853.0,217763.0,214809.0,212658.0,212810.0,210390.0,212696.0,213326.0,211536.0,209290.0,208012.0,210718.0,207268.0,206742.0,207840.0,209395.0,209157.0,207144.0,203536.0,205766.0
연천군 - 등록외국인＜br＞(A),Statistics,674.0,625.0,648.0,656.0,668.0,761.0,796.0,757.0,729.0,760.0,791.0,892.0,979.0,976.0,973.0,1015.0,917.0,832.0,988.0,1184.0
연천군 - 인구 천명당 외국인수＜br＞(A÷B×1000),Statistics,13.84,13.26,14.06,14.39,14.68,16.82,17.62,16.86,15.99,16.66,17.44,19.51,21.33,21.48,21.8,23.16,21.07,19.48,23.49,28.47
연천군 - 주민등록인구＜br＞(B),Statistics,48687.0,47123.0,46075.0,45603.0,45495.0,45241.0,45177.0,44900.0,45599.0,45610.0,45363.0,45725.0,45907.0,45431.0,44633.0,43824.0,43516.0,42721.0,42062.0,41584.0
영광군 - 등록외국인＜br＞(A),Statistics,164.0,184.0,224.0,342.0,422.0,464.0,523.0,520.0,578.0,629.0,687.0,750.0,761.0,858.0,889.0,921.0,927.0,877.0,985.0,1121.0
영광군 - 인구 천명당 외국인수＜br＞(A÷B×1000),Statistics,2.6,2.99,3.73,5.81,7.27,8.14,9.12,9.14,10.1,10.92,12.09,13.33,13.68,15.66,16.42,17.1,17.46,16.87,18.87,21.66
영광군 - 주민등록인구＜br＞(B),Statistics,62959.0,61500.0,60045.0,58837.0,58075.0,57037.0,57362.0,56863.0,57224.0,57617.0,56833.0,56267.0,55618.0,54774.0,54127.0,53852.0,53099.0,51985.0,52197.0,51750.0
영덕군 - 등록외국인＜br＞(A),Statistics,133.0,179.0,210.0,256.0,313.0,343.0,386.0,465.0,538.0,601.0,732.0,772.0,921.0,946.0,996.0,997.0,936.0,919.0,1092.0,1413.0
영덕군 - 인구 천명당 외국인수＜br＞(A÷B×1000),Statistics,2.9,3.98,4.52,5.89,7.33,8.22,9.33,11.4,13.36,14.97,18.49,19.7,23.58,24.55,26.14,26.69,25.78,26.02,31.52,41.49
영덕군 - 주민등록인구＜br＞(B),Statistics,45826.0,45003.0,46460.0,43470.0,42707.0,41710.0,41377.0,40794.0,40257.0,40142.0,39586.0,39191.0,39052.0,38529.0,38108.0,37361.0,36313.0,35314.0,34650.0,34055.0
영도구 - 등록외국인＜br＞(A),Statistics,884.0,1108.0,1248.0,1388.0,1698.0,1648.0,1633.0,1679.0,1657.0,1621.0,1648.0,1654.0,1664.0,1592.0,1595.0,1661.0,1571.0,1575.0,1833.0,2308.0
영도구 - 인구 천명당 외국인수＜br＞(A÷B×1000),Statistics,5.32,6.8,7.86,8.94,11.16,11.12,11.12,11.72,11.86,11.94,12.48,12.78,13.17,12.89,13.28,14.23,13.86,14.24,16.95,21.66
영도구 - 주민등록인구＜br＞(B),Statistics,166054.0,162961.0,158780.0,155273.0,152118.0,148139.0,146798.0,143205.0,139765.0,135816.0,132102.0,129385.0,126362.0,123521.0,120109.0,116711.0,113342.0,110638.0,108156.0,106548.0
영동군 - 등록외국인＜br＞(A),Statistics,308.0,388.0,407.0,437.0,480.0,492.0,462.0,518.0,517.0,532.0,555.0,558.0,554.0,558.0,603.0,853.0,772.0,801.0,957.0,1086.0
영동군 - 인구 천명당 외국인수＜br＞(A÷B×1000),Statistics,5.86,7.49,8.01,8.72,9.55,9.76,9.14,10.23,10.2,10.53,10.92,11.01,10.96,11.11,12.13,17.5,16.26,17.5,21.29,24.57
영동군 - 주민등록인구＜br＞(B),Statistics,52597.0,51800.0,50819.0,50131.0,50276.0,50426.0,50523.0,50621.0,50663.0,50539.0,50803.0,50693.0,50552.0,50240.0,49715.0,48738.0,47475.0,45773.0,44956.0,44195.0
영등포구 - 등록외국인＜br＞(A),Statistics,9628.0,12941.0,21118.0,30973.0,35438.0,35949.0,38815.0,42112.0,35468.0,35106.0,39084.0,39307.0,36166.0,33474.0,35822.0,33308.0,27887.0,24071.0,22410.0,23006.0
영등포구 - 인구 천명당 외국인수＜br＞(A÷B×1000),Statistics,23.7,31.69,51.67,75.88,86.84,88.59,95.41,105.96,90.62,90.84,102.22,103.85,97.58,90.83,97.4,90.59,73.49,63.88,59.65,61.38
영등포구 - 주민등록인구＜br＞(B),Statistics,406261.0,408386.0,408698.0,408178.0,408099.0,405798.0,406833.0,397443.0,391408.0,386471.0,382352.0,378504.0,370613.0,368550.0,367778.0,367678.0,379480.0,376837.0,375675.0,374794.0
영암군 - 등록외국인＜br＞(A),Statistics,683.0,853.0,1422.0,2163.0,4112.0,4671.0,4252.0,4607.0,4026.0,3730.0,4750.0,5468.0,4846.0,3688.0,3972.0,4516.0,4169.0,4119.0,5182.0,8221.0
영암군 - 인구 천명당 외국인수＜br＞(A÷B×1000),Statistics,10.96,13.76,23.1,35.61,68.41,78.06,70.77,76.61,67.1,63.16,80.71,94.05,84.95,66.31,72.57,82.72,77.64,77.81,98.9,157.04
영암군 - 주민등록인구＜br＞(B),Statistics,62336.0,62004.0,61546.0,60742.0,60106.0,59837.0,60082.0,60139.0,59997.0,59061.0,58852.0,58137.0,57045.0,55616.0,54731.0,54593.0,53699.0,52937.0,52395.0,52350.0
영양군 - 등록외국인＜br＞(A),Statistics,70.0,57.0,82.0,88.0,116.0,113.0,136.0,138.0,175.0,194.0,211.0,227.0,216.0,217.0,206.0,205.0,192.0,255.0,262.0,275.0
영양군 - 인구 천명당 외국인수＜br＞(A÷B×1000),Statistics,3.46,2.85,4.18,4.6,6.18,6.09,7.37,7.57,9.61,10.6,11.6,12.68,12.19,12.41,11.87,12.06,11.5,15.63,16.35,17.56
영양군 - 주민등록인구＜br＞(B),Statistics,20205.0,20025.0,19615.0,19119.0,18766.0,18553.0,18451.0,18241.0,18208.0,18297.0,18197.0,17898.0,17713.0,17479.0,17356.0,16993.0,16692.0,16320.0,16022.0,15661.0
영월군 - 등록외국인＜br＞(A),Statistics,212.0,245.0,264.0,305.0,274.0,257.0,267.0,282.0,284.0,248.0,260.0,245.0,257.0,260.0,268.0,281.0,240.0,245.0,260.0,343.0
영월군 - 인구 천명당 외국인수＜br＞(A÷B×1000),Statistics,5.0,5.9,6.52,7.57,6.82,6.38,6.61,7.02,7.07,6.18,6.47,6.09,6.41,6.49,6.75,7.18,6.21,6.46,6.89,9.19
영월군 - 주민등록인구＜br＞(B),Statistics,42406.0,41538.0,40511.0,40290.0,40201.0,40265.0,40407.0,40199.0,40155.0,40150.0,40191.0,40216.0,40073.0,40067.0,39730.0,39127.0,38662.0,37904.0,37728.0,37332.0
영주시 - 등록외국인＜br＞(A),Statistics,395.0,570.0,769.0,979.0,979.0,1025.0,930.0,868.0,827.0,792.0,848.0,902.0,1040.0,1097.0,1175.0,1103.0,893.0,788.0,975.0,1100.0
영주시 - 인구 천명당 외국인수＜br＞(A÷B×1000),Statistics,3.25,4.79,6.57,8.51,8.59,9.05,8.16,7.6,7.28,7.03,7.65,8.22,9.52,10.12,11.0,10.5,8.66,7.73,9.68,10.98
영주시 - 주민등록인구＜br＞(B),Statistics,121513.0,119098.0,116965.0,115083.0,113930.0,113309.0,113926.0,114148.0,113547.0,112625.0,110780.0,109735.0,109247.0,108371.0,106801.0,105067.0,103119.0,101942.0,100749.0,100199.0
영천시 - 등록외국인＜br＞(A),Statistics,1371.0,1408.0,1756.0,1882.0,1902.0,1801.0,1912.0,2204.0,2171.0,2379.0,2775.0,3029.0,3092.0,3546.0,3375.0,3251.0,2860.0,2611.0,2844.0,3511.0
영천시 - 인구 천명당 외국인수＜br＞(A÷B×1000),Statistics,12.52,13.12,16.72,17.79,18.28,17.47,18.53,21.16,21.33,23.61,27.56,30.09,30.76,35.24,33.22,31.73,28.04,25.63,28.13,35.04
영천시 - 주민등록인구＜br＞(B),Statistics,109520.0,107337.0,105029.0,105819.0,104022.0,103115.0,103190.0,104182.0,101798.0,100778.0,100689.0,100648.0,100521.0,100615.0,101595.0,102470.0,102015.0,101888.0,101088.0,100212.0
예산군 - 등록외국인＜br＞(A),Statistics,655.0,709.0,922.0,1068.0,1098.0,1147.0,1226.0,1440.0,1422.0,1601.0,1721.0,1773.0,2032.0,2156.0,2205.0,2250.0,2028.0,2004.0,2186.0,2919.0
예산군 - 인구 천명당 외국인수＜br＞(A÷B×1000),Statistics,7.13,7.81,10.29,12.04,12.46,13.16,14.09,16.66,16.56,18.79,20.27,21.24,24.98,26.84,27.53,28.4,25.97,26.09,28.25,37.25
예산군 - 주민등록인구＜br＞(B),Statistics,91832.0,90740.0,89585.0,88670.0,88144.0,87163.0,87002.0,86421.0,85876.0,85205.0,84919.0,83484.0,81339.0,80338.0,80083.0,79238.0,78084.0,76801.0,77385.0,78354.0
예천군 - 등록외국인＜br＞(A),Statistics,179.0,249.0,294.0,347.0,451.0,417.0,399.0,401.0,398.0,412.0,455.0,478.0,522.0,533.0,537.0,564.0,552.0,498.0,507.0,614.0
예천군 - 인구 천명당 외국인수＜br＞(A÷B×1000),Statistics,3.43,4.89,5.85,7.1,9.4,8.81,8.48,8.61,8.65,9.04,10.09,10.7,11.31,10.82,10.08,10.24,9.93,8.93,9.09,11.1
예천군 - 주민등록인구＜br＞(B),Statistics,52132.0,50951.0,50218.0,48866.0,47993.0,47306.0,47049.0,46579.0,46027.0,45573.0,45104.0,44674.0,46166.0,49253.0,53274.0,55100.0,55613.0,55739.0,55755.0,55325.0
오산시 - 등록외국인＜br＞(A),Statistics,1458.0,1534.0,2145.0,2755.0,3453.0,3764.0,4313.0,4990.0,4954.0,5884.0,7254.0,8081.0,8043.0,8428.0,9450.0,9696.0,9231.0,8596.0,8569.0,9503.0
오산시 - 인구 천명당 외국인수＜br＞(A÷B×1000),Statistics,12.02,11.81,15.74,18.89,22.98,23.56,23.63,25.74,24.73,28.64,34.78,39.07,38.55,39.49,42.94,42.83,40.18,37.38,37.28,41.38
오산시 - 주민등록인구＜br＞(B),Statistics,121326.0,129843.0,136311.0,145825.0,150237.0,159734.0,182516.0,193892.0,200291.0,205460.0,208565.0,206828.0,208656.0,213437.0,220070.0,226379.0,229725.0,229983.0,229849.0,229656.0
옥천군 - 등록외국인＜br＞(A),Statistics,445.0,524.0,614.0,641.0,695.0,671.0,700.0,732.0,672.0,705.0,768.0,789.0,776.0,741.0,786.0,747.0,678.0,680.0,770.0,907.0
옥천군 - 인구 천명당 외국인수＜br＞(A÷B×1000),Statistics,7.86,9.42,11.18,11.74,12.76,12.4,12.96,13.68,12.62,13.36,14.64,15.06,14.85,14.31,15.27,14.64,13.42,13.57,15.55,18.55
옥천군 - 주민등록인구＜br＞(B),Statistics,56634.0,55610.0,54923.0,54608.0,54475.0,54117.0,54025.0,53496.0,53244.0,52763.0,52469.0,52404.0,52267.0,51766.0,51465.0,51023.0,50527.0,50093.0,49520.0,48891.0
옹진군 - 등록외국인＜br＞(A),Statistics,108.0,107.0,222.0,219.0,112.0,107.0,113.0,137.0,120.0,128.0,155.0,181.0,171.0,168.0,191.0,225.0,215.0,193.0,294.0,396.0
옹진군 - 인구 천명당 외국인수＜br＞(A÷B×1000),Statistics,7.29,6.86,13.46,12.9,6.45,5.87,6.03,7.03,5.99,6.18,7.49,8.63,8.01,7.79,9.08,10.94,10.51,9.49,14.26,19.43
옹진군 - 주민등록인구＜br＞(B),Statistics,14820.0,15609.0,16491.0,16980.0,17376.0,18221.0,18739.0,19485.0,20039.0,20698.0,20703.0,20962.0,21351.0,21573.0,21036.0,20566.0,20455.0,20342.0,20613.0,20377.0
완도군 - 등록외국인＜br＞(A),Statistics,191.0,224.0,225.0,305.0,312.0,344.0,600.0,594.0,645.0,887.0,1149.0,1364.0,1668.0,1769.0,1972.0,2169.0,2212.0,2144.0,2848.0,3907.0
완도군 - 인구 천명당 외국인수＜br＞(A÷B×1000),Statistics,3.19,3.81,3.92,5.43,5.67,6.34,11.06,10.99,11.97,16.54,21.61,25.73,31.67,33.95,38.31,42.79,44.31,44.09,59.84,83.77
완도군 - 주민등록인구＜br＞(B),Statistics,59950.0,58841.0,57464.0,56201.0,54999.0,54301.0,54269.0,54037.0,53871.0,53619.0,53174.0,53014.0,52668.0,52109.0,51477.0,50689.0,49916.0,48631.0,47597.0,46641.0
완주군 - 등록외국인＜br＞(A),Statistics,735.0,910.0,1285.0,1589.0,2016.0,2191.0,2210.0,2106.0,1937.0,2057.0,2229.0,2241.0,2287.0,2507.0,3419.0,3661.0,3226.0,3009.0,3589.0,4155.0
완주군 - 인구 천명당 외국인수＜br＞(A÷B×1000),Statistics,8.91,10.88,15.44,19.15,24.07,26.12,25.96,24.88,22.48,23.65,24.66,23.51,23.95,26.12,36.2,39.7,35.21,33.01,38.83,42.47
완주군 - 주민등록인구＜br＞(B),Statistics,82482.0,83651.0,83199.0,82972.0,83757.0,83885.0,85119.0,84660.0,86164.0,86978.0,90377.0,95303.0,95480.0,95975.0,94444.0,92220.0,91609.0,91142.0,92422.0,97827.0
용산구 - 등록외국인＜br＞(A),Statistics,8963.0,9817.0,10998.0,12530.0,12819.0,12492.0,12290.0,12789.0,12062.0,12185.0,13963.0,14567.0,14861.0,15283.0,16091.0,16515.0,14605.0,14332.0,14634.0,13955.0
용산구 - 인구 천명당 외국인수＜br＞(A÷B×1000),Statistics,38.95,42.63,47.4,53.13,53.81,52.33,50.19,51.88,49.59,50.83,59.18,62.43,64.55,66.69,70.27,72.22,63.49,64.28,66.93,65.47
용산구 - 주민등록인구＜br＞(B),Statistics,230107.0,230260.0,232035.0,235832.0,238224.0,238708.0,244853.0,246501.0,243232.0,239740.0,235951.0,233342.0,230241.0,229161.0,228999.0,228670.0,230040.0,222953.0,218650.0,213151.0
용인시 - 등록외국인＜br＞(A),Statistics,9125.0,8347.0,11280.0,13359.0,14542.0,14850.0,15158.0,15450.0,14099.0,14430.0,15857.0,16650.0,16886.0,16926.0,18396.0,18982.0,16731.0,16157.0,17323.0,18995.0
용인시 - 인구 천명당 외국인수＜br＞(A÷B×1000),Statistics,14.25,12.03,14.71,16.69,17.8,17.7,17.29,17.24,15.39,15.33,16.5,17.06,17.04,16.86,17.77,17.91,15.58,14.99,16.11,17.66
용인시 - 주민등록인구＜br＞(B),Statistics,640452.0,693660.0,766569.0,800294.0,816763.0,839204.0,876550.0,896044.0,915959.0,941477.0,961026.0,975746.0,991126.0,1004081.0,1035126.0,1059609.0,1074176.0,1077508.0,1074971.0,1075566.0
울릉군 - 등록외국인＜br＞(A),Statistics,10.0,12.0,19.0,35.0,52.0,73.0,96.0,103.0,124.0,138.0,131.0,126.0,145.0,151.0,182.0,168.0,150.0,142.0,127.0,142.0
울릉군 - 인구 천명당 외국인수＜br＞(A÷B×1000),Statistics,1.09,1.26,1.86,3.46,5.11,7.07,8.97,9.59,11.62,13.11,12.76,12.41,14.5,15.14,18.51,17.47,16.53,16.01,14.12,15.64
울릉군 - 주민등록인구＜br＞(B),Statistics,9191.0,9538.0,10235.0,10125.0,10168.0,10325.0,10701.0,10742.0,10673.0,10524.0,10264.0,10153.0,10001.0,9975.0,9832.0,9617.0,9077.0,8867.0,8996.0,9077.0
울산광역시 - 등록외국인＜br＞(A),Statistics,6505.0,7457.0,10494.0,12804.0,14472.0,14961.0,16043.0,18421.0,19247.0,22427.0,25885.0,26183.0,23457.0,20513.0,20002.0,20450.0,17884.0,16827.0,18379.0,23620.0
울산광역시 - 인구 천명당 외국인수＜br＞(A÷B×1000),Statistics,6.02,6.86,9.61,11.64,13.01,13.42,14.24,16.22,16.78,19.39,22.19,22.31,20.01,17.61,17.31,17.81,15.74,15.0,16.55,21.4
울산광역시 - 주민등록인구＜br＞(B),Statistics,1081453.0,1087648.0,1092494.0,1099995.0,1112407.0,1114866.0,1126298.0,1135494.0,1147256.0,1156480.0,1166377.0,1173534.0,1172304.0,1165132.0,1155623.0,1148019.0,1136017.0,1121592.0,1110663.0,1103661.0
울주군 - 등록외국인＜br＞(A),Statistics,2093.0,2282.0,3364.0,4204.0,4717.0,4862.0,5088.0,6030.0,6225.0,7013.0,8318.0,9000.0,8136.0,7372.0,7225.0,7297.0,6144.0,5865.0,6282.0,7578.0
울주군 - 인구 천명당 외국인수＜br＞(A÷B×1000),Statistics,12.0,13.09,18.99,22.94,24.61,24.88,25.31,29.46,29.95,33.61,38.8,41.02,37.11,33.4,32.57,32.7,27.61,26.41,28.36,34.6
울주군 - 주민등록인구＜br＞(B),Statistics,174350.0,174353.0,177103.0,183261.0,191687.0,195399.0,201000.0,204680.0,207840.0,208646.0,214392.0,219429.0,219255.0,220718.0,221842.0,223167.0,222538.0,222059.0,221512.0,218997.0
울진군 - 등록외국인＜br＞(A),Statistics,279.0,281.0,328.0,398.0,436.0,558.0,670.0,819.0,837.0,1060.0,1214.0,1218.0,1236.0,1363.0,1502.0,1496.0,1388.0,1418.0,1645.0,1762.0
울진군 - 인구 천명당 외국인수＜br＞(A÷B×1000),Statistics,4.76,4.96,5.96,7.38,8.22,10.62,12.78,15.74,16.14,20.4,23.3,23.47,23.89,26.74,30.02,30.34,28.49,29.63,34.98,37.76
울진군 - 주민등록인구＜br＞(B),Statistics,58590.0,56707.0,55076.0,53955.0,53042.0,52529.0,52430.0,52045.0,51844.0,51953.0,52104.0,51885.0,51738.0,50974.0,50036.0,49314.0,48716.0,47858.0,47030.0,46669.0
원주시 - 등록외국인＜br＞(A),Statistics,1508.0,1619.0,2096.0,2339.0,2375.0,2394.0,2416.0,2490.0,2436.0,2544.0,2842.0,3036.0,3151.0,3277.0,3351.0,3645.0,3334.0,3299.0,4084.0,4776.0
원주시 - 인구 천명당 외국인수＜br＞(A÷B×1000),Statistics,5.3,5.61,7.13,7.83,7.81,7.78,7.68,7.77,7.52,7.83,8.68,9.12,9.32,9.6,9.74,10.44,9.41,9.22,11.32,13.21
원주시 - 주민등록인구＜br＞(B),Statistics,284628.0,288454.0,294155.0,298762.0,303975.0,307882.0,314678.0,320536.0,323885.0,324837.0,327292.0,332995.0,337979.0,341337.0,344070.0,349215.0,354376.0,357757.0,360807.0,361503.0
유성구 - 등록외국인＜br＞(A),Statistics,2309.0,2256.0,2614.0,3295.0,3854.0,4183.0,4414.0,4660.0,4640.0,4837.0,5288.0,5589.0,5885.0,6091.0,6193.0,6143.0,5691.0,6164.0,7237.0,7730.0
유성구 - 인구 천명당 외국인수＜br＞(A÷B×1000),Statistics,11.35,10.22,10.75,13.15,14.83,15.69,15.67,15.83,15.15,15.41,16.15,16.67,17.15,17.48,17.7,17.58,16.21,17.55,20.32,21.07
유성구 - 주민등록인구＜br＞(B),Statistics,203478.0,220767.0,243130.0,250523.0,259831.0,266585.0,281692.0,294353.0,306312.0,313968.0,327461.0,335312.0,343222.0,348428.0,349790.0,349373.0,351047.0,351277.0,356093.0,366845.0
은평구 - 등록외국인＜br＞(A),Statistics,2233.0,2705.0,3360.0,4277.0,4963.0,4887.0,4816.0,4721.0,4422.0,4451.0,4599.0,4658.0,4461.0,4408.0,4469.0,4514.0,4208.0,3866.0,3856.0,4099.0
은평구 - 인구 천명당 외국인수＜br＞(A÷B×1000),Statistics,4.67,5.75,7.23,9.31,10.83,10.49,9.87,9.56,8.82,8.84,9.22,9.35,9.08,9.06,9.25,9.4,8.77,8.17,8.26,8.78
은평구 - 주민등록인구＜br＞(B),Statistics,478087.0,470751.0,464580.0,459196.0,458401.0,465895.0,488109.0,493634.0,501480.0,503660.0,498644.0,497920.0,491476.0,486794.0,483197.0,480032.0,479835.0,473307.0,466746.0,466770.0
음성군 - 등록외국인＜br＞(A),Statistics,2544.0,2413.0,3370.0,4165.0,4602.0,4864.0,5121.0,5349.0,5299.0,6447.0,7472.0,7920.0,8632.0,8747.0,9273.0,9452.0,8691.0,8361.0,9751.0,11990.0
음성군 - 인구 천명당 외국인수＜br＞(A÷B×1000),Statistics,29.71,28.07,38.83,47.14,51.39,54.22,56.22,58.37,56.99,68.95,78.39,82.16,88.27,89.89,96.77,99.51,93.3,90.69,105.92,131.49
음성군 - 주민등록인구＜br＞(B),Statistics,85638.0,85969.0,86789.0,88355.0,89542.0,89716.0,91093.0,91644.0,92980.0,93505.0,95324.0,96396.0,97787.0,97306.0,95830.0,94982.0,93153.0,92197.0,92058.0,91183.0
의령군 - 등록외국인＜br＞(A),Statistics,310.0,261.0,305.0,340.0,461.0,469.0,573.0,683.0,698.0,719.0,805.0,795.0,769.0,775.0,759.0,765.0,718.0,702.0,740.0,884.0
의령군 - 인구 천명당 외국인수＜br＞(A÷B×1000),Statistics,9.58,8.39,9.64,10.82,15.0,15.38,19.0,22.73,23.01,24.44,27.56,27.85,27.36,27.83,27.43,28.16,26.79,26.67,28.39,34.7
의령군 - 주민등록인구＜br＞(B),Statistics,32371.0,31099.0,31625.0,31418.0,30734.0,30496.0,30162.0,30045.0,30329.0,29417.0,29209.0,28544.0,28111.0,27849.0,27667.0,27168.0,26800.0,26322.0,26061.0,25475.0
의성군 - 등록외국인＜br＞(A),Statistics,383.0,473.0,462.0,505.0,534.0,499.0,474.0,478.0,490.0,572.0,676.0,759.0,708.0,606.0,635.0,642.0,570.0,509.0,609.0,746.0
의성군 - 인구 천명당 외국인수＜br＞(A÷B×1000),Statistics,5.79,7.34,7.34,8.23,8.9,8.44,8.06,8.28,8.59,10.2,12.24,13.93,13.11,11.33,11.99,12.21,11.02,10.05,12.13,14.89
의성군 - 주민등록인구＜br＞(B),Statistics,66124.0,64457.0,62947.0,61366.0,60033.0,59109.0,58832.0,57744.0,57043.0,56064.0,55212.0,54477.0,54014.0,53474.0,52944.0,52595.0,51724.0,50632.0,50186.0,50086.0
의왕시 - 등록외국인＜br＞(A),Statistics,1060.0,985.0,1142.0,1255.0,1315.0,1287.0,1343.0,1300.0,1246.0,1251.0,1415.0,1385.0,1234.0,1190.0,1152.0,1191.0,1062.0,1007.0,983.0,1062.0
의왕시 - 인구 천명당 외국인수＜br＞(A÷B×1000),Statistics,7.28,6.75,8.26,9.3,9.78,9.14,9.11,8.69,8.05,7.83,8.93,8.78,7.87,7.64,7.48,7.39,6.48,6.16,6.14,6.68
의왕시 - 주민등록인구＜br＞(B),Statistics,145535.0,145952.0,138253.0,135009.0,134488.0,140874.0,147443.0,149607.0,154757.0,159772.0,158482.0,157740.0,156763.0,155767.0,153932.0,161153.0,163795.0,163356.0,160221.0,158870.0
의정부시 - 등록외국인＜br＞(A),Statistics,2406.0,2527.0,3092.0,3840.0,4450.0,4393.0,4072.0,3890.0,3613.0,3512.0,3648.0,3817.0,3846.0,4116.0,4516.0,4908.0,4745.0,4678.0,4935.0,5723.0
의정부시 - 인구 천명당 외국인수＜br＞(A÷B×1000),Statistics,6.05,6.28,7.52,9.1,10.33,10.19,9.43,9.04,8.42,8.15,8.46,8.8,8.77,9.32,10.1,10.86,10.28,10.09,10.64,12.33
의정부시 - 주민등록인구＜br＞(B),Statistics,397612.0,402410.0,410938.0,421853.0,430849.0,431008.0,431801.0,430400.0,429147.0,430976.0,431112.0,433937.0,438457.0,441584.0,447026.0,451868.0,461710.0,463661.0,463724.0,464213.0
이천시 - 등록외국인＜br＞(A),Statistics,1917.0,1859.0,2394.0,3099.0,3759.0,3789.0,4325.0,4459.0,4422.0,5100.0,5810.0,6127.0,6472.0,6879.0,7379.0,7515.0,7030.0,6677.0,7413.0,9167.0
이천시 - 인구 천명당 외국인수＜br＞(A÷B×1000),Statistics,10.05,9.67,12.32,15.84,19.12,19.19,21.35,21.8,21.58,24.82,28.34,29.9,30.77,32.27,34.45,34.82,32.19,29.92,33.28,41.27
이천시 - 주민등록인구＜br＞(B),Statistics,190808.0,192271.0,194369.0,195691.0,196633.0,197496.0,202595.0,204566.0,204917.0,205479.0,205014.0,204935.0,210359.0,213142.0,214206.0,215834.0,218388.0,223177.0,222721.0,222098.0
익산시 - 등록외국인＜br＞(A),Statistics,2155.0,2274.0,2795.0,3321.0,3568.0,3586.0,3484.0,3671.0,3737.0,3886.0,4244.0,4308.0,4552.0,5167.0,5279.0,5145.0,4714.0,4459.0,5118.0,6007.0
익산시 - 인구 천명당 외국인수＜br＞(A÷B×1000),Statistics,6.68,7.14,8.87,10.59,11.54,11.69,11.34,11.85,12.19,12.68,13.96,14.26,15.15,17.21,17.95,17.88,16.7,16.03,18.7,22.25
익산시 - 주민등록인구＜br＞(B),Statistics,322378.0,318506.0,315094.0,313590.0,309269.0,306669.0,307289.0,309804.0,306469.0,306539.0,304117.0,302061.0,300479.0,300187.0,294062.0,287771.0,282276.0,278113.0,273697.0,270036.0
인제군 - 등록외국인＜br＞(A),Statistics,120.0,123.0,126.0,238.0,291.0,253.0,333.0,329.0,313.0,310.0,333.0,344.0,341.0,319.0,319.0,309.0,265.0,311.0,530.0,543.0
인제군 - 인구 천명당 외국인수＜br＞(A÷B×1000),Statistics,3.7,3.75,3.88,7.42,9.2,8.04,10.46,10.29,9.64,9.53,10.25,10.34,10.42,9.79,9.93,9.76,8.36,9.67,16.46,16.96
인제군 - 주민등록인구＜br＞(B),Statistics,32443.0,32811.0,32493.0,32079.0,31620.0,31452.0,31842.0,31970.0,32456.0,32517.0,32475.0,33255.0,32720.0,32582.0,32136.0,31672.0,31694.0,32165.0,32206.0,32020.0
인천광역시 - 등록외국인＜br＞(A),Statistics,31898.0,31683.0,39463.0,45464.0,48521.0,47852.0,49992.0,50217.0,47305.0,50382.0,55323.0,57669.0,59103.0,62596.0,67869.0,72259.0,67648.0,66364.0,71849.0,81016.0
인천광역시 - 인구 천명당 외국인수＜br＞(A÷B×1000),Statistics,12.37,12.18,15.04,17.06,18.02,17.65,18.12,17.93,16.63,17.5,19.06,19.71,20.08,21.23,22.97,24.44,22.99,22.51,24.21,27.03
인천광역시 - 주민등록인구＜br＞(B),Statistics,2578817.0,2600495.0,2624391.0,2664576.0,2692696.0,2710579.0,2758296.0,2801274.0,2843981.0,2879782.0,2902608.0,2925815.0,2943069.0,2948542.0,2954642.0,2957026.0,2942828.0,2948375.0,2967314.0,2997410.0
임실군 - 등록외국인＜br＞(A),Statistics,158.0,170.0,243.0,345.0,408.0,424.0,348.0,331.0,308.0,325.0,340.0,360.0,375.0,413.0,370.0,342.0,290.0,273.0,341.0,405.0
임실군 - 인구 천명당 외국인수＜br＞(A÷B×1000),Statistics,4.79,5.23,7.6,10.8,13.11,13.81,11.38,10.75,10.28,10.93,11.35,11.89,12.42,13.69,12.3,11.83,10.62,10.21,12.86,15.6
임실군 - 주민등록인구＜br＞(B),Statistics,33008.0,32511.0,31976.0,31952.0,31133.0,30703.0,30593.0,30789.0,29956.0,29739.0,29966.0,30271.0,30197.0,30162.0,30072.0,28902.0,27314.0,26730.0,26508.0,25956.0
장성군 - 등록외국인＜br＞(A),Statistics,555.0,545.0,637.0,662.0,797.0,833.0,972.0,1170.0,1115.0,1138.0,1085.0,1096.0,1114.0,1148.0,1105.0,1097.0,993.0,923.0,1030.0,1135.0
장성군 - 인구 천명당 외국인수＜br＞(A÷B×1000),Statistics,11.06,11.09,13.31,13.96,17.1,18.02,20.9,25.3,24.09,24.58,23.45,23.64,24.16,24.9,24.13,23.98,22.33,21.28,23.87,26.68
장성군 - 주민등록인구＜br＞(B),Statistics,50200.0,49165.0,47870.0,47410.0,46602.0,46214.0,46514.0,46245.0,46289.0,46292.0,46273.0,46360.0,46104.0,46111.0,45795.0,45739.0,44464.0,43365.0,43146.0,42543.0
장수군 - 등록외국인＜br＞(A),Statistics,145.0,157.0,211.0,225.0,268.0,262.0,265.0,279.0,299.0,326.0,371.0,404.0,388.0,381.0,381.0,377.0,351.0,324.0,373.0,432.0
장수군 - 인구 천명당 외국인수＜br＞(A÷B×1000),Statistics,5.41,6.34,8.72,8.43,11.23,11.16,11.33,12.02,12.89,14.03,15.9,17.36,16.42,16.56,16.41,16.8,15.89,14.93,17.48,20.59
장수군 - 주민등록인구＜br＞(B),Statistics,26788.0,24755.0,24209.0,26687.0,23864.0,23478.0,23386.0,23215.0,23191.0,23243.0,23335.0,23277.0,23628.0,23003.0,23221.0,22441.0,22085.0,21695.0,21336.0,20983.0
장흥군 - 등록외국인＜br＞(A),Statistics,167.0,216.0,203.0,235.0,268.0,336.0,338.0,338.0,342.0,405.0,493.0,530.0,565.0,550.0,601.0,592.0,534.0,491.0,543.0,634.0
장흥군 - 인구 천명당 외국인수＜br＞(A÷B×1000),Statistics,3.59,4.74,4.57,5.41,6.26,7.98,7.97,7.94,8.01,9.42,11.41,12.18,13.89,13.7,15.29,15.35,14.13,13.43,15.23,18.09
장흥군 - 주민등록인구＜br＞(B),Statistics,46568.0,45542.0,44451.0,43468.0,42783.0,42097.0,42394.0,42552.0,42672.0,43004.0,43190.0,43513.0,40669.0,40136.0,39312.0,38563.0,37800.0,36547.0,35650.0,35046.0
전국 - 등록외국인＜br＞(A),Statistics,469183.0,485477.0,632490.0,765429.0,854007.0,870636.0,918917.0,982461.0,932983.0,985923.0,1091531.0,1143087.0,1161677.0,1171762.0,1246626.0,1271807.0,1145540.0,1093891.0,1189585.0,1348626.0
전국 - 인구 천명당 외국인수＜br＞(A÷B×1000),Statistics,9.66,9.95,12.91,15.54,17.24,17.49,18.19,19.36,18.31,19.28,21.27,22.18,22.47,22.63,24.05,24.53,22.1,21.18,23.13,26.28
전국 - 주민등록인구＜br＞(B),Statistics,48583805.0,48782274.0,48991779.0,49268928.0,49540367.0,49773145.0,50515666.0,50734284.0,50948272.0,51141463.0,51327916.0,51529338.0,51696216.0,51778544.0,51826059.0,51849861.0,51829023.0,51638809.0,51439038.0,51325329.0
전라남도 - 등록외국인＜br＞(A),Statistics,7819.0,9260.0,11903.0,15126.0,19690.0,21149.0,21970.0,23797.0,23602.0,24544.0,28254.0,30566.0,31750.0,31221.0,33042.0,34638.0,32906.0,32656.0,38988.0,49110.0
전라남도 - 인구 천명당 외국인수＜br＞(A÷B×1000),Statistics,3.94,4.71,6.13,7.84,10.26,11.06,11.45,12.43,12.36,12.87,14.83,16.01,16.68,16.46,17.55,18.54,17.77,17.82,21.45,27.22
전라남도 - 주민등록인구＜br＞(B),Statistics,1986192.0,1967205.0,1942925.0,1929836.0,1919000.0,1913004.0,1918485.0,1914339.0,1909618.0,1907172.0,1905780.0,1908996.0,1903914.0,1896424.0,1882970.0,1868745.0,1851549.0,1832803.0,1817697.0,1804217.0
전북특별자치도 - 등록외국인＜br＞(A),Statistics,8932.0,10165.0,13475.0,16151.0,18749.0,19919.0,20152.0,21851.0,22030.0,23067.0,25086.0,26194.0,27320.0,28588.0,31347.0,33074.0,31288.0,30331.0,34941.0,40215.0
전북특별자치도 - 인구 천명당 외국인수＜br＞(A÷B×1000),Statistics,4.68,5.39,7.21,8.67,10.1,10.74,10.78,11.66,11.76,12.32,13.4,14.01,14.65,15.41,17.07,18.18,17.34,16.97,19.75,22.92
전북특별자치도 - 주민등록인구＜br＞(B),Statistics,1906742.0,1885335.0,1868365.0,1862277.0,1855772.0,1854508.0,1868963.0,1874031.0,1873341.0,1872965.0,1871560.0,1869711.0,1864791.0,1854607.0,1836832.0,1818917.0,1804104.0,1786855.0,1769607.0,1754757.0
전주시 - 등록외국인＜br＞(A),Statistics,1788.0,2055.0,2594.0,3413.0,4175.0,4915.0,5010.0,5121.0,5177.0,5276.0,5693.0,5929.0,6625.0,7153.0,7961.0,8704.0,8745.0,8901.0,9764.0,10080.0
전주시 - 인구 천명당 외국인수＜br＞(A÷B×1000),Statistics,2.87,3.31,4.15,5.47,6.61,7.74,7.81,7.93,7.98,8.12,8.72,9.09,10.17,11.02,12.23,13.3,13.3,13.54,14.99,15.68
전주시 - 주민등록인구＜br＞(B),Statistics,622472.0,621749.0,624849.0,623926.0,631532.0,635007.0,641525.0,645894.0,648863.0,650082.0,652877.0,652282.0,651744.0,648964.0,651091.0,654394.0,657432.0,657269.0,651495.0,642727.0
정선군 - 등록외국인＜br＞(A),Statistics,214.0,199.0,246.0,242.0,282.0,292.0,384.0,333.0,325.0,325.0,327.0,305.0,275.0,256.0,265.0,302.0,265.0,264.0,301.0,293.0
정선군 - 인구 천명당 외국인수＜br＞(A÷B×1000),Statistics,4.71,4.5,5.7,5.79,6.83,7.17,9.36,8.29,8.14,8.13,8.29,7.78,7.1,6.71,7.03,8.1,7.19,7.4,8.62,8.57
정선군 - 주민등록인구＜br＞(B),Statistics,45419.0,44203.0,43186.0,41806.0,41269.0,40708.0,41045.0,40181.0,39915.0,39985.0,39425.0,39197.0,38718.0,38173.0,37700.0,37271.0,36870.0,35675.0,34931.0,34202.0
정읍시 - 등록외국인＜br＞(A),Statistics,733.0,818.0,1138.0,1285.0,1354.0,1390.0,1512.0,1904.0,1842.0,2038.0,2108.0,2160.0,2145.0,2230.0,2614.0,2874.0,2731.0,2480.0,2700.0,3066.0
정읍시 - 인구 천명당 외국인수＜br＞(A÷B×1000),Statistics,5.54,6.34,9.01,10.34,11.02,11.44,12.39,15.81,15.43,17.22,17.99,18.62,18.62,19.6,23.3,26.0,25.17,23.29,25.69,29.59
정읍시 - 주민등록인구＜br＞(B),Statistics,132285.0,129050.0,126249.0,124239.0,122842.0,121545.0,122000.0,120466.0,119392.0,118328.0,117183.0,115977.0,115173.0,113776.0,112169.0,110541.0,108508.0,106487.0,105081.0,103620.0
제주시 - 등록외국인＜br＞(A),Statistics,,,2218.0,2906.0,3417.0,3738.0,4144.0,4803.0,5757.0,7292.0,9491.0,10902.0,12660.0,13701.0,15845.0,16545.0,14892.0,13747.0,14205.0,16442.0
제주시 - 인구 천명당 외국인수＜br＞(A÷B×1000),Statistics,,,5.5,7.17,8.39,9.11,9.92,11.36,13.4,16.64,21.15,23.71,26.9,28.62,32.61,33.81,30.24,27.88,28.79,33.44
제주시 - 주민등록인구＜br＞(B),Statistics,,,403601.0,405458.0,407498.0,410378.0,417539.0,422790.0,429656.0,438165.0,448834.0,459876.0,470665.0,478700.0,485946.0,489405.0,492466.0,493096.0,493389.0,491654.0
제주특별자치도 - 등록외국인＜br＞(A),Statistics,1873.0,2178.0,3199.0,4130.0,4902.0,5250.0,5932.0,7128.0,8736.0,10864.0,14204.0,16960.0,19593.0,21689.0,24841.0,25668.0,22943.0,20717.0,21592.0,25456.0
제주특별자치도 - 인구 천명당 외국인수＜br＞(A÷B×1000),Statistics,3.37,3.91,5.73,7.38,8.74,9.33,10.38,12.37,14.97,18.3,23.39,27.16,30.54,33.01,37.23,38.25,34.01,30.61,31.84,37.7
제주특별자치도 - 주민등록인구＜br＞(B),Statistics,555362.0,557569.0,558496.0,559258.0,560618.0,562663.0,571255.0,576156.0,583713.0,593806.0,607346.0,624395.0,641597.0,657083.0,667191.0,670989.0,674635.0,676759.0,678159.0,675252.0
제천시 - 등록외국인＜br＞(A),Statistics,531.0,719.0,1207.0,1327.0,1491.0,1386.0,1515.0,1526.0,1447.0,1425.0,1486.0,1471.0,1576.0,1476.0,1520.0,1625.0,1502.0,1500.0,1649.0,2123.0
제천시 - 인구 천명당 외국인수＜br＞(A÷B×1000),Statistics,3.82,5.2,8.85,9.74,10.98,10.22,11.04,11.08,10.52,10.39,10.86,10.81,11.54,10.82,11.23,12.07,11.29,11.4,12.59,16.31
제천시 - 주민등록인구＜br＞(B),Statistics,138872.0,138201.0,136398.0,136218.0,135738.0,135580.0,137264.0,137689.0,137521.0,137204.0,136805.0,136138.0,136517.0,136432.0,135386.0,134617.0,133018.0,131591.0,130988.0,130194.0
종로구 - 등록외국인＜br＞(A),Statistics,4202.0,4546.0,5897.0,7997.0,9049.0,8940.0,8784.0,9037.0,7941.0,7797.0,8351.0,8836.0,9185.0,9487.0,9961.0,10579.0,9612.0,9106.0,10832.0,11036.0
종로구 - 인구 천명당 외국인수＜br＞(A÷B×1000),Statistics,24.1,26.85,35.36,48.22,53.01,53.02,51.5,53.67,48.07,48.71,53.19,57.01,60.14,61.3,65.08,69.93,64.34,62.94,76.62,79.16
종로구 - 주민등록인구＜br＞(B),Statistics,174372.0,169315.0,166793.0,165846.0,170705.0,168603.0,170578.0,168382.0,165207.0,160070.0,156993.0,154986.0,152737.0,154770.0,153065.0,151290.0,149384.0,144683.0,141379.0,139417.0
중구 - 등록외국인＜br＞(A),Statistics,4614.0,4393.0,5699.0,7391.0,8449.0,8396.0,8378.0,8378.0,7447.0,7525.0,8162.0,8596.0,9160.0,8884.0,9908.0,10317.0,9395.0,9288.0,10348.0,10481.0
중구 - 인구 천명당 외국인수＜br＞(A÷B×1000),Statistics,34.96,33.79,43.62,56.83,64.81,64.85,63.08,62.9,55.84,57.68,63.73,68.37,73.13,70.67,78.81,81.77,75.02,75.82,85.92,86.4
중구 - 주민등록인구＜br＞(B),Statistics,131971.0,130027.0,130649.0,130044.0,130362.0,129465.0,132822.0,133193.0,133360.0,130465.0,128065.0,125733.0,125249.0,125709.0,125725.0,126171.0,125240.0,122499.0,120437.0,121312.0
중랑구 - 등록외국인＜br＞(A),Statistics,2205.0,2549.0,3326.0,4335.0,4974.0,4939.0,4847.0,4966.0,4360.0,4439.0,4575.0,4711.0,4672.0,4554.0,4938.0,5009.0,4860.0,4535.0,4822.0,5315.0
중랑구 - 인구 천명당 외국인수＜br＞(A÷B×1000),Statistics,5.08,5.96,7.81,10.15,11.62,11.63,11.34,11.72,10.4,10.65,10.92,11.38,11.37,11.16,12.25,12.62,12.31,11.71,12.51,13.91
중랑구 - 주민등록인구＜br＞(B),Statistics,433858.0,427373.0,426078.0,427071.0,427871.0,424761.0,427455.0,423706.0,419295.0,416798.0,418836.0,413909.0,411005.0,408226.0,403209.0,397015.0,394702.0,387350.0,385318.0,382155.0
증평군 - 등록외국인＜br＞(A),Statistics,217.0,239.0,331.0,338.0,355.0,347.0,395.0,411.0,428.0,489.0,587.0,589.0,688.0,672.0,745.0,779.0,822.0,845.0,957.0,1084.0
증평군 - 인구 천명당 외국인수＜br＞(A÷B×1000),Statistics,7.02,7.81,10.86,10.85,11.03,10.46,11.78,12.09,12.49,14.16,16.88,16.06,18.44,17.79,19.96,20.83,22.33,23.2,25.68,28.92
증평군 - 주민등록인구＜br＞(B),Statistics,30899.0,30607.0,30483.0,31145.0,32179.0,33164.0,33533.0,34009.0,34279.0,34546.0,34771.0,36671.0,37308.0,37783.0,37317.0,37392.0,36807.0,36426.0,37262.0,37484.0
진도군 - 등록외국인＜br＞(A),Statistics,79.0,98.0,147.0,191.0,242.0,250.0,334.0,351.0,403.0,548.0,690.0,893.0,1339.0,1243.0,1412.0,1517.0,1432.0,1322.0,1643.0,2070.0
진도군 - 인구 천명당 외국인수＜br＞(A÷B×1000),Statistics,2.12,2.68,4.09,5.43,7.03,7.37,9.9,10.48,12.14,16.61,21.07,27.5,41.74,39.13,45.23,49.39,45.86,43.97,55.68,71.43
진도군 - 주민등록인구＜br＞(B),Statistics,37329.0,36529.0,35953.0,35206.0,34412.0,33931.0,33743.0,33502.0,33208.0,32998.0,32746.0,32476.0,32078.0,31765.0,31219.0,30715.0,31227.0,30066.0,29507.0,28979.0
진안군 - 등록외국인＜br＞(A),Statistics,120.0,178.0,303.0,263.0,267.0,270.0,274.0,301.0,290.0,303.0,305.0,310.0,329.0,340.0,349.0,373.0,336.0,322.0,408.0,471.0
진안군 - 인구 천명당 외국인수＜br＞(A÷B×1000),Statistics,3.9,6.13,11.17,8.69,9.81,9.8,9.95,10.57,10.76,11.35,11.52,11.83,12.62,12.94,13.44,14.52,13.23,12.89,16.62,19.25
진안군 - 주민등록인구＜br＞(B),Statistics,30757.0,29021.0,27122.0,30250.0,27230.0,27558.0,27543.0,28473.0,26963.0,26703.0,26474.0,26203.0,26069.0,26271.0,25963.0,25697.0,25394.0,24987.0,24550.0,24465.0
진주시 - 등록외국인＜br＞(A),Statistics,1131.0,1494.0,2083.0,2500.0,3015.0,3045.0,3438.0,3943.0,3907.0,4130.0,4306.0,4409.0,4540.0,4866.0,5108.0,5219.0,4658.0,4498.0,4908.0,5888.0
진주시 - 인구 천명당 외국인수＜br＞(A÷B×1000),Statistics,3.35,4.44,6.24,7.56,9.1,9.18,10.26,11.75,11.58,12.25,12.66,12.8,13.09,14.04,14.76,15.03,13.38,12.96,14.28,17.26
진주시 - 주민등록인구＜br＞(B),Statistics,337425.0,336234.0,333554.0,330756.0,331222.0,331720.0,335037.0,335502.0,337314.0,337071.0,340241.0,344426.0,346739.0,346681.0,345987.0,347334.0,348096.0,347097.0,343782.0,341074.0
진천군 - 등록외국인＜br＞(A),Statistics,2144.0,1978.0,2567.0,2702.0,2864.0,2941.0,3350.0,3350.0,3109.0,3612.0,4359.0,4837.0,5317.0,5575.0,6047.0,6073.0,5646.0,5477.0,6406.0,7488.0
진천군 - 인구 천명당 외국인수＜br＞(A÷B×1000),Statistics,35.53,32.88,42.7,44.92,47.17,47.86,53.95,53.13,48.99,55.91,66.88,71.15,76.01,75.67,77.31,74.9,67.44,64.3,74.36,86.81
진천군 - 주민등록인구＜br＞(B),Statistics,60347.0,60155.0,60111.0,60154.0,60715.0,61456.0,62094.0,63051.0,63458.0,64606.0,65174.0,67981.0,69950.0,73677.0,78218.0,81084.0,83718.0,85176.0,86147.0,86254.0
창녕군 - 등록외국인＜br＞(A),Statistics,328.0,458.0,622.0,683.0,778.0,833.0,1037.0,1276.0,1331.0,1612.0,1874.0,2091.0,2285.0,2416.0,2702.0,2789.0,2333.0,2130.0,2483.0,3091.0
창녕군 - 인구 천명당 외국인수＜br＞(A÷B×1000),Statistics,4.96,7.08,9.8,10.97,12.63,13.6,16.8,20.42,21.14,25.41,29.51,32.77,35.71,37.69,42.62,44.74,38.06,35.42,42.54,54.15
창녕군 - 주민등록인구＜br＞(B),Statistics,66074.0,64672.0,63476.0,62255.0,61603.0,61252.0,61714.0,62490.0,62966.0,63447.0,63502.0,63817.0,63982.0,64101.0,63396.0,62331.0,61301.0,60129.0,58372.0,57083.0
창원시 - 등록외국인＜br＞(A),Statistics,,,,,,,13668.0,15460.0,14610.0,15021.0,16345.0,16788.0,16226.0,15625.0,15354.0,15073.0,13469.0,12860.0,13988.0,16422.0
창원시 - 인구 천명당 외국인수＜br＞(A÷B×1000),Statistics,,,,,,,12.54,14.16,13.39,13.86,15.2,15.69,15.25,14.78,14.57,14.43,12.99,12.45,13.69,16.27
창원시 - 주민등록인구＜br＞(B),Statistics,,,,,,,1090181.0,1091881.0,1091471.0,1083731.0,1075168.0,1070064.0,1063907.0,1057032.0,1053601.0,1044740.0,1036738.0,1032741.0,1021487.0,1009038.0
천안시 - 등록외국인＜br＞(A),Statistics,6662.0,6336.0,7870.0,8786.0,9964.0,10591.0,12436.0,14211.0,13738.0,15452.0,16534.0,17060.0,17828.0,18871.0,20078.0,20298.0,18188.0,17944.0,20230.0,23748.0
천안시 - 인구 천명당 외국인수＜br＞(A÷B×1000),Statistics,13.24,12.36,15.04,16.52,18.53,19.58,22.3,24.87,23.61,26.14,27.63,28.16,28.85,29.88,31.08,31.12,27.61,27.25,30.77,36.2
천안시 - 주민등록인구＜br＞(B),Statistics,503082.0,512482.0,523323.0,531956.0,537698.0,540832.0,557673.0,571377.0,581988.0,591089.0,598346.0,605776.0,617955.0,631531.0,646075.0,652258.0,658808.0,658486.0,657559.0,655959.0
철원군 - 등록외국인＜br＞(A),Statistics,258.0,234.0,236.0,299.0,342.0,385.0,535.0,490.0,501.0,584.0,608.0,623.0,686.0,736.0,725.0,711.0,626.0,610.0,780.0,839.0
철원군 - 인구 천명당 외국인수＜br＞(A÷B×1000),Statistics,5.2,4.78,4.91,6.31,7.17,8.08,10.93,10.19,10.44,12.3,12.78,12.77,14.29,15.6,15.62,15.6,14.0,14.07,18.46,20.24
철원군 - 주민등록인구＜br＞(B),Statistics,49650.0,48933.0,48024.0,47420.0,47724.0,47669.0,48928.0,48084.0,47968.0,47473.0,47590.0,48799.0,48013.0,47185.0,46413.0,45584.0,44699.0,43340.0,42256.0,41448.0
청도군 - 등록외국인＜br＞(A),Statistics,365.0,351.0,412.0,469.0,454.0,454.0,503.0,617.0,670.0,722.0,904.0,1027.0,1039.0,1020.0,1072.0,1042.0,966.0,931.0,954.0,1112.0
청도군 - 인구 천명당 외국인수＜br＞(A÷B×1000),Statistics,7.66,7.51,8.93,10.3,10.15,10.25,11.33,13.93,15.24,16.49,20.55,23.49,23.85,23.53,24.9,24.28,22.86,22.22,22.92,26.91
청도군 - 주민등록인구＜br＞(B),Statistics,47678.0,46748.0,46144.0,45515.0,44711.0,44279.0,44391.0,44298.0,43968.0,43788.0,43993.0,43724.0,43564.0,43346.0,43057.0,42910.0,42263.0,41891.0,41614.0,41316.0
청송군 - 등록외국인＜br＞(A),Statistics,98.0,108.0,122.0,131.0,150.0,150.0,168.0,176.0,216.0,237.0,279.0,231.0,251.0,195.0,203.0,207.0,179.0,188.0,254.0,343.0
청송군 - 인구 천명당 외국인수＜br＞(A÷B×1000),Statistics,3.26,3.69,4.29,4.7,5.5,5.57,6.29,6.62,8.16,8.95,10.55,8.76,9.54,7.5,7.91,8.14,7.15,7.66,10.45,14.28
청송군 - 주민등록인구＜br＞(B),Statistics,30099.0,29298.0,28465.0,27862.0,27289.0,26917.0,26715.0,26569.0,26481.0,26470.0,26453.0,26384.0,26301.0,26006.0,25678.0,25416.0,25044.0,24539.0,24295.0,24019.0
청양군 - 등록외국인＜br＞(A),Statistics,202.0,223.0,319.0,328.0,394.0,399.0,404.0,460.0,450.0,446.0,513.0,553.0,571.0,589.0,614.0,642.0,623.0,622.0,725.0,872.0
청양군 - 인구 천명당 외국인수＜br＞(A÷B×1000),Statistics,5.67,6.39,9.36,9.76,11.92,12.23,12.42,14.25,14.02,13.87,15.91,17.02,17.43,17.94,19.01,20.24,20.13,20.43,23.95,28.9
청양군 - 주민등록인구＜br＞(B),Statistics,35626.0,34921.0,34086.0,33604.0,33062.0,32613.0,32541.0,32291.0,32087.0,32155.0,32248.0,32485.0,32753.0,32837.0,32296.0,31717.0,30948.0,30440.0,30266.0,30168.0
청주시 - 등록외국인＜br＞(A),Statistics,,,,,,,,,,,10506.0,11048.0,11752.0,12325.0,13579.0,14148.0,12534.0,12349.0,14052.0,16421.0
청주시 - 인구 천명당 외국인수＜br＞(A÷B×1000),Statistics,,,,,,,,,,,12.63,13.28,14.07,14.75,16.21,16.85,14.83,14.55,16.54,19.27
청주시 - 주민등록인구＜br＞(B),Statistics,,,,,,,,,,,831521.0,831912.0,835197.0,835590.0,837749.0,839566.0,844993.0,848482.0,849573.0,852189.0
춘천시 - 등록외국인＜br＞(A),Statistics,1240.0,1456.0,1829.0,2298.0,2582.0,2665.0,2789.0,2850.0,2767.0,2898.0,3049.0,3008.0,3244.0,3678.0,4362.0,4294.0,3724.0,3726.0,4133.0,4317.0
춘천시 - 인구 천명당 외국인수＜br＞(A÷B×1000),Statistics,4.88,5.71,7.14,8.9,9.86,10.06,10.33,10.45,10.12,10.56,11.06,10.82,11.56,13.11,15.54,15.27,13.17,13.09,14.42,15.07
춘천시 - 주민등록인구＜br＞(B),Statistics,254323.0,254999.0,256239.0,258141.0,261975.0,264849.0,269950.0,272805.0,273364.0,274455.0,275791.0,277997.0,280707.0,280514.0,280640.0,281291.0,282765.0,284594.0,286664.0,286426.0
충남 당진군 - 등록외국인＜br＞(A),Statistics,1254.0,1533.0,2242.0,2542.0,2989.0,3154.0,3434.0,3776.0,,,,,,,,,,,,
충남 당진군 - 인구 천명당 외국인수＜br＞(A÷B×1000),Statistics,10.67,12.72,17.95,18.66,21.91,22.72,23.7,25.14,,,,,,,,,,,,
충남 당진군 - 주민등록인구＜br＞(B),Statistics,117510.0,120483.0,124925.0,136254.0,136432.0,138798.0,144903.0,150219.0,,,,,,,,,,,,
충남 연기군 - 등록외국인＜br＞(A),Statistics,1123.0,1087.0,1360.0,1473.0,1473.0,1586.0,1633.0,1820.0,,,,,,,,,,,,
충남 연기군 - 인구 천명당 외국인수＜br＞(A÷B×1000),Statistics,13.3,12.89,16.44,18.42,18.73,19.95,19.95,21.96,,,,,,,,,,,,
충남 연기군 - 주민등록인구＜br＞(B),Statistics,84455.0,84308.0,82747.0,79977.0,78645.0,79482.0,81871.0,82890.0,,,,,,,,,,,,
충북 청원군 - 등록외국인＜br＞(A),Statistics,1387.0,1488.0,2169.0,2918.0,3052.0,2900.0,3057.0,3417.0,3206.0,3363.0,,,,,,,,,,
충북 청원군 - 인구 천명당 외국인수＜br＞(A÷B×1000),Statistics,11.58,12.42,15.89,20.4,20.61,19.36,19.99,21.58,20.71,21.7,,,,,,,,,,
충북 청원군 - 주민등록인구＜br＞(B),Statistics,119745.0,119784.0,136538.0,143021.0,148063.0,149783.0,152944.0,158369.0,154780.0,155002.0,,,,,,,,,,
충북 청주시 - 등록외국인＜br＞(A),Statistics,2326.0,2949.0,3958.0,5098.0,5560.0,5437.0,5822.0,6253.0,5998.0,6398.0,,,,,,,,,,
충북 청주시 - 인구 천명당 외국인수＜br＞(A÷B×1000),Statistics,3.73,4.67,6.32,8.05,8.71,8.45,8.88,9.45,8.99,9.51,,,,,,,,,,
충북 청주시 - 주민등록인구＜br＞(B),Statistics,624288.0,630939.0,626679.0,633286.0,638663.0,643161.0,655971.0,661946.0,666852.0,672904.0,,,,,,,,,,
충주시 - 등록외국인＜br＞(A),Statistics,1023.0,1266.0,1626.0,1972.0,2436.0,2461.0,2814.0,2915.0,2948.0,3268.0,3673.0,4063.0,4725.0,5043.0,5355.0,5333.0,4775.0,4525.0,5060.0,5649.0
충주시 - 인구 천명당 외국인수＜br＞(A÷B×1000),Statistics,4.93,6.15,7.95,9.62,11.8,11.91,13.5,13.99,14.14,15.7,17.61,19.54,22.68,24.21,25.44,25.31,22.72,21.61,24.29,27.19
충주시 - 주민등록인구＜br＞(B),Statistics,207534.0,205907.0,204610.0,205064.0,206372.0,206613.0,208481.0,208433.0,208447.0,208115.0,208527.0,207913.0,208350.0,208316.0,210504.0,210737.0,210186.0,209358.0,208277.0,207778.0
충청남도 - 등록외국인＜br＞(A),Statistics,19147.0,19849.0,26411.0,30553.0,35254.0,37667.0,42753.0,48091.0,46141.0,49924.0,54557.0,56583.0,60353.0,64155.0,68234.0,70675.0,64546.0,62578.0,71159.0,85215.0
충청남도 - 인구 천명당 외국인수＜br＞(A÷B×1000),Statistics,9.8,10.11,13.38,15.31,17.47,18.49,20.6,22.89,22.74,24.38,26.45,27.23,28.78,30.31,32.09,33.28,30.43,29.53,33.52,40.0
충청남도 - 주민등록인구＜br＞(B),Statistics,1953406.0,1962646.0,1974433.0,1995531.0,2018537.0,2037582.0,2075514.0,2101284.0,2028777.0,2047631.0,2062273.0,2077649.0,2096727.0,2116770.0,2126282.0,2123709.0,2121029.0,2119257.0,2123037.0,2130119.0
충청북도 - 등록외국인＜br＞(A),Statistics,11665.0,12871.0,17326.0,20731.0,22700.0,22648.0,24453.0,25730.0,24830.0,27481.0,30700.0,32637.0,35499.0,36656.0,39537.0,40714.0,37060.0,36045.0,41270.0,48866.0
충청북도 - 인구 천명당 외국인수＜br＞(A÷B×1000),Statistics,7.83,8.65,11.59,13.76,14.94,14.83,15.78,16.46,15.86,17.47,19.44,20.6,22.3,22.99,24.72,25.45,23.15,22.56,25.87,30.67
충청북도 - 주민등록인구＜br＞(B),Statistics,1488945.0,1488803.0,1494559.0,1506608.0,1519587.0,1527478.0,1549528.0,1562903.0,1565628.0,1572732.0,1578933.0,1583952.0,1591625.0,1594432.0,1599252.0,1600007.0,1600837.0,1597427.0,1595058.0,1593469.0
칠곡군 - 등록외국인＜br＞(A),Statistics,2941.0,2638.0,3222.0,3383.0,3069.0,2716.0,2870.0,3107.0,3198.0,3648.0,4034.0,4132.0,4131.0,3973.0,3961.0,4038.0,3672.0,3641.0,4142.0,4883.0
칠곡군 - 인구 천명당 외국인수＜br＞(A÷B×1000),Statistics,27.62,24.48,28.93,29.71,26.35,23.16,24.1,26.14,26.7,30.1,33.05,33.64,33.53,32.87,33.33,34.5,32.0,31.99,36.82,44.16
칠곡군 - 주민등록인구＜br＞(B),Statistics,106475.0,107750.0,111390.0,113851.0,116472.0,117288.0,119087.0,118838.0,119786.0,121182.0,122058.0,122829.0,123199.0,120864.0,118828.0,117047.0,114758.0,113822.0,112487.0,110581.0
태백시 - 등록외국인＜br＞(A),Statistics,120.0,151.0,177.0,207.0,257.0,306.0,248.0,259.0,263.0,264.0,289.0,278.0,263.0,254.0,254.0,258.0,226.0,249.0,298.0,331.0
태백시 - 인구 천명당 외국인수＜br＞(A÷B×1000),Statistics,2.25,2.88,3.43,4.02,5.04,6.07,4.88,5.16,5.31,5.41,5.99,5.85,5.59,5.54,5.66,5.88,5.29,6.1,7.56,8.55
태백시 - 주민등록인구＜br＞(B),Statistics,53264.0,52463.0,51593.0,51490.0,51028.0,50424.0,50864.0,50176.0,49493.0,48794.0,48258.0,47501.0,47070.0,45888.0,44858.0,43866.0,42719.0,40844.0,39428.0,38702.0
태안군 - 등록외국인＜br＞(A),Statistics,175.0,281.0,328.0,401.0,509.0,565.0,694.0,795.0,888.0,961.0,1139.0,1229.0,1257.0,1344.0,1340.0,1372.0,1384.0,1381.0,1674.0,2045.0
태안군 - 인구 천명당 외국인수＜br＞(A÷B×1000),Statistics,2.74,4.4,5.14,6.36,8.03,8.95,10.97,12.67,14.2,15.4,18.2,19.36,19.67,21.02,21.19,21.87,22.25,22.45,27.29,33.64
태안군 - 주민등록인구＜br＞(B),Statistics,63764.0,63794.0,63754.0,63042.0,63401.0,63095.0,63247.0,62747.0,62548.0,62416.0,62574.0,63484.0,63900.0,63932.0,63238.0,62743.0,62214.0,61526.0,61335.0,60784.0
통영시 - 등록외국인＜br＞(A),Statistics,654.0,634.0,1174.0,1616.0,2516.0,3154.0,3335.0,3822.0,3692.0,3475.0,4106.0,4603.0,4333.0,3692.0,3800.0,3962.0,3681.0,3516.0,3988.0,4601.0
통영시 - 인구 천명당 외국인수＜br＞(A÷B×1000),Statistics,4.92,4.77,8.82,12.02,18.46,22.95,23.77,27.26,26.5,24.87,29.45,33.08,31.36,27.18,28.42,30.15,28.69,28.04,32.51,38.17
통영시 - 주민등록인구＜br＞(B),Statistics,132959.0,132795.0,133127.0,134431.0,136275.0,137415.0,140297.0,140195.0,139347.0,139719.0,139439.0,139168.0,138160.0,135833.0,133720.0,131404.0,128293.0,125383.0,122681.0,120551.0
파주시 - 등록외국인＜br＞(A),Statistics,6377.0,5837.0,7307.0,7794.0,8231.0,8493.0,8591.0,8483.0,7925.0,8440.0,9178.0,9731.0,10238.0,10676.0,11274.0,11572.0,10655.0,10258.0,12133.0,13777.0
파주시 - 인구 천명당 외국인수＜br＞(A÷B×1000),Statistics,25.89,22.3,24.96,25.65,26.45,26.29,24.16,22.39,20.1,21.01,22.31,22.99,23.77,24.38,24.95,25.49,22.88,21.23,24.5,27.68
파주시 - 주민등록인구＜br＞(B),Statistics,246323.0,261770.0,292752.0,303831.0,311164.0,323011.0,355632.0,378790.0,394201.0,401718.0,411348.0,423321.0,430781.0,437848.0,451848.0,454040.0,465617.0,483245.0,495315.0,497753.0
평창군 - 등록외국인＜br＞(A),Statistics,171.0,190.0,263.0,300.0,357.0,355.0,317.0,322.0,285.0,330.0,390.0,480.0,464.0,500.0,411.0,471.0,451.0,464.0,536.0,578.0
평창군 - 인구 천명당 외국인수＜br＞(A÷B×1000),Statistics,3.77,4.22,5.93,6.82,8.17,8.14,7.27,7.39,6.53,7.56,8.93,11.03,10.71,11.6,9.65,11.19,10.82,11.32,13.08,14.22
평창군 - 주민등록인구＜br＞(B),Statistics,45311.0,45033.0,44332.0,44003.0,43706.0,43634.0,43622.0,43577.0,43627.0,43666.0,43660.0,43500.0,43318.0,43092.0,42610.0,42106.0,41681.0,40996.0,40990.0,40659.0
평택시 - 등록외국인＜br＞(A),Statistics,7420.0,7492.0,9287.0,10299.0,10782.0,11189.0,12370.0,13297.0,13032.0,14596.0,17165.0,18644.0,19935.0,21340.0,23030.0,24108.0,23168.0,23758.0,25251.0,28822.0
평택시 - 인구 천명당 외국인수＜br＞(A÷B×1000),Statistics,20.02,19.51,23.41,25.59,26.51,27.29,29.49,31.15,30.01,33.02,38.18,40.48,42.34,44.32,46.46,46.99,43.12,42.1,43.65,48.77
평택시 - 주민등록인구＜br＞(B),Statistics,370653.0,383976.0,396765.0,402458.0,406721.0,410042.0,419457.0,426886.0,434305.0,442034.0,449555.0,460532.0,470832.0,481530.0,495642.0,513027.0,537307.0,564288.0,578529.0,591022.0
포천시 - 등록외국인＜br＞(A),Statistics,8123.0,7213.0,8038.0,8227.0,8512.0,9315.0,10392.0,10930.0,10586.0,11313.0,12126.0,12198.0,12549.0,12414.0,12798.0,13264.0,12115.0,11270.0,13365.0,14669.0
포천시 - 인구 천명당 외국인수＜br＞(A÷B×1000),Statistics,54.02,46.46,51.11,52.02,53.14,58.61,65.5,69.19,67.19,72.24,77.83,78.6,81.09,81.18,84.94,89.39,82.26,75.67,91.1,102.35
포천시 - 주민등록인구＜br＞(B),Statistics,150364.0,155242.0,157269.0,158156.0,160176.0,158931.0,158658.0,157967.0,157559.0,156603.0,155798.0,155192.0,154763.0,152925.0,150676.0,148379.0,147274.0,148939.0,146701.0,143323.0
포항시 - 등록외국인＜br＞(A),Statistics,1808.0,2096.0,2666.0,3129.0,3686.0,3868.0,4153.0,4628.0,4432.0,4626.0,4908.0,5050.0,5255.0,5384.0,5932.0,6079.0,5875.0,5790.0,6353.0,7099.0
포항시 - 인구 천명당 외국인수＜br＞(A÷B×1000),Statistics,3.57,4.13,5.28,6.19,7.25,7.59,8.07,8.95,8.54,8.91,9.45,9.72,10.17,10.48,11.63,11.99,11.68,11.49,12.79,14.4
포항시 - 주민등록인구＜br＞(B),Statistics,507129.0,507052.0,505008.0,505555.0,508119.0,509475.0,514755.0,517088.0,518913.0,519467.0,519368.0,519584.0,516775.0,513832.0,510013.0,507025.0,502916.0,503852.0,496650.0,493033.0
하남시 - 등록외국인＜br＞(A),Statistics,1662.0,1309.0,1651.0,1871.0,1842.0,1779.0,1771.0,1773.0,1621.0,1681.0,1749.0,1751.0,1840.0,2147.0,2345.0,2279.0,2168.0,2184.0,2334.0,2498.0
하남시 - 인구 천명당 외국인수＜br＞(A÷B×1000),Statistics,12.79,9.85,12.25,13.64,12.82,11.97,11.77,11.95,11.08,11.59,11.75,10.5,8.72,9.23,9.22,8.36,7.39,6.82,7.16,7.57
하남시 - 주민등록인구＜br＞(B),Statistics,129903.0,132850.0,134824.0,137131.0,143638.0,148566.0,150479.0,148397.0,146269.0,145096.0,148896.0,166713.0,211101.0,232487.0,254415.0,272455.0,293452.0,320087.0,326059.0,329861.0
하동군 - 등록외국인＜br＞(A),Statistics,107.0,115.0,172.0,231.0,250.0,291.0,350.0,357.0,429.0,460.0,560.0,611.0,529.0,555.0,549.0,525.0,470.0,440.0,500.0,707.0
하동군 - 인구 천명당 외국인수＜br＞(A÷B×1000),Statistics,1.95,2.16,3.25,4.16,4.67,5.6,6.79,6.61,8.44,9.17,11.38,12.16,10.66,11.37,11.55,11.27,10.49,10.13,11.77,16.99
하동군 - 주민등록인구＜br＞(B),Statistics,54881.0,53131.0,52898.0,55526.0,53515.0,52010.0,51509.0,53975.0,50806.0,50177.0,49223.0,50259.0,49622.0,48831.0,47533.0,46574.0,44785.0,43449.0,42465.0,41606.0
함안군 - 등록외국인＜br＞(A),Statistics,1016.0,980.0,1407.0,1744.0,2318.0,2344.0,2615.0,3129.0,3018.0,3201.0,3589.0,3743.0,3703.0,3615.0,3597.0,3498.0,3079.0,2816.0,3158.0,4022.0
함안군 - 인구 천명당 외국인수＜br＞(A÷B×1000),Statistics,16.37,15.97,22.17,26.89,35.09,35.2,38.91,46.72,44.76,47.31,52.21,54.12,53.72,53.0,53.67,53.24,47.97,45.02,51.39,66.81
함안군 - 주민등록인구＜br＞(B),Statistics,62081.0,61376.0,63460.0,64865.0,66050.0,66582.0,67207.0,66971.0,67425.0,67667.0,68741.0,69156.0,68937.0,68207.0,67025.0,65700.0,64182.0,62547.0,61456.0,60203.0
함양군 - 등록외국인＜br＞(A),Statistics,148.0,169.0,305.0,343.0,370.0,446.0,418.0,420.0,441.0,454.0,486.0,445.0,427.0,407.0,418.0,504.0,426.0,367.0,396.0,501.0
함양군 - 인구 천명당 외국인수＜br＞(A÷B×1000),Statistics,3.53,4.07,7.41,8.44,9.15,10.98,10.15,10.22,10.83,11.16,11.98,11.03,10.61,10.13,10.44,12.72,10.9,9.58,10.5,13.56
함양군 - 주민등록인구＜br＞(B),Statistics,41922.0,41535.0,41162.0,40637.0,40447.0,40626.0,41197.0,41081.0,40714.0,40692.0,40584.0,40339.0,40241.0,40175.0,40044.0,39637.0,39080.0,38310.0,37708.0,36945.0
함평군 - 등록외국인＜br＞(A),Statistics,281.0,248.0,309.0,404.0,436.0,413.0,484.0,521.0,524.0,561.0,634.0,608.0,646.0,656.0,680.0,699.0,635.0,612.0,769.0,971.0
함평군 - 인구 천명당 외국인수＜br＞(A÷B×1000),Statistics,6.99,6.17,8.0,10.63,11.65,11.14,13.19,14.42,14.65,15.75,18.07,17.43,18.78,19.11,20.35,21.27,19.81,19.57,24.98,31.73
함평군 - 주민등록인구＜br＞(B),Statistics,40205.0,40189.0,38647.0,37998.0,37432.0,37089.0,36702.0,36134.0,35780.0,35610.0,35090.0,34876.0,34397.0,34328.0,33420.0,32861.0,32050.0,31274.0,30784.0,30601.0
합천군 - 등록외국인＜br＞(A),Statistics,301.0,332.0,370.0,390.0,433.0,408.0,424.0,488.0,434.0,500.0,578.0,515.0,511.0,542.0,542.0,595.0,576.0,569.0,756.0,870.0
합천군 - 인구 천명당 외국인수＜br＞(A÷B×1000),Statistics,5.2,5.71,6.71,7.03,7.78,7.7,8.3,9.64,8.63,9.94,11.46,10.48,10.64,11.53,11.8,13.16,13.09,13.25,17.94,21.11
합천군 - 주민등록인구＜br＞(B),Statistics,57909.0,58162.0,55104.0,55450.0,55677.0,52973.0,51092.0,50608.0,50279.0,50290.0,50457.0,49145.0,48026.0,47000.0,45916.0,45204.0,44006.0,42935.0,42142.0,41203.0
해남군 - 등록외국인＜br＞(A),Statistics,220.0,250.0,382.0,491.0,608.0,675.0,815.0,937.0,882.0,959.0,1203.0,1323.0,1388.0,1365.0,1379.0,1452.0,1412.0,1290.0,1579.0,2286.0
해남군 - 인구 천명당 외국인수＜br＞(A÷B×1000),Statistics,2.51,2.9,4.53,5.95,7.5,8.32,10.24,11.96,11.29,12.34,15.63,17.36,18.48,18.55,19.18,20.64,20.52,19.21,23.99,35.4
해남군 - 주민등록인구＜br＞(B),Statistics,87736.0,86238.0,84338.0,82529.0,81043.0,81148.0,79579.0,78346.0,78150.0,77684.0,76981.0,76194.0,75121.0,73604.0,71901.0,70354.0,68806.0,67166.0,65831.0,64575.0
해운대구 - 등록외국인＜br＞(A),Statistics,1746.0,1681.0,2093.0,2322.0,2494.0,2645.0,2748.0,3045.0,3338.0,3573.0,3929.0,4075.0,3990.0,3904.0,4039.0,4024.0,3495.0,3509.0,3703.0,3841.0
해운대구 - 인구 천명당 외국인수＜br＞(A÷B×1000),Statistics,4.33,4.15,5.0,5.48,5.88,6.22,6.44,7.15,7.8,8.4,9.28,9.64,9.5,9.47,9.87,9.91,8.69,8.85,9.57,10.1
해운대구 - 주민등록인구＜br＞(B),Statistics,403432.0,404599.0,418875.0,423816.0,424455.0,424974.0,426729.0,425618.0,428188.0,425536.0,423531.0,422818.0,419853.0,412039.0,409347.0,406102.0,402169.0,396438.0,386785.0,380448.0
홍성군 - 등록외국인＜br＞(A),Statistics,476.0,501.0,687.0,854.0,1055.0,1234.0,1525.0,1631.0,1575.0,1578.0,1768.0,1910.0,2104.0,2196.0,2285.0,2449.0,2356.0,2255.0,2768.0,3260.0
홍성군 - 인구 천명당 외국인수＜br＞(A÷B×1000),Statistics,5.22,5.51,7.67,9.63,11.96,14.08,17.31,18.51,17.81,17.59,19.25,20.2,21.05,21.62,22.61,24.39,23.54,22.7,28.23,33.43
홍성군 - 주민등록인구＜br＞(B),Statistics,91223.0,90931.0,89555.0,88685.0,88176.0,87631.0,88078.0,88108.0,88415.0,89704.0,91866.0,94553.0,99971.0,101570.0,101082.0,100423.0,100102.0,99324.0,98068.0,97524.0
홍천군 - 등록외국인＜br＞(A),Statistics,410.0,513.0,614.0,787.0,800.0,658.0,989.0,835.0,674.0,722.0,805.0,823.0,885.0,945.0,949.0,915.0,810.0,753.0,897.0,990.0
홍천군 - 인구 천명당 외국인수＜br＞(A÷B×1000),Statistics,5.7,7.24,8.77,11.22,11.37,9.45,14.15,11.95,9.67,10.22,11.43,11.7,12.63,13.43,13.57,13.23,11.7,11.01,13.2,14.71
홍천군 - 주민등록인구＜br＞(B),Statistics,71907.0,70811.0,70037.0,70142.0,70360.0,69606.0,69893.0,69899.0,69727.0,70638.0,70451.0,70336.0,70076.0,70340.0,69949.0,69150.0,69242.0,68365.0,67977.0,67309.0
화성시 - 등록외국인＜br＞(A),Statistics,15173.0,14032.0,19141.0,20860.0,22372.0,23634.0,26488.0,27079.0,25159.0,27877.0,31677.0,33409.0,34685.0,36516.0,39378.0,40553.0,37636.0,35077.0,38373.0,45334.0
화성시 - 인구 천명당 외국인수＜br＞(A÷B×1000),Statistics,55.87,47.32,61.71,56.08,49.79,48.08,52.36,52.4,47.88,52.57,58.57,56.01,54.12,52.84,51.9,49.73,44.01,39.54,42.13,48.01
화성시 - 주민등록인구＜br＞(B),Statistics,271563.0,296530.0,310171.0,371972.0,449354.0,491528.0,505838.0,516765.0,525490.0,530251.0,540862.0,596525.0,640890.0,691086.0,758722.0,815396.0,855248.0,887015.0,910814.0,944342.0
화순군 - 등록외국인＜br＞(A),Statistics,357.0,522.0,620.0,680.0,756.0,738.0,781.0,803.0,838.0,813.0,906.0,879.0,926.0,956.0,900.0,909.0,837.0,773.0,894.0,1022.0
화순군 - 인구 천명당 외국인수＜br＞(A÷B×1000),Statistics,4.76,7.09,8.54,9.5,10.75,10.59,11.26,11.64,12.26,11.99,13.57,13.35,14.18,14.78,14.08,14.49,13.39,12.34,14.41,16.68
화순군 - 주민등록인구＜br＞(B),Statistics,75023.0,73673.0,72615.0,71551.0,70327.0,69675.0,69368.0,68985.0,68378.0,67829.0,66772.0,65848.0,65303.0,64680.0,63933.0,62737.0,62522.0,62624.0,62024.0,61254.0
화천군 - 등록외국인＜br＞(A),Statistics,89.0,90.0,140.0,163.0,173.0,161.0,245.0,187.0,174.0,200.0,208.0,211.0,225.0,230.0,258.0,264.0,224.0,230.0,226.0,268.0
화천군 - 인구 천명당 외국인수＜br＞(A÷B×1000),Statistics,3.67,3.79,6.0,7.1,7.18,6.65,10.06,7.5,6.95,7.97,7.66,7.81,8.57,8.84,10.29,10.6,9.01,9.51,9.66,11.65
화천군 - 주민등록인구＜br＞(B),Statistics,24267.0,23732.0,23317.0,22944.0,24110.0,24216.0,24364.0,24945.0,25020.0,25079.0,27143.0,27020.0,26264.0,26022.0,25084.0,24917.0,24857.0,24195.0,23388.0,23007.0
횡성군 - 등록외국인＜br＞(A),Statistics,260.0,313.0,503.0,623.0,630.0,550.0,599.0,518.0,489.0,553.0,634.0,674.0,671.0,631.0,614.0,682.0,625.0,682.0,907.0,1043.0
횡성군 - 인구 천명당 외국인수＜br＞(A÷B×1000),Statistics,5.87,7.17,11.7,14.43,14.51,12.47,13.54,11.68,10.96,12.31,13.97,14.72,14.59,13.63,13.14,14.64,13.45,14.67,19.49,22.5
횡성군 - 주민등록인구＜br＞(B),Statistics,44297.0,43678.0,42982.0,43176.0,43413.0,44121.0,44254.0,44360.0,44615.0,44937.0,45373.0,45777.0,45991.0,46281.0,46726.0,46575.0,46472.0,46481.0,46532.0,46359.0
