item,category,1997,1998,1999,2000,2001,2002,2003,2004,2005,2006,2007,2008,2009,2010,2011,2012,2013,2014,2015,2016,2017,2018,2019,2020,2021,2022,2023
가평군 - 계,Statistics,744.0,645.0,660.0,615.0,590.0,472.0,465.0,467.0,416.0,402.0,417.0,452.0,415.0,417.0,399.0,420.0,359.0,366.0,360.0,363.0,362.0,301.0,261.0,265.0,242.0,199.0,0.0
가평군 - 남자,Statistics,379.0,328.0,356.0,291.0,328.0,264.0,251.0,231.0,201.0,205.0,207.0,244.0,223.0,199.0,194.0,201.0,182.0,186.0,182.0,205.0,186.0,157.0,126.0,144.0,122.0,102.0,0.0
가평군 - 여자,Statistics,365.0,317.0,304.0,324.0,262.0,208.0,214.0,236.0,215.0,197.0,210.0,208.0,192.0,218.0,205.0,219.0,177.0,180.0,178.0,158.0,176.0,144.0,135.0,121.0,120.0,97.0,0.0
강남구 - 계,Statistics,6004.0,6185.0,5991.0,6254.0,5095.0,4386.0,4404.0,4188.0,3898.0,4374.0,4893.0,4586.0,4388.0,4836.0,4761.0,4903.0,4551.0,4654.0,4595.0,4122.0,3456.0,2940.0,2749.0,2356.0,2204.0,1996.0,2296.0
강남구 - 남자,Statistics,3100.0,3224.0,3100.0,3299.0,2663.0,2294.0,2288.0,2151.0,1990.0,2195.0,2524.0,2356.0,2255.0,2478.0,2448.0,2522.0,2326.0,2401.0,2369.0,2047.0,1783.0,1568.0,1432.0,1232.0,1112.0,1024.0,1180.0
강남구 - 여자,Statistics,2904.0,2961.0,2891.0,2955.0,2432.0,2092.0,2116.0,2037.0,1908.0,2179.0,2369.0,2230.0,2133.0,2358.0,2313.0,2381.0,2225.0,2253.0,2226.0,2075.0,1673.0,1372.0,1317.0,1124.0,1092.0,972.0,1116.0
강동구 - 계,Statistics,6192.0,5734.0,5491.0,6007.0,5070.0,4591.0,4399.0,4268.0,3816.0,3881.0,4210.0,4019.0,4250.0,4646.0,4655.0,4590.0,4070.0,4089.0,3865.0,3293.0,2968.0,2659.0,2437.0,2535.0,2810.0,2528.0,2194.0
강동구 - 남자,Statistics,3154.0,2965.0,2864.0,3140.0,2649.0,2413.0,2275.0,2172.0,1928.0,2007.0,2216.0,2124.0,2219.0,2368.0,2428.0,2343.0,2125.0,2087.0,2022.0,1689.0,1501.0,1366.0,1210.0,1241.0,1474.0,1323.0,1116.0
강동구 - 여자,Statistics,3038.0,2769.0,2627.0,2867.0,2421.0,2178.0,2124.0,2096.0,1888.0,1874.0,1994.0,1895.0,2031.0,2278.0,2227.0,2247.0,1945.0,2002.0,1843.0,1604.0,1467.0,1293.0,1227.0,1294.0,1336.0,1205.0,1078.0
강릉시 - 계,Statistics,2779.0,2787.0,2674.0,2905.0,2525.0,2203.0,2123.0,2085.0,1796.0,1747.0,1919.0,1640.0,1654.0,1641.0,1671.0,1636.0,1460.0,1298.0,1402.0,1236.0,1084.0,1036.0,964.0,950.0,892.0,893.0,826.0
강릉시 - 남자,Statistics,1469.0,1483.0,1349.0,1483.0,1316.0,1149.0,1106.0,1088.0,916.0,957.0,1014.0,848.0,823.0,854.0,873.0,835.0,767.0,641.0,706.0,644.0,558.0,548.0,498.0,482.0,454.0,491.0,410.0
강릉시 - 여자,Statistics,1310.0,1304.0,1325.0,1422.0,1209.0,1054.0,1017.0,997.0,880.0,790.0,905.0,792.0,831.0,787.0,798.0,801.0,693.0,657.0,696.0,592.0,526.0,488.0,466.0,468.0,438.0,402.0,416.0
강북구 - 계,Statistics,4931.0,4348.0,4024.0,3805.0,3442.0,3194.0,3438.0,3127.0,2799.0,2774.0,3131.0,2858.0,2784.0,2801.0,2789.0,2818.0,2491.0,2360.0,2164.0,1965.0,1772.0,1344.0,1227.0,1049.0,994.0,855.0,826.0
강북구 - 남자,Statistics,2546.0,2204.0,2084.0,2003.0,1761.0,1704.0,1769.0,1547.0,1450.0,1435.0,1658.0,1441.0,1440.0,1412.0,1421.0,1490.0,1324.0,1204.0,1113.0,990.0,882.0,691.0,637.0,557.0,506.0,424.0,421.0
강북구 - 여자,Statistics,2385.0,2144.0,1940.0,1802.0,1681.0,1490.0,1669.0,1580.0,1349.0,1339.0,1473.0,1417.0,1344.0,1389.0,1368.0,1328.0,1167.0,1156.0,1051.0,975.0,890.0,653.0,590.0,492.0,488.0,431.0,405.0
강서구 - 계,Statistics,7441.0,6913.0,6533.0,7140.0,5999.0,5446.0,5680.0,5688.0,5368.0,5599.0,6095.0,5979.0,5740.0,5720.0,5753.0,5875.0,5224.0,5424.0,5812.0,5456.0,4800.0,4260.0,3841.0,3345.0,3006.0,2865.0,2635.0
강서구 - 남자,Statistics,3877.0,3632.0,3377.0,3751.0,3056.0,2894.0,2946.0,2945.0,2757.0,2924.0,3119.0,3006.0,2976.0,3051.0,2937.0,2922.0,2606.0,2690.0,2978.0,2859.0,2462.0,2184.0,1995.0,1692.0,1518.0,1398.0,1367.0
강서구 - 여자,Statistics,3564.0,3281.0,3156.0,3389.0,2943.0,2552.0,2734.0,2743.0,2611.0,2675.0,2976.0,2973.0,2764.0,2669.0,2816.0,2953.0,2618.0,2734.0,2834.0,2597.0,2338.0,2076.0,1846.0,1653.0,1488.0,1467.0,1268.0
강원특별자치도 - 계,Statistics,19821.0,19421.0,19143.0,19482.0,16873.0,15314.0,14349.0,13776.0,12657.0,12455.0,13690.0,12373.0,12112.0,12477.0,12408.0,12426.0,10980.0,10662.0,10929.0,10058.0,8958.0,8351.0,8283.0,7835.0,7357.0,7278.0,6688.0
강원특별자치도 - 남자,Statistics,10205.0,10137.0,9974.0,10237.0,8888.0,7924.0,7424.0,7211.0,6564.0,6503.0,7123.0,6313.0,6245.0,6431.0,6419.0,6329.0,5670.0,5444.0,5515.0,5143.0,4628.0,4216.0,4257.0,3957.0,3750.0,3723.0,3372.0
강원특별자치도 - 여자,Statistics,9616.0,9284.0,9169.0,9245.0,7985.0,7390.0,6925.0,6565.0,6093.0,5952.0,6567.0,6060.0,5867.0,6046.0,5989.0,6097.0,5310.0,5218.0,5414.0,4915.0,4330.0,4135.0,4026.0,3878.0,3607.0,3555.0,3316.0
강진군 - 계,Statistics,510.0,500.0,486.0,443.0,399.0,296.0,305.0,260.0,312.0,322.0,446.0,437.0,401.0,473.0,471.0,411.0,363.0,349.0,301.0,270.0,222.0,194.0,189.0,129.0,102.0,91.0,0.0
강진군 - 남자,Statistics,288.0,276.0,254.0,242.0,198.0,159.0,161.0,132.0,162.0,147.0,229.0,210.0,186.0,264.0,252.0,213.0,183.0,160.0,153.0,138.0,110.0,89.0,89.0,60.0,51.0,47.0,0.0
강진군 - 여자,Statistics,222.0,224.0,232.0,201.0,201.0,137.0,144.0,128.0,150.0,175.0,217.0,227.0,215.0,209.0,219.0,198.0,180.0,189.0,148.0,132.0,112.0,105.0,100.0,69.0,51.0,44.0,0.0
강화군 - 계,Statistics,627.0,587.0,572.0,551.0,479.0,416.0,416.0,380.0,386.0,370.0,391.0,359.0,360.0,353.0,306.0,318.0,267.0,287.0,274.0,276.0,242.0,258.0,299.0,313.0,277.0,266.0,0.0
강화군 - 남자,Statistics,329.0,299.0,300.0,287.0,231.0,210.0,232.0,187.0,188.0,181.0,184.0,176.0,180.0,192.0,163.0,180.0,125.0,145.0,141.0,146.0,129.0,136.0,156.0,178.0,134.0,132.0,0.0
강화군 - 여자,Statistics,298.0,288.0,272.0,264.0,248.0,206.0,184.0,193.0,198.0,189.0,207.0,183.0,180.0,161.0,143.0,138.0,142.0,142.0,133.0,130.0,113.0,122.0,143.0,135.0,143.0,134.0,0.0
거제시 - 계,Statistics,2883.0,2938.0,3095.0,3183.0,2769.0,2492.0,2498.0,2534.0,2374.0,2625.0,3019.0,3028.0,3182.0,3380.0,3411.0,3593.0,3280.0,3389.0,3533.0,3233.0,2614.0,2030.0,1618.0,1446.0,1198.0,959.0,816.0
거제시 - 남자,Statistics,1520.0,1482.0,1611.0,1696.0,1432.0,1360.0,1258.0,1313.0,1216.0,1353.0,1595.0,1542.0,1677.0,1728.0,1747.0,1897.0,1672.0,1746.0,1804.0,1609.0,1410.0,1053.0,872.0,763.0,609.0,500.0,421.0
거제시 - 여자,Statistics,1363.0,1456.0,1484.0,1487.0,1337.0,1132.0,1240.0,1221.0,1158.0,1272.0,1424.0,1486.0,1505.0,1652.0,1664.0,1696.0,1608.0,1643.0,1729.0,1624.0,1204.0,977.0,746.0,683.0,589.0,459.0,395.0
거창군 - 계,Statistics,764.0,740.0,725.0,707.0,577.0,538.0,452.0,488.0,415.0,402.0,477.0,460.0,407.0,421.0,442.0,415.0,393.0,376.0,338.0,352.0,294.0,266.0,238.0,238.0,203.0,175.0,0.0
거창군 - 남자,Statistics,404.0,407.0,413.0,356.0,293.0,283.0,262.0,251.0,220.0,204.0,257.0,237.0,216.0,224.0,243.0,220.0,196.0,192.0,171.0,192.0,155.0,136.0,115.0,128.0,106.0,87.0,0.0
거창군 - 여자,Statistics,360.0,333.0,312.0,351.0,284.0,255.0,190.0,237.0,195.0,198.0,220.0,223.0,191.0,197.0,199.0,195.0,197.0,184.0,167.0,160.0,139.0,130.0,123.0,110.0,97.0,88.0,0.0
경기도 - 계,Statistics,143002.0,137066.0,134335.0,141704.0,126264.0,116854.0,120433.0,117812.0,109533.0,115111.0,126648.0,119397.0,113692.0,121753.0,122027.0,124746.0,112129.0,112169.0,113495.0,105643.0,94088.0,88175.0,83198.0,77737.0,76139.0,75323.0,68817.0
경기도 - 남자,Statistics,74200.0,71417.0,69987.0,74021.0,65517.0,60856.0,62403.0,60853.0,56554.0,59525.0,64943.0,61380.0,58376.0,62728.0,62732.0,64072.0,57574.0,57186.0,58062.0,54070.0,48531.0,45112.0,42737.0,39623.0,38857.0,38803.0,35354.0
경기도 - 여자,Statistics,68802.0,65649.0,64348.0,67683.0,60747.0,55998.0,58030.0,56959.0,52979.0,55586.0,61705.0,58017.0,55316.0,59025.0,59295.0,60674.0,54555.0,54983.0,55433.0,51573.0,45557.0,43063.0,40461.0,38114.0,37282.0,36520.0,33463.0
경산시 - 계,Statistics,3614.0,3660.0,3614.0,3627.0,3130.0,2688.0,2492.0,2397.0,2238.0,2414.0,2834.0,2523.0,2489.0,2423.0,2563.0,2660.0,2451.0,2490.0,2477.0,2509.0,2091.0,1859.0,1639.0,1340.0,1409.0,1300.0,1179.0
경산시 - 남자,Statistics,1929.0,1954.0,1843.0,1936.0,1627.0,1497.0,1337.0,1241.0,1159.0,1294.0,1455.0,1309.0,1275.0,1230.0,1338.0,1363.0,1238.0,1262.0,1249.0,1308.0,1063.0,945.0,854.0,668.0,726.0,645.0,622.0
경산시 - 여자,Statistics,1685.0,1706.0,1771.0,1691.0,1503.0,1191.0,1155.0,1156.0,1079.0,1120.0,1379.0,1214.0,1214.0,1193.0,1225.0,1297.0,1213.0,1228.0,1228.0,1201.0,1028.0,914.0,785.0,672.0,683.0,655.0,557.0
경상남도 - 계,Statistics,44138.0,42427.0,41184.0,41680.0,36475.0,32203.0,32102.0,30922.0,28471.0,29524.0,33313.0,31493.0,30320.0,32203.0,32536.0,33211.0,29504.0,29763.0,29537.0,27138.0,23849.0,21224.0,19250.0,16823.0,15562.0,14017.0,13049.0
경상남도 - 남자,Statistics,23295.0,22498.0,21634.0,22084.0,19254.0,17096.0,17076.0,16395.0,14909.0,15379.0,17230.0,16311.0,15717.0,16690.0,16787.0,17150.0,15208.0,15451.0,15135.0,13915.0,12331.0,10860.0,9764.0,8665.0,8038.0,7046.0,6759.0
경상남도 - 여자,Statistics,20843.0,19929.0,19550.0,19596.0,17221.0,15107.0,15026.0,14527.0,13562.0,14145.0,16083.0,15182.0,14603.0,15513.0,15749.0,16061.0,14296.0,14312.0,14402.0,13223.0,11518.0,10364.0,9486.0,8158.0,7524.0,6971.0,6290.0
경상북도 - 계,Statistics,37117.0,34914.0,34843.0,35190.0,30500.0,26022.0,25447.0,23553.0,22339.0,22567.0,25062.0,23538.0,22373.0,23700.0,24250.0,24635.0,22206.0,22062.0,22310.0,20616.0,17957.0,16079.0,14472.0,12873.0,12045.0,11311.0,10186.0
경상북도 - 남자,Statistics,19653.0,18607.0,18477.0,18701.0,16093.0,13891.0,13389.0,12477.0,11731.0,11850.0,12939.0,12238.0,11707.0,12262.0,12502.0,12758.0,11538.0,11437.0,11453.0,10654.0,9253.0,8385.0,7371.0,6573.0,6105.0,5777.0,5290.0
경상북도 - 여자,Statistics,17464.0,16307.0,16366.0,16489.0,14407.0,12131.0,12058.0,11076.0,10608.0,10717.0,12123.0,11300.0,10666.0,11438.0,11748.0,11877.0,10668.0,10625.0,10857.0,9962.0,8704.0,7694.0,7101.0,6300.0,5940.0,5534.0,4896.0
경주시 - 계,Statistics,4331.0,4043.0,3899.0,3962.0,3234.0,2705.0,2681.0,2457.0,2206.0,2250.0,2401.0,2181.0,2028.0,2071.0,1961.0,2020.0,1774.0,1739.0,1743.0,1627.0,1364.0,1251.0,1112.0,1103.0,1062.0,981.0,981.0
경주시 - 남자,Statistics,2258.0,2157.0,2045.0,2034.0,1731.0,1417.0,1374.0,1337.0,1149.0,1169.0,1244.0,1129.0,1065.0,1071.0,999.0,1041.0,928.0,926.0,857.0,824.0,717.0,641.0,560.0,569.0,551.0,501.0,507.0
경주시 - 여자,Statistics,2073.0,1886.0,1854.0,1928.0,1503.0,1288.0,1307.0,1120.0,1057.0,1081.0,1157.0,1052.0,963.0,1000.0,962.0,979.0,846.0,813.0,886.0,803.0,647.0,610.0,552.0,534.0,511.0,480.0,474.0
계룡시 - 계,Statistics,321.0,346.0,415.0,457.0,367.0,343.0,324.0,322.0,298.0,387.0,427.0,428.0,457.0,431.0,427.0,387.0,352.0,313.0,313.0,371.0,334.0,269.0,223.0,183.0,169.0,181.0,184.0
계룡시 - 남자,Statistics,173.0,178.0,220.0,229.0,163.0,188.0,173.0,168.0,162.0,214.0,222.0,228.0,259.0,222.0,226.0,188.0,167.0,163.0,150.0,193.0,180.0,136.0,129.0,94.0,73.0,95.0,89.0
계룡시 - 여자,Statistics,148.0,168.0,195.0,228.0,204.0,155.0,151.0,154.0,136.0,173.0,205.0,200.0,198.0,209.0,201.0,199.0,185.0,150.0,163.0,178.0,154.0,133.0,94.0,89.0,96.0,86.0,95.0
계양구 - 계,Statistics,5194.0,5549.0,5292.0,5244.0,4568.0,3957.0,3939.0,3593.0,3098.0,3287.0,3643.0,3291.0,3199.0,3396.0,3339.0,3432.0,2997.0,3004.0,2763.0,2455.0,1984.0,1921.0,1654.0,1261.0,1278.0,1150.0,966.0
계양구 - 남자,Statistics,2703.0,2843.0,2751.0,2699.0,2409.0,2078.0,2000.0,1819.0,1606.0,1682.0,1862.0,1694.0,1722.0,1728.0,1694.0,1746.0,1544.0,1549.0,1442.0,1242.0,1015.0,961.0,834.0,637.0,628.0,597.0,486.0
계양구 - 여자,Statistics,2491.0,2706.0,2541.0,2545.0,2159.0,1879.0,1939.0,1774.0,1492.0,1605.0,1781.0,1597.0,1477.0,1668.0,1645.0,1686.0,1453.0,1455.0,1321.0,1213.0,969.0,960.0,820.0,624.0,650.0,553.0,480.0
고령군 - 계,Statistics,550.0,472.0,451.0,409.0,375.0,303.0,257.0,252.0,221.0,251.0,262.0,257.0,229.0,239.0,237.0,282.0,248.0,258.0,255.0,205.0,171.0,141.0,116.0,100.0,100.0,88.0,0.0
고령군 - 남자,Statistics,266.0,266.0,232.0,227.0,203.0,168.0,136.0,143.0,134.0,138.0,125.0,149.0,130.0,119.0,125.0,149.0,117.0,135.0,132.0,109.0,87.0,72.0,66.0,53.0,53.0,34.0,0.0
고령군 - 여자,Statistics,284.0,206.0,219.0,182.0,172.0,135.0,121.0,109.0,87.0,113.0,137.0,108.0,99.0,120.0,112.0,133.0,131.0,123.0,123.0,96.0,84.0,69.0,50.0,47.0,47.0,54.0,0.0
고성군 - 계,Statistics,447.0,425.0,394.0,412.0,325.0,259.0,267.0,259.0,244.0,244.0,213.0,198.0,188.0,170.0,213.0,190.0,162.0,158.0,148.0,147.0,135.0,106.0,127.0,98.0,93.0,109.0,0.0
고성군 - 남자,Statistics,215.0,229.0,206.0,214.0,178.0,140.0,134.0,132.0,129.0,134.0,118.0,109.0,95.0,86.0,118.0,110.0,79.0,82.0,84.0,68.0,57.0,56.0,71.0,46.0,45.0,60.0,0.0
고성군 - 여자,Statistics,232.0,196.0,188.0,198.0,147.0,119.0,133.0,127.0,115.0,110.0,95.0,89.0,93.0,84.0,95.0,80.0,83.0,76.0,64.0,79.0,78.0,50.0,56.0,52.0,48.0,49.0,0.0
고양시 - 계,Statistics,12102.0,12054.0,11790.0,12037.0,10411.0,9332.0,9514.0,9239.0,8360.0,8685.0,9203.0,8722.0,7923.0,8280.0,8251.0,8446.0,7566.0,7771.0,8131.0,7507.0,6681.0,5816.0,5538.0,5544.0,5591.0,5626.0,5017.0
고양시 - 남자,Statistics,6226.0,6217.0,6195.0,6246.0,5368.0,4939.0,5009.0,4720.0,4323.0,4457.0,4735.0,4429.0,4100.0,4271.0,4218.0,4348.0,3831.0,4021.0,4102.0,3853.0,3507.0,2914.0,2787.0,2826.0,2793.0,2857.0,2560.0
고양시 - 여자,Statistics,5876.0,5837.0,5595.0,5791.0,5043.0,4393.0,4505.0,4519.0,4037.0,4228.0,4468.0,4293.0,3823.0,4009.0,4033.0,4098.0,3735.0,3750.0,4029.0,3654.0,3174.0,2902.0,2751.0,2718.0,2798.0,2769.0,2457.0
고창군 - 계,Statistics,713.0,707.0,665.0,646.0,570.0,475.0,386.0,391.0,331.0,350.0,393.0,341.0,337.0,346.0,353.0,328.0,281.0,338.0,288.0,253.0,235.0,244.0,232.0,203.0,169.0,151.0,0.0
고창군 - 남자,Statistics,376.0,364.0,354.0,342.0,297.0,259.0,208.0,207.0,171.0,187.0,216.0,172.0,156.0,193.0,191.0,175.0,140.0,182.0,155.0,131.0,118.0,122.0,130.0,111.0,91.0,77.0,0.0
고창군 - 여자,Statistics,337.0,343.0,311.0,304.0,273.0,216.0,178.0,184.0,160.0,163.0,177.0,169.0,181.0,153.0,162.0,153.0,141.0,156.0,133.0,122.0,117.0,122.0,102.0,92.0,78.0,74.0,0.0
고흥군 - 계,Statistics,791.0,788.0,830.0,802.0,686.0,589.0,552.0,481.0,500.0,409.0,469.0,417.0,432.0,399.0,352.0,327.0,283.0,251.0,236.0,270.0,227.0,219.0,252.0,243.0,191.0,163.0,0.0
고흥군 - 남자,Statistics,423.0,396.0,416.0,409.0,355.0,305.0,304.0,263.0,257.0,224.0,245.0,215.0,235.0,204.0,193.0,154.0,151.0,119.0,123.0,126.0,109.0,100.0,119.0,135.0,98.0,85.0,0.0
고흥군 - 여자,Statistics,368.0,392.0,414.0,393.0,331.0,284.0,248.0,218.0,243.0,185.0,224.0,202.0,197.0,195.0,159.0,173.0,132.0,132.0,113.0,144.0,118.0,119.0,133.0,108.0,93.0,78.0,0.0
곡성군 - 계,Statistics,451.0,400.0,380.0,362.0,344.0,280.0,266.0,242.0,246.0,263.0,237.0,232.0,215.0,197.0,216.0,176.0,181.0,150.0,158.0,144.0,115.0,130.0,88.0,68.0,44.0,41.0,0.0
곡성군 - 남자,Statistics,225.0,222.0,193.0,190.0,166.0,136.0,133.0,137.0,118.0,146.0,119.0,137.0,107.0,92.0,107.0,101.0,91.0,86.0,64.0,69.0,55.0,64.0,43.0,34.0,16.0,17.0,0.0
곡성군 - 여자,Statistics,226.0,178.0,187.0,172.0,178.0,144.0,133.0,105.0,128.0,117.0,118.0,95.0,108.0,105.0,109.0,75.0,90.0,64.0,94.0,75.0,60.0,66.0,45.0,34.0,28.0,24.0,0.0
공주시 - 계,Statistics,1538.0,1426.0,1414.0,1416.0,1224.0,1117.0,1057.0,959.0,859.0,964.0,959.0,888.0,860.0,879.0,860.0,842.0,714.0,686.0,634.0,547.0,569.0,513.0,548.0,454.0,373.0,343.0,327.0
공주시 - 남자,Statistics,782.0,741.0,760.0,749.0,634.0,592.0,526.0,522.0,426.0,486.0,500.0,420.0,431.0,471.0,431.0,433.0,382.0,366.0,328.0,275.0,298.0,259.0,270.0,247.0,194.0,184.0,166.0
공주시 - 여자,Statistics,756.0,685.0,654.0,667.0,590.0,525.0,531.0,437.0,433.0,478.0,459.0,468.0,429.0,408.0,429.0,409.0,332.0,320.0,306.0,272.0,271.0,254.0,278.0,207.0,179.0,159.0,161.0
과천시 - 계,Statistics,1378.0,1269.0,1138.0,1143.0,957.0,831.0,777.0,739.0,503.0,429.0,432.0,508.0,593.0,577.0,565.0,571.0,556.0,519.0,492.0,414.0,317.0,281.0,282.0,393.0,497.0,559.0,599.0
과천시 - 남자,Statistics,706.0,612.0,609.0,577.0,493.0,411.0,424.0,375.0,273.0,228.0,226.0,252.0,304.0,289.0,277.0,297.0,282.0,264.0,241.0,219.0,170.0,156.0,160.0,192.0,270.0,286.0,319.0
과천시 - 여자,Statistics,672.0,657.0,529.0,566.0,464.0,420.0,353.0,364.0,230.0,201.0,206.0,256.0,289.0,288.0,288.0,274.0,274.0,255.0,251.0,195.0,147.0,125.0,122.0,201.0,227.0,273.0,280.0
관악구 - 계,Statistics,8399.0,7829.0,7108.0,7367.0,6352.0,5646.0,5708.0,5666.0,5248.0,5258.0,5703.0,5306.0,4836.0,4738.0,4729.0,4596.0,4140.0,4071.0,3960.0,3561.0,2931.0,2582.0,2245.0,1905.0,1707.0,1615.0,1489.0
관악구 - 남자,Statistics,4249.0,4019.0,3651.0,3900.0,3279.0,2941.0,2894.0,2913.0,2670.0,2727.0,2968.0,2737.0,2468.0,2391.0,2418.0,2403.0,2099.0,2080.0,2035.0,1803.0,1487.0,1384.0,1155.0,955.0,862.0,802.0,742.0
관악구 - 여자,Statistics,4150.0,3810.0,3457.0,3467.0,3073.0,2705.0,2814.0,2753.0,2578.0,2531.0,2735.0,2569.0,2368.0,2347.0,2311.0,2193.0,2041.0,1991.0,1925.0,1758.0,1444.0,1198.0,1090.0,950.0,845.0,813.0,747.0
광명시 - 계,Statistics,6149.0,5628.0,5397.0,5470.0,4756.0,4238.0,4360.0,4082.0,3529.0,3476.0,3461.0,3346.0,3079.0,3917.0,4462.0,4304.0,3643.0,3387.0,3364.0,2905.0,2374.0,2123.0,1827.0,1667.0,1663.0,1531.0,1452.0
광명시 - 남자,Statistics,3173.0,2970.0,2821.0,2830.0,2440.0,2175.0,2293.0,2054.0,1850.0,1822.0,1706.0,1705.0,1602.0,1988.0,2262.0,2188.0,1889.0,1713.0,1733.0,1490.0,1235.0,1105.0,921.0,846.0,834.0,779.0,764.0
광명시 - 여자,Statistics,2976.0,2658.0,2576.0,2640.0,2316.0,2063.0,2067.0,2028.0,1679.0,1654.0,1755.0,1641.0,1477.0,1929.0,2200.0,2116.0,1754.0,1674.0,1631.0,1415.0,1139.0,1018.0,906.0,821.0,829.0,752.0,688.0
광산구 - 계,Statistics,5406.0,5176.0,5046.0,5020.0,4517.0,4190.0,4370.0,4260.0,3993.0,4082.0,4367.0,4033.0,3903.0,4569.0,4676.0,4821.0,4356.0,4236.0,4088.0,3963.0,3252.0,2935.0,2658.0,2318.0,2468.0,2335.0,1917.0
광산구 - 남자,Statistics,2810.0,2640.0,2599.0,2571.0,2347.0,2178.0,2287.0,2199.0,2112.0,2163.0,2330.0,2009.0,1982.0,2372.0,2443.0,2477.0,2245.0,2185.0,2107.0,2032.0,1670.0,1514.0,1337.0,1158.0,1265.0,1212.0,944.0
광산구 - 여자,Statistics,2596.0,2536.0,2447.0,2449.0,2170.0,2012.0,2083.0,2061.0,1881.0,1919.0,2037.0,2024.0,1921.0,2197.0,2233.0,2344.0,2111.0,2051.0,1981.0,1931.0,1582.0,1421.0,1321.0,1160.0,1203.0,1123.0,973.0
광양시 - 계,Statistics,2816.0,2466.0,2448.0,2445.0,2007.0,1676.0,1505.0,1452.0,1478.0,1505.0,1673.0,1594.0,1601.0,1793.0,1783.0,1934.0,1761.0,1691.0,1680.0,1447.0,1300.0,1171.0,1111.0,1024.0,892.0,860.0,827.0
광양시 - 남자,Statistics,1457.0,1300.0,1296.0,1296.0,1021.0,874.0,828.0,753.0,762.0,759.0,888.0,819.0,824.0,934.0,921.0,987.0,893.0,821.0,859.0,756.0,723.0,588.0,546.0,506.0,465.0,448.0,400.0
광양시 - 여자,Statistics,1359.0,1166.0,1152.0,1149.0,986.0,802.0,677.0,699.0,716.0,746.0,785.0,775.0,777.0,859.0,862.0,947.0,868.0,870.0,821.0,691.0,577.0,583.0,565.0,518.0,427.0,412.0,427.0
광주광역시 - 계,Statistics,21684.0,20796.0,19244.0,21148.0,18198.0,16036.0,15954.0,14729.0,13327.0,13679.0,14810.0,13890.0,13101.0,13979.0,13916.0,14392.0,12729.0,12729.0,12441.0,11580.0,10120.0,9105.0,8364.0,7318.0,7956.0,7446.0,6172.0
광주광역시 - 남자,Statistics,11192.0,10788.0,10015.0,11063.0,9476.0,8403.0,8418.0,7633.0,6971.0,7161.0,7691.0,7073.0,6738.0,7269.0,7187.0,7449.0,6529.0,6539.0,6428.0,5868.0,5266.0,4706.0,4208.0,3667.0,4063.0,3851.0,3142.0
광주광역시 - 여자,Statistics,10492.0,10008.0,9229.0,10085.0,8722.0,7633.0,7536.0,7096.0,6356.0,6518.0,7119.0,6817.0,6363.0,6710.0,6729.0,6943.0,6200.0,6190.0,6013.0,5712.0,4854.0,4399.0,4156.0,3651.0,3893.0,3595.0,3030.0
광주군 - 계,Statistics,1720.0,1773.0,1694.0,1984.0,0.0,0.0,0.0,0.0,0.0,0.0,0.0,0.0,0.0,0.0,0.0,0.0,0.0,0.0,0.0,0.0,0.0,0.0,0.0,0.0,0.0,0.0,0.0
광주군 - 남자,Statistics,890.0,921.0,869.0,1019.0,0.0,0.0,0.0,0.0,0.0,0.0,0.0,0.0,0.0,0.0,0.0,0.0,0.0,0.0,0.0,0.0,0.0,0.0,0.0,0.0,0.0,0.0,0.0
광주군 - 여자,Statistics,830.0,852.0,825.0,965.0,0.0,0.0,0.0,0.0,0.0,0.0,0.0,0.0,0.0,0.0,0.0,0.0,0.0,0.0,0.0,0.0,0.0,0.0,0.0,0.0,0.0,0.0,0.0
광주시 - 계,Statistics,0.0,0.0,0.0,0.0,1958.0,2048.0,2196.0,2326.0,2319.0,2478.0,2781.0,2532.0,2357.0,2539.0,2765.0,3020.0,2845.0,3177.0,3253.0,3044.0,2842.0,2827.0,2662.0,2441.0,2249.0,2220.0,1937.0
광주시 - 남자,Statistics,0.0,0.0,0.0,0.0,1047.0,1078.0,1145.0,1195.0,1143.0,1271.0,1377.0,1285.0,1240.0,1311.0,1441.0,1548.0,1436.0,1604.0,1690.0,1593.0,1420.0,1427.0,1366.0,1245.0,1138.0,1107.0,998.0
광주시 - 여자,Statistics,0.0,0.0,0.0,0.0,911.0,970.0,1051.0,1131.0,1176.0,1207.0,1404.0,1247.0,1117.0,1228.0,1324.0,1472.0,1409.0,1573.0,1563.0,1451.0,1422.0,1400.0,1296.0,1196.0,1111.0,1113.0,939.0
광진구 - 계,Statistics,6433.0,6318.0,5801.0,5732.0,4780.0,4201.0,4239.0,3908.0,3397.0,3566.0,3714.0,3479.0,3258.0,3366.0,3184.0,3319.0,2990.0,3011.0,2951.0,2767.0,2347.0,2197.0,1957.0,1532.0,1484.0,1278.0,1231.0
광진구 - 남자,Statistics,3258.0,3258.0,3000.0,2987.0,2449.0,2197.0,2224.0,2020.0,1762.0,1856.0,1853.0,1823.0,1713.0,1761.0,1615.0,1752.0,1539.0,1552.0,1483.0,1411.0,1241.0,1131.0,1022.0,769.0,758.0,663.0,629.0
광진구 - 여자,Statistics,3175.0,3060.0,2801.0,2745.0,2331.0,2004.0,2015.0,1888.0,1635.0,1710.0,1861.0,1656.0,1545.0,1605.0,1569.0,1567.0,1451.0,1459.0,1468.0,1356.0,1106.0,1066.0,935.0,763.0,726.0,615.0,602.0
괴산군 - 계,Statistics,431.0,423.0,394.0,414.0,346.0,287.0,249.0,206.0,184.0,196.0,209.0,173.0,187.0,179.0,145.0,174.0,131.0,151.0,128.0,120.0,128.0,101.0,112.0,78.0,83.0,75.0,0.0
괴산군 - 남자,Statistics,217.0,218.0,221.0,222.0,163.0,154.0,124.0,100.0,91.0,98.0,93.0,80.0,92.0,93.0,70.0,90.0,63.0,76.0,58.0,61.0,66.0,58.0,69.0,40.0,38.0,31.0,0.0
괴산군 - 여자,Statistics,214.0,205.0,173.0,192.0,183.0,133.0,125.0,106.0,93.0,98.0,116.0,93.0,95.0,86.0,75.0,84.0,68.0,75.0,70.0,59.0,62.0,43.0,43.0,38.0,45.0,44.0,0.0
구례군 - 계,Statistics,323.0,309.0,317.0,325.0,283.0,249.0,244.0,202.0,207.0,198.0,239.0,196.0,199.0,179.0,198.0,168.0,175.0,149.0,156.0,145.0,118.0,72.0,105.0,88.0,87.0,68.0,0.0
구례군 - 남자,Statistics,153.0,162.0,166.0,178.0,151.0,133.0,132.0,112.0,105.0,99.0,129.0,106.0,98.0,91.0,95.0,76.0,83.0,72.0,79.0,70.0,62.0,31.0,52.0,51.0,41.0,38.0,0.0
구례군 - 여자,Statistics,170.0,147.0,151.0,147.0,132.0,116.0,112.0,90.0,102.0,99.0,110.0,90.0,101.0,88.0,103.0,92.0,92.0,77.0,77.0,75.0,56.0,41.0,53.0,37.0,46.0,30.0,0.0
구로구 - 계,Statistics,5695.0,5167.0,5282.0,5872.0,5242.0,4714.0,4596.0,4652.0,4398.0,4699.0,5014.0,4883.0,4560.0,4770.0,4633.0,4936.0,4468.0,4279.0,4257.0,3736.0,3139.0,2658.0,2460.0,2269.0,2229.0,2057.0,1937.0
구로구 - 남자,Statistics,2957.0,2640.0,2746.0,3119.0,2713.0,2500.0,2378.0,2453.0,2336.0,2355.0,2551.0,2503.0,2339.0,2439.0,2369.0,2504.0,2249.0,2197.0,2116.0,1924.0,1595.0,1371.0,1270.0,1203.0,1145.0,1069.0,993.0
구로구 - 여자,Statistics,2738.0,2527.0,2536.0,2753.0,2529.0,2214.0,2218.0,2199.0,2062.0,2344.0,2463.0,2380.0,2221.0,2331.0,2264.0,2432.0,2219.0,2082.0,2141.0,1812.0,1544.0,1287.0,1190.0,1066.0,1084.0,988.0,944.0
구리시 - 계,Statistics,2793.0,2445.0,2246.0,2388.0,2129.0,2133.0,2213.0,2017.0,1777.0,1970.0,2183.0,1986.0,1889.0,1958.0,1860.0,1883.0,1635.0,1431.0,1505.0,1340.0,1306.0,1318.0,1176.0,1015.0,926.0,883.0,815.0
구리시 - 남자,Statistics,1443.0,1280.0,1163.0,1268.0,1092.0,1111.0,1111.0,1045.0,964.0,1041.0,1129.0,1005.0,942.0,1017.0,955.0,948.0,845.0,706.0,773.0,657.0,660.0,667.0,608.0,533.0,474.0,446.0,404.0
구리시 - 여자,Statistics,1350.0,1165.0,1083.0,1120.0,1037.0,1022.0,1102.0,972.0,813.0,929.0,1054.0,981.0,947.0,941.0,905.0,935.0,790.0,725.0,732.0,683.0,646.0,651.0,568.0,482.0,452.0,437.0,411.0
구미시 - 계,Statistics,6683.0,6460.0,6503.0,6680.0,5679.0,4984.0,5162.0,4897.0,4744.0,4855.0,5219.0,4837.0,4388.0,4776.0,5079.0,5386.0,4790.0,4917.0,4760.0,4286.0,3727.0,3360.0,2891.0,2695.0,2409.0,2201.0,1861.0
구미시 - 남자,Statistics,3522.0,3430.0,3515.0,3602.0,3011.0,2628.0,2695.0,2588.0,2479.0,2568.0,2657.0,2522.0,2322.0,2509.0,2660.0,2782.0,2507.0,2557.0,2460.0,2184.0,1923.0,1757.0,1485.0,1376.0,1187.0,1144.0,947.0
구미시 - 여자,Statistics,3161.0,3030.0,2988.0,3078.0,2668.0,2356.0,2467.0,2309.0,2265.0,2287.0,2562.0,2315.0,2066.0,2267.0,2419.0,2604.0,2283.0,2360.0,2300.0,2102.0,1804.0,1603.0,1406.0,1319.0,1222.0,1057.0,914.0
군산시 - 계,Statistics,4011.0,3993.0,3729.0,3775.0,3352.0,2766.0,2652.0,2553.0,2280.0,2307.0,2530.0,2324.0,2446.0,2566.0,2650.0,2750.0,2607.0,2485.0,2440.0,2104.0,1799.0,1529.0,1357.0,1296.0,1134.0,1120.0,986.0
군산시 - 남자,Statistics,2122.0,2060.0,1931.0,1949.0,1700.0,1460.0,1382.0,1314.0,1165.0,1181.0,1286.0,1229.0,1251.0,1309.0,1353.0,1413.0,1318.0,1277.0,1249.0,1069.0,903.0,774.0,690.0,650.0,589.0,566.0,491.0
군산시 - 여자,Statistics,1889.0,1933.0,1798.0,1826.0,1652.0,1306.0,1270.0,1239.0,1115.0,1126.0,1244.0,1095.0,1195.0,1257.0,1297.0,1337.0,1289.0,1208.0,1191.0,1035.0,896.0,755.0,667.0,646.0,545.0,554.0,495.0
군위군 - 계,Statistics,260.0,246.0,228.0,218.0,184.0,194.0,143.0,151.0,189.0,163.0,174.0,168.0,129.0,110.0,135.0,138.0,99.0,111.0,97.0,101.0,100.0,81.0,79.0,59.0,54.0,75.0,57.0
군위군 - 남자,Statistics,134.0,144.0,121.0,125.0,81.0,92.0,73.0,83.0,101.0,76.0,91.0,85.0,70.0,61.0,62.0,76.0,54.0,57.0,48.0,60.0,60.0,45.0,38.0,30.0,28.0,46.0,32.0
군위군 - 여자,Statistics,126.0,102.0,107.0,93.0,103.0,102.0,70.0,68.0,88.0,87.0,83.0,83.0,59.0,49.0,73.0,62.0,45.0,54.0,49.0,41.0,40.0,36.0,41.0,29.0,26.0,29.0,25.0
군포시 - 계,Statistics,4753.0,4883.0,4671.0,4717.0,4155.0,3520.0,3826.0,3566.0,3245.0,3489.0,3605.0,3464.0,3216.0,3491.0,3627.0,3656.0,3159.0,3255.0,3191.0,2887.0,2266.0,2081.0,1985.0,1682.0,1529.0,1530.0,1398.0
군포시 - 남자,Statistics,2457.0,2573.0,2416.0,2424.0,2104.0,1854.0,2001.0,1773.0,1642.0,1791.0,1879.0,1789.0,1621.0,1779.0,1880.0,1874.0,1621.0,1671.0,1629.0,1461.0,1177.0,1111.0,1025.0,805.0,769.0,815.0,716.0
군포시 - 여자,Statistics,2296.0,2310.0,2255.0,2293.0,2051.0,1666.0,1825.0,1793.0,1603.0,1698.0,1726.0,1675.0,1595.0,1712.0,1747.0,1782.0,1538.0,1584.0,1562.0,1426.0,1089.0,970.0,960.0,877.0,760.0,715.0,682.0
권선구 - 계,Statistics,5552.0,4778.0,4693.0,4885.0,4330.0,3898.0,3482.0,3316.0,2907.0,3142.0,3604.0,3316.0,2941.0,3064.0,3102.0,3729.0,3352.0,3409.0,3637.0,3538.0,3133.0,3085.0,2677.0,2295.0,2107.0,2137.0,1911.0
권선구 - 남자,Statistics,2852.0,2473.0,2443.0,2558.0,2294.0,2009.0,1883.0,1701.0,1478.0,1635.0,1845.0,1704.0,1496.0,1642.0,1598.0,1881.0,1743.0,1717.0,1845.0,1822.0,1595.0,1582.0,1400.0,1179.0,1105.0,1134.0,1022.0
권선구 - 여자,Statistics,2700.0,2305.0,2250.0,2327.0,2036.0,1889.0,1599.0,1615.0,1429.0,1507.0,1759.0,1612.0,1445.0,1422.0,1504.0,1848.0,1609.0,1692.0,1792.0,1716.0,1538.0,1503.0,1277.0,1116.0,1002.0,1003.0,889.0
금산군 - 계,Statistics,647.0,693.0,662.0,695.0,595.0,491.0,475.0,425.0,422.0,431.0,492.0,463.0,424.0,515.0,435.0,402.0,350.0,335.0,292.0,289.0,233.0,211.0,207.0,185.0,149.0,132.0,0.0
금산군 - 남자,Statistics,343.0,365.0,339.0,365.0,316.0,263.0,259.0,222.0,207.0,224.0,245.0,232.0,221.0,263.0,219.0,217.0,189.0,168.0,135.0,146.0,109.0,101.0,103.0,89.0,69.0,65.0,0.0
금산군 - 여자,Statistics,304.0,328.0,323.0,330.0,279.0,228.0,216.0,203.0,215.0,207.0,247.0,231.0,203.0,252.0,216.0,185.0,161.0,167.0,157.0,143.0,124.0,110.0,104.0,96.0,80.0,67.0,0.0
금정구 - 계,Statistics,3547.0,3324.0,3015.0,3037.0,2585.0,2151.0,2087.0,1905.0,1619.0,1559.0,1822.0,1592.0,1453.0,1632.0,1621.0,1722.0,1548.0,1469.0,1540.0,1275.0,1204.0,1080.0,1000.0,782.0,749.0,663.0,630.0
금정구 - 남자,Statistics,1842.0,1795.0,1593.0,1618.0,1348.0,1095.0,1077.0,964.0,844.0,809.0,929.0,830.0,764.0,862.0,815.0,895.0,794.0,759.0,782.0,704.0,617.0,560.0,519.0,391.0,400.0,326.0,301.0
금정구 - 여자,Statistics,1705.0,1529.0,1422.0,1419.0,1237.0,1056.0,1010.0,941.0,775.0,750.0,893.0,762.0,689.0,770.0,806.0,827.0,754.0,710.0,758.0,571.0,587.0,520.0,481.0,391.0,349.0,337.0,329.0
금천구 - 계,Statistics,4222.0,3978.0,3560.0,3506.0,2922.0,2493.0,2542.0,2570.0,2230.0,2361.0,2317.0,2102.0,1978.0,2002.0,1927.0,2077.0,1739.0,1820.0,1885.0,1595.0,1498.0,1314.0,1154.0,1092.0,1012.0,1004.0,963.0
금천구 - 남자,Statistics,2116.0,2069.0,1818.0,1846.0,1498.0,1294.0,1318.0,1329.0,1157.0,1216.0,1163.0,1076.0,1000.0,1046.0,952.0,1049.0,859.0,925.0,960.0,820.0,788.0,655.0,622.0,553.0,519.0,525.0,498.0
금천구 - 여자,Statistics,2106.0,1909.0,1742.0,1660.0,1424.0,1199.0,1224.0,1241.0,1073.0,1145.0,1154.0,1026.0,978.0,956.0,975.0,1028.0,880.0,895.0,925.0,775.0,710.0,659.0,532.0,539.0,493.0,479.0,465.0
기장군 - 계,Statistics,1005.0,955.0,827.0,820.0,738.0,703.0,705.0,713.0,694.0,623.0,620.0,637.0,682.0,1077.0,1165.0,1429.0,1503.0,1924.0,1963.0,1960.0,1636.0,1368.0,1208.0,1144.0,1076.0,1035.0,0.0
기장군 - 남자,Statistics,552.0,506.0,426.0,441.0,395.0,376.0,365.0,381.0,379.0,311.0,320.0,329.0,336.0,527.0,616.0,731.0,772.0,977.0,989.0,985.0,835.0,692.0,632.0,589.0,548.0,523.0,0.0
기장군 - 여자,Statistics,453.0,449.0,401.0,379.0,343.0,327.0,340.0,332.0,315.0,312.0,300.0,308.0,346.0,550.0,549.0,698.0,731.0,947.0,974.0,975.0,801.0,676.0,576.0,555.0,528.0,512.0,0.0
기흥구 - 계,Statistics,0.0,0.0,0.0,0.0,0.0,0.0,0.0,0.0,2813.0,3515.0,4478.0,4035.0,4018.0,4555.0,4502.0,4648.0,4142.0,4213.0,4279.0,3806.0,3127.0,2814.0,2694.0,2582.0,2476.0,2368.0,1962.0
기흥구 - 남자,Statistics,0.0,0.0,0.0,0.0,0.0,0.0,0.0,0.0,1430.0,1891.0,2323.0,2082.0,2060.0,2325.0,2341.0,2364.0,2142.0,2145.0,2188.0,1958.0,1632.0,1439.0,1379.0,1341.0,1262.0,1221.0,992.0
기흥구 - 여자,Statistics,0.0,0.0,0.0,0.0,0.0,0.0,0.0,0.0,1383.0,1624.0,2155.0,1953.0,1958.0,2230.0,2161.0,2284.0,2000.0,2068.0,2091.0,1848.0,1495.0,1375.0,1315.0,1241.0,1214.0,1147.0,970.0
김제시 - 계,Statistics,1326.0,1314.0,1112.0,1167.0,1010.0,890.0,820.0,787.0,694.0,737.0,768.0,679.0,710.0,681.0,698.0,661.0,559.0,518.0,476.0,454.0,417.0,353.0,297.0,293.0,269.0,350.0,409.0
김제시 - 남자,Statistics,700.0,704.0,567.0,638.0,505.0,461.0,401.0,381.0,384.0,396.0,375.0,364.0,380.0,341.0,348.0,360.0,295.0,274.0,233.0,234.0,205.0,170.0,160.0,153.0,129.0,172.0,211.0
김제시 - 여자,Statistics,626.0,610.0,545.0,529.0,505.0,429.0,419.0,406.0,310.0,341.0,393.0,315.0,330.0,340.0,350.0,301.0,264.0,244.0,243.0,220.0,212.0,183.0,137.0,140.0,140.0,178.0,198.0
김천시 - 계,Statistics,1756.0,1589.0,1673.0,1687.0,1489.0,1208.0,1179.0,1126.0,1030.0,1041.0,1310.0,1290.0,1152.0,1119.0,1076.0,1154.0,998.0,980.0,1012.0,1123.0,1066.0,1017.0,878.0,842.0,809.0,754.0,675.0
김천시 - 남자,Statistics,943.0,834.0,908.0,879.0,772.0,647.0,630.0,567.0,503.0,557.0,692.0,696.0,602.0,559.0,549.0,585.0,513.0,500.0,489.0,590.0,536.0,550.0,436.0,433.0,405.0,405.0,355.0
김천시 - 여자,Statistics,813.0,755.0,765.0,808.0,717.0,561.0,549.0,559.0,527.0,484.0,618.0,594.0,550.0,560.0,527.0,569.0,485.0,480.0,523.0,533.0,530.0,467.0,442.0,409.0,404.0,349.0,320.0
김포군 - 계,Statistics,1713.0,,,,,,,,,,,,,,,,,,,,0.0,0.0,0.0,0.0,0.0,0.0,0.0
김포군 - 남자,Statistics,904.0,,,,,,,,,,,,,,,,,,,,0.0,0.0,0.0,0.0,0.0,0.0,0.0
김포군 - 여자,Statistics,809.0,,,,,,,,,,,,,,,,,,,,0.0,0.0,0.0,0.0,0.0,0.0,0.0
김포시 - 계,Statistics,0.0,1797.0,2021.0,2340.0,2257.0,2194.0,2266.0,2255.0,1911.0,1892.0,1996.0,1900.0,1963.0,2151.0,2298.0,2880.0,3010.0,3543.0,3757.0,3346.0,3172.0,3238.0,3160.0,3164.0,3360.0,3209.0,2765.0
김포시 - 남자,Statistics,0.0,944.0,1057.0,1239.0,1163.0,1143.0,1154.0,1176.0,1025.0,961.0,992.0,964.0,1051.0,1133.0,1201.0,1436.0,1561.0,1768.0,1910.0,1709.0,1634.0,1646.0,1637.0,1672.0,1775.0,1663.0,1442.0
김포시 - 여자,Statistics,0.0,853.0,964.0,1101.0,1094.0,1051.0,1112.0,1079.0,886.0,931.0,1004.0,936.0,912.0,1018.0,1097.0,1444.0,1449.0,1775.0,1847.0,1637.0,1538.0,1592.0,1523.0,1492.0,1585.0,1546.0,1323.0
김해시 - 계,Statistics,5389.0,5477.0,5235.0,5394.0,4915.0,4651.0,5261.0,5279.0,5029.0,5207.0,5822.0,5376.0,5267.0,5607.0,5473.0,5629.0,5060.0,5287.0,5182.0,4700.0,3995.0,3433.0,3431.0,2995.0,2802.0,2537.0,2513.0
김해시 - 남자,Statistics,2846.0,2877.0,2783.0,2879.0,2605.0,2423.0,2786.0,2793.0,2663.0,2694.0,2908.0,2809.0,2750.0,2906.0,2755.0,2803.0,2588.0,2729.0,2691.0,2394.0,2054.0,1751.0,1765.0,1545.0,1476.0,1301.0,1311.0
김해시 - 여자,Statistics,2543.0,2600.0,2452.0,2515.0,2310.0,2228.0,2475.0,2486.0,2366.0,2513.0,2914.0,2567.0,2517.0,2701.0,2718.0,2826.0,2472.0,2558.0,2491.0,2306.0,1941.0,1682.0,1666.0,1450.0,1326.0,1236.0,1202.0
나주시 - 계,Statistics,1369.0,1291.0,1238.0,1241.0,1015.0,879.0,869.0,798.0,697.0,720.0,786.0,675.0,629.0,572.0,565.0,682.0,671.0,645.0,809.0,902.0,943.0,889.0,820.0,733.0,701.0,679.0,722.0
나주시 - 남자,Statistics,683.0,662.0,662.0,642.0,533.0,452.0,441.0,434.0,350.0,396.0,422.0,357.0,327.0,302.0,281.0,344.0,344.0,354.0,395.0,460.0,481.0,471.0,409.0,371.0,365.0,340.0,361.0
나주시 - 여자,Statistics,686.0,629.0,576.0,599.0,482.0,427.0,428.0,364.0,347.0,324.0,364.0,318.0,302.0,270.0,284.0,338.0,327.0,291.0,414.0,442.0,462.0,418.0,411.0,362.0,336.0,339.0,361.0
남구 - 계,Statistics,3483.0,3271.0,3066.0,3148.0,2867.0,2507.0,2613.0,2500.0,2219.0,2139.0,2398.0,2303.0,2239.0,2436.0,2325.0,2239.0,2051.0,1997.0,1940.0,1718.0,1439.0,1295.0,1203.0,998.0,963.0,832.0,784.0
남구 - 남자,Statistics,1861.0,1763.0,1620.0,1659.0,1491.0,1310.0,1392.0,1307.0,1146.0,1092.0,1245.0,1157.0,1156.0,1267.0,1154.0,1146.0,1084.0,1066.0,1013.0,860.0,760.0,676.0,589.0,522.0,492.0,435.0,408.0
남구 - 여자,Statistics,1622.0,1508.0,1446.0,1489.0,1376.0,1197.0,1221.0,1193.0,1073.0,1047.0,1153.0,1146.0,1083.0,1169.0,1171.0,1093.0,967.0,931.0,927.0,858.0,679.0,619.0,614.0,476.0,471.0,397.0,376.0
남동구 - 계,Statistics,6524.0,6108.0,5822.0,5993.0,5399.0,4471.0,4212.0,3795.0,3311.0,3468.0,4232.0,4572.0,4559.0,4653.0,5010.0,5333.0,4699.0,4732.0,4883.0,4521.0,3850.0,3782.0,3333.0,2831.0,2446.0,2157.0,1830.0
남동구 - 남자,Statistics,3374.0,3230.0,3074.0,3097.0,2826.0,2291.0,2207.0,2011.0,1737.0,1818.0,2156.0,2320.0,2382.0,2413.0,2568.0,2698.0,2379.0,2480.0,2512.0,2313.0,2026.0,1952.0,1717.0,1461.0,1257.0,1082.0,970.0
남동구 - 여자,Statistics,3150.0,2878.0,2748.0,2896.0,2573.0,2180.0,2005.0,1784.0,1574.0,1650.0,2076.0,2252.0,2177.0,2240.0,2442.0,2635.0,2320.0,2252.0,2371.0,2208.0,1824.0,1830.0,1616.0,1370.0,1189.0,1075.0,860.0
남양주시 - 계,Statistics,4547.0,4774.0,5068.0,5537.0,4879.0,4319.0,4275.0,4258.0,4063.0,4710.0,5635.0,5414.0,5082.0,5821.0,6125.0,6081.0,5505.0,5455.0,5588.0,5218.0,4422.0,4120.0,3855.0,3683.0,3596.0,3609.0,3243.0
남양주시 - 남자,Statistics,2337.0,2503.0,2649.0,2965.0,2517.0,2235.0,2188.0,2220.0,2119.0,2460.0,2926.0,2814.0,2587.0,3025.0,3130.0,3137.0,2902.0,2812.0,2830.0,2701.0,2238.0,2162.0,2038.0,1952.0,1846.0,1833.0,1654.0
남양주시 - 여자,Statistics,2210.0,2271.0,2419.0,2572.0,2362.0,2084.0,2087.0,2038.0,1944.0,2250.0,2709.0,2600.0,2495.0,2796.0,2995.0,2944.0,2603.0,2643.0,2758.0,2517.0,2184.0,1958.0,1817.0,1731.0,1750.0,1776.0,1589.0
남원시 - 계,Statistics,1330.0,1299.0,1196.0,1194.0,1146.0,963.0,944.0,851.0,741.0,716.0,749.0,706.0,609.0,681.0,671.0,629.0,616.0,571.0,514.0,520.0,433.0,450.0,427.0,381.0,343.0,275.0,248.0
남원시 - 남자,Statistics,692.0,672.0,646.0,610.0,582.0,537.0,493.0,442.0,399.0,362.0,383.0,405.0,339.0,355.0,319.0,351.0,322.0,306.0,265.0,276.0,229.0,253.0,227.0,192.0,178.0,127.0,124.0
남원시 - 여자,Statistics,638.0,627.0,550.0,584.0,564.0,426.0,451.0,409.0,342.0,354.0,366.0,301.0,270.0,326.0,352.0,278.0,294.0,265.0,249.0,244.0,204.0,197.0,200.0,189.0,165.0,148.0,124.0
남제주군 - 계,Statistics,1148.0,1102.0,1035.0,1101.0,893.0,765.0,688.0,711.0,762.0,0.0,0.0,0.0,0.0,0.0,0.0,0.0,0.0,0.0,0.0,0.0,0.0,0.0,0.0,0.0,0.0,0.0,0.0
남제주군 - 남자,Statistics,613.0,582.0,537.0,536.0,463.0,402.0,357.0,397.0,410.0,0.0,0.0,0.0,0.0,0.0,0.0,0.0,0.0,0.0,0.0,0.0,0.0,0.0,0.0,0.0,0.0,0.0,0.0
남제주군 - 여자,Statistics,535.0,520.0,498.0,565.0,430.0,363.0,331.0,314.0,352.0,0.0,0.0,0.0,0.0,0.0,0.0,0.0,0.0,0.0,0.0,0.0,0.0,0.0,0.0,0.0,0.0,0.0,0.0
남해군 - 계,Statistics,510.0,526.0,463.0,438.0,351.0,331.0,271.0,284.0,221.0,245.0,295.0,270.0,252.0,242.0,219.0,185.0,155.0,192.0,182.0,140.0,125.0,107.0,118.0,105.0,91.0,102.0,0.0
남해군 - 남자,Statistics,281.0,292.0,246.0,253.0,187.0,187.0,141.0,157.0,116.0,126.0,150.0,143.0,139.0,123.0,126.0,96.0,78.0,106.0,97.0,66.0,67.0,51.0,59.0,52.0,42.0,55.0,0.0
남해군 - 여자,Statistics,229.0,234.0,217.0,185.0,164.0,144.0,130.0,127.0,105.0,119.0,145.0,127.0,113.0,119.0,93.0,89.0,77.0,86.0,85.0,74.0,58.0,56.0,59.0,53.0,49.0,47.0,0.0
노원구 - 계,Statistics,7693.0,7453.0,7890.0,9010.0,8144.0,7033.0,7016.0,6665.0,5733.0,5867.0,6232.0,5721.0,5178.0,5298.0,5063.0,5296.0,4668.0,4715.0,4462.0,4176.0,3494.0,2851.0,2604.0,2252.0,2225.0,2246.0,2091.0
노원구 - 남자,Statistics,3973.0,3837.0,4099.0,4717.0,4250.0,3574.0,3550.0,3412.0,2949.0,3037.0,3153.0,2951.0,2678.0,2729.0,2560.0,2659.0,2404.0,2438.0,2286.0,2192.0,1772.0,1490.0,1349.0,1188.0,1162.0,1152.0,1118.0
노원구 - 여자,Statistics,3720.0,3616.0,3791.0,4293.0,3894.0,3459.0,3466.0,3253.0,2784.0,2830.0,3079.0,2770.0,2500.0,2569.0,2503.0,2637.0,2264.0,2277.0,2176.0,1984.0,1722.0,1361.0,1255.0,1064.0,1063.0,1094.0,973.0
논산시 - 계,Statistics,1565.0,1652.0,1484.0,1476.0,1314.0,1136.0,1041.0,1063.0,973.0,993.0,1076.0,959.0,928.0,930.0,960.0,929.0,805.0,814.0,815.0,713.0,659.0,629.0,607.0,488.0,454.0,402.0,382.0
논산시 - 남자,Statistics,800.0,850.0,782.0,742.0,694.0,590.0,548.0,507.0,507.0,508.0,580.0,483.0,481.0,473.0,513.0,464.0,399.0,410.0,405.0,367.0,333.0,331.0,294.0,245.0,220.0,214.0,209.0
논산시 - 여자,Statistics,765.0,802.0,702.0,734.0,620.0,546.0,493.0,556.0,466.0,485.0,496.0,476.0,447.0,457.0,447.0,465.0,406.0,404.0,410.0,346.0,326.0,298.0,313.0,243.0,234.0,188.0,173.0
단양군 - 계,Statistics,469.0,496.0,411.0,386.0,336.0,270.0,233.0,230.0,233.0,227.0,209.0,203.0,181.0,175.0,163.0,163.0,131.0,132.0,140.0,112.0,92.0,104.0,95.0,74.0,69.0,59.0,0.0
단양군 - 남자,Statistics,236.0,246.0,213.0,193.0,183.0,140.0,116.0,125.0,117.0,117.0,99.0,91.0,95.0,101.0,88.0,81.0,65.0,78.0,66.0,49.0,45.0,58.0,53.0,39.0,36.0,22.0,0.0
단양군 - 여자,Statistics,233.0,250.0,198.0,193.0,153.0,130.0,117.0,105.0,116.0,110.0,110.0,112.0,86.0,74.0,75.0,82.0,66.0,54.0,74.0,63.0,47.0,46.0,42.0,35.0,33.0,37.0,0.0
단원구 - 계,Statistics,0.0,0.0,0.0,0.0,0.0,3638.0,3711.0,3709.0,3426.0,3420.0,3763.0,3557.0,3096.0,3261.0,3166.0,3211.0,2738.0,2683.0,2540.0,2232.0,1943.0,1653.0,1756.0,1826.0,1717.0,1738.0,1553.0
단원구 - 남자,Statistics,0.0,0.0,0.0,0.0,0.0,1855.0,1875.0,1908.0,1750.0,1751.0,1962.0,1805.0,1615.0,1655.0,1583.0,1619.0,1378.0,1355.0,1280.0,1148.0,1015.0,806.0,934.0,946.0,889.0,887.0,778.0
단원구 - 여자,Statistics,0.0,0.0,0.0,0.0,0.0,1783.0,1836.0,1801.0,1676.0,1669.0,1801.0,1752.0,1481.0,1606.0,1583.0,1592.0,1360.0,1328.0,1260.0,1084.0,928.0,847.0,822.0,880.0,828.0,851.0,775.0
달서구 - 계,Statistics,7095.0,7678.0,8008.0,8484.0,7275.0,6352.0,6302.0,5673.0,4842.0,4672.0,5227.0,4920.0,4976.0,5404.0,5333.0,5463.0,5097.0,5025.0,5049.0,4504.0,3706.0,3041.0,2927.0,2373.0,2231.0,2012.0,2003.0
달서구 - 남자,Statistics,3650.0,4108.0,4247.0,4512.0,3812.0,3399.0,3389.0,2931.0,2533.0,2417.0,2656.0,2594.0,2670.0,2801.0,2731.0,2797.0,2573.0,2595.0,2607.0,2299.0,1975.0,1530.0,1499.0,1213.0,1165.0,1020.0,1032.0
달서구 - 여자,Statistics,3445.0,3570.0,3761.0,3972.0,3463.0,2953.0,2913.0,2742.0,2309.0,2255.0,2571.0,2326.0,2306.0,2603.0,2602.0,2666.0,2524.0,2430.0,2442.0,2205.0,1731.0,1511.0,1428.0,1160.0,1066.0,992.0,971.0
달성군 - 계,Statistics,2611.0,2423.0,2299.0,2522.0,2238.0,1957.0,1815.0,1807.0,1716.0,1614.0,1770.0,1776.0,1801.0,2098.0,2049.0,2132.0,1922.0,1871.0,1906.0,2321.0,2652.0,2832.0,2706.0,2329.0,2180.0,1954.0,0.0
달성군 - 남자,Statistics,1372.0,1320.0,1217.0,1334.0,1185.0,1025.0,972.0,974.0,888.0,842.0,893.0,941.0,935.0,1066.0,1061.0,1061.0,964.0,948.0,989.0,1184.0,1374.0,1426.0,1389.0,1195.0,1146.0,977.0,0.0
달성군 - 여자,Statistics,1239.0,1103.0,1082.0,1188.0,1053.0,932.0,843.0,833.0,828.0,772.0,877.0,835.0,866.0,1032.0,988.0,1071.0,958.0,923.0,917.0,1137.0,1278.0,1406.0,1317.0,1134.0,1034.0,977.0,0.0
담양군 - 계,Statistics,670.0,618.0,563.0,581.0,417.0,425.0,339.0,375.0,342.0,361.0,413.0,342.0,368.0,364.0,319.0,382.0,350.0,363.0,334.0,314.0,292.0,273.0,238.0,240.0,155.0,147.0,0.0
담양군 - 남자,Statistics,354.0,301.0,293.0,296.0,237.0,213.0,169.0,184.0,169.0,208.0,227.0,188.0,208.0,167.0,182.0,213.0,181.0,178.0,160.0,160.0,151.0,128.0,115.0,113.0,73.0,71.0,0.0
담양군 - 여자,Statistics,316.0,317.0,270.0,285.0,180.0,212.0,170.0,191.0,173.0,153.0,186.0,154.0,160.0,197.0,137.0,169.0,169.0,185.0,174.0,154.0,141.0,145.0,123.0,127.0,82.0,76.0,0.0
당진군 - 계,Statistics,1635.0,1632.0,1558.0,1585.0,1381.0,1070.0,1065.0,1056.0,988.0,1115.0,1362.0,1369.0,1364.0,1331.0,1275.0,0.0,0.0,0.0,0.0,0.0,0.0,0.0,0.0,0.0,0.0,0.0,0.0
당진군 - 남자,Statistics,836.0,882.0,795.0,833.0,724.0,593.0,563.0,546.0,543.0,593.0,702.0,727.0,679.0,695.0,659.0,0.0,0.0,0.0,0.0,0.0,0.0,0.0,0.0,0.0,0.0,0.0,0.0
당진군 - 여자,Statistics,799.0,750.0,763.0,752.0,657.0,477.0,502.0,510.0,445.0,522.0,660.0,642.0,685.0,636.0,616.0,0.0,0.0,0.0,0.0,0.0,0.0,0.0,0.0,0.0,0.0,0.0,0.0
당진시 - 계,Statistics,0.0,0.0,0.0,0.0,0.0,0.0,0.0,0.0,0.0,0.0,0.0,0.0,0.0,0.0,0.0,1833.0,1873.0,1848.0,1945.0,1717.0,1585.0,1380.0,1247.0,1058.0,953.0,888.0,817.0
당진시 - 남자,Statistics,0.0,0.0,0.0,0.0,0.0,0.0,0.0,0.0,0.0,0.0,0.0,0.0,0.0,0.0,0.0,943.0,934.0,922.0,977.0,879.0,809.0,719.0,646.0,556.0,477.0,444.0,420.0
당진시 - 여자,Statistics,0.0,0.0,0.0,0.0,0.0,0.0,0.0,0.0,0.0,0.0,0.0,0.0,0.0,0.0,0.0,890.0,939.0,926.0,968.0,838.0,776.0,661.0,601.0,502.0,476.0,444.0,397.0
대구광역시 - 계,Statistics,35219.0,32231.0,31308.0,32477.0,28111.0,24260.0,24513.0,23259.0,20804.0,20360.0,22295.0,20562.0,19399.0,20557.0,20758.0,21472.0,19340.0,19361.0,19438.0,18298.0,15946.0,14400.0,13233.0,11193.0,10661.0,10134.0,9410.0
대구광역시 - 남자,Statistics,18557.0,17323.0,16620.0,17250.0,14799.0,12972.0,12970.0,12201.0,10928.0,10635.0,11471.0,10715.0,10159.0,10703.0,10679.0,10987.0,9824.0,9893.0,10041.0,9311.0,8263.0,7289.0,6906.0,5734.0,5545.0,5153.0,4819.0
대구광역시 - 여자,Statistics,16662.0,14908.0,14688.0,15227.0,13312.0,11288.0,11543.0,11058.0,9876.0,9725.0,10824.0,9847.0,9240.0,9854.0,10079.0,10485.0,9516.0,9468.0,9397.0,8987.0,7683.0,7111.0,6327.0,5459.0,5116.0,4981.0,4591.0
대덕구 - 계,Statistics,3793.0,3553.0,3357.0,4056.0,3450.0,2934.0,2780.0,2639.0,2271.0,2105.0,2227.0,1995.0,1842.0,1921.0,1829.0,1870.0,1790.0,1686.0,1522.0,1365.0,1118.0,937.0,815.0,701.0,749.0,841.0,749.0
대덕구 - 남자,Statistics,1930.0,1822.0,1784.0,2082.0,1787.0,1579.0,1461.0,1380.0,1200.0,1116.0,1111.0,980.0,957.0,1017.0,944.0,948.0,904.0,891.0,761.0,666.0,562.0,442.0,395.0,364.0,376.0,457.0,409.0
대덕구 - 여자,Statistics,1863.0,1731.0,1573.0,1974.0,1663.0,1355.0,1319.0,1259.0,1071.0,989.0,1116.0,1015.0,885.0,904.0,885.0,922.0,886.0,795.0,761.0,699.0,556.0,495.0,420.0,337.0,373.0,384.0,340.0
대전광역시 - 계,Statistics,20480.0,19294.0,18729.0,19570.0,17290.0,15631.0,15712.0,15024.0,13950.0,14489.0,15780.0,14856.0,13915.0,14314.0,14808.0,15279.0,14099.0,13962.0,13774.0,12436.0,10851.0,9337.0,8410.0,7481.0,7414.0,7677.0,7194.0
대전광역시 - 남자,Statistics,10549.0,10115.0,9756.0,10122.0,8984.0,8288.0,8143.0,7842.0,7226.0,7591.0,8053.0,7673.0,7197.0,7387.0,7657.0,7843.0,7159.0,7257.0,7143.0,6417.0,5588.0,4759.0,4267.0,3913.0,3851.0,3970.0,3720.0
대전광역시 - 여자,Statistics,9931.0,9179.0,8973.0,9448.0,8306.0,7343.0,7569.0,7182.0,6724.0,6898.0,7727.0,7183.0,6718.0,6927.0,7151.0,7436.0,6940.0,6705.0,6631.0,6019.0,5263.0,4578.0,4143.0,3568.0,3563.0,3707.0,3474.0
덕양구 - 계,Statistics,6550.0,6479.0,6323.0,6306.0,5225.0,4690.0,4794.0,4503.0,3927.0,3941.0,4183.0,3788.0,3694.0,3879.0,3700.0,3681.0,3259.0,3490.0,3727.0,3572.0,3144.0,2706.0,2725.0,2803.0,2859.0,3050.0,2770.0
덕양구 - 남자,Statistics,3316.0,3321.0,3267.0,3292.0,2690.0,2482.0,2544.0,2314.0,2032.0,2013.0,2146.0,1920.0,1912.0,1994.0,1918.0,1895.0,1640.0,1817.0,1878.0,1796.0,1683.0,1348.0,1357.0,1439.0,1431.0,1554.0,1419.0
덕양구 - 여자,Statistics,3234.0,3158.0,3056.0,3014.0,2535.0,2208.0,2250.0,2189.0,1895.0,1928.0,2037.0,1868.0,1782.0,1885.0,1782.0,1786.0,1619.0,1673.0,1849.0,1776.0,1461.0,1358.0,1368.0,1364.0,1428.0,1496.0,1351.0
덕진구 - 계,Statistics,4135.0,4066.0,4053.0,4490.0,3721.0,3266.0,2947.0,2859.0,2635.0,2583.0,2949.0,2848.0,2625.0,2849.0,2760.0,2785.0,2490.0,2429.0,2532.0,2177.0,2074.0,1962.0,1930.0,1769.0,1777.0,1606.0,1500.0
덕진구 - 남자,Statistics,2109.0,2135.0,2064.0,2282.0,1901.0,1703.0,1515.0,1511.0,1428.0,1347.0,1621.0,1486.0,1361.0,1473.0,1440.0,1461.0,1279.0,1248.0,1314.0,1110.0,1081.0,986.0,973.0,890.0,889.0,782.0,748.0
덕진구 - 여자,Statistics,2026.0,1931.0,1989.0,2208.0,1820.0,1563.0,1432.0,1348.0,1207.0,1236.0,1328.0,1362.0,1264.0,1376.0,1320.0,1324.0,1211.0,1181.0,1218.0,1067.0,993.0,976.0,957.0,879.0,888.0,824.0,752.0
도봉구 - 계,Statistics,5586.0,4971.0,4666.0,4751.0,4033.0,3562.0,3502.0,3571.0,3137.0,3115.0,3297.0,3035.0,3030.0,3158.0,3005.0,3083.0,2530.0,2553.0,2481.0,2249.0,1906.0,1707.0,1483.0,1218.0,1136.0,1092.0,971.0
도봉구 - 남자,Statistics,2933.0,2592.0,2434.0,2477.0,2154.0,1871.0,1775.0,1781.0,1602.0,1624.0,1680.0,1589.0,1584.0,1640.0,1564.0,1626.0,1318.0,1352.0,1250.0,1148.0,978.0,903.0,786.0,631.0,593.0,558.0,488.0
도봉구 - 여자,Statistics,2653.0,2379.0,2232.0,2274.0,1879.0,1691.0,1727.0,1790.0,1535.0,1491.0,1617.0,1446.0,1446.0,1518.0,1441.0,1457.0,1212.0,1201.0,1231.0,1101.0,928.0,804.0,697.0,587.0,543.0,534.0,483.0
동구 - 계,Statistics,1501.0,1398.0,1256.0,1138.0,984.0,892.0,831.0,716.0,622.0,615.0,681.0,628.0,603.0,627.0,667.0,639.0,552.0,520.0,482.0,436.0,373.0,321.0,334.0,347.0,380.0,370.0,366.0
동구 - 남자,Statistics,768.0,740.0,650.0,586.0,504.0,467.0,440.0,363.0,315.0,328.0,331.0,302.0,314.0,334.0,334.0,311.0,296.0,267.0,264.0,230.0,207.0,185.0,171.0,184.0,211.0,176.0,176.0
동구 - 여자,Statistics,733.0,658.0,606.0,552.0,480.0,425.0,391.0,353.0,307.0,287.0,350.0,326.0,289.0,293.0,333.0,328.0,256.0,253.0,218.0,206.0,166.0,136.0,163.0,163.0,169.0,194.0,190.0
동남구 - 계,Statistics,0.0,0.0,0.0,0.0,0.0,0.0,0.0,0.0,0.0,0.0,0.0,2596.0,2438.0,2637.0,2771.0,2875.0,2569.0,2433.0,2422.0,2114.0,1678.0,1594.0,1515.0,1370.0,1250.0,1140.0,1073.0
동남구 - 남자,Statistics,0.0,0.0,0.0,0.0,0.0,0.0,0.0,0.0,0.0,0.0,0.0,1318.0,1263.0,1364.0,1454.0,1469.0,1343.0,1272.0,1250.0,1105.0,866.0,818.0,776.0,701.0,698.0,585.0,543.0
동남구 - 여자,Statistics,0.0,0.0,0.0,0.0,0.0,0.0,0.0,0.0,0.0,0.0,0.0,1278.0,1175.0,1273.0,1317.0,1406.0,1226.0,1161.0,1172.0,1009.0,812.0,776.0,739.0,669.0,552.0,555.0,530.0
동대문구 - 계,Statistics,4673.0,4554.0,4093.0,4338.0,3891.0,3568.0,3311.0,3356.0,3020.0,3181.0,3360.0,3236.0,2879.0,2880.0,2947.0,2963.0,2651.0,2634.0,2687.0,2383.0,2117.0,1886.0,1884.0,1702.0,1585.0,1475.0,1359.0
동대문구 - 남자,Statistics,2375.0,2303.0,2130.0,2179.0,2011.0,1749.0,1724.0,1714.0,1549.0,1612.0,1788.0,1653.0,1428.0,1490.0,1484.0,1528.0,1368.0,1400.0,1393.0,1185.0,1110.0,994.0,943.0,860.0,809.0,737.0,714.0
동대문구 - 여자,Statistics,2298.0,2251.0,1963.0,2159.0,1880.0,1819.0,1587.0,1642.0,1471.0,1569.0,1572.0,1583.0,1451.0,1390.0,1463.0,1435.0,1283.0,1234.0,1294.0,1198.0,1007.0,892.0,941.0,842.0,776.0,738.0,645.0
동두천시 - 계,Statistics,1121.0,986.0,980.0,1035.0,837.0,702.0,751.0,727.0,747.0,826.0,968.0,881.0,871.0,990.0,946.0,871.0,814.0,784.0,759.0,714.0,583.0,464.0,426.0,393.0,352.0,351.0,292.0
동두천시 - 남자,Statistics,563.0,501.0,530.0,527.0,426.0,371.0,389.0,369.0,366.0,414.0,488.0,429.0,438.0,499.0,489.0,459.0,413.0,417.0,407.0,375.0,297.0,225.0,230.0,188.0,161.0,175.0,150.0
동두천시 - 여자,Statistics,558.0,485.0,450.0,508.0,411.0,331.0,362.0,358.0,381.0,412.0,480.0,452.0,433.0,491.0,457.0,412.0,401.0,367.0,352.0,339.0,286.0,239.0,196.0,205.0,191.0,176.0,142.0
동래구 - 계,Statistics,3189.0,2962.0,2912.0,2882.0,2469.0,2061.0,1990.0,1951.0,1662.0,1778.0,2051.0,2020.0,1868.0,2011.0,2051.0,2111.0,1775.0,1813.0,1833.0,1737.0,1458.0,1297.0,1291.0,1270.0,1216.0,1271.0,1061.0
동래구 - 남자,Statistics,1669.0,1576.0,1532.0,1598.0,1323.0,1027.0,1033.0,1007.0,867.0,931.0,1074.0,1054.0,937.0,1038.0,1027.0,1086.0,916.0,960.0,979.0,884.0,700.0,659.0,634.0,671.0,636.0,651.0,555.0
동래구 - 여자,Statistics,1520.0,1386.0,1380.0,1284.0,1146.0,1034.0,957.0,944.0,795.0,847.0,977.0,966.0,931.0,973.0,1024.0,1025.0,859.0,853.0,854.0,853.0,758.0,638.0,657.0,599.0,580.0,620.0,506.0
동안구 - 계,Statistics,5081.0,4609.0,4796.0,4898.0,3978.0,3601.0,3761.0,3938.0,3726.0,3704.0,3825.0,3644.0,3321.0,3490.0,3432.0,3359.0,3186.0,3227.0,3222.0,2826.0,2431.0,2334.0,2212.0,1905.0,1936.0,2060.0,1783.0
동안구 - 남자,Statistics,2592.0,2350.0,2509.0,2526.0,2069.0,1851.0,1935.0,2027.0,1944.0,1923.0,1942.0,1910.0,1720.0,1815.0,1758.0,1723.0,1615.0,1655.0,1632.0,1434.0,1215.0,1207.0,1107.0,1001.0,968.0,1115.0,944.0
동안구 - 여자,Statistics,2489.0,2259.0,2287.0,2372.0,1909.0,1750.0,1826.0,1911.0,1782.0,1781.0,1883.0,1734.0,1601.0,1675.0,1674.0,1636.0,1571.0,1572.0,1590.0,1392.0,1216.0,1127.0,1105.0,904.0,968.0,945.0,839.0
동작구 - 계,Statistics,6806.0,6379.0,5898.0,5738.0,5111.0,4291.0,4319.0,4576.0,4148.0,4201.0,4360.0,4044.0,3829.0,3846.0,3837.0,3883.0,3712.0,3765.0,3643.0,3184.0,2814.0,2417.0,2227.0,2044.0,1831.0,1696.0,1695.0
동작구 - 남자,Statistics,3506.0,3300.0,3045.0,2987.0,2682.0,2213.0,2249.0,2326.0,2130.0,2174.0,2276.0,2134.0,1888.0,2012.0,1964.0,2047.0,1925.0,1950.0,1854.0,1677.0,1387.0,1244.0,1174.0,1076.0,935.0,857.0,883.0
동작구 - 여자,Statistics,3300.0,3079.0,2853.0,2751.0,2429.0,2078.0,2070.0,2250.0,2018.0,2027.0,2084.0,1910.0,1941.0,1834.0,1873.0,1836.0,1787.0,1815.0,1789.0,1507.0,1427.0,1173.0,1053.0,968.0,896.0,839.0,812.0
동해시 - 계,Statistics,1495.0,1364.0,1349.0,1389.0,1243.0,1105.0,1090.0,1000.0,877.0,870.0,890.0,789.0,824.0,767.0,792.0,769.0,727.0,703.0,667.0,662.0,561.0,472.0,422.0,404.0,422.0,374.0,356.0
동해시 - 남자,Statistics,796.0,722.0,691.0,727.0,663.0,570.0,563.0,550.0,451.0,468.0,461.0,410.0,425.0,402.0,412.0,400.0,376.0,387.0,346.0,336.0,275.0,232.0,209.0,210.0,228.0,183.0,177.0
동해시 - 여자,Statistics,699.0,642.0,658.0,662.0,580.0,535.0,527.0,450.0,426.0,402.0,429.0,379.0,399.0,365.0,380.0,369.0,351.0,316.0,321.0,326.0,286.0,240.0,213.0,194.0,194.0,191.0,179.0
마산시 - 계,Statistics,5262.0,4926.0,4987.0,4954.0,4291.0,3941.0,3766.0,3689.0,3419.0,3372.0,3716.0,3290.0,3098.0,0.0,0.0,0.0,0.0,0.0,0.0,0.0,0.0,0.0,0.0,0.0,0.0,0.0,0.0
마산시 - 남자,Statistics,2779.0,2584.0,2606.0,2617.0,2293.0,2060.0,2048.0,1930.0,1761.0,1739.0,1941.0,1652.0,1624.0,0.0,0.0,0.0,0.0,0.0,0.0,0.0,0.0,0.0,0.0,0.0,0.0,0.0,0.0
마산시 - 여자,Statistics,2483.0,2342.0,2381.0,2337.0,1998.0,1881.0,1718.0,1759.0,1658.0,1633.0,1775.0,1638.0,1474.0,0.0,0.0,0.0,0.0,0.0,0.0,0.0,0.0,0.0,0.0,0.0,0.0,0.0,0.0
마산합포구 - 계,Statistics,0.0,0.0,0.0,0.0,0.0,0.0,0.0,0.0,0.0,0.0,0.0,0.0,0.0,1408.0,1531.0,1655.0,1400.0,1379.0,1370.0,1265.0,1153.0,1062.0,958.0,713.0,861.0,805.0,737.0
마산합포구 - 남자,Statistics,0.0,0.0,0.0,0.0,0.0,0.0,0.0,0.0,0.0,0.0,0.0,0.0,0.0,700.0,795.0,856.0,722.0,721.0,699.0,685.0,603.0,547.0,510.0,359.0,416.0,410.0,379.0
마산합포구 - 여자,Statistics,0.0,0.0,0.0,0.0,0.0,0.0,0.0,0.0,0.0,0.0,0.0,0.0,0.0,708.0,736.0,799.0,678.0,658.0,671.0,580.0,550.0,515.0,448.0,354.0,445.0,395.0,358.0
마산회원구 - 계,Statistics,0.0,0.0,0.0,0.0,0.0,0.0,0.0,0.0,0.0,0.0,0.0,0.0,0.0,1952.0,2066.0,2034.0,1747.0,1666.0,1598.0,1429.0,1199.0,982.0,841.0,789.0,708.0,640.0,576.0
마산회원구 - 남자,Statistics,0.0,0.0,0.0,0.0,0.0,0.0,0.0,0.0,0.0,0.0,0.0,0.0,0.0,1023.0,1087.0,1019.0,923.0,859.0,836.0,712.0,610.0,504.0,434.0,383.0,362.0,339.0,309.0
마산회원구 - 여자,Statistics,0.0,0.0,0.0,0.0,0.0,0.0,0.0,0.0,0.0,0.0,0.0,0.0,0.0,929.0,979.0,1015.0,824.0,807.0,762.0,717.0,589.0,478.0,407.0,406.0,346.0,301.0,267.0
마포구 - 계,Statistics,5713.0,5287.0,5148.0,5419.0,4644.0,4139.0,3871.0,4294.0,3829.0,4134.0,4574.0,4144.0,3735.0,3824.0,3859.0,3797.0,3320.0,3373.0,3626.0,3392.0,2812.0,2528.0,2334.0,2015.0,1959.0,1761.0,1571.0
마포구 - 남자,Statistics,2850.0,2785.0,2581.0,2747.0,2408.0,2172.0,1952.0,2184.0,2008.0,2112.0,2364.0,2175.0,1907.0,1977.0,1917.0,1987.0,1664.0,1736.0,1841.0,1730.0,1461.0,1281.0,1200.0,1057.0,1009.0,911.0,788.0
마포구 - 여자,Statistics,2863.0,2502.0,2567.0,2672.0,2236.0,1967.0,1919.0,2110.0,1821.0,2022.0,2210.0,1969.0,1828.0,1847.0,1942.0,1810.0,1656.0,1637.0,1785.0,1662.0,1351.0,1247.0,1134.0,958.0,950.0,850.0,783.0
만안구 - 계,Statistics,4210.0,3643.0,3283.0,3265.0,3007.0,2823.0,2825.0,2731.0,2489.0,2512.0,2610.0,2400.0,2152.0,2373.0,2349.0,2280.0,1996.0,1956.0,1938.0,1950.0,1694.0,1732.0,1618.0,1371.0,1341.0,1329.0,1310.0
만안구 - 남자,Statistics,2196.0,1948.0,1764.0,1710.0,1610.0,1434.0,1446.0,1435.0,1311.0,1264.0,1368.0,1197.0,1110.0,1214.0,1182.0,1200.0,995.0,1016.0,962.0,960.0,881.0,867.0,806.0,687.0,663.0,663.0,657.0
만안구 - 여자,Statistics,2014.0,1695.0,1519.0,1555.0,1397.0,1389.0,1379.0,1296.0,1178.0,1248.0,1242.0,1203.0,1042.0,1159.0,1167.0,1080.0,1001.0,940.0,976.0,990.0,813.0,865.0,812.0,684.0,678.0,666.0,653.0
목포시 - 계,Statistics,3993.0,3654.0,3589.0,3428.0,2959.0,2654.0,2518.0,2387.0,2191.0,2261.0,2520.0,2635.0,2526.0,2601.0,2633.0,2566.0,2168.0,1936.0,1930.0,1823.0,1431.0,1318.0,1208.0,963.0,792.0,820.0,815.0
목포시 - 남자,Statistics,2040.0,1915.0,1905.0,1767.0,1551.0,1379.0,1291.0,1250.0,1105.0,1144.0,1297.0,1376.0,1301.0,1352.0,1300.0,1315.0,1078.0,956.0,1014.0,952.0,750.0,684.0,620.0,500.0,400.0,433.0,397.0
목포시 - 여자,Statistics,1953.0,1739.0,1684.0,1661.0,1408.0,1275.0,1227.0,1137.0,1086.0,1117.0,1223.0,1259.0,1225.0,1249.0,1333.0,1251.0,1090.0,980.0,916.0,871.0,681.0,634.0,588.0,463.0,392.0,387.0,418.0
무안군 - 계,Statistics,738.0,742.0,674.0,730.0,645.0,491.0,489.0,453.0,434.0,455.0,534.0,532.0,630.0,742.0,672.0,672.0,599.0,630.0,641.0,612.0,502.0,448.0,414.0,422.0,458.0,498.0,0.0
무안군 - 남자,Statistics,374.0,387.0,338.0,362.0,319.0,251.0,246.0,230.0,203.0,240.0,280.0,271.0,314.0,357.0,345.0,345.0,319.0,331.0,345.0,327.0,250.0,238.0,213.0,233.0,232.0,250.0,0.0
무안군 - 여자,Statistics,364.0,355.0,336.0,368.0,326.0,240.0,243.0,223.0,231.0,215.0,254.0,261.0,316.0,385.0,327.0,327.0,280.0,299.0,296.0,285.0,252.0,210.0,201.0,189.0,226.0,248.0,0.0
무주군 - 계,Statistics,267.0,250.0,265.0,245.0,209.0,179.0,184.0,184.0,183.0,193.0,230.0,206.0,204.0,181.0,198.0,178.0,151.0,168.0,144.0,124.0,104.0,79.0,73.0,89.0,62.0,59.0,0.0
무주군 - 남자,Statistics,136.0,137.0,131.0,131.0,118.0,83.0,88.0,88.0,92.0,98.0,111.0,109.0,91.0,101.0,111.0,96.0,77.0,101.0,81.0,73.0,48.0,39.0,38.0,44.0,30.0,30.0,0.0
무주군 - 여자,Statistics,131.0,113.0,134.0,114.0,91.0,96.0,96.0,96.0,91.0,95.0,119.0,97.0,113.0,80.0,87.0,82.0,74.0,67.0,63.0,51.0,56.0,40.0,35.0,45.0,32.0,29.0,0.0
문경시 - 계,Statistics,783.0,780.0,806.0,759.0,692.0,578.0,505.0,458.0,452.0,394.0,489.0,464.0,503.0,544.0,613.0,604.0,547.0,531.0,526.0,442.0,390.0,301.0,313.0,327.0,300.0,266.0,214.0
문경시 - 남자,Statistics,445.0,421.0,455.0,395.0,381.0,296.0,273.0,248.0,243.0,209.0,255.0,242.0,265.0,290.0,323.0,311.0,282.0,272.0,260.0,227.0,209.0,153.0,163.0,169.0,156.0,130.0,123.0
문경시 - 여자,Statistics,338.0,359.0,351.0,364.0,311.0,282.0,232.0,210.0,209.0,185.0,234.0,222.0,238.0,254.0,290.0,293.0,265.0,259.0,266.0,215.0,181.0,148.0,150.0,158.0,144.0,136.0,91.0
미추홀구 - 계,Statistics,,,,,,,,,,,,,,,,,,,,,,2637.0,2359.0,2065.0,1842.0,1757.0,1711.0
미추홀구 - 남자,Statistics,,,,,,,,,,,,,,,,,,,,,,1345.0,1206.0,1055.0,954.0,884.0,892.0
미추홀구 - 여자,Statistics,,,,,,,,,,,,,,,,,,,,,,1292.0,1153.0,1010.0,888.0,873.0,819.0
밀양시 - 계,Statistics,1355.0,1280.0,1265.0,1280.0,1037.0,885.0,859.0,752.0,744.0,697.0,824.0,715.0,659.0,686.0,628.0,666.0,561.0,562.0,617.0,638.0,627.0,468.0,457.0,373.0,342.0,320.0,264.0
밀양시 - 남자,Statistics,687.0,682.0,635.0,684.0,566.0,496.0,455.0,408.0,379.0,360.0,421.0,365.0,344.0,362.0,322.0,367.0,261.0,285.0,306.0,312.0,309.0,237.0,222.0,192.0,185.0,155.0,149.0
밀양시 - 여자,Statistics,668.0,598.0,630.0,596.0,471.0,389.0,404.0,344.0,365.0,337.0,403.0,350.0,315.0,324.0,306.0,299.0,300.0,277.0,311.0,326.0,318.0,231.0,235.0,181.0,157.0,165.0,115.0
보령시 - 계,Statistics,1293.0,1405.0,1389.0,1213.0,1199.0,1008.0,945.0,918.0,784.0,865.0,846.0,848.0,782.0,811.0,820.0,743.0,641.0,689.0,636.0,627.0,539.0,455.0,461.0,407.0,368.0,359.0,290.0
보령시 - 남자,Statistics,694.0,767.0,725.0,611.0,596.0,528.0,475.0,467.0,436.0,447.0,446.0,447.0,383.0,420.0,419.0,385.0,330.0,333.0,340.0,314.0,286.0,224.0,229.0,207.0,188.0,180.0,151.0
보령시 - 여자,Statistics,599.0,638.0,664.0,602.0,603.0,480.0,470.0,451.0,348.0,418.0,400.0,401.0,399.0,391.0,401.0,358.0,311.0,356.0,296.0,313.0,253.0,231.0,232.0,200.0,180.0,179.0,139.0
보성군 - 계,Statistics,587.0,550.0,524.0,565.0,494.0,364.0,354.0,349.0,304.0,392.0,551.0,385.0,382.0,438.0,431.0,410.0,308.0,314.0,295.0,244.0,228.0,170.0,154.0,127.0,91.0,81.0,0.0
보성군 - 남자,Statistics,299.0,294.0,285.0,301.0,245.0,174.0,186.0,187.0,155.0,193.0,300.0,179.0,199.0,208.0,229.0,233.0,162.0,158.0,169.0,118.0,115.0,91.0,79.0,69.0,41.0,51.0,0.0
보성군 - 여자,Statistics,288.0,256.0,239.0,264.0,249.0,190.0,168.0,162.0,149.0,199.0,251.0,206.0,183.0,230.0,202.0,177.0,146.0,156.0,126.0,126.0,113.0,79.0,75.0,58.0,50.0,30.0,0.0
보은군 - 계,Statistics,415.0,433.0,436.0,376.0,333.0,307.0,249.0,226.0,243.0,212.0,206.0,209.0,205.0,182.0,188.0,186.0,148.0,178.0,185.0,185.0,174.0,178.0,102.0,112.0,71.0,79.0,0.0
보은군 - 남자,Statistics,210.0,233.0,217.0,202.0,188.0,147.0,115.0,110.0,140.0,114.0,120.0,115.0,104.0,109.0,91.0,100.0,64.0,95.0,97.0,100.0,91.0,86.0,50.0,56.0,32.0,39.0,0.0
보은군 - 여자,Statistics,205.0,200.0,219.0,174.0,145.0,160.0,134.0,116.0,103.0,98.0,86.0,94.0,101.0,73.0,97.0,86.0,84.0,83.0,88.0,85.0,83.0,92.0,52.0,56.0,39.0,40.0,0.0
봉화군 - 계,Statistics,370.0,349.0,346.0,324.0,284.0,242.0,219.0,224.0,205.0,207.0,237.0,235.0,221.0,270.0,230.0,243.0,202.0,205.0,193.0,181.0,167.0,153.0,141.0,108.0,70.0,70.0,0.0
봉화군 - 남자,Statistics,196.0,166.0,171.0,172.0,142.0,135.0,108.0,115.0,111.0,108.0,112.0,117.0,121.0,137.0,108.0,118.0,108.0,105.0,117.0,95.0,86.0,79.0,76.0,43.0,36.0,40.0,0.0
봉화군 - 여자,Statistics,174.0,183.0,175.0,152.0,142.0,107.0,111.0,109.0,94.0,99.0,125.0,118.0,100.0,133.0,122.0,125.0,94.0,100.0,76.0,86.0,81.0,74.0,65.0,65.0,34.0,30.0,0.0
부산광역시 - 계,Statistics,46284.0,43200.0,41237.0,41222.0,35848.0,30767.0,30117.0,28231.0,25681.0,25881.0,28426.0,26670.0,25110.0,27415.0,27759.0,28673.0,25831.0,26190.0,26645.0,24906.0,21480.0,19152.0,17049.0,15058.0,14446.0,14134.0,12866.0
부산광역시 - 남자,Statistics,24320.0,22872.0,21677.0,21833.0,18808.0,15975.0,15750.0,14535.0,13289.0,13323.0,14643.0,13606.0,12952.0,14156.0,14092.0,14759.0,13337.0,13549.0,13752.0,12740.0,11069.0,9840.0,8735.0,7770.0,7436.0,7258.0,6590.0
부산광역시 - 여자,Statistics,21964.0,20328.0,19560.0,19389.0,17040.0,14792.0,14367.0,13696.0,12392.0,12558.0,13783.0,13064.0,12158.0,13259.0,13667.0,13914.0,12494.0,12641.0,12893.0,12166.0,10411.0,9312.0,8314.0,7288.0,7010.0,6876.0,6276.0
부산진구 - 계,Statistics,4782.0,4461.0,4377.0,4545.0,3987.0,3595.0,3464.0,3250.0,3077.0,3209.0,3534.0,3299.0,3175.0,3270.0,3288.0,3475.0,3070.0,3027.0,3029.0,2692.0,2288.0,2018.0,1695.0,1468.0,1564.0,1498.0,1615.0
부산진구 - 남자,Statistics,2502.0,2353.0,2283.0,2385.0,2055.0,1873.0,1830.0,1685.0,1582.0,1619.0,1810.0,1684.0,1648.0,1712.0,1625.0,1771.0,1586.0,1564.0,1528.0,1408.0,1181.0,1062.0,848.0,750.0,776.0,763.0,815.0
부산진구 - 여자,Statistics,2280.0,2108.0,2094.0,2160.0,1932.0,1722.0,1634.0,1565.0,1495.0,1590.0,1724.0,1615.0,1527.0,1558.0,1663.0,1704.0,1484.0,1463.0,1501.0,1284.0,1107.0,956.0,847.0,718.0,788.0,735.0,800.0
부안군 - 계,Statistics,785.0,751.0,747.0,726.0,593.0,497.0,463.0,422.0,358.0,339.0,406.0,339.0,349.0,366.0,350.0,366.0,298.0,320.0,267.0,268.0,290.0,215.0,226.0,169.0,168.0,138.0,0.0
부안군 - 남자,Statistics,407.0,393.0,375.0,384.0,332.0,267.0,239.0,221.0,183.0,182.0,207.0,176.0,182.0,188.0,180.0,204.0,146.0,159.0,136.0,142.0,169.0,103.0,101.0,87.0,92.0,65.0,0.0
부안군 - 여자,Statistics,378.0,358.0,372.0,342.0,261.0,230.0,224.0,201.0,175.0,157.0,199.0,163.0,167.0,178.0,170.0,162.0,152.0,161.0,131.0,126.0,121.0,112.0,125.0,82.0,76.0,73.0,0.0
부여군 - 계,Statistics,943.0,868.0,857.0,818.0,692.0,582.0,602.0,522.0,506.0,509.0,478.0,468.0,403.0,424.0,365.0,403.0,349.0,328.0,346.0,292.0,262.0,210.0,186.0,167.0,129.0,133.0,0.0
부여군 - 남자,Statistics,487.0,463.0,451.0,446.0,351.0,302.0,290.0,287.0,246.0,270.0,251.0,241.0,215.0,230.0,197.0,213.0,189.0,174.0,175.0,137.0,138.0,103.0,100.0,88.0,70.0,72.0,0.0
부여군 - 여자,Statistics,456.0,405.0,406.0,372.0,341.0,280.0,312.0,235.0,260.0,239.0,227.0,227.0,188.0,194.0,168.0,190.0,160.0,154.0,171.0,155.0,124.0,107.0,86.0,79.0,59.0,61.0,0.0
부천시 - 계,Statistics,13289.0,11866.0,10814.0,10777.0,9441.0,8675.0,9256.0,9164.0,8176.0,8467.0,9289.0,8609.0,8272.0,8529.0,8268.0,8341.0,7221.0,7240.0,6909.0,6426.0,6059.0,5447.0,4747.0,4243.0,3912.0,3796.0,3339.0
부천시 - 남자,Statistics,6937.0,6158.0,5614.0,5633.0,4823.0,4532.0,4798.0,4760.0,4185.0,4437.0,4788.0,4366.0,4241.0,4345.0,4271.0,4290.0,3764.0,3703.0,3561.0,3310.0,3129.0,2804.0,2456.0,2221.0,2010.0,1938.0,1707.0
부천시 - 여자,Statistics,6352.0,5708.0,5200.0,5144.0,4618.0,4143.0,4458.0,4404.0,3991.0,4030.0,4501.0,4243.0,4031.0,4184.0,3997.0,4051.0,3457.0,3537.0,3348.0,3116.0,2930.0,2643.0,2291.0,2022.0,1902.0,1858.0,1632.0
부평구 - 계,Statistics,8122.0,7227.0,7286.0,7422.0,6771.0,6058.0,6084.0,5587.0,5304.0,5524.0,6057.0,5509.0,5293.0,5331.0,5142.0,5235.0,4874.0,5022.0,4918.0,4537.0,3845.0,3576.0,2977.0,2399.0,2165.0,2227.0,2172.0
부평구 - 남자,Statistics,4202.0,3791.0,3861.0,3863.0,3487.0,3137.0,3138.0,2857.0,2731.0,2880.0,3151.0,2896.0,2713.0,2710.0,2645.0,2691.0,2463.0,2621.0,2518.0,2301.0,2037.0,1821.0,1573.0,1249.0,1109.0,1141.0,1088.0
부평구 - 여자,Statistics,3920.0,3436.0,3425.0,3559.0,3284.0,2921.0,2946.0,2730.0,2573.0,2644.0,2906.0,2613.0,2580.0,2621.0,2497.0,2544.0,2411.0,2401.0,2400.0,2236.0,1808.0,1755.0,1404.0,1150.0,1056.0,1086.0,1084.0
북구 - 계,Statistics,4468.0,3932.0,3907.0,4055.0,3351.0,2919.0,3105.0,2952.0,2755.0,2603.0,2736.0,2477.0,2252.0,2367.0,2319.0,2578.0,2405.0,2396.0,2397.0,2417.0,2113.0,1797.0,1468.0,1272.0,1236.0,1321.0,1166.0
북구 - 남자,Statistics,2347.0,2048.0,2107.0,2181.0,1792.0,1521.0,1600.0,1549.0,1448.0,1393.0,1448.0,1309.0,1135.0,1206.0,1169.0,1336.0,1218.0,1221.0,1266.0,1221.0,1101.0,909.0,785.0,646.0,630.0,685.0,637.0
북구 - 여자,Statistics,2121.0,1884.0,1800.0,1874.0,1559.0,1398.0,1505.0,1403.0,1307.0,1210.0,1288.0,1168.0,1117.0,1161.0,1150.0,1242.0,1187.0,1175.0,1131.0,1196.0,1012.0,888.0,683.0,626.0,606.0,636.0,529.0
북제주군 - 계,Statistics,1475.0,1347.0,1432.0,1458.0,1300.0,1078.0,1020.0,1013.0,941.0,0.0,0.0,0.0,0.0,0.0,0.0,0.0,0.0,0.0,0.0,0.0,0.0,0.0,0.0,0.0,0.0,0.0,0.0
북제주군 - 남자,Statistics,752.0,741.0,757.0,765.0,666.0,612.0,551.0,557.0,476.0,0.0,0.0,0.0,0.0,0.0,0.0,0.0,0.0,0.0,0.0,0.0,0.0,0.0,0.0,0.0,0.0,0.0,0.0
북제주군 - 여자,Statistics,723.0,606.0,675.0,693.0,634.0,466.0,469.0,456.0,465.0,0.0,0.0,0.0,0.0,0.0,0.0,0.0,0.0,0.0,0.0,0.0,0.0,0.0,0.0,0.0,0.0,0.0,0.0
분당구 - 계,Statistics,4991.0,4871.0,4703.0,5328.0,4635.0,4291.0,4558.0,4780.0,4494.0,4552.0,4617.0,4160.0,4122.0,4904.0,4998.0,5054.0,4818.0,4790.0,4912.0,4511.0,3968.0,3518.0,3125.0,2714.0,2710.0,2679.0,2180.0
분당구 - 남자,Statistics,2641.0,2528.0,2336.0,2765.0,2386.0,2263.0,2344.0,2510.0,2309.0,2310.0,2386.0,2139.0,2075.0,2518.0,2649.0,2648.0,2439.0,2385.0,2530.0,2252.0,2042.0,1790.0,1639.0,1396.0,1384.0,1416.0,1116.0
분당구 - 여자,Statistics,2350.0,2343.0,2367.0,2563.0,2249.0,2028.0,2214.0,2270.0,2185.0,2242.0,2231.0,2021.0,2047.0,2386.0,2349.0,2406.0,2379.0,2405.0,2382.0,2259.0,1926.0,1728.0,1486.0,1318.0,1326.0,1263.0,1064.0
사상구 - 계,Statistics,3946.0,3501.0,3557.0,3869.0,3480.0,2802.0,2683.0,2445.0,2094.0,2147.0,2298.0,2168.0,1905.0,2186.0,2196.0,2315.0,2040.0,2014.0,2001.0,1682.0,1437.0,1245.0,1015.0,823.0,765.0,689.0,682.0
사상구 - 남자,Statistics,2067.0,1880.0,1881.0,2066.0,1872.0,1507.0,1421.0,1253.0,1047.0,1096.0,1217.0,1088.0,954.0,1130.0,1140.0,1196.0,1042.0,1059.0,1016.0,861.0,741.0,673.0,502.0,424.0,419.0,373.0,354.0
사상구 - 여자,Statistics,1879.0,1621.0,1676.0,1803.0,1608.0,1295.0,1262.0,1192.0,1047.0,1051.0,1081.0,1080.0,951.0,1056.0,1056.0,1119.0,998.0,955.0,985.0,821.0,696.0,572.0,513.0,399.0,346.0,316.0,328.0
사천시 - 계,Statistics,1731.0,1540.0,1466.0,1609.0,1386.0,1194.0,1205.0,1073.0,958.0,1019.0,1177.0,1139.0,1102.0,1134.0,1098.0,1161.0,1031.0,1024.0,968.0,871.0,738.0,610.0,497.0,523.0,462.0,458.0,399.0
사천시 - 남자,Statistics,905.0,838.0,775.0,870.0,712.0,611.0,636.0,574.0,470.0,550.0,590.0,592.0,541.0,598.0,573.0,602.0,543.0,523.0,474.0,458.0,388.0,301.0,246.0,276.0,243.0,233.0,201.0
사천시 - 여자,Statistics,826.0,702.0,691.0,739.0,674.0,583.0,569.0,499.0,488.0,469.0,587.0,547.0,561.0,536.0,525.0,559.0,488.0,501.0,494.0,413.0,350.0,309.0,251.0,247.0,219.0,225.0,198.0
사하구 - 계,Statistics,5315.0,5024.0,4819.0,4533.0,3903.0,3495.0,3182.0,3194.0,2857.0,2919.0,3088.0,3118.0,2965.0,3053.0,3239.0,3219.0,2851.0,2724.0,2696.0,2398.0,2065.0,1828.0,1526.0,1327.0,1153.0,1172.0,1076.0
사하구 - 남자,Statistics,2743.0,2566.0,2507.0,2411.0,2037.0,1808.0,1672.0,1642.0,1469.0,1481.0,1609.0,1595.0,1532.0,1568.0,1631.0,1668.0,1440.0,1434.0,1380.0,1209.0,1096.0,902.0,799.0,688.0,600.0,591.0,550.0
사하구 - 여자,Statistics,2572.0,2458.0,2312.0,2122.0,1866.0,1687.0,1510.0,1552.0,1388.0,1438.0,1479.0,1523.0,1433.0,1485.0,1608.0,1551.0,1411.0,1290.0,1316.0,1189.0,969.0,926.0,727.0,639.0,553.0,581.0,526.0
산청군 - 계,Statistics,386.0,360.0,373.0,341.0,291.0,250.0,240.0,225.0,217.0,211.0,255.0,198.0,187.0,214.0,234.0,206.0,209.0,225.0,234.0,207.0,191.0,143.0,145.0,86.0,89.0,59.0,0.0
산청군 - 남자,Statistics,198.0,192.0,191.0,169.0,160.0,131.0,124.0,119.0,109.0,105.0,139.0,121.0,102.0,115.0,129.0,108.0,105.0,123.0,137.0,91.0,97.0,78.0,67.0,48.0,39.0,29.0,0.0
산청군 - 여자,Statistics,188.0,168.0,182.0,172.0,131.0,119.0,116.0,106.0,108.0,106.0,116.0,77.0,85.0,99.0,105.0,98.0,104.0,102.0,97.0,116.0,94.0,65.0,78.0,38.0,50.0,30.0,0.0
삼척시 - 계,Statistics,852.0,861.0,923.0,934.0,713.0,664.0,593.0,557.0,497.0,506.0,523.0,467.0,465.0,478.0,473.0,522.0,436.0,418.0,421.0,381.0,337.0,341.0,366.0,358.0,287.0,295.0,276.0
삼척시 - 남자,Statistics,415.0,427.0,501.0,495.0,398.0,351.0,319.0,278.0,261.0,280.0,279.0,234.0,239.0,252.0,237.0,255.0,230.0,204.0,222.0,196.0,185.0,181.0,167.0,184.0,143.0,149.0,139.0
삼척시 - 여자,Statistics,437.0,434.0,422.0,439.0,315.0,313.0,274.0,279.0,236.0,226.0,244.0,233.0,226.0,226.0,236.0,267.0,206.0,214.0,199.0,185.0,152.0,160.0,199.0,174.0,144.0,146.0,137.0
상당구 - 계,Statistics,3622.0,3236.0,3018.0,3164.0,2332.0,2390.0,2475.0,2697.0,2437.0,2520.0,2654.0,2321.0,2137.0,2251.0,2238.0,2255.0,2152.0,0.0,0.0,0.0,0.0,0.0,0.0,0.0,0.0,0.0,0.0
상당구 - 남자,Statistics,1841.0,1673.0,1607.0,1650.0,1253.0,1296.0,1308.0,1401.0,1281.0,1251.0,1400.0,1179.0,1101.0,1201.0,1140.0,1178.0,1130.0,0.0,0.0,0.0,0.0,0.0,0.0,0.0,0.0,0.0,0.0
상당구 - 여자,Statistics,1781.0,1563.0,1411.0,1514.0,1079.0,1094.0,1167.0,1296.0,1156.0,1269.0,1254.0,1142.0,1036.0,1050.0,1098.0,1077.0,1022.0,0.0,0.0,0.0,0.0,0.0,0.0,0.0,0.0,0.0,0.0
상록구 - 계,Statistics,0.0,0.0,0.0,0.0,0.0,4660.0,4802.0,4616.0,4003.0,4055.0,4492.0,3898.0,3594.0,3655.0,3686.0,3586.0,3384.0,3270.0,3340.0,2899.0,2438.0,2094.0,1865.0,1713.0,1681.0,1517.0,1433.0
상록구 - 남자,Statistics,0.0,0.0,0.0,0.0,0.0,2395.0,2506.0,2398.0,2104.0,2087.0,2272.0,2050.0,1879.0,1893.0,1872.0,1795.0,1708.0,1670.0,1684.0,1510.0,1255.0,1095.0,917.0,860.0,887.0,798.0,759.0
상록구 - 여자,Statistics,0.0,0.0,0.0,0.0,0.0,2265.0,2296.0,2218.0,1899.0,1968.0,2220.0,1848.0,1715.0,1762.0,1814.0,1791.0,1676.0,1600.0,1656.0,1389.0,1183.0,999.0,948.0,853.0,794.0,719.0,674.0
상주시 - 계,Statistics,1264.0,1115.0,1112.0,1117.0,929.0,809.0,780.0,694.0,691.0,630.0,698.0,689.0,703.0,692.0,638.0,657.0,577.0,551.0,564.0,510.0,447.0,456.0,437.0,358.0,314.0,323.0,292.0
상주시 - 남자,Statistics,647.0,601.0,605.0,628.0,474.0,448.0,407.0,365.0,353.0,349.0,374.0,360.0,366.0,364.0,328.0,346.0,290.0,285.0,298.0,265.0,235.0,246.0,218.0,172.0,165.0,170.0,155.0
상주시 - 여자,Statistics,617.0,514.0,507.0,489.0,455.0,361.0,373.0,329.0,338.0,281.0,324.0,329.0,337.0,328.0,310.0,311.0,287.0,266.0,266.0,245.0,212.0,210.0,219.0,186.0,149.0,153.0,137.0
서구 - 계,Statistics,1901.0,1644.0,1470.0,1410.0,1290.0,989.0,1036.0,891.0,834.0,796.0,835.0,712.0,619.0,631.0,675.0,674.0,584.0,608.0,599.0,574.0,458.0,426.0,386.0,359.0,344.0,344.0,302.0
서구 - 남자,Statistics,1017.0,846.0,756.0,725.0,657.0,491.0,560.0,466.0,419.0,390.0,422.0,348.0,353.0,314.0,340.0,346.0,332.0,300.0,300.0,306.0,239.0,215.0,209.0,193.0,184.0,187.0,159.0
서구 - 여자,Statistics,884.0,798.0,714.0,685.0,633.0,498.0,476.0,425.0,415.0,406.0,413.0,364.0,266.0,317.0,335.0,328.0,252.0,308.0,299.0,268.0,219.0,211.0,177.0,166.0,160.0,157.0,143.0
서귀포시 - 계,Statistics,1366.0,1234.0,1255.0,1312.0,1084.0,995.0,855.0,838.0,793.0,1612.0,1656.0,1503.0,1431.0,1408.0,1371.0,1320.0,1137.0,1145.0,1236.0,1266.0,1218.0,1036.0,1081.0,914.0,838.0,833.0,706.0
서귀포시 - 남자,Statistics,696.0,652.0,667.0,660.0,568.0,539.0,438.0,446.0,418.0,881.0,808.0,748.0,726.0,738.0,719.0,687.0,580.0,559.0,651.0,665.0,629.0,531.0,567.0,511.0,431.0,437.0,367.0
서귀포시 - 여자,Statistics,670.0,582.0,588.0,652.0,516.0,456.0,417.0,392.0,375.0,731.0,848.0,755.0,705.0,670.0,652.0,633.0,557.0,586.0,585.0,601.0,589.0,505.0,514.0,403.0,407.0,396.0,339.0
서대문구 - 계,Statistics,4838.0,4835.0,4633.0,4762.0,4224.0,3787.0,3637.0,3470.0,3040.0,3032.0,3277.0,2937.0,2602.0,2713.0,2368.0,2470.0,2358.0,2334.0,2175.0,2201.0,1911.0,1647.0,1521.0,1533.0,1426.0,1363.0,1301.0
서대문구 - 남자,Statistics,2428.0,2515.0,2412.0,2434.0,2177.0,1953.0,1889.0,1748.0,1543.0,1524.0,1708.0,1518.0,1361.0,1420.0,1171.0,1299.0,1213.0,1183.0,1106.0,1124.0,973.0,879.0,770.0,775.0,725.0,698.0,656.0
서대문구 - 여자,Statistics,2410.0,2320.0,2221.0,2328.0,2047.0,1834.0,1748.0,1722.0,1497.0,1508.0,1569.0,1419.0,1241.0,1293.0,1197.0,1171.0,1145.0,1151.0,1069.0,1077.0,938.0,768.0,751.0,758.0,701.0,665.0,645.0
서북구 - 계,Statistics,0.0,0.0,0.0,0.0,0.0,0.0,0.0,0.0,0.0,0.0,0.0,3791.0,3579.0,3745.0,3999.0,4203.0,3787.0,3677.0,3990.0,3907.0,3761.0,3619.0,3319.0,3276.0,3159.0,2759.0,2412.0
서북구 - 남자,Statistics,0.0,0.0,0.0,0.0,0.0,0.0,0.0,0.0,0.0,0.0,0.0,1996.0,1835.0,1908.0,2049.0,2097.0,1970.0,1860.0,2089.0,1946.0,1955.0,1817.0,1689.0,1693.0,1637.0,1399.0,1243.0
서북구 - 여자,Statistics,0.0,0.0,0.0,0.0,0.0,0.0,0.0,0.0,0.0,0.0,0.0,1795.0,1744.0,1837.0,1950.0,2106.0,1817.0,1817.0,1901.0,1961.0,1806.0,1802.0,1630.0,1583.0,1522.0,1360.0,1169.0
서산시 - 계,Statistics,2277.0,2193.0,2187.0,2190.0,1904.0,1636.0,1592.0,1564.0,1421.0,1483.0,1790.0,1667.0,1659.0,1715.0,1690.0,1749.0,1601.0,1678.0,1667.0,1564.0,1396.0,1341.0,1193.0,1106.0,1031.0,1036.0,858.0
서산시 - 남자,Statistics,1191.0,1142.0,1163.0,1126.0,1007.0,884.0,847.0,816.0,746.0,757.0,916.0,868.0,873.0,893.0,879.0,905.0,814.0,883.0,868.0,807.0,697.0,665.0,599.0,560.0,513.0,521.0,431.0
서산시 - 여자,Statistics,1086.0,1051.0,1024.0,1064.0,897.0,752.0,745.0,748.0,675.0,726.0,874.0,799.0,786.0,822.0,811.0,844.0,787.0,795.0,799.0,757.0,699.0,676.0,594.0,546.0,518.0,515.0,427.0
서울특별시 - 계,Statistics,142724.0,134604.0,128120.0,133154.0,114764.0,102008.0,101227.0,99828.0,90468.0,93922.0,101249.0,94736.0,89594.0,93266.0,91526.0,93914.0,84066.0,83711.0,83005.0,75536.0,65389.0,58074.0,53673.0,47445.0,45531.0,42602.0,39456.0
서울특별시 - 남자,Statistics,73520.0,69822.0,66452.0,69406.0,59476.0,53105.0,52191.0,51453.0,46679.0,48520.0,52139.0,48826.0,45963.0,48121.0,46853.0,48353.0,43181.0,42899.0,42370.0,38744.0,33485.0,30137.0,27811.0,24344.0,23436.0,21787.0,20257.0
서울특별시 - 여자,Statistics,69204.0,64782.0,61668.0,63748.0,55288.0,48903.0,49036.0,48375.0,43789.0,45402.0,49110.0,45910.0,43631.0,45145.0,44673.0,45561.0,40885.0,40812.0,40635.0,36792.0,31904.0,27937.0,25862.0,23101.0,22095.0,20815.0,19199.0
서원구 - 계,Statistics,0.0,0.0,0.0,0.0,0.0,0.0,0.0,0.0,0.0,0.0,0.0,0.0,0.0,0.0,0.0,0.0,0.0,2231.0,2099.0,1799.0,1595.0,1368.0,1042.0,904.0,837.0,858.0,857.0
서원구 - 남자,Statistics,0.0,0.0,0.0,0.0,0.0,0.0,0.0,0.0,0.0,0.0,0.0,0.0,0.0,0.0,0.0,0.0,0.0,1179.0,1086.0,923.0,827.0,723.0,533.0,470.0,418.0,444.0,425.0
서원구 - 여자,Statistics,0.0,0.0,0.0,0.0,0.0,0.0,0.0,0.0,0.0,0.0,0.0,0.0,0.0,0.0,0.0,0.0,0.0,1052.0,1013.0,876.0,768.0,645.0,509.0,434.0,419.0,414.0,432.0
서천군 - 계,Statistics,806.0,758.0,714.0,670.0,601.0,494.0,458.0,391.0,407.0,371.0,369.0,363.0,333.0,345.0,363.0,307.0,295.0,285.0,251.0,226.0,214.0,205.0,169.0,170.0,160.0,133.0,0.0
서천군 - 남자,Statistics,428.0,396.0,365.0,340.0,334.0,255.0,234.0,185.0,200.0,200.0,193.0,176.0,159.0,167.0,185.0,157.0,146.0,137.0,120.0,113.0,103.0,115.0,94.0,76.0,86.0,68.0,0.0
서천군 - 여자,Statistics,378.0,362.0,349.0,330.0,267.0,239.0,224.0,206.0,207.0,171.0,176.0,187.0,174.0,178.0,178.0,150.0,149.0,148.0,131.0,113.0,111.0,90.0,75.0,94.0,74.0,65.0,0.0
서초구 - 계,Statistics,4707.0,4839.0,4348.0,4662.0,3900.0,3605.0,3561.0,3702.0,3403.0,3655.0,3911.0,3846.0,3746.0,4403.0,4190.0,4439.0,4081.0,4135.0,4078.0,3629.0,3039.0,2919.0,2512.0,2238.0,2163.0,1864.0,1687.0
서초구 - 남자,Statistics,2486.0,2548.0,2265.0,2411.0,2033.0,1878.0,1876.0,1893.0,1783.0,1896.0,2055.0,1949.0,1971.0,2253.0,2167.0,2308.0,2113.0,2152.0,2053.0,1827.0,1559.0,1557.0,1337.0,1165.0,1096.0,948.0,880.0
서초구 - 여자,Statistics,2221.0,2291.0,2083.0,2251.0,1867.0,1727.0,1685.0,1809.0,1620.0,1759.0,1856.0,1897.0,1775.0,2150.0,2023.0,2131.0,1968.0,1983.0,2025.0,1802.0,1480.0,1362.0,1175.0,1073.0,1067.0,916.0,807.0
성남시 - 계,Statistics,14201.0,13187.0,12601.0,13048.0,11362.0,10418.0,10949.0,10909.0,9911.0,9838.0,10405.0,9297.0,8828.0,9737.0,9632.0,9609.0,8847.0,8718.0,8864.0,8312.0,7368.0,6453.0,5808.0,5110.0,5024.0,4966.0,4372.0
성남시 - 남자,Statistics,7406.0,6844.0,6369.0,6811.0,5849.0,5391.0,5645.0,5723.0,5106.0,5043.0,5303.0,4795.0,4474.0,5084.0,5043.0,5068.0,4500.0,4365.0,4505.0,4230.0,3835.0,3288.0,2951.0,2580.0,2545.0,2576.0,2194.0
성남시 - 여자,Statistics,6795.0,6343.0,6232.0,6237.0,5513.0,5027.0,5304.0,5186.0,4805.0,4795.0,5102.0,4502.0,4354.0,4653.0,4589.0,4541.0,4347.0,4353.0,4359.0,4082.0,3533.0,3165.0,2857.0,2530.0,2479.0,2390.0,2178.0
성동구 - 계,Statistics,4865.0,4496.0,4511.0,4885.0,4306.0,3917.0,3864.0,3685.0,3368.0,3459.0,3762.0,3372.0,2823.0,2886.0,2776.0,2835.0,2838.0,2654.0,2753.0,2531.0,2462.0,2346.0,2191.0,1945.0,1833.0,1690.0,1483.0
성동구 - 남자,Statistics,2473.0,2355.0,2367.0,2492.0,2183.0,2021.0,1988.0,1945.0,1714.0,1812.0,1898.0,1758.0,1450.0,1508.0,1437.0,1463.0,1476.0,1341.0,1379.0,1287.0,1265.0,1234.0,1120.0,1009.0,919.0,912.0,749.0
성동구 - 여자,Statistics,2392.0,2141.0,2144.0,2393.0,2123.0,1896.0,1876.0,1740.0,1654.0,1647.0,1864.0,1614.0,1373.0,1378.0,1339.0,1372.0,1362.0,1313.0,1374.0,1244.0,1197.0,1112.0,1071.0,936.0,914.0,778.0,734.0
성북구 - 계,Statistics,6165.0,5886.0,5672.0,5489.0,4609.0,3841.0,4276.0,4377.0,4048.0,4397.0,4845.0,4415.0,4218.0,4409.0,4414.0,4217.0,3831.0,3537.0,3514.0,3060.0,2631.0,2264.0,2147.0,2041.0,1939.0,1896.0,1695.0
성북구 - 남자,Statistics,3245.0,3035.0,2969.0,2834.0,2417.0,1995.0,2220.0,2293.0,2127.0,2261.0,2472.0,2260.0,2230.0,2213.0,2315.0,2176.0,1915.0,1785.0,1805.0,1552.0,1344.0,1210.0,1098.0,1022.0,1028.0,978.0,865.0
성북구 - 여자,Statistics,2920.0,2851.0,2703.0,2655.0,2192.0,1846.0,2056.0,2084.0,1921.0,2136.0,2373.0,2155.0,1988.0,2196.0,2099.0,2041.0,1916.0,1752.0,1709.0,1508.0,1287.0,1054.0,1049.0,1019.0,911.0,918.0,830.0
성산구 - 계,Statistics,0.0,0.0,0.0,0.0,0.0,0.0,0.0,0.0,0.0,0.0,0.0,0.0,0.0,2768.0,2852.0,2884.0,2558.0,2356.0,2156.0,1902.0,1616.0,1624.0,1387.0,1136.0,1296.0,1248.0,1226.0
성산구 - 남자,Statistics,0.0,0.0,0.0,0.0,0.0,0.0,0.0,0.0,0.0,0.0,0.0,0.0,0.0,1470.0,1421.0,1479.0,1305.0,1237.0,1091.0,968.0,845.0,812.0,688.0,589.0,662.0,598.0,579.0
성산구 - 여자,Statistics,0.0,0.0,0.0,0.0,0.0,0.0,0.0,0.0,0.0,0.0,0.0,0.0,0.0,1298.0,1431.0,1405.0,1253.0,1119.0,1065.0,934.0,771.0,812.0,699.0,547.0,634.0,650.0,647.0
성주군 - 계,Statistics,578.0,510.0,499.0,478.0,402.0,327.0,315.0,293.0,265.0,284.0,280.0,276.0,270.0,258.0,300.0,323.0,283.0,284.0,319.0,303.0,273.0,252.0,211.0,188.0,184.0,156.0,0.0
성주군 - 남자,Statistics,318.0,292.0,278.0,240.0,221.0,170.0,171.0,177.0,160.0,139.0,133.0,147.0,140.0,139.0,141.0,156.0,144.0,140.0,165.0,159.0,135.0,120.0,108.0,103.0,90.0,81.0,0.0
성주군 - 여자,Statistics,260.0,218.0,221.0,238.0,181.0,157.0,144.0,116.0,105.0,145.0,147.0,129.0,130.0,119.0,159.0,167.0,139.0,144.0,154.0,144.0,138.0,132.0,103.0,85.0,94.0,75.0,0.0
세종시 - 계,Statistics,,,,,,,,,,,,,,,,1054.0,1111.0,1344.0,2708.0,3297.0,3504.0,3703.0,3819.0,3468.0,3570.0,3209.0,2761.0
세종시 - 남자,Statistics,,,,,,,,,,,,,,,,543.0,545.0,691.0,1418.0,1691.0,1744.0,1921.0,1924.0,1750.0,1790.0,1632.0,1387.0
세종시 - 여자,Statistics,,,,,,,,,,,,,,,,511.0,566.0,653.0,1290.0,1606.0,1760.0,1782.0,1895.0,1718.0,1780.0,1577.0,1374.0
세종특별자치시 - 계,Statistics,,,,,,,,,,,,,,,,1054.0,1111.0,1344.0,2708.0,3297.0,3504.0,3703.0,3819.0,3468.0,3570.0,3209.0,2761.0
세종특별자치시 - 남자,Statistics,,,,,,,,,,,,,,,,543.0,545.0,691.0,1418.0,1691.0,1744.0,1921.0,1924.0,1750.0,1790.0,1632.0,1387.0
세종특별자치시 - 여자,Statistics,,,,,,,,,,,,,,,,511.0,566.0,653.0,1290.0,1606.0,1760.0,1782.0,1895.0,1718.0,1780.0,1577.0,1374.0
소사구 - 계,Statistics,3566.0,3168.0,2722.0,2740.0,2360.0,2191.0,2149.0,2359.0,2193.0,2300.0,2610.0,2427.0,2293.0,2361.0,2303.0,2314.0,1970.0,1945.0,1764.0,0.0,0.0,0.0,0.0,0.0,0.0,0.0,0.0
소사구 - 남자,Statistics,1838.0,1711.0,1360.0,1465.0,1171.0,1143.0,1118.0,1237.0,1118.0,1197.0,1333.0,1199.0,1157.0,1188.0,1176.0,1209.0,1002.0,1015.0,880.0,0.0,0.0,0.0,0.0,0.0,0.0,0.0,0.0
소사구 - 여자,Statistics,1728.0,1457.0,1362.0,1275.0,1189.0,1048.0,1031.0,1122.0,1075.0,1103.0,1277.0,1228.0,1136.0,1173.0,1127.0,1105.0,968.0,930.0,884.0,0.0,0.0,0.0,0.0,0.0,0.0,0.0,0.0
속초시 - 계,Statistics,1264.0,1190.0,1146.0,1214.0,1028.0,958.0,861.0,783.0,681.0,635.0,702.0,621.0,611.0,700.0,667.0,645.0,596.0,609.0,645.0,517.0,383.0,416.0,414.0,415.0,380.0,369.0,308.0
속초시 - 남자,Statistics,661.0,631.0,601.0,633.0,522.0,486.0,442.0,403.0,329.0,321.0,381.0,315.0,322.0,347.0,345.0,323.0,302.0,304.0,310.0,263.0,210.0,206.0,221.0,214.0,201.0,184.0,156.0
속초시 - 여자,Statistics,603.0,559.0,545.0,581.0,506.0,472.0,419.0,380.0,352.0,314.0,321.0,306.0,289.0,353.0,322.0,322.0,294.0,305.0,335.0,254.0,173.0,210.0,193.0,201.0,179.0,185.0,152.0
송파구 - 계,Statistics,9386.0,8918.0,8539.0,8892.0,7415.0,6635.0,6367.0,5761.0,5277.0,5392.0,5955.0,5995.0,6363.0,6750.0,6574.0,6859.0,5963.0,6001.0,5899.0,5500.0,4976.0,4567.0,4424.0,3791.0,3469.0,3284.0,2968.0
송파구 - 남자,Statistics,4881.0,4633.0,4460.0,4570.0,3843.0,3454.0,3297.0,2978.0,2754.0,2833.0,3081.0,3107.0,3231.0,3473.0,3444.0,3532.0,3082.0,3030.0,3045.0,2915.0,2606.0,2422.0,2277.0,1906.0,1802.0,1682.0,1514.0
송파구 - 여자,Statistics,4505.0,4285.0,4079.0,4322.0,3572.0,3181.0,3070.0,2783.0,2523.0,2559.0,2874.0,2888.0,3132.0,3277.0,3130.0,3327.0,2881.0,2971.0,2854.0,2585.0,2370.0,2145.0,2147.0,1885.0,1667.0,1602.0,1454.0
수성구 - 계,Statistics,5802.0,5321.0,4882.0,4948.0,4380.0,3561.0,3457.0,3111.0,2877.0,2825.0,3239.0,3086.0,2852.0,2797.0,2877.0,2989.0,2634.0,2781.0,2603.0,2400.0,1977.0,1714.0,1568.0,1342.0,1390.0,1413.0,1166.0
수성구 - 남자,Statistics,3066.0,2856.0,2618.0,2599.0,2323.0,1896.0,1818.0,1655.0,1496.0,1484.0,1679.0,1573.0,1495.0,1466.0,1480.0,1505.0,1392.0,1450.0,1365.0,1246.0,1013.0,881.0,808.0,686.0,718.0,721.0,608.0
수성구 - 여자,Statistics,2736.0,2465.0,2264.0,2349.0,2057.0,1665.0,1639.0,1456.0,1381.0,1341.0,1560.0,1513.0,1357.0,1331.0,1397.0,1484.0,1242.0,1331.0,1238.0,1154.0,964.0,833.0,760.0,656.0,672.0,692.0,558.0
수영구 - 계,Statistics,2041.0,1989.0,1800.0,1749.0,1536.0,1284.0,1219.0,1269.0,1274.0,1258.0,1389.0,1290.0,1137.0,1264.0,1309.0,1327.0,1180.0,1201.0,1374.0,1263.0,1082.0,955.0,854.0,787.0,775.0,777.0,662.0
수영구 - 남자,Statistics,1099.0,1040.0,939.0,826.0,825.0,633.0,612.0,641.0,675.0,677.0,717.0,661.0,580.0,672.0,679.0,689.0,630.0,612.0,692.0,626.0,525.0,500.0,439.0,398.0,359.0,407.0,358.0
수영구 - 여자,Statistics,942.0,949.0,861.0,923.0,711.0,651.0,607.0,628.0,599.0,581.0,672.0,629.0,557.0,592.0,630.0,638.0,550.0,589.0,682.0,637.0,557.0,455.0,415.0,389.0,416.0,370.0,304.0
수원시 - 계,Statistics,14377.0,14543.0,14742.0,16111.0,14209.0,13111.0,13662.0,12753.0,11105.0,11573.0,12732.0,11763.0,10947.0,11254.0,10974.0,12098.0,11360.0,11628.0,12036.0,10940.0,9497.0,8832.0,7791.0,6814.0,6508.0,6558.0,5940.0
수원시 - 남자,Statistics,7504.0,7576.0,7717.0,8490.0,7529.0,6797.0,7145.0,6572.0,5664.0,5951.0,6548.0,6079.0,5678.0,5894.0,5674.0,6183.0,5839.0,5915.0,6157.0,5611.0,4927.0,4523.0,4042.0,3494.0,3394.0,3407.0,3047.0
수원시 - 여자,Statistics,6873.0,6967.0,7025.0,7621.0,6680.0,6314.0,6517.0,6181.0,5441.0,5622.0,6184.0,5684.0,5269.0,5360.0,5300.0,5915.0,5521.0,5713.0,5879.0,5329.0,4570.0,4309.0,3749.0,3320.0,3114.0,3151.0,2893.0
수정구 - 계,Statistics,4648.0,4160.0,4012.0,3888.0,3430.0,3097.0,3308.0,3273.0,2849.0,2852.0,3118.0,2702.0,2459.0,2473.0,2370.0,2321.0,1957.0,1936.0,1876.0,1885.0,1716.0,1579.0,1425.0,1294.0,1266.0,1276.0,1068.0
수정구 - 남자,Statistics,2380.0,2147.0,2064.0,2069.0,1770.0,1586.0,1688.0,1771.0,1458.0,1476.0,1561.0,1422.0,1271.0,1310.0,1209.0,1212.0,997.0,962.0,909.0,980.0,891.0,809.0,697.0,644.0,648.0,663.0,516.0
수정구 - 여자,Statistics,2268.0,2013.0,1948.0,1819.0,1660.0,1511.0,1620.0,1502.0,1391.0,1376.0,1557.0,1280.0,1188.0,1163.0,1161.0,1109.0,960.0,974.0,967.0,905.0,825.0,770.0,728.0,650.0,618.0,613.0,552.0
수지구 - 계,Statistics,0.0,0.0,0.0,0.0,0.0,0.0,0.0,0.0,3159.0,3415.0,3707.0,3391.0,3069.0,3087.0,3292.0,3490.0,3196.0,3221.0,3123.0,2785.0,2371.0,2194.0,2249.0,2256.0,2172.0,2094.0,1904.0
수지구 - 남자,Statistics,0.0,0.0,0.0,0.0,0.0,0.0,0.0,0.0,1631.0,1737.0,1918.0,1790.0,1548.0,1579.0,1643.0,1859.0,1658.0,1631.0,1640.0,1418.0,1212.0,1054.0,1136.0,1124.0,1091.0,1118.0,989.0
수지구 - 여자,Statistics,0.0,0.0,0.0,0.0,0.0,0.0,0.0,0.0,1528.0,1678.0,1789.0,1601.0,1521.0,1508.0,1649.0,1631.0,1538.0,1590.0,1483.0,1367.0,1159.0,1140.0,1113.0,1132.0,1081.0,976.0,915.0
순창군 - 계,Statistics,324.0,292.0,304.0,319.0,292.0,234.0,233.0,185.0,213.0,204.0,279.0,223.0,226.0,223.0,216.0,199.0,161.0,148.0,186.0,252.0,219.0,216.0,181.0,166.0,85.0,67.0,0.0
순창군 - 남자,Statistics,161.0,168.0,155.0,160.0,165.0,118.0,123.0,99.0,113.0,106.0,153.0,114.0,114.0,121.0,104.0,100.0,83.0,73.0,101.0,125.0,115.0,109.0,91.0,72.0,47.0,26.0,0.0
순창군 - 여자,Statistics,163.0,124.0,149.0,159.0,127.0,116.0,110.0,86.0,100.0,98.0,126.0,109.0,112.0,102.0,112.0,99.0,78.0,75.0,85.0,127.0,104.0,107.0,90.0,94.0,38.0,41.0,0.0
순천시 - 계,Statistics,4342.0,4060.0,3878.0,3758.0,3363.0,2951.0,2726.0,2664.0,2354.0,2363.0,2485.0,2297.0,2165.0,2136.0,2186.0,2224.0,2115.0,2035.0,2134.0,1961.0,1852.0,1722.0,1792.0,1608.0,1563.0,1506.0,1389.0
순천시 - 남자,Statistics,2251.0,2114.0,2005.0,2008.0,1785.0,1601.0,1444.0,1365.0,1238.0,1210.0,1289.0,1171.0,1103.0,1141.0,1137.0,1106.0,1072.0,1025.0,1135.0,972.0,976.0,909.0,911.0,800.0,802.0,753.0,709.0
순천시 - 여자,Statistics,2091.0,1946.0,1873.0,1750.0,1578.0,1350.0,1282.0,1299.0,1116.0,1153.0,1196.0,1126.0,1062.0,995.0,1049.0,1118.0,1043.0,1010.0,999.0,989.0,876.0,813.0,881.0,808.0,761.0,753.0,680.0
시흥시 - 계,Statistics,4007.0,4705.0,5182.0,6018.0,5455.0,5044.0,5102.0,4930.0,4560.0,4845.0,4949.0,4631.0,4432.0,4504.0,4304.0,4110.0,3533.0,3263.0,3346.0,3069.0,2812.0,3185.0,3309.0,3211.0,3341.0,3196.0,2863.0
시흥시 - 남자,Statistics,2026.0,2402.0,2726.0,3208.0,2855.0,2691.0,2644.0,2519.0,2334.0,2507.0,2450.0,2458.0,2232.0,2279.0,2231.0,2156.0,1839.0,1632.0,1745.0,1537.0,1427.0,1577.0,1669.0,1617.0,1686.0,1672.0,1472.0
시흥시 - 여자,Statistics,1981.0,2303.0,2456.0,2810.0,2600.0,2353.0,2458.0,2411.0,2226.0,2338.0,2499.0,2173.0,2200.0,2225.0,2073.0,1954.0,1694.0,1631.0,1601.0,1532.0,1385.0,1608.0,1640.0,1594.0,1655.0,1524.0,1391.0
신안군 - 계,Statistics,343.0,362.0,403.0,335.0,342.0,250.0,256.0,297.0,258.0,256.0,313.0,255.0,262.0,271.0,259.0,264.0,228.0,244.0,217.0,217.0,206.0,198.0,169.0,143.0,142.0,116.0,0.0
신안군 - 남자,Statistics,184.0,203.0,200.0,172.0,178.0,142.0,144.0,158.0,113.0,127.0,174.0,136.0,132.0,142.0,120.0,131.0,119.0,130.0,123.0,109.0,108.0,109.0,81.0,74.0,81.0,62.0,0.0
신안군 - 여자,Statistics,159.0,159.0,203.0,163.0,164.0,108.0,112.0,139.0,145.0,129.0,139.0,119.0,130.0,129.0,139.0,133.0,109.0,114.0,94.0,108.0,98.0,89.0,88.0,69.0,61.0,54.0,0.0
아산시 - 계,Statistics,2728.0,2910.0,2801.0,2886.0,2565.0,2338.0,2386.0,2353.0,2201.0,2397.0,2923.0,3218.0,3501.0,3830.0,3905.0,4007.0,3665.0,3621.0,3760.0,3441.0,3031.0,2693.0,2362.0,1969.0,1810.0,1851.0,1930.0
아산시 - 남자,Statistics,1420.0,1508.0,1475.0,1535.0,1308.0,1168.0,1239.0,1193.0,1133.0,1234.0,1518.0,1635.0,1778.0,2007.0,2008.0,2043.0,1867.0,1884.0,1964.0,1738.0,1566.0,1355.0,1236.0,1012.0,942.0,943.0,991.0
아산시 - 여자,Statistics,1308.0,1402.0,1326.0,1351.0,1257.0,1170.0,1147.0,1160.0,1068.0,1163.0,1405.0,1583.0,1723.0,1823.0,1897.0,1964.0,1798.0,1737.0,1796.0,1703.0,1465.0,1338.0,1126.0,957.0,868.0,908.0,939.0
안동시 - 계,Statistics,2048.0,1863.0,1921.0,1891.0,1726.0,1542.0,1444.0,1371.0,1273.0,1261.0,1511.0,1432.0,1478.0,1586.0,1613.0,1640.0,1497.0,1327.0,1475.0,1330.0,1185.0,947.0,868.0,726.0,737.0,661.0,600.0
안동시 - 남자,Statistics,1110.0,1024.0,1026.0,986.0,889.0,825.0,734.0,700.0,685.0,643.0,775.0,752.0,759.0,809.0,832.0,836.0,789.0,681.0,762.0,705.0,620.0,493.0,443.0,370.0,374.0,320.0,326.0
안동시 - 여자,Statistics,938.0,839.0,895.0,905.0,837.0,717.0,710.0,671.0,588.0,618.0,736.0,680.0,719.0,777.0,781.0,804.0,708.0,646.0,713.0,625.0,565.0,454.0,425.0,356.0,363.0,341.0,274.0
안산시 - 계,Statistics,12310.0,10937.0,10021.0,10168.0,8894.0,8298.0,8513.0,8325.0,7429.0,7475.0,8255.0,7455.0,6690.0,6916.0,6852.0,6797.0,6122.0,5953.0,5880.0,5131.0,4381.0,3747.0,3621.0,3539.0,3398.0,3255.0,2986.0
안산시 - 남자,Statistics,6440.0,5705.0,5258.0,5266.0,4633.0,4250.0,4381.0,4306.0,3854.0,3838.0,4234.0,3855.0,3494.0,3548.0,3455.0,3414.0,3086.0,3025.0,2964.0,2658.0,2270.0,1901.0,1851.0,1806.0,1776.0,1685.0,1537.0
안산시 - 여자,Statistics,5870.0,5232.0,4763.0,4902.0,4261.0,4048.0,4132.0,4019.0,3575.0,3637.0,4021.0,3600.0,3196.0,3368.0,3397.0,3383.0,3036.0,2928.0,2916.0,2473.0,2111.0,1846.0,1770.0,1733.0,1622.0,1570.0,1449.0
안성군 - 계,Statistics,1653.0,,,,,,,,,,,,,,,,,,,,0.0,0.0,0.0,0.0,0.0,0.0,0.0
안성군 - 남자,Statistics,847.0,,,,,,,,,,,,,,,,,,,,0.0,0.0,0.0,0.0,0.0,0.0,0.0
안성군 - 여자,Statistics,806.0,,,,,,,,,,,,,,,,,,,,0.0,0.0,0.0,0.0,0.0,0.0,0.0
안성시 - 계,Statistics,0.0,1727.0,1646.0,1881.0,1817.0,1828.0,1853.0,1842.0,1683.0,1794.0,1900.0,1960.0,1867.0,1844.0,1973.0,1973.0,1733.0,1612.0,1509.0,1400.0,1236.0,1043.0,1001.0,831.0,847.0,843.0,727.0
안성시 - 남자,Statistics,0.0,933.0,845.0,1006.0,969.0,956.0,979.0,954.0,851.0,946.0,974.0,1021.0,928.0,953.0,1021.0,980.0,911.0,817.0,765.0,713.0,625.0,530.0,533.0,437.0,454.0,449.0,362.0
안성시 - 여자,Statistics,0.0,794.0,801.0,875.0,848.0,872.0,874.0,888.0,832.0,848.0,926.0,939.0,939.0,891.0,952.0,993.0,822.0,795.0,744.0,687.0,611.0,513.0,468.0,394.0,393.0,394.0,365.0
안양시 - 계,Statistics,9291.0,8252.0,8079.0,8163.0,6985.0,6424.0,6586.0,6669.0,6215.0,6216.0,6435.0,6044.0,5473.0,5863.0,5781.0,5639.0,5182.0,5183.0,5160.0,4776.0,4125.0,4066.0,3830.0,3276.0,3277.0,3389.0,3093.0
안양시 - 남자,Statistics,4788.0,4298.0,4273.0,4236.0,3679.0,3285.0,3381.0,3462.0,3255.0,3187.0,3310.0,3107.0,2830.0,3029.0,2940.0,2923.0,2610.0,2671.0,2594.0,2394.0,2096.0,2074.0,1913.0,1688.0,1631.0,1778.0,1601.0
안양시 - 여자,Statistics,4503.0,3954.0,3806.0,3927.0,3306.0,3139.0,3205.0,3207.0,2960.0,3029.0,3125.0,2937.0,2643.0,2834.0,2841.0,2716.0,2572.0,2512.0,2566.0,2382.0,2029.0,1992.0,1917.0,1588.0,1646.0,1611.0,1492.0
양구군 - 계,Statistics,346.0,341.0,309.0,357.0,270.0,267.0,259.0,262.0,219.0,216.0,221.0,197.0,184.0,205.0,224.0,227.0,194.0,208.0,228.0,208.0,201.0,164.0,171.0,159.0,161.0,148.0,0.0
양구군 - 남자,Statistics,197.0,183.0,157.0,191.0,148.0,153.0,139.0,131.0,118.0,107.0,115.0,101.0,97.0,105.0,119.0,108.0,92.0,101.0,114.0,99.0,92.0,80.0,81.0,84.0,80.0,77.0,0.0
양구군 - 여자,Statistics,149.0,158.0,152.0,166.0,122.0,114.0,120.0,131.0,101.0,109.0,106.0,96.0,87.0,100.0,105.0,119.0,102.0,107.0,114.0,109.0,109.0,84.0,90.0,75.0,81.0,71.0,0.0
양산시 - 계,Statistics,3186.0,3084.0,3027.0,3108.0,2857.0,2534.0,2534.0,2423.0,2237.0,2445.0,2670.0,2618.0,2439.0,2706.0,2960.0,2935.0,2671.0,2961.0,3079.0,2901.0,3005.0,3033.0,2678.0,2370.0,2096.0,1742.0,1682.0
양산시 - 남자,Statistics,1674.0,1729.0,1618.0,1643.0,1444.0,1339.0,1353.0,1255.0,1203.0,1258.0,1382.0,1366.0,1245.0,1378.0,1542.0,1531.0,1372.0,1569.0,1559.0,1487.0,1538.0,1552.0,1345.0,1233.0,1081.0,882.0,877.0
양산시 - 여자,Statistics,1512.0,1355.0,1409.0,1465.0,1413.0,1195.0,1181.0,1168.0,1034.0,1187.0,1288.0,1252.0,1194.0,1328.0,1418.0,1404.0,1299.0,1392.0,1520.0,1414.0,1467.0,1481.0,1333.0,1137.0,1015.0,860.0,805.0
양양군 - 계,Statistics,317.0,323.0,337.0,336.0,262.0,236.0,222.0,231.0,205.0,177.0,210.0,168.0,179.0,182.0,186.0,172.0,146.0,128.0,134.0,133.0,95.0,134.0,117.0,89.0,84.0,84.0,0.0
양양군 - 남자,Statistics,154.0,165.0,184.0,165.0,136.0,125.0,116.0,129.0,105.0,84.0,111.0,92.0,84.0,93.0,103.0,91.0,86.0,67.0,64.0,67.0,45.0,69.0,66.0,46.0,51.0,35.0,0.0
양양군 - 여자,Statistics,163.0,158.0,153.0,171.0,126.0,111.0,106.0,102.0,100.0,93.0,99.0,76.0,95.0,89.0,83.0,81.0,60.0,61.0,70.0,66.0,50.0,65.0,51.0,43.0,33.0,49.0,0.0
양주군 - 계,Statistics,1643.0,1506.0,1515.0,1696.0,1679.0,1841.0,0.0,0.0,0.0,0.0,0.0,0.0,0.0,0.0,0.0,0.0,0.0,0.0,0.0,0.0,0.0,0.0,0.0,0.0,0.0,0.0,0.0
양주군 - 남자,Statistics,851.0,796.0,792.0,924.0,877.0,962.0,0.0,0.0,0.0,0.0,0.0,0.0,0.0,0.0,0.0,0.0,0.0,0.0,0.0,0.0,0.0,0.0,0.0,0.0,0.0,0.0,0.0
양주군 - 여자,Statistics,792.0,710.0,723.0,772.0,802.0,879.0,0.0,0.0,0.0,0.0,0.0,0.0,0.0,0.0,0.0,0.0,0.0,0.0,0.0,0.0,0.0,0.0,0.0,0.0,0.0,0.0,0.0
양주시 - 계,Statistics,0.0,0.0,0.0,0.0,0.0,0.0,1731.0,1692.0,1618.0,1709.0,2053.0,1880.0,1797.0,1986.0,2086.0,2011.0,1692.0,1689.0,1624.0,1525.0,1402.0,1304.0,1256.0,1243.0,1218.0,1203.0,1389.0
양주시 - 남자,Statistics,0.0,0.0,0.0,0.0,0.0,0.0,869.0,900.0,879.0,904.0,1034.0,930.0,914.0,977.0,1042.0,1017.0,866.0,860.0,836.0,787.0,733.0,666.0,646.0,619.0,637.0,611.0,738.0
양주시 - 여자,Statistics,0.0,0.0,0.0,0.0,0.0,0.0,862.0,792.0,739.0,805.0,1019.0,950.0,883.0,1009.0,1044.0,994.0,826.0,829.0,788.0,738.0,669.0,638.0,610.0,624.0,581.0,592.0,651.0
양천구 - 계,Statistics,6035.0,5670.0,5502.0,5356.0,4852.0,4387.0,4269.0,4156.0,3924.0,4120.0,4486.0,4110.0,3673.0,3678.0,3727.0,3869.0,3547.0,3527.0,3526.0,3334.0,2876.0,2387.0,2222.0,1875.0,1827.0,1682.0,1449.0
양천구 - 남자,Statistics,3136.0,2925.0,2868.0,2801.0,2524.0,2294.0,2232.0,2206.0,1991.0,2135.0,2338.0,2127.0,1884.0,1929.0,1997.0,1976.0,1866.0,1825.0,1803.0,1679.0,1474.0,1185.0,1203.0,977.0,937.0,860.0,739.0
양천구 - 여자,Statistics,2899.0,2745.0,2634.0,2555.0,2328.0,2093.0,2037.0,1950.0,1933.0,1985.0,2148.0,1983.0,1789.0,1749.0,1730.0,1893.0,1681.0,1702.0,1723.0,1655.0,1402.0,1202.0,1019.0,898.0,890.0,822.0,710.0
양평군 - 계,Statistics,905.0,922.0,863.0,689.0,670.0,530.0,508.0,636.0,568.0,623.0,655.0,614.0,633.0,611.0,689.0,679.0,630.0,666.0,602.0,629.0,618.0,520.0,530.0,493.0,474.0,459.0,0.0
양평군 - 남자,Statistics,501.0,479.0,463.0,368.0,368.0,277.0,261.0,340.0,297.0,309.0,335.0,296.0,326.0,302.0,360.0,348.0,319.0,354.0,317.0,313.0,321.0,252.0,271.0,260.0,220.0,236.0,0.0
양평군 - 여자,Statistics,404.0,443.0,400.0,321.0,302.0,253.0,247.0,296.0,271.0,314.0,320.0,318.0,307.0,309.0,329.0,331.0,311.0,312.0,285.0,316.0,297.0,268.0,259.0,233.0,254.0,223.0,0.0
여수시 - 계,Statistics,2617.0,4568.0,4311.0,4309.0,3771.0,3147.0,3106.0,2902.0,2534.0,2518.0,2743.0,2532.0,2437.0,2554.0,2658.0,2572.0,2424.0,2300.0,2503.0,2286.0,2023.0,1744.0,1572.0,1471.0,1356.0,1267.0,1121.0
여수시 - 남자,Statistics,1354.0,2400.0,2231.0,2236.0,1995.0,1618.0,1623.0,1541.0,1322.0,1273.0,1387.0,1275.0,1231.0,1345.0,1310.0,1264.0,1264.0,1195.0,1254.0,1176.0,1063.0,869.0,838.0,764.0,649.0,620.0,572.0
여수시 - 여자,Statistics,1263.0,2168.0,2080.0,2073.0,1776.0,1529.0,1483.0,1361.0,1212.0,1245.0,1356.0,1257.0,1206.0,1209.0,1348.0,1308.0,1160.0,1105.0,1249.0,1110.0,960.0,875.0,734.0,707.0,707.0,647.0,549.0
여주군 - 계,Statistics,1360.0,1348.0,1324.0,1329.0,1284.0,1109.0,1087.0,1061.0,1014.0,905.0,1050.0,909.0,958.0,915.0,902.0,891.0,0.0,0.0,0.0,0.0,0.0,0.0,0.0,0.0,0.0,0.0,0.0
여주군 - 남자,Statistics,729.0,683.0,658.0,693.0,656.0,538.0,557.0,574.0,535.0,470.0,517.0,475.0,505.0,464.0,480.0,467.0,0.0,0.0,0.0,0.0,0.0,0.0,0.0,0.0,0.0,0.0,0.0
여주군 - 여자,Statistics,631.0,665.0,666.0,636.0,628.0,571.0,530.0,487.0,479.0,435.0,533.0,434.0,453.0,451.0,422.0,424.0,0.0,0.0,0.0,0.0,0.0,0.0,0.0,0.0,0.0,0.0,0.0
여주시 - 계,Statistics,0.0,0.0,0.0,0.0,0.0,0.0,0.0,0.0,0.0,0.0,0.0,0.0,0.0,0.0,0.0,0.0,839.0,847.0,822.0,781.0,628.0,627.0,591.0,554.0,457.0,468.0,417.0
여주시 - 남자,Statistics,0.0,0.0,0.0,0.0,0.0,0.0,0.0,0.0,0.0,0.0,0.0,0.0,0.0,0.0,0.0,0.0,467.0,440.0,417.0,399.0,333.0,328.0,294.0,265.0,224.0,250.0,191.0
여주시 - 여자,Statistics,0.0,0.0,0.0,0.0,0.0,0.0,0.0,0.0,0.0,0.0,0.0,0.0,0.0,0.0,0.0,0.0,372.0,407.0,405.0,382.0,295.0,299.0,297.0,289.0,233.0,218.0,226.0
여천군 - 계,Statistics,587.0,,,,,,,,,,,,,,,,,,,,0.0,0.0,0.0,0.0,0.0,0.0,0.0
여천군 - 남자,Statistics,321.0,,,,,,,,,,,,,,,,,,,,0.0,0.0,0.0,0.0,0.0,0.0,0.0
여천군 - 여자,Statistics,266.0,,,,,,,,,,,,,,,,,,,,0.0,0.0,0.0,0.0,0.0,0.0,0.0
여천시 - 계,Statistics,1604.0,,,,,,,,,,,,,,,,,,,,0.0,0.0,0.0,0.0,0.0,0.0,0.0
여천시 - 남자,Statistics,818.0,,,,,,,,,,,,,,,,,,,,0.0,0.0,0.0,0.0,0.0,0.0,0.0
여천시 - 여자,Statistics,786.0,,,,,,,,,,,,,,,,,,,,0.0,0.0,0.0,0.0,0.0,0.0,0.0
연기군 - 계,Statistics,1016.0,1008.0,978.0,978.0,857.0,852.0,812.0,933.0,826.0,755.0,836.0,812.0,713.0,888.0,761.0,0.0,0.0,0.0,0.0,0.0,0.0,0.0,0.0,0.0,0.0,0.0,0.0
연기군 - 남자,Statistics,544.0,492.0,502.0,538.0,421.0,450.0,420.0,498.0,420.0,382.0,425.0,412.0,346.0,423.0,384.0,0.0,0.0,0.0,0.0,0.0,0.0,0.0,0.0,0.0,0.0,0.0,0.0
연기군 - 여자,Statistics,472.0,516.0,476.0,440.0,436.0,402.0,392.0,435.0,406.0,373.0,411.0,400.0,367.0,465.0,377.0,0.0,0.0,0.0,0.0,0.0,0.0,0.0,0.0,0.0,0.0,0.0,0.0
연수구 - 계,Statistics,4053.0,3738.0,3589.0,3314.0,2936.0,2511.0,2506.0,2201.0,2073.0,2143.0,2381.0,2189.0,2086.0,2310.0,2324.0,2585.0,2496.0,2629.0,2646.0,2542.0,2440.0,2480.0,2517.0,2525.0,2478.0,2294.0,1962.0
연수구 - 남자,Statistics,2111.0,1978.0,1861.0,1731.0,1548.0,1282.0,1273.0,1149.0,1050.0,1088.0,1238.0,1138.0,1051.0,1241.0,1215.0,1334.0,1262.0,1347.0,1347.0,1254.0,1237.0,1274.0,1334.0,1275.0,1281.0,1160.0,1004.0
연수구 - 여자,Statistics,1942.0,1760.0,1728.0,1583.0,1388.0,1229.0,1233.0,1052.0,1023.0,1055.0,1143.0,1051.0,1035.0,1069.0,1109.0,1251.0,1234.0,1282.0,1299.0,1288.0,1203.0,1206.0,1183.0,1250.0,1197.0,1134.0,958.0
연제구 - 계,Statistics,2591.0,2343.0,2215.0,2246.0,1872.0,1770.0,1841.0,1596.0,1491.0,1558.0,1679.0,1596.0,1503.0,1635.0,1669.0,1710.0,1494.0,1563.0,1513.0,1478.0,1278.0,1264.0,1214.0,1058.0,1005.0,945.0,836.0
연제구 - 남자,Statistics,1393.0,1265.0,1193.0,1183.0,990.0,946.0,927.0,799.0,796.0,815.0,842.0,817.0,774.0,849.0,861.0,847.0,727.0,781.0,774.0,758.0,690.0,667.0,591.0,555.0,492.0,488.0,419.0
연제구 - 여자,Statistics,1198.0,1078.0,1022.0,1063.0,882.0,824.0,914.0,797.0,695.0,743.0,837.0,779.0,729.0,786.0,808.0,863.0,767.0,782.0,739.0,720.0,588.0,597.0,623.0,503.0,513.0,457.0,417.0
연천군 - 계,Statistics,662.0,627.0,631.0,684.0,534.0,500.0,456.0,454.0,406.0,381.0,375.0,349.0,333.0,367.0,335.0,413.0,437.0,413.0,376.0,403.0,338.0,329.0,275.0,243.0,217.0,182.0,0.0
연천군 - 남자,Statistics,348.0,337.0,340.0,336.0,296.0,261.0,253.0,228.0,215.0,201.0,194.0,194.0,170.0,183.0,169.0,206.0,247.0,208.0,188.0,204.0,185.0,187.0,130.0,105.0,108.0,95.0,0.0
연천군 - 여자,Statistics,314.0,290.0,291.0,348.0,238.0,239.0,203.0,226.0,191.0,180.0,181.0,155.0,163.0,184.0,166.0,207.0,190.0,205.0,188.0,199.0,153.0,142.0,145.0,138.0,109.0,87.0,0.0
영광군 - 계,Statistics,773.0,831.0,905.0,856.0,740.0,604.0,542.0,507.0,457.0,442.0,535.0,452.0,463.0,472.0,470.0,487.0,417.0,432.0,415.0,403.0,360.0,411.0,570.0,558.0,413.0,393.0,0.0
영광군 - 남자,Statistics,408.0,433.0,494.0,432.0,350.0,324.0,284.0,266.0,246.0,214.0,271.0,241.0,228.0,230.0,230.0,240.0,193.0,236.0,204.0,214.0,174.0,199.0,305.0,304.0,200.0,205.0,0.0
영광군 - 여자,Statistics,365.0,398.0,411.0,424.0,390.0,280.0,258.0,241.0,211.0,228.0,264.0,211.0,235.0,242.0,240.0,247.0,224.0,196.0,211.0,189.0,186.0,212.0,265.0,254.0,213.0,188.0,0.0
영덕군 - 계,Statistics,459.0,426.0,416.0,428.0,314.0,293.0,293.0,233.0,253.0,271.0,290.0,224.0,231.0,251.0,212.0,218.0,204.0,211.0,215.0,163.0,208.0,152.0,180.0,151.0,105.0,108.0,0.0
영덕군 - 남자,Statistics,235.0,223.0,196.0,222.0,161.0,175.0,144.0,127.0,130.0,142.0,153.0,117.0,124.0,130.0,102.0,114.0,106.0,104.0,114.0,83.0,95.0,76.0,97.0,64.0,54.0,57.0,0.0
영덕군 - 여자,Statistics,224.0,203.0,220.0,206.0,153.0,118.0,149.0,106.0,123.0,129.0,137.0,107.0,107.0,121.0,110.0,104.0,98.0,107.0,101.0,80.0,113.0,76.0,83.0,87.0,51.0,51.0,0.0
영도구 - 계,Statistics,2174.0,1962.0,1803.0,1660.0,1504.0,1251.0,1208.0,1049.0,901.0,955.0,995.0,906.0,767.0,894.0,851.0,793.0,684.0,653.0,634.0,619.0,469.0,404.0,346.0,289.0,266.0,321.0,317.0
영도구 - 남자,Statistics,1144.0,1053.0,964.0,865.0,790.0,656.0,632.0,532.0,463.0,481.0,527.0,475.0,370.0,455.0,427.0,405.0,350.0,328.0,332.0,316.0,220.0,202.0,160.0,150.0,132.0,166.0,154.0
영도구 - 여자,Statistics,1030.0,909.0,839.0,795.0,714.0,595.0,576.0,517.0,438.0,474.0,468.0,431.0,397.0,439.0,424.0,388.0,334.0,325.0,302.0,303.0,249.0,202.0,186.0,139.0,134.0,155.0,163.0
영동군 - 계,Statistics,635.0,569.0,587.0,586.0,522.0,441.0,364.0,373.0,350.0,335.0,353.0,307.0,303.0,342.0,296.0,330.0,278.0,255.0,245.0,228.0,299.0,285.0,221.0,216.0,159.0,130.0,0.0
영동군 - 남자,Statistics,331.0,301.0,302.0,319.0,275.0,231.0,191.0,199.0,185.0,173.0,166.0,156.0,155.0,190.0,139.0,153.0,146.0,126.0,128.0,127.0,141.0,164.0,109.0,122.0,90.0,71.0,0.0
영동군 - 여자,Statistics,304.0,268.0,285.0,267.0,247.0,210.0,173.0,174.0,165.0,162.0,187.0,151.0,148.0,152.0,157.0,177.0,132.0,129.0,117.0,101.0,158.0,121.0,112.0,94.0,69.0,59.0,0.0
영등포구 - 계,Statistics,6196.0,5977.0,5697.0,6004.0,5128.0,4592.0,4597.0,4541.0,4331.0,4526.0,4896.0,4453.0,4119.0,4288.0,4050.0,4050.0,3448.0,3480.0,3611.0,3282.0,2805.0,2698.0,2633.0,2296.0,2402.0,2262.0,2163.0
영등포구 - 남자,Statistics,3267.0,3114.0,2966.0,3154.0,2650.0,2397.0,2363.0,2362.0,2248.0,2424.0,2522.0,2266.0,2108.0,2206.0,2000.0,2095.0,1777.0,1809.0,1865.0,1690.0,1465.0,1352.0,1338.0,1200.0,1231.0,1173.0,1117.0
영등포구 - 여자,Statistics,2929.0,2863.0,2731.0,2850.0,2478.0,2195.0,2234.0,2179.0,2083.0,2102.0,2374.0,2187.0,2011.0,2082.0,2050.0,1955.0,1671.0,1671.0,1746.0,1592.0,1340.0,1346.0,1295.0,1096.0,1171.0,1089.0,1046.0
영암군 - 계,Statistics,800.0,780.0,915.0,961.0,776.0,679.0,780.0,679.0,606.0,603.0,757.0,660.0,666.0,723.0,722.0,701.0,665.0,601.0,602.0,504.0,436.0,368.0,342.0,285.0,228.0,176.0,0.0
영암군 - 남자,Statistics,403.0,394.0,484.0,516.0,404.0,356.0,398.0,349.0,319.0,315.0,395.0,333.0,340.0,383.0,366.0,360.0,346.0,306.0,304.0,261.0,213.0,199.0,167.0,143.0,125.0,93.0,0.0
영암군 - 여자,Statistics,397.0,386.0,431.0,445.0,372.0,323.0,382.0,330.0,287.0,288.0,362.0,327.0,326.0,340.0,356.0,341.0,319.0,295.0,298.0,243.0,223.0,169.0,175.0,142.0,103.0,83.0,0.0
영양군 - 계,Statistics,186.0,172.0,166.0,183.0,158.0,120.0,125.0,99.0,124.0,105.0,119.0,110.0,83.0,84.0,81.0,96.0,109.0,105.0,90.0,74.0,80.0,63.0,74.0,52.0,40.0,31.0,0.0
영양군 - 남자,Statistics,103.0,102.0,81.0,101.0,79.0,58.0,66.0,42.0,62.0,60.0,62.0,61.0,47.0,44.0,46.0,50.0,64.0,48.0,49.0,46.0,39.0,37.0,35.0,27.0,19.0,15.0,0.0
영양군 - 여자,Statistics,83.0,70.0,85.0,82.0,79.0,62.0,59.0,57.0,62.0,45.0,57.0,49.0,36.0,40.0,35.0,46.0,45.0,57.0,41.0,28.0,41.0,26.0,39.0,25.0,21.0,16.0,0.0
영월군 - 계,Statistics,570.0,498.0,519.0,452.0,401.0,349.0,300.0,341.0,281.0,250.0,281.0,246.0,228.0,233.0,234.0,197.0,182.0,172.0,166.0,163.0,142.0,122.0,121.0,123.0,91.0,95.0,0.0
영월군 - 남자,Statistics,287.0,263.0,278.0,234.0,213.0,180.0,149.0,182.0,151.0,135.0,145.0,129.0,115.0,125.0,130.0,104.0,95.0,100.0,87.0,79.0,80.0,70.0,61.0,60.0,44.0,55.0,0.0
영월군 - 여자,Statistics,283.0,235.0,241.0,218.0,188.0,169.0,151.0,159.0,130.0,115.0,136.0,117.0,113.0,108.0,104.0,93.0,87.0,72.0,79.0,84.0,62.0,52.0,60.0,63.0,47.0,40.0,0.0
영주시 - 계,Statistics,1435.0,1391.0,1326.0,1352.0,1192.0,1017.0,998.0,857.0,814.0,841.0,832.0,798.0,762.0,791.0,799.0,850.0,703.0,668.0,654.0,611.0,535.0,506.0,395.0,362.0,375.0,337.0,302.0
영주시 - 남자,Statistics,749.0,747.0,729.0,726.0,610.0,562.0,520.0,453.0,447.0,432.0,412.0,402.0,384.0,411.0,398.0,427.0,359.0,371.0,342.0,298.0,265.0,262.0,210.0,175.0,202.0,172.0,153.0
영주시 - 여자,Statistics,686.0,644.0,597.0,626.0,582.0,455.0,478.0,404.0,367.0,409.0,420.0,396.0,378.0,380.0,401.0,423.0,344.0,297.0,312.0,313.0,270.0,244.0,185.0,187.0,173.0,165.0,149.0
영천시 - 계,Statistics,1369.0,1418.0,1350.0,1314.0,1150.0,888.0,938.0,804.0,711.0,731.0,776.0,784.0,735.0,827.0,802.0,802.0,711.0,719.0,723.0,631.0,584.0,499.0,654.0,570.0,539.0,532.0,465.0
영천시 - 남자,Statistics,714.0,743.0,714.0,721.0,633.0,478.0,518.0,425.0,350.0,387.0,408.0,416.0,401.0,419.0,408.0,401.0,367.0,383.0,392.0,321.0,289.0,260.0,328.0,287.0,268.0,280.0,225.0
영천시 - 여자,Statistics,655.0,675.0,636.0,593.0,517.0,410.0,420.0,379.0,361.0,344.0,368.0,368.0,334.0,408.0,394.0,401.0,344.0,336.0,331.0,310.0,295.0,239.0,326.0,283.0,271.0,252.0,240.0
영통구 - 계,Statistics,0.0,0.0,0.0,0.0,0.0,0.0,3889.0,3566.0,3122.0,3308.0,3596.0,3403.0,3385.0,3354.0,3263.0,3731.0,3690.0,3973.0,4215.0,3814.0,3329.0,3184.0,2993.0,2647.0,2586.0,2451.0,2121.0
영통구 - 남자,Statistics,0.0,0.0,0.0,0.0,0.0,0.0,2010.0,1800.0,1618.0,1706.0,1849.0,1774.0,1768.0,1727.0,1688.0,1926.0,1890.0,2023.0,2123.0,1966.0,1754.0,1595.0,1598.0,1352.0,1342.0,1270.0,1059.0
영통구 - 여자,Statistics,0.0,0.0,0.0,0.0,0.0,0.0,1879.0,1766.0,1504.0,1602.0,1747.0,1629.0,1617.0,1627.0,1575.0,1805.0,1800.0,1950.0,2092.0,1848.0,1575.0,1589.0,1395.0,1295.0,1244.0,1181.0,1062.0
예산군 - 계,Statistics,1096.0,1019.0,1004.0,920.0,774.0,697.0,646.0,585.0,570.0,600.0,659.0,555.0,575.0,546.0,570.0,549.0,465.0,440.0,410.0,316.0,318.0,256.0,296.0,247.0,206.0,212.0,0.0
예산군 - 남자,Statistics,552.0,557.0,538.0,483.0,417.0,371.0,332.0,317.0,287.0,299.0,373.0,280.0,314.0,286.0,297.0,291.0,236.0,227.0,225.0,161.0,147.0,121.0,148.0,138.0,102.0,108.0,0.0
예산군 - 여자,Statistics,544.0,462.0,466.0,437.0,357.0,326.0,314.0,268.0,283.0,301.0,286.0,275.0,261.0,260.0,273.0,258.0,229.0,213.0,185.0,155.0,171.0,135.0,148.0,109.0,104.0,104.0,0.0
예천군 - 계,Statistics,453.0,395.0,484.0,475.0,394.0,320.0,313.0,285.0,263.0,273.0,286.0,243.0,231.0,257.0,285.0,255.0,238.0,220.0,252.0,238.0,231.0,310.0,337.0,314.0,293.0,262.0,0.0
예천군 - 남자,Statistics,232.0,204.0,241.0,267.0,220.0,178.0,175.0,149.0,134.0,164.0,160.0,136.0,123.0,135.0,143.0,147.0,125.0,110.0,124.0,131.0,121.0,152.0,168.0,166.0,138.0,124.0,0.0
예천군 - 여자,Statistics,221.0,191.0,243.0,208.0,174.0,142.0,138.0,136.0,129.0,109.0,126.0,107.0,108.0,122.0,142.0,108.0,113.0,110.0,128.0,107.0,110.0,158.0,169.0,148.0,155.0,138.0,0.0
오산시 - 계,Statistics,1428.0,1241.0,1404.0,1959.0,2297.0,1954.0,1962.0,1864.0,1852.0,2017.0,2337.0,2289.0,2247.0,2624.0,2969.0,3080.0,2683.0,2700.0,2537.0,2261.0,1959.0,1847.0,1709.0,1506.0,1403.0,1304.0,1056.0
오산시 - 남자,Statistics,709.0,641.0,721.0,1025.0,1153.0,1002.0,1010.0,945.0,975.0,979.0,1230.0,1214.0,1108.0,1350.0,1515.0,1554.0,1381.0,1392.0,1300.0,1162.0,1014.0,984.0,888.0,743.0,726.0,665.0,562.0
오산시 - 여자,Statistics,719.0,600.0,683.0,934.0,1144.0,952.0,952.0,919.0,877.0,1038.0,1107.0,1075.0,1139.0,1274.0,1454.0,1526.0,1302.0,1308.0,1237.0,1099.0,945.0,863.0,821.0,763.0,677.0,639.0,494.0
오정구 - 계,Statistics,3684.0,3357.0,2922.0,2943.0,2626.0,2260.0,2273.0,2026.0,1796.0,1826.0,1963.0,1845.0,1745.0,1730.0,1703.0,1717.0,1361.0,1350.0,1218.0,0.0,0.0,0.0,0.0,0.0,0.0,0.0,0.0
오정구 - 남자,Statistics,1883.0,1761.0,1520.0,1541.0,1310.0,1182.0,1193.0,998.0,941.0,935.0,1043.0,961.0,905.0,886.0,880.0,904.0,711.0,687.0,646.0,0.0,0.0,0.0,0.0,0.0,0.0,0.0,0.0
오정구 - 여자,Statistics,1801.0,1596.0,1402.0,1402.0,1316.0,1078.0,1080.0,1028.0,855.0,891.0,920.0,884.0,840.0,844.0,823.0,813.0,650.0,663.0,572.0,0.0,0.0,0.0,0.0,0.0,0.0,0.0,0.0
옥천군 - 계,Statistics,687.0,669.0,647.0,629.0,524.0,456.0,446.0,397.0,356.0,404.0,430.0,383.0,410.0,354.0,395.0,329.0,272.0,307.0,279.0,274.0,209.0,172.0,178.0,177.0,153.0,116.0,0.0
옥천군 - 남자,Statistics,356.0,344.0,338.0,332.0,281.0,247.0,239.0,198.0,175.0,199.0,220.0,198.0,206.0,193.0,216.0,162.0,138.0,161.0,149.0,142.0,102.0,92.0,101.0,98.0,82.0,56.0,0.0
옥천군 - 여자,Statistics,331.0,325.0,309.0,297.0,243.0,209.0,207.0,199.0,181.0,205.0,210.0,185.0,204.0,161.0,179.0,167.0,134.0,146.0,130.0,132.0,107.0,80.0,77.0,79.0,71.0,60.0,0.0
옹진군 - 계,Statistics,134.0,163.0,172.0,163.0,164.0,129.0,139.0,127.0,103.0,137.0,149.0,126.0,154.0,152.0,156.0,163.0,122.0,128.0,121.0,121.0,104.0,109.0,99.0,80.0,74.0,68.0,0.0
옹진군 - 남자,Statistics,76.0,76.0,85.0,80.0,83.0,73.0,75.0,66.0,52.0,66.0,74.0,51.0,77.0,69.0,82.0,86.0,64.0,58.0,72.0,63.0,47.0,62.0,57.0,30.0,32.0,25.0,0.0
옹진군 - 여자,Statistics,58.0,87.0,87.0,83.0,81.0,56.0,64.0,61.0,51.0,71.0,75.0,75.0,77.0,83.0,74.0,77.0,58.0,70.0,49.0,58.0,57.0,47.0,42.0,50.0,42.0,43.0,0.0
완도군 - 계,Statistics,612.0,622.0,651.0,661.0,570.0,460.0,439.0,434.0,362.0,390.0,410.0,334.0,338.0,437.0,422.0,449.0,389.0,421.0,379.0,386.0,331.0,310.0,282.0,244.0,203.0,163.0,0.0
완도군 - 남자,Statistics,302.0,313.0,348.0,338.0,288.0,218.0,215.0,240.0,183.0,216.0,214.0,174.0,167.0,225.0,217.0,228.0,199.0,217.0,206.0,200.0,183.0,146.0,134.0,117.0,108.0,80.0,0.0
완도군 - 여자,Statistics,310.0,309.0,303.0,323.0,282.0,242.0,224.0,194.0,179.0,174.0,196.0,160.0,171.0,212.0,205.0,221.0,190.0,204.0,173.0,186.0,148.0,164.0,148.0,127.0,95.0,83.0,0.0
완산구 - 계,Statistics,4743.0,4443.0,4196.0,4399.0,4074.0,3477.0,3575.0,3324.0,3121.0,3060.0,3253.0,3005.0,2797.0,2913.0,3092.0,3154.0,2910.0,2961.0,2838.0,2620.0,2224.0,1865.0,1572.0,1438.0,1357.0,1272.0,1180.0
완산구 - 남자,Statistics,2472.0,2315.0,2158.0,2289.0,2120.0,1821.0,1850.0,1680.0,1624.0,1565.0,1700.0,1508.0,1428.0,1526.0,1575.0,1621.0,1494.0,1502.0,1432.0,1344.0,1107.0,985.0,827.0,739.0,689.0,626.0,619.0
완산구 - 여자,Statistics,2271.0,2128.0,2038.0,2110.0,1954.0,1656.0,1725.0,1644.0,1497.0,1495.0,1553.0,1497.0,1369.0,1387.0,1517.0,1533.0,1416.0,1459.0,1406.0,1276.0,1117.0,880.0,745.0,699.0,668.0,646.0,561.0
완주군 - 계,Statistics,1121.0,1235.0,1180.0,1081.0,982.0,937.0,926.0,868.0,798.0,882.0,916.0,877.0,928.0,994.0,1011.0,979.0,812.0,797.0,902.0,809.0,712.0,561.0,474.0,396.0,344.0,355.0,0.0
완주군 - 남자,Statistics,585.0,635.0,625.0,556.0,471.0,482.0,483.0,459.0,430.0,451.0,464.0,461.0,481.0,548.0,534.0,525.0,413.0,421.0,437.0,413.0,361.0,259.0,245.0,209.0,171.0,191.0,0.0
완주군 - 여자,Statistics,536.0,600.0,555.0,525.0,511.0,455.0,443.0,409.0,368.0,431.0,452.0,416.0,447.0,446.0,477.0,454.0,399.0,376.0,465.0,396.0,351.0,302.0,229.0,187.0,173.0,164.0,0.0
용산구 - 계,Statistics,2929.0,2813.0,2887.0,3073.0,2749.0,2268.0,2226.0,2261.0,2041.0,2161.0,2449.0,2332.0,2159.0,2312.0,2309.0,2411.0,2129.0,1976.0,1967.0,1708.0,1464.0,1377.0,1314.0,1176.0,1234.0,1110.0,1012.0
용산구 - 남자,Statistics,1500.0,1471.0,1474.0,1607.0,1432.0,1210.0,1171.0,1210.0,1040.0,1093.0,1232.0,1178.0,1078.0,1157.0,1190.0,1240.0,1091.0,1018.0,996.0,878.0,745.0,717.0,684.0,611.0,666.0,542.0,531.0
용산구 - 여자,Statistics,1429.0,1342.0,1413.0,1466.0,1317.0,1058.0,1055.0,1051.0,1001.0,1068.0,1217.0,1154.0,1081.0,1155.0,1119.0,1171.0,1038.0,958.0,971.0,830.0,719.0,660.0,630.0,565.0,568.0,568.0,481.0
용인시 - 계,Statistics,5281.0,5299.0,5851.0,6749.0,6157.0,6512.0,6957.0,7493.0,8032.0,9072.0,10563.0,9626.0,9072.0,9727.0,9816.0,10099.0,9032.0,9254.0,9296.0,8288.0,6997.0,6598.0,6463.0,6252.0,5990.0,5691.0,4941.0
용인시 - 남자,Statistics,2698.0,2776.0,3081.0,3547.0,3182.0,3441.0,3592.0,3909.0,4157.0,4771.0,5466.0,4974.0,4648.0,4961.0,5017.0,5184.0,4688.0,4701.0,4796.0,4245.0,3616.0,3299.0,3277.0,3195.0,3053.0,2983.0,2522.0
용인시 - 여자,Statistics,2583.0,2523.0,2770.0,3202.0,2975.0,3071.0,3365.0,3584.0,3875.0,4301.0,5097.0,4652.0,4424.0,4766.0,4799.0,4915.0,4344.0,4553.0,4500.0,4043.0,3381.0,3299.0,3186.0,3057.0,2937.0,2708.0,2419.0
울릉군 - 계,Statistics,124.0,97.0,111.0,106.0,80.0,63.0,57.0,56.0,64.0,73.0,83.0,76.0,63.0,50.0,61.0,58.0,55.0,46.0,55.0,38.0,32.0,32.0,44.0,30.0,26.0,20.0,0.0
울릉군 - 남자,Statistics,76.0,42.0,56.0,50.0,41.0,27.0,32.0,34.0,38.0,40.0,36.0,45.0,28.0,29.0,36.0,30.0,24.0,24.0,34.0,24.0,15.0,18.0,24.0,18.0,14.0,10.0,0.0
울릉군 - 여자,Statistics,48.0,55.0,55.0,56.0,39.0,36.0,25.0,22.0,26.0,33.0,47.0,31.0,35.0,21.0,25.0,28.0,31.0,22.0,21.0,14.0,17.0,14.0,20.0,12.0,12.0,10.0,0.0
울산광역시 - 계,Statistics,18273.0,16697.0,15740.0,15816.0,13600.0,11666.0,11720.0,11151.0,10469.0,10740.0,11955.0,11365.0,11033.0,11432.0,11542.0,12160.0,11330.0,11556.0,11732.0,10910.0,9381.0,8149.0,7539.0,6617.0,6127.0,5399.0,5082.0
울산광역시 - 남자,Statistics,9685.0,8949.0,8397.0,8377.0,7293.0,6194.0,6282.0,5933.0,5563.0,5669.0,6178.0,5937.0,5740.0,5948.0,5948.0,6245.0,5742.0,5927.0,6045.0,5643.0,4879.0,4179.0,3840.0,3294.0,3176.0,2747.0,2557.0
울산광역시 - 여자,Statistics,8588.0,7748.0,7343.0,7439.0,6307.0,5472.0,5438.0,5218.0,4906.0,5071.0,5777.0,5428.0,5293.0,5484.0,5594.0,5915.0,5588.0,5629.0,5687.0,5267.0,4502.0,3970.0,3699.0,3323.0,2951.0,2652.0,2525.0
울주군 - 계,Statistics,3776.0,2652.0,2915.0,2984.0,2743.0,2211.0,2294.0,2157.0,1934.0,1794.0,2088.0,2179.0,2086.0,2162.0,2109.0,2203.0,2034.0,2042.0,2060.0,1828.0,1593.0,1481.0,1448.0,1334.0,1231.0,1127.0,0.0
울주군 - 남자,Statistics,1999.0,1415.0,1540.0,1532.0,1441.0,1216.0,1195.0,1154.0,1014.0,926.0,1045.0,1140.0,1078.0,1099.0,1079.0,1111.0,1028.0,1038.0,1083.0,936.0,850.0,777.0,751.0,682.0,673.0,566.0,0.0
울주군 - 여자,Statistics,1777.0,1237.0,1375.0,1452.0,1302.0,995.0,1099.0,1003.0,920.0,868.0,1043.0,1039.0,1008.0,1063.0,1030.0,1092.0,1006.0,1004.0,977.0,892.0,743.0,704.0,697.0,652.0,558.0,561.0,0.0
울진군 - 계,Statistics,837.0,809.0,695.0,693.0,646.0,628.0,548.0,466.0,410.0,353.0,400.0,356.0,389.0,342.0,357.0,367.0,347.0,380.0,374.0,303.0,264.0,244.0,235.0,207.0,196.0,184.0,0.0
울진군 - 남자,Statistics,455.0,416.0,345.0,375.0,346.0,341.0,269.0,245.0,201.0,195.0,224.0,180.0,215.0,181.0,181.0,209.0,186.0,197.0,200.0,132.0,136.0,135.0,117.0,107.0,94.0,93.0,0.0
울진군 - 여자,Statistics,382.0,393.0,350.0,318.0,300.0,287.0,279.0,221.0,209.0,158.0,176.0,176.0,174.0,161.0,176.0,158.0,161.0,183.0,174.0,171.0,128.0,109.0,118.0,100.0,102.0,91.0,0.0
원미구 - 계,Statistics,6039.0,5341.0,5170.0,5094.0,4455.0,4224.0,4834.0,4779.0,4187.0,4341.0,4716.0,4337.0,4234.0,4438.0,4262.0,4310.0,3890.0,3945.0,3927.0,0.0,0.0,0.0,0.0,0.0,0.0,0.0,0.0
원미구 - 남자,Statistics,3216.0,2686.0,2734.0,2627.0,2342.0,2207.0,2487.0,2525.0,2126.0,2305.0,2412.0,2206.0,2179.0,2271.0,2215.0,2177.0,2051.0,2001.0,2035.0,0.0,0.0,0.0,0.0,0.0,0.0,0.0,0.0
원미구 - 여자,Statistics,2823.0,2655.0,2436.0,2467.0,2113.0,2017.0,2347.0,2254.0,2061.0,2036.0,2304.0,2131.0,2055.0,2167.0,2047.0,2133.0,1839.0,1944.0,1892.0,0.0,0.0,0.0,0.0,0.0,0.0,0.0,0.0
원주시 - 계,Statistics,3652.0,3749.0,3683.0,3707.0,3399.0,3076.0,3006.0,2821.0,2718.0,2823.0,3118.0,2880.0,2866.0,2939.0,2943.0,2979.0,2546.0,2509.0,2605.0,2468.0,2291.0,2041.0,2146.0,2076.0,2035.0,2071.0,1934.0
원주시 - 남자,Statistics,1871.0,1973.0,1935.0,1953.0,1804.0,1589.0,1569.0,1472.0,1418.0,1438.0,1620.0,1457.0,1516.0,1490.0,1510.0,1490.0,1314.0,1291.0,1300.0,1280.0,1189.0,1014.0,1103.0,1044.0,1027.0,1063.0,971.0
원주시 - 여자,Statistics,1781.0,1776.0,1748.0,1754.0,1595.0,1487.0,1437.0,1349.0,1300.0,1385.0,1498.0,1423.0,1350.0,1449.0,1433.0,1489.0,1232.0,1218.0,1305.0,1188.0,1102.0,1027.0,1043.0,1032.0,1008.0,1008.0,963.0
유성구 - 계,Statistics,2941.0,2733.0,2606.0,2567.0,2359.0,2462.0,2548.0,2436.0,2511.0,3022.0,3507.0,3275.0,3034.0,3201.0,3531.0,3723.0,3464.0,3641.0,3820.0,3647.0,3375.0,2876.0,2582.0,2332.0,2332.0,2469.0,2380.0
유성구 - 남자,Statistics,1536.0,1443.0,1341.0,1354.0,1207.0,1267.0,1344.0,1268.0,1347.0,1560.0,1798.0,1689.0,1561.0,1663.0,1833.0,1912.0,1767.0,1933.0,1935.0,1911.0,1737.0,1501.0,1344.0,1229.0,1201.0,1250.0,1240.0
유성구 - 여자,Statistics,1405.0,1290.0,1265.0,1213.0,1152.0,1195.0,1204.0,1168.0,1164.0,1462.0,1709.0,1586.0,1473.0,1538.0,1698.0,1811.0,1697.0,1708.0,1885.0,1736.0,1638.0,1375.0,1238.0,1103.0,1131.0,1219.0,1140.0
은평구 - 계,Statistics,7127.0,6511.0,5857.0,5991.0,4997.0,4636.0,4903.0,4758.0,4227.0,4236.0,4406.0,3856.0,3804.0,4095.0,4318.0,4654.0,4157.0,4085.0,3870.0,3522.0,2930.0,2703.0,2407.0,2144.0,2076.0,2072.0,1748.0
은평구 - 남자,Statistics,3645.0,3392.0,3099.0,3177.0,2561.0,2406.0,2539.0,2476.0,2197.0,2134.0,2263.0,2019.0,1881.0,2123.0,2167.0,2360.0,2178.0,2132.0,1926.0,1825.0,1466.0,1364.0,1253.0,1092.0,1083.0,1077.0,903.0
은평구 - 여자,Statistics,3482.0,3119.0,2758.0,2814.0,2436.0,2230.0,2364.0,2282.0,2030.0,2102.0,2143.0,1837.0,1923.0,1972.0,2151.0,2294.0,1979.0,1953.0,1944.0,1697.0,1464.0,1339.0,1154.0,1052.0,993.0,995.0,845.0
음성군 - 계,Statistics,1328.0,1329.0,1239.0,1255.0,1042.0,953.0,859.0,845.0,759.0,777.0,880.0,824.0,842.0,841.0,787.0,848.0,742.0,716.0,756.0,772.0,670.0,538.0,503.0,375.0,341.0,316.0,0.0
음성군 - 남자,Statistics,719.0,706.0,653.0,637.0,558.0,461.0,457.0,452.0,396.0,392.0,462.0,419.0,447.0,436.0,426.0,463.0,370.0,373.0,377.0,386.0,353.0,287.0,251.0,174.0,170.0,170.0,0.0
음성군 - 여자,Statistics,609.0,623.0,586.0,618.0,484.0,492.0,402.0,393.0,363.0,385.0,418.0,405.0,395.0,405.0,361.0,385.0,372.0,343.0,379.0,386.0,317.0,251.0,252.0,201.0,171.0,146.0,0.0
의령군 - 계,Statistics,277.0,302.0,272.0,308.0,253.0,213.0,192.0,197.0,162.0,156.0,202.0,219.0,231.0,224.0,203.0,217.0,157.0,180.0,141.0,123.0,132.0,111.0,88.0,87.0,73.0,74.0,0.0
의령군 - 남자,Statistics,150.0,159.0,145.0,164.0,128.0,106.0,96.0,113.0,80.0,83.0,100.0,125.0,117.0,108.0,98.0,117.0,88.0,105.0,80.0,53.0,72.0,44.0,36.0,42.0,45.0,48.0,0.0
의령군 - 여자,Statistics,127.0,143.0,127.0,144.0,125.0,107.0,96.0,84.0,82.0,73.0,102.0,94.0,114.0,116.0,105.0,100.0,69.0,75.0,61.0,70.0,60.0,67.0,52.0,45.0,28.0,26.0,0.0
의성군 - 계,Statistics,514.0,531.0,539.0,506.0,372.0,356.0,311.0,287.0,330.0,324.0,371.0,340.0,305.0,315.0,298.0,287.0,256.0,255.0,249.0,265.0,221.0,240.0,255.0,226.0,178.0,185.0,0.0
의성군 - 남자,Statistics,263.0,291.0,270.0,248.0,188.0,184.0,180.0,147.0,180.0,154.0,189.0,189.0,148.0,165.0,139.0,147.0,129.0,134.0,127.0,143.0,119.0,121.0,140.0,124.0,95.0,97.0,0.0
의성군 - 여자,Statistics,251.0,240.0,269.0,258.0,184.0,172.0,131.0,140.0,150.0,170.0,182.0,151.0,157.0,150.0,159.0,140.0,127.0,121.0,122.0,122.0,102.0,119.0,115.0,102.0,83.0,88.0,0.0
의왕시 - 계,Statistics,1934.0,1780.0,1602.0,1742.0,1512.0,1394.0,1585.0,1546.0,1415.0,1401.0,1361.0,1271.0,1218.0,1451.0,1426.0,1584.0,1548.0,1427.0,1357.0,1218.0,941.0,869.0,923.0,942.0,1008.0,931.0,832.0
의왕시 - 남자,Statistics,985.0,917.0,838.0,903.0,783.0,725.0,810.0,761.0,697.0,710.0,696.0,634.0,618.0,789.0,750.0,834.0,745.0,724.0,700.0,633.0,497.0,459.0,504.0,489.0,496.0,469.0,420.0
의왕시 - 여자,Statistics,949.0,863.0,764.0,839.0,729.0,669.0,775.0,785.0,718.0,691.0,665.0,637.0,600.0,662.0,676.0,750.0,803.0,703.0,657.0,585.0,444.0,410.0,419.0,453.0,512.0,462.0,412.0
의정부시 - 계,Statistics,5111.0,4835.0,5172.0,5435.0,4714.0,4261.0,4441.0,4013.0,3840.0,3798.0,4434.0,4152.0,3898.0,3919.0,3612.0,3683.0,3245.0,3168.0,3178.0,2967.0,2669.0,2559.0,2418.0,2302.0,2288.0,2269.0,2106.0
의정부시 - 남자,Statistics,2602.0,2591.0,2677.0,2845.0,2442.0,2237.0,2338.0,2068.0,1985.0,1988.0,2354.0,2102.0,1980.0,2043.0,1879.0,1893.0,1683.0,1598.0,1647.0,1509.0,1385.0,1367.0,1267.0,1192.0,1223.0,1105.0,1091.0
의정부시 - 여자,Statistics,2509.0,2244.0,2495.0,2590.0,2272.0,2024.0,2103.0,1945.0,1855.0,1810.0,2080.0,2050.0,1918.0,1876.0,1733.0,1790.0,1562.0,1570.0,1531.0,1458.0,1284.0,1192.0,1151.0,1110.0,1065.0,1164.0,1015.0
의창구 - 계,Statistics,0.0,0.0,0.0,0.0,0.0,0.0,0.0,0.0,0.0,0.0,0.0,0.0,0.0,2270.0,2241.0,2437.0,2249.0,2272.0,2358.0,2020.0,1817.0,1680.0,1611.0,1521.0,1227.0,1045.0,957.0
의창구 - 남자,Statistics,0.0,0.0,0.0,0.0,0.0,0.0,0.0,0.0,0.0,0.0,0.0,0.0,0.0,1156.0,1179.0,1259.0,1167.0,1149.0,1204.0,1043.0,957.0,883.0,831.0,763.0,624.0,520.0,487.0
의창구 - 여자,Statistics,0.0,0.0,0.0,0.0,0.0,0.0,0.0,0.0,0.0,0.0,0.0,0.0,0.0,1114.0,1062.0,1178.0,1082.0,1123.0,1154.0,977.0,860.0,797.0,780.0,758.0,603.0,525.0,470.0
이천시 - 계,Statistics,2941.0,3171.0,3263.0,3352.0,2955.0,2622.0,2494.0,2387.0,2204.0,2289.0,2547.0,2224.0,2020.0,2314.0,2329.0,2372.0,2013.0,1987.0,2036.0,1879.0,1725.0,1525.0,1359.0,1261.0,1216.0,1190.0,1160.0
이천시 - 남자,Statistics,1550.0,1646.0,1725.0,1659.0,1527.0,1378.0,1309.0,1259.0,1166.0,1192.0,1295.0,1149.0,1070.0,1208.0,1200.0,1201.0,1009.0,1046.0,1026.0,949.0,907.0,772.0,710.0,649.0,640.0,598.0,615.0
이천시 - 여자,Statistics,1391.0,1525.0,1538.0,1693.0,1428.0,1244.0,1185.0,1128.0,1038.0,1097.0,1252.0,1075.0,950.0,1106.0,1129.0,1171.0,1004.0,941.0,1010.0,930.0,818.0,753.0,649.0,612.0,576.0,592.0,545.0
익산시 - 계,Statistics,4805.0,4724.0,4561.0,4570.0,4059.0,3598.0,3502.0,3175.0,2897.0,2794.0,3032.0,2723.0,2498.0,2631.0,2594.0,2691.0,2341.0,2257.0,2297.0,2010.0,1874.0,1597.0,1341.0,1199.0,1068.0,1010.0,909.0
익산시 - 남자,Statistics,2462.0,2427.0,2382.0,2388.0,2111.0,1856.0,1749.0,1608.0,1534.0,1402.0,1529.0,1379.0,1263.0,1340.0,1289.0,1380.0,1246.0,1170.0,1196.0,1034.0,923.0,814.0,670.0,599.0,562.0,486.0,426.0
익산시 - 여자,Statistics,2343.0,2297.0,2179.0,2182.0,1948.0,1742.0,1753.0,1567.0,1363.0,1392.0,1503.0,1344.0,1235.0,1291.0,1305.0,1311.0,1095.0,1087.0,1101.0,976.0,951.0,783.0,671.0,600.0,506.0,524.0,483.0
인제군 - 계,Statistics,481.0,476.0,531.0,515.0,422.0,342.0,351.0,368.0,358.0,383.0,438.0,372.0,357.0,386.0,335.0,374.0,338.0,322.0,379.0,335.0,310.0,262.0,255.0,222.0,230.0,211.0,0.0
인제군 - 남자,Statistics,241.0,235.0,272.0,262.0,208.0,181.0,181.0,194.0,202.0,176.0,214.0,175.0,179.0,209.0,193.0,199.0,176.0,169.0,184.0,171.0,157.0,128.0,131.0,113.0,109.0,115.0,0.0
인제군 - 여자,Statistics,240.0,241.0,259.0,253.0,214.0,161.0,170.0,174.0,156.0,207.0,224.0,197.0,178.0,177.0,142.0,175.0,162.0,153.0,195.0,164.0,153.0,134.0,124.0,109.0,121.0,96.0,0.0
인천광역시 - 계,Statistics,38103.0,35541.0,34323.0,34433.0,30494.0,26775.0,26832.0,25092.0,23026.0,23711.0,26712.0,25365.0,24379.0,25752.0,26118.0,27781.0,25560.0,25786.0,25491.0,23609.0,20445.0,20087.0,18522.0,16040.0,14947.0,14464.0,13659.0
인천광역시 - 남자,Statistics,19692.0,18502.0,17959.0,17918.0,15864.0,13843.0,13814.0,12963.0,11885.0,12233.0,13744.0,13028.0,12619.0,13295.0,13471.0,14206.0,13017.0,13306.0,13193.0,12005.0,10578.0,10286.0,9607.0,8261.0,7643.0,7330.0,7015.0
인천광역시 - 여자,Statistics,18411.0,17039.0,16364.0,16515.0,14630.0,12932.0,13018.0,12129.0,11141.0,11478.0,12968.0,12337.0,11760.0,12457.0,12647.0,13575.0,12543.0,12480.0,12298.0,11604.0,9867.0,9801.0,8915.0,7779.0,7304.0,7134.0,6644.0
일산구 - 계,Statistics,5552.0,5575.0,5467.0,5731.0,5186.0,4642.0,4720.0,4736.0,0.0,0.0,0.0,0.0,0.0,0.0,0.0,0.0,0.0,0.0,0.0,0.0,0.0,0.0,0.0,0.0,0.0,0.0,0.0
일산구 - 남자,Statistics,2910.0,2896.0,2928.0,2954.0,2678.0,2457.0,2465.0,2406.0,0.0,0.0,0.0,0.0,0.0,0.0,0.0,0.0,0.0,0.0,0.0,0.0,0.0,0.0,0.0,0.0,0.0,0.0,0.0
일산구 - 여자,Statistics,2642.0,2679.0,2539.0,2777.0,2508.0,2185.0,2255.0,2330.0,0.0,0.0,0.0,0.0,0.0,0.0,0.0,0.0,0.0,0.0,0.0,0.0,0.0,0.0,0.0,0.0,0.0,0.0,0.0
일산동구 - 계,Statistics,0.0,0.0,0.0,0.0,0.0,0.0,0.0,0.0,1915.0,2135.0,2249.0,2290.0,2104.0,2111.0,2211.0,2273.0,2091.0,2091.0,2130.0,1859.0,1773.0,1584.0,1359.0,1314.0,1322.0,1264.0,1083.0
일산동구 - 남자,Statistics,0.0,0.0,0.0,0.0,0.0,0.0,0.0,0.0,985.0,1111.0,1160.0,1141.0,1084.0,1079.0,1100.0,1164.0,1065.0,1100.0,1097.0,981.0,912.0,779.0,711.0,667.0,650.0,633.0,544.0
일산동구 - 여자,Statistics,0.0,0.0,0.0,0.0,0.0,0.0,0.0,0.0,930.0,1024.0,1089.0,1149.0,1020.0,1032.0,1111.0,1109.0,1026.0,991.0,1033.0,878.0,861.0,805.0,648.0,647.0,672.0,631.0,539.0
일산서구 - 계,Statistics,0.0,0.0,0.0,0.0,0.0,0.0,0.0,0.0,2518.0,2609.0,2771.0,2644.0,2125.0,2290.0,2340.0,2492.0,2216.0,2190.0,2274.0,2076.0,1764.0,1526.0,1454.0,1427.0,1410.0,1312.0,1164.0
일산서구 - 남자,Statistics,0.0,0.0,0.0,0.0,0.0,0.0,0.0,0.0,1306.0,1333.0,1429.0,1368.0,1104.0,1198.0,1200.0,1289.0,1126.0,1104.0,1127.0,1076.0,912.0,787.0,719.0,720.0,712.0,670.0,597.0
일산서구 - 여자,Statistics,0.0,0.0,0.0,0.0,0.0,0.0,0.0,0.0,1212.0,1276.0,1342.0,1276.0,1021.0,1092.0,1140.0,1203.0,1090.0,1086.0,1147.0,1000.0,852.0,739.0,735.0,707.0,698.0,642.0,567.0
임실군 - 계,Statistics,390.0,393.0,348.0,308.0,268.0,221.0,228.0,192.0,174.0,180.0,241.0,266.0,257.0,246.0,230.0,239.0,211.0,210.0,189.0,162.0,178.0,156.0,151.0,165.0,150.0,125.0,0.0
임실군 - 남자,Statistics,204.0,203.0,184.0,167.0,142.0,123.0,135.0,104.0,82.0,93.0,122.0,150.0,144.0,125.0,124.0,121.0,104.0,118.0,109.0,85.0,104.0,91.0,78.0,95.0,65.0,68.0,0.0
임실군 - 여자,Statistics,186.0,190.0,164.0,141.0,126.0,98.0,93.0,88.0,92.0,87.0,119.0,116.0,113.0,121.0,106.0,118.0,107.0,92.0,80.0,77.0,74.0,65.0,73.0,70.0,85.0,57.0,0.0
장성군 - 계,Statistics,697.0,705.0,653.0,621.0,571.0,462.0,505.0,439.0,407.0,387.0,444.0,416.0,390.0,406.0,415.0,428.0,360.0,378.0,440.0,385.0,329.0,344.0,267.0,260.0,153.0,126.0,0.0
장성군 - 남자,Statistics,350.0,376.0,358.0,304.0,313.0,256.0,281.0,245.0,216.0,191.0,246.0,217.0,184.0,205.0,221.0,213.0,183.0,196.0,216.0,181.0,166.0,172.0,149.0,142.0,65.0,67.0,0.0
장성군 - 여자,Statistics,347.0,329.0,295.0,317.0,258.0,206.0,224.0,194.0,191.0,196.0,198.0,199.0,206.0,201.0,194.0,215.0,177.0,182.0,224.0,204.0,163.0,172.0,118.0,118.0,88.0,59.0,0.0
장수군 - 계,Statistics,263.0,274.0,239.0,260.0,232.0,171.0,182.0,180.0,185.0,158.0,199.0,207.0,158.0,186.0,188.0,162.0,162.0,138.0,128.0,126.0,98.0,87.0,96.0,95.0,72.0,65.0,0.0
장수군 - 남자,Statistics,139.0,151.0,126.0,130.0,125.0,93.0,92.0,94.0,97.0,93.0,89.0,101.0,85.0,104.0,96.0,88.0,96.0,65.0,65.0,70.0,43.0,52.0,46.0,52.0,33.0,26.0,0.0
장수군 - 여자,Statistics,124.0,123.0,113.0,130.0,107.0,78.0,90.0,86.0,88.0,65.0,110.0,106.0,73.0,82.0,92.0,74.0,66.0,73.0,63.0,56.0,55.0,35.0,50.0,43.0,39.0,39.0,0.0
장안구 - 계,Statistics,4594.0,4322.0,4323.0,5034.0,4412.0,4288.0,3719.0,3371.0,2904.0,2955.0,3171.0,2812.0,2662.0,2749.0,2633.0,2618.0,2519.0,2538.0,2582.0,2105.0,1820.0,1551.0,1313.0,1148.0,999.0,1044.0,965.0
장안구 - 남자,Statistics,2430.0,2244.0,2289.0,2668.0,2368.0,2198.0,1916.0,1802.0,1435.0,1505.0,1633.0,1427.0,1388.0,1468.0,1379.0,1339.0,1287.0,1334.0,1338.0,1068.0,963.0,826.0,634.0,590.0,512.0,517.0,484.0
장안구 - 여자,Statistics,2164.0,2078.0,2034.0,2366.0,2044.0,2090.0,1803.0,1569.0,1469.0,1450.0,1538.0,1385.0,1274.0,1281.0,1254.0,1279.0,1232.0,1204.0,1244.0,1037.0,857.0,725.0,679.0,558.0,487.0,527.0,481.0
장흥군 - 계,Statistics,564.0,569.0,535.0,507.0,446.0,391.0,308.0,322.0,287.0,256.0,285.0,272.0,248.0,234.0,226.0,250.0,246.0,225.0,212.0,163.0,161.0,176.0,205.0,233.0,161.0,131.0,0.0
장흥군 - 남자,Statistics,297.0,305.0,259.0,267.0,229.0,208.0,157.0,163.0,142.0,147.0,152.0,130.0,130.0,107.0,130.0,130.0,113.0,116.0,96.0,90.0,92.0,94.0,106.0,119.0,76.0,63.0,0.0
장흥군 - 여자,Statistics,267.0,264.0,276.0,240.0,217.0,183.0,151.0,159.0,145.0,109.0,133.0,142.0,118.0,127.0,96.0,120.0,133.0,109.0,116.0,73.0,69.0,82.0,99.0,114.0,85.0,68.0,0.0
전국 - 계,Statistics,675394.0,641594.0,620668.0,640089.0,559934.0,496911.0,495036.0,476958.0,438707.0,451759.0,496822.0,465892.0,444849.0,470171.0,471265.0,484550.0,436455.0,435435.0,438420.0,406243.0,357771.0,326822.0,302676.0,272337.0,260562.0,249186.0,230028.0
전국 - 남자,Statistics,350929.0,336147.0,324409.0,335433.0,291989.0,260228.0,257727.0,247835.0,227592.0,234110.0,255872.0,240119.0,229351.0,242901.0,242121.0,248958.0,223883.0,223356.0,224906.0,208064.0,184308.0,167686.0,155416.0,139362.0,133516.0,127454.0,117862.0
전국 - 여자,Statistics,324465.0,305447.0,296259.0,304656.0,267945.0,236683.0,237309.0,229123.0,211115.0,217649.0,240950.0,225773.0,215498.0,227270.0,229144.0,235592.0,212572.0,212079.0,213514.0,198179.0,173463.0,159136.0,147260.0,132975.0,127046.0,121732.0,112166.0
전라남도 - 계,Statistics,28080.0,26841.0,26363.0,26046.0,22588.0,19242.0,18333.0,17256.0,15818.0,15905.0,17844.0,16363.0,15995.0,16654.0,16612.0,16990.0,15401.0,14817.0,15061.0,13980.0,12354.0,11238.0,10832.0,9738.0,8430.0,7888.0,7828.0
전라남도 - 남자,Statistics,14444.0,14064.0,13778.0,13598.0,11752.0,10018.0,9600.0,9066.0,8110.0,8162.0,9245.0,8435.0,8186.0,8609.0,8448.0,8600.0,7819.0,7533.0,7725.0,7141.0,6439.0,5740.0,5517.0,4979.0,4252.0,4030.0,3936.0
전라남도 - 여자,Statistics,13636.0,12777.0,12585.0,12448.0,10836.0,9224.0,8733.0,8190.0,7708.0,7743.0,8599.0,7928.0,7809.0,8045.0,8164.0,8390.0,7582.0,7284.0,7336.0,6839.0,5915.0,5498.0,5315.0,4759.0,4178.0,3858.0,3892.0
전라북도 - 계,Statistics,26270.0,25849.0,24564.0,25173.0,22192.0,19215.0,18437.0,17257.0,15745.0,15571.0,17228.0,15878.0,15233.0,16100.0,16175.0,16238.0,14555.0,14231.0,14087.0,12698.0,11348.0,10001.0,8971.0,8165.0,7475.0,7032.0,6622.0
전라북도 - 남자,Statistics,13614.0,13434.0,12706.0,13068.0,11446.0,10086.0,9490.0,8881.0,8290.0,8012.0,8906.0,8245.0,7847.0,8357.0,8290.0,8457.0,7506.0,7340.0,7225.0,6531.0,5780.0,5091.0,4589.0,4137.0,3836.0,3448.0,3359.0
전라북도 - 여자,Statistics,12656.0,12415.0,11858.0,12105.0,10746.0,9129.0,8947.0,8376.0,7455.0,7559.0,8322.0,7633.0,7386.0,7743.0,7885.0,7781.0,7049.0,6891.0,6862.0,6167.0,5568.0,4910.0,4382.0,4028.0,3639.0,3584.0,3263.0
전주시 - 계,Statistics,8878.0,8509.0,8249.0,8889.0,7795.0,6743.0,6522.0,6183.0,5756.0,5643.0,6202.0,5853.0,5422.0,5762.0,5852.0,5939.0,5400.0,5390.0,5370.0,4797.0,4298.0,3827.0,3502.0,3207.0,3134.0,2878.0,2680.0
전주시 - 남자,Statistics,4581.0,4450.0,4222.0,4571.0,4021.0,3524.0,3365.0,3191.0,3052.0,2912.0,3321.0,2994.0,2789.0,2999.0,3015.0,3082.0,2773.0,2750.0,2746.0,2454.0,2188.0,1971.0,1800.0,1629.0,1578.0,1408.0,1367.0
전주시 - 여자,Statistics,4297.0,4059.0,4027.0,4318.0,3774.0,3219.0,3157.0,2992.0,2704.0,2731.0,2881.0,2859.0,2633.0,2763.0,2837.0,2857.0,2627.0,2640.0,2624.0,2343.0,2110.0,1856.0,1702.0,1578.0,1556.0,1470.0,1313.0
정선군 - 계,Statistics,460.0,475.0,491.0,442.0,395.0,368.0,284.0,298.0,298.0,264.0,326.0,257.0,285.0,271.0,256.0,266.0,212.0,241.0,196.0,176.0,150.0,136.0,154.0,133.0,128.0,90.0,0.0
정선군 - 남자,Statistics,226.0,236.0,262.0,246.0,201.0,185.0,139.0,156.0,138.0,131.0,169.0,129.0,141.0,151.0,123.0,143.0,105.0,114.0,111.0,106.0,72.0,74.0,83.0,63.0,58.0,43.0,0.0
정선군 - 여자,Statistics,234.0,239.0,229.0,196.0,194.0,183.0,145.0,142.0,160.0,133.0,157.0,128.0,144.0,120.0,133.0,123.0,107.0,127.0,85.0,70.0,78.0,62.0,71.0,70.0,70.0,47.0,0.0
정읍시 - 계,Statistics,1721.0,1769.0,1663.0,1692.0,1442.0,1324.0,1195.0,1110.0,970.0,889.0,1011.0,851.0,811.0,912.0,886.0,845.0,735.0,708.0,692.0,646.0,536.0,527.0,463.0,368.0,357.0,354.0,333.0
정읍시 - 남자,Statistics,873.0,878.0,841.0,892.0,746.0,707.0,619.0,586.0,498.0,457.0,517.0,449.0,433.0,458.0,468.0,431.0,389.0,364.0,353.0,345.0,277.0,258.0,233.0,179.0,194.0,167.0,177.0
정읍시 - 여자,Statistics,848.0,891.0,822.0,800.0,696.0,617.0,576.0,524.0,472.0,432.0,494.0,402.0,378.0,454.0,418.0,414.0,346.0,344.0,339.0,301.0,259.0,269.0,230.0,189.0,163.0,187.0,156.0
제주시 - 계,Statistics,4556.0,4407.0,4334.0,4762.0,4176.0,3692.0,4020.0,3535.0,3238.0,4241.0,4522.0,4090.0,4002.0,4249.0,4257.0,4672.0,4191.0,4381.0,4364.0,4228.0,3819.0,3745.0,3419.0,3075.0,2890.0,2766.0,2516.0
제주시 - 남자,Statistics,2388.0,2329.0,2270.0,2460.0,2226.0,1986.0,2112.0,1824.0,1739.0,2185.0,2366.0,2136.0,2099.0,2191.0,2172.0,2359.0,2125.0,2273.0,2265.0,2189.0,1982.0,1912.0,1705.0,1579.0,1485.0,1425.0,1246.0
제주시 - 여자,Statistics,2168.0,2078.0,2064.0,2302.0,1950.0,1706.0,1908.0,1711.0,1499.0,2056.0,2156.0,1954.0,1903.0,2058.0,2085.0,2313.0,2066.0,2108.0,2099.0,2039.0,1837.0,1833.0,1714.0,1496.0,1405.0,1341.0,1270.0
제주특별자치도 - 계,Statistics,8545.0,8090.0,8056.0,8633.0,7453.0,6530.0,6583.0,6097.0,5734.0,5853.0,6178.0,5593.0,5433.0,5657.0,5628.0,5992.0,5328.0,5526.0,5600.0,5494.0,5037.0,4781.0,4500.0,3989.0,3728.0,3599.0,3222.0
제주특별자치도 - 남자,Statistics,4449.0,4304.0,4231.0,4421.0,3923.0,3539.0,3458.0,3224.0,3043.0,3066.0,3174.0,2884.0,2825.0,2929.0,2891.0,3046.0,2705.0,2832.0,2916.0,2854.0,2611.0,2443.0,2272.0,2090.0,1916.0,1862.0,1613.0
제주특별자치도 - 여자,Statistics,4096.0,3786.0,3825.0,4212.0,3530.0,2991.0,3125.0,2873.0,2691.0,2787.0,3004.0,2709.0,2608.0,2728.0,2737.0,2946.0,2623.0,2694.0,2684.0,2640.0,2426.0,2338.0,2228.0,1899.0,1812.0,1737.0,1609.0
제천시 - 계,Statistics,1885.0,1801.0,1691.0,1649.0,1512.0,1272.0,1043.0,1114.0,1013.0,996.0,1053.0,1028.0,935.0,1062.0,1065.0,1071.0,971.0,998.0,891.0,891.0,760.0,755.0,675.0,612.0,574.0,461.0,505.0
제천시 - 남자,Statistics,984.0,947.0,863.0,866.0,780.0,684.0,550.0,595.0,519.0,515.0,556.0,568.0,467.0,518.0,546.0,532.0,475.0,491.0,442.0,502.0,397.0,378.0,327.0,312.0,306.0,238.0,264.0
제천시 - 여자,Statistics,901.0,854.0,828.0,783.0,732.0,588.0,493.0,519.0,494.0,481.0,497.0,460.0,468.0,544.0,519.0,539.0,496.0,507.0,449.0,389.0,363.0,377.0,348.0,300.0,268.0,223.0,241.0
종로구 - 계,Statistics,2168.0,1972.0,1941.0,1939.0,1683.0,1453.0,1404.0,1296.0,1143.0,1139.0,1204.0,1176.0,1095.0,1107.0,1103.0,1100.0,873.0,905.0,906.0,846.0,689.0,644.0,673.0,529.0,528.0,464.0,396.0
종로구 - 남자,Statistics,1121.0,1044.0,988.0,1019.0,872.0,764.0,726.0,684.0,584.0,580.0,625.0,628.0,563.0,566.0,561.0,590.0,440.0,474.0,449.0,444.0,337.0,348.0,334.0,268.0,276.0,239.0,201.0
종로구 - 여자,Statistics,1047.0,928.0,953.0,920.0,811.0,689.0,678.0,612.0,559.0,559.0,579.0,548.0,532.0,541.0,542.0,510.0,433.0,431.0,457.0,402.0,352.0,296.0,339.0,261.0,252.0,225.0,195.0
중구 - 계,Statistics,1467.0,1306.0,1239.0,1625.0,1577.0,1409.0,1203.0,1260.0,1096.0,1122.0,1276.0,1141.0,1052.0,1170.0,1105.0,1215.0,1022.0,1041.0,950.0,959.0,808.0,733.0,783.0,690.0,627.0,587.0,534.0
중구 - 남자,Statistics,771.0,674.0,610.0,843.0,793.0,714.0,604.0,650.0,563.0,559.0,663.0,575.0,553.0,600.0,550.0,609.0,531.0,531.0,485.0,497.0,397.0,342.0,426.0,348.0,327.0,298.0,268.0
중구 - 여자,Statistics,696.0,632.0,629.0,782.0,784.0,695.0,599.0,610.0,533.0,563.0,613.0,566.0,499.0,570.0,555.0,606.0,491.0,510.0,465.0,462.0,411.0,391.0,357.0,342.0,300.0,289.0,266.0
중랑구 - 계,Statistics,7053.0,6265.0,5809.0,5537.0,4599.0,4214.0,3895.0,4032.0,3549.0,3673.0,3882.0,3711.0,3495.0,3570.0,3450.0,3659.0,3265.0,3288.0,3368.0,3085.0,2744.0,2446.0,2244.0,1873.0,1825.0,1860.0,1762.0
중랑구 - 남자,Statistics,3673.0,3288.0,3045.0,2912.0,2418.0,2203.0,1944.0,2061.0,1847.0,1995.0,1969.0,1873.0,1758.0,1879.0,1777.0,1873.0,1693.0,1607.0,1758.0,1551.0,1407.0,1265.0,1176.0,957.0,944.0,937.0,897.0
중랑구 - 여자,Statistics,3380.0,2977.0,2764.0,2625.0,2181.0,2011.0,1951.0,1971.0,1702.0,1678.0,1913.0,1838.0,1737.0,1691.0,1673.0,1786.0,1572.0,1681.0,1610.0,1534.0,1337.0,1181.0,1068.0,916.0,881.0,923.0,865.0
중원구 - 계,Statistics,4562.0,4156.0,3886.0,3832.0,3297.0,3030.0,3083.0,2856.0,2568.0,2434.0,2670.0,2435.0,2247.0,2360.0,2264.0,2234.0,2072.0,1992.0,2076.0,1916.0,1684.0,1356.0,1258.0,1102.0,1048.0,1011.0,1124.0
중원구 - 남자,Statistics,2385.0,2169.0,1969.0,1977.0,1693.0,1542.0,1613.0,1442.0,1339.0,1257.0,1356.0,1234.0,1128.0,1256.0,1185.0,1208.0,1064.0,1018.0,1066.0,998.0,902.0,689.0,615.0,540.0,513.0,497.0,562.0
중원구 - 여자,Statistics,2177.0,1987.0,1917.0,1855.0,1604.0,1488.0,1470.0,1414.0,1229.0,1177.0,1314.0,1201.0,1119.0,1104.0,1079.0,1026.0,1008.0,974.0,1010.0,918.0,782.0,667.0,643.0,562.0,535.0,514.0,562.0
증평군 - 계,Statistics,552.0,471.0,480.0,476.0,346.0,351.0,306.0,329.0,338.0,294.0,369.0,355.0,369.0,406.0,374.0,381.0,359.0,376.0,390.0,402.0,367.0,324.0,268.0,199.0,181.0,167.0,0.0
증평군 - 남자,Statistics,274.0,261.0,243.0,250.0,189.0,157.0,140.0,160.0,174.0,150.0,185.0,196.0,190.0,226.0,198.0,182.0,188.0,171.0,215.0,202.0,196.0,152.0,134.0,114.0,90.0,75.0,0.0
증평군 - 여자,Statistics,278.0,210.0,237.0,226.0,157.0,194.0,166.0,169.0,164.0,144.0,184.0,159.0,179.0,180.0,176.0,199.0,171.0,205.0,175.0,200.0,171.0,172.0,134.0,85.0,91.0,92.0,0.0
진도군 - 계,Statistics,366.0,394.0,397.0,389.0,345.0,293.0,276.0,226.0,206.0,239.0,283.0,219.0,227.0,241.0,249.0,249.0,210.0,211.0,206.0,181.0,174.0,133.0,160.0,110.0,129.0,102.0,0.0
진도군 - 남자,Statistics,206.0,204.0,196.0,216.0,181.0,151.0,126.0,114.0,112.0,126.0,125.0,120.0,122.0,127.0,115.0,122.0,108.0,112.0,104.0,82.0,71.0,70.0,83.0,46.0,75.0,45.0,0.0
진도군 - 여자,Statistics,160.0,190.0,201.0,173.0,164.0,142.0,150.0,112.0,94.0,113.0,158.0,99.0,105.0,114.0,134.0,127.0,102.0,99.0,102.0,99.0,103.0,63.0,77.0,64.0,54.0,57.0,0.0
진안군 - 계,Statistics,336.0,339.0,306.0,301.0,242.0,217.0,200.0,176.0,165.0,179.0,272.0,283.0,278.0,325.0,278.0,272.0,221.0,183.0,194.0,173.0,155.0,160.0,151.0,138.0,120.0,85.0,0.0
진안군 - 남자,Statistics,176.0,192.0,167.0,150.0,131.0,116.0,113.0,87.0,90.0,92.0,133.0,142.0,139.0,175.0,158.0,131.0,104.0,80.0,99.0,80.0,97.0,76.0,80.0,65.0,77.0,39.0,0.0
진안군 - 여자,Statistics,160.0,147.0,139.0,151.0,111.0,101.0,87.0,89.0,75.0,87.0,139.0,141.0,139.0,150.0,120.0,141.0,117.0,103.0,95.0,93.0,58.0,84.0,71.0,73.0,43.0,46.0,0.0
진주시 - 계,Statistics,4554.0,4390.0,4176.0,4266.0,3740.0,3332.0,3251.0,3091.0,2733.0,2909.0,3105.0,2863.0,2613.0,2876.0,2905.0,2866.0,2614.0,2737.0,2687.0,2624.0,2296.0,2161.0,1972.0,1822.0,1751.0,1790.0,1666.0
진주시 - 남자,Statistics,2351.0,2352.0,2189.0,2265.0,2014.0,1834.0,1704.0,1712.0,1457.0,1509.0,1598.0,1516.0,1379.0,1531.0,1551.0,1488.0,1392.0,1437.0,1383.0,1393.0,1188.0,1113.0,984.0,928.0,928.0,876.0,859.0
진주시 - 여자,Statistics,2203.0,2038.0,1987.0,2001.0,1726.0,1498.0,1547.0,1379.0,1276.0,1400.0,1507.0,1347.0,1234.0,1345.0,1354.0,1378.0,1222.0,1300.0,1304.0,1231.0,1108.0,1048.0,988.0,894.0,823.0,914.0,807.0
진천군 - 계,Statistics,933.0,859.0,866.0,842.0,792.0,718.0,648.0,685.0,555.0,530.0,664.0,584.0,565.0,629.0,641.0,590.0,543.0,561.0,590.0,533.0,513.0,545.0,619.0,525.0,505.0,509.0,0.0
진천군 - 남자,Statistics,471.0,449.0,451.0,445.0,404.0,377.0,355.0,380.0,301.0,275.0,345.0,325.0,276.0,310.0,327.0,316.0,266.0,298.0,305.0,278.0,252.0,289.0,331.0,278.0,276.0,274.0,0.0
진천군 - 여자,Statistics,462.0,410.0,415.0,397.0,388.0,341.0,293.0,305.0,254.0,255.0,319.0,259.0,289.0,319.0,314.0,274.0,277.0,263.0,285.0,255.0,261.0,256.0,288.0,247.0,229.0,235.0,0.0
진해구 - 계,Statistics,0.0,0.0,0.0,0.0,0.0,0.0,0.0,0.0,0.0,0.0,0.0,0.0,0.0,2467.0,2533.0,2617.0,2253.0,2011.0,2044.0,1958.0,1730.0,1574.0,1452.0,1217.0,1121.0,1009.0,881.0
진해구 - 남자,Statistics,0.0,0.0,0.0,0.0,0.0,0.0,0.0,0.0,0.0,0.0,0.0,0.0,0.0,1277.0,1307.0,1357.0,1185.0,1064.0,1088.0,1013.0,881.0,825.0,744.0,644.0,583.0,479.0,466.0
진해구 - 여자,Statistics,0.0,0.0,0.0,0.0,0.0,0.0,0.0,0.0,0.0,0.0,0.0,0.0,0.0,1190.0,1226.0,1260.0,1068.0,947.0,956.0,945.0,849.0,749.0,708.0,573.0,538.0,530.0,415.0
진해시 - 계,Statistics,2038.0,2004.0,1947.0,1988.0,1778.0,1735.0,2084.0,2048.0,1830.0,2143.0,2381.0,2358.0,2302.0,0.0,0.0,0.0,0.0,0.0,0.0,0.0,0.0,0.0,0.0,0.0,0.0,0.0,0.0
진해시 - 남자,Statistics,1096.0,1090.0,1024.0,982.0,960.0,925.0,1104.0,1097.0,909.0,1112.0,1228.0,1184.0,1186.0,0.0,0.0,0.0,0.0,0.0,0.0,0.0,0.0,0.0,0.0,0.0,0.0,0.0,0.0
진해시 - 여자,Statistics,942.0,914.0,923.0,1006.0,818.0,810.0,980.0,951.0,921.0,1031.0,1153.0,1174.0,1116.0,0.0,0.0,0.0,0.0,0.0,0.0,0.0,0.0,0.0,0.0,0.0,0.0,0.0,0.0
창녕군 - 계,Statistics,695.0,661.0,695.0,638.0,570.0,464.0,312.0,387.0,345.0,354.0,391.0,359.0,326.0,344.0,381.0,386.0,390.0,380.0,374.0,389.0,385.0,334.0,316.0,242.0,215.0,150.0,0.0
창녕군 - 남자,Statistics,362.0,364.0,371.0,321.0,293.0,248.0,156.0,213.0,188.0,186.0,223.0,188.0,176.0,171.0,198.0,195.0,212.0,190.0,189.0,207.0,190.0,169.0,167.0,122.0,116.0,67.0,0.0
창녕군 - 여자,Statistics,333.0,297.0,324.0,317.0,277.0,216.0,156.0,174.0,157.0,168.0,168.0,171.0,150.0,173.0,183.0,191.0,178.0,190.0,185.0,182.0,195.0,165.0,149.0,120.0,99.0,83.0,0.0
창원시 - 계,Statistics,10483.0,9649.0,9069.0,9254.0,7940.0,6467.0,6073.0,5575.0,5080.0,4908.0,5583.0,5158.0,4931.0,0.0,0.0,0.0,0.0,0.0,0.0,0.0,0.0,0.0,0.0,0.0,0.0,0.0,0.0
창원시 - 남자,Statistics,5620.0,5029.0,4741.0,4934.0,4160.0,3424.0,3263.0,2940.0,2728.0,2614.0,2916.0,2684.0,2508.0,0.0,0.0,0.0,0.0,0.0,0.0,0.0,0.0,0.0,0.0,0.0,0.0,0.0,0.0
창원시 - 여자,Statistics,4863.0,4620.0,4328.0,4320.0,3780.0,3043.0,2810.0,2635.0,2352.0,2294.0,2667.0,2474.0,2423.0,0.0,0.0,0.0,0.0,0.0,0.0,0.0,0.0,0.0,0.0,0.0,0.0,0.0,0.0
처인구 - 계,Statistics,0.0,0.0,0.0,0.0,0.0,0.0,0.0,0.0,2060.0,2142.0,2378.0,2200.0,1985.0,2085.0,2022.0,1961.0,1694.0,1820.0,1894.0,1697.0,1499.0,1590.0,1520.0,1414.0,1342.0,1229.0,1075.0
처인구 - 남자,Statistics,0.0,0.0,0.0,0.0,0.0,0.0,0.0,0.0,1096.0,1143.0,1225.0,1102.0,1040.0,1057.0,1033.0,961.0,888.0,925.0,968.0,869.0,772.0,806.0,762.0,730.0,700.0,644.0,541.0
처인구 - 여자,Statistics,0.0,0.0,0.0,0.0,0.0,0.0,0.0,0.0,964.0,999.0,1153.0,1098.0,945.0,1028.0,989.0,1000.0,806.0,895.0,926.0,828.0,727.0,784.0,758.0,684.0,642.0,585.0,534.0
천안시 - 계,Statistics,6543.0,6452.0,6529.0,7361.0,6640.0,5735.0,5773.0,6162.0,5948.0,6403.0,6992.0,6387.0,6017.0,6382.0,6770.0,7078.0,6356.0,6110.0,6412.0,6021.0,5439.0,5213.0,4834.0,4646.0,4409.0,3899.0,3485.0
천안시 - 남자,Statistics,3338.0,3456.0,3424.0,3863.0,3409.0,3029.0,3023.0,3263.0,3062.0,3343.0,3573.0,3314.0,3098.0,3272.0,3503.0,3566.0,3313.0,3132.0,3339.0,3051.0,2821.0,2635.0,2465.0,2394.0,2335.0,1984.0,1786.0
천안시 - 여자,Statistics,3205.0,2996.0,3105.0,3498.0,3231.0,2706.0,2750.0,2899.0,2886.0,3060.0,3419.0,3073.0,2919.0,3110.0,3267.0,3512.0,3043.0,2978.0,3073.0,2970.0,2618.0,2578.0,2369.0,2252.0,2074.0,1915.0,1699.0
철원군 - 계,Statistics,708.0,757.0,734.0,768.0,623.0,601.0,499.0,490.0,442.0,458.0,463.0,449.0,415.0,464.0,413.0,435.0,400.0,433.0,402.0,377.0,349.0,334.0,349.0,342.0,277.0,268.0,0.0
철원군 - 남자,Statistics,372.0,385.0,378.0,412.0,312.0,296.0,247.0,256.0,222.0,235.0,242.0,229.0,225.0,226.0,208.0,220.0,193.0,225.0,203.0,185.0,186.0,157.0,187.0,181.0,132.0,138.0,0.0
철원군 - 여자,Statistics,336.0,372.0,356.0,356.0,311.0,305.0,252.0,234.0,220.0,223.0,221.0,220.0,190.0,238.0,205.0,215.0,207.0,208.0,199.0,192.0,163.0,177.0,162.0,161.0,145.0,130.0,0.0
청도군 - 계,Statistics,403.0,415.0,378.0,364.0,334.0,275.0,246.0,240.0,203.0,227.0,270.0,190.0,200.0,197.0,212.0,193.0,162.0,146.0,175.0,163.0,143.0,146.0,134.0,112.0,93.0,109.0,0.0
청도군 - 남자,Statistics,205.0,224.0,205.0,182.0,170.0,153.0,128.0,130.0,109.0,120.0,131.0,102.0,104.0,102.0,100.0,96.0,79.0,74.0,89.0,83.0,75.0,76.0,69.0,61.0,40.0,61.0,0.0
청도군 - 여자,Statistics,198.0,191.0,173.0,182.0,164.0,122.0,118.0,110.0,94.0,107.0,139.0,88.0,96.0,95.0,112.0,97.0,83.0,72.0,86.0,80.0,68.0,70.0,65.0,51.0,53.0,48.0,0.0
청송군 - 계,Statistics,339.0,349.0,346.0,281.0,267.0,232.0,208.0,187.0,175.0,155.0,202.0,172.0,139.0,121.0,148.0,159.0,137.0,142.0,137.0,118.0,128.0,84.0,116.0,78.0,88.0,74.0,0.0
청송군 - 남자,Statistics,171.0,173.0,167.0,149.0,145.0,114.0,123.0,106.0,90.0,81.0,95.0,103.0,70.0,59.0,77.0,84.0,60.0,67.0,61.0,63.0,63.0,40.0,69.0,44.0,51.0,46.0,0.0
청송군 - 여자,Statistics,168.0,176.0,179.0,132.0,122.0,118.0,85.0,81.0,85.0,74.0,107.0,69.0,69.0,62.0,71.0,75.0,77.0,75.0,76.0,55.0,65.0,44.0,47.0,34.0,37.0,28.0,0.0
청양군 - 계,Statistics,450.0,404.0,366.0,368.0,343.0,286.0,255.0,250.0,219.0,218.0,222.0,219.0,188.0,201.0,195.0,197.0,203.0,173.0,170.0,135.0,121.0,110.0,104.0,92.0,90.0,76.0,0.0
청양군 - 남자,Statistics,235.0,192.0,176.0,187.0,191.0,145.0,141.0,125.0,101.0,113.0,108.0,122.0,89.0,102.0,113.0,94.0,108.0,76.0,87.0,68.0,63.0,52.0,54.0,44.0,53.0,33.0,0.0
청양군 - 여자,Statistics,215.0,212.0,190.0,181.0,152.0,141.0,114.0,125.0,118.0,105.0,114.0,97.0,99.0,99.0,82.0,103.0,95.0,97.0,83.0,67.0,58.0,58.0,50.0,48.0,37.0,43.0,0.0
청원구 - 계,Statistics,0.0,0.0,0.0,0.0,0.0,0.0,0.0,0.0,0.0,0.0,0.0,0.0,0.0,0.0,0.0,0.0,0.0,2012.0,2272.0,2413.0,2105.0,2060.0,1706.0,1464.0,1345.0,1173.0,1154.0
청원구 - 남자,Statistics,0.0,0.0,0.0,0.0,0.0,0.0,0.0,0.0,0.0,0.0,0.0,0.0,0.0,0.0,0.0,0.0,0.0,1002.0,1145.0,1211.0,1071.0,1037.0,912.0,783.0,694.0,601.0,578.0
청원구 - 여자,Statistics,0.0,0.0,0.0,0.0,0.0,0.0,0.0,0.0,0.0,0.0,0.0,0.0,0.0,0.0,0.0,0.0,0.0,1010.0,1127.0,1202.0,1034.0,1023.0,794.0,681.0,651.0,572.0,576.0
청원군 - 계,Statistics,1746.0,1736.0,1671.0,1489.0,1478.0,1317.0,1395.0,1264.0,1187.0,1247.0,1833.0,1670.0,1732.0,1828.0,1846.0,1990.0,1869.0,0.0,0.0,0.0,0.0,0.0,0.0,0.0,0.0,0.0,0.0
청원군 - 남자,Statistics,887.0,897.0,898.0,796.0,781.0,677.0,709.0,634.0,597.0,645.0,931.0,846.0,936.0,931.0,930.0,1045.0,954.0,0.0,0.0,0.0,0.0,0.0,0.0,0.0,0.0,0.0,0.0
청원군 - 여자,Statistics,859.0,839.0,773.0,693.0,697.0,640.0,686.0,630.0,590.0,602.0,902.0,824.0,796.0,897.0,916.0,945.0,915.0,0.0,0.0,0.0,0.0,0.0,0.0,0.0,0.0,0.0,0.0
청주시 - 계,Statistics,8950.0,8526.0,8266.0,8849.0,7603.0,6970.0,6962.0,6846.0,6351.0,6569.0,7055.0,6714.0,6599.0,6950.0,7232.0,7481.0,6728.0,0.0,0.0,0.0,0.0,0.0,0.0,0.0,0.0,0.0,0.0
청주시 - 남자,Statistics,4521.0,4425.0,4303.0,4727.0,3961.0,3651.0,3653.0,3562.0,3295.0,3338.0,3657.0,3464.0,3439.0,3596.0,3666.0,3831.0,3484.0,0.0,0.0,0.0,0.0,0.0,0.0,0.0,0.0,0.0,0.0
청주시 - 여자,Statistics,4429.0,4101.0,3963.0,4122.0,3642.0,3319.0,3309.0,3284.0,3056.0,3231.0,3398.0,3250.0,3160.0,3354.0,3566.0,3650.0,3244.0,0.0,0.0,0.0,0.0,0.0,0.0,0.0,0.0,0.0,0.0
춘천시 - 계,Statistics,3301.0,3222.0,3103.0,3258.0,2828.0,2550.0,2403.0,2249.0,2165.0,2079.0,2315.0,2220.0,2113.0,2276.0,2404.0,2305.0,2136.0,2042.0,2057.0,1993.0,1742.0,1705.0,1675.0,1592.0,1487.0,1509.0,1330.0
춘천시 - 남자,Statistics,1681.0,1647.0,1598.0,1757.0,1467.0,1352.0,1247.0,1200.0,1140.0,1113.0,1175.0,1141.0,1082.0,1186.0,1242.0,1186.0,1107.0,1058.0,1046.0,1014.0,897.0,854.0,856.0,793.0,764.0,739.0,691.0
춘천시 - 여자,Statistics,1620.0,1575.0,1505.0,1501.0,1361.0,1198.0,1156.0,1049.0,1025.0,966.0,1140.0,1079.0,1031.0,1090.0,1162.0,1119.0,1029.0,984.0,1011.0,979.0,845.0,851.0,819.0,799.0,723.0,770.0,639.0
충주시 - 계,Statistics,3072.0,2839.0,2746.0,2677.0,2488.0,1987.0,1896.0,1816.0,1595.0,1579.0,1741.0,1614.0,1575.0,1722.0,1672.0,1596.0,1486.0,1440.0,1430.0,1428.0,1234.0,1155.0,1100.0,1042.0,954.0,869.0,930.0
충주시 - 남자,Statistics,1634.0,1446.0,1430.0,1397.0,1295.0,1074.0,986.0,971.0,840.0,820.0,900.0,859.0,790.0,874.0,901.0,797.0,737.0,722.0,717.0,742.0,623.0,578.0,591.0,524.0,478.0,444.0,479.0
충주시 - 여자,Statistics,1438.0,1393.0,1316.0,1280.0,1193.0,913.0,910.0,845.0,755.0,759.0,841.0,755.0,785.0,848.0,771.0,799.0,749.0,718.0,713.0,686.0,611.0,577.0,509.0,518.0,476.0,425.0,451.0
충청남도 - 계,Statistics,24551.0,24472.0,24045.0,24733.0,21962.0,19059.0,18627.0,18640.0,17521.0,18625.0,20630.0,19749.0,19257.0,20242.0,20398.0,20448.0,18628.0,18200.0,18604.0,17302.0,15670.0,14380.0,13228.0,11950.0,10984.0,10221.0,9436.0
충청남도 - 남자,Statistics,12714.0,12842.0,12614.0,12948.0,11358.0,10038.0,9684.0,9682.0,9020.0,9645.0,10659.0,10138.0,9883.0,10439.0,10567.0,10409.0,9579.0,9305.0,9598.0,8776.0,8033.0,7280.0,6773.0,6173.0,5688.0,5210.0,4801.0
충청남도 - 여자,Statistics,11837.0,11630.0,11431.0,11785.0,10604.0,9021.0,8943.0,8958.0,8501.0,8980.0,9971.0,9611.0,9374.0,9803.0,9831.0,10039.0,9049.0,8895.0,9006.0,8526.0,7637.0,7100.0,6455.0,5777.0,5296.0,5011.0,4635.0
충청북도 - 계,Statistics,21103.0,20151.0,19434.0,19628.0,17322.0,15329.0,14650.0,14331.0,13164.0,13366.0,15002.0,14064.0,13903.0,14670.0,14804.0,15139.0,13658.0,13366.0,13563.0,12742.0,11394.0,10586.0,9333.0,8607.0,8190.0,7452.0,7580.0
충청북도 - 남자,Statistics,10840.0,10473.0,10132.0,10386.0,9058.0,8000.0,7635.0,7486.0,6830.0,6836.0,7734.0,7317.0,7197.0,7577.0,7598.0,7752.0,6950.0,6767.0,6887.0,6561.0,5830.0,5442.0,4838.0,4432.0,4134.0,3827.0,3891.0
충청북도 - 여자,Statistics,10263.0,9678.0,9302.0,9242.0,8264.0,7329.0,7015.0,6845.0,6334.0,6530.0,7268.0,6747.0,6706.0,7093.0,7206.0,7387.0,6708.0,6599.0,6676.0,6181.0,5564.0,5144.0,4495.0,4175.0,4056.0,3625.0,3689.0
칠곡군 - 계,Statistics,1716.0,1534.0,1575.0,1919.0,2000.0,1604.0,1621.0,1479.0,1392.0,1397.0,1609.0,1592.0,1444.0,1790.0,1905.0,1426.0,1270.0,1263.0,1361.0,1307.0,1039.0,876.0,662.0,464.0,443.0,407.0,0.0
칠곡군 - 남자,Statistics,928.0,854.0,867.0,992.0,1043.0,870.0,874.0,797.0,720.0,703.0,850.0,797.0,726.0,959.0,970.0,725.0,672.0,657.0,715.0,676.0,544.0,447.0,314.0,238.0,226.0,203.0,0.0
칠곡군 - 여자,Statistics,788.0,680.0,708.0,927.0,957.0,734.0,747.0,682.0,672.0,694.0,759.0,795.0,718.0,831.0,935.0,701.0,598.0,606.0,646.0,631.0,495.0,429.0,348.0,226.0,217.0,204.0,0.0
태백시 - 계,Statistics,616.0,605.0,564.0,575.0,479.0,497.0,467.0,456.0,427.0,449.0,499.0,474.0,452.0,475.0,402.0,419.0,338.0,336.0,300.0,244.0,242.0,228.0,176.0,161.0,131.0,129.0,91.0
태백시 - 남자,Statistics,337.0,327.0,300.0,305.0,265.0,254.0,241.0,221.0,223.0,221.0,269.0,227.0,218.0,246.0,195.0,217.0,172.0,176.0,154.0,125.0,124.0,109.0,100.0,93.0,66.0,73.0,42.0
태백시 - 여자,Statistics,279.0,278.0,264.0,270.0,214.0,243.0,226.0,235.0,204.0,228.0,230.0,247.0,234.0,229.0,207.0,202.0,166.0,160.0,146.0,119.0,118.0,119.0,76.0,68.0,65.0,56.0,49.0
태안군 - 계,Statistics,704.0,662.0,685.0,723.0,654.0,551.0,474.0,464.0,429.0,468.0,479.0,441.0,440.0,403.0,424.0,427.0,379.0,331.0,340.0,352.0,272.0,268.0,217.0,218.0,175.0,169.0,0.0
태안군 - 남자,Statistics,350.0,336.0,352.0,389.0,345.0,292.0,238.0,229.0,208.0,234.0,248.0,227.0,237.0,202.0,219.0,215.0,198.0,152.0,179.0,174.0,131.0,139.0,108.0,99.0,104.0,81.0,0.0
태안군 - 여자,Statistics,354.0,326.0,333.0,334.0,309.0,259.0,236.0,235.0,221.0,234.0,231.0,214.0,203.0,201.0,205.0,212.0,181.0,179.0,161.0,178.0,141.0,129.0,109.0,119.0,71.0,88.0,0.0
통영시 - 계,Statistics,1582.0,1541.0,1506.0,1551.0,1336.0,1161.0,1187.0,1123.0,1085.0,1158.0,1359.0,1449.0,1433.0,1583.0,1584.0,1551.0,1193.0,1273.0,1233.0,1059.0,845.0,641.0,536.0,468.0,424.0,392.0,343.0
통영시 - 남자,Statistics,806.0,824.0,809.0,832.0,716.0,607.0,636.0,599.0,572.0,606.0,705.0,741.0,772.0,815.0,794.0,819.0,618.0,647.0,595.0,536.0,415.0,306.0,258.0,240.0,192.0,211.0,181.0
통영시 - 여자,Statistics,776.0,717.0,697.0,719.0,620.0,554.0,551.0,524.0,513.0,552.0,654.0,708.0,661.0,768.0,790.0,732.0,575.0,626.0,638.0,523.0,430.0,335.0,278.0,228.0,232.0,181.0,162.0
파주시 - 계,Statistics,2416.0,2455.0,2244.0,2494.0,2528.0,2647.0,2673.0,2437.0,2472.0,2977.0,3494.0,3279.0,3123.0,3784.0,3946.0,4382.0,3965.0,4011.0,4078.0,3876.0,3409.0,3227.0,3077.0,2691.0,2542.0,2730.0,2428.0
파주시 - 남자,Statistics,1286.0,1310.0,1194.0,1284.0,1302.0,1407.0,1353.0,1295.0,1258.0,1502.0,1798.0,1661.0,1630.0,1927.0,2037.0,2289.0,2026.0,2052.0,2068.0,2006.0,1703.0,1628.0,1593.0,1369.0,1265.0,1421.0,1237.0
파주시 - 여자,Statistics,1130.0,1145.0,1050.0,1210.0,1226.0,1240.0,1320.0,1142.0,1214.0,1475.0,1696.0,1618.0,1493.0,1857.0,1909.0,2093.0,1939.0,1959.0,2010.0,1870.0,1706.0,1599.0,1484.0,1322.0,1277.0,1309.0,1191.0
팔달구 - 계,Statistics,4231.0,5443.0,5726.0,6192.0,5467.0,4925.0,2572.0,2500.0,2172.0,2168.0,2361.0,2232.0,1959.0,2087.0,1976.0,2020.0,1799.0,1708.0,1602.0,1483.0,1215.0,1012.0,808.0,724.0,816.0,926.0,943.0
팔달구 - 남자,Statistics,2222.0,2859.0,2985.0,3264.0,2867.0,2590.0,1336.0,1269.0,1133.0,1105.0,1221.0,1174.0,1026.0,1057.0,1009.0,1037.0,919.0,841.0,851.0,755.0,615.0,520.0,410.0,373.0,435.0,486.0,482.0
팔달구 - 여자,Statistics,2009.0,2584.0,2741.0,2928.0,2600.0,2335.0,1236.0,1231.0,1039.0,1063.0,1140.0,1058.0,933.0,1030.0,967.0,983.0,880.0,867.0,751.0,728.0,600.0,492.0,398.0,351.0,381.0,440.0,461.0
평창군 - 계,Statistics,559.0,576.0,506.0,517.0,403.0,401.0,334.0,345.0,291.0,289.0,321.0,306.0,256.0,275.0,229.0,259.0,245.0,202.0,208.0,186.0,185.0,142.0,144.0,109.0,106.0,96.0,0.0
평창군 - 남자,Statistics,287.0,298.0,243.0,259.0,221.0,192.0,166.0,198.0,163.0,157.0,176.0,152.0,132.0,144.0,125.0,135.0,147.0,95.0,90.0,91.0,101.0,69.0,78.0,44.0,51.0,47.0,0.0
평창군 - 여자,Statistics,272.0,278.0,263.0,258.0,182.0,209.0,168.0,147.0,128.0,132.0,145.0,154.0,124.0,131.0,104.0,124.0,98.0,107.0,118.0,95.0,84.0,73.0,66.0,65.0,55.0,49.0,0.0
평택시 - 계,Statistics,6448.0,6051.0,5506.0,5641.0,4993.0,4310.0,4249.0,4128.0,3951.0,4450.0,4880.0,4569.0,4309.0,4386.0,4364.0,4615.0,4262.0,4360.0,4462.0,4179.0,3870.0,3586.0,3562.0,3597.0,3714.0,3926.0,3628.0
평택시 - 남자,Statistics,3413.0,3166.0,2842.0,2999.0,2551.0,2240.0,2121.0,2156.0,1988.0,2326.0,2516.0,2344.0,2152.0,2279.0,2221.0,2372.0,2133.0,2254.0,2324.0,2150.0,1962.0,1850.0,1776.0,1767.0,1875.0,2010.0,1876.0
평택시 - 여자,Statistics,3035.0,2885.0,2664.0,2642.0,2442.0,2070.0,2128.0,1972.0,1963.0,2124.0,2364.0,2225.0,2157.0,2107.0,2143.0,2243.0,2129.0,2106.0,2138.0,2029.0,1908.0,1736.0,1786.0,1830.0,1839.0,1916.0,1752.0
포천군 - 계,Statistics,2146.0,2124.0,2055.0,2032.0,1793.0,1641.0,0.0,0.0,0.0,0.0,0.0,0.0,0.0,0.0,0.0,0.0,0.0,0.0,0.0,0.0,0.0,0.0,0.0,0.0,0.0,0.0,0.0
포천군 - 남자,Statistics,1137.0,1147.0,1059.0,1062.0,968.0,870.0,0.0,0.0,0.0,0.0,0.0,0.0,0.0,0.0,0.0,0.0,0.0,0.0,0.0,0.0,0.0,0.0,0.0,0.0,0.0,0.0,0.0
포천군 - 여자,Statistics,1009.0,977.0,996.0,970.0,825.0,771.0,0.0,0.0,0.0,0.0,0.0,0.0,0.0,0.0,0.0,0.0,0.0,0.0,0.0,0.0,0.0,0.0,0.0,0.0,0.0,0.0,0.0
포천시 - 계,Statistics,0.0,0.0,0.0,0.0,0.0,0.0,1673.0,1344.0,1363.0,1503.0,1504.0,1360.0,1286.0,1265.0,1189.0,1301.0,1056.0,990.0,1085.0,983.0,875.0,772.0,617.0,582.0,536.0,552.0,506.0
포천시 - 남자,Statistics,0.0,0.0,0.0,0.0,0.0,0.0,845.0,651.0,732.0,784.0,798.0,693.0,651.0,640.0,630.0,634.0,552.0,508.0,560.0,519.0,454.0,397.0,317.0,301.0,267.0,254.0,272.0
포천시 - 여자,Statistics,0.0,0.0,0.0,0.0,0.0,0.0,828.0,693.0,631.0,719.0,706.0,667.0,635.0,625.0,559.0,667.0,504.0,482.0,525.0,464.0,421.0,375.0,300.0,281.0,269.0,298.0,234.0
포항시 - 계,Statistics,7045.0,6290.0,6405.0,6417.0,5469.0,4646.0,4612.0,4240.0,4086.0,4067.0,4409.0,4301.0,4201.0,4587.0,4645.0,4817.0,4548.0,4514.0,4604.0,4088.0,3511.0,3109.0,2701.0,2461.0,2221.0,2187.0,2040.0
포항시 - 남자,Statistics,3754.0,3299.0,3407.0,3444.0,2925.0,2428.0,2422.0,2258.0,2193.0,2122.0,2306.0,2182.0,2222.0,2340.0,2437.0,2565.0,2397.0,2348.0,2369.0,2128.0,1821.0,1660.0,1353.0,1276.0,1133.0,1103.0,1071.0
포항시 - 여자,Statistics,3291.0,2991.0,2998.0,2973.0,2544.0,2218.0,2190.0,1982.0,1893.0,1945.0,2103.0,2119.0,1979.0,2247.0,2208.0,2252.0,2151.0,2166.0,2235.0,1960.0,1690.0,1449.0,1348.0,1185.0,1088.0,1084.0,969.0
하남시 - 계,Statistics,1860.0,1690.0,1534.0,1560.0,1342.0,1243.0,1144.0,1217.0,1063.0,1132.0,1349.0,1301.0,1358.0,1409.0,1335.0,1281.0,1112.0,1142.0,1212.0,1600.0,1850.0,1892.0,1981.0,1958.0,2213.0,2253.0,2021.0
하남시 - 남자,Statistics,969.0,873.0,794.0,827.0,708.0,621.0,615.0,628.0,563.0,602.0,724.0,676.0,699.0,733.0,671.0,709.0,568.0,602.0,625.0,809.0,979.0,974.0,1052.0,1011.0,1135.0,1177.0,1066.0
하남시 - 여자,Statistics,891.0,817.0,740.0,733.0,634.0,622.0,529.0,589.0,500.0,530.0,625.0,625.0,659.0,676.0,664.0,572.0,544.0,540.0,587.0,791.0,871.0,918.0,929.0,947.0,1078.0,1076.0,955.0
하동군 - 계,Statistics,605.0,613.0,565.0,559.0,500.0,383.0,354.0,358.0,317.0,305.0,361.0,320.0,277.0,317.0,283.0,292.0,213.0,224.0,240.0,228.0,188.0,176.0,185.0,136.0,127.0,93.0,0.0
하동군 - 남자,Statistics,332.0,316.0,292.0,299.0,270.0,192.0,201.0,205.0,170.0,161.0,189.0,161.0,127.0,177.0,160.0,152.0,110.0,130.0,123.0,90.0,98.0,93.0,90.0,69.0,68.0,46.0,0.0
하동군 - 여자,Statistics,273.0,297.0,273.0,260.0,230.0,191.0,153.0,153.0,147.0,144.0,172.0,159.0,150.0,140.0,123.0,140.0,103.0,94.0,117.0,138.0,90.0,83.0,95.0,67.0,59.0,47.0,0.0
함안군 - 계,Statistics,799.0,776.0,751.0,685.0,603.0,565.0,516.0,478.0,434.0,478.0,666.0,657.0,633.0,604.0,548.0,547.0,521.0,490.0,510.0,474.0,387.0,307.0,291.0,207.0,171.0,154.0,0.0
함안군 - 남자,Statistics,408.0,413.0,354.0,365.0,335.0,303.0,289.0,245.0,233.0,269.0,342.0,350.0,324.0,320.0,260.0,283.0,249.0,253.0,259.0,249.0,203.0,165.0,135.0,106.0,89.0,71.0,0.0
함안군 - 여자,Statistics,391.0,363.0,397.0,320.0,268.0,262.0,227.0,233.0,201.0,209.0,324.0,307.0,309.0,284.0,288.0,264.0,272.0,237.0,251.0,225.0,184.0,142.0,156.0,101.0,82.0,83.0,0.0
함양군 - 계,Statistics,428.0,457.0,406.0,446.0,361.0,310.0,299.0,261.0,270.0,298.0,312.0,277.0,262.0,276.0,222.0,237.0,238.0,223.0,209.0,178.0,160.0,150.0,136.0,105.0,99.0,76.0,0.0
함양군 - 남자,Statistics,232.0,251.0,208.0,213.0,179.0,164.0,150.0,143.0,142.0,150.0,163.0,153.0,129.0,145.0,108.0,132.0,119.0,115.0,98.0,97.0,64.0,75.0,54.0,52.0,57.0,41.0,0.0
함양군 - 여자,Statistics,196.0,206.0,198.0,233.0,182.0,146.0,149.0,118.0,128.0,148.0,149.0,124.0,133.0,131.0,114.0,105.0,119.0,108.0,111.0,81.0,96.0,75.0,82.0,53.0,42.0,35.0,0.0
함평군 - 계,Statistics,425.0,398.0,411.0,365.0,358.0,288.0,299.0,269.0,262.0,255.0,274.0,243.0,262.0,242.0,266.0,279.0,237.0,249.0,202.0,205.0,160.0,146.0,123.0,132.0,83.0,73.0,0.0
함평군 - 남자,Statistics,207.0,210.0,228.0,183.0,182.0,157.0,150.0,155.0,140.0,128.0,141.0,121.0,150.0,127.0,133.0,155.0,125.0,128.0,95.0,128.0,89.0,78.0,59.0,64.0,39.0,41.0,0.0
함평군 - 여자,Statistics,218.0,188.0,183.0,182.0,176.0,131.0,149.0,114.0,122.0,127.0,133.0,122.0,112.0,115.0,133.0,124.0,112.0,121.0,107.0,77.0,71.0,68.0,64.0,68.0,44.0,32.0,0.0
합천군 - 계,Statistics,597.0,561.0,549.0,464.0,418.0,357.0,391.0,328.0,292.0,269.0,342.0,333.0,306.0,257.0,284.0,245.0,233.0,207.0,169.0,174.0,123.0,125.0,137.0,107.0,86.0,97.0,0.0
합천군 - 남자,Statistics,308.0,297.0,280.0,257.0,230.0,193.0,227.0,156.0,143.0,138.0,186.0,183.0,148.0,129.0,150.0,134.0,122.0,110.0,90.0,106.0,69.0,64.0,57.0,63.0,51.0,54.0,0.0
합천군 - 여자,Statistics,289.0,264.0,269.0,207.0,188.0,164.0,164.0,172.0,149.0,131.0,156.0,150.0,158.0,128.0,134.0,111.0,111.0,97.0,79.0,68.0,54.0,61.0,80.0,44.0,35.0,43.0,0.0
합포구 - 계,Statistics,2483.0,2297.0,2348.0,2303.0,0.0,0.0,0.0,0.0,0.0,0.0,0.0,0.0,0.0,0.0,0.0,0.0,0.0,0.0,0.0,0.0,0.0,0.0,0.0,0.0,0.0,0.0,0.0
합포구 - 남자,Statistics,1307.0,1210.0,1231.0,1238.0,0.0,0.0,0.0,0.0,0.0,0.0,0.0,0.0,0.0,0.0,0.0,0.0,0.0,0.0,0.0,0.0,0.0,0.0,0.0,0.0,0.0,0.0,0.0
합포구 - 여자,Statistics,1176.0,1087.0,1117.0,1065.0,0.0,0.0,0.0,0.0,0.0,0.0,0.0,0.0,0.0,0.0,0.0,0.0,0.0,0.0,0.0,0.0,0.0,0.0,0.0,0.0,0.0,0.0,0.0
해남군 - 계,Statistics,982.0,1059.0,1044.0,1038.0,897.0,725.0,664.0,631.0,626.0,614.0,654.0,610.0,530.0,596.0,518.0,832.0,808.0,835.0,839.0,786.0,640.0,533.0,490.0,395.0,295.0,216.0,0.0
해남군 - 남자,Statistics,474.0,569.0,544.0,537.0,483.0,359.0,338.0,322.0,309.0,302.0,330.0,322.0,283.0,300.0,264.0,401.0,386.0,428.0,446.0,394.0,342.0,277.0,245.0,200.0,157.0,119.0,0.0
해남군 - 여자,Statistics,508.0,490.0,500.0,501.0,414.0,366.0,326.0,309.0,317.0,312.0,324.0,288.0,247.0,296.0,254.0,431.0,422.0,407.0,393.0,392.0,298.0,256.0,245.0,195.0,138.0,97.0,0.0
해운대구 - 계,Statistics,5008.0,5110.0,5072.0,5003.0,4302.0,3524.0,3380.0,3115.0,2964.0,3117.0,3646.0,3314.0,3229.0,3368.0,3493.0,3473.0,3148.0,3092.0,3022.0,2845.0,2275.0,2084.0,1948.0,1728.0,1577.0,1512.0,1398.0
해운대구 - 남자,Statistics,2616.0,2754.0,2643.0,2707.0,2230.0,1852.0,1775.0,1598.0,1519.0,1585.0,1841.0,1647.0,1706.0,1738.0,1797.0,1822.0,1668.0,1586.0,1592.0,1451.0,1195.0,1049.0,1011.0,877.0,805.0,778.0,714.0
해운대구 - 여자,Statistics,2392.0,2356.0,2429.0,2296.0,2072.0,1672.0,1605.0,1517.0,1445.0,1532.0,1805.0,1667.0,1523.0,1630.0,1696.0,1651.0,1480.0,1506.0,1430.0,1394.0,1080.0,1035.0,937.0,851.0,772.0,734.0,684.0
홍성군 - 계,Statistics,989.0,1044.0,1002.0,977.0,852.0,723.0,722.0,673.0,670.0,666.0,720.0,664.0,613.0,611.0,578.0,595.0,580.0,549.0,613.0,691.0,698.0,627.0,574.0,560.0,508.0,407.0,0.0
홍성군 - 남자,Statistics,541.0,517.0,547.0,512.0,448.0,388.0,376.0,337.0,336.0,341.0,359.0,326.0,320.0,313.0,315.0,295.0,307.0,278.0,306.0,353.0,352.0,325.0,298.0,324.0,262.0,218.0,0.0
홍성군 - 여자,Statistics,448.0,527.0,455.0,465.0,404.0,335.0,346.0,336.0,334.0,325.0,361.0,338.0,293.0,298.0,263.0,300.0,273.0,271.0,307.0,338.0,346.0,302.0,276.0,236.0,246.0,189.0,0.0
홍천군 - 계,Statistics,1006.0,882.0,949.0,914.0,797.0,726.0,664.0,618.0,595.0,518.0,635.0,548.0,529.0,492.0,463.0,493.0,420.0,428.0,474.0,403.0,378.0,361.0,308.0,295.0,265.0,257.0,0.0
홍천군 - 남자,Statistics,522.0,456.0,502.0,472.0,421.0,368.0,354.0,301.0,298.0,270.0,323.0,278.0,296.0,248.0,229.0,241.0,213.0,202.0,250.0,217.0,199.0,188.0,155.0,145.0,134.0,126.0,0.0
홍천군 - 여자,Statistics,484.0,426.0,447.0,442.0,376.0,358.0,310.0,317.0,297.0,248.0,312.0,270.0,233.0,244.0,234.0,252.0,207.0,226.0,224.0,186.0,179.0,173.0,153.0,150.0,131.0,131.0,0.0
화성군 - 계,Statistics,2719.0,2546.0,2621.0,2910.0,0.0,0.0,0.0,0.0,0.0,0.0,0.0,0.0,0.0,0.0,0.0,0.0,0.0,0.0,0.0,0.0,0.0,0.0,0.0,0.0,0.0,0.0,0.0
화성군 - 남자,Statistics,1396.0,1290.0,1336.0,1513.0,0.0,0.0,0.0,0.0,0.0,0.0,0.0,0.0,0.0,0.0,0.0,0.0,0.0,0.0,0.0,0.0,0.0,0.0,0.0,0.0,0.0,0.0,0.0
화성군 - 여자,Statistics,1323.0,1256.0,1285.0,1397.0,0.0,0.0,0.0,0.0,0.0,0.0,0.0,0.0,0.0,0.0,0.0,0.0,0.0,0.0,0.0,0.0,0.0,0.0,0.0,0.0,0.0,0.0,0.0
화성시 - 계,Statistics,0.0,0.0,0.0,0.0,2714.0,2703.0,2909.0,3272.0,3786.0,4289.0,5400.0,6610.0,7543.0,8207.0,7947.0,7656.0,6525.0,6230.0,6726.0,7262.0,7004.0,7178.0,7158.0,6842.0,6551.0,6445.0,6714.0
화성시 - 남자,Statistics,0.0,0.0,0.0,0.0,1389.0,1414.0,1532.0,1685.0,1952.0,2228.0,2714.0,3441.0,3920.0,4229.0,4079.0,3914.0,3379.0,3157.0,3470.0,3669.0,3609.0,3682.0,3699.0,3412.0,3310.0,3361.0,3432.0
화성시 - 여자,Statistics,0.0,0.0,0.0,0.0,1325.0,1289.0,1377.0,1587.0,1834.0,2061.0,2686.0,3169.0,3623.0,3978.0,3868.0,3742.0,3146.0,3073.0,3256.0,3593.0,3395.0,3496.0,3459.0,3430.0,3241.0,3084.0,3282.0
화순군 - 계,Statistics,1120.0,1175.0,1211.0,1324.0,1160.0,1089.0,991.0,887.0,748.0,696.0,793.0,628.0,624.0,584.0,581.0,527.0,443.0,408.0,372.0,332.0,304.0,269.0,281.0,262.0,191.0,171.0,0.0
화순군 - 남자,Statistics,573.0,628.0,623.0,706.0,588.0,552.0,549.0,466.0,384.0,357.0,385.0,337.0,317.0,306.0,300.0,269.0,226.0,209.0,181.0,158.0,156.0,134.0,154.0,134.0,93.0,102.0,0.0
화순군 - 여자,Statistics,547.0,547.0,588.0,618.0,572.0,537.0,442.0,421.0,364.0,339.0,408.0,291.0,307.0,278.0,281.0,258.0,217.0,199.0,191.0,174.0,148.0,135.0,127.0,128.0,98.0,69.0,0.0
화천군 - 계,Statistics,406.0,382.0,440.0,373.0,381.0,335.0,300.0,286.0,275.0,264.0,293.0,259.0,250.0,243.0,256.0,277.0,238.0,248.0,267.0,221.0,199.0,202.0,195.0,150.0,138.0,155.0,0.0
화천군 - 남자,Statistics,196.0,201.0,236.0,204.0,203.0,158.0,143.0,147.0,152.0,132.0,147.0,132.0,126.0,122.0,129.0,145.0,114.0,123.0,137.0,99.0,108.0,93.0,95.0,77.0,81.0,78.0,0.0
화천군 - 여자,Statistics,210.0,181.0,204.0,169.0,178.0,177.0,157.0,139.0,123.0,132.0,146.0,127.0,124.0,121.0,127.0,132.0,124.0,125.0,130.0,122.0,91.0,109.0,100.0,73.0,57.0,77.0,0.0
회원구 - 계,Statistics,2779.0,2629.0,2639.0,2651.0,0.0,0.0,0.0,0.0,0.0,0.0,0.0,0.0,0.0,0.0,0.0,0.0,0.0,0.0,0.0,0.0,0.0,0.0,0.0,0.0,0.0,0.0,0.0
회원구 - 남자,Statistics,1472.0,1374.0,1375.0,1379.0,0.0,0.0,0.0,0.0,0.0,0.0,0.0,0.0,0.0,0.0,0.0,0.0,0.0,0.0,0.0,0.0,0.0,0.0,0.0,0.0,0.0,0.0,0.0
회원구 - 여자,Statistics,1307.0,1255.0,1264.0,1272.0,0.0,0.0,0.0,0.0,0.0,0.0,0.0,0.0,0.0,0.0,0.0,0.0,0.0,0.0,0.0,0.0,0.0,0.0,0.0,0.0,0.0,0.0,0.0
횡성군 - 계,Statistics,562.0,508.0,491.0,414.0,379.0,377.0,326.0,327.0,288.0,283.0,323.0,282.0,256.0,280.0,247.0,261.0,204.0,207.0,230.0,208.0,174.0,149.0,179.0,159.0,150.0,125.0,0.0
횡성군 - 남자,Statistics,278.0,276.0,281.0,225.0,212.0,195.0,169.0,173.0,148.0,144.0,164.0,155.0,130.0,145.0,128.0,127.0,102.0,105.0,107.0,103.0,93.0,88.0,95.0,78.0,82.0,67.0,0.0
횡성군 - 여자,Statistics,284.0,232.0,210.0,189.0,167.0,182.0,157.0,154.0,140.0,139.0,159.0,127.0,126.0,135.0,119.0,134.0,102.0,102.0,123.0,105.0,81.0,61.0,84.0,81.0,68.0,58.0,0.0
흥덕구 - 계,Statistics,5328.0,5290.0,5248.0,5685.0,5271.0,4580.0,4487.0,4149.0,3914.0,4049.0,4401.0,4393.0,4462.0,4699.0,4994.0,5226.0,4576.0,0.0,0.0,0.0,0.0,0.0,0.0,0.0,0.0,0.0,0.0
흥덕구 - 남자,Statistics,2680.0,2752.0,2696.0,3077.0,2708.0,2355.0,2345.0,2161.0,2014.0,2087.0,2257.0,2285.0,2338.0,2395.0,2526.0,2653.0,2354.0,0.0,0.0,0.0,0.0,0.0,0.0,0.0,0.0,0.0,0.0
흥덕구 - 여자,Statistics,2648.0,2538.0,2552.0,2608.0,2563.0,2225.0,2142.0,1988.0,1900.0,1962.0,2144.0,2108.0,2124.0,2304.0,2468.0,2573.0,2222.0,0.0,0.0,0.0,0.0,0.0,0.0,0.0,0.0,0.0,0.0
