item,category,1997,1998,1999,2000,2001,2002,2003,2004,2005,2006,2007,2008,2009,2010,2011,2012,2013,2014,2015,2016,2017,2018,2019,2020,2021,2022,2023
가평군 - 계 - 사망자수,Statistics,566.0,568.0,600.0,555.0,551.0,594.0,567.0,549.0,511.0,538.0,510.0,561.0,538.0,573.0,553.0,546.0,519.0,519.0,544.0,608.0,605.0,662.0,642.0,654.0,640.0,796.0,739.0
가평군 - 남자 - 사망자수,Statistics,298.0,331.0,311.0,287.0,310.0,339.0,325.0,303.0,284.0,315.0,300.0,318.0,308.0,319.0,319.0,319.0,300.0,289.0,301.0,350.0,339.0,362.0,359.0,367.0,339.0,416.0,389.0
가평군 - 여자 - 사망자수,Statistics,268.0,237.0,289.0,268.0,241.0,255.0,242.0,246.0,227.0,223.0,210.0,243.0,230.0,254.0,234.0,227.0,219.0,230.0,243.0,258.0,266.0,300.0,283.0,287.0,301.0,380.0,350.0
강남구 - 계 - 사망자수,Statistics,1742.0,1822.0,1731.0,1722.0,1811.0,1589.0,1572.0,1570.0,1697.0,1534.0,1612.0,1626.0,1668.0,1641.0,1638.0,1696.0,1828.0,1848.0,1751.0,1780.0,1756.0,1796.0,1838.0,1867.0,1920.0,2232.0,2091.0
강남구 - 남자 - 사망자수,Statistics,875.0,913.0,893.0,870.0,950.0,781.0,798.0,818.0,847.0,767.0,809.0,827.0,847.0,836.0,798.0,838.0,937.0,964.0,874.0,899.0,929.0,911.0,936.0,944.0,1016.0,1187.0,1100.0
강남구 - 여자 - 사망자수,Statistics,867.0,909.0,838.0,852.0,861.0,808.0,774.0,752.0,850.0,767.0,803.0,799.0,821.0,805.0,840.0,858.0,891.0,884.0,877.0,881.0,827.0,885.0,902.0,923.0,904.0,1045.0,991.0
강동구 - 계 - 사망자수,Statistics,1560.0,1642.0,1669.0,1729.0,1639.0,1684.0,1549.0,1689.0,1561.0,1495.0,1591.0,1549.0,1741.0,1757.0,1778.0,1886.0,1953.0,1895.0,1857.0,1791.0,1877.0,1905.0,1898.0,1901.0,2122.0,2481.0,2367.0
강동구 - 남자 - 사망자수,Statistics,845.0,916.0,881.0,935.0,853.0,887.0,834.0,942.0,860.0,825.0,890.0,859.0,972.0,984.0,977.0,1049.0,1089.0,1037.0,1032.0,997.0,1047.0,1073.0,1077.0,1068.0,1200.0,1342.0,1305.0
강동구 - 여자 - 사망자수,Statistics,715.0,726.0,788.0,794.0,786.0,797.0,715.0,747.0,701.0,670.0,701.0,690.0,769.0,773.0,801.0,837.0,864.0,858.0,825.0,794.0,830.0,832.0,821.0,833.0,922.0,1139.0,1062.0
강릉시 - 계 - 사망자수,Statistics,1441.0,1428.0,1545.0,1439.0,1532.0,1574.0,1516.0,1521.0,1601.0,1361.0,1416.0,1485.0,1485.0,1413.0,1434.0,1490.0,1471.0,1539.0,1553.0,1545.0,1529.0,1678.0,1720.0,1709.0,1710.0,2080.0,1975.0
강릉시 - 남자 - 사망자수,Statistics,816.0,833.0,911.0,838.0,847.0,894.0,845.0,910.0,887.0,763.0,791.0,837.0,814.0,810.0,825.0,837.0,839.0,846.0,853.0,859.0,809.0,908.0,954.0,935.0,905.0,1112.0,1085.0
강릉시 - 여자 - 사망자수,Statistics,625.0,595.0,634.0,601.0,685.0,680.0,671.0,611.0,714.0,598.0,625.0,648.0,671.0,603.0,609.0,653.0,632.0,693.0,700.0,686.0,720.0,770.0,766.0,774.0,805.0,968.0,890.0
강북구 - 계 - 사망자수,Statistics,1589.0,1486.0,1453.0,1540.0,1514.0,1647.0,1676.0,1593.0,1539.0,1620.0,1554.0,1585.0,1529.0,1636.0,1684.0,1741.0,1712.0,1747.0,1854.0,1845.0,1873.0,1960.0,1874.0,1968.0,2036.0,2368.0,2262.0
강북구 - 남자 - 사망자수,Statistics,895.0,830.0,789.0,876.0,846.0,915.0,921.0,931.0,869.0,937.0,887.0,915.0,886.0,969.0,989.0,1062.0,1008.0,1034.0,1104.0,1099.0,1135.0,1110.0,1089.0,1150.0,1181.0,1365.0,1311.0
강북구 - 여자 - 사망자수,Statistics,694.0,656.0,664.0,664.0,668.0,732.0,755.0,662.0,670.0,683.0,667.0,670.0,643.0,667.0,695.0,679.0,704.0,713.0,750.0,746.0,738.0,850.0,785.0,818.0,855.0,1003.0,951.0
강서구 - 계 - 사망자수,Statistics,1915.0,1832.0,1873.0,1876.0,1919.0,2045.0,2019.0,2013.0,2145.0,2188.0,2143.0,2146.0,2178.0,2330.0,2246.0,2433.0,2429.0,2474.0,2573.0,2594.0,2574.0,2759.0,2691.0,2694.0,2884.0,3285.0,2995.0
강서구 - 남자 - 사망자수,Statistics,996.0,1026.0,996.0,1044.0,1029.0,1142.0,1101.0,1053.0,1144.0,1182.0,1146.0,1137.0,1212.0,1291.0,1245.0,1332.0,1310.0,1348.0,1415.0,1395.0,1367.0,1542.0,1505.0,1473.0,1652.0,1811.0,1668.0
강서구 - 여자 - 사망자수,Statistics,919.0,806.0,877.0,832.0,890.0,903.0,918.0,960.0,1001.0,1006.0,997.0,1009.0,966.0,1039.0,1001.0,1101.0,1119.0,1126.0,1158.0,1199.0,1207.0,1217.0,1186.0,1221.0,1232.0,1474.0,1327.0
강원도 - 계 - 사망자수,Statistics,11070.0,10954.0,11247.0,10984.0,10790.0,10911.0,10890.0,10651.0,10573.0,10490.0,10401.0,10506.0,10415.0,10729.0,10521.0,11030.0,10756.0,11004.0,11301.0,11437.0,11545.0,11976.0,11906.0,12182.0,12749.0,15086.0,14224.0
강원도 - 남자 - 사망자수,Statistics,6446.0,6456.0,6600.0,6352.0,6196.0,6194.0,6158.0,6082.0,6043.0,5920.0,5832.0,5952.0,5906.0,6098.0,5926.0,6189.0,6064.0,6162.0,6245.0,6376.0,6389.0,6557.0,6646.0,6624.0,7015.0,7981.0,7684.0
강원도 - 여자 - 사망자수,Statistics,4624.0,4498.0,4647.0,4632.0,4594.0,4717.0,4732.0,4569.0,4530.0,4570.0,4569.0,4554.0,4509.0,4631.0,4595.0,4841.0,4692.0,4842.0,5056.0,5061.0,5156.0,5419.0,5260.0,5558.0,5734.0,7105.0,6540.0
강진군 - 계 - 사망자수,Statistics,647.0,621.0,595.0,598.0,497.0,490.0,519.0,474.0,511.0,482.0,492.0,467.0,464.0,536.0,486.0,487.0,553.0,473.0,463.0,456.0,489.0,456.0,472.0,457.0,483.0,601.0,551.0
강진군 - 남자 - 사망자수,Statistics,362.0,342.0,315.0,323.0,293.0,281.0,277.0,274.0,288.0,272.0,274.0,256.0,265.0,293.0,266.0,262.0,301.0,245.0,227.0,221.0,251.0,239.0,241.0,228.0,237.0,295.0,242.0
강진군 - 여자 - 사망자수,Statistics,285.0,279.0,280.0,275.0,204.0,209.0,242.0,200.0,223.0,210.0,218.0,211.0,199.0,243.0,220.0,225.0,252.0,228.0,236.0,235.0,238.0,217.0,231.0,229.0,246.0,306.0,309.0
강화군 - 계 - 사망자수,Statistics,663.0,662.0,658.0,696.0,644.0,636.0,656.0,633.0,667.0,619.0,645.0,647.0,683.0,717.0,639.0,688.0,735.0,671.0,689.0,804.0,750.0,801.0,779.0,904.0,895.0,979.0,972.0
강화군 - 남자 - 사망자수,Statistics,393.0,363.0,351.0,382.0,347.0,339.0,342.0,341.0,364.0,332.0,333.0,356.0,381.0,399.0,344.0,366.0,367.0,366.0,370.0,440.0,397.0,447.0,418.0,505.0,479.0,510.0,509.0
강화군 - 여자 - 사망자수,Statistics,270.0,299.0,307.0,314.0,297.0,297.0,314.0,292.0,303.0,287.0,312.0,291.0,302.0,318.0,295.0,322.0,368.0,305.0,319.0,364.0,353.0,354.0,361.0,399.0,416.0,469.0,463.0
거제시 - 계 - 사망자수,Statistics,897.0,958.0,947.0,935.0,896.0,961.0,927.0,944.0,954.0,891.0,934.0,946.0,973.0,1019.0,1010.0,1019.0,997.0,1026.0,985.0,1043.0,1116.0,1059.0,1094.0,1119.0,1172.0,1284.0,1288.0
거제시 - 남자 - 사망자수,Statistics,514.0,562.0,526.0,515.0,498.0,508.0,529.0,518.0,507.0,476.0,483.0,509.0,521.0,553.0,523.0,536.0,519.0,573.0,513.0,578.0,611.0,529.0,583.0,586.0,611.0,682.0,662.0
거제시 - 여자 - 사망자수,Statistics,383.0,396.0,421.0,420.0,398.0,453.0,398.0,426.0,447.0,415.0,451.0,437.0,452.0,466.0,487.0,483.0,478.0,453.0,472.0,465.0,505.0,530.0,511.0,533.0,561.0,602.0,626.0
거창군 - 계 - 사망자수,Statistics,836.0,799.0,778.0,727.0,710.0,702.0,732.0,679.0,675.0,625.0,643.0,666.0,605.0,688.0,638.0,632.0,672.0,655.0,670.0,617.0,696.0,719.0,669.0,713.0,706.0,804.0,764.0
거창군 - 남자 - 사망자수,Statistics,491.0,461.0,445.0,409.0,388.0,397.0,397.0,375.0,361.0,344.0,355.0,386.0,342.0,358.0,349.0,351.0,358.0,345.0,353.0,318.0,368.0,359.0,344.0,365.0,363.0,386.0,383.0
거창군 - 여자 - 사망자수,Statistics,345.0,338.0,333.0,318.0,322.0,305.0,335.0,304.0,314.0,281.0,288.0,280.0,263.0,330.0,289.0,281.0,314.0,310.0,317.0,299.0,328.0,360.0,325.0,348.0,343.0,418.0,381.0
경기도 - 계 - 사망자수,Statistics,36021.0,37684.0,38320.0,38992.0,39163.0,40628.0,41214.0,42266.0,42991.0,43195.0,43865.0,44168.0,45132.0,47687.0,48394.0,50830.0,50959.0,51425.0,53005.0,55215.0,56852.0,60050.0,60568.0,62794.0,67399.0,79010.0,74949.0
경기도 - 남자 - 사망자수,Statistics,20295.0,21259.0,21354.0,21647.0,21743.0,22322.0,22912.0,23363.0,23851.0,24014.0,24146.0,24570.0,25253.0,26549.0,27080.0,28329.0,28141.0,28511.0,29185.0,30072.0,30833.0,32635.0,33192.0,34286.0,36461.0,41685.0,40580.0
경기도 - 여자 - 사망자수,Statistics,15726.0,16425.0,16966.0,17345.0,17420.0,18306.0,18302.0,18903.0,19140.0,19181.0,19719.0,19598.0,19879.0,21138.0,21314.0,22501.0,22818.0,22914.0,23820.0,25143.0,26019.0,27415.0,27376.0,28508.0,30938.0,37325.0,34369.0
경산시 - 계 - 사망자수,Statistics,1258.0,1183.0,1337.0,1298.0,1184.0,1178.0,1137.0,1201.0,1245.0,1232.0,1315.0,1265.0,1276.0,1370.0,1427.0,1454.0,1316.0,1404.0,1407.0,1434.0,1460.0,1571.0,1560.0,1701.0,1640.0,2067.0,1961.0
경산시 - 남자 - 사망자수,Statistics,720.0,651.0,749.0,748.0,655.0,610.0,624.0,669.0,694.0,677.0,734.0,713.0,714.0,764.0,771.0,801.0,722.0,774.0,776.0,757.0,790.0,878.0,877.0,855.0,870.0,1082.0,1071.0
경산시 - 여자 - 사망자수,Statistics,538.0,532.0,588.0,550.0,529.0,568.0,513.0,532.0,551.0,555.0,581.0,552.0,562.0,606.0,656.0,653.0,594.0,630.0,631.0,677.0,670.0,693.0,683.0,846.0,770.0,985.0,890.0
경상남도 - 계 - 사망자수,Statistics,19987.0,20137.0,20213.0,20255.0,19479.0,19783.0,19537.0,19481.0,19420.0,18982.0,19184.0,19341.0,19157.0,19502.0,19593.0,20419.0,19994.0,20239.0,21313.0,21193.0,21634.0,22719.0,22105.0,22881.0,23392.0,27385.0,26386.0
경상남도 - 남자 - 사망자수,Statistics,11337.0,11288.0,11397.0,11275.0,10841.0,10794.0,10732.0,10520.0,10622.0,10368.0,10368.0,10700.0,10443.0,10688.0,10713.0,11041.0,10704.0,10905.0,11414.0,11276.0,11285.0,11820.0,11587.0,11967.0,12294.0,13869.0,13712.0
경상남도 - 여자 - 사망자수,Statistics,8650.0,8849.0,8816.0,8980.0,8638.0,8989.0,8805.0,8961.0,8798.0,8614.0,8816.0,8641.0,8714.0,8814.0,8880.0,9378.0,9290.0,9334.0,9899.0,9917.0,10349.0,10899.0,10518.0,10914.0,11098.0,13516.0,12674.0
경상북도 - 계 - 사망자수,Statistics,22404.0,22161.0,22541.0,21980.0,21318.0,21525.0,21196.0,20684.0,20310.0,19943.0,19975.0,19654.0,19627.0,20249.0,20237.0,20644.0,20245.0,20304.0,20862.0,20978.0,21278.0,22289.0,21703.0,22799.0,22928.0,27840.0,25283.0
경상북도 - 남자 - 사망자수,Statistics,12908.0,12716.0,12536.0,12331.0,11899.0,11874.0,11602.0,11337.0,11125.0,10941.0,10946.0,10988.0,10891.0,11131.0,11146.0,11372.0,11012.0,11004.0,11249.0,11111.0,11348.0,11742.0,11389.0,12007.0,11903.0,14026.0,13066.0
경상북도 - 여자 - 사망자수,Statistics,9496.0,9445.0,10005.0,9649.0,9419.0,9651.0,9594.0,9347.0,9185.0,9002.0,9029.0,8666.0,8736.0,9118.0,9091.0,9272.0,9233.0,9300.0,9613.0,9867.0,9930.0,10547.0,10314.0,10792.0,11025.0,13814.0,12217.0
경주시 - 계 - 사망자수,Statistics,2171.0,2143.0,2171.0,2183.0,2064.0,2012.0,2017.0,2015.0,1879.0,1974.0,1987.0,1938.0,1924.0,1981.0,1945.0,2067.0,2044.0,2046.0,2056.0,2062.0,1988.0,2211.0,2148.0,2193.0,2312.0,2713.0,2518.0
경주시 - 남자 - 사망자수,Statistics,1215.0,1251.0,1197.0,1188.0,1148.0,1075.0,1063.0,1095.0,1028.0,1058.0,1068.0,1046.0,1021.0,1053.0,1040.0,1109.0,1123.0,1071.0,1082.0,1072.0,1017.0,1090.0,1083.0,1154.0,1215.0,1360.0,1275.0
경주시 - 여자 - 사망자수,Statistics,956.0,892.0,974.0,995.0,916.0,937.0,954.0,920.0,851.0,916.0,919.0,892.0,903.0,928.0,905.0,958.0,921.0,975.0,974.0,990.0,971.0,1121.0,1065.0,1039.0,1097.0,1353.0,1243.0
계룡시 - 계 - 사망자수,Statistics,89.0,84.0,97.0,97.0,91.0,77.0,106.0,111.0,116.0,117.0,126.0,162.0,114.0,137.0,147.0,160.0,140.0,135.0,177.0,146.0,186.0,191.0,174.0,184.0,180.0,222.0,257.0
계룡시 - 남자 - 사망자수,Statistics,49.0,43.0,52.0,47.0,39.0,44.0,51.0,57.0,58.0,62.0,59.0,88.0,54.0,64.0,77.0,78.0,72.0,64.0,92.0,62.0,100.0,95.0,71.0,80.0,92.0,108.0,121.0
계룡시 - 여자 - 사망자수,Statistics,40.0,41.0,45.0,50.0,52.0,33.0,55.0,54.0,58.0,55.0,67.0,74.0,60.0,73.0,70.0,82.0,68.0,71.0,85.0,84.0,86.0,96.0,103.0,104.0,88.0,114.0,136.0
계양구 - 계 - 사망자수,Statistics,875.0,1001.0,1049.0,1029.0,1104.0,1048.0,1108.0,1140.0,1146.0,1120.0,1216.0,1127.0,1187.0,1233.0,1280.0,1270.0,1303.0,1386.0,1364.0,1437.0,1430.0,1545.0,1540.0,1553.0,1620.0,1897.0,1698.0
계양구 - 남자 - 사망자수,Statistics,500.0,576.0,571.0,593.0,620.0,573.0,614.0,632.0,634.0,629.0,679.0,626.0,669.0,674.0,683.0,714.0,703.0,789.0,779.0,787.0,756.0,862.0,824.0,888.0,883.0,1012.0,922.0
계양구 - 여자 - 사망자수,Statistics,375.0,425.0,478.0,436.0,484.0,475.0,494.0,508.0,512.0,491.0,537.0,501.0,518.0,559.0,597.0,556.0,600.0,597.0,585.0,650.0,674.0,683.0,716.0,665.0,737.0,885.0,776.0
고령군 - 계 - 사망자수,Statistics,446.0,436.0,434.0,394.0,394.0,417.0,393.0,359.0,355.0,343.0,361.0,358.0,360.0,370.0,382.0,390.0,344.0,373.0,340.0,372.0,370.0,386.0,338.0,417.0,426.0,494.0,417.0
고령군 - 남자 - 사망자수,Statistics,269.0,250.0,251.0,221.0,214.0,228.0,229.0,219.0,185.0,196.0,204.0,204.0,187.0,178.0,213.0,228.0,170.0,178.0,193.0,195.0,205.0,210.0,175.0,239.0,226.0,268.0,213.0
고령군 - 여자 - 사망자수,Statistics,177.0,186.0,183.0,173.0,180.0,189.0,164.0,140.0,170.0,147.0,157.0,154.0,173.0,192.0,169.0,162.0,174.0,195.0,147.0,177.0,165.0,176.0,163.0,178.0,200.0,226.0,204.0
고성군 - 계 - 사망자수,Statistics,346.0,345.0,358.0,357.0,304.0,322.0,300.0,288.0,297.0,266.0,276.0,311.0,275.0,306.0,264.0,323.0,294.0,281.0,314.0,304.0,307.0,332.0,297.0,329.0,331.0,363.0,345.0
고성군 - 남자 - 사망자수,Statistics,208.0,191.0,211.0,191.0,181.0,180.0,178.0,173.0,168.0,146.0,150.0,179.0,139.0,188.0,142.0,169.0,180.0,164.0,160.0,175.0,172.0,159.0,160.0,180.0,169.0,182.0,188.0
고성군 - 여자 - 사망자수,Statistics,138.0,154.0,147.0,166.0,123.0,142.0,122.0,115.0,129.0,120.0,126.0,132.0,136.0,118.0,122.0,154.0,114.0,117.0,154.0,129.0,135.0,173.0,137.0,149.0,162.0,181.0,157.0
고양시 - 계 - 사망자수,Statistics,2708.0,2857.0,2951.0,2880.0,3004.0,3025.0,3039.0,3185.0,3253.0,3305.0,3416.0,3498.0,3501.0,3687.0,3713.0,3988.0,4085.0,4102.0,4383.0,4495.0,4572.0,4755.0,4857.0,5119.0,5333.0,6395.0,6021.0
고양시 - 남자 - 사망자수,Statistics,1475.0,1553.0,1628.0,1572.0,1592.0,1614.0,1686.0,1729.0,1788.0,1768.0,1872.0,1889.0,1920.0,2008.0,2050.0,2165.0,2142.0,2196.0,2364.0,2322.0,2402.0,2499.0,2578.0,2780.0,2868.0,3283.0,3192.0
고양시 - 여자 - 사망자수,Statistics,1233.0,1304.0,1323.0,1308.0,1412.0,1411.0,1353.0,1456.0,1465.0,1537.0,1544.0,1609.0,1581.0,1679.0,1663.0,1823.0,1943.0,1906.0,2019.0,2173.0,2170.0,2256.0,2279.0,2339.0,2465.0,3112.0,2829.0
고창군 - 계 - 사망자수,Statistics,872.0,903.0,871.0,889.0,871.0,848.0,807.0,756.0,762.0,766.0,762.0,688.0,697.0,676.0,686.0,708.0,678.0,685.0,709.0,690.0,765.0,716.0,730.0,738.0,737.0,942.0,890.0
고창군 - 남자 - 사망자수,Statistics,505.0,488.0,471.0,466.0,474.0,464.0,443.0,378.0,380.0,408.0,387.0,381.0,375.0,382.0,377.0,386.0,385.0,382.0,368.0,372.0,394.0,366.0,387.0,382.0,387.0,419.0,451.0
고창군 - 여자 - 사망자수,Statistics,367.0,415.0,400.0,423.0,397.0,384.0,364.0,378.0,382.0,358.0,375.0,307.0,322.0,294.0,309.0,322.0,293.0,303.0,341.0,318.0,371.0,350.0,343.0,356.0,350.0,523.0,439.0
고흥군 - 계 - 사망자수,Statistics,1427.0,1318.0,1399.0,1245.0,1273.0,1199.0,1188.0,1179.0,1106.0,1115.0,1086.0,1037.0,969.0,995.0,1021.0,1089.0,1066.0,1012.0,1066.0,1050.0,1143.0,1048.0,1019.0,1047.0,1086.0,1276.0,1158.0
고흥군 - 남자 - 사망자수,Statistics,801.0,769.0,790.0,707.0,726.0,684.0,672.0,679.0,613.0,617.0,613.0,590.0,544.0,551.0,576.0,617.0,589.0,569.0,572.0,563.0,627.0,531.0,533.0,537.0,550.0,648.0,548.0
고흥군 - 여자 - 사망자수,Statistics,626.0,549.0,609.0,538.0,547.0,515.0,516.0,500.0,493.0,498.0,473.0,447.0,425.0,444.0,445.0,472.0,477.0,443.0,494.0,487.0,516.0,517.0,486.0,510.0,536.0,628.0,610.0
곡성군 - 계 - 사망자수,Statistics,494.0,511.0,539.0,498.0,488.0,504.0,423.0,433.0,428.0,419.0,458.0,405.0,414.0,387.0,407.0,411.0,396.0,391.0,396.0,379.0,394.0,408.0,380.0,437.0,381.0,502.0,471.0
곡성군 - 남자 - 사망자수,Statistics,271.0,292.0,286.0,254.0,264.0,272.0,228.0,244.0,243.0,228.0,253.0,197.0,236.0,203.0,230.0,236.0,209.0,235.0,185.0,197.0,211.0,197.0,184.0,222.0,191.0,234.0,229.0
곡성군 - 여자 - 사망자수,Statistics,223.0,219.0,253.0,244.0,224.0,232.0,195.0,189.0,185.0,191.0,205.0,208.0,178.0,184.0,177.0,175.0,187.0,156.0,211.0,182.0,183.0,211.0,196.0,215.0,190.0,268.0,242.0
공주시 - 계 - 사망자수,Statistics,1221.0,1284.0,1203.0,1168.0,1131.0,1130.0,1134.0,1067.0,1125.0,1076.0,1067.0,1003.0,967.0,1093.0,1067.0,1054.0,997.0,973.0,1004.0,993.0,1082.0,1106.0,1107.0,1142.0,1156.0,1356.0,1271.0
공주시 - 남자 - 사망자수,Statistics,722.0,722.0,663.0,665.0,631.0,615.0,647.0,564.0,650.0,570.0,601.0,555.0,535.0,596.0,594.0,582.0,553.0,536.0,557.0,557.0,566.0,594.0,601.0,608.0,634.0,705.0,652.0
공주시 - 여자 - 사망자수,Statistics,499.0,562.0,540.0,503.0,500.0,515.0,487.0,503.0,475.0,506.0,466.0,448.0,432.0,497.0,473.0,472.0,444.0,437.0,447.0,436.0,516.0,512.0,506.0,534.0,522.0,651.0,619.0
과천시 - 계 - 사망자수,Statistics,240.0,224.0,258.0,244.0,233.0,235.0,229.0,247.0,224.0,235.0,218.0,204.0,244.0,237.0,234.0,259.0,238.0,249.0,289.0,259.0,254.0,254.0,244.0,245.0,286.0,327.0,292.0
과천시 - 남자 - 사망자수,Statistics,130.0,102.0,136.0,123.0,119.0,129.0,123.0,113.0,109.0,121.0,100.0,92.0,121.0,116.0,124.0,134.0,107.0,130.0,143.0,130.0,125.0,128.0,124.0,123.0,128.0,146.0,134.0
과천시 - 여자 - 사망자수,Statistics,110.0,122.0,122.0,121.0,114.0,106.0,106.0,134.0,115.0,114.0,118.0,112.0,123.0,121.0,110.0,125.0,131.0,119.0,146.0,129.0,129.0,126.0,120.0,122.0,158.0,181.0,158.0
관악구 - 계 - 사망자수,Statistics,1836.0,1798.0,1875.0,1873.0,1854.0,1827.0,1826.0,1943.0,1933.0,1907.0,1893.0,1916.0,1937.0,1989.0,1945.0,1980.0,2032.0,2057.0,2008.0,2137.0,2068.0,2179.0,2107.0,2209.0,2481.0,2723.0,2607.0
관악구 - 남자 - 사망자수,Statistics,998.0,981.0,1042.0,1066.0,1007.0,1017.0,1041.0,1063.0,1034.0,1023.0,1065.0,1076.0,1099.0,1164.0,1105.0,1159.0,1202.0,1196.0,1175.0,1258.0,1168.0,1275.0,1264.0,1345.0,1449.0,1605.0,1517.0
관악구 - 여자 - 사망자수,Statistics,838.0,817.0,833.0,807.0,847.0,810.0,785.0,880.0,899.0,884.0,828.0,840.0,838.0,825.0,840.0,821.0,830.0,861.0,833.0,879.0,900.0,904.0,843.0,864.0,1032.0,1118.0,1090.0
광명시 - 계 - 사망자수,Statistics,1316.0,1253.0,1275.0,1282.0,1273.0,1273.0,1298.0,1232.0,1211.0,1210.0,1225.0,1129.0,1151.0,1306.0,1284.0,1364.0,1330.0,1363.0,1373.0,1413.0,1407.0,1427.0,1426.0,1410.0,1477.0,1597.0,1418.0
광명시 - 남자 - 사망자수,Statistics,730.0,708.0,715.0,703.0,700.0,708.0,732.0,689.0,662.0,718.0,673.0,634.0,624.0,739.0,709.0,735.0,721.0,736.0,725.0,790.0,755.0,794.0,796.0,789.0,795.0,818.0,748.0
광명시 - 여자 - 사망자수,Statistics,586.0,545.0,560.0,579.0,573.0,565.0,566.0,543.0,549.0,492.0,552.0,495.0,527.0,567.0,575.0,629.0,609.0,627.0,648.0,623.0,652.0,633.0,630.0,621.0,682.0,779.0,670.0
광산구 - 계 - 사망자수,Statistics,1036.0,1029.0,1014.0,1093.0,1081.0,1081.0,1108.0,1103.0,1161.0,1093.0,1158.0,1205.0,1267.0,1359.0,1390.0,1442.0,1445.0,1494.0,1580.0,1589.0,1562.0,1704.0,1704.0,1647.0,1761.0,2081.0,1970.0
광산구 - 남자 - 사망자수,Statistics,608.0,574.0,525.0,612.0,579.0,577.0,601.0,576.0,659.0,577.0,645.0,671.0,719.0,772.0,783.0,797.0,775.0,794.0,783.0,854.0,800.0,882.0,889.0,863.0,938.0,1006.0,983.0
광산구 - 여자 - 사망자수,Statistics,428.0,455.0,489.0,481.0,502.0,504.0,507.0,527.0,502.0,516.0,513.0,534.0,548.0,587.0,607.0,645.0,670.0,700.0,797.0,735.0,762.0,822.0,815.0,784.0,823.0,1075.0,987.0
광양시 - 계 - 사망자수,Statistics,698.0,729.0,666.0,659.0,673.0,681.0,677.0,672.0,689.0,608.0,626.0,672.0,630.0,681.0,735.0,735.0,730.0,737.0,746.0,837.0,810.0,756.0,758.0,815.0,842.0,1038.0,916.0
광양시 - 남자 - 사망자수,Statistics,397.0,412.0,381.0,371.0,358.0,385.0,354.0,388.0,378.0,325.0,338.0,372.0,332.0,369.0,399.0,403.0,396.0,390.0,387.0,453.0,437.0,363.0,389.0,441.0,435.0,488.0,457.0
광양시 - 여자 - 사망자수,Statistics,301.0,317.0,285.0,288.0,315.0,296.0,323.0,284.0,311.0,283.0,288.0,300.0,298.0,312.0,336.0,332.0,334.0,347.0,359.0,384.0,373.0,393.0,369.0,374.0,407.0,550.0,459.0
광주광역시 - 계 - 사망자수,Statistics,5735.0,5701.0,5596.0,5866.0,5751.0,5899.0,5952.0,6042.0,5939.0,5772.0,6107.0,6132.0,6179.0,6532.0,6593.0,6874.0,6891.0,6935.0,7443.0,7247.0,7560.0,7781.0,7635.0,7785.0,7981.0,9350.0,8866.0
광주광역시 - 남자 - 사망자수,Statistics,3076.0,3037.0,2890.0,3093.0,3035.0,3138.0,3137.0,3254.0,3185.0,3072.0,3249.0,3237.0,3371.0,3537.0,3585.0,3671.0,3665.0,3701.0,3828.0,3804.0,3896.0,4001.0,4019.0,4126.0,4272.0,4874.0,4691.0
광주광역시 - 여자 - 사망자수,Statistics,2659.0,2664.0,2706.0,2773.0,2716.0,2761.0,2815.0,2788.0,2754.0,2700.0,2858.0,2895.0,2808.0,2995.0,3008.0,3203.0,3226.0,3234.0,3615.0,3443.0,3664.0,3780.0,3616.0,3659.0,3709.0,4476.0,4175.0
광주군 - 계 - 사망자수,Statistics,671.0,707.0,665.0,746.0,,,,,,,,,,,,,,,,,,,,,,,
광주군 - 남자 - 사망자수,Statistics,371.0,395.0,369.0,427.0,,,,,,,,,,,,,,,,,,,,,,,
광주군 - 여자 - 사망자수,Statistics,300.0,312.0,296.0,319.0,,,,,,,,,,,,,,,,,,,,,,,
광주시 - 계 - 사망자수,Statistics,,,,,780.0,812.0,868.0,929.0,937.0,949.0,957.0,978.0,940.0,1139.0,1145.0,1175.0,1195.0,1159.0,1282.0,1303.0,1403.0,1537.0,1598.0,1710.0,1861.0,2152.0,2019.0
광주시 - 남자 - 사망자수,Statistics,,,,,417.0,443.0,478.0,520.0,527.0,502.0,531.0,547.0,530.0,653.0,645.0,667.0,655.0,658.0,737.0,711.0,797.0,869.0,899.0,961.0,1035.0,1176.0,1116.0
광주시 - 여자 - 사망자수,Statistics,,,,,363.0,369.0,390.0,409.0,410.0,447.0,426.0,431.0,410.0,486.0,500.0,508.0,540.0,501.0,545.0,592.0,606.0,668.0,699.0,749.0,826.0,976.0,903.0
광진구 - 계 - 사망자수,Statistics,1324.0,1276.0,1309.0,1323.0,1241.0,1296.0,1260.0,1282.0,1217.0,1192.0,1251.0,1178.0,1224.0,1290.0,1259.0,1307.0,1331.0,1398.0,1472.0,1344.0,1346.0,1512.0,1385.0,1486.0,1516.0,1719.0,1632.0
광진구 - 남자 - 사망자수,Statistics,708.0,679.0,731.0,716.0,670.0,712.0,681.0,704.0,694.0,649.0,715.0,670.0,715.0,744.0,708.0,739.0,746.0,787.0,836.0,785.0,781.0,860.0,770.0,836.0,895.0,956.0,940.0
광진구 - 여자 - 사망자수,Statistics,616.0,597.0,578.0,607.0,571.0,584.0,579.0,578.0,523.0,543.0,536.0,508.0,509.0,546.0,551.0,568.0,585.0,611.0,636.0,559.0,565.0,652.0,615.0,650.0,621.0,763.0,692.0
괴산군 - 계 - 사망자수,Statistics,576.0,595.0,547.0,604.0,525.0,559.0,516.0,478.0,469.0,524.0,489.0,481.0,466.0,473.0,504.0,542.0,455.0,442.0,479.0,496.0,535.0,530.0,484.0,497.0,541.0,595.0,605.0
괴산군 - 남자 - 사망자수,Statistics,338.0,346.0,302.0,341.0,308.0,317.0,272.0,253.0,264.0,305.0,275.0,264.0,284.0,257.0,270.0,277.0,248.0,257.0,255.0,280.0,283.0,268.0,245.0,242.0,286.0,297.0,324.0
괴산군 - 여자 - 사망자수,Statistics,238.0,249.0,245.0,263.0,217.0,242.0,244.0,225.0,205.0,219.0,214.0,217.0,182.0,216.0,234.0,265.0,207.0,185.0,224.0,216.0,252.0,262.0,239.0,255.0,255.0,298.0,281.0
구례군 - 계 - 사망자수,Statistics,400.0,395.0,365.0,365.0,388.0,367.0,335.0,328.0,354.0,333.0,313.0,380.0,311.0,321.0,325.0,343.0,321.0,356.0,344.0,349.0,291.0,329.0,314.0,353.0,367.0,439.0,411.0
구례군 - 남자 - 사망자수,Statistics,227.0,220.0,209.0,191.0,226.0,207.0,180.0,169.0,184.0,168.0,172.0,216.0,165.0,180.0,175.0,182.0,181.0,200.0,184.0,200.0,160.0,173.0,151.0,183.0,178.0,215.0,194.0
구례군 - 여자 - 사망자수,Statistics,173.0,175.0,156.0,174.0,162.0,160.0,155.0,159.0,170.0,165.0,141.0,164.0,146.0,141.0,150.0,161.0,140.0,156.0,160.0,149.0,131.0,156.0,163.0,170.0,189.0,224.0,217.0
구로구 - 계 - 사망자수,Statistics,1363.0,1298.0,1289.0,1447.0,1393.0,1552.0,1462.0,1445.0,1440.0,1445.0,1531.0,1433.0,1609.0,1607.0,1583.0,1641.0,1665.0,1666.0,1731.0,1794.0,1749.0,1922.0,1811.0,1892.0,2137.0,2440.0,2228.0
구로구 - 남자 - 사망자수,Statistics,750.0,756.0,725.0,795.0,803.0,846.0,795.0,817.0,831.0,836.0,860.0,830.0,921.0,944.0,919.0,946.0,942.0,955.0,989.0,993.0,978.0,1121.0,1082.0,1109.0,1221.0,1454.0,1321.0
구로구 - 여자 - 사망자수,Statistics,613.0,542.0,564.0,652.0,590.0,706.0,667.0,628.0,609.0,609.0,671.0,603.0,688.0,663.0,664.0,695.0,723.0,711.0,742.0,801.0,771.0,801.0,729.0,783.0,916.0,986.0,907.0
구리시 - 계 - 사망자수,Statistics,660.0,664.0,701.0,713.0,663.0,720.0,720.0,706.0,756.0,660.0,718.0,722.0,710.0,773.0,718.0,774.0,685.0,722.0,734.0,783.0,793.0,904.0,897.0,907.0,961.0,1092.0,1081.0
구리시 - 남자 - 사망자수,Statistics,386.0,367.0,386.0,398.0,393.0,403.0,405.0,405.0,401.0,358.0,390.0,408.0,398.0,440.0,392.0,421.0,385.0,411.0,408.0,455.0,442.0,514.0,523.0,482.0,525.0,625.0,609.0
구리시 - 여자 - 사망자수,Statistics,274.0,297.0,315.0,315.0,270.0,317.0,315.0,301.0,355.0,302.0,328.0,314.0,312.0,333.0,326.0,353.0,300.0,311.0,326.0,328.0,351.0,390.0,374.0,425.0,436.0,467.0,472.0
구미시 - 계 - 사망자수,Statistics,1351.0,1348.0,1421.0,1323.0,1338.0,1436.0,1289.0,1400.0,1414.0,1365.0,1371.0,1338.0,1432.0,1401.0,1453.0,1553.0,1502.0,1484.0,1433.0,1526.0,1650.0,1722.0,1680.0,1781.0,1779.0,2247.0,2022.0
구미시 - 남자 - 사망자수,Statistics,786.0,794.0,778.0,760.0,749.0,812.0,683.0,787.0,756.0,765.0,777.0,741.0,838.0,794.0,790.0,847.0,832.0,809.0,760.0,833.0,879.0,920.0,876.0,933.0,928.0,1159.0,1089.0
구미시 - 여자 - 사망자수,Statistics,565.0,554.0,643.0,563.0,589.0,624.0,606.0,613.0,658.0,600.0,594.0,597.0,594.0,607.0,663.0,706.0,670.0,675.0,673.0,693.0,771.0,802.0,804.0,848.0,851.0,1088.0,933.0
군산시 - 계 - 사망자수,Statistics,1742.0,1777.0,1766.0,1715.0,1661.0,1683.0,1683.0,1633.0,1665.0,1641.0,1622.0,1632.0,1638.0,1751.0,1701.0,1799.0,1770.0,1760.0,1709.0,1795.0,1845.0,1910.0,1925.0,1847.0,1948.0,2332.0,2259.0
군산시 - 남자 - 사망자수,Statistics,989.0,972.0,967.0,982.0,922.0,938.0,925.0,894.0,862.0,879.0,870.0,892.0,898.0,953.0,931.0,995.0,987.0,955.0,908.0,961.0,951.0,1027.0,1076.0,975.0,1002.0,1230.0,1173.0
군산시 - 여자 - 사망자수,Statistics,753.0,805.0,799.0,733.0,739.0,745.0,758.0,739.0,803.0,762.0,752.0,740.0,740.0,798.0,770.0,804.0,783.0,805.0,801.0,834.0,894.0,883.0,849.0,872.0,946.0,1102.0,1086.0
군위군 - 계 - 사망자수,Statistics,440.0,420.0,433.0,460.0,391.0,418.0,412.0,352.0,369.0,382.0,388.0,346.0,350.0,354.0,349.0,366.0,326.0,307.0,357.0,350.0,349.0,398.0,318.0,352.0,357.0,443.0,451.0
군위군 - 남자 - 사망자수,Statistics,258.0,243.0,248.0,270.0,218.0,234.0,234.0,183.0,177.0,221.0,220.0,180.0,199.0,202.0,193.0,203.0,173.0,157.0,190.0,182.0,204.0,208.0,163.0,194.0,181.0,228.0,224.0
군위군 - 여자 - 사망자수,Statistics,182.0,177.0,185.0,190.0,173.0,184.0,178.0,169.0,192.0,161.0,168.0,166.0,151.0,152.0,156.0,163.0,153.0,150.0,167.0,168.0,145.0,190.0,155.0,158.0,176.0,215.0,227.0
군포시 - 계 - 사망자수,Statistics,755.0,829.0,744.0,873.0,860.0,847.0,869.0,894.0,896.0,895.0,898.0,875.0,907.0,939.0,926.0,998.0,904.0,989.0,1007.0,1043.0,1117.0,1195.0,1189.0,1255.0,1277.0,1572.0,1511.0
군포시 - 남자 - 사망자수,Statistics,410.0,453.0,383.0,458.0,478.0,453.0,458.0,472.0,475.0,493.0,482.0,463.0,481.0,510.0,495.0,541.0,500.0,543.0,551.0,533.0,619.0,634.0,639.0,674.0,659.0,825.0,834.0
군포시 - 여자 - 사망자수,Statistics,345.0,376.0,361.0,415.0,382.0,394.0,411.0,422.0,421.0,402.0,416.0,412.0,426.0,429.0,431.0,457.0,404.0,446.0,456.0,510.0,498.0,561.0,550.0,581.0,618.0,747.0,677.0
권선구 - 계 - 사망자수,Statistics,1013.0,1043.0,1113.0,1098.0,1213.0,1255.0,990.0,961.0,995.0,998.0,1104.0,1111.0,1135.0,1180.0,1247.0,1372.0,1307.0,1278.0,1275.0,1398.0,1431.0,1572.0,1521.0,1612.0,1653.0,1920.0,1839.0
권선구 - 남자 - 사망자수,Statistics,532.0,575.0,619.0,581.0,666.0,675.0,563.0,543.0,508.0,588.0,615.0,591.0,634.0,626.0,677.0,763.0,731.0,699.0,716.0,744.0,780.0,810.0,791.0,857.0,917.0,991.0,994.0
권선구 - 여자 - 사망자수,Statistics,481.0,468.0,494.0,517.0,547.0,580.0,427.0,418.0,487.0,410.0,489.0,520.0,501.0,554.0,570.0,609.0,576.0,579.0,559.0,654.0,651.0,762.0,730.0,755.0,736.0,929.0,845.0
금산군 - 계 - 사망자수,Statistics,685.0,663.0,702.0,659.0,667.0,693.0,622.0,610.0,618.0,618.0,612.0,591.0,599.0,601.0,632.0,597.0,625.0,559.0,619.0,611.0,584.0,640.0,660.0,682.0,640.0,766.0,781.0
금산군 - 남자 - 사망자수,Statistics,409.0,381.0,390.0,358.0,376.0,382.0,352.0,355.0,323.0,339.0,349.0,338.0,327.0,347.0,340.0,329.0,335.0,316.0,339.0,324.0,320.0,337.0,331.0,338.0,351.0,372.0,386.0
금산군 - 여자 - 사망자수,Statistics,276.0,282.0,312.0,301.0,291.0,311.0,270.0,255.0,295.0,279.0,263.0,253.0,272.0,254.0,292.0,268.0,290.0,243.0,280.0,287.0,264.0,303.0,329.0,344.0,289.0,394.0,395.0
금정구 - 계 - 사망자수,Statistics,1274.0,1226.0,1373.0,1342.0,1380.0,1437.0,1388.0,1449.0,1367.0,1484.0,1442.0,1459.0,1466.0,1448.0,1349.0,1431.0,1512.0,1470.0,1514.0,1497.0,1547.0,1672.0,1643.0,1651.0,1720.0,2033.0,1920.0
금정구 - 남자 - 사망자수,Statistics,657.0,629.0,758.0,738.0,729.0,744.0,720.0,795.0,724.0,810.0,791.0,817.0,784.0,799.0,760.0,748.0,807.0,789.0,796.0,821.0,850.0,885.0,854.0,911.0,926.0,1070.0,1051.0
금정구 - 여자 - 사망자수,Statistics,617.0,597.0,615.0,604.0,651.0,693.0,668.0,654.0,643.0,674.0,651.0,642.0,682.0,649.0,589.0,683.0,705.0,681.0,718.0,676.0,697.0,787.0,789.0,740.0,794.0,963.0,869.0
금천구 - 계 - 사망자수,Statistics,907.0,907.0,956.0,945.0,928.0,984.0,998.0,999.0,1037.0,1053.0,987.0,970.0,993.0,1022.0,1081.0,1106.0,1088.0,1139.0,1139.0,1163.0,1167.0,1133.0,1199.0,1245.0,1325.0,1494.0,1392.0
금천구 - 남자 - 사망자수,Statistics,523.0,499.0,530.0,532.0,546.0,550.0,578.0,587.0,614.0,609.0,576.0,556.0,575.0,576.0,634.0,642.0,617.0,668.0,651.0,657.0,688.0,638.0,703.0,723.0,775.0,872.0,836.0
금천구 - 여자 - 사망자수,Statistics,384.0,408.0,426.0,413.0,382.0,434.0,420.0,412.0,423.0,444.0,411.0,414.0,418.0,446.0,447.0,464.0,471.0,471.0,488.0,506.0,479.0,495.0,496.0,522.0,550.0,622.0,556.0
기장군 - 계 - 사망자수,Statistics,527.0,519.0,489.0,507.0,530.0,531.0,497.0,585.0,573.0,563.0,570.0,594.0,596.0,625.0,610.0,718.0,754.0,800.0,866.0,853.0,967.0,990.0,982.0,1039.0,1067.0,1277.0,1268.0
기장군 - 남자 - 사망자수,Statistics,285.0,294.0,259.0,272.0,291.0,280.0,270.0,302.0,319.0,304.0,297.0,337.0,309.0,324.0,325.0,370.0,426.0,424.0,454.0,485.0,519.0,540.0,514.0,518.0,558.0,660.0,618.0
기장군 - 여자 - 사망자수,Statistics,242.0,225.0,230.0,235.0,239.0,251.0,227.0,283.0,254.0,259.0,273.0,257.0,287.0,301.0,285.0,348.0,328.0,376.0,412.0,368.0,448.0,450.0,468.0,521.0,509.0,617.0,650.0
기흥구 - 계 - 사망자수,Statistics,,,,,,,,,658.0,718.0,892.0,874.0,909.0,1038.0,1095.0,1079.0,1247.0,1296.0,1304.0,1357.0,1351.0,1449.0,1552.0,1647.0,1785.0,2133.0,2014.0
기흥구 - 남자 - 사망자수,Statistics,,,,,,,,,354.0,372.0,469.0,487.0,505.0,570.0,621.0,584.0,648.0,714.0,740.0,741.0,704.0,755.0,843.0,864.0,942.0,1149.0,1079.0
기흥구 - 여자 - 사망자수,Statistics,,,,,,,,,304.0,346.0,423.0,387.0,404.0,468.0,474.0,495.0,599.0,582.0,564.0,616.0,647.0,694.0,709.0,783.0,843.0,984.0,935.0
김제시 - 계 - 사망자수,Statistics,1240.0,1200.0,1095.0,1198.0,1132.0,1170.0,1108.0,1121.0,994.0,1060.0,1009.0,952.0,1012.0,938.0,938.0,1004.0,1001.0,1014.0,1000.0,1053.0,1029.0,1064.0,996.0,1094.0,1052.0,1195.0,1262.0
김제시 - 남자 - 사망자수,Statistics,662.0,683.0,635.0,664.0,615.0,625.0,598.0,639.0,511.0,604.0,532.0,537.0,553.0,540.0,522.0,540.0,542.0,541.0,518.0,545.0,522.0,562.0,509.0,604.0,542.0,620.0,645.0
김제시 - 여자 - 사망자수,Statistics,578.0,517.0,460.0,534.0,517.0,545.0,510.0,482.0,483.0,456.0,477.0,415.0,459.0,398.0,416.0,464.0,459.0,473.0,482.0,508.0,507.0,502.0,487.0,490.0,510.0,575.0,617.0
김천시 - 계 - 사망자수,Statistics,1221.0,1314.0,1244.0,1317.0,1179.0,1305.0,1233.0,1293.0,1184.0,1148.0,1098.0,1104.0,1100.0,1152.0,1154.0,1167.0,1161.0,1193.0,1202.0,1203.0,1289.0,1355.0,1294.0,1354.0,1300.0,1666.0,1515.0
김천시 - 남자 - 사망자수,Statistics,716.0,785.0,693.0,711.0,658.0,686.0,666.0,636.0,621.0,615.0,575.0,611.0,636.0,632.0,614.0,588.0,620.0,649.0,640.0,637.0,655.0,728.0,669.0,695.0,632.0,779.0,743.0
김천시 - 여자 - 사망자수,Statistics,505.0,529.0,551.0,606.0,521.0,619.0,567.0,657.0,563.0,533.0,523.0,493.0,464.0,520.0,540.0,579.0,541.0,544.0,562.0,566.0,634.0,627.0,625.0,659.0,668.0,887.0,772.0
김포군 - 계 - 사망자수,Statistics,678.0,,,,,,,,,,,,,,,,,,,,,,,,,,
김포군 - 남자 - 사망자수,Statistics,380.0,,,,,,,,,,,,,,,,,,,,,,,,,,
김포군 - 여자 - 사망자수,Statistics,298.0,,,,,,,,,,,,,,,,,,,,,,,,,,
김포시 - 계 - 사망자수,Statistics,,747.0,775.0,790.0,828.0,885.0,936.0,975.0,999.0,1001.0,921.0,891.0,949.0,1022.0,1092.0,1197.0,1272.0,1263.0,1407.0,1405.0,1566.0,1676.0,1736.0,1778.0,1902.0,2471.0,2339.0
김포시 - 남자 - 사망자수,Statistics,,435.0,421.0,445.0,464.0,471.0,503.0,544.0,544.0,546.0,502.0,522.0,504.0,583.0,581.0,671.0,705.0,714.0,757.0,770.0,839.0,945.0,986.0,1021.0,1050.0,1282.0,1227.0
김포시 - 여자 - 사망자수,Statistics,,312.0,354.0,345.0,364.0,414.0,433.0,431.0,455.0,455.0,419.0,369.0,445.0,439.0,511.0,526.0,567.0,549.0,650.0,635.0,727.0,731.0,750.0,757.0,852.0,1189.0,1112.0
김해시 - 계 - 사망자수,Statistics,1520.0,1596.0,1555.0,1556.0,1574.0,1692.0,1790.0,1827.0,1862.0,1936.0,1954.0,1929.0,2008.0,2013.0,2111.0,2156.0,2124.0,2126.0,2223.0,2179.0,2293.0,2457.0,2425.0,2515.0,2624.0,3013.0,3066.0
김해시 - 남자 - 사망자수,Statistics,850.0,911.0,884.0,868.0,861.0,928.0,952.0,989.0,1018.0,1046.0,1045.0,1061.0,1112.0,1156.0,1179.0,1195.0,1186.0,1149.0,1218.0,1204.0,1238.0,1284.0,1257.0,1347.0,1386.0,1596.0,1656.0
김해시 - 여자 - 사망자수,Statistics,670.0,685.0,671.0,688.0,713.0,764.0,838.0,838.0,844.0,890.0,909.0,868.0,896.0,857.0,932.0,961.0,938.0,977.0,1005.0,975.0,1055.0,1173.0,1168.0,1168.0,1238.0,1417.0,1410.0
나주시 - 계 - 사망자수,Statistics,1276.0,1315.0,1267.0,1168.0,1083.0,1089.0,1096.0,1095.0,967.0,942.0,967.0,977.0,889.0,983.0,994.0,1023.0,965.0,897.0,908.0,881.0,955.0,980.0,1020.0,1027.0,1041.0,1270.0,1210.0
나주시 - 남자 - 사망자수,Statistics,715.0,742.0,694.0,663.0,634.0,599.0,626.0,606.0,501.0,542.0,539.0,519.0,455.0,562.0,553.0,550.0,545.0,491.0,509.0,468.0,518.0,519.0,542.0,519.0,528.0,623.0,604.0
나주시 - 여자 - 사망자수,Statistics,561.0,573.0,573.0,505.0,449.0,490.0,470.0,489.0,466.0,400.0,428.0,458.0,434.0,421.0,441.0,473.0,420.0,406.0,399.0,413.0,437.0,461.0,478.0,508.0,513.0,647.0,606.0
남구 - 계 - 사망자수,Statistics,1377.0,1465.0,1518.0,1537.0,1484.0,1469.0,1490.0,1475.0,1551.0,1486.0,1500.0,1569.0,1552.0,1590.0,1630.0,1672.0,1593.0,1625.0,1621.0,1715.0,1648.0,1768.0,1726.0,1791.0,1841.0,2044.0,1991.0
남구 - 남자 - 사망자수,Statistics,738.0,835.0,864.0,828.0,809.0,795.0,829.0,815.0,858.0,840.0,848.0,879.0,874.0,877.0,934.0,970.0,910.0,910.0,900.0,967.0,914.0,963.0,945.0,996.0,1072.0,1127.0,1084.0
남구 - 여자 - 사망자수,Statistics,639.0,630.0,654.0,709.0,675.0,674.0,661.0,660.0,693.0,646.0,652.0,690.0,678.0,713.0,696.0,702.0,683.0,715.0,721.0,748.0,734.0,805.0,781.0,795.0,769.0,917.0,907.0
남동구 - 계 - 사망자수,Statistics,1527.0,1516.0,1472.0,1542.0,1546.0,1592.0,1520.0,1597.0,1608.0,1549.0,1627.0,1702.0,1770.0,1877.0,1994.0,2164.0,2155.0,2214.0,2223.0,2342.0,2455.0,2694.0,2617.0,2728.0,2832.0,3331.0,3149.0
남동구 - 남자 - 사망자수,Statistics,861.0,853.0,840.0,880.0,862.0,919.0,847.0,927.0,879.0,885.0,884.0,967.0,996.0,1057.0,1116.0,1195.0,1170.0,1218.0,1228.0,1296.0,1378.0,1471.0,1397.0,1531.0,1499.0,1788.0,1684.0
남동구 - 여자 - 사망자수,Statistics,666.0,663.0,632.0,662.0,684.0,673.0,673.0,670.0,729.0,664.0,743.0,735.0,774.0,820.0,878.0,969.0,985.0,996.0,995.0,1046.0,1077.0,1223.0,1220.0,1197.0,1333.0,1543.0,1465.0
남양주시 - 계 - 사망자수,Statistics,1335.0,1532.0,1553.0,1590.0,1712.0,1721.0,1772.0,1880.0,1957.0,1988.0,1983.0,2112.0,2153.0,2404.0,2409.0,2525.0,2624.0,2550.0,2720.0,2819.0,2983.0,3234.0,3288.0,3384.0,3716.0,4463.0,4304.0
남양주시 - 남자 - 사망자수,Statistics,740.0,830.0,876.0,933.0,950.0,939.0,969.0,1046.0,1125.0,1111.0,1088.0,1197.0,1205.0,1370.0,1341.0,1411.0,1462.0,1398.0,1472.0,1576.0,1662.0,1779.0,1818.0,1880.0,2005.0,2383.0,2324.0
남양주시 - 여자 - 사망자수,Statistics,595.0,702.0,677.0,657.0,762.0,782.0,803.0,834.0,832.0,877.0,895.0,915.0,948.0,1034.0,1068.0,1114.0,1162.0,1152.0,1248.0,1243.0,1321.0,1455.0,1470.0,1504.0,1711.0,2080.0,1980.0
남원시 - 계 - 사망자수,Statistics,966.0,1031.0,924.0,971.0,929.0,845.0,836.0,854.0,885.0,824.0,825.0,827.0,756.0,810.0,789.0,825.0,835.0,851.0,846.0,866.0,876.0,928.0,853.0,994.0,895.0,1064.0,1009.0
남원시 - 남자 - 사망자수,Statistics,537.0,567.0,539.0,557.0,506.0,469.0,451.0,498.0,480.0,465.0,445.0,456.0,432.0,458.0,431.0,462.0,458.0,461.0,470.0,455.0,451.0,489.0,441.0,506.0,448.0,541.0,519.0
남원시 - 여자 - 사망자수,Statistics,429.0,464.0,385.0,414.0,423.0,376.0,385.0,356.0,405.0,359.0,380.0,371.0,324.0,352.0,358.0,363.0,377.0,390.0,376.0,411.0,425.0,439.0,412.0,488.0,447.0,523.0,490.0
남제주군 - 계 - 사망자수,Statistics,552.0,633.0,657.0,556.0,566.0,555.0,534.0,521.0,525.0,,,,,,,,,,,,,,,,,,
남제주군 - 남자 - 사망자수,Statistics,295.0,323.0,356.0,292.0,293.0,290.0,258.0,267.0,264.0,,,,,,,,,,,,,,,,,,
남제주군 - 여자 - 사망자수,Statistics,257.0,310.0,301.0,264.0,273.0,265.0,276.0,254.0,261.0,,,,,,,,,,,,,,,,,,
남해군 - 계 - 사망자수,Statistics,862.0,849.0,785.0,762.0,711.0,748.0,713.0,725.0,654.0,622.0,696.0,663.0,618.0,689.0,659.0,767.0,656.0,679.0,737.0,722.0,716.0,733.0,702.0,710.0,670.0,828.0,751.0
남해군 - 남자 - 사망자수,Statistics,480.0,483.0,432.0,423.0,383.0,407.0,382.0,373.0,346.0,348.0,383.0,371.0,320.0,372.0,354.0,395.0,329.0,340.0,366.0,359.0,332.0,347.0,326.0,314.0,309.0,385.0,367.0
남해군 - 여자 - 사망자수,Statistics,382.0,366.0,353.0,339.0,328.0,341.0,331.0,352.0,308.0,274.0,313.0,292.0,298.0,317.0,305.0,372.0,327.0,339.0,371.0,363.0,384.0,386.0,376.0,396.0,361.0,443.0,384.0
노원구 - 계 - 사망자수,Statistics,2154.0,2328.0,2315.0,2548.0,2502.0,2524.0,2547.0,2424.0,2544.0,2524.0,2508.0,2485.0,2542.0,2587.0,2436.0,2622.0,2531.0,2639.0,2763.0,2803.0,2645.0,2896.0,2668.0,2699.0,3007.0,3245.0,3102.0
노원구 - 남자 - 사망자수,Statistics,1218.0,1241.0,1212.0,1393.0,1363.0,1302.0,1374.0,1330.0,1376.0,1316.0,1322.0,1365.0,1407.0,1422.0,1334.0,1380.0,1389.0,1413.0,1485.0,1519.0,1436.0,1570.0,1467.0,1461.0,1641.0,1741.0,1601.0
노원구 - 여자 - 사망자수,Statistics,936.0,1087.0,1103.0,1155.0,1139.0,1222.0,1173.0,1094.0,1168.0,1208.0,1186.0,1120.0,1135.0,1165.0,1102.0,1242.0,1142.0,1226.0,1278.0,1284.0,1209.0,1326.0,1201.0,1238.0,1366.0,1504.0,1501.0
논산시 - 계 - 사망자수,Statistics,1457.0,1397.0,1330.0,1292.0,1219.0,1252.0,1190.0,1205.0,1177.0,1109.0,1113.0,1100.0,1087.0,1125.0,1144.0,1126.0,1161.0,1151.0,1220.0,1094.0,1255.0,1300.0,1227.0,1316.0,1281.0,1609.0,1495.0
논산시 - 남자 - 사망자수,Statistics,840.0,788.0,746.0,736.0,688.0,693.0,641.0,683.0,649.0,622.0,624.0,614.0,600.0,655.0,653.0,629.0,631.0,637.0,644.0,606.0,684.0,711.0,649.0,711.0,713.0,836.0,753.0
논산시 - 여자 - 사망자수,Statistics,617.0,609.0,584.0,556.0,531.0,559.0,549.0,522.0,528.0,487.0,489.0,486.0,487.0,470.0,491.0,497.0,530.0,514.0,576.0,488.0,571.0,589.0,578.0,605.0,568.0,773.0,742.0
단양군 - 계 - 사망자수,Statistics,427.0,408.0,456.0,444.0,339.0,375.0,353.0,356.0,361.0,350.0,354.0,330.0,325.0,331.0,343.0,347.0,311.0,336.0,344.0,348.0,369.0,355.0,355.0,330.0,392.0,470.0,368.0
단양군 - 남자 - 사망자수,Statistics,241.0,240.0,278.0,258.0,189.0,208.0,194.0,201.0,222.0,190.0,200.0,175.0,195.0,180.0,203.0,204.0,170.0,193.0,184.0,203.0,204.0,175.0,186.0,188.0,204.0,230.0,202.0
단양군 - 여자 - 사망자수,Statistics,186.0,168.0,178.0,186.0,150.0,167.0,159.0,155.0,139.0,160.0,154.0,155.0,130.0,151.0,140.0,143.0,141.0,143.0,160.0,145.0,165.0,180.0,169.0,142.0,188.0,240.0,166.0
단원구 - 계 - 사망자수,Statistics,,,,,,968.0,982.0,960.0,1020.0,1054.0,1082.0,1097.0,1077.0,1197.0,1139.0,1229.0,1196.0,1284.0,1155.0,1192.0,1252.0,1298.0,1293.0,1350.0,1414.0,1548.0,1668.0
단원구 - 남자 - 사망자수,Statistics,,,,,,566.0,558.0,560.0,601.0,621.0,650.0,621.0,603.0,651.0,642.0,702.0,698.0,723.0,669.0,673.0,697.0,701.0,709.0,755.0,825.0,806.0,911.0
단원구 - 여자 - 사망자수,Statistics,,,,,,402.0,424.0,400.0,419.0,433.0,432.0,476.0,474.0,546.0,497.0,527.0,498.0,561.0,486.0,519.0,555.0,597.0,584.0,595.0,589.0,742.0,757.0
달서구 - 계 - 사망자수,Statistics,1827.0,1950.0,2147.0,2196.0,2206.0,2211.0,2286.0,2303.0,2318.0,2250.0,2249.0,2235.0,2338.0,2400.0,2472.0,2462.0,2494.0,2458.0,2651.0,2684.0,2692.0,2809.0,2749.0,2939.0,2890.0,3539.0,3203.0
달서구 - 남자 - 사망자수,Statistics,1026.0,1052.0,1179.0,1187.0,1186.0,1204.0,1240.0,1267.0,1275.0,1255.0,1189.0,1242.0,1304.0,1355.0,1331.0,1308.0,1391.0,1309.0,1465.0,1464.0,1474.0,1509.0,1524.0,1635.0,1590.0,1924.0,1728.0
달서구 - 여자 - 사망자수,Statistics,801.0,898.0,968.0,1009.0,1020.0,1007.0,1046.0,1036.0,1043.0,995.0,1060.0,993.0,1034.0,1045.0,1141.0,1154.0,1103.0,1149.0,1186.0,1220.0,1218.0,1300.0,1225.0,1304.0,1300.0,1615.0,1475.0
달성군 - 계 - 사망자수,Statistics,853.0,886.0,859.0,871.0,893.0,921.0,878.0,928.0,909.0,870.0,842.0,945.0,961.0,967.0,972.0,1045.0,979.0,1013.0,1081.0,1110.0,1147.0,1262.0,1254.0,1281.0,1341.0,1548.0,1532.0
달성군 - 남자 - 사망자수,Statistics,481.0,503.0,470.0,485.0,497.0,513.0,465.0,511.0,492.0,502.0,461.0,539.0,530.0,547.0,566.0,546.0,528.0,540.0,569.0,583.0,578.0,666.0,642.0,640.0,738.0,761.0,803.0
달성군 - 여자 - 사망자수,Statistics,372.0,383.0,389.0,386.0,396.0,408.0,413.0,417.0,417.0,368.0,381.0,406.0,431.0,420.0,406.0,499.0,451.0,473.0,512.0,527.0,569.0,596.0,612.0,641.0,603.0,787.0,729.0
담양군 - 계 - 사망자수,Statistics,648.0,625.0,620.0,595.0,617.0,619.0,590.0,542.0,580.0,536.0,512.0,518.0,543.0,521.0,528.0,486.0,459.0,476.0,492.0,496.0,541.0,539.0,577.0,553.0,534.0,625.0,655.0
담양군 - 남자 - 사망자수,Statistics,356.0,373.0,355.0,311.0,331.0,329.0,338.0,311.0,342.0,295.0,284.0,265.0,309.0,301.0,295.0,256.0,248.0,255.0,256.0,262.0,271.0,282.0,315.0,282.0,253.0,315.0,331.0
담양군 - 여자 - 사망자수,Statistics,292.0,252.0,265.0,284.0,286.0,290.0,252.0,231.0,238.0,241.0,228.0,253.0,234.0,220.0,233.0,230.0,211.0,221.0,236.0,234.0,270.0,257.0,262.0,271.0,281.0,310.0,324.0
당진군 - 계 - 사망자수,Statistics,1109.0,1039.0,1028.0,1043.0,1003.0,1040.0,1025.0,920.0,904.0,859.0,905.0,924.0,953.0,806.0,853.0,,,,,,,,,,,,
당진군 - 남자 - 사망자수,Statistics,647.0,608.0,602.0,596.0,576.0,600.0,576.0,536.0,528.0,460.0,504.0,527.0,569.0,461.0,464.0,,,,,,,,,,,,
당진군 - 여자 - 사망자수,Statistics,462.0,431.0,426.0,447.0,427.0,440.0,449.0,384.0,376.0,399.0,401.0,397.0,384.0,345.0,389.0,,,,,,,,,,,,
당진시 - 계 - 사망자수,Statistics,,,,,,,,,,,,,,,,988.0,1080.0,1099.0,1058.0,1082.0,1132.0,1177.0,1183.0,1250.0,1280.0,1500.0,1444.0
당진시 - 남자 - 사망자수,Statistics,,,,,,,,,,,,,,,,527.0,586.0,594.0,597.0,592.0,610.0,638.0,655.0,669.0,672.0,759.0,774.0
당진시 - 여자 - 사망자수,Statistics,,,,,,,,,,,,,,,,461.0,494.0,505.0,461.0,490.0,522.0,539.0,528.0,581.0,608.0,741.0,670.0
대구광역시 - 계 - 사망자수,Statistics,11070.0,11062.0,11183.0,11491.0,11411.0,11451.0,11671.0,11848.0,11507.0,11359.0,11282.0,11605.0,11741.0,12054.0,12355.0,12352.0,12531.0,12642.0,13081.0,13502.0,13629.0,14070.0,13752.0,14460.0,14560.0,17592.0,16556.0
대구광역시 - 남자 - 사망자수,Statistics,6162.0,6135.0,6101.0,6249.0,6261.0,6291.0,6310.0,6559.0,6248.0,6318.0,6186.0,6495.0,6481.0,6745.0,6807.0,6712.0,6931.0,6889.0,7100.0,7305.0,7338.0,7631.0,7509.0,7877.0,7955.0,9292.0,8844.0
대구광역시 - 여자 - 사망자수,Statistics,4908.0,4927.0,5082.0,5242.0,5150.0,5160.0,5361.0,5289.0,5259.0,5041.0,5096.0,5110.0,5260.0,5309.0,5548.0,5640.0,5600.0,5753.0,5981.0,6197.0,6291.0,6439.0,6243.0,6583.0,6605.0,8300.0,7712.0
대덕구 - 계 - 사망자수,Statistics,838.0,824.0,889.0,870.0,873.0,913.0,854.0,945.0,880.0,892.0,840.0,869.0,842.0,868.0,914.0,934.0,946.0,954.0,958.0,938.0,910.0,980.0,1063.0,999.0,1090.0,1252.0,1224.0
대덕구 - 남자 - 사망자수,Statistics,488.0,485.0,493.0,469.0,469.0,518.0,479.0,523.0,457.0,501.0,483.0,515.0,467.0,516.0,521.0,524.0,513.0,553.0,560.0,511.0,514.0,538.0,586.0,554.0,604.0,698.0,679.0
대덕구 - 여자 - 사망자수,Statistics,350.0,339.0,396.0,401.0,404.0,395.0,375.0,422.0,423.0,391.0,357.0,354.0,375.0,352.0,393.0,410.0,433.0,401.0,398.0,427.0,396.0,442.0,477.0,445.0,486.0,554.0,545.0
대전광역시 - 계 - 사망자수,Statistics,5444.0,5481.0,5661.0,5800.0,5741.0,5779.0,5858.0,5951.0,5779.0,5952.0,5991.0,6105.0,5949.0,6313.0,6336.0,6580.0,6634.0,6564.0,6961.0,6958.0,7029.0,7403.0,7502.0,7572.0,7889.0,9302.0,8677.0
대전광역시 - 남자 - 사망자수,Statistics,3038.0,3058.0,3080.0,3169.0,3150.0,3124.0,3192.0,3250.0,3160.0,3272.0,3228.0,3354.0,3286.0,3566.0,3477.0,3590.0,3588.0,3567.0,3796.0,3766.0,3726.0,3976.0,4061.0,4113.0,4292.0,4949.0,4565.0
대전광역시 - 여자 - 사망자수,Statistics,2406.0,2423.0,2581.0,2631.0,2591.0,2655.0,2666.0,2701.0,2619.0,2680.0,2763.0,2751.0,2663.0,2747.0,2859.0,2990.0,3046.0,2997.0,3165.0,3192.0,3303.0,3427.0,3441.0,3459.0,3597.0,4353.0,4112.0
덕양구 - 계 - 사망자수,Statistics,1402.0,1526.0,1555.0,1498.0,1540.0,1521.0,1503.0,1587.0,1567.0,1578.0,1605.0,1666.0,1650.0,1713.0,1747.0,1873.0,1822.0,1910.0,2073.0,2051.0,2205.0,2270.0,2224.0,2373.0,2524.0,3001.0,2911.0
덕양구 - 남자 - 사망자수,Statistics,785.0,853.0,892.0,815.0,842.0,806.0,860.0,885.0,857.0,865.0,872.0,924.0,908.0,935.0,981.0,1035.0,998.0,1027.0,1151.0,1089.0,1170.0,1180.0,1211.0,1308.0,1384.0,1616.0,1601.0
덕양구 - 여자 - 사망자수,Statistics,617.0,673.0,663.0,683.0,698.0,715.0,643.0,702.0,710.0,713.0,733.0,742.0,742.0,778.0,766.0,838.0,824.0,883.0,922.0,962.0,1035.0,1090.0,1013.0,1065.0,1140.0,1385.0,1310.0
덕진구 - 계 - 사망자수,Statistics,1233.0,1263.0,1284.0,1253.0,1255.0,1284.0,1272.0,1180.0,1242.0,1222.0,1211.0,1199.0,1215.0,1258.0,1234.0,1370.0,1314.0,1323.0,1430.0,1397.0,1450.0,1504.0,1522.0,1538.0,1553.0,1917.0,1755.0
덕진구 - 남자 - 사망자수,Statistics,659.0,674.0,641.0,687.0,632.0,659.0,654.0,680.0,659.0,685.0,670.0,632.0,655.0,713.0,697.0,753.0,705.0,732.0,752.0,755.0,785.0,797.0,839.0,832.0,851.0,1069.0,947.0
덕진구 - 여자 - 사망자수,Statistics,574.0,589.0,643.0,566.0,623.0,625.0,618.0,500.0,583.0,537.0,541.0,567.0,560.0,545.0,537.0,617.0,609.0,591.0,678.0,642.0,665.0,707.0,683.0,706.0,702.0,848.0,808.0
도봉구 - 계 - 사망자수,Statistics,1245.0,1409.0,1339.0,1305.0,1369.0,1359.0,1349.0,1433.0,1422.0,1439.0,1510.0,1441.0,1452.0,1550.0,1543.0,1606.0,1711.0,1632.0,1776.0,1819.0,1739.0,1901.0,1836.0,1920.0,2004.0,2260.0,2099.0
도봉구 - 남자 - 사망자수,Statistics,662.0,785.0,703.0,702.0,725.0,770.0,725.0,815.0,777.0,800.0,829.0,817.0,827.0,894.0,893.0,919.0,968.0,908.0,978.0,971.0,989.0,1064.0,1002.0,1068.0,1147.0,1249.0,1150.0
도봉구 - 여자 - 사망자수,Statistics,583.0,624.0,636.0,603.0,644.0,589.0,624.0,618.0,645.0,639.0,681.0,624.0,625.0,656.0,650.0,687.0,743.0,724.0,798.0,848.0,750.0,837.0,834.0,852.0,857.0,1011.0,949.0
동구 - 계 - 사망자수,Statistics,827.0,899.0,816.0,779.0,788.0,840.0,820.0,819.0,755.0,754.0,759.0,804.0,786.0,838.0,787.0,853.0,811.0,804.0,856.0,810.0,831.0,848.0,848.0,835.0,865.0,1055.0,983.0
동구 - 남자 - 사망자수,Statistics,505.0,526.0,494.0,441.0,457.0,459.0,499.0,470.0,440.0,443.0,409.0,466.0,448.0,492.0,466.0,470.0,442.0,465.0,499.0,469.0,463.0,479.0,446.0,508.0,479.0,566.0,548.0
동구 - 여자 - 사망자수,Statistics,322.0,373.0,322.0,338.0,331.0,381.0,321.0,349.0,315.0,311.0,350.0,338.0,338.0,346.0,321.0,383.0,369.0,339.0,357.0,341.0,368.0,369.0,402.0,327.0,386.0,489.0,435.0
동남구 - 계 - 사망자수,Statistics,,,,,,,,,,,,1140.0,1103.0,1210.0,1220.0,1235.0,1308.0,1326.0,1351.0,1392.0,1432.0,1429.0,1437.0,1479.0,1582.0,1833.0,1748.0
동남구 - 남자 - 사망자수,Statistics,,,,,,,,,,,,657.0,631.0,689.0,659.0,677.0,738.0,742.0,740.0,766.0,817.0,808.0,774.0,810.0,883.0,978.0,923.0
동남구 - 여자 - 사망자수,Statistics,,,,,,,,,,,,483.0,472.0,521.0,561.0,558.0,570.0,584.0,611.0,626.0,615.0,621.0,663.0,669.0,699.0,855.0,825.0
동대문구 - 계 - 사망자수,Statistics,1588.0,1650.0,1627.0,1742.0,1667.0,1722.0,1712.0,1659.0,1711.0,1707.0,1751.0,1622.0,1612.0,1742.0,1785.0,1805.0,1805.0,1831.0,1833.0,1921.0,1780.0,1895.0,1851.0,1911.0,2061.0,2293.0,2303.0
동대문구 - 남자 - 사망자수,Statistics,867.0,891.0,913.0,982.0,920.0,979.0,991.0,935.0,995.0,998.0,1011.0,979.0,966.0,1032.0,1069.0,1029.0,1056.0,1060.0,1039.0,1088.0,1053.0,1134.0,1085.0,1166.0,1227.0,1302.0,1373.0
동대문구 - 여자 - 사망자수,Statistics,721.0,759.0,714.0,760.0,747.0,743.0,721.0,724.0,716.0,709.0,740.0,643.0,646.0,710.0,716.0,776.0,749.0,771.0,794.0,833.0,727.0,761.0,766.0,745.0,834.0,991.0,930.0
동두천시 - 계 - 사망자수,Statistics,497.0,483.0,485.0,480.0,480.0,475.0,490.0,531.0,515.0,529.0,571.0,576.0,622.0,581.0,618.0,651.0,659.0,675.0,639.0,715.0,748.0,802.0,815.0,785.0,900.0,1059.0,894.0
동두천시 - 남자 - 사망자수,Statistics,285.0,281.0,281.0,274.0,291.0,267.0,282.0,298.0,291.0,304.0,335.0,304.0,364.0,331.0,363.0,380.0,370.0,415.0,374.0,416.0,414.0,426.0,460.0,439.0,504.0,544.0,480.0
동두천시 - 여자 - 사망자수,Statistics,212.0,202.0,204.0,206.0,189.0,208.0,208.0,233.0,224.0,225.0,236.0,272.0,258.0,250.0,255.0,271.0,289.0,260.0,265.0,299.0,334.0,376.0,355.0,346.0,396.0,515.0,414.0
동래구 - 계 - 사망자수,Statistics,1307.0,1288.0,1347.0,1355.0,1313.0,1311.0,1297.0,1281.0,1306.0,1370.0,1360.0,1430.0,1295.0,1372.0,1411.0,1379.0,1407.0,1423.0,1372.0,1457.0,1511.0,1656.0,1538.0,1555.0,1635.0,2009.0,1882.0
동래구 - 남자 - 사망자수,Statistics,678.0,696.0,752.0,710.0,732.0,721.0,679.0,689.0,703.0,773.0,760.0,791.0,712.0,768.0,763.0,781.0,772.0,806.0,747.0,799.0,822.0,915.0,858.0,876.0,913.0,1120.0,1012.0
동래구 - 여자 - 사망자수,Statistics,629.0,592.0,595.0,645.0,581.0,590.0,618.0,592.0,603.0,597.0,600.0,639.0,583.0,604.0,648.0,598.0,635.0,617.0,625.0,658.0,689.0,741.0,680.0,679.0,722.0,889.0,870.0
동안구 - 계 - 사망자수,Statistics,1083.0,1115.0,1034.0,1053.0,993.0,940.0,1053.0,1104.0,1123.0,1044.0,1004.0,1022.0,1097.0,1078.0,1096.0,1129.0,1131.0,1106.0,1146.0,1192.0,1192.0,1175.0,1162.0,1145.0,1233.0,1387.0,1321.0
동안구 - 남자 - 사망자수,Statistics,609.0,607.0,538.0,584.0,532.0,491.0,565.0,582.0,605.0,573.0,512.0,571.0,606.0,585.0,635.0,636.0,651.0,596.0,589.0,630.0,606.0,615.0,632.0,613.0,651.0,679.0,698.0
동안구 - 여자 - 사망자수,Statistics,474.0,508.0,496.0,469.0,461.0,449.0,488.0,522.0,518.0,471.0,492.0,451.0,491.0,493.0,461.0,493.0,480.0,510.0,557.0,562.0,586.0,560.0,530.0,532.0,582.0,708.0,623.0
동작구 - 계 - 사망자수,Statistics,1660.0,1548.0,1532.0,1611.0,1553.0,1502.0,1500.0,1537.0,1548.0,1529.0,1621.0,1540.0,1550.0,1489.0,1553.0,1591.0,1603.0,1564.0,1677.0,1667.0,1641.0,1720.0,1703.0,1770.0,1890.0,2165.0,1993.0
동작구 - 남자 - 사망자수,Statistics,900.0,850.0,854.0,870.0,863.0,793.0,817.0,859.0,839.0,851.0,877.0,841.0,887.0,830.0,855.0,910.0,908.0,846.0,909.0,897.0,934.0,964.0,993.0,1002.0,1055.0,1175.0,1152.0
동작구 - 여자 - 사망자수,Statistics,760.0,698.0,678.0,741.0,690.0,709.0,683.0,678.0,709.0,678.0,744.0,699.0,663.0,659.0,698.0,681.0,695.0,718.0,768.0,770.0,707.0,756.0,710.0,768.0,835.0,990.0,841.0
동해시 - 계 - 사망자수,Statistics,721.0,714.0,676.0,719.0,670.0,634.0,619.0,638.0,613.0,576.0,593.0,691.0,603.0,661.0,595.0,655.0,665.0,600.0,681.0,640.0,625.0,731.0,624.0,702.0,680.0,856.0,819.0
동해시 - 남자 - 사망자수,Statistics,414.0,441.0,389.0,404.0,405.0,352.0,329.0,371.0,350.0,317.0,343.0,391.0,329.0,389.0,341.0,356.0,345.0,337.0,348.0,355.0,323.0,404.0,352.0,401.0,385.0,444.0,468.0
동해시 - 여자 - 사망자수,Statistics,307.0,273.0,287.0,315.0,265.0,282.0,290.0,267.0,263.0,259.0,250.0,300.0,274.0,272.0,254.0,299.0,320.0,263.0,333.0,285.0,302.0,327.0,272.0,301.0,295.0,412.0,351.0
마산시 - 계 - 사망자수,Statistics,2148.0,2147.0,2143.0,2151.0,2178.0,2249.0,2126.0,2194.0,2224.0,2123.0,2144.0,2191.0,2145.0,,,,,,,,,,,,,,
마산시 - 남자 - 사망자수,Statistics,1208.0,1190.0,1171.0,1232.0,1222.0,1247.0,1144.0,1195.0,1203.0,1133.0,1164.0,1207.0,1154.0,,,,,,,,,,,,,,
마산시 - 여자 - 사망자수,Statistics,940.0,957.0,972.0,919.0,956.0,1002.0,982.0,999.0,1021.0,990.0,980.0,984.0,991.0,,,,,,,,,,,,,,
마산합포구 - 계 - 사망자수,Statistics,,,,,,,,,,,,,,1132.0,1213.0,1191.0,1182.0,1255.0,1291.0,1313.0,1339.0,1384.0,1344.0,1412.0,1439.0,1676.0,1672.0
마산합포구 - 남자 - 사망자수,Statistics,,,,,,,,,,,,,,591.0,692.0,637.0,622.0,669.0,710.0,690.0,737.0,739.0,760.0,787.0,789.0,877.0,935.0
마산합포구 - 여자 - 사망자수,Statistics,,,,,,,,,,,,,,541.0,521.0,554.0,560.0,586.0,581.0,623.0,602.0,645.0,584.0,625.0,650.0,799.0,737.0
마산회원구 - 계 - 사망자수,Statistics,,,,,,,,,,,,,,1028.0,958.0,1026.0,1088.0,1084.0,1128.0,1168.0,1105.0,1189.0,1154.0,1095.0,1168.0,1386.0,1327.0
마산회원구 - 남자 - 사망자수,Statistics,,,,,,,,,,,,,,607.0,548.0,580.0,611.0,642.0,658.0,647.0,590.0,687.0,667.0,595.0,681.0,792.0,762.0
마산회원구 - 여자 - 사망자수,Statistics,,,,,,,,,,,,,,421.0,410.0,446.0,477.0,442.0,470.0,521.0,515.0,502.0,487.0,500.0,487.0,594.0,565.0
마포구 - 계 - 사망자수,Statistics,1699.0,1576.0,1609.0,1657.0,1589.0,1580.0,1377.0,1550.0,1457.0,1503.0,1542.0,1500.0,1509.0,1476.0,1615.0,1586.0,1514.0,1534.0,1593.0,1621.0,1533.0,1612.0,1563.0,1653.0,1735.0,1936.0,1749.0
마포구 - 남자 - 사망자수,Statistics,926.0,878.0,893.0,922.0,886.0,894.0,753.0,871.0,830.0,827.0,866.0,890.0,846.0,834.0,945.0,849.0,848.0,854.0,907.0,889.0,855.0,892.0,907.0,924.0,967.0,1030.0,955.0
마포구 - 여자 - 사망자수,Statistics,773.0,698.0,716.0,735.0,703.0,686.0,624.0,679.0,627.0,676.0,676.0,610.0,663.0,642.0,670.0,737.0,666.0,680.0,686.0,732.0,678.0,720.0,656.0,729.0,768.0,906.0,794.0
만안구 - 계 - 사망자수,Statistics,1011.0,1007.0,1034.0,1015.0,1056.0,1054.0,1076.0,1064.0,1050.0,1065.0,1008.0,984.0,1067.0,1072.0,1065.0,1110.0,1094.0,1107.0,1130.0,1148.0,1188.0,1199.0,1198.0,1313.0,1420.0,1538.0,1475.0
만안구 - 남자 - 사망자수,Statistics,551.0,580.0,599.0,576.0,581.0,575.0,644.0,608.0,595.0,609.0,568.0,559.0,597.0,594.0,609.0,619.0,599.0,621.0,636.0,639.0,694.0,662.0,646.0,763.0,796.0,859.0,812.0
만안구 - 여자 - 사망자수,Statistics,460.0,427.0,435.0,439.0,475.0,479.0,432.0,456.0,455.0,456.0,440.0,425.0,470.0,478.0,456.0,491.0,495.0,486.0,494.0,509.0,494.0,537.0,552.0,550.0,624.0,679.0,663.0
목포시 - 계 - 사망자수,Statistics,1243.0,1233.0,1206.0,1289.0,1210.0,1256.0,1231.0,1235.0,1108.0,1180.0,1276.0,1297.0,1276.0,1327.0,1321.0,1389.0,1374.0,1397.0,1486.0,1534.0,1451.0,1600.0,1526.0,1562.0,1526.0,1799.0,1761.0
목포시 - 남자 - 사망자수,Statistics,705.0,700.0,664.0,735.0,624.0,679.0,669.0,703.0,615.0,652.0,700.0,734.0,704.0,738.0,733.0,746.0,775.0,735.0,821.0,817.0,733.0,864.0,810.0,859.0,852.0,970.0,976.0
목포시 - 여자 - 사망자수,Statistics,538.0,533.0,542.0,554.0,586.0,577.0,562.0,532.0,493.0,528.0,576.0,563.0,572.0,589.0,588.0,643.0,599.0,662.0,665.0,717.0,718.0,736.0,716.0,703.0,674.0,829.0,785.0
무안군 - 계 - 사망자수,Statistics,803.0,793.0,767.0,766.0,751.0,766.0,728.0,645.0,639.0,724.0,687.0,662.0,658.0,709.0,700.0,729.0,709.0,758.0,744.0,667.0,744.0,745.0,722.0,739.0,745.0,908.0,849.0
무안군 - 남자 - 사망자수,Statistics,449.0,463.0,420.0,428.0,412.0,371.0,402.0,359.0,364.0,404.0,379.0,372.0,341.0,377.0,391.0,377.0,399.0,400.0,390.0,350.0,393.0,388.0,386.0,376.0,369.0,433.0,442.0
무안군 - 여자 - 사망자수,Statistics,354.0,330.0,347.0,338.0,339.0,395.0,326.0,286.0,275.0,320.0,308.0,290.0,317.0,332.0,309.0,352.0,310.0,358.0,354.0,317.0,351.0,357.0,336.0,363.0,376.0,475.0,407.0
무주군 - 계 - 사망자수,Statistics,342.0,345.0,354.0,338.0,315.0,310.0,314.0,300.0,296.0,311.0,278.0,298.0,244.0,265.0,274.0,279.0,290.0,288.0,258.0,318.0,304.0,340.0,341.0,351.0,339.0,389.0,380.0
무주군 - 남자 - 사망자수,Statistics,216.0,206.0,211.0,212.0,174.0,164.0,168.0,178.0,156.0,178.0,164.0,171.0,140.0,144.0,147.0,154.0,141.0,154.0,139.0,175.0,142.0,166.0,173.0,181.0,172.0,193.0,193.0
무주군 - 여자 - 사망자수,Statistics,126.0,139.0,143.0,126.0,141.0,146.0,146.0,122.0,140.0,133.0,114.0,127.0,104.0,121.0,127.0,125.0,149.0,134.0,119.0,143.0,162.0,174.0,168.0,170.0,167.0,196.0,187.0
문경시 - 계 - 사망자수,Statistics,852.0,919.0,941.0,893.0,891.0,835.0,832.0,806.0,853.0,816.0,759.0,809.0,762.0,764.0,770.0,786.0,767.0,773.0,833.0,795.0,817.0,850.0,846.0,857.0,864.0,1101.0,954.0
문경시 - 남자 - 사망자수,Statistics,492.0,530.0,511.0,498.0,498.0,445.0,452.0,478.0,487.0,443.0,404.0,479.0,411.0,417.0,422.0,429.0,426.0,415.0,467.0,398.0,446.0,442.0,427.0,449.0,431.0,516.0,493.0
문경시 - 여자 - 사망자수,Statistics,360.0,389.0,430.0,395.0,393.0,390.0,380.0,328.0,366.0,373.0,355.0,330.0,351.0,347.0,348.0,357.0,341.0,358.0,366.0,397.0,371.0,408.0,419.0,408.0,433.0,585.0,461.0
미추홀구 - 계 - 사망자수,Statistics,,,,,,,,,,,,,,,,,,,,,,2564.0,2516.0,2509.0,2769.0,3119.0,3038.0
미추홀구 - 남자 - 사망자수,Statistics,,,,,,,,,,,,,,,,,,,,,,1429.0,1409.0,1456.0,1557.0,1699.0,1709.0
미추홀구 - 여자 - 사망자수,Statistics,,,,,,,,,,,,,,,,,,,,,,1135.0,1107.0,1053.0,1212.0,1420.0,1329.0
밀양시 - 계 - 사망자수,Statistics,1217.0,1115.0,1237.0,1254.0,1161.0,1144.0,1136.0,1075.0,1068.0,1052.0,989.0,1100.0,1035.0,1068.0,1087.0,1115.0,1046.0,1150.0,1122.0,1135.0,1094.0,1198.0,1165.0,1180.0,1188.0,1407.0,1277.0
밀양시 - 남자 - 사망자수,Statistics,695.0,671.0,695.0,691.0,647.0,619.0,657.0,596.0,606.0,567.0,559.0,592.0,554.0,601.0,584.0,615.0,539.0,606.0,608.0,588.0,566.0,596.0,593.0,567.0,588.0,663.0,624.0
밀양시 - 여자 - 사망자수,Statistics,522.0,444.0,542.0,563.0,514.0,525.0,479.0,479.0,462.0,485.0,430.0,508.0,481.0,467.0,503.0,500.0,507.0,544.0,514.0,547.0,528.0,602.0,572.0,613.0,600.0,744.0,653.0
보령시 - 계 - 사망자수,Statistics,958.0,986.0,1019.0,896.0,953.0,982.0,902.0,896.0,867.0,901.0,935.0,871.0,867.0,863.0,875.0,887.0,863.0,969.0,957.0,938.0,938.0,994.0,929.0,996.0,1023.0,1244.0,1205.0
보령시 - 남자 - 사망자수,Statistics,554.0,559.0,585.0,535.0,560.0,585.0,522.0,502.0,496.0,507.0,548.0,494.0,489.0,495.0,509.0,498.0,487.0,560.0,523.0,501.0,511.0,530.0,506.0,537.0,560.0,644.0,652.0
보령시 - 여자 - 사망자수,Statistics,404.0,427.0,434.0,361.0,393.0,397.0,380.0,394.0,371.0,394.0,387.0,377.0,378.0,368.0,366.0,389.0,376.0,409.0,434.0,437.0,427.0,464.0,423.0,459.0,463.0,600.0,553.0
보성군 - 계 - 사망자수,Statistics,783.0,787.0,732.0,815.0,752.0,733.0,683.0,678.0,634.0,686.0,612.0,597.0,575.0,628.0,584.0,633.0,579.0,572.0,584.0,612.0,610.0,632.0,587.0,611.0,630.0,717.0,751.0
보성군 - 남자 - 사망자수,Statistics,443.0,443.0,429.0,486.0,412.0,431.0,409.0,371.0,365.0,377.0,336.0,351.0,329.0,363.0,327.0,333.0,315.0,294.0,303.0,346.0,327.0,338.0,297.0,285.0,335.0,373.0,384.0
보성군 - 여자 - 사망자수,Statistics,340.0,344.0,303.0,329.0,340.0,302.0,274.0,307.0,269.0,309.0,276.0,246.0,246.0,265.0,257.0,300.0,264.0,278.0,281.0,266.0,283.0,294.0,290.0,326.0,295.0,344.0,367.0
보은군 - 계 - 사망자수,Statistics,549.0,549.0,543.0,477.0,481.0,448.0,464.0,476.0,466.0,466.0,409.0,425.0,436.0,429.0,404.0,455.0,466.0,418.0,458.0,431.0,449.0,486.0,469.0,531.0,486.0,584.0,494.0
보은군 - 남자 - 사망자수,Statistics,320.0,336.0,313.0,282.0,269.0,272.0,268.0,263.0,281.0,270.0,227.0,250.0,259.0,233.0,223.0,258.0,260.0,233.0,236.0,241.0,258.0,258.0,249.0,290.0,261.0,289.0,244.0
보은군 - 여자 - 사망자수,Statistics,229.0,213.0,230.0,195.0,212.0,176.0,196.0,213.0,185.0,196.0,182.0,175.0,177.0,196.0,181.0,197.0,206.0,185.0,222.0,190.0,191.0,228.0,220.0,241.0,225.0,295.0,250.0
봉화군 - 계 - 사망자수,Statistics,526.0,528.0,572.0,533.0,498.0,459.0,504.0,479.0,418.0,416.0,402.0,408.0,396.0,425.0,438.0,414.0,398.0,384.0,472.0,439.0,413.0,482.0,446.0,485.0,466.0,539.0,509.0
봉화군 - 남자 - 사망자수,Statistics,304.0,311.0,320.0,303.0,278.0,261.0,282.0,286.0,235.0,228.0,221.0,222.0,225.0,254.0,255.0,243.0,231.0,220.0,256.0,257.0,223.0,245.0,250.0,241.0,241.0,277.0,261.0
봉화군 - 여자 - 사망자수,Statistics,222.0,217.0,252.0,230.0,220.0,198.0,222.0,193.0,183.0,188.0,181.0,186.0,171.0,171.0,183.0,171.0,167.0,164.0,216.0,182.0,190.0,237.0,196.0,244.0,225.0,262.0,248.0
부산광역시 - 계 - 사망자수,Statistics,18005.0,17928.0,18312.0,18318.0,18422.0,18688.0,18528.0,18722.0,18854.0,18983.0,19170.0,19385.0,18954.0,19708.0,19643.0,20534.0,20096.0,20230.0,20820.0,21074.0,21434.0,22570.0,22260.0,22950.0,23531.0,27713.0,26303.0
부산광역시 - 남자 - 사망자수,Statistics,9926.0,10056.0,10280.0,10077.0,10276.0,10230.0,10352.0,10516.0,10407.0,10660.0,10733.0,10964.0,10558.0,10997.0,11051.0,11361.0,11107.0,11259.0,11370.0,11705.0,11704.0,12349.0,12198.0,12759.0,13053.0,15113.0,14391.0
부산광역시 - 여자 - 사망자수,Statistics,8079.0,7872.0,8032.0,8241.0,8146.0,8458.0,8176.0,8206.0,8447.0,8323.0,8437.0,8421.0,8396.0,8711.0,8592.0,9173.0,8989.0,8971.0,9450.0,9369.0,9730.0,10221.0,10062.0,10191.0,10478.0,12600.0,11912.0
부산진구 - 계 - 사망자수,Statistics,2211.0,2080.0,2128.0,2158.0,2137.0,2162.0,2116.0,2096.0,2158.0,2189.0,2180.0,2256.0,2107.0,2293.0,2267.0,2435.0,2349.0,2398.0,2353.0,2447.0,2407.0,2478.0,2450.0,2531.0,2512.0,2959.0,2870.0
부산진구 - 남자 - 사망자수,Statistics,1213.0,1199.0,1208.0,1227.0,1222.0,1208.0,1239.0,1215.0,1228.0,1216.0,1256.0,1339.0,1220.0,1328.0,1294.0,1361.0,1347.0,1365.0,1321.0,1367.0,1318.0,1365.0,1392.0,1407.0,1385.0,1626.0,1590.0
부산진구 - 여자 - 사망자수,Statistics,998.0,881.0,920.0,931.0,915.0,954.0,877.0,881.0,930.0,973.0,924.0,917.0,887.0,965.0,973.0,1074.0,1002.0,1033.0,1032.0,1080.0,1089.0,1113.0,1058.0,1124.0,1127.0,1333.0,1280.0
부안군 - 계 - 사망자수,Statistics,805.0,777.0,816.0,807.0,744.0,781.0,740.0,722.0,694.0,675.0,745.0,707.0,632.0,629.0,653.0,667.0,689.0,653.0,684.0,694.0,699.0,710.0,702.0,702.0,775.0,819.0,822.0
부안군 - 남자 - 사망자수,Statistics,451.0,479.0,472.0,437.0,413.0,391.0,406.0,396.0,371.0,351.0,404.0,404.0,350.0,343.0,355.0,364.0,372.0,370.0,363.0,367.0,340.0,327.0,351.0,361.0,409.0,363.0,405.0
부안군 - 여자 - 사망자수,Statistics,354.0,298.0,344.0,370.0,331.0,390.0,334.0,326.0,323.0,324.0,341.0,303.0,282.0,286.0,298.0,303.0,317.0,283.0,321.0,327.0,359.0,383.0,351.0,341.0,366.0,456.0,417.0
부여군 - 계 - 사망자수,Statistics,1029.0,1048.0,1012.0,987.0,935.0,911.0,940.0,926.0,919.0,833.0,893.0,857.0,817.0,833.0,842.0,893.0,867.0,832.0,866.0,852.0,858.0,873.0,897.0,900.0,901.0,1163.0,1072.0
부여군 - 남자 - 사망자수,Statistics,584.0,588.0,568.0,574.0,489.0,482.0,523.0,507.0,507.0,455.0,485.0,461.0,459.0,459.0,459.0,474.0,487.0,487.0,465.0,459.0,469.0,477.0,458.0,445.0,484.0,572.0,540.0
부여군 - 여자 - 사망자수,Statistics,445.0,460.0,444.0,413.0,446.0,429.0,417.0,419.0,412.0,378.0,408.0,396.0,358.0,374.0,383.0,419.0,380.0,345.0,401.0,393.0,389.0,396.0,439.0,455.0,417.0,591.0,532.0
부천시 - 계 - 사망자수,Statistics,2608.0,2571.0,2640.0,2741.0,2647.0,2809.0,2722.0,2937.0,2979.0,2968.0,3088.0,3010.0,3127.0,3178.0,3256.0,3353.0,3466.0,3453.0,3531.0,3619.0,3730.0,3916.0,3772.0,3935.0,4246.0,4939.0,4538.0
부천시 - 남자 - 사망자수,Statistics,1475.0,1477.0,1497.0,1501.0,1502.0,1605.0,1478.0,1664.0,1646.0,1659.0,1743.0,1685.0,1790.0,1836.0,1786.0,1953.0,1900.0,1907.0,1935.0,1960.0,2015.0,2161.0,2053.0,2140.0,2377.0,2727.0,2488.0
부천시 - 여자 - 사망자수,Statistics,1133.0,1094.0,1143.0,1240.0,1145.0,1204.0,1244.0,1273.0,1333.0,1309.0,1345.0,1325.0,1337.0,1342.0,1470.0,1400.0,1566.0,1546.0,1596.0,1659.0,1715.0,1755.0,1719.0,1795.0,1869.0,2212.0,2050.0
부평구 - 계 - 사망자수,Statistics,1934.0,1947.0,1927.0,2140.0,2040.0,2096.0,2109.0,2207.0,2242.0,2220.0,2241.0,2305.0,2345.0,2388.0,2547.0,2469.0,2468.0,2493.0,2556.0,2701.0,2612.0,2730.0,2786.0,2825.0,2859.0,3204.0,3208.0
부평구 - 남자 - 사망자수,Statistics,1076.0,1111.0,1082.0,1211.0,1144.0,1149.0,1202.0,1210.0,1249.0,1239.0,1273.0,1252.0,1326.0,1339.0,1396.0,1387.0,1361.0,1397.0,1447.0,1464.0,1435.0,1477.0,1568.0,1560.0,1545.0,1726.0,1758.0
부평구 - 여자 - 사망자수,Statistics,858.0,836.0,845.0,929.0,896.0,947.0,907.0,997.0,993.0,981.0,968.0,1053.0,1019.0,1049.0,1151.0,1082.0,1107.0,1096.0,1109.0,1237.0,1177.0,1253.0,1218.0,1265.0,1314.0,1478.0,1450.0
북구 - 계 - 사망자수,Statistics,1168.0,1188.0,1162.0,1193.0,1237.0,1333.0,1358.0,1381.0,1465.0,1388.0,1473.0,1421.0,1372.0,1450.0,1538.0,1608.0,1492.0,1527.0,1571.0,1567.0,1606.0,1686.0,1704.0,1715.0,1758.0,2112.0,2005.0
북구 - 남자 - 사망자수,Statistics,662.0,682.0,666.0,668.0,667.0,730.0,728.0,803.0,804.0,766.0,784.0,793.0,761.0,779.0,879.0,862.0,809.0,858.0,832.0,854.0,837.0,947.0,933.0,967.0,978.0,1179.0,1083.0
북구 - 여자 - 사망자수,Statistics,506.0,506.0,496.0,525.0,570.0,603.0,630.0,578.0,661.0,622.0,689.0,628.0,611.0,671.0,659.0,746.0,683.0,669.0,739.0,713.0,769.0,739.0,771.0,748.0,780.0,933.0,922.0
북제주군 - 계 - 사망자수,Statistics,935.0,936.0,913.0,834.0,763.0,769.0,727.0,720.0,786.0,,,,,,,,,,,,,,,,,,
북제주군 - 남자 - 사망자수,Statistics,471.0,495.0,474.0,402.0,390.0,355.0,375.0,374.0,408.0,,,,,,,,,,,,,,,,,,
북제주군 - 여자 - 사망자수,Statistics,464.0,441.0,439.0,432.0,373.0,414.0,352.0,346.0,378.0,,,,,,,,,,,,,,,,,,
분당구 - 계 - 사망자수,Statistics,1207.0,1181.0,1261.0,1266.0,1192.0,1291.0,1276.0,1227.0,1283.0,1300.0,1313.0,1312.0,1312.0,1482.0,1564.0,1528.0,1532.0,1593.0,1655.0,1727.0,1708.0,1832.0,1802.0,1813.0,1867.0,2124.0,2015.0
분당구 - 남자 - 사망자수,Statistics,620.0,593.0,684.0,637.0,606.0,687.0,657.0,638.0,671.0,642.0,600.0,686.0,670.0,750.0,821.0,760.0,777.0,792.0,826.0,865.0,840.0,901.0,903.0,884.0,944.0,1074.0,997.0
분당구 - 여자 - 사망자수,Statistics,587.0,588.0,577.0,629.0,586.0,604.0,619.0,589.0,612.0,658.0,713.0,626.0,642.0,732.0,743.0,768.0,755.0,801.0,829.0,862.0,868.0,931.0,899.0,929.0,923.0,1050.0,1018.0
사상구 - 계 - 사망자수,Statistics,1196.0,1151.0,1154.0,1223.0,1180.0,1241.0,1201.0,1266.0,1274.0,1253.0,1266.0,1255.0,1212.0,1334.0,1274.0,1404.0,1318.0,1377.0,1405.0,1408.0,1405.0,1411.0,1441.0,1503.0,1497.0,1818.0,1666.0
사상구 - 남자 - 사망자수,Statistics,722.0,658.0,646.0,707.0,687.0,742.0,670.0,718.0,717.0,732.0,739.0,737.0,707.0,740.0,757.0,778.0,751.0,785.0,760.0,813.0,831.0,800.0,833.0,848.0,862.0,1022.0,971.0
사상구 - 여자 - 사망자수,Statistics,474.0,493.0,508.0,516.0,493.0,499.0,531.0,548.0,557.0,521.0,527.0,518.0,505.0,594.0,517.0,626.0,567.0,592.0,645.0,595.0,574.0,611.0,608.0,655.0,635.0,796.0,695.0
사천시 - 계 - 사망자수,Statistics,944.0,919.0,991.0,955.0,869.0,938.0,893.0,869.0,872.0,907.0,844.0,840.0,846.0,921.0,856.0,864.0,864.0,908.0,948.0,883.0,968.0,999.0,962.0,1003.0,1045.0,1250.0,1255.0
사천시 - 남자 - 사망자수,Statistics,565.0,528.0,555.0,528.0,498.0,532.0,489.0,494.0,462.0,520.0,447.0,457.0,480.0,549.0,471.0,489.0,448.0,479.0,511.0,458.0,479.0,523.0,482.0,532.0,545.0,620.0,649.0
사천시 - 여자 - 사망자수,Statistics,379.0,391.0,436.0,427.0,371.0,406.0,404.0,375.0,410.0,387.0,397.0,383.0,366.0,372.0,385.0,375.0,416.0,429.0,437.0,425.0,489.0,476.0,480.0,471.0,500.0,630.0,606.0
사하구 - 계 - 사망자수,Statistics,1732.0,1623.0,1770.0,1690.0,1727.0,1715.0,1756.0,1737.0,1824.0,1790.0,1832.0,1806.0,1818.0,1837.0,1824.0,1859.0,1853.0,1848.0,1931.0,1903.0,2086.0,2145.0,2093.0,2254.0,2223.0,2654.0,2434.0
사하구 - 남자 - 사망자수,Statistics,972.0,901.0,1005.0,943.0,968.0,899.0,1007.0,977.0,1001.0,1017.0,1053.0,1006.0,1004.0,1043.0,997.0,1030.0,1024.0,1075.0,1037.0,1032.0,1159.0,1168.0,1141.0,1297.0,1252.0,1457.0,1321.0
사하구 - 여자 - 사망자수,Statistics,760.0,722.0,765.0,747.0,759.0,816.0,749.0,760.0,823.0,773.0,779.0,800.0,814.0,794.0,827.0,829.0,829.0,773.0,894.0,871.0,927.0,977.0,952.0,957.0,971.0,1197.0,1113.0
산청군 - 계 - 사망자수,Statistics,604.0,540.0,589.0,540.0,545.0,507.0,503.0,504.0,476.0,476.0,443.0,454.0,468.0,443.0,443.0,462.0,431.0,475.0,468.0,507.0,484.0,509.0,504.0,521.0,551.0,640.0,579.0
산청군 - 남자 - 사망자수,Statistics,341.0,308.0,324.0,315.0,313.0,276.0,280.0,285.0,266.0,271.0,245.0,259.0,248.0,216.0,243.0,240.0,235.0,251.0,243.0,267.0,238.0,256.0,247.0,240.0,280.0,289.0,284.0
산청군 - 여자 - 사망자수,Statistics,263.0,232.0,265.0,225.0,232.0,231.0,223.0,219.0,210.0,205.0,198.0,195.0,220.0,227.0,200.0,222.0,196.0,224.0,225.0,240.0,246.0,253.0,257.0,281.0,271.0,351.0,295.0
삼척시 - 계 - 사망자수,Statistics,720.0,660.0,704.0,712.0,674.0,680.0,690.0,664.0,643.0,643.0,597.0,623.0,588.0,590.0,608.0,570.0,560.0,622.0,618.0,608.0,620.0,667.0,622.0,633.0,680.0,754.0,674.0
삼척시 - 남자 - 사망자수,Statistics,432.0,400.0,412.0,378.0,396.0,401.0,376.0,361.0,366.0,380.0,332.0,333.0,350.0,332.0,349.0,323.0,340.0,351.0,358.0,339.0,319.0,387.0,306.0,342.0,385.0,399.0,352.0
삼척시 - 여자 - 사망자수,Statistics,288.0,260.0,292.0,334.0,278.0,279.0,314.0,303.0,277.0,263.0,265.0,290.0,238.0,258.0,259.0,247.0,220.0,271.0,260.0,269.0,301.0,280.0,316.0,291.0,295.0,355.0,322.0
상당구 - 계 - 사망자수,Statistics,1092.0,1060.0,1026.0,1102.0,1012.0,1079.0,1153.0,1125.0,1105.0,1114.0,1141.0,1145.0,1185.0,1111.0,1167.0,1200.0,1141.0,1060.0,1040.0,1070.0,1101.0,1063.0,1102.0,1167.0,1235.0,1496.0,1415.0
상당구 - 남자 - 사망자수,Statistics,597.0,577.0,533.0,608.0,540.0,567.0,628.0,620.0,624.0,618.0,609.0,636.0,665.0,613.0,645.0,639.0,617.0,591.0,565.0,571.0,620.0,575.0,572.0,624.0,673.0,781.0,734.0
상당구 - 여자 - 사망자수,Statistics,495.0,483.0,493.0,494.0,472.0,512.0,525.0,505.0,481.0,496.0,532.0,509.0,520.0,498.0,522.0,561.0,524.0,469.0,475.0,499.0,481.0,488.0,530.0,543.0,562.0,715.0,681.0
상록구 - 계 - 사망자수,Statistics,,,,,,1089.0,1045.0,1101.0,1155.0,1200.0,1166.0,1236.0,1321.0,1231.0,1290.0,1357.0,1358.0,1435.0,1431.0,1511.0,1538.0,1662.0,1665.0,1723.0,1752.0,2045.0,1970.0
상록구 - 남자 - 사망자수,Statistics,,,,,,599.0,605.0,605.0,658.0,697.0,638.0,683.0,736.0,692.0,749.0,785.0,749.0,862.0,784.0,845.0,842.0,910.0,900.0,954.0,928.0,1098.0,1088.0
상록구 - 여자 - 사망자수,Statistics,,,,,,490.0,440.0,496.0,497.0,503.0,528.0,553.0,585.0,539.0,541.0,572.0,609.0,573.0,647.0,666.0,696.0,752.0,765.0,769.0,824.0,947.0,882.0
상주시 - 계 - 사망자수,Statistics,1427.0,1402.0,1405.0,1335.0,1363.0,1355.0,1296.0,1193.0,1170.0,1160.0,1142.0,1094.0,1035.0,1151.0,1079.0,1114.0,1178.0,1172.0,1143.0,1233.0,1191.0,1263.0,1170.0,1231.0,1194.0,1477.0,1301.0
상주시 - 남자 - 사망자수,Statistics,833.0,770.0,786.0,763.0,745.0,753.0,718.0,685.0,659.0,626.0,648.0,662.0,581.0,619.0,624.0,634.0,615.0,624.0,624.0,664.0,646.0,635.0,637.0,653.0,595.0,704.0,624.0
상주시 - 여자 - 사망자수,Statistics,594.0,632.0,619.0,572.0,618.0,602.0,578.0,508.0,511.0,534.0,494.0,432.0,454.0,532.0,455.0,480.0,563.0,548.0,519.0,569.0,545.0,628.0,533.0,578.0,599.0,773.0,677.0
서구 - 계 - 사망자수,Statistics,992.0,1034.0,1024.0,963.0,958.0,988.0,945.0,944.0,967.0,904.0,938.0,946.0,959.0,885.0,1004.0,983.0,923.0,891.0,1039.0,1018.0,987.0,1052.0,999.0,1046.0,1067.0,1206.0,1200.0
서구 - 남자 - 사망자수,Statistics,553.0,594.0,587.0,544.0,547.0,553.0,519.0,557.0,551.0,538.0,536.0,532.0,545.0,510.0,578.0,556.0,490.0,478.0,579.0,563.0,545.0,570.0,538.0,585.0,615.0,681.0,693.0
서구 - 여자 - 사망자수,Statistics,439.0,440.0,437.0,419.0,411.0,435.0,426.0,387.0,416.0,366.0,402.0,414.0,414.0,375.0,426.0,427.0,433.0,413.0,460.0,455.0,442.0,482.0,461.0,461.0,452.0,525.0,507.0
서귀포시 - 계 - 사망자수,Statistics,516.0,474.0,498.0,479.0,472.0,447.0,471.0,437.0,480.0,1029.0,965.0,879.0,873.0,947.0,980.0,1094.0,1068.0,1106.0,1075.0,1102.0,1158.0,1258.0,1287.0,1237.0,1342.0,1525.0,1477.0
서귀포시 - 남자 - 사망자수,Statistics,269.0,244.0,275.0,251.0,266.0,237.0,255.0,225.0,266.0,520.0,512.0,471.0,468.0,490.0,545.0,606.0,564.0,568.0,564.0,578.0,624.0,663.0,675.0,667.0,728.0,810.0,809.0
서귀포시 - 여자 - 사망자수,Statistics,247.0,230.0,223.0,228.0,206.0,210.0,216.0,212.0,214.0,509.0,453.0,408.0,405.0,457.0,435.0,488.0,504.0,538.0,511.0,524.0,534.0,595.0,612.0,570.0,614.0,715.0,668.0
서대문구 - 계 - 사망자수,Statistics,1479.0,1489.0,1456.0,1523.0,1437.0,1523.0,1549.0,1455.0,1466.0,1476.0,1527.0,1456.0,1421.0,1397.0,1420.0,1453.0,1466.0,1405.0,1516.0,1514.0,1507.0,1669.0,1555.0,1676.0,1728.0,2051.0,1844.0
서대문구 - 남자 - 사망자수,Statistics,804.0,835.0,824.0,876.0,789.0,889.0,873.0,832.0,831.0,821.0,874.0,830.0,827.0,792.0,840.0,848.0,815.0,779.0,830.0,857.0,880.0,890.0,883.0,912.0,974.0,1127.0,984.0
서대문구 - 여자 - 사망자수,Statistics,675.0,654.0,632.0,647.0,648.0,634.0,676.0,623.0,635.0,655.0,653.0,626.0,594.0,605.0,580.0,605.0,651.0,626.0,686.0,657.0,627.0,779.0,672.0,764.0,754.0,924.0,860.0
서북구 - 계 - 사망자수,Statistics,,,,,,,,,,,,931.0,944.0,1044.0,1058.0,1192.0,1061.0,1152.0,1231.0,1248.0,1400.0,1514.0,1384.0,1456.0,1549.0,1843.0,1775.0
서북구 - 남자 - 사망자수,Statistics,,,,,,,,,,,,530.0,556.0,581.0,622.0,655.0,598.0,658.0,692.0,690.0,760.0,834.0,748.0,809.0,837.0,1023.0,1014.0
서북구 - 여자 - 사망자수,Statistics,,,,,,,,,,,,401.0,388.0,463.0,436.0,537.0,463.0,494.0,539.0,558.0,640.0,680.0,636.0,647.0,712.0,820.0,761.0
서산시 - 계 - 사망자수,Statistics,1015.0,983.0,1001.0,955.0,926.0,966.0,959.0,969.0,932.0,949.0,1020.0,948.0,1005.0,997.0,992.0,969.0,1007.0,998.0,994.0,1071.0,1182.0,1148.0,1109.0,1203.0,1242.0,1450.0,1433.0
서산시 - 남자 - 사망자수,Statistics,587.0,571.0,591.0,547.0,524.0,563.0,536.0,529.0,484.0,527.0,568.0,501.0,571.0,570.0,559.0,566.0,563.0,579.0,583.0,598.0,621.0,620.0,609.0,608.0,657.0,760.0,739.0
서산시 - 여자 - 사망자수,Statistics,428.0,412.0,410.0,408.0,402.0,403.0,423.0,440.0,448.0,422.0,452.0,447.0,434.0,427.0,433.0,403.0,444.0,419.0,411.0,473.0,561.0,528.0,500.0,595.0,585.0,690.0,694.0
서울특별시 - 계 - 사망자수,Statistics,38179.0,38175.0,38046.0,39296.0,38455.0,38925.0,38068.0,38274.0,38751.0,38519.0,39016.0,38298.0,38790.0,40130.0,40320.0,41514.0,42063.0,42153.0,43053.0,43540.0,42932.0,45219.0,43829.0,45522.0,48798.0,55296.0,51446.0
서울특별시 - 남자 - 사망자수,Statistics,20729.0,20772.0,20758.0,21387.0,21121.0,21254.0,20913.0,21226.0,21461.0,21311.0,21748.0,21455.0,21955.0,22754.0,22770.0,23254.0,23681.0,23608.0,23955.0,24210.0,24135.0,25384.0,24859.0,25626.0,27645.0,30745.0,28900.0
서울특별시 - 여자 - 사망자수,Statistics,17450.0,17403.0,17288.0,17909.0,17334.0,17671.0,17155.0,17048.0,17290.0,17208.0,17268.0,16843.0,16835.0,17376.0,17550.0,18260.0,18382.0,18545.0,19098.0,19330.0,18797.0,19835.0,18970.0,19896.0,21153.0,24551.0,22546.0
서원구 - 계 - 사망자수,Statistics,,,,,,,,,,,,,,,,,,977.0,1035.0,1078.0,1121.0,1112.0,1115.0,1110.0,1109.0,1426.0,1254.0
서원구 - 남자 - 사망자수,Statistics,,,,,,,,,,,,,,,,,,547.0,549.0,568.0,571.0,569.0,602.0,563.0,569.0,713.0,672.0
서원구 - 여자 - 사망자수,Statistics,,,,,,,,,,,,,,,,,,430.0,486.0,510.0,550.0,543.0,513.0,547.0,540.0,713.0,582.0
서천군 - 계 - 사망자수,Statistics,786.0,793.0,816.0,813.0,760.0,735.0,757.0,706.0,715.0,676.0,614.0,670.0,640.0,680.0,637.0,666.0,720.0,718.0,727.0,810.0,725.0,744.0,727.0,718.0,719.0,942.0,898.0
서천군 - 남자 - 사망자수,Statistics,451.0,450.0,433.0,458.0,439.0,391.0,425.0,377.0,370.0,365.0,362.0,358.0,359.0,403.0,357.0,330.0,385.0,364.0,366.0,433.0,363.0,384.0,385.0,364.0,377.0,464.0,474.0
서천군 - 여자 - 사망자수,Statistics,335.0,343.0,383.0,355.0,321.0,344.0,332.0,329.0,345.0,311.0,252.0,312.0,281.0,277.0,280.0,336.0,335.0,354.0,361.0,377.0,362.0,360.0,342.0,354.0,342.0,478.0,424.0
서초구 - 계 - 사망자수,Statistics,1302.0,1272.0,1161.0,1348.0,1188.0,1158.0,1139.0,1225.0,1283.0,1204.0,1197.0,1139.0,1178.0,1274.0,1313.0,1378.0,1385.0,1404.0,1396.0,1480.0,1446.0,1435.0,1421.0,1433.0,1541.0,1797.0,1534.0
서초구 - 남자 - 사망자수,Statistics,630.0,620.0,585.0,643.0,616.0,578.0,587.0,585.0,647.0,604.0,615.0,581.0,612.0,674.0,702.0,695.0,693.0,727.0,715.0,755.0,755.0,769.0,780.0,745.0,854.0,896.0,840.0
서초구 - 여자 - 사망자수,Statistics,672.0,652.0,576.0,705.0,572.0,580.0,552.0,640.0,636.0,600.0,582.0,558.0,566.0,600.0,611.0,683.0,692.0,677.0,681.0,725.0,691.0,666.0,641.0,688.0,687.0,901.0,694.0
성남시 - 계 - 사망자수,Statistics,3271.0,3281.0,3327.0,3426.0,3332.0,3453.0,3404.0,3323.0,3455.0,3323.0,3436.0,3311.0,3489.0,3618.0,3698.0,3866.0,3881.0,3915.0,4105.0,4184.0,4174.0,4324.0,4253.0,4269.0,4552.0,5189.0,4849.0
성남시 - 남자 - 사망자수,Statistics,1767.0,1823.0,1874.0,1867.0,1829.0,1945.0,1911.0,1834.0,1918.0,1810.0,1855.0,1833.0,1968.0,2006.0,2063.0,2105.0,2112.0,2127.0,2222.0,2271.0,2208.0,2307.0,2330.0,2260.0,2406.0,2749.0,2567.0
성남시 - 여자 - 사망자수,Statistics,1504.0,1458.0,1453.0,1559.0,1503.0,1508.0,1493.0,1489.0,1537.0,1513.0,1581.0,1478.0,1521.0,1612.0,1635.0,1761.0,1769.0,1788.0,1883.0,1913.0,1966.0,2017.0,1923.0,2009.0,2146.0,2440.0,2282.0
성동구 - 계 - 사망자수,Statistics,1233.0,1310.0,1248.0,1439.0,1385.0,1369.0,1286.0,1338.0,1291.0,1324.0,1328.0,1296.0,1187.0,1226.0,1252.0,1257.0,1294.0,1265.0,1244.0,1304.0,1399.0,1383.0,1369.0,1363.0,1420.0,1676.0,1477.0
성동구 - 남자 - 사망자수,Statistics,720.0,736.0,707.0,788.0,798.0,783.0,722.0,764.0,723.0,747.0,762.0,741.0,685.0,690.0,702.0,719.0,754.0,726.0,706.0,747.0,797.0,808.0,786.0,757.0,803.0,898.0,851.0
성동구 - 여자 - 사망자수,Statistics,513.0,574.0,541.0,651.0,587.0,586.0,564.0,574.0,568.0,577.0,566.0,555.0,502.0,536.0,550.0,538.0,540.0,539.0,538.0,557.0,602.0,575.0,583.0,606.0,617.0,778.0,626.0
성북구 - 계 - 사망자수,Statistics,2035.0,2077.0,2107.0,2077.0,2076.0,1978.0,1768.0,1920.0,1966.0,1957.0,1939.0,2013.0,1916.0,2018.0,2068.0,1995.0,2171.0,2117.0,2154.0,2139.0,2097.0,2215.0,2184.0,2265.0,2320.0,2622.0,2520.0
성북구 - 남자 - 사망자수,Statistics,1124.0,1126.0,1137.0,1145.0,1154.0,1077.0,1024.0,1101.0,1079.0,1118.0,1138.0,1120.0,1064.0,1191.0,1204.0,1118.0,1175.0,1205.0,1207.0,1224.0,1166.0,1251.0,1232.0,1281.0,1306.0,1466.0,1428.0
성북구 - 여자 - 사망자수,Statistics,911.0,951.0,970.0,932.0,922.0,901.0,744.0,819.0,887.0,839.0,801.0,893.0,852.0,827.0,864.0,877.0,996.0,912.0,947.0,915.0,931.0,964.0,952.0,984.0,1014.0,1156.0,1092.0
성산구 - 계 - 사망자수,Statistics,,,,,,,,,,,,,,690.0,639.0,681.0,636.0,690.0,691.0,690.0,722.0,763.0,723.0,743.0,846.0,1012.0,1024.0
성산구 - 남자 - 사망자수,Statistics,,,,,,,,,,,,,,365.0,329.0,324.0,321.0,334.0,361.0,352.0,355.0,376.0,355.0,409.0,463.0,521.0,512.0
성산구 - 여자 - 사망자수,Statistics,,,,,,,,,,,,,,325.0,310.0,357.0,315.0,356.0,330.0,338.0,367.0,387.0,368.0,334.0,383.0,491.0,512.0
성주군 - 계 - 사망자수,Statistics,666.0,607.0,635.0,626.0,559.0,578.0,593.0,589.0,556.0,540.0,524.0,521.0,563.0,547.0,536.0,500.0,528.0,491.0,541.0,547.0,542.0,571.0,550.0,553.0,552.0,643.0,649.0
성주군 - 남자 - 사망자수,Statistics,389.0,327.0,363.0,367.0,316.0,329.0,338.0,317.0,331.0,297.0,288.0,300.0,301.0,320.0,282.0,251.0,285.0,261.0,284.0,292.0,293.0,278.0,275.0,298.0,266.0,320.0,328.0
성주군 - 여자 - 사망자수,Statistics,277.0,280.0,272.0,259.0,243.0,249.0,255.0,272.0,225.0,243.0,236.0,221.0,262.0,227.0,254.0,249.0,243.0,230.0,257.0,255.0,249.0,293.0,275.0,255.0,286.0,323.0,321.0
세종시 - 계 - 사망자수,Statistics,,,,,,,,,,,,,,,,820.0,812.0,853.0,979.0,1065.0,1159.0,1259.0,1221.0,1317.0,1354.0,1678.0,1595.0
세종시 - 남자 - 사망자수,Statistics,,,,,,,,,,,,,,,,474.0,445.0,476.0,531.0,571.0,591.0,631.0,625.0,668.0,709.0,852.0,828.0
세종시 - 여자 - 사망자수,Statistics,,,,,,,,,,,,,,,,346.0,367.0,377.0,448.0,494.0,568.0,628.0,596.0,649.0,645.0,826.0,767.0
세종특별자치시 - 계 - 사망자수,Statistics,,,,,,,,,,,,,,,,820.0,812.0,853.0,979.0,1065.0,1159.0,1259.0,1221.0,1317.0,1354.0,1678.0,1595.0
세종특별자치시 - 남자 - 사망자수,Statistics,,,,,,,,,,,,,,,,474.0,445.0,476.0,531.0,571.0,591.0,631.0,625.0,668.0,709.0,852.0,828.0
세종특별자치시 - 여자 - 사망자수,Statistics,,,,,,,,,,,,,,,,346.0,367.0,377.0,448.0,494.0,568.0,628.0,596.0,649.0,645.0,826.0,767.0
소사구 - 계 - 사망자수,Statistics,702.0,677.0,776.0,747.0,752.0,765.0,735.0,859.0,858.0,829.0,853.0,835.0,793.0,857.0,941.0,972.0,973.0,922.0,971.0,,,,,,,,
소사구 - 남자 - 사망자수,Statistics,399.0,396.0,447.0,395.0,420.0,425.0,413.0,496.0,462.0,463.0,471.0,462.0,484.0,495.0,509.0,572.0,535.0,512.0,545.0,,,,,,,,
소사구 - 여자 - 사망자수,Statistics,303.0,281.0,329.0,352.0,332.0,340.0,322.0,363.0,396.0,366.0,382.0,373.0,309.0,362.0,432.0,400.0,438.0,410.0,426.0,,,,,,,,
속초시 - 계 - 사망자수,Statistics,513.0,554.0,518.0,511.0,520.0,504.0,568.0,556.0,570.0,540.0,495.0,518.0,479.0,569.0,546.0,528.0,549.0,563.0,587.0,581.0,587.0,597.0,568.0,612.0,656.0,725.0,715.0
속초시 - 남자 - 사망자수,Statistics,296.0,320.0,289.0,313.0,324.0,282.0,346.0,333.0,329.0,331.0,273.0,286.0,267.0,326.0,306.0,302.0,301.0,309.0,328.0,315.0,336.0,341.0,322.0,333.0,354.0,391.0,375.0
속초시 - 여자 - 사망자수,Statistics,217.0,234.0,229.0,198.0,196.0,222.0,222.0,223.0,241.0,209.0,222.0,232.0,212.0,243.0,240.0,226.0,248.0,254.0,259.0,266.0,251.0,256.0,246.0,279.0,302.0,334.0,340.0
송파구 - 계 - 사망자수,Statistics,2033.0,1961.0,2054.0,1970.0,2097.0,2059.0,2027.0,1865.0,1849.0,1873.0,1939.0,1954.0,2043.0,2206.0,2203.0,2149.0,2168.0,2180.0,2127.0,2174.0,2239.0,2334.0,2278.0,2300.0,2579.0,3014.0,2791.0
송파구 - 남자 - 사망자수,Statistics,1051.0,1004.0,1087.0,1025.0,1091.0,1067.0,1028.0,972.0,978.0,977.0,1022.0,1037.0,1120.0,1168.0,1145.0,1143.0,1178.0,1120.0,1106.0,1158.0,1187.0,1247.0,1217.0,1274.0,1415.0,1627.0,1518.0
송파구 - 여자 - 사망자수,Statistics,982.0,957.0,967.0,945.0,1006.0,992.0,999.0,893.0,871.0,896.0,917.0,917.0,923.0,1038.0,1058.0,1006.0,990.0,1060.0,1021.0,1016.0,1052.0,1087.0,1061.0,1026.0,1164.0,1387.0,1273.0
수성구 - 계 - 사망자수,Statistics,1927.0,1836.0,1935.0,1971.0,1952.0,1940.0,1971.0,1850.0,1805.0,1812.0,1817.0,1916.0,1862.0,1930.0,1966.0,2057.0,2015.0,2084.0,2104.0,2108.0,2117.0,2195.0,2167.0,2203.0,2139.0,2752.0,2511.0
수성구 - 남자 - 사망자수,Statistics,1042.0,968.0,1020.0,1005.0,990.0,1005.0,1022.0,981.0,917.0,927.0,963.0,1023.0,965.0,1031.0,992.0,1062.0,1032.0,1070.0,1112.0,1053.0,1055.0,1103.0,1177.0,1166.0,1100.0,1375.0,1310.0
수성구 - 여자 - 사망자수,Statistics,885.0,868.0,915.0,966.0,962.0,935.0,949.0,869.0,888.0,885.0,854.0,893.0,897.0,899.0,974.0,995.0,983.0,1014.0,992.0,1055.0,1062.0,1092.0,990.0,1037.0,1039.0,1377.0,1201.0
수영구 - 계 - 사망자수,Statistics,812.0,846.0,822.0,900.0,890.0,881.0,896.0,855.0,879.0,943.0,912.0,987.0,890.0,1000.0,972.0,998.0,1013.0,1042.0,1047.0,1073.0,1119.0,1150.0,1161.0,1241.0,1247.0,1407.0,1347.0
수영구 - 남자 - 사망자수,Statistics,414.0,445.0,434.0,469.0,492.0,462.0,483.0,486.0,477.0,513.0,505.0,542.0,459.0,540.0,534.0,565.0,546.0,557.0,566.0,573.0,585.0,613.0,627.0,654.0,673.0,771.0,744.0
수영구 - 여자 - 사망자수,Statistics,398.0,401.0,388.0,431.0,398.0,419.0,413.0,369.0,402.0,430.0,407.0,445.0,431.0,460.0,438.0,433.0,467.0,485.0,481.0,500.0,534.0,537.0,534.0,587.0,574.0,636.0,603.0
수원시 - 계 - 사망자수,Statistics,2700.0,2808.0,2998.0,3026.0,3232.0,3461.0,3463.0,3555.0,3478.0,3547.0,3651.0,3654.0,3796.0,4043.0,4150.0,4433.0,4395.0,4284.0,4368.0,4495.0,4644.0,4993.0,4939.0,4913.0,5281.0,6164.0,5785.0
수원시 - 남자 - 사망자수,Statistics,1455.0,1575.0,1595.0,1629.0,1781.0,1862.0,1887.0,2002.0,1872.0,1924.0,2010.0,2023.0,2117.0,2182.0,2246.0,2413.0,2368.0,2316.0,2413.0,2390.0,2460.0,2622.0,2635.0,2658.0,2828.0,3205.0,3113.0
수원시 - 여자 - 사망자수,Statistics,1245.0,1233.0,1403.0,1397.0,1451.0,1599.0,1576.0,1553.0,1606.0,1623.0,1641.0,1631.0,1679.0,1861.0,1904.0,2020.0,2027.0,1968.0,1955.0,2105.0,2184.0,2371.0,2304.0,2255.0,2453.0,2959.0,2672.0
수정구 - 계 - 사망자수,Statistics,1022.0,1048.0,1007.0,1074.0,1052.0,1139.0,1064.0,1021.0,1049.0,1035.0,1067.0,1019.0,1085.0,1045.0,1032.0,1129.0,1121.0,1132.0,1165.0,1176.0,1215.0,1265.0,1233.0,1260.0,1405.0,1575.0,1495.0
수정구 - 남자 - 사망자수,Statistics,575.0,607.0,585.0,619.0,599.0,655.0,621.0,566.0,602.0,615.0,650.0,588.0,655.0,632.0,600.0,645.0,649.0,666.0,670.0,664.0,676.0,721.0,719.0,712.0,753.0,885.0,846.0
수정구 - 여자 - 사망자수,Statistics,447.0,441.0,422.0,455.0,453.0,484.0,443.0,455.0,447.0,420.0,417.0,431.0,430.0,413.0,432.0,484.0,472.0,466.0,495.0,512.0,539.0,544.0,514.0,548.0,652.0,690.0,649.0
수지구 - 계 - 사망자수,Statistics,,,,,,,,,734.0,805.0,814.0,781.0,752.0,813.0,816.0,894.0,969.0,973.0,1012.0,1084.0,1127.0,1185.0,1200.0,1169.0,1340.0,1660.0,1518.0
수지구 - 남자 - 사망자수,Statistics,,,,,,,,,372.0,431.0,423.0,411.0,407.0,412.0,441.0,457.0,495.0,524.0,536.0,556.0,597.0,613.0,626.0,595.0,738.0,825.0,823.0
수지구 - 여자 - 사망자수,Statistics,,,,,,,,,362.0,374.0,391.0,370.0,345.0,401.0,375.0,437.0,474.0,449.0,476.0,528.0,530.0,572.0,574.0,574.0,602.0,835.0,695.0
순창군 - 계 - 사망자수,Statistics,490.0,473.0,440.0,480.0,454.0,415.0,488.0,424.0,379.0,369.0,390.0,403.0,412.0,381.0,409.0,399.0,385.0,396.0,401.0,383.0,371.0,409.0,437.0,394.0,420.0,462.0,428.0
순창군 - 남자 - 사망자수,Statistics,272.0,265.0,245.0,264.0,248.0,219.0,258.0,238.0,209.0,193.0,217.0,220.0,220.0,204.0,217.0,233.0,213.0,214.0,215.0,203.0,181.0,224.0,216.0,191.0,195.0,232.0,227.0
순창군 - 여자 - 사망자수,Statistics,218.0,208.0,195.0,216.0,206.0,196.0,230.0,186.0,170.0,176.0,173.0,183.0,192.0,177.0,192.0,166.0,172.0,182.0,186.0,180.0,190.0,185.0,221.0,203.0,225.0,230.0,201.0
순천시 - 계 - 사망자수,Statistics,1587.0,1525.0,1651.0,1511.0,1609.0,1554.0,1493.0,1539.0,1474.0,1522.0,1465.0,1420.0,1507.0,1399.0,1462.0,1601.0,1584.0,1566.0,1629.0,1629.0,1612.0,1722.0,1599.0,1741.0,1796.0,2110.0,1966.0
순천시 - 남자 - 사망자수,Statistics,897.0,884.0,927.0,842.0,884.0,844.0,830.0,863.0,810.0,818.0,816.0,812.0,842.0,813.0,797.0,848.0,838.0,872.0,903.0,858.0,854.0,895.0,831.0,956.0,929.0,1051.0,1033.0
순천시 - 여자 - 사망자수,Statistics,690.0,641.0,724.0,669.0,725.0,710.0,663.0,676.0,664.0,704.0,649.0,608.0,665.0,586.0,665.0,753.0,746.0,694.0,726.0,771.0,758.0,827.0,768.0,785.0,867.0,1059.0,933.0
시흥시 - 계 - 사망자수,Statistics,716.0,828.0,891.0,980.0,1003.0,1141.0,1086.0,1143.0,1142.0,1172.0,1173.0,1188.0,1301.0,1426.0,1387.0,1333.0,1400.0,1357.0,1414.0,1496.0,1534.0,1658.0,1705.0,1857.0,2013.0,2471.0,2324.0
시흥시 - 남자 - 사망자수,Statistics,430.0,485.0,494.0,546.0,564.0,624.0,624.0,639.0,653.0,670.0,697.0,669.0,756.0,828.0,829.0,804.0,784.0,769.0,808.0,882.0,859.0,954.0,950.0,1016.0,1121.0,1318.0,1292.0
시흥시 - 여자 - 사망자수,Statistics,286.0,343.0,397.0,434.0,439.0,517.0,462.0,504.0,489.0,502.0,476.0,519.0,545.0,598.0,558.0,529.0,616.0,588.0,606.0,614.0,675.0,704.0,755.0,841.0,892.0,1153.0,1032.0
신안군 - 계 - 사망자수,Statistics,697.0,710.0,670.0,633.0,672.0,554.0,614.0,615.0,574.0,562.0,603.0,570.0,588.0,526.0,552.0,528.0,544.0,517.0,538.0,522.0,520.0,574.0,577.0,575.0,627.0,654.0,682.0
신안군 - 남자 - 사망자수,Statistics,406.0,419.0,371.0,350.0,379.0,298.0,365.0,321.0,310.0,310.0,319.0,313.0,344.0,293.0,316.0,310.0,297.0,292.0,286.0,273.0,272.0,317.0,289.0,309.0,304.0,313.0,353.0
신안군 - 여자 - 사망자수,Statistics,291.0,291.0,299.0,283.0,293.0,256.0,249.0,294.0,264.0,252.0,284.0,257.0,244.0,233.0,236.0,218.0,247.0,225.0,252.0,249.0,248.0,257.0,288.0,266.0,323.0,341.0,329.0
아산시 - 계 - 사망자수,Statistics,1273.0,1250.0,1267.0,1284.0,1178.0,1262.0,1224.0,1231.0,1248.0,1169.0,1220.0,1224.0,1276.0,1308.0,1313.0,1439.0,1417.0,1536.0,1506.0,1549.0,1550.0,1708.0,1747.0,1659.0,1758.0,2175.0,1978.0
아산시 - 남자 - 사망자수,Statistics,751.0,702.0,718.0,709.0,642.0,705.0,695.0,651.0,690.0,666.0,679.0,670.0,729.0,765.0,729.0,793.0,807.0,830.0,858.0,841.0,856.0,929.0,957.0,935.0,940.0,1145.0,1084.0
아산시 - 여자 - 사망자수,Statistics,522.0,548.0,549.0,575.0,536.0,557.0,529.0,580.0,558.0,503.0,541.0,554.0,547.0,543.0,584.0,646.0,610.0,706.0,648.0,708.0,694.0,779.0,790.0,724.0,818.0,1030.0,894.0
안동시 - 계 - 사망자수,Statistics,1598.0,1571.0,1615.0,1547.0,1545.0,1502.0,1562.0,1401.0,1444.0,1371.0,1387.0,1468.0,1417.0,1483.0,1478.0,1508.0,1394.0,1473.0,1504.0,1500.0,1535.0,1569.0,1532.0,1555.0,1641.0,1999.0,1849.0
안동시 - 남자 - 사망자수,Statistics,928.0,872.0,923.0,873.0,855.0,834.0,856.0,761.0,782.0,758.0,774.0,820.0,793.0,803.0,857.0,856.0,792.0,802.0,799.0,802.0,831.0,823.0,805.0,811.0,853.0,1029.0,992.0
안동시 - 여자 - 사망자수,Statistics,670.0,699.0,692.0,674.0,690.0,668.0,706.0,640.0,662.0,613.0,613.0,648.0,624.0,680.0,621.0,652.0,602.0,671.0,705.0,698.0,704.0,746.0,727.0,744.0,788.0,970.0,857.0
안산시 - 계 - 사망자수,Statistics,1617.0,1662.0,1865.0,1873.0,1897.0,2057.0,2027.0,2061.0,2175.0,2254.0,2248.0,2333.0,2398.0,2428.0,2429.0,2586.0,2554.0,2719.0,2586.0,2703.0,2790.0,2960.0,2958.0,3073.0,3166.0,3593.0,3638.0
안산시 - 남자 - 사망자수,Statistics,934.0,993.0,1061.0,1084.0,1026.0,1165.0,1163.0,1165.0,1259.0,1318.0,1288.0,1304.0,1339.0,1343.0,1391.0,1487.0,1447.0,1585.0,1453.0,1518.0,1539.0,1611.0,1609.0,1709.0,1753.0,1904.0,1999.0
안산시 - 여자 - 사망자수,Statistics,683.0,669.0,804.0,789.0,871.0,892.0,864.0,896.0,916.0,936.0,960.0,1029.0,1059.0,1085.0,1038.0,1099.0,1107.0,1134.0,1133.0,1185.0,1251.0,1349.0,1349.0,1364.0,1413.0,1689.0,1639.0
안성군 - 계 - 사망자수,Statistics,921.0,,,,,,,,,,,,,,,,,,,,,,,,,,
안성군 - 남자 - 사망자수,Statistics,553.0,,,,,,,,,,,,,,,,,,,,,,,,,,
안성군 - 여자 - 사망자수,Statistics,368.0,,,,,,,,,,,,,,,,,,,,,,,,,,
안성시 - 계 - 사망자수,Statistics,,988.0,1017.0,977.0,962.0,956.0,1013.0,981.0,1070.0,1000.0,1032.0,1000.0,996.0,1049.0,1075.0,1157.0,1122.0,1122.0,1116.0,1188.0,1245.0,1217.0,1214.0,1300.0,1423.0,1610.0,1491.0
안성시 - 남자 - 사망자수,Statistics,,552.0,584.0,551.0,531.0,497.0,560.0,558.0,605.0,587.0,592.0,539.0,550.0,555.0,628.0,646.0,623.0,625.0,625.0,642.0,628.0,661.0,640.0,689.0,773.0,851.0,779.0
안성시 - 여자 - 사망자수,Statistics,,436.0,433.0,426.0,431.0,459.0,453.0,423.0,465.0,413.0,440.0,461.0,446.0,494.0,447.0,511.0,499.0,497.0,491.0,546.0,617.0,556.0,574.0,611.0,650.0,759.0,712.0
안양시 - 계 - 사망자수,Statistics,2094.0,2122.0,2068.0,2068.0,2049.0,1994.0,2129.0,2168.0,2173.0,2109.0,2012.0,2006.0,2164.0,2150.0,2161.0,2239.0,2225.0,2213.0,2276.0,2340.0,2380.0,2374.0,2360.0,2458.0,2653.0,2925.0,2796.0
안양시 - 남자 - 사망자수,Statistics,1160.0,1187.0,1137.0,1160.0,1113.0,1066.0,1209.0,1190.0,1200.0,1182.0,1080.0,1130.0,1203.0,1179.0,1244.0,1255.0,1250.0,1217.0,1225.0,1269.0,1300.0,1277.0,1278.0,1376.0,1447.0,1538.0,1510.0
안양시 - 여자 - 사망자수,Statistics,934.0,935.0,931.0,908.0,936.0,928.0,920.0,978.0,973.0,927.0,932.0,876.0,961.0,971.0,917.0,984.0,975.0,996.0,1051.0,1071.0,1080.0,1097.0,1082.0,1082.0,1206.0,1387.0,1286.0
양구군 - 계 - 사망자수,Statistics,181.0,189.0,217.0,176.0,162.0,208.0,178.0,172.0,181.0,174.0,163.0,154.0,174.0,168.0,188.0,200.0,161.0,175.0,203.0,167.0,173.0,176.0,186.0,193.0,185.0,216.0,225.0
양구군 - 남자 - 사망자수,Statistics,107.0,111.0,133.0,94.0,93.0,124.0,90.0,103.0,112.0,95.0,89.0,94.0,105.0,90.0,104.0,107.0,89.0,91.0,117.0,92.0,99.0,87.0,99.0,102.0,109.0,121.0,110.0
양구군 - 여자 - 사망자수,Statistics,74.0,78.0,84.0,82.0,69.0,84.0,88.0,69.0,69.0,79.0,74.0,60.0,69.0,78.0,84.0,93.0,72.0,84.0,86.0,75.0,74.0,89.0,87.0,91.0,76.0,95.0,115.0
양산시 - 계 - 사망자수,Statistics,824.0,909.0,840.0,883.0,924.0,965.0,1007.0,995.0,997.0,1003.0,1064.0,1109.0,1128.0,1080.0,1146.0,1247.0,1209.0,1227.0,1438.0,1381.0,1577.0,1652.0,1599.0,1775.0,1815.0,2024.0,2059.0
양산시 - 남자 - 사망자수,Statistics,484.0,486.0,485.0,500.0,528.0,526.0,603.0,590.0,562.0,587.0,601.0,637.0,656.0,604.0,628.0,712.0,679.0,685.0,804.0,813.0,909.0,929.0,864.0,968.0,1021.0,1120.0,1141.0
양산시 - 여자 - 사망자수,Statistics,340.0,423.0,355.0,383.0,396.0,439.0,404.0,405.0,435.0,416.0,463.0,472.0,472.0,476.0,518.0,535.0,530.0,542.0,634.0,568.0,668.0,723.0,735.0,807.0,794.0,904.0,918.0
양양군 - 계 - 사망자수,Statistics,305.0,257.0,292.0,249.0,276.0,287.0,288.0,258.0,244.0,275.0,253.0,274.0,275.0,273.0,277.0,269.0,266.0,263.0,266.0,295.0,301.0,270.0,297.0,305.0,311.0,364.0,375.0
양양군 - 남자 - 사망자수,Statistics,172.0,150.0,182.0,136.0,156.0,153.0,175.0,133.0,148.0,152.0,147.0,160.0,167.0,156.0,143.0,150.0,164.0,131.0,149.0,178.0,174.0,154.0,170.0,156.0,171.0,195.0,207.0
양양군 - 여자 - 사망자수,Statistics,133.0,107.0,110.0,113.0,120.0,134.0,113.0,125.0,96.0,123.0,106.0,114.0,108.0,117.0,134.0,119.0,102.0,132.0,117.0,117.0,127.0,116.0,127.0,149.0,140.0,169.0,168.0
양주군 - 계 - 사망자수,Statistics,573.0,607.0,675.0,670.0,679.0,728.0,,,,,,,,,,,,,,,,,,,,,
양주군 - 남자 - 사망자수,Statistics,327.0,343.0,398.0,405.0,388.0,399.0,,,,,,,,,,,,,,,,,,,,,
양주군 - 여자 - 사망자수,Statistics,246.0,264.0,277.0,265.0,291.0,329.0,,,,,,,,,,,,,,,,,,,,,
양주시 - 계 - 사망자수,Statistics,,,,,,,794.0,814.0,875.0,843.0,875.0,896.0,894.0,960.0,953.0,1042.0,1045.0,1038.0,992.0,1166.0,1151.0,1244.0,1364.0,1431.0,1561.0,1855.0,1815.0
양주시 - 남자 - 사망자수,Statistics,,,,,,,456.0,450.0,499.0,437.0,463.0,489.0,506.0,548.0,545.0,582.0,608.0,566.0,564.0,648.0,653.0,697.0,793.0,779.0,864.0,974.0,1004.0
양주시 - 여자 - 사망자수,Statistics,,,,,,,338.0,364.0,376.0,406.0,412.0,407.0,388.0,412.0,408.0,460.0,437.0,472.0,428.0,518.0,498.0,547.0,571.0,652.0,697.0,881.0,811.0
양천구 - 계 - 사망자수,Statistics,1583.0,1553.0,1598.0,1608.0,1524.0,1572.0,1608.0,1602.0,1608.0,1661.0,1659.0,1693.0,1644.0,1700.0,1698.0,1780.0,1813.0,1864.0,1898.0,1891.0,1805.0,1842.0,1900.0,1921.0,2027.0,2302.0,2086.0
양천구 - 남자 - 사망자수,Statistics,898.0,840.0,860.0,868.0,857.0,837.0,869.0,883.0,848.0,927.0,929.0,958.0,914.0,924.0,905.0,971.0,1023.0,1031.0,993.0,1029.0,957.0,1013.0,1027.0,1029.0,1111.0,1285.0,1157.0
양천구 - 여자 - 사망자수,Statistics,685.0,713.0,738.0,740.0,667.0,735.0,739.0,719.0,760.0,734.0,730.0,735.0,730.0,776.0,793.0,809.0,790.0,833.0,905.0,862.0,848.0,829.0,873.0,892.0,916.0,1017.0,929.0
양평군 - 계 - 사망자수,Statistics,768.0,782.0,773.0,732.0,747.0,757.0,710.0,729.0,757.0,776.0,737.0,758.0,719.0,752.0,748.0,859.0,827.0,905.0,886.0,981.0,1043.0,981.0,990.0,1042.0,1115.0,1284.0,1193.0
양평군 - 남자 - 사망자수,Statistics,475.0,442.0,424.0,420.0,423.0,423.0,391.0,405.0,407.0,440.0,408.0,429.0,406.0,421.0,414.0,469.0,453.0,509.0,466.0,530.0,577.0,531.0,543.0,554.0,591.0,661.0,650.0
양평군 - 여자 - 사망자수,Statistics,293.0,340.0,349.0,312.0,324.0,334.0,319.0,324.0,350.0,336.0,329.0,329.0,313.0,331.0,334.0,390.0,374.0,396.0,420.0,451.0,466.0,450.0,447.0,488.0,524.0,623.0,543.0
여수시 - 계 - 사망자수,Statistics,970.0,2031.0,1965.0,1914.0,1917.0,1852.0,1902.0,1923.0,1871.0,1794.0,1743.0,1850.0,1764.0,1797.0,1782.0,1980.0,1867.0,1869.0,1960.0,1942.0,2049.0,2025.0,1909.0,2057.0,2016.0,2282.0,2337.0
여수시 - 남자 - 사망자수,Statistics,547.0,1128.0,1070.0,1062.0,1084.0,1043.0,1067.0,1071.0,1039.0,995.0,975.0,1030.0,997.0,979.0,1025.0,1093.0,1054.0,1009.0,1005.0,1017.0,1081.0,1028.0,1042.0,1093.0,1044.0,1207.0,1207.0
여수시 - 여자 - 사망자수,Statistics,423.0,903.0,895.0,852.0,833.0,809.0,835.0,852.0,832.0,799.0,768.0,820.0,767.0,818.0,757.0,887.0,813.0,860.0,955.0,925.0,968.0,997.0,867.0,964.0,972.0,1075.0,1130.0
여주군 - 계 - 사망자수,Statistics,798.0,858.0,816.0,817.0,822.0,763.0,784.0,805.0,753.0,781.0,763.0,744.0,743.0,755.0,794.0,790.0,,,,,,,,,,,
여주군 - 남자 - 사망자수,Statistics,467.0,506.0,491.0,476.0,454.0,414.0,442.0,431.0,419.0,435.0,413.0,406.0,443.0,422.0,457.0,453.0,,,,,,,,,,,
여주군 - 여자 - 사망자수,Statistics,331.0,352.0,325.0,341.0,368.0,349.0,342.0,374.0,334.0,346.0,350.0,338.0,300.0,333.0,337.0,337.0,,,,,,,,,,,
여주시 - 계 - 사망자수,Statistics,,,,,,,,,,,,,,,,,828.0,847.0,851.0,848.0,911.0,957.0,923.0,934.0,1000.0,1224.0,1150.0
여주시 - 남자 - 사망자수,Statistics,,,,,,,,,,,,,,,,,479.0,482.0,443.0,475.0,458.0,500.0,476.0,507.0,514.0,639.0,640.0
여주시 - 여자 - 사망자수,Statistics,,,,,,,,,,,,,,,,,349.0,365.0,408.0,373.0,453.0,457.0,447.0,427.0,486.0,585.0,510.0
여천군 - 계 - 사망자수,Statistics,717.0,,,,,,,,,,,,,,,,,,,,,,,,,,
여천군 - 남자 - 사망자수,Statistics,418.0,,,,,,,,,,,,,,,,,,,,,,,,,,
여천군 - 여자 - 사망자수,Statistics,299.0,,,,,,,,,,,,,,,,,,,,,,,,,,
여천시 - 계 - 사망자수,Statistics,344.0,,,,,,,,,,,,,,,,,,,,,,,,,,
여천시 - 남자 - 사망자수,Statistics,203.0,,,,,,,,,,,,,,,,,,,,,,,,,,
여천시 - 여자 - 사망자수,Statistics,141.0,,,,,,,,,,,,,,,,,,,,,,,,,,
연기군 - 계 - 사망자수,Statistics,754.0,756.0,701.0,732.0,665.0,708.0,701.0,711.0,724.0,699.0,696.0,622.0,642.0,626.0,693.0,,,,,,,,,,,,
연기군 - 남자 - 사망자수,Statistics,440.0,416.0,396.0,404.0,370.0,405.0,390.0,416.0,396.0,372.0,383.0,348.0,382.0,373.0,406.0,,,,,,,,,,,,
연기군 - 여자 - 사망자수,Statistics,314.0,340.0,305.0,328.0,295.0,303.0,311.0,295.0,328.0,327.0,313.0,274.0,260.0,253.0,287.0,,,,,,,,,,,,
연수구 - 계 - 사망자수,Statistics,868.0,909.0,933.0,871.0,911.0,947.0,921.0,947.0,915.0,1000.0,978.0,1066.0,995.0,1029.0,1090.0,1125.0,1103.0,1138.0,1186.0,1154.0,1235.0,1242.0,1310.0,1424.0,1541.0,1718.0,1622.0
연수구 - 남자 - 사망자수,Statistics,443.0,449.0,508.0,435.0,506.0,514.0,484.0,504.0,471.0,522.0,515.0,561.0,527.0,553.0,593.0,581.0,597.0,599.0,639.0,570.0,643.0,659.0,689.0,750.0,793.0,873.0,835.0
연수구 - 여자 - 사망자수,Statistics,425.0,460.0,425.0,436.0,405.0,433.0,437.0,443.0,444.0,478.0,463.0,505.0,468.0,476.0,497.0,544.0,506.0,539.0,547.0,584.0,592.0,583.0,621.0,674.0,748.0,845.0,787.0
연제구 - 계 - 사망자수,Statistics,1022.0,973.0,981.0,1037.0,1077.0,1040.0,1041.0,1126.0,1031.0,1098.0,1114.0,1023.0,1091.0,1084.0,1111.0,1154.0,1151.0,1120.0,1107.0,1129.0,1188.0,1266.0,1217.0,1303.0,1307.0,1624.0,1508.0
연제구 - 남자 - 사망자수,Statistics,546.0,548.0,536.0,545.0,580.0,563.0,587.0,605.0,581.0,625.0,615.0,573.0,612.0,599.0,593.0,645.0,635.0,616.0,616.0,667.0,654.0,722.0,694.0,703.0,689.0,892.0,852.0
연제구 - 여자 - 사망자수,Statistics,476.0,425.0,445.0,492.0,497.0,477.0,454.0,521.0,450.0,473.0,499.0,450.0,479.0,485.0,518.0,509.0,516.0,504.0,491.0,462.0,534.0,544.0,523.0,600.0,618.0,732.0,656.0
연천군 - 계 - 사망자수,Statistics,429.0,477.0,414.0,418.0,420.0,441.0,405.0,424.0,444.0,428.0,410.0,371.0,370.0,415.0,412.0,421.0,430.0,385.0,444.0,447.0,449.0,455.0,453.0,470.0,496.0,547.0,491.0
연천군 - 남자 - 사망자수,Statistics,260.0,273.0,237.0,252.0,245.0,251.0,250.0,242.0,258.0,232.0,238.0,205.0,203.0,249.0,239.0,245.0,246.0,247.0,244.0,240.0,258.0,256.0,240.0,265.0,260.0,299.0,279.0
연천군 - 여자 - 사망자수,Statistics,169.0,204.0,177.0,166.0,175.0,190.0,155.0,182.0,186.0,196.0,172.0,166.0,167.0,166.0,173.0,176.0,184.0,138.0,200.0,207.0,191.0,199.0,213.0,205.0,236.0,248.0,212.0
영광군 - 계 - 사망자수,Statistics,871.0,759.0,893.0,754.0,689.0,715.0,666.0,640.0,680.0,664.0,602.0,526.0,565.0,585.0,558.0,603.0,617.0,582.0,623.0,625.0,605.0,626.0,669.0,656.0,619.0,746.0,782.0
영광군 - 남자 - 사망자수,Statistics,495.0,457.0,471.0,401.0,382.0,392.0,347.0,344.0,365.0,366.0,326.0,281.0,290.0,328.0,310.0,318.0,317.0,326.0,340.0,340.0,327.0,329.0,356.0,348.0,327.0,372.0,407.0
영광군 - 여자 - 사망자수,Statistics,376.0,302.0,422.0,353.0,307.0,323.0,319.0,296.0,315.0,298.0,276.0,245.0,275.0,257.0,248.0,285.0,300.0,256.0,283.0,285.0,278.0,297.0,313.0,308.0,292.0,374.0,375.0
영덕군 - 계 - 사망자수,Statistics,668.0,608.0,635.0,642.0,665.0,642.0,641.0,622.0,585.0,520.0,572.0,514.0,542.0,508.0,479.0,546.0,503.0,515.0,511.0,540.0,556.0,551.0,551.0,560.0,562.0,699.0,597.0
영덕군 - 남자 - 사망자수,Statistics,398.0,348.0,338.0,347.0,384.0,350.0,343.0,336.0,295.0,290.0,299.0,273.0,296.0,263.0,257.0,303.0,267.0,275.0,269.0,269.0,291.0,299.0,285.0,306.0,308.0,338.0,302.0
영덕군 - 여자 - 사망자수,Statistics,270.0,260.0,297.0,295.0,281.0,292.0,298.0,286.0,290.0,230.0,273.0,241.0,246.0,245.0,222.0,243.0,236.0,240.0,242.0,271.0,265.0,252.0,266.0,254.0,254.0,361.0,295.0
영도구 - 계 - 사망자수,Statistics,1092.0,1166.0,1136.0,1106.0,1107.0,1156.0,1080.0,1068.0,1056.0,1067.0,1069.0,1071.0,1119.0,1143.0,1061.0,1103.0,1092.0,1115.0,1104.0,1111.0,1095.0,1144.0,1158.0,1214.0,1342.0,1437.0,1367.0
영도구 - 남자 - 사망자수,Statistics,634.0,680.0,625.0,611.0,622.0,652.0,621.0,609.0,580.0,581.0,632.0,614.0,621.0,664.0,615.0,629.0,615.0,620.0,631.0,630.0,599.0,618.0,660.0,662.0,763.0,775.0,741.0
영도구 - 여자 - 사망자수,Statistics,458.0,486.0,511.0,495.0,485.0,504.0,459.0,459.0,476.0,486.0,437.0,457.0,498.0,479.0,446.0,474.0,477.0,495.0,473.0,481.0,496.0,526.0,498.0,552.0,579.0,662.0,626.0
영동군 - 계 - 사망자수,Statistics,646.0,657.0,632.0,690.0,554.0,606.0,564.0,580.0,532.0,488.0,491.0,562.0,531.0,565.0,543.0,600.0,598.0,585.0,616.0,627.0,600.0,601.0,648.0,684.0,672.0,795.0,747.0
영동군 - 남자 - 사망자수,Statistics,365.0,364.0,370.0,396.0,305.0,344.0,315.0,318.0,294.0,263.0,278.0,297.0,292.0,312.0,271.0,313.0,304.0,303.0,325.0,345.0,322.0,298.0,331.0,345.0,341.0,403.0,376.0
영동군 - 여자 - 사망자수,Statistics,281.0,293.0,262.0,294.0,249.0,262.0,249.0,262.0,238.0,225.0,213.0,265.0,239.0,253.0,272.0,287.0,294.0,282.0,291.0,282.0,278.0,303.0,317.0,339.0,331.0,392.0,371.0
영등포구 - 계 - 사망자수,Statistics,1439.0,1534.0,1623.0,1572.0,1471.0,1546.0,1499.0,1464.0,1534.0,1593.0,1597.0,1536.0,1611.0,1640.0,1621.0,1677.0,1631.0,1563.0,1701.0,1643.0,1560.0,1659.0,1708.0,1746.0,1958.0,2115.0,1994.0
영등포구 - 남자 - 사망자수,Statistics,824.0,858.0,924.0,853.0,809.0,845.0,816.0,817.0,877.0,927.0,911.0,861.0,967.0,958.0,957.0,932.0,958.0,920.0,960.0,970.0,915.0,938.0,1012.0,1030.0,1142.0,1233.0,1114.0
영등포구 - 여자 - 사망자수,Statistics,615.0,676.0,699.0,719.0,662.0,701.0,683.0,647.0,657.0,666.0,686.0,675.0,644.0,682.0,664.0,745.0,673.0,643.0,741.0,673.0,645.0,721.0,696.0,716.0,816.0,882.0,880.0
영암군 - 계 - 사망자수,Statistics,663.0,708.0,779.0,652.0,584.0,665.0,593.0,619.0,529.0,561.0,605.0,588.0,559.0,553.0,541.0,533.0,548.0,538.0,591.0,514.0,563.0,603.0,571.0,610.0,620.0,729.0,650.0
영암군 - 남자 - 사망자수,Statistics,385.0,400.0,428.0,374.0,336.0,370.0,326.0,339.0,286.0,301.0,333.0,317.0,315.0,309.0,295.0,288.0,316.0,302.0,315.0,264.0,286.0,319.0,314.0,319.0,315.0,352.0,343.0
영암군 - 여자 - 사망자수,Statistics,278.0,308.0,351.0,278.0,248.0,295.0,267.0,280.0,243.0,260.0,272.0,271.0,244.0,244.0,246.0,245.0,232.0,236.0,276.0,250.0,277.0,284.0,257.0,291.0,305.0,377.0,307.0
영양군 - 계 - 사망자수,Statistics,314.0,285.0,278.0,282.0,273.0,265.0,247.0,242.0,260.0,255.0,279.0,238.0,233.0,241.0,273.0,239.0,223.0,259.0,269.0,245.0,235.0,227.0,288.0,264.0,246.0,301.0,277.0
영양군 - 남자 - 사망자수,Statistics,181.0,170.0,159.0,155.0,155.0,170.0,139.0,149.0,144.0,150.0,153.0,132.0,139.0,143.0,151.0,123.0,135.0,158.0,153.0,126.0,117.0,136.0,154.0,152.0,116.0,157.0,146.0
영양군 - 여자 - 사망자수,Statistics,133.0,115.0,119.0,127.0,118.0,95.0,108.0,93.0,116.0,105.0,126.0,106.0,94.0,98.0,122.0,116.0,88.0,101.0,116.0,119.0,118.0,91.0,134.0,112.0,130.0,144.0,131.0
영월군 - 계 - 사망자수,Statistics,479.0,484.0,497.0,465.0,476.0,452.0,474.0,485.0,447.0,460.0,426.0,411.0,407.0,427.0,385.0,416.0,412.0,413.0,412.0,406.0,447.0,405.0,432.0,404.0,448.0,573.0,486.0
영월군 - 남자 - 사망자수,Statistics,287.0,269.0,307.0,264.0,262.0,271.0,254.0,248.0,255.0,261.0,242.0,253.0,226.0,243.0,213.0,240.0,211.0,242.0,225.0,227.0,258.0,235.0,250.0,221.0,257.0,335.0,271.0
영월군 - 여자 - 사망자수,Statistics,192.0,215.0,190.0,201.0,214.0,181.0,220.0,237.0,192.0,199.0,184.0,158.0,181.0,184.0,172.0,176.0,201.0,171.0,187.0,179.0,189.0,170.0,182.0,183.0,191.0,238.0,215.0
영주시 - 계 - 사망자수,Statistics,1074.0,1085.0,1075.0,1072.0,1074.0,1070.0,1023.0,1038.0,991.0,918.0,974.0,928.0,956.0,954.0,942.0,1016.0,1010.0,986.0,1005.0,1001.0,1057.0,1082.0,1087.0,1059.0,1148.0,1379.0,1264.0
영주시 - 남자 - 사망자수,Statistics,615.0,597.0,615.0,605.0,610.0,570.0,562.0,547.0,554.0,528.0,575.0,567.0,506.0,515.0,513.0,566.0,551.0,534.0,538.0,525.0,552.0,587.0,562.0,533.0,581.0,708.0,642.0
영주시 - 여자 - 사망자수,Statistics,459.0,488.0,460.0,467.0,464.0,500.0,461.0,491.0,437.0,390.0,399.0,361.0,450.0,439.0,429.0,450.0,459.0,452.0,467.0,476.0,505.0,495.0,525.0,526.0,567.0,671.0,622.0
영천시 - 계 - 사망자수,Statistics,1195.0,1163.0,1135.0,1175.0,1019.0,1123.0,1081.0,1071.0,1046.0,1008.0,987.0,1032.0,974.0,1010.0,954.0,1011.0,983.0,946.0,1032.0,1071.0,1128.0,1072.0,1086.0,1201.0,1163.0,1407.0,1334.0
영천시 - 남자 - 사망자수,Statistics,694.0,648.0,631.0,653.0,621.0,619.0,614.0,610.0,581.0,554.0,536.0,555.0,523.0,565.0,556.0,582.0,526.0,527.0,545.0,571.0,616.0,596.0,561.0,664.0,603.0,742.0,682.0
영천시 - 여자 - 사망자수,Statistics,501.0,515.0,504.0,522.0,398.0,504.0,467.0,461.0,465.0,454.0,451.0,477.0,451.0,445.0,398.0,429.0,457.0,419.0,487.0,500.0,512.0,476.0,525.0,537.0,560.0,665.0,652.0
영통구 - 계 - 사망자수,Statistics,,,,,,,550.0,588.0,539.0,649.0,585.0,575.0,633.0,639.0,663.0,735.0,759.0,788.0,806.0,852.0,822.0,930.0,1000.0,926.0,1051.0,1192.0,1108.0
영통구 - 남자 - 사망자수,Statistics,,,,,,,281.0,317.0,277.0,345.0,315.0,305.0,335.0,329.0,351.0,386.0,383.0,402.0,405.0,435.0,417.0,468.0,523.0,481.0,507.0,603.0,555.0
영통구 - 여자 - 사망자수,Statistics,,,,,,,269.0,271.0,262.0,304.0,270.0,270.0,298.0,310.0,312.0,349.0,376.0,386.0,401.0,417.0,405.0,462.0,477.0,445.0,544.0,589.0,553.0
예산군 - 계 - 사망자수,Statistics,1001.0,990.0,946.0,962.0,877.0,960.0,897.0,867.0,889.0,836.0,897.0,819.0,849.0,889.0,833.0,903.0,842.0,841.0,836.0,882.0,944.0,923.0,928.0,987.0,976.0,1177.0,1130.0
예산군 - 남자 - 사망자수,Statistics,574.0,571.0,512.0,552.0,489.0,546.0,479.0,498.0,465.0,465.0,504.0,431.0,491.0,488.0,485.0,513.0,482.0,478.0,468.0,486.0,505.0,480.0,502.0,538.0,526.0,617.0,596.0
예산군 - 여자 - 사망자수,Statistics,427.0,419.0,434.0,410.0,388.0,414.0,418.0,369.0,424.0,371.0,393.0,388.0,358.0,401.0,348.0,390.0,360.0,363.0,368.0,396.0,439.0,443.0,426.0,449.0,450.0,560.0,534.0
예천군 - 계 - 사망자수,Statistics,906.0,898.0,865.0,747.0,748.0,769.0,722.0,692.0,671.0,608.0,682.0,599.0,637.0,625.0,622.0,622.0,586.0,554.0,555.0,592.0,658.0,655.0,588.0,683.0,651.0,834.0,875.0
예천군 - 남자 - 사망자수,Statistics,492.0,512.0,462.0,384.0,413.0,424.0,401.0,365.0,363.0,320.0,355.0,329.0,359.0,361.0,347.0,363.0,332.0,305.0,309.0,324.0,369.0,344.0,330.0,348.0,345.0,415.0,421.0
예천군 - 여자 - 사망자수,Statistics,414.0,386.0,403.0,363.0,335.0,345.0,321.0,327.0,308.0,288.0,327.0,270.0,278.0,264.0,275.0,259.0,254.0,249.0,246.0,268.0,289.0,311.0,258.0,335.0,306.0,419.0,454.0
오산시 - 계 - 사망자수,Statistics,324.0,339.0,337.0,378.0,383.0,388.0,461.0,400.0,473.0,403.0,472.0,481.0,468.0,566.0,623.0,605.0,659.0,654.0,696.0,689.0,716.0,771.0,816.0,842.0,926.0,1078.0,1008.0
오산시 - 남자 - 사망자수,Statistics,184.0,196.0,188.0,205.0,197.0,221.0,282.0,229.0,271.0,238.0,262.0,265.0,273.0,311.0,366.0,355.0,375.0,362.0,403.0,381.0,416.0,423.0,479.0,490.0,509.0,598.0,577.0
오산시 - 여자 - 사망자수,Statistics,140.0,143.0,149.0,173.0,186.0,167.0,179.0,171.0,202.0,165.0,210.0,216.0,195.0,255.0,257.0,250.0,284.0,292.0,293.0,308.0,300.0,348.0,337.0,352.0,417.0,480.0,431.0
오정구 - 계 - 사망자수,Statistics,609.0,563.0,642.0,690.0,619.0,703.0,685.0,690.0,747.0,711.0,747.0,726.0,799.0,789.0,829.0,804.0,840.0,861.0,848.0,,,,,,,,
오정구 - 남자 - 사망자수,Statistics,353.0,336.0,366.0,401.0,365.0,415.0,399.0,403.0,450.0,422.0,421.0,407.0,474.0,449.0,481.0,495.0,454.0,485.0,473.0,,,,,,,,
오정구 - 여자 - 사망자수,Statistics,256.0,227.0,276.0,289.0,254.0,288.0,286.0,287.0,297.0,289.0,326.0,319.0,325.0,340.0,348.0,309.0,386.0,376.0,375.0,,,,,,,,
옥천군 - 계 - 사망자수,Statistics,669.0,643.0,617.0,635.0,576.0,585.0,598.0,527.0,589.0,573.0,572.0,515.0,532.0,513.0,579.0,613.0,545.0,555.0,567.0,547.0,561.0,575.0,618.0,608.0,672.0,709.0,705.0
옥천군 - 남자 - 사망자수,Statistics,395.0,365.0,338.0,363.0,311.0,350.0,328.0,305.0,322.0,322.0,320.0,288.0,320.0,295.0,333.0,342.0,290.0,287.0,308.0,309.0,284.0,314.0,338.0,295.0,349.0,349.0,357.0
옥천군 - 여자 - 사망자수,Statistics,274.0,278.0,279.0,272.0,265.0,235.0,270.0,222.0,267.0,251.0,252.0,227.0,212.0,218.0,246.0,271.0,255.0,268.0,259.0,238.0,277.0,261.0,280.0,313.0,323.0,360.0,348.0
옹진군 - 계 - 사망자수,Statistics,156.0,147.0,169.0,179.0,171.0,155.0,143.0,137.0,122.0,165.0,144.0,158.0,151.0,149.0,138.0,161.0,196.0,177.0,170.0,193.0,175.0,207.0,182.0,195.0,189.0,220.0,241.0
옹진군 - 남자 - 사망자수,Statistics,89.0,78.0,107.0,104.0,104.0,97.0,81.0,76.0,70.0,89.0,69.0,98.0,92.0,87.0,87.0,88.0,117.0,96.0,88.0,102.0,108.0,113.0,96.0,94.0,123.0,126.0,143.0
옹진군 - 여자 - 사망자수,Statistics,67.0,69.0,62.0,75.0,67.0,58.0,62.0,61.0,52.0,76.0,75.0,60.0,59.0,62.0,51.0,73.0,79.0,81.0,82.0,91.0,67.0,94.0,86.0,101.0,66.0,94.0,98.0
완도군 - 계 - 사망자수,Statistics,762.0,801.0,787.0,749.0,716.0,676.0,670.0,655.0,599.0,677.0,584.0,597.0,595.0,568.0,618.0,673.0,598.0,614.0,642.0,573.0,645.0,626.0,623.0,645.0,700.0,829.0,724.0
완도군 - 남자 - 사망자수,Statistics,444.0,455.0,440.0,419.0,380.0,376.0,372.0,376.0,328.0,377.0,305.0,337.0,317.0,307.0,332.0,368.0,332.0,350.0,358.0,305.0,327.0,358.0,342.0,329.0,383.0,427.0,352.0
완도군 - 여자 - 사망자수,Statistics,318.0,346.0,347.0,330.0,336.0,300.0,298.0,279.0,271.0,300.0,279.0,260.0,278.0,261.0,286.0,305.0,266.0,264.0,284.0,268.0,318.0,268.0,281.0,316.0,317.0,402.0,372.0
완산구 - 계 - 사망자수,Statistics,1568.0,1452.0,1572.0,1460.0,1433.0,1534.0,1550.0,1546.0,1610.0,1632.0,1570.0,1660.0,1542.0,1661.0,1651.0,1706.0,1687.0,1783.0,1767.0,1793.0,1775.0,1852.0,1852.0,1865.0,1863.0,2322.0,2157.0
완산구 - 남자 - 사망자수,Statistics,821.0,746.0,801.0,757.0,739.0,789.0,784.0,842.0,852.0,838.0,804.0,875.0,808.0,853.0,879.0,886.0,905.0,926.0,948.0,934.0,924.0,939.0,998.0,969.0,982.0,1205.0,1125.0
완산구 - 여자 - 사망자수,Statistics,747.0,706.0,771.0,703.0,694.0,745.0,766.0,704.0,758.0,794.0,766.0,785.0,734.0,808.0,772.0,820.0,782.0,857.0,819.0,859.0,851.0,913.0,854.0,896.0,881.0,1117.0,1032.0
완주군 - 계 - 사망자수,Statistics,846.0,874.0,932.0,755.0,778.0,750.0,770.0,768.0,740.0,772.0,700.0,776.0,773.0,758.0,731.0,809.0,728.0,695.0,787.0,823.0,811.0,806.0,793.0,804.0,828.0,1066.0,967.0
완주군 - 남자 - 사망자수,Statistics,486.0,479.0,499.0,429.0,453.0,415.0,420.0,406.0,405.0,398.0,368.0,428.0,407.0,416.0,412.0,435.0,392.0,367.0,426.0,440.0,400.0,399.0,414.0,424.0,451.0,558.0,483.0
완주군 - 여자 - 사망자수,Statistics,360.0,395.0,433.0,326.0,325.0,335.0,350.0,362.0,335.0,374.0,332.0,348.0,366.0,342.0,319.0,374.0,336.0,328.0,361.0,383.0,411.0,407.0,379.0,380.0,377.0,508.0,484.0
용산구 - 계 - 사망자수,Statistics,1101.0,1061.0,1113.0,1164.0,1111.0,1095.0,1159.0,1080.0,1115.0,1057.0,1094.0,1066.0,1041.0,1086.0,1096.0,1110.0,1058.0,1120.0,1113.0,1137.0,1150.0,1203.0,1107.0,1145.0,1265.0,1361.0,1243.0
용산구 - 남자 - 사망자수,Statistics,601.0,606.0,636.0,651.0,633.0,599.0,654.0,598.0,649.0,569.0,606.0,603.0,586.0,621.0,633.0,640.0,621.0,645.0,620.0,650.0,662.0,686.0,620.0,628.0,726.0,756.0,684.0
용산구 - 여자 - 사망자수,Statistics,500.0,455.0,477.0,513.0,478.0,496.0,505.0,482.0,466.0,488.0,488.0,463.0,455.0,465.0,463.0,470.0,437.0,475.0,493.0,487.0,488.0,517.0,487.0,517.0,539.0,605.0,559.0
용인시 - 계 - 사망자수,Statistics,1275.0,1376.0,1455.0,1548.0,1590.0,1807.0,1975.0,2257.0,2381.0,2486.0,2710.0,2670.0,2632.0,2871.0,3003.0,3119.0,3308.0,3397.0,3525.0,3665.0,3800.0,3960.0,4144.0,4285.0,4636.0,5562.0,5283.0
용인시 - 남자 - 사망자수,Statistics,730.0,801.0,805.0,863.0,862.0,985.0,1056.0,1202.0,1284.0,1352.0,1433.0,1464.0,1436.0,1513.0,1657.0,1654.0,1749.0,1853.0,1914.0,1930.0,1993.0,2091.0,2238.0,2246.0,2470.0,2918.0,2841.0
용인시 - 여자 - 사망자수,Statistics,545.0,575.0,650.0,685.0,728.0,822.0,919.0,1055.0,1097.0,1134.0,1277.0,1206.0,1196.0,1358.0,1346.0,1465.0,1559.0,1544.0,1611.0,1735.0,1807.0,1869.0,1906.0,2039.0,2166.0,2644.0,2442.0
울릉군 - 계 - 사망자수,Statistics,85.0,74.0,93.0,83.0,92.0,91.0,67.0,77.0,73.0,92.0,75.0,89.0,78.0,84.0,73.0,58.0,62.0,77.0,72.0,63.0,70.0,76.0,67.0,64.0,74.0,87.0,72.0
울릉군 - 남자 - 사망자수,Statistics,53.0,53.0,57.0,50.0,59.0,53.0,43.0,37.0,46.0,56.0,45.0,57.0,53.0,52.0,45.0,38.0,45.0,47.0,40.0,42.0,35.0,50.0,38.0,40.0,40.0,52.0,46.0
울릉군 - 여자 - 사망자수,Statistics,32.0,21.0,36.0,33.0,33.0,38.0,24.0,40.0,27.0,36.0,30.0,32.0,25.0,32.0,28.0,20.0,17.0,30.0,32.0,21.0,35.0,26.0,29.0,24.0,34.0,35.0,26.0
울산광역시 - 계 - 사망자수,Statistics,3746.0,3720.0,3872.0,3892.0,3927.0,3959.0,4159.0,3969.0,4108.0,4104.0,4131.0,4172.0,4318.0,4328.0,4462.0,4567.0,4871.0,4695.0,4915.0,4947.0,4886.0,5349.0,5268.0,5302.0,5493.0,6369.0,6076.0
울산광역시 - 남자 - 사망자수,Statistics,2088.0,2131.0,2193.0,2116.0,2227.0,2174.0,2321.0,2207.0,2228.0,2215.0,2255.0,2221.0,2406.0,2362.0,2472.0,2444.0,2629.0,2474.0,2626.0,2615.0,2680.0,2901.0,2889.0,2783.0,2996.0,3362.0,3324.0
울산광역시 - 여자 - 사망자수,Statistics,1658.0,1589.0,1679.0,1776.0,1700.0,1785.0,1838.0,1762.0,1880.0,1889.0,1876.0,1951.0,1912.0,1966.0,1990.0,2123.0,2242.0,2221.0,2289.0,2332.0,2206.0,2448.0,2379.0,2519.0,2497.0,3007.0,2752.0
울주군 - 계 - 사망자수,Statistics,1023.0,953.0,1011.0,956.0,948.0,998.0,1054.0,999.0,983.0,1003.0,1009.0,1002.0,1040.0,1008.0,1103.0,1159.0,1152.0,1083.0,1201.0,1231.0,1215.0,1350.0,1312.0,1329.0,1371.0,1567.0,1551.0
울주군 - 남자 - 사망자수,Statistics,586.0,562.0,591.0,528.0,528.0,557.0,567.0,545.0,539.0,514.0,566.0,539.0,592.0,549.0,609.0,625.0,620.0,558.0,621.0,671.0,628.0,710.0,698.0,643.0,712.0,802.0,828.0
울주군 - 여자 - 사망자수,Statistics,437.0,391.0,420.0,428.0,420.0,441.0,487.0,454.0,444.0,489.0,443.0,463.0,448.0,459.0,494.0,534.0,532.0,525.0,580.0,560.0,587.0,640.0,614.0,686.0,659.0,765.0,723.0
울진군 - 계 - 사망자수,Statistics,694.0,674.0,678.0,696.0,680.0,651.0,693.0,611.0,610.0,598.0,561.0,560.0,568.0,552.0,549.0,613.0,586.0,545.0,587.0,580.0,542.0,552.0,523.0,580.0,609.0,675.0,641.0
울진군 - 남자 - 사망자수,Statistics,414.0,378.0,389.0,410.0,362.0,366.0,379.0,323.0,314.0,322.0,291.0,306.0,300.0,319.0,314.0,330.0,322.0,307.0,321.0,309.0,308.0,294.0,265.0,284.0,324.0,315.0,338.0
울진군 - 여자 - 사망자수,Statistics,280.0,296.0,289.0,286.0,318.0,285.0,314.0,288.0,296.0,276.0,270.0,254.0,268.0,233.0,235.0,283.0,264.0,238.0,266.0,271.0,234.0,258.0,258.0,296.0,285.0,360.0,303.0
원미구 - 계 - 사망자수,Statistics,1297.0,1331.0,1222.0,1304.0,1276.0,1341.0,1302.0,1388.0,1374.0,1428.0,1488.0,1449.0,1535.0,1532.0,1486.0,1577.0,1653.0,1670.0,1712.0,,,,,,,,
원미구 - 남자 - 사망자수,Statistics,723.0,745.0,684.0,705.0,717.0,765.0,666.0,765.0,734.0,774.0,851.0,816.0,832.0,892.0,796.0,886.0,911.0,910.0,917.0,,,,,,,,
원미구 - 여자 - 사망자수,Statistics,574.0,586.0,538.0,599.0,559.0,576.0,636.0,623.0,640.0,654.0,637.0,633.0,703.0,640.0,690.0,691.0,742.0,760.0,795.0,,,,,,,,
원주시 - 계 - 사망자수,Statistics,1504.0,1408.0,1573.0,1572.0,1597.0,1596.0,1520.0,1499.0,1571.0,1605.0,1680.0,1606.0,1634.0,1692.0,1648.0,1808.0,1790.0,1784.0,1836.0,1927.0,1998.0,1998.0,2061.0,2133.0,2220.0,2667.0,2644.0
원주시 - 남자 - 사망자수,Statistics,853.0,818.0,891.0,863.0,894.0,885.0,853.0,872.0,895.0,873.0,921.0,887.0,921.0,916.0,924.0,1022.0,989.0,968.0,1020.0,1051.0,1079.0,1079.0,1148.0,1116.0,1197.0,1366.0,1360.0
원주시 - 여자 - 사망자수,Statistics,651.0,590.0,682.0,709.0,703.0,711.0,667.0,627.0,676.0,732.0,759.0,719.0,713.0,776.0,724.0,786.0,801.0,816.0,816.0,876.0,919.0,919.0,913.0,1017.0,1023.0,1301.0,1284.0
유성구 - 계 - 사망자수,Statistics,532.0,575.0,552.0,546.0,588.0,639.0,658.0,676.0,704.0,759.0,812.0,830.0,857.0,912.0,898.0,936.0,983.0,992.0,1085.0,1033.0,1145.0,1144.0,1171.0,1189.0,1237.0,1517.0,1411.0
유성구 - 남자 - 사망자수,Statistics,306.0,330.0,301.0,287.0,316.0,338.0,345.0,355.0,360.0,379.0,419.0,430.0,471.0,483.0,468.0,483.0,496.0,523.0,543.0,524.0,582.0,595.0,608.0,608.0,623.0,750.0,665.0
유성구 - 여자 - 사망자수,Statistics,226.0,245.0,251.0,259.0,272.0,301.0,313.0,321.0,344.0,380.0,393.0,400.0,386.0,429.0,430.0,453.0,487.0,469.0,542.0,509.0,563.0,549.0,563.0,581.0,614.0,767.0,746.0
은평구 - 계 - 사망자수,Statistics,1954.0,1923.0,1857.0,1922.0,1890.0,1984.0,2003.0,1987.0,2043.0,1997.0,2041.0,1918.0,1981.0,2107.0,2113.0,2230.0,2325.0,2296.0,2309.0,2474.0,2403.0,2504.0,2315.0,2623.0,2735.0,3156.0,2879.0
은평구 - 남자 - 사망자수,Statistics,1036.0,1041.0,1019.0,1058.0,1034.0,1110.0,1125.0,1133.0,1167.0,1162.0,1235.0,1133.0,1193.0,1235.0,1221.0,1300.0,1366.0,1311.0,1335.0,1394.0,1388.0,1450.0,1296.0,1485.0,1520.0,1814.0,1650.0
은평구 - 여자 - 사망자수,Statistics,918.0,882.0,838.0,864.0,856.0,874.0,878.0,854.0,876.0,835.0,806.0,785.0,788.0,872.0,892.0,930.0,959.0,985.0,974.0,1080.0,1015.0,1054.0,1019.0,1138.0,1215.0,1342.0,1229.0
음성군 - 계 - 사망자수,Statistics,774.0,707.0,773.0,772.0,748.0,778.0,807.0,677.0,700.0,728.0,782.0,697.0,770.0,747.0,749.0,772.0,846.0,811.0,830.0,815.0,839.0,840.0,868.0,888.0,828.0,1042.0,1006.0
음성군 - 남자 - 사망자수,Statistics,453.0,411.0,446.0,449.0,445.0,433.0,440.0,395.0,395.0,420.0,440.0,415.0,441.0,434.0,469.0,430.0,496.0,490.0,452.0,464.0,490.0,491.0,477.0,493.0,446.0,570.0,539.0
음성군 - 여자 - 사망자수,Statistics,321.0,296.0,327.0,323.0,303.0,345.0,367.0,282.0,305.0,308.0,342.0,282.0,329.0,313.0,280.0,342.0,350.0,321.0,378.0,351.0,349.0,349.0,391.0,395.0,382.0,472.0,467.0
의령군 - 계 - 사망자수,Statistics,498.0,556.0,547.0,547.0,533.0,439.0,442.0,436.0,415.0,427.0,425.0,411.0,424.0,376.0,414.0,442.0,448.0,404.0,434.0,438.0,415.0,418.0,438.0,408.0,458.0,549.0,497.0
의령군 - 남자 - 사망자수,Statistics,292.0,315.0,311.0,305.0,273.0,249.0,217.0,233.0,237.0,215.0,231.0,233.0,231.0,194.0,207.0,247.0,222.0,216.0,216.0,206.0,199.0,216.0,204.0,200.0,239.0,271.0,232.0
의령군 - 여자 - 사망자수,Statistics,206.0,241.0,236.0,242.0,260.0,190.0,225.0,203.0,178.0,212.0,194.0,178.0,193.0,182.0,207.0,195.0,226.0,188.0,218.0,232.0,216.0,202.0,234.0,208.0,219.0,278.0,265.0
의성군 - 계 - 사망자수,Statistics,1050.0,1107.0,1020.0,1025.0,1007.0,1036.0,966.0,913.0,870.0,908.0,865.0,816.0,819.0,773.0,847.0,811.0,891.0,872.0,860.0,874.0,892.0,934.0,881.0,932.0,927.0,1138.0,1059.0
의성군 - 남자 - 사망자수,Statistics,605.0,671.0,584.0,597.0,574.0,572.0,558.0,490.0,486.0,517.0,488.0,458.0,452.0,436.0,467.0,459.0,477.0,468.0,460.0,471.0,484.0,488.0,432.0,511.0,472.0,532.0,526.0
의성군 - 여자 - 사망자수,Statistics,445.0,436.0,436.0,428.0,433.0,464.0,408.0,423.0,384.0,391.0,377.0,358.0,367.0,337.0,380.0,352.0,414.0,404.0,400.0,403.0,408.0,446.0,449.0,421.0,455.0,606.0,533.0
의왕시 - 계 - 사망자수,Statistics,417.0,476.0,394.0,447.0,465.0,497.0,485.0,581.0,511.0,516.0,498.0,534.0,524.0,556.0,520.0,567.0,606.0,640.0,616.0,640.0,683.0,641.0,693.0,732.0,766.0,893.0,777.0
의왕시 - 남자 - 사망자수,Statistics,241.0,270.0,217.0,245.0,266.0,266.0,237.0,343.0,297.0,279.0,255.0,289.0,285.0,311.0,285.0,296.0,319.0,315.0,347.0,369.0,334.0,343.0,394.0,385.0,393.0,458.0,411.0
의왕시 - 여자 - 사망자수,Statistics,176.0,206.0,177.0,202.0,199.0,231.0,248.0,238.0,214.0,237.0,243.0,245.0,239.0,245.0,235.0,271.0,287.0,325.0,269.0,271.0,349.0,298.0,299.0,347.0,373.0,435.0,366.0
의정부시 - 계 - 사망자수,Statistics,1284.0,1338.0,1384.0,1497.0,1479.0,1525.0,1599.0,1699.0,1695.0,1755.0,1709.0,1806.0,1851.0,1932.0,1950.0,1984.0,1924.0,1955.0,2023.0,2134.0,2283.0,2430.0,2445.0,2504.0,2839.0,3232.0,3135.0
의정부시 - 남자 - 사망자수,Statistics,757.0,746.0,773.0,841.0,841.0,834.0,898.0,950.0,954.0,969.0,939.0,1053.0,1061.0,1069.0,1128.0,1133.0,1101.0,1108.0,1169.0,1199.0,1296.0,1364.0,1367.0,1419.0,1550.0,1765.0,1727.0
의정부시 - 여자 - 사망자수,Statistics,527.0,592.0,611.0,656.0,638.0,691.0,701.0,749.0,741.0,786.0,770.0,753.0,790.0,863.0,822.0,851.0,823.0,847.0,854.0,935.0,987.0,1066.0,1078.0,1085.0,1289.0,1467.0,1408.0
의창구 - 계 - 사망자수,Statistics,,,,,,,,,,,,,,1019.0,1088.0,1125.0,1082.0,1067.0,1259.0,1207.0,1257.0,1285.0,1245.0,1331.0,1188.0,1364.0,1330.0
의창구 - 남자 - 사망자수,Statistics,,,,,,,,,,,,,,567.0,588.0,593.0,573.0,571.0,690.0,638.0,683.0,653.0,632.0,719.0,652.0,728.0,699.0
의창구 - 여자 - 사망자수,Statistics,,,,,,,,,,,,,,452.0,500.0,532.0,509.0,496.0,569.0,569.0,574.0,632.0,613.0,612.0,536.0,636.0,631.0
이천시 - 계 - 사망자수,Statistics,906.0,1065.0,1075.0,1036.0,994.0,1007.0,1027.0,991.0,966.0,1015.0,994.0,1057.0,963.0,1019.0,1038.0,1067.0,1065.0,1046.0,1050.0,1110.0,1169.0,1199.0,1172.0,1208.0,1322.0,1570.0,1431.0
이천시 - 남자 - 사망자수,Statistics,502.0,625.0,630.0,567.0,556.0,546.0,575.0,527.0,548.0,574.0,515.0,567.0,537.0,552.0,590.0,559.0,591.0,598.0,584.0,595.0,621.0,642.0,643.0,666.0,713.0,786.0,775.0
이천시 - 여자 - 사망자수,Statistics,404.0,440.0,445.0,469.0,438.0,461.0,452.0,464.0,418.0,441.0,479.0,490.0,426.0,467.0,448.0,508.0,474.0,448.0,466.0,515.0,548.0,557.0,529.0,542.0,609.0,784.0,656.0
익산시 - 계 - 사망자수,Statistics,1971.0,2072.0,2103.0,2105.0,1972.0,2014.0,2069.0,2006.0,1911.0,1926.0,2023.0,1922.0,1901.0,1907.0,1928.0,1988.0,1993.0,1968.0,2036.0,2046.0,2106.0,2053.0,2169.0,2071.0,2330.0,2771.0,2665.0
익산시 - 남자 - 사망자수,Statistics,1080.0,1150.0,1141.0,1111.0,1058.0,1107.0,1083.0,1115.0,1024.0,1013.0,1084.0,1023.0,1042.0,1007.0,1077.0,1058.0,1108.0,1049.0,1029.0,1069.0,1136.0,1042.0,1069.0,1108.0,1219.0,1377.0,1355.0
익산시 - 여자 - 사망자수,Statistics,891.0,922.0,962.0,994.0,914.0,907.0,986.0,891.0,887.0,913.0,939.0,899.0,859.0,900.0,851.0,930.0,885.0,919.0,1007.0,977.0,970.0,1011.0,1100.0,963.0,1111.0,1394.0,1310.0
인제군 - 계 - 사망자수,Statistics,274.0,275.0,263.0,251.0,221.0,260.0,256.0,255.0,257.0,267.0,246.0,229.0,255.0,253.0,251.0,249.0,260.0,241.0,272.0,256.0,258.0,272.0,280.0,236.0,263.0,339.0,293.0
인제군 - 남자 - 사망자수,Statistics,167.0,157.0,168.0,153.0,125.0,168.0,137.0,151.0,158.0,141.0,130.0,142.0,163.0,145.0,134.0,140.0,148.0,137.0,162.0,152.0,138.0,148.0,147.0,139.0,145.0,187.0,168.0
인제군 - 여자 - 사망자수,Statistics,107.0,118.0,95.0,98.0,96.0,92.0,119.0,104.0,99.0,126.0,116.0,87.0,92.0,108.0,117.0,109.0,112.0,104.0,110.0,104.0,120.0,124.0,133.0,97.0,118.0,152.0,125.0
인천광역시 - 계 - 사망자수,Statistics,10203.0,10160.0,10358.0,10751.0,10607.0,10757.0,10924.0,11042.0,11144.0,11068.0,11376.0,11366.0,11662.0,12087.0,12504.0,12881.0,13039.0,13409.0,13452.0,14119.0,14290.0,15316.0,15131.0,15689.0,16493.0,18957.0,18242.0
인천광역시 - 남자 - 사망자수,Statistics,5777.0,5667.0,5811.0,6014.0,5976.0,5973.0,6146.0,6180.0,6228.0,6130.0,6322.0,6391.0,6607.0,6807.0,6947.0,7198.0,7218.0,7435.0,7493.0,7716.0,7876.0,8400.0,8322.0,8735.0,8972.0,10076.0,9946.0
인천광역시 - 여자 - 사망자수,Statistics,4426.0,4493.0,4547.0,4737.0,4631.0,4784.0,4778.0,4862.0,4916.0,4938.0,5054.0,4975.0,5055.0,5280.0,5557.0,5683.0,5821.0,5974.0,5959.0,6403.0,6414.0,6916.0,6809.0,6954.0,7521.0,8881.0,8296.0
일산구 - 계 - 사망자수,Statistics,1306.0,1331.0,1396.0,1382.0,1464.0,1504.0,1536.0,1598.0,,,,,,,,,,,,,,,,,,,
일산구 - 남자 - 사망자수,Statistics,690.0,700.0,736.0,757.0,750.0,808.0,826.0,844.0,,,,,,,,,,,,,,,,,,,
일산구 - 여자 - 사망자수,Statistics,616.0,631.0,660.0,625.0,714.0,696.0,710.0,754.0,,,,,,,,,,,,,,,,,,,
일산동구 - 계 - 사망자수,Statistics,,,,,,,,,740.0,791.0,881.0,890.0,921.0,959.0,932.0,1070.0,1121.0,1054.0,1155.0,1219.0,1214.0,1293.0,1326.0,1400.0,1448.0,1792.0,1649.0
일산동구 - 남자 - 사망자수,Statistics,,,,,,,,,428.0,400.0,478.0,467.0,511.0,524.0,493.0,562.0,547.0,578.0,600.0,606.0,629.0,661.0,671.0,749.0,790.0,898.0,840.0
일산동구 - 여자 - 사망자수,Statistics,,,,,,,,,312.0,391.0,403.0,423.0,410.0,435.0,439.0,508.0,574.0,476.0,555.0,613.0,585.0,632.0,655.0,651.0,658.0,894.0,809.0
일산서구 - 계 - 사망자수,Statistics,,,,,,,,,946.0,936.0,930.0,942.0,930.0,1015.0,1034.0,1045.0,1142.0,1138.0,1155.0,1225.0,1153.0,1192.0,1307.0,1346.0,1361.0,1602.0,1461.0
일산서구 - 남자 - 사망자수,Statistics,,,,,,,,,503.0,503.0,522.0,498.0,501.0,549.0,576.0,568.0,597.0,591.0,613.0,627.0,603.0,658.0,696.0,723.0,694.0,769.0,751.0
일산서구 - 여자 - 사망자수,Statistics,,,,,,,,,443.0,433.0,408.0,444.0,429.0,466.0,458.0,477.0,545.0,547.0,542.0,598.0,550.0,534.0,611.0,623.0,667.0,833.0,710.0
임실군 - 계 - 사망자수,Statistics,523.0,511.0,547.0,498.0,446.0,422.0,437.0,425.0,422.0,384.0,405.0,380.0,395.0,350.0,379.0,389.0,362.0,394.0,375.0,388.0,397.0,393.0,424.0,426.0,422.0,436.0,456.0
임실군 - 남자 - 사망자수,Statistics,298.0,296.0,325.0,303.0,255.0,240.0,254.0,250.0,240.0,208.0,231.0,216.0,230.0,183.0,199.0,198.0,199.0,219.0,198.0,215.0,201.0,210.0,224.0,185.0,213.0,228.0,244.0
임실군 - 여자 - 사망자수,Statistics,225.0,215.0,222.0,195.0,191.0,182.0,183.0,175.0,182.0,176.0,174.0,164.0,165.0,167.0,180.0,191.0,163.0,175.0,177.0,173.0,196.0,183.0,200.0,241.0,209.0,208.0,212.0
장성군 - 계 - 사망자수,Statistics,647.0,624.0,598.0,607.0,590.0,580.0,611.0,562.0,538.0,509.0,473.0,518.0,477.0,483.0,504.0,488.0,523.0,443.0,493.0,495.0,499.0,522.0,519.0,529.0,563.0,669.0,595.0
장성군 - 남자 - 사망자수,Statistics,389.0,347.0,327.0,320.0,347.0,301.0,324.0,301.0,290.0,272.0,273.0,285.0,262.0,266.0,264.0,268.0,310.0,241.0,266.0,260.0,250.0,256.0,268.0,287.0,299.0,311.0,312.0
장성군 - 여자 - 사망자수,Statistics,258.0,277.0,271.0,287.0,243.0,279.0,287.0,261.0,248.0,237.0,200.0,233.0,215.0,217.0,240.0,220.0,213.0,202.0,227.0,235.0,249.0,266.0,251.0,242.0,264.0,358.0,283.0
장수군 - 계 - 사망자수,Statistics,375.0,361.0,373.0,335.0,306.0,328.0,317.0,312.0,270.0,312.0,304.0,280.0,253.0,301.0,276.0,287.0,267.0,291.0,295.0,289.0,279.0,276.0,299.0,275.0,269.0,350.0,315.0
장수군 - 남자 - 사망자수,Statistics,224.0,222.0,214.0,175.0,192.0,179.0,176.0,164.0,133.0,180.0,157.0,148.0,131.0,187.0,160.0,165.0,138.0,163.0,156.0,170.0,137.0,143.0,152.0,142.0,146.0,175.0,153.0
장수군 - 여자 - 사망자수,Statistics,151.0,139.0,159.0,160.0,114.0,149.0,141.0,148.0,137.0,132.0,147.0,132.0,122.0,114.0,116.0,122.0,129.0,128.0,139.0,119.0,142.0,133.0,147.0,133.0,123.0,175.0,162.0
장안구 - 계 - 사망자수,Statistics,943.0,993.0,980.0,1080.0,1139.0,1188.0,1007.0,1069.0,1036.0,1031.0,1063.0,1048.0,1170.0,1191.0,1195.0,1319.0,1247.0,1267.0,1276.0,1243.0,1305.0,1440.0,1353.0,1381.0,1493.0,1718.0,1631.0
장안구 - 남자 - 사망자수,Statistics,513.0,560.0,531.0,579.0,643.0,660.0,546.0,592.0,569.0,532.0,577.0,593.0,665.0,642.0,647.0,702.0,655.0,672.0,684.0,671.0,664.0,743.0,726.0,755.0,790.0,880.0,862.0
장안구 - 여자 - 사망자수,Statistics,430.0,433.0,449.0,501.0,496.0,528.0,461.0,477.0,467.0,499.0,486.0,455.0,505.0,549.0,548.0,617.0,592.0,595.0,592.0,572.0,641.0,697.0,627.0,626.0,703.0,838.0,769.0
장흥군 - 계 - 사망자수,Statistics,655.0,667.0,714.0,620.0,607.0,529.0,620.0,598.0,569.0,507.0,529.0,506.0,496.0,504.0,512.0,531.0,540.0,500.0,473.0,537.0,497.0,516.0,525.0,510.0,524.0,678.0,596.0
장흥군 - 남자 - 사망자수,Statistics,377.0,382.0,396.0,360.0,325.0,275.0,345.0,326.0,297.0,276.0,282.0,276.0,270.0,269.0,301.0,287.0,295.0,272.0,259.0,309.0,255.0,277.0,278.0,264.0,273.0,331.0,303.0
장흥군 - 여자 - 사망자수,Statistics,278.0,285.0,318.0,260.0,282.0,254.0,275.0,272.0,272.0,231.0,247.0,230.0,226.0,235.0,211.0,244.0,245.0,228.0,214.0,228.0,242.0,239.0,247.0,246.0,251.0,347.0,293.0
전국 - 계 - 사망자수,Statistics,244693.0,245825.0,247734.0,248740.0,243813.0,247524.0,246463.0,246220.0,245874.0,244162.0,246482.0,246113.0,246942.0,255405.0,257396.0,267221.0,266257.0,267692.0,275895.0,280827.0,285534.0,298820.0,295110.0,304948.0,317680.0,372939.0,352511.0
전국 - 남자 - 사망자수,Statistics,137456.0,137879.0,137637.0,137789.0,135218.0,135846.0,135885.0,136235.0,135317.0,134631.0,135664.0,136932.0,137735.0,142358.0,143250.0,147372.0,146599.0,147321.0,150449.0,152529.0,154328.0,161187.0,160322.0,165163.0,171967.0,196465.0,188921.0
전국 - 여자 - 사망자수,Statistics,107237.0,107946.0,110097.0,110951.0,108595.0,111678.0,110578.0,109985.0,110557.0,109531.0,110818.0,109181.0,109207.0,113047.0,114146.0,119849.0,119658.0,120371.0,125446.0,128298.0,131206.0,137633.0,134788.0,139785.0,145713.0,176474.0,163590.0
전라남도 - 계 - 사망자수,Statistics,19384.0,19264.0,19267.0,18250.0,17907.0,17552.0,17419.0,17141.0,16329.0,16253.0,16030.0,16018.0,15734.0,16042.0,16090.0,16766.0,16332.0,16053.0,16543.0,16561.0,16848.0,17219.0,16787.0,17436.0,17568.0,20876.0,19786.0
전라남도 - 남자 - 사망자수,Statistics,11036.0,10962.0,10675.0,10198.0,9975.0,9648.0,9679.0,9507.0,8925.0,8907.0,8822.0,8863.0,8667.0,8913.0,8895.0,9093.0,8971.0,8770.0,8824.0,8759.0,8837.0,8946.0,8835.0,9163.0,9075.0,10451.0,10015.0
전라남도 - 여자 - 사망자수,Statistics,8348.0,8302.0,8592.0,8052.0,7932.0,7904.0,7740.0,7634.0,7404.0,7346.0,7208.0,7155.0,7067.0,7129.0,7195.0,7673.0,7361.0,7283.0,7719.0,7802.0,8011.0,8273.0,7952.0,8273.0,8493.0,10425.0,9771.0
전라북도 - 계 - 사망자수,Statistics,14779.0,14857.0,14858.0,14502.0,13889.0,14048.0,13959.0,13574.0,13456.0,13347.0,13380.0,13241.0,12921.0,13188.0,13126.0,13700.0,13492.0,13563.0,13721.0,14062.0,14295.0,14552.0,14525.0,14691.0,15049.0,17852.0,17201.0
전라북도 - 남자 - 사망자수,Statistics,8199.0,8206.0,8166.0,7979.0,7542.0,7520.0,7459.0,7492.0,7145.0,7186.0,7170.0,7228.0,7009.0,7212.0,7213.0,7443.0,7357.0,7306.0,7276.0,7453.0,7414.0,7506.0,7624.0,7645.0,7843.0,9115.0,8836.0
전라북도 - 여자 - 사망자수,Statistics,6580.0,6651.0,6692.0,6523.0,6347.0,6528.0,6500.0,6082.0,6311.0,6161.0,6210.0,6013.0,5912.0,5976.0,5913.0,6257.0,6135.0,6257.0,6445.0,6609.0,6881.0,7046.0,6901.0,7046.0,7206.0,8737.0,8365.0
전주시 - 계 - 사망자수,Statistics,2801.0,2715.0,2856.0,2713.0,2688.0,2818.0,2822.0,2726.0,2852.0,2854.0,2781.0,2859.0,2757.0,2919.0,2885.0,3076.0,3001.0,3106.0,3197.0,3190.0,3225.0,3356.0,3374.0,3403.0,3416.0,4239.0,3912.0
전주시 - 남자 - 사망자수,Statistics,1480.0,1420.0,1442.0,1444.0,1371.0,1448.0,1438.0,1522.0,1511.0,1523.0,1474.0,1507.0,1463.0,1566.0,1576.0,1639.0,1610.0,1658.0,1700.0,1689.0,1709.0,1736.0,1837.0,1801.0,1833.0,2274.0,2072.0
전주시 - 여자 - 사망자수,Statistics,1321.0,1295.0,1414.0,1269.0,1317.0,1370.0,1384.0,1204.0,1341.0,1331.0,1307.0,1352.0,1294.0,1353.0,1309.0,1437.0,1391.0,1448.0,1497.0,1501.0,1516.0,1620.0,1537.0,1602.0,1583.0,1965.0,1840.0
정선군 - 계 - 사망자수,Statistics,493.0,507.0,487.0,470.0,417.0,456.0,440.0,425.0,395.0,381.0,373.0,378.0,357.0,380.0,366.0,361.0,346.0,350.0,373.0,398.0,377.0,401.0,383.0,373.0,422.0,447.0,442.0
정선군 - 남자 - 사망자수,Statistics,309.0,312.0,301.0,296.0,255.0,263.0,267.0,251.0,243.0,232.0,230.0,207.0,211.0,240.0,226.0,216.0,208.0,201.0,232.0,229.0,233.0,219.0,228.0,219.0,237.0,241.0,254.0
정선군 - 여자 - 사망자수,Statistics,184.0,195.0,186.0,174.0,162.0,193.0,173.0,174.0,152.0,149.0,143.0,171.0,146.0,140.0,140.0,145.0,138.0,149.0,141.0,169.0,144.0,182.0,155.0,154.0,185.0,206.0,188.0
정읍시 - 계 - 사망자수,Statistics,1413.0,1397.0,1377.0,1332.0,1251.0,1323.0,1212.0,1182.0,1263.0,1134.0,1190.0,1160.0,1125.0,1166.0,1151.0,1140.0,1174.0,1136.0,1056.0,1166.0,1249.0,1266.0,1132.0,1278.0,1253.0,1388.0,1440.0
정읍시 - 남자 - 사망자수,Statistics,765.0,740.0,771.0,730.0,676.0,679.0,628.0,636.0,686.0,606.0,630.0,634.0,597.0,635.0,619.0,639.0,633.0,603.0,574.0,611.0,666.0,642.0,611.0,634.0,638.0,694.0,718.0
정읍시 - 여자 - 사망자수,Statistics,648.0,657.0,606.0,602.0,575.0,644.0,584.0,546.0,577.0,528.0,560.0,526.0,528.0,531.0,532.0,501.0,541.0,533.0,482.0,555.0,583.0,624.0,521.0,644.0,615.0,694.0,722.0
제주도 - 계 - 사망자수,Statistics,3100.0,3172.0,3236.0,3049.0,2970.0,2906.0,2870.0,2883.0,2968.0,3023.0,2931.0,2813.0,2823.0,3017.0,3021.0,3238.0,3317.0,3300.0,3339.0,3542.0,3738.0,3912.0,3959.0,3952.0,4229.0,4806.0,4677.0
제주도 - 남자 - 사망자수,Statistics,1590.0,1668.0,1675.0,1557.0,1569.0,1480.0,1493.0,1524.0,1538.0,1551.0,1540.0,1476.0,1514.0,1563.0,1614.0,1746.0,1778.0,1742.0,1769.0,1852.0,2035.0,2029.0,2122.0,2129.0,2273.0,2525.0,2538.0
제주도 - 여자 - 사망자수,Statistics,1510.0,1504.0,1561.0,1492.0,1401.0,1426.0,1377.0,1359.0,1430.0,1472.0,1391.0,1337.0,1309.0,1454.0,1407.0,1492.0,1539.0,1558.0,1570.0,1690.0,1703.0,1883.0,1837.0,1823.0,1956.0,2281.0,2139.0
제주시 - 계 - 사망자수,Statistics,1097.0,1129.0,1168.0,1180.0,1169.0,1135.0,1138.0,1205.0,1177.0,1994.0,1966.0,1934.0,1950.0,2070.0,2041.0,2144.0,2249.0,2194.0,2264.0,2440.0,2580.0,2654.0,2672.0,2715.0,2887.0,3281.0,3200.0
제주시 - 남자 - 사망자수,Statistics,555.0,606.0,570.0,612.0,620.0,598.0,605.0,658.0,600.0,1031.0,1028.0,1005.0,1046.0,1073.0,1069.0,1140.0,1214.0,1174.0,1205.0,1274.0,1411.0,1366.0,1447.0,1462.0,1545.0,1715.0,1729.0
제주시 - 여자 - 사망자수,Statistics,542.0,523.0,598.0,568.0,549.0,537.0,533.0,547.0,577.0,963.0,938.0,929.0,904.0,997.0,972.0,1004.0,1035.0,1020.0,1059.0,1166.0,1169.0,1288.0,1225.0,1253.0,1342.0,1566.0,1471.0
제천시 - 계 - 사망자수,Statistics,973.0,1046.0,946.0,1018.0,1002.0,1008.0,870.0,1012.0,982.0,936.0,939.0,954.0,1012.0,1018.0,1079.0,1006.0,1022.0,984.0,1028.0,1072.0,1110.0,1130.0,1155.0,1133.0,1195.0,1353.0,1269.0
제천시 - 남자 - 사망자수,Statistics,552.0,582.0,547.0,589.0,557.0,558.0,478.0,577.0,541.0,502.0,528.0,517.0,571.0,573.0,625.0,582.0,539.0,554.0,567.0,592.0,579.0,631.0,592.0,596.0,653.0,732.0,716.0
제천시 - 여자 - 사망자수,Statistics,421.0,464.0,399.0,429.0,445.0,450.0,392.0,435.0,441.0,434.0,411.0,437.0,441.0,445.0,454.0,424.0,483.0,430.0,461.0,480.0,531.0,499.0,563.0,537.0,542.0,621.0,553.0
종로구 - 계 - 사망자수,Statistics,966.0,995.0,938.0,949.0,948.0,951.0,880.0,789.0,906.0,809.0,821.0,824.0,806.0,852.0,834.0,811.0,840.0,864.0,829.0,823.0,826.0,897.0,854.0,867.0,982.0,1006.0,944.0
종로구 - 남자 - 사망자수,Statistics,510.0,548.0,522.0,492.0,541.0,536.0,486.0,439.0,524.0,468.0,453.0,472.0,453.0,512.0,508.0,485.0,497.0,542.0,484.0,445.0,478.0,518.0,482.0,519.0,560.0,535.0,553.0
종로구 - 여자 - 사망자수,Statistics,456.0,447.0,416.0,457.0,407.0,415.0,394.0,350.0,382.0,341.0,368.0,352.0,353.0,340.0,326.0,326.0,343.0,322.0,345.0,378.0,348.0,379.0,372.0,348.0,422.0,471.0,391.0
중구 - 계 - 사망자수,Statistics,682.0,640.0,620.0,713.0,723.0,662.0,592.0,653.0,613.0,654.0,655.0,633.0,666.0,671.0,666.0,667.0,685.0,683.0,689.0,669.0,684.0,710.0,665.0,723.0,806.0,851.0,826.0
중구 - 남자 - 사망자수,Statistics,369.0,369.0,354.0,393.0,408.0,372.0,345.0,382.0,365.0,370.0,362.0,388.0,386.0,400.0,398.0,415.0,417.0,413.0,403.0,390.0,384.0,412.0,408.0,409.0,470.0,504.0,471.0
중구 - 여자 - 사망자수,Statistics,313.0,271.0,266.0,320.0,315.0,290.0,247.0,271.0,248.0,284.0,293.0,245.0,280.0,271.0,268.0,252.0,268.0,270.0,286.0,279.0,300.0,298.0,257.0,314.0,336.0,347.0,355.0
중랑구 - 계 - 사망자수,Statistics,1790.0,1788.0,1694.0,1693.0,1626.0,1717.0,1711.0,1759.0,1826.0,1778.0,1725.0,1779.0,1752.0,1837.0,1890.0,2007.0,2025.0,1968.0,2050.0,2013.0,2068.0,2178.0,2049.0,2245.0,2319.0,2704.0,2488.0
중랑구 - 남자 - 사망자수,Statistics,999.0,944.0,941.0,892.0,930.0,973.0,975.0,995.0,1063.0,1001.0,988.0,969.0,988.0,1069.0,1084.0,1134.0,1164.0,1119.0,1202.0,1144.0,1206.0,1248.0,1236.0,1288.0,1338.0,1515.0,1421.0
중랑구 - 여자 - 사망자수,Statistics,791.0,844.0,753.0,801.0,696.0,744.0,736.0,764.0,763.0,777.0,737.0,810.0,764.0,768.0,806.0,873.0,861.0,849.0,848.0,869.0,862.0,930.0,813.0,957.0,981.0,1189.0,1067.0
중원구 - 계 - 사망자수,Statistics,1042.0,1052.0,1059.0,1086.0,1088.0,1023.0,1064.0,1075.0,1123.0,988.0,1056.0,980.0,1092.0,1091.0,1102.0,1209.0,1228.0,1190.0,1285.0,1281.0,1251.0,1227.0,1218.0,1196.0,1280.0,1490.0,1339.0
중원구 - 남자 - 사망자수,Statistics,572.0,623.0,605.0,611.0,624.0,603.0,633.0,630.0,645.0,553.0,605.0,559.0,643.0,624.0,642.0,700.0,686.0,669.0,726.0,742.0,692.0,685.0,708.0,664.0,709.0,790.0,724.0
중원구 - 여자 - 사망자수,Statistics,470.0,429.0,454.0,475.0,464.0,420.0,431.0,445.0,478.0,435.0,451.0,421.0,449.0,467.0,460.0,509.0,542.0,521.0,559.0,539.0,559.0,542.0,510.0,532.0,571.0,700.0,615.0
증평군 - 계 - 사망자수,Statistics,210.0,248.0,209.0,193.0,221.0,192.0,220.0,211.0,207.0,200.0,215.0,199.0,214.0,222.0,214.0,197.0,235.0,220.0,246.0,227.0,242.0,265.0,240.0,288.0,248.0,310.0,305.0
증평군 - 남자 - 사망자수,Statistics,134.0,167.0,127.0,106.0,126.0,115.0,118.0,128.0,109.0,113.0,106.0,111.0,114.0,142.0,111.0,112.0,126.0,121.0,146.0,125.0,113.0,136.0,137.0,171.0,131.0,166.0,174.0
증평군 - 여자 - 사망자수,Statistics,76.0,81.0,82.0,87.0,95.0,77.0,102.0,83.0,98.0,87.0,109.0,88.0,100.0,80.0,103.0,85.0,109.0,99.0,100.0,102.0,129.0,129.0,103.0,117.0,117.0,144.0,131.0
진도군 - 계 - 사망자수,Statistics,540.0,562.0,528.0,509.0,528.0,480.0,464.0,469.0,416.0,404.0,442.0,413.0,411.0,441.0,411.0,415.0,388.0,427.0,424.0,460.0,458.0,463.0,427.0,393.0,440.0,504.0,480.0
진도군 - 남자 - 사망자수,Statistics,300.0,303.0,298.0,274.0,277.0,269.0,262.0,252.0,208.0,216.0,242.0,227.0,214.0,227.0,209.0,225.0,202.0,226.0,212.0,223.0,234.0,226.0,221.0,202.0,223.0,266.0,245.0
진도군 - 여자 - 사망자수,Statistics,240.0,259.0,230.0,235.0,251.0,211.0,202.0,217.0,208.0,188.0,200.0,186.0,197.0,214.0,202.0,190.0,186.0,201.0,212.0,237.0,224.0,237.0,206.0,191.0,217.0,238.0,235.0
진안군 - 계 - 사망자수,Statistics,393.0,421.0,404.0,366.0,342.0,341.0,356.0,345.0,323.0,319.0,346.0,357.0,326.0,337.0,326.0,330.0,319.0,326.0,368.0,361.0,339.0,325.0,350.0,314.0,365.0,399.0,396.0
진안군 - 남자 - 사망자수,Statistics,234.0,239.0,234.0,205.0,185.0,182.0,211.0,178.0,177.0,180.0,207.0,211.0,171.0,194.0,190.0,175.0,179.0,170.0,212.0,181.0,184.0,173.0,164.0,151.0,188.0,211.0,198.0
진안군 - 여자 - 사망자수,Statistics,159.0,182.0,170.0,161.0,157.0,159.0,145.0,167.0,146.0,139.0,139.0,146.0,155.0,143.0,136.0,155.0,140.0,156.0,156.0,180.0,155.0,152.0,186.0,163.0,177.0,188.0,198.0
진주시 - 계 - 사망자수,Statistics,2008.0,1815.0,1986.0,1967.0,1901.0,1939.0,1916.0,1881.0,1857.0,1869.0,1792.0,1858.0,1789.0,1806.0,1803.0,1927.0,1930.0,1955.0,2022.0,2099.0,2074.0,2223.0,2164.0,2258.0,2343.0,2761.0,2545.0
진주시 - 남자 - 사망자수,Statistics,1131.0,992.0,1128.0,1100.0,1094.0,1068.0,1064.0,981.0,1023.0,991.0,961.0,1038.0,936.0,952.0,985.0,1064.0,1012.0,1036.0,1042.0,1122.0,1076.0,1190.0,1186.0,1189.0,1209.0,1346.0,1306.0
진주시 - 여자 - 사망자수,Statistics,877.0,823.0,858.0,867.0,807.0,871.0,852.0,900.0,834.0,878.0,831.0,820.0,853.0,854.0,818.0,863.0,918.0,919.0,980.0,977.0,998.0,1033.0,978.0,1069.0,1134.0,1415.0,1239.0
진천군 - 계 - 사망자수,Statistics,540.0,488.0,530.0,495.0,486.0,454.0,493.0,438.0,479.0,500.0,482.0,466.0,480.0,472.0,465.0,511.0,479.0,454.0,511.0,480.0,514.0,547.0,550.0,535.0,594.0,654.0,740.0
진천군 - 남자 - 사망자수,Statistics,342.0,289.0,330.0,284.0,282.0,286.0,271.0,272.0,282.0,271.0,277.0,261.0,268.0,275.0,261.0,280.0,259.0,264.0,281.0,273.0,285.0,297.0,310.0,281.0,312.0,348.0,386.0
진천군 - 여자 - 사망자수,Statistics,198.0,199.0,200.0,211.0,204.0,168.0,222.0,166.0,197.0,229.0,205.0,205.0,212.0,197.0,204.0,231.0,220.0,190.0,230.0,207.0,229.0,250.0,240.0,254.0,282.0,306.0,354.0
진해구 - 계 - 사망자수,Statistics,,,,,,,,,,,,,,877.0,878.0,909.0,889.0,893.0,917.0,916.0,939.0,994.0,1007.0,1046.0,1016.0,1312.0,1225.0
진해구 - 남자 - 사망자수,Statistics,,,,,,,,,,,,,,439.0,500.0,491.0,496.0,475.0,489.0,507.0,482.0,523.0,542.0,578.0,558.0,690.0,663.0
진해구 - 여자 - 사망자수,Statistics,,,,,,,,,,,,,,438.0,378.0,418.0,393.0,418.0,428.0,409.0,457.0,471.0,465.0,468.0,458.0,622.0,562.0
진해시 - 계 - 사망자수,Statistics,704.0,786.0,712.0,702.0,678.0,725.0,794.0,798.0,801.0,840.0,873.0,817.0,851.0,,,,,,,,,,,,,,
진해시 - 남자 - 사망자수,Statistics,386.0,418.0,395.0,382.0,376.0,373.0,434.0,428.0,416.0,476.0,458.0,444.0,472.0,,,,,,,,,,,,,,
진해시 - 여자 - 사망자수,Statistics,318.0,368.0,317.0,320.0,302.0,352.0,360.0,370.0,385.0,364.0,415.0,373.0,379.0,,,,,,,,,,,,,,
창녕군 - 계 - 사망자수,Statistics,910.0,949.0,896.0,849.0,798.0,782.0,754.0,799.0,762.0,736.0,779.0,772.0,736.0,744.0,716.0,800.0,760.0,722.0,859.0,778.0,715.0,802.0,798.0,799.0,823.0,954.0,910.0
창녕군 - 남자 - 사망자수,Statistics,522.0,535.0,531.0,461.0,446.0,425.0,425.0,432.0,449.0,392.0,431.0,445.0,405.0,419.0,382.0,404.0,421.0,390.0,438.0,405.0,333.0,420.0,379.0,417.0,387.0,465.0,447.0
창녕군 - 여자 - 사망자수,Statistics,388.0,414.0,365.0,388.0,352.0,357.0,329.0,367.0,313.0,344.0,348.0,327.0,331.0,325.0,334.0,396.0,339.0,332.0,421.0,373.0,382.0,382.0,419.0,382.0,436.0,489.0,463.0
창원시 - 계 - 사망자수,Statistics,1568.0,1605.0,1606.0,1748.0,1658.0,1683.0,1693.0,1709.0,1690.0,1612.0,1664.0,1709.0,1652.0,4746.0,4776.0,4932.0,4877.0,4989.0,5286.0,5294.0,5362.0,5615.0,5473.0,5627.0,5657.0,6750.0,6578.0
창원시 - 남자 - 사망자수,Statistics,841.0,855.0,853.0,939.0,892.0,855.0,897.0,845.0,893.0,854.0,861.0,926.0,888.0,2569.0,2657.0,2625.0,2623.0,2691.0,2908.0,2834.0,2847.0,2978.0,2956.0,3088.0,3143.0,3608.0,3571.0
창원시 - 여자 - 사망자수,Statistics,727.0,750.0,753.0,809.0,766.0,828.0,796.0,864.0,797.0,758.0,803.0,783.0,764.0,2177.0,2119.0,2307.0,2254.0,2298.0,2378.0,2460.0,2515.0,2637.0,2517.0,2539.0,2514.0,3142.0,3007.0
처인구 - 계 - 사망자수,Statistics,,,,,,,,,989.0,963.0,1004.0,1015.0,971.0,1020.0,1092.0,1146.0,1092.0,1128.0,1209.0,1224.0,1322.0,1326.0,1392.0,1469.0,1511.0,1769.0,1751.0
처인구 - 남자 - 사망자수,Statistics,,,,,,,,,558.0,549.0,541.0,566.0,524.0,531.0,595.0,613.0,606.0,615.0,638.0,633.0,692.0,723.0,769.0,787.0,790.0,944.0,939.0
처인구 - 여자 - 사망자수,Statistics,,,,,,,,,431.0,414.0,463.0,449.0,447.0,489.0,497.0,533.0,486.0,513.0,571.0,591.0,630.0,603.0,623.0,682.0,721.0,825.0,812.0
천안시 - 계 - 사망자수,Statistics,1824.0,1894.0,1882.0,2057.0,1954.0,2077.0,1943.0,2028.0,1996.0,2049.0,2054.0,2071.0,2047.0,2254.0,2278.0,2427.0,2369.0,2478.0,2582.0,2640.0,2832.0,2943.0,2821.0,2935.0,3131.0,3676.0,3523.0
천안시 - 남자 - 사망자수,Statistics,1085.0,1055.0,1068.0,1172.0,1066.0,1139.0,1112.0,1099.0,1110.0,1150.0,1129.0,1187.0,1187.0,1270.0,1281.0,1332.0,1336.0,1400.0,1432.0,1456.0,1577.0,1642.0,1522.0,1619.0,1720.0,2001.0,1937.0
천안시 - 여자 - 사망자수,Statistics,739.0,839.0,814.0,885.0,888.0,938.0,831.0,929.0,886.0,899.0,925.0,884.0,860.0,984.0,997.0,1095.0,1033.0,1078.0,1150.0,1184.0,1255.0,1301.0,1299.0,1316.0,1411.0,1675.0,1586.0
철원군 - 계 - 사망자수,Statistics,426.0,436.0,423.0,452.0,416.0,394.0,419.0,386.0,405.0,422.0,388.0,401.0,371.0,344.0,374.0,384.0,352.0,410.0,366.0,405.0,414.0,409.0,410.0,432.0,426.0,468.0,449.0
철원군 - 남자 - 사망자수,Statistics,241.0,264.0,246.0,291.0,239.0,205.0,255.0,222.0,227.0,226.0,224.0,237.0,208.0,194.0,209.0,228.0,202.0,249.0,199.0,230.0,242.0,221.0,219.0,232.0,238.0,263.0,250.0
철원군 - 여자 - 사망자수,Statistics,185.0,172.0,177.0,161.0,177.0,189.0,164.0,164.0,178.0,196.0,164.0,164.0,163.0,150.0,165.0,156.0,150.0,161.0,167.0,175.0,172.0,188.0,191.0,200.0,188.0,205.0,199.0
청도군 - 계 - 사망자수,Statistics,642.0,653.0,690.0,624.0,621.0,626.0,652.0,603.0,658.0,613.0,632.0,583.0,546.0,589.0,555.0,577.0,553.0,584.0,606.0,571.0,578.0,611.0,582.0,657.0,650.0,764.0,674.0
청도군 - 남자 - 사망자수,Statistics,351.0,373.0,367.0,346.0,335.0,342.0,322.0,320.0,365.0,298.0,321.0,314.0,302.0,315.0,320.0,330.0,291.0,304.0,314.0,284.0,284.0,307.0,307.0,328.0,311.0,372.0,315.0
청도군 - 여자 - 사망자수,Statistics,291.0,280.0,323.0,278.0,286.0,284.0,330.0,283.0,293.0,315.0,311.0,269.0,244.0,274.0,235.0,247.0,262.0,280.0,292.0,287.0,294.0,304.0,275.0,329.0,339.0,392.0,359.0
청송군 - 계 - 사망자수,Statistics,384.0,394.0,425.0,386.0,384.0,404.0,405.0,359.0,378.0,393.0,332.0,328.0,304.0,344.0,309.0,345.0,320.0,350.0,326.0,338.0,366.0,359.0,367.0,393.0,348.0,450.0,381.0
청송군 - 남자 - 사망자수,Statistics,239.0,248.0,243.0,242.0,220.0,233.0,221.0,207.0,222.0,224.0,194.0,187.0,168.0,192.0,171.0,184.0,174.0,191.0,172.0,188.0,207.0,210.0,186.0,227.0,176.0,239.0,188.0
청송군 - 여자 - 사망자수,Statistics,145.0,146.0,182.0,144.0,164.0,171.0,184.0,152.0,156.0,169.0,138.0,141.0,136.0,152.0,138.0,161.0,146.0,159.0,154.0,150.0,159.0,149.0,181.0,166.0,172.0,211.0,193.0
청양군 - 계 - 사망자수,Statistics,514.0,522.0,496.0,520.0,457.0,435.0,468.0,432.0,448.0,439.0,383.0,387.0,377.0,440.0,347.0,427.0,399.0,410.0,418.0,445.0,492.0,473.0,457.0,476.0,494.0,514.0,510.0
청양군 - 남자 - 사망자수,Statistics,292.0,300.0,289.0,276.0,267.0,237.0,244.0,239.0,235.0,222.0,212.0,226.0,235.0,260.0,177.0,238.0,223.0,218.0,231.0,227.0,238.0,235.0,235.0,213.0,267.0,270.0,267.0
청양군 - 여자 - 사망자수,Statistics,222.0,222.0,207.0,244.0,190.0,198.0,224.0,193.0,213.0,217.0,171.0,161.0,142.0,180.0,170.0,189.0,176.0,192.0,187.0,218.0,254.0,238.0,222.0,263.0,227.0,244.0,243.0
청원구 - 계 - 사망자수,Statistics,,,,,,,,,,,,,,,,,,852.0,904.0,894.0,931.0,982.0,936.0,997.0,1056.0,1171.0,1173.0
청원구 - 남자 - 사망자수,Statistics,,,,,,,,,,,,,,,,,,461.0,491.0,488.0,488.0,564.0,488.0,519.0,580.0,597.0,618.0
청원구 - 여자 - 사망자수,Statistics,,,,,,,,,,,,,,,,,,391.0,413.0,406.0,443.0,418.0,448.0,478.0,476.0,574.0,555.0
청원군 - 계 - 사망자수,Statistics,1118.0,1029.0,1167.0,1123.0,1053.0,1093.0,1097.0,988.0,1048.0,1001.0,1004.0,1031.0,1054.0,1053.0,1069.0,1111.0,1082.0,,,,,,,,,,
청원군 - 남자 - 사망자수,Statistics,639.0,610.0,655.0,641.0,619.0,623.0,626.0,555.0,606.0,560.0,553.0,598.0,591.0,602.0,563.0,590.0,581.0,,,,,,,,,,
청원군 - 여자 - 사망자수,Statistics,479.0,419.0,512.0,482.0,434.0,470.0,471.0,433.0,442.0,441.0,451.0,433.0,463.0,451.0,506.0,521.0,501.0,,,,,,,,,,
청주시 - 계 - 사망자수,Statistics,2319.0,2271.0,2200.0,2446.0,2309.0,2453.0,2517.0,2479.0,2539.0,2453.0,2565.0,2671.0,2724.0,2633.0,2748.0,2787.0,2753.0,3884.0,4061.0,4140.0,4219.0,4330.0,4302.0,4418.0,4543.0,5530.0,5166.0
청주시 - 남자 - 사망자수,Statistics,1288.0,1252.0,1168.0,1351.0,1211.0,1314.0,1367.0,1361.0,1377.0,1314.0,1369.0,1498.0,1496.0,1406.0,1512.0,1511.0,1458.0,2139.0,2208.0,2227.0,2222.0,2345.0,2306.0,2318.0,2439.0,2838.0,2723.0
청주시 - 여자 - 사망자수,Statistics,1031.0,1019.0,1032.0,1095.0,1098.0,1139.0,1150.0,1118.0,1162.0,1139.0,1196.0,1173.0,1228.0,1227.0,1236.0,1276.0,1295.0,1745.0,1853.0,1913.0,1997.0,1985.0,1996.0,2100.0,2104.0,2692.0,2443.0
춘천시 - 계 - 사망자수,Statistics,1456.0,1475.0,1498.0,1530.0,1459.0,1547.0,1536.0,1447.0,1400.0,1507.0,1523.0,1529.0,1617.0,1620.0,1572.0,1682.0,1660.0,1734.0,1767.0,1762.0,1771.0,1836.0,1873.0,1880.0,2087.0,2446.0,2283.0
춘천시 - 남자 - 사망자수,Statistics,838.0,833.0,833.0,874.0,815.0,882.0,839.0,765.0,793.0,837.0,838.0,845.0,859.0,886.0,853.0,908.0,902.0,958.0,959.0,929.0,983.0,993.0,1083.0,1005.0,1143.0,1263.0,1245.0
춘천시 - 여자 - 사망자수,Statistics,618.0,642.0,665.0,656.0,644.0,665.0,697.0,682.0,607.0,670.0,685.0,684.0,758.0,734.0,719.0,774.0,758.0,776.0,808.0,833.0,788.0,843.0,790.0,875.0,944.0,1183.0,1038.0
충주시 - 계 - 사망자수,Statistics,1552.0,1488.0,1487.0,1463.0,1437.0,1492.0,1413.0,1383.0,1355.0,1336.0,1388.0,1386.0,1441.0,1369.0,1479.0,1537.0,1579.0,1485.0,1498.0,1604.0,1666.0,1675.0,1674.0,1682.0,1770.0,2066.0,2058.0
충주시 - 남자 - 사망자수,Statistics,907.0,824.0,831.0,828.0,831.0,833.0,819.0,773.0,778.0,739.0,774.0,792.0,832.0,771.0,841.0,832.0,849.0,815.0,856.0,904.0,893.0,911.0,924.0,904.0,954.0,1052.0,1045.0
충주시 - 여자 - 사망자수,Statistics,645.0,664.0,656.0,635.0,606.0,659.0,594.0,610.0,577.0,597.0,614.0,594.0,609.0,598.0,638.0,705.0,730.0,670.0,642.0,700.0,773.0,764.0,750.0,778.0,816.0,1014.0,1013.0
충청남도 - 계 - 사망자수,Statistics,15213.0,15240.0,14917.0,14954.0,14252.0,14670.0,14306.0,14087.0,14018.0,13617.0,13953.0,13592.0,13555.0,14014.0,14025.0,13994.0,13854.0,14149.0,14469.0,14600.0,15321.0,15802.0,15596.0,16022.0,16326.0,19719.0,18781.0
충청남도 - 남자 - 사망자수,Statistics,8875.0,8682.0,8416.0,8457.0,7954.0,8177.0,7983.0,7817.0,7680.0,7497.0,7772.0,7572.0,7725.0,7956.0,7872.0,7724.0,7728.0,7856.0,7970.0,7975.0,8308.0,8555.0,8350.0,8532.0,8833.0,10276.0,9915.0
충청남도 - 여자 - 사망자수,Statistics,6338.0,6558.0,6501.0,6497.0,6298.0,6493.0,6323.0,6270.0,6338.0,6120.0,6181.0,6020.0,5830.0,6058.0,6153.0,6270.0,6126.0,6293.0,6499.0,6625.0,7013.0,7247.0,7246.0,7490.0,7493.0,9443.0,8866.0
충청북도 - 계 - 사망자수,Statistics,10353.0,10129.0,10107.0,10360.0,9731.0,10043.0,9912.0,9605.0,9727.0,9555.0,9690.0,9717.0,9985.0,9825.0,10176.0,10478.0,10371.0,10174.0,10638.0,10787.0,11104.0,11334.0,11363.0,11594.0,11941.0,14108.0,13463.0
충청북도 - 남자 - 사망자수,Statistics,5974.0,5786.0,5705.0,5888.0,5453.0,5653.0,5496.0,5401.0,5471.0,5269.0,5347.0,5466.0,5663.0,5480.0,5682.0,5731.0,5580.0,5656.0,5818.0,5963.0,5933.0,6124.0,6095.0,6123.0,6376.0,7274.0,7086.0
충청북도 - 여자 - 사망자수,Statistics,4379.0,4343.0,4402.0,4472.0,4278.0,4390.0,4416.0,4204.0,4256.0,4286.0,4343.0,4251.0,4322.0,4345.0,4494.0,4747.0,4791.0,4518.0,4820.0,4824.0,5171.0,5210.0,5268.0,5471.0,5565.0,6834.0,6377.0
칠곡군 - 계 - 사망자수,Statistics,756.0,741.0,749.0,663.0,679.0,651.0,676.0,716.0,652.0,645.0,623.0,629.0,657.0,770.0,830.0,673.0,668.0,699.0,765.0,710.0,719.0,725.0,738.0,793.0,821.0,919.0,833.0
칠곡군 - 남자 - 사망자수,Statistics,446.0,456.0,388.0,351.0,368.0,376.0,353.0,390.0,359.0,335.0,327.0,343.0,389.0,432.0,431.0,353.0,374.0,385.0,426.0,371.0,380.0,381.0,398.0,430.0,428.0,471.0,445.0
칠곡군 - 여자 - 사망자수,Statistics,310.0,285.0,361.0,312.0,311.0,275.0,323.0,326.0,293.0,310.0,296.0,286.0,268.0,338.0,399.0,320.0,294.0,314.0,339.0,339.0,339.0,344.0,340.0,363.0,393.0,448.0,388.0
태백시 - 계 - 사망자수,Statistics,411.0,439.0,407.0,380.0,386.0,424.0,399.0,386.0,404.0,385.0,395.0,333.0,348.0,395.0,421.0,404.0,334.0,335.0,374.0,376.0,388.0,385.0,338.0,359.0,377.0,491.0,414.0
태백시 - 남자 - 사망자수,Statistics,250.0,262.0,259.0,233.0,226.0,251.0,245.0,225.0,229.0,251.0,252.0,184.0,224.0,231.0,259.0,241.0,207.0,195.0,219.0,230.0,232.0,226.0,205.0,204.0,239.0,292.0,245.0
태백시 - 여자 - 사망자수,Statistics,161.0,177.0,148.0,147.0,160.0,173.0,154.0,161.0,175.0,134.0,143.0,149.0,124.0,164.0,162.0,163.0,127.0,140.0,155.0,146.0,156.0,159.0,133.0,155.0,138.0,199.0,169.0
태안군 - 계 - 사망자수,Statistics,599.0,613.0,575.0,608.0,595.0,607.0,596.0,543.0,549.0,552.0,615.0,561.0,563.0,540.0,558.0,582.0,571.0,634.0,590.0,590.0,639.0,663.0,655.0,667.0,653.0,751.0,732.0
태안군 - 남자 - 사망자수,Statistics,367.0,383.0,326.0,323.0,324.0,330.0,338.0,307.0,319.0,315.0,332.0,323.0,322.0,299.0,319.0,345.0,328.0,356.0,325.0,337.0,361.0,368.0,338.0,381.0,362.0,413.0,389.0
태안군 - 여자 - 사망자수,Statistics,232.0,230.0,249.0,285.0,271.0,277.0,258.0,236.0,230.0,237.0,283.0,238.0,241.0,241.0,239.0,237.0,243.0,278.0,265.0,253.0,278.0,295.0,317.0,286.0,291.0,338.0,343.0
통영시 - 계 - 사망자수,Statistics,904.0,978.0,963.0,1020.0,916.0,921.0,923.0,916.0,959.0,874.0,902.0,855.0,856.0,945.0,942.0,905.0,919.0,894.0,959.0,947.0,932.0,1021.0,994.0,1049.0,994.0,1292.0,1113.0
통영시 - 남자 - 사망자수,Statistics,526.0,540.0,531.0,576.0,537.0,531.0,491.0,522.0,550.0,483.0,500.0,488.0,478.0,555.0,546.0,488.0,523.0,522.0,547.0,527.0,495.0,559.0,552.0,559.0,544.0,680.0,618.0
통영시 - 여자 - 사망자수,Statistics,378.0,438.0,432.0,444.0,379.0,390.0,432.0,394.0,409.0,391.0,402.0,367.0,378.0,390.0,396.0,417.0,396.0,372.0,412.0,420.0,437.0,462.0,442.0,490.0,450.0,612.0,495.0
파주시 - 계 - 사망자수,Statistics,1246.0,1448.0,1340.0,1317.0,1302.0,1416.0,1501.0,1443.0,1502.0,1525.0,1598.0,1574.0,1595.0,1758.0,1849.0,1980.0,1950.0,2120.0,2090.0,2188.0,2159.0,2318.0,2424.0,2510.0,2713.0,3132.0,2979.0
파주시 - 남자 - 사망자수,Statistics,669.0,818.0,761.0,720.0,719.0,765.0,812.0,750.0,827.0,839.0,874.0,887.0,885.0,1013.0,1022.0,1096.0,1135.0,1203.0,1161.0,1178.0,1187.0,1289.0,1328.0,1381.0,1428.0,1593.0,1610.0
파주시 - 여자 - 사망자수,Statistics,577.0,630.0,579.0,597.0,583.0,651.0,689.0,693.0,675.0,686.0,724.0,687.0,710.0,745.0,827.0,884.0,815.0,917.0,929.0,1010.0,972.0,1029.0,1096.0,1129.0,1285.0,1539.0,1369.0
팔달구 - 계 - 사망자수,Statistics,744.0,772.0,905.0,848.0,880.0,1018.0,916.0,937.0,908.0,869.0,899.0,920.0,858.0,1033.0,1045.0,1007.0,1082.0,951.0,1011.0,1002.0,1086.0,1051.0,1065.0,994.0,1084.0,1334.0,1207.0
팔달구 - 남자 - 사망자수,Statistics,410.0,440.0,445.0,469.0,472.0,527.0,497.0,550.0,518.0,459.0,503.0,534.0,483.0,585.0,571.0,562.0,599.0,543.0,608.0,540.0,599.0,601.0,595.0,565.0,614.0,731.0,702.0
팔달구 - 여자 - 사망자수,Statistics,334.0,332.0,460.0,379.0,408.0,491.0,419.0,387.0,390.0,410.0,396.0,386.0,375.0,448.0,474.0,445.0,483.0,408.0,403.0,462.0,487.0,450.0,470.0,429.0,470.0,603.0,505.0
평창군 - 계 - 사망자수,Statistics,437.0,467.0,417.0,417.0,421.0,409.0,406.0,395.0,387.0,408.0,375.0,348.0,371.0,397.0,389.0,375.0,369.0,394.0,415.0,415.0,403.0,415.0,376.0,412.0,412.0,569.0,470.0
평창군 - 남자 - 사망자수,Statistics,273.0,303.0,251.0,253.0,254.0,221.0,238.0,229.0,221.0,233.0,206.0,210.0,221.0,224.0,230.0,216.0,218.0,235.0,225.0,221.0,249.0,238.0,202.0,235.0,222.0,286.0,231.0
평창군 - 여자 - 사망자수,Statistics,164.0,164.0,166.0,164.0,167.0,188.0,168.0,166.0,166.0,175.0,169.0,138.0,150.0,173.0,159.0,159.0,151.0,159.0,190.0,194.0,154.0,177.0,174.0,177.0,190.0,283.0,239.0
평택시 - 계 - 사망자수,Statistics,1855.0,1895.0,1854.0,1932.0,1886.0,1836.0,1907.0,1845.0,1899.0,1953.0,1939.0,1980.0,1957.0,2013.0,2062.0,2070.0,2143.0,2135.0,2208.0,2313.0,2279.0,2484.0,2510.0,2566.0,2848.0,3292.0,3220.0
평택시 - 남자 - 사망자수,Statistics,1064.0,1078.0,1047.0,1054.0,1105.0,1030.0,1071.0,1032.0,1011.0,1128.0,1067.0,1122.0,1096.0,1131.0,1171.0,1185.0,1229.0,1200.0,1222.0,1317.0,1287.0,1371.0,1407.0,1427.0,1547.0,1773.0,1731.0
평택시 - 여자 - 사망자수,Statistics,791.0,817.0,807.0,878.0,781.0,806.0,836.0,813.0,888.0,825.0,872.0,858.0,861.0,882.0,891.0,885.0,914.0,935.0,986.0,996.0,992.0,1113.0,1103.0,1139.0,1301.0,1519.0,1489.0
포천군 - 계 - 사망자수,Statistics,934.0,1019.0,1067.0,1054.0,976.0,1023.0,,,,,,,,,,,,,,,,,,,,,
포천군 - 남자 - 사망자수,Statistics,562.0,552.0,580.0,601.0,551.0,572.0,,,,,,,,,,,,,,,,,,,,,
포천군 - 여자 - 사망자수,Statistics,372.0,467.0,487.0,453.0,425.0,451.0,,,,,,,,,,,,,,,,,,,,,
포천시 - 계 - 사망자수,Statistics,,,,,,,996.0,979.0,957.0,1038.0,1028.0,1054.0,1040.0,1043.0,1055.0,1156.0,1094.0,1050.0,1106.0,1145.0,1212.0,1229.0,1137.0,1291.0,1277.0,1486.0,1463.0
포천시 - 남자 - 사망자수,Statistics,,,,,,,569.0,534.0,541.0,596.0,566.0,594.0,602.0,596.0,605.0,677.0,614.0,590.0,645.0,636.0,697.0,678.0,647.0,680.0,698.0,813.0,833.0
포천시 - 여자 - 사망자수,Statistics,,,,,,,427.0,445.0,416.0,442.0,462.0,460.0,438.0,447.0,450.0,479.0,480.0,460.0,461.0,509.0,515.0,551.0,490.0,611.0,579.0,673.0,630.0
포항시 - 계 - 사망자수,Statistics,2680.0,2608.0,2690.0,2676.0,2670.0,2702.0,2755.0,2652.0,2629.0,2638.0,2659.0,2689.0,2698.0,2801.0,2793.0,2814.0,2902.0,2817.0,2986.0,2932.0,2873.0,3067.0,3063.0,3134.0,3198.0,3798.0,3581.0
포항시 - 남자 - 사망자수,Statistics,1510.0,1478.0,1484.0,1489.0,1464.0,1532.0,1522.0,1447.0,1441.0,1463.0,1449.0,1489.0,1498.0,1502.0,1513.0,1552.0,1529.0,1543.0,1631.0,1542.0,1516.0,1593.0,1634.0,1662.0,1761.0,1963.0,1926.0
포항시 - 여자 - 사망자수,Statistics,1170.0,1130.0,1206.0,1187.0,1206.0,1170.0,1233.0,1205.0,1188.0,1175.0,1210.0,1200.0,1200.0,1299.0,1280.0,1262.0,1373.0,1274.0,1355.0,1390.0,1357.0,1474.0,1429.0,1472.0,1437.0,1835.0,1655.0
하남시 - 계 - 사망자수,Statistics,536.0,524.0,600.0,591.0,553.0,598.0,574.0,605.0,588.0,588.0,592.0,589.0,654.0,684.0,702.0,725.0,659.0,685.0,764.0,824.0,870.0,978.0,1038.0,1127.0,1268.0,1422.0,1389.0
하남시 - 남자 - 사망자수,Statistics,300.0,272.0,306.0,303.0,311.0,344.0,314.0,327.0,339.0,316.0,338.0,333.0,368.0,373.0,355.0,395.0,356.0,375.0,407.0,430.0,450.0,497.0,576.0,617.0,681.0,749.0,743.0
하남시 - 여자 - 사망자수,Statistics,236.0,252.0,294.0,288.0,242.0,254.0,260.0,278.0,249.0,272.0,254.0,256.0,286.0,311.0,347.0,330.0,303.0,310.0,357.0,394.0,420.0,481.0,462.0,510.0,587.0,673.0,646.0
하동군 - 계 - 사망자수,Statistics,684.0,673.0,701.0,645.0,653.0,616.0,636.0,620.0,629.0,548.0,618.0,617.0,589.0,575.0,591.0,630.0,569.0,603.0,647.0,644.0,652.0,623.0,600.0,624.0,652.0,718.0,682.0
하동군 - 남자 - 사망자수,Statistics,394.0,389.0,399.0,358.0,360.0,319.0,353.0,326.0,347.0,295.0,338.0,358.0,310.0,329.0,324.0,327.0,300.0,311.0,352.0,327.0,319.0,295.0,307.0,325.0,313.0,320.0,328.0
하동군 - 여자 - 사망자수,Statistics,290.0,284.0,302.0,287.0,293.0,297.0,283.0,294.0,282.0,253.0,280.0,259.0,279.0,246.0,267.0,303.0,269.0,292.0,295.0,317.0,333.0,328.0,293.0,299.0,339.0,398.0,354.0
함안군 - 계 - 사망자수,Statistics,679.0,694.0,701.0,729.0,660.0,674.0,605.0,614.0,602.0,568.0,600.0,626.0,625.0,601.0,653.0,618.0,604.0,599.0,622.0,648.0,624.0,664.0,636.0,647.0,686.0,788.0,788.0
함안군 - 남자 - 사망자수,Statistics,386.0,391.0,420.0,377.0,376.0,357.0,342.0,297.0,328.0,326.0,313.0,324.0,332.0,305.0,357.0,313.0,322.0,305.0,333.0,316.0,325.0,325.0,328.0,323.0,348.0,378.0,373.0
함안군 - 여자 - 사망자수,Statistics,293.0,303.0,281.0,352.0,284.0,317.0,263.0,317.0,274.0,242.0,287.0,302.0,293.0,296.0,296.0,305.0,282.0,294.0,289.0,332.0,299.0,339.0,308.0,324.0,338.0,410.0,415.0
함양군 - 계 - 사망자수,Statistics,572.0,622.0,610.0,580.0,572.0,543.0,509.0,501.0,484.0,499.0,482.0,476.0,469.0,469.0,462.0,524.0,523.0,487.0,494.0,477.0,559.0,555.0,521.0,558.0,592.0,668.0,615.0
함양군 - 남자 - 사망자수,Statistics,316.0,350.0,363.0,343.0,306.0,299.0,297.0,302.0,276.0,278.0,282.0,268.0,267.0,254.0,254.0,301.0,266.0,278.0,260.0,248.0,299.0,275.0,260.0,275.0,287.0,309.0,281.0
함양군 - 여자 - 사망자수,Statistics,256.0,272.0,247.0,237.0,266.0,244.0,212.0,199.0,208.0,221.0,200.0,208.0,202.0,215.0,208.0,223.0,257.0,209.0,234.0,229.0,260.0,280.0,261.0,283.0,305.0,359.0,334.0
함평군 - 계 - 사망자수,Statistics,560.0,560.0,583.0,580.0,584.0,542.0,494.0,510.0,487.0,495.0,467.0,460.0,442.0,434.0,496.0,507.0,468.0,421.0,469.0,483.0,442.0,492.0,431.0,494.0,442.0,546.0,470.0
함평군 - 남자 - 사망자수,Statistics,315.0,317.0,328.0,352.0,334.0,306.0,287.0,266.0,249.0,262.0,244.0,250.0,239.0,260.0,283.0,275.0,244.0,238.0,269.0,255.0,236.0,260.0,210.0,243.0,206.0,276.0,209.0
함평군 - 여자 - 사망자수,Statistics,245.0,243.0,255.0,228.0,250.0,236.0,207.0,244.0,238.0,233.0,223.0,210.0,203.0,174.0,213.0,232.0,224.0,183.0,200.0,228.0,206.0,232.0,221.0,251.0,236.0,270.0,261.0
합천군 - 계 - 사망자수,Statistics,879.0,850.0,871.0,915.0,875.0,825.0,796.0,753.0,755.0,761.0,735.0,709.0,685.0,691.0,709.0,743.0,748.0,710.0,726.0,725.0,700.0,778.0,728.0,735.0,759.0,899.0,857.0
합천군 - 남자 - 사망자수,Statistics,508.0,490.0,508.0,514.0,485.0,475.0,435.0,398.0,412.0,413.0,393.0,372.0,377.0,360.0,364.0,404.0,408.0,370.0,373.0,370.0,346.0,388.0,390.0,342.0,372.0,418.0,407.0
합천군 - 여자 - 사망자수,Statistics,371.0,360.0,363.0,401.0,390.0,350.0,361.0,355.0,343.0,348.0,342.0,337.0,308.0,331.0,345.0,339.0,340.0,340.0,353.0,355.0,354.0,390.0,338.0,393.0,387.0,481.0,450.0
합포구 - 계 - 사망자수,Statistics,1319.0,1208.0,1265.0,1257.0,,,,,,,,,,,,,,,,,,,,,,,
합포구 - 남자 - 사망자수,Statistics,723.0,669.0,682.0,724.0,,,,,,,,,,,,,,,,,,,,,,,
합포구 - 여자 - 사망자수,Statistics,596.0,539.0,583.0,533.0,,,,,,,,,,,,,,,,,,,,,,,
해남군 - 계 - 사망자수,Statistics,1106.0,1134.0,1156.0,1014.0,1025.0,1039.0,1064.0,1029.0,916.0,923.0,905.0,909.0,970.0,962.0,924.0,959.0,891.0,916.0,895.0,884.0,893.0,936.0,967.0,973.0,952.0,1127.0,1057.0
해남군 - 남자 - 사망자수,Statistics,648.0,627.0,629.0,576.0,584.0,571.0,572.0,552.0,488.0,506.0,489.0,511.0,540.0,542.0,469.0,522.0,463.0,514.0,469.0,441.0,445.0,463.0,529.0,536.0,482.0,546.0,503.0
해남군 - 여자 - 사망자수,Statistics,458.0,507.0,527.0,438.0,441.0,468.0,492.0,477.0,428.0,417.0,416.0,398.0,430.0,420.0,455.0,437.0,428.0,402.0,426.0,443.0,448.0,473.0,438.0,437.0,470.0,581.0,554.0
해운대구 - 계 - 사망자수,Statistics,1619.0,1601.0,1763.0,1696.0,1771.0,1812.0,1809.0,1840.0,1883.0,1912.0,1990.0,1960.0,1928.0,1970.0,1987.0,2154.0,2006.0,1967.0,2211.0,2201.0,2152.0,2381.0,2335.0,2287.0,2405.0,2873.0,2752.0
해운대구 - 남자 - 사망자수,Statistics,891.0,886.0,971.0,910.0,1009.0,990.0,1006.0,1017.0,1014.0,1046.0,1101.0,1083.0,1052.0,1059.0,1109.0,1160.0,1079.0,1048.0,1186.0,1190.0,1142.0,1270.0,1238.0,1267.0,1296.0,1500.0,1470.0
해운대구 - 여자 - 사망자수,Statistics,728.0,715.0,792.0,786.0,762.0,822.0,803.0,823.0,869.0,866.0,889.0,877.0,876.0,911.0,878.0,994.0,927.0,919.0,1025.0,1011.0,1010.0,1111.0,1097.0,1020.0,1109.0,1373.0,1282.0
홍성군 - 계 - 사망자수,Statistics,899.0,938.0,842.0,881.0,841.0,835.0,842.0,865.0,791.0,735.0,803.0,782.0,752.0,822.0,814.0,876.0,796.0,816.0,915.0,897.0,922.0,919.0,975.0,907.0,892.0,1174.0,1052.0
홍성군 - 남자 - 사망자수,Statistics,523.0,545.0,477.0,505.0,474.0,460.0,452.0,497.0,400.0,400.0,433.0,451.0,416.0,451.0,463.0,490.0,453.0,437.0,490.0,496.0,527.0,515.0,531.0,486.0,478.0,610.0,551.0
홍성군 - 여자 - 사망자수,Statistics,376.0,393.0,365.0,376.0,367.0,375.0,390.0,368.0,391.0,335.0,370.0,331.0,336.0,371.0,351.0,386.0,343.0,379.0,425.0,401.0,395.0,404.0,444.0,421.0,414.0,564.0,501.0
홍천군 - 계 - 사망자수,Statistics,647.0,671.0,675.0,612.0,614.0,589.0,670.0,649.0,565.0,593.0,617.0,589.0,580.0,634.0,591.0,668.0,644.0,644.0,641.0,698.0,668.0,691.0,704.0,749.0,745.0,830.0,812.0
홍천군 - 남자 - 사망자수,Statistics,357.0,403.0,404.0,360.0,363.0,348.0,382.0,375.0,318.0,320.0,330.0,334.0,342.0,375.0,329.0,360.0,358.0,367.0,349.0,427.0,367.0,382.0,391.0,418.0,419.0,441.0,465.0
홍천군 - 여자 - 사망자수,Statistics,290.0,268.0,271.0,252.0,251.0,241.0,288.0,274.0,247.0,273.0,287.0,255.0,238.0,259.0,262.0,308.0,286.0,277.0,292.0,271.0,301.0,309.0,313.0,331.0,326.0,389.0,347.0
화성군 - 계 - 사망자수,Statistics,1323.0,1356.0,1323.0,1311.0,,,,,,,,,,,,,,,,,,,,,,,
화성군 - 남자 - 사망자수,Statistics,778.0,790.0,749.0,737.0,,,,,,,,,,,,,,,,,,,,,,,
화성군 - 여자 - 사망자수,Statistics,545.0,566.0,574.0,574.0,,,,,,,,,,,,,,,,,,,,,,,
화성시 - 계 - 사망자수,Statistics,,,,,1361.0,1384.0,1364.0,1398.0,1459.0,1405.0,1483.0,1606.0,1736.0,1810.0,1837.0,2001.0,1867.0,1914.0,1980.0,2197.0,2182.0,2515.0,2566.0,2800.0,2945.0,3618.0,3576.0
화성시 - 남자 - 사망자수,Statistics,,,,,765.0,742.0,766.0,770.0,837.0,793.0,837.0,910.0,974.0,1042.0,1040.0,1123.0,1055.0,1067.0,1103.0,1159.0,1203.0,1410.0,1384.0,1506.0,1630.0,1869.0,1958.0
화성시 - 여자 - 사망자수,Statistics,,,,,596.0,642.0,598.0,628.0,622.0,612.0,646.0,696.0,762.0,768.0,797.0,878.0,812.0,847.0,877.0,1038.0,979.0,1105.0,1182.0,1294.0,1315.0,1749.0,1618.0
화순군 - 계 - 사망자수,Statistics,846.0,856.0,787.0,709.0,654.0,662.0,758.0,701.0,660.0,610.0,583.0,649.0,631.0,702.0,629.0,623.0,612.0,591.0,577.0,636.0,637.0,621.0,595.0,652.0,634.0,827.0,714.0
화순군 - 남자 - 사망자수,Statistics,486.0,487.0,447.0,399.0,383.0,365.0,427.0,392.0,362.0,328.0,330.0,352.0,357.0,383.0,349.0,329.0,345.0,314.0,308.0,337.0,342.0,324.0,307.0,345.0,362.0,405.0,341.0
화순군 - 여자 - 사망자수,Statistics,360.0,369.0,340.0,310.0,271.0,297.0,331.0,309.0,298.0,282.0,253.0,297.0,274.0,319.0,280.0,294.0,267.0,277.0,269.0,299.0,295.0,297.0,288.0,307.0,272.0,422.0,373.0
화천군 - 계 - 사망자수,Statistics,227.0,222.0,205.0,228.0,200.0,169.0,205.0,213.0,202.0,176.0,160.0,211.0,182.0,197.0,173.0,217.0,173.0,176.0,189.0,201.0,200.0,204.0,202.0,205.0,245.0,258.0,232.0
화천군 - 남자 - 사망자수,Statistics,148.0,139.0,130.0,142.0,115.0,84.0,122.0,136.0,129.0,95.0,90.0,128.0,123.0,117.0,95.0,126.0,102.0,109.0,113.0,123.0,118.0,111.0,115.0,111.0,133.0,142.0,122.0
화천군 - 여자 - 사망자수,Statistics,79.0,83.0,75.0,86.0,85.0,85.0,83.0,77.0,73.0,81.0,70.0,83.0,59.0,80.0,78.0,91.0,71.0,67.0,76.0,78.0,82.0,93.0,87.0,94.0,112.0,116.0,110.0
회원구 - 계 - 사망자수,Statistics,829.0,939.0,878.0,894.0,,,,,,,,,,,,,,,,,,,,,,,
회원구 - 남자 - 사망자수,Statistics,485.0,521.0,489.0,508.0,,,,,,,,,,,,,,,,,,,,,,,
회원구 - 여자 - 사망자수,Statistics,344.0,418.0,389.0,386.0,,,,,,,,,,,,,,,,,,,,,,,
횡성군 - 계 - 사망자수,Statistics,489.0,423.0,492.0,444.0,445.0,406.0,406.0,414.0,391.0,451.0,425.0,415.0,414.0,410.0,439.0,431.0,450.0,480.0,434.0,453.0,479.0,509.0,533.0,516.0,551.0,640.0,571.0
횡성군 - 남자 - 사망자수,Statistics,278.0,250.0,283.0,269.0,246.0,230.0,227.0,224.0,215.0,267.0,244.0,245.0,237.0,236.0,244.0,248.0,261.0,272.0,229.0,244.0,258.0,265.0,295.0,275.0,307.0,321.0,288.0
횡성군 - 여자 - 사망자수,Statistics,211.0,173.0,209.0,175.0,199.0,176.0,179.0,190.0,176.0,184.0,181.0,170.0,177.0,174.0,195.0,183.0,189.0,208.0,205.0,209.0,221.0,244.0,238.0,241.0,244.0,319.0,283.0
흥덕구 - 계 - 사망자수,Statistics,1227.0,1211.0,1174.0,1344.0,1297.0,1374.0,1364.0,1354.0,1434.0,1339.0,1424.0,1526.0,1539.0,1522.0,1581.0,1587.0,1612.0,995.0,1082.0,1098.0,1066.0,1173.0,1149.0,1144.0,1143.0,1437.0,1324.0
흥덕구 - 남자 - 사망자수,Statistics,691.0,675.0,635.0,743.0,671.0,747.0,739.0,741.0,753.0,696.0,760.0,862.0,831.0,793.0,867.0,872.0,841.0,540.0,603.0,600.0,543.0,637.0,644.0,612.0,617.0,747.0,699.0
흥덕구 - 여자 - 사망자수,Statistics,536.0,536.0,539.0,601.0,626.0,627.0,625.0,613.0,681.0,643.0,664.0,664.0,708.0,729.0,714.0,715.0,771.0,455.0,479.0,498.0,523.0,536.0,505.0,532.0,526.0,690.0,625.0
