item,category,2011,2012,2013,2014,2015,2016,2017,2018,2019,2020,2021,2022,2023,2024
가평군 - 계,Statistics,4449.0,4497.0,4492.0,4450.0,4199.0,3659.0,3605.0,3362.0,3192.0,3751.0,3537.0,3363.0,3235.0,3009.0
가평군 - 과수,Statistics,431.0,527.0,525.0,484.0,491.0,309.0,335.0,369.0,395.0,443.0,466.0,402.0,381.0,384.0
가평군 - 기타작물,Statistics,685.0,567.0,469.0,296.0,1325.0,718.0,744.0,1054.0,979.0,914.0,1312.0,812.0,528.0,576.0
가평군 - 논벼,Statistics,1468.0,1368.0,1222.0,1163.0,933.0,802.0,802.0,662.0,606.0,734.0,682.0,731.0,706.0,699.0
가평군 - 식량작물,Statistics,511.0,627.0,896.0,706.0,564.0,243.0,254.0,305.0,449.0,796.0,138.0,25.0,295.0,159.0
가평군 - 채소·산나물,Statistics,1002.0,997.0,1016.0,1475.0,573.0,1497.0,1381.0,860.0,619.0,671.0,713.0,1213.0,1090.0,1007.0
가평군 - 축산,Statistics,352.0,411.0,364.0,326.0,313.0,90.0,90.0,113.0,144.0,193.0,226.0,180.0,236.0,184.0
강릉시 - 계,Statistics,7028.0,7379.0,7354.0,7147.0,7460.0,7106.0,6217.0,6012.0,5704.0,7046.0,7208.0,6874.0,6644.0,6712.0
강릉시 - 과수,Statistics,208.0,314.0,235.0,217.0,421.0,195.0,242.0,325.0,248.0,469.0,898.0,792.0,817.0,790.0
강릉시 - 기타작물,Statistics,319.0,225.0,199.0,255.0,785.0,1120.0,849.0,739.0,959.0,799.0,1014.0,862.0,1192.0,1291.0
강릉시 - 논벼,Statistics,2863.0,2932.0,2665.0,2530.0,2273.0,2408.0,2069.0,2037.0,1861.0,1847.0,1614.0,1624.0,1429.0,1293.0
강릉시 - 식량작물,Statistics,1549.0,1702.0,2052.0,2248.0,2535.0,1530.0,1593.0,752.0,1057.0,2529.0,1456.0,1463.0,924.0,1291.0
강릉시 - 채소·산나물,Statistics,1757.0,1959.0,1859.0,1594.0,1230.0,1602.0,1345.0,1996.0,1431.0,1219.0,2026.0,1879.0,2079.0,1884.0
강릉시 - 축산,Statistics,332.0,247.0,344.0,303.0,216.0,250.0,120.0,164.0,149.0,183.0,200.0,254.0,203.0,163.0
강원특별자치도 - 계,Statistics,71687.0,71603.0,71203.0,69887.0,73082.0,72624.0,68750.0,67809.0,66659.0,67436.0,68300.0,66752.0,65517.0,64974.0
강원특별자치도 - 과수,Statistics,2525.0,2586.0,2546.0,2997.0,3259.0,3341.0,3292.0,3357.0,3598.0,3929.0,4363.0,4206.0,4084.0,4283.0
강원특별자치도 - 기타작물,Statistics,5796.0,5246.0,5073.0,5781.0,7844.0,10050.0,7676.0,7612.0,7702.0,8512.0,10318.0,11866.0,12057.0,11836.0
강원특별자치도 - 논벼,Statistics,22862.0,21152.0,21016.0,19866.0,18638.0,17854.0,15830.0,16149.0,15693.0,15074.0,14643.0,14279.0,13702.0,13346.0
강원특별자치도 - 식량작물,Statistics,16362.0,16739.0,17637.0,17644.0,22594.0,14744.0,15107.0,13418.0,15328.0,22595.0,14192.0,14790.0,12414.0,12651.0
강원특별자치도 - 채소·산나물,Statistics,19501.0,21744.0,20757.0,19818.0,16765.0,22789.0,22816.0,23078.0,20454.0,14150.0,21715.0,18506.0,20345.0,19979.0
강원특별자치도 - 축산,Statistics,4641.0,4136.0,4174.0,3781.0,3982.0,3846.0,4030.0,4194.0,3882.0,3176.0,3069.0,3106.0,2915.0,2879.0
강진군 - 계,Statistics,6209.0,5901.0,5567.0,5392.0,5408.0,5614.0,5828.0,6332.0,6414.0,5305.0,5411.0,5366.0,5130.0,5000.0
강진군 - 과수,Statistics,45.0,280.0,283.0,223.0,171.0,210.0,140.0,220.0,224.0,148.0,208.0,290.0,301.0,270.0
강진군 - 기타작물,Statistics,74.0,223.0,197.0,194.0,126.0,193.0,692.0,504.0,191.0,325.0,118.0,124.0,204.0,158.0
강진군 - 논벼,Statistics,5075.0,4722.0,4552.0,4266.0,4003.0,3944.0,4221.0,4270.0,4138.0,3886.0,3983.0,3902.0,3824.0,3360.0
강진군 - 식량작물,Statistics,302.0,83.0,139.0,100.0,404.0,100.0,215.0,70.0,475.0,362.0,139.0,123.0,194.0,333.0
강진군 - 채소·산나물,Statistics,258.0,397.0,286.0,547.0,393.0,999.0,322.0,991.0,975.0,321.0,605.0,566.0,261.0,373.0
강진군 - 축산,Statistics,455.0,196.0,111.0,62.0,311.0,168.0,238.0,278.0,411.0,263.0,357.0,361.0,345.0,506.0
강화군 - 계,Statistics,7963.0,7975.0,8156.0,8161.0,7539.0,6934.0,6759.0,6542.0,6573.0,6415.0,6616.0,6153.0,5822.0,6073.0
강화군 - 과수,Statistics,329.0,377.0,384.0,384.0,241.0,579.0,579.0,498.0,481.0,185.0,163.0,223.0,83.0,108.0
강화군 - 기타작물,Statistics,205.0,204.0,127.0,205.0,176.0,153.0,153.0,182.0,89.0,326.0,29.0,29.0,29.0,57.0
강화군 - 논벼,Statistics,5683.0,5397.0,5205.0,5136.0,4882.0,4589.0,4323.0,4281.0,4223.0,4108.0,4529.0,4220.0,4189.0,4173.0
강화군 - 식량작물,Statistics,397.0,541.0,1003.0,1111.0,1296.0,723.0,796.0,759.0,1095.0,1097.0,616.0,583.0,381.0,725.0
강화군 - 채소·산나물,Statistics,1109.0,1192.0,1181.0,1043.0,636.0,840.0,841.0,754.0,618.0,512.0,1050.0,817.0,911.0,881.0
강화군 - 축산,Statistics,239.0,263.0,256.0,283.0,308.0,51.0,69.0,69.0,69.0,187.0,230.0,281.0,230.0,128.0
거제시 - 계,Statistics,5549.0,5536.0,5686.0,5474.0,5630.0,5308.0,5250.0,5213.0,5203.0,5425.0,5510.0,5608.0,5595.0,5325.0
거제시 - 과수,Statistics,841.0,830.0,738.0,819.0,747.0,875.0,1021.0,1122.0,1165.0,1042.0,1371.0,1706.0,1269.0,1412.0
거제시 - 기타작물,Statistics,331.0,550.0,440.0,251.0,276.0,138.0,320.0,261.0,332.0,403.0,483.0,378.0,692.0,666.0
거제시 - 논벼,Statistics,2563.0,2353.0,2325.0,2130.0,1947.0,1983.0,1715.0,1708.0,1599.0,1402.0,1198.0,1111.0,1093.0,995.0
거제시 - 식량작물,Statistics,713.0,530.0,536.0,313.0,1387.0,277.0,284.0,431.0,492.0,1187.0,472.0,447.0,597.0,515.0
거제시 - 채소·산나물,Statistics,971.0,1145.0,1539.0,1860.0,1175.0,1878.0,1737.0,1547.0,1413.0,1324.0,1959.0,1920.0,1878.0,1671.0
거제시 - 축산,Statistics,128.0,128.0,107.0,101.0,98.0,158.0,174.0,144.0,203.0,67.0,27.0,47.0,67.0,67.0
거창군 - 계,Statistics,9453.0,8774.0,8420.0,8100.0,8191.0,7315.0,7212.0,7166.0,7061.0,6503.0,5931.0,5785.0,5535.0,5445.0
거창군 - 과수,Statistics,3074.0,2805.0,2528.0,2558.0,2082.0,2086.0,1999.0,1818.0,1931.0,1649.0,1404.0,1366.0,1314.0,1297.0
거창군 - 기타작물,Statistics,212.0,86.0,224.0,207.0,610.0,409.0,445.0,382.0,444.0,623.0,636.0,839.0,517.0,547.0
거창군 - 논벼,Statistics,4396.0,3936.0,3327.0,3203.0,3375.0,3202.0,2957.0,2885.0,2488.0,2683.0,2139.0,2006.0,1957.0,1992.0
거창군 - 식량작물,Statistics,486.0,818.0,838.0,725.0,874.0,202.0,567.0,267.0,507.0,658.0,502.0,469.0,522.0,446.0
거창군 - 채소·산나물,Statistics,598.0,640.0,908.0,794.0,772.0,947.0,784.0,1358.0,1028.0,566.0,986.0,779.0,876.0,882.0
거창군 - 축산,Statistics,686.0,489.0,594.0,613.0,478.0,469.0,461.0,458.0,663.0,324.0,263.0,326.0,349.0,281.0
경기도 - 계,Statistics,137548.0,137049.0,133012.0,129904.0,126679.0,120317.0,117225.0,113288.0,109470.0,120979.0,114901.0,114222.0,109629.0,106373.0
경기도 - 과수,Statistics,10613.0,10889.0,10415.0,10540.0,8911.0,8775.0,9270.0,8931.0,8636.0,9746.0,9457.0,9402.0,8746.0,8445.0
경기도 - 기타작물,Statistics,10817.0,8549.0,7989.0,7713.0,10489.0,10536.0,9588.0,8671.0,8560.0,13440.0,12590.0,15379.0,15175.0,14786.0
경기도 - 논벼,Statistics,68179.0,66341.0,62489.0,60990.0,58975.0,54708.0,53637.0,50973.0,49358.0,51853.0,48990.0,49886.0,47534.0,45459.0
경기도 - 식량작물,Statistics,11422.0,10873.0,12842.0,12703.0,22679.0,8823.0,10860.0,13100.0,14081.0,23393.0,12854.0,13025.0,12833.0,12299.0
경기도 - 채소·산나물,Statistics,27624.0,31557.0,30868.0,30030.0,18542.0,31345.0,27264.0,25292.0,22726.0,16940.0,25360.0,20830.0,19673.0,20014.0
경기도 - 축산,Statistics,8893.0,8840.0,8409.0,7928.0,7083.0,6130.0,6606.0,6321.0,6108.0,5607.0,5650.0,5701.0,5670.0,5369.0
경산시 - 계,Statistics,8594.0,8233.0,8237.0,8192.0,7947.0,7620.0,7447.0,7169.0,7167.0,7511.0,7278.0,7037.0,6811.0,6827.0
경산시 - 과수,Statistics,5833.0,5749.0,5723.0,5821.0,5389.0,5410.0,5149.0,4886.0,4809.0,5022.0,5758.0,5591.0,5067.0,5158.0
경산시 - 기타작물,Statistics,721.0,434.0,419.0,489.0,553.0,681.0,614.0,556.0,641.0,714.0,191.0,290.0,267.0,418.0
경산시 - 논벼,Statistics,732.0,705.0,660.0,616.0,676.0,604.0,520.0,580.0,519.0,657.0,296.0,380.0,351.0,379.0
경산시 - 식량작물,Statistics,226.0,176.0,169.0,152.0,340.0,143.0,211.0,156.0,105.0,311.0,144.0,160.0,283.0,175.0
경산시 - 채소·산나물,Statistics,395.0,513.0,576.0,495.0,481.0,537.0,661.0,685.0,714.0,427.0,585.0,357.0,465.0,407.0
경산시 - 축산,Statistics,687.0,655.0,692.0,619.0,508.0,246.0,292.0,307.0,379.0,380.0,303.0,259.0,378.0,289.0
경상남도 - 계,Statistics,140341.0,137505.0,136708.0,135112.0,131455.0,127515.0,124865.0,122953.0,122083.0,120768.0,117660.0,119585.0,116270.0,113007.0
경상남도 - 과수,Statistics,23806.0,22653.0,22941.0,23361.0,21691.0,23362.0,21575.0,21314.0,22796.0,21378.0,23004.0,24213.0,22381.0,22415.0
경상남도 - 기타작물,Statistics,5328.0,5006.0,5245.0,5263.0,6893.0,6936.0,6205.0,5721.0,6235.0,10325.0,7794.0,8594.0,7906.0,8724.0
경상남도 - 논벼,Statistics,59647.0,58216.0,54295.0,52584.0,53178.0,46299.0,43923.0,42189.0,43662.0,46756.0,40835.0,40950.0,41186.0,37129.0
경상남도 - 식량작물,Statistics,6474.0,7031.0,7394.0,7180.0,11878.0,5522.0,6962.0,8234.0,6952.0,10775.0,7253.0,7045.0,6730.0,5481.0
경상남도 - 채소·산나물,Statistics,36143.0,37315.0,39277.0,40016.0,31825.0,39037.0,40041.0,39536.0,36015.0,26694.0,34249.0,33398.0,32841.0,34286.0
경상남도 - 축산,Statistics,8942.0,7284.0,7557.0,6708.0,5990.0,6360.0,6159.0,5960.0,6422.0,4840.0,4526.0,5387.0,5227.0,4971.0
경상북도 - 계,Statistics,197218.0,195779.0,195108.0,192583.0,184642.0,181067.0,179321.0,176385.0,174917.0,165754.0,169774.0,169525.0,166021.0,162801.0
경상북도 - 과수,Statistics,55919.0,56319.0,55991.0,56441.0,55779.0,55630.0,55321.0,53231.0,52821.0,50500.0,51202.0,51132.0,49741.0,49962.0
경상북도 - 기타작물,Statistics,8676.0,8108.0,8164.0,8870.0,10137.0,13387.0,13901.0,9246.0,9416.0,13865.0,9287.0,10065.0,11257.0,11578.0
경상북도 - 논벼,Statistics,68995.0,67306.0,66718.0,66189.0,63629.0,57014.0,55323.0,54430.0,55769.0,56492.0,48661.0,50665.0,50373.0,47938.0
경상북도 - 식량작물,Statistics,11901.0,12017.0,13230.0,13652.0,15990.0,9953.0,11242.0,12180.0,11867.0,13870.0,14512.0,13976.0,12264.0,11166.0
경상북도 - 채소·산나물,Statistics,39015.0,39550.0,38274.0,35376.0,29009.0,34180.0,32319.0,36185.0,34425.0,23131.0,36502.0,34196.0,34115.0,33170.0
경상북도 - 축산,Statistics,12712.0,12478.0,12731.0,12054.0,10098.0,10904.0,11215.0,11113.0,10619.0,7896.0,9609.0,9490.0,8269.0,8986.0
경주시 - 계,Statistics,16931.0,16416.0,16272.0,16325.0,15313.0,16201.0,16861.0,16418.0,16135.0,12553.0,13275.0,12592.0,12178.0,11777.0
경주시 - 과수,Statistics,1253.0,1327.0,1163.0,1132.0,1231.0,1042.0,1181.0,1284.0,1349.0,862.0,1196.0,1254.0,1377.0,1293.0
경주시 - 기타작물,Statistics,400.0,578.0,469.0,454.0,399.0,342.0,355.0,279.0,424.0,735.0,443.0,526.0,243.0,517.0
경주시 - 논벼,Statistics,10300.0,9751.0,9986.0,10519.0,9521.0,9346.0,9556.0,8739.0,9102.0,7984.0,7736.0,7008.0,7557.0,6960.0
경주시 - 식량작물,Statistics,491.0,702.0,732.0,689.0,1194.0,275.0,421.0,620.0,600.0,856.0,734.0,733.0,451.0,433.0
경주시 - 채소·산나물,Statistics,2274.0,1916.0,1742.0,1678.0,1272.0,2714.0,2915.0,3064.0,2797.0,996.0,2163.0,1947.0,1750.0,1408.0
경주시 - 축산,Statistics,2213.0,2141.0,2181.0,1853.0,1696.0,2484.0,2433.0,2433.0,1864.0,1120.0,1002.0,1124.0,800.0,1167.0
계룡시 - 계,Statistics,548.0,552.0,519.0,554.0,558.0,543.0,542.0,514.0,512.0,513.0,486.0,480.0,454.0,467.0
계룡시 - 과수,Statistics,56.0,61.0,61.0,63.0,49.0,76.0,49.0,49.0,56.0,65.0,22.0,40.0,58.0,27.0
계룡시 - 기타작물,Statistics,81.0,65.0,55.0,54.0,56.0,92.0,158.0,37.0,96.0,85.0,113.0,124.0,98.0,71.0
계룡시 - 논벼,Statistics,249.0,228.0,216.0,225.0,254.0,215.0,201.0,162.0,153.0,203.0,203.0,195.0,198.0,214.0
계룡시 - 식량작물,Statistics,55.0,78.0,64.0,67.0,78.0,12.0,36.0,59.0,27.0,108.0,37.0,42.0,59.0,38.0
계룡시 - 채소·산나물,Statistics,76.0,96.0,105.0,123.0,97.0,136.0,95.0,189.0,180.0,38.0,104.0,75.0,39.0,116.0
계룡시 - 축산,Statistics,32.0,25.0,17.0,21.0,24.0,12.0,4.0,19.0,0.0,14.0,6.0,4.0,2.0,2.0
고령군 - 계,Statistics,4641.0,4389.0,4332.0,4205.0,3749.0,3676.0,3700.0,3553.0,3529.0,3618.0,3944.0,3910.0,3930.0,3859.0
고령군 - 과수,Statistics,96.0,95.0,116.0,109.0,75.0,89.0,106.0,95.0,106.0,102.0,120.0,110.0,165.0,199.0
고령군 - 기타작물,Statistics,103.0,53.0,146.0,173.0,121.0,89.0,54.0,83.0,35.0,194.0,235.0,211.0,248.0,307.0
고령군 - 논벼,Statistics,2175.0,1883.0,1848.0,1749.0,1906.0,1681.0,1626.0,1389.0,1797.0,1651.0,1695.0,1782.0,1766.0,1652.0
고령군 - 식량작물,Statistics,108.0,222.0,310.0,260.0,250.0,288.0,139.0,340.0,291.0,232.0,88.0,77.0,94.0,80.0
고령군 - 채소·산나물,Statistics,1601.0,1716.0,1623.0,1490.0,1111.0,1357.0,1604.0,1413.0,1153.0,1169.0,1623.0,1548.0,1475.0,1472.0
고령군 - 축산,Statistics,558.0,420.0,289.0,425.0,286.0,172.0,172.0,234.0,146.0,270.0,183.0,183.0,182.0,149.0
고성군 - 계,Statistics,2346.0,2349.0,2311.0,2244.0,2334.0,2332.0,2457.0,2471.0,2511.0,2125.0,2101.0,2098.0,2110.0,2104.0
고성군 - 과수,Statistics,45.0,38.0,57.0,42.0,56.0,153.0,159.0,147.0,174.0,66.0,67.0,67.0,64.0,73.0
고성군 - 기타작물,Statistics,271.0,191.0,235.0,269.0,325.0,162.0,341.0,334.0,506.0,208.0,146.0,260.0,209.0,221.0
고성군 - 논벼,Statistics,1309.0,1237.0,1213.0,1159.0,1291.0,1213.0,1212.0,1181.0,1105.0,1139.0,1251.0,1254.0,1273.0,1242.0
고성군 - 식량작물,Statistics,107.0,209.0,191.0,230.0,332.0,151.0,216.0,225.0,340.0,417.0,60.0,89.0,92.0,83.0
고성군 - 채소·산나물,Statistics,515.0,588.0,545.0,477.0,228.0,606.0,489.0,544.0,345.0,200.0,530.0,375.0,425.0,428.0
고성군 - 축산,Statistics,99.0,87.0,70.0,68.0,102.0,47.0,41.0,41.0,41.0,95.0,47.0,54.0,47.0,57.0
고양시 - 계,Statistics,6357.0,6723.0,6478.0,5853.0,6265.0,5692.0,5528.0,5166.0,5179.0,5950.0,5594.0,5610.0,5266.0,5194.0
고양시 - 과수,Statistics,300.0,407.0,359.0,359.0,380.0,463.0,281.0,400.0,376.0,474.0,454.0,574.0,452.0,511.0
고양시 - 기타작물,Statistics,1055.0,1087.0,1050.0,938.0,810.0,456.0,606.0,473.0,308.0,936.0,796.0,1186.0,1144.0,1136.0
고양시 - 논벼,Statistics,1875.0,1720.0,1369.0,1230.0,1812.0,1590.0,1624.0,1474.0,1271.0,1502.0,1210.0,1406.0,1122.0,1059.0
고양시 - 식량작물,Statistics,700.0,487.0,584.0,629.0,1319.0,333.0,679.0,857.0,1078.0,1204.0,850.0,721.0,908.0,1018.0
고양시 - 채소·산나물,Statistics,2361.0,2950.0,3050.0,2630.0,1777.0,2834.0,2284.0,1925.0,2146.0,1691.0,2144.0,1567.0,1483.0,1339.0
고양시 - 축산,Statistics,66.0,73.0,66.0,66.0,167.0,17.0,54.0,37.0,0.0,143.0,141.0,157.0,157.0,131.0
고창군 - 계,Statistics,9704.0,9692.0,9688.0,9629.0,8832.0,9039.0,8971.0,8841.0,8765.0,7975.0,7970.0,7947.0,7849.0,7755.0
고창군 - 과수,Statistics,907.0,988.0,816.0,955.0,840.0,812.0,929.0,928.0,612.0,325.0,471.0,640.0,544.0,704.0
고창군 - 기타작물,Statistics,860.0,910.0,879.0,1077.0,616.0,673.0,571.0,649.0,546.0,1075.0,874.0,858.0,707.0,761.0
고창군 - 논벼,Statistics,5099.0,4877.0,5137.0,4998.0,4808.0,4942.0,4587.0,4323.0,4713.0,4392.0,4353.0,4287.0,4044.0,3791.0
고창군 - 식량작물,Statistics,209.0,308.0,453.0,443.0,541.0,337.0,397.0,427.0,505.0,694.0,476.0,650.0,657.0,548.0
고창군 - 채소·산나물,Statistics,2446.0,2323.0,2130.0,1832.0,1686.0,1999.0,2197.0,2214.0,1997.0,1260.0,1401.0,1167.0,1578.0,1506.0
고창군 - 축산,Statistics,184.0,285.0,274.0,323.0,341.0,275.0,290.0,300.0,391.0,229.0,395.0,345.0,320.0,445.0
고흥군 - 계,Statistics,13465.0,13045.0,12909.0,12521.0,13033.0,13721.0,12210.0,12096.0,11631.0,10062.0,9230.0,9039.0,10134.0,9680.0
고흥군 - 과수,Statistics,1354.0,1364.0,1327.0,1188.0,1238.0,2408.0,2335.0,2851.0,2142.0,1163.0,1489.0,1516.0,1736.0,1907.0
고흥군 - 기타작물,Statistics,316.0,94.0,15.0,65.0,367.0,154.0,276.0,242.0,226.0,770.0,122.0,92.0,152.0,144.0
고흥군 - 논벼,Statistics,4809.0,4588.0,4873.0,6168.0,5126.0,4441.0,3726.0,4116.0,4271.0,3946.0,4572.0,4325.0,4356.0,4498.0
고흥군 - 식량작물,Statistics,616.0,356.0,349.0,1068.0,1264.0,620.0,342.0,436.0,1653.0,708.0,353.0,277.0,192.0,1186.0
고흥군 - 채소·산나물,Statistics,5637.0,6142.0,5993.0,3501.0,4639.0,5482.0,4803.0,3901.0,2771.0,3125.0,2353.0,2691.0,3489.0,1697.0
고흥군 - 축산,Statistics,732.0,501.0,351.0,530.0,399.0,616.0,728.0,550.0,569.0,350.0,340.0,136.0,209.0,247.0
곡성군 - 계,Statistics,5556.0,5440.0,5454.0,5424.0,5357.0,5269.0,5211.0,5047.0,5001.0,4674.0,4462.0,4598.0,4652.0,4544.0
곡성군 - 과수,Statistics,414.0,406.0,489.0,595.0,661.0,930.0,1128.0,1096.0,1112.0,434.0,697.0,895.0,904.0,942.0
곡성군 - 기타작물,Statistics,245.0,215.0,201.0,144.0,207.0,352.0,57.0,216.0,208.0,327.0,145.0,403.0,224.0,238.0
곡성군 - 논벼,Statistics,3722.0,3664.0,3615.0,3678.0,3113.0,2562.0,2449.0,2259.0,2496.0,2892.0,2208.0,2386.0,2352.0,2418.0
곡성군 - 식량작물,Statistics,250.0,191.0,229.0,192.0,502.0,208.0,366.0,232.0,245.0,452.0,398.0,114.0,505.0,214.0
곡성군 - 채소·산나물,Statistics,621.0,643.0,523.0,542.0,626.0,1041.0,918.0,967.0,686.0,361.0,800.0,577.0,393.0,495.0
곡성군 - 축산,Statistics,304.0,320.0,396.0,273.0,248.0,177.0,294.0,278.0,255.0,208.0,213.0,223.0,274.0,236.0
공주시 - 계,Statistics,11943.0,11740.0,11611.0,11394.0,10151.0,9770.0,9740.0,9554.0,9441.0,9281.0,10267.0,10101.0,9899.0,9683.0
공주시 - 과수,Statistics,1030.0,1099.0,1386.0,826.0,768.0,844.0,1117.0,940.0,676.0,1115.0,932.0,669.0,937.0,546.0
공주시 - 기타작물,Statistics,524.0,335.0,305.0,471.0,533.0,654.0,491.0,584.0,484.0,739.0,669.0,976.0,695.0,967.0
공주시 - 논벼,Statistics,6326.0,6090.0,4865.0,6583.0,5717.0,5297.0,4660.0,4491.0,4712.0,4810.0,5489.0,5460.0,5393.0,5438.0
공주시 - 식량작물,Statistics,691.0,927.0,1237.0,1224.0,1142.0,355.0,494.0,829.0,846.0,987.0,605.0,1138.0,893.0,800.0
공주시 - 채소·산나물,Statistics,1834.0,1773.0,2284.0,1458.0,1072.0,1186.0,1413.0,1375.0,881.0,767.0,1395.0,910.0,741.0,838.0
공주시 - 축산,Statistics,1539.0,1516.0,1534.0,832.0,919.0,1435.0,1565.0,1335.0,1843.0,863.0,1177.0,949.0,1239.0,1095.0
과천시 - 계,Statistics,504.0,510.0,534.0,527.0,506.0,369.0,378.0,352.0,333.0,357.0,246.0,246.0,246.0,215.0
과천시 - 과수,Statistics,39.0,44.0,66.0,57.0,60.0,52.0,51.0,74.0,73.0,45.0,30.0,60.0,45.0,50.0
과천시 - 기타작물,Statistics,322.0,321.0,326.0,317.0,198.0,100.0,101.0,75.0,68.0,106.0,69.0,56.0,59.0,45.0
과천시 - 논벼,Statistics,24.0,30.0,32.0,26.0,52.0,75.0,67.0,57.0,69.0,42.0,26.0,26.0,18.0,23.0
과천시 - 식량작물,Statistics,9.0,13.0,13.0,22.0,88.0,16.0,45.0,104.0,56.0,95.0,26.0,60.0,64.0,46.0
과천시 - 채소·산나물,Statistics,90.0,86.0,83.0,91.0,87.0,121.0,109.0,39.0,63.0,66.0,95.0,43.0,59.0,52.0
과천시 - 축산,Statistics,20.0,15.0,13.0,13.0,21.0,5.0,5.0,3.0,5.0,3.0,0.0,0.0,0.0,0.0
광명시 - 계,Statistics,654.0,653.0,607.0,593.0,731.0,655.0,627.0,591.0,578.0,842.0,778.0,683.0,648.0,625.0
광명시 - 과수,Statistics,76.0,73.0,75.0,66.0,77.0,43.0,40.0,43.0,59.0,98.0,76.0,43.0,57.0,78.0
광명시 - 기타작물,Statistics,31.0,20.0,17.0,27.0,71.0,91.0,90.0,73.0,48.0,120.0,11.0,20.0,93.0,73.0
광명시 - 논벼,Statistics,215.0,231.0,187.0,193.0,166.0,143.0,109.0,109.0,99.0,182.0,127.0,166.0,138.0,133.0
광명시 - 식량작물,Statistics,30.0,22.0,22.0,17.0,120.0,30.0,60.0,82.0,103.0,232.0,151.0,216.0,102.0,73.0
광명시 - 채소·산나물,Statistics,276.0,284.0,282.0,274.0,267.0,344.0,325.0,281.0,263.0,188.0,413.0,229.0,248.0,261.0
광명시 - 축산,Statistics,26.0,24.0,24.0,15.0,30.0,4.0,4.0,4.0,7.0,22.0,0.0,10.0,10.0,7.0
광산구 - 계,Statistics,5360.0,5146.0,5122.0,5162.0,4887.0,4507.0,3934.0,3871.0,3816.0,5183.0,4590.0,4600.0,4604.0,4240.0
광산구 - 과수,Statistics,748.0,567.0,471.0,545.0,500.0,638.0,318.0,356.0,513.0,634.0,690.0,679.0,740.0,685.0
광산구 - 기타작물,Statistics,571.0,250.0,124.0,193.0,365.0,313.0,349.0,358.0,436.0,582.0,346.0,316.0,343.0,323.0
광산구 - 논벼,Statistics,3006.0,2965.0,2910.0,2918.0,2657.0,2681.0,2341.0,2053.0,1858.0,2651.0,1953.0,2027.0,2402.0,1907.0
광산구 - 식량작물,Statistics,106.0,372.0,138.0,128.0,417.0,124.0,247.0,168.0,213.0,439.0,655.0,508.0,440.0,322.0
광산구 - 채소·산나물,Statistics,861.0,844.0,1294.0,1196.0,841.0,722.0,568.0,828.0,692.0,802.0,853.0,928.0,546.0,886.0
광산구 - 축산,Statistics,69.0,148.0,186.0,184.0,107.0,28.0,110.0,108.0,103.0,75.0,92.0,142.0,134.0,118.0
광양시 - 계,Statistics,7105.0,6984.0,6826.0,6417.0,6486.0,7052.0,6919.0,6872.0,6877.0,6942.0,6855.0,6892.0,6604.0,6416.0
광양시 - 과수,Statistics,3515.0,3498.0,4004.0,3711.0,2942.0,3550.0,3132.0,3283.0,3254.0,2785.0,2555.0,2506.0,2645.0,2416.0
광양시 - 기타작물,Statistics,471.0,368.0,339.0,320.0,222.0,310.0,327.0,491.0,247.0,494.0,354.0,518.0,470.0,569.0
광양시 - 논벼,Statistics,2094.0,1865.0,1420.0,1359.0,2138.0,1914.0,2150.0,2031.0,2177.0,1950.0,2311.0,2297.0,2219.0,2088.0
광양시 - 식량작물,Statistics,127.0,206.0,288.0,210.0,273.0,158.0,221.0,252.0,254.0,471.0,279.0,202.0,172.0,353.0
광양시 - 채소·산나물,Statistics,780.0,973.0,695.0,739.0,809.0,902.0,855.0,627.0,775.0,1155.0,1284.0,1260.0,1026.0,955.0
광양시 - 축산,Statistics,117.0,75.0,79.0,77.0,102.0,218.0,234.0,188.0,170.0,87.0,72.0,108.0,72.0,36.0
광주광역시 - 계,Statistics,12481.0,11852.0,11816.0,11869.0,12036.0,12126.0,10940.0,10380.0,10238.0,16676.0,14708.0,14028.0,13632.0,12521.0
광주광역시 - 과수,Statistics,1990.0,1873.0,1828.0,1953.0,1562.0,2317.0,1891.0,1716.0,1924.0,2503.0,2212.0,1990.0,1893.0,1764.0
광주광역시 - 기타작물,Statistics,1174.0,663.0,453.0,601.0,788.0,558.0,609.0,659.0,631.0,1804.0,635.0,863.0,931.0,629.0
광주광역시 - 논벼,Statistics,6140.0,5984.0,5804.0,5888.0,6136.0,6101.0,5106.0,4905.0,4975.0,7959.0,7176.0,6764.0,6952.0,6104.0
광주광역시 - 식량작물,Statistics,536.0,695.0,609.0,488.0,1228.0,467.0,834.0,810.0,450.0,1718.0,1613.0,1386.0,1579.0,1081.0
광주광역시 - 채소·산나물,Statistics,2495.0,2398.0,2845.0,2664.0,2106.0,2546.0,2249.0,2163.0,2055.0,2478.0,2851.0,2826.0,1985.0,2717.0
광주광역시 - 축산,Statistics,146.0,239.0,278.0,275.0,216.0,137.0,251.0,126.0,203.0,214.0,221.0,199.0,291.0,225.0
광주시 - 계,Statistics,3957.0,3978.0,3790.0,3786.0,4379.0,4104.0,3850.0,3720.0,3520.0,3928.0,3283.0,3404.0,3928.0,4214.0
광주시 - 과수,Statistics,201.0,261.0,137.0,149.0,152.0,135.0,184.0,213.0,62.0,229.0,215.0,216.0,206.0,368.0
광주시 - 기타작물,Statistics,415.0,303.0,428.0,326.0,354.0,385.0,419.0,241.0,636.0,486.0,65.0,900.0,539.0,364.0
광주시 - 논벼,Statistics,1114.0,936.0,956.0,957.0,1102.0,789.0,1151.0,1090.0,958.0,845.0,773.0,719.0,1101.0,672.0
광주시 - 식량작물,Statistics,786.0,620.0,668.0,809.0,1590.0,917.0,576.0,532.0,747.0,1360.0,405.0,316.0,539.0,763.0
광주시 - 채소·산나물,Statistics,1310.0,1744.0,1487.0,1430.0,1027.0,1840.0,1505.0,1590.0,1057.0,914.0,1742.0,1035.0,1435.0,1886.0
광주시 - 축산,Statistics,132.0,115.0,115.0,115.0,154.0,39.0,15.0,54.0,59.0,94.0,83.0,217.0,107.0,161.0
광주시부 - 계,Statistics,7122.0,6706.0,6694.0,6707.0,7149.0,7620.0,7006.0,6509.0,6423.0,11493.0,10117.0,9428.0,9028.0,8281.0
광주시부 - 과수,Statistics,1242.0,1305.0,1357.0,1408.0,1062.0,1680.0,1573.0,1361.0,1411.0,1869.0,1522.0,1311.0,1154.0,1079.0
광주시부 - 기타작물,Statistics,603.0,413.0,329.0,409.0,423.0,246.0,259.0,301.0,195.0,1222.0,288.0,547.0,588.0,306.0
광주시부 - 논벼,Statistics,3134.0,3018.0,2894.0,2971.0,3479.0,3420.0,2765.0,2852.0,3117.0,5308.0,5223.0,4737.0,4551.0,4197.0
광주시부 - 식량작물,Statistics,431.0,324.0,470.0,360.0,811.0,343.0,587.0,642.0,237.0,1279.0,957.0,878.0,1139.0,760.0
광주시부 - 채소·산나물,Statistics,1634.0,1554.0,1552.0,1468.0,1265.0,1823.0,1681.0,1335.0,1363.0,1676.0,1997.0,1898.0,1439.0,1831.0
광주시부 - 축산,Statistics,78.0,92.0,92.0,92.0,109.0,109.0,140.0,18.0,100.0,139.0,129.0,58.0,158.0,107.0
괴산군 - 계,Statistics,6174.0,6271.0,6201.0,6120.0,5644.0,5330.0,5094.0,5048.0,5227.0,5187.0,5724.0,5696.0,5784.0,6086.0
괴산군 - 과수,Statistics,761.0,747.0,739.0,739.0,626.0,1181.0,1181.0,1049.0,1117.0,589.0,802.0,873.0,951.0,931.0
괴산군 - 기타작물,Statistics,847.0,847.0,684.0,701.0,614.0,399.0,335.0,230.0,428.0,720.0,340.0,916.0,703.0,862.0
괴산군 - 논벼,Statistics,1721.0,1748.0,1674.0,1597.0,1428.0,904.0,1021.0,1008.0,1309.0,1059.0,1540.0,1443.0,1359.0,1127.0
괴산군 - 식량작물,Statistics,1470.0,1048.0,1328.0,1465.0,1646.0,1272.0,1022.0,1027.0,986.0,1648.0,1000.0,1233.0,1310.0,1730.0
괴산군 - 채소·산나물,Statistics,1126.0,1577.0,1435.0,1314.0,998.0,1108.0,1034.0,1145.0,752.0,920.0,1890.0,1141.0,1226.0,1214.0
괴산군 - 축산,Statistics,249.0,304.0,341.0,304.0,332.0,467.0,502.0,589.0,636.0,251.0,152.0,89.0,235.0,221.0
구례군 - 계,Statistics,4084.0,3871.0,3831.0,3893.0,3971.0,4169.0,4079.0,4001.0,3940.0,3943.0,4074.0,4246.0,4248.0,4094.0
구례군 - 과수,Statistics,1110.0,1124.0,1244.0,1303.0,1133.0,1207.0,1169.0,1178.0,888.0,1018.0,1061.0,979.0,993.0,1018.0
구례군 - 기타작물,Statistics,453.0,291.0,149.0,113.0,465.0,344.0,344.0,386.0,337.0,448.0,358.0,360.0,499.0,436.0
구례군 - 논벼,Statistics,1949.0,1737.0,1759.0,1675.0,1476.0,1778.0,1561.0,1505.0,1703.0,1577.0,1804.0,2235.0,1880.0,1947.0
구례군 - 식량작물,Statistics,153.0,131.0,164.0,230.0,240.0,70.0,63.0,121.0,90.0,179.0,255.0,94.0,226.0,165.0
구례군 - 채소·산나물,Statistics,237.0,383.0,366.0,406.0,490.0,523.0,623.0,511.0,724.0,557.0,457.0,442.0,514.0,439.0
구례군 - 축산,Statistics,183.0,205.0,150.0,167.0,167.0,247.0,319.0,301.0,198.0,164.0,139.0,137.0,136.0,91.0
구리시 - 계,Statistics,586.0,504.0,536.0,519.0,494.0,562.0,528.0,508.0,484.0,656.0,538.0,470.0,437.0,421.0
구리시 - 과수,Statistics,137.0,142.0,115.0,145.0,126.0,110.0,120.0,135.0,125.0,146.0,121.0,89.0,73.0,104.0
구리시 - 기타작물,Statistics,102.0,56.0,58.0,60.0,94.0,29.0,14.0,21.0,15.0,136.0,42.0,108.0,70.0,67.0
구리시 - 논벼,Statistics,12.0,9.0,9.0,9.0,37.0,43.0,29.0,39.0,39.0,51.0,44.0,54.0,44.0,56.0
구리시 - 식량작물,Statistics,75.0,51.0,98.0,56.0,71.0,0.0,0.0,138.0,65.0,127.0,12.0,49.0,47.0,31.0
구리시 - 채소·산나물,Statistics,233.0,205.0,242.0,235.0,163.0,375.0,360.0,169.0,235.0,192.0,314.0,169.0,202.0,163.0
구리시 - 축산,Statistics,28.0,42.0,14.0,14.0,3.0,5.0,5.0,5.0,5.0,4.0,5.0,0.0,0.0,0.0
구미시 - 계,Statistics,8607.0,9163.0,9193.0,8999.0,9307.0,9277.0,9121.0,9075.0,9299.0,10490.0,10212.0,10136.0,9911.0,9751.0
구미시 - 과수,Statistics,992.0,1137.0,1174.0,1213.0,1057.0,1292.0,1432.0,1423.0,1582.0,1417.0,1268.0,1131.0,1349.0,1266.0
구미시 - 기타작물,Statistics,243.0,315.0,177.0,310.0,362.0,909.0,972.0,455.0,479.0,730.0,670.0,925.0,724.0,800.0
구미시 - 논벼,Statistics,5342.0,5727.0,5775.0,5540.0,5966.0,5190.0,5056.0,5212.0,5160.0,6286.0,6030.0,6240.0,5569.0,5545.0
구미시 - 식량작물,Statistics,458.0,368.0,284.0,261.0,686.0,416.0,312.0,537.0,488.0,878.0,632.0,367.0,446.0,394.0
구미시 - 채소·산나물,Statistics,998.0,1105.0,1277.0,1053.0,592.0,666.0,598.0,725.0,818.0,622.0,840.0,809.0,1183.0,1073.0
구미시 - 축산,Statistics,574.0,512.0,506.0,622.0,644.0,803.0,753.0,723.0,772.0,557.0,771.0,663.0,640.0,672.0
군산시 - 계,Statistics,6947.0,7271.0,7199.0,7039.0,7074.0,7314.0,6832.0,6754.0,6973.0,6659.0,6637.0,6558.0,6376.0,6098.0
군산시 - 과수,Statistics,226.0,304.0,233.0,233.0,91.0,151.0,181.0,106.0,185.0,105.0,61.0,22.0,61.0,61.0
군산시 - 기타작물,Statistics,47.0,42.0,35.0,93.0,133.0,168.0,181.0,160.0,148.0,220.0,40.0,111.0,73.0,20.0
군산시 - 논벼,Statistics,5693.0,5821.0,5751.0,5609.0,5533.0,5238.0,5161.0,5000.0,5160.0,5242.0,5395.0,5319.0,5409.0,5198.0
군산시 - 식량작물,Statistics,14.0,133.0,103.0,117.0,544.0,512.0,182.0,144.0,371.0,448.0,207.0,380.0,290.0,164.0
군산시 - 채소·산나물,Statistics,839.0,855.0,939.0,865.0,639.0,1020.0,1036.0,1288.0,983.0,545.0,799.0,664.0,483.0,541.0
군산시 - 축산,Statistics,129.0,115.0,137.0,124.0,134.0,226.0,91.0,56.0,126.0,99.0,135.0,61.0,61.0,115.0
군위군 - 계,Statistics,5166.0,5104.0,4969.0,4815.0,4341.0,4238.0,4185.0,4146.0,4096.0,3771.0,3858.0,3858.0,3785.0,3787.0
군위군 - 과수,Statistics,987.0,1025.0,1107.0,1131.0,1368.0,1181.0,1156.0,980.0,1014.0,1170.0,1099.0,1086.0,1075.0,1154.0
군위군 - 기타작물,Statistics,261.0,396.0,337.0,340.0,255.0,444.0,387.0,216.0,405.0,480.0,196.0,196.0,316.0,315.0
군위군 - 논벼,Statistics,2057.0,1850.0,1788.0,1798.0,1485.0,932.0,1127.0,1324.0,1194.0,1198.0,845.0,843.0,1024.0,1098.0
군위군 - 식량작물,Statistics,373.0,401.0,373.0,378.0,357.0,277.0,262.0,161.0,278.0,223.0,332.0,284.0,333.0,332.0
군위군 - 채소·산나물,Statistics,1215.0,1151.0,1113.0,984.0,630.0,1172.0,1067.0,1209.0,987.0,471.0,1192.0,1239.0,900.0,767.0
군위군 - 축산,Statistics,272.0,281.0,251.0,184.0,246.0,233.0,187.0,256.0,217.0,229.0,195.0,210.0,136.0,121.0
군포시 - 계,Statistics,445.0,427.0,388.0,363.0,493.0,437.0,411.0,363.0,345.0,915.0,733.0,645.0,596.0,601.0
군포시 - 과수,Statistics,43.0,43.0,50.0,43.0,56.0,47.0,70.0,78.0,44.0,137.0,170.0,127.0,143.0,182.0
군포시 - 기타작물,Statistics,78.0,32.0,35.0,35.0,43.0,17.0,14.0,6.0,3.0,62.0,134.0,35.0,59.0,15.0
군포시 - 논벼,Statistics,127.0,131.0,117.0,106.0,149.0,135.0,118.0,91.0,120.0,257.0,122.0,117.0,78.0,63.0
군포시 - 식량작물,Statistics,42.0,46.0,53.0,46.0,134.0,31.0,31.0,33.0,26.0,324.0,89.0,20.0,29.0,20.0
군포시 - 채소·산나물,Statistics,148.0,166.0,127.0,127.0,88.0,195.0,167.0,155.0,152.0,127.0,218.0,346.0,287.0,322.0
군포시 - 축산,Statistics,7.0,11.0,7.0,7.0,23.0,11.0,11.0,,0.0,8.0,0.0,0.0,0.0,0.0
금산군 - 계,Statistics,7300.0,7115.0,7559.0,7424.0,6783.0,6958.0,6379.0,6284.0,6309.0,6001.0,6393.0,6235.0,6352.0,6372.0
금산군 - 과수,Statistics,233.0,259.0,249.0,270.0,226.0,223.0,335.0,226.0,209.0,239.0,240.0,250.0,220.0,197.0
금산군 - 기타작물,Statistics,1865.0,1777.0,1480.0,1969.0,2007.0,2554.0,2084.0,1534.0,2441.0,2589.0,2901.0,2827.0,2843.0,2238.0
금산군 - 논벼,Statistics,3135.0,2497.0,2502.0,2495.0,2480.0,1739.0,1942.0,1660.0,2053.0,1590.0,1814.0,2033.0,1834.0,2364.0
금산군 - 식량작물,Statistics,264.0,223.0,356.0,434.0,709.0,307.0,652.0,470.0,483.0,777.0,628.0,355.0,285.0,476.0
금산군 - 채소·산나물,Statistics,1514.0,2214.0,2658.0,2076.0,1208.0,2044.0,1350.0,2301.0,1073.0,681.0,658.0,640.0,1061.0,1001.0
금산군 - 축산,Statistics,288.0,144.0,314.0,180.0,153.0,90.0,16.0,95.0,49.0,125.0,152.0,129.0,108.0,98.0
기장군 - 계,Statistics,2103.0,2144.0,2121.0,2065.0,2052.0,2012.0,1913.0,1879.0,1873.0,1850.0,1798.0,1977.0,1991.0,1889.0
기장군 - 과수,Statistics,163.0,151.0,145.0,113.0,237.0,284.0,240.0,235.0,200.0,211.0,181.0,183.0,257.0,198.0
기장군 - 기타작물,Statistics,260.0,287.0,263.0,212.0,113.0,68.0,111.0,119.0,196.0,222.0,86.0,71.0,73.0,77.0
기장군 - 논벼,Statistics,567.0,472.0,453.0,484.0,594.0,404.0,268.0,253.0,280.0,392.0,299.0,345.0,271.0,234.0
기장군 - 식량작물,Statistics,171.0,105.0,108.0,108.0,197.0,158.0,81.0,58.0,152.0,382.0,183.0,52.0,185.0,181.0
기장군 - 채소·산나물,Statistics,926.0,1057.0,1107.0,1110.0,870.0,1014.0,1112.0,1094.0,958.0,602.0,1023.0,1294.0,1175.0,1168.0
기장군 - 축산,Statistics,17.0,72.0,46.0,36.0,41.0,84.0,102.0,120.0,87.0,41.0,27.0,31.0,31.0,31.0
김제시 - 계,Statistics,11272.0,11518.0,11187.0,11017.0,8624.0,8901.0,9390.0,9433.0,9161.0,7306.0,7120.0,7608.0,7704.0,7469.0
김제시 - 과수,Statistics,998.0,1129.0,1053.0,1186.0,532.0,638.0,520.0,647.0,578.0,372.0,279.0,340.0,372.0,355.0
김제시 - 기타작물,Statistics,545.0,547.0,504.0,618.0,284.0,215.0,252.0,185.0,252.0,477.0,364.0,395.0,289.0,453.0
김제시 - 논벼,Statistics,6145.0,6050.0,5684.0,5732.0,5772.0,6080.0,6619.0,5816.0,5899.0,4603.0,3682.0,4778.0,4306.0,4579.0
김제시 - 식량작물,Statistics,1011.0,809.0,884.0,472.0,728.0,1095.0,453.0,839.0,1051.0,1011.0,1146.0,963.0,1410.0,988.0
김제시 - 채소·산나물,Statistics,1417.0,1961.0,2023.0,2008.0,861.0,608.0,1265.0,1652.0,1159.0,476.0,1299.0,941.0,1064.0,865.0
김제시 - 축산,Statistics,1156.0,1023.0,1039.0,1000.0,447.0,264.0,281.0,295.0,221.0,367.0,350.0,192.0,263.0,230.0
김천시 - 계,Statistics,14420.0,14178.0,14120.0,13940.0,14565.0,13554.0,13313.0,13127.0,12568.0,12235.0,13218.0,12870.0,12605.0,12361.0
김천시 - 과수,Statistics,8720.0,8568.0,8194.0,8370.0,7815.0,7426.0,7265.0,7766.0,6869.0,6965.0,7531.0,7187.0,7235.0,7020.0
김천시 - 기타작물,Statistics,287.0,278.0,213.0,378.0,673.0,816.0,913.0,481.0,817.0,712.0,578.0,855.0,777.0,687.0
김천시 - 논벼,Statistics,2477.0,2934.0,3163.0,2919.0,2500.0,2494.0,2501.0,2288.0,2586.0,2210.0,1806.0,2019.0,1903.0,1613.0
김천시 - 식량작물,Statistics,799.0,676.0,783.0,677.0,1328.0,605.0,572.0,988.0,1476.0,894.0,906.0,724.0,580.0,564.0
김천시 - 채소·산나물,Statistics,1541.0,1106.0,1148.0,1042.0,1579.0,1766.0,1615.0,1131.0,428.0,935.0,1592.0,1345.0,1439.0,1662.0
김천시 - 축산,Statistics,597.0,617.0,619.0,553.0,670.0,448.0,447.0,472.0,392.0,519.0,804.0,740.0,671.0,816.0
김포시 - 계,Statistics,6085.0,5844.0,5620.0,5521.0,5488.0,5346.0,4914.0,4993.0,5013.0,4980.0,5325.0,5353.0,5187.0,4855.0
김포시 - 과수,Statistics,462.0,509.0,426.0,324.0,354.0,352.0,335.0,301.0,303.0,336.0,244.0,417.0,242.0,224.0
김포시 - 기타작물,Statistics,228.0,115.0,128.0,230.0,178.0,260.0,202.0,195.0,206.0,359.0,255.0,679.0,297.0,396.0
김포시 - 논벼,Statistics,3663.0,3395.0,3318.0,3219.0,3270.0,3192.0,2984.0,2850.0,2980.0,2864.0,2352.0,2390.0,2237.0,2115.0
김포시 - 식량작물,Statistics,471.0,603.0,684.0,661.0,881.0,542.0,806.0,795.0,704.0,932.0,902.0,627.0,1109.0,1063.0
김포시 - 채소·산나물,Statistics,1073.0,1022.0,858.0,900.0,648.0,834.0,423.0,665.0,667.0,369.0,1437.0,1047.0,1170.0,951.0
김포시 - 축산,Statistics,187.0,199.0,205.0,186.0,157.0,165.0,165.0,185.0,152.0,120.0,136.0,193.0,131.0,105.0
김해시 - 계,Statistics,8737.0,8290.0,8128.0,8620.0,8257.0,8126.0,7960.0,7861.0,7900.0,8633.0,8740.0,8319.0,8175.0,7614.0
김해시 - 과수,Statistics,1314.0,1414.0,1441.0,1897.0,1229.0,2222.0,2125.0,2095.0,1878.0,1874.0,2061.0,2157.0,1875.0,1424.0
김해시 - 기타작물,Statistics,895.0,722.0,794.0,511.0,719.0,359.0,353.0,314.0,354.0,740.0,654.0,767.0,452.0,440.0
김해시 - 논벼,Statistics,4723.0,4385.0,4130.0,3907.0,3793.0,3029.0,2977.0,2902.0,3302.0,3777.0,3726.0,3373.0,3555.0,3632.0
김해시 - 식량작물,Statistics,249.0,229.0,169.0,225.0,433.0,58.0,60.0,380.0,216.0,586.0,279.0,409.0,456.0,200.0
김해시 - 채소·산나물,Statistics,931.0,1039.0,1107.0,1602.0,1555.0,2000.0,1961.0,1704.0,1749.0,1193.0,1736.0,1231.0,1375.0,1383.0
김해시 - 축산,Statistics,625.0,501.0,488.0,478.0,528.0,457.0,485.0,465.0,402.0,463.0,285.0,382.0,461.0,535.0
나주시 - 계,Statistics,12260.0,11985.0,12311.0,12360.0,10124.0,10327.0,9329.0,9579.0,9496.0,9087.0,10060.0,10708.0,10385.0,10008.0
나주시 - 과수,Statistics,2518.0,2150.0,2061.0,1963.0,1890.0,2118.0,1822.0,1785.0,1737.0,1486.0,1962.0,1842.0,1490.0,1620.0
나주시 - 기타작물,Statistics,411.0,534.0,419.0,562.0,213.0,237.0,209.0,354.0,268.0,354.0,450.0,311.0,294.0,343.0
나주시 - 논벼,Statistics,5782.0,5959.0,6273.0,6062.0,5509.0,4729.0,4554.0,4552.0,5013.0,5226.0,5354.0,5987.0,5854.0,5845.0
나주시 - 식량작물,Statistics,744.0,693.0,729.0,706.0,467.0,612.0,687.0,911.0,439.0,460.0,346.0,285.0,539.0,551.0
나주시 - 채소·산나물,Statistics,2265.0,1856.0,1920.0,2113.0,1377.0,2148.0,1406.0,1508.0,1466.0,1007.0,1067.0,1465.0,1403.0,985.0
나주시 - 축산,Statistics,539.0,793.0,910.0,955.0,668.0,483.0,651.0,469.0,573.0,554.0,882.0,818.0,804.0,665.0
남양주시 - 계,Statistics,5636.0,5916.0,5630.0,5680.0,5183.0,5099.0,4926.0,4741.0,4289.0,4930.0,4214.0,3893.0,3558.0,3243.0
남양주시 - 과수,Statistics,372.0,440.0,367.0,603.0,472.0,591.0,676.0,553.0,468.0,585.0,651.0,601.0,430.0,346.0
남양주시 - 기타작물,Statistics,463.0,429.0,361.0,353.0,759.0,855.0,970.0,593.0,915.0,919.0,1228.0,1388.0,917.0,527.0
남양주시 - 논벼,Statistics,458.0,470.0,470.0,454.0,483.0,489.0,386.0,288.0,261.0,415.0,298.0,263.0,202.0,246.0
남양주시 - 식량작물,Statistics,530.0,383.0,554.0,483.0,1436.0,730.0,457.0,753.0,435.0,1088.0,369.0,397.0,612.0,339.0
남양주시 - 채소·산나물,Statistics,3236.0,3675.0,3430.0,3399.0,1794.0,2284.0,2320.0,2395.0,2090.0,1737.0,1371.0,986.0,1219.0,1647.0
남양주시 - 축산,Statistics,577.0,520.0,448.0,387.0,239.0,150.0,117.0,160.0,119.0,186.0,298.0,258.0,178.0,138.0
남원시 - 계,Statistics,9361.0,9155.0,9178.0,8963.0,8771.0,8393.0,8323.0,8038.0,7843.0,6979.0,6587.0,7375.0,7360.0,7147.0
남원시 - 과수,Statistics,940.0,1033.0,1100.0,1156.0,1023.0,875.0,991.0,753.0,806.0,681.0,488.0,536.0,547.0,527.0
남원시 - 기타작물,Statistics,502.0,299.0,376.0,246.0,391.0,332.0,163.0,174.0,133.0,453.0,116.0,79.0,140.0,361.0
남원시 - 논벼,Statistics,5242.0,5035.0,5141.0,4986.0,4997.0,4603.0,4482.0,4970.0,4839.0,4216.0,4376.0,4472.0,4676.0,4301.0
남원시 - 식량작물,Statistics,679.0,616.0,585.0,613.0,699.0,351.0,486.0,417.0,394.0,426.0,336.0,340.0,130.0,169.0
남원시 - 채소·산나물,Statistics,1430.0,1572.0,1521.0,1606.0,1243.0,1835.0,1858.0,1393.0,1257.0,867.0,1048.0,1578.0,1699.0,1572.0
남원시 - 축산,Statistics,568.0,600.0,456.0,356.0,418.0,398.0,343.0,330.0,414.0,336.0,223.0,370.0,169.0,217.0
남해군 - 계,Statistics,7703.0,7809.0,7695.0,7793.0,7092.0,6670.0,6484.0,6443.0,6303.0,5792.0,6138.0,6937.0,6645.0,6444.0
남해군 - 과수,Statistics,166.0,116.0,89.0,73.0,185.0,39.0,39.0,72.0,72.0,159.0,138.0,203.0,204.0,141.0
남해군 - 기타작물,Statistics,53.0,,11.0,50.0,65.0,35.0,35.0,0.0,0.0,155.0,81.0,153.0,204.0,98.0
남해군 - 논벼,Statistics,1562.0,1220.0,1164.0,1114.0,1466.0,1078.0,1375.0,1743.0,1769.0,1536.0,1997.0,1742.0,2442.0,1266.0
남해군 - 식량작물,Statistics,182.0,91.0,37.0,27.0,167.0,204.0,252.0,945.0,320.0,163.0,78.0,100.0,245.0,39.0
남해군 - 채소·산나물,Statistics,5394.0,6034.0,6017.0,6302.0,4965.0,4977.0,4465.0,3500.0,3939.0,3626.0,3603.0,4415.0,3227.0,4671.0
남해군 - 축산,Statistics,346.0,349.0,377.0,228.0,244.0,338.0,319.0,184.0,203.0,153.0,240.0,325.0,324.0,229.0
논산시 - 계,Statistics,11676.0,11348.0,10500.0,9931.0,10572.0,10429.0,10609.0,10466.0,10414.0,9882.0,9754.0,9599.0,9989.0,10272.0
논산시 - 과수,Statistics,533.0,544.0,466.0,519.0,657.0,628.0,654.0,814.0,718.0,595.0,615.0,713.0,603.0,839.0
논산시 - 기타작물,Statistics,652.0,513.0,734.0,800.0,559.0,473.0,584.0,585.0,521.0,1004.0,836.0,1305.0,594.0,598.0
논산시 - 논벼,Statistics,6357.0,6222.0,5118.0,4987.0,5503.0,4748.0,5190.0,5369.0,5799.0,5345.0,5378.0,4876.0,5068.0,5606.0
논산시 - 식량작물,Statistics,483.0,802.0,752.0,518.0,667.0,345.0,335.0,480.0,164.0,670.0,222.0,166.0,340.0,215.0
논산시 - 채소·산나물,Statistics,2840.0,2642.0,2863.0,2526.0,2685.0,3682.0,3342.0,2829.0,2849.0,1891.0,2499.0,2329.0,3114.0,2729.0
논산시 - 축산,Statistics,810.0,625.0,566.0,580.0,501.0,554.0,504.0,387.0,363.0,377.0,203.0,210.0,270.0,284.0
단양군 - 계,Statistics,3354.0,3333.0,3213.0,3037.0,3471.0,3198.0,2978.0,2951.0,2842.0,3227.0,3161.0,3288.0,3190.0,3106.0
단양군 - 과수,Statistics,203.0,225.0,280.0,298.0,433.0,247.0,404.0,279.0,310.0,342.0,380.0,291.0,288.0,326.0
단양군 - 기타작물,Statistics,364.0,409.0,342.0,229.0,537.0,0.0,227.0,300.0,250.0,465.0,326.0,506.0,443.0,344.0
단양군 - 논벼,Statistics,182.0,125.0,121.0,121.0,111.0,18.0,32.0,39.0,18.0,89.0,96.0,59.0,33.0,32.0
단양군 - 식량작물,Statistics,864.0,814.0,1007.0,1197.0,1224.0,868.0,723.0,632.0,697.0,1233.0,704.0,664.0,512.0,544.0
단양군 - 채소·산나물,Statistics,1622.0,1660.0,1368.0,1087.0,1074.0,2030.0,1523.0,1649.0,1517.0,1042.0,1472.0,1590.0,1803.0,1716.0
단양군 - 축산,Statistics,119.0,100.0,95.0,105.0,92.0,35.0,69.0,51.0,51.0,56.0,183.0,179.0,111.0,143.0
달성군 - 계,Statistics,6344.0,6520.0,6669.0,6566.0,5781.0,5733.0,5763.0,5408.0,5497.0,5946.0,6281.0,5993.0,5728.0,5570.0
달성군 - 과수,Statistics,545.0,373.0,451.0,453.0,502.0,942.0,1016.0,1025.0,1017.0,674.0,708.0,601.0,706.0,716.0
달성군 - 기타작물,Statistics,153.0,204.0,143.0,153.0,364.0,70.0,163.0,222.0,111.0,615.0,449.0,476.0,451.0,700.0
달성군 - 논벼,Statistics,3531.0,3774.0,3842.0,4076.0,2828.0,2261.0,2394.0,2179.0,2496.0,2665.0,2799.0,2694.0,2599.0,1931.0
달성군 - 식량작물,Statistics,396.0,491.0,294.0,296.0,554.0,61.0,97.0,153.0,179.0,677.0,385.0,333.0,331.0,204.0
달성군 - 채소·산나물,Statistics,1443.0,1461.0,1795.0,1449.0,1355.0,2192.0,1785.0,1665.0,1505.0,1178.0,1820.0,1748.0,1530.0,1877.0
달성군 - 축산,Statistics,275.0,217.0,143.0,138.0,178.0,206.0,308.0,164.0,189.0,137.0,119.0,141.0,112.0,142.0
담양군 - 계,Statistics,6076.0,6199.0,6307.0,6048.0,5693.0,5530.0,5267.0,5223.0,5220.0,5426.0,6340.0,6621.0,6566.0,6087.0
담양군 - 과수,Statistics,296.0,238.0,329.0,390.0,404.0,267.0,238.0,259.0,115.0,356.0,235.0,342.0,301.0,436.0
담양군 - 기타작물,Statistics,214.0,137.0,121.0,111.0,144.0,160.0,202.0,293.0,124.0,383.0,177.0,241.0,230.0,86.0
담양군 - 논벼,Statistics,4456.0,4457.0,4210.0,4069.0,3474.0,3010.0,2976.0,2542.0,3073.0,3439.0,3778.0,4362.0,4452.0,3957.0
담양군 - 식량작물,Statistics,182.0,127.0,71.0,36.0,303.0,0.0,131.0,78.0,0.0,320.0,218.0,326.0,314.0,325.0
담양군 - 채소·산나물,Statistics,702.0,953.0,1229.0,1216.0,1028.0,1849.0,1326.0,1748.0,1586.0,684.0,1550.0,1122.0,995.0,1084.0
담양군 - 축산,Statistics,227.0,288.0,347.0,227.0,340.0,244.0,394.0,303.0,322.0,244.0,382.0,229.0,273.0,200.0
당진군 - 계,Statistics,13359.0,13052.0,12251.0,11751.0,,,,,,,,,,
당진군 - 과수,Statistics,364.0,299.0,364.0,327.0,,,,,,,,,,
당진군 - 기타작물,Statistics,230.0,164.0,133.0,145.0,,,,,,,,,,
당진군 - 논벼,Statistics,9364.0,9011.0,8055.0,7764.0,,,,,,,,,,
당진군 - 식량작물,Statistics,990.0,889.0,1011.0,664.0,,,,,,,,,,
당진군 - 채소·산나물,Statistics,1598.0,1804.0,1855.0,1927.0,,,,,,,,,,
당진군 - 축산,Statistics,814.0,885.0,834.0,925.0,,,,,,,,,,
당진시 - 계,Statistics,,,,,11533.0,12195.0,11946.0,11702.0,11160.0,10177.0,11265.0,10695.0,10331.0,9647.0
당진시 - 과수,Statistics,,,,,279.0,136.0,151.0,132.0,222.0,247.0,530.0,496.0,587.0,375.0
당진시 - 기타작물,Statistics,,,,,236.0,0.0,115.0,302.0,148.0,523.0,282.0,733.0,659.0,569.0
당진시 - 논벼,Statistics,,,,,8085.0,8813.0,8066.0,7846.0,7649.0,6877.0,6632.0,6170.0,5634.0,5029.0
당진시 - 식량작물,Statistics,,,,,1465.0,426.0,1839.0,2407.0,1442.0,1580.0,1316.0,1542.0,1402.0,1506.0
당진시 - 채소·산나물,Statistics,,,,,922.0,2390.0,1408.0,637.0,1297.0,547.0,1818.0,1357.0,1537.0,1714.0
당진시 - 축산,Statistics,,,,,546.0,429.0,367.0,378.0,402.0,403.0,687.0,398.0,512.0,454.0
대구광역시 - 계,Statistics,17152.0,17716.0,17717.0,17290.0,16571.0,16750.0,16554.0,15833.0,15747.0,24809.0,23893.0,22866.0,20882.0,19893.0
대구광역시 - 과수,Statistics,4623.0,4645.0,4858.0,4850.0,4626.0,5140.0,5450.0,5091.0,5292.0,7670.0,7082.0,6884.0,6593.0,6101.0
대구광역시 - 기타작물,Statistics,1028.0,875.0,996.0,1000.0,1456.0,976.0,767.0,805.0,521.0,2899.0,1806.0,1684.0,2243.0,2784.0
대구광역시 - 논벼,Statistics,5966.0,6330.0,6214.0,6194.0,5018.0,3710.0,3694.0,3566.0,3942.0,6633.0,6453.0,6000.0,5632.0,4819.0
대구광역시 - 식량작물,Statistics,1080.0,937.0,796.0,891.0,1636.0,195.0,313.0,347.0,575.0,2517.0,1761.0,1434.0,1223.0,605.0
대구광역시 - 채소·산나물,Statistics,3792.0,4439.0,4405.0,3952.0,3364.0,6089.0,5587.0,5502.0,4828.0,4672.0,6444.0,6463.0,4836.0,5084.0
대구광역시 - 축산,Statistics,663.0,490.0,448.0,402.0,471.0,641.0,743.0,523.0,589.0,418.0,347.0,401.0,356.0,501.0
대구시부 - 계,Statistics,10808.0,11196.0,11049.0,10724.0,10790.0,11017.0,10791.0,10425.0,10250.0,18863.0,17612.0,16874.0,15154.0,14323.0
대구시부 - 과수,Statistics,4077.0,4272.0,4407.0,4397.0,4124.0,4198.0,4435.0,4066.0,4275.0,6996.0,6374.0,6283.0,5887.0,5384.0
대구시부 - 기타작물,Statistics,875.0,671.0,853.0,847.0,1092.0,906.0,604.0,583.0,409.0,2284.0,1357.0,1208.0,1792.0,2084.0
대구시부 - 논벼,Statistics,2435.0,2556.0,2372.0,2118.0,2190.0,1449.0,1300.0,1387.0,1446.0,3968.0,3655.0,3307.0,3034.0,2888.0
대구시부 - 식량작물,Statistics,684.0,446.0,502.0,595.0,1082.0,134.0,216.0,194.0,396.0,1840.0,1375.0,1101.0,892.0,401.0
대구시부 - 채소·산나물,Statistics,2349.0,2978.0,2610.0,2503.0,2009.0,3897.0,3802.0,3836.0,3323.0,3494.0,4624.0,4715.0,3305.0,3207.0
대구시부 - 축산,Statistics,387.0,273.0,305.0,264.0,293.0,435.0,435.0,359.0,400.0,281.0,228.0,260.0,244.0,358.0
대전광역시 - 계,Statistics,9130.0,9264.0,9518.0,9357.0,9428.0,9398.0,9127.0,8852.0,8920.0,13491.0,12241.0,11298.0,10999.0,11767.0
대전광역시 - 과수,Statistics,1867.0,1819.0,1829.0,1808.0,1909.0,2047.0,2041.0,1686.0,1571.0,2534.0,2742.0,2216.0,2127.0,2459.0
대전광역시 - 기타작물,Statistics,1057.0,1031.0,816.0,852.0,1337.0,949.0,1381.0,1434.0,1092.0,2529.0,1828.0,2704.0,2463.0,2283.0
대전광역시 - 논벼,Statistics,3645.0,3794.0,3830.0,3739.0,3077.0,2996.0,2697.0,2382.0,3077.0,3629.0,3569.0,3242.0,3214.0,3667.0
대전광역시 - 식량작물,Statistics,843.0,1066.0,1004.0,1027.0,1519.0,723.0,939.0,1156.0,1162.0,2545.0,1702.0,902.0,916.0,1567.0
대전광역시 - 채소·산나물,Statistics,1638.0,1451.0,1968.0,1840.0,1411.0,2466.0,1907.0,2085.0,1938.0,2068.0,2222.0,2055.0,2152.0,1581.0
대전광역시 - 축산,Statistics,81.0,102.0,71.0,92.0,175.0,217.0,162.0,110.0,81.0,186.0,178.0,177.0,126.0,209.0
대전시부 - 계,Statistics,9130.0,9264.0,9518.0,9357.0,9428.0,9398.0,9127.0,8852.0,8920.0,13491.0,12241.0,11298.0,10999.0,11767.0
대전시부 - 과수,Statistics,1867.0,1819.0,1829.0,1808.0,1909.0,2047.0,2041.0,1686.0,1571.0,2534.0,2742.0,2216.0,2127.0,2459.0
대전시부 - 기타작물,Statistics,1057.0,1031.0,816.0,852.0,1337.0,949.0,1381.0,1434.0,1092.0,2529.0,1828.0,2704.0,2463.0,2283.0
대전시부 - 논벼,Statistics,3645.0,3794.0,3830.0,3739.0,3077.0,2996.0,2697.0,2382.0,3077.0,3629.0,3569.0,3242.0,3214.0,3667.0
대전시부 - 식량작물,Statistics,843.0,1066.0,1004.0,1027.0,1519.0,723.0,939.0,1156.0,1162.0,2545.0,1702.0,902.0,916.0,1567.0
대전시부 - 채소·산나물,Statistics,1638.0,1451.0,1968.0,1840.0,1411.0,2466.0,1907.0,2085.0,1938.0,2068.0,2222.0,2055.0,2152.0,1581.0
대전시부 - 축산,Statistics,81.0,102.0,71.0,92.0,175.0,217.0,162.0,110.0,81.0,186.0,178.0,177.0,126.0,209.0
동두천시 - 계,Statistics,780.0,712.0,703.0,726.0,789.0,736.0,719.0,673.0,673.0,837.0,744.0,695.0,630.0,619.0
동두천시 - 과수,Statistics,5.0,12.0,5.0,8.0,27.0,19.0,36.0,19.0,19.0,37.0,24.0,19.0,15.0,24.0
동두천시 - 기타작물,Statistics,115.0,113.0,98.0,95.0,179.0,187.0,205.0,221.0,208.0,222.0,240.0,285.0,235.0,258.0
동두천시 - 논벼,Statistics,129.0,101.0,79.0,120.0,157.0,119.0,138.0,106.0,95.0,152.0,82.0,72.0,62.0,72.0
동두천시 - 식량작물,Statistics,131.0,93.0,95.0,131.0,201.0,100.0,69.0,72.0,85.0,250.0,68.0,132.0,91.0,92.0
동두천시 - 채소·산나물,Statistics,307.0,309.0,349.0,290.0,164.0,254.0,214.0,199.0,210.0,131.0,274.0,145.0,176.0,128.0
동두천시 - 축산,Statistics,94.0,85.0,78.0,83.0,61.0,57.0,57.0,57.0,57.0,45.0,56.0,41.0,51.0,46.0
동해시 - 계,Statistics,2252.0,2353.0,2420.0,2317.0,2463.0,2601.0,2414.0,2238.0,2243.0,2155.0,1871.0,1856.0,1741.0,1711.0
동해시 - 과수,Statistics,201.0,161.0,113.0,218.0,305.0,342.0,279.0,176.0,211.0,233.0,225.0,150.0,193.0,267.0
동해시 - 기타작물,Statistics,96.0,106.0,71.0,156.0,367.0,293.0,348.0,199.0,68.0,225.0,256.0,390.0,264.0,267.0
동해시 - 논벼,Statistics,331.0,269.0,147.0,208.0,260.0,188.0,232.0,172.0,165.0,155.0,175.0,206.0,206.0,117.0
동해시 - 식량작물,Statistics,734.0,918.0,1103.0,894.0,869.0,708.0,701.0,604.0,934.0,1004.0,620.0,685.0,703.0,584.0
동해시 - 채소·산나물,Statistics,861.0,845.0,935.0,805.0,606.0,1029.0,809.0,1037.0,830.0,492.0,517.0,342.0,283.0,368.0
동해시 - 축산,Statistics,29.0,55.0,51.0,36.0,56.0,40.0,45.0,49.0,35.0,46.0,78.0,84.0,93.0,109.0
목포시 - 계,Statistics,1371.0,1184.0,1259.0,1190.0,1379.0,1357.0,1383.0,1341.0,1357.0,2086.0,1652.0,1506.0,1437.0,1404.0
목포시 - 과수,Statistics,263.0,220.0,224.0,208.0,336.0,381.0,397.0,434.0,396.0,402.0,207.0,192.0,261.0,119.0
목포시 - 기타작물,Statistics,172.0,62.0,55.0,56.0,76.0,86.0,101.0,60.0,35.0,217.0,15.0,141.0,137.0,174.0
목포시 - 논벼,Statistics,435.0,357.0,342.0,365.0,343.0,309.0,337.0,300.0,332.0,581.0,378.0,333.0,288.0,249.0
목포시 - 식량작물,Statistics,15.0,27.0,96.0,108.0,200.0,83.0,95.0,84.0,132.0,337.0,214.0,210.0,138.0,56.0
목포시 - 채소·산나물,Statistics,464.0,498.0,499.0,409.0,380.0,451.0,388.0,390.0,389.0,492.0,812.0,630.0,562.0,806.0
목포시 - 축산,Statistics,22.0,20.0,43.0,43.0,44.0,48.0,65.0,73.0,73.0,57.0,26.0,0.0,51.0,0.0
무안군 - 계,Statistics,8204.0,8042.0,8685.0,8457.0,7822.0,7984.0,7553.0,7155.0,7242.0,7152.0,7043.0,7172.0,7159.0,7049.0
무안군 - 과수,Statistics,135.0,124.0,163.0,216.0,139.0,290.0,263.0,225.0,184.0,134.0,124.0,149.0,196.0,138.0
무안군 - 기타작물,Statistics,234.0,300.0,210.0,277.0,199.0,180.0,158.0,115.0,227.0,279.0,205.0,433.0,313.0,491.0
무안군 - 논벼,Statistics,3183.0,3164.0,3485.0,3678.0,2883.0,2746.0,2615.0,2878.0,2539.0,2613.0,2962.0,2857.0,2671.0,2230.0
무안군 - 식량작물,Statistics,574.0,618.0,1063.0,1006.0,491.0,467.0,363.0,295.0,559.0,633.0,358.0,438.0,460.0,653.0
무안군 - 채소·산나물,Statistics,3416.0,3276.0,3208.0,2732.0,3571.0,3643.0,3594.0,3148.0,3277.0,2950.0,2842.0,2811.0,3031.0,2957.0
무안군 - 축산,Statistics,663.0,559.0,556.0,549.0,539.0,658.0,560.0,495.0,457.0,543.0,551.0,485.0,488.0,581.0
무주군 - 계,Statistics,4160.0,4276.0,4207.0,4087.0,3912.0,3675.0,3438.0,3413.0,3532.0,4544.0,4323.0,3995.0,3973.0,3868.0
무주군 - 과수,Statistics,924.0,1014.0,1071.0,1139.0,893.0,972.0,1034.0,1073.0,1250.0,1270.0,1174.0,1150.0,1269.0,1311.0
무주군 - 기타작물,Statistics,355.0,228.0,264.0,447.0,508.0,435.0,475.0,395.0,267.0,825.0,718.0,1248.0,622.0,672.0
무주군 - 논벼,Statistics,740.0,776.0,885.0,870.0,800.0,739.0,426.0,430.0,413.0,852.0,544.0,667.0,709.0,625.0
무주군 - 식량작물,Statistics,215.0,127.0,119.0,115.0,341.0,182.0,192.0,139.0,231.0,594.0,338.0,281.0,297.0,310.0
무주군 - 채소·산나물,Statistics,1750.0,1955.0,1727.0,1354.0,1264.0,1230.0,1182.0,1272.0,1190.0,876.0,1449.0,632.0,1017.0,894.0
무주군 - 축산,Statistics,176.0,176.0,143.0,163.0,106.0,118.0,130.0,104.0,181.0,127.0,99.0,17.0,60.0,56.0
문경시 - 계,Statistics,8115.0,8150.0,8282.0,8174.0,7581.0,7381.0,7138.0,6802.0,6700.0,6894.0,7313.0,7635.0,7539.0,7326.0
문경시 - 과수,Statistics,1870.0,1872.0,1857.0,1910.0,1685.0,1546.0,1486.0,1279.0,1431.0,1674.0,1914.0,1783.0,1907.0,1965.0
문경시 - 기타작물,Statistics,669.0,668.0,776.0,820.0,1035.0,1451.0,1064.0,1066.0,852.0,957.0,713.0,1382.0,1307.0,1071.0
문경시 - 논벼,Statistics,3567.0,3645.0,3658.0,3421.0,3040.0,2839.0,2730.0,2689.0,2552.0,2587.0,2119.0,1950.0,1728.0,1759.0
문경시 - 식량작물,Statistics,1148.0,1133.0,1110.0,1270.0,1064.0,724.0,1104.0,856.0,921.0,936.0,1099.0,921.0,1096.0,1125.0
문경시 - 채소·산나물,Statistics,312.0,220.0,316.0,252.0,373.0,409.0,342.0,414.0,615.0,387.0,1036.0,1063.0,1040.0,946.0
문경시 - 축산,Statistics,549.0,611.0,566.0,500.0,384.0,413.0,413.0,496.0,330.0,353.0,431.0,537.0,462.0,460.0
밀양시 - 계,Statistics,10982.0,10228.0,10654.0,10358.0,9993.0,10163.0,10928.0,10800.0,10569.0,9169.0,9854.0,9631.0,9431.0,9060.0
밀양시 - 과수,Statistics,3244.0,3092.0,3282.0,3122.0,2832.0,2817.0,2808.0,2671.0,2691.0,2509.0,2364.0,2509.0,2467.0,2459.0
밀양시 - 기타작물,Statistics,161.0,161.0,287.0,265.0,534.0,868.0,892.0,823.0,423.0,1057.0,1490.0,612.0,455.0,1338.0
밀양시 - 논벼,Statistics,3374.0,3099.0,2778.0,2964.0,2997.0,2296.0,2207.0,2015.0,2207.0,2706.0,2158.0,2441.0,2283.0,2100.0
밀양시 - 식량작물,Statistics,504.0,539.0,591.0,634.0,746.0,1224.0,1471.0,1591.0,1484.0,550.0,1356.0,1144.0,1062.0,937.0
밀양시 - 채소·산나물,Statistics,3254.0,2934.0,3193.0,2988.0,2458.0,2532.0,2921.0,2861.0,3006.0,1987.0,2175.0,2616.0,2849.0,1916.0
밀양시 - 축산,Statistics,446.0,403.0,523.0,385.0,426.0,426.0,629.0,839.0,758.0,360.0,311.0,309.0,316.0,311.0
보령시 - 계,Statistics,8808.0,8447.0,8400.0,8178.0,8646.0,8675.0,8418.0,8098.0,7502.0,7792.0,6998.0,6822.0,6670.0,6338.0
보령시 - 과수,Statistics,261.0,226.0,389.0,308.0,239.0,412.0,387.0,390.0,347.0,181.0,96.0,78.0,131.0,140.0
보령시 - 기타작물,Statistics,220.0,245.0,501.0,511.0,347.0,245.0,593.0,250.0,120.0,555.0,175.0,405.0,422.0,361.0
보령시 - 논벼,Statistics,6153.0,5840.0,5309.0,5075.0,5670.0,5139.0,5393.0,5207.0,4991.0,5269.0,4304.0,4255.0,4390.0,4058.0
보령시 - 식량작물,Statistics,626.0,659.0,512.0,579.0,886.0,236.0,734.0,293.0,471.0,898.0,686.0,495.0,543.0,557.0
보령시 - 채소·산나물,Statistics,1178.0,1093.0,1018.0,1156.0,1104.0,2341.0,1067.0,1698.0,1362.0,629.0,1480.0,1376.0,980.0,966.0
보령시 - 축산,Statistics,370.0,384.0,671.0,549.0,400.0,303.0,244.0,259.0,211.0,260.0,259.0,213.0,204.0,257.0
보성군 - 계,Statistics,7793.0,7819.0,7603.0,7463.0,7056.0,7050.0,6938.0,6814.0,6841.0,5568.0,7185.0,7093.0,6681.0,6723.0
보성군 - 과수,Statistics,236.0,413.0,365.0,344.0,445.0,639.0,334.0,412.0,503.0,313.0,493.0,481.0,533.0,447.0
보성군 - 기타작물,Statistics,392.0,140.0,191.0,148.0,274.0,81.0,316.0,347.0,203.0,660.0,398.0,365.0,252.0,403.0
보성군 - 논벼,Statistics,4381.0,4356.0,4239.0,4324.0,4098.0,3406.0,3519.0,3136.0,3084.0,3233.0,3567.0,3211.0,3232.0,3201.0
보성군 - 식량작물,Statistics,1598.0,430.0,452.0,222.0,1037.0,449.0,1115.0,561.0,1177.0,501.0,524.0,2180.0,508.0,600.0
보성군 - 채소·산나물,Statistics,773.0,2107.0,2020.0,2144.0,846.0,2182.0,1259.0,2167.0,1566.0,625.0,1924.0,640.0,1876.0,1820.0
보성군 - 축산,Statistics,412.0,373.0,336.0,280.0,356.0,292.0,395.0,191.0,309.0,236.0,279.0,215.0,281.0,253.0
보은군 - 계,Statistics,5549.0,5585.0,5617.0,5530.0,5105.0,4632.0,4543.0,4439.0,4479.0,4099.0,4280.0,4435.0,4326.0,4161.0
보은군 - 과수,Statistics,911.0,962.0,1025.0,1151.0,1100.0,919.0,932.0,713.0,897.0,952.0,1366.0,1384.0,1268.0,1318.0
보은군 - 기타작물,Statistics,623.0,505.0,424.0,279.0,441.0,167.0,361.0,291.0,405.0,528.0,486.0,518.0,458.0,415.0
보은군 - 논벼,Statistics,2146.0,2245.0,2029.0,2119.0,2221.0,2023.0,2156.0,2216.0,2130.0,1615.0,1472.0,1618.0,1708.0,1560.0
보은군 - 식량작물,Statistics,540.0,411.0,803.0,869.0,516.0,596.0,450.0,369.0,230.0,442.0,311.0,303.0,227.0,248.0
보은군 - 채소·산나물,Statistics,697.0,892.0,884.0,745.0,468.0,367.0,162.0,371.0,467.0,258.0,393.0,400.0,451.0,385.0
보은군 - 축산,Statistics,633.0,570.0,452.0,368.0,359.0,559.0,483.0,479.0,350.0,304.0,252.0,212.0,213.0,235.0
봉화군 - 계,Statistics,6497.0,6283.0,6177.0,6097.0,5896.0,5665.0,5613.0,5612.0,5506.0,5190.0,5522.0,5667.0,5715.0,5702.0
봉화군 - 과수,Statistics,1583.0,1354.0,1571.0,1630.0,1281.0,1329.0,1247.0,1111.0,1124.0,1295.0,1414.0,1521.0,1602.0,1560.0
봉화군 - 기타작물,Statistics,385.0,331.0,385.0,385.0,445.0,710.0,966.0,504.0,360.0,555.0,189.0,335.0,602.0,396.0
봉화군 - 논벼,Statistics,1117.0,999.0,908.0,926.0,911.0,693.0,890.0,631.0,718.0,839.0,414.0,503.0,554.0,340.0
봉화군 - 식량작물,Statistics,656.0,650.0,523.0,452.0,839.0,518.0,769.0,703.0,685.0,708.0,697.0,750.0,549.0,710.0
봉화군 - 채소·산나물,Statistics,2535.0,2776.0,2517.0,2461.0,2148.0,2201.0,1546.0,2545.0,2535.0,1575.0,2508.0,2216.0,2180.0,2470.0
봉화군 - 축산,Statistics,222.0,173.0,274.0,243.0,272.0,215.0,196.0,119.0,84.0,218.0,301.0,342.0,227.0,227.0
부산광역시 - 계,Statistics,7854.0,7784.0,7178.0,7070.0,8068.0,8159.0,7716.0,7487.0,7314.0,11967.0,11137.0,10771.0,10670.0,9902.0
부산광역시 - 과수,Statistics,744.0,800.0,699.0,775.0,1172.0,1417.0,1528.0,1362.0,1274.0,2683.0,2573.0,2490.0,2637.0,1908.0
부산광역시 - 기타작물,Statistics,1041.0,805.0,703.0,692.0,572.0,238.0,363.0,430.0,363.0,1188.0,555.0,426.0,566.0,405.0
부산광역시 - 논벼,Statistics,2330.0,2205.0,2170.0,2123.0,2347.0,2074.0,1616.0,1623.0,1668.0,3120.0,2189.0,2102.0,2011.0,1749.0
부산광역시 - 식량작물,Statistics,453.0,243.0,340.0,306.0,874.0,339.0,597.0,404.0,391.0,1525.0,1141.0,548.0,600.0,740.0
부산광역시 - 채소·산나물,Statistics,3229.0,3618.0,3190.0,3109.0,2991.0,3853.0,3472.0,3503.0,3494.0,3360.0,4542.0,5062.0,4721.0,4939.0
부산광역시 - 축산,Statistics,57.0,112.0,76.0,66.0,112.0,238.0,139.0,164.0,125.0,91.0,137.0,141.0,135.0,160.0
부산시부 - 계,Statistics,5751.0,5641.0,5056.0,5005.0,6016.0,6147.0,5803.0,5608.0,5441.0,10117.0,9338.0,8793.0,8678.0,8012.0
부산시부 - 과수,Statistics,581.0,650.0,554.0,661.0,935.0,1133.0,1289.0,1127.0,1074.0,2472.0,2392.0,2307.0,2381.0,1710.0
부산시부 - 기타작물,Statistics,782.0,519.0,440.0,479.0,459.0,171.0,253.0,310.0,167.0,966.0,469.0,355.0,493.0,328.0
부산시부 - 논벼,Statistics,1763.0,1734.0,1718.0,1639.0,1753.0,1669.0,1349.0,1370.0,1388.0,2728.0,1890.0,1758.0,1740.0,1515.0
부산시부 - 식량작물,Statistics,282.0,138.0,232.0,198.0,677.0,181.0,516.0,346.0,239.0,1143.0,958.0,496.0,415.0,559.0
부산시부 - 채소·산나물,Statistics,2303.0,2561.0,2084.0,1999.0,2121.0,2839.0,2360.0,2409.0,2536.0,2758.0,3519.0,3768.0,3546.0,3771.0
부산시부 - 축산,Statistics,40.0,40.0,30.0,30.0,71.0,154.0,38.0,45.0,38.0,50.0,110.0,110.0,104.0,129.0
부안군 - 계,Statistics,7660.0,7594.0,7584.0,7466.0,9226.0,7338.0,7026.0,6883.0,7021.0,7364.0,6908.0,6858.0,6582.0,6422.0
부안군 - 과수,Statistics,623.0,669.0,787.0,589.0,357.0,195.0,162.0,155.0,171.0,260.0,115.0,110.0,21.0,57.0
부안군 - 기타작물,Statistics,162.0,325.0,293.0,396.0,465.0,448.0,612.0,432.0,572.0,581.0,112.0,478.0,184.0,333.0
부안군 - 논벼,Statistics,4005.0,3391.0,3333.0,3345.0,4337.0,3997.0,3854.0,3478.0,3830.0,3789.0,3441.0,3220.0,3190.0,3108.0
부안군 - 식량작물,Statistics,687.0,541.0,822.0,701.0,1509.0,465.0,772.0,586.0,671.0,1299.0,1039.0,812.0,1369.0,1056.0
부안군 - 채소·산나물,Statistics,1550.0,1927.0,1660.0,1667.0,2226.0,1974.0,1360.0,1943.0,1611.0,1066.0,1807.0,1889.0,1609.0,1587.0
부안군 - 축산,Statistics,633.0,741.0,689.0,767.0,332.0,259.0,267.0,290.0,165.0,369.0,393.0,349.0,208.0,281.0
부여군 - 계,Statistics,10856.0,10247.0,9978.0,10046.0,9607.0,8904.0,8902.0,8615.0,8335.0,9279.0,7995.0,7119.0,6952.0,6908.0
부여군 - 과수,Statistics,901.0,966.0,1017.0,938.0,855.0,725.0,558.0,439.0,455.0,906.0,500.0,527.0,550.0,511.0
부여군 - 기타작물,Statistics,1005.0,479.0,453.0,480.0,666.0,946.0,480.0,266.0,519.0,863.0,577.0,547.0,682.0,314.0
부여군 - 논벼,Statistics,6323.0,5437.0,5476.0,5647.0,4943.0,4615.0,5040.0,5534.0,5053.0,4895.0,4831.0,4064.0,4306.0,4359.0
부여군 - 식량작물,Statistics,398.0,410.0,357.0,481.0,552.0,708.0,313.0,508.0,370.0,688.0,475.0,270.0,208.0,36.0
부여군 - 채소·산나물,Statistics,2022.0,2595.0,2455.0,2318.0,2126.0,1558.0,2208.0,1539.0,1680.0,1551.0,1354.0,1361.0,885.0,1464.0
부여군 - 축산,Statistics,208.0,361.0,219.0,182.0,465.0,352.0,303.0,329.0,257.0,376.0,258.0,351.0,321.0,224.0
부천시 - 계,Statistics,824.0,780.0,750.0,695.0,997.0,935.0,928.0,886.0,889.0,1474.0,1291.0,1139.0,1036.0,1003.0
부천시 - 과수,Statistics,41.0,41.0,41.0,41.0,119.0,137.0,130.0,116.0,130.0,179.0,170.0,121.0,94.0,135.0
부천시 - 기타작물,Statistics,55.0,25.0,25.0,25.0,56.0,107.0,107.0,72.0,77.0,115.0,115.0,89.0,199.0,182.0
부천시 - 논벼,Statistics,354.0,344.0,305.0,305.0,439.0,402.0,374.0,374.0,359.0,585.0,497.0,433.0,443.0,360.0
부천시 - 식량작물,Statistics,52.0,52.0,25.0,,197.0,49.0,49.0,98.0,149.0,418.0,305.0,409.0,201.0,194.0
부천시 - 채소·산나물,Statistics,317.0,313.0,348.0,323.0,165.0,226.0,247.0,212.0,168.0,160.0,184.0,67.0,79.0,113.0
부천시 - 축산,Statistics,4.0,4.0,4.0,,21.0,14.0,21.0,14.0,7.0,17.0,20.0,20.0,20.0,20.0
사천시 - 계,Statistics,8051.0,8088.0,8054.0,8025.0,7143.0,6682.0,6360.0,6096.0,6007.0,5785.0,5478.0,5948.0,5654.0,5353.0
사천시 - 과수,Statistics,1222.0,1270.0,1221.0,1151.0,934.0,981.0,829.0,836.0,890.0,722.0,1017.0,1018.0,893.0,726.0
사천시 - 기타작물,Statistics,154.0,244.0,324.0,349.0,286.0,210.0,155.0,179.0,112.0,449.0,273.0,260.0,279.0,195.0
사천시 - 논벼,Statistics,4386.0,4014.0,3604.0,3435.0,3735.0,3584.0,3348.0,3128.0,2977.0,3020.0,2190.0,2505.0,1998.0,2042.0
사천시 - 식량작물,Statistics,646.0,904.0,1081.0,1015.0,641.0,227.0,257.0,436.0,446.0,589.0,828.0,654.0,895.0,409.0
사천시 - 채소·산나물,Statistics,1406.0,1364.0,1571.0,1851.0,1239.0,1512.0,1625.0,1406.0,1448.0,834.0,1059.0,1397.0,1478.0,1876.0
사천시 - 축산,Statistics,237.0,292.0,252.0,225.0,308.0,168.0,146.0,111.0,135.0,171.0,111.0,113.0,112.0,105.0
산청군 - 계,Statistics,6523.0,6464.0,6370.0,6319.0,6100.0,5889.0,5641.0,5640.0,5668.0,5128.0,5121.0,5097.0,5376.0,5268.0
산청군 - 과수,Statistics,1720.0,1705.0,1732.0,1680.0,1356.0,1247.0,1301.0,1288.0,1382.0,1070.0,989.0,905.0,1078.0,1079.0
산청군 - 기타작물,Statistics,157.0,130.0,151.0,262.0,216.0,355.0,260.0,205.0,287.0,383.0,539.0,444.0,596.0,454.0
산청군 - 논벼,Statistics,3270.0,3044.0,2830.0,2686.0,2865.0,2297.0,1981.0,1964.0,1923.0,2325.0,2061.0,1902.0,1838.0,1705.0
산청군 - 식량작물,Statistics,335.0,330.0,315.0,268.0,400.0,260.0,464.0,125.0,343.0,406.0,91.0,166.0,199.0,357.0
산청군 - 채소·산나물,Statistics,699.0,912.0,928.0,893.0,922.0,1222.0,1235.0,1634.0,1402.0,671.0,995.0,1148.0,1271.0,1233.0
산청군 - 축산,Statistics,341.0,342.0,414.0,530.0,341.0,509.0,399.0,424.0,331.0,273.0,446.0,531.0,394.0,440.0
삼척시 - 계,Statistics,4759.0,4624.0,4621.0,4549.0,4606.0,4752.0,4461.0,4286.0,4427.0,3974.0,3993.0,3952.0,3975.0,3778.0
삼척시 - 과수,Statistics,227.0,293.0,361.0,490.0,237.0,203.0,146.0,101.0,154.0,250.0,258.0,345.0,278.0,336.0
삼척시 - 기타작물,Statistics,164.0,170.0,257.0,354.0,253.0,391.0,412.0,283.0,555.0,297.0,264.0,748.0,547.0,474.0
삼척시 - 논벼,Statistics,451.0,313.0,328.0,411.0,626.0,463.0,533.0,466.0,293.0,460.0,524.0,428.0,427.0,287.0
삼척시 - 식량작물,Statistics,1739.0,1295.0,1364.0,1144.0,1786.0,1412.0,1283.0,1135.0,1236.0,1543.0,1165.0,1174.0,1081.0,1139.0
삼척시 - 채소·산나물,Statistics,1918.0,2306.0,2137.0,1916.0,1393.0,2032.0,1725.0,1986.0,1848.0,1192.0,1547.0,1068.0,1394.0,1288.0
삼척시 - 축산,Statistics,260.0,248.0,174.0,234.0,311.0,252.0,361.0,316.0,340.0,232.0,234.0,189.0,248.0,253.0
상주시 - 계,Statistics,14711.0,15258.0,14975.0,14547.0,14492.0,14285.0,13872.0,13885.0,13972.0,12582.0,12978.0,13615.0,13653.0,13410.0
상주시 - 과수,Statistics,5680.0,5680.0,5439.0,5662.0,5820.0,6050.0,5574.0,4627.0,5398.0,4717.0,4798.0,4924.0,4486.0,4821.0
상주시 - 기타작물,Statistics,1109.0,1095.0,1129.0,1032.0,577.0,731.0,933.0,587.0,428.0,631.0,736.0,897.0,1016.0,834.0
상주시 - 논벼,Statistics,5393.0,5853.0,5999.0,5359.0,5745.0,4748.0,4492.0,5597.0,4801.0,5167.0,3613.0,3808.0,4321.0,3926.0
상주시 - 식량작물,Statistics,558.0,576.0,636.0,747.0,741.0,540.0,506.0,993.0,554.0,665.0,1280.0,1397.0,1690.0,1935.0
상주시 - 채소·산나물,Statistics,956.0,1011.0,822.0,678.0,696.0,1082.0,1025.0,913.0,1402.0,583.0,1308.0,1425.0,1135.0,880.0
상주시 - 축산,Statistics,1016.0,1042.0,950.0,1069.0,913.0,1132.0,1342.0,1167.0,1389.0,819.0,1243.0,1164.0,1006.0,1015.0
서귀포시 - 계,Statistics,17077.0,16756.0,16341.0,16519.0,14816.0,13932.0,13930.0,13636.0,13167.0,12582.0,13554.0,13399.0,13186.0,12585.0
서귀포시 - 과수,Statistics,13195.0,13277.0,12887.0,13091.0,11647.0,11246.0,11112.0,10911.0,10422.0,10102.0,10593.0,10169.0,10592.0,10051.0
서귀포시 - 기타작물,Statistics,174.0,201.0,189.0,256.0,201.0,134.0,197.0,67.0,213.0,231.0,140.0,75.0,68.0,107.0
서귀포시 - 논벼,Statistics,,,,,2.0,0.0,0.0,,0.0,7.0,0.0,0.0,0.0,0.0
서귀포시 - 식량작물,Statistics,1777.0,1369.0,1157.0,1236.0,643.0,613.0,651.0,610.0,521.0,383.0,598.0,1105.0,803.0,962.0
서귀포시 - 채소·산나물,Statistics,1738.0,1661.0,1845.0,1727.0,2118.0,1614.0,1621.0,1701.0,1702.0,1706.0,2067.0,1885.0,1600.0,1465.0
서귀포시 - 축산,Statistics,193.0,248.0,264.0,209.0,205.0,325.0,348.0,348.0,309.0,153.0,157.0,166.0,123.0,0.0
서산시 - 계,Statistics,13107.0,13046.0,12846.0,12810.0,12229.0,11677.0,10319.0,9833.0,9510.0,11082.0,11054.0,10623.0,10561.0,10218.0
서산시 - 과수,Statistics,262.0,291.0,224.0,218.0,162.0,260.0,184.0,215.0,98.0,187.0,54.0,76.0,83.0,112.0
서산시 - 기타작물,Statistics,848.0,806.0,760.0,585.0,568.0,360.0,234.0,216.0,243.0,807.0,205.0,458.0,561.0,499.0
서산시 - 논벼,Statistics,7446.0,7343.0,7406.0,7296.0,7692.0,6823.0,5876.0,5212.0,5870.0,6563.0,6785.0,6086.0,6747.0,5544.0
서산시 - 식량작물,Statistics,823.0,761.0,727.0,922.0,1302.0,426.0,1045.0,567.0,1147.0,1351.0,742.0,841.0,1031.0,535.0
서산시 - 채소·산나물,Statistics,3368.0,3412.0,3364.0,3346.0,2102.0,3356.0,2748.0,3312.0,1895.0,1863.0,2859.0,2850.0,1777.0,3159.0
서산시 - 축산,Statistics,361.0,434.0,366.0,443.0,403.0,453.0,230.0,312.0,257.0,311.0,409.0,312.0,362.0,370.0
서울시부 - 계,Statistics,3541.0,3114.0,2826.0,2751.0,3911.0,3550.0,3410.0,3130.0,2851.0,8418.0,7031.0,6318.0,5785.0,5084.0
서울시부 - 과수,Statistics,319.0,306.0,203.0,210.0,576.0,458.0,466.0,451.0,587.0,1335.0,1200.0,1476.0,1134.0,1125.0
서울시부 - 기타작물,Statistics,355.0,314.0,354.0,415.0,466.0,287.0,204.0,505.0,262.0,1214.0,611.0,1023.0,751.0,574.0
서울시부 - 논벼,Statistics,792.0,670.0,670.0,602.0,905.0,887.0,805.0,676.0,607.0,2017.0,1919.0,1581.0,1523.0,1133.0
서울시부 - 식량작물,Statistics,561.0,312.0,245.0,217.0,1166.0,638.0,963.0,797.0,474.0,2538.0,2059.0,1251.0,1638.0,1434.0
서울시부 - 채소·산나물,Statistics,1493.0,1491.0,1341.0,1301.0,733.0,1236.0,927.0,656.0,876.0,1216.0,1242.0,987.0,722.0,820.0
서울시부 - 축산,Statistics,20.0,20.0,13.0,7.0,65.0,44.0,44.0,44.0,44.0,98.0,0.0,0.0,17.0,0.0
서울특별시 - 계,Statistics,3541.0,3114.0,2826.0,2751.0,3911.0,3550.0,3410.0,3130.0,2851.0,8418.0,7031.0,6318.0,5785.0,5084.0
서울특별시 - 과수,Statistics,319.0,306.0,203.0,210.0,576.0,458.0,466.0,451.0,587.0,1335.0,1200.0,1476.0,1134.0,1125.0
서울특별시 - 기타작물,Statistics,355.0,314.0,354.0,415.0,466.0,287.0,204.0,505.0,262.0,1214.0,611.0,1023.0,751.0,574.0
서울특별시 - 논벼,Statistics,792.0,670.0,670.0,602.0,905.0,887.0,805.0,676.0,607.0,2017.0,1919.0,1581.0,1523.0,1133.0
서울특별시 - 식량작물,Statistics,561.0,312.0,245.0,217.0,1166.0,638.0,963.0,797.0,474.0,2538.0,2059.0,1251.0,1638.0,1434.0
서울특별시 - 채소·산나물,Statistics,1493.0,1491.0,1341.0,1301.0,733.0,1236.0,927.0,656.0,876.0,1216.0,1242.0,987.0,722.0,820.0
서울특별시 - 축산,Statistics,20.0,20.0,13.0,7.0,65.0,44.0,44.0,44.0,44.0,98.0,0.0,0.0,17.0,0.0
서천군 - 계,Statistics,7022.0,6961.0,6538.0,6560.0,6651.0,5713.0,6471.0,6641.0,6559.0,5940.0,6888.0,6741.0,6399.0,6171.0
서천군 - 과수,Statistics,58.0,26.0,26.0,46.0,138.0,79.0,96.0,96.0,54.0,121.0,110.0,92.0,73.0,18.0
서천군 - 기타작물,Statistics,63.0,87.0,337.0,309.0,446.0,369.0,516.0,143.0,217.0,480.0,429.0,511.0,269.0,406.0
서천군 - 논벼,Statistics,5128.0,5102.0,4107.0,4293.0,4311.0,3592.0,3093.0,3394.0,3310.0,3881.0,4308.0,4030.0,4266.0,4139.0
서천군 - 식량작물,Statistics,555.0,629.0,514.0,425.0,699.0,206.0,627.0,174.0,335.0,635.0,438.0,282.0,374.0,456.0
서천군 - 채소·산나물,Statistics,959.0,937.0,1377.0,1387.0,837.0,1324.0,1813.0,2540.0,2351.0,658.0,1188.0,1567.0,1194.0,970.0
서천군 - 축산,Statistics,259.0,180.0,176.0,101.0,220.0,144.0,327.0,293.0,292.0,165.0,415.0,260.0,223.0,182.0
성남시 - 계,Statistics,1062.0,1023.0,1039.0,1005.0,1092.0,962.0,1057.0,924.0,814.0,1508.0,1250.0,1311.0,1137.0,1105.0
성남시 - 과수,Statistics,97.0,106.0,67.0,69.0,82.0,99.0,95.0,177.0,152.0,216.0,138.0,146.0,121.0,121.0
성남시 - 기타작물,Statistics,328.0,238.0,223.0,254.0,252.0,202.0,145.0,107.0,99.0,306.0,101.0,188.0,270.0,302.0
성남시 - 논벼,Statistics,189.0,151.0,188.0,185.0,154.0,100.0,133.0,122.0,104.0,269.0,275.0,333.0,239.0,255.0
성남시 - 식량작물,Statistics,143.0,135.0,132.0,160.0,369.0,127.0,91.0,246.0,153.0,406.0,223.0,315.0,346.0,268.0
성남시 - 채소·산나물,Statistics,305.0,388.0,423.0,334.0,218.0,416.0,584.0,250.0,276.0,298.0,514.0,326.0,161.0,157.0
성남시 - 축산,Statistics,,4.0,6.0,2.0,17.0,18.0,9.0,22.0,29.0,13.0,0.0,3.0,0.0,3.0
성주군 - 계,Statistics,7492.0,7551.0,7512.0,7548.0,5999.0,6233.0,6231.0,6199.0,6137.0,5060.0,5888.0,5852.0,5836.0,5697.0
성주군 - 과수,Statistics,154.0,175.0,143.0,182.0,256.0,553.0,589.0,622.0,702.0,332.0,304.0,319.0,421.0,406.0
성주군 - 기타작물,Statistics,81.0,154.0,258.0,323.0,218.0,274.0,265.0,186.0,277.0,356.0,563.0,456.0,428.0,535.0
성주군 - 논벼,Statistics,1542.0,1422.0,1311.0,1429.0,1248.0,1293.0,1263.0,1432.0,1271.0,957.0,963.0,958.0,996.0,1012.0
성주군 - 식량작물,Statistics,400.0,471.0,601.0,515.0,304.0,170.0,160.0,258.0,293.0,201.0,265.0,150.0,205.0,197.0
성주군 - 채소·산나물,Statistics,4902.0,4861.0,4787.0,4568.0,3727.0,3761.0,3702.0,3491.0,3369.0,2993.0,3506.0,3699.0,3480.0,3227.0
성주군 - 축산,Statistics,412.0,468.0,412.0,530.0,246.0,183.0,251.0,211.0,225.0,221.0,286.0,270.0,306.0,320.0
세종특별자치시 - 계,Statistics,,,,6072.0,6571.0,6304.0,5918.0,5789.0,5878.0,7163.0,6573.0,6170.0,5966.0,5890.0
세종특별자치시 - 과수,Statistics,,,,808.0,1039.0,940.0,874.0,728.0,682.0,1172.0,1028.0,930.0,727.0,876.0
세종특별자치시 - 기타작물,Statistics,,,,143.0,535.0,297.0,323.0,376.0,671.0,754.0,575.0,686.0,1077.0,687.0
세종특별자치시 - 논벼,Statistics,,,,3736.0,3169.0,2832.0,2765.0,2705.0,2648.0,3150.0,2999.0,3080.0,2701.0,2936.0
세종특별자치시 - 식량작물,Statistics,,,,439.0,755.0,414.0,659.0,391.0,918.0,924.0,791.0,463.0,494.0,366.0
세종특별자치시 - 채소·산나물,Statistics,,,,545.0,520.0,1405.0,863.0,1215.0,561.0,677.0,782.0,855.0,681.0,786.0
세종특별자치시 - 축산,Statistics,,,,401.0,553.0,416.0,435.0,374.0,397.0,486.0,399.0,157.0,287.0,239.0
속초시 - 계,Statistics,921.0,992.0,943.0,992.0,1072.0,1049.0,1037.0,1015.0,1027.0,1027.0,1111.0,1144.0,1117.0,1072.0
속초시 - 과수,Statistics,108.0,70.0,78.0,57.0,65.0,39.0,63.0,94.0,77.0,120.0,157.0,161.0,131.0,123.0
속초시 - 기타작물,Statistics,30.0,13.0,3.0,23.0,102.0,179.0,201.0,165.0,182.0,116.0,210.0,232.0,236.0,221.0
속초시 - 논벼,Statistics,355.0,354.0,388.0,401.0,314.0,276.0,290.0,295.0,254.0,309.0,265.0,345.0,318.0,292.0
속초시 - 식량작물,Statistics,166.0,253.0,368.0,382.0,361.0,75.0,62.0,91.0,160.0,295.0,96.0,202.0,197.0,222.0
속초시 - 채소·산나물,Statistics,253.0,287.0,86.0,122.0,194.0,430.0,375.0,325.0,296.0,170.0,367.0,190.0,220.0,189.0
속초시 - 축산,Statistics,10.0,16.0,19.0,6.0,36.0,51.0,46.0,46.0,58.0,17.0,15.0,15.0,15.0,26.0
수원시 - 계,Statistics,3024.0,2877.0,2823.0,2732.0,3357.0,2939.0,2825.0,2702.0,2688.0,5427.0,4833.0,4661.0,3575.0,3526.0
수원시 - 과수,Statistics,347.0,347.0,392.0,341.0,265.0,311.0,414.0,414.0,449.0,516.0,367.0,485.0,283.0,446.0
수원시 - 기타작물,Statistics,222.0,106.0,98.0,56.0,150.0,297.0,201.0,104.0,138.0,475.0,300.0,222.0,253.0,297.0
수원시 - 논벼,Statistics,1572.0,1595.0,1504.0,1500.0,1783.0,1541.0,1409.0,1312.0,1221.0,2412.0,2033.0,2078.0,1915.0,1637.0
수원시 - 식량작물,Statistics,146.0,135.0,177.0,154.0,745.0,153.0,152.0,284.0,341.0,1206.0,515.0,1293.0,125.0,467.0
수원시 - 채소·산나물,Statistics,624.0,582.0,547.0,573.0,365.0,520.0,532.0,506.0,456.0,759.0,1535.0,538.0,947.0,626.0
수원시 - 축산,Statistics,112.0,112.0,104.0,108.0,49.0,117.0,117.0,82.0,82.0,59.0,84.0,46.0,53.0,53.0
순창군 - 계,Statistics,5217.0,5148.0,5167.0,5314.0,4864.0,4911.0,4904.0,4787.0,4732.0,4653.0,4518.0,4793.0,4890.0,4586.0
순창군 - 과수,Statistics,314.0,207.0,331.0,349.0,685.0,593.0,681.0,360.0,464.0,271.0,292.0,307.0,319.0,522.0
순창군 - 기타작물,Statistics,62.0,53.0,158.0,96.0,218.0,267.0,141.0,111.0,205.0,431.0,109.0,264.0,305.0,92.0
순창군 - 논벼,Statistics,3365.0,3460.0,3245.0,3583.0,2731.0,2844.0,2594.0,3152.0,2764.0,2678.0,2559.0,2646.0,2869.0,2697.0
순창군 - 식량작물,Statistics,105.0,157.0,261.0,217.0,388.0,313.0,497.0,299.0,271.0,463.0,711.0,765.0,839.0,838.0
순창군 - 채소·산나물,Statistics,1159.0,1032.0,945.0,892.0,612.0,569.0,677.0,489.0,691.0,595.0,757.0,669.0,504.0,420.0
순창군 - 축산,Statistics,212.0,238.0,227.0,177.0,230.0,325.0,314.0,375.0,338.0,215.0,89.0,141.0,54.0,17.0
순천시 - 계,Statistics,12624.0,12271.0,12889.0,12301.0,11325.0,10978.0,11240.0,10763.0,10614.0,11869.0,13255.0,12664.0,12489.0,11882.0
순천시 - 과수,Statistics,3644.0,3260.0,3632.0,3138.0,3322.0,3858.0,3118.0,3440.0,3072.0,3193.0,3523.0,3221.0,3450.0,3672.0
순천시 - 기타작물,Statistics,2489.0,1454.0,1464.0,1413.0,1011.0,915.0,990.0,1145.0,1384.0,1791.0,1265.0,2350.0,2146.0,1927.0
순천시 - 논벼,Statistics,3981.0,4110.0,3971.0,4798.0,4074.0,2818.0,3742.0,2874.0,3200.0,3815.0,4534.0,4500.0,4261.0,3373.0
순천시 - 식량작물,Statistics,770.0,793.0,907.0,853.0,1154.0,385.0,845.0,516.0,441.0,1201.0,1433.0,907.0,759.0,1042.0
순천시 - 채소·산나물,Statistics,1213.0,2303.0,2541.0,1747.0,1459.0,2335.0,1820.0,1987.0,1726.0,1538.0,2366.0,1511.0,1654.0,1738.0
순천시 - 축산,Statistics,526.0,352.0,375.0,352.0,305.0,667.0,725.0,801.0,790.0,331.0,133.0,175.0,219.0,131.0
시흥시 - 계,Statistics,1910.0,1876.0,1790.0,1787.0,1873.0,1691.0,1703.0,1646.0,1652.0,1798.0,1717.0,1471.0,1321.0,1292.0
시흥시 - 과수,Statistics,176.0,181.0,266.0,241.0,182.0,200.0,216.0,192.0,208.0,238.0,161.0,228.0,206.0,93.0
시흥시 - 기타작물,Statistics,89.0,20.0,21.0,28.0,68.0,158.0,133.0,150.0,40.0,168.0,67.0,18.0,49.0,67.0
시흥시 - 논벼,Statistics,723.0,726.0,613.0,635.0,643.0,640.0,619.0,611.0,694.0,540.0,518.0,494.0,429.0,423.0
시흥시 - 식량작물,Statistics,106.0,217.0,167.0,151.0,468.0,90.0,211.0,244.0,244.0,613.0,351.0,420.0,361.0,402.0
시흥시 - 채소·산나물,Statistics,657.0,636.0,610.0,629.0,443.0,579.0,498.0,425.0,450.0,210.0,584.0,259.0,231.0,275.0
시흥시 - 축산,Statistics,159.0,95.0,112.0,104.0,69.0,24.0,24.0,24.0,16.0,29.0,35.0,51.0,44.0,32.0
신안군 - 계,Statistics,8468.0,8476.0,8729.0,8500.0,7380.0,7543.0,7368.0,7216.0,7161.0,6112.0,7136.0,6825.0,6683.0,6505.0
신안군 - 과수,Statistics,21.0,,10.0,30.0,189.0,128.0,158.0,128.0,158.0,228.0,222.0,320.0,275.0,431.0
신안군 - 기타작물,Statistics,843.0,123.0,178.0,210.0,291.0,188.0,157.0,98.0,90.0,205.0,49.0,168.0,209.0,182.0
신안군 - 논벼,Statistics,2246.0,1719.0,1777.0,2094.0,2618.0,2230.0,2676.0,2465.0,3045.0,2329.0,1954.0,1775.0,2054.0,2053.0
신안군 - 식량작물,Statistics,226.0,475.0,460.0,367.0,409.0,320.0,147.0,46.0,141.0,397.0,299.0,309.0,196.0,232.0
신안군 - 채소·산나물,Statistics,5043.0,6080.0,6266.0,5743.0,3764.0,4572.0,4110.0,4310.0,3514.0,2845.0,4526.0,4144.0,3892.0,3503.0
신안군 - 축산,Statistics,90.0,79.0,36.0,57.0,109.0,105.0,120.0,169.0,214.0,108.0,85.0,109.0,56.0,103.0
아산시 - 계,Statistics,10706.0,10462.0,10202.0,10061.0,9463.0,9332.0,8851.0,8835.0,8684.0,8847.0,8627.0,8556.0,8313.0,8117.0
아산시 - 과수,Statistics,1199.0,788.0,901.0,879.0,683.0,904.0,873.0,951.0,930.0,687.0,465.0,600.0,468.0,579.0
아산시 - 기타작물,Statistics,467.0,410.0,202.0,287.0,335.0,492.0,301.0,380.0,224.0,622.0,633.0,729.0,807.0,714.0
아산시 - 논벼,Statistics,7390.0,7297.0,6899.0,6818.0,6284.0,6284.0,6014.0,5878.0,5707.0,5413.0,5375.0,5154.0,5246.0,4659.0
아산시 - 식량작물,Statistics,466.0,532.0,764.0,737.0,856.0,333.0,446.0,523.0,456.0,1009.0,533.0,636.0,311.0,696.0
아산시 - 채소·산나물,Statistics,660.0,946.0,886.0,824.0,935.0,947.0,777.0,798.0,1072.0,760.0,1408.0,1164.0,1270.0,1293.0
아산시 - 축산,Statistics,525.0,489.0,549.0,518.0,370.0,373.0,440.0,305.0,295.0,356.0,214.0,272.0,211.0,177.0
안동시 - 계,Statistics,15201.0,14661.0,15142.0,15066.0,14128.0,13853.0,13149.0,13128.0,13126.0,12088.0,12256.0,11993.0,11416.0,10956.0
안동시 - 과수,Statistics,3228.0,3375.0,3524.0,3278.0,3166.0,2681.0,2516.0,2469.0,2381.0,2666.0,2184.0,2210.0,1976.0,2018.0
안동시 - 기타작물,Statistics,989.0,901.0,979.0,1053.0,1322.0,1679.0,2219.0,1037.0,829.0,1620.0,778.0,369.0,1218.0,1456.0
안동시 - 논벼,Statistics,3703.0,3717.0,3591.0,3786.0,3927.0,4004.0,4044.0,3357.0,4328.0,3395.0,2890.0,3491.0,3269.0,2731.0
안동시 - 식량작물,Statistics,1586.0,1463.0,1945.0,2147.0,2104.0,1498.0,2293.0,1237.0,2168.0,2125.0,2769.0,2357.0,1425.0,985.0
안동시 - 채소·산나물,Statistics,5478.0,5029.0,4818.0,4534.0,3088.0,3347.0,1539.0,4481.0,3081.0,1940.0,2924.0,2969.0,2988.0,3279.0
안동시 - 축산,Statistics,218.0,176.0,285.0,270.0,521.0,643.0,539.0,547.0,339.0,342.0,711.0,597.0,540.0,487.0
안산시 - 계,Statistics,2076.0,2027.0,1971.0,1962.0,1987.0,1943.0,1886.0,1804.0,1759.0,2009.0,1894.0,1721.0,1659.0,1558.0
안산시 - 과수,Statistics,1084.0,1040.0,930.0,926.0,680.0,824.0,771.0,728.0,742.0,569.0,485.0,592.0,400.0,378.0
안산시 - 기타작물,Statistics,116.0,5.0,,62.0,83.0,52.0,109.0,115.0,142.0,117.0,77.0,72.0,20.0,111.0
안산시 - 논벼,Statistics,658.0,658.0,577.0,613.0,469.0,514.0,422.0,385.0,364.0,494.0,322.0,250.0,381.0,342.0
안산시 - 식량작물,Statistics,50.0,50.0,129.0,85.0,284.0,18.0,71.0,59.0,39.0,458.0,269.0,143.0,190.0,304.0
안산시 - 채소·산나물,Statistics,168.0,275.0,321.0,263.0,419.0,514.0,492.0,485.0,451.0,331.0,736.0,649.0,652.0,408.0
안산시 - 축산,Statistics,,,13.0,13.0,52.0,20.0,20.0,33.0,20.0,40.0,5.0,14.0,16.0,14.0
안성시 - 계,Statistics,10084.0,9871.0,9708.0,9538.0,8578.0,8634.0,8603.0,8559.0,8518.0,7943.0,9352.0,9860.0,9421.0,9214.0
안성시 - 과수,Statistics,1214.0,1257.0,1241.0,1310.0,856.0,1170.0,1354.0,1214.0,1226.0,788.0,979.0,1003.0,1007.0,923.0
안성시 - 기타작물,Statistics,619.0,314.0,225.0,173.0,336.0,379.0,209.0,299.0,181.0,493.0,340.0,433.0,689.0,977.0
안성시 - 논벼,Statistics,5695.0,5507.0,5153.0,4810.0,4977.0,4584.0,4594.0,4235.0,4450.0,4378.0,5162.0,5344.0,4895.0,4772.0
안성시 - 식량작물,Statistics,307.0,506.0,777.0,813.0,876.0,548.0,431.0,745.0,638.0,862.0,967.0,1351.0,1094.0,976.0
안성시 - 채소·산나물,Statistics,764.0,842.0,882.0,950.0,610.0,719.0,701.0,648.0,787.0,619.0,1228.0,1025.0,1042.0,833.0
안성시 - 축산,Statistics,1485.0,1445.0,1429.0,1482.0,923.0,1235.0,1313.0,1418.0,1236.0,803.0,675.0,704.0,693.0,733.0
안양시 - 계,Statistics,551.0,508.0,479.0,438.0,654.0,577.0,551.0,542.0,533.0,1390.0,1069.0,1042.0,1020.0,946.0
안양시 - 과수,Statistics,66.0,59.0,29.0,11.0,88.0,47.0,81.0,110.0,110.0,231.0,192.0,115.0,181.0,103.0
안양시 - 기타작물,Statistics,121.0,68.0,68.0,46.0,83.0,53.0,22.0,19.0,9.0,154.0,129.0,91.0,88.0,143.0
안양시 - 논벼,Statistics,116.0,98.0,98.0,98.0,185.0,150.0,172.0,188.0,178.0,409.0,341.0,329.0,381.0,314.0
안양시 - 식량작물,Statistics,64.0,39.0,48.0,43.0,164.0,38.0,25.0,170.0,201.0,365.0,123.0,142.0,80.0,88.0
안양시 - 채소·산나물,Statistics,89.0,142.0,155.0,160.0,116.0,289.0,251.0,56.0,34.0,220.0,259.0,339.0,281.0,273.0
안양시 - 축산,Statistics,96.0,102.0,80.0,80.0,18.0,0.0,0.0,,0.0,11.0,24.0,24.0,9.0,24.0
양구군 - 계,Statistics,2101.0,2000.0,1993.0,1952.0,2169.0,2242.0,2113.0,2157.0,2131.0,2280.0,2151.0,1872.0,1837.0,1829.0
양구군 - 과수,Statistics,78.0,104.0,89.0,89.0,87.0,97.0,129.0,99.0,139.0,150.0,191.0,127.0,110.0,112.0
양구군 - 기타작물,Statistics,55.0,122.0,96.0,90.0,211.0,260.0,211.0,271.0,168.0,355.0,148.0,252.0,331.0,267.0
양구군 - 논벼,Statistics,1074.0,960.0,945.0,954.0,723.0,691.0,437.0,399.0,499.0,599.0,653.0,483.0,406.0,386.0
양구군 - 식량작물,Statistics,231.0,294.0,306.0,305.0,283.0,196.0,201.0,224.0,264.0,355.0,211.0,165.0,105.0,193.0
양구군 - 채소·산나물,Statistics,481.0,359.0,371.0,337.0,720.0,926.0,951.0,991.0,926.0,724.0,874.0,734.0,790.0,777.0
양구군 - 축산,Statistics,183.0,161.0,186.0,176.0,145.0,71.0,184.0,172.0,134.0,97.0,74.0,110.0,93.0,94.0
양산시 - 계,Statistics,2939.0,2902.0,2879.0,2826.0,3096.0,2620.0,2405.0,2374.0,2381.0,3530.0,3118.0,2875.0,2761.0,2680.0
양산시 - 과수,Statistics,489.0,504.0,532.0,558.0,518.0,496.0,473.0,466.0,409.0,646.0,568.0,531.0,473.0,518.0
양산시 - 기타작물,Statistics,203.0,259.0,166.0,136.0,211.0,230.0,101.0,93.0,354.0,372.0,160.0,113.0,80.0,127.0
양산시 - 논벼,Statistics,1193.0,1179.0,1065.0,1053.0,1054.0,817.0,622.0,810.0,682.0,1064.0,956.0,413.0,599.0,735.0
양산시 - 식량작물,Statistics,160.0,208.0,281.0,300.0,540.0,39.0,132.0,243.0,209.0,680.0,253.0,233.0,211.0,118.0
양산시 - 채소·산나물,Statistics,517.0,479.0,600.0,572.0,579.0,894.0,931.0,660.0,535.0,646.0,1077.0,1529.0,1349.0,1134.0
양산시 - 축산,Statistics,377.0,273.0,234.0,206.0,194.0,145.0,145.0,102.0,192.0,122.0,103.0,58.0,48.0,48.0
양양군 - 계,Statistics,3072.0,3058.0,3054.0,2983.0,2996.0,3122.0,2934.0,2864.0,2666.0,2733.0,2695.0,2644.0,2626.0,2606.0
양양군 - 과수,Statistics,88.0,61.0,108.0,108.0,203.0,228.0,198.0,261.0,177.0,221.0,308.0,324.0,310.0,317.0
양양군 - 기타작물,Statistics,265.0,185.0,160.0,182.0,507.0,783.0,488.0,516.0,627.0,414.0,497.0,567.0,314.0,329.0
양양군 - 논벼,Statistics,1583.0,1567.0,1468.0,1460.0,1123.0,1032.0,1031.0,909.0,1000.0,928.0,855.0,840.0,773.0,863.0
양양군 - 식량작물,Statistics,487.0,200.0,495.0,532.0,659.0,181.0,316.0,429.0,304.0,731.0,210.0,159.0,168.0,233.0
양양군 - 채소·산나물,Statistics,443.0,851.0,659.0,598.0,351.0,759.0,793.0,656.0,515.0,332.0,717.0,660.0,940.0,779.0
양양군 - 축산,Statistics,206.0,194.0,165.0,102.0,153.0,141.0,109.0,93.0,44.0,107.0,108.0,94.0,122.0,86.0
양주시 - 계,Statistics,4924.0,4689.0,4487.0,4372.0,4318.0,4017.0,3906.0,3798.0,3620.0,3735.0,3403.0,3312.0,3153.0,3039.0
양주시 - 과수,Statistics,128.0,134.0,178.0,159.0,123.0,252.0,264.0,252.0,143.0,125.0,231.0,231.0,185.0,167.0
양주시 - 기타작물,Statistics,568.0,504.0,460.0,402.0,543.0,502.0,471.0,428.0,504.0,455.0,349.0,358.0,413.0,422.0
양주시 - 논벼,Statistics,2012.0,1967.0,1777.0,1700.0,1586.0,1262.0,1193.0,1089.0,1035.0,1201.0,984.0,903.0,884.0,897.0
양주시 - 식량작물,Statistics,611.0,581.0,352.0,288.0,788.0,358.0,591.0,581.0,761.0,856.0,776.0,653.0,648.0,576.0
양주시 - 채소·산나물,Statistics,1190.0,1152.0,1324.0,1466.0,937.0,1297.0,1022.0,1137.0,829.0,835.0,881.0,944.0,863.0,845.0
양주시 - 축산,Statistics,416.0,352.0,396.0,358.0,341.0,346.0,367.0,310.0,348.0,263.0,182.0,223.0,159.0,131.0
양평군 - 계,Statistics,8398.0,8517.0,8430.0,8326.0,7615.0,7226.0,7118.0,6841.0,6483.0,6149.0,6126.0,5975.0,5805.0,6136.0
양평군 - 과수,Statistics,479.0,475.0,419.0,387.0,226.0,147.0,147.0,207.0,207.0,218.0,190.0,215.0,140.0,255.0
양평군 - 기타작물,Statistics,844.0,878.0,907.0,925.0,542.0,638.0,409.0,294.0,271.0,821.0,755.0,775.0,1102.0,436.0
양평군 - 논벼,Statistics,3705.0,3554.0,3424.0,3361.0,3269.0,3080.0,3063.0,2941.0,2727.0,2338.0,2143.0,1843.0,1933.0,2178.0
양평군 - 식량작물,Statistics,831.0,637.0,788.0,988.0,2069.0,547.0,725.0,1399.0,1542.0,1456.0,858.0,580.0,565.0,894.0
양평군 - 채소·산나물,Statistics,1814.0,2275.0,2270.0,2136.0,1016.0,2307.0,2319.0,1614.0,1388.0,951.0,1736.0,2277.0,1655.0,1958.0
양평군 - 축산,Statistics,725.0,698.0,623.0,529.0,493.0,507.0,455.0,385.0,347.0,365.0,444.0,285.0,408.0,415.0
여수시 - 계,Statistics,11150.0,11250.0,11305.0,11263.0,9495.0,8859.0,9093.0,8867.0,8582.0,7948.0,8728.0,9023.0,9130.0,8701.0
여수시 - 과수,Statistics,540.0,518.0,521.0,404.0,496.0,903.0,1081.0,848.0,741.0,628.0,1119.0,1218.0,954.0,836.0
여수시 - 기타작물,Statistics,1101.0,542.0,518.0,689.0,894.0,373.0,229.0,347.0,239.0,1253.0,481.0,686.0,868.0,846.0
여수시 - 논벼,Statistics,3296.0,3250.0,3413.0,3198.0,2731.0,2438.0,1960.0,1863.0,1739.0,1853.0,1751.0,1981.0,1522.0,1857.0
여수시 - 식량작물,Statistics,1369.0,1386.0,1230.0,1137.0,2657.0,1070.0,1717.0,1664.0,1773.0,2242.0,1351.0,1074.0,1464.0,734.0
여수시 - 채소·산나물,Statistics,4537.0,5256.0,5320.0,5634.0,2519.0,3864.0,3885.0,3969.0,3916.0,1852.0,3872.0,3942.0,4175.0,4251.0
여수시 - 축산,Statistics,307.0,299.0,304.0,201.0,198.0,212.0,221.0,176.0,174.0,120.0,153.0,122.0,147.0,177.0
여주군 - 계,Statistics,8142.0,8164.0,8011.0,7596.0,,,,,,,,,,
여주군 - 과수,Statistics,285.0,300.0,286.0,317.0,,,,,,,,,,
여주군 - 기타작물,Statistics,404.0,483.0,463.0,382.0,,,,,,,,,,
여주군 - 논벼,Statistics,4758.0,4719.0,4504.0,4490.0,,,,,,,,,,
여주군 - 식량작물,Statistics,1073.0,1011.0,1082.0,1050.0,,,,,,,,,,
여주군 - 채소·산나물,Statistics,1426.0,1469.0,1479.0,1153.0,,,,,,,,,,
여주군 - 축산,Statistics,197.0,182.0,197.0,204.0,,,,,,,,,,
여주시 - 계,Statistics,,,,,7241.0,7481.0,7325.0,7114.0,6676.0,6878.0,6403.0,6568.0,6398.0,6400.0
여주시 - 과수,Statistics,,,,,186.0,82.0,136.0,100.0,170.0,214.0,115.0,107.0,140.0,118.0
여주시 - 기타작물,Statistics,,,,,354.0,788.0,374.0,400.0,383.0,604.0,192.0,322.0,325.0,530.0
여주시 - 논벼,Statistics,,,,,4542.0,4906.0,4736.0,4474.0,4241.0,4195.0,4152.0,4321.0,3963.0,4205.0
여주시 - 식량작물,Statistics,,,,,1136.0,217.0,876.0,771.0,529.0,942.0,508.0,389.0,326.0,230.0
여주시 - 채소·산나물,Statistics,,,,,626.0,1270.0,939.0,1139.0,1107.0,551.0,1000.0,1018.0,1251.0,903.0
여주시 - 축산,Statistics,,,,,397.0,217.0,265.0,230.0,247.0,372.0,436.0,411.0,393.0,415.0
연기군 - 계,Statistics,5483.0,5509.0,5583.0,,,,,,,,,,,
연기군 - 과수,Statistics,735.0,730.0,800.0,,,,,,,,,,,
연기군 - 기타작물,Statistics,460.0,366.0,407.0,,,,,,,,,,,
연기군 - 논벼,Statistics,3125.0,3182.0,2972.0,,,,,,,,,,,
연기군 - 식량작물,Statistics,358.0,294.0,357.0,,,,,,,,,,,
연기군 - 채소·산나물,Statistics,536.0,680.0,716.0,,,,,,,,,,,
연기군 - 축산,Statistics,270.0,255.0,330.0,,,,,,,,,,,
연천군 - 계,Statistics,4025.0,3958.0,3798.0,3645.0,3557.0,3438.0,3377.0,3241.0,3142.0,3079.0,2926.0,2914.0,2844.0,2804.0
연천군 - 과수,Statistics,51.0,33.0,45.0,45.0,68.0,123.0,104.0,104.0,104.0,92.0,80.0,80.0,100.0,103.0
연천군 - 기타작물,Statistics,322.0,303.0,257.0,317.0,367.0,400.0,499.0,405.0,341.0,440.0,376.0,474.0,488.0,440.0
연천군 - 논벼,Statistics,1779.0,1732.0,1601.0,1500.0,1434.0,1281.0,1365.0,1337.0,1254.0,1237.0,1038.0,1117.0,1001.0,982.0
연천군 - 식량작물,Statistics,863.0,773.0,814.0,807.0,918.0,677.0,622.0,570.0,646.0,604.0,581.0,566.0,575.0,581.0
연천군 - 채소·산나물,Statistics,533.0,622.0,595.0,501.0,421.0,686.0,481.0,573.0,540.0,416.0,489.0,329.0,321.0,362.0
연천군 - 축산,Statistics,477.0,496.0,484.0,475.0,349.0,271.0,306.0,253.0,258.0,290.0,363.0,350.0,360.0,336.0
영광군 - 계,Statistics,6889.0,6834.0,6913.0,6636.0,5911.0,5733.0,5728.0,5873.0,5681.0,5065.0,5661.0,6048.0,5938.0,5415.0
영광군 - 과수,Statistics,72.0,84.0,89.0,110.0,114.0,170.0,156.0,128.0,192.0,117.0,149.0,196.0,170.0,176.0
영광군 - 기타작물,Statistics,144.0,86.0,114.0,155.0,223.0,280.0,175.0,211.0,119.0,427.0,136.0,144.0,109.0,252.0
영광군 - 논벼,Statistics,4377.0,4624.0,4655.0,4558.0,3705.0,3821.0,3753.0,3447.0,2909.0,3093.0,3176.0,3985.0,3533.0,3366.0
영광군 - 식량작물,Statistics,595.0,390.0,814.0,481.0,651.0,508.0,534.0,468.0,1903.0,567.0,680.0,345.0,957.0,381.0
영광군 - 채소·산나물,Statistics,1435.0,1485.0,890.0,983.0,896.0,761.0,891.0,1499.0,396.0,579.0,1259.0,1150.0,950.0,1028.0
영광군 - 축산,Statistics,265.0,164.0,350.0,348.0,322.0,193.0,220.0,120.0,162.0,282.0,260.0,227.0,220.0,212.0
영덕군 - 계,Statistics,5062.0,4802.0,4710.0,4549.0,4319.0,4859.0,4735.0,4572.0,4387.0,3314.0,3206.0,3067.0,3102.0,2941.0
영덕군 - 과수,Statistics,618.0,639.0,611.0,633.0,1129.0,1367.0,1363.0,1286.0,1225.0,909.0,526.0,536.0,564.0,442.0
영덕군 - 기타작물,Statistics,179.0,121.0,170.0,235.0,171.0,404.0,567.0,397.0,626.0,241.0,248.0,332.0,110.0,183.0
영덕군 - 논벼,Statistics,2534.0,2399.0,2136.0,2203.0,1833.0,1798.0,1504.0,1581.0,1542.0,1340.0,1285.0,1380.0,1529.0,1462.0
영덕군 - 식량작물,Statistics,429.0,456.0,376.0,327.0,491.0,337.0,346.0,416.0,163.0,305.0,270.0,223.0,214.0,254.0
영덕군 - 채소·산나물,Statistics,931.0,803.0,1070.0,800.0,563.0,680.0,661.0,592.0,474.0,429.0,821.0,482.0,580.0,479.0
영덕군 - 축산,Statistics,372.0,384.0,345.0,350.0,132.0,274.0,294.0,301.0,357.0,90.0,57.0,114.0,104.0,121.0
영동군 - 계,Statistics,7313.0,7330.0,7326.0,7238.0,6974.0,6860.0,6684.0,6589.0,6609.0,5958.0,6501.0,6567.0,6395.0,6724.0
영동군 - 과수,Statistics,4280.0,4252.0,4528.0,4509.0,4781.0,4832.0,4595.0,4647.0,4443.0,3784.0,4325.0,3925.0,3909.0,4624.0
영동군 - 기타작물,Statistics,658.0,546.0,468.0,604.0,377.0,408.0,668.0,483.0,316.0,636.0,491.0,923.0,678.0,773.0
영동군 - 논벼,Statistics,1163.0,1217.0,1165.0,1127.0,847.0,800.0,663.0,741.0,721.0,693.0,626.0,652.0,786.0,672.0
영동군 - 식량작물,Statistics,443.0,565.0,548.0,461.0,489.0,361.0,242.0,265.0,341.0,432.0,422.0,235.0,222.0,240.0
영동군 - 채소·산나물,Statistics,432.0,537.0,413.0,324.0,324.0,398.0,455.0,362.0,697.0,298.0,554.0,751.0,716.0,329.0
영동군 - 축산,Statistics,337.0,213.0,204.0,213.0,156.0,60.0,62.0,91.0,91.0,115.0,84.0,81.0,84.0,86.0
영암군 - 계,Statistics,8247.0,8101.0,8056.0,7984.0,7189.0,7409.0,7498.0,7570.0,7366.0,6761.0,6464.0,6917.0,6628.0,6366.0
영암군 - 과수,Statistics,1054.0,987.0,1027.0,1043.0,1123.0,2057.0,1751.0,1985.0,1845.0,829.0,425.0,630.0,660.0,829.0
영암군 - 기타작물,Statistics,242.0,142.0,173.0,193.0,135.0,42.0,144.0,170.0,128.0,316.0,23.0,155.0,169.0,189.0
영암군 - 논벼,Statistics,4479.0,4763.0,4886.0,4899.0,4466.0,4285.0,4405.0,4101.0,3991.0,4380.0,4474.0,4720.0,4516.0,3977.0
영암군 - 식량작물,Statistics,226.0,352.0,365.0,495.0,444.0,323.0,376.0,512.0,449.0,444.0,90.0,299.0,181.0,270.0
영암군 - 채소·산나물,Statistics,1867.0,1236.0,1041.0,835.0,626.0,464.0,645.0,613.0,732.0,436.0,1111.0,637.0,696.0,662.0
영암군 - 축산,Statistics,379.0,620.0,563.0,520.0,395.0,238.0,177.0,187.0,222.0,356.0,341.0,476.0,405.0,439.0
영양군 - 계,Statistics,3369.0,3383.0,3337.0,3250.0,3360.0,3225.0,3308.0,3071.0,3101.0,2586.0,3002.0,2958.0,2895.0,2870.0
영양군 - 과수,Statistics,323.0,297.0,390.0,443.0,509.0,524.0,625.0,514.0,409.0,476.0,548.0,452.0,460.0,500.0
영양군 - 기타작물,Statistics,50.0,47.0,97.0,124.0,226.0,205.0,193.0,172.0,113.0,205.0,102.0,143.0,113.0,142.0
영양군 - 논벼,Statistics,233.0,218.0,147.0,205.0,340.0,229.0,154.0,111.0,157.0,192.0,120.0,89.0,107.0,74.0
영양군 - 식량작물,Statistics,347.0,247.0,280.0,238.0,372.0,223.0,130.0,147.0,210.0,226.0,369.0,426.0,544.0,466.0
영양군 - 채소·산나물,Statistics,2374.0,2536.0,2395.0,2193.0,1863.0,1933.0,2080.0,2006.0,2102.0,1450.0,1823.0,1823.0,1663.0,1661.0
영양군 - 축산,Statistics,42.0,37.0,28.0,47.0,50.0,112.0,127.0,120.0,111.0,37.0,40.0,24.0,8.0,27.0
영월군 - 계,Statistics,3728.0,3748.0,3672.0,3675.0,3679.0,3757.0,3950.0,4070.0,3889.0,3047.0,3454.0,3524.0,3540.0,3492.0
영월군 - 과수,Statistics,201.0,152.0,188.0,192.0,242.0,155.0,71.0,116.0,60.0,236.0,164.0,212.0,163.0,204.0
영월군 - 기타작물,Statistics,439.0,285.0,322.0,292.0,362.0,673.0,388.0,570.0,545.0,408.0,415.0,464.0,633.0,563.0
영월군 - 논벼,Statistics,381.0,249.0,209.0,286.0,212.0,201.0,146.0,103.0,129.0,131.0,93.0,133.0,127.0,108.0
영월군 - 식량작물,Statistics,1524.0,2017.0,2124.0,2121.0,1851.0,1657.0,1699.0,1375.0,1646.0,1351.0,1618.0,1146.0,982.0,848.0
영월군 - 채소·산나물,Statistics,1037.0,950.0,713.0,638.0,841.0,898.0,1500.0,1696.0,1322.0,806.0,1060.0,1500.0,1502.0,1621.0
영월군 - 축산,Statistics,146.0,95.0,117.0,146.0,171.0,174.0,147.0,210.0,187.0,115.0,104.0,68.0,132.0,148.0
영주시 - 계,Statistics,8699.0,8138.0,8229.0,7936.0,8777.0,8109.0,7991.0,7827.0,7888.0,8248.0,8025.0,8041.0,7992.0,7809.0
영주시 - 과수,Statistics,2557.0,2761.0,2741.0,2901.0,3121.0,3350.0,3406.0,3287.0,3127.0,2824.0,2551.0,2217.0,2317.0,2195.0
영주시 - 기타작물,Statistics,612.0,461.0,465.0,409.0,908.0,703.0,637.0,604.0,488.0,1057.0,650.0,429.0,955.0,1056.0
영주시 - 논벼,Statistics,2720.0,1870.0,1616.0,1429.0,1827.0,1489.0,1512.0,1396.0,1634.0,1613.0,1190.0,1640.0,1307.0,1482.0
영주시 - 식량작물,Statistics,859.0,1044.0,784.0,919.0,941.0,464.0,714.0,782.0,722.0,875.0,1008.0,1321.0,963.0,825.0
영주시 - 채소·산나물,Statistics,972.0,1235.0,1589.0,1413.0,1230.0,1596.0,1234.0,1371.0,1500.0,1271.0,2118.0,1916.0,2069.0,1716.0
영주시 - 축산,Statistics,978.0,767.0,1034.0,865.0,750.0,507.0,489.0,387.0,417.0,608.0,509.0,519.0,382.0,537.0
영천시 - 계,Statistics,12074.0,11485.0,11293.0,10969.0,10797.0,10507.0,10489.0,10254.0,10221.0,8758.0,8483.0,8065.0,7968.0,7842.0
영천시 - 과수,Statistics,6757.0,6767.0,6672.0,6591.0,6234.0,5738.0,5458.0,5257.0,5193.0,5045.0,4583.0,4790.0,4600.0,4451.0
영천시 - 기타작물,Statistics,421.0,215.0,317.0,359.0,384.0,657.0,636.0,367.0,220.0,705.0,677.0,417.0,389.0,489.0
영천시 - 논벼,Statistics,2110.0,1600.0,1522.0,1503.0,1585.0,1001.0,876.0,1084.0,1461.0,1152.0,953.0,924.0,872.0,833.0
영천시 - 식량작물,Statistics,420.0,519.0,416.0,469.0,482.0,421.0,509.0,220.0,222.0,363.0,359.0,375.0,310.0,205.0
영천시 - 채소·산나물,Statistics,1486.0,1505.0,1512.0,1356.0,1596.0,1869.0,2099.0,2486.0,2302.0,1132.0,1462.0,1277.0,1511.0,1580.0
영천시 - 축산,Statistics,880.0,878.0,854.0,690.0,516.0,820.0,912.0,841.0,823.0,361.0,449.0,282.0,285.0,285.0
예산군 - 계,Statistics,11247.0,11288.0,11066.0,10671.0,10314.0,10041.0,9922.0,9896.0,9380.0,9273.0,8812.0,8486.0,8333.0,8133.0
예산군 - 과수,Statistics,1263.0,1163.0,1321.0,1184.0,1089.0,1200.0,1237.0,1212.0,946.0,907.0,906.0,925.0,939.0,974.0
예산군 - 기타작물,Statistics,538.0,290.0,160.0,259.0,674.0,1093.0,713.0,402.0,425.0,937.0,680.0,606.0,868.0,912.0
예산군 - 논벼,Statistics,7380.0,7979.0,6697.0,6370.0,6026.0,5366.0,5190.0,5203.0,5277.0,5207.0,4526.0,4766.0,4197.0,4123.0
예산군 - 식량작물,Statistics,317.0,519.0,514.0,430.0,721.0,454.0,612.0,702.0,644.0,853.0,765.0,770.0,812.0,760.0
예산군 - 채소·산나물,Statistics,1191.0,1033.0,1875.0,1737.0,1089.0,1163.0,1395.0,1710.0,1452.0,774.0,856.0,651.0,839.0,661.0
예산군 - 축산,Statistics,557.0,305.0,498.0,691.0,715.0,766.0,774.0,668.0,635.0,595.0,1079.0,768.0,679.0,704.0
예천군 - 계,Statistics,8778.0,8952.0,8951.0,8886.0,8265.0,8179.0,7921.0,7861.0,7862.0,7139.0,8000.0,7933.0,7974.0,7588.0
예천군 - 과수,Statistics,974.0,929.0,830.0,857.0,933.0,1053.0,1047.0,1078.0,1197.0,848.0,841.0,830.0,762.0,674.0
예천군 - 기타작물,Statistics,388.0,373.0,353.0,579.0,597.0,833.0,1187.0,663.0,879.0,659.0,378.0,581.0,504.0,391.0
예천군 - 논벼,Statistics,5441.0,5309.0,5126.0,5322.0,4677.0,3915.0,3398.0,3347.0,3350.0,4134.0,3888.0,3916.0,4080.0,4077.0
예천군 - 식량작물,Statistics,584.0,758.0,999.0,823.0,701.0,775.0,605.0,618.0,387.0,552.0,607.0,609.0,495.0,367.0
예천군 - 채소·산나물,Statistics,792.0,969.0,1035.0,778.0,800.0,1021.0,991.0,1471.0,1323.0,515.0,1476.0,1194.0,1471.0,1351.0
예천군 - 축산,Statistics,599.0,613.0,607.0,526.0,557.0,583.0,692.0,685.0,725.0,431.0,811.0,804.0,663.0,729.0
오산시 - 계,Statistics,1216.0,1244.0,1244.0,1203.0,1183.0,1173.0,1160.0,1154.0,1164.0,1496.0,1314.0,1191.0,1132.0,1076.0
오산시 - 과수,Statistics,42.0,50.0,39.0,33.0,72.0,85.0,79.0,104.0,73.0,93.0,0.0,16.0,59.0,16.0
오산시 - 기타작물,Statistics,38.0,17.0,7.0,4.0,55.0,76.0,94.0,75.0,123.0,95.0,12.0,8.0,20.0,61.0
오산시 - 논벼,Statistics,830.0,831.0,818.0,788.0,774.0,811.0,805.0,792.0,739.0,877.0,822.0,869.0,817.0,717.0
오산시 - 식량작물,Statistics,120.0,151.0,224.0,172.0,125.0,82.0,75.0,69.0,82.0,298.0,159.0,223.0,44.0,127.0
오산시 - 채소·산나물,Statistics,166.0,181.0,133.0,191.0,142.0,101.0,88.0,94.0,123.0,118.0,318.0,72.0,191.0,155.0
오산시 - 축산,Statistics,21.0,15.0,24.0,15.0,15.0,19.0,19.0,19.0,25.0,15.0,4.0,4.0,0.0,0.0
옥천군 - 계,Statistics,6694.0,6370.0,6194.0,6192.0,5936.0,6110.0,5987.0,5696.0,5426.0,5267.0,5145.0,5256.0,5336.0,5358.0
옥천군 - 과수,Statistics,1766.0,1607.0,1692.0,2045.0,1449.0,1949.0,2113.0,1804.0,1347.0,1278.0,1409.0,1331.0,1178.0,1230.0
옥천군 - 기타작물,Statistics,767.0,966.0,951.0,725.0,882.0,703.0,933.0,560.0,679.0,920.0,977.0,1274.0,1246.0,1189.0
옥천군 - 논벼,Statistics,1429.0,1420.0,1201.0,1180.0,1651.0,1446.0,1554.0,1357.0,1416.0,1321.0,1252.0,1378.0,1365.0,1535.0
옥천군 - 식량작물,Statistics,893.0,892.0,1030.0,775.0,1037.0,692.0,547.0,721.0,639.0,865.0,454.0,481.0,323.0,328.0
옥천군 - 채소·산나물,Statistics,1578.0,1193.0,1005.0,1277.0,550.0,884.0,500.0,782.0,852.0,585.0,693.0,494.0,859.0,722.0
옥천군 - 축산,Statistics,262.0,292.0,315.0,190.0,367.0,434.0,340.0,471.0,494.0,298.0,359.0,298.0,365.0,355.0
옹진군 - 계,Statistics,1408.0,1383.0,1398.0,1427.0,1316.0,1352.0,1302.0,1247.0,1260.0,1133.0,1254.0,1149.0,1118.0,1122.0
옹진군 - 과수,Statistics,127.0,102.0,130.0,140.0,114.0,204.0,184.0,174.0,182.0,91.0,80.0,82.0,106.0,125.0
옹진군 - 기타작물,Statistics,81.0,70.0,43.0,37.0,22.0,37.0,86.0,54.0,54.0,69.0,106.0,20.0,17.0,8.0
옹진군 - 논벼,Statistics,449.0,435.0,417.0,372.0,371.0,283.0,269.0,256.0,243.0,281.0,299.0,228.0,243.0,242.0
옹진군 - 식량작물,Statistics,223.0,150.0,201.0,275.0,505.0,63.0,97.0,112.0,149.0,441.0,166.0,315.0,69.0,240.0
옹진군 - 채소·산나물,Statistics,529.0,627.0,608.0,598.0,293.0,752.0,667.0,651.0,633.0,242.0,603.0,504.0,681.0,507.0
옹진군 - 축산,Statistics,,,,6.0,11.0,14.0,0.0,,0.0,9.0,0.0,0.0,0.0,0.0
완도군 - 계,Statistics,5236.0,5195.0,5278.0,5028.0,3938.0,4322.0,4111.0,4110.0,4055.0,3378.0,3891.0,3341.0,3194.0,3410.0
완도군 - 과수,Statistics,484.0,456.0,636.0,595.0,439.0,604.0,507.0,546.0,581.0,487.0,547.0,600.0,660.0,721.0
완도군 - 기타작물,Statistics,166.0,59.0,139.0,168.0,121.0,254.0,487.0,531.0,159.0,429.0,257.0,189.0,141.0,249.0
완도군 - 논벼,Statistics,1976.0,1510.0,1499.0,1670.0,1343.0,1210.0,1005.0,956.0,1090.0,832.0,869.0,882.0,668.0,777.0
완도군 - 식량작물,Statistics,709.0,735.0,665.0,387.0,635.0,403.0,349.0,288.0,378.0,431.0,430.0,177.0,173.0,211.0
완도군 - 채소·산나물,Statistics,1578.0,2045.0,2099.0,1995.0,1214.0,1641.0,1575.0,1596.0,1692.0,1063.0,1561.0,1333.0,1382.0,1234.0
완도군 - 축산,Statistics,323.0,390.0,240.0,213.0,186.0,211.0,187.0,194.0,154.0,136.0,226.0,161.0,171.0,218.0
완주군 - 계,Statistics,8829.0,8539.0,8604.0,8341.0,7921.0,7247.0,7503.0,7444.0,7226.0,7500.0,6907.0,7392.0,7219.0,6931.0
완주군 - 과수,Statistics,635.0,805.0,625.0,853.0,657.0,517.0,820.0,626.0,555.0,710.0,475.0,596.0,616.0,423.0
완주군 - 기타작물,Statistics,1154.0,1011.0,1040.0,817.0,894.0,785.0,945.0,882.0,1839.0,1212.0,819.0,740.0,615.0,690.0
완주군 - 논벼,Statistics,3349.0,2740.0,2911.0,2740.0,2845.0,3223.0,2837.0,2397.0,2182.0,2502.0,1975.0,2408.0,2344.0,2394.0
완주군 - 식량작물,Statistics,521.0,404.0,517.0,394.0,788.0,496.0,594.0,586.0,408.0,817.0,437.0,435.0,729.0,626.0
완주군 - 채소·산나물,Statistics,2654.0,2981.0,2923.0,2843.0,2187.0,1853.0,2036.0,2643.0,1919.0,1839.0,2605.0,2631.0,2490.0,2190.0
완주군 - 축산,Statistics,516.0,597.0,589.0,694.0,550.0,373.0,271.0,310.0,323.0,420.0,595.0,581.0,426.0,607.0
용인시 - 계,Statistics,7867.0,7983.0,7876.0,7658.0,7232.0,6712.0,6446.0,6191.0,5602.0,7288.0,7243.0,7432.0,6913.0,6689.0
용인시 - 과수,Statistics,238.0,171.0,171.0,190.0,230.0,160.0,230.0,122.0,101.0,384.0,533.0,359.0,405.0,322.0
용인시 - 기타작물,Statistics,921.0,705.0,675.0,662.0,646.0,490.0,437.0,495.0,286.0,1047.0,1608.0,2001.0,1341.0,1127.0
용인시 - 논벼,Statistics,4030.0,4280.0,4202.0,3920.0,3581.0,3062.0,3115.0,2872.0,2644.0,3019.0,3364.0,3540.0,3228.0,3218.0
용인시 - 식량작물,Statistics,837.0,830.0,891.0,764.0,1659.0,230.0,622.0,1008.0,972.0,1774.0,779.0,742.0,982.0,609.0
용인시 - 채소·산나물,Statistics,1403.0,1598.0,1635.0,1870.0,795.0,2320.0,1659.0,1354.0,1239.0,787.0,761.0,553.0,707.0,1204.0
용인시 - 축산,Statistics,438.0,399.0,303.0,252.0,321.0,450.0,383.0,340.0,360.0,277.0,197.0,238.0,251.0,209.0
울릉군 - 계,Statistics,494.0,497.0,496.0,491.0,473.0,466.0,477.0,479.0,486.0,468.0,440.0,452.0,452.0,468.0
울릉군 - 과수,Statistics,,,,,2.0,0.0,0.0,0.0,0.0,3.0,0.0,0.0,0.0,0.0
울릉군 - 기타작물,Statistics,6.0,6.0,6.0,4.0,2.0,15.0,7.0,22.0,16.0,18.0,16.0,8.0,8.0,8.0
울릉군 - 논벼,Statistics,5.0,5.0,5.0,5.0,0.0,0.0,0.0,0.0,0.0,1.0,4.0,4.0,4.0,4.0
울릉군 - 식량작물,Statistics,2.0,,,,7.0,0.0,0.0,0.0,0.0,3.0,12.0,16.0,4.0,8.0
울릉군 - 채소·산나물,Statistics,469.0,480.0,470.0,468.0,444.0,429.0,455.0,445.0,467.0,432.0,400.0,408.0,428.0,444.0
울릉군 - 축산,Statistics,12.0,6.0,15.0,15.0,18.0,21.0,15.0,12.0,3.0,11.0,8.0,16.0,8.0,4.0
울산광역시 - 계,Statistics,11772.0,11769.0,11997.0,11559.0,12385.0,12451.0,12070.0,11772.0,11478.0,15284.0,13408.0,13024.0,12303.0,12487.0
울산광역시 - 과수,Statistics,1461.0,1482.0,1298.0,1284.0,1995.0,2590.0,2525.0,2336.0,2304.0,2577.0,2642.0,2222.0,3084.0,3147.0
울산광역시 - 기타작물,Statistics,302.0,234.0,276.0,166.0,369.0,232.0,368.0,239.0,188.0,1067.0,334.0,324.0,129.0,341.0
울산광역시 - 논벼,Statistics,6138.0,6655.0,6800.0,6544.0,5913.0,4910.0,4785.0,4776.0,4150.0,5783.0,4614.0,4791.0,4101.0,4201.0
울산광역시 - 식량작물,Statistics,297.0,113.0,227.0,119.0,1383.0,341.0,416.0,237.0,423.0,2668.0,1024.0,660.0,850.0,482.0
울산광역시 - 채소·산나물,Statistics,2177.0,2226.0,2493.0,2643.0,1785.0,3439.0,3033.0,3320.0,3543.0,2466.0,4027.0,4449.0,3494.0,3655.0
울산광역시 - 축산,Statistics,1398.0,1059.0,903.0,802.0,940.0,939.0,943.0,864.0,871.0,723.0,767.0,578.0,646.0,660.0
울산시부 - 계,Statistics,4101.0,4231.0,4591.0,4397.0,5082.0,4901.0,4942.0,4820.0,4648.0,8563.0,6988.0,6760.0,6251.0,6354.0
울산시부 - 과수,Statistics,675.0,687.0,641.0,656.0,996.0,1369.0,1369.0,1075.0,1142.0,1662.0,1126.0,1055.0,1795.0,1791.0
울산시부 - 기타작물,Statistics,199.0,191.0,234.0,134.0,203.0,52.0,52.0,52.0,52.0,552.0,251.0,200.0,66.0,250.0
울산시부 - 논벼,Statistics,1997.0,2378.0,2440.0,2383.0,2045.0,1685.0,1825.0,1843.0,1484.0,2663.0,2024.0,1867.0,1677.0,1703.0
울산시부 - 식량작물,Statistics,76.0,8.0,8.0,15.0,795.0,252.0,290.0,118.0,273.0,1707.0,753.0,501.0,683.0,243.0
울산시부 - 채소·산나물,Statistics,1028.0,915.0,1206.0,1168.0,934.0,1505.0,1301.0,1654.0,1607.0,1871.0,2773.0,3085.0,1961.0,2260.0
울산시부 - 축산,Statistics,126.0,53.0,64.0,42.0,109.0,38.0,104.0,78.0,91.0,108.0,61.0,53.0,70.0,108.0
울주군 - 계,Statistics,7672.0,7538.0,7406.0,7162.0,7303.0,7550.0,7128.0,6952.0,6830.0,6721.0,6421.0,6264.0,6051.0,6132.0
울주군 - 과수,Statistics,785.0,795.0,657.0,628.0,999.0,1221.0,1156.0,1261.0,1162.0,915.0,1516.0,1167.0,1289.0,1356.0
울주군 - 기타작물,Statistics,104.0,43.0,43.0,32.0,166.0,180.0,315.0,187.0,135.0,515.0,83.0,124.0,63.0,91.0
울주군 - 논벼,Statistics,4142.0,4277.0,4360.0,4162.0,3868.0,3225.0,2960.0,2933.0,2665.0,3120.0,2591.0,2924.0,2424.0,2498.0
울주군 - 식량작물,Statistics,221.0,106.0,220.0,104.0,588.0,89.0,125.0,119.0,150.0,961.0,272.0,159.0,167.0,239.0
울주군 - 채소·산나물,Statistics,1148.0,1312.0,1288.0,1475.0,851.0,1934.0,1733.0,1666.0,1936.0,595.0,1254.0,1364.0,1533.0,1395.0
울주군 - 축산,Statistics,1272.0,1006.0,839.0,760.0,831.0,900.0,838.0,786.0,780.0,615.0,706.0,525.0,576.0,552.0
울진군 - 계,Statistics,4496.0,4657.0,4672.0,4594.0,4242.0,4263.0,4416.0,4292.0,4251.0,3798.0,4552.0,4423.0,4152.0,4236.0
울진군 - 과수,Statistics,112.0,112.0,112.0,134.0,136.0,83.0,71.0,71.0,160.0,148.0,116.0,212.0,138.0,177.0
울진군 - 기타작물,Statistics,127.0,75.0,109.0,66.0,137.0,71.0,59.0,97.0,73.0,273.0,76.0,175.0,256.0,120.0
울진군 - 논벼,Statistics,2533.0,2366.0,2306.0,2206.0,1985.0,2323.0,2220.0,1938.0,1732.0,1690.0,1487.0,2068.0,1766.0,1753.0
울진군 - 식량작물,Statistics,181.0,188.0,157.0,249.0,703.0,182.0,158.0,334.0,443.0,439.0,232.0,150.0,256.0,314.0
울진군 - 채소·산나물,Statistics,1300.0,1674.0,1704.0,1656.0,1055.0,1474.0,1776.0,1775.0,1581.0,1081.0,2470.0,1678.0,1562.0,1786.0
울진군 - 축산,Statistics,243.0,242.0,284.0,284.0,226.0,130.0,132.0,77.0,262.0,167.0,171.0,140.0,173.0,87.0
원주시 - 계,Statistics,8904.0,8727.0,8655.0,8515.0,8606.0,8322.0,7810.0,7625.0,7383.0,8935.0,9513.0,9437.0,9081.0,8853.0
원주시 - 과수,Statistics,457.0,455.0,481.0,540.0,542.0,734.0,656.0,627.0,669.0,679.0,882.0,750.0,757.0,811.0
원주시 - 기타작물,Statistics,969.0,1300.0,965.0,1414.0,935.0,1352.0,1436.0,948.0,762.0,1150.0,2052.0,1745.0,2331.0,2190.0
원주시 - 논벼,Statistics,3995.0,3504.0,4416.0,3633.0,3392.0,2764.0,2363.0,2410.0,2092.0,2970.0,2528.0,2499.0,2503.0,2250.0
원주시 - 식량작물,Statistics,1895.0,1508.0,1244.0,1176.0,2461.0,1792.0,1712.0,2160.0,2206.0,3163.0,1619.0,2563.0,1579.0,2035.0
원주시 - 채소·산나물,Statistics,1341.0,1722.0,1378.0,1590.0,952.0,1562.0,1525.0,1371.0,1538.0,679.0,2057.0,1475.0,1717.0,1268.0
원주시 - 축산,Statistics,247.0,239.0,171.0,162.0,324.0,117.0,117.0,109.0,117.0,294.0,376.0,406.0,194.0,300.0
음성군 - 계,Statistics,7055.0,7185.0,7255.0,7191.0,6780.0,6614.0,6357.0,6363.0,6271.0,6318.0,6626.0,6662.0,6716.0,6366.0
음성군 - 과수,Statistics,892.0,901.0,924.0,839.0,1323.0,1228.0,1175.0,1205.0,1095.0,1303.0,995.0,1018.0,1049.0,932.0
음성군 - 기타작물,Statistics,801.0,646.0,755.0,855.0,684.0,784.0,835.0,842.0,830.0,849.0,787.0,738.0,515.0,682.0
음성군 - 논벼,Statistics,3185.0,3257.0,3298.0,3304.0,2591.0,2176.0,1965.0,1933.0,2040.0,2168.0,2723.0,2564.0,2590.0,2503.0
음성군 - 식량작물,Statistics,457.0,536.0,818.0,688.0,726.0,779.0,580.0,542.0,594.0,752.0,467.0,530.0,385.0,359.0
음성군 - 채소·산나물,Statistics,1404.0,1469.0,1115.0,1138.0,1074.0,1428.0,1533.0,1590.0,1413.0,939.0,1454.0,1474.0,1782.0,1487.0
음성군 - 축산,Statistics,316.0,375.0,345.0,368.0,382.0,221.0,267.0,252.0,298.0,307.0,200.0,339.0,395.0,403.0
의령군 - 계,Statistics,5171.0,4973.0,4867.0,4582.0,4580.0,4763.0,4093.0,4025.0,3999.0,3731.0,3622.0,4130.0,3956.0,3807.0
의령군 - 과수,Statistics,236.0,259.0,244.0,234.0,253.0,191.0,156.0,337.0,242.0,269.0,297.0,379.0,327.0,363.0
의령군 - 기타작물,Statistics,16.0,28.0,36.0,106.0,181.0,255.0,53.0,121.0,217.0,247.0,228.0,211.0,298.0,194.0
의령군 - 논벼,Statistics,2673.0,2838.0,2645.0,2446.0,2598.0,2331.0,2375.0,2198.0,2170.0,2143.0,1866.0,2318.0,2075.0,1927.0
의령군 - 식량작물,Statistics,289.0,175.0,182.0,197.0,433.0,453.0,81.0,261.0,298.0,249.0,215.0,133.0,266.0,167.0
의령군 - 채소·산나물,Statistics,1180.0,1038.0,1090.0,1056.0,880.0,1160.0,1203.0,813.0,735.0,592.0,762.0,844.0,756.0,910.0
의령군 - 축산,Statistics,778.0,635.0,670.0,543.0,235.0,374.0,226.0,294.0,338.0,231.0,254.0,245.0,233.0,246.0
의성군 - 계,Statistics,12186.0,12017.0,11818.0,11641.0,10943.0,10191.0,9880.0,10021.0,9695.0,8494.0,8604.0,8793.0,8637.0,8425.0
의성군 - 과수,Statistics,3922.0,4140.0,4147.0,4127.0,3982.0,3540.0,3910.0,3790.0,3443.0,2977.0,3327.0,3202.0,2951.0,3304.0
의성군 - 기타작물,Statistics,571.0,527.0,585.0,446.0,452.0,735.0,748.0,461.0,517.0,832.0,338.0,306.0,422.0,268.0
의성군 - 논벼,Statistics,3251.0,2920.0,3216.0,3211.0,3992.0,3591.0,3183.0,3207.0,3233.0,3653.0,2542.0,2533.0,2952.0,2458.0
의성군 - 식량작물,Statistics,321.0,354.0,322.0,527.0,394.0,240.0,401.0,989.0,423.0,222.0,501.0,265.0,148.0,90.0
의성군 - 채소·산나물,Statistics,3356.0,3251.0,2808.0,2637.0,1781.0,1927.0,1438.0,1300.0,1890.0,589.0,1521.0,2074.0,1912.0,2017.0
의성군 - 축산,Statistics,765.0,825.0,740.0,693.0,342.0,158.0,200.0,274.0,190.0,221.0,374.0,412.0,252.0,289.0
의왕시 - 계,Statistics,826.0,834.0,832.0,791.0,817.0,685.0,657.0,610.0,535.0,854.0,744.0,691.0,673.0,670.0
의왕시 - 과수,Statistics,50.0,53.0,66.0,80.0,92.0,77.0,98.0,84.0,65.0,98.0,74.0,67.0,56.0,85.0
의왕시 - 기타작물,Statistics,108.0,84.0,86.0,76.0,93.0,54.0,50.0,12.0,12.0,139.0,84.0,60.0,120.0,112.0
의왕시 - 논벼,Statistics,240.0,273.0,249.0,212.0,166.0,81.0,74.0,91.0,97.0,158.0,105.0,98.0,118.0,77.0
의왕시 - 식량작물,Statistics,58.0,18.0,107.0,101.0,196.0,0.0,17.0,28.0,17.0,266.0,181.0,105.0,146.0,101.0
의왕시 - 채소·산나물,Statistics,345.0,400.0,320.0,306.0,249.0,458.0,404.0,390.0,345.0,178.0,297.0,358.0,229.0,284.0
의왕시 - 축산,Statistics,25.0,6.0,4.0,16.0,21.0,14.0,14.0,5.0,0.0,15.0,3.0,3.0,3.0,11.0
의정부시 - 계,Statistics,1150.0,1107.0,1029.0,958.0,1265.0,1138.0,1106.0,1035.0,1002.0,1459.0,1246.0,1177.0,1055.0,1043.0
의정부시 - 과수,Statistics,151.0,110.0,81.0,85.0,151.0,117.0,135.0,182.0,159.0,148.0,121.0,86.0,59.0,92.0
의정부시 - 기타작물,Statistics,169.0,116.0,94.0,104.0,179.0,164.0,140.0,73.0,73.0,207.0,219.0,229.0,302.0,224.0
의정부시 - 논벼,Statistics,364.0,348.0,270.0,235.0,349.0,243.0,252.0,240.0,216.0,336.0,335.0,245.0,218.0,239.0
의정부시 - 식량작물,Statistics,169.0,138.0,116.0,96.0,373.0,165.0,197.0,187.0,183.0,465.0,178.0,179.0,200.0,200.0
의정부시 - 채소·산나물,Statistics,281.0,375.0,451.0,418.0,187.0,435.0,367.0,339.0,342.0,279.0,386.0,432.0,277.0,288.0
의정부시 - 축산,Statistics,16.0,20.0,18.0,20.0,26.0,15.0,15.0,15.0,29.0,24.0,6.0,6.0,0.0,0.0
이천시 - 계,Statistics,9206.0,9086.0,8909.0,8736.0,8183.0,8031.0,7549.0,7074.0,6976.0,8229.0,7793.0,8019.0,7908.0,7545.0
이천시 - 과수,Statistics,983.0,922.0,864.0,902.0,671.0,911.0,963.0,888.0,837.0,647.0,778.0,662.0,720.0,676.0
이천시 - 기타작물,Statistics,530.0,345.0,327.0,405.0,459.0,527.0,392.0,516.0,376.0,644.0,646.0,773.0,977.0,1153.0
이천시 - 논벼,Statistics,5747.0,5708.0,5517.0,5405.0,4950.0,4536.0,4141.0,4112.0,4129.0,4656.0,4602.0,4721.0,4446.0,4078.0
이천시 - 식량작물,Statistics,409.0,349.0,771.0,691.0,852.0,245.0,327.0,379.0,621.0,949.0,393.0,569.0,825.0,796.0
이천시 - 채소·산나물,Statistics,798.0,995.0,745.0,657.0,636.0,1458.0,1262.0,817.0,727.0,748.0,805.0,745.0,427.0,348.0
이천시 - 축산,Statistics,738.0,768.0,686.0,676.0,615.0,354.0,462.0,362.0,287.0,585.0,568.0,548.0,514.0,493.0
익산시 - 계,Statistics,11637.0,11780.0,11357.0,11044.0,10577.0,11675.0,10922.0,10767.0,10912.0,10590.0,9960.0,10674.0,10433.0,10403.0
익산시 - 과수,Statistics,322.0,338.0,448.0,544.0,265.0,440.0,226.0,295.0,257.0,302.0,241.0,235.0,199.0,345.0
익산시 - 기타작물,Statistics,689.0,321.0,351.0,236.0,452.0,494.0,268.0,422.0,404.0,770.0,454.0,623.0,467.0,524.0
익산시 - 논벼,Statistics,7535.0,7893.0,7275.0,7114.0,7378.0,7556.0,7168.0,6912.0,7867.0,7394.0,6869.0,7294.0,7476.0,7423.0
익산시 - 식량작물,Statistics,712.0,922.0,892.0,699.0,757.0,379.0,640.0,662.0,383.0,843.0,563.0,878.0,524.0,503.0
익산시 - 채소·산나물,Statistics,1954.0,1885.0,1913.0,2077.0,1199.0,2235.0,2131.0,2019.0,1469.0,944.0,1291.0,1168.0,1326.0,1248.0
익산시 - 축산,Statistics,425.0,421.0,478.0,373.0,526.0,570.0,488.0,457.0,532.0,337.0,541.0,476.0,442.0,359.0
인제군 - 계,Statistics,3189.0,3384.0,3268.0,3086.0,3226.0,3025.0,2858.0,2917.0,2775.0,2817.0,2839.0,2724.0,2776.0,2747.0
인제군 - 과수,Statistics,48.0,86.0,74.0,110.0,78.0,92.0,108.0,92.0,161.0,129.0,111.0,50.0,81.0,90.0
인제군 - 기타작물,Statistics,222.0,196.0,247.0,185.0,363.0,430.0,410.0,447.0,338.0,416.0,319.0,513.0,554.0,431.0
인제군 - 논벼,Statistics,571.0,557.0,509.0,454.0,522.0,658.0,441.0,393.0,583.0,354.0,389.0,377.0,435.0,462.0
인제군 - 식량작물,Statistics,987.0,811.0,1151.0,1104.0,1240.0,874.0,976.0,670.0,708.0,971.0,801.0,700.0,576.0,605.0
인제군 - 채소·산나물,Statistics,1137.0,1569.0,1147.0,1127.0,908.0,868.0,727.0,1150.0,839.0,832.0,1079.0,971.0,991.0,1027.0
인제군 - 축산,Statistics,224.0,166.0,140.0,107.0,115.0,103.0,196.0,165.0,146.0,115.0,139.0,114.0,138.0,132.0
인천광역시 - 계,Statistics,13777.0,13567.0,12983.0,12928.0,13081.0,12347.0,11962.0,11440.0,11321.0,13239.0,12647.0,11762.0,11053.0,11421.0
인천광역시 - 과수,Statistics,962.0,948.0,931.0,947.0,841.0,1402.0,1326.0,1125.0,996.0,950.0,925.0,849.0,712.0,842.0
인천광역시 - 기타작물,Statistics,573.0,555.0,451.0,469.0,449.0,253.0,291.0,322.0,379.0,938.0,253.0,461.0,322.0,326.0
인천광역시 - 논벼,Statistics,7551.0,7133.0,6591.0,6553.0,6689.0,6154.0,5853.0,5600.0,5593.0,6185.0,6203.0,5691.0,5758.0,5877.0
인천광역시 - 식량작물,Statistics,1006.0,1221.0,1568.0,1698.0,2846.0,1149.0,1159.0,1212.0,1720.0,3109.0,1621.0,2645.0,912.0,2051.0
인천광역시 - 채소·산나물,Statistics,3264.0,3295.0,3042.0,2836.0,1836.0,3206.0,3198.0,3079.0,2543.0,1798.0,3338.0,1750.0,3041.0,2134.0
인천광역시 - 축산,Statistics,420.0,416.0,400.0,426.0,420.0,184.0,135.0,101.0,90.0,259.0,306.0,366.0,307.0,190.0
인천시부 - 계,Statistics,4406.0,4210.0,3428.0,3339.0,4226.0,4061.0,3901.0,3651.0,3488.0,5691.0,4777.0,4460.0,4114.0,4226.0
인천시부 - 과수,Statistics,506.0,469.0,417.0,423.0,486.0,619.0,564.0,453.0,333.0,674.0,683.0,544.0,523.0,609.0
인천시부 - 기타작물,Statistics,287.0,281.0,281.0,226.0,251.0,64.0,53.0,87.0,237.0,543.0,118.0,412.0,276.0,261.0
인천시부 - 논벼,Statistics,1420.0,1300.0,968.0,1045.0,1436.0,1282.0,1261.0,1063.0,1128.0,1796.0,1375.0,1243.0,1326.0,1462.0
인천시부 - 식량작물,Statistics,386.0,530.0,364.0,312.0,1045.0,362.0,267.0,341.0,476.0,1571.0,839.0,1746.0,462.0,1086.0
인천시부 - 채소·산나물,Statistics,1626.0,1476.0,1253.0,1195.0,907.0,1614.0,1691.0,1674.0,1293.0,1044.0,1685.0,430.0,1449.0,746.0
인천시부 - 축산,Statistics,181.0,154.0,144.0,138.0,101.0,119.0,66.0,32.0,21.0,63.0,76.0,85.0,78.0,63.0
임실군 - 계,Statistics,5331.0,5375.0,5480.0,5255.0,4729.0,4550.0,4386.0,4301.0,4254.0,4026.0,4518.0,3349.0,3602.0,3486.0
임실군 - 과수,Statistics,580.0,409.0,436.0,568.0,387.0,465.0,515.0,524.0,316.0,280.0,171.0,144.0,128.0,157.0
임실군 - 기타작물,Statistics,298.0,322.0,367.0,353.0,296.0,495.0,188.0,245.0,174.0,380.0,345.0,115.0,241.0,216.0
임실군 - 논벼,Statistics,2422.0,2117.0,2317.0,2299.0,2411.0,2266.0,2026.0,1860.0,2266.0,2002.0,2379.0,2069.0,2040.0,1822.0
임실군 - 식량작물,Statistics,502.0,429.0,605.0,524.0,617.0,155.0,302.0,285.0,341.0,504.0,390.0,187.0,303.0,287.0
임실군 - 채소·산나물,Statistics,1212.0,1651.0,1305.0,1065.0,681.0,1001.0,1155.0,1125.0,923.0,552.0,932.0,647.0,720.0,746.0
임실군 - 축산,Statistics,317.0,447.0,450.0,445.0,337.0,169.0,199.0,263.0,232.0,308.0,301.0,186.0,171.0,257.0
장성군 - 계,Statistics,5934.0,5948.0,5648.0,5422.0,5846.0,5966.0,5829.0,5813.0,5612.0,5352.0,5249.0,6079.0,6040.0,5680.0
장성군 - 과수,Statistics,802.0,642.0,576.0,667.0,1081.0,1008.0,684.0,685.0,708.0,835.0,569.0,702.0,717.0,543.0
장성군 - 기타작물,Statistics,502.0,507.0,443.0,415.0,791.0,664.0,832.0,920.0,952.0,912.0,598.0,923.0,1067.0,1055.0
장성군 - 논벼,Statistics,3016.0,3010.0,2948.0,2848.0,2811.0,3118.0,2891.0,2845.0,2906.0,2657.0,2806.0,3085.0,3072.0,2899.0
장성군 - 식량작물,Statistics,204.0,337.0,292.0,220.0,403.0,282.0,294.0,270.0,216.0,366.0,508.0,280.0,488.0,485.0
장성군 - 채소·산나물,Statistics,1104.0,1069.0,972.0,912.0,486.0,776.0,985.0,896.0,526.0,372.0,544.0,924.0,564.0,605.0
장성군 - 축산,Statistics,307.0,385.0,419.0,360.0,274.0,118.0,142.0,196.0,304.0,210.0,223.0,165.0,131.0,93.0
장수군 - 계,Statistics,4341.0,4446.0,4396.0,4268.0,4199.0,4546.0,4341.0,4203.0,4292.0,3984.0,4233.0,3504.0,3247.0,3250.0
장수군 - 과수,Statistics,498.0,527.0,462.0,515.0,602.0,613.0,580.0,661.0,653.0,574.0,669.0,540.0,396.0,482.0
장수군 - 기타작물,Statistics,353.0,292.0,290.0,305.0,529.0,422.0,380.0,295.0,455.0,484.0,99.0,140.0,57.0,324.0
장수군 - 논벼,Statistics,1655.0,1765.0,2184.0,2262.0,1561.0,1593.0,1724.0,1547.0,1528.0,1465.0,1523.0,1237.0,1263.0,1135.0
장수군 - 식량작물,Statistics,178.0,182.0,138.0,159.0,226.0,0.0,81.0,87.0,70.0,315.0,127.0,386.0,158.0,142.0
장수군 - 채소·산나물,Statistics,1054.0,1154.0,856.0,791.0,946.0,1623.0,1159.0,1094.0,1065.0,816.0,1459.0,875.0,1061.0,856.0
장수군 - 축산,Statistics,605.0,526.0,466.0,236.0,335.0,295.0,418.0,521.0,520.0,330.0,355.0,325.0,312.0,311.0
장흥군 - 계,Statistics,6254.0,5817.0,5793.0,5402.0,5394.0,5244.0,5025.0,4873.0,4806.0,5772.0,5696.0,5593.0,5206.0,4912.0
장흥군 - 과수,Statistics,85.0,50.0,8.0,33.0,136.0,37.0,70.0,90.0,49.0,181.0,304.0,280.0,194.0,384.0
장흥군 - 기타작물,Statistics,330.0,207.0,138.0,191.0,302.0,134.0,146.0,127.0,106.0,636.0,255.0,203.0,194.0,20.0
장흥군 - 논벼,Statistics,4252.0,3892.0,3835.0,3755.0,3506.0,3225.0,2716.0,2702.0,2862.0,3558.0,3351.0,3274.0,3378.0,3357.0
장흥군 - 식량작물,Statistics,101.0,17.0,222.0,135.0,383.0,666.0,719.0,743.0,693.0,507.0,306.0,511.0,210.0,174.0
장흥군 - 채소·산나물,Statistics,699.0,780.0,923.0,864.0,474.0,343.0,371.0,382.0,332.0,382.0,707.0,607.0,643.0,592.0
장흥군 - 축산,Statistics,787.0,871.0,666.0,424.0,593.0,839.0,1005.0,829.0,765.0,508.0,774.0,718.0,586.0,386.0
전국 - 계,Statistics,1163209.0,1151116.0,1142029.0,1120776.0,1088518.0,1068274.0,1042017.0,1020838.0,1007158.0,1035193.0,1031210.0,1022797.0,999022.0,973707.0
전국 - 과수,Statistics,175162.0,173467.0,175704.0,176646.0,171836.0,181973.0,178885.0,173085.0,170688.0,169163.0,171248.0,170552.0,166072.0,166558.0
전국 - 기타작물,Statistics,69748.0,58850.0,57373.0,60677.0,73300.0,75614.0,72377.0,63852.0,64684.0,104692.0,77707.0,93679.0,92680.0,92288.0
전국 - 논벼,Statistics,508700.0,494352.0,475972.0,472097.0,453896.0,415649.0,399425.0,386739.0,393841.0,409629.0,389572.0,391177.0,383534.0,364578.0
전국 - 식량작물,Statistics,90780.0,90148.0,99913.0,98579.0,138047.0,76460.0,90739.0,89495.0,95471.0,140111.0,99027.0,97940.0,90692.0,87651.0
전국 - 채소·산나물,Statistics,252728.0,271845.0,270272.0,254892.0,198138.0,265116.0,245714.0,254797.0,229377.0,168334.0,245287.0,223365.0,220996.0,217879.0
전국 - 축산,Statistics,66091.0,62454.0,62797.0,57885.0,53301.0,53462.0,54876.0,52870.0,53098.0,43264.0,48369.0,46084.0,45048.0,44754.0
전라남도 - 계,Statistics,167086.0,164248.0,164834.0,160142.0,150141.0,151059.0,146481.0,145223.0,143798.0,136972.0,146024.0,146873.0,144762.0,139132.0
전라남도 - 과수,Statistics,17394.0,16547.0,17841.0,16909.0,17146.0,21977.0,19742.0,20788.0,19068.0,15767.0,16733.0,17293.0,17271.0,17761.0
전라남도 - 기타작물,Statistics,9558.0,6306.0,5833.0,6113.0,7450.0,6504.0,7748.0,8229.0,6313.0,12705.0,6555.0,8774.0,8941.0,9157.0
전라남도 - 논벼,Statistics,79532.0,76901.0,76328.0,77767.0,71651.0,64735.0,62711.0,59779.0,62815.0,64280.0,67681.0,69672.0,67628.0,63901.0
전라남도 - 식량작물,Statistics,9704.0,8444.0,9719.0,9028.0,14348.0,8814.0,11003.0,10030.0,13064.0,12368.0,9649.0,10344.0,9425.0,9463.0
전라남도 - 채소·산나물,Statistics,42879.0,48111.0,47227.0,42962.0,32856.0,41811.0,37112.0,39316.0,34865.0,26116.0,38676.0,35046.0,35324.0,32914.0
전라남도 - 축산,Statistics,8018.0,7939.0,7885.0,7361.0,6690.0,7216.0,8164.0,7081.0,7673.0,5736.0,6729.0,5744.0,6173.0,5936.0
전북특별자치도 - 계,Statistics,104734.0,105759.0,105880.0,104036.0,100362.0,98930.0,96780.0,94935.0,94735.0,93305.0,90862.0,90455.0,90003.0,87718.0
전북특별자치도 - 과수,Statistics,8929.0,9726.0,9734.0,10571.0,8909.0,8813.0,9429.0,8330.0,8232.0,7223.0,6566.0,6622.0,6239.0,6576.0
전북특별자치도 - 기타작물,Statistics,6877.0,6100.0,6267.0,6654.0,7083.0,6828.0,6177.0,5821.0,7165.0,9927.0,6941.0,8090.0,6768.0,7460.0
전북특별자치도 - 논벼,Statistics,55280.0,53927.0,53854.0,53972.0,52601.0,51722.0,49080.0,47223.0,48945.0,48173.0,45401.0,46495.0,46692.0,45457.0
전북특별자치도 - 식량작물,Statistics,6213.0,6376.0,7371.0,6876.0,9545.0,5767.0,6142.0,6059.0,5871.0,10330.0,7506.0,7705.0,8461.0,8051.0
전북특별자치도 - 채소·산나물,Statistics,21765.0,23638.0,22832.0,20474.0,17400.0,21325.0,21655.0,23087.0,19912.0,13486.0,19912.0,17592.0,18307.0,16355.0
전북특별자치도 - 축산,Statistics,5669.0,5992.0,5823.0,5490.0,4824.0,4475.0,4297.0,4417.0,4610.0,4166.0,4536.0,3951.0,3536.0,3820.0
전주시 - 계,Statistics,6451.0,7137.0,7989.0,7962.0,7643.0,7216.0,7208.0,6772.0,6594.0,8310.0,7391.0,6551.0,6996.0,6542.0
전주시 - 과수,Statistics,1114.0,1233.0,1414.0,1567.0,1365.0,1444.0,1646.0,1115.0,1412.0,1283.0,1173.0,1127.0,988.0,822.0
전주시 - 기타작물,Statistics,616.0,690.0,674.0,589.0,854.0,713.0,574.0,418.0,705.0,1215.0,1027.0,832.0,964.0,1078.0
전주시 - 논벼,Statistics,3257.0,3502.0,3383.0,3413.0,3342.0,3087.0,2711.0,2701.0,2519.0,3424.0,2830.0,2517.0,2898.0,2877.0
전주시 - 식량작물,Statistics,571.0,723.0,911.0,821.0,1082.0,545.0,687.0,777.0,474.0,1211.0,799.0,523.0,329.0,739.0
전주시 - 채소·산나물,Statistics,845.0,942.0,1560.0,1525.0,909.0,1399.0,1580.0,1751.0,1474.0,1075.0,1467.0,1483.0,1702.0,959.0
전주시 - 축산,Statistics,48.0,48.0,48.0,48.0,91.0,29.0,11.0,11.0,11.0,102.0,94.0,68.0,115.0,68.0
정선군 - 계,Statistics,3432.0,3490.0,3422.0,3320.0,3398.0,3243.0,3014.0,2904.0,2844.0,2688.0,2149.0,2136.0,2158.0,2169.0
정선군 - 과수,Statistics,61.0,57.0,60.0,99.0,118.0,49.0,75.0,221.0,205.0,217.0,201.0,152.0,182.0,198.0
정선군 - 기타작물,Statistics,165.0,207.0,162.0,208.0,120.0,255.0,152.0,256.0,115.0,214.0,310.0,88.0,120.0,83.0
정선군 - 논벼,Statistics,221.0,92.0,119.0,139.0,147.0,31.0,23.0,26.0,8.0,85.0,156.0,43.0,123.0,149.0
정선군 - 식량작물,Statistics,1566.0,1678.0,1548.0,1584.0,1669.0,1427.0,1367.0,1377.0,1550.0,1407.0,812.0,1002.0,828.0,747.0
정선군 - 채소·산나물,Statistics,1309.0,1316.0,1388.0,1160.0,1237.0,1377.0,1307.0,934.0,823.0,695.0,600.0,821.0,875.0,963.0
정선군 - 축산,Statistics,110.0,139.0,143.0,130.0,107.0,104.0,90.0,91.0,142.0,70.0,69.0,31.0,30.0,29.0
정읍시 - 계,Statistics,9538.0,9439.0,9425.0,9282.0,9957.0,10199.0,9801.0,9658.0,9824.0,9953.0,10368.0,10396.0,10285.0,10273.0
정읍시 - 과수,Statistics,742.0,922.0,820.0,797.0,975.0,936.0,875.0,830.0,767.0,636.0,667.0,579.0,414.0,479.0
정읍시 - 기타작물,Statistics,798.0,641.0,660.0,686.0,707.0,1006.0,1052.0,1002.0,920.0,1155.0,1566.0,1665.0,1739.0,1531.0
정읍시 - 논벼,Statistics,5369.0,5047.0,4995.0,4859.0,4792.0,3866.0,3893.0,3673.0,3739.0,4671.0,4617.0,4586.0,4476.0,4554.0
정읍시 - 식량작물,Statistics,457.0,578.0,791.0,775.0,893.0,655.0,540.0,591.0,594.0,1107.0,782.0,817.0,1061.0,1293.0
정읍시 - 채소·산나물,Statistics,1603.0,1586.0,1492.0,1503.0,1782.0,2672.0,2404.0,2591.0,2711.0,1584.0,1845.0,1946.0,1678.0,1577.0
정읍시 - 축산,Statistics,570.0,664.0,667.0,662.0,808.0,1065.0,1036.0,970.0,1093.0,800.0,890.0,804.0,918.0,839.0
제주시 - 계,Statistics,21420.0,21451.0,22161.0,21925.0,18671.0,19177.0,18270.0,17572.0,17943.0,17783.0,17995.0,17053.0,17170.0,16540.0
제주시 - 과수,Statistics,8576.0,8399.0,8868.0,8484.0,8379.0,9407.0,9159.0,8982.0,9010.0,8586.0,9243.0,8979.0,8786.0,8694.0
제주시 - 기타작물,Statistics,871.0,525.0,760.0,948.0,1302.0,1057.0,842.0,795.0,773.0,1901.0,569.0,403.0,912.0,256.0
제주시 - 논벼,Statistics,,,,,3.0,0.0,0.0,,0.0,5.0,0.0,0.0,0.0,0.0
제주시 - 식량작물,Statistics,2983.0,3370.0,4099.0,3897.0,3249.0,3418.0,2937.0,2309.0,2758.0,2321.0,2777.0,2765.0,2437.0,2347.0
제주시 - 채소·산나물,Statistics,8335.0,8507.0,7769.0,7833.0,5201.0,4897.0,5018.0,5145.0,5038.0,4566.0,4856.0,4489.0,4461.0,4540.0
제주시 - 축산,Statistics,656.0,649.0,666.0,761.0,537.0,397.0,315.0,342.0,364.0,404.0,551.0,418.0,575.0,703.0
제주특별자치도 - 계,Statistics,38497.0,38208.0,38502.0,38444.0,33487.0,33109.0,32200.0,31208.0,31111.0,30365.0,31549.0,30452.0,30357.0,29125.0
제주특별자치도 - 과수,Statistics,21771.0,21677.0,21754.0,21575.0,20026.0,20652.0,20271.0,19892.0,19433.0,18688.0,19836.0,19148.0,19377.0,18745.0
제주특별자치도 - 기타작물,Statistics,1044.0,726.0,949.0,1204.0,1503.0,1191.0,1039.0,862.0,987.0,2132.0,708.0,478.0,980.0,363.0
제주특별자치도 - 논벼,Statistics,,,,,5.0,0.0,0.0,,0.0,12.0,0.0,0.0,0.0,0.0
제주특별자치도 - 식량작물,Statistics,4760.0,4739.0,5255.0,5133.0,3892.0,4032.0,3588.0,2919.0,3279.0,2704.0,3375.0,3869.0,3240.0,3309.0
제주특별자치도 - 채소·산나물,Statistics,10073.0,10169.0,9613.0,9561.0,7319.0,6512.0,6639.0,6846.0,6740.0,6272.0,6923.0,6373.0,6061.0,6005.0
제주특별자치도 - 축산,Statistics,849.0,898.0,929.0,970.0,742.0,722.0,663.0,689.0,673.0,557.0,707.0,584.0,698.0,703.0
제천시 - 계,Statistics,7167.0,6876.0,7046.0,7553.0,7331.0,7890.0,7784.0,7456.0,7436.0,6383.0,6053.0,6300.0,6199.0,6011.0
제천시 - 과수,Statistics,409.0,501.0,526.0,596.0,732.0,526.0,453.0,612.0,581.0,611.0,333.0,432.0,333.0,351.0
제천시 - 기타작물,Statistics,934.0,749.0,746.0,1088.0,1391.0,1470.0,1660.0,1413.0,1720.0,1274.0,925.0,1468.0,1309.0,1374.0
제천시 - 논벼,Statistics,1572.0,1429.0,1309.0,1469.0,1316.0,1385.0,1033.0,569.0,926.0,1016.0,738.0,722.0,682.0,803.0
제천시 - 식량작물,Statistics,1620.0,1686.0,1955.0,1932.0,2178.0,1344.0,2174.0,1739.0,1985.0,2121.0,1337.0,1249.0,1387.0,1201.0
제천시 - 채소·산나물,Statistics,2328.0,2199.0,2153.0,2096.0,1348.0,2784.0,1941.0,2652.0,1846.0,1092.0,2329.0,2061.0,2134.0,1909.0
제천시 - 축산,Statistics,305.0,312.0,358.0,372.0,366.0,382.0,523.0,472.0,377.0,269.0,391.0,368.0,355.0,373.0
증평군 - 계,Statistics,1641.0,1603.0,1532.0,1428.0,1635.0,1608.0,1528.0,1456.0,1392.0,1484.0,1370.0,1396.0,1350.0,1301.0
증평군 - 과수,Statistics,49.0,59.0,47.0,57.0,60.0,68.0,56.0,50.0,74.0,76.0,45.0,57.0,34.0,63.0
증평군 - 기타작물,Statistics,42.0,86.0,93.0,51.0,130.0,200.0,231.0,175.0,206.0,166.0,202.0,144.0,155.0,212.0
증평군 - 논벼,Statistics,1130.0,1017.0,1054.0,980.0,975.0,765.0,716.0,739.0,696.0,828.0,729.0,733.0,714.0,628.0
증평군 - 식량작물,Statistics,145.0,115.0,112.0,141.0,240.0,103.0,90.0,155.0,164.0,264.0,89.0,128.0,150.0,135.0
증평군 - 채소·산나물,Statistics,124.0,168.0,134.0,104.0,112.0,355.0,305.0,213.0,142.0,72.0,184.0,258.0,137.0,121.0
증평군 - 축산,Statistics,153.0,159.0,93.0,97.0,118.0,117.0,130.0,123.0,112.0,78.0,121.0,76.0,160.0,142.0
진도군 - 계,Statistics,5472.0,5820.0,5882.0,5576.0,4438.0,4703.0,4541.0,4396.0,4361.0,3779.0,4508.0,4579.0,4543.0,4387.0
진도군 - 과수,Statistics,41.0,40.0,40.0,52.0,57.0,55.0,55.0,55.0,85.0,82.0,17.0,17.0,52.0,52.0
진도군 - 기타작물,Statistics,138.0,184.0,274.0,271.0,522.0,857.0,636.0,407.0,450.0,625.0,19.0,107.0,178.0,335.0
진도군 - 논벼,Statistics,2512.0,2451.0,2464.0,2505.0,1469.0,746.0,583.0,667.0,713.0,1325.0,1904.0,1655.0,1689.0,1169.0
진도군 - 식량작물,Statistics,201.0,201.0,392.0,289.0,331.0,363.0,396.0,283.0,518.0,222.0,145.0,309.0,154.0,121.0
진도군 - 채소·산나물,Statistics,2540.0,2926.0,2712.0,2460.0,1991.0,2683.0,2857.0,2970.0,2595.0,1491.0,2406.0,2476.0,2434.0,2677.0
진도군 - 축산,Statistics,40.0,18.0,,,68.0,0.0,15.0,15.0,0.0,34.0,17.0,17.0,36.0,33.0
진안군 - 계,Statistics,4284.0,4390.0,4418.0,4370.0,4033.0,3925.0,3734.0,3642.0,3605.0,3462.0,3424.0,3457.0,3485.0,3487.0
진안군 - 과수,Statistics,107.0,149.0,142.0,121.0,237.0,161.0,270.0,259.0,205.0,154.0,290.0,296.0,367.0,331.0
진안군 - 기타작물,Statistics,437.0,419.0,376.0,695.0,736.0,377.0,374.0,450.0,544.0,649.0,297.0,543.0,364.0,405.0
진안군 - 논벼,Statistics,1405.0,1454.0,1612.0,2161.0,1294.0,1688.0,997.0,964.0,1225.0,943.0,857.0,994.0,994.0,953.0
진안군 - 식량작물,Statistics,353.0,447.0,290.0,826.0,432.0,284.0,320.0,219.0,105.0,598.0,153.0,288.0,366.0,388.0
진안군 - 채소·산나물,Statistics,1853.0,1812.0,1837.0,445.0,1165.0,1307.0,1614.0,1611.0,1462.0,991.0,1752.0,1302.0,1377.0,1394.0
진안군 - 축산,Statistics,130.0,110.0,160.0,121.0,169.0,109.0,158.0,138.0,63.0,127.0,75.0,35.0,17.0,17.0
진주시 - 계,Statistics,15858.0,15547.0,15363.0,15329.0,15125.0,14275.0,14174.0,13671.0,13684.0,13204.0,12648.0,12383.0,12211.0,11720.0
진주시 - 과수,Statistics,2726.0,2571.0,2727.0,2684.0,2907.0,3357.0,2930.0,2482.0,3083.0,2349.0,2137.0,2503.0,2417.0,2392.0
진주시 - 기타작물,Statistics,1358.0,1196.0,1008.0,1170.0,1330.0,1238.0,1006.0,861.0,643.0,1593.0,758.0,1707.0,1088.0,1243.0
진주시 - 논벼,Statistics,5708.0,5414.0,5506.0,5380.0,5405.0,5135.0,5075.0,4599.0,4490.0,4448.0,4098.0,3294.0,3178.0,3132.0
진주시 - 식량작물,Statistics,360.0,324.0,524.0,668.0,1247.0,193.0,305.0,410.0,484.0,1243.0,795.0,441.0,617.0,487.0
진주시 - 채소·산나물,Statistics,5422.0,5776.0,5397.0,5268.0,3849.0,4208.0,4673.0,5102.0,4815.0,3268.0,4485.0,3956.0,4329.0,3928.0
진주시 - 축산,Statistics,285.0,266.0,202.0,159.0,387.0,144.0,186.0,216.0,168.0,303.0,375.0,483.0,582.0,538.0
진천군 - 계,Statistics,5031.0,5116.0,4909.0,4923.0,4513.0,4925.0,4998.0,4832.0,4749.0,3592.0,4387.0,4478.0,4394.0,4393.0
진천군 - 과수,Statistics,168.0,195.0,174.0,195.0,94.0,188.0,188.0,169.0,211.0,101.0,115.0,132.0,72.0,104.0
진천군 - 기타작물,Statistics,296.0,229.0,324.0,322.0,290.0,376.0,349.0,213.0,178.0,379.0,360.0,606.0,554.0,566.0
진천군 - 논벼,Statistics,3403.0,3318.0,2937.0,3183.0,2887.0,3107.0,3042.0,3092.0,3262.0,2263.0,2413.0,2446.0,2512.0,2515.0
진천군 - 식량작물,Statistics,236.0,339.0,375.0,446.0,449.0,80.0,387.0,293.0,331.0,361.0,347.0,208.0,220.0,296.0
진천군 - 채소·산나물,Statistics,789.0,897.0,950.0,630.0,524.0,755.0,640.0,626.0,363.0,293.0,781.0,700.0,704.0,631.0
진천군 - 축산,Statistics,139.0,138.0,151.0,147.0,269.0,418.0,392.0,440.0,405.0,195.0,370.0,387.0,332.0,280.0
창녕군 - 계,Statistics,7963.0,7696.0,7268.0,7091.0,7719.0,7369.0,7144.0,7005.0,7051.0,6498.0,6617.0,7431.0,6977.0,7178.0
창녕군 - 과수,Statistics,1044.0,900.0,867.0,815.0,591.0,725.0,723.0,644.0,671.0,545.0,413.0,699.0,591.0,489.0
창녕군 - 기타작물,Statistics,70.0,141.0,156.0,257.0,274.0,279.0,236.0,230.0,179.0,380.0,90.0,148.0,300.0,165.0
창녕군 - 논벼,Statistics,2730.0,2656.0,2961.0,2558.0,2582.0,1619.0,1573.0,1225.0,2563.0,2247.0,1961.0,2987.0,3294.0,2692.0
창녕군 - 식량작물,Statistics,323.0,404.0,407.0,379.0,463.0,227.0,357.0,290.0,275.0,273.0,61.0,209.0,120.0,124.0
창녕군 - 채소·산나물,Statistics,3186.0,3155.0,2477.0,2765.0,3477.0,4240.0,4078.0,4389.0,2926.0,2751.0,3748.0,2915.0,2346.0,3454.0
창녕군 - 축산,Statistics,610.0,441.0,400.0,317.0,332.0,278.0,177.0,228.0,438.0,302.0,344.0,474.0,326.0,255.0
창원시 - 계,Statistics,9971.0,9830.0,10573.0,10387.0,11180.0,11824.0,11365.0,11174.0,11154.0,14517.0,14380.0,13860.0,13170.0,13180.0
창원시 - 과수,Statistics,2973.0,2960.0,3033.0,2990.0,3429.0,3837.0,3374.0,3233.0,3816.0,4361.0,5506.0,5384.0,4975.0,5301.0
창원시 - 기타작물,Statistics,312.0,365.0,498.0,513.0,592.0,593.0,663.0,588.0,576.0,1421.0,688.0,680.0,805.0,1140.0
창원시 - 논벼,Statistics,3686.0,3406.0,3410.0,3458.0,4034.0,3684.0,3481.0,3343.0,3309.0,4788.0,3723.0,3649.0,3596.0,3157.0
창원시 - 식량작물,Statistics,341.0,380.0,372.0,159.0,1155.0,734.0,642.0,643.0,491.0,1590.0,565.0,905.0,351.0,444.0
창원시 - 채소·산나물,Statistics,1899.0,2130.0,2629.0,2784.0,1597.0,2581.0,2851.0,3001.0,2561.0,2082.0,3763.0,3070.0,3350.0,3030.0
창원시 - 축산,Statistics,761.0,590.0,630.0,483.0,373.0,394.0,355.0,365.0,401.0,275.0,135.0,171.0,92.0,106.0
천안시 - 계,Statistics,12515.0,11978.0,12218.0,11906.0,11651.0,11861.0,12126.0,11477.0,11300.0,11111.0,9721.0,9876.0,9667.0,9488.0
천안시 - 과수,Statistics,1560.0,1533.0,1778.0,1757.0,2033.0,2076.0,2215.0,2104.0,1986.0,1834.0,1240.0,1150.0,1268.0,1354.0
천안시 - 기타작물,Statistics,690.0,775.0,590.0,698.0,716.0,728.0,699.0,541.0,438.0,900.0,294.0,516.0,758.0,785.0
천안시 - 논벼,Statistics,7355.0,6727.0,6509.0,6435.0,5791.0,5945.0,5928.0,5598.0,5670.0,5149.0,4663.0,5009.0,4765.0,4308.0
천안시 - 식량작물,Statistics,1166.0,1153.0,1328.0,1002.0,1450.0,629.0,1026.0,889.0,993.0,1745.0,867.0,907.0,634.0,563.0
천안시 - 채소·산나물,Statistics,1179.0,1248.0,1370.0,1440.0,1093.0,2190.0,2010.0,2072.0,2004.0,1021.0,2190.0,1946.0,1879.0,2044.0
천안시 - 축산,Statistics,564.0,543.0,643.0,574.0,568.0,292.0,249.0,273.0,209.0,462.0,467.0,349.0,362.0,435.0
철원군 - 계,Statistics,4098.0,3897.0,3938.0,3911.0,4186.0,4637.0,4403.0,4276.0,4125.0,3806.0,3615.0,3461.0,3387.0,3442.0
철원군 - 과수,Statistics,78.0,49.0,54.0,35.0,32.0,70.0,88.0,56.0,56.0,66.0,18.0,18.0,53.0,43.0
철원군 - 기타작물,Statistics,54.0,78.0,73.0,62.0,118.0,176.0,118.0,203.0,118.0,285.0,128.0,181.0,107.0,160.0
철원군 - 논벼,Statistics,2991.0,2661.0,2613.0,2706.0,2828.0,3075.0,2486.0,2766.0,2893.0,2551.0,2482.0,2356.0,2174.0,2263.0
철원군 - 식량작물,Statistics,226.0,194.0,213.0,218.0,344.0,128.0,227.0,187.0,140.0,299.0,118.0,180.0,235.0,281.0
철원군 - 채소·산나물,Statistics,470.0,572.0,623.0,620.0,581.0,854.0,1026.0,588.0,556.0,377.0,706.0,558.0,683.0,555.0
철원군 - 축산,Statistics,278.0,344.0,362.0,270.0,283.0,334.0,458.0,477.0,361.0,228.0,162.0,168.0,135.0,140.0
청도군 - 계,Statistics,7455.0,7484.0,7498.0,7397.0,7263.0,7030.0,7392.0,7437.0,7288.0,6791.0,6123.0,6691.0,6582.0,6606.0
청도군 - 과수,Statistics,4697.0,4738.0,4704.0,4403.0,5168.0,5672.0,5776.0,5784.0,5625.0,4602.0,4830.0,5008.0,4998.0,4649.0
청도군 - 기타작물,Statistics,139.0,74.0,122.0,48.0,259.0,116.0,175.0,227.0,215.0,424.0,181.0,158.0,126.0,128.0
청도군 - 논벼,Statistics,814.0,822.0,761.0,1154.0,824.0,221.0,344.0,559.0,488.0,896.0,640.0,975.0,923.0,1260.0
청도군 - 식량작물,Statistics,242.0,247.0,259.0,233.0,231.0,153.0,408.0,193.0,185.0,269.0,94.0,32.0,63.0,40.0
청도군 - 채소·산나물,Statistics,958.0,1042.0,1077.0,957.0,468.0,402.0,233.0,223.0,199.0,386.0,23.0,69.0,101.0,183.0
청도군 - 축산,Statistics,606.0,560.0,574.0,601.0,313.0,466.0,456.0,452.0,575.0,214.0,355.0,449.0,371.0,347.0
청송군 - 계,Statistics,4981.0,5308.0,5265.0,5243.0,5030.0,5277.0,5198.0,5018.0,4934.0,5094.0,5490.0,5494.0,5299.0,5225.0
청송군 - 과수,Statistics,2408.0,2729.0,2985.0,3108.0,2863.0,3048.0,3193.0,3093.0,2962.0,3156.0,3157.0,3413.0,2967.0,3250.0
청송군 - 기타작물,Statistics,100.0,164.0,115.0,147.0,239.0,290.0,135.0,101.0,116.0,247.0,273.0,293.0,427.0,361.0
청송군 - 논벼,Statistics,768.0,651.0,919.0,735.0,585.0,366.0,369.0,387.0,296.0,460.0,224.0,349.0,347.0,320.0
청송군 - 식량작물,Statistics,607.0,446.0,481.0,612.0,498.0,859.0,389.0,370.0,445.0,620.0,963.0,835.0,676.0,651.0
청송군 - 채소·산나물,Statistics,1012.0,1212.0,667.0,556.0,764.0,554.0,977.0,853.0,939.0,548.0,809.0,496.0,795.0,561.0
청송군 - 축산,Statistics,86.0,107.0,97.0,84.0,81.0,160.0,135.0,214.0,175.0,63.0,63.0,108.0,88.0,84.0
청양군 - 계,Statistics,6062.0,5939.0,5805.0,5761.0,6837.0,6150.0,5899.0,5761.0,5612.0,6355.0,5763.0,5569.0,5645.0,5482.0
청양군 - 과수,Statistics,435.0,117.0,73.0,45.0,512.0,69.0,83.0,83.0,14.0,467.0,324.0,347.0,475.0,521.0
청양군 - 기타작물,Statistics,340.0,247.0,182.0,243.0,484.0,150.0,360.0,312.0,135.0,729.0,575.0,761.0,801.0,556.0
청양군 - 논벼,Statistics,3886.0,3704.0,3392.0,3244.0,3172.0,2875.0,3091.0,3022.0,3020.0,3018.0,2660.0,2292.0,2133.0,2234.0
청양군 - 식량작물,Statistics,73.0,249.0,339.0,330.0,453.0,194.0,450.0,449.0,584.0,636.0,538.0,579.0,558.0,599.0
청양군 - 채소·산나물,Statistics,908.0,1288.0,1401.0,1575.0,1749.0,2500.0,1610.0,1559.0,1582.0,1141.0,1059.0,939.0,1117.0,1054.0
청양군 - 축산,Statistics,421.0,333.0,418.0,324.0,467.0,363.0,305.0,337.0,277.0,364.0,607.0,651.0,561.0,519.0
청원군 - 계,Statistics,11681.0,11422.0,11278.0,9589.0,,,,,,,,,,
청원군 - 과수,Statistics,336.0,270.0,334.0,341.0,,,,,,,,,,
청원군 - 기타작물,Statistics,470.0,742.0,697.0,578.0,,,,,,,,,,
청원군 - 논벼,Statistics,6968.0,6521.0,6388.0,5103.0,,,,,,,,,,
청원군 - 식량작물,Statistics,961.0,772.0,499.0,1102.0,,,,,,,,,,
청원군 - 채소·산나물,Statistics,1421.0,1494.0,1806.0,1172.0,,,,,,,,,,
청원군 - 축산,Statistics,1526.0,1624.0,1554.0,1293.0,,,,,,,,,,
청주시 - 계,Statistics,7318.0,6854.0,7320.0,6861.0,16480.0,16740.0,16719.0,16374.0,16625.0,15977.0,17017.0,17457.0,16028.0,15403.0
청주시 - 과수,Statistics,653.0,640.0,664.0,381.0,975.0,944.0,1270.0,1245.0,1514.0,1176.0,1228.0,1340.0,1351.0,1473.0
청주시 - 기타작물,Statistics,550.0,373.0,614.0,896.0,1175.0,1948.0,1483.0,1214.0,1729.0,1875.0,1767.0,2177.0,2255.0,2632.0
청주시 - 논벼,Statistics,4016.0,3860.0,3852.0,3305.0,9222.0,9091.0,9028.0,8751.0,8784.0,8217.0,8028.0,8284.0,7591.0,6701.0
청주시 - 식량작물,Statistics,960.0,977.0,926.0,973.0,2473.0,946.0,1857.0,1379.0,1610.0,2612.0,2233.0,2088.0,1577.0,1834.0
청주시 - 채소·산나물,Statistics,1019.0,964.0,1204.0,1244.0,1760.0,3008.0,2279.0,2864.0,2074.0,1394.0,2869.0,2470.0,2346.0,1902.0
청주시 - 축산,Statistics,121.0,41.0,59.0,62.0,875.0,804.0,802.0,922.0,914.0,703.0,893.0,1097.0,909.0,862.0
춘천시 - 계,Statistics,6150.0,5882.0,5878.0,5848.0,6604.0,5933.0,5295.0,5197.0,5352.0,6702.0,6555.0,6243.0,5994.0,6014.0
춘천시 - 과수,Statistics,572.0,536.0,464.0,546.0,428.0,544.0,588.0,486.0,620.0,496.0,387.0,487.0,402.0,435.0
춘천시 - 기타작물,Statistics,810.0,818.0,911.0,995.0,1037.0,1022.0,524.0,689.0,738.0,1408.0,1474.0,2644.0,1700.0,2228.0
춘천시 - 논벼,Statistics,1360.0,1162.0,1121.0,1050.0,1228.0,963.0,761.0,885.0,903.0,1022.0,888.0,725.0,802.0,802.0
춘천시 - 식량작물,Statistics,1031.0,885.0,903.0,1014.0,1929.0,565.0,444.0,381.0,962.0,2310.0,1360.0,1070.0,1145.0,686.0
춘천시 - 채소·산나물,Statistics,1908.0,2157.0,2080.0,1893.0,1598.0,2295.0,2572.0,2309.0,1837.0,1198.0,2210.0,1164.0,1717.0,1735.0
춘천시 - 축산,Statistics,469.0,324.0,398.0,350.0,384.0,545.0,407.0,447.0,292.0,268.0,236.0,153.0,229.0,130.0
충주시 - 계,Statistics,11207.0,11079.0,10826.0,10773.0,10742.0,10386.0,10138.0,9670.0,9678.0,8933.0,9913.0,10001.0,9834.0,9563.0
충주시 - 과수,Statistics,2731.0,2547.0,2627.0,2852.0,2925.0,3237.0,3318.0,3008.0,2955.0,2469.0,2389.0,2300.0,2136.0,2286.0
충주시 - 기타작물,Statistics,869.0,793.0,643.0,748.0,924.0,815.0,668.0,838.0,838.0,1074.0,1380.0,1601.0,1622.0,1336.0
충주시 - 논벼,Statistics,4322.0,4326.0,4185.0,4068.0,3499.0,2851.0,2737.0,2545.0,2406.0,2567.0,2651.0,2881.0,2627.0,2621.0
충주시 - 식량작물,Statistics,1381.0,1597.0,1766.0,1634.0,1920.0,1538.0,1712.0,1318.0,1647.0,1682.0,1559.0,1706.0,1736.0,1514.0
충주시 - 채소·산나물,Statistics,1421.0,1391.0,1220.0,977.0,922.0,1241.0,1026.0,1305.0,1273.0,767.0,1255.0,709.0,880.0,1064.0
충주시 - 축산,Statistics,482.0,424.0,385.0,494.0,552.0,704.0,676.0,654.0,559.0,374.0,679.0,805.0,833.0,743.0
충청남도 - 계,Statistics,150207.0,146876.0,144033.0,135335.0,132008.0,128275.0,125886.0,123480.0,119903.0,122142.0,120324.0,117162.0,115619.0,113142.0
충청남도 - 과수,Statistics,9081.0,8293.0,9276.0,7614.0,7897.0,7793.0,8199.0,7967.0,6930.0,7827.0,6294.0,6397.0,6755.0,6512.0
충청남도 - 기타작물,Statistics,8900.0,7438.0,7066.0,7663.0,8484.0,9120.0,7986.0,6362.0,6623.0,12507.0,8878.0,11391.0,11175.0,9968.0
충청남도 - 논벼,Statistics,90405.0,87257.0,79980.0,77793.0,75217.0,69090.0,67649.0,66773.0,67232.0,66677.0,65969.0,63199.0,62560.0,60165.0
충청남도 - 식량작물,Statistics,9199.0,9590.0,10509.0,9498.0,12816.0,5960.0,10171.0,9761.0,9692.0,14120.0,9050.0,9075.0,9067.0,8474.0
충청남도 - 채소·산나물,Statistics,23681.0,26401.0,28452.0,25659.0,20522.0,29520.0,25235.0,26374.0,23004.0,15150.0,22627.0,20928.0,19660.0,21961.0
충청남도 - 축산,Statistics,8941.0,7897.0,8749.0,7108.0,7072.0,6793.0,6646.0,6243.0,6423.0,5861.0,7505.0,6172.0,6403.0,6062.0
충청북도 - 계,Statistics,80185.0,79024.0,78717.0,76436.0,74611.0,74292.0,72811.0,70874.0,70735.0,66425.0,70177.0,71536.0,69553.0,68472.0
충청북도 - 과수,Statistics,13158.0,12906.0,13560.0,14002.0,14498.0,15319.0,15685.0,14780.0,14543.0,12681.0,13387.0,13083.0,12570.0,13638.0
충청북도 - 기타작물,Statistics,7220.0,6892.0,6740.0,7077.0,7445.0,7271.0,7750.0,6559.0,7579.0,8886.0,8040.0,10871.0,9940.0,10386.0
충청북도 - 논벼,Statistics,31236.0,30481.0,29213.0,27557.0,26748.0,24565.0,23949.0,22990.0,23707.0,21836.0,22268.0,22780.0,21967.0,20696.0
충청북도 - 식량작물,Statistics,9970.0,9752.0,11167.0,11680.0,12898.0,8579.0,9784.0,8440.0,9223.0,12412.0,8922.0,8823.0,8048.0,8430.0
충청북도 - 채소·산나물,Statistics,13959.0,14441.0,13686.0,12107.0,9154.0,14357.0,11397.0,13559.0,11395.0,7660.0,13876.0,12048.0,13038.0,11480.0
충청북도 - 축산,Statistics,4641.0,4552.0,4351.0,4014.0,3868.0,4201.0,4245.0,4545.0,4287.0,2950.0,3683.0,3930.0,3991.0,3842.0
칠곡군 - 계,Statistics,5504.0,5486.0,5511.0,5374.0,5014.0,4803.0,4759.0,4654.0,4615.0,5074.0,4938.0,4881.0,4601.0,4601.0
칠곡군 - 과수,Statistics,811.0,607.0,683.0,796.0,705.0,447.0,525.0,472.0,431.0,768.0,977.0,1012.0,815.0,978.0
칠곡군 - 기타작물,Statistics,191.0,235.0,187.0,240.0,296.0,589.0,447.0,385.0,147.0,502.0,484.0,271.0,494.0,635.0
칠곡군 - 논벼,Statistics,2194.0,2330.0,2096.0,2028.0,2012.0,1813.0,1666.0,1554.0,1550.0,1930.0,1697.0,1614.0,1522.0,1352.0
칠곡군 - 식량작물,Statistics,459.0,377.0,436.0,353.0,578.0,190.0,247.0,355.0,289.0,458.0,211.0,355.0,181.0,180.0
칠곡군 - 채소·산나물,Statistics,1442.0,1506.0,1627.0,1547.0,1167.0,1471.0,1531.0,1601.0,1893.0,1199.0,1462.0,1497.0,1325.0,1160.0
칠곡군 - 축산,Statistics,407.0,431.0,481.0,411.0,256.0,292.0,343.0,287.0,305.0,217.0,108.0,132.0,263.0,296.0
태백시 - 계,Statistics,658.0,620.0,569.0,512.0,665.0,685.0,658.0,648.0,637.0,679.0,663.0,663.0,611.0,597.0
태백시 - 과수,Statistics,4.0,4.0,9.0,9.0,29.0,14.0,4.0,8.0,19.0,39.0,30.0,43.0,46.0,43.0
태백시 - 기타작물,Statistics,9.0,19.0,27.0,22.0,37.0,13.0,32.0,4.0,27.0,62.0,56.0,32.0,47.0,16.0
태백시 - 논벼,Statistics,,,,,6.0,0.0,0.0,,0.0,6.0,19.0,19.0,9.0,19.0
태백시 - 식량작물,Statistics,122.0,132.0,135.0,149.0,130.0,83.0,87.0,94.0,98.0,145.0,81.0,63.0,89.0,83.0
태백시 - 채소·산나물,Statistics,500.0,441.0,374.0,322.0,420.0,558.0,514.0,533.0,452.0,398.0,426.0,444.0,352.0,382.0
태백시 - 축산,Statistics,24.0,25.0,25.0,9.0,43.0,17.0,21.0,8.0,42.0,29.0,52.0,62.0,68.0,55.0
태안군 - 계,Statistics,8426.0,8212.0,8456.0,8196.0,7385.0,7223.0,7207.0,7393.0,7089.0,6580.0,6885.0,6895.0,6668.0,6507.0
태안군 - 과수,Statistics,,,,28.0,55.0,26.0,74.0,129.0,95.0,68.0,81.0,156.0,157.0,56.0
태안군 - 기타작물,Statistics,652.0,643.0,549.0,633.0,311.0,649.0,325.0,532.0,297.0,796.0,56.0,128.0,302.0,47.0
태안군 - 논벼,Statistics,3831.0,3657.0,3916.0,4055.0,3755.0,2484.0,2974.0,3270.0,3411.0,3000.0,3307.0,3183.0,3156.0,2886.0
태안군 - 식량작물,Statistics,1216.0,886.0,1099.0,965.0,802.0,750.0,762.0,677.0,1030.0,1090.0,647.0,425.0,477.0,465.0
태안군 - 채소·산나물,Statistics,2532.0,2886.0,2735.0,2367.0,2343.0,3239.0,2983.0,2696.0,2180.0,1530.0,2690.0,2933.0,2420.0,2982.0
태안군 - 축산,Statistics,195.0,140.0,158.0,148.0,119.0,75.0,89.0,89.0,75.0,96.0,104.0,71.0,156.0,71.0
통영시 - 계,Statistics,3329.0,3411.0,3423.0,3485.0,3527.0,3736.0,3822.0,3760.0,3643.0,3376.0,3224.0,3338.0,3269.0,3272.0
통영시 - 과수,Statistics,325.0,281.0,240.0,296.0,388.0,457.0,387.0,501.0,429.0,476.0,619.0,666.0,531.0,547.0
통영시 - 기타작물,Statistics,292.0,145.0,161.0,182.0,100.0,241.0,55.0,96.0,158.0,142.0,51.0,28.0,71.0,10.0
통영시 - 논벼,Statistics,759.0,532.0,432.0,428.0,407.0,495.0,378.0,355.0,178.0,381.0,303.0,305.0,229.0,173.0
통영시 - 식량작물,Statistics,502.0,686.0,807.0,907.0,819.0,93.0,289.0,391.0,316.0,602.0,403.0,479.0,418.0,494.0
통영시 - 채소·산나물,Statistics,1411.0,1742.0,1752.0,1631.0,1756.0,2450.0,2660.0,2396.0,2540.0,1725.0,1838.0,1823.0,1944.0,1963.0
통영시 - 축산,Statistics,41.0,25.0,31.0,41.0,57.0,0.0,53.0,22.0,22.0,50.0,10.0,38.0,76.0,86.0
파주시 - 계,Statistics,9119.0,8842.0,8284.0,8100.0,7864.0,7223.0,6897.0,6774.0,6790.0,6555.0,6736.0,7175.0,7012.0,6682.0
파주시 - 과수,Statistics,103.0,75.0,75.0,104.0,212.0,110.0,75.0,131.0,141.0,257.0,330.0,319.0,263.0,208.0
파주시 - 기타작물,Statistics,516.0,434.0,337.0,393.0,555.0,467.0,438.0,409.0,354.0,643.0,997.0,1205.0,1361.0,1464.0
파주시 - 논벼,Statistics,5930.0,5678.0,5160.0,5084.0,4634.0,4277.0,4117.0,3905.0,3901.0,3524.0,3115.0,3465.0,3160.0,2977.0
파주시 - 식량작물,Statistics,771.0,577.0,666.0,666.0,1200.0,545.0,675.0,563.0,550.0,1129.0,565.0,596.0,643.0,564.0
파주시 - 채소·산나물,Statistics,1381.0,1714.0,1647.0,1524.0,800.0,1292.0,1042.0,1254.0,1358.0,666.0,1489.0,1219.0,1144.0,1061.0
파주시 - 축산,Statistics,418.0,363.0,398.0,330.0,463.0,532.0,549.0,513.0,486.0,336.0,240.0,373.0,440.0,410.0
평창군 - 계,Statistics,4591.0,4746.0,4805.0,4749.0,4448.0,4244.0,4310.0,4414.0,4496.0,3915.0,3849.0,3722.0,3731.0,3640.0
평창군 - 과수,Statistics,18.0,12.0,50.0,67.0,96.0,77.0,17.0,99.0,8.0,88.0,44.0,100.0,106.0,24.0
평창군 - 기타작물,Statistics,326.0,178.0,205.0,208.0,323.0,285.0,218.0,236.0,267.0,307.0,180.0,122.0,86.0,189.0
평창군 - 논벼,Statistics,374.0,362.0,357.0,330.0,198.0,158.0,210.0,172.0,168.0,93.0,89.0,67.0,95.0,89.0
평창군 - 식량작물,Statistics,1638.0,2077.0,1852.0,1794.0,1787.0,878.0,1136.0,1066.0,1197.0,1601.0,1348.0,1194.0,1386.0,1263.0
평창군 - 채소·산나물,Statistics,2068.0,1960.0,2154.0,2185.0,1914.0,2638.0,2573.0,2643.0,2666.0,1741.0,2189.0,2239.0,2023.0,2041.0
평창군 - 축산,Statistics,168.0,157.0,187.0,165.0,130.0,208.0,156.0,199.0,190.0,85.0,0.0,0.0,35.0,34.0
평택시 - 계,Statistics,11238.0,11123.0,10506.0,10291.0,10013.0,9119.0,8891.0,8719.0,8437.0,9054.0,8174.0,8049.0,7946.0,7877.0
평택시 - 과수,Statistics,603.0,509.0,572.0,571.0,523.0,366.0,284.0,269.0,215.0,476.0,482.0,484.0,532.0,464.0
평택시 - 기타작물,Statistics,81.0,85.0,71.0,81.0,230.0,511.0,288.0,452.0,457.0,445.0,409.0,213.0,636.0,1029.0
평택시 - 논벼,Statistics,9011.0,8939.0,8097.0,7909.0,7386.0,7026.0,6992.0,6693.0,6532.0,6302.0,5735.0,5666.0,5665.0,5396.0
평택시 - 식량작물,Statistics,218.0,278.0,383.0,451.0,921.0,320.0,503.0,591.0,853.0,1076.0,917.0,829.0,532.0,321.0
평택시 - 채소·산나물,Statistics,842.0,842.0,927.0,866.0,590.0,806.0,677.0,565.0,161.0,490.0,282.0,508.0,250.0,339.0
평택시 - 축산,Statistics,484.0,471.0,455.0,412.0,363.0,89.0,146.0,149.0,220.0,265.0,349.0,349.0,331.0,327.0
포천시 - 계,Statistics,7217.0,7022.0,6927.0,6735.0,6779.0,6103.0,6049.0,5951.0,5916.0,6035.0,5645.0,5506.0,5355.0,5253.0
포천시 - 과수,Statistics,746.0,785.0,739.0,730.0,389.0,88.0,184.0,172.0,195.0,432.0,196.0,152.0,217.0,251.0
포천시 - 기타작물,Statistics,538.0,317.0,297.0,274.0,908.0,647.0,892.0,849.0,807.0,1053.0,1102.0,1113.0,1571.0,1358.0
포천시 - 논벼,Statistics,3012.0,2673.0,2644.0,2646.0,2457.0,2250.0,2050.0,1942.0,1766.0,1980.0,2158.0,2158.0,1979.0,1921.0
포천시 - 식량작물,Statistics,404.0,309.0,253.0,242.0,1291.0,468.0,550.0,553.0,923.0,1056.0,470.0,406.0,369.0,424.0
포천시 - 채소·산나물,Statistics,1648.0,2027.0,2106.0,2059.0,1139.0,1884.0,1480.0,1519.0,1361.0,1077.0,1329.0,1262.0,798.0,856.0
포천시 - 축산,Statistics,869.0,911.0,888.0,784.0,595.0,767.0,893.0,916.0,863.0,437.0,390.0,415.0,421.0,442.0
포항시 - 계,Statistics,13744.0,14183.0,14116.0,14345.0,12841.0,12174.0,12126.0,11785.0,11953.0,13998.0,13171.0,13561.0,12988.0,12733.0
포항시 - 과수,Statistics,2344.0,2242.0,2105.0,2008.0,1854.0,2208.0,2247.0,2056.0,2286.0,2522.0,2160.0,2344.0,2509.0,2482.0
포항시 - 기타작물,Statistics,645.0,609.0,350.0,456.0,506.0,643.0,369.0,301.0,457.0,1018.0,571.0,508.0,308.0,462.0
포항시 - 논벼,Statistics,7987.0,8328.0,8182.0,8125.0,7044.0,6446.0,6296.0,6030.0,6298.0,6500.0,6225.0,6192.0,5927.0,5850.0
포항시 - 식량작물,Statistics,646.0,543.0,1254.0,1352.0,1385.0,655.0,587.0,909.0,519.0,1509.0,940.0,1449.0,1258.0,838.0
포항시 - 채소·산나물,Statistics,1718.0,1932.0,1578.0,1782.0,1581.0,1814.0,2231.0,1992.0,1854.0,2001.0,2841.0,2665.0,2663.0,2642.0
포항시 - 축산,Statistics,404.0,529.0,647.0,622.0,471.0,408.0,396.0,497.0,539.0,448.0,434.0,402.0,324.0,460.0
하남시 - 계,Statistics,1387.0,1291.0,1361.0,1362.0,1283.0,1308.0,1221.0,1071.0,944.0,1078.0,848.0,757.0,719.0,645.0
하남시 - 과수,Statistics,88.0,113.0,94.0,94.0,91.0,66.0,44.0,60.0,44.0,96.0,75.0,86.0,32.0,54.0
하남시 - 기타작물,Statistics,276.0,167.0,136.0,150.0,154.0,123.0,165.0,89.0,77.0,188.0,86.0,241.0,145.0,193.0
하남시 - 논벼,Statistics,118.0,79.0,79.0,79.0,126.0,120.0,92.0,38.0,28.0,105.0,97.0,91.0,86.0,75.0
하남시 - 식량작물,Statistics,148.0,33.0,80.0,87.0,320.0,76.0,69.0,172.0,140.0,301.0,167.0,107.0,182.0,75.0
하남시 - 채소·산나물,Statistics,744.0,886.0,945.0,926.0,577.0,910.0,838.0,700.0,644.0,379.0,424.0,231.0,274.0,247.0
하남시 - 축산,Statistics,14.0,14.0,27.0,27.0,15.0,12.0,12.0,12.0,12.0,9.0,0.0,0.0,0.0,0.0
하동군 - 계,Statistics,7913.0,7647.0,7550.0,7602.0,6762.0,6562.0,6636.0,6665.0,6623.0,6337.0,5602.0,6030.0,5974.0,5748.0
하동군 - 과수,Statistics,1633.0,1361.0,1454.0,1776.0,1835.0,1115.0,1044.0,1317.0,1461.0,1605.0,1754.0,1662.0,1568.0,1723.0
하동군 - 기타작물,Statistics,507.0,474.0,426.0,405.0,488.0,714.0,728.0,778.0,842.0,775.0,583.0,891.0,826.0,397.0
하동군 - 논벼,Statistics,3163.0,3342.0,3015.0,3048.0,2523.0,2379.0,2450.0,2398.0,2516.0,1974.0,1860.0,1967.0,2130.0,1595.0
하동군 - 식량작물,Statistics,192.0,132.0,214.0,185.0,288.0,165.0,114.0,97.0,176.0,227.0,243.0,58.0,99.0,163.0
하동군 - 채소·산나물,Statistics,1899.0,1935.0,1993.0,1864.0,1353.0,1910.0,2064.0,1850.0,1443.0,1468.0,910.0,1168.0,1050.0,1592.0
하동군 - 축산,Statistics,518.0,402.0,447.0,325.0,275.0,280.0,236.0,225.0,186.0,288.0,251.0,284.0,299.0,278.0
함안군 - 계,Statistics,6556.0,6524.0,6566.0,6470.0,5885.0,5885.0,5756.0,5641.0,5498.0,5405.0,5325.0,5330.0,5113.0,4798.0
함안군 - 과수,Statistics,964.0,1092.0,1082.0,1073.0,755.0,849.0,707.0,789.0,756.0,781.0,1320.0,1317.0,1096.0,1156.0
함안군 - 기타작물,Statistics,32.0,54.0,95.0,54.0,164.0,40.0,156.0,176.0,531.0,339.0,198.0,176.0,228.0,197.0
함안군 - 논벼,Statistics,3606.0,3800.0,3695.0,3687.0,3167.0,2990.0,2998.0,3059.0,2927.0,2984.0,2602.0,2955.0,3124.0,2637.0
함안군 - 식량작물,Statistics,89.0,357.0,262.0,320.0,558.0,224.0,411.0,424.0,279.0,411.0,187.0,300.0,63.0,65.0
함안군 - 채소·산나물,Statistics,1726.0,1130.0,1323.0,1209.0,1020.0,1474.0,1179.0,1126.0,788.0,694.0,860.0,343.0,370.0,582.0
함안군 - 축산,Statistics,140.0,91.0,110.0,128.0,221.0,306.0,306.0,68.0,216.0,196.0,158.0,238.0,232.0,161.0
함양군 - 계,Statistics,7090.0,7092.0,6757.0,6527.0,7032.0,6577.0,6070.0,6026.0,6007.0,5529.0,4775.0,4772.0,4708.0,4602.0
함양군 - 과수,Statistics,1162.0,792.0,844.0,877.0,1054.0,1481.0,1175.0,1059.0,1314.0,798.0,647.0,671.0,725.0,797.0
함양군 - 기타작물,Statistics,261.0,170.0,243.0,292.0,487.0,539.0,372.0,171.0,288.0,481.0,283.0,490.0,370.0,487.0
함양군 - 논벼,Statistics,2964.0,3791.0,3057.0,2591.0,2905.0,2377.0,2241.0,2441.0,2155.0,2474.0,1746.0,1787.0,1897.0,1620.0
함양군 - 식량작물,Statistics,366.0,280.0,389.0,422.0,782.0,235.0,687.0,808.0,167.0,637.0,330.0,405.0,240.0,191.0
함양군 - 채소·산나물,Statistics,1854.0,1792.0,1966.0,1869.0,1545.0,1699.0,1317.0,1313.0,1807.0,959.0,1426.0,1164.0,1185.0,1161.0
함양군 - 축산,Statistics,483.0,268.0,257.0,476.0,259.0,247.0,277.0,234.0,276.0,180.0,344.0,255.0,291.0,347.0
함평군 - 계,Statistics,6611.0,6337.0,6157.0,5906.0,5642.0,5908.0,5650.0,5554.0,5533.0,5346.0,5569.0,5522.0,5671.0,5530.0
함평군 - 과수,Statistics,105.0,79.0,105.0,140.0,120.0,76.0,109.0,49.0,33.0,130.0,59.0,139.0,137.0,147.0
함평군 - 기타작물,Statistics,376.0,376.0,366.0,297.0,384.0,223.0,779.0,809.0,317.0,579.0,455.0,335.0,408.0,314.0
함평군 - 논벼,Statistics,4194.0,4148.0,3824.0,3875.0,3355.0,3184.0,3109.0,3143.0,3063.0,3275.0,3172.0,3522.0,3359.0,3168.0
함평군 - 식량작물,Statistics,128.0,146.0,96.0,89.0,336.0,38.0,181.0,335.0,438.0,288.0,228.0,254.0,326.0,269.0
함평군 - 채소·산나물,Statistics,1362.0,1161.0,1221.0,994.0,1001.0,1598.0,740.0,701.0,766.0,628.0,1011.0,982.0,951.0,1038.0
함평군 - 축산,Statistics,446.0,427.0,546.0,512.0,446.0,789.0,732.0,518.0,917.0,446.0,643.0,289.0,490.0,593.0
합천군 - 계,Statistics,9432.0,9389.0,9203.0,8932.0,8143.0,7806.0,7408.0,7372.0,7313.0,6935.0,6374.0,6902.0,6353.0,6133.0
합천군 - 과수,Statistics,404.0,348.0,600.0,494.0,353.0,30.0,58.0,218.0,175.0,236.0,151.0,266.0,212.0,184.0
합천군 - 기타작물,Statistics,118.0,79.0,68.0,68.0,224.0,365.0,208.0,207.0,219.0,495.0,349.0,269.0,345.0,563.0
합천군 - 논벼,Statistics,4289.0,4813.0,4145.0,4108.0,4632.0,4513.0,3690.0,3121.0,4019.0,4060.0,3840.0,3946.0,3513.0,3573.0
합천군 - 식량작물,Statistics,392.0,457.0,271.0,292.0,604.0,250.0,172.0,201.0,223.0,402.0,338.0,282.0,188.0,202.0
합천군 - 채소·산나물,Statistics,2747.0,2629.0,3253.0,3112.0,1435.0,1458.0,2128.0,2528.0,1583.0,965.0,1196.0,1434.0,1422.0,1096.0
합천군 - 축산,Statistics,1481.0,1062.0,866.0,860.0,895.0,1190.0,1151.0,1097.0,1094.0,777.0,500.0,706.0,672.0,516.0
해남군 - 계,Statistics,10976.0,10988.0,10935.0,10745.0,10284.0,9882.0,9613.0,9963.0,10272.0,9452.0,11327.0,11074.0,10172.0,9661.0
해남군 - 과수,Statistics,173.0,171.0,185.0,134.0,141.0,73.0,128.0,128.0,128.0,135.0,57.0,114.0,121.0,91.0
해남군 - 기타작물,Statistics,148.0,93.0,27.0,54.0,176.0,168.0,336.0,220.0,220.0,930.0,417.0,309.0,391.0,381.0
해남군 - 논벼,Statistics,5080.0,4792.0,4631.0,4467.0,5681.0,5587.0,4559.0,4238.0,4861.0,4685.0,5628.0,5277.0,5275.0,5289.0
해남군 - 식량작물,Statistics,284.0,355.0,299.0,215.0,581.0,920.0,1088.0,1264.0,949.0,522.0,562.0,726.0,531.0,626.0
해남군 - 채소·산나물,Statistics,4677.0,4853.0,5142.0,5169.0,3359.0,2679.0,3024.0,3600.0,3636.0,2934.0,4319.0,4345.0,3437.0,2790.0
해남군 - 축산,Statistics,614.0,724.0,650.0,706.0,346.0,454.0,478.0,513.0,478.0,246.0,344.0,303.0,417.0,484.0
홍성군 - 계,Statistics,11148.0,10981.0,10503.0,10092.0,9628.0,8804.0,8553.0,8411.0,8097.0,10029.0,9417.0,9365.0,9387.0,9338.0
홍성군 - 과수,Statistics,191.0,191.0,222.0,207.0,152.0,136.0,187.0,189.0,122.0,208.0,181.0,280.0,205.0,262.0
홍성군 - 기타작물,Statistics,265.0,236.0,217.0,220.0,546.0,316.0,335.0,278.0,315.0,878.0,453.0,765.0,815.0,932.0
홍성군 - 논벼,Statistics,6958.0,6942.0,6539.0,6506.0,5534.0,5154.0,4989.0,4929.0,4555.0,5457.0,5696.0,5626.0,5228.0,5205.0
홍성군 - 식량작물,Statistics,720.0,580.0,578.0,718.0,1034.0,579.0,797.0,733.0,700.0,1093.0,550.0,626.0,1139.0,775.0
홍성군 - 채소·산나물,Statistics,1287.0,1753.0,1489.0,1400.0,1160.0,1464.0,1015.0,1120.0,1147.0,1299.0,1069.0,833.0,808.0,972.0
홍성군 - 축산,Statistics,1728.0,1279.0,1457.0,1040.0,1202.0,1154.0,1229.0,1163.0,1259.0,1094.0,1468.0,1235.0,1191.0,1191.0
홍천군 - 계,Statistics,7045.0,7107.0,7108.0,7074.0,7423.0,7441.0,7139.0,7180.0,6829.0,6788.0,7186.0,7015.0,6749.0,6830.0
홍천군 - 과수,Statistics,41.0,52.0,52.0,70.0,155.0,215.0,292.0,280.0,367.0,243.0,240.0,234.0,179.0,250.0
홍천군 - 기타작물,Statistics,842.0,433.0,511.0,519.0,846.0,903.0,789.0,787.0,834.0,973.0,1430.0,1380.0,1442.0,1214.0
홍천군 - 논벼,Statistics,2318.0,2234.0,2146.0,2037.0,1743.0,1604.0,1534.0,1751.0,1586.0,1168.0,1264.0,1314.0,986.0,1246.0
홍천군 - 식량작물,Statistics,1422.0,1565.0,1583.0,1659.0,2418.0,2278.0,2279.0,1712.0,1587.0,2411.0,1487.0,1672.0,1272.0,1414.0
홍천군 - 채소·산나물,Statistics,1719.0,2264.0,2202.0,2252.0,1748.0,2074.0,1880.0,2179.0,2059.0,1598.0,2298.0,1887.0,2395.0,2318.0
홍천군 - 축산,Statistics,703.0,559.0,613.0,537.0,513.0,367.0,365.0,471.0,396.0,395.0,468.0,530.0,477.0,388.0
화성시 - 계,Statistics,13851.0,14464.0,13983.0,13958.0,12264.0,12326.0,12484.0,12182.0,11726.0,10395.0,9904.0,9891.0,9819.0,8875.0
화성시 - 과수,Statistics,1579.0,1669.0,1696.0,1665.0,1410.0,1282.0,1338.0,1120.0,1243.0,1199.0,1310.0,1299.0,1503.0,1166.0
화성시 - 기타작물,Statistics,458.0,293.0,241.0,217.0,365.0,802.0,647.0,358.0,425.0,571.0,476.0,1026.0,865.0,702.0
화성시 - 논벼,Statistics,8252.0,8094.0,7950.0,8037.0,6910.0,6464.0,6511.0,6456.0,6182.0,5794.0,5475.0,5645.0,5645.0,5259.0
화성시 - 식량작물,Statistics,758.0,1109.0,1193.0,1335.0,1324.0,928.0,1004.0,712.0,751.0,1485.0,559.0,444.0,600.0,497.0
화성시 - 채소·산나물,Statistics,2094.0,2408.0,2080.0,1875.0,1503.0,2279.0,2289.0,2933.0,2439.0,782.0,1405.0,901.0,523.0,723.0
화성시 - 축산,Statistics,711.0,891.0,823.0,830.0,752.0,570.0,694.0,602.0,688.0,564.0,680.0,576.0,682.0,529.0
화순군 - 계,Statistics,7102.0,6744.0,6498.0,6213.0,6970.0,6439.0,6068.0,5766.0,5735.0,5893.0,6229.0,5967.0,6072.0,5678.0
화순군 - 과수,Statistics,486.0,444.0,524.0,423.0,569.0,1009.0,968.0,964.0,922.0,683.0,708.0,665.0,522.0,569.0
화순군 - 기타작물,Statistics,97.0,170.0,102.0,67.0,307.0,310.0,154.0,237.0,84.0,345.0,257.0,216.0,286.0,366.0
화순군 - 논벼,Statistics,4238.0,3766.0,3657.0,3458.0,3729.0,3234.0,3206.0,2889.0,3608.0,3135.0,3145.0,3121.0,3172.0,2823.0
화순군 - 식량작물,Statistics,329.0,395.0,396.0,482.0,1183.0,770.0,759.0,605.0,141.0,758.0,531.0,904.0,737.0,483.0
화순군 - 채소·산나물,Statistics,1672.0,1690.0,1361.0,1278.0,908.0,876.0,715.0,835.0,822.0,719.0,1298.0,790.0,995.0,1186.0
화순군 - 축산,Statistics,281.0,281.0,458.0,506.0,274.0,240.0,265.0,237.0,158.0,253.0,290.0,270.0,361.0,251.0
화천군 - 계,Statistics,2052.0,1924.0,1950.0,1929.0,2200.0,2182.0,1963.0,1840.0,1944.0,1840.0,1798.0,1804.0,1828.0,1761.0
화천군 - 과수,Statistics,21.0,34.0,21.0,34.0,46.0,23.0,43.0,21.0,72.0,76.0,69.0,58.0,60.0,67.0
화천군 - 기타작물,Statistics,449.0,300.0,268.0,323.0,541.0,808.0,315.0,549.0,364.0,366.0,518.0,704.0,839.0,709.0
화천군 - 논벼,Statistics,306.0,287.0,330.0,269.0,326.0,277.0,242.0,202.0,220.0,175.0,195.0,229.0,210.0,178.0
화천군 - 식량작물,Statistics,288.0,351.0,355.0,211.0,456.0,179.0,150.0,203.0,180.0,596.0,84.0,165.0,125.0,128.0
화천군 - 채소·산나물,Statistics,782.0,845.0,894.0,974.0,688.0,784.0,1124.0,737.0,957.0,507.0,817.0,479.0,448.0,505.0
화천군 - 축산,Statistics,206.0,107.0,82.0,118.0,143.0,112.0,89.0,129.0,150.0,120.0,115.0,169.0,147.0,174.0
횡성군 - 계,Statistics,5359.0,5320.0,5242.0,5084.0,5547.0,5952.0,5719.0,5696.0,5676.0,4879.0,5550.0,5582.0,5611.0,5615.0
횡성군 - 과수,Statistics,70.0,109.0,52.0,74.0,119.0,112.0,134.0,149.0,182.0,151.0,113.0,136.0,154.0,101.0
횡성군 - 기타작물,Statistics,311.0,422.0,360.0,223.0,612.0,946.0,443.0,417.0,529.0,509.0,901.0,684.0,1105.0,985.0
횡성군 - 논벼,Statistics,2379.0,2412.0,2043.0,1839.0,1426.0,1854.0,1819.0,1983.0,1933.0,1082.0,1203.0,1338.0,1406.0,1300.0
횡성군 - 식량작물,Statistics,650.0,650.0,649.0,878.0,1484.0,630.0,659.0,734.0,757.0,1467.0,1045.0,1098.0,925.0,817.0
횡성군 - 채소·산나물,Statistics,1001.0,753.0,1210.0,1210.0,1156.0,1497.0,1585.0,1404.0,1215.0,990.0,1697.0,1721.0,1512.0,1850.0
횡성군 - 축산,Statistics,948.0,974.0,927.0,860.0,750.0,914.0,1078.0,1010.0,1059.0,680.0,591.0,605.0,509.0,561.0
